qc_timestamp,sample_time_sec,context,window_duration_sec,sample_count,estimated_sample_rate_hz,missing_packets,packet_loss_rate_pct,duplicate_packets_total,channel_0_saturation_rate_pct,channel_1_saturation_rate_pct,signal_alive,status,messages,channel_0_rms_counts,channel_0_constant_value,channel_0_near_zero_rms,channel_0_longest_unchanged_sec,channel_0_invalid_flatline,channel_1_rms_counts,channel_1_constant_value,channel_1_near_zero_rms,channel_1_longest_unchanged_sec,channel_1_invalid_flatline
1789616276.7467449,0.0,runtime,0.0,0,,0,,0,,,False,bad,已连续 2.3 秒没有EEG，请立即重新连接耳机。,,,,0.0,False,,,,0.0,False
1789616278.7617743,0.0,runtime,0.0,0,,0,,0,,,False,bad,已连续 4.3 秒没有EEG，请立即重新连接耳机。,,,,0.0,False,,,,0.0,False
1789616280.7743382,0.0,runtime,0.0,0,,0,,0,,,False,bad,已连续 6.3 秒没有EEG，请立即重新连接耳机。,,,,0.0,False,,,,0.0,False
1789616282.7869375,0.0,runtime,0.0,0,,0,,0,,,False,bad,已连续 8.3 秒没有EEG，请立即重新连接耳机。,,,,0.0,False,,,,0.0,False
1789616284.8021328,0.0,runtime,0.0,0,,0,,0,,,False,bad,已连续 10.3 秒没有EEG，请立即重新连接耳机。,,,,0.0,False,,,,0.0,False
1789616286.8057272,0.0,runtime,0.0,0,,0,,0,,,False,bad,已连续 12.3 秒没有EEG，请立即重新连接耳机。,,,,0.0,False,,,,0.0,False
1789616288.812484,0.0,runtime,0.0,0,,0,,0,,,False,bad,已连续 14.3 秒没有EEG，请立即重新连接耳机。,,,,0.0,False,,,,0.0,False
1789616290.8166316,0.0,runtime,0.0,0,,0,,0,,,False,bad,已连续 16.3 秒没有EEG，请立即重新连接耳机。,,,,0.0,False,,,,0.0,False
1789616292.8335857,0.0,runtime,0.0,0,,0,,0,,,False,bad,已连续 18.4 秒没有EEG，请立即重新连接耳机。,,,,0.0,False,,,,0.0,False
1789616294.8445265,0.0,runtime,0.0,0,,0,,0,,,False,bad,已连续 20.4 秒没有EEG，请立即重新连接耳机。,,,,0.0,False,,,,0.0,False
1789616296.856844,0.0,runtime,0.0,0,,0,,0,,,False,bad,已连续 22.4 秒没有EEG，请立即重新连接耳机。,,,,0.0,False,,,,0.0,False
1789616298.8702543,0.0,runtime,0.0,0,,0,,0,,,False,bad,已连续 24.4 秒没有EEG，请立即重新连接耳机。,,,,0.0,False,,,,0.0,False
1789616300.8797765,0.0,runtime,0.0,0,,0,,0,,,False,bad,已连续 26.4 秒没有EEG，请立即重新连接耳机。,,,,0.0,False,,,,0.0,False
1789616302.8860037,0.0,runtime,0.0,0,,0,,0,,,False,bad,已连续 28.4 秒没有EEG，请立即重新连接耳机。,,,,0.0,False,,,,0.0,False
1789616304.9010234,0.0,runtime,0.0,0,,0,,0,,,False,bad,已连续 30.4 秒没有EEG，请立即重新连接耳机。,,,,0.0,False,,,,0.0,False
1789616306.903664,0.0,runtime,0.0,0,,0,,0,,,False,bad,已连续 32.4 秒没有EEG，请立即重新连接耳机。,,,,0.0,False,,,,0.0,False
1789616308.9203632,0.0,runtime,0.0,0,,0,,0,,,False,bad,已连续 34.4 秒没有EEG，请立即重新连接耳机。,,,,0.0,False,,,,0.0,False
1789616310.93372,0.0,runtime,0.0,0,,0,,0,,,False,bad,已连续 36.5 秒没有EEG，请立即重新连接耳机。,,,,0.0,False,,,,0.0,False
1789616312.939611,0.0,runtime,0.0,0,,0,,0,,,False,bad,已连续 38.5 秒没有EEG，请立即重新连接耳机。,,,,0.0,False,,,,0.0,False
1789616314.9401433,0.592,runtime,0.5436074733734131,149,272.25527103512854,0,0.0,0,0.0,0.0,True,waiting,等待至少2秒EEG数据。,25793.54462849105,False,False,0.0,False,34303.5452034227,False,False,0.0,False
1789616316.9553647,2.592,runtime,2.5494461059570312,649,254.1728567965741,0,0.0,0,0.0,0.0,True,good,当前QC指标正常。,25439.25301546422,False,False,0.0,False,32917.54878002079,False,False,0.0,False
1789616318.9596221,4.612,runtime,4.559725522994995,1154,252.86609779148884,0,0.0,0,0.0,0.0,True,good,当前QC指标正常。,123303.29896530401,False,False,0.0,False,111021.15834727944,False,False,0.0,False
1789616320.9670641,6.552,runtime,6.509410619735718,1639,251.63568496259694,0,0.0,0,0.0,0.0,True,good,当前QC指标正常。,104415.39599845246,False,False,0.0,False,93743.33401371921,False,False,0.0,False
1789616322.9751787,8.612,runtime,8.57905387878418,2154,250.96007443481895,0,0.0,0,0.0,0.0,True,good,当前QC指标正常。,96206.5177347326,False,False,0.0,False,85697.1033776323,False,False,0.0,False
1789616324.9774778,10.612,runtime,9.963891506195068,2500,250.8056213223761,0,0.0,0,0.0,0.0,True,good,当前QC指标正常。,90931.5029625027,False,False,0.0,False,80452.49828422398,False,False,0.0,False
1789616326.984707,12.612,runtime,9.96366834640503,2495,250.30941549754164,0,0.0,0,0.0,0.0,True,good,当前QC指标正常。,91573.58592979684,False,False,0.0,False,80023.48754166163,False,False,0.0,False
1789616329.0017545,14.592,baseline,0.6588327884674072,180,271.6926102242029,0,0.0,0,0.0,0.0,True,waiting,等待至少2秒EEG数据。,32106.970193592264,False,False,0.0,False,31405.07285082192,False,False,0.0,False
1789616331.0156686,16.632,baseline,2.7026050090789795,690,254.93921519623183,0,0.0,0,0.0,0.0,True,good,当前QC指标正常。,31672.336075994877,False,False,0.0,False,30958.569130698517,False,False,0.0,False
1789616333.0224812,18.552,baseline,4.621941089630127,1170,252.92403718056687,0,0.0,0,0.0,0.0,True,good,当前QC指标正常。,31307.258594707255,False,False,0.0,False,30590.20432018465,False,False,0.0,False
1789616335.0256095,20.652,baseline,6.722538709640503,1695,251.98813620376893,0,0.0,0,0.0,0.0,True,good,当前QC指标正常。,30981.195797354758,False,False,0.0,False,30284.770748829083,False,False,0.0,False
1789616337.041741,22.672,baseline,8.730435848236084,2200,251.8774592959515,0,0.0,0,0.0,0.0,True,good,当前QC指标正常。,30662.922166592918,False,False,0.0,False,29974.707995192646,False,False,0.0,False
1789616339.0507073,24.652,baseline,10.710815668106079,2695,251.52146050109008,0,0.0,0,0.0,0.0,True,good,当前QC指标正常。,30383.21877165908,False,False,0.0,False,29705.966329770217,False,False,0.0,False
1789616341.0657358,26.692,baseline,12.753938674926758,3205,251.21651292700759,0,0.0,0,0.0,0.0,True,good,当前QC指标正常。,30085.920782462927,False,False,0.0,False,29412.24993740331,False,False,0.0,False
1789616343.0771058,28.732,baseline,14.79078722000122,3715,251.10225336604452,0,0.0,0,0.0,0.0,True,good,当前QC指标正常。,29755.03079434023,False,False,0.0,False,29088.74748404568,False,False,0.0,False
1789616345.0882213,30.732,baseline,16.80180859565735,4215,250.80633290211176,0,0.0,0,0.0,0.0,True,good,当前QC指标正常。,29464.922917209577,False,False,0.0,False,28804.28395614721,False,False,0.0,False
1789616347.0954635,32.712,baseline,18.781596422195435,4710,250.72416072337006,0,0.0,0,0.0,0.0,True,good,当前QC指标正常。,29193.84912862175,False,False,0.0,False,28547.02669420836,False,False,0.0,False
1789616349.1149259,34.732,baseline,20.793671131134033,5215,250.74937307213446,0,0.0,0,0.0,0.0,True,good,当前QC指标正常。,28929.713418855554,False,False,0.0,False,28286.021777448565,False,False,0.0,False
1789616351.119579,36.772,baseline,22.831263065338135,5725,250.70886282634257,0,0.0,0,0.0,0.0,True,good,当前QC指标正常。,28713.25027059614,False,False,0.0,False,28067.272698496883,False,False,0.0,False
1789616353.1273615,38.772,baseline,24.84092402458191,6225,250.55428670209278,0,0.0,0,0.0,0.0,True,good,当前QC指标正常。,28567.742339855165,False,False,0.0,False,28001.369593788975,False,False,0.0,False
1789616355.1348355,40.692,baseline,26.76123857498169,6705,250.51157408937627,0,0.0,0,0.0,0.0,True,good,当前QC指标正常。,28805.290038525065,False,False,0.0,False,28211.99612242302,False,False,0.0,False
1789616357.1438262,42.732,baseline,28.80181050300598,7215,250.4703653698121,0,0.0,0,0.0,0.0,True,good,当前QC指标正常。,29687.48431903875,False,False,0.0,False,28790.604182861673,False,False,0.0,False
1789616359.1567638,44.792,baseline,30.87039852142334,7730,250.3692977800806,0,0.0,0,0.0,0.0,True,good,当前QC指标正常。,29939.91170022245,False,False,0.0,False,28852.84234408784,False,False,0.0,False
1789616361.1831713,46.812,runtime,9.961689710617065,2495,250.35913308381015,0,0.0,0,0.0,0.0,True,good,当前QC指标正常。,30489.898123702067,False,False,0.0,False,30570.931220461513,False,False,0.0,False
1789616363.1945336,48.832,runtime,9.931507349014282,2500,251.62343561554428,0,0.0,0,0.0,0.0,True,good,当前QC指标正常。,30472.318939185527,False,False,0.0,False,30517.465286296894,False,False,0.0,False
1789616365.2067738,50.832,runtime,9.96043586730957,2495,250.39064888569564,0,0.0,0,0.0,0.0,True,good,当前QC指标正常。,29178.368739250654,False,False,0.0,False,29228.803275748807,False,False,0.0,False
1789616367.2205937,52.852,runtime,9.963140726089478,2500,250.824520972199,0,0.0,0,0.0,0.0,True,good,当前QC指标正常。,27109.999353795025,False,False,0.0,False,26936.991724408203,False,False,0.0,False
1789616369.2276685,54.792,runtime,9.904008150100708,2480,250.30270193939538,0,0.0,0,0.0,0.0,True,good,当前QC指标正常。,26453.434130697155,False,False,0.0,False,26301.991424901567,False,False,0.0,False
1789616371.2350795,56.832,runtime,9.901723623275757,2490,251.37037698660507,0,0.0,0,0.0,0.0,True,good,当前QC指标正常。,25968.798751040027,False,False,0.0,False,25819.958487844695,False,False,0.0,False
1789616373.2479713,58.872,runtime,9.961324691772461,2495,250.3683071449237,0,0.0,0,0.0,0.0,True,good,当前QC指标正常。,27765.62649883952,False,False,0.0,False,27386.803983780843,False,False,0.0,False
1789616375.2658978,60.852,runtime,9.931454420089722,2490,250.61787475610387,0,0.0,0,0.0,0.0,True,good,当前QC指标正常。,29821.97601554824,False,False,0.0,False,29209.10446251388,False,False,0.0,False
1789616377.2850554,62.912,runtime,9.93896198272705,2515,252.943919532954,0,0.0,0,0.0,0.0,True,good,当前QC指标正常。,31748.95937136637,False,False,0.0,False,30932.747941614736,False,False,0.0,False
1789616379.2880986,64.832,runtime,9.96078634262085,2480,248.87593355884928,0,0.0,0,0.0,0.0,True,good,当前QC指标正常。,33582.063811499625,False,False,0.0,False,32601.522943668842,False,False,0.0,False
1789616381.2982259,66.912,runtime,9.990350723266602,2505,250.64185125837633,0,0.0,0,0.0,0.0,True,good,当前QC指标正常。,35250.634353635665,False,False,0.0,False,34114.43209260145,False,False,0.0,False
1789616383.3120127,68.932,runtime,9.937138319015503,2500,251.4808509023131,0,0.0,0,0.0,0.0,True,good,当前QC指标正常。,35145.25205236389,False,False,0.0,False,33969.19101545295,False,False,0.0,False
1789616385.321853,70.972,runtime,9.993969202041626,2515,251.55170575134707,0,0.0,0,0.0,0.0,True,good,当前QC指标正常。,34784.16390901067,False,False,0.0,False,33578.604848640025,False,False,0.0,False
1789616387.339073,72.952,runtime,9.931843996047974,2510,252.62176902882968,0,0.0,0,0.0,0.0,True,good,当前QC指标正常。,34442.04951879734,False,False,0.0,False,33221.917351527525,False,False,0.0,False
1789616389.3444612,74.972,runtime,9.99679946899414,2530,252.98096734298736,0,0.0,0,0.0,0.0,True,good,当前QC指标正常。,34102.283954904284,False,False,0.0,False,32890.97655128954,False,False,0.0,False
1789616391.3487716,76.992,runtime,9.99067759513855,2510,251.1341173916848,0,0.0,0,0.0,0.0,True,good,当前QC指标正常。,33778.97429839619,False,False,0.0,False,32574.833085825005,False,False,0.0,False
1789616393.3589346,78.992,runtime,9.9912691116333,2500,250.11837556154882,0,0.0,0,0.0,0.0,True,good,当前QC指标正常。,33489.998508638666,False,False,0.0,False,32300.550888150858,False,False,0.0,False
1789616395.3695266,80.992,runtime,9.990901231765747,2505,250.62804064548382,0,0.0,0,0.0,0.0,True,good,当前QC指标正常。,33206.60573474316,False,False,0.0,False,32031.80147164874,False,False,0.0,False
1789616397.3743181,82.992,runtime,9.960846424102783,2505,251.3842592674594,0,0.0,0,0.0,0.0,True,good,当前QC指标正常。,32921.442689350515,False,False,0.0,False,31767.41298108387,False,False,0.004,False
1789616399.385076,85.012,runtime,9.929892301559448,2500,251.66436091230742,0,0.0,0,0.0,0.0,True,good,当前QC指标正常。,32640.94508083128,False,False,0.0,False,31515.39495032204,False,False,0.004,False
1789616401.3953636,86.952,runtime,9.870654582977295,2490,252.1615946618649,0,0.0,0,0.0,0.0,True,good,当前QC指标正常。,32382.11228207939,False,False,0.0,False,31260.03620369062,False,False,0.004,False
1789616403.4132512,89.032,runtime,9.963319063186646,2500,250.82003137222884,0,0.0,0,0.0,0.0,True,good,当前QC指标正常。,32133.428086529544,False,False,0.0,False,30993.906357575448,False,False,0.004,False
1789616405.4201908,91.052,runtime,9.991126537322998,2500,250.12194477416526,0,0.0,0,0.0,0.0,True,good,当前QC指标正常。,31904.183714644183,False,False,0.0,False,30749.772222400567,False,False,0.004,False
1789616407.4299064,92.968,runtime,9.99116063117981,2479,248.01923334780622,0,0.0,0,0.0,0.0,True,good,当前QC指标正常。,31692.72214205164,False,False,0.0,False,30531.87959094704,False,False,0.0,False
1789616409.4401214,95.068,runtime,9.991243600845337,2514,251.5202411627098,0,0.0,0,0.0,0.0,True,good,当前QC指标正常。,31479.298565968984,False,False,0.0,False,30319.142611485287,False,False,0.0,False
1789616411.4492462,97.088,runtime,9.988788366317749,2509,251.08150338403306,0,0.0,0,0.0,0.0,True,good,当前QC指标正常。,31267.794385028912,False,False,0.0,False,30122.270355352986,False,False,0.0,False
1789616413.45961,99.108,runtime,9.959896087646484,2504,251.30784277002,0,0.0,0,0.0,0.0,True,good,当前QC指标正常。,31055.475330074696,False,False,0.0,False,29919.60916537413,False,False,0.0,False
1789616415.4704406,101.108,runtime,9.991131067276001,2504,250.5221864417421,0,0.0,0,0.0,0.0,True,good,当前QC指标正常。,30857.92248931309,False,False,0.0,False,29725.28436881989,False,False,0.0,False
1789616417.481271,103.088,runtime,9.932772874832153,2505,252.0947606025184,0,0.0,0,0.0,0.0,True,good,当前QC指标正常。,30664.637447873884,False,False,0.0,False,29536.33975240051,False,False,0.0,False
1789616419.492507,104.968,runtime,9.87240219116211,2465,249.58464538709757,0,0.0,0,0.0,0.0,True,good,当前QC指标正常。,30477.96940172555,False,False,0.0,False,29354.783944318628,False,False,0.0,False
1789616421.5056148,107.048,runtime,9.901798725128174,2485,250.86351166644684,0,0.0,0,0.0,0.0,True,good,当前QC指标正常。,30279.848552116804,False,False,0.0,False,29166.307901256085,False,False,0.0,False
1789616423.5142448,109.108,runtime,9.787617683410645,2495,254.81175099709532,0,0.0,0,0.0,0.0,True,good,当前QC指标正常。,30078.210341432805,False,False,0.0,False,28979.357017557977,False,False,0.0,False
1789616425.5210052,111.048,runtime,9.990995645523071,2485,248.62386974546138,0,0.0,0,0.0,0.0,True,good,当前QC指标正常。,29895.078531709074,False,False,0.0,False,28808.69185240927,False,False,0.0,False
1789616427.530855,113.028,runtime,9.960644483566284,2465,247.37355138668653,0,0.0,0,0.0,0.0,True,good,当前QC指标正常。,29712.3774957859,False,False,0.0,False,28633.73685783362,False,False,0.0,False
1789616429.5405345,115.148,runtime,9.988927841186523,2525,252.67977105540783,0,0.0,0,0.0,0.0,True,good,当前QC指标正常。,29545.913809257752,False,False,0.0,False,28476.906775599487,False,False,0.0,False
1789616431.5495055,117.108,runtime,9.903990030288696,2490,251.312853949576,0,0.0,0,0.0,0.0,True,good,当前QC指标正常。,29382.518515998,False,False,0.0,False,28323.167673373217,False,False,0.0,False
1789616433.5668807,119.148,runtime,9.931528806686401,2490,250.61599764220398,0,0.0,0,0.0,0.0,True,good,当前QC指标正常。,29234.211022971864,False,False,0.0,False,28179.37573032362,False,False,0.0,False
1789616435.5733886,121.208,runtime,9.991482973098755,2505,250.613448147969,0,0.0,0,0.0,0.0,True,good,当前QC指标正常。,29093.226148404916,False,False,0.0,False,28040.766713236848,False,False,0.0,False
1789616437.5820816,123.208,runtime,9.990622282028198,2500,250.13456914444347,0,0.0,0,0.0,0.0,True,good,当前QC指标正常。,28953.436537233763,False,False,0.0,False,27904.476661258137,False,False,0.0,False
1789616439.5913126,125.228,runtime,9.989741802215576,2505,250.65712904057742,0,0.0,0,0.0,0.0,True,good,当前QC指标正常。,28809.929929160586,False,False,0.0,False,27764.475631398374,False,False,0.0,False
1789616441.5995238,127.208,runtime,9.96077585220337,2495,250.38210245924927,0,0.0,0,0.0,0.0,True,good,当前QC指标正常。,28664.809527382193,False,False,0.0,False,27626.74474741184,False,False,0.0,False
1789616443.6117659,129.248,runtime,9.990852355957031,2510,251.12972453286355,0,0.0,0,0.0,0.0,True,good,当前QC指标正常。,28514.451214854078,False,False,0.0,False,27487.079747939188,False,False,0.0,False
1789616445.6174676,131.228,runtime,9.959828615188599,2495,250.4059152380077,0,0.0,0,0.0,0.0,True,good,当前QC指标正常。,28365.394188325834,False,False,0.0,False,27348.09118132579,False,False,0.0,False
1789616447.6339295,133.268,runtime,9.992345094680786,2505,250.59182566992723,0,0.0,0,0.0,0.0,True,good,当前QC指标正常。,28224.065419664992,False,False,0.0,False,27216.041842874944,False,False,0.0,False
1789616449.6396675,135.248,runtime,9.960736751556396,2495,250.383085328533,0,0.0,0,0.0,0.0,True,good,当前QC指标正常。,28088.025344619382,False,False,0.0,False,27083.906875779943,False,False,0.0,False
1789616451.6449127,137.268,runtime,9.961837530136108,2500,250.85733354314766,0,0.0,0,0.0,0.0,True,good,当前QC指标正常。,27959.869216052706,False,False,0.0,False,26963.312053850997,False,False,0.0,False
1789616453.6499944,139.268,runtime,9.960184097290039,2505,251.40097567888196,0,0.0,0,0.0,0.0,True,good,当前QC指标正常。,27840.631464506787,False,False,0.0,False,26847.935522074113,False,False,0.0,False
1789616455.6656728,141.288,runtime,9.962372303009033,2500,250.8438677046031,0,0.0,0,0.0,0.0,True,good,当前QC指标正常。,27720.44683191836,False,False,0.0,False,26733.22431756612,False,False,0.0,False
1789616457.670688,143.288,runtime,9.960508346557617,2495,250.38882687768987,0,0.0,0,0.0,0.0,True,good,当前QC指标正常。,27597.376561385136,False,False,0.0,False,26625.839187217196,False,False,0.0,False
1789616459.674672,145.308,runtime,9.962536334991455,2500,250.83973758999028,0,0.0,0,0.0,0.0,True,good,当前QC指标正常。,27482.359799046648,False,False,0.0,False,26514.426584808505,False,False,0.0,False
1789616461.683896,147.308,runtime,9.93016529083252,2495,251.15392613881752,0,0.0,0,0.0,0.0,True,good,当前QC指标正常。,27362.14948456182,False,False,0.0,False,26396.971721122944,False,False,0.0,False
1789616463.6921394,149.328,runtime,9.991660594940186,2503,250.4088260631093,0,0.0,0,0.0,0.0,True,good,当前QC指标正常。,27238.700251584887,False,False,0.0,False,26273.634018196724,False,False,0.0,False
1789616465.7007413,151.308,runtime,9.962023973464966,2505,251.3545446858692,0,0.0,0,0.0,0.0,True,good,当前QC指标正常。,27120.70447142628,False,False,0.0,False,26147.69658009405,False,False,0.0,False
1789616467.7060711,153.308,runtime,9.990371465682983,2495,249.64036708413823,0,0.0,0,0.0,0.0,True,good,当前QC指标正常。,27006.37803445474,False,False,0.0,False,26033.579786535633,False,False,0.0,False
1789616469.723409,155.268,runtime,9.900895118713379,2480,250.3814019112795,0,0.0,0,0.0,0.0,True,good,当前QC指标正常。,26891.619658798187,False,False,0.0,False,25921.33507146054,False,False,0.0,False
1789616471.7272525,157.348,runtime,9.963101148605347,2500,250.82551734906502,0,0.0,0,0.0,0.0,True,good,当前QC指标正常。,26776.065948710162,False,False,0.0,False,25807.08407892492,False,False,0.0,False
1789616473.7330043,159.368,runtime,9.990272760391235,2510,251.1442940724817,0,0.0,0,0.0,0.0,True,good,当前QC指标正常。,26669.794539393733,False,False,0.0,False,25705.151911761695,False,False,0.0,False
1789616475.7450433,161.388,runtime,9.962562799453735,2505,251.34095015564657,0,0.0,0,0.0,0.0,True,good,当前QC指标正常。,26568.821472263102,False,False,0.0,False,25606.918068819945,False,False,0.0,False
1789616477.7613006,163.368,runtime,9.961350440979004,2505,251.37153991682138,0,0.0,0,0.0,0.0,True,good,当前QC指标正常。,26462.819463503874,False,False,0.0,False,25504.566618235298,False,False,0.0,False
1789616479.768521,165.408,runtime,9.99562120437622,2510,251.00991211046747,0,0.0,0,0.0,0.0,True,good,当前QC指标正常。,26358.621200268768,False,False,0.0,False,25399.321438505947,False,False,0.0,False
1789616481.7737076,167.408,runtime,9.960136651992798,2505,251.40217323213193,0,0.0,0,0.0,0.0,True,good,当前QC指标正常。,26253.340086455923,False,False,0.0,False,25302.202686283956,False,False,0.0,False
1789616483.7861261,169.388,runtime,9.959494352340698,2495,250.41431941912347,0,0.0,0,0.0,0.0,True,good,当前QC指标正常。,26152.30303431545,False,False,0.0,False,25208.571259273405,False,False,0.0,False
1789616485.7930627,171.408,runtime,9.965452909469604,2500,250.76632469211128,0,0.0,0,0.0,0.0,True,good,当前QC指标正常。,26054.526493299993,False,False,0.0,False,25117.627217283018,False,False,0.0,False
1789616487.804949,173.428,runtime,9.991487741470337,2500,250.11290256882702,0,0.0,0,0.0,0.0,True,good,当前QC指标正常。,25960.65890228762,False,False,0.0,False,25030.514709957744,False,False,0.0,False
1789616489.8157487,175.448,runtime,9.992218494415283,2505,250.595000639698,0,0.0,0,0.0,0.0,True,good,当前QC指标正常。,25127.599124093085,False,False,0.0,False,24285.914224658165,False,False,0.0,False
1789616491.8267803,177.448,runtime,9.992664337158203,2500,250.0834527891974,0,0.0,0,0.0,0.0,True,good,当前QC指标正常。,24089.725329033237,False,False,0.0,False,23361.97910167326,False,False,0.0,False
1789616493.8348627,179.468,runtime,9.990800857543945,2500,250.13009824062624,0,0.0,0,0.0,0.0,True,good,当前QC指标正常。,23961.723497313757,False,False,0.0,False,23244.427518683384,False,False,0.0,False
1789616495.8389804,181.448,runtime,9.961758136749268,2495,250.35741339669235,0,0.0,0,0.0,0.0,True,good,当前QC指标正常。,23839.225785837465,False,False,0.0,False,23129.389809148295,False,False,0.0,False
1789616497.848041,183.468,runtime,9.961533546447754,2500,250.86498864335343,0,0.0,0,0.0,0.0,True,good,当前QC指标正常。,23727.172391905482,False,False,0.0,False,23021.396277281936,False,False,0.0,False
1789616499.8632736,185.468,runtime,9.960492849349976,2495,250.38921644954135,0,0.0,0,0.0,0.0,True,good,当前QC指标正常。,24430.81372957266,False,False,0.0,False,23635.627982673155,False,False,0.0,False
1789616501.8702798,187.488,runtime,9.961942672729492,2500,250.8546858878173,0,0.0,0,0.0,0.0,True,good,当前QC指标正常。,25222.7143911981,False,False,0.0,False,24333.375314786317,False,False,0.0,False
1789616503.885477,189.508,runtime,9.991040706634521,2500,250.12409351315588,0,0.0,0,0.0,0.0,True,good,当前QC指标正常。,25139.015059089663,False,False,0.0,False,24255.508146937806,False,False,0.0,False
1789616505.8964925,191.528,runtime,9.991407632827759,2505,250.6153379002234,0,0.0,0,0.0,0.0,True,good,当前QC指标正常。,25046.83909990782,False,False,0.0,False,24173.055407730277,False,False,0.0,False
1789616507.9002855,193.528,runtime,9.965134382247925,2500,250.77434022884478,0,0.0,0,0.0,0.0,True,good,当前QC指标正常。,24955.48966542454,False,False,0.0,False,24087.29104454672,False,False,0.0,False
1789616509.9093723,195.528,runtime,9.964365720748901,2500,250.793685221359,0,0.0,0,0.0,0.0,True,good,当前QC指标正常。,24869.189124963443,False,False,0.0,False,23995.88268555512,False,False,0.0,False
1789616511.92454,197.508,runtime,9.93189024925232,2490,250.6068771941347,0,0.0,0,0.0,0.0,True,good,当前QC指标正常。,24781.00815754276,False,False,0.0,False,23912.45476816516,False,False,0.0,False
1789616513.9296927,199.548,runtime,9.962688207626343,2500,250.83591375338227,0,0.0,0,0.0,0.0,True,good,当前QC指标正常。,24705.14967132111,False,False,0.0,False,23835.121745533685,False,False,0.0,False
1789616515.9438283,201.528,runtime,9.903022766113281,2490,251.33740058813152,0,0.0,0,0.0,0.0,True,good,当前QC指标正常。,24632.02667027836,False,False,0.0,False,23766.120235747272,False,False,0.0,False
1789616517.9535856,203.568,runtime,9.962917566299438,2510,251.83386124632233,0,0.0,0,0.0,0.0,True,good,当前QC指标正常。,24568.723054740298,False,False,0.0,False,23704.529747207653,False,False,0.0,False
1789616519.969839,205.548,runtime,9.937289953231812,2490,250.47070294960307,0,0.0,0,0.0,0.0,True,good,当前QC指标正常。,24503.11776428621,False,False,0.0,False,23646.017177793685,False,False,0.0,False
1789616521.9759512,207.528,runtime,9.990606784820557,2500,250.13495714763886,0,0.0,0,0.0,0.0,True,good,当前QC指标正常。,24442.85364590779,False,False,0.0,False,23591.755199367897,False,False,0.0,False
1789616523.980683,209.588,runtime,9.959516286849976,2510,251.91986515577594,0,0.0,0,0.0,0.0,True,good,当前QC指标正常。,24383.713447965616,False,False,0.0,False,23538.099273170144,False,False,0.0,False
1789616525.9951477,211.608,runtime,9.962552309036255,2495,250.33745596877688,0,0.0,0,0.0,0.0,True,good,当前QC指标正常。,24321.10941470741,False,False,0.0,False,23474.565601883165,False,False,0.0,False
1789616528.0040174,213.628,runtime,9.965437650680542,2500,250.76670865823365,0,0.0,0,0.0,0.0,True,good,当前QC指标正常。,24253.549732649943,False,False,0.0,False,23405.745643177786,False,False,0.0,False
1789616530.0249104,215.628,runtime,9.961822032928467,2495,250.35580757778717,0,0.0,0,0.0,0.0,True,good,当前QC指标正常。,24183.36511860406,False,False,0.0,False,23337.359893934914,False,False,0.0,False
1789616532.038979,217.668,runtime,9.959475040435791,2500,250.91683947738,0,0.0,0,0.0,0.0,True,good,当前QC指标正常。,24106.496235915827,False,False,0.0,False,23262.244952566347,False,False,0.0,False
1789616534.0498586,219.668,runtime,9.959378719329834,2495,250.4172268456341,0,0.0,0,0.0,0.0,True,good,当前QC指标正常。,24024.889664795413,False,False,0.0,False,23184.38108512278,False,False,0.0,False
1789616536.0583854,221.688,runtime,9.960880279541016,2500,250.88144118474946,0,0.0,0,0.0,0.0,True,good,当前QC指标正常。,23951.833404875862,False,False,0.0,False,23112.327986425847,False,False,0.0,False
1789616538.0702085,223.688,runtime,9.960686922073364,2495,250.38433789874225,0,0.0,0,0.0,0.0,True,good,当前QC指标正常。,23884.95204486903,False,False,0.0,False,23043.850068205196,False,False,0.0,False
1789616540.0766475,225.708,runtime,9.961632013320923,2500,250.8625089401295,0,0.0,0,0.0,0.0,True,good,当前QC指标正常。,23815.998610602157,False,False,0.0,False,22976.951287672746,False,False,0.0,False
1789616542.0823603,227.708,runtime,9.989933967590332,2505,250.6523074250098,0,0.0,0,0.0,0.0,True,good,当前QC指标正常。,23748.830734756102,False,False,0.0,False,22916.600950396827,False,False,0.0,False
1789616544.0880055,229.708,runtime,9.990991353988647,2500,250.12532905479276,0,0.0,0,0.0,0.0,True,good,当前QC指标正常。,23668.383509597083,False,False,0.0,False,22850.595120748258,False,False,0.0,False
1789616546.0943031,231.708,runtime,9.962740659713745,2500,250.8345931461597,0,0.0,0,0.0,0.0,True,good,当前QC指标正常。,23591.829717317276,False,False,0.0,False,22784.29301300831,False,False,0.0,False
1789616548.107711,233.748,runtime,9.99094033241272,2505,250.62705978500296,0,0.0,0,0.0,0.0,True,good,当前QC指标正常。,23521.844424752882,False,False,0.0,False,22720.7494905507,False,False,0.0,False
1789616550.1215756,235.768,runtime,9.994301557540894,2515,251.54334052519542,0,0.0,0,0.0,0.0,True,good,当前QC指标正常。,22546.87624625554,False,False,0.0,False,21854.48200095631,False,False,0.0,False
1789616552.1283169,237.748,runtime,9.990057706832886,2500,250.14870517622361,0,0.0,0,0.0,0.0,True,good,当前QC指标正常。,21085.30644456857,False,False,0.0,False,20563.719871050973,False,False,0.0,False
1789616554.1387932,239.728,runtime,9.991913557052612,2495,249.60183910314706,0,0.0,0,0.0,0.0,True,good,当前QC指标正常。,20915.935167828447,False,False,0.0,False,20407.78388517597,False,False,0.0,False
1789616556.1561434,241.768,runtime,9.961891651153564,2500,250.8559706841041,0,0.0,0,0.0,0.0,True,good,当前QC指标正常。,20839.442793305796,False,False,0.0,False,20326.246017979873,False,False,0.0,False
1789616558.1611667,243.788,runtime,9.993354797363281,2505,250.56650652098065,0,0.0,0,0.0,0.0,True,good,当前QC指标正常。,20766.619122371667,False,False,0.0,False,20250.533477087625,False,False,0.0,False
1789616560.166745,245.788,runtime,9.962247371673584,2500,250.8470134063923,0,0.0,0,0.0,0.0,True,good,当前QC指标正常。,21681.713434393412,False,False,0.0,False,21044.662357940648,False,False,0.0,False
1789616562.1730974,247.768,runtime,9.903610944747925,2495,251.82733993832989,0,0.0,0,0.0,0.0,True,good,当前QC指标正常。,22949.242886538083,False,False,0.0,False,22156.656343735085,False,False,0.0,False
1789616564.1863384,249.808,runtime,9.963390827178955,2505,251.3200619581622,0,0.0,0,0.0,0.0,True,good,当前QC指标正常。,22954.680991767527,False,False,0.0,False,22161.275802908498,False,False,0.0,False
1789616566.1991606,251.808,runtime,9.930977821350098,2495,251.1333772831793,0,0.0,0,0.0,0.0,True,good,当前QC指标正常。,22902.862635253765,False,False,0.0,False,22111.137280895688,False,False,0.0,False
1789616568.2091756,253.808,runtime,9.961080312728882,2500,250.87640311529503,0,0.0,0,0.0,0.0,True,good,当前QC指标正常。,22843.541006077194,False,False,0.0,False,22056.454868527893,False,False,0.0,False
1789616570.220017,255.868,runtime,9.99091100692749,2505,250.62779542964384,0,0.0,0,0.0,0.0,True,good,当前QC指标正常。,22789.583054439627,False,False,0.0,False,22004.933157537744,False,False,0.0,False
1789616572.2312129,257.848,runtime,9.931938171386719,2500,251.61252082694793,0,0.0,0,0.0,0.0,True,good,当前QC指标正常。,22730.881800802697,False,False,0.0,False,21950.74765312511,False,False,0.0,False
1789616574.2416918,259.848,runtime,9.961154699325562,2510,251.878429332081,0,0.0,0,0.0,0.0,True,good,当前QC指标正常。,22690.896376329907,False,False,0.004,False,21903.918128142104,False,False,0.0,False
1789616576.250145,261.888,runtime,9.961355209350586,2510,251.87335932412455,0,0.0,0,0.0,0.0,True,good,当前QC指标正常。,22646.81012314286,False,False,0.004,False,21854.207906984655,False,False,0.0,False
1789616578.2577043,263.868,runtime,9.964406728744507,2495,250.29086707244824,0,0.0,0,0.0,0.0,True,good,当前QC指标正常。,22588.326693886498,False,False,0.004,False,21799.27301577652,False,False,0.0,False
1789616580.264855,265.884,runtime,9.961798429489136,2499,250.75793469233076,0,0.0,0,0.0,0.0,True,good,当前QC指标正常。,22525.953373855096,False,False,0.004,False,21745.420642917314,False,False,0.0,False
1789616582.2692409,267.884,runtime,9.96403193473816,2494,250.199920707652,0,0.0,0,0.0,0.0,True,good,当前QC指标正常。,22463.636170793172,False,False,0.004,False,21695.65092186702,False,False,0.0,False
1789616584.2784238,269.844,runtime,9.932050704956055,2484,249.99872370375562,0,0.0,0,0.0,0.0,True,good,当前QC指标正常。,22419.63897798415,False,False,0.0,False,21660.836186412525,False,False,0.0,False
1789616586.2916543,271.904,runtime,9.960593700408936,2494,250.28628563552883,0,0.0,0,0.0,0.0,True,good,当前QC指标正常。,22426.133829307204,False,False,0.0,False,21659.950211792904,False,False,0.0,False
1789616588.3095558,273.884,runtime,9.930571556091309,2494,251.04295215221725,0,0.0,0,0.0,0.0,True,good,当前QC指标正常。,22423.133039666016,False,False,0.0,False,21651.74623074411,False,False,0.0,False
1789616590.3212667,275.944,runtime,9.991569519042969,2500,250.11085548042746,0,0.0,0,0.0,0.0,True,good,当前QC指标正常。,22420.052623310534,False,False,0.0,False,21640.8613137947,False,False,0.0,False
1789616592.3312597,277.964,runtime,9.989834547042847,2505,250.65480195978068,0,0.0,0,0.0,0.0,True,good,当前QC指标正常。,22406.500130486438,False,False,0.0,False,21622.49710782253,False,False,0.0,False
1789616594.3409007,279.964,runtime,9.991111278533936,2510,251.12321643245303,0,0.0,0,0.0,0.0,True,good,当前QC指标正常。,22356.787178450213,False,False,0.0,False,21571.33109353072,False,False,0.0,False
1789616596.348907,281.964,runtime,9.963875532150269,2500,250.80602341292993,0,0.0,0,0.0,0.0,True,good,当前QC指标正常。,22263.50866563807,False,False,0.0,False,21491.32386858539,False,False,0.0,False
1789616598.3622606,284.004,runtime,9.992767095565796,2515,251.58196683234675,0,0.0,0,0.0,0.0,True,good,当前QC指标正常。,22161.54984621749,False,False,0.0,False,21410.136385808208,False,False,0.0,False
1789616600.3678112,285.984,runtime,9.961637020111084,2505,251.3643083907586,0,0.0,0,0.0,0.0,True,good,当前QC指标正常。,21251.886847842823,False,False,0.0,False,20608.76738226962,False,False,0.0,False
1789616602.377295,287.924,runtime,9.900937795639038,2480,250.3803226692222,0,0.0,0,0.0,0.0,True,good,当前QC指标正常。,20202.799637135216,False,False,0.0,False,19682.69955906782,False,False,0.0,False
1789616604.38638,289.904,runtime,9.871548652648926,2475,250.61923787774964,0,0.0,0,0.0,0.0,True,good,当前QC指标正常。,20128.993485867035,False,False,0.0,False,19605.10199277684,False,False,0.0,False
1789616606.3972673,291.984,runtime,9.846502304077148,2490,252.78011654649976,0,0.0,0,0.0,0.0,True,good,当前QC指标正常。,20084.836065199517,False,False,0.0,False,19557.669954249926,False,False,0.0,False
1789616608.4051647,294.024,runtime,9.962647676467896,2505,251.33880885043553,0,0.0,0,0.0,0.0,True,good,当前QC指标正常。,20063.757090262887,False,False,0.0,False,19525.363232339143,False,False,0.0,False
1789616610.4102924,296.024,runtime,9.903246879577637,2510,253.35125242348863,0,0.0,0,0.0,0.0,True,good,当前QC指标正常。,20922.176982087876,False,False,0.0,False,20262.39916010808,False,False,0.0,False
1789616612.4208434,298.044,runtime,9.902224779129028,2510,253.37740315572643,0,0.0,0,0.0,0.0,True,good,当前QC指标正常。,21817.02306964316,False,False,0.0,False,21052.631607357107,False,False,0.0,False
1789616614.4373174,300.044,runtime,9.962287187576294,2505,251.34790363428516,0,0.0,0,0.0,0.0,True,good,当前QC指标正常。,21762.43857799032,False,False,0.0,False,21015.167462344827,False,False,0.0,False
1789616616.4519286,302.064,runtime,9.990114688873291,2500,250.14727836741613,0,0.0,0,0.0,0.0,True,good,当前QC指标正常。,21696.1323715656,False,False,0.0,False,20967.129116694297,False,False,0.0,False
1789616618.4617023,304.084,runtime,9.990058898925781,2500,250.14867532650027,0,0.0,0,0.0,0.0,True,good,当前QC指标正常。,21645.17630601983,False,False,0.0,False,20934.664428430606,False,False,0.0,False
1789616620.4765716,306.024,runtime,9.901687383651733,2485,250.8663325506751,0,0.0,0,0.0,0.0,True,good,当前QC指标正常。,21608.092822845443,False,False,0.0,False,20905.245202417453,False,False,0.0,False
1789616622.4917884,308.064,runtime,9.931639432907104,2486,250.21045284490478,0,0.0,0,0.0,0.0,True,good,当前QC指标正常。,21570.06393537347,False,False,0.0,False,20874.033850963126,False,False,0.0,False
1789616624.5061882,310.104,runtime,9.933841466903687,2490,250.55765267570806,0,0.0,0,0.0,0.0,True,good,当前QC指标正常。,21533.311670198906,False,False,0.0,False,20836.273345692724,False,False,0.0,False
1789616626.5223742,312.104,runtime,9.934199333190918,2495,251.0519384956728,0,0.0,0,0.0,0.0,True,good,当前QC指标正常。,21499.80792617887,False,False,0.0,False,20805.597272205923,False,False,0.0,False
1789616628.5310242,314.144,runtime,9.960669755935669,2495,250.38476940908507,0,0.0,0,0.0,0.0,True,good,当前QC指标正常。,21459.678633219108,False,False,0.0,False,20767.02296642271,False,False,0.0,False
1789616630.5358965,316.164,runtime,9.961509943008423,2505,251.36751499780968,0,0.0,0,0.0,0.0,True,good,当前QC指标正常。,21424.172464504445,False,False,0.004,False,20727.728111348584,False,False,0.0,False
1789616632.5505075,318.164,runtime,9.965102434158325,2495,250.27339322183784,0,0.0,0,0.0,0.0,True,good,当前QC指标正常。,21378.720817660545,False,False,0.004,False,20684.67101529643,False,False,0.0,False
1789616634.5577087,320.184,runtime,9.905030012130737,2500,252.29605533142887,0,0.0,0,0.0,0.0,True,good,当前QC指标正常。,21352.927242318776,False,False,0.004,False,20652.646779004783,False,False,0.0,False
1789616636.5620995,322.184,runtime,9.933160066604614,2505,252.08493401998763,0,0.0,0,0.0,0.0,True,good,当前QC指标正常。,21360.76876078622,False,False,0.004,False,20648.031074027578,False,False,0.0,False
1789616638.5778446,324.204,runtime,9.963970184326172,2500,250.80364089517784,0,0.0,0,0.0,0.0,True,good,当前QC指标正常。,21337.44434250847,False,False,0.004,False,20623.974905886113,False,False,0.0,False
1789616640.5878239,326.204,runtime,9.96143364906311,2495,250.36556863826172,0,0.0,0,0.0,0.0,True,good,当前QC指标正常。,21304.8355070263,False,False,0.0,False,20591.625984071707,False,False,0.0,False
1789616642.5999482,328.224,runtime,9.961892366409302,2505,251.3578653432641,0,0.0,0,0.0,0.0,True,good,当前QC指标正常。,21276.564507193358,False,False,0.0,False,20565.361657118505,False,False,0.0,False
1789616644.60472,330.224,runtime,9.929696559906006,2500,251.66932190963703,0,0.0,0,0.0,0.0,True,good,当前QC指标正常。,21228.588206399785,False,False,0.0,False,20524.14200797919,False,False,0.0,False
1789616646.6188865,332.204,runtime,9.899513483047485,2490,251.42649729830777,0,0.0,0,0.0,0.0,True,good,当前QC指标正常。,21158.05123531019,False,False,0.0,False,20462.207190286957,False,False,0.0,False
1789616648.6266465,334.184,runtime,9.90081787109375,2480,250.3833554233579,0,0.0,0,0.0,0.0,True,good,当前QC指标正常。,21108.63090083123,False,False,0.0,False,20417.4541804314,False,False,0.0,False
1789616650.6452718,336.224,runtime,9.903487205505371,2490,251.3256137309249,0,0.0,0,0.0,0.0,True,good,当前QC指标正常。,21072.775554311025,False,False,0.0,False,20379.406267127797,False,False,0.0,False
1789616652.6607156,338.264,runtime,9.962945699691772,2505,251.3312905115469,0,0.0,0,0.0,0.0,True,good,当前QC指标正常。,21036.135267183952,False,False,0.0,False,20342.226576142402,False,False,0.0,False
1789616654.6732888,340.284,runtime,9.930978298187256,2500,251.6368402955984,0,0.0,0,0.0,0.0,True,good,当前QC指标正常。,20990.33344095224,False,False,0.0,False,20304.851238033658,False,False,0.0,False
1789616656.6791465,342.284,runtime,9.961191892623901,2520,252.88138479344806,0,0.0,0,0.0,0.0,True,good,当前QC指标正常。,20948.631891673063,False,False,0.0,False,20266.980139969426,False,False,0.0,False
1789616658.684174,344.304,runtime,9.899774074554443,2530,255.46037525243443,0,0.0,0,0.0,0.0,True,good,当前QC指标正常。,20632.258072690704,False,False,0.0,False,19989.602526277748,False,False,0.0,False
1789616660.6987135,346.264,runtime,9.963810920715332,2485,249.30220171436835,0,0.0,0,0.0,0.0,True,good,当前QC指标正常。,19392.78500438576,False,False,0.0,False,18888.44424920622,False,False,0.0,False
1789616662.7099352,348.324,runtime,9.961589813232422,2500,250.8635716640799,0,0.0,0,0.0,0.0,True,good,当前QC指标正常。,18633.664411660524,False,False,0.0,False,18217.539350843763,False,False,0.0,False
1789616664.7252064,350.344,runtime,9.989520788192749,2500,250.1621502158269,0,0.0,0,0.0,0.0,True,good,当前QC指标正常。,18580.841419733264,False,False,0.0,False,18159.59370286064,False,False,0.0,False
1789616666.7351077,352.364,runtime,9.930898189544678,2510,252.64582841474436,0,0.0,0,0.0,0.0,True,good,当前QC指标正常。,18541.982594396795,False,False,0.0,False,18115.36104999416,False,False,0.0,False
1789616668.7461872,354.364,runtime,9.992982625961304,2500,250.07548732324565,0,0.0,0,0.0,0.0,True,good,当前QC指标正常。,18839.427395018123,False,False,0.0,False,18370.10721103781,False,False,0.0,False
1789616670.7523649,356.364,runtime,9.932210445404053,2500,251.605623313828,0,0.0,0,0.0,0.0,True,good,当前QC指标正常。,20042.69591642965,False,False,0.0,False,19426.476154404387,False,False,0.0,False
1789616672.7654881,358.384,runtime,9.99190092086792,2500,250.102560042492,0,0.0,0,0.0,0.0,True,good,当前QC指标正常。,20611.083830653133,False,False,0.0,False,19922.078302419253,False,False,0.0,False
1789616674.775126,360.404,runtime,9.99072527885437,2505,250.6324546126577,0,0.0,0,0.0,0.0,True,good,当前QC指标正常。,20574.919488233798,False,False,0.0,False,19892.81507475562,False,False,0.0,False
1789616676.7855844,362.404,runtime,9.99124813079834,2500,250.1189007904581,0,0.0,0,0.0,0.0,True,good,当前QC指标正常。,20535.680392286948,False,False,0.0,False,19867.003904068115,False,False,0.0,False
1789616678.7906156,364.404,runtime,9.96241545677185,2500,250.84278113510416,0,0.0,0,0.0,0.0,True,good,当前QC指标正常。,20497.920512278542,False,False,0.0,False,19833.552250062494,False,False,0.0,False
1789616680.805549,366.424,runtime,9.990864992141724,2500,250.1284925745247,0,0.0,0,0.0,0.0,True,good,当前QC指标正常。,20468.515732620373,False,False,0.0,False,19796.059492136912,False,False,0.0,False
1789616682.8149168,368.384,runtime,9.930630445480347,2490,250.63866928335852,0,0.0,0,0.0,0.0,True,good,当前QC指标正常。,20459.757902996684,False,False,0.0,False,19769.73900248625,False,False,0.0,False
1789616684.824288,370.404,runtime,9.901249647140503,2490,251.38241017070277,0,0.0,0,0.0,0.0,True,good,当前QC指标正常。,20435.21073626706,False,False,0.0,False,19744.78074982085,False,False,0.0,False
1789616686.8358853,372.464,runtime,9.99022102355957,2505,250.64510525792264,0,0.0,0,0.0,0.0,True,good,当前QC指标正常。,20415.90278483362,False,False,0.0,False,19724.010522189095,False,False,0.0,False
1789616688.8469887,374.484,runtime,9.991604089736938,2505,250.6104102515461,0,0.0,0,0.0,0.0,True,good,当前QC指标正常。,20366.610659376416,False,False,0.0,False,19702.699894872447,False,False,0.0,False
1789616690.856504,376.444,runtime,9.991276502609253,2495,249.6177539825551,0,0.0,0,0.0,0.0,True,good,当前QC指标正常。,20321.649526212732,False,False,0.0,False,19685.187418191028,False,False,0.0,False
1789616692.8673017,378.504,runtime,9.961663484573364,2515,252.367489013575,0,0.0,0,0.0,0.0,True,good,当前QC指标正常。,20297.216688489076,False,False,0.0,False,19655.191448227466,False,False,0.0,False
1789616694.8794525,380.484,runtime,9.962013006210327,2500,250.85291481170736,0,0.0,0,0.0,0.0,True,good,当前QC指标正常。,20275.226444055894,False,False,0.0,False,19629.392879456384,False,False,0.0,False
1789616696.8870137,382.484,runtime,9.991436958312988,2495,249.6137452906575,0,0.0,0,0.0,0.0,True,good,当前QC指标正常。,20269.492388837334,False,False,0.0,False,19612.379317695988,False,False,0.0,False
1789616698.9019516,384.504,runtime,9.93277645111084,2500,251.59128591085147,0,0.0,0,0.0,0.0,True,good,当前QC指标正常。,19777.61696285144,False,False,0.0,False,19167.02799898783,False,False,0.0,False
1789616700.9070373,386.444,runtime,9.961469888687134,2480,248.85885594206403,0,0.0,0,0.0,0.0,True,good,当前QC指标正常。,18606.909021040683,False,False,0.0,False,18121.504828151894,False,False,0.0,False
1789616702.916939,388.544,runtime,9.930942058563232,2510,252.64471237515122,0,0.0,0,0.0,0.0,True,good,当前QC指标正常。,17309.782315895154,False,False,0.0,False,16997.770362956475,False,False,0.0,False
1789616704.9266534,390.544,runtime,9.928512573242188,2500,251.6993337687786,0,0.0,0,0.0,0.0,True,good,当前QC指标正常。,15929.50730273878,False,False,0.0,False,15788.062160537353,False,False,0.0,False
1789616706.9376504,392.564,runtime,9.991684198379517,2510,251.1088171108248,0,0.0,0,0.0,0.0,True,good,当前QC指标正常。,14435.96017817104,False,False,0.0,False,14494.331076222614,False,False,0.0,False
1789616708.9486697,394.564,runtime,9.992218494415283,2500,250.09461126142384,0,0.0,0,0.0,0.0,True,good,当前QC指标正常。,13431.063071502025,False,False,0.0,False,13595.783734880604,False,False,0.0,False
1789616710.9589436,396.524,runtime,9.99034333229065,2485,248.64010348585813,0,0.0,0,0.0,0.0,True,good,当前QC指标正常。,13306.741739733663,False,False,0.0,False,13480.313486806539,False,False,0.0,False
1789616712.9659019,398.564,runtime,9.959736347198486,2495,250.40823502336204,0,0.0,0,0.0,0.0,True,good,当前QC指标正常。,13236.122379369488,False,False,0.0,False,13444.38412745061,False,False,0.0,False
1789616714.973638,400.584,runtime,9.961223125457764,2500,250.87280633372617,0,0.0,0,0.0,0.0,True,good,当前QC指标正常。,13195.21418583117,False,False,0.0,False,13424.955922732344,False,False,0.0,False
1789616716.979153,402.584,runtime,9.960920333862305,2495,250.37847070431914,0,0.0,0,0.0,0.0,True,good,当前QC指标正常。,13160.301814195245,False,False,0.0,False,13392.970037049547,False,False,0.0,False
1789616718.9891527,404.604,runtime,9.962336778640747,2500,250.84476218048127,0,0.0,0,0.0,0.0,True,good,当前QC指标正常。,13138.179871518618,False,False,0.0,False,13354.226436223846,False,False,0.0,False
1789616720.9941185,406.604,runtime,9.961873769760132,2495,250.35450735891547,0,0.0,0,0.0,0.0,True,good,当前QC指标正常。,13128.44579569479,False,False,0.0,False,13325.227584503251,False,False,0.0,False
1789616722.9988518,408.624,runtime,9.961370468139648,2500,250.86909557201767,0,0.0,0,0.0,0.0,True,good,当前QC指标正常。,13850.033382163212,False,False,0.0,False,14006.920819732508,False,False,0.0,False
1789616725.0103784,410.624,runtime,9.929384469985962,2495,251.17367622723606,0,0.0,0,0.0,0.0,True,good,当前QC指标正常。,15132.124137106843,False,False,0.0,False,15146.010764210685,False,False,0.0,False
1789616727.0207207,412.644,runtime,9.961293935775757,2500,250.87102299279607,0,0.0,0,0.0,0.0,True,good,当前QC指标正常。,16312.947635816374,False,False,0.0,False,16174.375840440538,False,False,0.0,False
1789616729.0349007,414.624,runtime,9.932804107666016,2490,250.58382034122877,0,0.0,0,0.0,0.0,True,good,当前QC指标正常。,17405.13957582807,False,False,0.0,False,17095.24036040588,False,False,0.0,False
1789616731.05129,416.664,runtime,9.96107816696167,2500,250.87645715787465,0,0.0,0,0.0,0.0,True,good,当前QC指标正常。,18407.615187414493,False,False,0.0,False,17952.91376657329,False,False,0.0,False
1789616733.0662146,418.664,runtime,9.96281123161316,2495,250.3309499718561,0,0.0,0,0.0,0.0,True,good,当前QC指标正常。,18210.485444750284,False,False,0.0,False,17795.197049223065,False,False,0.0,False
1789616735.0791523,420.704,runtime,9.99088454246521,2505,250.628459307783,0,0.0,0,0.0,0.0,True,good,当前QC指标正常。,17230.56014215443,False,False,0.0,False,16942.67267762547,False,False,0.0,False
1789616737.0858057,422.664,runtime,9.93086862564087,2490,250.63265801075656,0,0.0,0,0.0,0.0,True,good,当前QC指标正常。,16166.424347170856,False,False,0.0,False,15985.753032442959,False,False,0.0,False
1789616739.099353,424.724,runtime,9.989101886749268,2505,250.6731864775154,0,0.0,0,0.0,0.0,True,good,当前QC指标正常。,14939.669990139588,False,False,0.0,False,14849.469822959465,False,False,0.0,False
1789616741.1084507,426.704,runtime,9.961922407150269,2495,250.35328504565612,0,0.0,0,0.0,0.0,True,good,当前QC指标正常。,13704.045825709656,False,False,0.0,False,13784.346683976306,False,False,0.0,False
1789616743.1157894,428.684,runtime,9.932472705841064,2490,250.59218119333718,0,0.0,0,0.0,0.0,True,good,当前QC指标正常。,13235.415013359023,False,False,0.0,False,13388.466874515176,False,False,0.0,False
1789616745.1317377,430.724,runtime,9.963133096694946,2495,250.32286287807702,0,0.0,0,0.0,0.0,True,good,当前QC指标正常。,13125.641422995594,False,False,0.0,False,13298.12120456162,False,False,0.0,False
1789616747.140172,432.744,runtime,9.96118450164795,2500,250.87377907582905,0,0.0,0,0.0,0.0,True,good,当前QC指标正常。,13089.204316968538,False,False,0.0,False,13265.248699782698,False,False,0.0,False
1789616749.1504076,434.744,runtime,9.964588403701782,2505,251.28985749875827,0,0.0,0,0.0,0.0,True,good,当前QC指标正常。,13050.87044936529,False,False,0.0,False,13228.761051206682,False,False,0.0,False
1789616751.155154,436.76,runtime,9.93119740486145,2499,251.53059577460382,0,0.0,0,0.0,0.0,True,good,当前QC指标正常。,13024.022514801976,False,False,0.0,False,13210.08967730847,False,False,0.0,False
1789616753.1591046,438.76,runtime,9.96256160736084,2504,251.24060443959092,0,0.0,0,0.0,0.0,True,good,当前QC指标正常。,13040.065755725249,False,False,0.0,False,13237.832259119241,False,False,0.0,False
1789616755.1773372,440.78,runtime,9.960100173950195,2499,250.8006903919811,0,0.0,0,0.0,0.0,True,good,当前QC指标正常。,13587.771699117991,False,False,0.0,False,13806.858606462847,False,False,0.0,False
1789616757.1854765,442.78,runtime,9.960521459579468,2494,250.28810089077948,0,0.0,0,0.0,0.0,True,good,当前QC指标正常。,15666.472588510871,False,False,0.0,False,14312.168055601438,False,False,0.0,False
1789616759.1952767,444.8,runtime,9.962730884552002,2499,250.7344651729322,0,0.0,0,0.0,0.0,True,good,当前QC指标正常。,15713.103556671367,False,False,0.0,False,14197.298971694729,False,False,0.0,False
1789616761.2035577,446.8,runtime,9.961954116821289,2495,250.3524881517722,0,0.0,0,0.0,0.0,True,good,当前QC指标正常。,18586.603259479383,False,False,0.0,False,13867.47623380275,False,False,0.0,False
1789616763.2180927,448.82,runtime,9.96316647529602,2500,250.82387273125946,0,0.0,0,0.0,0.0,True,good,当前QC指标正常。,18251.016207002784,False,False,0.0,False,13479.141778713101,False,False,0.0,False
1789616765.2316132,450.8,runtime,9.931292533874512,2490,250.62195998258068,0,0.0,0,0.0,0.0,True,good,当前QC指标正常。,16019.881083691493,False,False,0.0,False,13714.384626628438,False,False,0.0,False
1789616767.2408576,452.86,runtime,9.990360736846924,2510,251.14208246216643,0,0.0,0,0.0,0.0,True,good,当前QC指标正常。,15588.74609524602,False,False,0.004,False,13880.602284968109,False,False,0.0,False
1789616769.2463806,454.84,runtime,9.960534572601318,2495,250.38816760501044,0,0.0,0,0.0,0.0,True,good,当前QC指标正常。,14442.122980288383,False,False,0.004,False,13818.244135279683,False,False,0.0,False
1789616771.2596157,456.86,runtime,9.961613178253174,2500,250.86298326213605,0,0.0,0,0.0,0.0,True,good,当前QC指标正常。,13287.74780034631,False,False,0.004,False,13492.675975464117,False,False,0.0,False
1789616773.2719765,458.9,runtime,9.992451429367065,2510,251.08953671030486,0,0.0,0,0.0,0.0,True,good,当前QC指标正常。,13040.28343184862,False,False,0.004,False,13378.807262397459,False,False,0.0,False
1789616775.2815633,460.9,runtime,9.989952087402344,2500,250.15134988998804,0,0.0,0,0.0,0.0,True,good,当前QC指标正常。,12843.135818182542,False,False,0.004,False,13344.151108778053,False,False,0.0,False
1789616777.2936456,462.9,runtime,9.993690729141235,2510,251.05839954440935,0,0.0,0,0.0,0.0,True,good,当前QC指标正常。,12819.607491115785,False,False,0.0,False,13285.052240989695,False,False,0.0,False
1789616779.3007565,464.92,runtime,9.989559650421143,2505,250.6616995769614,0,0.0,0,0.0,0.0,True,good,当前QC指标正常。,12879.263194629666,False,False,0.0,False,13314.772578638402,False,False,0.0,False
1789616781.310991,466.92,runtime,9.988694429397583,2510,251.1839778195435,0,0.0,0,0.0,0.0,True,good,当前QC指标正常。,12875.350396643164,False,False,0.0,False,13327.325193354643,False,False,0.0,False
1789616783.3230164,468.94,runtime,9.992023229598999,2510,251.10029694163265,0,0.0,0,0.0,0.0,True,good,当前QC指标正常。,12802.319479116502,False,False,0.0,False,13250.90570588758,False,False,0.0,False
1789616785.3280075,470.92,runtime,9.960859298706055,2505,251.38393434844292,0,0.0,0,0.0,0.0,True,good,当前QC指标正常。,12745.774929697433,False,False,0.0,False,13177.8425647717,False,False,0.0,False
1789616787.333478,472.9,runtime,9.931066751480103,2490,250.62765786253982,0,0.0,0,0.0,0.0,True,good,当前QC指标正常。,12689.378727533485,False,False,0.0,False,13121.293555511971,False,False,0.0,False
1789616789.3474216,474.96,runtime,9.96620225906372,2500,250.7474698024812,0,0.0,0,0.0,0.0,True,good,当前QC指标正常。,12644.4869053905,False,False,0.0,False,13051.744214425902,False,False,0.0,False
1789616791.3582125,476.94,runtime,9.90805959701538,2500,252.2189108302071,0,0.0,0,0.0,0.0,True,good,当前QC指标正常。,12608.146393924682,False,False,0.0,False,12994.673661053415,False,False,0.0,False
1789616793.37169,478.98,runtime,9.99054479598999,2510,251.13745558771365,0,0.0,0,0.0,0.0,True,good,当前QC指标正常。,12557.513898823332,False,False,0.0,False,12949.271367147903,False,False,0.0,False
1789616795.3827546,481.0,runtime,9.961559295654297,2500,250.86434019322476,0,0.0,0,0.0,0.0,True,good,当前QC指标正常。,12504.211654968736,False,False,0.0,False,12908.74630743157,False,False,0.0,False
1789616797.3921204,483.0,runtime,9.991053104400635,2525,252.6260218643303,0,0.0,0,0.0,0.0,True,good,当前QC指标正常。,12458.320344146121,False,False,0.0,False,12855.264170177139,False,False,0.0,False
1789616799.39753,485.0,runtime,9.963958501815796,2500,250.80393495663307,0,0.0,0,0.0,0.0,True,good,当前QC指标正常。,13287.206250490304,False,False,0.0,False,13561.025076589305,False,False,0.0,False
1789616801.4123292,487.04,runtime,9.991076231002808,2505,250.62365075645837,0,0.0,0,0.0,0.0,True,good,当前QC指标正常。,14565.775361117367,False,False,0.0,False,14695.428621786594,False,False,0.0,False
1789616803.422764,489.04,runtime,9.99053430557251,2505,250.63724555785984,0,0.0,0,0.0,0.0,True,good,当前QC指标正常。,15753.85245050666,False,False,0.0,False,15772.689313984738,False,False,0.0,False
1789616805.4338248,491.0,runtime,9.970694780349731,2490,249.63155074261496,0,0.0,0,0.0,0.0,True,good,当前QC指标正常。,16861.77390984203,False,False,0.0,False,16767.422976414204,False,False,0.0,False
1789616807.4543734,493.0,runtime,9.900590896606445,2480,250.38909554880297,0,0.0,0,0.0,0.0,True,good,当前QC指标正常。,17974.474880873837,False,False,0.0,False,17779.14536025756,False,False,0.0,False
1789616809.464405,495.08,runtime,9.989479064941406,2504,250.56361635357024,0,0.0,0,0.0,0.0,True,good,当前QC指标正常。,18326.80628418527,False,False,0.0,False,18053.131028186293,False,False,0.0,False
1789616811.4740088,497.08,runtime,9.928828001022339,2500,251.69133756196464,0,0.0,0,0.0,0.0,True,good,当前QC指标正常。,18353.949824136602,False,False,0.0,False,18055.7668499365,False,False,0.0,False
1789616813.4923825,499.06,runtime,9.901180028915405,2490,251.38417771731497,0,0.0,0,0.0,0.0,True,good,当前QC指标正常。,18314.185809918006,False,False,0.0,False,18030.636451707174,False,False,0.0,False
1789616815.5015032,501.1,runtime,9.96111011505127,2495,250.37370044043163,0,0.0,0,0.0,0.0,True,good,当前QC指标正常。,18259.671833556557,False,False,0.0,False,18001.160413928625,False,False,0.0,False
1789616817.514659,503.12,runtime,9.935473203659058,2500,251.52299732232814,0,0.0,0,0.0,0.0,True,good,当前QC指标正常。,18206.74161458385,False,False,0.0,False,17960.64588000454,False,False,0.0,False
1789616819.5267868,505.12,runtime,9.96115493774414,2495,250.37257382172646,0,0.0,0,0.0,0.0,True,good,当前QC指标正常。,18163.313740197947,False,False,0.0,False,17917.223927468902,False,False,0.0,False
1789616821.538172,507.14,runtime,9.961864948272705,2500,250.85664310609866,0,0.0,0,0.0,0.0,True,good,当前QC指标正常。,18119.622423434674,False,False,0.0,False,17880.1573671592,False,False,0.0,False
1789616823.5506945,509.14,runtime,9.960359811782837,2495,250.3925608239238,0,0.0,0,0.0,0.0,True,good,当前QC指标正常。,18084.088895757468,False,False,0.0,False,17843.4960067702,False,False,0.0,False
1789616825.563915,511.18,runtime,9.991252660751343,2510,251.11966288832926,0,0.0,0,0.0,0.0,True,good,当前QC指标正常。,18045.046880492235,False,False,0.0,False,17809.275425058673,False,False,0.0,False
1789616827.5699797,513.16,runtime,9.958163261413574,2510,251.95409375562338,0,0.0,0,0.0,0.0,True,good,当前QC指标正常。,18021.247569936862,False,False,0.0,False,17784.74213172037,False,False,0.0,False
1789616829.580776,515.14,runtime,9.93148684501648,2490,250.6170565235109,0,0.0,0,0.0,0.0,True,good,当前QC指标正常。,18003.848586928034,False,False,0.0,False,17763.60604622131,False,False,0.0,False
1789616831.5861287,517.2,runtime,9.965771675109863,2500,250.75830366868715,0,0.0,0,0.0,0.0,True,good,当前QC指标正常。,17984.76033534139,False,False,0.0,False,17740.325849938206,False,False,0.0,False
1789616833.6029096,519.18,runtime,9.904662132263184,2495,251.80061335723008,0,0.0,0,0.0,0.0,True,good,当前QC指标正常。,17966.390030680486,False,False,0.0,False,17719.157761818205,False,False,0.0,False
1789616835.6159241,521.22,runtime,9.96500825881958,2510,251.78102564836283,0,0.0,0,0.0,0.0,True,good,当前QC指标正常。,17946.67807944748,False,False,0.0,False,17696.48220914921,False,False,0.0,False
1789616837.6250923,523.16,runtime,9.877336740493774,2500,253.00342244635,0,0.0,0,0.0,0.0,True,good,当前QC指标正常。,17915.163617829825,False,False,0.0,False,17679.245957527033,False,False,0.0,False
1789616839.6339579,525.22,runtime,9.930983066558838,2520,253.65061878741608,0,0.0,0,0.0,0.0,True,good,当前QC指标正常。,17847.932358252205,False,False,0.0,False,17650.402872738534,False,False,0.0,False
1789616841.6448088,527.26,runtime,9.990360975265503,2500,250.1411116362176,0,0.0,0,0.0,0.0,True,good,当前QC指标正常。,17071.483637795194,False,False,0.0,False,16932.606933120605,False,False,0.0,False
1789616843.6549785,529.26,runtime,9.990594625473022,2500,250.135261581758,0,0.0,0,0.0,0.0,True,good,当前QC指标正常。,16215.048140037821,False,False,0.0,False,16137.95675746961,False,False,0.0,False
1789616845.665389,531.26,runtime,9.958923816680908,2500,250.93072765696306,0,0.0,0,0.0,0.0,True,good,当前QC指标正常。,16189.267279655143,False,False,0.0,False,16085.565033707751,False,False,0.0,False
1789616847.6749935,533.3,runtime,9.988980054855347,2525,252.67845026611687,0,0.0,0,0.0,0.0,True,good,当前QC指标正常。,16156.729198435713,False,False,0.0,False,16043.395658468664,False,False,0.0,False
1789616849.6854947,535.3,runtime,9.990879774093628,2505,250.62857892583966,0,0.0,0,0.0,0.0,True,good,当前QC指标正常。,16119.610538653324,False,False,0.0,False,16003.184400450335,False,False,0.0,False
1789616851.703795,537.28,runtime,9.960758924484253,2495,250.38252796878467,0,0.0,0,0.0,0.0,True,good,当前QC指标正常。,16848.046152138162,False,False,0.0,False,16659.978497318818,False,False,0.0,False
1789616853.7079234,539.34,runtime,9.962881565093994,2505,251.33290842009282,0,0.0,0,0.0,0.0,True,good,当前QC指标正常。,17539.932146412175,False,False,0.0,False,17273.922477258828,False,False,0.0,False
1789616855.7146451,541.32,runtime,9.963422060012817,2500,250.81743852139746,0,0.0,0,0.0,0.0,True,good,当前QC指标正常。,17439.51654961502,False,False,0.0,False,17182.71770769688,False,False,0.0,False
1789616857.7253125,543.34,runtime,9.991071701049805,2505,250.62376438924906,0,0.0,0,0.0,0.0,True,good,当前QC指标正常。,17357.20328229471,False,False,0.0,False,17104.0411887981,False,False,0.0,False
1789616859.73058,545.34,runtime,9.963698625564575,2500,250.81047650198258,0,0.0,0,0.0,0.0,True,good,当前QC指标正常。,17276.50752018169,False,False,0.0,False,17021.09408840886,False,False,0.0,False
1789616861.7464378,547.36,runtime,9.991766929626465,2500,250.1059139590462,0,0.0,0,0.0,0.0,True,good,当前QC指标正常。,17208.66470105341,False,False,0.0,False,16956.80670232275,False,False,0.0,False
1789616863.7558835,549.38,runtime,9.987858057022095,2505,250.70440385759485,0,0.0,0,0.0,0.0,True,good,当前QC指标正常。,17149.39538573537,False,False,0.0,False,16902.304448447798,False,False,0.0,False
1789616865.7652118,551.34,runtime,9.929999828338623,2490,250.65458640762452,0,0.0,0,0.0,0.0,True,good,当前QC指标正常。,17094.01011331704,False,False,0.0,False,16852.580603103306,False,False,0.0,False
1789616867.7800105,553.38,runtime,9.961522102355957,2500,250.86527684448666,0,0.0,0,0.0,0.0,True,good,当前QC指标正常。,17041.10510093538,False,False,0.0,False,16804.545279813316,False,False,0.0,False
1789616869.786741,555.4,runtime,9.991520881652832,2500,250.11207298669098,0,0.0,0,0.0,0.0,True,good,当前QC指标正常。,17007.428613142485,False,False,0.0,False,16771.74579782506,False,False,0.0,False
1789616871.7960613,557.42,runtime,9.990456819534302,2505,250.63918950171913,0,0.0,0,0.0,0.0,True,good,当前QC指标正常。,16994.379684649364,False,False,0.0,False,16754.6720689934,False,False,0.0,False
1789616873.8090785,559.42,runtime,9.993256092071533,2500,250.06864399108724,0,0.0,0,0.0,0.0,True,good,当前QC指标正常。,17103.731594156296,False,False,0.0,False,16750.255371871994,False,False,0.0,False
1789616875.8226945,561.42,runtime,9.961915254592896,2500,250.85537631409255,0,0.0,0,0.0,0.0,True,good,当前QC指标正常。,17149.898950377596,False,False,0.0,False,16753.74331565211,False,False,0.0,False
1789616877.8278015,563.44,runtime,9.991493225097656,2515,251.61404240209833,0,0.0,0,0.0,0.0,True,good,当前QC指标正常。,16717.88821173541,False,False,0.0,False,16366.89626051914,False,False,0.0,False
1789616879.8400605,565.44,runtime,9.963595151901245,2500,250.81308121227133,0,0.0,0,0.0,0.0,True,good,当前QC指标正常。,16742.17344432996,False,False,0.0,False,16404.383072002867,False,False,0.0,False
1789616881.8481522,567.46,runtime,9.87009859085083,2500,253.18896027203505,0,0.0,0,0.0,0.0,True,good,当前QC指标正常。,16806.570196983124,False,False,0.0,False,16468.828872094633,False,False,0.0,False
1789616883.8575077,569.46,runtime,9.96382999420166,2505,251.30898474353486,0,0.0,0,0.0,0.0,True,good,当前QC指标正常。,16771.011212477213,False,False,0.0,False,16526.141217181223,False,False,0.0,False
1789616885.8644483,571.46,runtime,9.93140196800232,2495,251.12265197152854,0,0.0,0,0.0,0.0,True,good,当前QC指标正常。,16807.49559254211,False,False,0.0,False,16492.367941504614,False,False,0.0,False
1789616887.8761122,573.48,runtime,9.961873054504395,2505,251.3583526210247,0,0.0,0,0.0,0.0,True,good,当前QC指标正常。,17179.00906006079,False,False,0.0,False,16821.71623451909,False,False,0.0,False
1789616889.8866076,575.48,runtime,9.901283740997314,2510,253.40148465912756,0,0.0,0,0.0,0.0,True,good,当前QC指标正常。,17190.68499676309,False,False,0.0,False,16811.46075472284,False,False,0.0,False
1789616891.8952403,577.5,runtime,9.931363344192505,2500,251.62708415671077,0,0.0,0,0.0,0.0,True,good,当前QC指标正常。,17142.37822443454,False,False,0.0,False,16775.12896896541,False,False,0.0,False
1789616893.9069042,579.44,runtime,9.87080430984497,2495,252.66431404303367,0,0.0,0,0.0,0.0,True,good,当前QC指标正常。,17129.595687884208,False,False,0.0,False,16738.172213003734,False,False,0.0,False
1789616895.9178967,581.54,runtime,9.98972773551941,2505,250.65748199490906,0,0.0,0,0.0,0.0,True,good,当前QC指标正常。,17072.392486160286,False,False,0.0,False,16683.95813415746,False,False,0.0,False
1789616897.9281015,583.54,runtime,9.990081071853638,2510,251.14911300058753,0,0.0,0,0.0,0.0,True,good,当前QC指标正常。,16945.038377488272,False,False,0.0,False,16616.698439652446,False,False,0.0,False
1789616899.9393039,585.56,runtime,9.992544174194336,2505,250.58683317773662,0,0.0,0,0.0,0.0,True,good,当前QC指标正常。,16889.24887337154,False,False,0.0,False,16560.69620111708,False,False,0.0,False
1789616901.9477541,587.54,runtime,9.960897445678711,2495,250.37904602480975,0,0.0,0,0.0,0.0,True,good,当前QC指标正常。,16870.648010093246,False,False,0.0,False,16514.00276690939,False,False,0.0,False
1789616903.9583046,589.58,runtime,9.990893363952637,2505,250.62823801467917,0,0.0,0,0.0,0.0,True,good,当前QC指标正常。,16807.73240150448,False,False,0.0,False,16424.402462271813,False,False,0.0,False
1789616905.9702706,591.54,runtime,9.931248664855957,2490,250.62306704774272,0,0.0,0,0.0,0.0,True,good,当前QC指标正常。,15937.831556127792,False,False,0.0,False,15640.082658562224,False,False,0.0,False
1789616907.9779973,593.6,runtime,9.988145351409912,2505,250.69719271221248,0,0.0,0,0.0,0.0,True,good,当前QC指标正常。,15595.678123270049,False,False,0.0,False,15364.609658700068,False,False,0.0,False
1789616909.9862554,595.58,runtime,9.92962908744812,2505,252.174575500032,0,0.0,0,0.0,0.0,True,good,当前QC指标正常。,15531.446202846084,False,False,0.0,False,15337.55740958661,False,False,0.0,False
1789616911.997766,597.6,runtime,9.962054252624512,2500,250.8518761922659,0,0.0,0,0.0,0.0,True,good,当前QC指标正常。,15475.904432389982,False,False,0.0,False,15296.664113824578,False,False,0.0,False
1789616914.004305,599.58,runtime,9.931659698486328,2495,251.11613523972306,0,0.0,0,0.0,0.0,True,good,当前QC指标正常。,15507.031884063652,False,False,0.0,False,15323.330239473938,False,False,0.0,False
1789616916.0197933,601.64,runtime,9.983999013900757,2505,250.80130682241375,0,0.0,0,0.0,0.0,True,good,当前QC指标正常。,16352.959034417963,False,False,0.0,False,16087.61107824382,False,False,0.0,False
1789616918.0253158,603.62,runtime,9.963152885437012,2495,250.3223656886207,0,0.0,0,0.0,0.0,True,good,当前QC指标正常。,16552.88606885379,False,False,0.0,False,16260.15109807637,False,False,0.0,False
1789616920.039762,605.64,runtime,9.962831735610962,2500,250.83230012483503,0,0.0,0,0.0,0.0,True,good,当前QC指标正常。,16560.291113875384,False,False,0.0,False,16253.364586616644,False,False,0.0,False
1789616922.0451925,607.64,runtime,9.962062120437622,2495,250.349773957286,0,0.0,0,0.0,0.0,True,good,当前QC指标正常。,16570.021852571015,False,False,0.0,False,16250.272504104221,False,False,0.0,False
1789616924.0499847,609.616,runtime,9.930195331573486,2489,250.54894862836144,0,0.0,0,0.0,0.0,True,good,当前QC指标正常。,16558.363828466467,False,False,0.0,False,16247.7648831854,False,False,0.0,False
1789616926.0582438,611.656,runtime,9.965144634246826,2494,250.17198359895386,0,0.0,0,0.0,0.0,True,good,当前QC指标正常。,16484.021854879265,False,False,0.0,False,16198.775540943583,False,False,0.0,False
1789616928.065206,613.636,runtime,9.905174970626831,2489,251.18183246414188,0,0.0,0,0.0,0.0,True,good,当前QC指标正常。,16409.8701805502,False,False,0.0,False,16140.93896994667,False,False,0.0,False
1789616930.0722556,615.676,runtime,9.904051542282104,2509,253.22969991552603,0,0.0,0,0.0,0.0,True,good,当前QC指标正常。,16376.386950282098,False,False,0.0,False,16122.984394891364,False,False,0.0,False
1789616932.0850036,617.696,runtime,9.93220329284668,2514,253.01536083236434,0,0.0,0,0.0,0.0,True,good,当前QC指标正常。,16346.94442548079,False,False,0.0,False,16093.34249594253,False,False,0.0,False
1789616934.0961792,619.696,runtime,9.961749792098999,2505,251.36146282112077,0,0.0,0,0.0,0.0,True,good,当前QC指标正常。,16316.891639185516,False,False,0.0,False,16053.522972443547,False,False,0.0,False
1789616936.112747,621.636,runtime,9.93373417854309,2495,251.063694193373,0,0.0,0,0.0,0.0,True,good,当前QC指标正常。,16296.116516673637,False,False,0.0,False,16022.151448282375,False,False,0.0,False
1789616938.1311016,623.736,runtime,9.990437746047974,2500,250.139189445283,0,0.0,0,0.0,0.0,True,good,当前QC指标正常。,16273.396523516294,False,False,0.0,False,16004.420964233475,False,False,0.0,False
1789616940.1399918,625.736,runtime,9.962275505065918,2500,250.846305016282,0,0.0,0,0.0,0.0,True,good,当前QC指标正常。,16247.43466491466,False,False,0.0,False,15981.554148436982,False,False,0.0,False
1789616942.151129,627.756,runtime,9.991427421569824,2500,250.1144125418032,0,0.0,0,0.0,0.0,True,good,当前QC指标正常。,16225.337347700972,False,False,0.0,False,15959.737065007512,False,False,0.0,False
1789616944.1614532,629.776,runtime,9.990438222885132,2510,251.14013459916353,0,0.0,0,0.0,0.0,True,good,当前QC指标正常。,16203.245938045611,False,False,0.0,False,15936.48537831248,False,False,0.0,False
1789616946.1711245,631.776,runtime,9.990742206573486,2510,251.1324932745421,0,0.0,0,0.0,0.0,True,good,当前QC指标正常。,16184.003492679336,False,False,0.0,False,15910.883754170633,False,False,0.0,False
1789616948.1795013,633.776,runtime,9.96150803565979,2500,250.86563109262013,0,0.0,0,0.0,0.0,True,good,当前QC指标正常。,16154.743514593458,False,False,0.0,False,15896.22841780477,False,False,0.0,False
1789616950.1858099,635.776,runtime,9.960954427719116,2495,250.37761372140744,0,0.0,0,0.0,0.0,True,good,当前QC指标正常。,16135.53179206948,False,False,0.0,False,15872.424527640367,False,False,0.0,False
1789616952.1932075,637.796,runtime,9.962710618972778,2500,250.83534949223122,0,0.0,0,0.0,0.0,True,good,当前QC指标正常。,16121.77670006084,False,False,0.0,False,15856.695812179281,False,False,0.0,False
1789616954.2009592,639.796,runtime,9.960608959197998,2495,250.38629768684447,0,0.0,0,0.0,0.0,True,good,当前QC指标正常。,16117.39914550268,False,False,0.0,False,15850.018174181681,False,False,0.0,False
1789616956.214351,641.816,runtime,9.96161150932312,2500,250.8630252907548,0,0.0,0,0.0,0.0,True,good,当前QC指标正常。,16118.814073248956,False,False,0.0,False,15844.178141414108,False,False,0.0,False
1789616958.2252803,643.816,runtime,9.961617469787598,2495,250.3609486676241,0,0.0,0,0.0,0.0,True,good,当前QC指标正常。,16118.912104132853,False,False,0.0,False,15856.862087716061,False,False,0.0,False
1789616960.2408311,645.796,runtime,9.933195352554321,2490,250.57395044183377,0,0.0,0,0.0,0.0,True,good,当前QC指标正常。,16120.198916948248,False,False,0.0,False,15855.683166656823,False,False,0.0,False
1789616962.252132,647.856,runtime,9.991500616073608,2510,251.11343094586823,0,0.0,0,0.0,0.0,True,good,当前QC指标正常。,16124.548657708612,False,False,0.0,False,15850.441112731189,False,False,0.0,False
1789616964.2595382,649.856,runtime,9.961283922195435,2500,250.87127518088337,0,0.0,0,0.0,0.0,True,good,当前QC指标正常。,16137.851363852747,False,False,0.0,False,15841.390767809527,False,False,0.0,False
1789616966.275706,651.856,runtime,9.901469945907593,2500,252.3867681922187,0,0.0,0,0.0,0.0,True,good,当前QC指标正常。,16147.9800371894,False,False,0.0,False,15832.743210870334,False,False,0.0,False
1789616968.2827842,653.856,runtime,9.961153984069824,2495,250.37259779223166,0,0.0,0,0.0,0.0,True,good,当前QC指标正常。,16169.597517440903,False,False,0.0,False,15845.890962301004,False,False,0.0,False
1789616970.2973125,655.816,runtime,9.90181016921997,2480,250.35826355326773,0,0.0,0,0.0,0.0,True,good,当前QC指标正常。,16143.46438558785,False,False,0.0,False,15842.374829272436,False,False,0.0,False
1789616972.3019462,657.876,runtime,9.960548877716064,2495,250.38780800319407,0,0.0,0,0.0,0.0,True,good,当前QC指标正常。,16098.178948418534,False,False,0.0,False,15818.237892975993,False,False,0.0,False
1789616974.3072057,659.896,runtime,9.963663101196289,2505,251.3131942106068,0,0.0,0,0.0,0.0,True,good,当前QC指标正常。,16065.664485261515,False,False,0.0,False,15778.336794516512,False,False,0.0,False
1789616976.3223078,661.936,runtime,9.93032431602478,2505,252.1569205911272,0,0.0,0,0.0,0.0,True,good,当前QC指标正常。,16033.543337967332,False,False,0.0,False,15738.912272516667,False,False,0.0,False
1789616978.330981,663.916,runtime,9.959835052490234,2515,252.41381877819657,0,0.0,0,0.0,0.0,True,good,当前QC指标正常。,15987.298242220671,False,False,0.0,False,15684.110213503636,False,False,0.0,False
1789616980.3409293,665.936,runtime,9.962135076522827,2500,250.84984100338542,0,0.0,0,0.0,0.0,True,good,当前QC指标正常。,15987.407006816335,False,False,0.0,False,15658.122089784712,False,False,0.0,False
1789616982.353603,667.936,runtime,9.963881492614746,2495,250.30406090724372,0,0.0,0,0.0,0.0,True,good,当前QC指标正常。,15985.81696016136,False,False,0.0,False,15632.535905437042,False,False,0.0,False
1789616984.3627853,669.976,runtime,9.99105191230774,2505,250.6242607863324,0,0.0,0,0.0,0.0,True,good,当前QC指标正常。,15959.808660026902,False,False,0.0,False,15607.813288355112,False,False,0.0,False
1789616986.3814464,671.956,runtime,9.930571556091309,2495,251.1436512906658,0,0.0,0,0.0,0.0,True,good,当前QC指标正常。,15896.412146594568,False,False,0.0,False,15586.076629385465,False,False,0.0,False
1789616988.3952558,673.996,runtime,9.961098432540894,2495,250.37399408207898,0,0.0,0,0.0,0.0,True,good,当前QC指标正常。,15839.40695855049,False,False,0.0,False,15600.526206260678,False,False,0.0,False
1789616990.4043937,676.016,runtime,9.961875677108765,2500,250.85637293611407,0,0.0,0,0.0,0.0,True,good,当前QC指标正常。,15814.047022071809,False,False,0.0,False,15602.992332751946,False,False,0.0,False
1789616992.4133766,678.016,runtime,9.958359003067017,2505,251.44705058622688,0,0.0,0,0.0,0.0,True,good,当前QC指标正常。,15799.30984994399,False,False,0.0,False,15560.733713793737,False,False,0.0,False
1789616994.4199579,679.996,runtime,9.930554628372192,2495,251.14407939255395,0,0.0,0,0.0,0.0,True,good,当前QC指标正常。,15807.866234571416,False,False,0.0,False,15513.477668431733,False,False,0.0,False
1789616996.4300506,682.036,runtime,9.990317106246948,2510,251.14317927216962,0,0.0,0,0.0,0.0,True,good,当前QC指标正常。,15836.362049183732,False,False,0.0,False,15487.715796041586,False,False,0.0,False
1789616998.440011,684.056,runtime,9.991568565368652,2505,250.61130128046233,0,0.0,0,0.0,0.0,True,good,当前QC指标正常。,15827.380680721539,False,False,0.0,False,15473.356689388567,False,False,0.0,False
1789617000.4451504,686.056,runtime,9.991474151611328,2505,250.61366941495606,0,0.0,0,0.0,0.0,True,good,当前QC指标正常。,15777.889217260175,False,False,0.0,False,15447.749360127173,False,False,0.0,False
1789617002.4642372,688.036,runtime,9.932365894317627,2490,250.59487603290708,0,0.0,0,0.0,0.0,True,good,当前QC指标正常。,15724.585629300782,False,False,0.0,False,15436.321984591923,False,False,0.0,False
1789617004.477217,690.076,runtime,9.87034273147583,2505,253.6892657247777,0,0.0,0,0.0,0.0,True,good,当前QC指标正常。,15690.421256183643,False,False,0.0,False,15427.980544791426,False,False,0.0,False
1789617006.4882386,692.056,runtime,9.900458812713623,2495,251.9075173362009,0,0.0,0,0.0,0.0,True,good,当前QC指标正常。,15680.92423401984,False,False,0.0,False,15430.007865221565,False,False,0.0,False
1789617008.5024116,694.096,runtime,9.960642099380493,2495,250.38546462332138,0,0.0,0,0.0,0.0,True,good,当前QC指标正常。,15671.793409672273,False,False,0.0,False,15433.979646148591,False,False,0.0,False
1789617010.5118127,696.116,runtime,9.930614948272705,2505,252.14954089379296,0,0.0,0,0.0,0.0,True,good,当前QC指标正常。,15654.997411052998,False,False,0.0,False,15406.084767616074,False,False,0.0,False
1789617012.5243068,698.096,runtime,9.931995391845703,2490,250.60422420690017,0,0.0,0,0.0,0.0,True,good,当前QC指标正常。,15658.360545374531,False,False,0.0,False,15391.811527406415,False,False,0.0,False
1789617014.529982,700.136,runtime,9.963327884674072,2500,250.81980929725762,0,0.0,0,0.0,0.0,True,good,当前QC指标正常。,15675.854852229191,False,False,0.0,False,15370.928487797923,False,False,0.0,False
1789617016.5446417,702.116,runtime,9.91643738746643,2490,250.99739984703513,0,0.0,0,0.0,0.0,True,good,当前QC指标正常。,15310.52127218302,False,False,0.0,False,15041.517565455062,False,False,0.0,False
1789617018.560718,704.156,runtime,9.968532085418701,2505,251.19044394336484,0,0.0,0,0.0,0.0,True,good,当前QC指标正常。,14616.987400284139,False,False,0.0,False,14431.361806831146,False,False,0.0,False
1789617020.5716844,706.156,runtime,9.89988660812378,2495,251.92207736535494,0,0.0,0,0.0,0.0,True,good,当前QC指标正常。,14542.719287150938,False,False,0.0,False,14369.323402629432,False,False,0.0,False
1789617022.5841258,708.136,runtime,9.929648876190186,2495,251.16698798688032,0,0.0,0,0.0,0.0,True,good,当前QC指标正常。,14493.113937705997,False,False,0.0,False,14321.040855490133,False,False,0.0,False
1789617024.5936394,710.176,runtime,9.959960699081421,2510,251.90862452212266,0,0.0,0,0.0,0.0,True,good,当前QC指标正常。,14460.898217204285,False,False,0.0,False,14293.92833659662,False,False,0.004,False
1789617026.6051815,712.216,runtime,9.990947484970093,2505,250.62688036013589,0,0.0,0,0.0,0.0,True,good,当前QC指标正常。,14866.656015280221,False,False,0.0,False,14679.332221244738,False,False,0.004,False
1789617028.6152067,714.196,runtime,9.9908766746521,2495,249.6277435119922,0,0.0,0,0.0,0.0,True,good,当前QC指标正常。,15470.6345530086,False,False,0.0,False,15217.036057297984,False,False,0.004,False
1789617030.6253722,716.236,runtime,9.98813009262085,2505,250.6975757003741,0,0.0,0,0.0,0.0,True,good,当前QC指标正常。,15469.164891527113,False,False,0.0,False,15186.13995878467,False,False,0.004,False
1789617032.6360564,718.236,runtime,9.991108894348145,2500,250.1223864563878,0,0.0,0,0.0,0.0,True,good,当前QC指标正常。,15469.658394441454,False,False,0.0,False,15170.878429747534,False,False,0.004,False
1789617034.6443732,720.236,runtime,9.960747241973877,2500,250.88479200329394,0,0.0,0,0.0,0.0,True,good,当前QC指标正常。,15480.263044286554,False,False,0.0,False,15162.139697599496,False,False,0.0,False
1789617036.6561587,722.236,runtime,9.990610837936401,2495,249.63438577046458,0,0.0,0,0.0,0.0,True,good,当前QC指标正常。,15454.191810324335,False,False,0.0,False,15136.504387172048,False,False,0.0,False
1789617038.6707716,724.256,runtime,9.962060689926147,2500,250.85171409636595,0,0.0,0,0.0,0.0,True,good,当前QC指标正常。,15420.859614030958,False,False,0.0,False,15117.212878862538,False,False,0.0,False
1789617040.6758242,726.276,runtime,9.960462093353271,2500,250.89197434601058,0,0.0,0,0.0,0.0,True,good,当前QC指标正常。,15388.519810580141,False,False,0.0,False,15111.005451098084,False,False,0.0,False
1789617042.6908658,728.236,runtime,9.93161153793335,2490,250.61390998765657,0,0.0,0,0.0,0.0,True,good,当前QC指标正常。,15364.268160544289,False,False,0.0,False,15106.680352979285,False,False,0.0,False
1789617044.6960292,730.296,runtime,9.990562915802002,2500,250.13605550167244,0,0.0,0,0.0,0.0,True,good,当前QC指标正常。,15348.623400738761,False,False,0.0,False,15097.642127815852,False,False,0.0,False
1789617046.7061346,732.316,runtime,9.990630865097046,2505,250.63482314694417,0,0.0,0,0.0,0.0,True,good,当前QC指标正常。,15334.226340122108,False,False,0.0,False,15090.028846691377,False,False,0.0,False
1789617048.725062,734.296,runtime,9.961431741714478,2495,250.36561657659402,0,0.0,0,0.0,0.0,True,good,当前QC指标正常。,15318.873019262108,False,False,0.0,False,15073.873086173015,False,False,0.0,False
1789617050.7316666,736.316,runtime,9.961259365081787,2500,250.87189364429142,0,0.0,0,0.0,0.0,True,good,当前QC指标正常。,15323.543448975808,False,False,0.0,False,15052.112555049696,False,False,0.0,False
1789617052.739578,738.356,runtime,9.993302822113037,2505,250.56780971944377,0,0.0,0,0.0,0.0,True,good,当前QC指标正常。,15349.554755404351,False,False,0.0,False,15030.071471089639,False,False,0.0,False
1789617054.7467728,740.356,runtime,9.990624189376831,2505,250.63499062076,0,0.0,0,0.0,0.0,True,good,当前QC指标正常。,15370.746117297174,False,False,0.0,False,15021.147468881389,False,False,0.0,False
1789617056.7514014,742.316,runtime,9.934087038040161,2490,250.55145887779946,0,0.0,0,0.0,0.0,True,good,当前QC指标正常。,15338.872607197081,False,False,0.0,False,15012.585577039026,False,False,0.0,False
1789617058.7567647,744.356,runtime,9.961808681488037,2495,250.3561431203335,0,0.0,0,0.0,0.0,True,good,当前QC指标正常。,15279.676185587368,False,False,0.0,False,14999.882251162619,False,False,0.0,False
1789617060.7723022,746.336,runtime,9.930286407470703,2490,250.6473527417586,0,0.0,0,0.0,0.0,True,good,当前QC指标正常。,15246.891422792036,False,False,0.0,False,14995.200460082704,False,False,0.0,False
1789617062.7915225,748.376,runtime,9.965754747390747,2500,250.75872960392618,0,0.0,0,0.0,0.0,True,good,当前QC指标正常。,15233.82226588132,False,False,0.0,False,14990.434765261127,False,False,0.0,False
1789617064.797143,750.376,runtime,9.96070909500122,2495,250.38378053341737,0,0.0,0,0.0,0.0,True,good,当前QC指标正常。,15235.069783843493,False,False,0.0,False,14975.42551989049,False,False,0.0,False
1789617066.807462,752.416,runtime,9.990701913833618,2525,252.63490210884436,0,0.0,0,0.0,0.0,True,good,当前QC指标正常。,15234.984452112974,False,False,0.0,False,14955.194294147706,False,False,0.0,False
1789617068.817595,754.396,runtime,9.961266040802002,2510,251.87561397546966,0,0.0,0,0.0,0.0,True,good,当前QC指标正常。,15250.07887051126,False,False,0.0,False,14966.517293194314,False,False,0.0,False
1789617070.829971,756.416,runtime,9.962257146835327,2505,251.34866156264962,0,0.0,0,0.0,0.0,True,good,当前QC指标正常。,15285.931606983297,False,False,0.0,False,14985.818369658911,False,False,0.0,False
1789617072.8388808,758.456,runtime,9.992278814315796,2505,250.59348788512133,0,0.0,0,0.0,0.0,True,good,当前QC指标正常。,15334.537712358077,False,False,0.0,False,15012.92534574522,False,False,0.0,False
1789617074.8458292,760.376,runtime,9.874225378036499,2485,251.5640371674346,0,0.0,0,0.0,0.0,True,good,当前QC指标正常。,15319.736749908,False,False,0.0,False,14995.547112231026,False,False,0.0,False
1789617076.8535075,762.436,runtime,9.961607933044434,2495,250.36118835062322,0,0.0,0,0.0,0.0,True,good,当前QC指标正常。,15264.653426434217,False,False,0.0,False,14969.484749176148,False,False,0.0,False
1789617078.8655386,764.456,runtime,9.963478565216064,2500,250.8160160773937,0,0.0,0,0.0,0.0,True,good,当前QC指标正常。,15310.08504494459,False,False,0.0,False,15027.576418343317,False,False,0.0,False
1789617080.8776565,766.496,runtime,9.989952802658081,2505,250.65183484488006,0,0.0,0,0.0,0.0,True,good,当前QC指标正常。,15548.389716529427,False,False,0.0,False,15304.87226438181,False,False,0.0,False
1789617082.885094,768.476,runtime,9.962960004806519,2505,251.33092964259347,0,0.0,0,0.0,0.0,True,good,当前QC指标正常。,15635.918029482775,False,False,0.0,False,15365.446586773849,False,False,0.0,False
1789617084.8908215,770.476,runtime,9.961894273757935,2495,250.3539920685372,0,0.0,0,0.0,0.0,True,good,当前QC指标正常。,16402.60056197545,False,False,0.0,False,15477.076188835956,False,False,0.0,False
1789617086.9092414,772.416,runtime,9.991353988647461,2480,248.11452009574776,0,0.0,0,0.0,0.0,True,good,当前QC指标正常。,16513.79273064787,False,False,0.0,False,15622.058366836643,False,False,0.0,False
1789617088.9195685,774.516,runtime,9.991538047790527,2500,250.11164327724447,0,0.0,0,0.0,0.0,True,good,当前QC指标正常。,16331.134644860627,False,False,0.0,False,15698.724768807515,False,False,0.0,False
1789617090.9262655,776.496,runtime,9.9705650806427,2495,250.13627410566357,0,0.0,0,0.0,0.0,True,good,当前QC指标正常。,16400.333398410312,False,False,0.0,False,15615.237390321183,False,False,0.0,False
1789617092.936014,778.516,runtime,9.95974588394165,2495,250.40799525027433,0,0.0,0,0.0,0.0,True,good,当前QC指标正常。,16515.38066289692,False,False,0.0,False,15565.954436001412,False,False,0.0,False
1789617094.9433951,780.532,runtime,9.933258533477783,2504,251.98176324155958,0,0.0,0,0.0,0.0,True,good,当前QC指标正常。,16109.430273525666,False,False,0.0,False,15470.1908542686,False,False,0.0,False
1789617096.955092,782.532,runtime,9.958820581436157,2494,250.33084787641445,0,0.0,0,0.0,0.0,True,good,当前QC指标正常。,15066.548104597156,False,False,0.0,False,14797.631331504235,False,False,0.0,False
1789617098.9637935,784.552,runtime,9.962541818618774,2504,251.24110348246654,0,0.0,0,0.0,0.0,True,good,当前QC指标正常。,14210.698483464137,False,False,0.0,False,14098.196652374227,False,False,0.0,False
1789617100.9796314,786.576,runtime,9.991109609603882,2500,250.1223685503214,0,0.0,0,0.0,0.0,True,good,当前QC指标正常。,13281.498616523513,False,False,0.0,False,13295.6863481285,False,False,0.0,False
1789617102.9895802,788.572,runtime,9.963676691055298,2499,250.71066409075,0,0.0,0,0.0,0.0,True,good,当前QC指标正常。,12543.457228217767,False,False,0.0,False,12641.389151177018,False,False,0.0,False
1789617104.9999247,790.536,runtime,9.99087643623352,2486,248.7269275984385,0,0.0,0,0.0,0.0,True,good,当前QC指标正常。,12599.674939056718,False,False,0.0,False,12705.729783281347,False,False,0.0,False
1789617107.01194,792.532,runtime,9.902564525604248,2485,250.84411150034168,0,0.0,0,0.0,0.0,True,good,当前QC指标正常。,13400.709542628922,False,False,0.0,False,13430.080205227834,False,False,0.0,False
1789617109.0197418,794.592,runtime,9.90045714378357,2505,252.91761417019464,0,0.0,0,0.0,0.0,True,good,当前QC指标正常。,14416.562974012095,False,False,0.0,False,14340.133409065156,False,False,0.0,False
1789617111.0277753,796.612,runtime,9.969138383865356,2505,251.17516715914203,0,0.0,0,0.0,0.0,True,good,当前QC指标正常。,15488.176940851132,False,False,0.0,False,15128.966950605485,False,False,0.0,False
1789617113.0352561,798.612,runtime,9.930626630783081,2495,251.1422584622271,0,0.0,0,0.0,0.0,True,good,当前QC指标正常。,16111.214893192042,False,False,0.0,False,15502.816878160897,False,False,0.0,False
1789617115.043677,800.632,runtime,9.960589170455933,2505,251.39075180684145,0,0.0,0,0.0,0.0,True,good,当前QC指标正常。,18071.16539798549,False,False,0.0,False,17604.12124179292,False,False,0.0,False
1789617117.0564554,802.632,runtime,9.930316686630249,2505,252.1571143215682,0,0.0,0,0.0,0.0,True,good,当前QC指标正常。,27878.364624567494,False,False,0.0,False,25256.09849014879,False,False,0.0,False
1789617119.0693738,804.652,runtime,9.961542129516602,2500,250.86477249293807,0,0.0,0,0.0,0.0,True,good,当前QC指标正常。,34306.40642974006,False,False,0.0,False,31316.214622611784,False,False,0.0,False
1789617121.0799437,806.692,runtime,9.99056100845337,2520,252.13799283829852,0,0.0,0,0.0,0.0,True,good,当前QC指标正常。,34819.272614312904,False,False,0.0,False,32250.932064404384,False,False,0.0,False
1789617123.0913472,808.692,runtime,9.991492986679077,2505,250.61319698051122,0,0.0,0,0.0,0.0,True,good,当前QC指标正常。,34636.878847902146,False,False,0.0,False,33082.20977379448,False,False,0.0,False
1789617125.1009514,810.692,runtime,9.990045547485352,2510,251.15000608095866,0,0.0,0,0.0,0.0,True,good,当前QC指标正常。,33362.48239906067,False,False,0.0,False,33244.98261649958,False,False,0.0,False
1789617127.1109633,812.712,runtime,9.990876913070679,2505,250.62865069672847,0,0.0,0,0.0,0.0,True,good,当前QC指标正常。,31838.68047815094,False,False,0.0,False,32368.448037583395,False,False,0.0,False
1789617129.1236846,814.732,runtime,9.993546962738037,2505,250.56168839116086,0,0.0,0,0.0,0.0,True,good,当前QC指标正常。,27512.256713064595,False,False,0.0,False,27861.35654572534,False,False,0.0,False
1789617131.1313198,816.732,runtime,9.991364479064941,2505,250.61642033444676,0,0.0,0,0.0,0.0,True,good,当前QC指标正常。,25146.885733797368,False,False,0.0,False,24846.664429955672,False,False,0.0,False
1789617133.1420612,818.732,runtime,9.99137830734253,2500,250.11564201943176,0,0.0,0,0.0,0.0,True,good,当前QC指标正常。,24677.897272933416,False,False,0.0,False,24076.47311203381,False,False,0.0,False
1789617135.1506708,820.752,runtime,9.98999309539795,2505,250.65082388830757,0,0.0,0,0.0,0.0,True,good,当前QC指标正常。,24502.743539279658,False,False,0.0,False,23453.3441902357,False,False,0.0,False
1789617137.1555634,822.732,runtime,9.960301399230957,2495,250.3940292602555,0,0.0,0,0.0,0.0,True,good,当前QC指标正常。,25184.582597187335,False,False,0.0,False,22312.601733210955,False,False,0.0,False
1789617139.1675396,824.712,runtime,9.958797216415405,2485,249.42771160211427,0,0.0,0,0.0,0.0,True,good,当前QC指标正常。,23583.1932091912,False,False,0.0,False,21288.64152803769,False,False,0.0,False
1789617141.1809807,826.792,runtime,9.990333318710327,2515,251.6432555149759,0,0.0,0,0.0,0.0,True,good,当前QC指标正常。,20920.353695554593,False,False,0.0,False,19970.892963030026,False,False,0.0,False
1789617143.1927848,828.792,runtime,9.991828441619873,2505,250.6047831615944,0,0.0,0,0.0,0.0,True,good,当前QC指标正常。,18857.117942679673,False,False,0.0,False,17897.02599916335,False,False,0.0,False
1789617145.2142015,830.752,runtime,9.899736881256104,2490,251.42082358901942,0,0.0,0,0.0,0.0,True,good,当前QC指标正常。,16886.946678354605,False,False,0.0,False,16210.28659400423,False,False,0.0,False
1789617147.2209077,832.792,runtime,9.967190980911255,2497,250.4216087341192,0,0.0,0,0.0,0.0,True,good,当前QC指标正常。,15587.86396300856,False,False,0.0,False,15685.250558124519,False,False,0.0,False
1789617149.2249227,834.832,runtime,9.993778705596924,2505,250.55587818826305,0,0.0,0,0.0,0.0,True,good,当前QC指标正常。,15119.637838940385,False,False,0.0,False,15461.386094311687,False,False,0.0,False
1789617151.234138,836.812,runtime,9.963858366012573,2500,250.8064555116787,0,0.0,0,0.0,0.0,True,good,当前QC指标正常。,14857.733069054108,False,False,0.0,False,15267.256459424314,False,False,0.0,False
1789617153.2436957,838.832,runtime,9.962169647216797,2500,250.84897050495056,0,0.0,0,0.0,0.0,True,good,当前QC指标正常。,14708.967539665748,False,False,0.0,False,15082.055542998767,False,False,0.0,False
1789617155.2524524,840.832,runtime,9.966347694396973,2520,252.75056392184354,0,0.0,0,0.0,0.0,True,good,当前QC指标正常。,14604.687351739283,False,False,0.0,False,14915.682810922171,False,False,0.0,False
1789617157.2723784,842.812,runtime,9.90404987335205,2490,251.3113354464149,0,0.0,0,0.0,0.0,True,good,当前QC指标正常。,14469.843083681524,False,False,0.0,False,14758.929737943909,False,False,0.0,False
1789617159.2867558,844.892,runtime,9.96150803565979,2500,250.86563109262013,0,0.0,0,0.0,0.0,True,good,当前QC指标正常。,14290.849977475775,False,False,0.0,False,14610.101055227624,False,False,0.0,False
1789617161.3022797,846.892,runtime,9.96125864982605,2500,250.87191165783446,0,0.0,0,0.0,0.0,True,good,当前QC指标正常。,14113.951197612434,False,False,0.0,False,14481.703403319767,False,False,0.0,False
1789617163.3100727,848.912,runtime,9.962025880813599,2500,250.85259061743238,0,0.0,0,0.0,0.0,True,good,当前QC指标正常。,13994.68171645272,False,False,0.0,False,14371.588113469526,False,False,0.0,False
1789617165.3255606,850.912,runtime,9.962814092636108,2495,250.33087808427635,0,0.0,0,0.0,0.0,True,good,当前QC指标正常。,14045.370350519142,False,False,0.0,False,14459.747167235655,False,False,0.0,False
1789617167.3436594,852.952,runtime,9.991367101669312,2505,250.61635455088455,0,0.0,0,0.0,0.0,True,good,当前QC指标正常。,45252.67319188119,False,False,0.0,False,42305.072086146494,False,False,0.0,False
1789617169.3546665,854.972,runtime,9.99268627166748,2505,250.58326979599624,0,0.0,0,0.0,0.0,True,good,当前QC指标正常。,91416.77531841434,False,False,0.0,False,87585.47105421603,False,False,0.0,False
1789617171.3616881,856.952,runtime,9.931228399276733,2500,251.6305032499299,0,0.0,0,0.0,0.0,True,good,当前QC指标正常。,210681.46067244624,False,False,0.0,False,127281.69265994961,False,False,0.0,False
1789617173.3735743,858.972,runtime,9.99099612236023,2510,251.1261108774492,0,0.0,0,0.0,0.0,True,good,当前QC指标正常。,253564.09869011742,False,False,0.0,False,144710.62377772314,False,False,0.0,False
1789617175.3801877,860.972,runtime,9.966119289398193,2500,250.74955731850395,0,0.0,0,0.0,0.0,True,good,当前QC指标正常。,258066.79145643892,False,False,0.0,False,155321.12948688224,False,False,0.0,False
1789617177.3951488,863.012,runtime,9.991850137710571,2505,250.60423900370273,0,0.0,0,0.0,0.0,True,good,当前QC指标正常。,258865.08271745624,False,False,0.0,False,155619.73336481434,False,False,0.0,False
1789617179.404604,865.012,runtime,9.990981340408325,2505,250.62603108591765,0,0.0,0,0.0,0.0,True,good,当前QC指标正常。,246766.68558845797,False,False,0.0,False,141160.47951224793,False,False,0.0,False
1789617181.4151618,867.032,runtime,9.99118447303772,2505,250.62093556147542,0,0.0,0,0.0,0.0,True,good,当前QC指标正常。,157247.55256332885,False,False,0.0,False,111443.47580595393,False,False,0.0,False
1789617183.424578,869.032,runtime,9.990862607955933,2505,250.6290095517891,0,0.0,0,0.0,0.0,True,good,当前QC指标正常。,69817.73390917991,False,False,0.0,False,85688.86437336297,False,False,0.0,False
1789617185.434691,871.032,runtime,9.99155306816101,2505,250.61168998633684,0,0.0,0,0.0,0.0,True,good,当前QC指标正常。,54658.00067081357,False,False,0.0,False,59343.2385272247,False,False,0.0,False
1789617187.4412367,873.032,runtime,9.961007118225098,2500,250.87824658088232,0,0.0,0,0.0,0.0,True,good,当前QC指标正常。,29269.344376009834,False,False,0.0,False,31695.275855087148,False,False,0.0,False
1789617189.4479773,875.012,runtime,9.90176010131836,2490,251.3694509391926,0,0.0,0,0.0,0.0,True,good,当前QC指标正常。,20606.492334486895,False,False,0.0,False,22851.384962512017,False,False,0.0,False
1789617191.460975,877.012,runtime,9.900995254516602,2495,251.8938688373066,0,0.0,0,0.0,0.0,True,good,当前QC指标正常。,20567.72254192852,False,False,0.0,False,22407.98981513892,False,False,0.0,False
1789617193.47535,879.052,runtime,9.964863777160645,2495,250.27938723218875,0,0.0,0,0.0,0.0,True,good,当前QC指标正常。,20396.873874465076,False,False,0.0,False,22058.22858383342,False,False,0.0,False
1789617195.4810426,880.972,runtime,9.839048385620117,2475,251.4470813677245,0,0.0,0,0.0,0.0,True,good,当前QC指标正常。,20241.610660629573,False,False,0.0,False,21835.725894966457,False,False,0.0,False
1789617197.4955287,883.092,runtime,9.991252660751343,2510,251.11966288832926,0,0.0,0,0.0,0.0,True,good,当前QC指标正常。,20038.228759911293,False,False,0.0,False,21614.208874337455,False,False,0.0,False
1789617199.5046499,885.092,runtime,9.931690692901611,2500,251.6187905233585,0,0.0,0,0.0,0.0,True,good,当前QC指标正常。,19888.162954236577,False,False,0.0,False,21345.902843702654,False,False,0.0,False
1789617201.518071,887.072,runtime,9.935760259628296,2500,251.51573052281853,0,0.0,0,0.0,0.0,True,good,当前QC指标正常。,19401.585526089126,False,False,0.0,False,20723.781197590255,False,False,0.0,False
1789617203.5342572,889.132,runtime,9.990697383880615,2520,252.134551093926,0,0.0,0,0.0,0.0,True,good,当前QC指标正常。,18143.16628475904,False,False,0.0,False,19298.092374353604,False,False,0.0,False
1789617205.5396225,891.152,runtime,9.991819620132446,2510,251.10541376714144,0,0.0,0,0.0,0.0,True,good,当前QC指标正常。,17750.597058871248,False,False,0.0,False,18366.62952675159,False,False,0.0,False
1789617207.5483246,893.092,runtime,9.931005001068115,2490,250.62921625075197,0,0.0,0,0.0,0.0,True,good,当前QC指标正常。,17064.33502205021,False,False,0.0,False,17065.89701772325,False,False,0.0,False
1789617209.556982,895.172,runtime,9.992137670516968,2505,250.59702763987733,0,0.0,0,0.0,0.0,True,good,当前QC指标正常。,15807.15623307903,False,False,0.0,False,15598.939752398483,False,False,0.0,False
1789617211.5735188,897.152,runtime,9.93281865119934,2500,251.59021701239433,0,0.0,0,0.0,0.0,True,good,当前QC指标正常。,14527.265116254366,False,False,0.0,False,14626.635086919343,False,False,0.0,False
1789617213.5879989,899.172,runtime,9.931984901428223,2495,251.1079129451115,0,0.0,0,0.0,0.0,True,good,当前QC指标正常。,14592.622238374837,False,False,0.0,False,15170.948562738826,False,False,0.0,False
1789617215.5953689,901.192,runtime,9.992783308029175,2500,250.08047537587052,0,0.0,0,0.0,0.0,True,good,当前QC指标正常。,15192.508008290986,False,False,0.0,False,15897.816248657327,False,False,0.0,False
1789617217.6102288,903.172,runtime,9.93625545501709,2490,250.49678032817033,0,0.0,0,0.0,0.0,True,good,当前QC指标正常。,16256.103938946519,False,False,0.0,False,16954.127148660118,False,False,0.0,False
1789617219.624035,905.212,runtime,9.96134901046753,2510,251.87351606328687,0,0.0,0,0.0,0.0,True,good,当前QC指标正常。,17266.09788308201,False,False,0.0,False,18002.829792403452,False,False,0.0,False
1789617221.6299117,907.232,runtime,9.961865901947021,2500,250.85661909096535,0,0.0,0,0.0,0.0,True,good,当前QC指标正常。,18320.6884086589,False,False,0.0,False,19047.56679359236,False,False,0.0,False
1789617223.6392245,909.232,runtime,9.960753440856934,2495,250.3826658102119,0,0.0,0,0.0,0.0,True,good,当前QC指标正常。,18934.993089636333,False,False,0.0,False,19591.91648755712,False,False,0.0,False
1789617225.6547127,911.252,runtime,9.961687564849854,2500,250.86111000086018,0,0.0,0,0.0,0.0,True,good,当前QC指标正常。,18921.454265425396,False,False,0.0,False,19555.99362280645,False,False,0.0,False
1789617227.6737947,913.252,runtime,9.965885162353516,2505,251.25715972114034,0,0.0,0,0.0,0.0,True,good,当前QC指标正常。,18843.88408478485,False,False,0.0,False,19496.36582387856,False,False,0.0,False
1789617229.6871161,915.292,runtime,9.960322141647339,2510,251.89948320135719,0,0.0,0,0.0,0.0,True,good,当前QC指标正常。,18676.28080200456,False,False,0.0,False,19388.84534179156,False,False,0.0,False
1789617231.6976025,917.272,runtime,9.961451530456543,2495,250.36511921728916,0,0.0,0,0.0,0.0,True,good,当前QC指标正常。,18529.385569438302,False,False,0.0,False,19273.7002308214,False,False,0.0,False
1789617233.7072775,919.272,runtime,9.990967512130737,2495,249.62547390649195,0,0.0,0,0.0,0.0,True,good,当前QC指标正常。,18421.40042302157,False,False,0.0,False,19179.025591611393,False,False,0.0,False
1789617235.714615,921.292,runtime,9.96577501296997,2495,250.25650255541396,0,0.0,0,0.0,0.0,True,good,当前QC指标正常。,18345.828493026886,False,False,0.0,False,19100.907923456925,False,False,0.0,False
1789617237.726048,923.272,runtime,9.905559062957764,2490,251.27304619359805,0,0.0,0,0.0,0.0,True,good,当前QC指标正常。,18287.559508785704,False,False,0.0,False,19030.585344785093,False,False,0.0,False
1789617239.733189,925.312,runtime,9.96560263633728,2505,251.26428289140682,0,0.0,0,0.0,0.0,True,good,当前QC指标正常。,18221.81689087006,False,False,0.0,False,18960.387643864062,False,False,0.0,False
1789617241.7474673,927.312,runtime,9.960744380950928,2505,251.38683458122728,0,0.0,0,0.0,0.0,True,good,当前QC指标正常。,18165.80405569144,False,False,0.0,False,18898.35047237911,False,False,0.0,False
1789617243.7547355,929.332,runtime,9.96077561378479,2505,251.38604633706396,0,0.0,0,0.0,0.0,True,good,当前QC指标正常。,18109.599347794658,False,False,0.0,False,18835.665819063954,False,False,0.0,False
1789617245.7599843,931.352,runtime,9.962049007415771,2500,250.8520082705615,0,0.0,0,0.0,0.0,True,good,当前QC指标正常。,18053.3789030836,False,False,0.0,False,18778.516295895224,False,False,0.0,False
1789617247.764843,933.352,runtime,9.960920095443726,2500,250.88043835860907,0,0.0,0,0.0,0.0,True,good,当前QC指标正常。,18003.442678890584,False,False,0.0,False,18724.62729629876,False,False,0.0,False
1789617249.7744708,935.312,runtime,9.930453538894653,2500,251.65013765103026,0,0.0,0,0.0,0.0,True,good,当前QC指标正常。,17964.042832690237,False,False,0.0,False,18681.166291937196,False,False,0.0,False
1789617251.7913718,937.372,runtime,9.900689363479614,2495,251.90165133344607,0,0.0,0,0.0,0.0,True,good,当前QC指标正常。,17921.71994454175,False,False,0.0,False,18631.936853538667,False,False,0.0,False
1789617253.8049555,939.392,runtime,9.962066411972046,2500,250.8515700112974,0,0.0,0,0.0,0.0,True,good,当前QC指标正常。,17871.37014519897,False,False,0.0,False,18568.105950872603,False,False,0.0,False
1789617255.8172958,941.392,runtime,9.965060710906982,2505,251.27794728428657,0,0.0,0,0.0,0.0,True,good,当前QC指标正常。,17824.532875025914,False,False,0.0,False,18506.102138015725,False,False,0.0,False
1789617257.8288782,943.372,runtime,9.991581678390503,2490,249.10970856427423,0,0.0,0,0.0,0.0,True,good,当前QC指标正常。,17795.3863419103,False,False,0.0,False,18447.112803866014,False,False,0.0,False
1789617259.8398829,945.452,runtime,9.992004156112671,2515,251.60117637281454,0,0.0,0,0.0,0.0,True,good,当前QC指标正常。,17754.26415162357,False,False,0.0,False,18391.009022752038,False,False,0.0,False
1789617261.8447642,947.432,runtime,9.964551210403442,2505,251.29079545355847,0,0.0,0,0.0,0.0,True,good,当前QC指标正常。,17702.57907132196,False,False,0.0,False,18335.013860323714,False,False,0.0,False
1789617263.8588774,949.452,runtime,9.990436315536499,2500,250.13922526223527,0,0.0,0,0.0,0.0,True,good,当前QC指标正常。,17657.030093001966,False,False,0.0,False,18277.697029040814,False,False,0.0,False
1789617265.8689814,951.468,runtime,9.928950548171997,2504,252.09109339967688,0,0.0,0,0.0,0.0,True,good,当前QC指标正常。,17611.780354933013,False,False,0.0,False,18228.15944368691,False,False,0.0,False
1789617267.8792577,953.468,runtime,9.990228414535522,2499,250.0443329569397,0,0.0,0,0.0,0.0,True,good,当前QC指标正常。,17531.49558928215,False,False,0.0,False,18150.256982632556,False,False,0.0,False
1789617269.887608,955.428,runtime,9.929921388626099,2494,251.05938933771668,0,0.0,0,0.0,0.0,True,good,当前QC指标正常。,16662.730740723015,False,False,0.0,False,17324.7891951481,False,False,0.0,False
1789617271.8997993,957.488,runtime,9.990802764892578,2499,250.02995843115903,0,0.0,0,0.0,0.0,True,good,当前QC指标正常。,15555.738328419997,False,False,0.0,False,16277.905384013042,False,False,0.0,False
1789617273.9098055,959.508,runtime,9.990616083145142,2504,250.5351000548138,0,0.0,0,0.0,0.0,True,good,当前QC指标正常。,15431.822540020563,False,False,0.0,False,16139.052028511522,False,False,0.0,False
1789617275.914939,961.468,runtime,9.931896448135376,2490,250.6067207806307,0,0.0,0,0.0,0.0,True,good,当前QC指标正常。,15359.919146594899,False,False,0.0,False,16046.61213211258,False,False,0.0,False
1789617277.9297287,963.508,runtime,9.962093591690063,2500,250.85088560948222,0,0.0,0,0.0,0.0,True,good,当前QC指标正常。,15350.873600387355,False,False,0.0,False,16019.503096359791,False,False,0.0,False
1789617279.9349434,965.488,runtime,9.901939392089844,2490,251.3648994850782,0,0.0,0,0.0,0.0,True,good,当前QC指标正常。,16208.911743668416,False,False,0.0,False,16839.010709384238,False,False,0.0,False
1789617281.9498336,967.528,runtime,9.967871904373169,2500,250.7054689279888,0,0.0,0,0.0,0.0,True,good,当前QC指标正常。,17133.35765198859,False,False,0.0,False,17712.15848613139,False,False,0.0,False
1789617283.960232,969.488,runtime,9.960158586502075,2485,249.39361943155166,0,0.0,0,0.0,0.0,True,good,当前QC指标正常。,17161.482928348363,False,False,0.0,False,17733.355448999424,False,False,0.0,False
1789617285.9666302,971.548,runtime,9.963524103164673,2505,251.3167002029598,0,0.0,0,0.0,0.0,True,good,当前QC指标正常。,17148.171795306283,False,False,0.0,False,17712.6445724257,False,False,0.0,False
1789617287.9772089,973.548,runtime,9.93077564239502,2495,251.1384900644597,0,0.0,0,0.0,0.0,True,good,当前QC指标正常。,17128.959059162076,False,False,0.0,False,17688.90584884532,False,False,0.0,False
1789617289.9849088,975.568,runtime,9.961874961853027,2505,251.35830449474204,0,0.0,0,0.0,0.0,True,good,当前QC指标正常。,17106.434814922028,False,False,0.0,False,17662.162361046794,False,False,0.0,False
1789617291.9904974,977.568,runtime,9.965207815170288,2495,250.27074660734326,0,0.0,0,0.0,0.0,True,good,当前QC指标正常。,17081.60920391886,False,False,0.0,False,17630.945853068737,False,False,0.0,False
1789617294.0091047,979.588,runtime,9.96112322807312,2500,250.87532226859184,0,0.0,0,0.0,0.0,True,good,当前QC指标正常。,17065.16298198397,False,False,0.0,False,17598.04777199567,False,False,0.0,False
1789617296.0176277,981.588,runtime,9.96007227897644,2495,250.3997892931254,0,0.0,0,0.0,0.0,True,good,当前QC指标正常。,17040.519896526348,False,False,0.0,False,17563.155439942602,False,False,0.0,False
1789617298.0268455,983.608,runtime,9.96196961402893,2500,250.85400747265746,0,0.0,0,0.0,0.0,True,good,当前QC指标正常。,17016.580699526563,False,False,0.0,False,17534.613608616957,False,False,0.0,False
1789617300.0414572,985.608,runtime,9.991063117980957,2495,249.6230852061717,0,0.0,0,0.0,0.0,True,good,当前QC指标正常。,16986.19670616087,False,False,0.0,False,17504.40353301427,False,False,0.0,False
1789617302.0511816,987.608,runtime,9.991291761398315,2495,249.61737276411554,0,0.0,0,0.0,0.0,True,good,当前QC指标正常。,16952.5460072237,False,False,0.0,False,17469.752736409806,False,False,0.0,False
1789617304.056105,989.628,runtime,9.960550785064697,2505,251.391720601898,0,0.0,0,0.0,0.0,True,good,当前QC指标正常。,16934.253989225657,False,False,0.0,False,17434.844461315453,False,False,0.0,False
1789617306.067902,991.648,runtime,9.964016199111938,2500,250.80248265982627,0,0.0,0,0.0,0.0,True,good,当前QC指标正常。,16947.11101089209,False,False,0.0,False,17419.101323664552,False,False,0.0,False
1789617308.0837529,993.648,runtime,9.960905313491821,2495,250.3788482580929,0,0.0,0,0.0,0.0,True,good,当前QC指标正常。,16940.576620512747,False,False,0.0,False,17406.04306628222,False,False,0.0,False
1789617310.0899112,995.668,runtime,9.96180009841919,2505,251.3601934651703,0,0.0,0,0.0,0.0,True,good,当前QC指标正常。,16913.634889066845,False,False,0.0,False,17384.000609916537,False,False,0.0,False
1789617312.1019278,997.688,runtime,9.99080491065979,2500,250.1299967666936,0,0.0,0,0.0,0.0,True,good,当前QC指标正常。,16862.590818447778,False,False,0.0,False,17354.849230261305,False,False,0.0,False
1789617314.1119533,999.708,runtime,9.990319728851318,2505,250.64262886087917,0,0.0,0,0.0,0.0,True,good,当前QC指标正常。,16810.47501154708,False,False,0.0,False,17330.170725989934,False,False,0.0,False
1789617316.1221986,1001.708,runtime,9.991445779800415,2505,250.61438106007705,0,0.0,0,0.0,0.0,True,good,当前QC指标正常。,16782.273454633712,False,False,0.0,False,17313.653823420595,False,False,0.0,False
1789617318.1323748,1003.688,runtime,9.989014863967896,2495,249.67427058260665,0,0.0,0,0.0,0.0,True,good,当前QC指标正常。,16759.38726382801,False,False,0.0,False,17287.95595969317,False,False,0.0,False
1789617320.141941,1005.728,runtime,9.990716934204102,2500,250.13219936643915,0,0.0,0,0.0,0.0,True,good,当前QC指标正常。,16735.532572395496,False,False,0.0,False,17255.36763172663,False,False,0.0,False
1789617322.1517036,1007.748,runtime,9.989948987960815,2505,250.6519305571675,0,0.0,0,0.0,0.0,True,good,当前QC指标正常。,16711.536495021006,False,False,0.0,False,17221.01350781703,False,False,0.0,False
1789617324.171505,1009.708,runtime,9.931541442871094,2490,250.61567877629062,0,0.0,0,0.0,0.0,True,good,当前QC指标正常。,16700.045793701694,False,False,0.0,False,17217.56837197123,False,False,0.0,False
1789617326.183402,1011.768,runtime,9.96393346786499,2495,250.30275523652196,0,0.0,0,0.0,0.0,True,good,当前QC指标正常。,16687.933818749956,False,False,0.0,False,17214.656247921233,False,False,0.0,False
1789617328.1995387,1013.768,runtime,9.84788465499878,2495,253.25235696521358,0,0.0,0,0.0,0.0,True,good,当前QC指标正常。,16667.784742826265,False,False,0.0,False,17193.429702832833,False,False,0.0,False
1789617330.2138748,1015.788,runtime,9.90382981300354,2505,252.83148512026082,0,0.0,0,0.0,0.0,True,good,当前QC指标正常。,16651.8530734613,False,False,0.0,False,17165.949514513977,False,False,0.0,False
1789617332.2220125,1017.808,runtime,9.931392431259155,2500,251.62634719119274,0,0.0,0,0.0,0.0,True,good,当前QC指标正常。,16655.298335852378,False,False,0.004,False,17147.587602585787,False,False,0.0,False
1789617334.2342541,1019.808,runtime,9.96483325958252,2525,253.29074097379768,0,0.0,0,0.0,0.0,True,good,当前QC指标正常。,16663.684208716353,False,False,0.004,False,17135.25358879816,False,False,0.0,False
1789617336.2514367,1021.828,runtime,9.961953401565552,2500,250.8544157220485,0,0.0,0,0.0,0.0,True,good,当前QC指标正常。,16637.080055367907,False,False,0.004,False,17102.515029196846,False,False,0.0,False
1789617338.2638378,1023.868,runtime,9.991313457489014,2505,250.61770013061903,0,0.0,0,0.0,0.0,True,good,当前QC指标正常。,16591.03529987558,False,False,0.004,False,17059.464763666536,False,False,0.0,False
1789617340.2730088,1025.868,runtime,9.991048574447632,2505,250.62434451615474,0,0.0,0,0.0,0.0,True,good,当前QC指标正常。,16550.140319814458,False,False,0.004,False,17030.767657277353,False,False,0.0,False
1789617342.283846,1027.868,runtime,9.990985631942749,2500,250.12547230678672,0,0.0,0,0.0,0.0,True,good,当前QC指标正常。,16529.36018112345,False,False,0.0,False,17018.387089462027,False,False,0.0,False
1789617344.293553,1029.888,runtime,9.990950584411621,2505,250.62680260943995,0,0.0,0,0.0,0.0,True,good,当前QC指标正常。,16512.84152216176,False,False,0.0,False,16997.961318305956,False,False,0.0,False
1789617346.3031154,1031.888,runtime,9.98996901512146,2500,250.15092601562154,0,0.0,0,0.0,0.0,True,good,当前QC指标正常。,16490.56209371098,False,False,0.0,False,16970.314849927418,False,False,0.0,False
1789617348.3137193,1033.908,runtime,9.990435123443604,2505,250.6397338114034,0,0.0,0,0.0,0.0,True,good,当前QC指标正常。,16467.190672687128,False,False,0.0,False,16940.212928393794,False,False,0.0,False
1789617350.3214726,1035.888,runtime,9.960300922393799,2495,250.39404124756172,0,0.0,0,0.0,0.0,True,good,当前QC指标正常。,16442.009148086043,False,False,0.0,False,16912.448264253475,False,False,0.0,False
1789617352.3308008,1037.908,runtime,9.961026191711426,2500,250.87776619636026,0,0.0,0,0.0,0.0,True,good,当前QC指标正常。,16421.364038500695,False,False,0.0,False,16885.610788383245,False,False,0.0,False
1789617354.342755,1039.908,runtime,9.959816217422485,2495,250.40622693793296,0,0.0,0,0.0,0.0,True,good,当前QC指标正常。,16391.423121693177,False,False,0.0,False,16855.571841990022,False,False,0.0,False
1789617356.3538392,1041.948,runtime,9.988255977630615,2505,250.6944160830359,0,0.0,0,0.0,0.0,True,good,当前QC指标正常。,16364.783744392449,False,False,0.0,False,16832.518157923183,False,False,0.0,False
1789617358.3641953,1043.968,runtime,9.900959014892578,2505,252.9047939935511,0,0.0,0,0.0,0.0,True,good,当前QC指标正常。,16339.886660019769,False,False,0.0,False,16811.257946935537,False,False,0.0,False
1789617360.3749712,1045.968,runtime,9.99103832244873,2505,250.62460168667315,0,0.0,0,0.0,0.0,True,good,当前QC指标正常。,16308.139811015508,False,False,0.0,False,16773.574724663747,False,False,0.0,False
1789617362.3848062,1047.968,runtime,9.990588426589966,2500,250.13541678375097,0,0.0,0,0.0,0.0,True,good,当前QC指标正常。,16270.137065679066,False,False,0.0,False,16748.75053655869,False,False,0.0,False
1789617364.3938699,1049.988,runtime,9.988490104675293,2505,250.68853988531836,0,0.0,0,0.0,0.0,True,good,当前QC指标正常。,16238.954997688661,False,False,0.0,False,16705.420649596155,False,False,0.0,False
1789617366.4054103,1051.968,runtime,9.930880546569824,2505,252.14279723311083,0,0.0,0,0.0,0.0,True,good,当前QC指标正常。,16211.916423509132,False,False,0.004,False,16666.294620690536,False,False,0.004,False
1789617368.4158752,1053.988,runtime,9.99152159690857,2505,250.61247936197736,0,0.0,0,0.0,0.0,True,good,当前QC指标正常。,16179.314206157198,False,False,0.004,False,16634.13770623162,False,False,0.004,False
1789617370.4285197,1056.008,runtime,9.967020988464355,2500,250.7268724418556,0,0.0,0,0.0,0.0,True,good,当前QC指标正常。,16144.879354368277,False,False,0.004,False,16593.69976471837,False,False,0.004,False
1789617372.4350271,1057.928,runtime,9.959194660186768,2480,248.9157090090968,0,0.0,0,0.0,0.0,True,good,当前QC指标正常。,16113.768190256256,False,False,0.004,False,16568.82398156673,False,False,0.004,False
1789617374.4452808,1060.028,runtime,9.989549160003662,2510,251.16248589531745,0,0.0,0,0.0,0.0,True,good,当前QC指标正常。,16082.78919708987,False,False,0.004,False,16549.53855046721,False,False,0.004,False
1789617376.4510038,1062.028,runtime,9.93517541885376,2515,253.04032329708426,0,0.0,0,0.0,0.0,True,good,当前QC指标正常。,16063.06940118658,False,False,0.0,False,16527.54754957903,False,False,0.0,False
1789617378.465906,1064.048,runtime,9.991347074508667,2505,250.61685689896188,0,0.0,0,0.0,0.0,True,good,当前QC指标正常。,16044.380553767365,False,False,0.0,False,16507.444882783944,False,False,0.0,False
1789617380.4739134,1066.048,runtime,9.960898876190186,2500,250.8809727978897,0,0.0,0,0.0,0.0,True,good,当前QC指标正常。,16020.167645873747,False,False,0.0,False,16481.925692805024,False,False,0.0,False
1789617382.4867024,1068.088,runtime,9.990946292877197,2505,250.62691026426256,0,0.0,0,0.0,0.0,True,good,当前QC指标正常。,15992.354847301262,False,False,0.0,False,16448.054707302446,False,False,0.0,False
1789617384.496664,1070.088,runtime,9.990681409835815,2505,250.6335551381725,0,0.0,0,0.0,0.0,True,good,当前QC指标正常。,15980.335635867255,False,False,0.0,False,16428.308971119433,False,False,0.0,False
1789617386.5055885,1072.088,runtime,9.990359544754028,2500,250.14114745372035,0,0.0,0,0.0,0.0,True,good,当前QC指标正常。,15761.867728708174,False,False,0.0,False,16215.488533909158,False,False,0.0,False
1789617388.513661,1074.048,runtime,9.929517030715942,2490,250.6667738521958,0,0.0,0,0.0,0.0,True,good,当前QC指标正常。,14857.576245315517,False,False,0.0,False,15358.6610947268,False,False,0.0,False
1789617390.5256581,1076.088,runtime,9.961331129074097,2495,250.36814534964833,0,0.0,0,0.0,0.0,True,good,当前QC指标正常。,13896.669356630595,False,False,0.0,False,14449.353345665046,False,False,0.0,False
1789617392.5326176,1078.108,runtime,9.961501836776733,2500,250.86578720228468,0,0.0,0,0.0,0.0,True,good,当前QC指标正常。,13872.213457846987,False,False,0.0,False,14401.867183543423,False,False,0.0,False
1789617394.538387,1080.128,runtime,9.96549940109253,2500,250.76515480258138,0,0.0,0,0.0,0.0,True,good,当前QC指标正常。,13887.837338854311,False,False,0.0,False,14402.131892299834,False,False,0.0,False
1789617396.546884,1082.128,runtime,9.96016001701355,2500,250.89958351384993,0,0.0,0,0.0,0.0,True,good,当前QC指标正常。,14122.751469607472,False,False,0.0,False,14615.609517587964,False,False,0.0,False
1789617398.5662827,1084.148,runtime,9.989990949630737,2500,250.1503767721002,0,0.0,0,0.0,0.0,True,good,当前QC指标正常。,15036.234569021377,False,False,0.0,False,15483.932860430023,False,False,0.0,False
1789617400.574721,1086.148,runtime,9.961817979812622,2500,250.85782585710376,0,0.0,0,0.0,0.0,True,good,当前QC指标正常。,15918.749763229618,False,False,0.0,False,16294.502962253306,False,False,0.0,False
1789617402.5866425,1088.168,runtime,9.991191387176514,2500,250.1203213069679,0,0.0,0,0.0,0.0,True,good,当前QC指标正常。,16142.006814741795,False,False,0.0,False,16377.75119307243,False,False,0.0,False
1789617404.5973542,1090.188,runtime,9.991624593734741,2505,250.6098959692837,0,0.0,0,0.0,0.0,True,good,当前QC指标正常。,16299.904646635294,False,False,0.0,False,16400.46761686817,False,False,0.0,False
1789617406.60675,1092.188,runtime,9.990925550460815,2500,250.1269764626299,0,0.0,0,0.0,0.0,True,good,当前QC指标正常。,16352.612423311113,False,False,0.0,False,16407.01491854554,False,False,0.0,False
1789617408.6150594,1094.188,runtime,9.901962280273438,2505,252.87916971653556,0,0.0,0,0.0,0.0,True,good,当前QC指标正常。,16201.19600073114,False,False,0.0,False,16400.680919550177,False,False,0.0,False
1789617410.6260986,1096.188,runtime,9.960526704788208,2495,250.38836538644975,0,0.0,0,0.0,0.0,True,good,当前QC指标正常。,15999.10293125949,False,False,0.0,False,16358.824461728867,False,False,0.0,False
1789617412.6328297,1098.168,runtime,9.931107521057129,2490,250.62662897592466,0,0.0,0,0.0,0.0,True,good,当前QC指标正常。,15907.530317682476,False,False,0.0,False,16309.7868242013,False,False,0.0,False
1789617414.6544747,1100.228,runtime,9.965943813323975,2500,250.753972409413,0,0.0,0,0.0,0.0,True,good,当前QC指标正常。,15866.72975630978,False,False,0.0,False,16268.021299343814,False,False,0.0,False
1789617416.6604366,1102.268,runtime,9.96376085281372,2510,251.8125471961192,0,0.0,0,0.0,0.0,True,good,当前QC指标正常。,15832.705247059921,False,False,0.0,False,16229.746241002553,False,False,0.0,False
1789617418.667525,1104.268,runtime,9.99053406715393,2515,251.63819902935177,0,0.0,0,0.0,0.0,True,good,当前QC指标正常。,15800.983778914857,False,False,0.0,False,16199.463119942164,False,False,0.0,False
1789617420.6780834,1106.268,runtime,9.961447715759277,2500,250.86715016799366,0,0.0,0,0.0,0.0,True,good,当前QC指标正常。,15767.972646016944,False,False,0.0,False,16169.812100882189,False,False,0.0,False
1789617422.6876953,1108.288,runtime,9.990470886230469,2510,251.13931350904298,0,0.0,0,0.0,0.0,True,good,当前QC指标正常。,15735.492986983534,False,False,0.0,False,16139.782053295237,False,False,0.0,False
1789617424.6961815,1110.268,runtime,9.961899518966675,2495,250.35386025040904,0,0.0,0,0.0,0.0,True,good,当前QC指标正常。,15708.295551039613,False,False,0.0,False,16116.427994668978,False,False,0.0,False
1789617426.7054832,1112.268,runtime,9.959957361221313,2495,250.40267840003884,0,0.0,0,0.0,0.0,True,good,当前QC指标正常。,15685.064377188817,False,False,0.0,False,16092.498346565102,False,False,0.0,False
1789617428.7182443,1114.308,runtime,9.991081714630127,2505,250.62351320111276,0,0.0,0,0.0,0.0,True,good,当前QC指标正常。,15665.808526075902,False,False,0.0,False,16071.847997560095,False,False,0.0,False
1789617430.7282064,1116.328,runtime,9.990686893463135,2505,250.63341757195462,0,0.0,0,0.0,0.0,True,good,当前QC指标正常。,15649.34393328278,False,False,0.0,False,16052.270939172893,False,False,0.0,False
1789617432.734719,1118.308,runtime,9.9651460647583,2500,250.77404623678356,0,0.0,0,0.0,0.0,True,good,当前QC指标正常。,15640.3292628392,False,False,0.0,False,16036.780986007341,False,False,0.0,False
1789617434.748755,1120.304,runtime,9.99131965637207,2494,249.51658897331572,0,0.0,0,0.0,0.0,True,good,当前QC指标正常。,15626.380976162927,False,False,0.0,False,16019.890979809426,False,False,0.0,False
1789617436.7584977,1122.344,runtime,9.990561246871948,2504,250.53647519389276,0,0.0,0,0.0,0.0,True,good,当前QC指标正常。,15613.128992109496,False,False,0.0,False,16003.909536624178,False,False,0.0,False
1789617438.76616,1124.324,runtime,9.961420774459839,2494,250.26550493598478,0,0.0,0,0.0,0.0,True,good,当前QC指标正常。,15590.48106385136,False,False,0.0,False,15980.810345451417,False,False,0.0,False
1789617440.7742596,1126.344,runtime,9.961488723754883,2499,250.76573083329296,0,0.0,0,0.0,0.0,True,good,当前QC指标正常。,15567.644199382035,False,False,0.0,False,15959.943785945969,False,False,0.0,False
1789617442.7886505,1128.364,runtime,9.990617513656616,2499,250.0345946169367,0,0.0,0,0.0,0.0,True,good,当前QC指标正常。,15549.947999504162,False,False,0.0,False,15938.501533834438,False,False,0.0,False
1789617444.7993212,1130.384,runtime,9.99100375175476,2505,250.6254688934745,0,0.0,0,0.0,0.0,True,good,当前QC指标正常。,15529.135319573508,False,False,0.0,False,15912.45313304978,False,False,0.0,False
1789617446.8091123,1132.384,runtime,9.991055965423584,2500,250.12371151241484,0,0.0,0,0.0,0.0,True,good,当前QC指标正常。,15507.3743262117,False,False,0.0,False,15883.016938790313,False,False,0.0,False
1789617448.8194745,1134.404,runtime,9.960743427276611,2505,251.38685864982912,0,0.0,0,0.0,0.0,True,good,当前QC指标正常。,15497.119210603134,False,False,0.0,False,15870.94261328111,False,False,0.0,False
1789617450.82669,1136.344,runtime,9.962629556655884,2485,249.33176385550507,0,0.0,0,0.0,0.0,True,good,当前QC指标正常。,15336.166601551795,False,False,0.0,False,15717.17210521552,False,False,0.0,False
1789617452.8618963,1138.424,runtime,9.961120128631592,2495,250.37344874813925,0,0.0,0,0.0,0.0,True,good,当前QC指标正常。,14416.417522286756,False,False,0.0,False,14793.168750428016,False,False,0.004,False
1789617454.8740451,1140.424,runtime,9.931862831115723,2495,251.11099925650402,0,0.0,0,0.0,0.0,True,good,当前QC指标正常。,14041.539983015322,False,False,0.0,False,14411.175148040516,False,False,0.004,False
1789617456.8921885,1142.484,runtime,9.99295711517334,2505,250.57647812757227,0,0.0,0,0.0,0.0,True,good,当前QC指标正常。,14006.900829352197,False,False,0.0,False,14375.164864288328,False,False,0.004,False
1789617458.9003284,1144.464,runtime,9.961573600769043,2500,250.8639799446018,0,0.0,0,0.0,0.0,True,good,当前QC指标正常。,14000.751389494784,False,False,0.0,False,14347.040450213422,False,False,0.004,False
1789617460.9104366,1146.444,runtime,9.933566331863403,2490,250.56459249848257,0,0.0,0,0.0,0.0,True,good,当前QC指标正常。,14323.498432901435,False,False,0.0,False,14560.017671671747,False,False,0.004,False
1789617462.9266331,1148.484,runtime,9.967364072799683,2515,252.22315364806929,0,0.0,0,0.0,0.0,True,good,当前QC指标正常。,15270.475662118813,False,False,0.0,False,15422.279879353302,False,False,0.0,False
1789617464.9353874,1150.524,runtime,9.965898513793945,2505,251.256823108742,0,0.0,0,0.0,0.0,True,good,当前QC指标正常。,15549.442021165652,False,False,0.0,False,15725.111782937263,False,False,0.0,False
1789617466.9421797,1152.404,runtime,9.808590650558472,2480,252.73763462224343,0,0.0,0,0.0,0.0,True,good,当前QC指标正常。,15411.976581901095,False,False,0.0,False,15670.174011601452,False,False,0.0,False
1789617468.9627395,1154.544,runtime,9.960469007492065,2520,252.89973776388027,0,0.0,0,0.0,0.0,True,good,当前QC指标正常。,15318.122600532275,False,False,0.0,False,15641.610405293832,False,False,0.0,False
1789617470.9708002,1156.564,runtime,9.994222164154053,2522,252.24574344984921,0,0.0,0,0.0,0.0,True,good,当前QC指标正常。,15298.284606618245,False,False,0.0,False,15640.83131046568,False,False,0.0,False
1789617472.977057,1158.564,runtime,9.996949195861816,2505,250.47641544847676,0,0.0,0,0.0,0.0,True,good,当前QC指标正常。,15296.393428913601,False,False,0.0,False,15642.684034771968,False,False,0.0,False
1789617474.9834614,1160.584,runtime,9.991999864578247,2505,250.60048378070024,0,0.0,0,0.0,0.0,True,good,当前QC指标正常。,15299.592175159134,False,False,0.0,False,15645.675257210449,False,False,0.0,False
1789617476.990803,1162.584,runtime,9.990515947341919,2505,250.63770612029455,0,0.0,0,0.0,0.0,True,good,当前QC指标正常。,15284.645939474705,False,False,0.0,False,15630.551202630928,False,False,0.0,False
1789617479.001385,1164.564,runtime,9.961105585098267,2495,250.3738143013968,0,0.0,0,0.0,0.0,True,good,当前QC指标正常。,15274.089352814064,False,False,0.0,False,15605.522042795157,False,False,0.0,False
1789617481.0107162,1166.604,runtime,9.990623712539673,2505,250.635002583184,0,0.0,0,0.0,0.0,True,good,当前QC指标正常。,15291.063170921221,False,False,0.0,False,15606.453002066297,False,False,0.0,False
1789617483.024631,1168.624,runtime,9.994778394699097,2505,250.53081730436762,0,0.0,0,0.0,0.0,True,good,当前QC指标正常。,15305.075087295634,False,False,0.0,False,15619.354639879197,False,False,0.0,False
1789617485.0315368,1170.624,runtime,9.931209325790405,2505,252.13444987987015,0,0.0,0,0.0,0.0,True,good,当前QC指标正常。,15265.611899950707,False,False,0.0,False,15610.86785750711,False,False,0.0,False
1789617487.0419338,1172.624,runtime,9.991655826568604,2500,250.1086950328054,0,0.0,0,0.0,0.0,True,good,当前QC指标正常。,15248.262375121729,False,False,0.0,False,15591.12251535067,False,False,0.0,False
1789617489.0517435,1174.604,runtime,9.990724325180054,2495,249.63155010836041,0,0.0,0,0.0,0.0,True,good,当前QC指标正常。,15245.818967212444,False,False,0.0,False,15581.182465969781,False,False,0.0,False
1789617491.0640821,1176.644,runtime,9.93309235572815,2500,251.58328449034235,0,0.0,0,0.0,0.0,True,good,当前QC指标正常。,15241.609818715475,False,False,0.0,False,15570.681203574137,False,False,0.0,False
1789617493.0735354,1178.624,runtime,9.991163730621338,2495,249.62057146118866,0,0.0,0,0.0,0.0,True,good,当前QC指标正常。,15225.077307754049,False,False,0.0,False,15559.440526029439,False,False,0.0,False
1789617495.0824976,1180.664,runtime,9.990734100341797,2500,250.13176958783296,0,0.0,0,0.0,0.0,True,good,当前QC指标正常。,15207.076639448076,False,False,0.0,False,15544.716314022748,False,False,0.0,False
1789617497.0929544,1182.684,runtime,9.991997718811035,2505,250.60053759679553,0,0.0,0,0.0,0.0,True,good,当前QC指标正常。,15178.589364698173,False,False,0.0,False,15521.409873451688,False,False,0.0,False
1789617499.1023502,1184.664,runtime,9.990991353988647,2495,249.6248782163478,0,0.0,0,0.0,0.0,True,good,当前QC指标正常。,15154.031230197737,False,False,0.0,False,15493.226287005418,False,False,0.0,False
1789617501.1098247,1186.644,runtime,9.931582689285278,2490,250.61463795546567,0,0.0,0,0.0,0.0,True,good,当前QC指标正常。,15134.174505336041,False,False,0.0,False,15472.115048310883,False,False,0.0,False
1789617503.128154,1188.684,runtime,9.960555076599121,2495,250.38765217606107,0,0.0,0,0.0,0.0,True,good,当前QC指标正常。,15112.28011219084,False,False,0.0,False,15449.755064977151,False,False,0.0,False
1789617505.1328974,1190.684,runtime,9.991690635681152,2495,249.6074078888832,0,0.0,0,0.0,0.0,True,good,当前QC指标正常。,15099.145245062771,False,False,0.0,False,15440.074739528123,False,False,0.0,False
1789617507.145543,1192.704,runtime,9.90598750114441,2495,251.7669237632165,0,0.0,0,0.0,0.0,True,good,当前QC指标正常。,14523.237767468096,False,False,0.0,False,14898.012739633632,False,False,0.0,False
1789617509.1546333,1194.644,runtime,9.962183237075806,2480,248.84103624735772,0,0.0,0,0.0,0.0,True,good,当前QC指标正常。,13630.962604368342,False,False,0.0,False,14062.167552771567,False,False,0.0,False
1789617511.1657763,1196.764,runtime,9.99309515953064,2515,251.57370763174828,0,0.0,0,0.0,0.0,True,good,当前QC指标正常。,12831.647117484546,False,False,0.0,False,13315.582915926636,False,False,0.0,False
1789617513.173937,1198.764,runtime,9.96200704574585,2505,251.35497179449416,0,0.0,0,0.0,0.0,True,good,当前QC指标正常。,12785.659661317288,False,False,0.0,False,13268.095460115917,False,False,0.0,False
1789617515.1829534,1200.764,runtime,9.990143775939941,2510,251.1475366393249,0,0.0,0,0.0,0.0,True,good,当前QC指标正常。,12757.252347074824,False,False,0.0,False,13242.725058206783,False,False,0.0,False
1789617517.192727,1202.784,runtime,9.989498376846313,2515,251.66428835175108,0,0.0,0,0.0,0.0,True,good,当前QC指标正常。,13383.330061354653,False,False,0.0,False,13822.648705138707,False,False,0.0,False
1789617519.2035196,1204.784,runtime,9.958497047424316,2500,250.94148123951555,0,0.0,0,0.0,0.0,True,good,当前QC指标正常。,14303.704243308228,False,False,0.0,False,14679.055528542078,False,False,0.0,False
1789617521.2140872,1206.804,runtime,9.991103410720825,2505,250.62296896187812,0,0.0,0,0.0,0.0,True,good,当前QC指标正常。,14968.134116000627,False,False,0.0,False,15298.72698342004,False,False,0.0,False
1789617523.2219315,1208.784,runtime,9.931891202926636,2495,251.110281923456,0,0.0,0,0.0,0.0,True,good,当前QC指标正常。,14971.52234126065,False,False,0.0,False,15305.66858698966,False,False,0.0,False
1789617525.2308426,1210.804,runtime,9.93566107749939,2500,251.51824126321236,0,0.0,0,0.0,0.0,True,good,当前QC指标正常。,14962.447582277222,False,False,0.0,False,15301.463293739193,False,False,0.0,False
1789617527.2375162,1212.804,runtime,9.962316274642944,2495,250.34338714461126,0,0.0,0,0.0,0.0,True,good,当前QC指标正常。,14945.749401021496,False,False,0.0,False,15287.681165150041,False,False,0.0,False
1789617529.2540658,1214.844,runtime,9.991093158721924,2510,251.12367186865018,0,0.0,0,0.0,0.0,True,good,当前QC指标正常。,14925.760230454085,False,False,0.0,False,15266.656209920919,False,False,0.0,False
1789617531.2709377,1216.824,runtime,9.96531629562378,2495,250.2680222097143,0,0.0,0,0.0,0.0,True,good,当前QC指标正常。,14909.668159588155,False,False,0.0,False,15248.9786372035,False,False,0.0,False
1789617533.2785423,1218.864,runtime,9.990463972091675,2505,250.63901005948424,0,0.0,0,0.0,0.0,True,good,当前QC指标正常。,14893.49957858105,False,False,0.0,False,15230.932432720107,False,False,0.0,False
1789617535.2845027,1220.824,runtime,9.960913181304932,2490,249.87668848188153,0,0.0,0,0.0,0.0,True,good,当前QC指标正常。,14879.51222625776,False,False,0.0,False,15213.939769544928,False,False,0.0,False
1789617537.292276,1222.864,runtime,9.964416027069092,2500,250.79241906512905,0,0.0,0,0.0,0.0,True,good,当前QC指标正常。,14884.06593739703,False,False,0.0,False,15210.63788989011,False,False,0.0,False
1789617539.302112,1224.844,runtime,9.931667566299438,2490,250.61249617796128,0,0.0,0,0.0,0.0,True,good,当前QC指标正常。,14891.63949720037,False,False,0.0,False,15208.09848411275,False,False,0.0,False
1789617541.3123522,1226.884,runtime,9.964264154434204,2500,250.79624157574327,0,0.0,0,0.0,0.0,True,good,当前QC指标正常。,14894.454017265803,False,False,0.0,False,15203.027262828935,False,False,0.0,False
1789617543.324565,1228.904,runtime,9.989973068237305,2500,250.15082452478921,0,0.0,0,0.0,0.0,True,good,当前QC指标正常。,14814.684976565106,False,False,0.0,False,15136.509496984436,False,False,0.0,False
1789617545.3361573,1230.924,runtime,9.99168848991394,2505,250.60829333577104,0,0.0,0,0.0,0.0,True,good,当前QC指标正常。,13986.71475799411,False,False,0.0,False,14365.746462399564,False,False,0.0,False
1789617547.3517215,1232.924,runtime,9.996960639953613,2500,249.97597669961374,0,0.0,0,0.0,0.0,True,good,当前QC指标正常。,13047.012430674395,False,False,0.0,False,13492.390545571612,False,False,0.0,False
1789617549.372571,1234.944,runtime,9.963040113449097,2505,251.32890879560478,0,0.0,0,0.0,0.0,True,good,当前QC指标正常。,12030.170752850796,False,False,0.0,False,12534.627886276057,False,False,0.0,False
1789617551.3879306,1236.924,runtime,9.930773496627808,2490,250.63505887483888,0,0.0,0,0.0,0.0,True,good,当前QC指标正常。,10989.37701240947,False,False,0.0,False,11587.493297607441,False,False,0.0,False
1789617553.3984659,1238.964,runtime,9.873017311096191,2505,253.6205418363622,0,0.0,0,0.0,0.0,True,good,当前QC指标正常。,10578.513400627808,False,False,0.0,False,11208.038349720362,False,False,0.0,False
1789617555.4110343,1240.824,runtime,9.81016755104065,2475,252.1873339194458,0,0.0,0,0.0,0.0,True,good,当前QC指标正常。,10574.195546484802,False,False,0.0,False,11174.311502646373,False,False,0.0,False
1789617557.422316,1242.984,runtime,9.933375120162964,2510,252.58283007023277,0,0.0,0,0.0,0.0,True,good,当前QC指标正常。,10618.798694533189,False,False,0.0,False,11195.22503727172,False,False,0.0,False
1789617559.4405546,1245.004,runtime,9.937663078308105,2515,252.9769806230954,0,0.0,0,0.0,0.0,True,good,当前QC指标正常。,10611.949965872658,False,False,0.0,False,11208.267870644762,False,False,0.0,False
1789617561.4466314,1247.024,runtime,9.991178750991821,2510,251.12152054640524,0,0.0,0,0.0,0.0,True,good,当前QC指标正常。,10412.848480354112,False,False,0.0,False,11029.537291411682,False,False,0.0,False
1789617563.4567034,1249.044,runtime,9.991986751556396,2505,250.6008126571991,0,0.0,0,0.0,0.0,True,good,当前QC指标正常。,9686.282585534174,False,False,0.0,False,10367.209689890919,False,False,0.0,False
1789617565.4665933,1251.024,runtime,9.991464853286743,2520,252.11518400841516,0,0.0,0,0.0,0.0,True,good,当前QC指标正常。,9667.586491963908,False,False,0.0,False,10359.720416018226,False,False,0.0,False
1789617567.4765244,1253.024,runtime,9.991073369979858,2495,249.6228290639635,0,0.0,0,0.0,0.0,True,good,当前QC指标正常。,9655.760478809427,False,False,0.0,False,10351.378345887486,False,False,0.0,False
1789617569.485251,1255.024,runtime,9.932219982147217,2490,250.59855746991929,0,0.0,0,0.0,0.0,True,good,当前QC指标正常。,9638.354131554295,False,False,0.0,False,10332.866037791824,False,False,0.0,False
1789617571.4972613,1257.084,runtime,9.992057800292969,2505,250.59903075486437,0,0.0,0,0.0,0.0,True,good,当前QC指标正常。,9619.484405255795,False,False,0.0,False,10317.709122710525,False,False,0.0,False
1789617573.505428,1259.064,runtime,9.961905717849731,2495,250.35370446552747,0,0.0,0,0.0,0.0,True,good,当前QC指标正常。,9596.923411272726,False,False,0.0,False,10299.930776736106,False,False,0.0,False
1789617575.5146885,1261.084,runtime,9.96246862411499,2500,250.84144244639938,0,0.0,0,0.0,0.0,True,good,当前QC指标正常。,9579.852697412134,False,False,0.0,False,10287.336651069714,False,False,0.0,False
1789617577.5261724,1263.104,runtime,9.990886688232422,2500,250.12794939846532,0,0.0,0,0.0,0.0,True,good,当前QC指标正常。,9575.199991234156,False,False,0.0,False,10287.862805890054,False,False,0.0,False
1789617579.5370514,1265.124,runtime,9.991418838500977,2505,250.61505682767253,0,0.0,0,0.0,0.0,True,good,当前QC指标正常。,9578.741007532772,False,False,0.0,False,10292.79056115176,False,False,0.0,False
1789617581.5435255,1267.104,runtime,9.96075439453125,2495,250.3826418377789,0,0.0,0,0.0,0.0,True,good,当前QC指标正常。,9566.741322421472,False,False,0.0,False,10275.721643437118,False,False,0.0,False
1789617583.552686,1269.124,runtime,9.961390256881714,2505,251.37053517907702,0,0.0,0,0.0,0.0,True,good,当前QC指标正常。,9561.031515263167,False,False,0.0,False,10258.446005174064,False,False,0.0,False
1789617585.5664763,1271.124,runtime,9.990377426147461,2500,250.14069973567322,0,0.0,0,0.0,0.0,True,good,当前QC指标正常。,9575.979239544238,False,False,0.0,False,10255.384568568385,False,False,0.0,False
1789617587.5794485,1273.144,runtime,9.962260007858276,2500,250.8466952306783,0,0.0,0,0.0,0.0,True,good,当前QC指标正常。,16117.90285161268,False,False,0.0,False,10441.20858916893,False,False,0.0,False
1789617589.5883157,1275.144,runtime,9.961363315582275,2495,250.36733637640816,0,0.0,0,0.0,0.0,True,good,当前QC指标正常。,37831.90326933952,False,False,0.0,False,20944.17220948712,False,False,0.0,False
1789617591.5954425,1277.164,runtime,9.959668397903442,2500,250.91196816613407,0,0.0,0,0.0,0.0,True,good,当前QC指标正常。,56260.74795813419,False,False,0.0,False,42080.78298806662,False,False,0.0,False
1789617593.6090682,1279.164,runtime,9.958572149276733,2505,251.44166879203254,0,0.0,0,0.0,0.0,True,good,当前QC指标正常。,65846.85492633849,False,False,0.0,False,55483.375867279705,False,False,0.0,False
1789617595.6160107,1281.184,runtime,9.962133646011353,2500,250.84987702414048,0,0.0,0,0.0,0.0,True,good,当前QC指标正常。,72386.61833452934,False,False,0.0,False,66103.60800105295,False,False,0.0,False
1789617597.6282964,1283.184,runtime,9.990295171737671,2495,249.6422735391715,0,0.0,0,0.0,0.0,True,good,当前QC指标正常。,78855.62845941575,False,False,0.0,False,74761.25918131717,False,False,0.0,False
1789617599.6368802,1285.184,runtime,9.93172550201416,2510,252.62478302397435,0,0.0,0,0.0,0.0,True,good,当前QC指标正常。,84622.25693697485,False,False,0.0,False,80099.95853686465,False,False,0.0,False
1789617601.6415257,1287.184,runtime,9.93707799911499,2500,251.4823774375691,0,0.0,0,0.0,0.0,True,good,当前QC指标正常。,83633.66059842815,False,False,0.0,False,79144.57251994874,False,False,0.0,False
1789617603.6572852,1289.164,runtime,9.873265027999878,2490,252.0949243174748,0,0.0,0,0.0,0.0,True,good,当前QC指标正常。,82718.89482266961,False,False,0.0,False,78201.75940780819,False,False,0.0,False
1789617605.6687074,1291.24,runtime,9.96141791343689,2499,250.7675133908863,0,0.0,0,0.0,0.0,True,good,当前QC指标正常。,76251.16507329546,False,False,0.0,False,71927.621310407,False,False,0.0,False
1789617607.6787925,1293.26,runtime,9.990453720092773,2509,251.03964947617115,0,0.0,0,0.0,0.0,True,good,当前QC指标正常。,66682.77190592985,False,False,0.0,False,62916.06500919827,False,False,0.0,False
1789617609.6864607,1295.24,runtime,9.961059093475342,2494,250.27459194905853,0,0.0,0,0.0,0.0,True,good,当前QC指标正常。,55626.43649179822,False,False,0.0,False,52576.01779279656,False,False,0.0,False
1789617611.698834,1297.28,runtime,9.99102783203125,2504,250.52477503619582,0,0.0,0,0.0,0.0,True,good,当前QC指标正常。,41855.914790932315,False,False,0.0,False,39693.65837020784,False,False,0.0,False
1789617613.7099018,1299.3,runtime,9.962342262268066,2504,251.24613610997912,0,0.0,0,0.0,0.0,True,good,当前QC指标正常。,20489.10204797937,False,False,0.0,False,19988.299726277273,False,False,0.0,False
1789617615.7180333,1301.3,runtime,9.989906072616577,2505,250.65300732543795,0,0.0,0,0.0,0.0,True,good,当前QC指标正常。,8102.99814322903,False,False,0.0,False,9403.41084055455,False,False,0.0,False
1789617617.7264614,1303.28,runtime,9.959516525268555,2495,250.41376192031072,0,0.0,0,0.0,0.0,True,good,当前QC指标正常。,8041.261005733947,False,False,0.0,False,9316.850076539458,False,False,0.0,False
1789617619.7418091,1305.32,runtime,9.992731809616089,2505,250.5821278612101,0,0.0,0,0.0,0.0,True,good,当前QC指标正常。,7988.317827902257,False,False,0.0,False,9228.257139958683,False,False,0.0,False
1789617621.7507198,1307.32,runtime,9.99141788482666,2500,250.11465127437765,0,0.0,0,0.0,0.0,True,good,当前QC指标正常。,8195.51445158825,False,False,0.0,False,9437.167663503613,False,False,0.0,False
1789617623.7600722,1309.34,runtime,9.961918354034424,2505,251.35720962679025,0,0.0,0,0.0,0.0,True,good,当前QC指标正常。,8070.759978181415,False,False,0.0,False,9282.623887767031,False,False,0.0,False
1789617625.7709963,1311.32,runtime,9.960500240325928,2495,250.38903065358406,0,0.0,0,0.0,0.0,True,good,当前QC指标正常。,8034.580892089249,False,False,0.0,False,9216.607029127295,False,False,0.0,False
1789617627.7795408,1313.34,runtime,9.967332124710083,2500,250.7190458522709,0,0.0,0,0.0,0.0,True,good,当前QC指标正常。,33952.06882857067,False,False,0.0,False,32027.398920420303,False,False,0.0,False
1789617629.7890117,1315.34,runtime,9.960555076599121,2495,250.38765217606107,0,0.0,0,0.0,0.0,True,good,当前QC指标正常。,49286.42051298405,False,False,0.0,False,46193.2025275239,False,False,0.0,False
1789617631.7996242,1317.38,runtime,9.989572048187256,2505,250.6613884880469,0,0.0,0,0.0,0.0,True,good,当前QC指标正常。,60887.25941086783,False,False,0.0,False,56950.34118685072,False,False,0.0,False
1789617633.809657,1319.38,runtime,9.989654302597046,2500,250.15880673171304,0,0.0,0,0.0,0.0,True,good,当前QC指标正常。,70504.64146185202,False,False,0.0,False,65875.81133115548,False,False,0.0,False
1789617635.819163,1321.38,runtime,9.931589603424072,2500,251.6213516453026,0,0.0,0,0.0,0.0,True,good,当前QC指标正常。,78891.28539081036,False,False,0.0,False,73664.70802650161,False,False,0.0,False
1789617637.829091,1323.38,runtime,9.960474014282227,2495,250.3896899308083,0,0.0,0,0.0,0.0,True,good,当前QC指标正常。,79742.02730828928,False,False,0.0,False,74445.33328746831,False,False,0.0,False
1789617639.846951,1325.4,runtime,9.96336054801941,2500,250.81898702308527,0,0.0,0,0.0,0.0,True,good,当前QC指标正常。,79604.7447200261,False,False,0.0,False,74270.54606437466,False,False,0.0,False
1789617641.8651237,1327.4,runtime,9.870462656021118,2490,252.1664978370265,0,0.0,0,0.0,0.0,True,good,当前QC指标正常。,79499.68309459428,False,False,0.0,False,74127.38614557513,False,False,0.0,False
1789617643.8714252,1329.44,runtime,9.990023136138916,2500,250.14957082129928,0,0.0,0,0.0,0.0,True,good,当前QC指标正常。,79203.87656001946,False,False,0.0,False,73826.73133554132,False,False,0.0,False
1789617645.8893547,1331.42,runtime,9.931934118270874,2495,251.10919688965873,0,0.0,0,0.0,0.0,True,good,当前QC指标正常。,78925.88691333841,False,False,0.0,False,73566.2740568322,False,False,0.0,False
1789617647.9014504,1333.46,runtime,9.9333655834198,2495,251.07301035641342,0,0.0,0,0.0,0.0,True,good,当前QC指标正常。,78842.208448823,False,False,0.0,False,73488.89141531583,False,False,0.0,False
1789617649.9199598,1335.48,runtime,9.932132482528687,2505,252.1110148706444,0,0.0,0,0.0,0.0,True,good,当前QC指标正常。,78754.64741224729,False,False,0.0,False,73389.7149565604,False,False,0.0,False
1789617651.930782,1337.52,runtime,9.990509033203125,2515,251.63882957763258,0,0.0,0,0.0,0.0,True,good,当前QC指标正常。,78663.51949607761,False,False,0.0,False,73280.53769636354,False,False,0.0,False
1789617653.9410582,1339.52,runtime,9.990575075149536,2500,250.13575106562078,0,0.0,0,0.0,0.0,True,good,当前QC指标正常。,78813.55901968427,False,False,0.0,False,73396.0860202739,False,False,0.0,False
1789617655.9496303,1341.5,runtime,9.962419509887695,2495,250.34079296948966,0,0.0,0,0.0,0.0,True,good,当前QC指标正常。,78917.23713665036,False,False,0.0,False,73470.18526699439,False,False,0.0,False
1789617657.9615574,1343.5,runtime,9.991163969039917,2495,249.6205655045071,0,0.0,0,0.0,0.0,True,good,当前QC指标正常。,78868.11899519697,False,False,0.0,False,73404.815421058,False,False,0.0,False
1789617659.9693828,1345.5,runtime,9.932111263275146,2490,250.6013005717421,0,0.0,0,0.0,0.0,True,good,当前QC指标正常。,78825.7504506597,False,False,0.0,False,73347.69317456805,False,False,0.0,False
1789617661.981543,1347.56,runtime,9.989810466766357,2510,251.15591615544918,0,0.0,0,0.0,0.0,True,good,当前QC指标正常。,78774.79774598408,False,False,0.0,False,73285.66189454246,False,False,0.0,False
1789617663.9915798,1349.56,runtime,9.990321159362793,2510,251.14307738231213,0,0.0,0,0.0,0.0,True,good,当前QC指标正常。,78700.37890976967,False,False,0.0,False,73205.62669333977,False,False,0.0,False
1789617666.000041,1351.56,runtime,9.96140742301941,2500,250.86816489657505,0,0.0,0,0.0,0.0,True,good,当前QC指标正常。,78611.71340330831,False,False,0.0,False,73111.15397137454,False,False,0.0,False
1789617668.0120318,1353.58,runtime,9.990697383880615,2505,250.63315440221945,0,0.0,0,0.0,0.0,True,good,当前QC指标正常。,78526.49958280244,False,False,0.0,False,73020.4112513576,False,False,0.0,False
1789617670.0207663,1355.58,runtime,9.960268020629883,2500,250.89686289806932,0,0.0,0,0.0,0.0,True,good,当前QC指标正常。,78466.36841837829,False,False,0.0,False,72950.39499027081,False,False,0.0,False
1789617672.0317402,1357.6,runtime,9.960102796554565,2500,250.90102492360452,0,0.0,0,0.0,0.0,True,good,当前QC指标正常。,78407.74623856628,False,False,0.0,False,72881.7473354041,False,False,0.0,False
1789617674.041107,1359.52,runtime,9.901450395584106,2480,250.3673604329317,0,0.0,0,0.0,0.0,True,good,当前QC指标正常。,78355.15725159635,False,False,0.0,False,72820.05689056507,False,False,0.0,False
1789617676.0522025,1361.62,runtime,9.990478515625,2500,250.13816866645487,0,0.0,0,0.0,0.0,True,good,当前QC指标正常。,78283.74480778287,False,False,0.0,False,72740.79114220302,False,False,0.0,False
1789617678.0635324,1363.62,runtime,9.991084575653076,2500,250.12299526417036,0,0.0,0,0.0,0.0,True,good,当前QC指标正常。,78205.40089218518,False,False,0.0,False,72655.95166486713,False,False,0.0,False
1789617680.0727942,1365.62,runtime,9.961184978485107,2495,250.37181875316267,0,0.0,0,0.0,0.0,True,good,当前QC指标正常。,78115.23493162978,False,False,0.0,False,72561.6960065464,False,False,0.0,False
1789617682.0821383,1367.66,runtime,9.986489057540894,2505,250.73877171168635,0,0.0,0,0.0,0.0,True,good,当前QC指标正常。,78032.39168718945,False,False,0.0,False,72473.00028317953,False,False,0.0,False
1789617684.092893,1369.68,runtime,9.958947658538818,2510,251.9342490819077,0,0.0,0,0.0,0.0,True,good,当前QC指标正常。,77964.1015259144,False,False,0.0,False,72398.21469140473,False,False,0.0,False
1789617686.1011312,1371.66,runtime,9.960907220840454,2500,250.88076262486723,0,0.0,0,0.0,0.0,True,good,当前QC指标正常。,77900.45076966617,False,False,0.0,False,72326.70546645364,False,False,0.0,False
1789617688.1102557,1373.64,runtime,9.93464708328247,2490,250.53733455598692,0,0.0,0,0.0,0.0,True,good,当前QC指标正常。,77855.70210463538,False,False,0.0,False,72273.98632831062,False,False,0.0,False
1789617690.1166914,1375.68,runtime,9.904157876968384,2500,252.31827188571958,0,0.0,0,0.0,0.0,True,good,当前QC指标正常。,77808.8002686782,False,False,0.0,False,72215.94154174357,False,False,0.0,False
1789617692.1303082,1377.66,runtime,9.903034210205078,2490,251.33711013893955,0,0.0,0,0.0,0.0,True,good,当前QC指标正常。,77752.3586704659,False,False,0.0,False,72150.81337866254,False,False,0.0,False
1789617694.1413937,1379.7,runtime,9.962647438049316,2505,251.3388148652867,0,0.0,0,0.0,0.0,True,good,当前QC指标正常。,77690.68095542939,False,False,0.0,False,72087.002713653,False,False,0.0,False
1789617696.153635,1381.72,runtime,9.931273698806763,2500,251.6293554874289,0,0.0,0,0.0,0.0,True,good,当前QC指标正常。,77636.20882165895,False,False,0.0,False,72033.59305756823,False,False,0.0,False
1789617698.1701713,1383.72,runtime,9.961930513381958,2520,252.86263507020078,0,0.0,0,0.0,0.0,True,good,当前QC指标正常。,77583.81332810957,False,False,0.0,False,71977.98426498595,False,False,0.0,False
1789617700.1751873,1385.76,runtime,9.991879940032959,2505,250.6034915379238,0,0.0,0,0.0,0.0,True,good,当前QC指标正常。,77523.70945189628,False,False,0.0,False,71907.22402639406,False,False,0.0,False
1789617702.1840181,1387.76,runtime,9.988887071609497,2505,250.67857730786554,0,0.0,0,0.0,0.0,True,good,当前QC指标正常。,77480.17814038548,False,False,0.0,False,71852.87175310164,False,False,0.0,False
1789617704.1936414,1389.74,runtime,9.960702896118164,2495,250.3839363557314,0,0.0,0,0.0,0.0,True,good,当前QC指标正常。,77415.82483661399,False,False,0.0,False,71776.8379677752,False,False,0.0,False
1789617706.2008178,1391.72,runtime,9.930275917053223,2490,250.64761752748987,0,0.0,0,0.0,0.0,True,good,当前QC指标正常。,77356.0336991115,False,False,0.0,False,71708.35960591861,False,False,0.0,False
1789617708.214083,1393.78,runtime,9.990842580795288,2515,251.63042853187275,0,0.0,0,0.0,0.0,True,good,当前QC指标正常。,77297.50868638024,False,False,0.0,False,71642.74326022068,False,False,0.0,False
1789617710.2244325,1395.8,runtime,9.960316896438599,2505,251.3976237940108,0,0.0,0,0.0,0.0,True,good,当前QC指标正常。,77232.77918254292,False,False,0.0,False,71573.77109414835,False,False,0.0,False
1789617712.234297,1397.78,runtime,9.990911483764648,2495,249.62687378952162,0,0.0,0,0.0,0.0,True,good,当前QC指标正常。,77183.40541760798,False,False,0.0,False,71516.33082831251,False,False,0.0,False
1789617714.2443829,1399.82,runtime,9.957158327102661,2505,251.47737112749266,0,0.0,0,0.0,0.0,True,good,当前QC指标正常。,77129.08286215659,False,False,0.0,False,71454.31169643682,False,False,0.0,False
1789617716.2549686,1401.82,runtime,9.961163759231567,2505,251.3762508601872,0,0.0,0,0.0,0.0,True,good,当前QC指标正常。,77077.8826910384,False,False,0.0,False,71394.22938737184,False,False,0.0,False
1789617718.261421,1403.82,runtime,9.933718204498291,2500,251.56743412233865,0,0.0,0,0.0,0.0,True,good,当前QC指标正常。,77032.85543479597,False,False,0.0,False,71341.2549831397,False,False,0.0,False
1789617720.2817395,1405.82,runtime,9.92991590499878,2495,251.1602337683953,0,0.0,0,0.0,0.0,True,good,当前QC指标正常。,76999.27231181624,False,False,0.0,False,71299.73450977424,False,False,0.0,False
1789617722.2923365,1407.86,runtime,9.991425037384033,2505,250.61490134100032,0,0.0,0,0.0,0.0,True,good,当前QC指标正常。,76958.23838012734,False,False,0.0,False,71252.91205440997,False,False,0.0,False
1789617724.307369,1409.88,runtime,9.961990356445312,2500,250.85348515552124,0,0.0,0,0.0,0.0,True,good,当前QC指标正常。,76924.57084105109,False,False,0.0,False,71212.32515978723,False,False,0.0,False
1789617726.3254597,1411.88,runtime,9.961270093917847,2495,250.36967941696378,0,0.0,0,0.0,0.0,True,good,当前QC指标正常。,76896.53024958578,False,False,0.0,False,71179.24074813799,False,False,0.0,False
1789617728.3454428,1413.9,runtime,9.931923627853394,2515,253.12317071686502,0,0.0,0,0.0,0.0,True,good,当前QC指标正常。,76857.6434753441,False,False,0.0,False,71134.37483141621,False,False,0.0,False
1789617730.3632135,1415.92,runtime,9.967607259750366,2500,250.71212527514714,0,0.0,0,0.0,0.0,True,good,当前QC指标正常。,76802.63844615132,False,False,0.0,False,71075.2034728801,False,False,0.0,False
1789617732.3683386,1417.94,runtime,9.993058919906616,2500,250.0735780734647,0,0.0,0,0.0,0.0,True,good,当前QC指标正常。,76743.18659061991,False,False,0.0,False,71010.6718698045,False,False,0.0,False
1789617734.3844986,1419.88,runtime,9.96236801147461,2484,249.23793189933278,0,0.0,0,0.0,0.0,True,good,当前QC指标正常。,76699.00064926162,False,False,0.0,False,70961.22215969642,False,False,0.0,False
1789617736.390538,1421.96,runtime,9.965811252593994,2505,251.25902312751865,0,0.0,0,0.0,0.0,True,good,当前QC指标正常。,76664.08693405535,False,False,0.0,False,70913.20954455434,False,False,0.0,False
1789617738.3955188,1423.98,runtime,9.988657712936401,2520,252.1860366421026,0,0.0,0,0.0,0.0,True,good,当前QC指标正常。,76643.50586673466,False,False,0.0,False,70875.54833668366,False,False,0.0,False
1789617740.406352,1425.98,runtime,9.961236715316772,2500,250.87246407440992,0,0.0,0,0.0,0.0,True,good,当前QC指标正常。,76620.85544125906,False,False,0.0,False,70837.47015943952,False,False,0.0,False
1789617742.4163685,1427.98,runtime,9.960810422897339,2505,251.38516784176,0,0.0,0,0.0,0.0,True,good,当前QC指标正常。,76597.44712782533,False,False,0.0,False,70799.53092658712,False,False,0.0,False
1789617744.4225438,1429.98,runtime,9.960991859436035,2500,250.87863088982454,0,0.0,0,0.0,0.0,True,good,当前QC指标正常。,76564.50636213078,False,False,0.0,False,70755.87751254614,False,False,0.0,False
1789617746.4364312,1432.02,runtime,9.99031138420105,2505,250.64283821622354,0,0.0,0,0.0,0.0,True,good,当前QC指标正常。,76524.74998345,False,False,0.0,False,70711.16089803902,False,False,0.0,False
1789617748.4465623,1434.02,runtime,9.990783929824829,2505,250.63098327299159,0,0.0,0,0.0,0.0,True,good,当前QC指标正常。,76493.21992568615,False,False,0.0,False,70675.16711076618,False,False,0.0,False
1789617750.4567673,1436.0,runtime,9.99124813079834,2495,249.61846281368648,0,0.0,0,0.0,0.0,True,good,当前QC指标正常。,76463.87515507289,False,False,0.0,False,70645.18505096335,False,False,0.0,False
1789617752.4665892,1438.04,runtime,9.990882873535156,2505,250.62850117408985,0,0.0,0,0.0,0.0,True,good,当前QC指标正常。,76439.95392674759,False,False,0.0,False,70612.72436054719,False,False,0.0,False
1789617754.475533,1440.04,runtime,9.962000370025635,2500,250.85323300319948,0,0.0,0,0.0,0.0,True,good,当前QC指标正常。,76413.37313361179,False,False,0.0,False,70576.0782010395,False,False,0.0,False
1789617756.4875035,1442.06,runtime,9.990492582321167,2510,251.138768116383,0,0.0,0,0.0,0.0,True,good,当前QC指标正常。,76378.44234300943,False,False,0.0,False,70529.79361297066,False,False,0.0,False
1789617758.4972944,1444.04,runtime,9.990410327911377,2495,249.6393959947992,0,0.0,0,0.0,0.0,True,good,当前QC指标正常。,76332.49703741723,False,False,0.0,False,70463.2251373024,False,False,0.0,False
1789617760.5069547,1446.08,runtime,9.990440607070923,2500,250.1391178114092,0,0.0,0,0.0,0.0,True,good,当前QC指标正常。,76271.39049423485,False,False,0.0,False,70396.05371652127,False,False,0.0,False
1789617762.5181808,1448.06,runtime,9.991398572921753,2495,249.61470426764163,0,0.0,0,0.0,0.0,True,good,当前QC指标正常。,76183.22625069432,False,False,0.0,False,70320.7508484075,False,False,0.0,False
1789617764.5285568,1450.12,runtime,9.991651773452759,2505,250.60921424953813,0,0.0,0,0.0,0.0,True,good,当前QC指标正常。,76324.24280461416,False,False,0.0,False,70477.92284020926,False,False,0.0,False
1789617766.538325,1452.12,runtime,9.991631269454956,2510,251.1101473160014,0,0.0,0,0.0,0.0,True,good,当前QC指标正常。,71050.43129924937,False,False,0.0,False,65608.13292433396,False,False,0.0,False
1789617768.5477102,1454.12,runtime,9.990949869155884,2500,250.12636763546644,0,0.0,0,0.0,0.0,True,good,当前QC指标正常。,62502.7325260065,False,False,0.0,False,57712.95573513455,False,False,0.0,False
1789617770.555877,1456.06,runtime,9.811871528625488,2485,253.16271139028817,0,0.0,0,0.0,0.0,True,good,当前QC指标正常。,52567.23176345524,False,False,0.0,False,48565.28457274998,False,False,0.0,False
1789617772.5665689,1458.12,runtime,9.961052179336548,2495,250.37515667005692,0,0.0,0,0.0,0.0,True,good,当前QC指标正常。,39750.87648267642,False,False,0.0,False,36788.04085361935,False,False,0.0,False
1789617774.57658,1460.136,runtime,9.962345123291016,2499,250.7441740961085,0,0.0,0,0.0,0.0,True,good,当前QC指标正常。,19700.007594472143,False,False,0.0,False,18377.259709872385,False,False,0.0,False
1789617776.58908,1462.176,runtime,9.992069005966187,2504,250.49867034599924,0,0.0,0,0.0,0.0,True,good,当前QC指标正常。,5058.24852001662,False,False,0.0,False,5052.124979460793,False,False,0.0,False
1789617778.5972357,1464.156,runtime,9.960633039474487,2499,250.78727326870703,0,0.0,0,0.0,0.0,True,good,当前QC指标正常。,2539.916394486452,False,False,0.0,False,3371.0424329475436,False,False,0.0,False
1789617780.609414,1466.136,runtime,9.992225885391235,2489,248.99357045535655,0,0.0,0,0.0,0.0,True,good,当前QC指标正常。,2343.7671289378904,False,False,0.0,False,3644.073495541192,False,False,0.0,False
1789617782.6239395,1468.076,runtime,9.872437477111816,2479,251.0018428321249,0,0.0,0,0.0,0.0,True,good,当前QC指标正常。,2551.5936458102356,False,False,0.0,False,3872.473197029935,False,False,0.0,False
1789617784.6310244,1470.116,runtime,9.962793350219727,2480,248.825797430128,0,0.0,0,0.0,0.0,True,good,当前QC指标正常。,2728.6195509183,False,False,0.0,False,4054.7805302720462,False,False,0.0,False
1789617786.6387737,1472.216,runtime,9.991168975830078,2510,251.12176623872477,0,0.0,0,0.0,0.0,True,good,当前QC指标正常。,2847.6722137673964,False,False,0.0,False,4172.806965752925,False,False,0.0,False
1789617788.6479251,1474.116,runtime,9.8432297706604,2475,251.34026713205688,0,0.0,0,0.0,0.0,True,good,当前QC指标正常。,2940.1914591277837,False,False,0.0,False,4223.750719528523,False,False,0.0,False
1789617790.6586874,1476.236,runtime,9.990708351135254,2510,251.13334428533287,0,0.0,0,0.0,0.0,True,good,当前QC指标正常。,3011.848206524356,False,False,0.0,False,4289.453087728063,False,False,0.0,False
1789617792.6700997,1478.256,runtime,9.961562633514404,2515,252.3700439870717,0,0.0,0,0.0,0.0,True,good,当前QC指标正常。,3070.1536206575975,False,False,0.0,False,4384.371267132831,False,False,0.0,False
1789617794.688265,1480.236,runtime,9.961622714996338,2515,252.36852186897184,0,0.0,0,0.0,0.0,True,good,当前QC指标正常。,3261.4361261920803,False,False,0.0,False,4524.223827330931,False,False,0.0,False
1789617796.6962204,1482.276,runtime,9.991562366485596,2505,250.61145676266744,0,0.0,0,0.0,0.0,True,good,当前QC指标正常。,3606.3121086266,False,False,0.0,False,4701.254653326959,False,False,0.0,False
1789617798.7020838,1484.276,runtime,9.993064165115356,2505,250.5737938460535,0,0.0,0,0.0,0.0,True,good,当前QC指标正常。,3770.54111281291,False,False,0.0,False,4747.085563317248,False,False,0.0,False
1789617800.7123709,1486.276,runtime,9.993826866149902,2500,250.05436190458377,0,0.0,0,0.0,0.0,True,good,当前QC指标正常。,3648.6908293567653,False,False,0.0,False,4693.795386425037,False,False,0.0,False
1789617802.7197042,1488.256,runtime,9.99093747138977,2495,249.62622448012146,0,0.0,0,0.0,0.0,True,good,当前QC指标正常。,3480.81144578019,False,False,0.0,False,4664.922719339471,False,False,0.0,False
1789617804.727796,1490.236,runtime,9.930922269821167,2485,250.12782624918592,0,0.0,0,0.0,0.0,True,good,当前QC指标正常。,3386.9859633214473,False,False,0.0,False,4695.758502510379,False,False,0.0,False
1789617806.734044,1492.296,runtime,9.961167097091675,2500,250.87421741269895,0,0.0,0,0.0,0.0,True,good,当前QC指标正常。,3426.283458083315,False,False,0.0,False,4746.553435493522,False,False,0.0,False
1789617808.7471406,1494.296,runtime,9.963855743408203,2495,250.3047077583352,0,0.0,0,0.0,0.0,True,good,当前QC指标正常。,3470.454874929847,False,False,0.0,False,4783.08063635181,False,False,0.0,False
1789617810.7611473,1496.336,runtime,9.992191314697266,2505,250.5956822821165,0,0.0,0,0.0,0.0,True,good,当前QC指标正常。,3511.0250852404133,False,False,0.0,False,4816.15726116427,False,False,0.0,False
1789617812.770475,1498.336,runtime,9.990533351898193,2500,250.13679570222266,0,0.0,0,0.0,0.0,True,good,当前QC指标正常。,3561.390583284546,False,False,0.0,False,4860.865698026375,False,False,0.0,False
1789617814.783906,1500.336,runtime,9.901708841323853,2515,253.8955689656372,0,0.0,0,0.0,0.0,True,good,当前QC指标正常。,3618.5678284913865,False,False,0.0,False,4886.597322024341,False,False,0.0,False
1789617816.790812,1502.336,runtime,9.991284608840942,2495,249.6175514601141,0,0.0,0,0.0,0.0,True,good,当前QC指标正常。,3803.1035986907073,False,False,0.0,False,4977.935431889432,False,False,0.0,False
1789617818.8024645,1504.376,runtime,9.993367671966553,2505,250.56618371244699,0,0.0,0,0.0,0.0,True,good,当前QC指标正常。,4087.5260703395047,False,False,0.0,False,5118.169486759012,False,False,0.0,False
1789617820.8108792,1506.376,runtime,9.991136312484741,2500,250.12170005901083,0,0.0,0,0.0,0.0,True,good,当前QC指标正常。,4158.024660946128,False,False,0.0,False,5195.022704960031,False,False,0.0,False
1789617822.8305466,1508.376,runtime,9.960637092590332,2495,250.38559048148377,0,0.0,0,0.0,0.0,True,good,当前QC指标正常。,3961.352074661035,False,False,0.0,False,5129.671177765908,False,False,0.0,False
1789617824.8477917,1510.416,runtime,9.963234186172485,2505,251.32401318792512,0,0.0,0,0.0,0.0,True,good,当前QC指标正常。,3923.6119211143105,False,False,0.0,False,5082.7874281755985,False,False,0.0,False
1789617826.8631387,1512.416,runtime,9.930702209472656,2505,252.14732525273942,0,0.0,0,0.0,0.0,True,good,当前QC指标正常。,4115.451222447856,False,False,0.0,False,5136.542913490562,False,False,0.0,False
1789617828.8736022,1514.336,runtime,9.871927499771118,2485,251.62259346592566,0,0.0,0,0.0,0.0,True,good,当前QC指标正常。,4150.675865186627,False,False,0.0,False,5166.170155502623,False,False,0.0,False
1789617830.884787,1516.436,runtime,9.933134317398071,2510,252.5889532778631,0,0.0,0,0.0,0.0,True,good,当前QC指标正常。,4029.61592559755,False,False,0.0,False,5164.593748912325,False,False,0.0,False
1789617832.9023705,1518.476,runtime,9.99170732498169,2510,251.10823589947356,0,0.0,0,0.0,0.0,True,good,当前QC指标正常。,3981.6591657066983,False,False,0.0,False,5166.372817969971,False,False,0.0,False
1789617834.9130242,1520.496,runtime,9.991796255111694,2515,251.60641148120538,0,0.0,0,0.0,0.0,True,good,当前QC指标正常。,4097.2730450811505,False,False,0.0,False,5208.956068414749,False,False,0.0,False
1789617836.9216845,1522.496,runtime,9.990999698638916,2505,250.62557056638911,0,0.0,0,0.0,0.0,True,good,当前QC指标正常。,4236.068712883938,False,False,0.0,False,5365.139291777304,False,False,0.0,False
1789617838.931837,1524.496,runtime,9.991045236587524,2500,250.1239801065641,0,0.0,0,0.0,0.0,True,good,当前QC指标正常。,4242.426601280564,False,False,0.004,False,5481.316502880541,False,False,0.0,False
1789617840.9421544,1526.436,runtime,9.990338802337646,2485,248.6402162275785,0,0.0,0,0.0,0.0,True,good,当前QC指标正常。,4117.509045789522,False,False,0.004,False,5388.759362291183,False,False,0.0,False
1789617842.9523797,1528.516,runtime,9.99014163017273,2500,250.1466037731031,0,0.0,0,0.0,0.0,True,good,当前QC指标正常。,6491.92060234228,False,False,0.004,False,6922.114288589867,False,False,0.0,False
1789617844.9620166,1530.536,runtime,9.960519790649414,2505,251.39250286422472,0,0.0,0,0.0,0.0,True,good,当前QC指标正常。,13083.290628468567,False,False,0.004,False,12485.274264426902,False,False,0.0,False
1789617846.9725883,1532.536,runtime,9.990485906600952,2510,251.13893592925683,0,0.0,0,0.0,0.0,True,good,当前QC指标正常。,13389.33833949641,False,False,0.004,False,12783.589020643492,False,False,0.0,False
1789617848.9826012,1534.556,runtime,9.960760831832886,2505,251.38641939857092,0,0.0,0,0.0,0.0,True,good,当前QC指标正常。,13558.64575218427,False,False,0.0,False,13017.123559743452,False,False,0.0,False
1789617850.9890478,1536.536,runtime,9.96138620376587,2495,250.36676110972903,0,0.0,0,0.0,0.0,True,good,当前QC指标正常。,13837.078537234454,False,False,0.0,False,13364.074389898837,False,False,0.0,False
1789617852.9966946,1538.556,runtime,9.964051246643066,2500,250.80160048774582,0,0.0,0,0.0,0.0,True,good,当前QC指标正常。,12729.142819758188,False,False,0.0,False,12477.649399533142,False,False,0.0,False
1789617855.0045462,1540.496,runtime,9.901092767715454,2480,250.3764037120517,0,0.0,0,0.0,0.0,True,good,当前QC指标正常。,7606.63132879161,False,False,0.0,False,8322.867286532317,False,False,0.0,False
1789617857.0206091,1542.576,runtime,9.931888103485107,2500,251.61378923742595,0,0.0,0,0.0,0.0,True,good,当前QC指标正常。,7670.417604255935,False,False,0.0,False,8453.88614889234,False,False,0.0,False
1789617859.028311,1544.576,runtime,9.96093463897705,2495,250.37811113035514,0,0.0,0,0.0,0.0,True,good,当前QC指标正常。,7832.091569295271,False,False,0.0,False,8645.061803798677,False,False,0.0,False
1789617861.0427284,1546.616,runtime,9.991278409957886,2505,250.618579250516,0,0.0,0,0.0,0.0,True,good,当前QC指标正常。,7815.959317215163,False,False,0.0,False,8695.014402011488,False,False,0.0,False
1789617863.0500865,1548.596,runtime,9.961191415786743,2495,250.37165695334866,0,0.0,0,0.0,0.0,True,good,当前QC指标正常。,7726.659477332182,False,False,0.0,False,8717.374494716374,False,False,0.0,False
1789617865.0586157,1550.616,runtime,9.961326360702515,2500,250.87020638723055,0,0.0,0,0.0,0.0,True,good,当前QC指标正常。,7673.627785817699,False,False,0.0,False,8786.338212458668,False,False,0.0,False
1789617867.067681,1552.616,runtime,9.929348945617676,2505,252.1816902310742,0,0.0,0,0.0,0.0,True,good,当前QC指标正常。,7647.11474348537,False,False,0.0,False,8838.731161046944,False,False,0.0,False
1789617869.0755162,1554.636,runtime,9.963979959487915,2500,250.80339484428598,0,0.0,0,0.0,0.0,True,good,当前QC指标正常。,7638.723492638167,False,False,0.0,False,8786.762878131847,False,False,0.0,False
1789617871.0865672,1556.636,runtime,9.96476674079895,2495,250.28182443937843,0,0.0,0,0.0,0.0,True,good,当前QC指标正常。,7634.393702931151,False,False,0.0,False,8685.608904026343,False,False,0.0,False
1789617873.0995586,1558.656,runtime,9.963557958602905,2500,250.8140174808007,0,0.0,0,0.0,0.0,True,good,当前QC指标正常。,7630.323360880323,False,False,0.0,False,8642.636730956367,False,False,0.0,False
1789617875.1144786,1560.656,runtime,9.99124264717102,2495,249.6185998151257,0,0.0,0,0.0,0.0,True,good,当前QC指标正常。,7625.225620291204,False,False,0.0,False,8623.510256554862,False,False,0.0,False
1789617877.1282861,1562.676,runtime,9.963016986846924,2500,250.8276361767881,0,0.0,0,0.0,0.0,True,good,当前QC指标正常。,7629.962422043358,False,False,0.0,False,8609.373714567804,False,False,0.0,False
1789617879.1338084,1564.616,runtime,9.960810661315918,2480,248.8753259438525,0,0.0,0,0.0,0.0,True,good,当前QC指标正常。,7637.621515543801,False,False,0.0,False,8597.08909240942,False,False,0.0,False
1789617881.1418495,1566.696,runtime,9.964533567428589,2505,251.291240383284,0,0.0,0,0.0,0.0,True,good,当前QC指标正常。,7631.337871607943,False,False,0.0,False,8588.68955175853,False,False,0.0,False
1789617883.1541746,1568.716,runtime,9.960928440093994,2500,250.88022818648204,0,0.0,0,0.0,0.0,True,good,当前QC指标正常。,7623.762904996781,False,False,0.0,False,8585.050622264458,False,False,0.0,False
1789617885.164243,1570.696,runtime,9.990656614303589,2500,250.1337095724209,0,0.0,0,0.0,0.0,True,good,当前QC指标正常。,7639.181842051935,False,False,0.0,False,8583.948938964062,False,False,0.0,False
1789617887.1740134,1572.736,runtime,9.990514278411865,2500,250.13727325328958,0,0.0,0,0.0,0.0,True,good,当前QC指标正常。,7648.770183316792,False,False,0.0,False,8575.1981962265,False,False,0.0,False
1789617889.1846015,1574.716,runtime,9.960399389266968,2495,250.39156589317702,0,0.0,0,0.0,0.0,True,good,当前QC指标正常。,7633.618891527942,False,False,0.0,False,8566.399964840733,False,False,0.0,False
1789617891.1947298,1576.736,runtime,9.990996360778809,2495,249.62475312177875,0,0.0,0,0.0,0.0,True,good,当前QC指标正常。,7601.130078159483,False,False,0.0,False,8560.31825037565,False,False,0.0,False
1789617893.202403,1578.756,runtime,9.961912393569946,2500,250.85544835879244,0,0.0,0,0.0,0.0,True,good,当前QC指标正常。,7592.099394848832,False,False,0.0,False,8556.233863115656,False,False,0.0,False
1789617895.2148042,1580.776,runtime,9.99094820022583,2500,250.12640941762805,0,0.0,0,0.0,0.0,True,good,当前QC指标正常。,7591.857329734473,False,False,0.0,False,8555.155608771114,False,False,0.0,False
1789617897.2202134,1582.776,runtime,9.961668252944946,2500,250.86159632561805,0,0.0,0,0.0,0.0,True,good,当前QC指标正常。,7597.203668588848,False,False,0.0,False,8556.526924751653,False,False,0.004,False
1789617899.2267885,1584.776,runtime,9.960406303405762,2510,251.89735474366117,0,0.0,0,0.0,0.0,True,good,当前QC指标正常。,7601.411757070525,False,False,0.0,False,8561.849917370191,False,False,0.004,False
1789617901.2447264,1586.796,runtime,9.963612079620361,2505,251.31448113297168,0,0.0,0,0.0,0.0,True,good,当前QC指标正常。,7608.36869542514,False,False,0.0,False,8562.65157646192,False,False,0.004,False
1789617903.2559586,1588.796,runtime,9.928416013717651,2495,251.19817668338544,0,0.0,0,0.0,0.0,True,good,当前QC指标正常。,7619.633920449233,False,False,0.0,False,8550.876801108225,False,False,0.004,False
1789617905.2653005,1590.836,runtime,9.99062466621399,2505,250.63497865833716,0,0.0,0,0.0,0.0,True,good,当前QC指标正常。,7610.641721898232,False,False,0.0,False,8542.76939332377,False,False,0.004,False
1789617907.272816,1592.816,runtime,9.930631399154663,2495,251.14213787174697,0,0.0,0,0.0,0.0,True,good,当前QC指标正常。,7582.990329306311,False,False,0.0,False,8534.072136813482,False,False,0.0,False
1789617909.2849436,1594.856,runtime,9.989540338516235,2505,250.66218415930874,0,0.0,0,0.0,0.0,True,good,当前QC指标正常。,7580.732644671948,False,False,0.0,False,8528.93721154896,False,False,0.0,False
1789617911.2921572,1596.836,runtime,9.90003514289856,2495,251.91829766270908,0,0.0,0,0.0,0.0,True,good,当前QC指标正常。,7609.737507637849,False,False,0.0,False,8537.047289525392,False,False,0.0,False
1789617913.2979605,1598.856,runtime,9.962594985961914,2500,250.83826086690155,0,0.0,0,0.0,0.0,True,good,当前QC指标正常。,7637.194339547884,False,False,0.0,False,8549.291561188858,False,False,0.0,False
1789617915.306807,1600.836,runtime,9.931806325912476,2490,250.60899481155815,0,0.0,0,0.0,0.0,True,good,当前QC指标正常。,7649.450025643584,False,False,0.0,False,8564.648461567731,False,False,0.0,False
1789617917.3177025,1602.876,runtime,9.963878631591797,2500,250.805945395259,0,0.0,0,0.0,0.0,True,good,当前QC指标正常。,7666.307896273732,False,False,0.0,False,8571.394369640926,False,False,0.0,False
1789617919.326923,1604.816,runtime,9.900634288787842,2480,250.38799815153155,0,0.0,0,0.0,0.0,True,good,当前QC指标正常。,7776.63167119699,False,False,0.0,False,8630.179551872443,False,False,0.0,False
1789617921.3391082,1606.816,runtime,9.818447351455688,2480,252.48391229927634,0,0.0,0,0.0,0.0,True,good,当前QC指标正常。,7942.762894852783,False,False,0.0,False,8742.89962288635,False,False,0.0,False
1789617923.3481984,1608.876,runtime,9.905773639678955,2490,251.26760317134284,0,0.0,0,0.0,0.0,True,good,当前QC指标正常。,7986.631047653765,False,False,0.0,False,8827.214462002787,False,False,0.0,False
1789617925.3588154,1610.916,runtime,9.964870691299438,2505,251.28273889056092,0,0.0,0,0.0,0.0,True,good,当前QC指标正常。,7829.712688624472,False,False,0.0,False,8747.23668063122,False,False,0.0,False
1789617927.3729737,1612.896,runtime,9.903736591339111,2490,251.31928510463902,0,0.0,0,0.0,0.0,True,good,当前QC指标正常。,7657.106240661697,False,False,0.0,False,8592.142392923502,False,False,0.0,False
1789617929.3891652,1614.956,runtime,9.993300676345825,2520,252.06886909372005,0,0.0,0,0.0,0.0,True,good,当前QC指标正常。,7600.664268669812,False,False,0.0,False,8548.669146492326,False,False,0.0,False
1789617931.395845,1616.936,runtime,9.901623010635376,2530,255.4126729813476,0,0.0,0,0.0,0.0,True,good,当前QC指标正常。,7621.66460234611,False,False,0.0,False,8580.28724346734,False,False,0.0,False
1789617933.4068472,1618.976,runtime,9.991037368774414,2510,251.12507414310426,0,0.0,0,0.0,0.0,True,good,当前QC指标正常。,7627.631692987159,False,False,0.0,False,8590.288693089193,False,False,0.0,False
1789617935.414695,1620.956,runtime,9.9613196849823,2495,250.368432985838,0,0.0,0,0.0,0.0,True,good,当前QC指标正常。,7602.564485695642,False,False,0.0,False,8548.346245523897,False,False,0.0,False
1789617937.4210005,1622.976,runtime,9.959587097167969,2505,251.41604522059134,0,0.0,0,0.0,0.0,True,good,当前QC指标正常。,7621.632447370384,False,False,0.0,False,8525.515569591387,False,False,0.0,False
1789617939.4366863,1624.976,runtime,9.959656476974487,2495,250.41024314099832,0,0.0,0,0.0,0.0,True,good,当前QC指标正常。,7719.906474293446,False,False,0.0,False,8567.43019702171,False,False,0.0,False
1789617941.4482763,1627.016,runtime,9.991872549057007,2505,250.60367690902117,0,0.0,0,0.0,0.0,True,good,当前QC指标正常。,7664.566495723683,False,False,0.0,False,8506.87482998558,False,False,0.0,False
1789617943.4569707,1628.992,runtime,9.990399360656738,2504,250.5405349316747,0,0.0,0,0.0,0.0,True,good,当前QC指标正常。,7191.742947568291,False,False,0.0,False,8067.400837367738,False,False,0.0,False
1789617945.468614,1631.012,runtime,9.96268606185913,2499,250.73559324159308,0,0.0,0,0.0,0.0,True,good,当前QC指标正常。,6931.417438963296,False,False,0.0,False,7845.138891331015,False,False,0.0,False
1789617947.4776888,1633.032,runtime,9.990481853485107,2499,250.03798982214164,0,0.0,0,0.0,0.0,True,good,当前QC指标正常。,6781.191268839208,False,False,0.0,False,7723.366465960356,False,False,0.0,False
1789617949.4852276,1635.032,runtime,9.961148738861084,2499,250.77428974176837,0,0.0,0,0.0,0.0,True,good,当前QC指标正常。,6745.056038525394,False,False,0.0,False,7704.5208086136945,False,False,0.0,False
1789617951.498062,1637.052,runtime,9.990901470184326,2499,250.02748825566323,0,0.0,0,0.0,0.0,True,good,当前QC指标正常。,6839.307820538836,False,False,0.0,False,7809.536318889399,False,False,0.0,False
1789617953.508167,1639.072,runtime,9.991239786148071,2505,250.61954808366866,0,0.0,0,0.0,0.0,True,good,当前QC指标正常。,7236.342757851026,False,False,0.0,False,8164.286725667585,False,False,0.0,False
1789617955.5185342,1641.072,runtime,9.991147518157959,2500,250.12141953247166,0,0.0,0,0.0,0.0,True,good,当前QC指标正常。,7432.268547662083,False,False,0.0,False,8297.51442928475,False,False,0.0,False
1789617957.5283082,1643.092,runtime,9.99137258529663,2505,250.61621700354792,0,0.0,0,0.0,0.0,True,good,当前QC指标正常。,7536.9398676858655,False,False,0.0,False,8410.263627685303,False,False,0.0,False
1789617959.5387807,1645.072,runtime,9.991145133972168,2495,249.62103608322457,0,0.0,0,0.0,0.0,True,good,当前QC指标正常。,7509.61628194504,False,False,0.0,False,8427.55446299552,False,False,0.0,False
1789617961.5535414,1647.092,runtime,9.963066101074219,2500,250.8263996894046,0,0.0,0,0.0,0.0,True,good,当前QC指标正常。,7414.669486606927,False,False,0.004,False,8358.113899094422,False,False,0.0,False
1789617963.5598102,1649.112,runtime,9.991651773452759,2500,250.1087964894552,0,0.0,0,0.0,0.0,True,good,当前QC指标正常。,7445.761570340474,False,False,0.004,False,8363.1648984016,False,False,0.0,False
1789617965.569171,1651.112,runtime,9.964555501937866,2500,250.78890869883807,0,0.0,0,0.0,0.0,True,good,当前QC指标正常。,7518.601365214411,False,False,0.004,False,8431.183703647397,False,False,0.0,False
1789617967.5793345,1653.112,runtime,9.900942087173462,2495,251.89522148916956,0,0.0,0,0.0,0.0,True,good,当前QC指标正常。,7540.333738969784,False,False,0.004,False,8462.007935010064,False,False,0.0,False
1789617969.5969472,1655.132,runtime,9.964068412780762,2505,251.30297146376037,0,0.0,0,0.0,0.0,True,good,当前QC指标正常。,7498.280755943169,False,False,0.004,False,8414.451821488587,False,False,0.0,False
1789617971.6060836,1657.132,runtime,9.930813789367676,2510,252.647975605608,0,0.0,0,0.0,0.0,True,good,当前QC指标正常。,7440.411400185696,False,False,0.0,False,8360.193277856522,False,False,0.0,False
1789617973.6198213,1659.172,runtime,9.988743543624878,2500,250.18161584446108,0,0.0,0,0.0,0.0,True,good,当前QC指标正常。,7429.141921283173,False,False,0.0,False,8380.685758821783,False,False,0.0,False
1789617975.638217,1661.192,runtime,9.961779356002808,2500,250.85879848303836,0,0.0,0,0.0,0.0,True,good,当前QC指标正常。,7442.85633770137,False,False,0.0,False,8415.824441113738,False,False,0.0,False
1789617977.6484354,1663.172,runtime,9.93106484413147,2490,250.62770599779302,0,0.0,0,0.0,0.0,True,good,当前QC指标正常。,7435.702298721911,False,False,0.0,False,8399.173691255726,False,False,0.0,False
1789617979.6643379,1665.212,runtime,9.9609694480896,2495,250.37723617135688,0,0.0,0,0.0,0.0,True,good,当前QC指标正常。,7424.676884450029,False,False,0.0,False,8364.692706350002,False,False,0.0,False
1789617981.6796603,1667.232,runtime,9.991089820861816,2500,250.12286395243717,0,0.0,0,0.0,0.0,True,good,当前QC指标正常。,7451.5747938067,False,False,0.0,False,8424.299339305402,False,False,0.0,False
1789617983.6882384,1669.232,runtime,9.902727365493774,2500,252.35472085274296,0,0.0,0,0.0,0.0,True,good,当前QC指标正常。,7475.023866631662,False,False,0.0,False,8481.532071887428,False,False,0.0,False
1789617985.699135,1671.252,runtime,9.934882879257202,2510,252.54449705073822,0,0.0,0,0.0,0.0,True,good,当前QC指标正常。,7472.895781417468,False,False,0.0,False,8465.436959475412,False,False,0.0,False
1789617987.7108593,1673.272,runtime,9.991434097290039,2505,250.61467409159573,0,0.0,0,0.0,0.0,True,good,当前QC指标正常。,7445.776822338312,False,False,0.0,False,8386.451569311042,False,False,0.0,False
1789617989.72002,1675.272,runtime,9.990798950195312,2500,250.13014599309363,0,0.0,0,0.0,0.0,True,good,当前QC指标正常。,7417.746021915552,False,False,0.0,False,8336.490628008925,False,False,0.0,False
1789617991.7313385,1677.292,runtime,9.991921186447144,2505,250.6024570526416,0,0.0,0,0.0,0.0,True,good,当前QC指标正常。,7416.455468657641,False,False,0.0,False,8328.539799437534,False,False,0.0,False
1789617993.7405212,1679.312,runtime,9.989160299301147,2505,250.67172064254316,0,0.0,0,0.0,0.0,True,good,当前QC指标正常。,7419.641388888096,False,False,0.0,False,8331.62828885319,False,False,0.0,False
1789617995.7513564,1681.272,runtime,9.991230487823486,2495,249.6189036014621,0,0.0,0,0.0,0.0,True,good,当前QC指标正常。,7423.289038040101,False,False,0.0,False,8334.413158852154,False,False,0.0,False
1789617997.7596633,1683.292,runtime,9.960481405258179,2495,250.3895041341483,0,0.0,0,0.0,0.0,True,good,当前QC指标正常。,7426.074524453775,False,False,0.0,False,8336.302356486689,False,False,0.0,False
1789617999.7710512,1685.332,runtime,9.991085052490234,2505,250.6234294718459,0,0.0,0,0.0,0.0,True,good,当前QC指标正常。,7443.1835913723135,False,False,0.0,False,8359.276705335209,False,False,0.0,False
1789618001.7806447,1687.292,runtime,9.990099430084229,2490,249.14666940196958,0,0.0,0,0.0,0.0,True,good,当前QC指标正常。,7461.299804603619,False,False,0.0,False,8383.638550614864,False,False,0.0,False
1789618003.7894132,1689.332,runtime,9.96187686920166,2500,250.8563429172628,0,0.0,0,0.0,0.0,True,good,当前QC指标正常。,7457.262172030741,False,False,0.0,False,8362.774351427104,False,False,0.0,False
1789618005.8062487,1691.332,runtime,9.960951089859009,2495,250.3776976215733,0,0.0,0,0.0,0.0,True,good,当前QC指标正常。,7470.233188501591,False,False,0.0,False,8375.927013343266,False,False,0.0,False
1789618007.8113902,1693.332,runtime,9.99118185043335,2495,249.62011875420197,0,0.0,0,0.0,0.0,True,good,当前QC指标正常。,7489.66986605148,False,False,0.0,False,8392.649988424962,False,False,0.0,False
1789618009.823214,1695.372,runtime,9.967642068862915,2500,250.71124973542314,0,0.0,0,0.0,0.0,True,good,当前QC指标正常。,7507.993921920225,False,False,0.0,False,8400.103264893592,False,False,0.004,False
1789618011.8313174,1697.272,runtime,9.959887027740479,2475,248.39639175719213,0,0.0,0,0.0,0.0,True,good,当前QC指标正常。,7555.904363264935,False,False,0.0,False,8448.873525798892,False,False,0.004,False
1789618013.8409235,1699.412,runtime,9.989623308181763,2515,251.661141010289,0,0.0,0,0.0,0.0,True,good,当前QC指标正常。,7617.602975121018,False,False,0.0,False,8530.808652273174,False,False,0.004,False
1789618015.8461895,1701.332,runtime,9.9393892288208,2480,249.4117035694462,0,0.0,0,0.0,0.0,True,good,当前QC指标正常。,7595.623294690933,False,False,0.0,False,8495.356002403902,False,False,0.004,False
1789618017.8575826,1703.392,runtime,9.959755182266235,2500,250.90978184379222,0,0.0,0,0.0,0.0,True,good,当前QC指标正常。,7516.55546159569,False,False,0.0,False,8407.021381007196,False,False,0.004,False
1789618019.871851,1705.432,runtime,9.99085259437561,2500,250.12880296190355,0,0.0,0,0.0,0.0,True,good,当前QC指标正常。,7493.097461653615,False,False,0.0,False,8387.713573429735,False,False,0.0,False
1789618021.882242,1707.452,runtime,9.9914870262146,2505,250.61334648488975,0,0.0,0,0.0,0.0,True,good,当前QC指标正常。,7514.068527921003,False,False,0.0,False,8411.461535095033,False,False,0.0,False
1789618023.890207,1709.432,runtime,9.962257623672485,2500,250.84675526377012,0,0.0,0,0.0,0.0,True,good,当前QC指标正常。,7528.23028574492,False,False,0.0,False,8426.290156192164,False,False,0.0,False
1789618025.9022863,1711.452,runtime,9.990669965744019,2505,250.63384223337457,0,0.0,0,0.0,0.0,True,good,当前QC指标正常。,7507.233201039286,False,False,0.0,False,8393.61948360239,False,False,0.0,False
1789618027.9124165,1713.472,runtime,9.990705966949463,2505,250.63293908193808,0,0.0,0,0.0,0.0,True,good,当前QC指标正常。,7498.88120308425,False,False,0.0,False,8374.824260176529,False,False,0.0,False
1789618029.9199197,1715.452,runtime,9.86981463432312,2495,252.68964944153083,0,0.0,0,0.0,0.0,True,good,当前QC指标正常。,7542.2544680924575,False,False,0.0,False,8392.263983359404,False,False,0.0,False
1789618031.9403017,1717.472,runtime,9.963778972625732,2500,250.80845398775884,0,0.0,0,0.0,0.0,True,good,当前QC指标正常。,7599.903882009835,False,False,0.0,False,8434.890741338384,False,False,0.0,False
1789618033.9522517,1719.512,runtime,9.990257263183594,2505,250.6441960436613,0,0.0,0,0.0,0.0,True,good,当前QC指标正常。,7569.355940006242,False,False,0.0,False,8424.257759616452,False,False,0.0,False
1789618035.9606466,1721.452,runtime,9.90025782585144,2490,251.40759400232503,0,0.0,0,0.0,0.0,True,good,当前QC指标正常。,7527.424205234157,False,False,0.0,False,8453.711599588583,False,False,0.0,False
1789618037.972857,1723.532,runtime,9.962237119674683,2500,250.84727154954578,0,0.0,0,0.0,0.0,True,good,当前QC指标正常。,7404.268975113813,False,False,0.0,False,8353.744173432471,False,False,0.0,False
1789618039.9856822,1725.532,runtime,9.985778093338013,2505,250.75662372975597,0,0.0,0,0.0,0.0,True,good,当前QC指标正常。,7449.730744873015,False,False,0.0,False,8458.805575646596,False,False,0.0,False
1789618041.9993114,1727.552,runtime,9.962218046188354,2500,250.8477518172916,0,0.0,0,0.0,0.0,True,good,当前QC指标正常。,8960.712295947014,False,False,0.0,False,8616.53097764404,False,False,0.0,False
1789618044.008532,1729.492,runtime,9.901296138763428,2480,250.3712610205397,0,0.0,0,0.0,0.0,True,good,当前QC指标正常。,9514.109734254234,False,False,0.0,False,8796.915857814414,False,False,0.0,False
1789618046.0197268,1731.572,runtime,9.96073579788208,2505,251.3870511988098,0,0.0,0,0.0,0.0,True,good,当前QC指标正常。,9383.657686362858,False,False,0.0,False,8800.872274649351,False,False,0.0,False
1789618048.0350602,1733.572,runtime,9.96167516708374,2495,250.35949859526622,0,0.0,0,0.0,0.0,True,good,当前QC指标正常。,9059.159248360016,False,False,0.0,False,8822.558442878604,False,False,0.0,False
1789618050.0534012,1735.612,runtime,9.990824460983276,2500,250.1295073053514,0,0.0,0,0.0,0.0,True,good,当前QC指标正常。,8428.52136077952,False,False,0.0,False,8919.398827011999,False,False,0.0,False
1789618052.0621393,1737.612,runtime,9.962430715560913,2500,250.84239693598704,0,0.0,0,0.0,0.0,True,good,当前QC指标正常。,8209.86950213348,False,False,0.0,False,8836.69522809213,False,False,0.0,False
1789618054.0736666,1739.632,runtime,9.990668535232544,2510,251.13434512934725,0,0.0,0,0.0,0.0,True,good,当前QC指标正常。,8140.1813655049145,False,False,0.0,False,8790.624904241155,False,False,0.0,False
1789618056.0825148,1741.632,runtime,9.93435001373291,2515,253.06134739814192,0,0.0,0,0.0,0.0,True,good,当前QC指标正常。,8079.118508010382,False,False,0.0,False,8729.815897812881,False,False,0.0,False
1789618058.0902247,1743.572,runtime,9.903268575668335,2490,251.33116212916872,0,0.0,0,0.0,0.0,True,good,当前QC指标正常。,7964.348947730644,False,False,0.0,False,8633.18967661055,False,False,0.0,False
1789618060.1052332,1745.652,runtime,9.962860584259033,2500,250.83157381006933,0,0.0,0,0.0,0.0,True,good,当前QC指标正常。,7880.465830574342,False,False,0.0,False,8555.117125928167,False,False,0.0,False
1789618062.1152997,1747.652,runtime,9.961400985717773,2495,250.36638958473708,0,0.0,0,0.0,0.0,True,good,当前QC指标正常。,7838.94587264141,False,False,0.0,False,8502.809817966847,False,False,0.0,False
1789618064.1257586,1749.672,runtime,9.99161148071289,2505,250.6102248704873,0,0.0,0,0.0,0.0,True,good,当前QC指标正常。,7842.578344944593,False,False,0.0,False,8459.240813025517,False,False,0.0,False
1789618066.1356418,1751.712,runtime,9.962108373641968,2505,251.35241518001902,0,0.0,0,0.0,0.0,True,good,当前QC指标正常。,7909.106791382528,False,False,0.0,False,8469.873202854864,False,False,0.0,False
1789618068.1443038,1753.712,runtime,9.990355730056763,2535,253.64462172015195,0,0.0,0,0.0,0.0,True,good,当前QC指标正常。,7934.567140680237,False,False,0.0,False,8487.728091045323,False,False,0.0,False
1789618070.1496673,1755.692,runtime,9.931030750274658,2495,251.13203883001012,0,0.0,0,0.0,0.0,True,good,当前QC指标正常。,7863.560591982999,False,False,0.0,False,8470.049359022454,False,False,0.0,False
1789618072.1648018,1757.712,runtime,9.962019681930542,2500,250.8527467108676,0,0.0,0,0.0,0.0,True,good,当前QC指标正常。,7787.769077833892,False,False,0.0,False,8453.685419514792,False,False,0.0,False
1789618074.1770074,1759.712,runtime,9.992950439453125,2495,249.5759400700567,0,0.0,0,0.0,0.0,True,good,当前QC指标正常。,7777.0707975126925,False,False,0.0,False,8475.66772864505,False,False,0.0,False
1789618076.1857448,1761.752,runtime,9.961103439331055,2505,251.3777730801436,0,0.0,0,0.0,0.0,True,good,当前QC指标正常。,7762.192650579701,False,False,0.0,False,8491.444274699179,False,False,0.0,False
1789618078.1958508,1763.752,runtime,9.992051124572754,2500,250.09880042090495,0,0.0,0,0.0,0.0,True,good,当前QC指标正常。,23986.318166256773,False,False,0.0,False,22363.95195293404,False,False,0.0,False
1789618080.2052803,1765.712,runtime,9.931129455566406,2500,251.6330102412781,0,0.0,0,0.0,0.0,True,good,当前QC指标正常。,42531.34495862427,False,False,0.0,False,38876.02677577434,False,False,0.0,False
1789618082.2145317,1767.752,runtime,9.96019172668457,2495,250.39678637091586,0,0.0,0,0.0,0.0,True,good,当前QC指标正常。,55196.318448428414,False,False,0.0,False,51243.652723249674,False,False,0.0,False
1789618084.2282884,1769.792,runtime,9.993528127670288,2505,250.56216063142634,0,0.0,0,0.0,0.0,True,good,当前QC指标正常。,56562.66627293839,False,False,0.0,False,54600.485524609125,False,False,0.0,False
1789618086.2349694,1771.772,runtime,9.961350202560425,2495,250.36766595746752,0,0.0,0,0.0,0.0,True,good,当前QC指标正常。,56965.79315288744,False,False,0.0,False,54858.98161647349,False,False,0.0,False
1789618088.2460942,1773.812,runtime,9.991149663925171,2505,250.62180872348844,0,0.0,0,0.0,0.0,True,good,当前QC指标正常。,50822.717235231175,False,False,0.0,False,50598.02148789538,False,False,0.0,False
1789618090.2549465,1775.792,runtime,9.961540460586548,2495,250.36288412095152,0,0.0,0,0.0,0.0,True,good,当前QC指标正常。,37625.49108542096,False,False,0.0,False,39107.42152742467,False,False,0.0,False
1789618092.2660363,1777.832,runtime,9.98984432220459,2505,250.6545566915711,0,0.0,0,0.0,0.0,True,good,当前QC指标正常。,16850.89987340696,False,False,0.0,False,21124.88644922308,False,False,0.0,False
1789618094.276701,1779.832,runtime,9.991506576538086,2510,251.11328114336612,0,0.0,0,0.0,0.0,True,good,当前QC指标正常。,15714.733862545158,False,False,0.0,False,11555.886464009198,False,False,0.0,False
1789618096.2888172,1781.832,runtime,9.932442426681519,2500,251.5997468343674,0,0.0,0,0.0,0.0,True,good,当前QC指标正常。,14113.266980176948,False,False,0.0,False,11304.260068640997,False,False,0.0,False
1789618098.3038409,1783.832,runtime,9.965855836868286,2495,250.25447295490133,0,0.0,0,0.0,0.0,True,good,当前QC指标正常。,12091.683568503491,False,False,0.0,False,11059.559401553277,False,False,0.0,False
1789618100.3192213,1785.852,runtime,9.932360887527466,2490,250.59500235493402,0,0.0,0,0.0,0.0,True,good,当前QC指标正常。,10869.82878020513,False,False,0.0,False,10958.680541639034,False,False,0.0,False
1789618102.334418,1787.852,runtime,9.933306217193604,2490,250.57115381098177,0,0.0,0,0.0,0.0,True,good,当前QC指标正常。,10085.16596946561,False,False,0.0,False,10902.172792315336,False,False,0.0,False
1789618104.3509917,1789.892,runtime,9.903754711151123,2495,251.823684323672,0,0.0,0,0.0,0.0,True,good,当前QC指标正常。,9929.784080632298,False,False,0.0,False,10828.380629482741,False,False,0.004,False
1789618106.359322,1791.832,runtime,9.901230096817017,2480,250.3729310156051,0,0.0,0,0.0,0.0,True,good,当前QC指标正常。,9892.387416269201,False,False,0.0,False,10779.456032228796,False,False,0.004,False
1789618108.3656182,1793.912,runtime,9.963908433914185,2520,252.8124396874295,0,0.0,0,0.0,0.0,True,good,当前QC指标正常。,9866.574946991612,False,False,0.0,False,10743.287944358757,False,False,0.004,False
1789618110.3779917,1795.932,runtime,9.933317422866821,2500,251.57758416611355,0,0.0,0,0.0,0.0,True,good,当前QC指标正常。,9815.81920689183,False,False,0.0,False,10674.351692074726,False,False,0.004,False
1789618112.3861666,1797.932,runtime,9.964164972305298,2505,251.30053616732496,0,0.0,0,0.0,0.0,True,good,当前QC指标正常。,9769.770376040657,False,False,0.0,False,10602.497278582052,False,False,0.004,False
1789618114.4025464,1799.948,runtime,9.961377143859863,2514,252.27435561447436,0,0.0,0,0.0,0.0,True,good,当前QC指标正常。,10040.373652181215,False,False,0.0,False,10493.407904824953,False,False,0.0,False
1789618116.4126189,1801.888,runtime,9.90098786354065,2479,250.27805650837885,0,0.0,0,0.0,0.0,True,good,当前QC指标正常。,10851.750376709335,False,False,0.0,False,10446.87881944367,False,False,0.0,False
1789618118.4328568,1803.968,runtime,9.959453821182251,2499,250.81696695928565,0,0.0,0,0.0,0.0,True,good,当前QC指标正常。,10796.143324108978,False,False,0.0,False,10385.597210483038,False,False,0.0,False
1789618120.4387162,1805.988,runtime,9.986947774887085,2499,250.12647070022783,0,0.0,0,0.0,0.0,True,good,当前QC指标正常。,10456.783177442132,False,False,0.0,False,10336.208542079727,False,False,0.0,False
1789618122.4483392,1808.008,runtime,9.990954875946045,2504,250.52660442158094,0,0.0,0,0.0,0.0,True,good,当前QC指标正常。,9982.414119384364,False,False,0.0,False,10260.778628615804,False,False,0.0,False
1789618124.4577165,1809.988,runtime,9.989916324615479,2495,249.6517407112513,0,0.0,0,0.0,0.0,True,good,当前QC指标正常。,9732.64176487247,False,False,0.0,False,10186.528833861168,False,False,0.0,False
1789618126.465663,1811.988,runtime,9.961555242538452,2495,250.36251260746576,0,0.0,0,0.0,0.0,True,good,当前QC指标正常。,9367.251823906721,False,False,0.0,False,10086.52406489288,False,False,0.0,False
1789618128.4786224,1814.008,runtime,9.990182161331177,2495,249.64509752920043,0,0.0,0,0.0,0.0,True,good,当前QC指标正常。,9211.653743294748,False,False,0.0,False,10033.438216198312,False,False,0.0,False
1789618130.4887047,1816.048,runtime,9.99134612083435,2505,250.61688082034914,0,0.0,0,0.0,0.0,True,good,当前QC指标正常。,9150.67408101065,False,False,0.0,False,9966.424744791015,False,False,0.0,False
1789618132.4988565,1818.048,runtime,9.99076771736145,2500,250.13092794234063,0,0.0,0,0.0,0.0,True,good,当前QC指标正常。,9463.097276330316,False,False,0.0,False,10248.857152361721,False,False,0.0,False
1789618134.5088575,1820.068,runtime,9.990718603134155,2510,251.13308658427331,0,0.0,0,0.0,0.0,True,good,当前QC指标正常。,10124.943547320234,False,False,0.0,False,10847.235386063994,False,False,0.0,False
1789618136.5194721,1822.068,runtime,9.991837739944458,2500,250.1041415043927,0,0.0,0,0.0,0.0,True,good,当前QC指标正常。,10854.259787758934,False,False,0.0,False,11511.788816860768,False,False,0.0,False
1789618138.5293746,1824.048,runtime,9.989702701568604,2495,249.6570793451528,0,0.0,0,0.0,0.0,True,good,当前QC指标正常。,11592.201776691594,False,False,0.0,False,12153.902304966687,False,False,0.0,False
1789618140.5396657,1826.108,runtime,9.992497444152832,2505,250.58800505025198,0,0.0,0,0.0,0.0,True,good,当前QC指标正常。,12249.70316911551,False,False,0.0,False,12785.525369445953,False,False,0.0,False
1789618142.5486894,1828.108,runtime,9.990408658981323,2505,250.6403977527904,0,0.0,0,0.0,0.0,True,good,当前QC指标正常。,12534.969805394989,False,False,0.0,False,13113.754509391647,False,False,0.0,False
1789618144.5648263,1830.088,runtime,9.960325241088867,2495,250.39342989640716,0,0.0,0,0.0,0.0,True,good,当前QC指标正常。,12598.047935274393,False,False,0.0,False,13200.004637899605,False,False,0.0,False
1789618146.5701191,1832.108,runtime,9.990509510040283,2500,250.13739264134125,0,0.0,0,0.0,0.0,True,good,当前QC指标正常。,12591.240564364489,False,False,0.0,False,13185.52728215339,False,False,0.0,False
1789618148.577987,1834.108,runtime,9.963956117630005,2500,250.8039949692597,0,0.0,0,0.0,0.0,True,good,当前QC指标正常。,12621.35637928977,False,False,0.0,False,13199.908304401337,False,False,0.0,False
1789618150.589385,1836.108,runtime,9.960292339324951,2495,250.3942570192702,0,0.0,0,0.0,0.0,True,good,当前QC指标正常。,12638.78045049086,False,False,0.0,False,13213.646577207617,False,False,0.0,False
1789618152.596499,1838.128,runtime,9.903494596481323,2505,252.84004303790528,0,0.0,0,0.0,0.0,True,good,当前QC指标正常。,12629.143838383896,False,False,0.0,False,13225.517539939088,False,False,0.0,False
1789618154.608963,1840.148,runtime,9.931390762329102,2500,251.62638947598276,0,0.0,0,0.0,0.0,True,good,当前QC指标正常。,12601.401356316528,False,False,0.0,False,13211.574243421415,False,False,0.0,False
1789618156.6161473,1842.148,runtime,9.962058544158936,2505,251.35367242628513,0,0.0,0,0.0,0.0,True,good,当前QC指标正常。,12594.830059044003,False,False,0.0,False,13214.294523807961,False,False,0.0,False
1789618158.6278496,1844.168,runtime,9.932292461395264,2500,251.6035456782096,0,0.0,0,0.0,0.0,True,good,当前QC指标正常。,12622.788512277664,False,False,0.0,False,13255.765317764319,False,False,0.0,False
1789618160.6404116,1846.188,runtime,9.990886926651001,2500,250.12794342951074,0,0.0,0,0.0,0.0,True,good,当前QC指标正常。,12646.019279758195,False,False,0.0,False,13306.620136622469,False,False,0.0,False
1789618162.6483397,1848.188,runtime,9.962531089782715,2500,250.83986965550375,0,0.0,0,0.0,0.0,True,good,当前QC指标正常。,12619.139447823683,False,False,0.0,False,13276.108262395717,False,False,0.0,False
1789618164.6553438,1850.168,runtime,9.933859825134277,2500,251.56384768759514,0,0.0,0,0.0,0.0,True,good,当前QC指标正常。,12573.547658821255,False,False,0.0,False,13192.769057878068,False,False,0.0,False
1789618166.6717944,1852.168,runtime,9.9914391040802,2495,249.6136916834659,0,0.0,0,0.0,0.0,True,good,当前QC指标正常。,12537.358504507738,False,False,0.0,False,13153.340314506877,False,False,0.0,False
1789618168.6810522,1854.248,runtime,9.961392879486084,2505,251.3704689990285,0,0.0,0,0.0,0.0,True,good,当前QC指标正常。,12530.979309844355,False,False,0.0,False,13142.567888458048,False,False,0.0,False
1789618170.690851,1856.248,runtime,9.990805625915527,2505,250.63043900131336,0,0.0,0,0.0,0.0,True,good,当前QC指标正常。,12525.632990284372,False,False,0.0,False,13132.247435370247,False,False,0.0,False
1789618172.7010179,1858.248,runtime,9.99036979675293,2500,250.140890761844,0,0.0,0,0.0,0.0,True,good,当前QC指标正常。,12512.806201238129,False,False,0.0,False,13136.25223283645,False,False,0.0,False
1789618174.7129614,1860.248,runtime,9.930323600769043,2505,252.15693875334338,0,0.0,0,0.0,0.0,True,good,当前QC指标正常。,12495.950967271714,False,False,0.0,False,13114.188590891557,False,False,0.0,False
1789618176.7207556,1862.268,runtime,9.960107803344727,2510,251.9049039968671,0,0.0,0,0.0,0.0,True,good,当前QC指标正常。,12490.851111677473,False,False,0.0,False,13088.819468731825,False,False,0.0,False
1789618178.73092,1864.288,runtime,9.990646600723267,2505,250.634428388121,0,0.0,0,0.0,0.0,True,good,当前QC指标正常。,12492.498862289742,False,False,0.0,False,13071.730901040062,False,False,0.0,False
1789618180.7414691,1866.288,runtime,9.991183519363403,2500,250.12051827061484,0,0.0,0,0.0,0.0,True,good,当前QC指标正常。,12487.145885509344,False,False,0.004,False,13068.221876447762,False,False,0.0,False
1789618182.7506173,1868.308,runtime,9.989301919937134,2505,250.66816681177642,0,0.0,0,0.0,0.0,True,good,当前QC指标正常。,12425.666583460003,False,False,0.004,False,13005.586710152891,False,False,0.0,False
1789618184.7629242,1870.328,runtime,9.992741346359253,2505,250.58188871388182,0,0.0,0,0.0,0.0,True,good,当前QC指标正常。,11919.454073960782,False,False,0.004,False,12511.491662734361,False,False,0.0,False
1789618186.771367,1872.328,runtime,9.99074101448059,2505,250.63205986129555,0,0.0,0,0.0,0.0,True,good,当前QC指标正常。,11847.126711557825,False,False,0.004,False,12442.852664550972,False,False,0.0,False
1789618188.7833748,1874.308,runtime,9.961323738098145,2495,250.36833111461192,0,0.0,0,0.0,0.0,True,good,当前QC指标正常。,11808.978918138471,False,False,0.004,False,12414.417071898077,False,False,0.0,False
1789618190.7923777,1876.288,runtime,9.935760736465454,2490,250.50925299208004,0,0.0,0,0.0,0.0,True,good,当前QC指标正常。,11763.35115961424,False,False,0.0,False,12367.672707576614,False,False,0.0,False
1789618192.8073354,1878.328,runtime,9.962414979934692,2495,250.3409068005265,0,0.0,0,0.0,0.0,True,good,当前QC指标正常。,11788.482051529245,False,False,0.0,False,12375.701423954439,False,False,0.0,False
1789618194.8234332,1880.308,runtime,9.902909278869629,2495,251.84518304349027,0,0.0,0,0.0,0.0,True,good,当前QC指标正常。,12298.853981694576,False,False,0.0,False,12853.002622571956,False,False,0.0,False
1789618196.8336108,1882.388,runtime,9.990071058273315,2505,250.6488678002248,0,0.0,0,0.0,0.0,True,good,当前QC指标正常。,12352.651735442429,False,False,0.0,False,12909.53039945947,False,False,0.0,False
1789618198.850336,1884.388,runtime,9.961201906204224,2505,251.3752882009561,0,0.0,0,0.0,0.0,True,good,当前QC指标正常。,12374.268569001311,False,False,0.0,False,12923.616407863856,False,False,0.0,False
1789618200.8643615,1886.408,runtime,9.96191143989563,2500,250.8554723737016,0,0.0,0,0.0,0.0,True,good,当前QC指标正常。,12399.21229486529,False,False,0.0,False,12940.693500186759,False,False,0.0,False
1789618202.8743386,1888.408,runtime,9.960827112197876,2495,250.38081395327964,0,0.0,0,0.0,0.0,True,good,当前QC指标正常。,12405.264012888696,False,False,0.0,False,12944.224574272002,False,False,0.0,False
1789618204.8895564,1890.428,runtime,9.932002305984497,2500,251.61089607220845,0,0.0,0,0.0,0.0,True,good,当前QC指标正常。,12331.490251102085,False,False,0.0,False,12895.780570297502,False,False,0.0,False
1789618206.9015849,1892.428,runtime,9.960164785385132,2495,250.39746367043304,0,0.0,0,0.0,0.0,True,good,当前QC指标正常。,12312.088619989101,False,False,0.0,False,12869.297610607166,False,False,0.0,False
1789618208.9124496,1894.468,runtime,9.990493297576904,2505,250.63827434900742,0,0.0,0,0.0,0.0,True,good,当前QC指标正常。,12325.181428085734,False,False,0.0,False,12869.922614612355,False,False,0.0,False
1789618210.92303,1896.468,runtime,9.990123987197876,2500,250.14704554241905,0,0.0,0,0.0,0.0,True,good,当前QC指标正常。,12331.144759656177,False,False,0.0,False,12868.511868261747,False,False,0.0,False
1789618212.932317,1898.488,runtime,9.990309715270996,2505,250.6428800873344,0,0.0,0,0.0,0.0,True,good,当前QC指标正常。,12311.991675868105,False,False,0.0,False,12860.699216346411,False,False,0.0,False
1789618214.9400122,1900.468,runtime,9.960699081420898,2495,250.3840322464826,0,0.0,0,0.0,0.0,True,good,当前QC指标正常。,12302.959281265044,False,False,0.0,False,12842.713365955575,False,False,0.0,False
1789618216.9505517,1902.488,runtime,9.96194076538086,2500,250.85473391734826,0,0.0,0,0.0,0.0,True,good,当前QC指标正常。,12330.55185929249,False,False,0.0,False,12843.552282228464,False,False,0.0,False
1789618218.9579964,1904.488,runtime,9.960762023925781,2495,250.3824500584799,0,0.0,0,0.0,0.0,True,good,当前QC指标正常。,12363.365104066213,False,False,0.0,False,12851.685383832524,False,False,0.0,False
1789618220.9680119,1906.508,runtime,9.960580587387085,2500,250.88898966034586,0,0.0,0,0.0,0.0,True,good,当前QC指标正常。,12339.3549218323,False,False,0.0,False,12841.997977902449,False,False,0.0,False
1789618222.9834433,1908.528,runtime,9.990625619888306,2500,250.13448557468203,0,0.0,0,0.0,0.0,True,good,当前QC指标正常。,12284.644079185455,False,False,0.0,False,12810.962482601932,False,False,0.0,False
1789618224.9934285,1910.548,runtime,9.99082064628601,2505,250.63006219922858,0,0.0,0,0.0,0.0,True,good,当前QC指标正常。,12257.539838134488,False,False,0.0,False,12798.48932788054,False,False,0.0,False
1789618227.005309,1912.548,runtime,9.992443323135376,2500,250.088984164073,0,0.0,0,0.0,0.0,True,good,当前QC指标正常。,12244.225675214786,False,False,0.0,False,12803.626793031537,False,False,0.0,False
1789618229.0137086,1914.568,runtime,9.988862991333008,2505,250.67918162183568,0,0.0,0,0.0,0.0,True,good,当前QC指标正常。,12249.671228706577,False,False,0.0,False,12816.786664308549,False,False,0.0,False
1789618231.0226085,1916.548,runtime,9.961013555526733,2495,250.37612749921797,0,0.0,0,0.0,0.0,True,good,当前QC指标正常。,12255.67316620692,False,False,0.0,False,12815.192168128162,False,False,0.0,False
1789618233.0316374,1918.528,runtime,9.931889772415161,2490,250.6068892259508,0,0.0,0,0.0,0.0,True,good,当前QC指标正常。,12257.604564032394,False,False,0.0,False,12797.571961702739,False,False,0.0,False
1789618235.0379112,1920.588,runtime,9.96923017501831,2500,250.67131123747075,0,0.0,0,0.0,0.0,True,good,当前QC指标正常。,12279.496244271984,False,False,0.0,False,12797.458309002524,False,False,0.0,False
1789618237.0523262,1922.548,runtime,9.901603698730469,2490,251.37342149122028,0,0.0,0,0.0,0.0,True,good,当前QC指标正常。,12334.927357087674,False,False,0.0,False,12828.67566355563,False,False,0.0,False
1789618239.0597851,1924.588,runtime,9.96171236038208,2505,251.36240732652107,0,0.0,0,0.0,0.0,True,good,当前QC指标正常。,12359.437413173831,False,False,0.0,False,12852.491581606599,False,False,0.0,False
1789618241.0751255,1926.628,runtime,9.960450172424316,2505,251.39425996350732,0,0.0,0,0.0,0.0,True,good,当前QC指标正常。,12300.520192785554,False,False,0.0,False,12810.711709495974,False,False,0.0,False
1789618243.083277,1928.608,runtime,9.960765361785889,2505,251.38630507315273,0,0.0,0,0.0,0.0,True,good,当前QC指标正常。,12245.708406292393,False,False,0.0,False,12762.52495672699,False,False,0.0,False
1789618245.0946546,1930.648,runtime,9.990771770477295,2505,250.63128830540535,0,0.0,0,0.0,0.0,True,good,当前QC指标正常。,12219.411132127145,False,False,0.0,False,12731.193729258654,False,False,0.0,False
1789618247.1040506,1932.668,runtime,9.9882071018219,2505,250.69564281894574,0,0.0,0,0.0,0.0,True,good,当前QC指标正常。,11962.811237220685,False,False,0.0,False,12487.073274031985,False,False,0.0,False
1789618249.1147237,1934.668,runtime,9.99068284034729,2505,250.63351925131852,0,0.0,0,0.0,0.0,True,good,当前QC指标正常。,11832.979879789318,False,False,0.0,False,11964.735221767382,False,False,0.0,False
1789618251.1257555,1936.668,runtime,9.9915771484375,2500,250.11066450012828,0,0.0,0,0.0,0.0,True,good,当前QC指标正常。,11956.30646307853,False,False,0.0,False,11757.915770766287,False,False,0.0,False
1789618253.1345906,1938.688,runtime,9.990422248840332,2505,250.64005680947662,0,0.0,0,0.0,0.0,True,good,当前QC指标正常。,11832.217629876732,False,False,0.0,False,11699.315878059266,False,False,0.0,False
1789618255.14519,1940.688,runtime,9.960297107696533,2500,250.89613020368336,0,0.0,0,0.0,0.0,True,good,当前QC指标正常。,11826.966011088924,False,False,0.0,False,11673.175166747556,False,False,0.0,False
1789618257.155334,1942.708,runtime,9.989768505096436,2505,250.65645902830937,0,0.0,0,0.0,0.0,True,good,当前QC指标正常。,12297.100032821354,False,False,0.0,False,11923.8216867357,False,False,0.0,False
1789618259.1661777,1944.708,runtime,9.991669416427612,2500,250.1083548552274,0,0.0,0,0.0,0.0,True,good,当前QC指标正常。,13050.251298252546,False,False,0.0,False,12462.271479267974,False,False,0.0,False
1789618261.1732852,1946.708,runtime,9.961931467056274,2500,250.85496806157494,0,0.0,0,0.0,0.0,True,good,当前QC指标正常。,12832.17701142459,False,False,0.0,False,12600.415546174334,False,False,0.0,False
1789618263.1864643,1948.728,runtime,9.99124813079834,2500,250.1189007904581,0,0.0,0,0.0,0.0,True,good,当前QC指标正常。,12464.593483976925,False,False,0.0,False,12588.44596185105,False,False,0.0,False
1789618265.1966414,1950.748,runtime,9.991081476211548,2505,250.62351918177683,0,0.0,0,0.0,0.0,True,good,当前QC指标正常。,12290.484814508356,False,False,0.0,False,12596.008577535436,False,False,0.0,False
1789618267.2068944,1952.748,runtime,9.991828918457031,2500,250.1043623138719,0,0.0,0,0.0,0.0,True,good,当前QC指标正常。,12249.129312543157,False,False,0.0,False,12578.374864515978,False,False,0.0,False
1789618269.2260702,1954.748,runtime,9.96090054512024,2495,250.3789681166719,0,0.0,0,0.0,0.0,True,good,当前QC指标正常。,12236.067030292674,False,False,0.0,False,12548.259982696007,False,False,0.0,False
1789618271.243805,1956.788,runtime,9.961710929870605,2500,250.86052161046396,0,0.0,0,0.0,0.0,True,good,当前QC指标正常。,12226.044785712835,False,False,0.0,False,12518.377463221126,False,False,0.0,False
1789618273.258657,1958.788,runtime,9.962817668914795,2495,250.3307882248597,0,0.0,0,0.0,0.0,True,good,当前QC指标正常。,12213.567793289625,False,False,0.0,False,12500.096806939202,False,False,0.0,False
1789618275.2663646,1960.768,runtime,9.930008888244629,2490,250.65435771628916,0,0.0,0,0.0,0.0,True,good,当前QC指标正常。,12203.757345035225,False,False,0.0,False,12507.350304808642,False,False,0.0,False
1789618277.282094,1962.828,runtime,9.965612649917603,2500,250.76230511735395,0,0.0,0,0.0,0.0,True,good,当前QC指标正常。,12203.429986586323,False,False,0.0,False,12539.06916414021,False,False,0.0,False
1789618279.296639,1964.828,runtime,9.95995306968689,2495,250.4027862932896,0,0.0,0,0.0,0.0,True,good,当前QC指标正常。,12205.623286517475,False,False,0.0,False,12529.73559136801,False,False,0.0,False
1789618281.3072758,1966.848,runtime,9.990572214126587,2510,251.13676636582383,0,0.0,0,0.0,0.0,True,good,当前QC指标正常。,12204.826456231043,False,False,0.0,False,12514.270537186756,False,False,0.0,False
1789618283.3166966,1968.864,runtime,9.960463523864746,2499,250.7915413790657,0,0.0,0,0.0,0.0,True,good,当前QC指标正常。,12193.923976712187,False,False,0.0,False,12504.70645744486,False,False,0.0,False
1789618285.3278935,1970.868,runtime,9.99159049987793,2505,250.6107511142087,0,0.0,0,0.0,0.0,True,good,当前QC指标正常。,12186.929768835156,False,False,0.0,False,12510.907657000456,False,False,0.0,False
1789618287.3379848,1972.884,runtime,9.99118971824646,2504,250.5207158091377,0,0.0,0,0.0,0.0,True,good,当前QC指标正常。,12184.901154323143,False,False,0.0,False,12489.422700093872,False,False,0.0,False
1789618289.3442874,1974.844,runtime,9.931236028671265,2489,250.5226935315199,0,0.0,0,0.0,0.0,True,good,当前QC指标正常。,12214.2074691674,False,False,0.0,False,12481.30299099161,False,False,0.0,False
1789618291.357622,1976.904,runtime,9.990440607070923,2504,250.5395005530041,0,0.0,0,0.0,0.0,True,good,当前QC指标正常。,12232.977368033,False,False,0.0,False,12486.884982229918,False,False,0.0,False
1789618293.3693945,1978.904,runtime,9.992376565933228,2500,250.0906549618818,0,0.0,0,0.0,0.0,True,good,当前QC指标正常。,12247.633111227746,False,False,0.0,False,12487.196099896733,False,False,0.0,False
1789618295.377627,1980.924,runtime,9.990759134292603,2505,250.63160530066128,0,0.0,0,0.0,0.0,True,good,当前QC指标正常。,12185.648781946176,False,False,0.0,False,12451.169287612754,False,False,0.0,False
1789618297.38709,1982.904,runtime,9.96013593673706,2495,250.39818892442085,0,0.0,0,0.0,0.0,True,good,当前QC指标正常。,12150.07726497678,False,False,0.0,False,12433.4376323913,False,False,0.0,False
1789618299.3975143,1984.944,runtime,9.989418983459473,2505,250.6652292937292,0,0.0,0,0.0,0.0,True,good,当前QC指标正常。,12155.581794069747,False,False,0.0,False,12441.100746377731,False,False,0.0,False
1789618301.4069948,1986.924,runtime,9.960716485977173,2495,250.38359474552718,0,0.0,0,0.0,0.0,True,good,当前QC指标正常。,12170.260432184052,False,False,0.0,False,12452.527460742776,False,False,0.0,False
1789618303.413618,1988.944,runtime,9.959149360656738,2500,250.92504485093974,0,0.0,0,0.0,0.0,True,good,当前QC指标正常。,12162.283993881618,False,False,0.0,False,12439.38972704307,False,False,0.0,False
1789618305.4275002,1990.944,runtime,9.960241079330444,2495,250.39554566360493,0,0.0,0,0.0,0.0,True,good,当前QC指标正常。,12153.879969406225,False,False,0.0,False,12429.387600925436,False,False,0.0,False
1789618307.4353127,1992.964,runtime,9.961811780929565,2500,250.8579819570543,0,0.0,0,0.0,0.0,True,good,当前QC指标正常。,12151.185839950107,False,False,0.0,False,12432.973591984592,False,False,0.0,False
1789618309.4438949,1994.964,runtime,9.960091352462769,2505,251.40331663532905,0,0.0,0,0.0,0.0,True,good,当前QC指标正常。,12146.965213865271,False,False,0.0,False,12445.277566475188,False,False,0.0,False
1789618311.4523947,1996.984,runtime,9.959904193878174,2500,250.90602794512853,0,0.0,0,0.0,0.0,True,good,当前QC指标正常。,12141.0411522075,False,False,0.0,False,12438.579924708034,False,False,0.0,False
1789618313.4678283,1998.984,runtime,9.961539030075073,2495,250.36292007392802,0,0.0,0,0.0,0.0,True,good,当前QC指标正常。,12129.28109894046,False,False,0.0,False,12419.632212609316,False,False,0.0,False
1789618315.4789534,2001.024,runtime,9.990992546081543,2505,250.6257499893808,0,0.0,0,0.0,0.0,True,good,当前QC指标正常。,12131.023576375319,False,False,0.0,False,12403.104537709747,False,False,0.0,False
1789618317.4879408,2003.004,runtime,9.960835695266724,2495,250.38059820473904,0,0.0,0,0.0,0.0,True,good,当前QC指标正常。,12121.619021617362,False,False,0.0,False,12396.273188007623,False,False,0.0,False
1789618319.4987786,2004.984,runtime,9.93126368522644,2485,250.11922739451086,0,0.0,0,0.0,0.0,True,good,当前QC指标正常。,12121.918034467599,False,False,0.0,False,12398.598536217802,False,False,0.0,False
1789618321.5171528,2007.044,runtime,9.963730573654175,2500,250.80967229360735,0,0.0,0,0.0,0.0,True,good,当前QC指标正常。,12110.80840165091,False,False,0.0,False,12388.889392420684,False,False,0.0,False
1789618323.5332096,2009.084,runtime,9.96361756324768,2510,251.81616858266702,0,0.0,0,0.0,0.0,True,good,当前QC指标正常。,12122.637576495872,False,False,0.0,False,12401.041422933338,False,False,0.0,False
1789618325.5490096,2011.084,runtime,9.930227041244507,2495,251.15236435595526,0,0.0,0,0.0,0.0,True,good,当前QC指标正常。,12166.1378198101,False,False,0.0,False,12467.464304267296,False,False,0.0,False
1789618327.5589983,2013.084,runtime,9.961480379104614,2500,250.866327583393,0,0.0,0,0.0,0.0,True,good,当前QC指标正常。,12178.205556304518,False,False,0.0,False,12499.60322043928,False,False,0.0,False
1789618329.5706143,2015.104,runtime,9.961297750473022,2495,250.36898429038223,0,0.0,0,0.0,0.0,True,good,当前QC指标正常。,12138.00452048064,False,False,0.0,False,12441.646458903222,False,False,0.0,False
1789618331.5823886,2017.104,runtime,9.960864305496216,2495,250.3798790456224,0,0.0,0,0.0,0.0,True,good,当前QC指标正常。,12125.859039245908,False,False,0.0,False,12397.837893753816,False,False,0.0,False
1789618333.595695,2019.124,runtime,9.960945844650269,2500,250.87978982860744,0,0.0,0,0.0,0.0,True,good,当前QC指标正常。,12176.831530653686,False,False,0.0,False,12417.249321968857,False,False,0.0,False
1789618335.6111495,2021.164,runtime,9.991749048233032,2505,250.60677444083868,0,0.0,0,0.0,0.0,True,good,当前QC指标正常。,12241.74692711344,False,False,0.0,False,12475.933696103819,False,False,0.0,False
1789618337.6205745,2023.164,runtime,9.991296529769897,2500,250.1176891861854,0,0.0,0,0.0,0.0,True,good,当前QC指标正常。,12268.120409806867,False,False,0.0,False,12498.90507548919,False,False,0.0,False
1789618339.6307735,2025.164,runtime,9.990957975387573,2500,250.12616469373728,0,0.0,0,0.0,0.0,True,good,当前QC指标正常。,12262.570346546509,False,False,0.0,False,12490.842456088343,False,False,0.0,False
1789618341.6401865,2027.184,runtime,9.991072416305542,2505,250.62374644722263,0,0.0,0,0.0,0.0,True,good,当前QC指标正常。,12227.570148055303,False,False,0.0,False,12473.142051417895,False,False,0.0,False
1789618343.6478436,2029.164,runtime,9.96109676361084,2495,250.374036030942,0,0.0,0,0.0,0.0,True,good,当前QC指标正常。,12244.406234483084,False,False,0.0,False,12525.212464085238,False,False,0.0,False
1789618345.6592562,2031.184,runtime,9.961785078048706,2500,250.8586543898314,0,0.0,0,0.0,0.0,True,good,当前QC指标正常。,12250.985826836795,False,False,0.0,False,12539.09443055304,False,False,0.0,False
1789618347.6710103,2033.204,runtime,9.991092205047607,2500,250.1228042653313,0,0.0,0,0.0,0.0,True,good,当前QC指标正常。,12247.83187303692,False,False,0.0,False,12513.450342514207,False,False,0.0,False
1789618349.680952,2035.224,runtime,9.990427732467651,2505,250.63991923612144,0,0.0,0,0.0,0.0,True,good,当前QC指标正常。,12237.510254009683,False,False,0.0,False,12472.618110146392,False,False,0.0,False
1789618351.6910083,2037.224,runtime,9.989978790283203,2500,250.15068124375432,0,0.0,0,0.0,0.0,True,good,当前QC指标正常。,12234.769667177066,False,False,0.0,False,12468.377185118512,False,False,0.0,False
1789618353.7008555,2039.244,runtime,9.990896940231323,2505,250.62814830137,0,0.0,0,0.0,0.0,True,good,当前QC指标正常。,12249.76154863318,False,False,0.0,False,12452.80874523231,False,False,0.0,False
1789618355.711373,2041.264,runtime,9.991091251373291,2505,250.6232739747844,0,0.0,0,0.0,0.0,True,good,当前QC指标正常。,12305.412022374338,False,False,0.0,False,12468.957833540013,False,False,0.0,False
1789618357.71877,2043.244,runtime,9.959632873535156,2500,250.9128631277534,0,0.0,0,0.0,0.0,True,good,当前QC指标正常。,12286.877296791408,False,False,0.0,False,12459.707310813596,False,False,0.0,False
1789618359.7278028,2045.264,runtime,9.964527130126953,2500,250.7896227653867,0,0.0,0,0.0,0.0,True,good,当前QC指标正常。,12214.195547783735,False,False,0.0,False,12429.279314897038,False,False,0.0,False
1789618361.7344952,2047.244,runtime,9.934587478637695,2495,251.04212986828477,0,0.0,0,0.0,0.0,True,good,当前QC指标正常。,12221.163362449055,False,False,0.0,False,12426.473280319973,False,False,0.0,False
1789618363.7430916,2049.284,runtime,9.964484214782715,2500,250.7907028737757,0,0.0,0,0.0,0.0,True,good,当前QC指标正常。,12253.76723577644,False,False,0.0,False,12436.266534873019,False,False,0.0,False
1789618365.7624958,2051.284,runtime,9.961573839187622,2495,250.36204522109819,0,0.0,0,0.0,0.0,True,good,当前QC指标正常。,12213.98429961144,False,False,0.0,False,12413.022161338806,False,False,0.0,False
1789618367.7718375,2053.324,runtime,9.99048662185669,2510,251.13891794929535,0,0.0,0,0.0,0.0,True,good,当前QC指标正常。,12181.575422078178,False,False,0.0,False,12411.23057901791,False,False,0.0,False
1789618369.7843435,2055.324,runtime,9.96240496635437,2500,250.84304527267986,0,0.0,0,0.0,0.0,True,good,当前QC指标正常。,12078.238975429353,False,False,0.0,False,12321.144989424312,False,False,0.0,False
1789618371.794729,2057.344,runtime,9.991391658782959,2510,251.11616936710283,0,0.0,0,0.0,0.0,True,good,当前QC指标正常。,11935.460812764995,False,False,0.0,False,12178.722527624037,False,False,0.0,False
1789618373.8020573,2059.344,runtime,9.991071701049805,2500,250.12331757537277,0,0.0,0,0.0,0.0,True,good,当前QC指标正常。,11927.472452305534,False,False,0.0,False,12177.791741286817,False,False,0.0,False
1789618375.8073387,2061.344,runtime,9.961897134780884,2500,250.85583259789067,0,0.0,0,0.0,0.0,True,good,当前QC指标正常。,11930.108773584228,False,False,0.0,False,12179.60678712367,False,False,0.0,False
1789618377.8227592,2063.364,runtime,9.99070930480957,2500,250.13239037962705,0,0.0,0,0.0,0.0,True,good,当前QC指标正常。,11922.249075113408,False,False,0.0,False,12164.157793355198,False,False,0.0,False
1789618379.8330142,2065.384,runtime,9.990727424621582,2505,250.6324007828533,0,0.0,0,0.0,0.0,True,good,当前QC指标正常。,12017.706682473154,False,False,0.0,False,12268.51413313209,False,False,0.0,False
1789618381.8451047,2067.384,runtime,9.992286443710327,2500,250.09291057433632,0,0.0,0,0.0,0.0,True,good,当前QC指标正常。,12152.415844502466,False,False,0.004,False,12400.947352091936,False,False,0.0,False
1789618383.8523796,2069.404,runtime,9.990416765213013,2505,250.64019438298283,0,0.0,0,0.0,0.0,True,good,当前QC指标正常。,12149.690820786185,False,False,0.004,False,12384.422965291486,False,False,0.0,False
1789618385.8581684,2071.384,runtime,9.961806774139404,2495,250.35619105505643,0,0.0,0,0.0,0.0,True,good,当前QC指标正常。,12147.6277779607,False,False,0.004,False,12373.112166081444,False,False,0.0,False
1789618387.8731833,2073.424,runtime,9.991008520126343,2505,250.6253492783865,0,0.0,0,0.0,0.0,True,good,当前QC指标正常。,12152.75597612425,False,False,0.004,False,12383.726585888146,False,False,0.0,False
1789618389.8828175,2075.424,runtime,9.990161180496216,2500,250.14611424676468,0,0.0,0,0.0,0.0,True,good,当前QC指标正常。,12147.606106754696,False,False,0.004,False,12370.62988029548,False,False,0.0,False
1789618391.8933136,2077.444,runtime,9.990494728088379,2505,250.63823846080197,0,0.0,0,0.0,0.0,True,good,当前QC指标正常。,12155.631461896774,False,False,0.0,False,12370.472490645865,False,False,0.0,False
1789618393.9032598,2079.444,runtime,9.990195274353027,2500,250.1452605651732,0,0.0,0,0.0,0.0,True,good,当前QC指标正常。,12210.703073684424,False,False,0.0,False,12407.801510647108,False,False,0.0,False
1789618395.9137042,2081.464,runtime,9.991065502166748,2505,250.62391988691908,0,0.0,0,0.0,0.0,True,good,当前QC指标正常。,12262.684760839209,False,False,0.0,False,12481.771122399718,False,False,0.0,False
1789618397.9248292,2083.484,runtime,9.991679668426514,2505,250.6085145936558,0,0.0,0,0.0,0.0,True,good,当前QC指标正常。,12232.546697607118,False,False,0.0,False,12442.0371627354,False,False,0.0,False
1789618399.9314237,2085.464,runtime,9.961190223693848,2500,250.8736349654119,0,0.0,0,0.0,0.0,True,good,当前QC指标正常。,12214.238060646436,False,False,0.0,False,12411.662370710354,False,False,0.0,False
1789618401.9391594,2087.464,runtime,9.960632801055908,2495,250.38569836000937,0,0.0,0,0.0,0.0,True,good,当前QC指标正常。,12227.565285841156,False,False,0.0,False,12417.260752988015,False,False,0.0,False
1789618403.9564977,2089.484,runtime,9.962060451507568,2500,250.85172009991405,0,0.0,0,0.0,0.0,True,good,当前QC指标正常。,12203.452440254412,False,False,0.0,False,12404.778191131474,False,False,0.0,False
1789618405.9640265,2091.484,runtime,9.990396499633789,2495,249.63974153492515,0,0.0,0,0.0,0.0,True,good,当前QC指标正常。,12157.948578768062,False,False,0.0,False,12337.95443028509,False,False,0.0,False
1789618407.984883,2093.504,runtime,9.90374755859375,2490,251.31900679760636,0,0.0,0,0.0,0.0,True,good,当前QC指标正常。,12176.857500769478,False,False,0.0,False,12329.871890409739,False,False,0.0,False
1789618409.997622,2095.544,runtime,9.964204788208008,2505,251.2995319971065,0,0.0,0,0.0,0.0,True,good,当前QC指标正常。,12175.204895881114,False,False,0.0,False,12319.975526582328,False,False,0.0,False
1789618412.015751,2097.544,runtime,9.92804765701294,2495,251.2074967970462,0,0.0,0,0.0,0.0,True,good,当前QC指标正常。,12120.704287950688,False,False,0.0,False,12286.90645841103,False,False,0.0,False
1789618414.0243025,2099.564,runtime,9.961592674255371,2505,251.36542738505156,0,0.0,0,0.0,0.0,True,good,当前QC指标正常。,12134.978274472813,False,False,0.0,False,12279.89784223551,False,False,0.0,False
1789618416.0308719,2101.564,runtime,9.960394382476807,2495,250.39169175747318,0,0.0,0,0.0,0.0,True,good,当前QC指标正常。,12153.712665563542,False,False,0.0,False,12277.673346149475,False,False,0.0,False
1789618418.0368705,2103.584,runtime,9.962175130844116,2500,250.84883242644364,0,0.0,0,0.0,0.0,True,good,当前QC指标正常。,12117.623578886256,False,False,0.0,False,12265.339980893516,False,False,0.0,False
1789618420.050083,2105.584,runtime,9.961700916290283,2495,250.35885146095717,0,0.0,0,0.0,0.0,True,good,当前QC指标正常。,12066.32919712937,False,False,0.0,False,12253.775710444674,False,False,0.0,False
1789618422.0626876,2107.604,runtime,9.961899042129517,2500,250.855784567939,0,0.0,0,0.0,0.0,True,good,当前QC指标正常。,12080.277983627622,False,False,0.0,False,12247.673281393329,False,False,0.0,False
1789618424.071696,2109.604,runtime,9.961157321929932,2495,250.3725138954836,0,0.0,0,0.0,0.0,True,good,当前QC指标正常。,12103.98890544056,False,False,0.0,False,12245.452250298693,False,False,0.0,False
1789618426.08788,2111.624,runtime,9.96173095703125,2500,250.86001727803546,0,0.0,0,0.0,0.0,True,good,当前QC指标正常。,11778.248171567593,False,False,0.0,False,11925.866321128902,False,False,0.0,False
1789618428.104727,2113.624,runtime,9.961576223373413,2495,250.3619852998952,0,0.0,0,0.0,0.0,True,good,当前QC指标正常。,11476.718273450695,False,False,0.0,False,11688.946592219569,False,False,0.0,False
1789618430.1139503,2115.644,runtime,9.96307635307312,2500,250.82614158920714,0,0.0,0,0.0,0.0,True,good,当前QC指标正常。,11437.620817828569,False,False,0.0,False,11699.295448629127,False,False,0.0,False
1789618432.1228633,2117.644,runtime,9.96110200881958,2495,250.37390419170563,0,0.0,0,0.0,0.0,True,good,当前QC指标正常。,11413.184732138463,False,False,0.0,False,11686.550746608882,False,False,0.0,False
1789618434.1356704,2119.684,runtime,9.990808963775635,2505,250.63035526741885,0,0.0,0,0.0,0.0,True,good,当前QC指标正常。,11396.3808004712,False,False,0.0,False,11644.878428213515,False,False,0.0,False
1789618436.1456504,2121.684,runtime,9.988676071166992,2500,250.18330579500292,0,0.0,0,0.0,0.0,True,good,当前QC指标正常。,11740.806910613965,False,False,0.0,False,11943.17173783163,False,False,0.0,False
1789618438.1562638,2123.704,runtime,9.991096019744873,2505,250.6231543617915,0,0.0,0,0.0,0.0,True,good,当前QC指标正常。,11973.151383742092,False,False,0.0,False,12152.613417391392,False,False,0.0,False
1789618440.1675348,2125.724,runtime,9.992492198944092,2505,250.58813658764709,0,0.0,0,0.0,0.0,True,good,当前QC指标正常。,11952.360131644728,False,False,0.0,False,12134.405304819664,False,False,0.0,False
1789618442.1748872,2127.704,runtime,9.961686611175537,2500,250.86113401685333,0,0.0,0,0.0,0.0,True,good,当前QC指标正常。,11915.893192818263,False,False,0.0,False,12112.653471830316,False,False,0.0,False
1789618444.1872733,2129.744,runtime,9.991501569747925,2505,250.61298169451956,0,0.0,0,0.0,0.0,True,good,当前QC指标正常。,11898.462020244096,False,False,0.0,False,12093.35175730441,False,False,0.0,False
1789618446.2013128,2131.724,runtime,9.96245551109314,2500,250.84177261493184,0,0.0,0,0.0,0.0,True,good,当前QC指标正常。,11939.429847356538,False,False,0.0,False,12086.559112232158,False,False,0.0,False
1789618448.206971,2133.724,runtime,9.99142336845398,2495,249.6140848034056,0,0.0,0,0.0,0.0,True,good,当前QC指标正常。,12026.63614109222,False,False,0.0,False,12106.493428202806,False,False,0.0,False
1789618450.2264388,2135.744,runtime,9.96260666847229,2497,250.53684071447415,0,0.0,0,0.0,0.0,True,good,当前QC指标正常。,12100.42253935546,False,False,0.0,False,12121.673153642774,False,False,0.0,False
1789618452.2367773,2137.78,runtime,9.905794143676758,2504,252.68039732056812,0,0.0,0,0.0,0.0,True,good,当前QC指标正常。,12029.184775246562,False,False,0.0,False,12095.631130477776,False,False,0.0,False
1789618454.2522974,2139.78,runtime,9.930763244628906,2494,251.0381063961372,0,0.0,0,0.0,0.0,True,good,当前QC指标正常。,11928.702045968683,False,False,0.0,False,12078.59755835207,False,False,0.0,False
1789618456.2609031,2141.8,runtime,9.962621688842773,2504,251.23908928541687,0,0.0,0,0.0,0.0,True,good,当前QC指标正常。,11595.44184135164,False,False,0.0,False,11851.352697354105,False,False,0.0,False
1789618458.276838,2143.8,runtime,9.960970163345337,2494,250.2768263651479,0,0.0,0,0.0,0.0,True,good,当前QC指标正常。,11027.534920383112,False,False,0.0,False,11344.743830189145,False,False,0.0,False
1789618460.2871017,2145.82,runtime,9.962055921554565,2499,250.75145328136148,0,0.0,0,0.0,0.0,True,good,当前QC指标正常。,10565.78115990726,False,False,0.0,False,10890.031997339427,False,False,0.0,False
1789618462.2991955,2147.82,runtime,9.959692001342773,2495,250.4093499742519,0,0.0,0,0.0,0.0,True,good,当前QC指标正常。,14557.256380205477,False,False,0.0,False,17915.288732731875,False,False,0.0,False
1789618464.3055265,2149.84,runtime,9.96222972869873,2500,250.84745765307906,0,0.0,0,0.0,0.0,True,good,当前QC指标正常。,37138.80984822171,False,False,0.0,False,49421.3046590911,False,False,0.0,False
1789618466.3254642,2151.84,runtime,9.96004056930542,2495,250.4005864881656,0,0.0,0,0.0,0.0,True,good,当前QC指标正常。,41794.82469408183,False,False,0.0,False,59090.13518229554,False,False,0.0,False
1789618468.3357408,2153.86,runtime,9.962520837783813,2500,250.8401277839544,0,0.0,0,0.0,0.0,True,good,当前QC指标正常。,40276.128703204544,False,False,0.0,False,53633.434442970756,False,False,0.0,False
1789618470.3478847,2155.88,runtime,9.989750385284424,2500,250.1564006725529,0,0.0,0,0.0,0.0,True,good,当前QC指标正常。,30085.170474558097,False,False,0.0,False,45943.394830176265,False,False,0.0,False
1789618472.3588102,2157.9,runtime,9.991590738296509,2505,250.610745134154,0,0.0,0,0.0,0.0,True,good,当前QC指标正常。,18825.128415757084,False,False,0.0,False,44757.55457060928,False,False,0.0,False
1789618474.3696117,2159.88,runtime,9.992743730545044,2495,249.58110277325878,0,0.0,0,0.0,0.0,True,good,当前QC指标正常。,15312.68505682622,False,False,0.0,False,34720.31294733002,False,False,0.0,False
1789618476.3780882,2161.92,runtime,9.990574359893799,2505,250.63624070024116,0,0.0,0,0.0,0.0,True,good,当前QC指标正常。,15231.815703360462,False,False,0.0,False,14512.045210527149,False,False,0.0,False
1789618478.3894675,2163.94,runtime,9.992602586746216,2505,250.58536835250553,0,0.0,0,0.0,0.0,True,good,当前QC指标正常。,14097.484601135264,False,False,0.0,False,11754.849971802434,False,False,0.0,False
1789618480.3989637,2165.94,runtime,9.991243600845337,2505,250.61945239611035,0,0.0,0,0.0,0.0,True,good,当前QC指标正常。,10983.047366254006,False,False,0.0,False,11043.784116797568,False,False,0.0,False
1789618482.4089427,2167.94,runtime,9.990243911743164,2500,250.1440427357852,0,0.0,0,0.0,0.0,True,good,当前QC指标正常。,10029.352135252606,False,False,0.0,False,10834.728005551417,False,False,0.0,False
1789618484.419276,2169.96,runtime,9.992019176483154,2505,250.59999943688274,0,0.0,0,0.0,0.0,True,good,当前QC指标正常。,9539.056186355592,False,False,0.0,False,10776.101893808464,False,False,0.0,False
1789618486.4295273,2171.98,runtime,9.99218463897705,2505,250.59584970362866,0,0.0,0,0.0,0.0,True,good,当前QC指标正常。,9333.581469885821,False,False,0.0,False,10730.51464114603,False,False,0.0,False
1789618488.4380279,2173.96,runtime,9.964488983154297,2500,250.79058286127304,0,0.0,0,0.0,0.0,True,good,当前QC指标正常。,9291.538399640825,False,False,0.0,False,10695.266825921373,False,False,0.0,False
1789618490.4484468,2175.96,runtime,9.989965677261353,2495,249.6505073762881,0,0.0,0,0.0,0.0,True,good,当前QC指标正常。,9263.467006441468,False,False,0.0,False,10651.857960055713,False,False,0.0,False
1789618492.470771,2177.98,runtime,9.903743743896484,2490,251.31910359998258,0,0.0,0,0.0,0.0,True,good,当前QC指标正常。,9229.993792467141,False,False,0.0,False,10548.301355581596,False,False,0.0,False
1789618494.4838634,2180.02,runtime,9.963621139526367,2505,251.31425261308468,0,0.0,0,0.0,0.0,True,good,当前QC指标正常。,9156.279259220635,False,False,0.0,False,10417.524906404145,False,False,0.0,False
1789618496.4893706,2182.02,runtime,9.989763259887695,2506,250.75669310987868,0,0.0,0,0.0,0.0,True,good,当前QC指标正常。,9087.52461597302,False,False,0.0,False,10335.912722726809,False,False,0.0,False
1789618498.5093203,2184.04,runtime,9.963908433914185,2505,251.3070063427247,0,0.0,0,0.0,0.0,True,good,当前QC指标正常。,9102.409171449797,False,False,0.0,False,10325.61778073696,False,False,0.0,False
1789618500.5209243,2186.04,runtime,9.961479425430298,2495,250.36441812379377,0,0.0,0,0.0,0.0,True,good,当前QC指标正常。,29402.082158879213,False,False,0.0,False,28637.79021277997,False,False,0.0,False
1789618502.537358,2188.06,runtime,9.962375164031982,2500,250.8437956665549,0,0.0,0,0.0,0.0,True,good,当前QC指标正常。,45949.99380975524,False,False,0.0,False,44293.580062940695,False,False,0.0,False
1789618504.5450816,2190.06,runtime,9.962051630020142,2495,250.350037585075,0,0.0,0,0.0,0.0,True,good,当前QC指标正常。,58470.947349913455,False,False,0.0,False,57040.79087967352,False,False,0.0,False
1789618506.5561705,2192.08,runtime,9.964842796325684,2500,250.78167825401633,0,0.0,0,0.0,0.0,True,good,当前QC指标正常。,74191.33451893,False,False,0.0,False,78711.97518397305,False,False,0.0,False
1789618508.5704486,2194.1,runtime,9.991061687469482,2515,251.62491020879096,0,0.0,0,0.0,0.0,True,good,当前QC指标正常。,83082.48436604274,False,False,0.0,False,88055.16396200955,False,False,0.0,False
1789618510.5779412,2196.1,runtime,9.961531400680542,2500,250.86504268101547,0,0.0,0,0.0,0.0,True,good,当前QC指标正常。,86079.87575811072,False,False,0.0,False,89972.98393286663,False,False,0.0,False
1789618512.5925972,2198.12,runtime,9.992379665374756,2500,250.0905773886322,0,0.0,0,0.0,0.0,True,good,当前QC指标正常。,86026.96564299012,False,False,0.0,False,88244.99156427845,False,False,0.0,False
1789618514.5996022,2200.12,runtime,9.961542844772339,2505,251.36668476149353,0,0.0,0,0.0,0.0,True,good,当前QC指标正常。,87815.01214293664,False,False,0.0,False,86690.048551906,False,False,0.0,False
1789618516.6114616,2202.16,runtime,9.991158246994019,2505,250.6215934227009,0,0.0,0,0.0,0.0,True,good,当前QC指标正常。,85286.57937450023,False,False,0.0,False,81862.13945275273,False,False,0.0,False
1789618518.6213956,2204.16,runtime,9.990881204605103,2505,250.62854304041068,0,0.0,0,0.0,0.0,True,good,当前QC指标正常。,84216.96293565731,False,False,0.0,False,79608.43355895866,False,False,0.0,False
1789618520.6327987,2206.14,runtime,9.928385257720947,2495,251.1989548411718,0,0.0,0,0.0,0.0,True,good,当前QC指标正常。,83339.1344913457,False,False,0.0,False,78432.30539150962,False,False,0.0,False
1789618522.6406958,2208.18,runtime,9.989996433258057,2505,250.65074014079158,0,0.0,0,0.0,0.0,True,good,当前QC指标正常。,82593.10747117485,False,False,0.0,False,77513.41664674933,False,False,0.0,False
1789618524.6468182,2210.16,runtime,9.961437225341797,2495,250.36547875393813,0,0.0,0,0.0,0.0,True,good,当前QC指标正常。,81988.74834435733,False,False,0.0,False,76799.56556860062,False,False,0.0,False
1789618526.6570807,2212.14,runtime,9.929762601852417,2490,250.66057465821712,0,0.0,0,0.0,0.0,True,good,当前QC指标正常。,81534.48650840753,False,False,0.0,False,76273.75413177474,False,False,0.0,False
1789618528.665015,2214.18,runtime,9.93183708190918,2495,251.11165028500272,0,0.0,0,0.0,0.0,True,good,当前QC指标正常。,80996.50761238337,False,False,0.0,False,75665.67037062667,False,False,0.0,False
1789618530.681983,2216.2,runtime,9.96463394165039,2500,250.78693453601204,0,0.0,0,0.0,0.0,True,good,当前QC指标正常。,73577.42188362683,False,False,0.0,False,68646.70160972598,False,False,0.0,False
1789618532.6969297,2218.2,runtime,9.961178541183472,2495,250.3719805531858,0,0.0,0,0.0,0.0,True,good,当前QC指标正常。,63930.325628114064,False,False,0.0,False,59605.636225027796,False,False,0.0,False
1789618534.7027085,2220.22,runtime,9.991843461990356,2505,250.60440643664847,0,0.0,0,0.0,0.0,True,good,当前QC指标正常。,52680.840355030734,False,False,0.0,False,49106.402700647246,False,False,0.0,False
1789618536.7081995,2222.22,runtime,9.932886123657227,2495,251.08512963417775,0,0.0,0,0.0,0.0,True,good,当前QC指标正常。,41748.373642846396,False,False,0.0,False,38856.186738096774,False,False,0.0,False
1789618538.7182786,2224.2,runtime,9.931025266647339,2495,251.1321774979192,0,0.0,0,0.0,0.0,True,good,当前QC指标正常。,22480.366531198055,False,False,0.0,False,20726.760521788718,False,False,0.0,False
1789618540.7282498,2226.24,runtime,9.963475227355957,2505,251.3179330365531,0,0.0,0,0.0,0.0,True,good,当前QC指标正常。,18637.168697623467,False,False,0.0,False,16964.252675334374,False,False,0.0,False
1789618542.74251,2228.24,runtime,9.961779832839966,2495,250.35686813497816,0,0.0,0,0.0,0.0,True,good,当前QC指标正常。,19180.081952696593,False,False,0.0,False,17255.74402577812,False,False,0.0,False
1789618544.7532969,2230.3,runtime,9.991295337677002,2515,251.61902586542,0,0.0,0,0.0,0.0,True,good,当前QC指标正常。,20845.006613483703,False,False,0.0,False,19086.416108132627,False,False,0.0,False
1789618546.7623959,2232.3,runtime,9.99072551727295,2505,250.6324486315672,0,0.0,0,0.0,0.0,True,good,当前QC指标正常。,16456.68816065903,False,False,0.0,False,13986.56592388229,False,False,0.0,False
1789618548.7722487,2234.3,runtime,9.990868330001831,2500,250.12840900882355,0,0.0,0,0.0,0.0,True,good,当前QC指标正常。,16462.682503835982,False,False,0.0,False,15822.027920872642,False,False,0.0,False
1789618550.7787762,2236.3,runtime,9.962473154067993,2500,250.84132838838107,0,0.0,0,0.0,0.0,True,good,当前QC指标正常。,16189.2410299608,False,False,0.0,False,16183.888864580336,False,False,0.0,False
1789618552.7923744,2238.34,runtime,9.990710020065308,2505,250.63283740304493,0,0.0,0,0.0,0.0,True,good,当前QC指标正常。,16597.332555773093,False,False,0.0,False,16268.503077429696,False,False,0.0,False
1789618554.7980402,2240.32,runtime,9.961872100830078,2500,250.85646299271093,0,0.0,0,0.0,0.0,True,good,当前QC指标正常。,16533.996822408186,False,False,0.0,False,14537.245463978541,False,False,0.0,False
1789618556.806274,2242.3,runtime,9.92982816696167,2490,250.658919585472,0,0.0,0,0.0,0.0,True,good,当前QC指标正常。,9808.103351844922,False,False,0.0,False,9760.60613179753,False,False,0.0,False
1789618558.8225946,2244.36,runtime,9.990400314331055,2505,250.6406071044076,0,0.0,0,0.0,0.0,True,good,当前QC指标正常。,9365.051061338934,False,False,0.0,False,8855.969615510361,False,False,0.0,False
1789618560.834757,2246.34,runtime,9.960099458694458,2495,250.39910598713104,0,0.0,0,0.0,0.0,True,good,当前QC指标正常。,7877.122560071162,False,False,0.0,False,8675.264869407556,False,False,0.0,False
1789618562.842552,2248.38,runtime,9.990001440048218,2505,250.65061451962254,0,0.0,0,0.0,0.0,True,good,当前QC指标正常。,7481.411638351893,False,False,0.0,False,9087.673545494865,False,False,0.0,False
1789618564.8531234,2250.38,runtime,9.990663528442383,2510,251.13447098454844,0,0.0,0,0.0,0.0,True,good,当前QC指标正常。,7411.159097377632,False,False,0.0,False,9542.94398672759,False,False,0.0,False
1789618566.8642602,2252.34,runtime,9.930859804153442,2490,250.63288064534058,0,0.0,0,0.0,0.0,True,good,当前QC指标正常。,7557.946551507873,False,False,0.0,False,9662.445325048817,False,False,0.0,False
1789618568.873433,2254.4,runtime,9.96054196357727,2500,250.88996252795252,0,0.0,0,0.0,0.0,True,good,当前QC指标正常。,7578.541668274539,False,False,0.0,False,9605.489625025315,False,False,0.0,False
1789618570.883475,2256.38,runtime,9.991137981414795,2490,249.12077129051372,0,0.0,0,0.0,0.0,True,good,当前QC指标正常。,7634.473909451916,False,False,0.0,False,9551.91265873977,False,False,0.0,False
1789618572.8932357,2258.42,runtime,9.990330219268799,2500,250.14188171478722,0,0.0,0,0.0,0.0,True,good,当前QC指标正常。,7647.428332083815,False,False,0.0,False,9574.870556973603,False,False,0.0,False
1789618574.900011,2260.42,runtime,9.961361169815063,2500,250.86932974305506,0,0.0,0,0.0,0.0,True,good,当前QC指标正常。,7659.189230692617,False,False,0.0,False,9545.521017728523,False,False,0.0,False
1789618576.9147122,2262.42,runtime,9.960692882537842,2500,250.88616118071604,0,0.0,0,0.0,0.0,True,good,当前QC指标正常。,7604.800169596,False,False,0.0,False,9479.420366935996,False,False,0.0,False
1789618578.9252484,2264.44,runtime,9.991838932037354,2500,250.10411166530378,0,0.0,0,0.0,0.0,True,good,当前QC指标正常。,7619.16329265492,False,False,0.0,False,9447.779305406993,False,False,0.0,False
1789618580.9322944,2266.42,runtime,9.844183206558228,2490,252.8396666106153,0,0.0,0,0.0,0.0,True,good,当前QC指标正常。,7662.305704936472,False,False,0.0,False,9465.816470264064,False,False,0.0,False
1789618582.9436138,2268.44,runtime,9.816909551620483,2495,254.05143919129966,0,0.0,0,0.0,0.0,True,good,当前QC指标正常。,7686.979901658317,False,False,0.0,False,9489.802572565151,False,False,0.0,False
1789618584.9550698,2270.5,runtime,9.990832328796387,2520,252.131145544254,0,0.0,0,0.0,0.0,True,good,当前QC指标正常。,7697.392094398632,False,False,0.0,False,9505.737750297816,False,False,0.0,False
1789618586.9636195,2272.5,runtime,9.960225820541382,2500,250.8979259131063,0,0.0,0,0.0,0.0,True,good,当前QC指标正常。,7686.04122458719,False,False,0.0,False,9495.143811885746,False,False,0.0,False
1789618588.9743078,2274.5,runtime,9.99005675315857,2505,250.6492267131823,0,0.0,0,0.0,0.0,True,good,当前QC指标正常。,7684.635843454104,False,False,0.0,False,9443.075004078493,False,False,0.0,False
1789618590.9848502,2276.52,runtime,9.960717916488647,2500,250.8855306366258,0,0.0,0,0.0,0.0,True,good,当前QC指标正常。,7718.6866323620525,False,False,0.0,False,9408.778158391544,False,False,0.0,False
1789618592.9949327,2278.52,runtime,9.991132497787476,2500,250.1217955575507,0,0.0,0,0.0,0.0,True,good,当前QC指标正常。,7742.387899453356,False,False,0.0,False,9400.393352908044,False,False,0.0,False
1789618595.0054686,2280.54,runtime,9.991215705871582,2505,250.620152113067,0,0.0,0,0.0,0.0,True,good,当前QC指标正常。,7757.622661844603,False,False,0.0,False,9401.674198976045,False,False,0.0,False
1789618597.0145576,2282.52,runtime,9.96029019355774,2495,250.39431096225545,0,0.0,0,0.0,0.0,True,good,当前QC指标正常。,7740.33504143533,False,False,0.0,False,9408.544689905604,False,False,0.0,False
1789618599.0226846,2284.54,runtime,9.962833881378174,2500,250.83224610127792,0,0.0,0,0.0,0.0,True,good,当前QC指标正常。,7738.34675965285,False,False,0.0,False,9408.400822191674,False,False,0.0,False
1789618601.0350013,2286.58,runtime,9.990751504898071,2505,250.63179669441158,0,0.0,0,0.0,0.0,True,good,当前QC指标正常。,7750.444390575217,False,False,0.0,False,9406.378591488212,False,False,0.0,False
1789618603.0447636,2288.58,runtime,9.990283489227295,2505,250.64353806377056,0,0.0,0,0.0,0.0,True,good,当前QC指标正常。,7752.101247305053,False,False,0.0,False,9401.05493096459,False,False,0.0,False
1789618605.055611,2290.58,runtime,9.990149974822998,2500,250.1463948286999,0,0.0,0,0.0,0.0,True,good,当前QC指标正常。,7764.906950901353,False,False,0.0,False,9401.920864895266,False,False,0.0,False
1789618607.0750303,2292.58,runtime,9.931545495986938,2500,251.62246913229933,0,0.0,0,0.0,0.0,True,good,当前QC指标正常。,7470.444026656846,False,False,0.0,False,9096.090102380473,False,False,0.0,False
1789618609.0866725,2294.6,runtime,9.958891868591309,2495,250.4294687510025,0,0.0,0,0.0,0.0,True,good,当前QC指标正常。,7053.315240366091,False,False,0.0,False,8671.583562039172,False,False,0.0,False
1789618611.0990112,2296.62,runtime,9.929939985275269,2495,251.15962470047734,0,0.0,0,0.0,0.0,True,good,当前QC指标正常。,6863.614687820207,False,False,0.0,False,8463.318385026108,False,False,0.0,False
1789618613.1187232,2298.64,runtime,9.96212100982666,2500,250.85019520792613,0,0.0,0,0.0,0.0,True,good,当前QC指标正常。,6765.522725450338,False,False,0.0,False,8338.052114601385,False,False,0.0,False
1789618615.1283813,2300.66,runtime,9.965166330337524,2500,250.77353625218996,0,0.0,0,0.0,0.0,True,good,当前QC指标正常。,6681.990122154255,False,False,0.0,False,8231.699699943734,False,False,0.0,False
1789618617.1364667,2302.66,runtime,9.96182370185852,2500,250.85768176501415,0,0.0,0,0.0,0.0,True,good,当前QC指标正常。,6948.122318093141,False,False,0.0,False,8489.599466336924,False,False,0.0,False
1789618619.147551,2304.66,runtime,9.961258888244629,2495,250.36996106417752,0,0.0,0,0.0,0.0,True,good,当前QC指标正常。,7306.315878092641,False,False,0.0,False,8817.824976469628,False,False,0.0,False
1789618621.1653004,2306.656,runtime,9.934839487075806,2494,250.93510602190744,0,0.0,0,0.0,0.0,True,good,当前QC指标正常。,7430.882057165194,False,False,0.0,False,8924.881999320341,False,False,0.0,False
1789618623.1741693,2308.696,runtime,9.965309143066406,2514,252.1748160465727,0,0.0,0,0.0,0.0,True,good,当前QC指标正常。,7470.814423230527,False,False,0.0,False,8972.875693318649,False,False,0.0,False
1789618625.1928496,2310.676,runtime,9.905484676361084,2494,251.67874984950637,0,0.0,0,0.0,0.0,True,good,当前QC指标正常。,7481.413323118909,False,False,0.0,False,8994.120729127988,False,False,0.0,False
1789618627.1995018,2312.736,runtime,9.993691444396973,2519,251.95894970438906,0,0.0,0,0.0,0.0,True,good,当前QC指标正常。,7480.5179559301505,False,False,0.0,False,9008.835534646309,False,False,0.0,False
1789618629.2064853,2314.736,runtime,9.960533618927002,2499,250.78977648881195,0,0.0,0,0.0,0.0,True,good,当前QC指标正常。,7495.382700792107,False,False,0.0,False,9024.00754672325,False,False,0.0,False
1789618631.2164674,2316.756,runtime,9.99018907546997,2510,251.1463978355153,0,0.0,0,0.0,0.0,True,good,当前QC指标正常。,7513.187780250232,False,False,0.0,False,9034.074618523644,False,False,0.0,False
1789618633.227099,2318.756,runtime,9.99015474319458,2500,250.14627543205478,0,0.0,0,0.0,0.0,True,good,当前QC指标正常。,7579.486589017585,False,False,0.0,False,9045.103372687354,False,False,0.0,False
1789618635.2370307,2320.756,runtime,9.990415334701538,2500,250.13975057871377,0,0.0,0,0.0,0.0,True,good,当前QC指标正常。,7617.316865410119,False,False,0.0,False,9050.031175720454,False,False,0.0,False
1789618637.2477813,2322.776,runtime,9.990560054779053,2505,250.63659957703717,0,0.0,0,0.0,0.0,True,good,当前QC指标正常。,7618.043225928008,False,False,0.0,False,9055.333263373863,False,False,0.0,False
1789618639.2570047,2324.776,runtime,9.960152864456177,2500,250.89976368916354,0,0.0,0,0.0,0.0,True,good,当前QC指标正常。,7607.757037677415,False,False,0.0,False,9061.040460497274,False,False,0.0,False
1789618641.2658987,2326.776,runtime,9.961497068405151,2500,250.86590728677422,0,0.0,0,0.0,0.0,True,good,当前QC指标正常。,7452.495988044339,False,False,0.0,False,8898.652105307086,False,False,0.0,False
1789618643.2774708,2328.796,runtime,9.990978002548218,2500,250.12566330970054,0,0.0,0,0.0,0.0,True,good,当前QC指标正常。,7502.670053326231,False,False,0.0,False,8942.726944984519,False,False,0.0,False
1789618645.2867768,2330.816,runtime,9.989940881729126,2505,250.652133946021,0,0.0,0,0.0,0.0,True,good,当前QC指标正常。,7561.175547377021,False,False,0.0,False,9015.255760943486,False,False,0.0,False
1789618647.2975862,2332.816,runtime,9.991097450256348,2500,250.12267295379866,0,0.0,0,0.0,0.0,True,good,当前QC指标正常。,7168.1278142093315,False,False,0.0,False,8629.278899681165,False,False,0.0,False
1789618649.3052835,2334.796,runtime,9.931993246078491,2495,251.10770196956398,0,0.0,0,0.0,0.0,True,good,当前QC指标正常。,6796.679338445616,False,False,0.0,False,8258.432580477767,False,False,0.004,False
1789618651.3248951,2336.816,runtime,9.961367130279541,2495,250.36724049844472,0,0.0,0,0.0,0.0,True,good,当前QC指标正常。,6676.5486730450175,False,False,0.0,False,8111.680252563873,False,False,0.004,False
1789618653.340534,2338.856,runtime,9.960552453994751,2495,250.38771810290135,0,0.0,0,0.0,0.0,True,good,当前QC指标正常。,6901.8225326610755,False,False,0.0,False,7462.349347747703,False,False,0.004,False
1789618655.357483,2340.876,runtime,9.96755599975586,2500,250.71341460847668,0,0.0,0,0.0,0.0,True,good,当前QC指标正常。,8321.69305191501,False,False,0.0,False,6750.945750547299,False,False,0.004,False
1789618657.3751514,2342.896,runtime,9.961616277694702,2510,251.8667583711253,0,0.0,0,0.0,0.0,True,good,当前QC指标正常。,9844.685233994085,False,False,0.0,False,6604.134371591834,False,False,0.004,False
1789618659.3818502,2344.896,runtime,9.965129137039185,2500,250.77447222550464,0,0.0,0,0.0,0.0,True,good,当前QC指标正常。,14634.513421640717,False,False,0.0,False,12146.56934490541,False,False,0.0,False
1789618661.3975728,2346.916,runtime,9.963404417037964,2500,250.81788266333683,0,0.0,0,0.0,0.0,True,good,当前QC指标正常。,14449.594765092708,False,False,0.0,False,11969.519138891981,False,False,0.0,False
1789618663.4173899,2348.916,runtime,9.93038272857666,2490,250.64492155346693,0,0.0,0,0.0,0.0,True,good,当前QC指标正常。,14657.393851480474,False,False,0.0,False,12139.970115088166,False,False,0.0,False
1789618665.4356196,2350.936,runtime,9.962522745132446,2490,249.8363179362468,0,0.0,0,0.0,0.0,True,good,当前QC指标正常。,14525.490824055754,False,False,0.0,False,12079.669736515456,False,False,0.0,False
1789618667.4521756,2352.936,runtime,9.845430135726929,2495,253.31549415498012,0,0.0,0,0.0,0.0,True,good,当前QC指标正常。,13657.074880390948,False,False,0.0,False,11958.884028129558,False,False,0.0,False
1789618669.4587576,2354.956,runtime,9.933340787887573,2500,251.57699240996624,0,0.0,0,0.0,0.0,True,good,当前QC指标正常。,8134.048305988609,False,False,0.0,False,5863.221199869697,False,False,0.0,False
1789618671.4657,2356.956,runtime,9.900628328323364,2510,253.41825960907374,0,0.0,0,0.0,0.0,True,good,当前QC指标正常。,8053.731807230602,False,False,0.0,False,5669.1218288413975,False,False,0.0,False
1789618673.4870384,2358.976,runtime,9.935574293136597,2500,251.52043820217682,0,0.0,0,0.0,0.0,True,good,当前QC指标正常。,7207.065540650552,False,False,0.0,False,4979.300004153902,False,False,0.0,False
1789618675.4998991,2361.036,runtime,9.99163007736206,2505,250.60975842903636,0,0.0,0,0.0,0.0,True,good,当前QC指标正常。,6538.183391573635,False,False,0.0,False,4669.668474545991,False,False,0.0,False
1789618677.5087225,2363.016,runtime,9.961111783981323,2495,250.37365849168108,0,0.0,0,0.0,0.0,True,good,当前QC指标正常。,6032.726747693905,False,False,0.0,False,4519.199517745749,False,False,0.0,False
1789618679.516598,2365.036,runtime,9.963026285171509,2500,250.82740208358095,0,0.0,0,0.0,0.0,True,good,当前QC指标正常。,5766.00348372977,False,False,0.0,False,4400.10590453428,False,False,0.0,False
1789618681.5311592,2367.076,runtime,9.992336750030518,2515,251.5928018531123,0,0.0,0,0.0,0.0,True,good,当前QC指标正常。,5585.01895366218,False,False,0.0,False,4201.348328517196,False,False,0.0,False
1789618683.5400043,2369.076,runtime,9.991511106491089,2505,250.61274248829594,0,0.0,0,0.0,0.0,True,good,当前QC指标正常。,5469.0302185645805,False,False,0.0,False,3994.17381974306,False,False,0.0,False
1789618685.550847,2371.076,runtime,9.990121841430664,2500,250.14709927122607,0,0.0,0,0.0,0.0,True,good,当前QC指标正常。,5473.003438267819,False,False,0.0,False,3854.166642552738,False,False,0.0,False
1789618687.5601175,2373.096,runtime,9.991349935531616,2505,250.61678513482752,0,0.0,0,0.0,0.0,True,good,当前QC指标正常。,5410.691106176459,False,False,0.0,False,3758.707688155002,False,False,0.0,False
1789618689.5700645,2375.096,runtime,9.990963220596313,2500,250.12603337867623,0,0.0,0,0.0,0.0,True,good,当前QC指标正常。,5337.9426587309235,False,False,0.0,False,3692.5388298420153,False,False,0.0,False
1789618691.5808802,2377.116,runtime,9.991747617721558,2505,250.6068103200342,0,0.0,0,0.0,0.0,True,good,当前QC指标正常。,7850.344228051648,False,False,0.0,False,6544.646035144849,False,False,0.0,False
1789618693.5906363,2379.116,runtime,9.991637945175171,2500,250.10914263629158,0,0.0,0,0.0,0.0,True,good,当前QC指标正常。,18127.155266729817,False,False,0.0,False,16681.176619078044,False,False,0.0,False
1789618695.6001623,2381.136,runtime,9.989747285842896,2505,250.6569914484801,0,0.0,0,0.0,0.0,True,good,当前QC指标正常。,18110.370240087104,False,False,0.0,False,16864.479112810644,False,False,0.0,False
1789618697.6096935,2383.116,runtime,9.961622953414917,2495,250.36081085010738,0,0.0,0,0.0,0.0,True,good,当前QC指标正常。,18148.191895621207,False,False,0.0,False,17096.794764227296,False,False,0.0,False
1789618699.629197,2385.136,runtime,9.962022066116333,2500,250.852686674908,0,0.0,0,0.0,0.0,True,good,当前QC指标正常。,18117.787007495193,False,False,0.0,False,17236.373750726925,False,False,0.0,False
1789618701.6357281,2387.156,runtime,9.99321174621582,2500,250.069753695183,0,0.0,0,0.0,0.0,True,good,当前QC指标正常。,16648.89098288483,False,False,0.0,False,16073.064466921453,False,False,0.0,False
1789618703.6415966,2389.176,runtime,9.99131965637207,2505,250.6175446406669,0,0.0,0,0.0,0.0,True,good,当前QC指标正常。,5078.762804269381,False,False,0.0,False,6485.760684838914,False,False,0.0,False
1789618705.6511836,2391.136,runtime,9.990432262420654,2490,249.13836905360512,0,0.0,0,0.0,0.0,True,good,当前QC指标正常。,5011.656336522556,False,False,0.0,False,6356.931150537751,False,False,0.0,False
1789618707.6650739,2393.136,runtime,9.931272983551025,2490,250.6224533473687,0,0.0,0,0.0,0.0,True,good,当前QC指标正常。,4936.483042922257,False,False,0.0,False,6262.50479841919,False,False,0.0,False
1789618709.6816308,2395.176,runtime,9.95608139038086,2495,250.50016188192237,0,0.0,0,0.0,0.0,True,good,当前QC指标正常。,4900.897538162941,False,False,0.0,False,6297.805559138203,False,False,0.0,False
1789618711.6986442,2397.136,runtime,9.845039129257202,2475,251.29407486536428,0,0.0,0,0.0,0.0,True,good,当前QC指标正常。,4892.433419692757,False,False,0.0,False,6360.148788456125,False,False,0.0,False
1789618713.7176995,2399.196,runtime,9.93310546875,2495,251.07958511527306,0,0.0,0,0.0,0.0,True,good,当前QC指标正常。,4958.0220247642665,False,False,0.0,False,6441.389289620773,False,False,0.0,False
1789618715.7238104,2401.236,runtime,9.905265808105469,2510,253.2996134184393,0,0.0,0,0.0,0.0,True,good,当前QC指标正常。,5054.1838294343825,False,False,0.0,False,6520.687601362986,False,False,0.0,False
1789618717.7340264,2403.256,runtime,9.961732387542725,2510,251.86382271597026,0,0.0,0,0.0,0.0,True,good,当前QC指标正常。,5144.021738236373,False,False,0.0,False,6563.176729151364,False,False,0.0,False
1789618719.7455938,2405.256,runtime,9.960119724273682,2505,251.40260050263586,0,0.0,0,0.0,0.0,True,good,当前QC指标正常。,5199.98405618229,False,False,0.0,False,6620.959556214337,False,False,0.004,False
1789618721.7509985,2407.156,runtime,9.96935749053955,2475,248.1604258195886,0,0.0,0,0.0,0.0,True,good,当前QC指标正常。,5248.068571499626,False,False,0.0,False,6659.977429818304,False,False,0.004,False
1789618723.7669907,2409.276,runtime,9.961561441421509,2495,250.362356811816,0,0.0,0,0.0,0.0,True,good,当前QC指标正常。,5266.539333393964,False,False,0.0,False,6690.217816932217,False,False,0.004,False
1789618725.7828627,2411.256,runtime,9.991986751556396,2490,249.09960970597785,0,0.0,0,0.0,0.0,True,good,当前QC指标正常。,5285.670448847153,False,False,0.0,False,6730.185863209856,False,False,0.004,False
1789618727.7922504,2413.316,runtime,9.989911556243896,2500,250.15236480628045,0,0.0,0,0.0,0.0,True,good,当前QC指标正常。,5391.0048835702455,False,False,0.0,False,6907.480148990993,False,False,0.004,False
1789618729.8014464,2415.316,runtime,9.961371421813965,2500,250.8690715545001,0,0.0,0,0.0,0.0,True,good,当前QC指标正常。,5508.1530013168085,False,False,0.0,False,7244.348851492904,False,False,0.0,False
1789618731.8125196,2417.336,runtime,9.990401029586792,2515,251.6415499792985,0,0.0,0,0.0,0.0,True,good,当前QC指标正常。,5587.280815269603,False,False,0.0,False,7351.938429085,False,False,0.0,False
1789618733.8236961,2419.356,runtime,9.961332321166992,2505,251.37199716540036,0,0.0,0,0.0,0.0,True,good,当前QC指标正常。,5655.261452160252,False,False,0.0,False,7288.504322815319,False,False,0.0,False
1789618735.830532,2421.316,runtime,9.931520223617554,2490,250.6162142308343,0,0.0,0,0.0,0.0,True,good,当前QC指标正常。,5745.186794027846,False,False,0.0,False,7217.1698687911385,False,False,0.0,False
1789618737.8397007,2423.336,runtime,9.958702087402344,2495,250.43424114020686,0,0.0,0,0.0,0.0,True,good,当前QC指标正常。,5812.259603348018,False,False,0.0,False,7281.893637423883,False,False,0.0,False
1789618739.8512993,2425.356,runtime,9.961153030395508,2495,250.37262176274143,0,0.0,0,0.0,0.0,True,good,当前QC指标正常。,5791.113418910257,False,False,0.0,False,7243.071469445138,False,False,0.0,False
1789618741.8636878,2427.396,runtime,9.991185903549194,2505,250.62089967823516,0,0.0,0,0.0,0.0,True,good,当前QC指标正常。,5696.515120220902,False,False,0.0,False,7121.2880543734345,False,False,0.0,False
1789618743.8737497,2429.396,runtime,9.960731744766235,2500,250.8851823374396,0,0.0,0,0.0,0.0,True,good,当前QC指标正常。,6052.610596695334,False,False,0.0,False,7442.267637189203,False,False,0.0,False
1789618745.8839204,2431.416,runtime,9.99126648902893,2505,250.6188782722948,0,0.0,0,0.0,0.0,True,good,当前QC指标正常。,6394.928509219005,False,False,0.0,False,7760.123845591934,False,False,0.0,False
1789618747.8934875,2433.416,runtime,9.99097752571106,2500,250.12567524739234,0,0.0,0,0.0,0.0,True,good,当前QC指标正常。,6517.8377360618115,False,False,0.0,False,7882.552853879469,False,False,0.0,False
1789618749.9041703,2435.436,runtime,9.961207389831543,2510,251.87709700344172,0,0.0,0,0.0,0.0,True,good,当前QC指标正常。,6659.47282954287,False,False,0.0,False,7996.029377759136,False,False,0.0,False
1789618751.9103854,2437.396,runtime,9.931243181228638,2490,250.62320543157568,0,0.0,0,0.0,0.0,True,good,当前QC指标正常。,6803.446078553437,False,False,0.0,False,8100.30955984359,False,False,0.0,False
1789618753.920943,2439.436,runtime,9.961147546768188,2500,250.8747097929274,0,0.0,0,0.0,0.0,True,good,当前QC指标正常。,6589.013022119523,False,False,0.0,False,7908.194633929532,False,False,0.0,False
1789618755.9326408,2441.416,runtime,9.90186595916748,2490,251.36676362454696,0,0.0,0,0.0,0.0,True,good,当前QC指标正常。,6338.676498333198,False,False,0.0,False,7718.600251249565,False,False,0.0,False
1789618757.9483497,2443.396,runtime,9.901674032211304,2485,250.86667081942483,0,0.0,0,0.0,0.0,True,good,当前QC指标正常。,6305.476691030462,False,False,0.0,False,7676.035433251096,False,False,0.0,False
1789618759.9628296,2445.416,runtime,9.908679723739624,2485,250.68930162801914,0,0.0,0,0.0,0.0,True,good,当前QC指标正常。,6330.378077036169,False,False,0.0,False,7694.921065484299,False,False,0.0,False
1789618761.975598,2447.496,runtime,9.989535570144653,2505,250.66230380955946,0,0.0,0,0.0,0.0,True,good,当前QC指标正常。,6415.811163247256,False,False,0.0,False,7773.4635561990735,False,False,0.0,False
1789618763.9924166,2449.516,runtime,9.962114572525024,2505,251.35225877705696,0,0.0,0,0.0,0.0,True,good,当前QC指标正常。,6473.291208627905,False,False,0.0,False,7849.041955741084,False,False,0.0,False
1789618766.000596,2451.516,runtime,9.961887121200562,2495,250.3541718207538,0,0.0,0,0.0,0.0,True,good,当前QC指标正常。,6516.967065603529,False,False,0.0,False,7902.07474211905,False,False,0.0,False
1789618768.0108352,2453.536,runtime,9.963101625442505,2500,250.82550534447736,0,0.0,0,0.0,0.0,True,good,当前QC指标正常。,6484.723195198894,False,False,0.0,False,7853.277878537537,False,False,0.0,False
1789618770.0183616,2455.516,runtime,9.901289463043213,2490,251.3813992904913,0,0.0,0,0.0,0.0,True,good,当前QC指标正常。,6475.788333362366,False,False,0.0,False,7826.406920853014,False,False,0.0,False
1789618772.0262609,2457.556,runtime,9.961647987365723,2505,251.36403165177117,0,0.0,0,0.0,0.0,True,good,当前QC指标正常。,6488.891269814299,False,False,0.0,False,7819.841824057143,False,False,0.0,False
1789618774.0450377,2459.556,runtime,9.963372945785522,2495,250.31683683535653,0,0.0,0,0.0,0.0,True,good,当前QC指标正常。,6492.41218616213,False,False,0.0,False,7820.936498995459,False,False,0.0,False
1789618776.0613308,2461.576,runtime,9.961666107177734,2500,250.86165036181868,0,0.0,0,0.0,0.0,True,good,当前QC指标正常。,6509.278996043774,False,False,0.0,False,7841.322230096402,False,False,0.0,False
1789618778.071131,2463.556,runtime,9.932529926300049,2490,250.59073755312343,0,0.0,0,0.0,0.0,True,good,当前QC指标正常。,6533.893272559461,False,False,0.0,False,7868.628404970809,False,False,0.0,False
1789618780.084916,2465.616,runtime,9.990637063980103,2505,250.63466763574417,0,0.0,0,0.0,0.0,True,good,当前QC指标正常。,6572.91069316929,False,False,0.0,False,7863.60971693831,False,False,0.004,False
1789618782.0960891,2467.616,runtime,9.959270238876343,2500,250.92199930925364,0,0.0,0,0.0,0.0,True,good,当前QC指标正常。,6555.434754646914,False,False,0.0,False,7842.961515244098,False,False,0.004,False
1789618784.1019409,2469.616,runtime,9.93073058128357,2500,251.64311724555904,0,0.0,0,0.0,0.0,True,good,当前QC指标正常。,6566.452961079745,False,False,0.0,False,7848.03293478442,False,False,0.004,False
1789618786.1138945,2471.616,runtime,9.930448293685913,2495,251.146768629344,0,0.0,0,0.0,0.0,True,good,当前QC指标正常。,6612.185007435112,False,False,0.0,False,7857.757468047297,False,False,0.004,False
1789618788.1256387,2473.656,runtime,9.989790201187134,2515,251.6569366693256,0,0.0,0,0.0,0.0,True,good,当前QC指标正常。,6647.98276265992,False,False,0.0,False,7857.007441631211,False,False,0.004,False
1789618790.1358626,2475.632,runtime,9.98975682258606,2494,249.5556242533874,0,0.0,0,0.0,0.0,True,good,当前QC指标正常。,6619.749936512135,False,False,0.0,False,7855.319163217697,False,False,0.0,False
1789618792.1462183,2477.672,runtime,9.990386247634888,2504,250.5408637821743,0,0.0,0,0.0,0.0,True,good,当前QC指标正常。,6571.655092457426,False,False,0.0,False,7865.348905682038,False,False,0.0,False
1789618794.155654,2479.672,runtime,9.990480422973633,2499,250.03802562444525,0,0.0,0,0.0,0.0,True,good,当前QC指标正常。,6698.356057371794,False,False,0.0,False,8024.310885700785,False,False,0.0,False
1789618796.163102,2481.672,runtime,9.961697816848755,2499,250.76046733469454,0,0.0,0,0.0,0.0,True,good,当前QC指标正常。,6760.1125695741675,False,False,0.0,False,8097.203528523013,False,False,0.0,False
1789618798.1766415,2483.652,runtime,9.99022912979126,2489,249.0433370122298,0,0.0,0,0.0,0.0,True,good,当前QC指标正常。,6504.004384181143,False,False,0.0,False,7832.573604792322,False,False,0.0,False
1789618800.1916401,2485.692,runtime,9.96346926689148,2500,250.81625014934858,0,0.0,0,0.0,0.0,True,good,当前QC指标正常。,6193.7907423452925,False,False,0.0,False,7474.74540440142,False,False,0.0,False
1789618802.197127,2487.692,runtime,9.960856676101685,2495,250.3800708209829,0,0.0,0,0.0,0.0,True,good,当前QC指标正常。,6012.284527720646,False,False,0.0,False,7238.659912125372,False,False,0.0,False
1789618804.2054772,2489.672,runtime,9.960927963256836,2495,250.37827893140982,0,0.0,0,0.0,0.0,True,good,当前QC指标正常。,5655.96557385849,False,False,0.0,False,6895.545247783012,False,False,0.0,False
1789618806.215969,2491.712,runtime,9.9313325881958,2495,251.12440630216358,0,0.0,0,0.0,0.0,True,good,当前QC指标正常。,5257.241315489209,False,False,0.0,False,6568.165015323354,False,False,0.0,False
1789618808.2276068,2493.752,runtime,9.990755558013916,2510,251.13215766623856,0,0.0,0,0.0,0.0,True,good,当前QC指标正常。,5274.499785205282,False,False,0.0,False,6673.146806543263,False,False,0.0,False
1789618810.2441742,2495.672,runtime,9.900782346725464,2490,251.39427500122753,0,0.0,0,0.0,0.0,True,good,当前QC指标正常。,5371.262521327208,False,False,0.0,False,6827.387331363705,False,False,0.0,False
1789618812.2648602,2497.772,runtime,9.961735486984253,2505,251.3618237777606,0,0.0,0,0.0,0.0,True,good,当前QC指标正常。,5377.529270494368,False,False,0.0,False,6822.627193605762,False,False,0.0,False
1789618814.2761075,2499.792,runtime,9.932340383529663,2500,251.60233172676755,0,0.0,0,0.0,0.0,True,good,当前QC指标正常。,5362.034487734685,False,False,0.0,False,6713.888148776218,False,False,0.0,False
1789618816.287638,2501.792,runtime,9.96180534362793,2495,250.35622700611063,0,0.0,0,0.0,0.0,True,good,当前QC指标正常。,5401.114690109359,False,False,0.0,False,6685.672460933872,False,False,0.0,False
1789618818.3025577,2503.812,runtime,9.961475610733032,2515,252.37224867481285,0,0.0,0,0.0,0.0,True,good,当前QC指标正常。,5448.17515695492,False,False,0.0,False,6729.047412381348,False,False,0.0,False
1789618820.3166568,2505.772,runtime,9.910646200180054,2485,250.63955970447935,0,0.0,0,0.0,0.0,True,good,当前QC指标正常。,5458.822683863762,False,False,0.0,False,6764.109984686052,False,False,0.0,False
1789618822.3279583,2507.852,runtime,9.991067886352539,2505,250.6238600801001,0,0.0,0,0.0,0.0,True,good,当前QC指标正常。,5509.427860275479,False,False,0.0,False,6807.591783804731,False,False,0.0,False
1789618824.3381467,2509.852,runtime,9.990800857543945,2500,250.13009824062624,0,0.0,0,0.0,0.0,True,good,当前QC指标正常。,5594.446000817654,False,False,0.0,False,6852.517305542178,False,False,0.0,False
1789618826.3477159,2511.872,runtime,9.990139961242676,2505,250.6471390505451,0,0.0,0,0.0,0.0,True,good,当前QC指标正常。,5683.515540132792,False,False,0.0,False,6892.8084967618925,False,False,0.0,False
1789618828.3582714,2513.872,runtime,9.98872184753418,2510,251.18328834227904,0,0.0,0,0.0,0.0,True,good,当前QC指标正常。,5695.977298259708,False,False,0.0,False,6906.983798007734,False,False,0.0,False
1789618830.3649383,2515.872,runtime,9.961869478225708,2500,250.8565290342564,0,0.0,0,0.0,0.0,True,good,当前QC指标正常。,5698.8665924638035,False,False,0.0,False,6921.048473771875,False,False,0.0,False
1789618832.3768356,2517.872,runtime,9.960102558135986,2505,251.40303379251736,0,0.0,0,0.0,0.0,True,good,当前QC指标正常。,5683.19058198509,False,False,0.0,False,6931.0551144595365,False,False,0.0,False
1789618834.3922923,2519.892,runtime,9.935390710830688,2500,251.52508569952968,0,0.0,0,0.0,0.0,True,good,当前QC指标正常。,5699.5743083937205,False,False,0.0,False,6947.956706658947,False,False,0.0,False
1789618836.4000819,2521.892,runtime,9.991810083389282,2505,250.60524360473315,0,0.0,0,0.0,0.0,True,good,当前QC指标正常。,5719.1227930884825,False,False,0.0,False,6972.073123145064,False,False,0.0,False
1789618838.4081311,2523.872,runtime,9.93243145942688,2490,250.59322182764097,0,0.0,0,0.0,0.0,True,good,当前QC指标正常。,5752.063542571766,False,False,0.0,False,7006.7922460095715,False,False,0.0,False
1789618840.4191887,2525.872,runtime,9.990760803222656,2485,248.62971388512793,0,0.0,0,0.0,0.0,True,good,当前QC指标正常。,5773.8884773450745,False,False,0.0,False,7029.924253421113,False,False,0.0,False
1789618842.4289017,2527.932,runtime,9.968680381774902,2505,251.18670717720093,0,0.0,0,0.0,0.0,True,good,当前QC指标正常。,5790.4542388236305,False,False,0.0,False,7036.789478530028,False,False,0.004,False
1789618844.4357142,2529.912,runtime,9.908812046051025,2490,251.1905552787173,0,0.0,0,0.0,0.0,True,good,当前QC指标正常。,5778.170122302545,False,False,0.0,False,7015.520934076404,False,False,0.004,False
1789618846.4491713,2531.892,runtime,9.90342926979065,2490,251.32708400234938,0,0.0,0,0.0,0.0,True,good,当前QC指标正常。,5750.856875314966,False,False,0.0,False,7004.993307134167,False,False,0.004,False
1789618848.4596465,2533.972,runtime,9.931379318237305,2500,251.62667942921158,0,0.0,0,0.0,0.0,True,good,当前QC指标正常。,5757.043726745858,False,False,0.0,False,7009.621737045731,False,False,0.004,False
1789618850.4715168,2535.952,runtime,9.96023178100586,2500,250.8977757691932,0,0.0,0,0.0,0.0,True,good,当前QC指标正常。,5765.560570350814,False,False,0.0,False,7015.761048520122,False,False,0.004,False
1789618852.478832,2537.972,runtime,9.96114730834961,2495,250.37276558589645,0,0.0,0,0.0,0.0,True,good,当前QC指标正常。,5797.274108243987,False,False,0.0,False,7035.080989048444,False,False,0.0,False
1789618854.4905975,2540.012,runtime,9.991992712020874,2510,251.10106385301359,0,0.0,0,0.0,0.0,True,good,当前QC指标正常。,5820.990877393255,False,False,0.0,False,7052.588330901061,False,False,0.0,False
1789618856.5011551,2542.012,runtime,9.992026329040527,2500,250.09942104905997,0,0.0,0,0.0,0.0,True,good,当前QC指标正常。,5817.658644118213,False,False,0.0,False,7057.138697822227,False,False,0.0,False
1789618858.510156,2544.032,runtime,9.99142575263977,2505,250.6148834002429,0,0.0,0,0.0,0.0,True,good,当前QC指标正常。,5841.180661978959,False,False,0.0,False,7077.08817190411,False,False,0.0,False
1789618860.5196128,2546.032,runtime,9.990096807479858,2520,252.1497087109262,0,0.0,0,0.0,0.0,True,good,当前QC指标正常。,5883.5806079365275,False,False,0.0,False,7108.498357028323,False,False,0.0,False
1789618862.5309174,2548.052,runtime,9.991713285446167,2505,250.607671423809,0,0.0,0,0.0,0.0,True,good,当前QC指标正常。,5879.713124070667,False,False,0.0,False,7108.4683844061055,False,False,0.0,False
1789618864.5399358,2550.032,runtime,9.930309772491455,2495,251.15027195916673,0,0.0,0,0.0,0.0,True,good,当前QC指标正常。,5875.463965583594,False,False,0.0,False,7123.518237773684,False,False,0.0,False
1789618866.5460093,2552.052,runtime,9.961215734481812,2500,250.87299247514986,0,0.0,0,0.0,0.0,True,good,当前QC指标正常。,5938.956041668617,False,False,0.0,False,7197.581623063391,False,False,0.0,False
1789618868.5560308,2554.052,runtime,9.959754228591919,2495,250.40778544919922,0,0.0,0,0.0,0.0,True,good,当前QC指标正常。,6018.464733430798,False,False,0.0,False,7241.970846395021,False,False,0.0,False
1789618870.5648255,2556.072,runtime,9.961048603057861,2500,250.87720174689764,0,0.0,0,0.0,0.0,True,good,当前QC指标正常。,6007.013615851391,False,False,0.0,False,7181.850002532373,False,False,0.0,False
1789618872.5819383,2558.112,runtime,9.991865396499634,2505,250.60385630066688,0,0.0,0,0.0,0.0,True,good,当前QC指标正常。,5930.719349785566,False,False,0.0,False,7115.975327312321,False,False,0.0,False
1789618874.5889113,2560.072,runtime,9.935306787490845,2495,251.02395460400857,0,0.0,0,0.0,0.0,True,good,当前QC指标正常。,5909.766096985755,False,False,0.0,False,7087.158141988475,False,False,0.0,False
1789618876.5999856,2562.092,runtime,9.960603952407837,2495,250.38642354584437,0,0.0,0,0.0,0.0,True,good,当前QC指标正常。,5947.5877697115175,False,False,0.0,False,7093.27139939578,False,False,0.0,False
1789618878.6099029,2564.072,runtime,9.870155811309814,2490,252.17433722251425,0,0.0,0,0.0,0.0,True,good,当前QC指标正常。,5953.717939813016,False,False,0.0,False,7099.0038731869645,False,False,0.0,False
1789618880.620984,2566.112,runtime,9.990904569625854,2495,249.62704654213275,0,0.0,0,0.0,0.0,True,good,当前QC指标正常。,5907.393886099433,False,False,0.0,False,7096.938416924573,False,False,0.0,False
1789618882.6307368,2568.132,runtime,9.960489511489868,2500,250.89128371826428,0,0.0,0,0.0,0.0,True,good,当前QC指标正常。,5902.269952272993,False,False,0.0,False,7096.112802004388,False,False,0.0,False
1789618884.6413307,2570.132,runtime,9.991073608398438,2495,249.6228231071742,0,0.0,0,0.0,0.0,True,good,当前QC指标正常。,5927.367992564023,False,False,0.0,False,7098.6859730697415,False,False,0.0,False
1789618886.6593108,2572.152,runtime,9.967024803161621,2505,251.22843069535764,0,0.0,0,0.0,0.0,True,good,当前QC指标正常。,5955.5295852906065,False,False,0.0,False,7104.666028659552,False,False,0.0,False
1789618888.6714146,2574.192,runtime,9.962972164154053,2505,251.33062290479785,0,0.0,0,0.0,0.0,True,good,当前QC指标正常。,5933.827326091045,False,False,0.0,False,7111.100814074311,False,False,0.0,False
1789618890.6782,2576.212,runtime,9.997254133224487,2515,251.46905005096048,0,0.0,0,0.0,0.0,True,good,当前QC指标正常。,5936.614320658657,False,False,0.0,False,7131.755705202568,False,False,0.0,False
1789618892.6839783,2578.212,runtime,9.900050401687622,2505,252.92800525269578,0,0.0,0,0.0,0.0,True,good,当前QC指标正常。,5993.130580372263,False,False,0.0,False,7166.717975450969,False,False,0.0,False
1789618894.6905034,2580.192,runtime,9.960995197296143,2505,251.3805046989378,0,0.0,0,0.0,0.0,True,good,当前QC指标正常。,5999.442172411216,False,False,0.0,False,7173.570569815674,False,False,0.0,False
1789618896.6983132,2582.172,runtime,9.93165397644043,2490,250.6128391005497,0,0.0,0,0.0,0.0,True,good,当前QC指标正常。,5967.058957644969,False,False,0.0,False,7146.988992690669,False,False,0.0,False
1789618898.7119632,2584.232,runtime,9.990604162216187,2505,250.63549304355033,0,0.0,0,0.0,0.0,True,good,当前QC指标正常。,6039.711038921678,False,False,0.0,False,7136.3304114894645,False,False,0.0,False
1789618900.7221057,2586.112,runtime,9.99033522605896,2475,247.63933782189574,0,0.0,0,0.0,0.0,True,good,当前QC指标正常。,6244.055557573187,False,False,0.0,False,7225.343160639646,False,False,0.0,False
1789618902.7356634,2588.232,runtime,9.963008403778076,2505,251.32970871031858,0,0.0,0,0.0,0.0,True,good,当前QC指标正常。,6407.684574905337,False,False,0.0,False,7393.140782043858,False,False,0.0,False
1789618904.7447042,2590.252,runtime,9.990448236465454,2500,250.13892678794636,0,0.0,0,0.0,0.0,True,good,当前QC指标正常。,6738.76561648823,False,False,0.0,False,7896.078479664538,False,False,0.0,False
1789618906.7753963,2592.272,runtime,9.960050106048584,2495,250.40034672972504,0,0.0,0,0.0,0.0,True,good,当前QC指标正常。,6945.906077132617,False,False,0.0,False,8391.980727371438,False,False,0.0,False
1789618908.7850714,2594.292,runtime,9.931771039962769,2510,252.62362471954503,0,0.0,0,0.0,0.0,True,good,当前QC指标正常。,7159.520743055417,False,False,0.0,False,8670.725509425361,False,False,0.0,False
1789618910.79762,2596.312,runtime,9.962031841278076,2500,250.85244052777404,0,0.0,0,0.0,0.0,True,good,当前QC指标正常。,7466.518960796915,False,False,0.0,False,8772.42219568918,False,False,0.0,False
1789618912.804449,2598.312,runtime,9.961146593093872,2500,250.87473381152458,0,0.0,0,0.0,0.0,True,good,当前QC指标正常。,7664.193429320593,False,False,0.0,False,8709.799588237047,False,False,0.0,False
1789618914.819471,2600.332,runtime,9.961697578430176,2510,251.8647028025301,0,0.0,0,0.0,0.0,True,good,当前QC指标正常。,7694.229432580544,False,False,0.0,False,8628.819894649121,False,False,0.0,False
1789618916.828476,2602.292,runtime,9.930287599563599,2490,250.64732265250635,0,0.0,0,0.0,0.0,True,good,当前QC指标正常。,7656.418365149035,False,False,0.0,False,8591.953056211414,False,False,0.0,False
1789618918.837249,2604.332,runtime,9.961017370223999,2495,250.3760316145213,0,0.0,0,0.0,0.0,True,good,当前QC指标正常。,7513.539724005624,False,False,0.0,False,8562.367970674799,False,False,0.0,False
1789618920.844999,2606.352,runtime,9.902840375900269,2505,252.85674664551593,0,0.0,0,0.0,0.0,True,good,当前QC指标正常。,7402.357338593053,False,False,0.0,False,8532.654500823572,False,False,0.0,False
1789618922.8591928,2608.352,runtime,9.961241722106934,2495,250.37039252496788,0,0.0,0,0.0,0.0,True,good,当前QC指标正常。,7336.014791411431,False,False,0.0,False,8494.286061797813,False,False,0.0,False
1789618924.8656297,2610.312,runtime,9.871089696884155,2485,251.6439497843975,0,0.0,0,0.0,0.0,True,good,当前QC指标正常。,7320.185591886714,False,False,0.0,False,8436.892372891109,False,False,0.0,False
1789618926.8835063,2612.272,runtime,9.991243600845337,2475,247.61682317411223,0,0.0,0,0.0,0.0,True,good,当前QC指标正常。,7400.199514598223,False,False,0.0,False,8425.781959952292,False,False,0.0,False
1789618928.9021971,2614.392,runtime,9.963987350463867,2500,250.80320880612726,0,0.0,0,0.0,0.0,True,good,当前QC指标正常。,7515.281471885401,False,False,0.0,False,8479.223784055708,False,False,0.0,False
1789618930.9221137,2616.432,runtime,9.96378231048584,2505,251.31018743402308,0,0.0,0,0.0,0.0,True,good,当前QC指标正常。,7514.8227020210625,False,False,0.0,False,8508.957188227998,False,False,0.0,False
1789618932.9294136,2618.452,runtime,9.939317226409912,2500,251.42572101027915,0,0.0,0,0.0,0.0,True,good,当前QC指标正常。,7498.752755038145,False,False,0.0,False,8551.840889039262,False,False,0.0,False
1789618934.942538,2620.452,runtime,9.96208643913269,2505,251.35296860744774,0,0.0,0,0.0,0.0,True,good,当前QC指标正常。,7518.382682577629,False,False,0.0,False,8593.377708835613,False,False,0.0,False
1789618936.9607522,2622.452,runtime,9.961591482162476,2495,250.36160180487536,0,0.0,0,0.0,0.0,True,good,当前QC指标正常。,7492.329226336263,False,False,0.0,False,8576.170740501359,False,False,0.0,False
1789618938.9780526,2624.392,runtime,9.96132516860962,2480,248.86247141212576,0,0.0,0,0.0,0.0,True,good,当前QC指标正常。,14679.852513975602,False,False,0.0,False,14264.208536449909,False,False,0.0,False
1789618940.9848602,2626.492,runtime,9.961202621459961,2505,251.37527015116595,0,0.0,0,0.0,0.0,True,good,当前QC指标正常。,14626.420206201736,False,False,0.0,False,14219.022204664478,False,False,0.0,False
1789618942.993784,2628.512,runtime,9.92966103553772,2500,251.6702222821317,0,0.0,0,0.0,0.0,True,good,当前QC指标正常。,14674.269719392654,False,False,0.0,False,14208.731409447328,False,False,0.0,False
1789618945.0012321,2630.492,runtime,9.959284543991089,2495,250.41959479958317,0,0.0,0,0.0,0.0,True,good,当前QC指标正常。,14717.106906138593,False,False,0.0,False,14179.528857052199,False,False,0.0,False
1789618947.0098095,2632.512,runtime,9.962115049362183,2500,250.85034529489766,0,0.0,0,0.0,0.0,True,good,当前QC指标正常。,14749.02692717423,False,False,0.0,False,14154.77153663262,False,False,0.0,False
1789618949.0247426,2634.492,runtime,9.902547121047974,2525,254.88391715250816,0,0.0,0,0.0,0.0,True,good,当前QC指标正常。,7700.644294475129,False,False,0.0,False,8439.349763330725,False,False,0.0,False
1789618951.0376031,2636.552,runtime,9.993234872817993,2505,250.56951346265083,0,0.0,0,0.0,0.0,True,good,当前QC指标正常。,7688.633813868612,False,False,0.0,False,8422.674205125824,False,False,0.0,False
1789618953.044436,2638.572,runtime,9.990111112594604,2505,250.6478628494121,0,0.0,0,0.0,0.0,True,good,当前QC指标正常。,7730.097303754875,False,False,0.0,False,8413.578143108814,False,False,0.0,False
1789618955.0551507,2640.572,runtime,9.991225957870483,2505,250.6198949516801,0,0.0,0,0.0,0.0,True,good,当前QC指标正常。,7760.183993855724,False,False,0.0,False,8425.733563113306,False,False,0.0,False
1789618957.0651553,2642.552,runtime,9.99089241027832,2495,249.6273503490289,0,0.0,0,0.0,0.0,True,good,当前QC指标正常。,7768.226249965127,False,False,0.0,False,8437.943262705663,False,False,0.0,False
1789618959.076845,2644.548,runtime,9.934936046600342,2494,250.93266713609952,0,0.0,0,0.0,0.0,True,good,当前QC指标正常。,7722.549103891847,False,False,0.0,False,8397.170554900289,False,False,0.0,False
1789618961.0840402,2646.588,runtime,9.961177825927734,2499,250.7735574700825,0,0.0,0,0.0,0.0,True,good,当前QC指标正常。,7729.346975040146,False,False,0.0,False,8375.054381978247,False,False,0.0,False
1789618963.0951643,2648.508,runtime,9.99043083190918,2474,247.5368721938699,0,0.0,0,0.0,0.0,True,good,当前QC指标正常。,7826.698512982552,False,False,0.0,False,8367.195153179155,False,False,0.0,False
1789618965.108023,2650.628,runtime,9.992969989776611,2504,250.47608494378693,0,0.0,0,0.0,0.0,True,good,当前QC指标正常。,7774.8599419609145,False,False,0.0,False,8398.825552683491,False,False,0.0,False
1789618967.127532,2652.608,runtime,9.928137063980103,2489,250.6008915838419,0,0.0,0,0.0,0.0,True,good,当前QC指标正常。,7722.765048129212,False,False,0.0,False,8469.619167703844,False,False,0.0,False
1789618969.137506,2654.648,runtime,9.963745594024658,2495,250.30747488130095,0,0.0,0,0.0,0.0,True,good,当前QC指标正常。,7699.701229235553,False,False,0.0,False,8540.319705456506,False,False,0.0,False
1789618971.1437669,2656.628,runtime,9.843950510025024,2495,253.35356953086307,0,0.0,0,0.0,0.0,True,good,当前QC指标正常。,7698.231498024929,False,False,0.0,False,8458.05212001816,False,False,0.0,False
1789618973.1588144,2658.608,runtime,9.904795408248901,2490,251.2924192181813,0,0.0,0,0.0,0.0,True,good,当前QC指标正常。,7647.054453957376,False,False,0.0,False,8282.831858778307,False,False,0.0,False
1789618975.1790237,2660.688,runtime,9.870083808898926,2500,253.18933946101723,0,0.0,0,0.0,0.0,True,good,当前QC指标正常。,7609.407148034333,False,False,0.0,False,8236.18212633032,False,False,0.0,False
1789618977.1957905,2662.688,runtime,9.960742950439453,2505,251.38687068413176,0,0.0,0,0.0,0.0,True,good,当前QC指标正常。,7590.294820159482,False,False,0.0,False,8207.198014988198,False,False,0.0,False
1789618979.2010376,2664.708,runtime,9.96500539779663,2500,250.77758618701355,0,0.0,0,0.0,0.0,True,good,当前QC指标正常。,7570.026299722568,False,False,0.0,False,8160.688744601931,False,False,0.0,False
1789618981.2163963,2666.728,runtime,9.99087405204773,2500,250.12826575346577,0,0.0,0,0.0,0.0,True,good,当前QC指标正常。,7526.534383159824,False,False,0.0,False,8132.086691381011,False,False,0.0,False
1789618983.2247243,2668.728,runtime,9.96992301940918,2500,250.65389122213017,0,0.0,0,0.0,0.0,True,good,当前QC指标正常。,7527.640175361157,False,False,0.004,False,8178.718311393256,False,False,0.0,False
1789618985.232744,2670.728,runtime,9.961419105529785,2495,250.3659341685092,0,0.0,0,0.0,0.0,True,good,当前QC指标正常。,7610.136385176324,False,False,0.004,False,8345.741503177827,False,False,0.0,False
1789618987.2472146,2672.768,runtime,9.991184949874878,2505,250.62092360039418,0,0.0,0,0.0,0.0,True,good,当前QC指标正常。,7643.464626607717,False,False,0.004,False,8395.32683360047,False,False,0.0,False
1789618989.2552724,2674.748,runtime,9.96055817604065,2495,250.3875742625673,0,0.0,0,0.0,0.0,True,good,当前QC指标正常。,7602.491952021763,False,False,0.004,False,8314.083580504837,False,False,0.0,False
1789618991.2669172,2676.788,runtime,9.990127086639404,2510,251.14795620122655,0,0.0,0,0.0,0.0,True,good,当前QC指标正常。,7535.587669138227,False,False,0.004,False,8246.53765738055,False,False,0.0,False
1789618993.2769146,2678.788,runtime,9.988640785217285,2500,250.1841895944843,0,0.0,0,0.0,0.0,True,good,当前QC指标正常。,7536.2217849212575,False,False,0.0,False,8252.042063344961,False,False,0.0,False
1789618995.293056,2680.788,runtime,9.962150812149048,2505,251.35134442517378,0,0.0,0,0.0,0.0,True,good,当前QC指标正常。,7547.214188367757,False,False,0.0,False,8200.18018449986,False,False,0.004,False
1789618997.2971926,2682.808,runtime,9.990551710128784,2510,251.13728178357604,0,0.0,0,0.0,0.0,True,good,当前QC指标正常。,7527.987459677047,False,False,0.0,False,8136.277358951432,False,False,0.004,False
1789618999.3073452,2684.808,runtime,9.9904043674469,2500,250.14002517684204,0,0.0,0,0.0,0.0,True,good,当前QC指标正常。,7573.619682368805,False,False,0.0,False,8125.093405809299,False,False,0.004,False
1789619001.3181548,2686.828,runtime,9.991123914718628,2500,250.12201042953208,0,0.0,0,0.0,0.0,True,good,当前QC指标正常。,7610.751419224612,False,False,0.0,False,8106.5234975535,False,False,0.004,False
1789619003.328808,2688.828,runtime,9.965610027313232,2500,250.7623711093319,0,0.0,0,0.0,0.0,True,good,当前QC指标正常。,7592.397471037131,False,False,0.0,False,8077.897721140113,False,False,0.004,False
1789619005.3403566,2690.788,runtime,9.9933340549469,2485,248.56569252484564,0,0.0,0,0.0,0.0,True,good,当前QC指标正常。,7466.740518800008,False,False,0.0,False,8059.174131409811,False,False,0.0,False
1789619007.3481326,2692.868,runtime,9.991052627563477,2505,250.6242428442349,0,0.0,0,0.0,0.0,True,good,当前QC指标正常。,7415.527098130169,False,False,0.0,False,8055.174436486879,False,False,0.0,False
1789619009.3570626,2694.828,runtime,9.933078527450562,2490,250.5768974967351,0,0.0,0,0.0,0.0,True,good,当前QC指标正常。,7411.968081428551,False,False,0.0,False,8073.19596405658,False,False,0.0,False
1789619011.3663242,2696.828,runtime,9.930827379226685,2490,250.63369898126442,0,0.0,0,0.0,0.0,True,good,当前QC指标正常。,7515.741906457916,False,False,0.0,False,8131.996600125419,False,False,0.0,False
1789619013.380129,2698.828,runtime,9.96066164970398,2485,249.38102380717066,0,0.0,0,0.0,0.0,True,good,当前QC指标正常。,10019.18560398227,False,False,0.0,False,8209.93629957145,False,False,0.0,False
1789619015.3885217,2700.868,runtime,9.997588634490967,2510,250.96051575318165,0,0.0,0,0.0,0.0,True,good,当前QC指标正常。,11771.646654277803,False,False,0.0,False,8440.559458604874,False,False,0.0,False
1789619017.3981924,2702.908,runtime,9.990286350250244,2510,251.14395243907626,0,0.0,0,0.0,0.0,True,good,当前QC指标正常。,11165.536058667116,False,False,0.0,False,8627.07749813976,False,False,0.0,False
1789619019.4081116,2704.908,runtime,9.901448249816895,2500,252.38732122305578,0,0.0,0,0.0,0.0,True,good,当前QC指标正常。,10221.461182213627,False,False,0.0,False,8669.1143923469,False,False,0.0,False
1789619021.4185405,2706.868,runtime,9.960532903671265,2510,251.89415308042703,0,0.0,0,0.0,0.0,True,good,当前QC指标正常。,9441.089894512712,False,False,0.0,False,8453.60162453781,False,False,0.0,False
1789619023.4244745,2708.928,runtime,9.961916446685791,2500,250.85534629547982,0,0.0,0,0.0,0.0,True,good,当前QC指标正常。,8914.378666423365,False,False,0.0,False,8235.89027237191,False,False,0.0,False
1789619025.4351227,2710.928,runtime,9.960964918136597,2500,250.87930943817534,0,0.0,0,0.0,0.0,True,good,当前QC指标正常。,7622.9134228918965,False,False,0.0,False,8207.320610496909,False,False,0.0,False
1789619027.4529405,2712.948,runtime,9.932951927185059,2500,251.5868412853783,0,0.0,0,0.0,0.0,True,good,当前QC指标正常。,7475.4558688046955,False,False,0.0,False,8181.022766452615,False,False,0.0,False
1789619029.458976,2714.968,runtime,9.98962688446045,2500,250.15949333276563,0,0.0,0,0.0,0.0,True,good,当前QC指标正常。,7483.811654677966,False,False,0.0,False,8161.352823165718,False,False,0.0,False
1789619031.4702058,2716.928,runtime,9.991981506347656,2490,249.09974046877494,0,0.0,0,0.0,0.0,True,good,当前QC指标正常。,7567.641740395343,False,False,0.0,False,8139.219818622929,False,False,0.0,False
1789619033.4812665,2718.968,runtime,9.961020231246948,2495,250.375959701047,0,0.0,0,0.0,0.0,True,good,当前QC指标正常。,7580.288077471112,False,False,0.0,False,8118.34208502179,False,False,0.0,False
1789619035.4896746,2721.008,runtime,9.990461587905884,2505,250.63906987353397,0,0.0,0,0.0,0.0,True,good,当前QC指标正常。,7621.132798853645,False,False,0.0,False,8091.680531194018,False,False,0.0,False
1789619037.4964793,2722.988,runtime,9.959680557250977,2500,250.91166183845579,0,0.0,0,0.0,0.0,True,good,当前QC指标正常。,7651.777415190277,False,False,0.0,False,8048.541276867296,False,False,0.0,False
1789619039.508963,2725.008,runtime,9.96477198600769,2500,250.78346032493667,0,0.0,0,0.0,0.0,True,good,当前QC指标正常。,7544.831798673092,False,False,0.0,False,8059.747080388069,False,False,0.0,False
1789619041.521364,2727.008,runtime,9.992274284362793,2495,249.59282832166994,0,0.0,0,0.0,0.0,True,good,当前QC指标正常。,7453.363666043546,False,False,0.0,False,8081.698513833684,False,False,0.0,False
1789619043.5306528,2729.048,runtime,9.991194248199463,2505,250.62069035953854,0,0.0,0,0.0,0.0,True,good,当前QC指标正常。,7407.5150845340495,False,False,0.0,False,8091.526974407886,False,False,0.0,False
1789619045.5401254,2731.048,runtime,9.990820407867432,2500,250.1296087788869,0,0.0,0,0.0,0.0,True,good,当前QC指标正常。,7388.894830650126,False,False,0.0,False,8073.843457270755,False,False,0.0,False
1789619047.5504308,2733.068,runtime,9.991375207901001,2505,250.61615122009246,0,0.0,0,0.0,0.0,True,good,当前QC指标正常。,7423.9948329287,False,False,0.0,False,8067.790115497328,False,False,0.0,False
1789619049.5608,2735.068,runtime,9.991418838500977,2500,250.11462740109968,0,0.0,0,0.0,0.0,True,good,当前QC指标正常。,7417.447395303848,False,False,0.0,False,8052.5024197344865,False,False,0.0,False
1789619051.5706387,2737.088,runtime,9.960783958435059,2505,251.38583573831514,0,0.0,0,0.0,0.0,True,good,当前QC指标正常。,7369.355084736807,False,False,0.0,False,8023.102928512715,False,False,0.0,False
1789619053.5883079,2739.068,runtime,9.96067762374878,2495,250.38457163332663,0,0.0,0,0.0,0.0,True,good,当前QC指标正常。,7294.1229023516335,False,False,0.0,False,7980.613117134913,False,False,0.0,False
1789619055.608805,2741.108,runtime,9.963685989379883,2495,250.30897226772407,0,0.0,0,0.0,0.0,True,good,当前QC指标正常。,7300.4297733451585,False,False,0.0,False,7968.275500637927,False,False,0.0,False
1789619057.616627,2743.088,runtime,9.903817176818848,2490,251.31724016733904,0,0.0,0,0.0,0.0,True,good,当前QC指标正常。,7318.694888813702,False,False,0.0,False,7963.645683159639,False,False,0.0,False
1789619059.6328306,2745.128,runtime,9.969825267791748,2505,251.15786212315632,0,0.0,0,0.0,0.0,True,good,当前QC指标正常。,7326.499898198892,False,False,0.0,False,7956.374320858517,False,False,0.0,False
1789619061.6457765,2747.148,runtime,9.931479692459106,2500,251.62413632053952,0,0.0,0,0.0,0.0,True,good,当前QC指标正常。,7314.485796445855,False,False,0.0,False,7933.450311955463,False,False,0.0,False
1789619063.6621203,2749.168,runtime,9.991825342178345,2510,251.10526996591858,0,0.0,0,0.0,0.0,True,good,当前QC指标正常。,7334.35350040622,False,False,0.0,False,7951.980594899941,False,False,0.0,False
1789619065.6724818,2751.188,runtime,9.990118265151978,2505,250.64768339475782,0,0.0,0,0.0,0.0,True,good,当前QC指标正常。,7340.536235378511,False,False,0.0,False,7955.8217355040215,False,False,0.0,False
1789619067.682026,2753.188,runtime,9.991314172744751,2500,250.11724752055218,0,0.0,0,0.0,0.0,True,good,当前QC指标正常。,7472.754325938397,False,False,0.0,False,7981.609714105905,False,False,0.0,False
1789619069.692106,2755.208,runtime,9.991455793380737,2520,252.11541261773067,0,0.0,0,0.0,0.0,True,good,当前QC指标正常。,7708.369110804175,False,False,0.0,False,8058.1673229791995,False,False,0.0,False
1789619071.7017806,2757.208,runtime,9.991054773330688,2500,250.12374135618072,0,0.0,0,0.0,0.0,True,good,当前QC指标正常。,7880.378042215091,False,False,0.0,False,8124.470637695294,False,False,0.0,False
1789619073.7099698,2759.208,runtime,9.931995630264282,2500,251.6110651906825,0,0.0,0,0.0,0.0,True,good,当前QC指标正常。,7795.138271088554,False,False,0.0,False,8185.95734766231,False,False,0.0,False
1789619075.7229257,2761.228,runtime,9.991976499557495,2500,250.10066828226334,0,0.0,0,0.0,0.0,True,good,当前QC指标正常。,7561.501985934805,False,False,0.0,False,8104.83586613902,False,False,0.0,False
1789619077.73147,2763.228,runtime,9.931872129440308,2500,251.61419392345988,0,0.0,0,0.0,0.0,True,good,当前QC指标正常。,7443.477398521086,False,False,0.0,False,8105.727885592993,False,False,0.0,False
1789619079.740525,2765.228,runtime,9.930501937866211,2505,252.152410388436,0,0.0,0,0.0,0.0,True,good,当前QC指标正常。,7408.002700839943,False,False,0.0,False,8105.75322082753,False,False,0.0,False
1789619081.752263,2767.268,runtime,9.990800619125366,2505,250.63056460226008,0,0.0,0,0.0,0.0,True,good,当前QC指标正常。,7398.139593282706,False,False,0.0,False,8101.277024962722,False,False,0.0,False
1789619083.7593212,2769.248,runtime,9.96160364151001,2495,250.36129620812258,0,0.0,0,0.0,0.0,True,good,当前QC指标正常。,7362.51965111774,False,False,0.0,False,8024.970890989316,False,False,0.0,False
1789619085.76905,2771.268,runtime,9.960485935211182,2500,250.8913737999286,0,0.0,0,0.0,0.0,True,good,当前QC指标正常。,7341.149754150896,False,False,0.0,False,7986.835988627276,False,False,0.0,False
1789619087.7823408,2773.288,runtime,9.96059250831604,2500,250.8886893940897,0,0.0,0,0.0,0.0,True,good,当前QC指标正常。,7378.2882235412735,False,False,0.0,False,7947.605363113908,False,False,0.0,False
1789619089.79242,2775.308,runtime,9.990458965301514,2505,250.63913566902167,0,0.0,0,0.0,0.0,True,good,当前QC指标正常。,7419.176617790335,False,False,0.0,False,7945.715695814144,False,False,0.0,False
1789619091.7977774,2777.288,runtime,9.969053030014038,2495,250.17421338729582,0,0.0,0,0.0,0.0,True,good,当前QC指标正常。,7386.252368810876,False,False,0.0,False,7947.538111448161,False,False,0.0,False
1789619093.8063166,2779.308,runtime,9.96393609046936,2500,250.80449907645706,0,0.0,0,0.0,0.0,True,good,当前QC指标正常。,7396.833828687991,False,False,0.0,False,7977.239844953641,False,False,0.0,False
1789619095.813877,2781.288,runtime,9.932386875152588,2490,250.59434668484582,0,0.0,0,0.0,0.0,True,good,当前QC指标正常。,7431.007566452913,False,False,0.0,False,7980.564963668795,False,False,0.0,False
1789619097.8267717,2783.288,runtime,9.933968544006348,2490,250.5544474973938,0,0.0,0,0.0,0.0,True,good,当前QC指标正常。,7379.062829964513,False,False,0.0,False,7953.158904654213,False,False,0.0,False
1789619099.8400495,2785.328,runtime,9.96414303779602,2495,250.29749076661696,0,0.0,0,0.0,0.0,True,good,当前QC指标正常。,7266.954812323176,False,False,0.0,False,7949.080379448433,False,False,0.0,False
1789619101.8538864,2787.328,runtime,9.872290134429932,2500,253.13275501138855,0,0.0,0,0.0,0.0,True,good,当前QC指标正常。,7250.578239292091,False,False,0.0,False,7967.045242703783,False,False,0.0,False
1789619103.8632255,2789.348,runtime,9.988760471343994,2505,250.6817544762974,0,0.0,0,0.0,0.0,True,good,当前QC指标正常。,7228.8739086123105,False,False,0.0,False,7908.308072295248,False,False,0.0,False
1789619105.8732734,2791.388,runtime,9.958096504211426,2500,250.95157482588525,0,0.0,0,0.0,0.0,True,good,当前QC指标正常。,7252.343559158195,False,False,0.0,False,7906.682900913632,False,False,0.0,False
1789619107.8836446,2793.388,runtime,9.958694219589233,2520,252.9448082706471,0,0.0,0,0.0,0.0,True,good,当前QC指标正常。,7247.828408328486,False,False,0.0,False,7912.548150871739,False,False,0.0,False
1789619109.8955657,2795.408,runtime,9.992493391036987,2500,250.08773108036675,0,0.0,0,0.0,0.0,True,good,当前QC指标正常。,7220.1784199717495,False,False,0.0,False,7899.609354762035,False,False,0.0,False
1789619111.90842,2797.388,runtime,9.964109659194946,2500,250.80013021473587,0,0.0,0,0.0,0.0,True,good,当前QC指标正常。,7224.493346615128,False,False,0.0,False,7882.754156169277,False,False,0.0,False
1789619113.9139795,2799.428,runtime,9.960525512695312,2505,251.392358446198,0,0.0,0,0.0,0.0,True,good,当前QC指标正常。,7236.754583030582,False,False,0.0,False,7882.516235113641,False,False,0.0,False
1789619115.9211018,2801.408,runtime,9.960659980773926,2495,250.3850151309171,0,0.0,0,0.0,0.0,True,good,当前QC指标正常。,7228.133254658048,False,False,0.0,False,7869.214695580794,False,False,0.0,False
1789619117.928472,2803.428,runtime,9.963946104049683,2500,250.80424702260507,0,0.0,0,0.0,0.0,True,good,当前QC指标正常。,7202.558732464024,False,False,0.0,False,7838.270619750109,False,False,0.0,False
1789619119.939399,2805.428,runtime,9.960803508758545,2495,250.38140726368343,0,0.0,0,0.0,0.0,True,good,当前QC指标正常。,7173.394494342687,False,False,0.0,False,7810.791847156231,False,False,0.0,False
1789619121.944379,2807.448,runtime,9.902511596679688,2495,251.8552970779896,0,0.0,0,0.0,0.0,True,good,当前QC指标正常。,7123.304456055638,False,False,0.0,False,7768.391542276845,False,False,0.0,False
1789619123.9508576,2809.448,runtime,9.958966255187988,2505,251.43171849744698,0,0.0,0,0.0,0.0,True,good,当前QC指标正常。,7172.102105124056,False,False,0.0,False,7785.360704586429,False,False,0.0,False
1789619125.9611824,2811.428,runtime,9.933838129043579,2495,251.0610669916483,0,0.0,0,0.0,0.0,True,good,当前QC指标正常。,7196.182042390878,False,False,0.0,False,7880.243647596574,False,False,0.0,False
1789619127.9716704,2813.464,runtime,9.962353706359863,2494,250.24206863971258,0,0.0,0,0.0,0.0,True,good,当前QC指标正常。,7266.290924630023,False,False,0.0,False,7949.767189148713,False,False,0.0,False
1789619129.9860835,2815.424,runtime,9.906083106994629,2489,251.158805466031,0,0.0,0,0.0,0.0,True,good,当前QC指标正常。,7321.262104315005,False,False,0.0,False,7953.902262288002,False,False,0.0,False
1789619132.0026898,2817.484,runtime,9.961039781570435,2494,250.2750771673918,0,0.0,0,0.0,0.0,True,good,当前QC指标正常。,7391.580443342578,False,False,0.0,False,7874.299744312238,False,False,0.0,False
1789619134.012296,2819.504,runtime,9.932922124862671,2499,251.48692082739313,0,0.0,0,0.0,0.0,True,good,当前QC指标正常。,7306.9525059384505,False,False,0.0,False,7838.087427413893,False,False,0.0,False
1789619136.0300546,2821.504,runtime,9.960967540740967,2504,251.28081080101674,0,0.0,0,0.0,0.0,True,good,当前QC指标正常。,7256.841838567077,False,False,0.0,False,7828.214299720498,False,False,0.0,False
1789619138.0354357,2823.544,runtime,9.991202592849731,2510,251.12092129886167,0,0.0,0,0.0,0.0,True,good,当前QC指标正常。,7226.639480230923,False,False,0.0,False,7796.6903016095175,False,False,0.0,False
1789619140.0427651,2825.524,runtime,9.960148811340332,2495,250.39786525683283,0,0.0,0,0.0,0.0,True,good,当前QC指标正常。,7206.066690415227,False,False,0.0,False,7767.82827901096,False,False,0.0,False
1789619142.053774,2827.544,runtime,9.963864803314209,2500,250.80629347447342,0,0.0,0,0.0,0.0,True,good,当前QC指标正常。,7199.3595049993055,False,False,0.0,False,7759.05960034399,False,False,0.0,False
1789619144.0649745,2829.524,runtime,9.932154893875122,2490,250.60019971445428,0,0.0,0,0.0,0.0,True,good,当前QC指标正常。,7185.911949903468,False,False,0.0,False,7742.407161466944,False,False,0.0,False
1789619146.0744894,2831.564,runtime,9.965587615966797,2500,250.76293504219652,0,0.0,0,0.0,0.0,True,good,当前QC指标正常。,7175.9842935528895,False,False,0.0,False,7737.728690139669,False,False,0.0,False
1789619148.0867434,2833.564,runtime,9.961525201797485,2495,250.36326761989977,0,0.0,0,0.0,0.0,True,good,当前QC指标正常。,7185.4955988562915,False,False,0.0,False,7780.905814268844,False,False,0.0,False
1789619150.096312,2835.564,runtime,9.900699615478516,2500,252.40640531029985,0,0.0,0,0.0,0.0,True,good,当前QC指标正常。,7214.664895524271,False,False,0.0,False,7800.756003380964,False,False,0.0,False
1789619152.1058855,2837.604,runtime,9.960525035858154,2500,250.89038891057788,0,0.0,0,0.0,0.0,True,good,当前QC指标正常。,7211.058341928169,False,False,0.0,False,7798.875454782501,False,False,0.0,False
1789619154.1121056,2839.604,runtime,9.96216869354248,2505,251.3508932671561,0,0.0,0,0.0,0.0,True,good,当前QC指标正常。,7193.091728662072,False,False,0.0,False,7807.841563541237,False,False,0.004,False
