event_id,event_name,event_timestamp,sample_time_sec,received_order,block_id,block_order,group_id,session_half,counterbalance_group,condition,condition_type,event_type,event_value,duration_sec,exclude_before_sec,exclude_after_sec,trial_id,question_id,correct_answer,participant_answer,is_correct,reaction_time_ms,notes,run_id,subject_id,session_id,client_event_id,client_id,received_timestamp,client_timestamp,client_monotonic_ms,source_client,timestamp_source,clock_offset_sec,clock_round_trip_ms,eeg_received_order,eeg_sample_number,eeg_stream_segment,alignment_error_ms,alignment_status,identity_status,context_matches_current,state_applied,start_number,generated_timestamp,displayed_timestamp,hidden_timestamp,after_block_id,affected_block_id,planned_duration,actual_duration,is_formal_experiment,operator_id,override_reason,sensitivity_exclude_before_sec,course_attention_rating,mental_effort,video_interest,video_difficulty,subtraction_compliance,subtraction_compliance_low_pct,subtraction_compliance_high_pct,subtraction_difficulty,reported_final_number,rating_item,rating_value,quiz_score,quiz_total,question_text,response_index,response_text,video_id,condition_label,video_time_sec,browser_timestamp,recorder_timestamp,device_sample_number,probe_id,probe_index,probe_schedule_id,probe_planned_time_sec,response,response_label,response_time_ms,confidence,probe_attention,pause_reason
d5198d7a-cf4b-4c9e-b41a-23328c55dfd8,session_start,1789616274.4852529,,0,,,,,G04,,,session_start,online_learning_focused_vs_bbbd_subtraction,,0.0,0.0,,,,,,,,2e32687e-f8cf-4a91-8fec-dfa79fb2e0c2,sub-004,ses-001,,,1789616274.4852529,,,recorder,server,,,,,,,no_eeg,,,,,,,,,,,,0,,,,,,,,,,,,,,,,,,,,,,,,1789616274.4852529,,,,,,,,,,,
ff411d89-1fe9-41ab-90fb-e1f26bbb3843,subtraction_practice_start,1789616276.5155213,,0,,,,,G04,,,subtraction_practice_start,100,,0.0,0.0,,,,,,,"{""client_event_id"":""ff411d89-1fe9-41ab-90fb-e1f26bbb3843"",""recorder_run_id"":""2e32687e-f8cf-4a91-8fec-dfa79fb2e0c2"",""client_id"":""9ece73d8-93e2-40b0-8ef9-75787e7f1947"",""client_timestamp"":1789616276.514,""client_monotonic_ms"":38844.90000000037,""event_timestamp"":1789616276.5155213,""clock_offset_sec"":0.0015213489532470703,""clock_round_trip_ms"":10.100126266479492,""subject_id"":""sub-004"",""session_id"":""ses-001"",""block_id"":"""",""counterbalance_group"":""G04"",""block_order"":""Block 1"",""condition"":"""",""condition_type"":"""",""topic_key"":"""",""topic_name"":"""",""event_type"":""subtraction_practice_start"",""iso_time"":""2026-09-17T03:37:56.514Z"",""relative_ms"":"""",""video_time_sec"":0,""practice_number"":100,""is_formal_experiment"":0}",2e32687e-f8cf-4a91-8fec-dfa79fb2e0c2,sub-004,ses-001,ff411d89-1fe9-41ab-90fb-e1f26bbb3843,9ece73d8-93e2-40b0-8ef9-75787e7f1947,1789616276.5226204,1789616276.514,38844.90000000037,9ece73d8-93e2-40b0-8ef9-75787e7f1947,browser_calibrated,0.0015213489532470703,10.100126266479492,,,,,no_eeg,verified,1,1,,,,,,,,,0,,,,,,,,,,,,,,,,,,,,,,0,1789616276.514,1789616276.5227144,,,,,,,,,,,
9265e900-da43-4ed6-bbcf-a7acf4ca90f8,eeg_dropout,1789616276.7473898,,0,,,,,G04,,,eeg_dropout,signal_lost,,0.0,0.0,,,,,,,absence_threshold_sec=2,2e32687e-f8cf-4a91-8fec-dfa79fb2e0c2,sub-004,ses-001,,,1789616276.7473898,,,recorder,server,,,,,,,no_eeg,,,,,,,,,,,,0,,,,,,,,,,,,,,,,,,,,,,,,1789616276.7473898,,,,,,,,,,,eeg_dropout
88695f1b-0369-4eac-8e62-dcb02b51a8e9,qc_status_change,1789616276.747873,,0,,,,,G04,,,qc_status_change,bad,,0.0,0.0,,,,,,,已连续 2.3 秒没有EEG，请立即重新连接耳机。,2e32687e-f8cf-4a91-8fec-dfa79fb2e0c2,sub-004,ses-001,,,1789616276.747873,,,recorder,server,,,,,,,no_eeg,,,,,,,,,,,,0,,,,,,,,,,,,,,,,,,,,,,,,1789616276.747873,,,,,,,,,,,
fa85e976-9ff9-45c5-a8cc-59f9133a91ec,device_connected,1789616312.0879066,,0,,,,,G04,,,device_connected,74:4D:BD:62:FD:8D,,0.0,0.0,,,,,,,,2e32687e-f8cf-4a91-8fec-dfa79fb2e0c2,sub-004,ses-001,,,1789616312.0879066,,,recorder,server,,,,,,,no_eeg,,,,,,,,,,,,0,,,,,,,,,,,,,,,,,,,,,,,,1789616312.0879066,,,,,,,,,,,
67b95ad5-77f5-4c09-b95b-b5aadf8851a2,eeg_recovery,1789616314.3960505,0.0,0,,,,,G04,,,eeg_recovery,signal_recovered,39.91992664337158,0.0,0.0,,,,,,,等待实验员重新确认同步后恢复视频,2e32687e-f8cf-4a91-8fec-dfa79fb2e0c2,sub-004,ses-001,,,1789616314.3960505,,,recorder,server,,,0,0,0,-0.03409385681152344,host_receive_nearest,,,,,,,,,,,,0,,,,,,,,,,,,,,,,,,,,,,,,1789616314.3960505,0,,,,,,,,,,eeg_dropout
ba150462-8cd9-4765-afdc-230aa26082e3,qc_status_change,1789616314.9501483,0.592,149,,,,,G04,,,qc_status_change,waiting,,0.0,0.0,,,,,,,等待至少2秒EEG数据。,2e32687e-f8cf-4a91-8fec-dfa79fb2e0c2,sub-004,ses-001,,,1789616314.9501483,,,recorder,server,,,148,148,0,-10.524511337280273,host_receive_nearest,,,,,,,,,,,,0,,,,,,,,,,,,,,,,,,,,,,,,1789616314.9501483,148,,,,,,,,,,
b7322185-5c85-46e5-976f-43054ac7961f,qc_status_change,1789616316.9571486,2.592,649,,,,,G04,,,qc_status_change,good,,0.0,0.0,,,,,,,当前QC指标正常。,2e32687e-f8cf-4a91-8fec-dfa79fb2e0c2,sub-004,ses-001,,,1789616316.9571486,,,recorder,server,,,648,648,0,-11.686086654663086,host_receive_nearest,,,,,,,,,,,,0,,,,,,,,,,,,,,,,,,,,,,,,1789616316.9571486,648,,,,,,,,,,
e539d9a2-6089-47e5-b895-d9e773e13205,subtraction_practice_end,1789616325.343543,10.976,2749,,,,,G04,,,subtraction_practice_end,100,,0.0,0.0,,,,,,,"{""client_event_id"":""e539d9a2-6089-47e5-b895-d9e773e13205"",""recorder_run_id"":""2e32687e-f8cf-4a91-8fec-dfa79fb2e0c2"",""client_id"":""9ece73d8-93e2-40b0-8ef9-75787e7f1947"",""client_timestamp"":1789616325.3434002,""client_monotonic_ms"":87674.40000000037,""event_timestamp"":1789616325.343543,""clock_offset_sec"":0.00014281272888183594,""clock_round_trip_ms"":4.999876022338867,""subject_id"":""sub-004"",""session_id"":""ses-001"",""block_id"":"""",""counterbalance_group"":""G04"",""block_order"":""Block 1"",""condition"":"""",""condition_type"":"""",""topic_key"":"""",""topic_name"":"""",""event_type"":""subtraction_practice_end"",""iso_time"":""2026-09-17T03:38:45.343Z"",""relative_ms"":"""",""video_time_sec"":0,""practice_number"":100,""is_formal_experiment"":0}",2e32687e-f8cf-4a91-8fec-dfa79fb2e0c2,sub-004,ses-001,e539d9a2-6089-47e5-b895-d9e773e13205,9ece73d8-93e2-40b0-8ef9-75787e7f1947,1789616325.348488,1789616325.3434002,87674.40000000037,9ece73d8-93e2-40b0-8ef9-75787e7f1947,browser_calibrated,0.00014281272888183594,4.999876022338867,2744,2744,0,0.8373260498046875,host_receive_nearest,verified,1,1,,,,,,,,,0,,,,,,,,,,,,,,,,,,,,,,0,1789616325.3434002,1789616325.3485541,2744,,,,,,,,,,
1813368f-9b57-4c2c-ae17-31427b41d3db,practice_confirmed,1789616325.3472428,10.992,2749,,,,,G04,,,practice_confirmed,100,,0.0,0.0,,,,,,,"{""client_event_id"":""1813368f-9b57-4c2c-ae17-31427b41d3db"",""recorder_run_id"":""2e32687e-f8cf-4a91-8fec-dfa79fb2e0c2"",""client_id"":""9ece73d8-93e2-40b0-8ef9-75787e7f1947"",""client_timestamp"":1789616325.3471,""client_monotonic_ms"":87678,""event_timestamp"":1789616325.3472428,""clock_offset_sec"":0.00014281272888183594,""clock_round_trip_ms"":4.999876022338867,""subject_id"":""sub-004"",""session_id"":""ses-001"",""block_id"":"""",""counterbalance_group"":""G04"",""block_order"":""Block 1"",""condition"":"""",""condition_type"":"""",""topic_key"":"""",""topic_name"":"""",""event_type"":""practice_confirmed"",""iso_time"":""2026-09-17T03:38:45.347Z"",""relative_ms"":"""",""video_time_sec"":0,""practice_number"":100,""is_formal_experiment"":0}",2e32687e-f8cf-4a91-8fec-dfa79fb2e0c2,sub-004,ses-001,1813368f-9b57-4c2c-ae17-31427b41d3db,9ece73d8-93e2-40b0-8ef9-75787e7f1947,1789616325.3687892,1789616325.3471,87678,9ece73d8-93e2-40b0-8ef9-75787e7f1947,browser_calibrated,0.00014281272888183594,4.999876022338867,2748,2748,0,-2.6941299438476562,host_receive_nearest,verified,1,1,,,,,,,,,0,,,,,,,,,,,,,,,,,,,,,,0,1789616325.3471,1789616325.3688734,2748,,,,,,,,,,
42878689-a7d0-435d-bcfa-703fbe6b7ddd,baseline_start,1789616328.267685,13.872,3469,,,,,G04,,,baseline_start,,30.0,0.0,0.0,,,,,,,,2e32687e-f8cf-4a91-8fec-dfa79fb2e0c2,sub-004,ses-001,,,1789616328.267685,,,recorder,server,,,3468,3468,0,-42.87075996398926,host_receive_nearest,,,,,,,,,,,,0,,,,,,,,,,,,,,,,,,,,,,,,1789616328.267685,3468,,,,,,,,,,
81fbd207-c997-4fea-a928-f9d78ab26a65,qc_status_change,1789616329.003823,14.592,3649,,,,,G04,,,qc_status_change,waiting,,0.0,0.0,,,,,,,等待至少2秒EEG数据。,2e32687e-f8cf-4a91-8fec-dfa79fb2e0c2,sub-004,ses-001,,,1789616329.003823,,,recorder,server,,,3648,3648,0,-58.71772766113281,host_receive_nearest,,,,,,,,,,,,0,,,,,,,,,,,,,,,,,,,,,,,,1789616329.003823,3648,,,,,,,,,,
7197138e-efa7-4dab-a719-5d88b6f98243,qc_status_change,1789616331.0180976,16.632,4159,,,,,G04,,,qc_status_change,good,,0.0,0.0,,,,,,,当前QC指标正常。,2e32687e-f8cf-4a91-8fec-dfa79fb2e0c2,sub-004,ses-001,,,1789616331.0180976,,,recorder,server,,,4158,4158,0,-29.220104217529297,host_receive_nearest,,,,,,,,,,,,0,,,,,,,,,,,,,,,,,,,,,,,,1789616331.0180976,4158,,,,,,,,,,
0958d99f-649d-4cf6-8041-4b1423bf3733,baseline_end,1789616359.1617615,44.792,11199,,,,,G04,,,baseline_end,data_present,30.87039852142334,0.0,0.0,,,,,,,当前QC指标正常。,2e32687e-f8cf-4a91-8fec-dfa79fb2e0c2,sub-004,ses-001,,,1789616359.1617615,,,recorder,server,,,11198,11198,0,-5.090475082397461,host_receive_nearest,,,,,,,,,,,,0,,,,,,,,,,,,,,,,,,,,,,,,1789616359.1617615,11198,,,,,,,,,,
b4054e1c-fd23-41f6-9045-39b286aa3963,block_start,1789616367.059655,52.692,13174,1,1,,1,G04,B,bbbd_subtraction,block_start,V2,,0.0,0.0,,,,,,,condition=B; condition_type=bbbd_subtraction,2e32687e-f8cf-4a91-8fec-dfa79fb2e0c2,sub-004,ses-001,b4054e1c-fd23-41f6-9045-39b286aa3963,9ece73d8-93e2-40b0-8ef9-75787e7f1947,1789616367.065954,1789616367.0592003,129390.09999999963,9ece73d8-93e2-40b0-8ef9-75787e7f1947,browser_calibrated,0.0004546642303466797,6.099939346313477,13173,13173,0,-11.516571044921875,host_receive_nearest,verified,0,1,929,1789616274.472002,,,,,,,1,,,,,,,,,,,,,,,,,,,,V2,B,0,1789616367.0592003,1789616367.0664585,13173,,,,,,,,,,
b4054e1c-fd23-41f6-9045-39b286aa3963,condition_prompt_start,1789616367.059655,52.692,13174,1,1,,1,G04,B,bbbd_subtraction,condition_prompt_start,B,,0.0,0.0,,,,,,,,2e32687e-f8cf-4a91-8fec-dfa79fb2e0c2,sub-004,ses-001,b4054e1c-fd23-41f6-9045-39b286aa3963,9ece73d8-93e2-40b0-8ef9-75787e7f1947,1789616367.065954,1789616367.0592003,129390.09999999963,9ece73d8-93e2-40b0-8ef9-75787e7f1947,browser_calibrated,0.0004546642303466797,6.099939346313477,13173,13173,0,-11.516571044921875,host_receive_nearest,verified,0,1,,,,,,,,,1,,,,,,,,,,,,,,,,,,,,V2,B,0,1789616367.0592003,1789616367.0666552,13173,,,,,,,,,,
b4054e1c-fd23-41f6-9045-39b286aa3963,browser_block_config,1789616367.059655,52.692,13174,1,1,,1,G04,B,bbbd_subtraction,browser_block_config,V2,,0.0,0.0,,,,,,,"{""client_event_id"":""b4054e1c-fd23-41f6-9045-39b286aa3963"",""recorder_run_id"":""2e32687e-f8cf-4a91-8fec-dfa79fb2e0c2"",""client_id"":""9ece73d8-93e2-40b0-8ef9-75787e7f1947"",""client_timestamp"":1789616367.0592003,""client_monotonic_ms"":129390.09999999963,""event_timestamp"":1789616367.059655,""clock_offset_sec"":0.0004546642303466797,""clock_round_trip_ms"":6.099939346313477,""subject_id"":""sub-004"",""session_id"":""ses-001"",""block_id"":""Block 1"",""counterbalance_group"":""G04"",""block_order"":""Block 1"",""condition"":""B"",""condition_type"":""bbbd_subtraction"",""topic_key"":""V2"",""topic_name"":""百家争鸣 到底是哪百家"",""event_type"":""block_start"",""iso_time"":""2026-09-17T03:39:27.059Z"",""relative_ms"":0,""video_time_sec"":0,""block_start_iso"":""2026-09-17T03:39:27.059Z"",""config_json"":""{\""recorder_run_id\"":\""2e32687e-f8cf-4a91-8fec-dfa79fb2e0c2\"",\""subject_id\"":\""sub-004\"",\""session_id\"":\""ses-001\"",\""block_id\"":\""Block 1\"",\""counterbalance_group\"":\""G04\"",\""condition\"":\""B\"",\""condition_type\"":\""bbbd_subtraction\"",\""topic_key\"":\""V2\"",\""topic_name\"":\""百家争鸣 到底是哪百家\"",\""video_file\"":\""视频2-混知漫画｜百家争鸣，到底是哪百家？-480P 标清-AVC.mp4\"",\""start_number\"":929,\""generated_timestamp\"":1789616274.472002}""}",2e32687e-f8cf-4a91-8fec-dfa79fb2e0c2,sub-004,ses-001,b4054e1c-fd23-41f6-9045-39b286aa3963,9ece73d8-93e2-40b0-8ef9-75787e7f1947,1789616367.065954,1789616367.0592003,129390.09999999963,9ece73d8-93e2-40b0-8ef9-75787e7f1947,browser_calibrated,0.0004546642303466797,6.099939346313477,13173,13173,0,-11.516571044921875,host_receive_nearest,verified,0,1,,,,,,,,,1,,,,,,,,,,,,,,,,,,,,V2,B,0,1789616367.0592003,1789616367.0667582,13173,,,,,,,,,,
dfe7f435-b803-4c5f-b365-2e1f39712024,probe_schedule,1789616367.1142547,52.752,13189,1,1,,1,G04,B,bbbd_subtraction,probe_schedule,"114.593,171.699,217.395,272.612",,0.0,0.0,,,,,,,"{""client_event_id"":""dfe7f435-b803-4c5f-b365-2e1f39712024"",""recorder_run_id"":""2e32687e-f8cf-4a91-8fec-dfa79fb2e0c2"",""client_id"":""9ece73d8-93e2-40b0-8ef9-75787e7f1947"",""client_timestamp"":1789616367.1138,""client_monotonic_ms"":129444.70000000019,""event_timestamp"":1789616367.1142547,""clock_offset_sec"":0.0004546642303466797,""clock_round_trip_ms"":6.099939346313477,""subject_id"":""sub-004"",""session_id"":""ses-001"",""block_id"":""Block 1"",""counterbalance_group"":""G04"",""block_order"":""Block 1"",""condition"":""B"",""condition_type"":""bbbd_subtraction"",""topic_key"":""V2"",""topic_name"":""百家争鸣 到底是哪百家"",""event_type"":""probe_schedule"",""iso_time"":""2026-09-17T03:39:27.113Z"",""relative_ms"":55,""video_time_sec"":0,""probe_schedule_id"":""ad4fbf6a-7649-4420-a45f-0b8210a94b33"",""probe_times"":[114.593,171.699,217.395,272.612],""probe_config"":{""probes_per_block"":4,""min_first_onset_sec"":45,""min_end_margin_sec"":30,""min_gap_sec"":45},""video_duration_sec"":312.773,""video_id"":""V2"",""debug_fast"":false}",2e32687e-f8cf-4a91-8fec-dfa79fb2e0c2,sub-004,ses-001,dfe7f435-b803-4c5f-b365-2e1f39712024,9ece73d8-93e2-40b0-8ef9-75787e7f1947,1789616367.1207979,1789616367.1138,129444.70000000019,9ece73d8-93e2-40b0-8ef9-75787e7f1947,browser_calibrated,0.0004546642303466797,6.099939346313477,13188,13188,0,-6.521701812744141,host_receive_nearest,verified,1,1,,,,,,,,,1,,,,,,,,,,,,,,,,,,,,V2,B,0,1789616367.1138,1789616367.1210108,13188,,4,ad4fbf6a-7649-4420-a45f-0b8210a94b33,,,,,,,
27afffb0-e558-41d4-a50f-557580826e8f,subtraction_start_number_displayed,1789616367.1195548,52.752,13199,1,1,,1,G04,B,bbbd_subtraction,subtraction_start_number_displayed,929,,0.0,0.0,,,,,,,"{""client_event_id"":""27afffb0-e558-41d4-a50f-557580826e8f"",""recorder_run_id"":""2e32687e-f8cf-4a91-8fec-dfa79fb2e0c2"",""client_id"":""9ece73d8-93e2-40b0-8ef9-75787e7f1947"",""client_timestamp"":1789616367.1191,""client_monotonic_ms"":129450,""event_timestamp"":1789616367.1195548,""clock_offset_sec"":0.0004546642303466797,""clock_round_trip_ms"":6.099939346313477,""subject_id"":""sub-004"",""session_id"":""ses-001"",""block_id"":""Block 1"",""counterbalance_group"":""G04"",""block_order"":""Block 1"",""condition"":""B"",""condition_type"":""bbbd_subtraction"",""topic_key"":""V2"",""topic_name"":""百家争鸣 到底是哪百家"",""event_type"":""subtraction_start_number_displayed"",""iso_time"":""2026-09-17T03:39:27.119Z"",""relative_ms"":60,""video_time_sec"":0,""start_number"":929,""generated_timestamp"":1789616274.472002,""displayed_timestamp"":1789616367.1191}",2e32687e-f8cf-4a91-8fec-dfa79fb2e0c2,sub-004,ses-001,27afffb0-e558-41d4-a50f-557580826e8f,9ece73d8-93e2-40b0-8ef9-75787e7f1947,1789616367.1513212,1789616367.1191,129450,9ece73d8-93e2-40b0-8ef9-75787e7f1947,browser_calibrated,0.0004546642303466797,6.099939346313477,13188,13188,0,-11.821746826171875,host_receive_nearest,verified,1,0,929,1789616274.472002,1789616367.1191,,,,,,1,,,,,,,,,,,,,,,,,,,,V2,B,0,1789616367.1191,1789616367.1514146,13188,,,,,,,,,,
53ac665a-5fba-4c74-ad0c-774c2fc6de42,condition_prompt_end,1789616372.1431,57.772,14444,1,1,,1,G04,B,bbbd_subtraction,condition_prompt_end,0,,0.0,0.0,,,,,,,"{""client_event_id"":""53ac665a-5fba-4c74-ad0c-774c2fc6de42"",""recorder_run_id"":""2e32687e-f8cf-4a91-8fec-dfa79fb2e0c2"",""client_id"":""9ece73d8-93e2-40b0-8ef9-75787e7f1947"",""client_timestamp"":1789616372.1432002,""client_monotonic_ms"":134474.09999999963,""event_timestamp"":1789616372.1431,""clock_offset_sec"":0.0004546642303466797,""clock_round_trip_ms"":6.099939346313477,""subject_id"":""sub-004"",""session_id"":""ses-001"",""block_id"":""Block 1"",""counterbalance_group"":""G04"",""block_order"":""Block 1"",""condition"":""B"",""condition_type"":""bbbd_subtraction"",""topic_key"":""V2"",""topic_name"":""百家争鸣 到底是哪百家"",""event_type"":""condition_prompt_end"",""iso_time"":""2026-09-17T03:39:32.143Z"",""relative_ms"":5084,""video_time_sec"":0}",2e32687e-f8cf-4a91-8fec-dfa79fb2e0c2,sub-004,ses-001,53ac665a-5fba-4c74-ad0c-774c2fc6de42,9ece73d8-93e2-40b0-8ef9-75787e7f1947,1789616372.177131,1789616372.1432002,134474.09999999963,9ece73d8-93e2-40b0-8ef9-75787e7f1947,browser_calibrated,0.0004546642303466797,6.099939346313477,14443,14443,0,-24.41239356994629,host_receive_nearest,verified,1,0,,,,,,,,,1,,,,,,,,,,,,,,,,,,,,V2,B,0,1789616372.1432002,1789616372.1773493,14443,,,,,,,,,,
5c0313cf-7d68-4a8b-8650-267cbbb66dcd,video_start,1789616372.1431,57.772,14464,1,1,,1,G04,B,bbbd_subtraction,video_start,V2,,0.0,0.0,,,,,,,,2e32687e-f8cf-4a91-8fec-dfa79fb2e0c2,sub-004,ses-001,5c0313cf-7d68-4a8b-8650-267cbbb66dcd,9ece73d8-93e2-40b0-8ef9-75787e7f1947,1789616372.2151408,1789616372.1474001,134478.2999999998,9ece73d8-93e2-40b0-8ef9-75787e7f1947,browser_calibrated,0.0004546642303466797,6.099939346313477,14443,14443,0,-24.41239356994629,host_receive_nearest,verified,1,1,,,,,,,,,1,,,,,,,,,,,,,,,,,,,,V2,B,0,1789616372.1474001,1789616372.215266,14443,,,,,,,,,,
5c0313cf-7d68-4a8b-8650-267cbbb66dcd,video_play,1789616372.1431,57.772,14464,1,1,,1,G04,B,bbbd_subtraction,video_play,0,,0.0,0.0,,,,,,,"{""client_event_id"":""5c0313cf-7d68-4a8b-8650-267cbbb66dcd"",""recorder_run_id"":""2e32687e-f8cf-4a91-8fec-dfa79fb2e0c2"",""client_id"":""9ece73d8-93e2-40b0-8ef9-75787e7f1947"",""client_timestamp"":1789616372.1474001,""client_monotonic_ms"":134478.2999999998,""event_timestamp"":1789616372.1431,""clock_offset_sec"":0.0004546642303466797,""clock_round_trip_ms"":6.099939346313477,""subject_id"":""sub-004"",""session_id"":""ses-001"",""block_id"":""Block 1"",""counterbalance_group"":""G04"",""block_order"":""Block 1"",""condition"":""B"",""condition_type"":""bbbd_subtraction"",""topic_key"":""V2"",""topic_name"":""百家争鸣 到底是哪百家"",""event_type"":""video_play"",""iso_time"":""2026-09-17T03:39:32.147Z"",""relative_ms"":5088,""video_time_sec"":0}",2e32687e-f8cf-4a91-8fec-dfa79fb2e0c2,sub-004,ses-001,5c0313cf-7d68-4a8b-8650-267cbbb66dcd,9ece73d8-93e2-40b0-8ef9-75787e7f1947,1789616372.2151408,1789616372.1474001,134478.2999999998,9ece73d8-93e2-40b0-8ef9-75787e7f1947,browser_calibrated,0.0004546642303466797,6.099939346313477,14443,14443,0,-24.41239356994629,host_receive_nearest,verified,1,1,,,,,,,,,1,,,,,,,,,,,,,,,,,,,,V2,B,0,1789616372.1474001,1789616372.2154732,14443,,,,,,,,,,
ddf8ae5f-1e70-4cc8-b51b-e20d7046d064,subtraction_start_number_hidden,1789616372.1431,57.772,14464,1,1,,1,G04,B,bbbd_subtraction,subtraction_start_number_hidden,929,,0.0,0.0,,,,,,,"{""client_event_id"":""ddf8ae5f-1e70-4cc8-b51b-e20d7046d064"",""recorder_run_id"":""2e32687e-f8cf-4a91-8fec-dfa79fb2e0c2"",""client_id"":""9ece73d8-93e2-40b0-8ef9-75787e7f1947"",""client_timestamp"":1789616372.1495,""client_monotonic_ms"":134480.40000000037,""event_timestamp"":1789616372.1431,""clock_offset_sec"":0.0004546642303466797,""clock_round_trip_ms"":6.099939346313477,""subject_id"":""sub-004"",""session_id"":""ses-001"",""block_id"":""Block 1"",""counterbalance_group"":""G04"",""block_order"":""Block 1"",""condition"":""B"",""condition_type"":""bbbd_subtraction"",""topic_key"":""V2"",""topic_name"":""百家争鸣 到底是哪百家"",""event_type"":""subtraction_start_number_hidden"",""iso_time"":""2026-09-17T03:39:32.149Z"",""relative_ms"":5091,""video_time_sec"":0,""start_number"":929,""generated_timestamp"":1789616274.472002,""displayed_timestamp"":1789616367.1191,""hidden_timestamp"":1789616372.1431}",2e32687e-f8cf-4a91-8fec-dfa79fb2e0c2,sub-004,ses-001,ddf8ae5f-1e70-4cc8-b51b-e20d7046d064,9ece73d8-93e2-40b0-8ef9-75787e7f1947,1789616372.2306187,1789616372.1495,134480.40000000037,9ece73d8-93e2-40b0-8ef9-75787e7f1947,browser_calibrated,0.0004546642303466797,6.099939346313477,14443,14443,0,-24.41239356994629,host_receive_nearest,verified,1,0,929,1789616274.472002,1789616367.1191,1789616372.1431,,,,,1,,,,,,,,,,,,,,,,,,,,V2,B,0,1789616372.1495,1789616372.2310455,14443,,,,,,,,,,
cb7b4ecf-2a91-4156-b521-dc2c206c838d,probe_onset,1789616486.8008747,172.428,43108,1,1,,1,G04,B,bbbd_subtraction,probe_onset,Block 1_1_ad4fbf6a,,0.0,0.0,,,,,,,"{""client_event_id"":""cb7b4ecf-2a91-4156-b521-dc2c206c838d"",""recorder_run_id"":""2e32687e-f8cf-4a91-8fec-dfa79fb2e0c2"",""client_id"":""9ece73d8-93e2-40b0-8ef9-75787e7f1947"",""client_timestamp"":1789616486.8006,""client_monotonic_ms"":249131.59999999963,""event_timestamp"":1789616486.8008747,""clock_offset_sec"":0.000274658203125,""clock_round_trip_ms"":5.899906158447266,""subject_id"":""sub-004"",""session_id"":""ses-001"",""block_id"":""Block 1"",""counterbalance_group"":""G04"",""block_order"":""Block 1"",""condition"":""B"",""condition_type"":""bbbd_subtraction"",""topic_key"":""V2"",""topic_name"":""百家争鸣 到底是哪百家"",""event_type"":""probe_onset"",""iso_time"":""2026-09-17T03:41:26.800Z"",""relative_ms"":119742,""video_time_sec"":114.607,""probe_id"":""Block 1_1_ad4fbf6a"",""probe_index"":1,""probe_schedule_id"":""ad4fbf6a-7649-4420-a45f-0b8210a94b33"",""probe_planned_time_sec"":114.593,""video_id"":""V2"",""pause_reason"":""thought_probe"",""forced"":false}",2e32687e-f8cf-4a91-8fec-dfa79fb2e0c2,sub-004,ses-001,cb7b4ecf-2a91-4156-b521-dc2c206c838d,9ece73d8-93e2-40b0-8ef9-75787e7f1947,1789616486.8074827,1789616486.8006,249131.59999999963,9ece73d8-93e2-40b0-8ef9-75787e7f1947,browser_calibrated,0.000274658203125,5.899906158447266,43107,43107,0,-15.625953674316406,host_receive_nearest,verified,1,1,,,,,,,,,1,,,,,,,,,,,,,,,,,,,,V2,B,114.607,1789616486.8006,1789616486.8076313,43107,Block 1_1_ad4fbf6a,1,ad4fbf6a-7649-4420-a45f-0b8210a94b33,114.593,,,,,,thought_probe
d1814a4a-c294-49c3-85d4-eaa6d3c42c83,attention_response,1789616489.4372747,175.068,43768,1,1,,1,G04,B,bbbd_subtraction,attention_response,2,,0.0,0.0,,,,,,,"{""client_event_id"":""d1814a4a-c294-49c3-85d4-eaa6d3c42c83"",""recorder_run_id"":""2e32687e-f8cf-4a91-8fec-dfa79fb2e0c2"",""client_id"":""9ece73d8-93e2-40b0-8ef9-75787e7f1947"",""client_timestamp"":1789616489.437,""client_monotonic_ms"":251768,""event_timestamp"":1789616489.4372747,""clock_offset_sec"":0.000274658203125,""clock_round_trip_ms"":5.899906158447266,""subject_id"":""sub-004"",""session_id"":""ses-001"",""block_id"":""Block 1"",""counterbalance_group"":""G04"",""block_order"":""Block 1"",""condition"":""B"",""condition_type"":""bbbd_subtraction"",""topic_key"":""V2"",""topic_name"":""百家争鸣 到底是哪百家"",""event_type"":""attention_response"",""iso_time"":""2026-09-17T03:41:29.437Z"",""relative_ms"":122378,""video_time_sec"":114.607,""probe_id"":""Block 1_1_ad4fbf6a"",""probe_index"":1,""probe_schedule_id"":""ad4fbf6a-7649-4420-a45f-0b8210a94b33"",""probe_planned_time_sec"":114.593,""video_id"":""V2"",""response"":2,""response_label"":""连续减7心算任务"",""probe_attention"":""OFF"",""response_time_ms"":2637}",2e32687e-f8cf-4a91-8fec-dfa79fb2e0c2,sub-004,ses-001,d1814a4a-c294-49c3-85d4-eaa6d3c42c83,9ece73d8-93e2-40b0-8ef9-75787e7f1947,1789616489.4468906,1789616489.437,251768,9ece73d8-93e2-40b0-8ef9-75787e7f1947,browser_calibrated,0.000274658203125,5.899906158447266,43767,43767,0,-11.673450469970703,host_receive_nearest,verified,1,1,,,,,,,,,1,,,,,,,,,,,,,,,,,,,,V2,B,114.607,1789616489.437,1789616489.461947,43767,Block 1_1_ad4fbf6a,1,ad4fbf6a-7649-4420-a45f-0b8210a94b33,114.593,2,连续减7心算任务,2637,,OFF,
61f45bcf-ae56-4c56-9d8b-b71fdc391c41,confidence_response,1789616490.2175746,175.848,43963,1,1,,1,G04,B,bbbd_subtraction,confidence_response,4,,0.0,0.0,,,,,,,"{""client_event_id"":""61f45bcf-ae56-4c56-9d8b-b71fdc391c41"",""recorder_run_id"":""2e32687e-f8cf-4a91-8fec-dfa79fb2e0c2"",""client_id"":""9ece73d8-93e2-40b0-8ef9-75787e7f1947"",""client_timestamp"":1789616490.2173,""client_monotonic_ms"":252548.2999999998,""event_timestamp"":1789616490.2175746,""clock_offset_sec"":0.000274658203125,""clock_round_trip_ms"":5.899906158447266,""subject_id"":""sub-004"",""session_id"":""ses-001"",""block_id"":""Block 1"",""counterbalance_group"":""G04"",""block_order"":""Block 1"",""condition"":""B"",""condition_type"":""bbbd_subtraction"",""topic_key"":""V2"",""topic_name"":""百家争鸣 到底是哪百家"",""event_type"":""confidence_response"",""iso_time"":""2026-09-17T03:41:30.217Z"",""relative_ms"":123158,""video_time_sec"":114.607,""probe_id"":""Block 1_1_ad4fbf6a"",""probe_index"":1,""probe_schedule_id"":""ad4fbf6a-7649-4420-a45f-0b8210a94b33"",""probe_planned_time_sec"":114.593,""video_id"":""V2"",""response"":2,""confidence"":4,""response_time_ms"":780}",2e32687e-f8cf-4a91-8fec-dfa79fb2e0c2,sub-004,ses-001,61f45bcf-ae56-4c56-9d8b-b71fdc391c41,9ece73d8-93e2-40b0-8ef9-75787e7f1947,1789616490.2230747,1789616490.2173,252548.2999999998,9ece73d8-93e2-40b0-8ef9-75787e7f1947,browser_calibrated,0.000274658203125,5.899906158447266,43962,43962,0,-8.419036865234375,host_receive_nearest,verified,1,1,,,,,,,,,1,,,,,,,,,,,,,,,,,,,,V2,B,114.607,1789616490.2173,1789616490.2337964,43962,Block 1_1_ad4fbf6a,1,ad4fbf6a-7649-4420-a45f-0b8210a94b33,114.593,,,780,4,,
aa52131b-2851-4c29-bcb4-b094e001da19,phase_change,1789616490.2276747,175.852,43968,1,1,,1,G04,B,bbbd_subtraction,phase_change,video,,0.0,0.0,,,,,,,,2e32687e-f8cf-4a91-8fec-dfa79fb2e0c2,sub-004,ses-001,aa52131b-2851-4c29-bcb4-b094e001da19,9ece73d8-93e2-40b0-8ef9-75787e7f1947,1789616490.2555234,1789616490.2274,252558.2999999998,9ece73d8-93e2-40b0-8ef9-75787e7f1947,browser_calibrated,0.000274658203125,5.899906158447266,43963,43963,0,8.373260498046875,host_receive_nearest,verified,1,1,,,,,,,,,1,,,,,,,,,,,,,,,,,,,,V2,B,114.672,1789616490.2274,1789616490.2556446,43963,,,,,,,,,,
aa52131b-2851-4c29-bcb4-b094e001da19,video_resume,1789616490.2276747,175.852,43968,1,1,,1,G04,B,bbbd_subtraction,video_resume,114.672,,0.0,0.0,,,,,,,"{""client_event_id"":""aa52131b-2851-4c29-bcb4-b094e001da19"",""recorder_run_id"":""2e32687e-f8cf-4a91-8fec-dfa79fb2e0c2"",""client_id"":""9ece73d8-93e2-40b0-8ef9-75787e7f1947"",""client_timestamp"":1789616490.2274,""client_monotonic_ms"":252558.2999999998,""event_timestamp"":1789616490.2276747,""clock_offset_sec"":0.000274658203125,""clock_round_trip_ms"":5.899906158447266,""subject_id"":""sub-004"",""session_id"":""ses-001"",""block_id"":""Block 1"",""counterbalance_group"":""G04"",""block_order"":""Block 1"",""condition"":""B"",""condition_type"":""bbbd_subtraction"",""topic_key"":""V2"",""topic_name"":""百家争鸣 到底是哪百家"",""event_type"":""video_resume"",""iso_time"":""2026-09-17T03:41:30.227Z"",""relative_ms"":123169,""video_time_sec"":114.672,""probe_id"":""Block 1_1_ad4fbf6a"",""probe_index"":1,""probe_schedule_id"":""ad4fbf6a-7649-4420-a45f-0b8210a94b33"",""probe_planned_time_sec"":114.593,""video_id"":""V2"",""pause_reason"":""thought_probe"",""resume_status"":""playing""}",2e32687e-f8cf-4a91-8fec-dfa79fb2e0c2,sub-004,ses-001,aa52131b-2851-4c29-bcb4-b094e001da19,9ece73d8-93e2-40b0-8ef9-75787e7f1947,1789616490.2555234,1789616490.2274,252558.2999999998,9ece73d8-93e2-40b0-8ef9-75787e7f1947,browser_calibrated,0.000274658203125,5.899906158447266,43963,43963,0,8.373260498046875,host_receive_nearest,verified,1,1,,,,,,,,,1,,,,,,,,,,,,,,,,,,,,V2,B,114.672,1789616490.2274,1789616490.2558486,43963,Block 1_1_ad4fbf6a,,,,,,,,,thought_probe
3ba0bcd0-bcf9-4624-9d0f-0813e145501e,probe_onset,1789616547.4014592,232.988,58248,1,1,,1,G04,B,bbbd_subtraction,probe_onset,Block 1_2_ad4fbf6a,,0.0,0.0,,,,,,,"{""client_event_id"":""3ba0bcd0-bcf9-4624-9d0f-0813e145501e"",""recorder_run_id"":""2e32687e-f8cf-4a91-8fec-dfa79fb2e0c2"",""client_id"":""9ece73d8-93e2-40b0-8ef9-75787e7f1947"",""client_timestamp"":1789616547.4014,""client_monotonic_ms"":309732.2999999998,""event_timestamp"":1789616547.4014592,""clock_offset_sec"":5.91278076171875e-05,""clock_round_trip_ms"":5.5999755859375,""subject_id"":""sub-004"",""session_id"":""ses-001"",""block_id"":""Block 1"",""counterbalance_group"":""G04"",""block_order"":""Block 1"",""condition"":""B"",""condition_type"":""bbbd_subtraction"",""topic_key"":""V2"",""topic_name"":""百家争鸣 到底是哪百家"",""event_type"":""probe_onset"",""iso_time"":""2026-09-17T03:42:27.401Z"",""relative_ms"":180343,""video_time_sec"":171.797,""probe_id"":""Block 1_2_ad4fbf6a"",""probe_index"":2,""probe_schedule_id"":""ad4fbf6a-7649-4420-a45f-0b8210a94b33"",""probe_planned_time_sec"":171.699,""video_id"":""V2"",""pause_reason"":""thought_probe"",""forced"":false}",2e32687e-f8cf-4a91-8fec-dfa79fb2e0c2,sub-004,ses-001,3ba0bcd0-bcf9-4624-9d0f-0813e145501e,9ece73d8-93e2-40b0-8ef9-75787e7f1947,1789616547.409021,1789616547.4014,309732.2999999998,9ece73d8-93e2-40b0-8ef9-75787e7f1947,browser_calibrated,5.91278076171875e-05,5.5999755859375,58247,58247,0,-43.32256317138672,host_receive_nearest,verified,1,1,,,,,,,,,1,,,,,,,,,,,,,,,,,,,,V2,B,171.797,1789616547.4014,1789616547.4091647,58247,Block 1_2_ad4fbf6a,2,ad4fbf6a-7649-4420-a45f-0b8210a94b33,171.699,,,,,,thought_probe
49a59b20-e707-43f8-9d7d-e0e7c9f22bc3,attention_response,1789616549.8375592,235.368,58843,1,1,,1,G04,B,bbbd_subtraction,attention_response,2,,0.0,0.0,,,,,,,"{""client_event_id"":""49a59b20-e707-43f8-9d7d-e0e7c9f22bc3"",""recorder_run_id"":""2e32687e-f8cf-4a91-8fec-dfa79fb2e0c2"",""client_id"":""9ece73d8-93e2-40b0-8ef9-75787e7f1947"",""client_timestamp"":1789616549.8375,""client_monotonic_ms"":312168.4000000004,""event_timestamp"":1789616549.8375592,""clock_offset_sec"":5.91278076171875e-05,""clock_round_trip_ms"":5.5999755859375,""subject_id"":""sub-004"",""session_id"":""ses-001"",""block_id"":""Block 1"",""counterbalance_group"":""G04"",""block_order"":""Block 1"",""condition"":""B"",""condition_type"":""bbbd_subtraction"",""topic_key"":""V2"",""topic_name"":""百家争鸣 到底是哪百家"",""event_type"":""attention_response"",""iso_time"":""2026-09-17T03:42:29.837Z"",""relative_ms"":182779,""video_time_sec"":171.797,""probe_id"":""Block 1_2_ad4fbf6a"",""probe_index"":2,""probe_schedule_id"":""ad4fbf6a-7649-4420-a45f-0b8210a94b33"",""probe_planned_time_sec"":171.699,""video_id"":""V2"",""response"":2,""response_label"":""连续减7心算任务"",""probe_attention"":""OFF"",""response_time_ms"":2436}",2e32687e-f8cf-4a91-8fec-dfa79fb2e0c2,sub-004,ses-001,49a59b20-e707-43f8-9d7d-e0e7c9f22bc3,9ece73d8-93e2-40b0-8ef9-75787e7f1947,1789616549.847476,1789616549.8375,312168.4000000004,9ece73d8-93e2-40b0-8ef9-75787e7f1947,browser_calibrated,5.91278076171875e-05,5.5999755859375,58842,58842,0,-100.70037841796875,host_receive_nearest,verified,1,1,,,,,,,,,1,,,,,,,,,,,,,,,,,,,,V2,B,171.797,1789616549.8375,1789616549.8593552,58842,Block 1_2_ad4fbf6a,2,ad4fbf6a-7649-4420-a45f-0b8210a94b33,171.699,2,连续减7心算任务,2436,,OFF,
8265284a-b640-447c-a818-4479302daf13,confidence_response,1789616551.3875592,236.988,59248,1,1,,1,G04,B,bbbd_subtraction,confidence_response,4,,0.0,0.0,,,,,,,"{""client_event_id"":""8265284a-b640-447c-a818-4479302daf13"",""recorder_run_id"":""2e32687e-f8cf-4a91-8fec-dfa79fb2e0c2"",""client_id"":""9ece73d8-93e2-40b0-8ef9-75787e7f1947"",""client_timestamp"":1789616551.3875,""client_monotonic_ms"":313718.4000000004,""event_timestamp"":1789616551.3875592,""clock_offset_sec"":5.91278076171875e-05,""clock_round_trip_ms"":5.5999755859375,""subject_id"":""sub-004"",""session_id"":""ses-001"",""block_id"":""Block 1"",""counterbalance_group"":""G04"",""block_order"":""Block 1"",""condition"":""B"",""condition_type"":""bbbd_subtraction"",""topic_key"":""V2"",""topic_name"":""百家争鸣 到底是哪百家"",""event_type"":""confidence_response"",""iso_time"":""2026-09-17T03:42:31.387Z"",""relative_ms"":184329,""video_time_sec"":171.797,""probe_id"":""Block 1_2_ad4fbf6a"",""probe_index"":2,""probe_schedule_id"":""ad4fbf6a-7649-4420-a45f-0b8210a94b33"",""probe_planned_time_sec"":171.699,""video_id"":""V2"",""response"":2,""confidence"":4,""response_time_ms"":1550}",2e32687e-f8cf-4a91-8fec-dfa79fb2e0c2,sub-004,ses-001,8265284a-b640-447c-a818-4479302daf13,9ece73d8-93e2-40b0-8ef9-75787e7f1947,1789616551.3934116,1789616551.3875,313718.4000000004,9ece73d8-93e2-40b0-8ef9-75787e7f1947,browser_calibrated,5.91278076171875e-05,5.5999755859375,59247,59247,0,-38.609981536865234,host_receive_nearest,verified,1,1,,,,,,,,,1,,,,,,,,,,,,,,,,,,,,V2,B,171.797,1789616551.3875,1789616551.4023511,59247,Block 1_2_ad4fbf6a,2,ad4fbf6a-7649-4420-a45f-0b8210a94b33,171.699,,,1550,4,,
d84c7bf2-6c39-478f-88e7-1f6e0345e04c,phase_change,1789616551.3963592,236.992,59263,1,1,,1,G04,B,bbbd_subtraction,phase_change,video,,0.0,0.0,,,,,,,,2e32687e-f8cf-4a91-8fec-dfa79fb2e0c2,sub-004,ses-001,d84c7bf2-6c39-478f-88e7-1f6e0345e04c,9ece73d8-93e2-40b0-8ef9-75787e7f1947,1789616551.4271374,1789616551.3963,313727.2000000002,9ece73d8-93e2-40b0-8ef9-75787e7f1947,browser_calibrated,5.91278076171875e-05,5.5999755859375,59248,59248,0,11.274576187133789,host_receive_nearest,verified,1,1,,,,,,,,,1,,,,,,,,,,,,,,,,,,,,V2,B,171.862,1789616551.3963,1789616551.427313,59248,,,,,,,,,,
d84c7bf2-6c39-478f-88e7-1f6e0345e04c,video_resume,1789616551.3963592,236.992,59263,1,1,,1,G04,B,bbbd_subtraction,video_resume,171.862,,0.0,0.0,,,,,,,"{""client_event_id"":""d84c7bf2-6c39-478f-88e7-1f6e0345e04c"",""recorder_run_id"":""2e32687e-f8cf-4a91-8fec-dfa79fb2e0c2"",""client_id"":""9ece73d8-93e2-40b0-8ef9-75787e7f1947"",""client_timestamp"":1789616551.3963,""client_monotonic_ms"":313727.2000000002,""event_timestamp"":1789616551.3963592,""clock_offset_sec"":5.91278076171875e-05,""clock_round_trip_ms"":5.5999755859375,""subject_id"":""sub-004"",""session_id"":""ses-001"",""block_id"":""Block 1"",""counterbalance_group"":""G04"",""block_order"":""Block 1"",""condition"":""B"",""condition_type"":""bbbd_subtraction"",""topic_key"":""V2"",""topic_name"":""百家争鸣 到底是哪百家"",""event_type"":""video_resume"",""iso_time"":""2026-09-17T03:42:31.396Z"",""relative_ms"":184337,""video_time_sec"":171.862,""probe_id"":""Block 1_2_ad4fbf6a"",""probe_index"":2,""probe_schedule_id"":""ad4fbf6a-7649-4420-a45f-0b8210a94b33"",""probe_planned_time_sec"":171.699,""video_id"":""V2"",""pause_reason"":""thought_probe"",""resume_status"":""playing""}",2e32687e-f8cf-4a91-8fec-dfa79fb2e0c2,sub-004,ses-001,d84c7bf2-6c39-478f-88e7-1f6e0345e04c,9ece73d8-93e2-40b0-8ef9-75787e7f1947,1789616551.4271374,1789616551.3963,313727.2000000002,9ece73d8-93e2-40b0-8ef9-75787e7f1947,browser_calibrated,5.91278076171875e-05,5.5999755859375,59248,59248,0,11.274576187133789,host_receive_nearest,verified,1,1,,,,,,,,,1,,,,,,,,,,,,,,,,,,,,V2,B,171.862,1789616551.3963,1789616551.4275117,59248,Block 1_2_ad4fbf6a,,,,,,,,,thought_probe
99842939-d0d8-4f2d-a079-76b67712898c,probe_onset,1789616597.10159,282.708,70687,1,1,,1,G04,B,bbbd_subtraction,probe_onset,Block 1_3_ad4fbf6a,,0.0,0.0,,,,,,,"{""client_event_id"":""99842939-d0d8-4f2d-a079-76b67712898c"",""recorder_run_id"":""2e32687e-f8cf-4a91-8fec-dfa79fb2e0c2"",""client_id"":""9ece73d8-93e2-40b0-8ef9-75787e7f1947"",""client_timestamp"":1789616597.1013,""client_monotonic_ms"":359432.2000000002,""event_timestamp"":1789616597.10159,""clock_offset_sec"":0.0002899169921875,""clock_round_trip_ms"":5.800008773803711,""subject_id"":""sub-004"",""session_id"":""ses-001"",""block_id"":""Block 1"",""counterbalance_group"":""G04"",""block_order"":""Block 1"",""condition"":""B"",""condition_type"":""bbbd_subtraction"",""topic_key"":""V2"",""topic_name"":""百家争鸣 到底是哪百家"",""event_type"":""probe_onset"",""iso_time"":""2026-09-17T03:43:17.101Z"",""relative_ms"":230042,""video_time_sec"":217.504,""probe_id"":""Block 1_3_ad4fbf6a"",""probe_index"":3,""probe_schedule_id"":""ad4fbf6a-7649-4420-a45f-0b8210a94b33"",""probe_planned_time_sec"":217.395,""video_id"":""V2"",""pause_reason"":""thought_probe"",""forced"":false}",2e32687e-f8cf-4a91-8fec-dfa79fb2e0c2,sub-004,ses-001,99842939-d0d8-4f2d-a079-76b67712898c,9ece73d8-93e2-40b0-8ef9-75787e7f1947,1789616597.107454,1789616597.1013,359432.2000000002,9ece73d8-93e2-40b0-8ef9-75787e7f1947,browser_calibrated,0.0002899169921875,5.800008773803711,70677,70677,0,0.036716461181640625,host_receive_nearest,verified,1,1,,,,,,,,,1,,,,,,,,,,,,,,,,,,,,V2,B,217.504,1789616597.1013,1789616597.1076021,70677,Block 1_3_ad4fbf6a,3,ad4fbf6a-7649-4420-a45f-0b8210a94b33,217.395,,,,,,thought_probe
697431c5-90ef-452a-b98e-4487b890a46d,attention_response,1789616600.39059,285.984,71497,1,1,,1,G04,B,bbbd_subtraction,attention_response,2,,0.0,0.0,,,,,,,"{""client_event_id"":""697431c5-90ef-452a-b98e-4487b890a46d"",""recorder_run_id"":""2e32687e-f8cf-4a91-8fec-dfa79fb2e0c2"",""client_id"":""9ece73d8-93e2-40b0-8ef9-75787e7f1947"",""client_timestamp"":1789616600.3903,""client_monotonic_ms"":362721.2000000002,""event_timestamp"":1789616600.39059,""clock_offset_sec"":0.0002899169921875,""clock_round_trip_ms"":5.800008773803711,""subject_id"":""sub-004"",""session_id"":""ses-001"",""block_id"":""Block 1"",""counterbalance_group"":""G04"",""block_order"":""Block 1"",""condition"":""B"",""condition_type"":""bbbd_subtraction"",""topic_key"":""V2"",""topic_name"":""百家争鸣 到底是哪百家"",""event_type"":""attention_response"",""iso_time"":""2026-09-17T03:43:20.390Z"",""relative_ms"":233331,""video_time_sec"":217.504,""probe_id"":""Block 1_3_ad4fbf6a"",""probe_index"":3,""probe_schedule_id"":""ad4fbf6a-7649-4420-a45f-0b8210a94b33"",""probe_planned_time_sec"":217.395,""video_id"":""V2"",""response"":2,""response_label"":""连续减7心算任务"",""probe_attention"":""OFF"",""response_time_ms"":3289}",2e32687e-f8cf-4a91-8fec-dfa79fb2e0c2,sub-004,ses-001,697431c5-90ef-452a-b98e-4487b890a46d,9ece73d8-93e2-40b0-8ef9-75787e7f1947,1789616600.3962898,1789616600.3903,362721.2000000002,9ece73d8-93e2-40b0-8ef9-75787e7f1947,browser_calibrated,0.0002899169921875,5.800008773803711,71496,71496,0,-48.68483543395996,host_receive_nearest,verified,1,1,,,,,,,,,1,,,,,,,,,,,,,,,,,,,,V2,B,217.504,1789616600.3903,1789616600.4072409,71496,Block 1_3_ad4fbf6a,3,ad4fbf6a-7649-4420-a45f-0b8210a94b33,217.395,2,连续减7心算任务,3289,,OFF,
adee9104-3b29-4c59-9968-018bfacde258,confidence_response,1789616601.4544902,287.084,71772,1,1,,1,G04,B,bbbd_subtraction,confidence_response,4,,0.0,0.0,,,,,,,"{""client_event_id"":""adee9104-3b29-4c59-9968-018bfacde258"",""recorder_run_id"":""2e32687e-f8cf-4a91-8fec-dfa79fb2e0c2"",""client_id"":""9ece73d8-93e2-40b0-8ef9-75787e7f1947"",""client_timestamp"":1789616601.4542003,""client_monotonic_ms"":363785.0999999996,""event_timestamp"":1789616601.4544902,""clock_offset_sec"":0.0002899169921875,""clock_round_trip_ms"":5.800008773803711,""subject_id"":""sub-004"",""session_id"":""ses-001"",""block_id"":""Block 1"",""counterbalance_group"":""G04"",""block_order"":""Block 1"",""condition"":""B"",""condition_type"":""bbbd_subtraction"",""topic_key"":""V2"",""topic_name"":""百家争鸣 到底是哪百家"",""event_type"":""confidence_response"",""iso_time"":""2026-09-17T03:43:21.454Z"",""relative_ms"":234395,""video_time_sec"":217.504,""probe_id"":""Block 1_3_ad4fbf6a"",""probe_index"":3,""probe_schedule_id"":""ad4fbf6a-7649-4420-a45f-0b8210a94b33"",""probe_planned_time_sec"":217.395,""video_id"":""V2"",""response"":2,""confidence"":4,""response_time_ms"":1064}",2e32687e-f8cf-4a91-8fec-dfa79fb2e0c2,sub-004,ses-001,adee9104-3b29-4c59-9968-018bfacde258,9ece73d8-93e2-40b0-8ef9-75787e7f1947,1789616601.4598296,1789616601.4542003,363785.0999999996,9ece73d8-93e2-40b0-8ef9-75787e7f1947,browser_calibrated,0.0002899169921875,5.800008773803711,71771,71771,0,-2.588033676147461,host_receive_nearest,verified,1,1,,,,,,,,,1,,,,,,,,,,,,,,,,,,,,V2,B,217.504,1789616601.4542003,1789616601.4714723,71771,Block 1_3_ad4fbf6a,3,ad4fbf6a-7649-4420-a45f-0b8210a94b33,217.395,,,1064,4,,
64efa01e-cc18-4ae8-81ab-30be28e43726,phase_change,1789616601.46369,287.084,71772,1,1,,1,G04,B,bbbd_subtraction,phase_change,video,,0.0,0.0,,,,,,,,2e32687e-f8cf-4a91-8fec-dfa79fb2e0c2,sub-004,ses-001,64efa01e-cc18-4ae8-81ab-30be28e43726,9ece73d8-93e2-40b0-8ef9-75787e7f1947,1789616601.4944055,1789616601.4634001,363794.2999999998,9ece73d8-93e2-40b0-8ef9-75787e7f1947,browser_calibrated,0.0002899169921875,5.800008773803711,71771,71771,0,-11.787891387939453,host_receive_nearest,verified,1,1,,,,,,,,,1,,,,,,,,,,,,,,,,,,,,V2,B,217.571,1789616601.4634001,1789616601.4945416,71771,,,,,,,,,,
64efa01e-cc18-4ae8-81ab-30be28e43726,video_resume,1789616601.46369,287.084,71772,1,1,,1,G04,B,bbbd_subtraction,video_resume,217.571,,0.0,0.0,,,,,,,"{""client_event_id"":""64efa01e-cc18-4ae8-81ab-30be28e43726"",""recorder_run_id"":""2e32687e-f8cf-4a91-8fec-dfa79fb2e0c2"",""client_id"":""9ece73d8-93e2-40b0-8ef9-75787e7f1947"",""client_timestamp"":1789616601.4634001,""client_monotonic_ms"":363794.2999999998,""event_timestamp"":1789616601.46369,""clock_offset_sec"":0.0002899169921875,""clock_round_trip_ms"":5.800008773803711,""subject_id"":""sub-004"",""session_id"":""ses-001"",""block_id"":""Block 1"",""counterbalance_group"":""G04"",""block_order"":""Block 1"",""condition"":""B"",""condition_type"":""bbbd_subtraction"",""topic_key"":""V2"",""topic_name"":""百家争鸣 到底是哪百家"",""event_type"":""video_resume"",""iso_time"":""2026-09-17T03:43:21.463Z"",""relative_ms"":234404,""video_time_sec"":217.571,""probe_id"":""Block 1_3_ad4fbf6a"",""probe_index"":3,""probe_schedule_id"":""ad4fbf6a-7649-4420-a45f-0b8210a94b33"",""probe_planned_time_sec"":217.395,""video_id"":""V2"",""pause_reason"":""thought_probe"",""resume_status"":""playing""}",2e32687e-f8cf-4a91-8fec-dfa79fb2e0c2,sub-004,ses-001,64efa01e-cc18-4ae8-81ab-30be28e43726,9ece73d8-93e2-40b0-8ef9-75787e7f1947,1789616601.4944055,1789616601.4634001,363794.2999999998,9ece73d8-93e2-40b0-8ef9-75787e7f1947,browser_calibrated,0.0002899169921875,5.800008773803711,71771,71771,0,-11.787891387939453,host_receive_nearest,verified,1,1,,,,,,,,,1,,,,,,,,,,,,,,,,,,,,V2,B,217.571,1789616601.4634001,1789616601.4947453,71771,Block 1_3_ad4fbf6a,,,,,,,,,thought_probe
0eb4c90c-e9ed-4ad1-ae45-149b24edac1b,probe_onset,1789616656.758898,342.324,85582,1,1,,1,G04,B,bbbd_subtraction,probe_onset,Block 1_4_ad4fbf6a,,0.0,0.0,,,,,,,"{""client_event_id"":""0eb4c90c-e9ed-4ad1-ae45-149b24edac1b"",""recorder_run_id"":""2e32687e-f8cf-4a91-8fec-dfa79fb2e0c2"",""client_id"":""9ece73d8-93e2-40b0-8ef9-75787e7f1947"",""client_timestamp"":1789616656.7585,""client_monotonic_ms"":419089.4000000004,""event_timestamp"":1789616656.758898,""clock_offset_sec"":0.0003979206085205078,""clock_round_trip_ms"":6.000041961669922,""subject_id"":""sub-004"",""session_id"":""ses-001"",""block_id"":""Block 1"",""counterbalance_group"":""G04"",""block_order"":""Block 1"",""condition"":""B"",""condition_type"":""bbbd_subtraction"",""topic_key"":""V2"",""topic_name"":""百家争鸣 到底是哪百家"",""event_type"":""probe_onset"",""iso_time"":""2026-09-17T03:44:16.758Z"",""relative_ms"":289700,""video_time_sec"":272.81,""probe_id"":""Block 1_4_ad4fbf6a"",""probe_index"":4,""probe_schedule_id"":""ad4fbf6a-7649-4420-a45f-0b8210a94b33"",""probe_planned_time_sec"":272.612,""video_id"":""V2"",""pause_reason"":""thought_probe"",""forced"":false}",2e32687e-f8cf-4a91-8fec-dfa79fb2e0c2,sub-004,ses-001,0eb4c90c-e9ed-4ad1-ae45-149b24edac1b,9ece73d8-93e2-40b0-8ef9-75787e7f1947,1789616656.7657719,1789616656.7585,419089.4000000004,9ece73d8-93e2-40b0-8ef9-75787e7f1947,browser_calibrated,0.0003979206085205078,6.000041961669922,85581,85581,0,-73.97913932800293,host_receive_nearest,verified,1,1,,,,,,,,,1,,,,,,,,,,,,,,,,,,,,V2,B,272.81,1789616656.7585,1789616656.765876,85581,Block 1_4_ad4fbf6a,4,ad4fbf6a-7649-4420-a45f-0b8210a94b33,272.612,,,,,,thought_probe
44347d0e-7c1f-4687-9b16-989b929eceb5,attention_response,1789616659.364398,344.984,86247,1,1,,1,G04,B,bbbd_subtraction,attention_response,2,,0.0,0.0,,,,,,,"{""client_event_id"":""44347d0e-7c1f-4687-9b16-989b929eceb5"",""recorder_run_id"":""2e32687e-f8cf-4a91-8fec-dfa79fb2e0c2"",""client_id"":""9ece73d8-93e2-40b0-8ef9-75787e7f1947"",""client_timestamp"":1789616659.364,""client_monotonic_ms"":421695,""event_timestamp"":1789616659.364398,""clock_offset_sec"":0.0003979206085205078,""clock_round_trip_ms"":6.000041961669922,""subject_id"":""sub-004"",""session_id"":""ses-001"",""block_id"":""Block 1"",""counterbalance_group"":""G04"",""block_order"":""Block 1"",""condition"":""B"",""condition_type"":""bbbd_subtraction"",""topic_key"":""V2"",""topic_name"":""百家争鸣 到底是哪百家"",""event_type"":""attention_response"",""iso_time"":""2026-09-17T03:44:19.364Z"",""relative_ms"":292305,""video_time_sec"":272.81,""probe_id"":""Block 1_4_ad4fbf6a"",""probe_index"":4,""probe_schedule_id"":""ad4fbf6a-7649-4420-a45f-0b8210a94b33"",""probe_planned_time_sec"":272.612,""video_id"":""V2"",""response"":2,""response_label"":""连续减7心算任务"",""probe_attention"":""OFF"",""response_time_ms"":2606}",2e32687e-f8cf-4a91-8fec-dfa79fb2e0c2,sub-004,ses-001,44347d0e-7c1f-4687-9b16-989b929eceb5,9ece73d8-93e2-40b0-8ef9-75787e7f1947,1789616659.3815265,1789616659.364,421695,9ece73d8-93e2-40b0-8ef9-75787e7f1947,browser_calibrated,0.0003979206085205078,6.000041961669922,86246,86246,0,-9.957075119018555,host_receive_nearest,verified,1,1,,,,,,,,,1,,,,,,,,,,,,,,,,,,,,V2,B,272.81,1789616659.364,1789616659.3937476,86246,Block 1_4_ad4fbf6a,4,ad4fbf6a-7649-4420-a45f-0b8210a94b33,272.612,2,连续减7心算任务,2606,,OFF,
91fe618f-5a40-4230-aa3d-3ea62f0b2025,confidence_response,1789616661.0310981,346.644,86662,1,1,,1,G04,B,bbbd_subtraction,confidence_response,4,,0.0,0.0,,,,,,,"{""client_event_id"":""91fe618f-5a40-4230-aa3d-3ea62f0b2025"",""recorder_run_id"":""2e32687e-f8cf-4a91-8fec-dfa79fb2e0c2"",""client_id"":""9ece73d8-93e2-40b0-8ef9-75787e7f1947"",""client_timestamp"":1789616661.0307002,""client_monotonic_ms"":423361.5999999996,""event_timestamp"":1789616661.0310981,""clock_offset_sec"":0.0003979206085205078,""clock_round_trip_ms"":6.000041961669922,""subject_id"":""sub-004"",""session_id"":""ses-001"",""block_id"":""Block 1"",""counterbalance_group"":""G04"",""block_order"":""Block 1"",""condition"":""B"",""condition_type"":""bbbd_subtraction"",""topic_key"":""V2"",""topic_name"":""百家争鸣 到底是哪百家"",""event_type"":""confidence_response"",""iso_time"":""2026-09-17T03:44:21.030Z"",""relative_ms"":293972,""video_time_sec"":272.81,""probe_id"":""Block 1_4_ad4fbf6a"",""probe_index"":4,""probe_schedule_id"":""ad4fbf6a-7649-4420-a45f-0b8210a94b33"",""probe_planned_time_sec"":272.612,""video_id"":""V2"",""response"":2,""confidence"":4,""response_time_ms"":1667}",2e32687e-f8cf-4a91-8fec-dfa79fb2e0c2,sub-004,ses-001,91fe618f-5a40-4230-aa3d-3ea62f0b2025,9ece73d8-93e2-40b0-8ef9-75787e7f1947,1789616661.0365248,1789616661.0307002,423361.5999999996,9ece73d8-93e2-40b0-8ef9-75787e7f1947,browser_calibrated,0.0003979206085205078,6.000041961669922,86661,86661,0,-25.67744255065918,host_receive_nearest,verified,1,1,,,,,,,,,1,,,,,,,,,,,,,,,,,,,,V2,B,272.81,1789616661.0307002,1789616661.0470462,86661,Block 1_4_ad4fbf6a,4,ad4fbf6a-7649-4420-a45f-0b8210a94b33,272.612,,,1667,4,,
8db9fc7c-63b3-438f-a716-535c66925931,phase_change,1789616661.040498,346.648,86672,1,1,,1,G04,B,bbbd_subtraction,phase_change,video,,0.0,0.0,,,,,,,,2e32687e-f8cf-4a91-8fec-dfa79fb2e0c2,sub-004,ses-001,8db9fc7c-63b3-438f-a716-535c66925931,9ece73d8-93e2-40b0-8ef9-75787e7f1947,1789616661.0669281,1789616661.0401,423371,9ece73d8-93e2-40b0-8ef9-75787e7f1947,browser_calibrated,0.0003979206085205078,6.000041961669922,86662,86662,0,23.53358268737793,host_receive_nearest,verified,1,1,,,,,,,,,1,,,,,,,,,,,,,,,,,,,,V2,B,272.881,1789616661.0401,1789616661.0670505,86662,,,,,,,,,,
8db9fc7c-63b3-438f-a716-535c66925931,video_resume,1789616661.040498,346.648,86672,1,1,,1,G04,B,bbbd_subtraction,video_resume,272.881,,0.0,0.0,,,,,,,"{""client_event_id"":""8db9fc7c-63b3-438f-a716-535c66925931"",""recorder_run_id"":""2e32687e-f8cf-4a91-8fec-dfa79fb2e0c2"",""client_id"":""9ece73d8-93e2-40b0-8ef9-75787e7f1947"",""client_timestamp"":1789616661.0401,""client_monotonic_ms"":423371,""event_timestamp"":1789616661.040498,""clock_offset_sec"":0.0003979206085205078,""clock_round_trip_ms"":6.000041961669922,""subject_id"":""sub-004"",""session_id"":""ses-001"",""block_id"":""Block 1"",""counterbalance_group"":""G04"",""block_order"":""Block 1"",""condition"":""B"",""condition_type"":""bbbd_subtraction"",""topic_key"":""V2"",""topic_name"":""百家争鸣 到底是哪百家"",""event_type"":""video_resume"",""iso_time"":""2026-09-17T03:44:21.040Z"",""relative_ms"":293981,""video_time_sec"":272.881,""probe_id"":""Block 1_4_ad4fbf6a"",""probe_index"":4,""probe_schedule_id"":""ad4fbf6a-7649-4420-a45f-0b8210a94b33"",""probe_planned_time_sec"":272.612,""video_id"":""V2"",""pause_reason"":""thought_probe"",""resume_status"":""playing""}",2e32687e-f8cf-4a91-8fec-dfa79fb2e0c2,sub-004,ses-001,8db9fc7c-63b3-438f-a716-535c66925931,9ece73d8-93e2-40b0-8ef9-75787e7f1947,1789616661.0669281,1789616661.0401,423371,9ece73d8-93e2-40b0-8ef9-75787e7f1947,browser_calibrated,0.0003979206085205078,6.000041961669922,86662,86662,0,23.53358268737793,host_receive_nearest,verified,1,1,,,,,,,,,1,,,,,,,,,,,,,,,,,,,,V2,B,272.881,1789616661.0401,1789616661.0672853,86662,Block 1_4_ad4fbf6a,,,,,,,,,thought_probe
ae6ed0ea-5ad9-418c-9645-aba627bab755,video_end,1789616700.9973242,386.608,96657,1,1,,1,G04,B,bbbd_subtraction,video_end,V2,,0.0,0.0,,,,,,,,2e32687e-f8cf-4a91-8fec-dfa79fb2e0c2,sub-004,ses-001,ae6ed0ea-5ad9-418c-9645-aba627bab755,9ece73d8-93e2-40b0-8ef9-75787e7f1947,1789616701.0174603,1789616700.997,463327.9000000004,9ece73d8-93e2-40b0-8ef9-75787e7f1947,browser_calibrated,0.000324249267578125,5.800008773803711,96652,96652,0,1.6887187957763672,host_receive_nearest,verified,1,1,,,,,,,,,1,,,,,,,,,,,,,,,,,,,,V2,B,312.773,1789616700.997,1789616701.0176244,96652,,,,,,,,,,
ae6ed0ea-5ad9-418c-9645-aba627bab755,browser_video_ended,1789616700.9973242,386.608,96657,1,1,,1,G04,B,bbbd_subtraction,browser_video_ended,,,0.0,0.0,,,,,,,"{""client_event_id"":""ae6ed0ea-5ad9-418c-9645-aba627bab755"",""recorder_run_id"":""2e32687e-f8cf-4a91-8fec-dfa79fb2e0c2"",""client_id"":""9ece73d8-93e2-40b0-8ef9-75787e7f1947"",""client_timestamp"":1789616700.997,""client_monotonic_ms"":463327.9000000004,""event_timestamp"":1789616700.9973242,""clock_offset_sec"":0.000324249267578125,""clock_round_trip_ms"":5.800008773803711,""subject_id"":""sub-004"",""session_id"":""ses-001"",""block_id"":""Block 1"",""counterbalance_group"":""G04"",""block_order"":""Block 1"",""condition"":""B"",""condition_type"":""bbbd_subtraction"",""topic_key"":""V2"",""topic_name"":""百家争鸣 到底是哪百家"",""event_type"":""video_ended"",""iso_time"":""2026-09-17T03:45:00.997Z"",""relative_ms"":333938,""video_time_sec"":312.773}",2e32687e-f8cf-4a91-8fec-dfa79fb2e0c2,sub-004,ses-001,ae6ed0ea-5ad9-418c-9645-aba627bab755,9ece73d8-93e2-40b0-8ef9-75787e7f1947,1789616701.0174603,1789616700.997,463327.9000000004,9ece73d8-93e2-40b0-8ef9-75787e7f1947,browser_calibrated,0.000324249267578125,5.800008773803711,96652,96652,0,1.6887187957763672,host_receive_nearest,verified,1,1,,,,,,,,,1,,,,,,,,,,,,,,,,,,,,V2,B,312.773,1789616700.997,1789616701.0178463,96652,,,,,,,,,,
af966412-04c4-4656-9a22-9b7c47b701c2,browser_block_end,1789616701.0041244,386.624,96672,1,1,,1,G04,B,bbbd_subtraction,browser_block_end,视频自然播放结束,,0.0,0.0,,,,,,,"{""client_event_id"":""af966412-04c4-4656-9a22-9b7c47b701c2"",""recorder_run_id"":""2e32687e-f8cf-4a91-8fec-dfa79fb2e0c2"",""client_id"":""9ece73d8-93e2-40b0-8ef9-75787e7f1947"",""client_timestamp"":1789616701.0038002,""client_monotonic_ms"":463334.7000000002,""event_timestamp"":1789616701.0041244,""clock_offset_sec"":0.000324249267578125,""clock_round_trip_ms"":5.800008773803711,""subject_id"":""sub-004"",""session_id"":""ses-001"",""block_id"":""Block 1"",""counterbalance_group"":""G04"",""block_order"":""Block 1"",""condition"":""B"",""condition_type"":""bbbd_subtraction"",""topic_key"":""V2"",""topic_name"":""百家争鸣 到底是哪百家"",""event_type"":""block_end"",""iso_time"":""2026-09-17T03:45:01.003Z"",""relative_ms"":333945,""video_time_sec"":312.773,""reason"":""视频自然播放结束""}",2e32687e-f8cf-4a91-8fec-dfa79fb2e0c2,sub-004,ses-001,af966412-04c4-4656-9a22-9b7c47b701c2,9ece73d8-93e2-40b0-8ef9-75787e7f1947,1789616701.0859194,1789616701.0038002,463334.7000000002,9ece73d8-93e2-40b0-8ef9-75787e7f1947,browser_calibrated,0.000324249267578125,5.800008773803711,96656,96656,0,-4.81414794921875,host_receive_nearest,verified,1,1,,,,,,,,,1,,,,,,,,,,,,,,,,,,,,V2,B,312.773,1789616701.0038002,1789616701.0861661,96656,,,,,,,,,,
35a7704c-cfc3-4bb7-9810-73efa95654c9,rating_start,1789616701.0083241,386.624,96687,1,1,,1,G04,B,bbbd_subtraction,rating_start,,,0.0,0.0,,,,,,,"{""client_event_id"":""35a7704c-cfc3-4bb7-9810-73efa95654c9"",""recorder_run_id"":""2e32687e-f8cf-4a91-8fec-dfa79fb2e0c2"",""client_id"":""9ece73d8-93e2-40b0-8ef9-75787e7f1947"",""client_timestamp"":1789616701.008,""client_monotonic_ms"":463340.5999999996,""event_timestamp"":1789616701.0083241,""clock_offset_sec"":0.000324249267578125,""clock_round_trip_ms"":5.800008773803711,""subject_id"":""sub-004"",""session_id"":""ses-001"",""block_id"":""Block 1"",""counterbalance_group"":""G04"",""block_order"":""Block 1"",""condition"":""B"",""condition_type"":""bbbd_subtraction"",""topic_key"":""V2"",""topic_name"":""百家争鸣 到底是哪百家"",""event_type"":""rating_start"",""iso_time"":""2026-09-17T03:45:01.009Z"",""relative_ms"":333951,""video_time_sec"":312.773}",2e32687e-f8cf-4a91-8fec-dfa79fb2e0c2,sub-004,ses-001,35a7704c-cfc3-4bb7-9810-73efa95654c9,9ece73d8-93e2-40b0-8ef9-75787e7f1947,1789616701.126507,1789616701.008,463340.5999999996,9ece73d8-93e2-40b0-8ef9-75787e7f1947,browser_calibrated,0.000324249267578125,5.800008773803711,96656,96656,0,-9.013891220092773,host_receive_nearest,verified,1,1,,,,,,,,,1,,,,,,,,,,,,,,,,,,,,V2,B,312.773,1789616701.008,1789616701.1266994,96656,,,,,,,,,,
44467811-6c24-4445-89ce-abca01e64a16,rating_item_response,1789616704.5530245,390.164,97542,1,1,,1,G04,B,bbbd_subtraction,rating_item_response,1,,0.0,0.0,,,,,,,"{""client_event_id"":""44467811-6c24-4445-89ce-abca01e64a16"",""recorder_run_id"":""2e32687e-f8cf-4a91-8fec-dfa79fb2e0c2"",""client_id"":""9ece73d8-93e2-40b0-8ef9-75787e7f1947"",""client_timestamp"":1789616704.5527003,""client_monotonic_ms"":466883.5999999996,""event_timestamp"":1789616704.5530245,""clock_offset_sec"":0.000324249267578125,""clock_round_trip_ms"":5.800008773803711,""subject_id"":""sub-004"",""session_id"":""ses-001"",""block_id"":""Block 1"",""counterbalance_group"":""G04"",""block_order"":""Block 1"",""condition"":""B"",""condition_type"":""bbbd_subtraction"",""topic_key"":""V2"",""topic_name"":""百家争鸣 到底是哪百家"",""event_type"":""rating_item_response"",""iso_time"":""2026-09-17T03:45:04.552Z"",""relative_ms"":337494,""video_time_sec"":312.773,""rating_item"":""course_attention_rating"",""rating_value"":""1"",""response_time_ms"":3545}",2e32687e-f8cf-4a91-8fec-dfa79fb2e0c2,sub-004,ses-001,44467811-6c24-4445-89ce-abca01e64a16,9ece73d8-93e2-40b0-8ef9-75787e7f1947,1789616704.5669188,1789616704.5527003,466883.5999999996,9ece73d8-93e2-40b0-8ef9-75787e7f1947,browser_calibrated,0.000324249267578125,5.800008773803711,97541,97541,0,-15.514373779296875,host_receive_nearest,verified,1,1,,,,,,,,,1,,,,,,,,,,,,,course_attention_rating,1,,,,,,V2,B,312.773,1789616704.5527003,1789616704.5670419,97541,,,,,,,3545,,,
41f121a6-f2ac-46b9-811b-dd629be5c0b2,rating_item_response,1789616707.7480245,393.384,98347,1,1,,1,G04,B,bbbd_subtraction,rating_item_response,8,,0.0,0.0,,,,,,,"{""client_event_id"":""41f121a6-f2ac-46b9-811b-dd629be5c0b2"",""recorder_run_id"":""2e32687e-f8cf-4a91-8fec-dfa79fb2e0c2"",""client_id"":""9ece73d8-93e2-40b0-8ef9-75787e7f1947"",""client_timestamp"":1789616707.7477002,""client_monotonic_ms"":470078.5999999996,""event_timestamp"":1789616707.7480245,""clock_offset_sec"":0.000324249267578125,""clock_round_trip_ms"":5.800008773803711,""subject_id"":""sub-004"",""session_id"":""ses-001"",""block_id"":""Block 1"",""counterbalance_group"":""G04"",""block_order"":""Block 1"",""condition"":""B"",""condition_type"":""bbbd_subtraction"",""topic_key"":""V2"",""topic_name"":""百家争鸣 到底是哪百家"",""event_type"":""rating_item_response"",""iso_time"":""2026-09-17T03:45:07.747Z"",""relative_ms"":340689,""video_time_sec"":312.773,""rating_item"":""mental_effort"",""rating_value"":""8"",""response_time_ms"":6740}",2e32687e-f8cf-4a91-8fec-dfa79fb2e0c2,sub-004,ses-001,41f121a6-f2ac-46b9-811b-dd629be5c0b2,9ece73d8-93e2-40b0-8ef9-75787e7f1947,1789616707.7622037,1789616707.7477002,470078.5999999996,9ece73d8-93e2-40b0-8ef9-75787e7f1947,browser_calibrated,0.000324249267578125,5.800008773803711,98346,98346,0,-0.3142356872558594,host_receive_nearest,verified,1,1,,,,,,,,,1,,,,,,,,,,,,,mental_effort,8,,,,,,V2,B,312.773,1789616707.7477002,1789616707.7622938,98346,,,,,,,6740,,,
6fa065cf-6ae0-445d-81e3-33a5c168ac16,rating_item_response,1789616710.7447245,396.288,99097,1,1,,1,G04,B,bbbd_subtraction,rating_item_response,4,,0.0,0.0,,,,,,,"{""client_event_id"":""6fa065cf-6ae0-445d-81e3-33a5c168ac16"",""recorder_run_id"":""2e32687e-f8cf-4a91-8fec-dfa79fb2e0c2"",""client_id"":""9ece73d8-93e2-40b0-8ef9-75787e7f1947"",""client_timestamp"":1789616710.7444003,""client_monotonic_ms"":473075.2999999998,""event_timestamp"":1789616710.7447245,""clock_offset_sec"":0.000324249267578125,""clock_round_trip_ms"":5.800008773803711,""subject_id"":""sub-004"",""session_id"":""ses-001"",""block_id"":""Block 1"",""counterbalance_group"":""G04"",""block_order"":""Block 1"",""condition"":""B"",""condition_type"":""bbbd_subtraction"",""topic_key"":""V2"",""topic_name"":""百家争鸣 到底是哪百家"",""event_type"":""rating_item_response"",""iso_time"":""2026-09-17T03:45:10.744Z"",""relative_ms"":343686,""video_time_sec"":312.773,""rating_item"":""video_interest"",""rating_value"":""4"",""response_time_ms"":9736}",2e32687e-f8cf-4a91-8fec-dfa79fb2e0c2,sub-004,ses-001,6fa065cf-6ae0-445d-81e3-33a5c168ac16,9ece73d8-93e2-40b0-8ef9-75787e7f1947,1789616710.760298,1789616710.7444003,473075.2999999998,9ece73d8-93e2-40b0-8ef9-75787e7f1947,browser_calibrated,0.000324249267578125,5.800008773803711,99072,99072,0,1.7676353454589844,host_receive_nearest,verified,1,1,,,,,,,,,1,,,,,,,,,,,,,video_interest,4,,,,,,V2,B,312.773,1789616710.7444003,1789616710.7604465,99072,,,,,,,9736,,,
a05ae06e-1db0-4918-bb20-2647498aa9f8,rating_item_response,1789616712.2605245,397.884,99472,1,1,,1,G04,B,bbbd_subtraction,rating_item_response,1,,0.0,0.0,,,,,,,"{""client_event_id"":""a05ae06e-1db0-4918-bb20-2647498aa9f8"",""recorder_run_id"":""2e32687e-f8cf-4a91-8fec-dfa79fb2e0c2"",""client_id"":""9ece73d8-93e2-40b0-8ef9-75787e7f1947"",""client_timestamp"":1789616712.2602003,""client_monotonic_ms"":474591.2000000002,""event_timestamp"":1789616712.2605245,""clock_offset_sec"":0.000324249267578125,""clock_round_trip_ms"":5.800008773803711,""subject_id"":""sub-004"",""session_id"":""ses-001"",""block_id"":""Block 1"",""counterbalance_group"":""G04"",""block_order"":""Block 1"",""condition"":""B"",""condition_type"":""bbbd_subtraction"",""topic_key"":""V2"",""topic_name"":""百家争鸣 到底是哪百家"",""event_type"":""rating_item_response"",""iso_time"":""2026-09-17T03:45:12.260Z"",""relative_ms"":345201,""video_time_sec"":312.773,""rating_item"":""video_difficulty"",""rating_value"":""1"",""response_time_ms"":11252}",2e32687e-f8cf-4a91-8fec-dfa79fb2e0c2,sub-004,ses-001,a05ae06e-1db0-4918-bb20-2647498aa9f8,9ece73d8-93e2-40b0-8ef9-75787e7f1947,1789616712.274482,1789616712.2602003,474591.2000000002,9ece73d8-93e2-40b0-8ef9-75787e7f1947,browser_calibrated,0.000324249267578125,5.800008773803711,99471,99471,0,-12.284994125366211,host_receive_nearest,verified,1,1,,,,,,,,,1,,,,,,,,,,,,,video_difficulty,1,,,,,,V2,B,312.773,1789616712.2602003,1789616712.27461,99471,,,,,,,11252,,,
21f7b36a-03e8-474f-99ba-1f057327f827,rating_item_response,1789616714.4186244,400.044,100012,1,1,,1,G04,B,bbbd_subtraction,rating_item_response,80-90%,,0.0,0.0,,,,,,,"{""client_event_id"":""21f7b36a-03e8-474f-99ba-1f057327f827"",""recorder_run_id"":""2e32687e-f8cf-4a91-8fec-dfa79fb2e0c2"",""client_id"":""9ece73d8-93e2-40b0-8ef9-75787e7f1947"",""client_timestamp"":1789616714.4183002,""client_monotonic_ms"":476749.2000000002,""event_timestamp"":1789616714.4186244,""clock_offset_sec"":0.000324249267578125,""clock_round_trip_ms"":5.800008773803711,""subject_id"":""sub-004"",""session_id"":""ses-001"",""block_id"":""Block 1"",""counterbalance_group"":""G04"",""block_order"":""Block 1"",""condition"":""B"",""condition_type"":""bbbd_subtraction"",""topic_key"":""V2"",""topic_name"":""百家争鸣 到底是哪百家"",""event_type"":""rating_item_response"",""iso_time"":""2026-09-17T03:45:14.418Z"",""relative_ms"":347359,""video_time_sec"":312.773,""rating_item"":""subtraction_compliance"",""rating_value"":""80-90%"",""response_time_ms"":13410}",2e32687e-f8cf-4a91-8fec-dfa79fb2e0c2,sub-004,ses-001,21f7b36a-03e8-474f-99ba-1f057327f827,9ece73d8-93e2-40b0-8ef9-75787e7f1947,1789616714.4337301,1789616714.4183002,476749.2000000002,9ece73d8-93e2-40b0-8ef9-75787e7f1947,browser_calibrated,0.000324249267578125,5.800008773803711,100011,100011,0,-9.977340698242188,host_receive_nearest,verified,1,1,,,,,,,,,1,,,,,,,,,,,,,subtraction_compliance,80-90%,,,,,,V2,B,312.773,1789616714.4183002,1789616714.4338446,100011,,,,,,,13410,,,
de4d97e1-7f06-4005-bba4-468302d3c1fa,rating_item_response,1789616719.9456244,405.564,101392,1,1,,1,G04,B,bbbd_subtraction,rating_item_response,3,,0.0,0.0,,,,,,,"{""client_event_id"":""de4d97e1-7f06-4005-bba4-468302d3c1fa"",""recorder_run_id"":""2e32687e-f8cf-4a91-8fec-dfa79fb2e0c2"",""client_id"":""9ece73d8-93e2-40b0-8ef9-75787e7f1947"",""client_timestamp"":1789616719.9453,""client_monotonic_ms"":482276.2000000002,""event_timestamp"":1789616719.9456244,""clock_offset_sec"":0.000324249267578125,""clock_round_trip_ms"":5.800008773803711,""subject_id"":""sub-004"",""session_id"":""ses-001"",""block_id"":""Block 1"",""counterbalance_group"":""G04"",""block_order"":""Block 1"",""condition"":""B"",""condition_type"":""bbbd_subtraction"",""topic_key"":""V2"",""topic_name"":""百家争鸣 到底是哪百家"",""event_type"":""rating_item_response"",""iso_time"":""2026-09-17T03:45:19.945Z"",""relative_ms"":352886,""video_time_sec"":312.773,""rating_item"":""subtraction_difficulty"",""rating_value"":""3"",""response_time_ms"":18937}",2e32687e-f8cf-4a91-8fec-dfa79fb2e0c2,sub-004,ses-001,de4d97e1-7f06-4005-bba4-468302d3c1fa,9ece73d8-93e2-40b0-8ef9-75787e7f1947,1789616719.9591017,1789616719.9453,482276.2000000002,9ece73d8-93e2-40b0-8ef9-75787e7f1947,browser_calibrated,0.000324249267578125,5.800008773803711,101391,101391,0,-16.68095588684082,host_receive_nearest,verified,1,1,,,,,,,,,1,,,,,,,,,,,,,subtraction_difficulty,3,,,,,,V2,B,312.773,1789616719.9453,1789616719.9592206,101391,,,,,,,18937,,,
ecb782be-e5be-4ad2-a3b8-9f3c7f15ed3c,rating_item_response,1789616731.362856,416.984,104247,1,1,,1,G04,B,bbbd_subtraction,rating_item_response,686,,0.0,0.0,,,,,,,"{""client_event_id"":""ecb782be-e5be-4ad2-a3b8-9f3c7f15ed3c"",""recorder_run_id"":""2e32687e-f8cf-4a91-8fec-dfa79fb2e0c2"",""client_id"":""9ece73d8-93e2-40b0-8ef9-75787e7f1947"",""client_timestamp"":1789616731.3625,""client_monotonic_ms"":493693.4000000004,""event_timestamp"":1789616731.362856,""clock_offset_sec"":0.0003559589385986328,""clock_round_trip_ms"":5.699872970581055,""subject_id"":""sub-004"",""session_id"":""ses-001"",""block_id"":""Block 1"",""counterbalance_group"":""G04"",""block_order"":""Block 1"",""condition"":""B"",""condition_type"":""bbbd_subtraction"",""topic_key"":""V2"",""topic_name"":""百家争鸣 到底是哪百家"",""event_type"":""rating_item_response"",""iso_time"":""2026-09-17T03:45:31.362Z"",""relative_ms"":364304,""video_time_sec"":312.773,""rating_item"":""reported_final_number"",""rating_value"":""686"",""response_time_ms"":30355}",2e32687e-f8cf-4a91-8fec-dfa79fb2e0c2,sub-004,ses-001,ecb782be-e5be-4ad2-a3b8-9f3c7f15ed3c,9ece73d8-93e2-40b0-8ef9-75787e7f1947,1789616731.369226,1789616731.3625,493693.4000000004,9ece73d8-93e2-40b0-8ef9-75787e7f1947,browser_calibrated,0.0003559589385986328,5.699872970581055,104246,104246,0,-4.958152770996094,host_receive_nearest,verified,1,1,,,,,,,,,1,,,,,,,,,,,,,reported_final_number,686,,,,,,V2,B,312.773,1789616731.3625,1789616731.3693461,104246,,,,,,,30355,,,
a53f9869-4ee4-4672-97d2-c026ddd359b2,rating_end,1789616731.4374561,417.044,104262,1,1,,1,G04,B,bbbd_subtraction,rating_end,,30.429,0.0,0.0,,,,,,,"{""client_event_id"":""a53f9869-4ee4-4672-97d2-c026ddd359b2"",""recorder_run_id"":""2e32687e-f8cf-4a91-8fec-dfa79fb2e0c2"",""client_id"":""9ece73d8-93e2-40b0-8ef9-75787e7f1947"",""client_timestamp"":1789616731.4371002,""client_monotonic_ms"":493768,""event_timestamp"":1789616731.4374561,""clock_offset_sec"":0.0003559589385986328,""clock_round_trip_ms"":5.699872970581055,""subject_id"":""sub-004"",""session_id"":""ses-001"",""block_id"":""Block 1"",""counterbalance_group"":""G04"",""block_order"":""Block 1"",""condition"":""B"",""condition_type"":""bbbd_subtraction"",""topic_key"":""V2"",""topic_name"":""百家争鸣 到底是哪百家"",""event_type"":""rating_end"",""iso_time"":""2026-09-17T03:45:31.437Z"",""relative_ms"":364378,""video_time_sec"":312.773,""video_id"":""V2"",""course_attention_rating"":1,""mental_effort"":8,""video_interest"":4,""video_difficulty"":1,""subtraction_compliance"":""80-90%"",""subtraction_difficulty"":3,""reported_final_number"":686,""duration_sec"":30.429,""submitted_iso"":""2026-09-17T03:45:31.437Z"",""submitted_relative_ms"":364378}",2e32687e-f8cf-4a91-8fec-dfa79fb2e0c2,sub-004,ses-001,a53f9869-4ee4-4672-97d2-c026ddd359b2,9ece73d8-93e2-40b0-8ef9-75787e7f1947,1789616731.4430037,1789616731.4371002,493768,9ece73d8-93e2-40b0-8ef9-75787e7f1947,browser_calibrated,0.0003559589385986328,5.699872970581055,104261,104261,0,-18.948793411254883,host_receive_nearest,verified,1,1,,,,,,,,,1,,,,1,8,4,1,80-90%,80,90,3,686,,,,,,,,V2,B,312.773,1789616731.4371002,1789616731.4432425,104261,,,,,,,,,,
c2affb2b-da3c-46fa-9207-13500a81de43,quiz_start,1789616731.443356,417.048,104277,1,1,,1,G04,B,bbbd_subtraction,quiz_start,,,0.0,0.0,,,,,,,"{""client_event_id"":""c2affb2b-da3c-46fa-9207-13500a81de43"",""recorder_run_id"":""2e32687e-f8cf-4a91-8fec-dfa79fb2e0c2"",""client_id"":""9ece73d8-93e2-40b0-8ef9-75787e7f1947"",""client_timestamp"":1789616731.443,""client_monotonic_ms"":493773.9000000004,""event_timestamp"":1789616731.443356,""clock_offset_sec"":0.0003559589385986328,""clock_round_trip_ms"":5.699872970581055,""subject_id"":""sub-004"",""session_id"":""ses-001"",""block_id"":""Block 1"",""counterbalance_group"":""G04"",""block_order"":""Block 1"",""condition"":""B"",""condition_type"":""bbbd_subtraction"",""topic_key"":""V2"",""topic_name"":""百家争鸣 到底是哪百家"",""event_type"":""quiz_start"",""iso_time"":""2026-09-17T03:45:31.443Z"",""relative_ms"":364384,""video_time_sec"":312.773}",2e32687e-f8cf-4a91-8fec-dfa79fb2e0c2,sub-004,ses-001,c2affb2b-da3c-46fa-9207-13500a81de43,9ece73d8-93e2-40b0-8ef9-75787e7f1947,1789616731.4816582,1789616731.443,493773.9000000004,9ece73d8-93e2-40b0-8ef9-75787e7f1947,browser_calibrated,0.0003559589385986328,5.699872970581055,104262,104262,0,4.43577766418457,host_receive_nearest,verified,1,1,,,,,,,,,1,,,,,,,,,,,,,,,,,,,,V2,B,312.773,1789616731.443,1789616731.481773,104262,,,,,,,,,,
765c141d-ce50-4f50-8a5c-7a3d6d21dbeb,quiz_item_response,1789616749.4009562,434.984,108747,1,1,,1,G04,B,bbbd_subtraction,quiz_item_response,“百家争鸣”局面出现在哪个历史时期？,,0.0,0.0,,V2Q1,C,C,True,15963,"{""client_event_id"":""765c141d-ce50-4f50-8a5c-7a3d6d21dbeb"",""recorder_run_id"":""2e32687e-f8cf-4a91-8fec-dfa79fb2e0c2"",""client_id"":""9ece73d8-93e2-40b0-8ef9-75787e7f1947"",""client_timestamp"":1789616749.4006002,""client_monotonic_ms"":511731.5,""event_timestamp"":1789616749.4009562,""clock_offset_sec"":0.0003559589385986328,""clock_round_trip_ms"":5.699872970581055,""subject_id"":""sub-004"",""session_id"":""ses-001"",""block_id"":""Block 1"",""counterbalance_group"":""G04"",""block_order"":""Block 1"",""condition"":""B"",""condition_type"":""bbbd_subtraction"",""topic_key"":""V2"",""topic_name"":""百家争鸣 到底是哪百家"",""event_type"":""quiz_item_response"",""iso_time"":""2026-09-17T03:45:49.400Z"",""relative_ms"":382342,""video_time_sec"":312.773,""video_id"":""V2"",""question_id"":""V2Q1"",""question_text"":""“百家争鸣”局面出现在哪个历史时期？"",""response_index"":2,""response_letter"":""C"",""response_text"":""春秋战国时期"",""correct_index"":2,""correct_letter"":""C"",""correct_text"":""春秋战国时期"",""is_correct"":true,""reaction_time_ms"":15963,""submitted_iso"":""2026-09-17T03:45:49.400Z"",""submitted_relative_ms"":382342}",2e32687e-f8cf-4a91-8fec-dfa79fb2e0c2,sub-004,ses-001,765c141d-ce50-4f50-8a5c-7a3d6d21dbeb,9ece73d8-93e2-40b0-8ef9-75787e7f1947,1789616749.406839,1789616749.4006002,511731.5,9ece73d8-93e2-40b0-8ef9-75787e7f1947,browser_calibrated,0.0003559589385986328,5.699872970581055,108746,108746,0,-41.9161319732666,host_receive_nearest,verified,1,1,,,,,,,,,1,,,,,,,,,,,,,,,,,“百家争鸣”局面出现在哪个历史时期？,2,春秋战国时期,V2,B,312.773,1789616749.4006002,1789616749.406944,108746,,,,,,,,,,
bb0b3088-f29a-4bab-8f07-0b645d2ee518,quiz_item_response,1789616749.406956,434.988,108772,1,1,,1,G04,B,bbbd_subtraction,quiz_item_response,儒家学派的代表人物是？,,0.0,0.0,,V2Q2,B,B,True,8204,"{""client_event_id"":""bb0b3088-f29a-4bab-8f07-0b645d2ee518"",""recorder_run_id"":""2e32687e-f8cf-4a91-8fec-dfa79fb2e0c2"",""client_id"":""9ece73d8-93e2-40b0-8ef9-75787e7f1947"",""client_timestamp"":1789616749.4066,""client_monotonic_ms"":511737.5,""event_timestamp"":1789616749.406956,""clock_offset_sec"":0.0003559589385986328,""clock_round_trip_ms"":5.699872970581055,""subject_id"":""sub-004"",""session_id"":""ses-001"",""block_id"":""Block 1"",""counterbalance_group"":""G04"",""block_order"":""Block 1"",""condition"":""B"",""condition_type"":""bbbd_subtraction"",""topic_key"":""V2"",""topic_name"":""百家争鸣 到底是哪百家"",""event_type"":""quiz_item_response"",""iso_time"":""2026-09-17T03:45:49.406Z"",""relative_ms"":382348,""video_time_sec"":312.773,""video_id"":""V2"",""question_id"":""V2Q2"",""question_text"":""儒家学派的代表人物是？"",""response_index"":1,""response_letter"":""B"",""response_text"":""孔子"",""correct_index"":1,""correct_letter"":""B"",""correct_text"":""孔子"",""is_correct"":true,""reaction_time_ms"":8204,""submitted_iso"":""2026-09-17T03:45:49.406Z"",""submitted_relative_ms"":382348}",2e32687e-f8cf-4a91-8fec-dfa79fb2e0c2,sub-004,ses-001,bb0b3088-f29a-4bab-8f07-0b645d2ee518,9ece73d8-93e2-40b0-8ef9-75787e7f1947,1789616749.475414,1789616749.4066,511737.5,9ece73d8-93e2-40b0-8ef9-75787e7f1947,browser_calibrated,0.0003559589385986328,5.699872970581055,108747,108747,0,11.931180953979492,host_receive_nearest,verified,1,1,,,,,,,,,1,,,,,,,,,,,,,,,,,儒家学派的代表人物是？,1,孔子,V2,B,312.773,1789616749.4066,1789616749.4755597,108747,,,,,,,,,,
d2801759-36e3-4608-b40a-b9e59c917cfc,quiz_item_response,1789616749.4115562,434.988,108777,1,1,,1,G04,B,bbbd_subtraction,quiz_item_response,法家的集大成者韩非子，其思想核心是？,,0.0,0.0,,V2Q3,C,C,True,10003,"{""client_event_id"":""d2801759-36e3-4608-b40a-b9e59c917cfc"",""recorder_run_id"":""2e32687e-f8cf-4a91-8fec-dfa79fb2e0c2"",""client_id"":""9ece73d8-93e2-40b0-8ef9-75787e7f1947"",""client_timestamp"":1789616749.4112003,""client_monotonic_ms"":511742.0999999996,""event_timestamp"":1789616749.4115562,""clock_offset_sec"":0.0003559589385986328,""clock_round_trip_ms"":5.699872970581055,""subject_id"":""sub-004"",""session_id"":""ses-001"",""block_id"":""Block 1"",""counterbalance_group"":""G04"",""block_order"":""Block 1"",""condition"":""B"",""condition_type"":""bbbd_subtraction"",""topic_key"":""V2"",""topic_name"":""百家争鸣 到底是哪百家"",""event_type"":""quiz_item_response"",""iso_time"":""2026-09-17T03:45:49.411Z"",""relative_ms"":382352,""video_time_sec"":312.773,""video_id"":""V2"",""question_id"":""V2Q3"",""question_text"":""法家的集大成者韩非子，其思想核心是？"",""response_index"":2,""response_letter"":""C"",""response_text"":""以法治国"",""correct_index"":2,""correct_letter"":""C"",""correct_text"":""以法治国"",""is_correct"":true,""reaction_time_ms"":10003,""submitted_iso"":""2026-09-17T03:45:49.411Z"",""submitted_relative_ms"":382352}",2e32687e-f8cf-4a91-8fec-dfa79fb2e0c2,sub-004,ses-001,d2801759-36e3-4608-b40a-b9e59c917cfc,9ece73d8-93e2-40b0-8ef9-75787e7f1947,1789616749.5007384,1789616749.4112003,511742.0999999996,9ece73d8-93e2-40b0-8ef9-75787e7f1947,browser_calibrated,0.0003559589385986328,5.699872970581055,108747,108747,0,7.330894470214844,host_receive_nearest,verified,1,1,,,,,,,,,1,,,,,,,,,,,,,,,,,法家的集大成者韩非子，其思想核心是？,2,以法治国,V2,B,312.773,1789616749.4112003,1789616749.500829,108747,,,,,,,,,,
18d218cd-87c9-4606-b3f4-27e3156e3bee,quiz_item_response,1789616749.415756,434.988,108787,1,1,,1,G04,B,bbbd_subtraction,quiz_item_response,纵横家学派的代表人物是？,,0.0,0.0,,V2Q4,C,C,True,12387,"{""client_event_id"":""18d218cd-87c9-4606-b3f4-27e3156e3bee"",""recorder_run_id"":""2e32687e-f8cf-4a91-8fec-dfa79fb2e0c2"",""client_id"":""9ece73d8-93e2-40b0-8ef9-75787e7f1947"",""client_timestamp"":1789616749.4154,""client_monotonic_ms"":511746.2999999998,""event_timestamp"":1789616749.415756,""clock_offset_sec"":0.0003559589385986328,""clock_round_trip_ms"":5.699872970581055,""subject_id"":""sub-004"",""session_id"":""ses-001"",""block_id"":""Block 1"",""counterbalance_group"":""G04"",""block_order"":""Block 1"",""condition"":""B"",""condition_type"":""bbbd_subtraction"",""topic_key"":""V2"",""topic_name"":""百家争鸣 到底是哪百家"",""event_type"":""quiz_item_response"",""iso_time"":""2026-09-17T03:45:49.415Z"",""relative_ms"":382356,""video_time_sec"":312.773,""video_id"":""V2"",""question_id"":""V2Q4"",""question_text"":""纵横家学派的代表人物是？"",""response_index"":2,""response_letter"":""C"",""response_text"":""张仪"",""correct_index"":2,""correct_letter"":""C"",""correct_text"":""张仪"",""is_correct"":true,""reaction_time_ms"":12387,""submitted_iso"":""2026-09-17T03:45:49.415Z"",""submitted_relative_ms"":382356}",2e32687e-f8cf-4a91-8fec-dfa79fb2e0c2,sub-004,ses-001,18d218cd-87c9-4606-b3f4-27e3156e3bee,9ece73d8-93e2-40b0-8ef9-75787e7f1947,1789616749.514166,1789616749.4154,511746.2999999998,9ece73d8-93e2-40b0-8ef9-75787e7f1947,browser_calibrated,0.0003559589385986328,5.699872970581055,108747,108747,0,3.1311511993408203,host_receive_nearest,verified,1,1,,,,,,,,,1,,,,,,,,,,,,,,,,,纵横家学派的代表人物是？,2,张仪,V2,B,312.773,1789616749.4154,1789616749.5142663,108747,,,,,,,,,,
5d2727ef-8c8e-461f-a460-7c20e9785f87,quiz_end,1789616749.418456,434.988,108787,1,1,,1,G04,B,bbbd_subtraction,quiz_end,4/4,17.975,0.0,0.0,,,,,,,"{""client_event_id"":""5d2727ef-8c8e-461f-a460-7c20e9785f87"",""recorder_run_id"":""2e32687e-f8cf-4a91-8fec-dfa79fb2e0c2"",""client_id"":""9ece73d8-93e2-40b0-8ef9-75787e7f1947"",""client_timestamp"":1789616749.4181,""client_monotonic_ms"":511749,""event_timestamp"":1789616749.418456,""clock_offset_sec"":0.0003559589385986328,""clock_round_trip_ms"":5.699872970581055,""subject_id"":""sub-004"",""session_id"":""ses-001"",""block_id"":""Block 1"",""counterbalance_group"":""G04"",""block_order"":""Block 1"",""condition"":""B"",""condition_type"":""bbbd_subtraction"",""topic_key"":""V2"",""topic_name"":""百家争鸣 到底是哪百家"",""event_type"":""quiz_end"",""iso_time"":""2026-09-17T03:45:49.418Z"",""relative_ms"":382359,""video_time_sec"":312.773,""score"":4,""total"":4,""duration_sec"":17.975}",2e32687e-f8cf-4a91-8fec-dfa79fb2e0c2,sub-004,ses-001,5d2727ef-8c8e-461f-a460-7c20e9785f87,9ece73d8-93e2-40b0-8ef9-75787e7f1947,1789616749.5300148,1789616749.4181,511749,9ece73d8-93e2-40b0-8ef9-75787e7f1947,browser_calibrated,0.0003559589385986328,5.699872970581055,108747,108747,0,0.431060791015625,host_receive_nearest,verified,1,1,,,,,,,,,1,,,,,,,,,,,,,,,4,4,,,,V2,B,312.773,1789616749.4181,1789616749.5301092,108747,,,,,,,,,,
5d2727ef-8c8e-461f-a460-7c20e9785f87,block_end,1789616749.418456,434.988,108787,1,1,,1,G04,B,bbbd_subtraction,block_end,V2,,0.0,0.0,,,,,,,,2e32687e-f8cf-4a91-8fec-dfa79fb2e0c2,sub-004,ses-001,5d2727ef-8c8e-461f-a460-7c20e9785f87,9ece73d8-93e2-40b0-8ef9-75787e7f1947,1789616749.5300148,1789616749.4181,511749,9ece73d8-93e2-40b0-8ef9-75787e7f1947,browser_calibrated,0.0003559589385986328,5.699872970581055,108747,108747,0,0.431060791015625,host_receive_nearest,verified,1,1,,,,,,,,,1,,,,,,,,,,,,,,,,,,,,V2,B,312.773,1789616749.4181,1789616749.530352,108747,,,,,,,,,,
3be78ffa-059c-46cd-8603-f0cbce0af542,rest_start,1789616749.4285562,435.044,108792,1,1,,1,G04,B,bbbd_subtraction,rest_start,after-block-1,,0.0,0.0,,,,,,,"{""client_event_id"":""3be78ffa-059c-46cd-8603-f0cbce0af542"",""recorder_run_id"":""2e32687e-f8cf-4a91-8fec-dfa79fb2e0c2"",""client_id"":""9ece73d8-93e2-40b0-8ef9-75787e7f1947"",""client_timestamp"":1789616749.4282002,""client_monotonic_ms"":511759.0999999996,""event_timestamp"":1789616749.4285562,""clock_offset_sec"":0.0003559589385986328,""clock_round_trip_ms"":5.699872970581055,""subject_id"":""sub-004"",""session_id"":""ses-001"",""block_id"":""Block 1"",""counterbalance_group"":""G04"",""block_order"":""Block 1"",""condition"":""B"",""condition_type"":""bbbd_subtraction"",""topic_key"":""V2"",""topic_name"":""百家争鸣 到底是哪百家"",""event_type"":""rest_start"",""iso_time"":""2026-09-17T03:45:49.428Z"",""relative_ms"":382369,""video_time_sec"":312.773,""after_block_id"":1,""planned_duration"":30,""actual_duration"":"""",""is_formal_experiment"":0}",2e32687e-f8cf-4a91-8fec-dfa79fb2e0c2,sub-004,ses-001,3be78ffa-059c-46cd-8603-f0cbce0af542,9ece73d8-93e2-40b0-8ef9-75787e7f1947,1789616749.5530837,1789616749.4282002,511759.0999999996,9ece73d8-93e2-40b0-8ef9-75787e7f1947,browser_calibrated,0.0003559589385986328,5.699872970581055,108761,108761,0,-6.434917449951172,host_receive_nearest,verified,0,1,,,,,1,,30,,0,,,,,,,,,,,,,,,,,,,,V2,B,312.773,1789616749.4282002,1789616749.5531807,108761,,,,,,,,,,
93db91ac-c514-47a7-86ec-027e8d0a833f,rest_end,1789616779.9463701,465.56,116391,1,1,,1,G04,B,bbbd_subtraction,rest_end,after-block-1,30.518,0.0,0.0,,,,,,,"{""client_event_id"":""93db91ac-c514-47a7-86ec-027e8d0a833f"",""recorder_run_id"":""2e32687e-f8cf-4a91-8fec-dfa79fb2e0c2"",""client_id"":""9ece73d8-93e2-40b0-8ef9-75787e7f1947"",""client_timestamp"":1789616779.9462001,""client_monotonic_ms"":542277.2000000002,""event_timestamp"":1789616779.9463701,""clock_offset_sec"":0.00016999244689941406,""clock_round_trip_ms"":5.899906158447266,""subject_id"":""sub-004"",""session_id"":""ses-001"",""block_id"":""Block 1"",""counterbalance_group"":""G04"",""block_order"":""Block 1"",""condition"":""B"",""condition_type"":""bbbd_subtraction"",""topic_key"":""V2"",""topic_name"":""百家争鸣 到底是哪百家"",""event_type"":""rest_end"",""iso_time"":""2026-09-17T03:46:19.946Z"",""relative_ms"":412887,""video_time_sec"":312.773,""after_block_id"":1,""planned_duration"":30,""actual_duration"":30.518,""duration_sec"":30.518,""is_formal_experiment"":0,""debug_early"":false}",2e32687e-f8cf-4a91-8fec-dfa79fb2e0c2,sub-004,ses-001,93db91ac-c514-47a7-86ec-027e8d0a833f,9ece73d8-93e2-40b0-8ef9-75787e7f1947,1789616779.9518938,1789616779.9462001,542277.2000000002,9ece73d8-93e2-40b0-8ef9-75787e7f1947,browser_calibrated,0.00016999244689941406,5.899906158447266,116390,116390,0,-13.846158981323242,host_receive_nearest,verified,0,1,,,,,1,,30,30.518,0,,,,,,,,,,,,,,,,,,,,V2,B,312.773,1789616779.9462001,1789616779.951993,116390,,,,,,,,,,
3862ad5b-2e12-4873-af7c-a5af74872eb5,block_start,1789616781.7358701,467.36,116841,2,2,,1,G04,A,focused,block_start,V3,,0.0,0.0,,,,,,,condition=A; condition_type=focused,2e32687e-f8cf-4a91-8fec-dfa79fb2e0c2,sub-004,ses-001,3862ad5b-2e12-4873-af7c-a5af74872eb5,9ece73d8-93e2-40b0-8ef9-75787e7f1947,1789616781.7413957,1789616781.7357001,544066.5999999996,9ece73d8-93e2-40b0-8ef9-75787e7f1947,browser_calibrated,0.00016999244689941406,5.899906158447266,116840,116840,0,-1.8568038940429688,host_receive_nearest,verified,0,1,,,,,,,,,1,,,,,,,,,,,,,,,,,,,,V3,A,0,1789616781.7357001,1789616781.7416275,116840,,,,,,,,,,
3862ad5b-2e12-4873-af7c-a5af74872eb5,condition_prompt_start,1789616781.7358701,467.36,116841,2,2,,1,G04,A,focused,condition_prompt_start,A,,0.0,0.0,,,,,,,,2e32687e-f8cf-4a91-8fec-dfa79fb2e0c2,sub-004,ses-001,3862ad5b-2e12-4873-af7c-a5af74872eb5,9ece73d8-93e2-40b0-8ef9-75787e7f1947,1789616781.7413957,1789616781.7357001,544066.5999999996,9ece73d8-93e2-40b0-8ef9-75787e7f1947,browser_calibrated,0.00016999244689941406,5.899906158447266,116840,116840,0,-1.8568038940429688,host_receive_nearest,verified,0,1,,,,,,,,,1,,,,,,,,,,,,,,,,,,,,V3,A,0,1789616781.7357001,1789616781.7417884,116840,,,,,,,,,,
3862ad5b-2e12-4873-af7c-a5af74872eb5,browser_block_config,1789616781.7358701,467.36,116841,2,2,,1,G04,A,focused,browser_block_config,V3,,0.0,0.0,,,,,,,"{""client_event_id"":""3862ad5b-2e12-4873-af7c-a5af74872eb5"",""recorder_run_id"":""2e32687e-f8cf-4a91-8fec-dfa79fb2e0c2"",""client_id"":""9ece73d8-93e2-40b0-8ef9-75787e7f1947"",""client_timestamp"":1789616781.7357001,""client_monotonic_ms"":544066.5999999996,""event_timestamp"":1789616781.7358701,""clock_offset_sec"":0.00016999244689941406,""clock_round_trip_ms"":5.899906158447266,""subject_id"":""sub-004"",""session_id"":""ses-001"",""block_id"":""Block 2"",""counterbalance_group"":""G04"",""block_order"":""Block 2"",""condition"":""A"",""condition_type"":""focused"",""topic_key"":""V3"",""topic_name"":""道德经主要讲的是什么"",""event_type"":""block_start"",""iso_time"":""2026-09-17T03:46:21.735Z"",""relative_ms"":0,""video_time_sec"":0,""block_start_iso"":""2026-09-17T03:46:21.735Z"",""config_json"":""{\""recorder_run_id\"":\""2e32687e-f8cf-4a91-8fec-dfa79fb2e0c2\"",\""subject_id\"":\""sub-004\"",\""session_id\"":\""ses-001\"",\""block_id\"":\""Block 2\"",\""counterbalance_group\"":\""G04\"",\""condition\"":\""A\"",\""condition_type\"":\""focused\"",\""topic_key\"":\""V3\"",\""topic_name\"":\""道德经主要讲的是什么\"",\""video_file\"":\""视频3-混知漫画｜《道德经》主要讲的啥呢？老子（下）-480P 标清-AVC.mp4\"",\""start_number\"":\""\"",\""generated_timestamp\"":\""\""}""}",2e32687e-f8cf-4a91-8fec-dfa79fb2e0c2,sub-004,ses-001,3862ad5b-2e12-4873-af7c-a5af74872eb5,9ece73d8-93e2-40b0-8ef9-75787e7f1947,1789616781.7413957,1789616781.7357001,544066.5999999996,9ece73d8-93e2-40b0-8ef9-75787e7f1947,browser_calibrated,0.00016999244689941406,5.899906158447266,116840,116840,0,-1.8568038940429688,host_receive_nearest,verified,0,1,,,,,,,,,1,,,,,,,,,,,,,,,,,,,,V3,A,0,1789616781.7357001,1789616781.7418814,116840,,,,,,,,,,
e8acaeba-cbdb-4529-bbd9-88b3f58fdee0,probe_schedule,1789616781.79267,467.42,116856,2,2,,1,G04,A,focused,probe_schedule,"51.248,110.334,218.425,294.511",,0.0,0.0,,,,,,,"{""client_event_id"":""e8acaeba-cbdb-4529-bbd9-88b3f58fdee0"",""recorder_run_id"":""2e32687e-f8cf-4a91-8fec-dfa79fb2e0c2"",""client_id"":""9ece73d8-93e2-40b0-8ef9-75787e7f1947"",""client_timestamp"":1789616781.7925,""client_monotonic_ms"":544123.4000000004,""event_timestamp"":1789616781.79267,""clock_offset_sec"":0.00016999244689941406,""clock_round_trip_ms"":5.899906158447266,""subject_id"":""sub-004"",""session_id"":""ses-001"",""block_id"":""Block 2"",""counterbalance_group"":""G04"",""block_order"":""Block 2"",""condition"":""A"",""condition_type"":""focused"",""topic_key"":""V3"",""topic_name"":""道德经主要讲的是什么"",""event_type"":""probe_schedule"",""iso_time"":""2026-09-17T03:46:21.792Z"",""relative_ms"":57,""video_time_sec"":0,""probe_schedule_id"":""5ff5de96-feda-4edc-a642-d8fa48d19a73"",""probe_times"":[51.248,110.334,218.425,294.511],""probe_config"":{""probes_per_block"":4,""min_first_onset_sec"":45,""min_end_margin_sec"":30,""min_gap_sec"":45},""video_duration_sec"":326.241,""video_id"":""V3"",""debug_fast"":false}",2e32687e-f8cf-4a91-8fec-dfa79fb2e0c2,sub-004,ses-001,e8acaeba-cbdb-4529-bbd9-88b3f58fdee0,9ece73d8-93e2-40b0-8ef9-75787e7f1947,1789616781.7984662,1789616781.7925,544123.4000000004,9ece73d8-93e2-40b0-8ef9-75787e7f1947,browser_calibrated,0.00016999244689941406,5.899906158447266,116855,116855,0,-0.5354881286621094,host_receive_nearest,verified,1,1,,,,,,,,,1,,,,,,,,,,,,,,,,,,,,V3,A,0,1789616781.7925,1789616781.7986555,116855,,4,5ff5de96-feda-4edc-a642-d8fa48d19a73,,,,,,,
dbede7bb-1d7a-49fc-86c7-201c5959e419,condition_prompt_end,1789616786.8191001,472.424,118111,2,2,,1,G04,A,focused,condition_prompt_end,0,,0.0,0.0,,,,,,,"{""client_event_id"":""dbede7bb-1d7a-49fc-86c7-201c5959e419"",""recorder_run_id"":""2e32687e-f8cf-4a91-8fec-dfa79fb2e0c2"",""client_id"":""9ece73d8-93e2-40b0-8ef9-75787e7f1947"",""client_timestamp"":1789616786.8191001,""client_monotonic_ms"":549150,""event_timestamp"":1789616786.8191001,""clock_offset_sec"":0.00016999244689941406,""clock_round_trip_ms"":5.899906158447266,""subject_id"":""sub-004"",""session_id"":""ses-001"",""block_id"":""Block 2"",""counterbalance_group"":""G04"",""block_order"":""Block 2"",""condition"":""A"",""condition_type"":""focused"",""topic_key"":""V3"",""topic_name"":""道德经主要讲的是什么"",""event_type"":""condition_prompt_end"",""iso_time"":""2026-09-17T03:46:26.819Z"",""relative_ms"":5084,""video_time_sec"":0}",2e32687e-f8cf-4a91-8fec-dfa79fb2e0c2,sub-004,ses-001,dbede7bb-1d7a-49fc-86c7-201c5959e419,9ece73d8-93e2-40b0-8ef9-75787e7f1947,1789616786.8381894,1789616786.8191001,549150,9ece73d8-93e2-40b0-8ef9-75787e7f1947,browser_calibrated,0.00016999244689941406,5.899906158447266,118106,118106,0,16.75581932067871,host_receive_nearest,verified,1,0,,,,,,,,,1,,,,,,,,,,,,,,,,,,,,V3,A,0,1789616786.8191001,1789616786.8383203,118106,,,,,,,,,,
caf27ed5-13f5-4374-8926-cbe50690644b,video_start,1789616786.8191001,472.424,118121,2,2,,1,G04,A,focused,video_start,V3,,0.0,0.0,,,,,,,,2e32687e-f8cf-4a91-8fec-dfa79fb2e0c2,sub-004,ses-001,caf27ed5-13f5-4374-8926-cbe50690644b,9ece73d8-93e2-40b0-8ef9-75787e7f1947,1789616786.8638928,1789616786.8272002,549158.2999999998,9ece73d8-93e2-40b0-8ef9-75787e7f1947,browser_calibrated,0.00016999244689941406,5.899906158447266,118106,118106,0,16.75581932067871,host_receive_nearest,verified,1,1,,,,,,,,,1,,,,,,,,,,,,,,,,,,,,V3,A,0,1789616786.8272002,1789616786.864015,118106,,,,,,,,,,
caf27ed5-13f5-4374-8926-cbe50690644b,video_play,1789616786.8191001,472.424,118121,2,2,,1,G04,A,focused,video_play,0,,0.0,0.0,,,,,,,"{""client_event_id"":""caf27ed5-13f5-4374-8926-cbe50690644b"",""recorder_run_id"":""2e32687e-f8cf-4a91-8fec-dfa79fb2e0c2"",""client_id"":""9ece73d8-93e2-40b0-8ef9-75787e7f1947"",""client_timestamp"":1789616786.8272002,""client_monotonic_ms"":549158.2999999998,""event_timestamp"":1789616786.8191001,""clock_offset_sec"":0.00016999244689941406,""clock_round_trip_ms"":5.899906158447266,""subject_id"":""sub-004"",""session_id"":""ses-001"",""block_id"":""Block 2"",""counterbalance_group"":""G04"",""block_order"":""Block 2"",""condition"":""A"",""condition_type"":""focused"",""topic_key"":""V3"",""topic_name"":""道德经主要讲的是什么"",""event_type"":""video_play"",""iso_time"":""2026-09-17T03:46:26.827Z"",""relative_ms"":5092,""video_time_sec"":0}",2e32687e-f8cf-4a91-8fec-dfa79fb2e0c2,sub-004,ses-001,caf27ed5-13f5-4374-8926-cbe50690644b,9ece73d8-93e2-40b0-8ef9-75787e7f1947,1789616786.8638928,1789616786.8272002,549158.2999999998,9ece73d8-93e2-40b0-8ef9-75787e7f1947,browser_calibrated,0.00016999244689941406,5.899906158447266,118106,118106,0,16.75581932067871,host_receive_nearest,verified,1,1,,,,,,,,,1,,,,,,,,,,,,,,,,,,,,V3,A,0,1789616786.8272002,1789616786.8641815,118106,,,,,,,,,,
157d3459-ac13-47a9-bd60-f5c3d52604c2,probe_onset,1789616838.150875,523.76,130941,2,2,,1,G04,A,focused,probe_onset,Block 2_1_5ff5de96,,0.0,0.0,,,,,,,"{""client_event_id"":""157d3459-ac13-47a9-bd60-f5c3d52604c2"",""recorder_run_id"":""2e32687e-f8cf-4a91-8fec-dfa79fb2e0c2"",""client_id"":""9ece73d8-93e2-40b0-8ef9-75787e7f1947"",""client_timestamp"":1789616838.1506002,""client_monotonic_ms"":600481.5999999996,""event_timestamp"":1789616838.150875,""clock_offset_sec"":0.00027489662170410156,""clock_round_trip_ms"":5.900144577026367,""subject_id"":""sub-004"",""session_id"":""ses-001"",""block_id"":""Block 2"",""counterbalance_group"":""G04"",""block_order"":""Block 2"",""condition"":""A"",""condition_type"":""focused"",""topic_key"":""V3"",""topic_name"":""道德经主要讲的是什么"",""event_type"":""probe_onset"",""iso_time"":""2026-09-17T03:47:18.150Z"",""relative_ms"":56415,""video_time_sec"":51.272,""probe_id"":""Block 2_1_5ff5de96"",""probe_index"":1,""probe_schedule_id"":""5ff5de96-feda-4edc-a642-d8fa48d19a73"",""probe_planned_time_sec"":51.248,""video_id"":""V3"",""pause_reason"":""thought_probe"",""forced"":false}",2e32687e-f8cf-4a91-8fec-dfa79fb2e0c2,sub-004,ses-001,157d3459-ac13-47a9-bd60-f5c3d52604c2,9ece73d8-93e2-40b0-8ef9-75787e7f1947,1789616838.1571958,1789616838.1506002,600481.5999999996,9ece73d8-93e2-40b0-8ef9-75787e7f1947,browser_calibrated,0.00027489662170410156,5.900144577026367,130940,130940,0,-13.867616653442383,host_receive_nearest,verified,1,1,,,,,,,,,1,,,,,,,,,,,,,,,,,,,,V3,A,51.272,1789616838.1506002,1789616838.1573277,130940,Block 2_1_5ff5de96,1,5ff5de96-feda-4edc-a642-d8fa48d19a73,51.248,,,,,,thought_probe
54e233e7-e6e4-4179-a867-a497acd5f031,attention_response,1789616841.0867748,526.68,131671,2,2,,1,G04,A,focused,attention_response,1,,0.0,0.0,,,,,,,"{""client_event_id"":""54e233e7-e6e4-4179-a867-a497acd5f031"",""recorder_run_id"":""2e32687e-f8cf-4a91-8fec-dfa79fb2e0c2"",""client_id"":""9ece73d8-93e2-40b0-8ef9-75787e7f1947"",""client_timestamp"":1789616841.0865,""client_monotonic_ms"":603417.4000000004,""event_timestamp"":1789616841.0867748,""clock_offset_sec"":0.00027489662170410156,""clock_round_trip_ms"":5.900144577026367,""subject_id"":""sub-004"",""session_id"":""ses-001"",""block_id"":""Block 2"",""counterbalance_group"":""G04"",""block_order"":""Block 2"",""condition"":""A"",""condition_type"":""focused"",""topic_key"":""V3"",""topic_name"":""道德经主要讲的是什么"",""event_type"":""attention_response"",""iso_time"":""2026-09-17T03:47:21.086Z"",""relative_ms"":59351,""video_time_sec"":51.272,""probe_id"":""Block 2_1_5ff5de96"",""probe_index"":1,""probe_schedule_id"":""5ff5de96-feda-4edc-a642-d8fa48d19a73"",""probe_planned_time_sec"":51.248,""video_id"":""V3"",""response"":1,""response_label"":""课程内容"",""probe_attention"":""ON"",""response_time_ms"":2936}",2e32687e-f8cf-4a91-8fec-dfa79fb2e0c2,sub-004,ses-001,54e233e7-e6e4-4179-a867-a497acd5f031,9ece73d8-93e2-40b0-8ef9-75787e7f1947,1789616841.0978026,1789616841.0865,603417.4000000004,9ece73d8-93e2-40b0-8ef9-75787e7f1947,browser_calibrated,0.00027489662170410156,5.900144577026367,131670,131670,0,-39.231300354003906,host_receive_nearest,verified,1,1,,,,,,,,,1,,,,,,,,,,,,,,,,,,,,V3,A,51.272,1789616841.0865,1789616841.111148,131670,Block 2_1_5ff5de96,1,5ff5de96-feda-4edc-a642-d8fa48d19a73,51.248,1,课程内容,2936,,ON,
fd7e0cc3-0b6d-44ca-817c-14aebf0e164a,confidence_response,1789616842.473075,528.08,132021,2,2,,1,G04,A,focused,confidence_response,3,,0.0,0.0,,,,,,,"{""client_event_id"":""fd7e0cc3-0b6d-44ca-817c-14aebf0e164a"",""recorder_run_id"":""2e32687e-f8cf-4a91-8fec-dfa79fb2e0c2"",""client_id"":""9ece73d8-93e2-40b0-8ef9-75787e7f1947"",""client_timestamp"":1789616842.4728,""client_monotonic_ms"":604803.7000000002,""event_timestamp"":1789616842.473075,""clock_offset_sec"":0.00027489662170410156,""clock_round_trip_ms"":5.900144577026367,""subject_id"":""sub-004"",""session_id"":""ses-001"",""block_id"":""Block 2"",""counterbalance_group"":""G04"",""block_order"":""Block 2"",""condition"":""A"",""condition_type"":""focused"",""topic_key"":""V3"",""topic_name"":""道德经主要讲的是什么"",""event_type"":""confidence_response"",""iso_time"":""2026-09-17T03:47:22.472Z"",""relative_ms"":60737,""video_time_sec"":51.272,""probe_id"":""Block 2_1_5ff5de96"",""probe_index"":1,""probe_schedule_id"":""5ff5de96-feda-4edc-a642-d8fa48d19a73"",""probe_planned_time_sec"":51.248,""video_id"":""V3"",""response"":1,""confidence"":3,""response_time_ms"":1386}",2e32687e-f8cf-4a91-8fec-dfa79fb2e0c2,sub-004,ses-001,fd7e0cc3-0b6d-44ca-817c-14aebf0e164a,9ece73d8-93e2-40b0-8ef9-75787e7f1947,1789616842.4783115,1789616842.4728,604803.7000000002,9ece73d8-93e2-40b0-8ef9-75787e7f1947,browser_calibrated,0.00027489662170410156,5.900144577026367,132020,132020,0,-15.661239624023438,host_receive_nearest,verified,1,1,,,,,,,,,1,,,,,,,,,,,,,,,,,,,,V3,A,51.272,1789616842.4728,1789616842.4898436,132020,Block 2_1_5ff5de96,1,5ff5de96-feda-4edc-a642-d8fa48d19a73,51.248,,,1386,3,,
f1395f00-7cb7-400b-92b8-9ba8d42fc76a,phase_change,1789616842.482475,528.084,132026,2,2,,1,G04,A,focused,phase_change,video,,0.0,0.0,,,,,,,,2e32687e-f8cf-4a91-8fec-dfa79fb2e0c2,sub-004,ses-001,f1395f00-7cb7-400b-92b8-9ba8d42fc76a,9ece73d8-93e2-40b0-8ef9-75787e7f1947,1789616842.5104845,1789616842.4822001,604813.0999999996,9ece73d8-93e2-40b0-8ef9-75787e7f1947,browser_calibrated,0.00027489662170410156,5.900144577026367,132021,132021,0,8.519411087036133,host_receive_nearest,verified,1,1,,,,,,,,,1,,,,,,,,,,,,,,,,,,,,V3,A,51.328,1789616842.4822001,1789616842.5106087,132021,,,,,,,,,,
f1395f00-7cb7-400b-92b8-9ba8d42fc76a,video_resume,1789616842.482475,528.084,132026,2,2,,1,G04,A,focused,video_resume,51.328,,0.0,0.0,,,,,,,"{""client_event_id"":""f1395f00-7cb7-400b-92b8-9ba8d42fc76a"",""recorder_run_id"":""2e32687e-f8cf-4a91-8fec-dfa79fb2e0c2"",""client_id"":""9ece73d8-93e2-40b0-8ef9-75787e7f1947"",""client_timestamp"":1789616842.4822001,""client_monotonic_ms"":604813.0999999996,""event_timestamp"":1789616842.482475,""clock_offset_sec"":0.00027489662170410156,""clock_round_trip_ms"":5.900144577026367,""subject_id"":""sub-004"",""session_id"":""ses-001"",""block_id"":""Block 2"",""counterbalance_group"":""G04"",""block_order"":""Block 2"",""condition"":""A"",""condition_type"":""focused"",""topic_key"":""V3"",""topic_name"":""道德经主要讲的是什么"",""event_type"":""video_resume"",""iso_time"":""2026-09-17T03:47:22.482Z"",""relative_ms"":60747,""video_time_sec"":51.328,""probe_id"":""Block 2_1_5ff5de96"",""probe_index"":1,""probe_schedule_id"":""5ff5de96-feda-4edc-a642-d8fa48d19a73"",""probe_planned_time_sec"":51.248,""video_id"":""V3"",""pause_reason"":""thought_probe"",""resume_status"":""playing""}",2e32687e-f8cf-4a91-8fec-dfa79fb2e0c2,sub-004,ses-001,f1395f00-7cb7-400b-92b8-9ba8d42fc76a,9ece73d8-93e2-40b0-8ef9-75787e7f1947,1789616842.5104845,1789616842.4822001,604813.0999999996,9ece73d8-93e2-40b0-8ef9-75787e7f1947,browser_calibrated,0.00027489662170410156,5.900144577026367,132021,132021,0,8.519411087036133,host_receive_nearest,verified,1,1,,,,,,,,,1,,,,,,,,,,,,,,,,,,,,V3,A,51.328,1789616842.4822001,1789616842.510899,132021,Block 2_1_5ff5de96,,,,,,,,,thought_probe
221893fa-caa3-46d5-b11b-08de8ebc6110,probe_onset,1789616901.8109024,587.42,146856,2,2,,1,G04,A,focused,probe_onset,Block 2_2_5ff5de96,,0.0,0.0,,,,,,,"{""client_event_id"":""221893fa-caa3-46d5-b11b-08de8ebc6110"",""recorder_run_id"":""2e32687e-f8cf-4a91-8fec-dfa79fb2e0c2"",""client_id"":""9ece73d8-93e2-40b0-8ef9-75787e7f1947"",""client_timestamp"":1789616901.8105,""client_monotonic_ms"":664141.4000000004,""event_timestamp"":1789616901.8109024,""clock_offset_sec"":0.0004024505615234375,""clock_round_trip_ms"":5.600214004516602,""subject_id"":""sub-004"",""session_id"":""ses-001"",""block_id"":""Block 2"",""counterbalance_group"":""G04"",""block_order"":""Block 2"",""condition"":""A"",""condition_type"":""focused"",""topic_key"":""V3"",""topic_name"":""道德经主要讲的是什么"",""event_type"":""probe_onset"",""iso_time"":""2026-09-17T03:48:21.810Z"",""relative_ms"":120075,""video_time_sec"":110.597,""probe_id"":""Block 2_2_5ff5de96"",""probe_index"":2,""probe_schedule_id"":""5ff5de96-feda-4edc-a642-d8fa48d19a73"",""probe_planned_time_sec"":110.334,""video_id"":""V3"",""pause_reason"":""thought_probe"",""forced"":false}",2e32687e-f8cf-4a91-8fec-dfa79fb2e0c2,sub-004,ses-001,221893fa-caa3-46d5-b11b-08de8ebc6110,9ece73d8-93e2-40b0-8ef9-75787e7f1947,1789616901.8170764,1789616901.8105,664141.4000000004,9ece73d8-93e2-40b0-8ef9-75787e7f1947,browser_calibrated,0.0004024505615234375,5.600214004516602,146855,146855,0,-10.096073150634766,host_receive_nearest,verified,1,1,,,,,,,,,1,,,,,,,,,,,,,,,,,,,,V3,A,110.597,1789616901.8105,1789616901.8172095,146855,Block 2_2_5ff5de96,2,5ff5de96-feda-4edc-a642-d8fa48d19a73,110.334,,,,,,thought_probe
5a17bda2-d84f-455d-9bc1-ee7cbb7dd9fc,attention_response,1789616904.6931026,590.3,147591,2,2,,1,G04,A,focused,attention_response,1,,0.0,0.0,,,,,,,"{""client_event_id"":""5a17bda2-d84f-455d-9bc1-ee7cbb7dd9fc"",""recorder_run_id"":""2e32687e-f8cf-4a91-8fec-dfa79fb2e0c2"",""client_id"":""9ece73d8-93e2-40b0-8ef9-75787e7f1947"",""client_timestamp"":1789616904.6927001,""client_monotonic_ms"":667023.5999999996,""event_timestamp"":1789616904.6931026,""clock_offset_sec"":0.0004024505615234375,""clock_round_trip_ms"":5.600214004516602,""subject_id"":""sub-004"",""session_id"":""ses-001"",""block_id"":""Block 2"",""counterbalance_group"":""G04"",""block_order"":""Block 2"",""condition"":""A"",""condition_type"":""focused"",""topic_key"":""V3"",""topic_name"":""道德经主要讲的是什么"",""event_type"":""attention_response"",""iso_time"":""2026-09-17T03:48:24.692Z"",""relative_ms"":122957,""video_time_sec"":110.597,""probe_id"":""Block 2_2_5ff5de96"",""probe_index"":2,""probe_schedule_id"":""5ff5de96-feda-4edc-a642-d8fa48d19a73"",""probe_planned_time_sec"":110.334,""video_id"":""V3"",""response"":1,""response_label"":""课程内容"",""probe_attention"":""ON"",""response_time_ms"":2882}",2e32687e-f8cf-4a91-8fec-dfa79fb2e0c2,sub-004,ses-001,5a17bda2-d84f-455d-9bc1-ee7cbb7dd9fc,9ece73d8-93e2-40b0-8ef9-75787e7f1947,1789616904.742015,1789616904.6927001,667023.5999999996,9ece73d8-93e2-40b0-8ef9-75787e7f1947,browser_calibrated,0.0004024505615234375,5.600214004516602,147575,147575,0,-14.169692993164062,host_receive_nearest,verified,1,1,,,,,,,,,1,,,,,,,,,,,,,,,,,,,,V3,A,110.597,1789616904.6927001,1789616904.75531,147575,Block 2_2_5ff5de96,2,5ff5de96-feda-4edc-a642-d8fa48d19a73,110.334,1,课程内容,2882,,ON,
5e30b71e-9f82-4fa6-9a3f-149cd0867c34,confidence_response,1789616906.0185816,591.62,147906,2,2,,1,G04,A,focused,confidence_response,3,,0.0,0.0,,,,,,,"{""client_event_id"":""5e30b71e-9f82-4fa6-9a3f-149cd0867c34"",""recorder_run_id"":""2e32687e-f8cf-4a91-8fec-dfa79fb2e0c2"",""client_id"":""9ece73d8-93e2-40b0-8ef9-75787e7f1947"",""client_timestamp"":1789616906.0184002,""client_monotonic_ms"":668349.4000000004,""event_timestamp"":1789616906.0185816,""clock_offset_sec"":0.00018143653869628906,""clock_round_trip_ms"":5.800008773803711,""subject_id"":""sub-004"",""session_id"":""ses-001"",""block_id"":""Block 2"",""counterbalance_group"":""G04"",""block_order"":""Block 2"",""condition"":""A"",""condition_type"":""focused"",""topic_key"":""V3"",""topic_name"":""道德经主要讲的是什么"",""event_type"":""confidence_response"",""iso_time"":""2026-09-17T03:48:26.018Z"",""relative_ms"":124283,""video_time_sec"":110.597,""probe_id"":""Block 2_2_5ff5de96"",""probe_index"":2,""probe_schedule_id"":""5ff5de96-feda-4edc-a642-d8fa48d19a73"",""probe_planned_time_sec"":110.334,""video_id"":""V3"",""response"":1,""confidence"":3,""response_time_ms"":1326}",2e32687e-f8cf-4a91-8fec-dfa79fb2e0c2,sub-004,ses-001,5e30b71e-9f82-4fa6-9a3f-149cd0867c34,9ece73d8-93e2-40b0-8ef9-75787e7f1947,1789616906.0243375,1789616906.0184002,668349.4000000004,9ece73d8-93e2-40b0-8ef9-75787e7f1947,browser_calibrated,0.00018143653869628906,5.800008773803711,147905,147905,0,-15.941381454467773,host_receive_nearest,verified,1,1,,,,,,,,,1,,,,,,,,,,,,,,,,,,,,V3,A,110.597,1789616906.0184002,1789616906.0346103,147905,Block 2_2_5ff5de96,2,5ff5de96-feda-4edc-a642-d8fa48d19a73,110.334,,,1326,3,,
37f39aa1-e4a2-4974-a3c7-622c06d26d60,phase_change,1789616906.0279815,591.624,147916,2,2,,1,G04,A,focused,phase_change,video,,0.0,0.0,,,,,,,,2e32687e-f8cf-4a91-8fec-dfa79fb2e0c2,sub-004,ses-001,37f39aa1-e4a2-4974-a3c7-622c06d26d60,9ece73d8-93e2-40b0-8ef9-75787e7f1947,1789616906.0609422,1789616906.0278,668358.7000000002,9ece73d8-93e2-40b0-8ef9-75787e7f1947,browser_calibrated,0.00018143653869628906,5.800008773803711,147906,147906,0,7.676839828491211,host_receive_nearest,verified,1,1,,,,,,,,,1,,,,,,,,,,,,,,,,,,,,V3,A,110.655,1789616906.0278,1789616906.0610583,147906,,,,,,,,,,
37f39aa1-e4a2-4974-a3c7-622c06d26d60,video_resume,1789616906.0279815,591.624,147916,2,2,,1,G04,A,focused,video_resume,110.655,,0.0,0.0,,,,,,,"{""client_event_id"":""37f39aa1-e4a2-4974-a3c7-622c06d26d60"",""recorder_run_id"":""2e32687e-f8cf-4a91-8fec-dfa79fb2e0c2"",""client_id"":""9ece73d8-93e2-40b0-8ef9-75787e7f1947"",""client_timestamp"":1789616906.0278,""client_monotonic_ms"":668358.7000000002,""event_timestamp"":1789616906.0279815,""clock_offset_sec"":0.00018143653869628906,""clock_round_trip_ms"":5.800008773803711,""subject_id"":""sub-004"",""session_id"":""ses-001"",""block_id"":""Block 2"",""counterbalance_group"":""G04"",""block_order"":""Block 2"",""condition"":""A"",""condition_type"":""focused"",""topic_key"":""V3"",""topic_name"":""道德经主要讲的是什么"",""event_type"":""video_resume"",""iso_time"":""2026-09-17T03:48:26.027Z"",""relative_ms"":124292,""video_time_sec"":110.655,""probe_id"":""Block 2_2_5ff5de96"",""probe_index"":2,""probe_schedule_id"":""5ff5de96-feda-4edc-a642-d8fa48d19a73"",""probe_planned_time_sec"":110.334,""video_id"":""V3"",""pause_reason"":""thought_probe"",""resume_status"":""playing""}",2e32687e-f8cf-4a91-8fec-dfa79fb2e0c2,sub-004,ses-001,37f39aa1-e4a2-4974-a3c7-622c06d26d60,9ece73d8-93e2-40b0-8ef9-75787e7f1947,1789616906.0609422,1789616906.0278,668358.7000000002,9ece73d8-93e2-40b0-8ef9-75787e7f1947,browser_calibrated,0.00018143653869628906,5.800008773803711,147906,147906,0,7.676839828491211,host_receive_nearest,verified,1,1,,,,,,,,,1,,,,,,,,,,,,,,,,,,,,V3,A,110.655,1789616906.0278,1789616906.061296,147906,Block 2_2_5ff5de96,,,,,,,,,thought_probe
7b6b6307-2761-433a-b544-c6973feafd42,probe_onset,1789617013.9301553,699.536,174885,2,2,,1,G04,A,focused,probe_onset,Block 2_3_5ff5de96,,0.0,0.0,,,,,,,"{""client_event_id"":""7b6b6307-2761-433a-b544-c6973feafd42"",""recorder_run_id"":""2e32687e-f8cf-4a91-8fec-dfa79fb2e0c2"",""client_id"":""9ece73d8-93e2-40b0-8ef9-75787e7f1947"",""client_timestamp"":1789617013.9299002,""client_monotonic_ms"":776260.7999999998,""event_timestamp"":1789617013.9301553,""clock_offset_sec"":0.0002551078796386719,""clock_round_trip_ms"":5.900144577026367,""subject_id"":""sub-004"",""session_id"":""ses-001"",""block_id"":""Block 2"",""counterbalance_group"":""G04"",""block_order"":""Block 2"",""condition"":""A"",""condition_type"":""focused"",""topic_key"":""V3"",""topic_name"":""道德经主要讲的是什么"",""event_type"":""probe_onset"",""iso_time"":""2026-09-17T03:50:13.929Z"",""relative_ms"":232194,""video_time_sec"":218.508,""probe_id"":""Block 2_3_5ff5de96"",""probe_index"":3,""probe_schedule_id"":""5ff5de96-feda-4edc-a642-d8fa48d19a73"",""probe_planned_time_sec"":218.425,""video_id"":""V3"",""pause_reason"":""thought_probe"",""forced"":false}",2e32687e-f8cf-4a91-8fec-dfa79fb2e0c2,sub-004,ses-001,7b6b6307-2761-433a-b544-c6973feafd42,9ece73d8-93e2-40b0-8ef9-75787e7f1947,1789617013.9368968,1789617013.9299002,776260.7999999998,9ece73d8-93e2-40b0-8ef9-75787e7f1947,browser_calibrated,0.0002551078796386719,5.900144577026367,174884,174884,0,-7.494688034057617,host_receive_nearest,verified,1,1,,,,,,,,,1,,,,,,,,,,,,,,,,,,,,V3,A,218.508,1789617013.9299002,1789617013.9370296,174884,Block 2_3_5ff5de96,3,5ff5de96-feda-4edc-a642-d8fa48d19a73,218.425,,,,,,thought_probe
a5c39329-444f-49ce-8be0-5334d09a5bcc,attention_response,1789617016.4562552,702.056,175515,2,2,,1,G04,A,focused,attention_response,1,,0.0,0.0,,,,,,,"{""client_event_id"":""a5c39329-444f-49ce-8be0-5334d09a5bcc"",""recorder_run_id"":""2e32687e-f8cf-4a91-8fec-dfa79fb2e0c2"",""client_id"":""9ece73d8-93e2-40b0-8ef9-75787e7f1947"",""client_timestamp"":1789617016.456,""client_monotonic_ms"":778786.9000000004,""event_timestamp"":1789617016.4562552,""clock_offset_sec"":0.0002551078796386719,""clock_round_trip_ms"":5.900144577026367,""subject_id"":""sub-004"",""session_id"":""ses-001"",""block_id"":""Block 2"",""counterbalance_group"":""G04"",""block_order"":""Block 2"",""condition"":""A"",""condition_type"":""focused"",""topic_key"":""V3"",""topic_name"":""道德经主要讲的是什么"",""event_type"":""attention_response"",""iso_time"":""2026-09-17T03:50:16.456Z"",""relative_ms"":234721,""video_time_sec"":218.508,""probe_id"":""Block 2_3_5ff5de96"",""probe_index"":3,""probe_schedule_id"":""5ff5de96-feda-4edc-a642-d8fa48d19a73"",""probe_planned_time_sec"":218.425,""video_id"":""V3"",""response"":1,""response_label"":""课程内容"",""probe_attention"":""ON"",""response_time_ms"":2526}",2e32687e-f8cf-4a91-8fec-dfa79fb2e0c2,sub-004,ses-001,a5c39329-444f-49ce-8be0-5334d09a5bcc,9ece73d8-93e2-40b0-8ef9-75787e7f1947,1789617016.4627573,1789617016.456,778786.9000000004,9ece73d8-93e2-40b0-8ef9-75787e7f1947,browser_calibrated,0.0002551078796386719,5.900144577026367,175514,175514,0,-20.2181339263916,host_receive_nearest,verified,1,1,,,,,,,,,1,,,,,,,,,,,,,,,,,,,,V3,A,218.508,1789617016.456,1789617016.50835,175514,Block 2_3_5ff5de96,3,5ff5de96-feda-4edc-a642-d8fa48d19a73,218.425,1,课程内容,2526,,ON,
10a70c85-5c60-440f-b179-85140daaafa8,confidence_response,1789617017.4978552,703.096,175775,2,2,,1,G04,A,focused,confidence_response,3,,0.0,0.0,,,,,,,"{""client_event_id"":""10a70c85-5c60-440f-b179-85140daaafa8"",""recorder_run_id"":""2e32687e-f8cf-4a91-8fec-dfa79fb2e0c2"",""client_id"":""9ece73d8-93e2-40b0-8ef9-75787e7f1947"",""client_timestamp"":1789617017.4976,""client_monotonic_ms"":779828.5999999996,""event_timestamp"":1789617017.4978552,""clock_offset_sec"":0.0002551078796386719,""clock_round_trip_ms"":5.900144577026367,""subject_id"":""sub-004"",""session_id"":""ses-001"",""block_id"":""Block 2"",""counterbalance_group"":""G04"",""block_order"":""Block 2"",""condition"":""A"",""condition_type"":""focused"",""topic_key"":""V3"",""topic_name"":""道德经主要讲的是什么"",""event_type"":""confidence_response"",""iso_time"":""2026-09-17T03:50:17.497Z"",""relative_ms"":235762,""video_time_sec"":218.508,""probe_id"":""Block 2_3_5ff5de96"",""probe_index"":3,""probe_schedule_id"":""5ff5de96-feda-4edc-a642-d8fa48d19a73"",""probe_planned_time_sec"":218.425,""video_id"":""V3"",""response"":1,""confidence"":3,""response_time_ms"":1042}",2e32687e-f8cf-4a91-8fec-dfa79fb2e0c2,sub-004,ses-001,10a70c85-5c60-440f-b179-85140daaafa8,9ece73d8-93e2-40b0-8ef9-75787e7f1947,1789617017.503394,1789617017.4976,779828.5999999996,9ece73d8-93e2-40b0-8ef9-75787e7f1947,browser_calibrated,0.0002551078796386719,5.900144577026367,175774,175774,0,-13.71312141418457,host_receive_nearest,verified,1,1,,,,,,,,,1,,,,,,,,,,,,,,,,,,,,V3,A,218.508,1789617017.4976,1789617017.514578,175774,Block 2_3_5ff5de96,3,5ff5de96-feda-4edc-a642-d8fa48d19a73,218.425,,,1042,3,,
d31a1a2f-16e1-480b-8571-931d94c3bc31,phase_change,1789617017.506055,703.1,175785,2,2,,1,G04,A,focused,phase_change,video,,0.0,0.0,,,,,,,,2e32687e-f8cf-4a91-8fec-dfa79fb2e0c2,sub-004,ses-001,d31a1a2f-16e1-480b-8571-931d94c3bc31,9ece73d8-93e2-40b0-8ef9-75787e7f1947,1789617017.5354254,1789617017.5058,779836.7000000002,9ece73d8-93e2-40b0-8ef9-75787e7f1947,browser_calibrated,0.0002551078796386719,5.900144577026367,175775,175775,0,10.920047760009766,host_receive_nearest,verified,1,1,,,,,,,,,1,,,,,,,,,,,,,,,,,,,,V3,A,218.558,1789617017.5058,1789617017.5355592,175775,,,,,,,,,,
d31a1a2f-16e1-480b-8571-931d94c3bc31,video_resume,1789617017.506055,703.1,175785,2,2,,1,G04,A,focused,video_resume,218.558,,0.0,0.0,,,,,,,"{""client_event_id"":""d31a1a2f-16e1-480b-8571-931d94c3bc31"",""recorder_run_id"":""2e32687e-f8cf-4a91-8fec-dfa79fb2e0c2"",""client_id"":""9ece73d8-93e2-40b0-8ef9-75787e7f1947"",""client_timestamp"":1789617017.5058,""client_monotonic_ms"":779836.7000000002,""event_timestamp"":1789617017.506055,""clock_offset_sec"":0.0002551078796386719,""clock_round_trip_ms"":5.900144577026367,""subject_id"":""sub-004"",""session_id"":""ses-001"",""block_id"":""Block 2"",""counterbalance_group"":""G04"",""block_order"":""Block 2"",""condition"":""A"",""condition_type"":""focused"",""topic_key"":""V3"",""topic_name"":""道德经主要讲的是什么"",""event_type"":""video_resume"",""iso_time"":""2026-09-17T03:50:17.505Z"",""relative_ms"":235770,""video_time_sec"":218.558,""probe_id"":""Block 2_3_5ff5de96"",""probe_index"":3,""probe_schedule_id"":""5ff5de96-feda-4edc-a642-d8fa48d19a73"",""probe_planned_time_sec"":218.425,""video_id"":""V3"",""pause_reason"":""thought_probe"",""resume_status"":""playing""}",2e32687e-f8cf-4a91-8fec-dfa79fb2e0c2,sub-004,ses-001,d31a1a2f-16e1-480b-8571-931d94c3bc31,9ece73d8-93e2-40b0-8ef9-75787e7f1947,1789617017.5354254,1789617017.5058,779836.7000000002,9ece73d8-93e2-40b0-8ef9-75787e7f1947,browser_calibrated,0.0002551078796386719,5.900144577026367,175775,175775,0,10.920047760009766,host_receive_nearest,verified,1,1,,,,,,,,,1,,,,,,,,,,,,,,,,,,,,V3,A,218.558,1789617017.5058,1789617017.535782,175775,Block 2_3_5ff5de96,,,,,,,,,thought_probe
c4d35ae7-484a-45e9-aae1-0b78117248f9,probe_onset,1789617093.5331252,779.116,194785,2,2,,1,G04,A,focused,probe_onset,Block 2_4_5ff5de96,,0.0,0.0,,,,,,,"{""client_event_id"":""c4d35ae7-484a-45e9-aae1-0b78117248f9"",""recorder_run_id"":""2e32687e-f8cf-4a91-8fec-dfa79fb2e0c2"",""client_id"":""9ece73d8-93e2-40b0-8ef9-75787e7f1947"",""client_timestamp"":1789617093.5328,""client_monotonic_ms"":855863.7999999998,""event_timestamp"":1789617093.5331252,""clock_offset_sec"":0.00032520294189453125,""clock_round_trip_ms"":4.10008430480957,""subject_id"":""sub-004"",""session_id"":""ses-001"",""block_id"":""Block 2"",""counterbalance_group"":""G04"",""block_order"":""Block 2"",""condition"":""A"",""condition_type"":""focused"",""topic_key"":""V3"",""topic_name"":""道德经主要讲的是什么"",""event_type"":""probe_onset"",""iso_time"":""2026-09-17T03:51:33.532Z"",""relative_ms"":311797,""video_time_sec"":294.531,""probe_id"":""Block 2_4_5ff5de96"",""probe_index"":4,""probe_schedule_id"":""5ff5de96-feda-4edc-a642-d8fa48d19a73"",""probe_planned_time_sec"":294.511,""video_id"":""V3"",""pause_reason"":""thought_probe"",""forced"":false}",2e32687e-f8cf-4a91-8fec-dfa79fb2e0c2,sub-004,ses-001,c4d35ae7-484a-45e9-aae1-0b78117248f9,9ece73d8-93e2-40b0-8ef9-75787e7f1947,1789617093.5410476,1789617093.5328,855863.7999999998,9ece73d8-93e2-40b0-8ef9-75787e7f1947,browser_calibrated,0.00032520294189453125,4.10008430480957,194779,194779,0,5.854129791259766,host_receive_nearest,verified,1,1,,,,,,,,,1,,,,,,,,,,,,,,,,,,,,V3,A,294.531,1789617093.5328,1789617093.5411835,194779,Block 2_4_5ff5de96,4,5ff5de96-feda-4edc-a642-d8fa48d19a73,294.511,,,,,,thought_probe
a2c5b89e-14c4-47b1-8bcf-f3502b4077c8,attention_response,1789617097.8540254,783.416,195859,2,2,,1,G04,A,focused,attention_response,1,,0.0,0.0,,,,,,,"{""client_event_id"":""a2c5b89e-14c4-47b1-8bcf-f3502b4077c8"",""recorder_run_id"":""2e32687e-f8cf-4a91-8fec-dfa79fb2e0c2"",""client_id"":""9ece73d8-93e2-40b0-8ef9-75787e7f1947"",""client_timestamp"":1789617097.8537002,""client_monotonic_ms"":860184.5999999996,""event_timestamp"":1789617097.8540254,""clock_offset_sec"":0.00032520294189453125,""clock_round_trip_ms"":4.10008430480957,""subject_id"":""sub-004"",""session_id"":""ses-001"",""block_id"":""Block 2"",""counterbalance_group"":""G04"",""block_order"":""Block 2"",""condition"":""A"",""condition_type"":""focused"",""topic_key"":""V3"",""topic_name"":""道德经主要讲的是什么"",""event_type"":""attention_response"",""iso_time"":""2026-09-17T03:51:37.853Z"",""relative_ms"":316118,""video_time_sec"":294.531,""probe_id"":""Block 2_4_5ff5de96"",""probe_index"":4,""probe_schedule_id"":""5ff5de96-feda-4edc-a642-d8fa48d19a73"",""probe_planned_time_sec"":294.511,""video_id"":""V3"",""response"":1,""response_label"":""课程内容"",""probe_attention"":""ON"",""response_time_ms"":4321}",2e32687e-f8cf-4a91-8fec-dfa79fb2e0c2,sub-004,ses-001,a2c5b89e-14c4-47b1-8bcf-f3502b4077c8,9ece73d8-93e2-40b0-8ef9-75787e7f1947,1789617097.859753,1789617097.8537002,860184.5999999996,9ece73d8-93e2-40b0-8ef9-75787e7f1947,browser_calibrated,0.00032520294189453125,4.10008430480957,195854,195854,0,4.461050033569336,host_receive_nearest,verified,1,1,,,,,,,,,1,,,,,,,,,,,,,,,,,,,,V3,A,294.531,1789617097.8537002,1789617097.8708367,195854,Block 2_4_5ff5de96,4,5ff5de96-feda-4edc-a642-d8fa48d19a73,294.511,1,课程内容,4321,,ON,
d60f84f8-5f67-4b01-9ce2-332981e7d2bc,confidence_response,1789617101.4300253,787.032,196759,2,2,,1,G04,A,focused,confidence_response,3,,0.0,0.0,,,,,,,"{""client_event_id"":""d60f84f8-5f67-4b01-9ce2-332981e7d2bc"",""recorder_run_id"":""2e32687e-f8cf-4a91-8fec-dfa79fb2e0c2"",""client_id"":""9ece73d8-93e2-40b0-8ef9-75787e7f1947"",""client_timestamp"":1789617101.4297001,""client_monotonic_ms"":863760.7000000002,""event_timestamp"":1789617101.4300253,""clock_offset_sec"":0.00032520294189453125,""clock_round_trip_ms"":4.10008430480957,""subject_id"":""sub-004"",""session_id"":""ses-001"",""block_id"":""Block 2"",""counterbalance_group"":""G04"",""block_order"":""Block 2"",""condition"":""A"",""condition_type"":""focused"",""topic_key"":""V3"",""topic_name"":""道德经主要讲的是什么"",""event_type"":""confidence_response"",""iso_time"":""2026-09-17T03:51:41.429Z"",""relative_ms"":319694,""video_time_sec"":294.531,""probe_id"":""Block 2_4_5ff5de96"",""probe_index"":4,""probe_schedule_id"":""5ff5de96-feda-4edc-a642-d8fa48d19a73"",""probe_planned_time_sec"":294.511,""video_id"":""V3"",""response"":1,""confidence"":3,""response_time_ms"":3576}",2e32687e-f8cf-4a91-8fec-dfa79fb2e0c2,sub-004,ses-001,d60f84f8-5f67-4b01-9ce2-332981e7d2bc,9ece73d8-93e2-40b0-8ef9-75787e7f1947,1789617101.4350476,1789617101.4297001,863760.7000000002,9ece73d8-93e2-40b0-8ef9-75787e7f1947,browser_calibrated,0.00032520294189453125,4.10008430480957,196758,196758,0,-0.659942626953125,host_receive_nearest,verified,1,1,,,,,,,,,1,,,,,,,,,,,,,,,,,,,,V3,A,294.531,1789617101.4297001,1789617101.4464114,196758,Block 2_4_5ff5de96,4,5ff5de96-feda-4edc-a642-d8fa48d19a73,294.511,,,3576,3,,
d33390ec-1b4b-45e8-9a6f-3388cc917296,phase_change,1789617101.4394252,787.032,196769,2,2,,1,G04,A,focused,phase_change,video,,0.0,0.0,,,,,,,,2e32687e-f8cf-4a91-8fec-dfa79fb2e0c2,sub-004,ses-001,d33390ec-1b4b-45e8-9a6f-3388cc917296,9ece73d8-93e2-40b0-8ef9-75787e7f1947,1789617101.4705365,1789617101.4391,863770,9ece73d8-93e2-40b0-8ef9-75787e7f1947,browser_calibrated,0.00032520294189453125,4.10008430480957,196758,196758,0,-10.059833526611328,host_receive_nearest,verified,1,1,,,,,,,,,1,,,,,,,,,,,,,,,,,,,,V3,A,294.581,1789617101.4391,1789617101.4706452,196758,,,,,,,,,,
d33390ec-1b4b-45e8-9a6f-3388cc917296,video_resume,1789617101.4394252,787.032,196769,2,2,,1,G04,A,focused,video_resume,294.581,,0.0,0.0,,,,,,,"{""client_event_id"":""d33390ec-1b4b-45e8-9a6f-3388cc917296"",""recorder_run_id"":""2e32687e-f8cf-4a91-8fec-dfa79fb2e0c2"",""client_id"":""9ece73d8-93e2-40b0-8ef9-75787e7f1947"",""client_timestamp"":1789617101.4391,""client_monotonic_ms"":863770,""event_timestamp"":1789617101.4394252,""clock_offset_sec"":0.00032520294189453125,""clock_round_trip_ms"":4.10008430480957,""subject_id"":""sub-004"",""session_id"":""ses-001"",""block_id"":""Block 2"",""counterbalance_group"":""G04"",""block_order"":""Block 2"",""condition"":""A"",""condition_type"":""focused"",""topic_key"":""V3"",""topic_name"":""道德经主要讲的是什么"",""event_type"":""video_resume"",""iso_time"":""2026-09-17T03:51:41.439Z"",""relative_ms"":319704,""video_time_sec"":294.581,""probe_id"":""Block 2_4_5ff5de96"",""probe_index"":4,""probe_schedule_id"":""5ff5de96-feda-4edc-a642-d8fa48d19a73"",""probe_planned_time_sec"":294.511,""video_id"":""V3"",""pause_reason"":""thought_probe"",""resume_status"":""playing""}",2e32687e-f8cf-4a91-8fec-dfa79fb2e0c2,sub-004,ses-001,d33390ec-1b4b-45e8-9a6f-3388cc917296,9ece73d8-93e2-40b0-8ef9-75787e7f1947,1789617101.4705365,1789617101.4391,863770,9ece73d8-93e2-40b0-8ef9-75787e7f1947,browser_calibrated,0.00032520294189453125,4.10008430480957,196758,196758,0,-10.059833526611328,host_receive_nearest,verified,1,1,,,,,,,,,1,,,,,,,,,,,,,,,,,,,,V3,A,294.581,1789617101.4391,1789617101.4708736,196758,Block 2_4_5ff5de96,,,,,,,,,thought_probe
609a81c2-41c1-4abb-8be9-5c77f1855230,video_end,1789617133.1603148,818.752,204689,2,2,,1,G04,A,focused,video_end,V3,,0.0,0.0,,,,,,,,2e32687e-f8cf-4a91-8fec-dfa79fb2e0c2,sub-004,ses-001,609a81c2-41c1-4abb-8be9-5c77f1855230,9ece73d8-93e2-40b0-8ef9-75787e7f1947,1789617133.1798449,1789617133.16,895490.9000000004,9ece73d8-93e2-40b0-8ef9-75787e7f1947,browser_calibrated,0.0003147125244140625,5.500078201293945,204688,204688,0,-13.990163803100586,host_receive_nearest,verified,1,1,,,,,,,,,1,,,,,,,,,,,,,,,,,,,,V3,A,326.241,1789617133.16,1789617133.1801367,204688,,,,,,,,,,
609a81c2-41c1-4abb-8be9-5c77f1855230,browser_video_ended,1789617133.1603148,818.752,204689,2,2,,1,G04,A,focused,browser_video_ended,,,0.0,0.0,,,,,,,"{""client_event_id"":""609a81c2-41c1-4abb-8be9-5c77f1855230"",""recorder_run_id"":""2e32687e-f8cf-4a91-8fec-dfa79fb2e0c2"",""client_id"":""9ece73d8-93e2-40b0-8ef9-75787e7f1947"",""client_timestamp"":1789617133.16,""client_monotonic_ms"":895490.9000000004,""event_timestamp"":1789617133.1603148,""clock_offset_sec"":0.0003147125244140625,""clock_round_trip_ms"":5.500078201293945,""subject_id"":""sub-004"",""session_id"":""ses-001"",""block_id"":""Block 2"",""counterbalance_group"":""G04"",""block_order"":""Block 2"",""condition"":""A"",""condition_type"":""focused"",""topic_key"":""V3"",""topic_name"":""道德经主要讲的是什么"",""event_type"":""video_ended"",""iso_time"":""2026-09-17T03:52:13.160Z"",""relative_ms"":351425,""video_time_sec"":326.241}",2e32687e-f8cf-4a91-8fec-dfa79fb2e0c2,sub-004,ses-001,609a81c2-41c1-4abb-8be9-5c77f1855230,9ece73d8-93e2-40b0-8ef9-75787e7f1947,1789617133.1798449,1789617133.16,895490.9000000004,9ece73d8-93e2-40b0-8ef9-75787e7f1947,browser_calibrated,0.0003147125244140625,5.500078201293945,204688,204688,0,-13.990163803100586,host_receive_nearest,verified,1,1,,,,,,,,,1,,,,,,,,,,,,,,,,,,,,V3,A,326.241,1789617133.16,1789617133.1804206,204688,,,,,,,,,,
b6f00408-68b4-4a44-ada1-57f7b5ead9a0,browser_block_end,1789617133.1696148,818.756,204709,2,2,,1,G04,A,focused,browser_block_end,视频自然播放结束,,0.0,0.0,,,,,,,"{""client_event_id"":""b6f00408-68b4-4a44-ada1-57f7b5ead9a0"",""recorder_run_id"":""2e32687e-f8cf-4a91-8fec-dfa79fb2e0c2"",""client_id"":""9ece73d8-93e2-40b0-8ef9-75787e7f1947"",""client_timestamp"":1789617133.1693,""client_monotonic_ms"":895500.2999999998,""event_timestamp"":1789617133.1696148,""clock_offset_sec"":0.0003147125244140625,""clock_round_trip_ms"":5.500078201293945,""subject_id"":""sub-004"",""session_id"":""ses-001"",""block_id"":""Block 2"",""counterbalance_group"":""G04"",""block_order"":""Block 2"",""condition"":""A"",""condition_type"":""focused"",""topic_key"":""V3"",""topic_name"":""道德经主要讲的是什么"",""event_type"":""block_end"",""iso_time"":""2026-09-17T03:52:13.169Z"",""relative_ms"":351434,""video_time_sec"":326.241,""reason"":""视频自然播放结束""}",2e32687e-f8cf-4a91-8fec-dfa79fb2e0c2,sub-004,ses-001,b6f00408-68b4-4a44-ada1-57f7b5ead9a0,9ece73d8-93e2-40b0-8ef9-75787e7f1947,1789617133.251447,1789617133.1693,895500.2999999998,9ece73d8-93e2-40b0-8ef9-75787e7f1947,browser_calibrated,0.0003147125244140625,5.500078201293945,204689,204689,0,14.401435852050781,host_receive_nearest,verified,1,1,,,,,,,,,1,,,,,,,,,,,,,,,,,,,,V3,A,326.241,1789617133.1693,1789617133.251563,204689,,,,,,,,,,
af019828-a141-4bf1-952a-98bc419bbf3d,rating_start,1789617133.181515,818.756,204719,2,2,,1,G04,A,focused,rating_start,,,0.0,0.0,,,,,,,"{""client_event_id"":""af019828-a141-4bf1-952a-98bc419bbf3d"",""recorder_run_id"":""2e32687e-f8cf-4a91-8fec-dfa79fb2e0c2"",""client_id"":""9ece73d8-93e2-40b0-8ef9-75787e7f1947"",""client_timestamp"":1789617133.1812003,""client_monotonic_ms"":895512.0999999996,""event_timestamp"":1789617133.181515,""clock_offset_sec"":0.0003147125244140625,""clock_round_trip_ms"":5.500078201293945,""subject_id"":""sub-004"",""session_id"":""ses-001"",""block_id"":""Block 2"",""counterbalance_group"":""G04"",""block_order"":""Block 2"",""condition"":""A"",""condition_type"":""focused"",""topic_key"":""V3"",""topic_name"":""道德经主要讲的是什么"",""event_type"":""rating_start"",""iso_time"":""2026-09-17T03:52:13.181Z"",""relative_ms"":351446,""video_time_sec"":326.241}",2e32687e-f8cf-4a91-8fec-dfa79fb2e0c2,sub-004,ses-001,af019828-a141-4bf1-952a-98bc419bbf3d,9ece73d8-93e2-40b0-8ef9-75787e7f1947,1789617133.2883193,1789617133.1812003,895512.0999999996,9ece73d8-93e2-40b0-8ef9-75787e7f1947,browser_calibrated,0.0003147125244140625,5.500078201293945,204689,204689,0,2.501249313354492,host_receive_nearest,verified,1,1,,,,,,,,,1,,,,,,,,,,,,,,,,,,,,V3,A,326.241,1789617133.1812003,1789617133.2884552,204689,,,,,,,,,,
e0411950-8781-4977-9885-4f3d5105d1da,rating_item_response,1789617138.408015,823.992,205999,2,2,,1,G04,A,focused,rating_item_response,4,,0.0,0.0,,,,,,,"{""client_event_id"":""e0411950-8781-4977-9885-4f3d5105d1da"",""recorder_run_id"":""2e32687e-f8cf-4a91-8fec-dfa79fb2e0c2"",""client_id"":""9ece73d8-93e2-40b0-8ef9-75787e7f1947"",""client_timestamp"":1789617138.4077003,""client_monotonic_ms"":900738.5999999996,""event_timestamp"":1789617138.408015,""clock_offset_sec"":0.0003147125244140625,""clock_round_trip_ms"":5.500078201293945,""subject_id"":""sub-004"",""session_id"":""ses-001"",""block_id"":""Block 2"",""counterbalance_group"":""G04"",""block_order"":""Block 2"",""condition"":""A"",""condition_type"":""focused"",""topic_key"":""V3"",""topic_name"":""道德经主要讲的是什么"",""event_type"":""rating_item_response"",""iso_time"":""2026-09-17T03:52:18.407Z"",""relative_ms"":356672,""video_time_sec"":326.241,""rating_item"":""course_attention_rating"",""rating_value"":""4"",""response_time_ms"":5227}",2e32687e-f8cf-4a91-8fec-dfa79fb2e0c2,sub-004,ses-001,e0411950-8781-4977-9885-4f3d5105d1da,9ece73d8-93e2-40b0-8ef9-75787e7f1947,1789617138.425145,1789617138.4077003,900738.5999999996,9ece73d8-93e2-40b0-8ef9-75787e7f1947,browser_calibrated,0.0003147125244140625,5.500078201293945,205998,205998,0,-16.669034957885742,host_receive_nearest,verified,1,1,,,,,,,,,1,,,,,,,,,,,,,course_attention_rating,4,,,,,,V3,A,326.241,1789617138.4077003,1789617138.4252446,205998,,,,,,,5227,,,
2f73d8b2-d70c-4249-9586-a2be559baa71,rating_item_response,1789617140.590515,826.192,206549,2,2,,1,G04,A,focused,rating_item_response,5,,0.0,0.0,,,,,,,"{""client_event_id"":""2f73d8b2-d70c-4249-9586-a2be559baa71"",""recorder_run_id"":""2e32687e-f8cf-4a91-8fec-dfa79fb2e0c2"",""client_id"":""9ece73d8-93e2-40b0-8ef9-75787e7f1947"",""client_timestamp"":1789617140.5902002,""client_monotonic_ms"":902921.0999999996,""event_timestamp"":1789617140.590515,""clock_offset_sec"":0.0003147125244140625,""clock_round_trip_ms"":5.500078201293945,""subject_id"":""sub-004"",""session_id"":""ses-001"",""block_id"":""Block 2"",""counterbalance_group"":""G04"",""block_order"":""Block 2"",""condition"":""A"",""condition_type"":""focused"",""topic_key"":""V3"",""topic_name"":""道德经主要讲的是什么"",""event_type"":""rating_item_response"",""iso_time"":""2026-09-17T03:52:20.590Z"",""relative_ms"":358855,""video_time_sec"":326.241,""rating_item"":""mental_effort"",""rating_value"":""5"",""response_time_ms"":7409}",2e32687e-f8cf-4a91-8fec-dfa79fb2e0c2,sub-004,ses-001,2f73d8b2-d70c-4249-9586-a2be559baa71,9ece73d8-93e2-40b0-8ef9-75787e7f1947,1789617140.6056137,1789617140.5902002,902921.0999999996,9ece73d8-93e2-40b0-8ef9-75787e7f1947,browser_calibrated,0.0003147125244140625,5.500078201293945,206548,206548,0,-9.10806655883789,host_receive_nearest,verified,1,1,,,,,,,,,1,,,,,,,,,,,,,mental_effort,5,,,,,,V3,A,326.241,1789617140.5902002,1789617140.6057382,206548,,,,,,,7409,,,
c31db5fb-9c25-416f-8614-b12748150b27,rating_item_response,1789617143.2746148,828.836,207224,2,2,,1,G04,A,focused,rating_item_response,3,,0.0,0.0,,,,,,,"{""client_event_id"":""c31db5fb-9c25-416f-8614-b12748150b27"",""recorder_run_id"":""2e32687e-f8cf-4a91-8fec-dfa79fb2e0c2"",""client_id"":""9ece73d8-93e2-40b0-8ef9-75787e7f1947"",""client_timestamp"":1789617143.2743,""client_monotonic_ms"":905605.2000000002,""event_timestamp"":1789617143.2746148,""clock_offset_sec"":0.0003147125244140625,""clock_round_trip_ms"":5.500078201293945,""subject_id"":""sub-004"",""session_id"":""ses-001"",""block_id"":""Block 2"",""counterbalance_group"":""G04"",""block_order"":""Block 2"",""condition"":""A"",""condition_type"":""focused"",""topic_key"":""V3"",""topic_name"":""道德经主要讲的是什么"",""event_type"":""rating_item_response"",""iso_time"":""2026-09-17T03:52:23.274Z"",""relative_ms"":361539,""video_time_sec"":326.241,""rating_item"":""video_interest"",""rating_value"":""3"",""response_time_ms"":10093}",2e32687e-f8cf-4a91-8fec-dfa79fb2e0c2,sub-004,ses-001,c31db5fb-9c25-416f-8614-b12748150b27,9ece73d8-93e2-40b0-8ef9-75787e7f1947,1789617143.2880886,1789617143.2743,905605.2000000002,9ece73d8-93e2-40b0-8ef9-75787e7f1947,browser_calibrated,0.0003147125244140625,5.500078201293945,207209,207209,0,6.866931915283203,host_receive_nearest,verified,1,1,,,,,,,,,1,,,,,,,,,,,,,video_interest,3,,,,,,V3,A,326.241,1789617143.2743,1789617143.2882175,207209,,,,,,,10093,,,
abea3bad-c442-419c-a97b-0df63a343ab1,rating_item_response,1789617148.9726148,834.576,208649,2,2,,1,G04,A,focused,rating_item_response,2,,0.0,0.0,,,,,,,"{""client_event_id"":""abea3bad-c442-419c-a97b-0df63a343ab1"",""recorder_run_id"":""2e32687e-f8cf-4a91-8fec-dfa79fb2e0c2"",""client_id"":""9ece73d8-93e2-40b0-8ef9-75787e7f1947"",""client_timestamp"":1789617148.9723,""client_monotonic_ms"":911303.2999999998,""event_timestamp"":1789617148.9726148,""clock_offset_sec"":0.0003147125244140625,""clock_round_trip_ms"":5.500078201293945,""subject_id"":""sub-004"",""session_id"":""ses-001"",""block_id"":""Block 2"",""counterbalance_group"":""G04"",""block_order"":""Block 2"",""condition"":""A"",""condition_type"":""focused"",""topic_key"":""V3"",""topic_name"":""道德经主要讲的是什么"",""event_type"":""rating_item_response"",""iso_time"":""2026-09-17T03:52:28.972Z"",""relative_ms"":367237,""video_time_sec"":326.241,""rating_item"":""video_difficulty"",""rating_value"":""2"",""response_time_ms"":15791}",2e32687e-f8cf-4a91-8fec-dfa79fb2e0c2,sub-004,ses-001,abea3bad-c442-419c-a97b-0df63a343ab1,9ece73d8-93e2-40b0-8ef9-75787e7f1947,1789617148.9835463,1789617148.9723,911303.2999999998,9ece73d8-93e2-40b0-8ef9-75787e7f1947,browser_calibrated,0.0003147125244140625,5.500078201293945,208644,208644,0,9.26661491394043,host_receive_nearest,verified,1,1,,,,,,,,,1,,,,,,,,,,,,,video_difficulty,2,,,,,,V3,A,326.241,1789617148.9723,1789617148.9836328,208644,,,,,,,15791,,,
92068a26-537d-40c0-975b-b423d082d624,rating_end,1789617149.5485148,835.136,208789,2,2,,1,G04,A,focused,rating_end,,16.367,0.0,0.0,,,,,,,"{""client_event_id"":""92068a26-537d-40c0-975b-b423d082d624"",""recorder_run_id"":""2e32687e-f8cf-4a91-8fec-dfa79fb2e0c2"",""client_id"":""9ece73d8-93e2-40b0-8ef9-75787e7f1947"",""client_timestamp"":1789617149.5482001,""client_monotonic_ms"":911879.0999999996,""event_timestamp"":1789617149.5485148,""clock_offset_sec"":0.0003147125244140625,""clock_round_trip_ms"":5.500078201293945,""subject_id"":""sub-004"",""session_id"":""ses-001"",""block_id"":""Block 2"",""counterbalance_group"":""G04"",""block_order"":""Block 2"",""condition"":""A"",""condition_type"":""focused"",""topic_key"":""V3"",""topic_name"":""道德经主要讲的是什么"",""event_type"":""rating_end"",""iso_time"":""2026-09-17T03:52:29.548Z"",""relative_ms"":367813,""video_time_sec"":326.241,""video_id"":""V3"",""course_attention_rating"":4,""mental_effort"":5,""video_interest"":3,""video_difficulty"":2,""subtraction_compliance"":"""",""subtraction_difficulty"":"""",""reported_final_number"":"""",""duration_sec"":16.367,""submitted_iso"":""2026-09-17T03:52:29.548Z"",""submitted_relative_ms"":367813}",2e32687e-f8cf-4a91-8fec-dfa79fb2e0c2,sub-004,ses-001,92068a26-537d-40c0-975b-b423d082d624,9ece73d8-93e2-40b0-8ef9-75787e7f1947,1789617149.5545099,1789617149.5482001,911879.0999999996,9ece73d8-93e2-40b0-8ef9-75787e7f1947,browser_calibrated,0.0003147125244140625,5.500078201293945,208784,208784,0,3.4933090209960938,host_receive_nearest,verified,1,1,,,,,,,,,1,,,,4,5,3,2,,,,,,,,,,,,,V3,A,326.241,1789617149.5482001,1789617149.5546055,208784,,,,,,,,,,
87051f57-1e2b-4a99-aa7d-95c27427d0a3,quiz_start,1789617149.5537148,835.152,208799,2,2,,1,G04,A,focused,quiz_start,,,0.0,0.0,,,,,,,"{""client_event_id"":""87051f57-1e2b-4a99-aa7d-95c27427d0a3"",""recorder_run_id"":""2e32687e-f8cf-4a91-8fec-dfa79fb2e0c2"",""client_id"":""9ece73d8-93e2-40b0-8ef9-75787e7f1947"",""client_timestamp"":1789617149.5534,""client_monotonic_ms"":911884.2999999998,""event_timestamp"":1789617149.5537148,""clock_offset_sec"":0.0003147125244140625,""clock_round_trip_ms"":5.500078201293945,""subject_id"":""sub-004"",""session_id"":""ses-001"",""block_id"":""Block 2"",""counterbalance_group"":""G04"",""block_order"":""Block 2"",""condition"":""A"",""condition_type"":""focused"",""topic_key"":""V3"",""topic_name"":""道德经主要讲的是什么"",""event_type"":""quiz_start"",""iso_time"":""2026-09-17T03:52:29.553Z"",""relative_ms"":367818,""video_time_sec"":326.241}",2e32687e-f8cf-4a91-8fec-dfa79fb2e0c2,sub-004,ses-001,87051f57-1e2b-4a99-aa7d-95c27427d0a3,9ece73d8-93e2-40b0-8ef9-75787e7f1947,1789617149.5895991,1789617149.5534,911884.2999999998,9ece73d8-93e2-40b0-8ef9-75787e7f1947,browser_calibrated,0.0003147125244140625,5.500078201293945,208788,208788,0,-1.3473033905029297,host_receive_nearest,verified,1,1,,,,,,,,,1,,,,,,,,,,,,,,,,,,,,V3,A,326.241,1789617149.5534,1789617149.589972,208788,,,,,,,,,,
de18ac34-c3a2-41d0-ace4-947358e112c5,quiz_item_response,1789617162.4827018,848.04,212024,2,2,,1,G04,A,focused,quiz_item_response,《道德经》的作者是？,,0.0,0.0,,V3Q1,C,C,True,2155,"{""client_event_id"":""de18ac34-c3a2-41d0-ace4-947358e112c5"",""recorder_run_id"":""2e32687e-f8cf-4a91-8fec-dfa79fb2e0c2"",""client_id"":""9ece73d8-93e2-40b0-8ef9-75787e7f1947"",""client_timestamp"":1789617162.4824002,""client_monotonic_ms"":924813.2999999998,""event_timestamp"":1789617162.4827018,""clock_offset_sec"":0.00030159950256347656,""clock_round_trip_ms"":5.699872970581055,""subject_id"":""sub-004"",""session_id"":""ses-001"",""block_id"":""Block 2"",""counterbalance_group"":""G04"",""block_order"":""Block 2"",""condition"":""A"",""condition_type"":""focused"",""topic_key"":""V3"",""topic_name"":""道德经主要讲的是什么"",""event_type"":""quiz_item_response"",""iso_time"":""2026-09-17T03:52:42.482Z"",""relative_ms"":380747,""video_time_sec"":326.241,""video_id"":""V3"",""question_id"":""V3Q1"",""question_text"":""《道德经》的作者是？"",""response_index"":2,""response_letter"":""C"",""response_text"":""老子"",""correct_index"":2,""correct_letter"":""C"",""correct_text"":""老子"",""is_correct"":true,""reaction_time_ms"":2155,""submitted_iso"":""2026-09-17T03:52:42.482Z"",""submitted_relative_ms"":380747}",2e32687e-f8cf-4a91-8fec-dfa79fb2e0c2,sub-004,ses-001,de18ac34-c3a2-41d0-ace4-947358e112c5,9ece73d8-93e2-40b0-8ef9-75787e7f1947,1789617162.488394,1789617162.4824002,924813.2999999998,9ece73d8-93e2-40b0-8ef9-75787e7f1947,browser_calibrated,0.00030159950256347656,5.699872970581055,212010,212010,0,0.062465667724609375,host_receive_nearest,verified,1,1,,,,,,,,,1,,,,,,,,,,,,,,,,,《道德经》的作者是？,2,老子,V3,A,326.241,1789617162.4824002,1789617162.488523,212010,,,,,,,,,,
b7cdf4c0-8af8-4816-83e3-09f9fa6f6e3f,quiz_item_response,1789617162.4891016,848.092,212039,2,2,,1,G04,A,focused,quiz_item_response,《道德经》的核心思想是？,,0.0,0.0,,V3Q2,C,C,True,3804,"{""client_event_id"":""b7cdf4c0-8af8-4816-83e3-09f9fa6f6e3f"",""recorder_run_id"":""2e32687e-f8cf-4a91-8fec-dfa79fb2e0c2"",""client_id"":""9ece73d8-93e2-40b0-8ef9-75787e7f1947"",""client_timestamp"":1789617162.4888,""client_monotonic_ms"":924819.7000000002,""event_timestamp"":1789617162.4891016,""clock_offset_sec"":0.00030159950256347656,""clock_round_trip_ms"":5.699872970581055,""subject_id"":""sub-004"",""session_id"":""ses-001"",""block_id"":""Block 2"",""counterbalance_group"":""G04"",""block_order"":""Block 2"",""condition"":""A"",""condition_type"":""focused"",""topic_key"":""V3"",""topic_name"":""道德经主要讲的是什么"",""event_type"":""quiz_item_response"",""iso_time"":""2026-09-17T03:52:42.488Z"",""relative_ms"":380753,""video_time_sec"":326.241,""video_id"":""V3"",""question_id"":""V3Q2"",""question_text"":""《道德经》的核心思想是？"",""response_index"":2,""response_letter"":""C"",""response_text"":""道法自然"",""correct_index"":2,""correct_letter"":""C"",""correct_text"":""道法自然"",""is_correct"":true,""reaction_time_ms"":3804,""submitted_iso"":""2026-09-17T03:52:42.488Z"",""submitted_relative_ms"":380753}",2e32687e-f8cf-4a91-8fec-dfa79fb2e0c2,sub-004,ses-001,b7cdf4c0-8af8-4816-83e3-09f9fa6f6e3f,9ece73d8-93e2-40b0-8ef9-75787e7f1947,1789617162.5508018,1789617162.4888,924819.7000000002,9ece73d8-93e2-40b0-8ef9-75787e7f1947,browser_calibrated,0.00030159950256347656,5.699872970581055,212023,212023,0,-2.805471420288086,host_receive_nearest,verified,1,1,,,,,,,,,1,,,,,,,,,,,,,,,,,《道德经》的核心思想是？,2,道法自然,V3,A,326.241,1789617162.4888,1789617162.550931,212023,,,,,,,,,,
41441d95-ef5b-4868-a89a-92a6c2b0c81f,quiz_item_response,1789617162.4945018,848.092,212049,2,2,,1,G04,A,focused,quiz_item_response,“无为而治”是哪个学派的政治主张？,,0.0,0.0,,V3Q3,B,B,True,11385,"{""client_event_id"":""41441d95-ef5b-4868-a89a-92a6c2b0c81f"",""recorder_run_id"":""2e32687e-f8cf-4a91-8fec-dfa79fb2e0c2"",""client_id"":""9ece73d8-93e2-40b0-8ef9-75787e7f1947"",""client_timestamp"":1789617162.4942002,""client_monotonic_ms"":924825.0999999996,""event_timestamp"":1789617162.4945018,""clock_offset_sec"":0.00030159950256347656,""clock_round_trip_ms"":5.699872970581055,""subject_id"":""sub-004"",""session_id"":""ses-001"",""block_id"":""Block 2"",""counterbalance_group"":""G04"",""block_order"":""Block 2"",""condition"":""A"",""condition_type"":""focused"",""topic_key"":""V3"",""topic_name"":""道德经主要讲的是什么"",""event_type"":""quiz_item_response"",""iso_time"":""2026-09-17T03:52:42.494Z"",""relative_ms"":380759,""video_time_sec"":326.241,""video_id"":""V3"",""question_id"":""V3Q3"",""question_text"":""“无为而治”是哪个学派的政治主张？"",""response_index"":1,""response_letter"":""B"",""response_text"":""道家"",""correct_index"":1,""correct_letter"":""B"",""correct_text"":""道家"",""is_correct"":true,""reaction_time_ms"":11385,""submitted_iso"":""2026-09-17T03:52:42.494Z"",""submitted_relative_ms"":380759}",2e32687e-f8cf-4a91-8fec-dfa79fb2e0c2,sub-004,ses-001,41441d95-ef5b-4868-a89a-92a6c2b0c81f,9ece73d8-93e2-40b0-8ef9-75787e7f1947,1789617162.5772407,1789617162.4942002,924825.0999999996,9ece73d8-93e2-40b0-8ef9-75787e7f1947,browser_calibrated,0.00030159950256347656,5.699872970581055,212023,212023,0,-8.205652236938477,host_receive_nearest,verified,1,1,,,,,,,,,1,,,,,,,,,,,,,,,,,“无为而治”是哪个学派的政治主张？,1,道家,V3,A,326.241,1789617162.4942002,1789617162.5773425,212023,,,,,,,,,,
f2b91aca-c562-48fe-b50e-83ee0efde0e1,quiz_item_response,1789617162.4997017,848.096,212049,2,2,,1,G04,A,focused,quiz_item_response,老子认为，世间万物运行的根本规律是什么？,,0.0,0.0,,V3Q4,C,C,True,7965,"{""client_event_id"":""f2b91aca-c562-48fe-b50e-83ee0efde0e1"",""recorder_run_id"":""2e32687e-f8cf-4a91-8fec-dfa79fb2e0c2"",""client_id"":""9ece73d8-93e2-40b0-8ef9-75787e7f1947"",""client_timestamp"":1789617162.4994001,""client_monotonic_ms"":924830.2999999998,""event_timestamp"":1789617162.4997017,""clock_offset_sec"":0.00030159950256347656,""clock_round_trip_ms"":5.699872970581055,""subject_id"":""sub-004"",""session_id"":""ses-001"",""block_id"":""Block 2"",""counterbalance_group"":""G04"",""block_order"":""Block 2"",""condition"":""A"",""condition_type"":""focused"",""topic_key"":""V3"",""topic_name"":""道德经主要讲的是什么"",""event_type"":""quiz_item_response"",""iso_time"":""2026-09-17T03:52:42.499Z"",""relative_ms"":380764,""video_time_sec"":326.241,""video_id"":""V3"",""question_id"":""V3Q4"",""question_text"":""老子认为，世间万物运行的根本规律是什么？"",""response_index"":2,""response_letter"":""C"",""response_text"":""道"",""correct_index"":2,""correct_letter"":""C"",""correct_text"":""道"",""is_correct"":true,""reaction_time_ms"":7965,""submitted_iso"":""2026-09-17T03:52:42.499Z"",""submitted_relative_ms"":380764}",2e32687e-f8cf-4a91-8fec-dfa79fb2e0c2,sub-004,ses-001,f2b91aca-c562-48fe-b50e-83ee0efde0e1,9ece73d8-93e2-40b0-8ef9-75787e7f1947,1789617162.5901883,1789617162.4994001,924830.2999999998,9ece73d8-93e2-40b0-8ef9-75787e7f1947,browser_calibrated,0.00030159950256347656,5.699872970581055,212024,212024,0,13.034343719482422,host_receive_nearest,verified,1,1,,,,,,,,,1,,,,,,,,,,,,,,,,,老子认为，世间万物运行的根本规律是什么？,2,道,V3,A,326.241,1789617162.4994001,1789617162.5902812,212024,,,,,,,,,,
e13b0f5c-0b47-49e7-ba50-f34538ae1f42,quiz_end,1789617162.5036016,848.096,212049,2,2,,1,G04,A,focused,quiz_end,4/4,12.95,0.0,0.0,,,,,,,"{""client_event_id"":""e13b0f5c-0b47-49e7-ba50-f34538ae1f42"",""recorder_run_id"":""2e32687e-f8cf-4a91-8fec-dfa79fb2e0c2"",""client_id"":""9ece73d8-93e2-40b0-8ef9-75787e7f1947"",""client_timestamp"":1789617162.5033,""client_monotonic_ms"":924834.2000000002,""event_timestamp"":1789617162.5036016,""clock_offset_sec"":0.00030159950256347656,""clock_round_trip_ms"":5.699872970581055,""subject_id"":""sub-004"",""session_id"":""ses-001"",""block_id"":""Block 2"",""counterbalance_group"":""G04"",""block_order"":""Block 2"",""condition"":""A"",""condition_type"":""focused"",""topic_key"":""V3"",""topic_name"":""道德经主要讲的是什么"",""event_type"":""quiz_end"",""iso_time"":""2026-09-17T03:52:42.503Z"",""relative_ms"":380768,""video_time_sec"":326.241,""score"":4,""total"":4,""duration_sec"":12.95}",2e32687e-f8cf-4a91-8fec-dfa79fb2e0c2,sub-004,ses-001,e13b0f5c-0b47-49e7-ba50-f34538ae1f42,9ece73d8-93e2-40b0-8ef9-75787e7f1947,1789617162.6028821,1789617162.5033,924834.2000000002,9ece73d8-93e2-40b0-8ef9-75787e7f1947,browser_calibrated,0.00030159950256347656,5.699872970581055,212024,212024,0,9.134531021118164,host_receive_nearest,verified,1,1,,,,,,,,,1,,,,,,,,,,,,,,,4,4,,,,V3,A,326.241,1789617162.5033,1789617162.6029906,212024,,,,,,,,,,
e13b0f5c-0b47-49e7-ba50-f34538ae1f42,block_end,1789617162.5036016,848.096,212049,2,2,,1,G04,A,focused,block_end,V3,,0.0,0.0,,,,,,,,2e32687e-f8cf-4a91-8fec-dfa79fb2e0c2,sub-004,ses-001,e13b0f5c-0b47-49e7-ba50-f34538ae1f42,9ece73d8-93e2-40b0-8ef9-75787e7f1947,1789617162.6028821,1789617162.5033,924834.2000000002,9ece73d8-93e2-40b0-8ef9-75787e7f1947,browser_calibrated,0.00030159950256347656,5.699872970581055,212024,212024,0,9.134531021118164,host_receive_nearest,verified,1,1,,,,,,,,,1,,,,,,,,,,,,,,,,,,,,V3,A,326.241,1789617162.5033,1789617162.6032026,212024,,,,,,,,,,
e6aaf10d-54dc-4d65-899a-87e6324d3a2f,rest_start,1789617162.5111017,848.096,212054,2,2,,1,G04,A,focused,rest_start,after-block-2,,0.0,0.0,,,,,,,"{""client_event_id"":""e6aaf10d-54dc-4d65-899a-87e6324d3a2f"",""recorder_run_id"":""2e32687e-f8cf-4a91-8fec-dfa79fb2e0c2"",""client_id"":""9ece73d8-93e2-40b0-8ef9-75787e7f1947"",""client_timestamp"":1789617162.5108001,""client_monotonic_ms"":924841.7000000002,""event_timestamp"":1789617162.5111017,""clock_offset_sec"":0.00030159950256347656,""clock_round_trip_ms"":5.699872970581055,""subject_id"":""sub-004"",""session_id"":""ses-001"",""block_id"":""Block 2"",""counterbalance_group"":""G04"",""block_order"":""Block 2"",""condition"":""A"",""condition_type"":""focused"",""topic_key"":""V3"",""topic_name"":""道德经主要讲的是什么"",""event_type"":""rest_start"",""iso_time"":""2026-09-17T03:52:42.510Z"",""relative_ms"":380775,""video_time_sec"":326.241,""after_block_id"":2,""planned_duration"":30,""actual_duration"":"""",""is_formal_experiment"":0}",2e32687e-f8cf-4a91-8fec-dfa79fb2e0c2,sub-004,ses-001,e6aaf10d-54dc-4d65-899a-87e6324d3a2f,9ece73d8-93e2-40b0-8ef9-75787e7f1947,1789617162.6243854,1789617162.5108001,924841.7000000002,9ece73d8-93e2-40b0-8ef9-75787e7f1947,browser_calibrated,0.00030159950256347656,5.699872970581055,212024,212024,0,1.634359359741211,host_receive_nearest,verified,0,1,,,,,2,,30,,0,,,,,,,,,,,,,,,,,,,,V3,A,326.241,1789617162.5108001,1789617162.624517,212024,,,,,,,,,,
e6e345a0-a4de-45f3-8fb7-06a03d369b7a,rest_end,1789617202.6759448,888.232,222059,2,2,,1,G04,A,focused,rest_end,after-block-2,40.165,0.0,0.0,,,,,,,"{""client_event_id"":""e6e345a0-a4de-45f3-8fb7-06a03d369b7a"",""recorder_run_id"":""2e32687e-f8cf-4a91-8fec-dfa79fb2e0c2"",""client_id"":""9ece73d8-93e2-40b0-8ef9-75787e7f1947"",""client_timestamp"":1789617202.6753001,""client_monotonic_ms"":965006.2999999998,""event_timestamp"":1789617202.6759448,""clock_offset_sec"":0.000644683837890625,""clock_round_trip_ms"":6.099700927734375,""subject_id"":""sub-004"",""session_id"":""ses-001"",""block_id"":""Block 2"",""counterbalance_group"":""G04"",""block_order"":""Block 2"",""condition"":""A"",""condition_type"":""focused"",""topic_key"":""V3"",""topic_name"":""道德经主要讲的是什么"",""event_type"":""rest_end"",""iso_time"":""2026-09-17T03:53:22.675Z"",""relative_ms"":420940,""video_time_sec"":326.241,""after_block_id"":2,""planned_duration"":30,""actual_duration"":40.165,""duration_sec"":40.165,""is_formal_experiment"":0,""debug_early"":false}",2e32687e-f8cf-4a91-8fec-dfa79fb2e0c2,sub-004,ses-001,e6e345a0-a4de-45f3-8fb7-06a03d369b7a,9ece73d8-93e2-40b0-8ef9-75787e7f1947,1789617202.6814883,1789617202.6753001,965006.2999999998,9ece73d8-93e2-40b0-8ef9-75787e7f1947,browser_calibrated,0.000644683837890625,6.099700927734375,222058,222058,0,-50.29296875,host_receive_nearest,verified,0,1,,,,,2,,30,40.165,0,,,,,,,,,,,,,,,,,,,,V3,A,326.241,1789617202.6753001,1789617202.6816134,222058,,,,,,,,,,
092e1328-bd19-43d8-9255-eb5da7302ea1,block_start,1789617207.307299,892.892,223229,3,3,,1,G04,B,bbbd_subtraction,block_start,V4,,0.0,0.0,,,,,,,condition=B; condition_type=bbbd_subtraction,2e32687e-f8cf-4a91-8fec-dfa79fb2e0c2,sub-004,ses-001,092e1328-bd19-43d8-9255-eb5da7302ea1,9ece73d8-93e2-40b0-8ef9-75787e7f1947,1789617207.3125696,1789617207.3072002,969638.0999999996,9ece73d8-93e2-40b0-8ef9-75787e7f1947,browser_calibrated,9.870529174804688e-05,6.099700927734375,223223,223223,0,-0.49114227294921875,host_receive_nearest,verified,0,1,811,1789616274.472002,,,,,,,1,,,,,,,,,,,,,,,,,,,,V4,B,0,1789617207.3072002,1789617207.312785,223223,,,,,,,,,,
092e1328-bd19-43d8-9255-eb5da7302ea1,condition_prompt_start,1789617207.307299,892.892,223229,3,3,,1,G04,B,bbbd_subtraction,condition_prompt_start,B,,0.0,0.0,,,,,,,,2e32687e-f8cf-4a91-8fec-dfa79fb2e0c2,sub-004,ses-001,092e1328-bd19-43d8-9255-eb5da7302ea1,9ece73d8-93e2-40b0-8ef9-75787e7f1947,1789617207.3125696,1789617207.3072002,969638.0999999996,9ece73d8-93e2-40b0-8ef9-75787e7f1947,browser_calibrated,9.870529174804688e-05,6.099700927734375,223223,223223,0,-0.49114227294921875,host_receive_nearest,verified,0,1,,,,,,,,,1,,,,,,,,,,,,,,,,,,,,V4,B,0,1789617207.3072002,1789617207.312942,223223,,,,,,,,,,
092e1328-bd19-43d8-9255-eb5da7302ea1,browser_block_config,1789617207.307299,892.892,223229,3,3,,1,G04,B,bbbd_subtraction,browser_block_config,V4,,0.0,0.0,,,,,,,"{""client_event_id"":""092e1328-bd19-43d8-9255-eb5da7302ea1"",""recorder_run_id"":""2e32687e-f8cf-4a91-8fec-dfa79fb2e0c2"",""client_id"":""9ece73d8-93e2-40b0-8ef9-75787e7f1947"",""client_timestamp"":1789617207.3072002,""client_monotonic_ms"":969638.0999999996,""event_timestamp"":1789617207.307299,""clock_offset_sec"":9.870529174804688e-05,""clock_round_trip_ms"":6.099700927734375,""subject_id"":""sub-004"",""session_id"":""ses-001"",""block_id"":""Block 3"",""counterbalance_group"":""G04"",""block_order"":""Block 3"",""condition"":""B"",""condition_type"":""bbbd_subtraction"",""topic_key"":""V4"",""topic_name"":""中国古代最大的歼灭战 长平之战"",""event_type"":""block_start"",""iso_time"":""2026-09-17T03:53:27.307Z"",""relative_ms"":0,""video_time_sec"":0,""block_start_iso"":""2026-09-17T03:53:27.307Z"",""config_json"":""{\""recorder_run_id\"":\""2e32687e-f8cf-4a91-8fec-dfa79fb2e0c2\"",\""subject_id\"":\""sub-004\"",\""session_id\"":\""ses-001\"",\""block_id\"":\""Block 3\"",\""counterbalance_group\"":\""G04\"",\""condition\"":\""B\"",\""condition_type\"":\""bbbd_subtraction\"",\""topic_key\"":\""V4\"",\""topic_name\"":\""中国古代最大的歼灭战 长平之战\"",\""video_file\"":\""视频4-混知漫画｜中国古代最大的歼灭战——长平之战！-480P 标清-AVC.mp4\"",\""start_number\"":811,\""generated_timestamp\"":1789616274.472002}""}",2e32687e-f8cf-4a91-8fec-dfa79fb2e0c2,sub-004,ses-001,092e1328-bd19-43d8-9255-eb5da7302ea1,9ece73d8-93e2-40b0-8ef9-75787e7f1947,1789617207.3125696,1789617207.3072002,969638.0999999996,9ece73d8-93e2-40b0-8ef9-75787e7f1947,browser_calibrated,9.870529174804688e-05,6.099700927734375,223223,223223,0,-0.49114227294921875,host_receive_nearest,verified,0,1,,,,,,,,,1,,,,,,,,,,,,,,,,,,,,V4,B,0,1789617207.3072002,1789617207.3130376,223223,,,,,,,,,,
72918bc4-c366-40fd-927c-ebe47e0eeb18,probe_schedule,1789617207.369499,892.956,223244,3,3,,1,G04,B,bbbd_subtraction,probe_schedule,"53.591,166.887,225.89,277.472",,0.0,0.0,,,,,,,"{""client_event_id"":""72918bc4-c366-40fd-927c-ebe47e0eeb18"",""recorder_run_id"":""2e32687e-f8cf-4a91-8fec-dfa79fb2e0c2"",""client_id"":""9ece73d8-93e2-40b0-8ef9-75787e7f1947"",""client_timestamp"":1789617207.3694003,""client_monotonic_ms"":969700.2999999998,""event_timestamp"":1789617207.369499,""clock_offset_sec"":9.870529174804688e-05,""clock_round_trip_ms"":6.099700927734375,""subject_id"":""sub-004"",""session_id"":""ses-001"",""block_id"":""Block 3"",""counterbalance_group"":""G04"",""block_order"":""Block 3"",""condition"":""B"",""condition_type"":""bbbd_subtraction"",""topic_key"":""V4"",""topic_name"":""中国古代最大的歼灭战 长平之战"",""event_type"":""probe_schedule"",""iso_time"":""2026-09-17T03:53:27.369Z"",""relative_ms"":62,""video_time_sec"":0,""probe_schedule_id"":""9b3ed2b7-20ea-47ff-9e39-4ab144187590"",""probe_times"":[53.591,166.887,225.89,277.472],""probe_config"":{""probes_per_block"":4,""min_first_onset_sec"":45,""min_end_margin_sec"":30,""min_gap_sec"":45},""video_duration_sec"":313.818,""video_id"":""V4"",""debug_fast"":false}",2e32687e-f8cf-4a91-8fec-dfa79fb2e0c2,sub-004,ses-001,72918bc4-c366-40fd-927c-ebe47e0eeb18,9ece73d8-93e2-40b0-8ef9-75787e7f1947,1789617207.375658,1789617207.3694003,969700.2999999998,9ece73d8-93e2-40b0-8ef9-75787e7f1947,browser_calibrated,9.870529174804688e-05,6.099700927734375,223239,223239,0,0.36406517028808594,host_receive_nearest,verified,1,1,,,,,,,,,1,,,,,,,,,,,,,,,,,,,,V4,B,0,1789617207.3694003,1789617207.3758624,223239,,4,9b3ed2b7-20ea-47ff-9e39-4ab144187590,,,,,,,
cb730f36-6781-45ab-9e02-c37fc7e3f683,subtraction_start_number_displayed,1789617207.3754988,892.972,223244,3,3,,1,G04,B,bbbd_subtraction,subtraction_start_number_displayed,811,,0.0,0.0,,,,,,,"{""client_event_id"":""cb730f36-6781-45ab-9e02-c37fc7e3f683"",""recorder_run_id"":""2e32687e-f8cf-4a91-8fec-dfa79fb2e0c2"",""client_id"":""9ece73d8-93e2-40b0-8ef9-75787e7f1947"",""client_timestamp"":1789617207.3754,""client_monotonic_ms"":969706.2999999998,""event_timestamp"":1789617207.3754988,""clock_offset_sec"":9.870529174804688e-05,""clock_round_trip_ms"":6.099700927734375,""subject_id"":""sub-004"",""session_id"":""ses-001"",""block_id"":""Block 3"",""counterbalance_group"":""G04"",""block_order"":""Block 3"",""condition"":""B"",""condition_type"":""bbbd_subtraction"",""topic_key"":""V4"",""topic_name"":""中国古代最大的歼灭战 长平之战"",""event_type"":""subtraction_start_number_displayed"",""iso_time"":""2026-09-17T03:53:27.375Z"",""relative_ms"":68,""video_time_sec"":0,""start_number"":811,""generated_timestamp"":1789616274.472002,""displayed_timestamp"":1789617207.3754}",2e32687e-f8cf-4a91-8fec-dfa79fb2e0c2,sub-004,ses-001,cb730f36-6781-45ab-9e02-c37fc7e3f683,9ece73d8-93e2-40b0-8ef9-75787e7f1947,1789617207.4058897,1789617207.3754,969706.2999999998,9ece73d8-93e2-40b0-8ef9-75787e7f1947,browser_calibrated,9.870529174804688e-05,6.099700927734375,223243,223243,0,-5.007266998291016,host_receive_nearest,verified,1,0,811,1789616274.472002,1789617207.3754,,,,,,1,,,,,,,,,,,,,,,,,,,,V4,B,0,1789617207.3754,1789617207.406046,223243,,,,,,,,,,
cf8ab21b-44a5-4e71-913e-961f0c68ddbf,condition_prompt_end,1789617212.3909001,897.992,224504,3,3,,1,G04,B,bbbd_subtraction,condition_prompt_end,0,,0.0,0.0,,,,,,,"{""client_event_id"":""cf8ab21b-44a5-4e71-913e-961f0c68ddbf"",""recorder_run_id"":""2e32687e-f8cf-4a91-8fec-dfa79fb2e0c2"",""client_id"":""9ece73d8-93e2-40b0-8ef9-75787e7f1947"",""client_timestamp"":1789617212.391,""client_monotonic_ms"":974721.9000000004,""event_timestamp"":1789617212.3909001,""clock_offset_sec"":9.870529174804688e-05,""clock_round_trip_ms"":6.099700927734375,""subject_id"":""sub-004"",""session_id"":""ses-001"",""block_id"":""Block 3"",""counterbalance_group"":""G04"",""block_order"":""Block 3"",""condition"":""B"",""condition_type"":""bbbd_subtraction"",""topic_key"":""V4"",""topic_name"":""中国古代最大的歼灭战 长平之战"",""event_type"":""condition_prompt_end"",""iso_time"":""2026-09-17T03:53:32.391Z"",""relative_ms"":5084,""video_time_sec"":0}",2e32687e-f8cf-4a91-8fec-dfa79fb2e0c2,sub-004,ses-001,cf8ab21b-44a5-4e71-913e-961f0c68ddbf,9ece73d8-93e2-40b0-8ef9-75787e7f1947,1789617212.4185956,1789617212.391,974721.9000000004,9ece73d8-93e2-40b0-8ef9-75787e7f1947,browser_calibrated,9.870529174804688e-05,6.099700927734375,224498,224498,0,-14.214754104614258,host_receive_nearest,verified,1,0,,,,,,,,,1,,,,,,,,,,,,,,,,,,,,V4,B,0,1789617212.391,1789617212.4186976,224498,,,,,,,,,,
07c3c307-e1c0-4603-9cde-04f35e2de6e0,video_start,1789617212.3909001,897.992,224504,3,3,,1,G04,B,bbbd_subtraction,video_start,V4,,0.0,0.0,,,,,,,,2e32687e-f8cf-4a91-8fec-dfa79fb2e0c2,sub-004,ses-001,07c3c307-e1c0-4603-9cde-04f35e2de6e0,9ece73d8-93e2-40b0-8ef9-75787e7f1947,1789617212.442371,1789617212.3986,974729.5999999996,9ece73d8-93e2-40b0-8ef9-75787e7f1947,browser_calibrated,9.870529174804688e-05,6.099700927734375,224498,224498,0,-14.214754104614258,host_receive_nearest,verified,1,1,,,,,,,,,1,,,,,,,,,,,,,,,,,,,,V4,B,0,1789617212.3986,1789617212.4424865,224498,,,,,,,,,,
07c3c307-e1c0-4603-9cde-04f35e2de6e0,video_play,1789617212.3909001,897.992,224504,3,3,,1,G04,B,bbbd_subtraction,video_play,0,,0.0,0.0,,,,,,,"{""client_event_id"":""07c3c307-e1c0-4603-9cde-04f35e2de6e0"",""recorder_run_id"":""2e32687e-f8cf-4a91-8fec-dfa79fb2e0c2"",""client_id"":""9ece73d8-93e2-40b0-8ef9-75787e7f1947"",""client_timestamp"":1789617212.3986,""client_monotonic_ms"":974729.5999999996,""event_timestamp"":1789617212.3909001,""clock_offset_sec"":9.870529174804688e-05,""clock_round_trip_ms"":6.099700927734375,""subject_id"":""sub-004"",""session_id"":""ses-001"",""block_id"":""Block 3"",""counterbalance_group"":""G04"",""block_order"":""Block 3"",""condition"":""B"",""condition_type"":""bbbd_subtraction"",""topic_key"":""V4"",""topic_name"":""中国古代最大的歼灭战 长平之战"",""event_type"":""video_play"",""iso_time"":""2026-09-17T03:53:32.398Z"",""relative_ms"":5092,""video_time_sec"":0}",2e32687e-f8cf-4a91-8fec-dfa79fb2e0c2,sub-004,ses-001,07c3c307-e1c0-4603-9cde-04f35e2de6e0,9ece73d8-93e2-40b0-8ef9-75787e7f1947,1789617212.442371,1789617212.3986,974729.5999999996,9ece73d8-93e2-40b0-8ef9-75787e7f1947,browser_calibrated,9.870529174804688e-05,6.099700927734375,224498,224498,0,-14.214754104614258,host_receive_nearest,verified,1,1,,,,,,,,,1,,,,,,,,,,,,,,,,,,,,V4,B,0,1789617212.3986,1789617212.4427214,224498,,,,,,,,,,
5a828385-51bd-46d6-a07a-887dbb51517c,subtraction_start_number_hidden,1789617212.3909001,897.992,224504,3,3,,1,G04,B,bbbd_subtraction,subtraction_start_number_hidden,811,,0.0,0.0,,,,,,,"{""client_event_id"":""5a828385-51bd-46d6-a07a-887dbb51517c"",""recorder_run_id"":""2e32687e-f8cf-4a91-8fec-dfa79fb2e0c2"",""client_id"":""9ece73d8-93e2-40b0-8ef9-75787e7f1947"",""client_timestamp"":1789617212.4086,""client_monotonic_ms"":974739.5,""event_timestamp"":1789617212.3909001,""clock_offset_sec"":9.870529174804688e-05,""clock_round_trip_ms"":6.099700927734375,""subject_id"":""sub-004"",""session_id"":""ses-001"",""block_id"":""Block 3"",""counterbalance_group"":""G04"",""block_order"":""Block 3"",""condition"":""B"",""condition_type"":""bbbd_subtraction"",""topic_key"":""V4"",""topic_name"":""中国古代最大的歼灭战 长平之战"",""event_type"":""subtraction_start_number_hidden"",""iso_time"":""2026-09-17T03:53:32.408Z"",""relative_ms"":5102,""video_time_sec"":0,""start_number"":811,""generated_timestamp"":1789616274.472002,""displayed_timestamp"":1789617207.3754,""hidden_timestamp"":1789617212.3909001}",2e32687e-f8cf-4a91-8fec-dfa79fb2e0c2,sub-004,ses-001,5a828385-51bd-46d6-a07a-887dbb51517c,9ece73d8-93e2-40b0-8ef9-75787e7f1947,1789617212.4610016,1789617212.4086,974739.5,9ece73d8-93e2-40b0-8ef9-75787e7f1947,browser_calibrated,9.870529174804688e-05,6.099700927734375,224498,224498,0,-14.214754104614258,host_receive_nearest,verified,1,0,811,1789616274.472002,1789617207.3754,1789617212.3909001,,,,,1,,,,,,,,,,,,,,,,,,,,V4,B,0,1789617212.4086,1789617212.461162,224498,,,,,,,,,,
7f0a9f34-56be-4245-92d4-e0c2778c4abf,probe_onset,1789617266.1019387,951.688,237923,3,3,,1,G04,B,bbbd_subtraction,probe_onset,Block 3_1_9b3ed2b7,,0.0,0.0,,,,,,,"{""client_event_id"":""7f0a9f34-56be-4245-92d4-e0c2778c4abf"",""recorder_run_id"":""2e32687e-f8cf-4a91-8fec-dfa79fb2e0c2"",""client_id"":""9ece73d8-93e2-40b0-8ef9-75787e7f1947"",""client_timestamp"":1789617266.1018,""client_monotonic_ms"":1028432.7999999998,""event_timestamp"":1789617266.1019387,""clock_offset_sec"":0.00013875961303710938,""clock_round_trip_ms"":6.000041961669922,""subject_id"":""sub-004"",""session_id"":""ses-001"",""block_id"":""Block 3"",""counterbalance_group"":""G04"",""block_order"":""Block 3"",""condition"":""B"",""condition_type"":""bbbd_subtraction"",""topic_key"":""V4"",""topic_name"":""中国古代最大的歼灭战 长平之战"",""event_type"":""probe_onset"",""iso_time"":""2026-09-17T03:54:26.101Z"",""relative_ms"":58795,""video_time_sec"":53.652,""probe_id"":""Block 3_1_9b3ed2b7"",""probe_index"":1,""probe_schedule_id"":""9b3ed2b7-20ea-47ff-9e39-4ab144187590"",""probe_planned_time_sec"":53.591,""video_id"":""V4"",""pause_reason"":""thought_probe"",""forced"":false}",2e32687e-f8cf-4a91-8fec-dfa79fb2e0c2,sub-004,ses-001,7f0a9f34-56be-4245-92d4-e0c2778c4abf,9ece73d8-93e2-40b0-8ef9-75787e7f1947,1789617266.1086597,1789617266.1018,1028432.7999999998,9ece73d8-93e2-40b0-8ef9-75787e7f1947,browser_calibrated,0.00013875961303710938,6.000041961669922,237922,237922,0,-19.212007522583008,host_receive_nearest,verified,1,1,,,,,,,,,1,,,,,,,,,,,,,,,,,,,,V4,B,53.652,1789617266.1018,1789617266.1087856,237922,Block 3_1_9b3ed2b7,1,9b3ed2b7-20ea-47ff-9e39-4ab144187590,53.591,,,,,,thought_probe
f60e0bcf-27b2-4e93-bbc8-02ac87d1f90d,attention_response,1789617269.4828389,955.048,238763,3,3,,1,G04,B,bbbd_subtraction,attention_response,1,,0.0,0.0,,,,,,,"{""client_event_id"":""f60e0bcf-27b2-4e93-bbc8-02ac87d1f90d"",""recorder_run_id"":""2e32687e-f8cf-4a91-8fec-dfa79fb2e0c2"",""client_id"":""9ece73d8-93e2-40b0-8ef9-75787e7f1947"",""client_timestamp"":1789617269.4827,""client_monotonic_ms"":1031813.7000000002,""event_timestamp"":1789617269.4828389,""clock_offset_sec"":0.00013875961303710938,""clock_round_trip_ms"":6.000041961669922,""subject_id"":""sub-004"",""session_id"":""ses-001"",""block_id"":""Block 3"",""counterbalance_group"":""G04"",""block_order"":""Block 3"",""condition"":""B"",""condition_type"":""bbbd_subtraction"",""topic_key"":""V4"",""topic_name"":""中国古代最大的歼灭战 长平之战"",""event_type"":""attention_response"",""iso_time"":""2026-09-17T03:54:29.482Z"",""relative_ms"":62176,""video_time_sec"":53.652,""probe_id"":""Block 3_1_9b3ed2b7"",""probe_index"":1,""probe_schedule_id"":""9b3ed2b7-20ea-47ff-9e39-4ab144187590"",""probe_planned_time_sec"":53.591,""video_id"":""V4"",""response"":1,""response_label"":""课程内容"",""probe_attention"":""ON"",""response_time_ms"":3381}",2e32687e-f8cf-4a91-8fec-dfa79fb2e0c2,sub-004,ses-001,f60e0bcf-27b2-4e93-bbc8-02ac87d1f90d,9ece73d8-93e2-40b0-8ef9-75787e7f1947,1789617269.4886613,1789617269.4827,1031813.7000000002,9ece73d8-93e2-40b0-8ef9-75787e7f1947,browser_calibrated,0.00013875961303710938,6.000041961669922,238762,238762,0,-39.175987243652344,host_receive_nearest,verified,1,1,,,,,,,,,1,,,,,,,,,,,,,,,,,,,,V4,B,53.652,1789617269.4827,1789617269.5007823,238762,Block 3_1_9b3ed2b7,1,9b3ed2b7-20ea-47ff-9e39-4ab144187590,53.591,1,课程内容,3381,,ON,
379e1aee-887b-45c5-8aec-f2a869ed6bb9,confidence_response,1789617270.743239,956.308,239078,3,3,,1,G04,B,bbbd_subtraction,confidence_response,3,,0.0,0.0,,,,,,,"{""client_event_id"":""379e1aee-887b-45c5-8aec-f2a869ed6bb9"",""recorder_run_id"":""2e32687e-f8cf-4a91-8fec-dfa79fb2e0c2"",""client_id"":""9ece73d8-93e2-40b0-8ef9-75787e7f1947"",""client_timestamp"":1789617270.7431002,""client_monotonic_ms"":1033074,""event_timestamp"":1789617270.743239,""clock_offset_sec"":0.00013875961303710938,""clock_round_trip_ms"":6.000041961669922,""subject_id"":""sub-004"",""session_id"":""ses-001"",""block_id"":""Block 3"",""counterbalance_group"":""G04"",""block_order"":""Block 3"",""condition"":""B"",""condition_type"":""bbbd_subtraction"",""topic_key"":""V4"",""topic_name"":""中国古代最大的歼灭战 长平之战"",""event_type"":""confidence_response"",""iso_time"":""2026-09-17T03:54:30.743Z"",""relative_ms"":63436,""video_time_sec"":53.652,""probe_id"":""Block 3_1_9b3ed2b7"",""probe_index"":1,""probe_schedule_id"":""9b3ed2b7-20ea-47ff-9e39-4ab144187590"",""probe_planned_time_sec"":53.591,""video_id"":""V4"",""response"":1,""confidence"":3,""response_time_ms"":1260}",2e32687e-f8cf-4a91-8fec-dfa79fb2e0c2,sub-004,ses-001,379e1aee-887b-45c5-8aec-f2a869ed6bb9,9ece73d8-93e2-40b0-8ef9-75787e7f1947,1789617270.749129,1789617270.7431002,1033074,9ece73d8-93e2-40b0-8ef9-75787e7f1947,browser_calibrated,0.00013875961303710938,6.000041961669922,239077,239077,0,-41.42475128173828,host_receive_nearest,verified,1,1,,,,,,,,,1,,,,,,,,,,,,,,,,,,,,V4,B,53.652,1789617270.7431002,1789617270.7591271,239077,Block 3_1_9b3ed2b7,1,9b3ed2b7-20ea-47ff-9e39-4ab144187590,53.591,,,1260,3,,
ab4368f5-3d57-4c24-b2c0-e12feed9decd,phase_change,1789617270.7526388,956.312,239093,3,3,,1,G04,B,bbbd_subtraction,phase_change,video,,0.0,0.0,,,,,,,,2e32687e-f8cf-4a91-8fec-dfa79fb2e0c2,sub-004,ses-001,ab4368f5-3d57-4c24-b2c0-e12feed9decd,9ece73d8-93e2-40b0-8ef9-75787e7f1947,1789617270.7846265,1789617270.7525,1033083.4000000004,9ece73d8-93e2-40b0-8ef9-75787e7f1947,browser_calibrated,0.00013875961303710938,6.000041961669922,239078,239078,0,7.622241973876953,host_receive_nearest,verified,1,1,,,,,,,,,1,,,,,,,,,,,,,,,,,,,,V4,B,53.708,1789617270.7525,1789617270.7847369,239078,,,,,,,,,,
ab4368f5-3d57-4c24-b2c0-e12feed9decd,video_resume,1789617270.7526388,956.312,239093,3,3,,1,G04,B,bbbd_subtraction,video_resume,53.708,,0.0,0.0,,,,,,,"{""client_event_id"":""ab4368f5-3d57-4c24-b2c0-e12feed9decd"",""recorder_run_id"":""2e32687e-f8cf-4a91-8fec-dfa79fb2e0c2"",""client_id"":""9ece73d8-93e2-40b0-8ef9-75787e7f1947"",""client_timestamp"":1789617270.7525,""client_monotonic_ms"":1033083.4000000004,""event_timestamp"":1789617270.7526388,""clock_offset_sec"":0.00013875961303710938,""clock_round_trip_ms"":6.000041961669922,""subject_id"":""sub-004"",""session_id"":""ses-001"",""block_id"":""Block 3"",""counterbalance_group"":""G04"",""block_order"":""Block 3"",""condition"":""B"",""condition_type"":""bbbd_subtraction"",""topic_key"":""V4"",""topic_name"":""中国古代最大的歼灭战 长平之战"",""event_type"":""video_resume"",""iso_time"":""2026-09-17T03:54:30.752Z"",""relative_ms"":63446,""video_time_sec"":53.708,""probe_id"":""Block 3_1_9b3ed2b7"",""probe_index"":1,""probe_schedule_id"":""9b3ed2b7-20ea-47ff-9e39-4ab144187590"",""probe_planned_time_sec"":53.591,""video_id"":""V4"",""pause_reason"":""thought_probe"",""resume_status"":""playing""}",2e32687e-f8cf-4a91-8fec-dfa79fb2e0c2,sub-004,ses-001,ab4368f5-3d57-4c24-b2c0-e12feed9decd,9ece73d8-93e2-40b0-8ef9-75787e7f1947,1789617270.7846265,1789617270.7525,1033083.4000000004,9ece73d8-93e2-40b0-8ef9-75787e7f1947,browser_calibrated,0.00013875961303710938,6.000041961669922,239078,239078,0,7.622241973876953,host_receive_nearest,verified,1,1,,,,,,,,,1,,,,,,,,,,,,,,,,,,,,V4,B,53.708,1789617270.7525,1789617270.7849174,239078,Block 3_1_9b3ed2b7,,,,,,,,,thought_probe
68d03523-6c27-4116-820d-5b46725dfcc0,probe_onset,1789617384.2260702,1069.808,267453,3,3,,1,G04,B,bbbd_subtraction,probe_onset,Block 3_2_9b3ed2b7,,0.0,0.0,,,,,,,"{""client_event_id"":""68d03523-6c27-4116-820d-5b46725dfcc0"",""recorder_run_id"":""2e32687e-f8cf-4a91-8fec-dfa79fb2e0c2"",""client_id"":""9ece73d8-93e2-40b0-8ef9-75787e7f1947"",""client_timestamp"":1789617384.2259002,""client_monotonic_ms"":1146556.7999999998,""event_timestamp"":1789617384.2260702,""clock_offset_sec"":0.00016999244689941406,""clock_round_trip_ms"":5.799770355224609,""subject_id"":""sub-004"",""session_id"":""ses-001"",""block_id"":""Block 3"",""counterbalance_group"":""G04"",""block_order"":""Block 3"",""condition"":""B"",""condition_type"":""bbbd_subtraction"",""topic_key"":""V4"",""topic_name"":""中国古代最大的歼灭战 长平之战"",""event_type"":""probe_onset"",""iso_time"":""2026-09-17T03:56:24.225Z"",""relative_ms"":176919,""video_time_sec"":167.117,""probe_id"":""Block 3_2_9b3ed2b7"",""probe_index"":2,""probe_schedule_id"":""9b3ed2b7-20ea-47ff-9e39-4ab144187590"",""probe_planned_time_sec"":166.887,""video_id"":""V4"",""pause_reason"":""thought_probe"",""forced"":false}",2e32687e-f8cf-4a91-8fec-dfa79fb2e0c2,sub-004,ses-001,68d03523-6c27-4116-820d-5b46725dfcc0,9ece73d8-93e2-40b0-8ef9-75787e7f1947,1789617384.2329166,1789617384.2259002,1146556.7999999998,9ece73d8-93e2-40b0-8ef9-75787e7f1947,browser_calibrated,0.00016999244689941406,5.799770355224609,267452,267452,0,-25.391101837158203,host_receive_nearest,verified,1,1,,,,,,,,,1,,,,,,,,,,,,,,,,,,,,V4,B,167.117,1789617384.2259002,1789617384.233059,267452,Block 3_2_9b3ed2b7,2,9b3ed2b7-20ea-47ff-9e39-4ab144187590,166.887,,,,,,thought_probe
0a504041-85b3-4190-82ec-906ee1148450,attention_response,1789617387.73967,1073.328,268333,3,3,,1,G04,B,bbbd_subtraction,attention_response,1,,0.0,0.0,,,,,,,"{""client_event_id"":""0a504041-85b3-4190-82ec-906ee1148450"",""recorder_run_id"":""2e32687e-f8cf-4a91-8fec-dfa79fb2e0c2"",""client_id"":""9ece73d8-93e2-40b0-8ef9-75787e7f1947"",""client_timestamp"":1789617387.7395,""client_monotonic_ms"":1150070.5,""event_timestamp"":1789617387.73967,""clock_offset_sec"":0.00016999244689941406,""clock_round_trip_ms"":5.799770355224609,""subject_id"":""sub-004"",""session_id"":""ses-001"",""block_id"":""Block 3"",""counterbalance_group"":""G04"",""block_order"":""Block 3"",""condition"":""B"",""condition_type"":""bbbd_subtraction"",""topic_key"":""V4"",""topic_name"":""中国古代最大的歼灭战 长平之战"",""event_type"":""attention_response"",""iso_time"":""2026-09-17T03:56:27.739Z"",""relative_ms"":180433,""video_time_sec"":167.117,""probe_id"":""Block 3_2_9b3ed2b7"",""probe_index"":2,""probe_schedule_id"":""9b3ed2b7-20ea-47ff-9e39-4ab144187590"",""probe_planned_time_sec"":166.887,""video_id"":""V4"",""response"":1,""response_label"":""课程内容"",""probe_attention"":""ON"",""response_time_ms"":3514}",2e32687e-f8cf-4a91-8fec-dfa79fb2e0c2,sub-004,ses-001,0a504041-85b3-4190-82ec-906ee1148450,9ece73d8-93e2-40b0-8ef9-75787e7f1947,1789617387.745115,1789617387.7395,1150070.5,9ece73d8-93e2-40b0-8ef9-75787e7f1947,browser_calibrated,0.00016999244689941406,5.799770355224609,268332,268332,0,-2.8183460235595703,host_receive_nearest,verified,1,1,,,,,,,,,1,,,,,,,,,,,,,,,,,,,,V4,B,167.117,1789617387.7395,1789617387.7559435,268332,Block 3_2_9b3ed2b7,2,9b3ed2b7-20ea-47ff-9e39-4ab144187590,166.887,1,课程内容,3514,,ON,
de75e03c-ba39-42ad-8775-bcfb1cb7af04,confidence_response,1789617389.6963701,1075.288,268823,3,3,,1,G04,B,bbbd_subtraction,confidence_response,2,,0.0,0.0,,,,,,,"{""client_event_id"":""de75e03c-ba39-42ad-8775-bcfb1cb7af04"",""recorder_run_id"":""2e32687e-f8cf-4a91-8fec-dfa79fb2e0c2"",""client_id"":""9ece73d8-93e2-40b0-8ef9-75787e7f1947"",""client_timestamp"":1789617389.6962001,""client_monotonic_ms"":1152027.0999999996,""event_timestamp"":1789617389.6963701,""clock_offset_sec"":0.00016999244689941406,""clock_round_trip_ms"":5.799770355224609,""subject_id"":""sub-004"",""session_id"":""ses-001"",""block_id"":""Block 3"",""counterbalance_group"":""G04"",""block_order"":""Block 3"",""condition"":""B"",""condition_type"":""bbbd_subtraction"",""topic_key"":""V4"",""topic_name"":""中国古代最大的歼灭战 长平之战"",""event_type"":""confidence_response"",""iso_time"":""2026-09-17T03:56:29.696Z"",""relative_ms"":182389,""video_time_sec"":167.117,""probe_id"":""Block 3_2_9b3ed2b7"",""probe_index"":2,""probe_schedule_id"":""9b3ed2b7-20ea-47ff-9e39-4ab144187590"",""probe_planned_time_sec"":166.887,""video_id"":""V4"",""response"":1,""confidence"":2,""response_time_ms"":1957}",2e32687e-f8cf-4a91-8fec-dfa79fb2e0c2,sub-004,ses-001,de75e03c-ba39-42ad-8775-bcfb1cb7af04,9ece73d8-93e2-40b0-8ef9-75787e7f1947,1789617389.702268,1789617389.6962001,1152027.0999999996,9ece73d8-93e2-40b0-8ef9-75787e7f1947,browser_calibrated,0.00016999244689941406,5.799770355224609,268822,268822,0,-9.552955627441406,host_receive_nearest,verified,1,1,,,,,,,,,1,,,,,,,,,,,,,,,,,,,,V4,B,167.117,1789617389.6962001,1789617389.7128403,268822,Block 3_2_9b3ed2b7,2,9b3ed2b7-20ea-47ff-9e39-4ab144187590,166.887,,,1957,2,,
d1ae8238-7070-438a-8afa-852b16d227b9,phase_change,1789617389.7053702,1075.292,268828,3,3,,1,G04,B,bbbd_subtraction,phase_change,video,,0.0,0.0,,,,,,,,2e32687e-f8cf-4a91-8fec-dfa79fb2e0c2,sub-004,ses-001,d1ae8238-7070-438a-8afa-852b16d227b9,9ece73d8-93e2-40b0-8ef9-75787e7f1947,1789617389.7373388,1789617389.7052002,1152036.0999999996,9ece73d8-93e2-40b0-8ef9-75787e7f1947,browser_calibrated,0.00016999244689941406,5.799770355224609,268823,268823,0,9.944677352905273,host_receive_nearest,verified,1,1,,,,,,,,,1,,,,,,,,,,,,,,,,,,,,V4,B,167.195,1789617389.7052002,1789617389.737432,268823,,,,,,,,,,
d1ae8238-7070-438a-8afa-852b16d227b9,video_resume,1789617389.7053702,1075.292,268828,3,3,,1,G04,B,bbbd_subtraction,video_resume,167.195,,0.0,0.0,,,,,,,"{""client_event_id"":""d1ae8238-7070-438a-8afa-852b16d227b9"",""recorder_run_id"":""2e32687e-f8cf-4a91-8fec-dfa79fb2e0c2"",""client_id"":""9ece73d8-93e2-40b0-8ef9-75787e7f1947"",""client_timestamp"":1789617389.7052002,""client_monotonic_ms"":1152036.0999999996,""event_timestamp"":1789617389.7053702,""clock_offset_sec"":0.00016999244689941406,""clock_round_trip_ms"":5.799770355224609,""subject_id"":""sub-004"",""session_id"":""ses-001"",""block_id"":""Block 3"",""counterbalance_group"":""G04"",""block_order"":""Block 3"",""condition"":""B"",""condition_type"":""bbbd_subtraction"",""topic_key"":""V4"",""topic_name"":""中国古代最大的歼灭战 长平之战"",""event_type"":""video_resume"",""iso_time"":""2026-09-17T03:56:29.705Z"",""relative_ms"":182398,""video_time_sec"":167.195,""probe_id"":""Block 3_2_9b3ed2b7"",""probe_index"":2,""probe_schedule_id"":""9b3ed2b7-20ea-47ff-9e39-4ab144187590"",""probe_planned_time_sec"":166.887,""video_id"":""V4"",""pause_reason"":""thought_probe"",""resume_status"":""playing""}",2e32687e-f8cf-4a91-8fec-dfa79fb2e0c2,sub-004,ses-001,d1ae8238-7070-438a-8afa-852b16d227b9,9ece73d8-93e2-40b0-8ef9-75787e7f1947,1789617389.7373388,1789617389.7052002,1152036.0999999996,9ece73d8-93e2-40b0-8ef9-75787e7f1947,browser_calibrated,0.00016999244689941406,5.799770355224609,268823,268823,0,9.944677352905273,host_receive_nearest,verified,1,1,,,,,,,,,1,,,,,,,,,,,,,,,,,,,,V4,B,167.195,1789617389.7052002,1789617389.7375975,268823,Block 3_2_9b3ed2b7,,,,,,,,,thought_probe
0b05ddf1-5a05-41b5-bff3-ff98a31d9867,probe_onset,1789617448.4688683,1134.044,283512,3,3,,1,G04,B,bbbd_subtraction,probe_onset,Block 3_3_9b3ed2b7,,0.0,0.0,,,,,,,"{""client_event_id"":""0b05ddf1-5a05-41b5-bff3-ff98a31d9867"",""recorder_run_id"":""2e32687e-f8cf-4a91-8fec-dfa79fb2e0c2"",""client_id"":""9ece73d8-93e2-40b0-8ef9-75787e7f1947"",""client_timestamp"":1789617448.4686,""client_monotonic_ms"":1210799.5,""event_timestamp"":1789617448.4688683,""clock_offset_sec"":0.0002682209014892578,""clock_round_trip_ms"":5.700111389160156,""subject_id"":""sub-004"",""session_id"":""ses-001"",""block_id"":""Block 3"",""counterbalance_group"":""G04"",""block_order"":""Block 3"",""condition"":""B"",""condition_type"":""bbbd_subtraction"",""topic_key"":""V4"",""topic_name"":""中国古代最大的歼灭战 长平之战"",""event_type"":""probe_onset"",""iso_time"":""2026-09-17T03:57:28.468Z"",""relative_ms"":241162,""video_time_sec"":225.911,""probe_id"":""Block 3_3_9b3ed2b7"",""probe_index"":3,""probe_schedule_id"":""9b3ed2b7-20ea-47ff-9e39-4ab144187590"",""probe_planned_time_sec"":225.89,""video_id"":""V4"",""pause_reason"":""thought_probe"",""forced"":false}",2e32687e-f8cf-4a91-8fec-dfa79fb2e0c2,sub-004,ses-001,0b05ddf1-5a05-41b5-bff3-ff98a31d9867,9ece73d8-93e2-40b0-8ef9-75787e7f1947,1789617448.4755745,1789617448.4686,1210799.5,9ece73d8-93e2-40b0-8ef9-75787e7f1947,browser_calibrated,0.0002682209014892578,5.700111389160156,283511,283511,0,-9.626388549804688,host_receive_nearest,verified,1,1,,,,,,,,,1,,,,,,,,,,,,,,,,,,,,V4,B,225.911,1789617448.4686,1789617448.4757063,283511,Block 3_3_9b3ed2b7,3,9b3ed2b7-20ea-47ff-9e39-4ab144187590,225.89,,,,,,thought_probe
2142659a-7ee5-4c59-b3a2-81011f8b3987,attention_response,1789617451.3836684,1136.844,284212,3,3,,1,G04,B,bbbd_subtraction,attention_response,1,,0.0,0.0,,,,,,,"{""client_event_id"":""2142659a-7ee5-4c59-b3a2-81011f8b3987"",""recorder_run_id"":""2e32687e-f8cf-4a91-8fec-dfa79fb2e0c2"",""client_id"":""9ece73d8-93e2-40b0-8ef9-75787e7f1947"",""client_timestamp"":1789617451.3834002,""client_monotonic_ms"":1213714.2999999998,""event_timestamp"":1789617451.3836684,""clock_offset_sec"":0.0002682209014892578,""clock_round_trip_ms"":5.700111389160156,""subject_id"":""sub-004"",""session_id"":""ses-001"",""block_id"":""Block 3"",""counterbalance_group"":""G04"",""block_order"":""Block 3"",""condition"":""B"",""condition_type"":""bbbd_subtraction"",""topic_key"":""V4"",""topic_name"":""中国古代最大的歼灭战 长平之战"",""event_type"":""attention_response"",""iso_time"":""2026-09-17T03:57:31.383Z"",""relative_ms"":244076,""video_time_sec"":225.911,""probe_id"":""Block 3_3_9b3ed2b7"",""probe_index"":3,""probe_schedule_id"":""9b3ed2b7-20ea-47ff-9e39-4ab144187590"",""probe_planned_time_sec"":225.89,""video_id"":""V4"",""response"":1,""response_label"":""课程内容"",""probe_attention"":""ON"",""response_time_ms"":2915}",2e32687e-f8cf-4a91-8fec-dfa79fb2e0c2,sub-004,ses-001,2142659a-7ee5-4c59-b3a2-81011f8b3987,9ece73d8-93e2-40b0-8ef9-75787e7f1947,1789617451.3958235,1789617451.3834002,1213714.2999999998,9ece73d8-93e2-40b0-8ef9-75787e7f1947,browser_calibrated,0.0002682209014892578,5.700111389160156,284211,284211,0,-131.30545616149902,host_receive_nearest,verified,1,1,,,,,,,,,1,,,,,,,,,,,,,,,,,,,,V4,B,225.911,1789617451.3834002,1789617451.4099348,284211,Block 3_3_9b3ed2b7,3,9b3ed2b7-20ea-47ff-9e39-4ab144187590,225.89,1,课程内容,2915,,ON,
0578a600-c4bb-43d6-bd8e-482050df2323,confidence_response,1789617452.1560683,1137.744,284437,3,3,,1,G04,B,bbbd_subtraction,confidence_response,2,,0.0,0.0,,,,,,,"{""client_event_id"":""0578a600-c4bb-43d6-bd8e-482050df2323"",""recorder_run_id"":""2e32687e-f8cf-4a91-8fec-dfa79fb2e0c2"",""client_id"":""9ece73d8-93e2-40b0-8ef9-75787e7f1947"",""client_timestamp"":1789617452.1558,""client_monotonic_ms"":1214486.7000000002,""event_timestamp"":1789617452.1560683,""clock_offset_sec"":0.0002682209014892578,""clock_round_trip_ms"":5.700111389160156,""subject_id"":""sub-004"",""session_id"":""ses-001"",""block_id"":""Block 3"",""counterbalance_group"":""G04"",""block_order"":""Block 3"",""condition"":""B"",""condition_type"":""bbbd_subtraction"",""topic_key"":""V4"",""topic_name"":""中国古代最大的歼灭战 长平之战"",""event_type"":""confidence_response"",""iso_time"":""2026-09-17T03:57:32.155Z"",""relative_ms"":244849,""video_time_sec"":225.911,""probe_id"":""Block 3_3_9b3ed2b7"",""probe_index"":3,""probe_schedule_id"":""9b3ed2b7-20ea-47ff-9e39-4ab144187590"",""probe_planned_time_sec"":225.89,""video_id"":""V4"",""response"":1,""confidence"":2,""response_time_ms"":773}",2e32687e-f8cf-4a91-8fec-dfa79fb2e0c2,sub-004,ses-001,0578a600-c4bb-43d6-bd8e-482050df2323,9ece73d8-93e2-40b0-8ef9-75787e7f1947,1789617452.161899,1789617452.1558,1214486.7000000002,9ece73d8-93e2-40b0-8ef9-75787e7f1947,browser_calibrated,0.0002682209014892578,5.700111389160156,284436,284436,0,-7.431507110595703,host_receive_nearest,verified,1,1,,,,,,,,,1,,,,,,,,,,,,,,,,,,,,V4,B,225.911,1789617452.1558,1789617452.173571,284436,Block 3_3_9b3ed2b7,3,9b3ed2b7-20ea-47ff-9e39-4ab144187590,225.89,,,773,2,,
fb3aa1ef-4e1d-4444-9b9e-5bd10504bde3,phase_change,1789617452.1668682,1137.748,284442,3,3,,1,G04,B,bbbd_subtraction,phase_change,video,,0.0,0.0,,,,,,,,2e32687e-f8cf-4a91-8fec-dfa79fb2e0c2,sub-004,ses-001,fb3aa1ef-4e1d-4444-9b9e-5bd10504bde3,9ece73d8-93e2-40b0-8ef9-75787e7f1947,1789617452.1994967,1789617452.1666,1214497.5999999996,9ece73d8-93e2-40b0-8ef9-75787e7f1947,browser_calibrated,0.0002682209014892578,5.700111389160156,284437,284437,0,12.44807243347168,host_receive_nearest,verified,1,1,,,,,,,,,1,,,,,,,,,,,,,,,,,,,,V4,B,225.965,1789617452.1666,1789617452.1996677,284437,,,,,,,,,,
fb3aa1ef-4e1d-4444-9b9e-5bd10504bde3,video_resume,1789617452.1668682,1137.748,284442,3,3,,1,G04,B,bbbd_subtraction,video_resume,225.965,,0.0,0.0,,,,,,,"{""client_event_id"":""fb3aa1ef-4e1d-4444-9b9e-5bd10504bde3"",""recorder_run_id"":""2e32687e-f8cf-4a91-8fec-dfa79fb2e0c2"",""client_id"":""9ece73d8-93e2-40b0-8ef9-75787e7f1947"",""client_timestamp"":1789617452.1666,""client_monotonic_ms"":1214497.5999999996,""event_timestamp"":1789617452.1668682,""clock_offset_sec"":0.0002682209014892578,""clock_round_trip_ms"":5.700111389160156,""subject_id"":""sub-004"",""session_id"":""ses-001"",""block_id"":""Block 3"",""counterbalance_group"":""G04"",""block_order"":""Block 3"",""condition"":""B"",""condition_type"":""bbbd_subtraction"",""topic_key"":""V4"",""topic_name"":""中国古代最大的歼灭战 长平之战"",""event_type"":""video_resume"",""iso_time"":""2026-09-17T03:57:32.166Z"",""relative_ms"":244860,""video_time_sec"":225.965,""probe_id"":""Block 3_3_9b3ed2b7"",""probe_index"":3,""probe_schedule_id"":""9b3ed2b7-20ea-47ff-9e39-4ab144187590"",""probe_planned_time_sec"":225.89,""video_id"":""V4"",""pause_reason"":""thought_probe"",""resume_status"":""playing""}",2e32687e-f8cf-4a91-8fec-dfa79fb2e0c2,sub-004,ses-001,fb3aa1ef-4e1d-4444-9b9e-5bd10504bde3,9ece73d8-93e2-40b0-8ef9-75787e7f1947,1789617452.1994967,1789617452.1666,1214497.5999999996,9ece73d8-93e2-40b0-8ef9-75787e7f1947,browser_calibrated,0.0002682209014892578,5.700111389160156,284437,284437,0,12.44807243347168,host_receive_nearest,verified,1,1,,,,,,,,,1,,,,,,,,,,,,,,,,,,,,V4,B,225.965,1789617452.1666,1789617452.199929,284437,Block 3_3_9b3ed2b7,,,,,,,,,thought_probe
751a2055-aa44-492c-9947-70f5f72f7131,probe_onset,1789617503.9752815,1189.564,297392,3,3,,1,G04,B,bbbd_subtraction,probe_onset,Block 3_4_9b3ed2b7,,0.0,0.0,,,,,,,"{""client_event_id"":""751a2055-aa44-492c-9947-70f5f72f7131"",""recorder_run_id"":""2e32687e-f8cf-4a91-8fec-dfa79fb2e0c2"",""client_id"":""9ece73d8-93e2-40b0-8ef9-75787e7f1947"",""client_timestamp"":1789617503.9751,""client_monotonic_ms"":1266306,""event_timestamp"":1789617503.9752815,""clock_offset_sec"":0.00018143653869628906,""clock_round_trip_ms"":5.899906158447266,""subject_id"":""sub-004"",""session_id"":""ses-001"",""block_id"":""Block 3"",""counterbalance_group"":""G04"",""block_order"":""Block 3"",""condition"":""B"",""condition_type"":""bbbd_subtraction"",""topic_key"":""V4"",""topic_name"":""中国古代最大的歼灭战 长平之战"",""event_type"":""probe_onset"",""iso_time"":""2026-09-17T03:58:23.975Z"",""relative_ms"":296668,""video_time_sec"":277.723,""probe_id"":""Block 3_4_9b3ed2b7"",""probe_index"":4,""probe_schedule_id"":""9b3ed2b7-20ea-47ff-9e39-4ab144187590"",""probe_planned_time_sec"":277.472,""video_id"":""V4"",""pause_reason"":""thought_probe"",""forced"":false}",2e32687e-f8cf-4a91-8fec-dfa79fb2e0c2,sub-004,ses-001,751a2055-aa44-492c-9947-70f5f72f7131,9ece73d8-93e2-40b0-8ef9-75787e7f1947,1789617503.9818919,1789617503.9751,1266306,9ece73d8-93e2-40b0-8ef9-75787e7f1947,browser_calibrated,0.00018143653869628906,5.899906158447266,297391,297391,0,-6.205320358276367,host_receive_nearest,verified,1,1,,,,,,,,,1,,,,,,,,,,,,,,,,,,,,V4,B,277.723,1789617503.9751,1789617503.9819958,297391,Block 3_4_9b3ed2b7,4,9b3ed2b7-20ea-47ff-9e39-4ab144187590,277.472,,,,,,thought_probe
35ed3100-1377-4792-bb25-670ff9f8e29f,attention_response,1789617506.5193815,1192.104,298027,3,3,,1,G04,B,bbbd_subtraction,attention_response,1,,0.0,0.0,,,,,,,"{""client_event_id"":""35ed3100-1377-4792-bb25-670ff9f8e29f"",""recorder_run_id"":""2e32687e-f8cf-4a91-8fec-dfa79fb2e0c2"",""client_id"":""9ece73d8-93e2-40b0-8ef9-75787e7f1947"",""client_timestamp"":1789617506.5192,""client_monotonic_ms"":1268850.0999999996,""event_timestamp"":1789617506.5193815,""clock_offset_sec"":0.00018143653869628906,""clock_round_trip_ms"":5.899906158447266,""subject_id"":""sub-004"",""session_id"":""ses-001"",""block_id"":""Block 3"",""counterbalance_group"":""G04"",""block_order"":""Block 3"",""condition"":""B"",""condition_type"":""bbbd_subtraction"",""topic_key"":""V4"",""topic_name"":""中国古代最大的歼灭战 长平之战"",""event_type"":""attention_response"",""iso_time"":""2026-09-17T03:58:26.519Z"",""relative_ms"":299212,""video_time_sec"":277.723,""probe_id"":""Block 3_4_9b3ed2b7"",""probe_index"":4,""probe_schedule_id"":""9b3ed2b7-20ea-47ff-9e39-4ab144187590"",""probe_planned_time_sec"":277.472,""video_id"":""V4"",""response"":1,""response_label"":""课程内容"",""probe_attention"":""ON"",""response_time_ms"":2544}",2e32687e-f8cf-4a91-8fec-dfa79fb2e0c2,sub-004,ses-001,35ed3100-1377-4792-bb25-670ff9f8e29f,9ece73d8-93e2-40b0-8ef9-75787e7f1947,1789617506.5281785,1789617506.5192,1268850.0999999996,9ece73d8-93e2-40b0-8ef9-75787e7f1947,browser_calibrated,0.00018143653869628906,5.899906158447266,298026,298026,0,-3.7217140197753906,host_receive_nearest,verified,1,1,,,,,,,,,1,,,,,,,,,,,,,,,,,,,,V4,B,277.723,1789617506.5192,1789617506.5403166,298026,Block 3_4_9b3ed2b7,4,9b3ed2b7-20ea-47ff-9e39-4ab144187590,277.472,1,课程内容,2544,,ON,
c641ef63-10a1-43cc-a127-2116646ee2bf,confidence_response,1789617509.1205816,1194.624,298657,3,3,,1,G04,B,bbbd_subtraction,confidence_response,2,,0.0,0.0,,,,,,,"{""client_event_id"":""c641ef63-10a1-43cc-a127-2116646ee2bf"",""recorder_run_id"":""2e32687e-f8cf-4a91-8fec-dfa79fb2e0c2"",""client_id"":""9ece73d8-93e2-40b0-8ef9-75787e7f1947"",""client_timestamp"":1789617509.1204002,""client_monotonic_ms"":1271451.4000000004,""event_timestamp"":1789617509.1205816,""clock_offset_sec"":0.00018143653869628906,""clock_round_trip_ms"":5.899906158447266,""subject_id"":""sub-004"",""session_id"":""ses-001"",""block_id"":""Block 3"",""counterbalance_group"":""G04"",""block_order"":""Block 3"",""condition"":""B"",""condition_type"":""bbbd_subtraction"",""topic_key"":""V4"",""topic_name"":""中国古代最大的歼灭战 长平之战"",""event_type"":""confidence_response"",""iso_time"":""2026-09-17T03:58:29.120Z"",""relative_ms"":301813,""video_time_sec"":277.723,""probe_id"":""Block 3_4_9b3ed2b7"",""probe_index"":4,""probe_schedule_id"":""9b3ed2b7-20ea-47ff-9e39-4ab144187590"",""probe_planned_time_sec"":277.472,""video_id"":""V4"",""response"":1,""confidence"":2,""response_time_ms"":2601}",2e32687e-f8cf-4a91-8fec-dfa79fb2e0c2,sub-004,ses-001,c641ef63-10a1-43cc-a127-2116646ee2bf,9ece73d8-93e2-40b0-8ef9-75787e7f1947,1789617509.1266584,1789617509.1204002,1271451.4000000004,9ece73d8-93e2-40b0-8ef9-75787e7f1947,browser_calibrated,0.00018143653869628906,5.899906158447266,298656,298656,0,-88.31167221069336,host_receive_nearest,verified,1,1,,,,,,,,,1,,,,,,,,,,,,,,,,,,,,V4,B,277.723,1789617509.1204002,1789617509.1393518,298656,Block 3_4_9b3ed2b7,4,9b3ed2b7-20ea-47ff-9e39-4ab144187590,277.472,,,2601,2,,
78e14380-4a6e-4263-a8fb-2d9d464d0931,phase_change,1789617509.1301816,1194.628,298682,3,3,,1,G04,B,bbbd_subtraction,phase_change,video,,0.0,0.0,,,,,,,,2e32687e-f8cf-4a91-8fec-dfa79fb2e0c2,sub-004,ses-001,78e14380-4a6e-4263-a8fb-2d9d464d0931,9ece73d8-93e2-40b0-8ef9-75787e7f1947,1789617509.1711652,1789617509.13,1271460.9000000004,9ece73d8-93e2-40b0-8ef9-75787e7f1947,browser_calibrated,0.00018143653869628906,5.899906158447266,298657,298657,0,23.923397064208984,host_receive_nearest,verified,1,1,,,,,,,,,1,,,,,,,,,,,,,,,,,,,,V4,B,277.793,1789617509.13,1789617509.1712594,298657,,,,,,,,,,
78e14380-4a6e-4263-a8fb-2d9d464d0931,video_resume,1789617509.1301816,1194.628,298682,3,3,,1,G04,B,bbbd_subtraction,video_resume,277.793,,0.0,0.0,,,,,,,"{""client_event_id"":""78e14380-4a6e-4263-a8fb-2d9d464d0931"",""recorder_run_id"":""2e32687e-f8cf-4a91-8fec-dfa79fb2e0c2"",""client_id"":""9ece73d8-93e2-40b0-8ef9-75787e7f1947"",""client_timestamp"":1789617509.13,""client_monotonic_ms"":1271460.9000000004,""event_timestamp"":1789617509.1301816,""clock_offset_sec"":0.00018143653869628906,""clock_round_trip_ms"":5.899906158447266,""subject_id"":""sub-004"",""session_id"":""ses-001"",""block_id"":""Block 3"",""counterbalance_group"":""G04"",""block_order"":""Block 3"",""condition"":""B"",""condition_type"":""bbbd_subtraction"",""topic_key"":""V4"",""topic_name"":""中国古代最大的歼灭战 长平之战"",""event_type"":""video_resume"",""iso_time"":""2026-09-17T03:58:29.130Z"",""relative_ms"":301823,""video_time_sec"":277.793,""probe_id"":""Block 3_4_9b3ed2b7"",""probe_index"":4,""probe_schedule_id"":""9b3ed2b7-20ea-47ff-9e39-4ab144187590"",""probe_planned_time_sec"":277.472,""video_id"":""V4"",""pause_reason"":""thought_probe"",""resume_status"":""playing""}",2e32687e-f8cf-4a91-8fec-dfa79fb2e0c2,sub-004,ses-001,78e14380-4a6e-4263-a8fb-2d9d464d0931,9ece73d8-93e2-40b0-8ef9-75787e7f1947,1789617509.1711652,1789617509.13,1271460.9000000004,9ece73d8-93e2-40b0-8ef9-75787e7f1947,browser_calibrated,0.00018143653869628906,5.899906158447266,298657,298657,0,23.923397064208984,host_receive_nearest,verified,1,1,,,,,,,,,1,,,,,,,,,,,,,,,,,,,,V4,B,277.793,1789617509.13,1789617509.1714213,298657,Block 3_4_9b3ed2b7,,,,,,,,,thought_probe
32f8b799-14f5-4d5a-b398-f5bfddf3cdb0,video_end,1789617545.2110422,1230.784,307697,3,3,,1,G04,B,bbbd_subtraction,video_end,V4,,0.0,0.0,,,,,,,,2e32687e-f8cf-4a91-8fec-dfa79fb2e0c2,sub-004,ses-001,32f8b799-14f5-4d5a-b398-f5bfddf3cdb0,9ece73d8-93e2-40b0-8ef9-75787e7f1947,1789617545.2345936,1789617545.211,1307541.9000000004,9ece73d8-93e2-40b0-8ef9-75787e7f1947,browser_calibrated,4.220008850097656e-05,5.899906158447266,307696,307696,0,-25.027990341186523,host_receive_nearest,verified,1,1,,,,,,,,,1,,,,,,,,,,,,,,,,,,,,V4,B,313.818,1789617545.211,1789617545.2347863,307696,,,,,,,,,,
32f8b799-14f5-4d5a-b398-f5bfddf3cdb0,browser_video_ended,1789617545.2110422,1230.784,307697,3,3,,1,G04,B,bbbd_subtraction,browser_video_ended,,,0.0,0.0,,,,,,,"{""client_event_id"":""32f8b799-14f5-4d5a-b398-f5bfddf3cdb0"",""recorder_run_id"":""2e32687e-f8cf-4a91-8fec-dfa79fb2e0c2"",""client_id"":""9ece73d8-93e2-40b0-8ef9-75787e7f1947"",""client_timestamp"":1789617545.211,""client_monotonic_ms"":1307541.9000000004,""event_timestamp"":1789617545.2110422,""clock_offset_sec"":4.220008850097656e-05,""clock_round_trip_ms"":5.899906158447266,""subject_id"":""sub-004"",""session_id"":""ses-001"",""block_id"":""Block 3"",""counterbalance_group"":""G04"",""block_order"":""Block 3"",""condition"":""B"",""condition_type"":""bbbd_subtraction"",""topic_key"":""V4"",""topic_name"":""中国古代最大的歼灭战 长平之战"",""event_type"":""video_ended"",""iso_time"":""2026-09-17T03:59:05.211Z"",""relative_ms"":337904,""video_time_sec"":313.818}",2e32687e-f8cf-4a91-8fec-dfa79fb2e0c2,sub-004,ses-001,32f8b799-14f5-4d5a-b398-f5bfddf3cdb0,9ece73d8-93e2-40b0-8ef9-75787e7f1947,1789617545.2345936,1789617545.211,1307541.9000000004,9ece73d8-93e2-40b0-8ef9-75787e7f1947,browser_calibrated,4.220008850097656e-05,5.899906158447266,307696,307696,0,-25.027990341186523,host_receive_nearest,verified,1,1,,,,,,,,,1,,,,,,,,,,,,,,,,,,,,V4,B,313.818,1789617545.211,1789617545.2351563,307696,,,,,,,,,,
12e61218-17f0-4af4-85d6-30c54c4d21d1,browser_block_end,1789617545.2217424,1230.788,307727,3,3,,1,G04,B,bbbd_subtraction,browser_block_end,视频自然播放结束,,0.0,0.0,,,,,,,"{""client_event_id"":""12e61218-17f0-4af4-85d6-30c54c4d21d1"",""recorder_run_id"":""2e32687e-f8cf-4a91-8fec-dfa79fb2e0c2"",""client_id"":""9ece73d8-93e2-40b0-8ef9-75787e7f1947"",""client_timestamp"":1789617545.2217002,""client_monotonic_ms"":1307552.5999999996,""event_timestamp"":1789617545.2217424,""clock_offset_sec"":4.220008850097656e-05,""clock_round_trip_ms"":5.899906158447266,""subject_id"":""sub-004"",""session_id"":""ses-001"",""block_id"":""Block 3"",""counterbalance_group"":""G04"",""block_order"":""Block 3"",""condition"":""B"",""condition_type"":""bbbd_subtraction"",""topic_key"":""V4"",""topic_name"":""中国古代最大的歼灭战 长平之战"",""event_type"":""block_end"",""iso_time"":""2026-09-17T03:59:05.221Z"",""relative_ms"":337915,""video_time_sec"":313.818,""reason"":""视频自然播放结束""}",2e32687e-f8cf-4a91-8fec-dfa79fb2e0c2,sub-004,ses-001,12e61218-17f0-4af4-85d6-30c54c4d21d1,9ece73d8-93e2-40b0-8ef9-75787e7f1947,1789617545.3132913,1789617545.2217002,1307552.5999999996,9ece73d8-93e2-40b0-8ef9-75787e7f1947,browser_calibrated,4.220008850097656e-05,5.899906158447266,307697,307697,0,14.016866683959961,host_receive_nearest,verified,1,1,,,,,,,,,1,,,,,,,,,,,,,,,,,,,,V4,B,313.818,1789617545.2217002,1789617545.3135517,307697,,,,,,,,,,
8b970f76-7ffa-44a4-9a78-ea1fe423a152,rating_start,1789617545.2338421,1230.788,307732,3,3,,1,G04,B,bbbd_subtraction,rating_start,,,0.0,0.0,,,,,,,"{""client_event_id"":""8b970f76-7ffa-44a4-9a78-ea1fe423a152"",""recorder_run_id"":""2e32687e-f8cf-4a91-8fec-dfa79fb2e0c2"",""client_id"":""9ece73d8-93e2-40b0-8ef9-75787e7f1947"",""client_timestamp"":1789617545.2338,""client_monotonic_ms"":1307564.7000000002,""event_timestamp"":1789617545.2338421,""clock_offset_sec"":4.220008850097656e-05,""clock_round_trip_ms"":5.899906158447266,""subject_id"":""sub-004"",""session_id"":""ses-001"",""block_id"":""Block 3"",""counterbalance_group"":""G04"",""block_order"":""Block 3"",""condition"":""B"",""condition_type"":""bbbd_subtraction"",""topic_key"":""V4"",""topic_name"":""中国古代最大的歼灭战 长平之战"",""event_type"":""rating_start"",""iso_time"":""2026-09-17T03:59:05.233Z"",""relative_ms"":337927,""video_time_sec"":313.818}",2e32687e-f8cf-4a91-8fec-dfa79fb2e0c2,sub-004,ses-001,8b970f76-7ffa-44a4-9a78-ea1fe423a152,9ece73d8-93e2-40b0-8ef9-75787e7f1947,1789617545.3615313,1789617545.2338,1307564.7000000002,9ece73d8-93e2-40b0-8ef9-75787e7f1947,browser_calibrated,4.220008850097656e-05,5.899906158447266,307697,307697,0,1.917123794555664,host_receive_nearest,verified,1,1,,,,,,,,,1,,,,,,,,,,,,,,,,,,,,V4,B,313.818,1789617545.2338,1789617545.3616636,307697,,,,,,,,,,
815c8380-b727-4f94-8014-67f27bbdd793,rating_item_response,1789617549.9530675,1235.528,308887,3,3,,1,G04,B,bbbd_subtraction,rating_item_response,4,,0.0,0.0,,,,,,,"{""client_event_id"":""815c8380-b727-4f94-8014-67f27bbdd793"",""recorder_run_id"":""2e32687e-f8cf-4a91-8fec-dfa79fb2e0c2"",""client_id"":""9ece73d8-93e2-40b0-8ef9-75787e7f1947"",""client_timestamp"":1789617549.9528,""client_monotonic_ms"":1312283.7999999998,""event_timestamp"":1789617549.9530675,""clock_offset_sec"":0.0002675056457519531,""clock_round_trip_ms"":5.900144577026367,""subject_id"":""sub-004"",""session_id"":""ses-001"",""block_id"":""Block 3"",""counterbalance_group"":""G04"",""block_order"":""Block 3"",""condition"":""B"",""condition_type"":""bbbd_subtraction"",""topic_key"":""V4"",""topic_name"":""中国古代最大的歼灭战 长平之战"",""event_type"":""rating_item_response"",""iso_time"":""2026-09-17T03:59:09.952Z"",""relative_ms"":342646,""video_time_sec"":313.818,""rating_item"":""subtraction_difficulty"",""rating_value"":""4"",""response_time_ms"":4719}",2e32687e-f8cf-4a91-8fec-dfa79fb2e0c2,sub-004,ses-001,815c8380-b727-4f94-8014-67f27bbdd793,9ece73d8-93e2-40b0-8ef9-75787e7f1947,1789617549.9643145,1789617549.9528,1312283.7999999998,9ece73d8-93e2-40b0-8ef9-75787e7f1947,browser_calibrated,0.0002675056457519531,5.900144577026367,308882,308882,0,1.367330551147461,host_receive_nearest,verified,1,1,,,,,,,,,1,,,,,,,,,,,,,subtraction_difficulty,4,,,,,,V4,B,313.818,1789617549.9528,1789617549.964422,308882,,,,,,,4719,,,
8307913c-5b80-448d-9bff-ff794fa0463a,rating_item_response,1789617553.9847674,1239.564,309892,3,3,,1,G04,B,bbbd_subtraction,rating_item_response,686,,0.0,0.0,,,,,,,"{""client_event_id"":""8307913c-5b80-448d-9bff-ff794fa0463a"",""recorder_run_id"":""2e32687e-f8cf-4a91-8fec-dfa79fb2e0c2"",""client_id"":""9ece73d8-93e2-40b0-8ef9-75787e7f1947"",""client_timestamp"":1789617553.9845,""client_monotonic_ms"":1316315.4000000004,""event_timestamp"":1789617553.9847674,""clock_offset_sec"":0.0002675056457519531,""clock_round_trip_ms"":5.900144577026367,""subject_id"":""sub-004"",""session_id"":""ses-001"",""block_id"":""Block 3"",""counterbalance_group"":""G04"",""block_order"":""Block 3"",""condition"":""B"",""condition_type"":""bbbd_subtraction"",""topic_key"":""V4"",""topic_name"":""中国古代最大的歼灭战 长平之战"",""event_type"":""rating_item_response"",""iso_time"":""2026-09-17T03:59:13.984Z"",""relative_ms"":346677,""video_time_sec"":313.818,""rating_item"":""reported_final_number"",""rating_value"":""686"",""response_time_ms"":8751}",2e32687e-f8cf-4a91-8fec-dfa79fb2e0c2,sub-004,ses-001,8307913c-5b80-448d-9bff-ff794fa0463a,9ece73d8-93e2-40b0-8ef9-75787e7f1947,1789617553.9913192,1789617553.9845,1316315.4000000004,9ece73d8-93e2-40b0-8ef9-75787e7f1947,browser_calibrated,0.0002675056457519531,5.900144577026367,309891,309891,0,-9.533166885375977,host_receive_nearest,verified,1,1,,,,,,,,,1,,,,,,,,,,,,,reported_final_number,686,,,,,,V4,B,313.818,1789617553.9845,1789617553.991461,309891,,,,,,,8751,,,
f3f15621-a5f2-44eb-8bc9-fa133f28b9b6,rating_item_response,1789617555.8454678,1241.424,310357,3,3,,1,G04,B,bbbd_subtraction,rating_item_response,2,,0.0,0.0,,,,,,,"{""client_event_id"":""f3f15621-a5f2-44eb-8bc9-fa133f28b9b6"",""recorder_run_id"":""2e32687e-f8cf-4a91-8fec-dfa79fb2e0c2"",""client_id"":""9ece73d8-93e2-40b0-8ef9-75787e7f1947"",""client_timestamp"":1789617555.8452003,""client_monotonic_ms"":1318176.2000000002,""event_timestamp"":1789617555.8454678,""clock_offset_sec"":0.0002675056457519531,""clock_round_trip_ms"":5.900144577026367,""subject_id"":""sub-004"",""session_id"":""ses-001"",""block_id"":""Block 3"",""counterbalance_group"":""G04"",""block_order"":""Block 3"",""condition"":""B"",""condition_type"":""bbbd_subtraction"",""topic_key"":""V4"",""topic_name"":""中国古代最大的歼灭战 长平之战"",""event_type"":""rating_item_response"",""iso_time"":""2026-09-17T03:59:15.845Z"",""relative_ms"":348538,""video_time_sec"":313.818,""rating_item"":""course_attention_rating"",""rating_value"":""2"",""response_time_ms"":10612}",2e32687e-f8cf-4a91-8fec-dfa79fb2e0c2,sub-004,ses-001,f3f15621-a5f2-44eb-8bc9-fa133f28b9b6,9ece73d8-93e2-40b0-8ef9-75787e7f1947,1789617555.8553224,1789617555.8452003,1318176.2000000002,9ece73d8-93e2-40b0-8ef9-75787e7f1947,browser_calibrated,0.0002675056457519531,5.900144577026367,310356,310356,0,-9.80234146118164,host_receive_nearest,verified,1,1,,,,,,,,,1,,,,,,,,,,,,,course_attention_rating,2,,,,,,V4,B,313.818,1789617555.8452003,1789617555.8554149,310356,,,,,,,10612,,,
42a8b029-c4a3-49bd-9427-e56ab6d2e807,rating_item_response,1789617558.6576676,1244.164,311042,3,3,,1,G04,B,bbbd_subtraction,rating_item_response,6,,0.0,0.0,,,,,,,"{""client_event_id"":""42a8b029-c4a3-49bd-9427-e56ab6d2e807"",""recorder_run_id"":""2e32687e-f8cf-4a91-8fec-dfa79fb2e0c2"",""client_id"":""9ece73d8-93e2-40b0-8ef9-75787e7f1947"",""client_timestamp"":1789617558.6574001,""client_monotonic_ms"":1320988.2999999998,""event_timestamp"":1789617558.6576676,""clock_offset_sec"":0.0002675056457519531,""clock_round_trip_ms"":5.900144577026367,""subject_id"":""sub-004"",""session_id"":""ses-001"",""block_id"":""Block 3"",""counterbalance_group"":""G04"",""block_order"":""Block 3"",""condition"":""B"",""condition_type"":""bbbd_subtraction"",""topic_key"":""V4"",""topic_name"":""中国古代最大的歼灭战 长平之战"",""event_type"":""rating_item_response"",""iso_time"":""2026-09-17T03:59:18.657Z"",""relative_ms"":351350,""video_time_sec"":313.818,""rating_item"":""mental_effort"",""rating_value"":""6"",""response_time_ms"":13424}",2e32687e-f8cf-4a91-8fec-dfa79fb2e0c2,sub-004,ses-001,42a8b029-c4a3-49bd-9427-e56ab6d2e807,9ece73d8-93e2-40b0-8ef9-75787e7f1947,1789617558.6694674,1789617558.6574001,1320988.2999999998,9ece73d8-93e2-40b0-8ef9-75787e7f1947,browser_calibrated,0.0002675056457519531,5.900144577026367,311041,311041,0,-89.76197242736816,host_receive_nearest,verified,1,1,,,,,,,,,1,,,,,,,,,,,,,mental_effort,6,,,,,,V4,B,313.818,1789617558.6574001,1789617558.6696513,311041,,,,,,,13424,,,
74b936d8-63ca-4254-b77a-e76f4221b4aa,rating_item_response,1789617560.5678675,1246.148,311542,3,3,,1,G04,B,bbbd_subtraction,rating_item_response,2,,0.0,0.0,,,,,,,"{""client_event_id"":""74b936d8-63ca-4254-b77a-e76f4221b4aa"",""recorder_run_id"":""2e32687e-f8cf-4a91-8fec-dfa79fb2e0c2"",""client_id"":""9ece73d8-93e2-40b0-8ef9-75787e7f1947"",""client_timestamp"":1789617560.5676,""client_monotonic_ms"":1322898.5,""event_timestamp"":1789617560.5678675,""clock_offset_sec"":0.0002675056457519531,""clock_round_trip_ms"":5.900144577026367,""subject_id"":""sub-004"",""session_id"":""ses-001"",""block_id"":""Block 3"",""counterbalance_group"":""G04"",""block_order"":""Block 3"",""condition"":""B"",""condition_type"":""bbbd_subtraction"",""topic_key"":""V4"",""topic_name"":""中国古代最大的歼灭战 长平之战"",""event_type"":""rating_item_response"",""iso_time"":""2026-09-17T03:59:20.567Z"",""relative_ms"":353261,""video_time_sec"":313.818,""rating_item"":""video_interest"",""rating_value"":""2"",""response_time_ms"":15334}",2e32687e-f8cf-4a91-8fec-dfa79fb2e0c2,sub-004,ses-001,74b936d8-63ca-4254-b77a-e76f4221b4aa,9ece73d8-93e2-40b0-8ef9-75787e7f1947,1789617560.5810022,1789617560.5676,1322898.5,9ece73d8-93e2-40b0-8ef9-75787e7f1947,browser_calibrated,0.0002675056457519531,5.900144577026367,311537,311537,0,8.174419403076172,host_receive_nearest,verified,1,1,,,,,,,,,1,,,,,,,,,,,,,video_interest,2,,,,,,V4,B,313.818,1789617560.5676,1789617560.5812063,311537,,,,,,,15334,,,
3b1d7cea-f50e-43a7-a14a-c698ff138090,rating_item_response,1789617562.727364,1248.268,312077,3,3,,1,G04,B,bbbd_subtraction,rating_item_response,3,,0.0,0.0,,,,,,,"{""client_event_id"":""3b1d7cea-f50e-43a7-a14a-c698ff138090"",""recorder_run_id"":""2e32687e-f8cf-4a91-8fec-dfa79fb2e0c2"",""client_id"":""9ece73d8-93e2-40b0-8ef9-75787e7f1947"",""client_timestamp"":1789617562.7271001,""client_monotonic_ms"":1325058.0999999996,""event_timestamp"":1789617562.727364,""clock_offset_sec"":0.0002639293670654297,""clock_round_trip_ms"":5.899906158447266,""subject_id"":""sub-004"",""session_id"":""ses-001"",""block_id"":""Block 3"",""counterbalance_group"":""G04"",""block_order"":""Block 3"",""condition"":""B"",""condition_type"":""bbbd_subtraction"",""topic_key"":""V4"",""topic_name"":""中国古代最大的歼灭战 长平之战"",""event_type"":""rating_item_response"",""iso_time"":""2026-09-17T03:59:22.727Z"",""relative_ms"":355420,""video_time_sec"":313.818,""rating_item"":""video_difficulty"",""rating_value"":""3"",""response_time_ms"":17493}",2e32687e-f8cf-4a91-8fec-dfa79fb2e0c2,sub-004,ses-001,3b1d7cea-f50e-43a7-a14a-c698ff138090,9ece73d8-93e2-40b0-8ef9-75787e7f1947,1789617562.738708,1789617562.7271001,1325058.0999999996,9ece73d8-93e2-40b0-8ef9-75787e7f1947,browser_calibrated,0.0002639293670654297,5.899906158447266,312067,312067,0,7.830142974853516,host_receive_nearest,verified,1,1,,,,,,,,,1,,,,,,,,,,,,,video_difficulty,3,,,,,,V4,B,313.818,1789617562.7271001,1789617562.7388506,312067,,,,,,,17493,,,
f62467ca-fcde-4927-accf-448befb3e9c6,rating_item_response,1789617569.339264,1254.924,313732,3,3,,1,G04,B,bbbd_subtraction,rating_item_response,40-50%,,0.0,0.0,,,,,,,"{""client_event_id"":""f62467ca-fcde-4927-accf-448befb3e9c6"",""recorder_run_id"":""2e32687e-f8cf-4a91-8fec-dfa79fb2e0c2"",""client_id"":""9ece73d8-93e2-40b0-8ef9-75787e7f1947"",""client_timestamp"":1789617569.339,""client_monotonic_ms"":1331669.9000000004,""event_timestamp"":1789617569.339264,""clock_offset_sec"":0.0002639293670654297,""clock_round_trip_ms"":5.899906158447266,""subject_id"":""sub-004"",""session_id"":""ses-001"",""block_id"":""Block 3"",""counterbalance_group"":""G04"",""block_order"":""Block 3"",""condition"":""B"",""condition_type"":""bbbd_subtraction"",""topic_key"":""V4"",""topic_name"":""中国古代最大的歼灭战 长平之战"",""event_type"":""rating_item_response"",""iso_time"":""2026-09-17T03:59:29.339Z"",""relative_ms"":362032,""video_time_sec"":313.818,""rating_item"":""subtraction_compliance"",""rating_value"":""40-50%"",""response_time_ms"":24105}",2e32687e-f8cf-4a91-8fec-dfa79fb2e0c2,sub-004,ses-001,f62467ca-fcde-4927-accf-448befb3e9c6,9ece73d8-93e2-40b0-8ef9-75787e7f1947,1789617569.3498976,1789617569.339,1331669.9000000004,9ece73d8-93e2-40b0-8ef9-75787e7f1947,browser_calibrated,0.0002639293670654297,5.899906158447266,313731,313731,0,-3.2777786254882812,host_receive_nearest,verified,1,1,,,,,,,,,1,,,,,,,,,,,,,subtraction_compliance,40-50%,,,,,,V4,B,313.818,1789617569.339,1789617569.3500366,313731,,,,,,,24105,,,
b04bc1cc-4aa2-4a2e-beed-40327949d33a,rating_end,1789617571.7769642,1257.364,314342,3,3,,1,G04,B,bbbd_subtraction,rating_end,,26.543,0.0,0.0,,,,,,,"{""client_event_id"":""b04bc1cc-4aa2-4a2e-beed-40327949d33a"",""recorder_run_id"":""2e32687e-f8cf-4a91-8fec-dfa79fb2e0c2"",""client_id"":""9ece73d8-93e2-40b0-8ef9-75787e7f1947"",""client_timestamp"":1789617571.7767003,""client_monotonic_ms"":1334107.5999999996,""event_timestamp"":1789617571.7769642,""clock_offset_sec"":0.0002639293670654297,""clock_round_trip_ms"":5.899906158447266,""subject_id"":""sub-004"",""session_id"":""ses-001"",""block_id"":""Block 3"",""counterbalance_group"":""G04"",""block_order"":""Block 3"",""condition"":""B"",""condition_type"":""bbbd_subtraction"",""topic_key"":""V4"",""topic_name"":""中国古代最大的歼灭战 长平之战"",""event_type"":""rating_end"",""iso_time"":""2026-09-17T03:59:31.776Z"",""relative_ms"":364470,""video_time_sec"":313.818,""video_id"":""V4"",""course_attention_rating"":2,""mental_effort"":6,""video_interest"":2,""video_difficulty"":3,""subtraction_compliance"":""40-50%"",""subtraction_difficulty"":4,""reported_final_number"":686,""duration_sec"":26.543,""submitted_iso"":""2026-09-17T03:59:31.776Z"",""submitted_relative_ms"":364470}",2e32687e-f8cf-4a91-8fec-dfa79fb2e0c2,sub-004,ses-001,b04bc1cc-4aa2-4a2e-beed-40327949d33a,9ece73d8-93e2-40b0-8ef9-75787e7f1947,1789617571.7839398,1789617571.7767003,1334107.5999999996,9ece73d8-93e2-40b0-8ef9-75787e7f1947,browser_calibrated,0.0002639293670654297,5.899906158447266,314341,314341,0,-9.66644287109375,host_receive_nearest,verified,1,1,,,,,,,,,1,,,,2,6,2,3,40-50%,40,50,4,686,,,,,,,,V4,B,313.818,1789617571.7767003,1789617571.7840548,314341,,,,,,,,,,
e109480f-644b-4c84-8348-830cf598178b,quiz_start,1789617571.7846642,1257.368,314347,3,3,,1,G04,B,bbbd_subtraction,quiz_start,,,0.0,0.0,,,,,,,"{""client_event_id"":""e109480f-644b-4c84-8348-830cf598178b"",""recorder_run_id"":""2e32687e-f8cf-4a91-8fec-dfa79fb2e0c2"",""client_id"":""9ece73d8-93e2-40b0-8ef9-75787e7f1947"",""client_timestamp"":1789617571.7844002,""client_monotonic_ms"":1334115.2999999998,""event_timestamp"":1789617571.7846642,""clock_offset_sec"":0.0002639293670654297,""clock_round_trip_ms"":5.899906158447266,""subject_id"":""sub-004"",""session_id"":""ses-001"",""block_id"":""Block 3"",""counterbalance_group"":""G04"",""block_order"":""Block 3"",""condition"":""B"",""condition_type"":""bbbd_subtraction"",""topic_key"":""V4"",""topic_name"":""中国古代最大的歼灭战 长平之战"",""event_type"":""quiz_start"",""iso_time"":""2026-09-17T03:59:31.784Z"",""relative_ms"":364477,""video_time_sec"":313.818}",2e32687e-f8cf-4a91-8fec-dfa79fb2e0c2,sub-004,ses-001,e109480f-644b-4c84-8348-830cf598178b,9ece73d8-93e2-40b0-8ef9-75787e7f1947,1789617571.8252912,1789617571.7844002,1334115.2999999998,9ece73d8-93e2-40b0-8ef9-75787e7f1947,browser_calibrated,0.0002639293670654297,5.899906158447266,314342,314342,0,11.603116989135742,host_receive_nearest,verified,1,1,,,,,,,,,1,,,,,,,,,,,,,,,,,,,,V4,B,313.818,1789617571.7844002,1789617571.825386,314342,,,,,,,,,,
4aaafc84-682f-46ba-ab2e-78821be66179,quiz_item_response,1789617584.440764,1269.904,317477,3,3,,1,G04,B,bbbd_subtraction,quiz_item_response,长平之战发生在哪两个国家之间？,,0.0,0.0,,V4Q1,B,B,True,1919,"{""client_event_id"":""4aaafc84-682f-46ba-ab2e-78821be66179"",""recorder_run_id"":""2e32687e-f8cf-4a91-8fec-dfa79fb2e0c2"",""client_id"":""9ece73d8-93e2-40b0-8ef9-75787e7f1947"",""client_timestamp"":1789617584.4405,""client_monotonic_ms"":1346771.4000000004,""event_timestamp"":1789617584.440764,""clock_offset_sec"":0.0002639293670654297,""clock_round_trip_ms"":5.899906158447266,""subject_id"":""sub-004"",""session_id"":""ses-001"",""block_id"":""Block 3"",""counterbalance_group"":""G04"",""block_order"":""Block 3"",""condition"":""B"",""condition_type"":""bbbd_subtraction"",""topic_key"":""V4"",""topic_name"":""中国古代最大的歼灭战 长平之战"",""event_type"":""quiz_item_response"",""iso_time"":""2026-09-17T03:59:44.440Z"",""relative_ms"":377133,""video_time_sec"":313.818,""video_id"":""V4"",""question_id"":""V4Q1"",""question_text"":""长平之战发生在哪两个国家之间？"",""response_index"":1,""response_letter"":""B"",""response_text"":""秦与赵"",""correct_index"":1,""correct_letter"":""B"",""correct_text"":""秦与赵"",""is_correct"":true,""reaction_time_ms"":1919,""submitted_iso"":""2026-09-17T03:59:44.440Z"",""submitted_relative_ms"":377133}",2e32687e-f8cf-4a91-8fec-dfa79fb2e0c2,sub-004,ses-001,4aaafc84-682f-46ba-ab2e-78821be66179,9ece73d8-93e2-40b0-8ef9-75787e7f1947,1789617584.446176,1789617584.4405,1346771.4000000004,9ece73d8-93e2-40b0-8ef9-75787e7f1947,browser_calibrated,0.0002639293670654297,5.899906158447266,317476,317476,0,-131.1020851135254,host_receive_nearest,verified,1,1,,,,,,,,,1,,,,,,,,,,,,,,,,,长平之战发生在哪两个国家之间？,1,秦与赵,V4,B,313.818,1789617584.4405,1789617584.4462686,317476,,,,,,,,,,
05653bea-ec9e-4004-a754-1c45bee4252a,quiz_item_response,1789617584.446964,1269.908,317492,3,3,,1,G04,B,bbbd_subtraction,quiz_item_response,长平之战中，赵国最初的将领是谁？,,0.0,0.0,,V4Q2,A,A,True,4109,"{""client_event_id"":""05653bea-ec9e-4004-a754-1c45bee4252a"",""recorder_run_id"":""2e32687e-f8cf-4a91-8fec-dfa79fb2e0c2"",""client_id"":""9ece73d8-93e2-40b0-8ef9-75787e7f1947"",""client_timestamp"":1789617584.4467,""client_monotonic_ms"":1346777.5999999996,""event_timestamp"":1789617584.446964,""clock_offset_sec"":0.0002639293670654297,""clock_round_trip_ms"":5.899906158447266,""subject_id"":""sub-004"",""session_id"":""ses-001"",""block_id"":""Block 3"",""counterbalance_group"":""G04"",""block_order"":""Block 3"",""condition"":""B"",""condition_type"":""bbbd_subtraction"",""topic_key"":""V4"",""topic_name"":""中国古代最大的歼灭战 长平之战"",""event_type"":""quiz_item_response"",""iso_time"":""2026-09-17T03:59:44.446Z"",""relative_ms"":377140,""video_time_sec"":313.818,""video_id"":""V4"",""question_id"":""V4Q2"",""question_text"":""长平之战中，赵国最初的将领是谁？"",""response_index"":0,""response_letter"":""A"",""response_text"":""廉颇"",""correct_index"":0,""correct_letter"":""A"",""correct_text"":""廉颇"",""is_correct"":true,""reaction_time_ms"":4109,""submitted_iso"":""2026-09-17T03:59:44.446Z"",""submitted_relative_ms"":377140}",2e32687e-f8cf-4a91-8fec-dfa79fb2e0c2,sub-004,ses-001,05653bea-ec9e-4004-a754-1c45bee4252a,9ece73d8-93e2-40b0-8ef9-75787e7f1947,1789617584.5149822,1789617584.4467,1346777.5999999996,9ece73d8-93e2-40b0-8ef9-75787e7f1947,browser_calibrated,0.0002639293670654297,5.899906158447266,317477,317477,0,39.626121520996094,host_receive_nearest,verified,1,1,,,,,,,,,1,,,,,,,,,,,,,,,,,长平之战中，赵国最初的将领是谁？,0,廉颇,V4,B,313.818,1789617584.4467,1789617584.515081,317477,,,,,,,,,,
e9bc9fe8-60e5-4594-9027-ddb6b5a59f92,quiz_item_response,1789617584.4522638,1269.908,317492,3,3,,1,G04,B,bbbd_subtraction,quiz_item_response,长平之战中，秦国的主将是谁？,,0.0,0.0,,V4Q3,B,B,True,6523,"{""client_event_id"":""e9bc9fe8-60e5-4594-9027-ddb6b5a59f92"",""recorder_run_id"":""2e32687e-f8cf-4a91-8fec-dfa79fb2e0c2"",""client_id"":""9ece73d8-93e2-40b0-8ef9-75787e7f1947"",""client_timestamp"":1789617584.452,""client_monotonic_ms"":1346782.9000000004,""event_timestamp"":1789617584.4522638,""clock_offset_sec"":0.0002639293670654297,""clock_round_trip_ms"":5.899906158447266,""subject_id"":""sub-004"",""session_id"":""ses-001"",""block_id"":""Block 3"",""counterbalance_group"":""G04"",""block_order"":""Block 3"",""condition"":""B"",""condition_type"":""bbbd_subtraction"",""topic_key"":""V4"",""topic_name"":""中国古代最大的歼灭战 长平之战"",""event_type"":""quiz_item_response"",""iso_time"":""2026-09-17T03:59:44.452Z"",""relative_ms"":377145,""video_time_sec"":313.818,""video_id"":""V4"",""question_id"":""V4Q3"",""question_text"":""长平之战中，秦国的主将是谁？"",""response_index"":1,""response_letter"":""B"",""response_text"":""白起"",""correct_index"":1,""correct_letter"":""B"",""correct_text"":""白起"",""is_correct"":true,""reaction_time_ms"":6523,""submitted_iso"":""2026-09-17T03:59:44.451Z"",""submitted_relative_ms"":377145}",2e32687e-f8cf-4a91-8fec-dfa79fb2e0c2,sub-004,ses-001,e9bc9fe8-60e5-4594-9027-ddb6b5a59f92,9ece73d8-93e2-40b0-8ef9-75787e7f1947,1789617584.542106,1789617584.452,1346782.9000000004,9ece73d8-93e2-40b0-8ef9-75787e7f1947,browser_calibrated,0.0002639293670654297,5.899906158447266,317477,317477,0,34.32631492614746,host_receive_nearest,verified,1,1,,,,,,,,,1,,,,,,,,,,,,,,,,,长平之战中，秦国的主将是谁？,1,白起,V4,B,313.818,1789617584.452,1789617584.542222,317477,,,,,,,,,,
d4dc25f6-9a30-403e-9a56-cab6d30a53f7,quiz_item_response,1789617584.456664,1269.908,317492,3,3,,1,G04,B,bbbd_subtraction,quiz_item_response,长平之战对战国局势的影响是？,,0.0,0.0,,V4Q4,B,B,True,12041,"{""client_event_id"":""d4dc25f6-9a30-403e-9a56-cab6d30a53f7"",""recorder_run_id"":""2e32687e-f8cf-4a91-8fec-dfa79fb2e0c2"",""client_id"":""9ece73d8-93e2-40b0-8ef9-75787e7f1947"",""client_timestamp"":1789617584.4564002,""client_monotonic_ms"":1346787.2999999998,""event_timestamp"":1789617584.456664,""clock_offset_sec"":0.0002639293670654297,""clock_round_trip_ms"":5.899906158447266,""subject_id"":""sub-004"",""session_id"":""ses-001"",""block_id"":""Block 3"",""counterbalance_group"":""G04"",""block_order"":""Block 3"",""condition"":""B"",""condition_type"":""bbbd_subtraction"",""topic_key"":""V4"",""topic_name"":""中国古代最大的歼灭战 长平之战"",""event_type"":""quiz_item_response"",""iso_time"":""2026-09-17T03:59:44.456Z"",""relative_ms"":377149,""video_time_sec"":313.818,""video_id"":""V4"",""question_id"":""V4Q4"",""question_text"":""长平之战对战国局势的影响是？"",""response_index"":1,""response_letter"":""B"",""response_text"":""赵国元气大伤，秦国统一趋势加强"",""correct_index"":1,""correct_letter"":""B"",""correct_text"":""赵国元气大伤，秦国统一趋势加强"",""is_correct"":true,""reaction_time_ms"":12041,""submitted_iso"":""2026-09-17T03:59:44.456Z"",""submitted_relative_ms"":377149}",2e32687e-f8cf-4a91-8fec-dfa79fb2e0c2,sub-004,ses-001,d4dc25f6-9a30-403e-9a56-cab6d30a53f7,9ece73d8-93e2-40b0-8ef9-75787e7f1947,1789617584.5557532,1789617584.4564002,1346787.2999999998,9ece73d8-93e2-40b0-8ef9-75787e7f1947,browser_calibrated,0.0002639293670654297,5.899906158447266,317477,317477,0,29.926061630249023,host_receive_nearest,verified,1,1,,,,,,,,,1,,,,,,,,,,,,,,,,,长平之战对战国局势的影响是？,1,赵国元气大伤，秦国统一趋势加强,V4,B,313.818,1789617584.4564002,1789617584.5558662,317477,,,,,,,,,,
369ed8ac-94ca-4f17-915d-f72c5b71066d,quiz_end,1789617584.461264,1269.908,317492,3,3,,1,G04,B,bbbd_subtraction,quiz_end,4/4,12.677,0.0,0.0,,,,,,,"{""client_event_id"":""369ed8ac-94ca-4f17-915d-f72c5b71066d"",""recorder_run_id"":""2e32687e-f8cf-4a91-8fec-dfa79fb2e0c2"",""client_id"":""9ece73d8-93e2-40b0-8ef9-75787e7f1947"",""client_timestamp"":1789617584.461,""client_monotonic_ms"":1346791.9000000004,""event_timestamp"":1789617584.461264,""clock_offset_sec"":0.0002639293670654297,""clock_round_trip_ms"":5.899906158447266,""subject_id"":""sub-004"",""session_id"":""ses-001"",""block_id"":""Block 3"",""counterbalance_group"":""G04"",""block_order"":""Block 3"",""condition"":""B"",""condition_type"":""bbbd_subtraction"",""topic_key"":""V4"",""topic_name"":""中国古代最大的歼灭战 长平之战"",""event_type"":""quiz_end"",""iso_time"":""2026-09-17T03:59:44.461Z"",""relative_ms"":377154,""video_time_sec"":313.818,""score"":4,""total"":4,""duration_sec"":12.677}",2e32687e-f8cf-4a91-8fec-dfa79fb2e0c2,sub-004,ses-001,369ed8ac-94ca-4f17-915d-f72c5b71066d,9ece73d8-93e2-40b0-8ef9-75787e7f1947,1789617584.5683007,1789617584.461,1346791.9000000004,9ece73d8-93e2-40b0-8ef9-75787e7f1947,browser_calibrated,0.0002639293670654297,5.899906158447266,317477,317477,0,25.326251983642578,host_receive_nearest,verified,1,1,,,,,,,,,1,,,,,,,,,,,,,,,4,4,,,,V4,B,313.818,1789617584.461,1789617584.5683892,317477,,,,,,,,,,
369ed8ac-94ca-4f17-915d-f72c5b71066d,block_end,1789617584.461264,1269.908,317492,3,3,,1,G04,B,bbbd_subtraction,block_end,V4,,0.0,0.0,,,,,,,,2e32687e-f8cf-4a91-8fec-dfa79fb2e0c2,sub-004,ses-001,369ed8ac-94ca-4f17-915d-f72c5b71066d,9ece73d8-93e2-40b0-8ef9-75787e7f1947,1789617584.5683007,1789617584.461,1346791.9000000004,9ece73d8-93e2-40b0-8ef9-75787e7f1947,browser_calibrated,0.0002639293670654297,5.899906158447266,317477,317477,0,25.326251983642578,host_receive_nearest,verified,1,1,,,,,,,,,1,,,,,,,,,,,,,,,,,,,,V4,B,313.818,1789617584.461,1789617584.5685961,317477,,,,,,,,,,
f597cef0-7cf1-470d-bc49-613ac30c573c,rest_start,1789617584.470564,1269.908,317492,3,3,,1,G04,B,bbbd_subtraction,rest_start,after-block-3,,0.0,0.0,,,,,,,"{""client_event_id"":""f597cef0-7cf1-470d-bc49-613ac30c573c"",""recorder_run_id"":""2e32687e-f8cf-4a91-8fec-dfa79fb2e0c2"",""client_id"":""9ece73d8-93e2-40b0-8ef9-75787e7f1947"",""client_timestamp"":1789617584.4703,""client_monotonic_ms"":1346801.2999999998,""event_timestamp"":1789617584.470564,""clock_offset_sec"":0.0002639293670654297,""clock_round_trip_ms"":5.899906158447266,""subject_id"":""sub-004"",""session_id"":""ses-001"",""block_id"":""Block 3"",""counterbalance_group"":""G04"",""block_order"":""Block 3"",""condition"":""B"",""condition_type"":""bbbd_subtraction"",""topic_key"":""V4"",""topic_name"":""中国古代最大的歼灭战 长平之战"",""event_type"":""rest_start"",""iso_time"":""2026-09-17T03:59:44.470Z"",""relative_ms"":377163,""video_time_sec"":313.818,""after_block_id"":3,""planned_duration"":30,""actual_duration"":"""",""is_formal_experiment"":0}",2e32687e-f8cf-4a91-8fec-dfa79fb2e0c2,sub-004,ses-001,f597cef0-7cf1-470d-bc49-613ac30c573c,9ece73d8-93e2-40b0-8ef9-75787e7f1947,1789617584.5922327,1789617584.4703,1346801.2999999998,9ece73d8-93e2-40b0-8ef9-75787e7f1947,browser_calibrated,0.0002639293670654297,5.899906158447266,317477,317477,0,16.02625846862793,host_receive_nearest,verified,0,1,,,,,3,,30,,0,,,,,,,,,,,,,,,,,,,,V4,B,313.818,1789617584.4703,1789617584.592327,317477,,,,,,,,,,
ba867bab-fbdc-4290-bb7a-5e0002dfa9ea,rest_end,1789617618.44627,1303.984,326011,3,3,,1,G04,B,bbbd_subtraction,rest_end,after-block-3,33.975,0.0,0.0,,,,,,,"{""client_event_id"":""ba867bab-fbdc-4290-bb7a-5e0002dfa9ea"",""recorder_run_id"":""2e32687e-f8cf-4a91-8fec-dfa79fb2e0c2"",""client_id"":""9ece73d8-93e2-40b0-8ef9-75787e7f1947"",""client_timestamp"":1789617618.4457002,""client_monotonic_ms"":1380776.5999999996,""event_timestamp"":1789617618.44627,""clock_offset_sec"":0.0005698204040527344,""clock_round_trip_ms"":6.099700927734375,""subject_id"":""sub-004"",""session_id"":""ses-001"",""block_id"":""Block 3"",""counterbalance_group"":""G04"",""block_order"":""Block 3"",""condition"":""B"",""condition_type"":""bbbd_subtraction"",""topic_key"":""V4"",""topic_name"":""中国古代最大的歼灭战 长平之战"",""event_type"":""rest_end"",""iso_time"":""2026-09-17T04:00:18.445Z"",""relative_ms"":411139,""video_time_sec"":313.818,""after_block_id"":3,""planned_duration"":30,""actual_duration"":33.975,""duration_sec"":33.975,""is_formal_experiment"":0,""debug_early"":false}",2e32687e-f8cf-4a91-8fec-dfa79fb2e0c2,sub-004,ses-001,ba867bab-fbdc-4290-bb7a-5e0002dfa9ea,9ece73d8-93e2-40b0-8ef9-75787e7f1947,1789617618.4525228,1789617618.4457002,1380776.5999999996,9ece73d8-93e2-40b0-8ef9-75787e7f1947,browser_calibrated,0.0005698204040527344,6.099700927734375,325996,325996,0,2.325773239135742,host_receive_nearest,verified,0,1,,,,,3,,30,33.975,0,,,,,,,,,,,,,,,,,,,,V4,B,313.818,1789617618.4457002,1789617618.4526618,325996,,,,,,,,,,
a550f31d-25a0-4d2a-9d3b-7f8844e70e55,block_start,1789617623.4628494,1309.04,327261,4,4,,2,G04,A,focused,block_start,V5,,0.0,0.0,,,,,,,condition=A; condition_type=focused,2e32687e-f8cf-4a91-8fec-dfa79fb2e0c2,sub-004,ses-001,a550f31d-25a0-4d2a-9d3b-7f8844e70e55,9ece73d8-93e2-40b0-8ef9-75787e7f1947,1789617623.468267,1789617623.4624002,1385793.2999999998,9ece73d8-93e2-40b0-8ef9-75787e7f1947,browser_calibrated,0.00044918060302734375,6.099939346313477,327260,327260,0,-3.6787986755371094,host_receive_nearest,verified,0,1,,,,,,,,,1,,,,,,,,,,,,,,,,,,,,V5,A,0,1789617623.4624002,1789617623.4685256,327260,,,,,,,,,,
a550f31d-25a0-4d2a-9d3b-7f8844e70e55,condition_prompt_start,1789617623.4628494,1309.04,327261,4,4,,2,G04,A,focused,condition_prompt_start,A,,0.0,0.0,,,,,,,,2e32687e-f8cf-4a91-8fec-dfa79fb2e0c2,sub-004,ses-001,a550f31d-25a0-4d2a-9d3b-7f8844e70e55,9ece73d8-93e2-40b0-8ef9-75787e7f1947,1789617623.468267,1789617623.4624002,1385793.2999999998,9ece73d8-93e2-40b0-8ef9-75787e7f1947,browser_calibrated,0.00044918060302734375,6.099939346313477,327260,327260,0,-3.6787986755371094,host_receive_nearest,verified,0,1,,,,,,,,,1,,,,,,,,,,,,,,,,,,,,V5,A,0,1789617623.4624002,1789617623.4687319,327260,,,,,,,,,,
a550f31d-25a0-4d2a-9d3b-7f8844e70e55,browser_block_config,1789617623.4628494,1309.04,327261,4,4,,2,G04,A,focused,browser_block_config,V5,,0.0,0.0,,,,,,,"{""client_event_id"":""a550f31d-25a0-4d2a-9d3b-7f8844e70e55"",""recorder_run_id"":""2e32687e-f8cf-4a91-8fec-dfa79fb2e0c2"",""client_id"":""9ece73d8-93e2-40b0-8ef9-75787e7f1947"",""client_timestamp"":1789617623.4624002,""client_monotonic_ms"":1385793.2999999998,""event_timestamp"":1789617623.4628494,""clock_offset_sec"":0.00044918060302734375,""clock_round_trip_ms"":6.099939346313477,""subject_id"":""sub-004"",""session_id"":""ses-001"",""block_id"":""Block 4"",""counterbalance_group"":""G04"",""block_order"":""Block 4"",""condition"":""A"",""condition_type"":""focused"",""topic_key"":""V5"",""topic_name"":""千古一帝秦始皇都做了什么"",""event_type"":""block_start"",""iso_time"":""2026-09-17T04:00:23.462Z"",""relative_ms"":0,""video_time_sec"":0,""block_start_iso"":""2026-09-17T04:00:23.462Z"",""config_json"":""{\""recorder_run_id\"":\""2e32687e-f8cf-4a91-8fec-dfa79fb2e0c2\"",\""subject_id\"":\""sub-004\"",\""session_id\"":\""ses-001\"",\""block_id\"":\""Block 4\"",\""counterbalance_group\"":\""G04\"",\""condition\"":\""A\"",\""condition_type\"":\""focused\"",\""topic_key\"":\""V5\"",\""topic_name\"":\""千古一帝秦始皇都做了什么\"",\""video_file\"":\""视频5-混知漫画｜千古一帝秦始皇都干了啥？-480P 标清-AVC.mp4\"",\""start_number\"":\""\"",\""generated_timestamp\"":\""\""}""}",2e32687e-f8cf-4a91-8fec-dfa79fb2e0c2,sub-004,ses-001,a550f31d-25a0-4d2a-9d3b-7f8844e70e55,9ece73d8-93e2-40b0-8ef9-75787e7f1947,1789617623.468267,1789617623.4624002,1385793.2999999998,9ece73d8-93e2-40b0-8ef9-75787e7f1947,browser_calibrated,0.00044918060302734375,6.099939346313477,327260,327260,0,-3.6787986755371094,host_receive_nearest,verified,0,1,,,,,,,,,1,,,,,,,,,,,,,,,,,,,,V5,A,0,1789617623.4624002,1789617623.468857,327260,,,,,,,,,,
1df707f3-99f7-462e-b6e8-354305920fea,probe_schedule,1789617623.5305493,1309.08,327271,4,4,,2,G04,A,focused,probe_schedule,"134.332,208.189,301.756,357.656",,0.0,0.0,,,,,,,"{""client_event_id"":""1df707f3-99f7-462e-b6e8-354305920fea"",""recorder_run_id"":""2e32687e-f8cf-4a91-8fec-dfa79fb2e0c2"",""client_id"":""9ece73d8-93e2-40b0-8ef9-75787e7f1947"",""client_timestamp"":1789617623.5301,""client_monotonic_ms"":1385861,""event_timestamp"":1789617623.5305493,""clock_offset_sec"":0.00044918060302734375,""clock_round_trip_ms"":6.099939346313477,""subject_id"":""sub-004"",""session_id"":""ses-001"",""block_id"":""Block 4"",""counterbalance_group"":""G04"",""block_order"":""Block 4"",""condition"":""A"",""condition_type"":""focused"",""topic_key"":""V5"",""topic_name"":""千古一帝秦始皇都做了什么"",""event_type"":""probe_schedule"",""iso_time"":""2026-09-17T04:00:23.530Z"",""relative_ms"":68,""video_time_sec"":0,""probe_schedule_id"":""f16399e9-9456-4228-8979-eca71bd21091"",""probe_times"":[134.332,208.189,301.756,357.656],""probe_config"":{""probes_per_block"":4,""min_first_onset_sec"":45,""min_end_margin_sec"":30,""min_gap_sec"":45},""video_duration_sec"":391.048,""video_id"":""V5"",""debug_fast"":false}",2e32687e-f8cf-4a91-8fec-dfa79fb2e0c2,sub-004,ses-001,1df707f3-99f7-462e-b6e8-354305920fea,9ece73d8-93e2-40b0-8ef9-75787e7f1947,1789617623.5370736,1789617623.5301,1385861,9ece73d8-93e2-40b0-8ef9-75787e7f1947,browser_calibrated,0.00044918060302734375,6.099939346313477,327270,327270,0,-39.82949256896973,host_receive_nearest,verified,1,1,,,,,,,,,1,,,,,,,,,,,,,,,,,,,,V5,A,0,1789617623.5301,1789617623.537244,327270,,4,f16399e9-9456-4228-8979-eca71bd21091,,,,,,,
76d17b73-332e-4e7a-b82b-ece7b1c1aeca,condition_prompt_end,1789617628.555,1314.124,328536,4,4,,2,G04,A,focused,condition_prompt_end,0,,0.0,0.0,,,,,,,"{""client_event_id"":""76d17b73-332e-4e7a-b82b-ece7b1c1aeca"",""recorder_run_id"":""2e32687e-f8cf-4a91-8fec-dfa79fb2e0c2"",""client_id"":""9ece73d8-93e2-40b0-8ef9-75787e7f1947"",""client_timestamp"":1789617628.5551002,""client_monotonic_ms"":1390886,""event_timestamp"":1789617628.555,""clock_offset_sec"":0.00044918060302734375,""clock_round_trip_ms"":6.099939346313477,""subject_id"":""sub-004"",""session_id"":""ses-001"",""block_id"":""Block 4"",""counterbalance_group"":""G04"",""block_order"":""Block 4"",""condition"":""A"",""condition_type"":""focused"",""topic_key"":""V5"",""topic_name"":""千古一帝秦始皇都做了什么"",""event_type"":""condition_prompt_end"",""iso_time"":""2026-09-17T04:00:28.555Z"",""relative_ms"":5093,""video_time_sec"":0}",2e32687e-f8cf-4a91-8fec-dfa79fb2e0c2,sub-004,ses-001,76d17b73-332e-4e7a-b82b-ece7b1c1aeca,9ece73d8-93e2-40b0-8ef9-75787e7f1947,1789617628.5741239,1789617628.5551002,1390886,9ece73d8-93e2-40b0-8ef9-75787e7f1947,browser_calibrated,0.00044918060302734375,6.099939346313477,328531,328531,0,4.216670989990234,host_receive_nearest,verified,1,0,,,,,,,,,1,,,,,,,,,,,,,,,,,,,,V5,A,0,1789617628.5551002,1789617628.5750005,328531,,,,,,,,,,
335d480c-a456-45cc-b357-40f52ae4a9ec,video_start,1789617628.555,1314.124,328546,4,4,,2,G04,A,focused,video_start,V5,,0.0,0.0,,,,,,,,2e32687e-f8cf-4a91-8fec-dfa79fb2e0c2,sub-004,ses-001,335d480c-a456-45cc-b357-40f52ae4a9ec,9ece73d8-93e2-40b0-8ef9-75787e7f1947,1789617628.5960665,1789617628.5628,1390893.7000000002,9ece73d8-93e2-40b0-8ef9-75787e7f1947,browser_calibrated,0.00044918060302734375,6.099939346313477,328531,328531,0,4.216670989990234,host_receive_nearest,verified,1,1,,,,,,,,,1,,,,,,,,,,,,,,,,,,,,V5,A,0,1789617628.5628,1789617628.5961707,328531,,,,,,,,,,
335d480c-a456-45cc-b357-40f52ae4a9ec,video_play,1789617628.555,1314.124,328546,4,4,,2,G04,A,focused,video_play,0,,0.0,0.0,,,,,,,"{""client_event_id"":""335d480c-a456-45cc-b357-40f52ae4a9ec"",""recorder_run_id"":""2e32687e-f8cf-4a91-8fec-dfa79fb2e0c2"",""client_id"":""9ece73d8-93e2-40b0-8ef9-75787e7f1947"",""client_timestamp"":1789617628.5628,""client_monotonic_ms"":1390893.7000000002,""event_timestamp"":1789617628.555,""clock_offset_sec"":0.00044918060302734375,""clock_round_trip_ms"":6.099939346313477,""subject_id"":""sub-004"",""session_id"":""ses-001"",""block_id"":""Block 4"",""counterbalance_group"":""G04"",""block_order"":""Block 4"",""condition"":""A"",""condition_type"":""focused"",""topic_key"":""V5"",""topic_name"":""千古一帝秦始皇都做了什么"",""event_type"":""video_play"",""iso_time"":""2026-09-17T04:00:28.562Z"",""relative_ms"":5101,""video_time_sec"":0}",2e32687e-f8cf-4a91-8fec-dfa79fb2e0c2,sub-004,ses-001,335d480c-a456-45cc-b357-40f52ae4a9ec,9ece73d8-93e2-40b0-8ef9-75787e7f1947,1789617628.5960665,1789617628.5628,1390893.7000000002,9ece73d8-93e2-40b0-8ef9-75787e7f1947,browser_calibrated,0.00044918060302734375,6.099939346313477,328531,328531,0,4.216670989990234,host_receive_nearest,verified,1,1,,,,,,,,,1,,,,,,,,,,,,,,,,,,,,V5,A,0,1789617628.5628,1789617628.596338,328531,,,,,,,,,,
221db173-3c98-402f-8793-a8f89230c24b,probe_onset,1789617763.0580413,1448.64,362161,4,4,,2,G04,A,focused,probe_onset,Block 4_1_f16399e9,,0.0,0.0,,,,,,,"{""client_event_id"":""221db173-3c98-402f-8793-a8f89230c24b"",""recorder_run_id"":""2e32687e-f8cf-4a91-8fec-dfa79fb2e0c2"",""client_id"":""9ece73d8-93e2-40b0-8ef9-75787e7f1947"",""client_timestamp"":1789617763.0577002,""client_monotonic_ms"":1525388.7000000002,""event_timestamp"":1789617763.0580413,""clock_offset_sec"":0.00034117698669433594,""clock_round_trip_ms"":5.899906158447266,""subject_id"":""sub-004"",""session_id"":""ses-001"",""block_id"":""Block 4"",""counterbalance_group"":""G04"",""block_order"":""Block 4"",""condition"":""A"",""condition_type"":""focused"",""topic_key"":""V5"",""topic_name"":""千古一帝秦始皇都做了什么"",""event_type"":""probe_onset"",""iso_time"":""2026-09-17T04:02:43.057Z"",""relative_ms"":139596,""video_time_sec"":134.447,""probe_id"":""Block 4_1_f16399e9"",""probe_index"":1,""probe_schedule_id"":""f16399e9-9456-4228-8979-eca71bd21091"",""probe_planned_time_sec"":134.332,""video_id"":""V5"",""pause_reason"":""thought_probe"",""forced"":false}",2e32687e-f8cf-4a91-8fec-dfa79fb2e0c2,sub-004,ses-001,221db173-3c98-402f-8793-a8f89230c24b,9ece73d8-93e2-40b0-8ef9-75787e7f1947,1789617763.0647707,1789617763.0577002,1525388.7000000002,9ece73d8-93e2-40b0-8ef9-75787e7f1947,browser_calibrated,0.00034117698669433594,5.899906158447266,362160,362160,0,-0.2655982971191406,host_receive_nearest,verified,1,1,,,,,,,,,1,,,,,,,,,,,,,,,,,,,,V5,A,134.447,1789617763.0577002,1789617763.064871,362160,Block 4_1_f16399e9,1,f16399e9-9456-4228-8979-eca71bd21091,134.332,,,,,,thought_probe
cdfaa38a-a207-4138-9841-25507e802157,attention_response,1789617766.5645413,1452.124,363041,4,4,,2,G04,A,focused,attention_response,1,,0.0,0.0,,,,,,,"{""client_event_id"":""cdfaa38a-a207-4138-9841-25507e802157"",""recorder_run_id"":""2e32687e-f8cf-4a91-8fec-dfa79fb2e0c2"",""client_id"":""9ece73d8-93e2-40b0-8ef9-75787e7f1947"",""client_timestamp"":1789617766.5642002,""client_monotonic_ms"":1528895.0999999996,""event_timestamp"":1789617766.5645413,""clock_offset_sec"":0.00034117698669433594,""clock_round_trip_ms"":5.899906158447266,""subject_id"":""sub-004"",""session_id"":""ses-001"",""block_id"":""Block 4"",""counterbalance_group"":""G04"",""block_order"":""Block 4"",""condition"":""A"",""condition_type"":""focused"",""topic_key"":""V5"",""topic_name"":""千古一帝秦始皇都做了什么"",""event_type"":""attention_response"",""iso_time"":""2026-09-17T04:02:46.564Z"",""relative_ms"":143102,""video_time_sec"":134.447,""probe_id"":""Block 4_1_f16399e9"",""probe_index"":1,""probe_schedule_id"":""f16399e9-9456-4228-8979-eca71bd21091"",""probe_planned_time_sec"":134.332,""video_id"":""V5"",""response"":1,""response_label"":""课程内容"",""probe_attention"":""ON"",""response_time_ms"":3507}",2e32687e-f8cf-4a91-8fec-dfa79fb2e0c2,sub-004,ses-001,cdfaa38a-a207-4138-9841-25507e802157,9ece73d8-93e2-40b0-8ef9-75787e7f1947,1789617766.5712402,1789617766.5642002,1528895.0999999996,9ece73d8-93e2-40b0-8ef9-75787e7f1947,browser_calibrated,0.00034117698669433594,5.899906158447266,363031,363031,0,4.054546356201172,host_receive_nearest,verified,1,1,,,,,,,,,1,,,,,,,,,,,,,,,,,,,,V5,A,134.447,1789617766.5642002,1789617766.5827978,363031,Block 4_1_f16399e9,1,f16399e9-9456-4228-8979-eca71bd21091,134.332,1,课程内容,3507,,ON,
6bfa9cd8-8b2d-4dbc-b6b5-52a35c78d0d2,confidence_response,1789617767.6356485,1453.2,363301,4,4,,2,G04,A,focused,confidence_response,3,,0.0,0.0,,,,,,,"{""client_event_id"":""6bfa9cd8-8b2d-4dbc-b6b5-52a35c78d0d2"",""recorder_run_id"":""2e32687e-f8cf-4a91-8fec-dfa79fb2e0c2"",""client_id"":""9ece73d8-93e2-40b0-8ef9-75787e7f1947"",""client_timestamp"":1789617767.6355,""client_monotonic_ms"":1529966.4000000004,""event_timestamp"":1789617767.6356485,""clock_offset_sec"":0.00014853477478027344,""clock_round_trip_ms"":5.800008773803711,""subject_id"":""sub-004"",""session_id"":""ses-001"",""block_id"":""Block 4"",""counterbalance_group"":""G04"",""block_order"":""Block 4"",""condition"":""A"",""condition_type"":""focused"",""topic_key"":""V5"",""topic_name"":""千古一帝秦始皇都做了什么"",""event_type"":""confidence_response"",""iso_time"":""2026-09-17T04:02:47.635Z"",""relative_ms"":144173,""video_time_sec"":134.447,""probe_id"":""Block 4_1_f16399e9"",""probe_index"":1,""probe_schedule_id"":""f16399e9-9456-4228-8979-eca71bd21091"",""probe_planned_time_sec"":134.332,""video_id"":""V5"",""response"":1,""confidence"":3,""response_time_ms"":1071}",2e32687e-f8cf-4a91-8fec-dfa79fb2e0c2,sub-004,ses-001,6bfa9cd8-8b2d-4dbc-b6b5-52a35c78d0d2,9ece73d8-93e2-40b0-8ef9-75787e7f1947,1789617767.641676,1789617767.6355,1529966.4000000004,9ece73d8-93e2-40b0-8ef9-75787e7f1947,browser_calibrated,0.00014853477478027344,5.800008773803711,363300,363300,0,-18.455982208251953,host_receive_nearest,verified,1,1,,,,,,,,,1,,,,,,,,,,,,,,,,,,,,V5,A,134.447,1789617767.6355,1789617767.6532543,363300,Block 4_1_f16399e9,1,f16399e9-9456-4228-8979-eca71bd21091,134.332,,,1071,3,,
956942c6-bb1f-4472-b6da-56a9f8bcdbf6,phase_change,1789617767.6472487,1453.204,363316,4,4,,2,G04,A,focused,phase_change,video,,0.0,0.0,,,,,,,,2e32687e-f8cf-4a91-8fec-dfa79fb2e0c2,sub-004,ses-001,956942c6-bb1f-4472-b6da-56a9f8bcdbf6,9ece73d8-93e2-40b0-8ef9-75787e7f1947,1789617767.6834419,1789617767.6471002,1529978,9ece73d8-93e2-40b0-8ef9-75787e7f1947,browser_calibrated,0.00014853477478027344,5.800008773803711,363301,363301,0,7.174015045166016,host_receive_nearest,verified,1,1,,,,,,,,,1,,,,,,,,,,,,,,,,,,,,V5,A,134.502,1789617767.6471002,1789617767.683597,363301,,,,,,,,,,
956942c6-bb1f-4472-b6da-56a9f8bcdbf6,video_resume,1789617767.6472487,1453.204,363316,4,4,,2,G04,A,focused,video_resume,134.502,,0.0,0.0,,,,,,,"{""client_event_id"":""956942c6-bb1f-4472-b6da-56a9f8bcdbf6"",""recorder_run_id"":""2e32687e-f8cf-4a91-8fec-dfa79fb2e0c2"",""client_id"":""9ece73d8-93e2-40b0-8ef9-75787e7f1947"",""client_timestamp"":1789617767.6471002,""client_monotonic_ms"":1529978,""event_timestamp"":1789617767.6472487,""clock_offset_sec"":0.00014853477478027344,""clock_round_trip_ms"":5.800008773803711,""subject_id"":""sub-004"",""session_id"":""ses-001"",""block_id"":""Block 4"",""counterbalance_group"":""G04"",""block_order"":""Block 4"",""condition"":""A"",""condition_type"":""focused"",""topic_key"":""V5"",""topic_name"":""千古一帝秦始皇都做了什么"",""event_type"":""video_resume"",""iso_time"":""2026-09-17T04:02:47.647Z"",""relative_ms"":144185,""video_time_sec"":134.502,""probe_id"":""Block 4_1_f16399e9"",""probe_index"":1,""probe_schedule_id"":""f16399e9-9456-4228-8979-eca71bd21091"",""probe_planned_time_sec"":134.332,""video_id"":""V5"",""pause_reason"":""thought_probe"",""resume_status"":""playing""}",2e32687e-f8cf-4a91-8fec-dfa79fb2e0c2,sub-004,ses-001,956942c6-bb1f-4472-b6da-56a9f8bcdbf6,9ece73d8-93e2-40b0-8ef9-75787e7f1947,1789617767.6834419,1789617767.6471002,1529978,9ece73d8-93e2-40b0-8ef9-75787e7f1947,browser_calibrated,0.00014853477478027344,5.800008773803711,363301,363301,0,7.174015045166016,host_receive_nearest,verified,1,1,,,,,,,,,1,,,,,,,,,,,,,,,,,,,,V5,A,134.502,1789617767.6471002,1789617767.6838887,363301,Block 4_1_f16399e9,,,,,,,,,thought_probe
c5050c81-867e-45ac-864a-50142e1a392b,probe_onset,1789617841.555118,1527.136,381785,4,4,,2,G04,A,focused,probe_onset,Block 4_2_f16399e9,,0.0,0.0,,,,,,,"{""client_event_id"":""c5050c81-867e-45ac-864a-50142e1a392b"",""recorder_run_id"":""2e32687e-f8cf-4a91-8fec-dfa79fb2e0c2"",""client_id"":""9ece73d8-93e2-40b0-8ef9-75787e7f1947"",""client_timestamp"":1789617841.5549002,""client_monotonic_ms"":1603885.7999999998,""event_timestamp"":1789617841.555118,""clock_offset_sec"":0.00021791458129882812,""clock_round_trip_ms"":5.699872970581055,""subject_id"":""sub-004"",""session_id"":""ses-001"",""block_id"":""Block 4"",""counterbalance_group"":""G04"",""block_order"":""Block 4"",""condition"":""A"",""condition_type"":""focused"",""topic_key"":""V5"",""topic_name"":""千古一帝秦始皇都做了什么"",""event_type"":""probe_onset"",""iso_time"":""2026-09-17T04:04:01.554Z"",""relative_ms"":218093,""video_time_sec"":208.362,""probe_id"":""Block 4_2_f16399e9"",""probe_index"":2,""probe_schedule_id"":""f16399e9-9456-4228-8979-eca71bd21091"",""probe_planned_time_sec"":208.189,""video_id"":""V5"",""pause_reason"":""thought_probe"",""forced"":false}",2e32687e-f8cf-4a91-8fec-dfa79fb2e0c2,sub-004,ses-001,c5050c81-867e-45ac-864a-50142e1a392b,9ece73d8-93e2-40b0-8ef9-75787e7f1947,1789617841.5620332,1789617841.5549002,1603885.7999999998,9ece73d8-93e2-40b0-8ef9-75787e7f1947,browser_calibrated,0.00021791458129882812,5.699872970581055,381784,381784,0,-5.053520202636719,host_receive_nearest,verified,1,1,,,,,,,,,1,,,,,,,,,,,,,,,,,,,,V5,A,208.362,1789617841.5549002,1789617841.5621474,381784,Block 4_2_f16399e9,2,f16399e9-9456-4228-8979-eca71bd21091,208.189,,,,,,thought_probe
b61479be-66b6-4482-8008-11f20c88951d,attention_response,1789617844.282118,1529.856,382465,4,4,,2,G04,A,focused,attention_response,1,,0.0,0.0,,,,,,,"{""client_event_id"":""b61479be-66b6-4482-8008-11f20c88951d"",""recorder_run_id"":""2e32687e-f8cf-4a91-8fec-dfa79fb2e0c2"",""client_id"":""9ece73d8-93e2-40b0-8ef9-75787e7f1947"",""client_timestamp"":1789617844.2819002,""client_monotonic_ms"":1606612.7999999998,""event_timestamp"":1789617844.282118,""clock_offset_sec"":0.00021791458129882812,""clock_round_trip_ms"":5.699872970581055,""subject_id"":""sub-004"",""session_id"":""ses-001"",""block_id"":""Block 4"",""counterbalance_group"":""G04"",""block_order"":""Block 4"",""condition"":""A"",""condition_type"":""focused"",""topic_key"":""V5"",""topic_name"":""千古一帝秦始皇都做了什么"",""event_type"":""attention_response"",""iso_time"":""2026-09-17T04:04:04.281Z"",""relative_ms"":220820,""video_time_sec"":208.362,""probe_id"":""Block 4_2_f16399e9"",""probe_index"":2,""probe_schedule_id"":""f16399e9-9456-4228-8979-eca71bd21091"",""probe_planned_time_sec"":208.189,""video_id"":""V5"",""response"":1,""response_label"":""课程内容"",""probe_attention"":""ON"",""response_time_ms"":2727}",2e32687e-f8cf-4a91-8fec-dfa79fb2e0c2,sub-004,ses-001,b61479be-66b6-4482-8008-11f20c88951d,9ece73d8-93e2-40b0-8ef9-75787e7f1947,1789617844.2904882,1789617844.2819002,1606612.7999999998,9ece73d8-93e2-40b0-8ef9-75787e7f1947,browser_calibrated,0.00021791458129882812,5.699872970581055,382464,382464,0,-7.442951202392578,host_receive_nearest,verified,1,1,,,,,,,,,1,,,,,,,,,,,,,,,,,,,,V5,A,208.362,1789617844.2819002,1789617844.301441,382464,Block 4_2_f16399e9,2,f16399e9-9456-4228-8979-eca71bd21091,208.189,1,课程内容,2727,,ON,
23d860f1-5b3c-4f08-b1b1-19c02ce00514,confidence_response,1789617845.6385179,1531.196,382800,4,4,,2,G04,A,focused,confidence_response,3,,0.0,0.0,,,,,,,"{""client_event_id"":""23d860f1-5b3c-4f08-b1b1-19c02ce00514"",""recorder_run_id"":""2e32687e-f8cf-4a91-8fec-dfa79fb2e0c2"",""client_id"":""9ece73d8-93e2-40b0-8ef9-75787e7f1947"",""client_timestamp"":1789617845.6383,""client_monotonic_ms"":1607969.2000000002,""event_timestamp"":1789617845.6385179,""clock_offset_sec"":0.00021791458129882812,""clock_round_trip_ms"":5.699872970581055,""subject_id"":""sub-004"",""session_id"":""ses-001"",""block_id"":""Block 4"",""counterbalance_group"":""G04"",""block_order"":""Block 4"",""condition"":""A"",""condition_type"":""focused"",""topic_key"":""V5"",""topic_name"":""千古一帝秦始皇都做了什么"",""event_type"":""confidence_response"",""iso_time"":""2026-09-17T04:04:05.638Z"",""relative_ms"":222176,""video_time_sec"":208.362,""probe_id"":""Block 4_2_f16399e9"",""probe_index"":2,""probe_schedule_id"":""f16399e9-9456-4228-8979-eca71bd21091"",""probe_planned_time_sec"":208.189,""video_id"":""V5"",""response"":1,""confidence"":3,""response_time_ms"":1356}",2e32687e-f8cf-4a91-8fec-dfa79fb2e0c2,sub-004,ses-001,23d860f1-5b3c-4f08-b1b1-19c02ce00514,9ece73d8-93e2-40b0-8ef9-75787e7f1947,1789617845.6452432,1789617845.6383,1607969.2000000002,9ece73d8-93e2-40b0-8ef9-75787e7f1947,browser_calibrated,0.00021791458129882812,5.699872970581055,382799,382799,0,-16.51477813720703,host_receive_nearest,verified,1,1,,,,,,,,,1,,,,,,,,,,,,,,,,,,,,V5,A,208.362,1789617845.6383,1789617845.6551251,382799,Block 4_2_f16399e9,2,f16399e9-9456-4228-8979-eca71bd21091,208.189,,,1356,3,,
c600b3d5-db61-4420-9ba8-ac9a6b0908a1,phase_change,1789617845.6487179,1531.2,382810,4,4,,2,G04,A,focused,phase_change,video,,0.0,0.0,,,,,,,,2e32687e-f8cf-4a91-8fec-dfa79fb2e0c2,sub-004,ses-001,c600b3d5-db61-4420-9ba8-ac9a6b0908a1,9ece73d8-93e2-40b0-8ef9-75787e7f1947,1789617845.6812847,1789617845.6485,1607979.4000000004,9ece73d8-93e2-40b0-8ef9-75787e7f1947,browser_calibrated,0.00021791458129882812,5.699872970581055,382800,382800,0,7.3699951171875,host_receive_nearest,verified,1,1,,,,,,,,,1,,,,,,,,,,,,,,,,,,,,V5,A,208.422,1789617845.6485,1789617845.6814086,382800,,,,,,,,,,
c600b3d5-db61-4420-9ba8-ac9a6b0908a1,video_resume,1789617845.6487179,1531.2,382810,4,4,,2,G04,A,focused,video_resume,208.422,,0.0,0.0,,,,,,,"{""client_event_id"":""c600b3d5-db61-4420-9ba8-ac9a6b0908a1"",""recorder_run_id"":""2e32687e-f8cf-4a91-8fec-dfa79fb2e0c2"",""client_id"":""9ece73d8-93e2-40b0-8ef9-75787e7f1947"",""client_timestamp"":1789617845.6485,""client_monotonic_ms"":1607979.4000000004,""event_timestamp"":1789617845.6487179,""clock_offset_sec"":0.00021791458129882812,""clock_round_trip_ms"":5.699872970581055,""subject_id"":""sub-004"",""session_id"":""ses-001"",""block_id"":""Block 4"",""counterbalance_group"":""G04"",""block_order"":""Block 4"",""condition"":""A"",""condition_type"":""focused"",""topic_key"":""V5"",""topic_name"":""千古一帝秦始皇都做了什么"",""event_type"":""video_resume"",""iso_time"":""2026-09-17T04:04:05.648Z"",""relative_ms"":222186,""video_time_sec"":208.422,""probe_id"":""Block 4_2_f16399e9"",""probe_index"":2,""probe_schedule_id"":""f16399e9-9456-4228-8979-eca71bd21091"",""probe_planned_time_sec"":208.189,""video_id"":""V5"",""pause_reason"":""thought_probe"",""resume_status"":""playing""}",2e32687e-f8cf-4a91-8fec-dfa79fb2e0c2,sub-004,ses-001,c600b3d5-db61-4420-9ba8-ac9a6b0908a1,9ece73d8-93e2-40b0-8ef9-75787e7f1947,1789617845.6812847,1789617845.6485,1607979.4000000004,9ece73d8-93e2-40b0-8ef9-75787e7f1947,browser_calibrated,0.00021791458129882812,5.699872970581055,382800,382800,0,7.3699951171875,host_receive_nearest,verified,1,1,,,,,,,,,1,,,,,,,,,,,,,,,,,,,,V5,A,208.422,1789617845.6485,1789617845.6816618,382800,Block 4_2_f16399e9,,,,,,,,,thought_probe
0680785e-2c10-4c79-be5c-734c1835262e,probe_onset,1789617939.2301815,1624.796,406200,4,4,,2,G04,A,focused,probe_onset,Block 4_3_f16399e9,,0.0,0.0,,,,,,,"{""client_event_id"":""0680785e-2c10-4c79-be5c-734c1835262e"",""recorder_run_id"":""2e32687e-f8cf-4a91-8fec-dfa79fb2e0c2"",""client_id"":""9ece73d8-93e2-40b0-8ef9-75787e7f1947"",""client_timestamp"":1789617939.23,""client_monotonic_ms"":1701560.9000000004,""event_timestamp"":1789617939.2301815,""clock_offset_sec"":0.00018143653869628906,""clock_round_trip_ms"":5.500078201293945,""subject_id"":""sub-004"",""session_id"":""ses-001"",""block_id"":""Block 4"",""counterbalance_group"":""G04"",""block_order"":""Block 4"",""condition"":""A"",""condition_type"":""focused"",""topic_key"":""V5"",""topic_name"":""千古一帝秦始皇都做了什么"",""event_type"":""probe_onset"",""iso_time"":""2026-09-17T04:05:39.229Z"",""relative_ms"":315768,""video_time_sec"":301.951,""probe_id"":""Block 4_3_f16399e9"",""probe_index"":3,""probe_schedule_id"":""f16399e9-9456-4228-8979-eca71bd21091"",""probe_planned_time_sec"":301.756,""video_id"":""V5"",""pause_reason"":""thought_probe"",""forced"":false}",2e32687e-f8cf-4a91-8fec-dfa79fb2e0c2,sub-004,ses-001,0680785e-2c10-4c79-be5c-734c1835262e,9ece73d8-93e2-40b0-8ef9-75787e7f1947,1789617939.2365978,1789617939.23,1701560.9000000004,9ece73d8-93e2-40b0-8ef9-75787e7f1947,browser_calibrated,0.00018143653869628906,5.500078201293945,406199,406199,0,-2.629518508911133,host_receive_nearest,verified,1,1,,,,,,,,,1,,,,,,,,,,,,,,,,,,,,V5,A,301.951,1789617939.23,1789617939.2367632,406199,Block 4_3_f16399e9,3,f16399e9-9456-4228-8979-eca71bd21091,301.756,,,,,,thought_probe
9f38542f-404a-4ec5-9c7d-5837b063003b,attention_response,1789617942.4740815,1628.016,407005,4,4,,2,G04,A,focused,attention_response,1,,0.0,0.0,,,,,,,"{""client_event_id"":""9f38542f-404a-4ec5-9c7d-5837b063003b"",""recorder_run_id"":""2e32687e-f8cf-4a91-8fec-dfa79fb2e0c2"",""client_id"":""9ece73d8-93e2-40b0-8ef9-75787e7f1947"",""client_timestamp"":1789617942.4739,""client_monotonic_ms"":1704804.9000000004,""event_timestamp"":1789617942.4740815,""clock_offset_sec"":0.00018143653869628906,""clock_round_trip_ms"":5.500078201293945,""subject_id"":""sub-004"",""session_id"":""ses-001"",""block_id"":""Block 4"",""counterbalance_group"":""G04"",""block_order"":""Block 4"",""condition"":""A"",""condition_type"":""focused"",""topic_key"":""V5"",""topic_name"":""千古一帝秦始皇都做了什么"",""event_type"":""attention_response"",""iso_time"":""2026-09-17T04:05:42.473Z"",""relative_ms"":319012,""video_time_sec"":301.951,""probe_id"":""Block 4_3_f16399e9"",""probe_index"":3,""probe_schedule_id"":""f16399e9-9456-4228-8979-eca71bd21091"",""probe_planned_time_sec"":301.756,""video_id"":""V5"",""response"":1,""response_label"":""课程内容"",""probe_attention"":""ON"",""response_time_ms"":3244}",2e32687e-f8cf-4a91-8fec-dfa79fb2e0c2,sub-004,ses-001,9f38542f-404a-4ec5-9c7d-5837b063003b,9ece73d8-93e2-40b0-8ef9-75787e7f1947,1789617942.4804766,1789617942.4739,1704804.9000000004,9ece73d8-93e2-40b0-8ef9-75787e7f1947,browser_calibrated,0.00018143653869628906,5.500078201293945,407004,407004,0,-33.74004364013672,host_receive_nearest,verified,1,1,,,,,,,,,1,,,,,,,,,,,,,,,,,,,,V5,A,301.951,1789617942.4739,1789617942.4911773,407004,Block 4_3_f16399e9,3,f16399e9-9456-4228-8979-eca71bd21091,301.756,1,课程内容,3244,,ON,
b36c8f09-cc6f-4646-919d-c77d794ca746,confidence_response,1789617944.9329815,1630.472,407619,4,4,,2,G04,A,focused,confidence_response,4,,0.0,0.0,,,,,,,"{""client_event_id"":""b36c8f09-cc6f-4646-919d-c77d794ca746"",""recorder_run_id"":""2e32687e-f8cf-4a91-8fec-dfa79fb2e0c2"",""client_id"":""9ece73d8-93e2-40b0-8ef9-75787e7f1947"",""client_timestamp"":1789617944.9328,""client_monotonic_ms"":1707263.7000000002,""event_timestamp"":1789617944.9329815,""clock_offset_sec"":0.00018143653869628906,""clock_round_trip_ms"":5.500078201293945,""subject_id"":""sub-004"",""session_id"":""ses-001"",""block_id"":""Block 4"",""counterbalance_group"":""G04"",""block_order"":""Block 4"",""condition"":""A"",""condition_type"":""focused"",""topic_key"":""V5"",""topic_name"":""千古一帝秦始皇都做了什么"",""event_type"":""confidence_response"",""iso_time"":""2026-09-17T04:05:44.932Z"",""relative_ms"":321471,""video_time_sec"":301.951,""probe_id"":""Block 4_3_f16399e9"",""probe_index"":3,""probe_schedule_id"":""f16399e9-9456-4228-8979-eca71bd21091"",""probe_planned_time_sec"":301.756,""video_id"":""V5"",""response"":1,""confidence"":4,""response_time_ms"":2459}",2e32687e-f8cf-4a91-8fec-dfa79fb2e0c2,sub-004,ses-001,b36c8f09-cc6f-4646-919d-c77d794ca746,9ece73d8-93e2-40b0-8ef9-75787e7f1947,1789617944.9392617,1789617944.9328,1707263.7000000002,9ece73d8-93e2-40b0-8ef9-75787e7f1947,browser_calibrated,0.00018143653869628906,5.500078201293945,407618,407618,0,-34.450531005859375,host_receive_nearest,verified,1,1,,,,,,,,,1,,,,,,,,,,,,,,,,,,,,V5,A,301.951,1789617944.9328,1789617944.9523194,407618,Block 4_3_f16399e9,3,f16399e9-9456-4228-8979-eca71bd21091,301.756,,,2459,4,,
1d35ff1e-285d-4a1d-9382-c581e2bc4783,phase_change,1789617944.9448817,1630.476,407634,4,4,,2,G04,A,focused,phase_change,video,,0.0,0.0,,,,,,,,2e32687e-f8cf-4a91-8fec-dfa79fb2e0c2,sub-004,ses-001,1d35ff1e-285d-4a1d-9382-c581e2bc4783,9ece73d8-93e2-40b0-8ef9-75787e7f1947,1789617944.9776285,1789617944.9447002,1707275.5999999996,9ece73d8-93e2-40b0-8ef9-75787e7f1947,browser_calibrated,0.00018143653869628906,5.500078201293945,407619,407619,0,12.269258499145508,host_receive_nearest,verified,1,1,,,,,,,,,1,,,,,,,,,,,,,,,,,,,,V5,A,302.01,1789617944.9447002,1789617944.9777215,407619,,,,,,,,,,
1d35ff1e-285d-4a1d-9382-c581e2bc4783,video_resume,1789617944.9448817,1630.476,407634,4,4,,2,G04,A,focused,video_resume,302.01,,0.0,0.0,,,,,,,"{""client_event_id"":""1d35ff1e-285d-4a1d-9382-c581e2bc4783"",""recorder_run_id"":""2e32687e-f8cf-4a91-8fec-dfa79fb2e0c2"",""client_id"":""9ece73d8-93e2-40b0-8ef9-75787e7f1947"",""client_timestamp"":1789617944.9447002,""client_monotonic_ms"":1707275.5999999996,""event_timestamp"":1789617944.9448817,""clock_offset_sec"":0.00018143653869628906,""clock_round_trip_ms"":5.500078201293945,""subject_id"":""sub-004"",""session_id"":""ses-001"",""block_id"":""Block 4"",""counterbalance_group"":""G04"",""block_order"":""Block 4"",""condition"":""A"",""condition_type"":""focused"",""topic_key"":""V5"",""topic_name"":""千古一帝秦始皇都做了什么"",""event_type"":""video_resume"",""iso_time"":""2026-09-17T04:05:44.944Z"",""relative_ms"":321483,""video_time_sec"":302.01,""probe_id"":""Block 4_3_f16399e9"",""probe_index"":3,""probe_schedule_id"":""f16399e9-9456-4228-8979-eca71bd21091"",""probe_planned_time_sec"":301.756,""video_id"":""V5"",""pause_reason"":""thought_probe"",""resume_status"":""playing""}",2e32687e-f8cf-4a91-8fec-dfa79fb2e0c2,sub-004,ses-001,1d35ff1e-285d-4a1d-9382-c581e2bc4783,9ece73d8-93e2-40b0-8ef9-75787e7f1947,1789617944.9776285,1789617944.9447002,1707275.5999999996,9ece73d8-93e2-40b0-8ef9-75787e7f1947,browser_calibrated,0.00018143653869628906,5.500078201293945,407619,407619,0,12.269258499145508,host_receive_nearest,verified,1,1,,,,,,,,,1,,,,,,,,,,,,,,,,,,,,V5,A,302.01,1789617944.9447002,1789617944.9779027,407619,Block 4_3_f16399e9,,,,,,,,,thought_probe
0fa884c6-861b-43be-a3bc-59f836211540,probe_onset,1789618000.814897,1686.356,421599,4,4,,2,G04,A,focused,probe_onset,Block 4_4_f16399e9,,0.0,0.0,,,,,,,"{""client_event_id"":""0fa884c6-861b-43be-a3bc-59f836211540"",""recorder_run_id"":""2e32687e-f8cf-4a91-8fec-dfa79fb2e0c2"",""client_id"":""9ece73d8-93e2-40b0-8ef9-75787e7f1947"",""client_timestamp"":1789618000.8145,""client_monotonic_ms"":1763145.4000000004,""event_timestamp"":1789618000.814897,""clock_offset_sec"":0.00039696693420410156,""clock_round_trip_ms"":5.500078201293945,""subject_id"":""sub-004"",""session_id"":""ses-001"",""block_id"":""Block 4"",""counterbalance_group"":""G04"",""block_order"":""Block 4"",""condition"":""A"",""condition_type"":""focused"",""topic_key"":""V5"",""topic_name"":""千古一帝秦始皇都做了什么"",""event_type"":""probe_onset"",""iso_time"":""2026-09-17T04:06:40.814Z"",""relative_ms"":377352,""video_time_sec"":357.821,""probe_id"":""Block 4_4_f16399e9"",""probe_index"":4,""probe_schedule_id"":""f16399e9-9456-4228-8979-eca71bd21091"",""probe_planned_time_sec"":357.656,""video_id"":""V5"",""pause_reason"":""thought_probe"",""forced"":false}",2e32687e-f8cf-4a91-8fec-dfa79fb2e0c2,sub-004,ses-001,0fa884c6-861b-43be-a3bc-59f836211540,9ece73d8-93e2-40b0-8ef9-75787e7f1947,1789618000.823631,1789618000.8145,1763145.4000000004,9ece73d8-93e2-40b0-8ef9-75787e7f1947,browser_calibrated,0.00039696693420410156,5.500078201293945,421589,421589,0,6.087064743041992,host_receive_nearest,verified,1,1,,,,,,,,,1,,,,,,,,,,,,,,,,,,,,V5,A,357.821,1789618000.8145,1789618000.8237898,421589,Block 4_4_f16399e9,4,f16399e9-9456-4228-8979-eca71bd21091,357.656,,,,,,thought_probe
d5ba6652-a8c5-45ce-bf4d-a148d50ce7e8,attention_response,1789618002.716697,1688.272,422069,4,4,,2,G04,A,focused,attention_response,1,,0.0,0.0,,,,,,,"{""client_event_id"":""d5ba6652-a8c5-45ce-bf4d-a148d50ce7e8"",""recorder_run_id"":""2e32687e-f8cf-4a91-8fec-dfa79fb2e0c2"",""client_id"":""9ece73d8-93e2-40b0-8ef9-75787e7f1947"",""client_timestamp"":1789618002.7163,""client_monotonic_ms"":1765047.2000000002,""event_timestamp"":1789618002.716697,""clock_offset_sec"":0.00039696693420410156,""clock_round_trip_ms"":5.500078201293945,""subject_id"":""sub-004"",""session_id"":""ses-001"",""block_id"":""Block 4"",""counterbalance_group"":""G04"",""block_order"":""Block 4"",""condition"":""A"",""condition_type"":""focused"",""topic_key"":""V5"",""topic_name"":""千古一帝秦始皇都做了什么"",""event_type"":""attention_response"",""iso_time"":""2026-09-17T04:06:42.716Z"",""relative_ms"":379254,""video_time_sec"":357.821,""probe_id"":""Block 4_4_f16399e9"",""probe_index"":4,""probe_schedule_id"":""f16399e9-9456-4228-8979-eca71bd21091"",""probe_planned_time_sec"":357.656,""video_id"":""V5"",""response"":1,""response_label"":""课程内容"",""probe_attention"":""ON"",""response_time_ms"":1902}",2e32687e-f8cf-4a91-8fec-dfa79fb2e0c2,sub-004,ses-001,d5ba6652-a8c5-45ce-bf4d-a148d50ce7e8,9ece73d8-93e2-40b0-8ef9-75787e7f1947,1789618002.7221823,1789618002.7163,1765047.2000000002,9ece73d8-93e2-40b0-8ef9-75787e7f1947,browser_calibrated,0.00039696693420410156,5.500078201293945,422068,422068,0,-5.126953125,host_receive_nearest,verified,1,1,,,,,,,,,1,,,,,,,,,,,,,,,,,,,,V5,A,357.821,1789618002.7163,1789618002.7333035,422068,Block 4_4_f16399e9,4,f16399e9-9456-4228-8979-eca71bd21091,357.656,1,课程内容,1902,,ON,
e4815b06-b34c-4b2b-8d71-fa93e052b09a,confidence_response,1789618004.059197,1689.596,422409,4,4,,2,G04,A,focused,confidence_response,3,,0.0,0.0,,,,,,,"{""client_event_id"":""e4815b06-b34c-4b2b-8d71-fa93e052b09a"",""recorder_run_id"":""2e32687e-f8cf-4a91-8fec-dfa79fb2e0c2"",""client_id"":""9ece73d8-93e2-40b0-8ef9-75787e7f1947"",""client_timestamp"":1789618004.0588,""client_monotonic_ms"":1766389.7000000002,""event_timestamp"":1789618004.059197,""clock_offset_sec"":0.00039696693420410156,""clock_round_trip_ms"":5.500078201293945,""subject_id"":""sub-004"",""session_id"":""ses-001"",""block_id"":""Block 4"",""counterbalance_group"":""G04"",""block_order"":""Block 4"",""condition"":""A"",""condition_type"":""focused"",""topic_key"":""V5"",""topic_name"":""千古一帝秦始皇都做了什么"",""event_type"":""confidence_response"",""iso_time"":""2026-09-17T04:06:44.058Z"",""relative_ms"":380597,""video_time_sec"":357.821,""probe_id"":""Block 4_4_f16399e9"",""probe_index"":4,""probe_schedule_id"":""f16399e9-9456-4228-8979-eca71bd21091"",""probe_planned_time_sec"":357.656,""video_id"":""V5"",""response"":1,""confidence"":3,""response_time_ms"":1343}",2e32687e-f8cf-4a91-8fec-dfa79fb2e0c2,sub-004,ses-001,e4815b06-b34c-4b2b-8d71-fa93e052b09a,9ece73d8-93e2-40b0-8ef9-75787e7f1947,1789618004.065241,1789618004.0588,1766389.7000000002,9ece73d8-93e2-40b0-8ef9-75787e7f1947,browser_calibrated,0.00039696693420410156,5.500078201293945,422399,422399,0,1.2269020080566406,host_receive_nearest,verified,1,1,,,,,,,,,1,,,,,,,,,,,,,,,,,,,,V5,A,357.821,1789618004.0588,1789618004.0773225,422399,Block 4_4_f16399e9,4,f16399e9-9456-4228-8979-eca71bd21091,357.656,,,1343,3,,
12308b56-3983-4c76-987d-c7463ffac5ac,phase_change,1789618004.0695972,1689.632,422414,4,4,,2,G04,A,focused,phase_change,video,,0.0,0.0,,,,,,,,2e32687e-f8cf-4a91-8fec-dfa79fb2e0c2,sub-004,ses-001,12308b56-3983-4c76-987d-c7463ffac5ac,9ece73d8-93e2-40b0-8ef9-75787e7f1947,1789618004.116125,1789618004.0692003,1766400.0999999996,9ece73d8-93e2-40b0-8ef9-75787e7f1947,browser_calibrated,0.00039696693420410156,5.500078201293945,422408,422408,0,-7.1506500244140625,host_receive_nearest,verified,1,1,,,,,,,,,1,,,,,,,,,,,,,,,,,,,,V5,A,357.878,1789618004.0692003,1789618004.116223,422408,,,,,,,,,,
12308b56-3983-4c76-987d-c7463ffac5ac,video_resume,1789618004.0695972,1689.632,422414,4,4,,2,G04,A,focused,video_resume,357.878,,0.0,0.0,,,,,,,"{""client_event_id"":""12308b56-3983-4c76-987d-c7463ffac5ac"",""recorder_run_id"":""2e32687e-f8cf-4a91-8fec-dfa79fb2e0c2"",""client_id"":""9ece73d8-93e2-40b0-8ef9-75787e7f1947"",""client_timestamp"":1789618004.0692003,""client_monotonic_ms"":1766400.0999999996,""event_timestamp"":1789618004.0695972,""clock_offset_sec"":0.00039696693420410156,""clock_round_trip_ms"":5.500078201293945,""subject_id"":""sub-004"",""session_id"":""ses-001"",""block_id"":""Block 4"",""counterbalance_group"":""G04"",""block_order"":""Block 4"",""condition"":""A"",""condition_type"":""focused"",""topic_key"":""V5"",""topic_name"":""千古一帝秦始皇都做了什么"",""event_type"":""video_resume"",""iso_time"":""2026-09-17T04:06:44.069Z"",""relative_ms"":380607,""video_time_sec"":357.878,""probe_id"":""Block 4_4_f16399e9"",""probe_index"":4,""probe_schedule_id"":""f16399e9-9456-4228-8979-eca71bd21091"",""probe_planned_time_sec"":357.656,""video_id"":""V5"",""pause_reason"":""thought_probe"",""resume_status"":""playing""}",2e32687e-f8cf-4a91-8fec-dfa79fb2e0c2,sub-004,ses-001,12308b56-3983-4c76-987d-c7463ffac5ac,9ece73d8-93e2-40b0-8ef9-75787e7f1947,1789618004.116125,1789618004.0692003,1766400.0999999996,9ece73d8-93e2-40b0-8ef9-75787e7f1947,browser_calibrated,0.00039696693420410156,5.500078201293945,422408,422408,0,-7.1506500244140625,host_receive_nearest,verified,1,1,,,,,,,,,1,,,,,,,,,,,,,,,,,,,,V5,A,357.878,1789618004.0692003,1789618004.1165211,422408,Block 4_4_f16399e9,,,,,,,,,thought_probe
9a94ef0e-a018-44ce-87c5-8244c6cd13a2,video_end,1789618037.3027718,1722.832,430709,4,4,,2,G04,A,focused,video_end,V5,,0.0,0.0,,,,,,,,2e32687e-f8cf-4a91-8fec-dfa79fb2e0c2,sub-004,ses-001,9a94ef0e-a018-44ce-87c5-8244c6cd13a2,9ece73d8-93e2-40b0-8ef9-75787e7f1947,1789618037.323367,1789618037.3027003,1799633.5999999996,9ece73d8-93e2-40b0-8ef9-75787e7f1947,browser_calibrated,7.152557373046875e-05,4.500150680541992,430708,430708,0,-29.53791618347168,host_receive_nearest,verified,1,1,,,,,,,,,1,,,,,,,,,,,,,,,,,,,,V5,A,391.048,1789618037.3027003,1789618037.323509,430708,,,,,,,,,,
9a94ef0e-a018-44ce-87c5-8244c6cd13a2,browser_video_ended,1789618037.3027718,1722.832,430709,4,4,,2,G04,A,focused,browser_video_ended,,,0.0,0.0,,,,,,,"{""client_event_id"":""9a94ef0e-a018-44ce-87c5-8244c6cd13a2"",""recorder_run_id"":""2e32687e-f8cf-4a91-8fec-dfa79fb2e0c2"",""client_id"":""9ece73d8-93e2-40b0-8ef9-75787e7f1947"",""client_timestamp"":1789618037.3027003,""client_monotonic_ms"":1799633.5999999996,""event_timestamp"":1789618037.3027718,""clock_offset_sec"":7.152557373046875e-05,""clock_round_trip_ms"":4.500150680541992,""subject_id"":""sub-004"",""session_id"":""ses-001"",""block_id"":""Block 4"",""counterbalance_group"":""G04"",""block_order"":""Block 4"",""condition"":""A"",""condition_type"":""focused"",""topic_key"":""V5"",""topic_name"":""千古一帝秦始皇都做了什么"",""event_type"":""video_ended"",""iso_time"":""2026-09-17T04:07:17.302Z"",""relative_ms"":413841,""video_time_sec"":391.048}",2e32687e-f8cf-4a91-8fec-dfa79fb2e0c2,sub-004,ses-001,9a94ef0e-a018-44ce-87c5-8244c6cd13a2,9ece73d8-93e2-40b0-8ef9-75787e7f1947,1789618037.323367,1789618037.3027003,1799633.5999999996,9ece73d8-93e2-40b0-8ef9-75787e7f1947,browser_calibrated,7.152557373046875e-05,4.500150680541992,430708,430708,0,-29.53791618347168,host_receive_nearest,verified,1,1,,,,,,,,,1,,,,,,,,,,,,,,,,,,,,V5,A,391.048,1789618037.3027003,1789618037.3237534,430708,,,,,,,,,,
3b2c142c-9f98-4282-b248-9c749015817e,browser_block_end,1789618037.3193715,1722.836,430734,4,4,,2,G04,A,focused,browser_block_end,视频自然播放结束,,0.0,0.0,,,,,,,"{""client_event_id"":""3b2c142c-9f98-4282-b248-9c749015817e"",""recorder_run_id"":""2e32687e-f8cf-4a91-8fec-dfa79fb2e0c2"",""client_id"":""9ece73d8-93e2-40b0-8ef9-75787e7f1947"",""client_timestamp"":1789618037.3193,""client_monotonic_ms"":1799650.2999999998,""event_timestamp"":1789618037.3193715,""clock_offset_sec"":7.152557373046875e-05,""clock_round_trip_ms"":4.500150680541992,""subject_id"":""sub-004"",""session_id"":""ses-001"",""block_id"":""Block 4"",""counterbalance_group"":""G04"",""block_order"":""Block 4"",""condition"":""A"",""condition_type"":""focused"",""topic_key"":""V5"",""topic_name"":""千古一帝秦始皇都做了什么"",""event_type"":""block_end"",""iso_time"":""2026-09-17T04:07:17.319Z"",""relative_ms"":413857,""video_time_sec"":391.048,""reason"":""视频自然播放结束""}",2e32687e-f8cf-4a91-8fec-dfa79fb2e0c2,sub-004,ses-001,3b2c142c-9f98-4282-b248-9c749015817e,9ece73d8-93e2-40b0-8ef9-75787e7f1947,1789618037.3694596,1789618037.3193,1799650.2999999998,9ece73d8-93e2-40b0-8ef9-75787e7f1947,browser_calibrated,7.152557373046875e-05,4.500150680541992,430709,430709,0,13.036727905273438,host_receive_nearest,verified,1,1,,,,,,,,,1,,,,,,,,,,,,,,,,,,,,V5,A,391.048,1789618037.3193,1789618037.3695967,430709,,,,,,,,,,
42bcd4a2-3c94-440e-b47d-218b4cb9f72d,rating_start,1789618037.3307717,1722.836,430739,4,4,,2,G04,A,focused,rating_start,,,0.0,0.0,,,,,,,"{""client_event_id"":""42bcd4a2-3c94-440e-b47d-218b4cb9f72d"",""recorder_run_id"":""2e32687e-f8cf-4a91-8fec-dfa79fb2e0c2"",""client_id"":""9ece73d8-93e2-40b0-8ef9-75787e7f1947"",""client_timestamp"":1789618037.3307002,""client_monotonic_ms"":1799661.5999999996,""event_timestamp"":1789618037.3307717,""clock_offset_sec"":7.152557373046875e-05,""clock_round_trip_ms"":4.500150680541992,""subject_id"":""sub-004"",""session_id"":""ses-001"",""block_id"":""Block 4"",""counterbalance_group"":""G04"",""block_order"":""Block 4"",""condition"":""A"",""condition_type"":""focused"",""topic_key"":""V5"",""topic_name"":""千古一帝秦始皇都做了什么"",""event_type"":""rating_start"",""iso_time"":""2026-09-17T04:07:17.330Z"",""relative_ms"":413869,""video_time_sec"":391.048}",2e32687e-f8cf-4a91-8fec-dfa79fb2e0c2,sub-004,ses-001,42bcd4a2-3c94-440e-b47d-218b4cb9f72d,9ece73d8-93e2-40b0-8ef9-75787e7f1947,1789618037.431234,1789618037.3307002,1799661.5999999996,9ece73d8-93e2-40b0-8ef9-75787e7f1947,browser_calibrated,7.152557373046875e-05,4.500150680541992,430709,430709,0,1.636505126953125,host_receive_nearest,verified,1,1,,,,,,,,,1,,,,,,,,,,,,,,,,,,,,V5,A,391.048,1789618037.3307002,1789618037.431382,430709,,,,,,,,,,
e15c86bd-99f2-46bc-b86b-a26905f2bfe8,rating_item_response,1789618040.7281716,1726.252,431564,4,4,,2,G04,A,focused,rating_item_response,3,,0.0,0.0,,,,,,,"{""client_event_id"":""e15c86bd-99f2-46bc-b86b-a26905f2bfe8"",""recorder_run_id"":""2e32687e-f8cf-4a91-8fec-dfa79fb2e0c2"",""client_id"":""9ece73d8-93e2-40b0-8ef9-75787e7f1947"",""client_timestamp"":1789618040.7281,""client_monotonic_ms"":1803059,""event_timestamp"":1789618040.7281716,""clock_offset_sec"":7.152557373046875e-05,""clock_round_trip_ms"":4.500150680541992,""subject_id"":""sub-004"",""session_id"":""ses-001"",""block_id"":""Block 4"",""counterbalance_group"":""G04"",""block_order"":""Block 4"",""condition"":""A"",""condition_type"":""focused"",""topic_key"":""V5"",""topic_name"":""千古一帝秦始皇都做了什么"",""event_type"":""rating_item_response"",""iso_time"":""2026-09-17T04:07:20.728Z"",""relative_ms"":417266,""video_time_sec"":391.048,""rating_item"":""course_attention_rating"",""rating_value"":""3"",""response_time_ms"":3397}",2e32687e-f8cf-4a91-8fec-dfa79fb2e0c2,sub-004,ses-001,e15c86bd-99f2-46bc-b86b-a26905f2bfe8,9ece73d8-93e2-40b0-8ef9-75787e7f1947,1789618040.7388945,1789618040.7281,1803059,9ece73d8-93e2-40b0-8ef9-75787e7f1947,browser_calibrated,7.152557373046875e-05,4.500150680541992,431563,431563,0,-34.73830223083496,host_receive_nearest,verified,1,1,,,,,,,,,1,,,,,,,,,,,,,course_attention_rating,3,,,,,,V5,A,391.048,1789618040.7281,1789618040.7390208,431563,,,,,,,3397,,,
642f5eaa-2d20-4708-8605-ea582a460090,rating_item_response,1789618043.0530715,1728.616,432159,4,4,,2,G04,A,focused,rating_item_response,4,,0.0,0.0,,,,,,,"{""client_event_id"":""642f5eaa-2d20-4708-8605-ea582a460090"",""recorder_run_id"":""2e32687e-f8cf-4a91-8fec-dfa79fb2e0c2"",""client_id"":""9ece73d8-93e2-40b0-8ef9-75787e7f1947"",""client_timestamp"":1789618043.053,""client_monotonic_ms"":1805383.9000000004,""event_timestamp"":1789618043.0530715,""clock_offset_sec"":7.152557373046875e-05,""clock_round_trip_ms"":4.500150680541992,""subject_id"":""sub-004"",""session_id"":""ses-001"",""block_id"":""Block 4"",""counterbalance_group"":""G04"",""block_order"":""Block 4"",""condition"":""A"",""condition_type"":""focused"",""topic_key"":""V5"",""topic_name"":""千古一帝秦始皇都做了什么"",""event_type"":""rating_item_response"",""iso_time"":""2026-09-17T04:07:23.053Z"",""relative_ms"":419591,""video_time_sec"":391.048,""rating_item"":""course_attention_rating"",""rating_value"":""4"",""response_time_ms"":5722}",2e32687e-f8cf-4a91-8fec-dfa79fb2e0c2,sub-004,ses-001,642f5eaa-2d20-4708-8605-ea582a460090,9ece73d8-93e2-40b0-8ef9-75787e7f1947,1789618043.067213,1789618043.053,1805383.9000000004,9ece73d8-93e2-40b0-8ef9-75787e7f1947,browser_calibrated,7.152557373046875e-05,4.500150680541992,432154,432154,0,9.61756706237793,host_receive_nearest,verified,1,1,,,,,,,,,1,,,,,,,,,,,,,course_attention_rating,4,,,,,,V5,A,391.048,1789618043.053,1789618043.067326,432154,,,,,,,5722,,,
85e429c4-865a-43df-9562-a812e13f3203,rating_item_response,1789618045.5860715,1731.136,432789,4,4,,2,G04,A,focused,rating_item_response,7,,0.0,0.0,,,,,,,"{""client_event_id"":""85e429c4-865a-43df-9562-a812e13f3203"",""recorder_run_id"":""2e32687e-f8cf-4a91-8fec-dfa79fb2e0c2"",""client_id"":""9ece73d8-93e2-40b0-8ef9-75787e7f1947"",""client_timestamp"":1789618045.586,""client_monotonic_ms"":1807917,""event_timestamp"":1789618045.5860715,""clock_offset_sec"":7.152557373046875e-05,""clock_round_trip_ms"":4.500150680541992,""subject_id"":""sub-004"",""session_id"":""ses-001"",""block_id"":""Block 4"",""counterbalance_group"":""G04"",""block_order"":""Block 4"",""condition"":""A"",""condition_type"":""focused"",""topic_key"":""V5"",""topic_name"":""千古一帝秦始皇都做了什么"",""event_type"":""rating_item_response"",""iso_time"":""2026-09-17T04:07:25.586Z"",""relative_ms"":422124,""video_time_sec"":391.048,""rating_item"":""mental_effort"",""rating_value"":""7"",""response_time_ms"":8255}",2e32687e-f8cf-4a91-8fec-dfa79fb2e0c2,sub-004,ses-001,85e429c4-865a-43df-9562-a812e13f3203,9ece73d8-93e2-40b0-8ef9-75787e7f1947,1789618045.5968761,1789618045.586,1807917,9ece73d8-93e2-40b0-8ef9-75787e7f1947,browser_calibrated,7.152557373046875e-05,4.500150680541992,432784,432784,0,0.2994537353515625,host_receive_nearest,verified,1,1,,,,,,,,,1,,,,,,,,,,,,,mental_effort,7,,,,,,V5,A,391.048,1789618045.586,1789618045.5970352,432784,,,,,,,8255,,,
bc97f3d0-d461-4052-85c6-2ac147edff04,rating_item_response,1789618047.7821717,1733.332,433334,4,4,,2,G04,A,focused,rating_item_response,5,,0.0,0.0,,,,,,,"{""client_event_id"":""bc97f3d0-d461-4052-85c6-2ac147edff04"",""recorder_run_id"":""2e32687e-f8cf-4a91-8fec-dfa79fb2e0c2"",""client_id"":""9ece73d8-93e2-40b0-8ef9-75787e7f1947"",""client_timestamp"":1789618047.7821002,""client_monotonic_ms"":1810113,""event_timestamp"":1789618047.7821717,""clock_offset_sec"":7.152557373046875e-05,""clock_round_trip_ms"":4.500150680541992,""subject_id"":""sub-004"",""session_id"":""ses-001"",""block_id"":""Block 4"",""counterbalance_group"":""G04"",""block_order"":""Block 4"",""condition"":""A"",""condition_type"":""focused"",""topic_key"":""V5"",""topic_name"":""千古一帝秦始皇都做了什么"",""event_type"":""rating_item_response"",""iso_time"":""2026-09-17T04:07:27.782Z"",""relative_ms"":424320,""video_time_sec"":391.048,""rating_item"":""video_interest"",""rating_value"":""5"",""response_time_ms"":10451}",2e32687e-f8cf-4a91-8fec-dfa79fb2e0c2,sub-004,ses-001,bc97f3d0-d461-4052-85c6-2ac147edff04,9ece73d8-93e2-40b0-8ef9-75787e7f1947,1789618047.7924762,1789618047.7821002,1810113,9ece73d8-93e2-40b0-8ef9-75787e7f1947,browser_calibrated,7.152557373046875e-05,4.500150680541992,433333,433333,0,-7.808923721313477,host_receive_nearest,verified,1,1,,,,,,,,,1,,,,,,,,,,,,,video_interest,5,,,,,,V5,A,391.048,1789618047.7821002,1789618047.7925923,433333,,,,,,,10451,,,
b9ea224e-c7cc-46a8-8d2f-6ac912ba7178,rating_item_response,1789618049.6944716,1735.252,433814,4,4,,2,G04,A,focused,rating_item_response,2,,0.0,0.0,,,,,,,"{""client_event_id"":""b9ea224e-c7cc-46a8-8d2f-6ac912ba7178"",""recorder_run_id"":""2e32687e-f8cf-4a91-8fec-dfa79fb2e0c2"",""client_id"":""9ece73d8-93e2-40b0-8ef9-75787e7f1947"",""client_timestamp"":1789618049.6944,""client_monotonic_ms"":1812025.2999999998,""event_timestamp"":1789618049.6944716,""clock_offset_sec"":7.152557373046875e-05,""clock_round_trip_ms"":4.500150680541992,""subject_id"":""sub-004"",""session_id"":""ses-001"",""block_id"":""Block 4"",""counterbalance_group"":""G04"",""block_order"":""Block 4"",""condition"":""A"",""condition_type"":""focused"",""topic_key"":""V5"",""topic_name"":""千古一帝秦始皇都做了什么"",""event_type"":""rating_item_response"",""iso_time"":""2026-09-17T04:07:29.694Z"",""relative_ms"":426232,""video_time_sec"":391.048,""rating_item"":""video_difficulty"",""rating_value"":""2"",""response_time_ms"":12364}",2e32687e-f8cf-4a91-8fec-dfa79fb2e0c2,sub-004,ses-001,b9ea224e-c7cc-46a8-8d2f-6ac912ba7178,9ece73d8-93e2-40b0-8ef9-75787e7f1947,1789618049.7077737,1789618049.6944,1812025.2999999998,9ece73d8-93e2-40b0-8ef9-75787e7f1947,browser_calibrated,7.152557373046875e-05,4.500150680541992,433813,433813,0,-0.4322528839111328,host_receive_nearest,verified,1,1,,,,,,,,,1,,,,,,,,,,,,,video_difficulty,2,,,,,,V5,A,391.048,1789618049.6944,1789618049.7080183,433813,,,,,,,12364,,,
16f79be7-b259-4eb0-a7b8-885941448151,rating_end,1789618050.1898715,1735.672,433919,4,4,,2,G04,A,focused,rating_end,,12.859,0.0,0.0,,,,,,,"{""client_event_id"":""16f79be7-b259-4eb0-a7b8-885941448151"",""recorder_run_id"":""2e32687e-f8cf-4a91-8fec-dfa79fb2e0c2"",""client_id"":""9ece73d8-93e2-40b0-8ef9-75787e7f1947"",""client_timestamp"":1789618050.1898,""client_monotonic_ms"":1812520.7000000002,""event_timestamp"":1789618050.1898715,""clock_offset_sec"":7.152557373046875e-05,""clock_round_trip_ms"":4.500150680541992,""subject_id"":""sub-004"",""session_id"":""ses-001"",""block_id"":""Block 4"",""counterbalance_group"":""G04"",""block_order"":""Block 4"",""condition"":""A"",""condition_type"":""focused"",""topic_key"":""V5"",""topic_name"":""千古一帝秦始皇都做了什么"",""event_type"":""rating_end"",""iso_time"":""2026-09-17T04:07:30.189Z"",""relative_ms"":426728,""video_time_sec"":391.048,""video_id"":""V5"",""course_attention_rating"":4,""mental_effort"":7,""video_interest"":5,""video_difficulty"":2,""subtraction_compliance"":"""",""subtraction_difficulty"":"""",""reported_final_number"":"""",""duration_sec"":12.859,""submitted_iso"":""2026-09-17T04:07:30.189Z"",""submitted_relative_ms"":426728}",2e32687e-f8cf-4a91-8fec-dfa79fb2e0c2,sub-004,ses-001,16f79be7-b259-4eb0-a7b8-885941448151,9ece73d8-93e2-40b0-8ef9-75787e7f1947,1789618050.1955974,1789618050.1898,1812520.7000000002,9ece73d8-93e2-40b0-8ef9-75787e7f1947,browser_calibrated,7.152557373046875e-05,4.500150680541992,433918,433918,0,-75.45280456542969,host_receive_nearest,verified,1,1,,,,,,,,,1,,,,4,7,5,2,,,,,,,,,,,,,V5,A,391.048,1789618050.1898,1789618050.1956997,433918,,,,,,,,,,
c6eee3a8-9dbf-4eba-be9c-24eb03dde381,quiz_start,1789618050.1956716,1735.676,433939,4,4,,2,G04,A,focused,quiz_start,,,0.0,0.0,,,,,,,"{""client_event_id"":""c6eee3a8-9dbf-4eba-be9c-24eb03dde381"",""recorder_run_id"":""2e32687e-f8cf-4a91-8fec-dfa79fb2e0c2"",""client_id"":""9ece73d8-93e2-40b0-8ef9-75787e7f1947"",""client_timestamp"":1789618050.1956,""client_monotonic_ms"":1812526.5,""event_timestamp"":1789618050.1956716,""clock_offset_sec"":7.152557373046875e-05,""clock_round_trip_ms"":4.500150680541992,""subject_id"":""sub-004"",""session_id"":""ses-001"",""block_id"":""Block 4"",""counterbalance_group"":""G04"",""block_order"":""Block 4"",""condition"":""A"",""condition_type"":""focused"",""topic_key"":""V5"",""topic_name"":""千古一帝秦始皇都做了什么"",""event_type"":""quiz_start"",""iso_time"":""2026-09-17T04:07:30.195Z"",""relative_ms"":426733,""video_time_sec"":391.048}",2e32687e-f8cf-4a91-8fec-dfa79fb2e0c2,sub-004,ses-001,c6eee3a8-9dbf-4eba-be9c-24eb03dde381,9ece73d8-93e2-40b0-8ef9-75787e7f1947,1789618050.2399666,1789618050.1956,1812526.5,9ece73d8-93e2-40b0-8ef9-75787e7f1947,browser_calibrated,7.152557373046875e-05,4.500150680541992,433919,433919,0,37.57309913635254,host_receive_nearest,verified,1,1,,,,,,,,,1,,,,,,,,,,,,,,,,,,,,V5,A,391.048,1789618050.1956,1789618050.2402213,433919,,,,,,,,,,
db3f9d0f-4739-4fae-b0ab-bc6f3118b5a1,quiz_item_response,1789618073.6034114,1759.136,439794,4,4,,2,G04,A,focused,quiz_item_response,秦朝什么时候建立的？,,0.0,0.0,,V5Q1,B,B,True,4327,"{""client_event_id"":""db3f9d0f-4739-4fae-b0ab-bc6f3118b5a1"",""recorder_run_id"":""2e32687e-f8cf-4a91-8fec-dfa79fb2e0c2"",""client_id"":""9ece73d8-93e2-40b0-8ef9-75787e7f1947"",""client_timestamp"":1789618073.6031,""client_monotonic_ms"":1835934,""event_timestamp"":1789618073.6034114,""clock_offset_sec"":0.0003113746643066406,""clock_round_trip_ms"":6.099939346313477,""subject_id"":""sub-004"",""session_id"":""ses-001"",""block_id"":""Block 4"",""counterbalance_group"":""G04"",""block_order"":""Block 4"",""condition"":""A"",""condition_type"":""focused"",""topic_key"":""V5"",""topic_name"":""千古一帝秦始皇都做了什么"",""event_type"":""quiz_item_response"",""iso_time"":""2026-09-17T04:07:53.603Z"",""relative_ms"":450141,""video_time_sec"":391.048,""video_id"":""V5"",""question_id"":""V5Q1"",""question_text"":""秦朝什么时候建立的？"",""response_index"":1,""response_letter"":""B"",""response_text"":""公元前221年"",""correct_index"":1,""correct_letter"":""B"",""correct_text"":""公元前221年"",""is_correct"":true,""reaction_time_ms"":4327,""submitted_iso"":""2026-09-17T04:07:53.603Z"",""submitted_relative_ms"":450141}",2e32687e-f8cf-4a91-8fec-dfa79fb2e0c2,sub-004,ses-001,db3f9d0f-4739-4fae-b0ab-bc6f3118b5a1,9ece73d8-93e2-40b0-8ef9-75787e7f1947,1789618073.6094134,1789618073.6031,1835934,9ece73d8-93e2-40b0-8ef9-75787e7f1947,browser_calibrated,0.0003113746643066406,6.099939346313477,439784,439784,0,0.9553432464599609,host_receive_nearest,verified,1,1,,,,,,,,,1,,,,,,,,,,,,,,,,,秦朝什么时候建立的？,1,公元前221年,V5,A,391.048,1789618073.6031,1789618073.6095166,439784,,,,,,,,,,
444e44c5-e6b2-419e-86f5-408431ef04a5,quiz_item_response,1789618073.6103113,1759.172,439809,4,4,,2,G04,A,focused,quiz_item_response,秦始皇统一六国后，在地方上推行了什么制度来取代分封制？,,0.0,0.0,,V5Q2,B,B,True,8961,"{""client_event_id"":""444e44c5-e6b2-419e-86f5-408431ef04a5"",""recorder_run_id"":""2e32687e-f8cf-4a91-8fec-dfa79fb2e0c2"",""client_id"":""9ece73d8-93e2-40b0-8ef9-75787e7f1947"",""client_timestamp"":1789618073.61,""client_monotonic_ms"":1835941,""event_timestamp"":1789618073.6103113,""clock_offset_sec"":0.0003113746643066406,""clock_round_trip_ms"":6.099939346313477,""subject_id"":""sub-004"",""session_id"":""ses-001"",""block_id"":""Block 4"",""counterbalance_group"":""G04"",""block_order"":""Block 4"",""condition"":""A"",""condition_type"":""focused"",""topic_key"":""V5"",""topic_name"":""千古一帝秦始皇都做了什么"",""event_type"":""quiz_item_response"",""iso_time"":""2026-09-17T04:07:53.610Z"",""relative_ms"":450148,""video_time_sec"":391.048,""video_id"":""V5"",""question_id"":""V5Q2"",""question_text"":""秦始皇统一六国后，在地方上推行了什么制度来取代分封制？"",""response_index"":1,""response_letter"":""B"",""response_text"":""郡县制"",""correct_index"":1,""correct_letter"":""B"",""correct_text"":""郡县制"",""is_correct"":true,""reaction_time_ms"":8961,""submitted_iso"":""2026-09-17T04:07:53.610Z"",""submitted_relative_ms"":450148}",2e32687e-f8cf-4a91-8fec-dfa79fb2e0c2,sub-004,ses-001,444e44c5-e6b2-419e-86f5-408431ef04a5,9ece73d8-93e2-40b0-8ef9-75787e7f1947,1789618073.679578,1789618073.61,1835941,9ece73d8-93e2-40b0-8ef9-75787e7f1947,browser_calibrated,0.0003113746643066406,6.099939346313477,439793,439793,0,-4.481792449951172,host_receive_nearest,verified,1,1,,,,,,,,,1,,,,,,,,,,,,,,,,,秦始皇统一六国后，在地方上推行了什么制度来取代分封制？,1,郡县制,V5,A,391.048,1789618073.61,1789618073.6797059,439793,,,,,,,,,,
d49021df-d6a8-4c98-94f0-6e1cd6297743,quiz_item_response,1789618073.6159115,1759.172,439819,4,4,,2,G04,A,focused,quiz_item_response,秦始皇统一后，规定全国通行的标准文字是什么？,,0.0,0.0,,V5Q3,C,C,True,19494,"{""client_event_id"":""d49021df-d6a8-4c98-94f0-6e1cd6297743"",""recorder_run_id"":""2e32687e-f8cf-4a91-8fec-dfa79fb2e0c2"",""client_id"":""9ece73d8-93e2-40b0-8ef9-75787e7f1947"",""client_timestamp"":1789618073.6156,""client_monotonic_ms"":1835946.5,""event_timestamp"":1789618073.6159115,""clock_offset_sec"":0.0003113746643066406,""clock_round_trip_ms"":6.099939346313477,""subject_id"":""sub-004"",""session_id"":""ses-001"",""block_id"":""Block 4"",""counterbalance_group"":""G04"",""block_order"":""Block 4"",""condition"":""A"",""condition_type"":""focused"",""topic_key"":""V5"",""topic_name"":""千古一帝秦始皇都做了什么"",""event_type"":""quiz_item_response"",""iso_time"":""2026-09-17T04:07:53.615Z"",""relative_ms"":450153,""video_time_sec"":391.048,""video_id"":""V5"",""question_id"":""V5Q3"",""question_text"":""秦始皇统一后，规定全国通行的标准文字是什么？"",""response_index"":2,""response_letter"":""C"",""response_text"":""小篆"",""correct_index"":2,""correct_letter"":""C"",""correct_text"":""小篆"",""is_correct"":true,""reaction_time_ms"":19494,""submitted_iso"":""2026-09-17T04:07:53.615Z"",""submitted_relative_ms"":450153}",2e32687e-f8cf-4a91-8fec-dfa79fb2e0c2,sub-004,ses-001,d49021df-d6a8-4c98-94f0-6e1cd6297743,9ece73d8-93e2-40b0-8ef9-75787e7f1947,1789618073.7134068,1789618073.6156,1835946.5,9ece73d8-93e2-40b0-8ef9-75787e7f1947,browser_calibrated,0.0003113746643066406,6.099939346313477,439793,439793,0,-10.082006454467773,host_receive_nearest,verified,1,1,,,,,,,,,1,,,,,,,,,,,,,,,,,秦始皇统一后，规定全国通行的标准文字是什么？,2,小篆,V5,A,391.048,1789618073.6156,1789618073.713502,439793,,,,,,,,,,
993a623a-eb14-40f3-9211-cdf93d5ac639,quiz_item_response,1789618073.6210115,1759.176,439824,4,4,,2,G04,A,focused,quiz_item_response,秦始皇为促进各地经济交流，统一了以下哪一项？,,0.0,0.0,,V5Q4,A,A,True,22544,"{""client_event_id"":""993a623a-eb14-40f3-9211-cdf93d5ac639"",""recorder_run_id"":""2e32687e-f8cf-4a91-8fec-dfa79fb2e0c2"",""client_id"":""9ece73d8-93e2-40b0-8ef9-75787e7f1947"",""client_timestamp"":1789618073.6207001,""client_monotonic_ms"":1835951.7000000002,""event_timestamp"":1789618073.6210115,""clock_offset_sec"":0.0003113746643066406,""clock_round_trip_ms"":6.099939346313477,""subject_id"":""sub-004"",""session_id"":""ses-001"",""block_id"":""Block 4"",""counterbalance_group"":""G04"",""block_order"":""Block 4"",""condition"":""A"",""condition_type"":""focused"",""topic_key"":""V5"",""topic_name"":""千古一帝秦始皇都做了什么"",""event_type"":""quiz_item_response"",""iso_time"":""2026-09-17T04:07:53.620Z"",""relative_ms"":450159,""video_time_sec"":391.048,""video_id"":""V5"",""question_id"":""V5Q4"",""question_text"":""秦始皇为促进各地经济交流，统一了以下哪一项？"",""response_index"":0,""response_letter"":""A"",""response_text"":""统一货币为半两钱"",""correct_index"":0,""correct_letter"":""A"",""correct_text"":""统一货币为半两钱"",""is_correct"":true,""reaction_time_ms"":22544,""submitted_iso"":""2026-09-17T04:07:53.620Z"",""submitted_relative_ms"":450159}",2e32687e-f8cf-4a91-8fec-dfa79fb2e0c2,sub-004,ses-001,993a623a-eb14-40f3-9211-cdf93d5ac639,9ece73d8-93e2-40b0-8ef9-75787e7f1947,1789618073.7279289,1789618073.6207001,1835951.7000000002,9ece73d8-93e2-40b0-8ef9-75787e7f1947,browser_calibrated,0.0003113746643066406,6.099939346313477,439794,439794,0,13.625144958496094,host_receive_nearest,verified,1,1,,,,,,,,,1,,,,,,,,,,,,,,,,,秦始皇为促进各地经济交流，统一了以下哪一项？,0,统一货币为半两钱,V5,A,391.048,1789618073.6207001,1789618073.728055,439794,,,,,,,,,,
09ea58aa-b16f-4503-9d1e-af3c4b6c2959,quiz_end,1789618073.6255116,1759.176,439824,4,4,,2,G04,A,focused,quiz_end,4/4,23.43,0.0,0.0,,,,,,,"{""client_event_id"":""09ea58aa-b16f-4503-9d1e-af3c4b6c2959"",""recorder_run_id"":""2e32687e-f8cf-4a91-8fec-dfa79fb2e0c2"",""client_id"":""9ece73d8-93e2-40b0-8ef9-75787e7f1947"",""client_timestamp"":1789618073.6252003,""client_monotonic_ms"":1835956.2000000002,""event_timestamp"":1789618073.6255116,""clock_offset_sec"":0.0003113746643066406,""clock_round_trip_ms"":6.099939346313477,""subject_id"":""sub-004"",""session_id"":""ses-001"",""block_id"":""Block 4"",""counterbalance_group"":""G04"",""block_order"":""Block 4"",""condition"":""A"",""condition_type"":""focused"",""topic_key"":""V5"",""topic_name"":""千古一帝秦始皇都做了什么"",""event_type"":""quiz_end"",""iso_time"":""2026-09-17T04:07:53.625Z"",""relative_ms"":450163,""video_time_sec"":391.048,""score"":4,""total"":4,""duration_sec"":23.43}",2e32687e-f8cf-4a91-8fec-dfa79fb2e0c2,sub-004,ses-001,09ea58aa-b16f-4503-9d1e-af3c4b6c2959,9ece73d8-93e2-40b0-8ef9-75787e7f1947,1789618073.7413676,1789618073.6252003,1835956.2000000002,9ece73d8-93e2-40b0-8ef9-75787e7f1947,browser_calibrated,0.0003113746643066406,6.099939346313477,439794,439794,0,9.124994277954102,host_receive_nearest,verified,1,1,,,,,,,,,1,,,,,,,,,,,,,,,4,4,,,,V5,A,391.048,1789618073.6252003,1789618073.7414799,439794,,,,,,,,,,
09ea58aa-b16f-4503-9d1e-af3c4b6c2959,block_end,1789618073.6255116,1759.176,439824,4,4,,2,G04,A,focused,block_end,V5,,0.0,0.0,,,,,,,,2e32687e-f8cf-4a91-8fec-dfa79fb2e0c2,sub-004,ses-001,09ea58aa-b16f-4503-9d1e-af3c4b6c2959,9ece73d8-93e2-40b0-8ef9-75787e7f1947,1789618073.7413676,1789618073.6252003,1835956.2000000002,9ece73d8-93e2-40b0-8ef9-75787e7f1947,browser_calibrated,0.0003113746643066406,6.099939346313477,439794,439794,0,9.124994277954102,host_receive_nearest,verified,1,1,,,,,,,,,1,,,,,,,,,,,,,,,,,,,,V5,A,391.048,1789618073.6252003,1789618073.7416728,439794,,,,,,,,,,
4dd8252f-9384-49a8-9d3b-2b21f384e572,rest_start,1789618073.6341114,1759.176,439834,4,4,,2,G04,A,focused,rest_start,after-block-4,,0.0,0.0,,,,,,,"{""client_event_id"":""4dd8252f-9384-49a8-9d3b-2b21f384e572"",""recorder_run_id"":""2e32687e-f8cf-4a91-8fec-dfa79fb2e0c2"",""client_id"":""9ece73d8-93e2-40b0-8ef9-75787e7f1947"",""client_timestamp"":1789618073.6338,""client_monotonic_ms"":1835964.7000000002,""event_timestamp"":1789618073.6341114,""clock_offset_sec"":0.0003113746643066406,""clock_round_trip_ms"":6.099939346313477,""subject_id"":""sub-004"",""session_id"":""ses-001"",""block_id"":""Block 4"",""counterbalance_group"":""G04"",""block_order"":""Block 4"",""condition"":""A"",""condition_type"":""focused"",""topic_key"":""V5"",""topic_name"":""千古一帝秦始皇都做了什么"",""event_type"":""rest_start"",""iso_time"":""2026-09-17T04:07:53.633Z"",""relative_ms"":450172,""video_time_sec"":391.048,""after_block_id"":4,""planned_duration"":30,""actual_duration"":"""",""is_formal_experiment"":0}",2e32687e-f8cf-4a91-8fec-dfa79fb2e0c2,sub-004,ses-001,4dd8252f-9384-49a8-9d3b-2b21f384e572,9ece73d8-93e2-40b0-8ef9-75787e7f1947,1789618073.7687016,1789618073.6338,1835964.7000000002,9ece73d8-93e2-40b0-8ef9-75787e7f1947,browser_calibrated,0.0003113746643066406,6.099939346313477,439794,439794,0,0.5252361297607422,host_receive_nearest,verified,0,1,,,,,4,,30,,0,,,,,,,,,,,,,,,,,,,,V5,A,391.048,1789618073.6338,1789618073.7688081,439794,,,,,,,,,,
36fb988e-afbb-4de1-a24f-f7b777c59c97,rest_end,1789618109.9196327,1795.472,448869,4,4,,2,G04,A,focused,rest_end,after-block-4,36.286,0.0,0.0,,,,,,,"{""client_event_id"":""36fb988e-afbb-4de1-a24f-f7b777c59c97"",""recorder_run_id"":""2e32687e-f8cf-4a91-8fec-dfa79fb2e0c2"",""client_id"":""9ece73d8-93e2-40b0-8ef9-75787e7f1947"",""client_timestamp"":1789618109.9195,""client_monotonic_ms"":1872250.4000000004,""event_timestamp"":1789618109.9196327,""clock_offset_sec"":0.00013256072998046875,""clock_round_trip_ms"":5.900144577026367,""subject_id"":""sub-004"",""session_id"":""ses-001"",""block_id"":""Block 4"",""counterbalance_group"":""G04"",""block_order"":""Block 4"",""condition"":""A"",""condition_type"":""focused"",""topic_key"":""V5"",""topic_name"":""千古一帝秦始皇都做了什么"",""event_type"":""rest_end"",""iso_time"":""2026-09-17T04:08:29.919Z"",""relative_ms"":486457,""video_time_sec"":391.048,""after_block_id"":4,""planned_duration"":30,""actual_duration"":36.286,""duration_sec"":36.286,""is_formal_experiment"":0,""debug_early"":false}",2e32687e-f8cf-4a91-8fec-dfa79fb2e0c2,sub-004,ses-001,36fb988e-afbb-4de1-a24f-f7b777c59c97,9ece73d8-93e2-40b0-8ef9-75787e7f1947,1789618109.925617,1789618109.9195,1872250.4000000004,9ece73d8-93e2-40b0-8ef9-75787e7f1947,browser_calibrated,0.00013256072998046875,5.900144577026367,448868,448868,0,-12.657642364501953,host_receive_nearest,verified,0,1,,,,,4,,30,36.286,0,,,,,,,,,,,,,,,,,,,,V5,A,391.048,1789618109.9195,1789618109.9257255,448868,,,,,,,,,,
94a25daa-4a01-43cf-b0fa-e9ec18cb8f6f,block_start,1789618111.9301326,1797.492,449374,5,5,,2,G04,B,bbbd_subtraction,block_start,V6,,0.0,0.0,,,,,,,condition=B; condition_type=bbbd_subtraction,2e32687e-f8cf-4a91-8fec-dfa79fb2e0c2,sub-004,ses-001,94a25daa-4a01-43cf-b0fa-e9ec18cb8f6f,9ece73d8-93e2-40b0-8ef9-75787e7f1947,1789618111.9362056,1789618111.93,1874261,9ece73d8-93e2-40b0-8ef9-75787e7f1947,browser_calibrated,0.00013256072998046875,5.900144577026367,449373,449373,0,-11.919021606445312,host_receive_nearest,verified,0,1,997,1789616274.472002,,,,,,,1,,,,,,,,,,,,,,,,,,,,V6,B,0,1789618111.93,1789618111.9364913,449373,,,,,,,,,,
94a25daa-4a01-43cf-b0fa-e9ec18cb8f6f,condition_prompt_start,1789618111.9301326,1797.492,449374,5,5,,2,G04,B,bbbd_subtraction,condition_prompt_start,B,,0.0,0.0,,,,,,,,2e32687e-f8cf-4a91-8fec-dfa79fb2e0c2,sub-004,ses-001,94a25daa-4a01-43cf-b0fa-e9ec18cb8f6f,9ece73d8-93e2-40b0-8ef9-75787e7f1947,1789618111.9362056,1789618111.93,1874261,9ece73d8-93e2-40b0-8ef9-75787e7f1947,browser_calibrated,0.00013256072998046875,5.900144577026367,449373,449373,0,-11.919021606445312,host_receive_nearest,verified,0,1,,,,,,,,,1,,,,,,,,,,,,,,,,,,,,V6,B,0,1789618111.93,1789618111.9367082,449373,,,,,,,,,,
94a25daa-4a01-43cf-b0fa-e9ec18cb8f6f,browser_block_config,1789618111.9301326,1797.492,449374,5,5,,2,G04,B,bbbd_subtraction,browser_block_config,V6,,0.0,0.0,,,,,,,"{""client_event_id"":""94a25daa-4a01-43cf-b0fa-e9ec18cb8f6f"",""recorder_run_id"":""2e32687e-f8cf-4a91-8fec-dfa79fb2e0c2"",""client_id"":""9ece73d8-93e2-40b0-8ef9-75787e7f1947"",""client_timestamp"":1789618111.93,""client_monotonic_ms"":1874261,""event_timestamp"":1789618111.9301326,""clock_offset_sec"":0.00013256072998046875,""clock_round_trip_ms"":5.900144577026367,""subject_id"":""sub-004"",""session_id"":""ses-001"",""block_id"":""Block 5"",""counterbalance_group"":""G04"",""block_order"":""Block 5"",""condition"":""B"",""condition_type"":""bbbd_subtraction"",""topic_key"":""V6"",""topic_name"":""孔子的救世秘籍 仁爱 礼治 德治 中庸"",""event_type"":""block_start"",""iso_time"":""2026-09-17T04:08:31.930Z"",""relative_ms"":0,""video_time_sec"":0,""block_start_iso"":""2026-09-17T04:08:31.929Z"",""config_json"":""{\""recorder_run_id\"":\""2e32687e-f8cf-4a91-8fec-dfa79fb2e0c2\"",\""subject_id\"":\""sub-004\"",\""session_id\"":\""ses-001\"",\""block_id\"":\""Block 5\"",\""counterbalance_group\"":\""G04\"",\""condition\"":\""B\"",\""condition_type\"":\""bbbd_subtraction\"",\""topic_key\"":\""V6\"",\""topic_name\"":\""孔子的救世秘籍 仁爱 礼治 德治 中庸\"",\""video_file\"":\""视频6-混知漫画｜孔子的救世秘籍！仁爱，礼治，德治，中庸~孔子（下）-480P 标清-AVC.mp4\"",\""start_number\"":997,\""generated_timestamp\"":1789616274.472002}""}",2e32687e-f8cf-4a91-8fec-dfa79fb2e0c2,sub-004,ses-001,94a25daa-4a01-43cf-b0fa-e9ec18cb8f6f,9ece73d8-93e2-40b0-8ef9-75787e7f1947,1789618111.9362056,1789618111.93,1874261,9ece73d8-93e2-40b0-8ef9-75787e7f1947,browser_calibrated,0.00013256072998046875,5.900144577026367,449373,449373,0,-11.919021606445312,host_receive_nearest,verified,0,1,,,,,,,,,1,,,,,,,,,,,,,,,,,,,,V6,B,0,1789618111.93,1789618111.9368238,449373,,,,,,,,,,
32a57feb-0963-40d9-8d2e-3192b63e4e61,probe_schedule,1789618111.9902327,1797.492,449374,5,5,,2,G04,B,bbbd_subtraction,probe_schedule,"63.566,123.891,241.499,294.5",,0.0,0.0,,,,,,,"{""client_event_id"":""32a57feb-0963-40d9-8d2e-3192b63e4e61"",""recorder_run_id"":""2e32687e-f8cf-4a91-8fec-dfa79fb2e0c2"",""client_id"":""9ece73d8-93e2-40b0-8ef9-75787e7f1947"",""client_timestamp"":1789618111.9901001,""client_monotonic_ms"":1874321,""event_timestamp"":1789618111.9902327,""clock_offset_sec"":0.00013256072998046875,""clock_round_trip_ms"":5.900144577026367,""subject_id"":""sub-004"",""session_id"":""ses-001"",""block_id"":""Block 5"",""counterbalance_group"":""G04"",""block_order"":""Block 5"",""condition"":""B"",""condition_type"":""bbbd_subtraction"",""topic_key"":""V6"",""topic_name"":""孔子的救世秘籍 仁爱 礼治 德治 中庸"",""event_type"":""probe_schedule"",""iso_time"":""2026-09-17T04:08:31.990Z"",""relative_ms"":60,""video_time_sec"":0,""probe_schedule_id"":""925cef26-471b-415b-b16b-0ea0306b4b79"",""probe_times"":[63.566,123.891,241.499,294.5],""probe_config"":{""probes_per_block"":4,""min_first_onset_sec"":45,""min_end_margin_sec"":30,""min_gap_sec"":45},""video_duration_sec"":325.753,""video_id"":""V6"",""debug_fast"":false}",2e32687e-f8cf-4a91-8fec-dfa79fb2e0c2,sub-004,ses-001,32a57feb-0963-40d9-8d2e-3192b63e4e61,9ece73d8-93e2-40b0-8ef9-75787e7f1947,1789618111.9971066,1789618111.9901001,1874321,9ece73d8-93e2-40b0-8ef9-75787e7f1947,browser_calibrated,0.00013256072998046875,5.900144577026367,449373,449373,0,-72.01910018920898,host_receive_nearest,verified,1,1,,,,,,,,,1,,,,,,,,,,,,,,,,,,,,V6,B,0,1789618111.9901001,1789618111.9972656,449373,,4,925cef26-471b-415b-b16b-0ea0306b4b79,,,,,,,
cf491833-d50a-432a-96cc-8fa5a1da48a3,subtraction_start_number_displayed,1789618111.9990327,1797.496,449389,5,5,,2,G04,B,bbbd_subtraction,subtraction_start_number_displayed,997,,0.0,0.0,,,,,,,"{""client_event_id"":""cf491833-d50a-432a-96cc-8fa5a1da48a3"",""recorder_run_id"":""2e32687e-f8cf-4a91-8fec-dfa79fb2e0c2"",""client_id"":""9ece73d8-93e2-40b0-8ef9-75787e7f1947"",""client_timestamp"":1789618111.9989002,""client_monotonic_ms"":1874329.7999999998,""event_timestamp"":1789618111.9990327,""clock_offset_sec"":0.00013256072998046875,""clock_round_trip_ms"":5.900144577026367,""subject_id"":""sub-004"",""session_id"":""ses-001"",""block_id"":""Block 5"",""counterbalance_group"":""G04"",""block_order"":""Block 5"",""condition"":""B"",""condition_type"":""bbbd_subtraction"",""topic_key"":""V6"",""topic_name"":""孔子的救世秘籍 仁爱 礼治 德治 中庸"",""event_type"":""subtraction_start_number_displayed"",""iso_time"":""2026-09-17T04:08:31.998Z"",""relative_ms"":69,""video_time_sec"":0,""start_number"":997,""generated_timestamp"":1789616274.472002,""displayed_timestamp"":1789618111.9989002}",2e32687e-f8cf-4a91-8fec-dfa79fb2e0c2,sub-004,ses-001,cf491833-d50a-432a-96cc-8fa5a1da48a3,9ece73d8-93e2-40b0-8ef9-75787e7f1947,1789618112.0358458,1789618111.9989002,1874329.7999999998,9ece73d8-93e2-40b0-8ef9-75787e7f1947,browser_calibrated,0.00013256072998046875,5.900144577026367,449374,449374,0,9.704351425170898,host_receive_nearest,verified,1,0,997,1789616274.472002,1789618111.9989002,,,,,,1,,,,,,,,,,,,,,,,,,,,V6,B,0,1789618111.9989002,1789618112.0360012,449374,,,,,,,,,,
528eae24-9b70-4acf-9021-c1ea8f6a00d2,condition_prompt_end,1789618117.0271,1802.588,450648,5,5,,2,G04,B,bbbd_subtraction,condition_prompt_end,0,,0.0,0.0,,,,,,,"{""client_event_id"":""528eae24-9b70-4acf-9021-c1ea8f6a00d2"",""recorder_run_id"":""2e32687e-f8cf-4a91-8fec-dfa79fb2e0c2"",""client_id"":""9ece73d8-93e2-40b0-8ef9-75787e7f1947"",""client_timestamp"":1789618117.0271,""client_monotonic_ms"":1879358,""event_timestamp"":1789618117.0271,""clock_offset_sec"":0.0003426074981689453,""clock_round_trip_ms"":6.099700927734375,""subject_id"":""sub-004"",""session_id"":""ses-001"",""block_id"":""Block 5"",""counterbalance_group"":""G04"",""block_order"":""Block 5"",""condition"":""B"",""condition_type"":""bbbd_subtraction"",""topic_key"":""V6"",""topic_name"":""孔子的救世秘籍 仁爱 礼治 德治 中庸"",""event_type"":""condition_prompt_end"",""iso_time"":""2026-09-17T04:08:37.027Z"",""relative_ms"":5097,""video_time_sec"":0}",2e32687e-f8cf-4a91-8fec-dfa79fb2e0c2,sub-004,ses-001,528eae24-9b70-4acf-9021-c1ea8f6a00d2,9ece73d8-93e2-40b0-8ef9-75787e7f1947,1789618117.0517623,1789618117.0271,1879358,9ece73d8-93e2-40b0-8ef9-75787e7f1947,browser_calibrated,0.0003426074981689453,6.099700927734375,450647,450647,0,-8.153200149536133,host_receive_nearest,verified,1,0,,,,,,,,,1,,,,,,,,,,,,,,,,,,,,V6,B,0,1789618117.0271,1789618117.0518935,450647,,,,,,,,,,
5f94b481-00a6-4cd8-a6c9-30c9d57d9894,video_start,1789618117.0271,1802.588,450663,5,5,,2,G04,B,bbbd_subtraction,video_start,V6,,0.0,0.0,,,,,,,,2e32687e-f8cf-4a91-8fec-dfa79fb2e0c2,sub-004,ses-001,5f94b481-00a6-4cd8-a6c9-30c9d57d9894,9ece73d8-93e2-40b0-8ef9-75787e7f1947,1789618117.09106,1789618117.0356002,1879366.5,9ece73d8-93e2-40b0-8ef9-75787e7f1947,browser_calibrated,0.0003426074981689453,6.099700927734375,450647,450647,0,-8.153200149536133,host_receive_nearest,verified,1,1,,,,,,,,,1,,,,,,,,,,,,,,,,,,,,V6,B,0,1789618117.0356002,1789618117.091225,450647,,,,,,,,,,
5f94b481-00a6-4cd8-a6c9-30c9d57d9894,video_play,1789618117.0271,1802.588,450663,5,5,,2,G04,B,bbbd_subtraction,video_play,0,,0.0,0.0,,,,,,,"{""client_event_id"":""5f94b481-00a6-4cd8-a6c9-30c9d57d9894"",""recorder_run_id"":""2e32687e-f8cf-4a91-8fec-dfa79fb2e0c2"",""client_id"":""9ece73d8-93e2-40b0-8ef9-75787e7f1947"",""client_timestamp"":1789618117.0356002,""client_monotonic_ms"":1879366.5,""event_timestamp"":1789618117.0271,""clock_offset_sec"":0.0003426074981689453,""clock_round_trip_ms"":6.099700927734375,""subject_id"":""sub-004"",""session_id"":""ses-001"",""block_id"":""Block 5"",""counterbalance_group"":""G04"",""block_order"":""Block 5"",""condition"":""B"",""condition_type"":""bbbd_subtraction"",""topic_key"":""V6"",""topic_name"":""孔子的救世秘籍 仁爱 礼治 德治 中庸"",""event_type"":""video_play"",""iso_time"":""2026-09-17T04:08:37.035Z"",""relative_ms"":5106,""video_time_sec"":0}",2e32687e-f8cf-4a91-8fec-dfa79fb2e0c2,sub-004,ses-001,5f94b481-00a6-4cd8-a6c9-30c9d57d9894,9ece73d8-93e2-40b0-8ef9-75787e7f1947,1789618117.09106,1789618117.0356002,1879366.5,9ece73d8-93e2-40b0-8ef9-75787e7f1947,browser_calibrated,0.0003426074981689453,6.099700927734375,450647,450647,0,-8.153200149536133,host_receive_nearest,verified,1,1,,,,,,,,,1,,,,,,,,,,,,,,,,,,,,V6,B,0,1789618117.0356002,1789618117.0914648,450647,,,,,,,,,,
17210b29-6d2c-4417-919c-5d909bca2aca,subtraction_start_number_hidden,1789618117.0271,1802.588,450668,5,5,,2,G04,B,bbbd_subtraction,subtraction_start_number_hidden,997,,0.0,0.0,,,,,,,"{""client_event_id"":""17210b29-6d2c-4417-919c-5d909bca2aca"",""recorder_run_id"":""2e32687e-f8cf-4a91-8fec-dfa79fb2e0c2"",""client_id"":""9ece73d8-93e2-40b0-8ef9-75787e7f1947"",""client_timestamp"":1789618117.0509002,""client_monotonic_ms"":1879382,""event_timestamp"":1789618117.0271,""clock_offset_sec"":0.0003426074981689453,""clock_round_trip_ms"":6.099700927734375,""subject_id"":""sub-004"",""session_id"":""ses-001"",""block_id"":""Block 5"",""counterbalance_group"":""G04"",""block_order"":""Block 5"",""condition"":""B"",""condition_type"":""bbbd_subtraction"",""topic_key"":""V6"",""topic_name"":""孔子的救世秘籍 仁爱 礼治 德治 中庸"",""event_type"":""subtraction_start_number_hidden"",""iso_time"":""2026-09-17T04:08:37.051Z"",""relative_ms"":5121,""video_time_sec"":0,""start_number"":997,""generated_timestamp"":1789616274.472002,""displayed_timestamp"":1789618111.9989002,""hidden_timestamp"":1789618117.0271}",2e32687e-f8cf-4a91-8fec-dfa79fb2e0c2,sub-004,ses-001,17210b29-6d2c-4417-919c-5d909bca2aca,9ece73d8-93e2-40b0-8ef9-75787e7f1947,1789618117.112092,1789618117.0509002,1879382,9ece73d8-93e2-40b0-8ef9-75787e7f1947,browser_calibrated,0.0003426074981689453,6.099700927734375,450647,450647,0,-8.153200149536133,host_receive_nearest,verified,1,0,997,1789616274.472002,1789618111.9989002,1789618117.0271,,,,,1,,,,,,,,,,,,,,,,,,,,V6,B,0,1789618117.0509002,1789618117.1121788,450647,,,,,,,,,,
dfd27bbe-4a93-4308-af1b-3931eff26e2b,probe_onset,1789618180.839517,1866.388,466598,5,5,,2,G04,B,bbbd_subtraction,probe_onset,Block 5_1_925cef26,,0.0,0.0,,,,,,,"{""client_event_id"":""dfd27bbe-4a93-4308-af1b-3931eff26e2b"",""recorder_run_id"":""2e32687e-f8cf-4a91-8fec-dfa79fb2e0c2"",""client_id"":""9ece73d8-93e2-40b0-8ef9-75787e7f1947"",""client_timestamp"":1789618180.8392003,""client_monotonic_ms"":1943170.0999999996,""event_timestamp"":1789618180.839517,""clock_offset_sec"":0.00031685829162597656,""clock_round_trip_ms"":6.099700927734375,""subject_id"":""sub-004"",""session_id"":""ses-001"",""block_id"":""Block 5"",""counterbalance_group"":""G04"",""block_order"":""Block 5"",""condition"":""B"",""condition_type"":""bbbd_subtraction"",""topic_key"":""V6"",""topic_name"":""孔子的救世秘籍 仁爱 礼治 德治 中庸"",""event_type"":""probe_onset"",""iso_time"":""2026-09-17T04:09:40.839Z"",""relative_ms"":68909,""video_time_sec"":63.765,""probe_id"":""Block 5_1_925cef26"",""probe_index"":1,""probe_schedule_id"":""925cef26-471b-415b-b16b-0ea0306b4b79"",""probe_planned_time_sec"":63.566,""video_id"":""V6"",""pause_reason"":""thought_probe"",""forced"":false}",2e32687e-f8cf-4a91-8fec-dfa79fb2e0c2,sub-004,ses-001,dfd27bbe-4a93-4308-af1b-3931eff26e2b,9ece73d8-93e2-40b0-8ef9-75787e7f1947,1789618180.8456903,1789618180.8392003,1943170.0999999996,9ece73d8-93e2-40b0-8ef9-75787e7f1947,browser_calibrated,0.00031685829162597656,6.099700927734375,466597,466597,0,-8.475065231323242,host_receive_nearest,verified,1,1,,,,,,,,,1,,,,,,,,,,,,,,,,,,,,V6,B,63.765,1789618180.8392003,1789618180.8458216,466597,Block 5_1_925cef26,1,925cef26-471b-415b-b16b-0ea0306b4b79,63.566,,,,,,thought_probe
ef41496a-2c3d-43fb-b2e7-d7ef62467212,attention_response,1789618183.613517,1869.092,467283,5,5,,2,G04,B,bbbd_subtraction,attention_response,2,,0.0,0.0,,,,,,,"{""client_event_id"":""ef41496a-2c3d-43fb-b2e7-d7ef62467212"",""recorder_run_id"":""2e32687e-f8cf-4a91-8fec-dfa79fb2e0c2"",""client_id"":""9ece73d8-93e2-40b0-8ef9-75787e7f1947"",""client_timestamp"":1789618183.6132002,""client_monotonic_ms"":1945944.0999999996,""event_timestamp"":1789618183.613517,""clock_offset_sec"":0.00031685829162597656,""clock_round_trip_ms"":6.099700927734375,""subject_id"":""sub-004"",""session_id"":""ses-001"",""block_id"":""Block 5"",""counterbalance_group"":""G04"",""block_order"":""Block 5"",""condition"":""B"",""condition_type"":""bbbd_subtraction"",""topic_key"":""V6"",""topic_name"":""孔子的救世秘籍 仁爱 礼治 德治 中庸"",""event_type"":""attention_response"",""iso_time"":""2026-09-17T04:09:43.613Z"",""relative_ms"":71683,""video_time_sec"":63.765,""probe_id"":""Block 5_1_925cef26"",""probe_index"":1,""probe_schedule_id"":""925cef26-471b-415b-b16b-0ea0306b4b79"",""probe_planned_time_sec"":63.566,""video_id"":""V6"",""response"":2,""response_label"":""连续减7心算任务"",""probe_attention"":""OFF"",""response_time_ms"":2774}",2e32687e-f8cf-4a91-8fec-dfa79fb2e0c2,sub-004,ses-001,ef41496a-2c3d-43fb-b2e7-d7ef62467212,9ece73d8-93e2-40b0-8ef9-75787e7f1947,1789618183.624087,1789618183.6132002,1945944.0999999996,9ece73d8-93e2-40b0-8ef9-75787e7f1947,browser_calibrated,0.00031685829162597656,6.099700927734375,467273,467273,0,7.256269454956055,host_receive_nearest,verified,1,1,,,,,,,,,1,,,,,,,,,,,,,,,,,,,,V6,B,63.765,1789618183.6132002,1789618183.639187,467273,Block 5_1_925cef26,1,925cef26-471b-415b-b16b-0ea0306b4b79,63.566,2,连续减7心算任务,2774,,OFF,
a892c43f-4f62-47ee-ba4e-dfda58a2c868,confidence_response,1789618184.645417,1870.208,467553,5,5,,2,G04,B,bbbd_subtraction,confidence_response,4,,0.0,0.0,,,,,,,"{""client_event_id"":""a892c43f-4f62-47ee-ba4e-dfda58a2c868"",""recorder_run_id"":""2e32687e-f8cf-4a91-8fec-dfa79fb2e0c2"",""client_id"":""9ece73d8-93e2-40b0-8ef9-75787e7f1947"",""client_timestamp"":1789618184.6451,""client_monotonic_ms"":1946976.0999999996,""event_timestamp"":1789618184.645417,""clock_offset_sec"":0.00031685829162597656,""clock_round_trip_ms"":6.099700927734375,""subject_id"":""sub-004"",""session_id"":""ses-001"",""block_id"":""Block 5"",""counterbalance_group"":""G04"",""block_order"":""Block 5"",""condition"":""B"",""condition_type"":""bbbd_subtraction"",""topic_key"":""V6"",""topic_name"":""孔子的救世秘籍 仁爱 礼治 德治 中庸"",""event_type"":""confidence_response"",""iso_time"":""2026-09-17T04:09:44.645Z"",""relative_ms"":72715,""video_time_sec"":63.765,""probe_id"":""Block 5_1_925cef26"",""probe_index"":1,""probe_schedule_id"":""925cef26-471b-415b-b16b-0ea0306b4b79"",""probe_planned_time_sec"":63.566,""video_id"":""V6"",""response"":2,""confidence"":4,""response_time_ms"":1032}",2e32687e-f8cf-4a91-8fec-dfa79fb2e0c2,sub-004,ses-001,a892c43f-4f62-47ee-ba4e-dfda58a2c868,9ece73d8-93e2-40b0-8ef9-75787e7f1947,1789618184.6505249,1789618184.6451,1946976.0999999996,9ece73d8-93e2-40b0-8ef9-75787e7f1947,browser_calibrated,0.00031685829162597656,6.099700927734375,467552,467552,0,-2.8967857360839844,host_receive_nearest,verified,1,1,,,,,,,,,1,,,,,,,,,,,,,,,,,,,,V6,B,63.765,1789618184.6451,1789618184.6616151,467552,Block 5_1_925cef26,1,925cef26-471b-415b-b16b-0ea0306b4b79,63.566,,,1032,4,,
0f17667f-8a12-4c50-b7a0-d6d340ba2727,phase_change,1789618184.656017,1870.208,467558,5,5,,2,G04,B,bbbd_subtraction,phase_change,video,,0.0,0.0,,,,,,,,2e32687e-f8cf-4a91-8fec-dfa79fb2e0c2,sub-004,ses-001,0f17667f-8a12-4c50-b7a0-d6d340ba2727,9ece73d8-93e2-40b0-8ef9-75787e7f1947,1789618184.6938221,1789618184.6557002,1946986.5999999996,9ece73d8-93e2-40b0-8ef9-75787e7f1947,browser_calibrated,0.00031685829162597656,6.099700927734375,467552,467552,0,-13.496875762939453,host_receive_nearest,verified,1,1,,,,,,,,,1,,,,,,,,,,,,,,,,,,,,V6,B,63.832,1789618184.6557002,1789618184.6939209,467552,,,,,,,,,,
0f17667f-8a12-4c50-b7a0-d6d340ba2727,video_resume,1789618184.656017,1870.208,467558,5,5,,2,G04,B,bbbd_subtraction,video_resume,63.832,,0.0,0.0,,,,,,,"{""client_event_id"":""0f17667f-8a12-4c50-b7a0-d6d340ba2727"",""recorder_run_id"":""2e32687e-f8cf-4a91-8fec-dfa79fb2e0c2"",""client_id"":""9ece73d8-93e2-40b0-8ef9-75787e7f1947"",""client_timestamp"":1789618184.6557002,""client_monotonic_ms"":1946986.5999999996,""event_timestamp"":1789618184.656017,""clock_offset_sec"":0.00031685829162597656,""clock_round_trip_ms"":6.099700927734375,""subject_id"":""sub-004"",""session_id"":""ses-001"",""block_id"":""Block 5"",""counterbalance_group"":""G04"",""block_order"":""Block 5"",""condition"":""B"",""condition_type"":""bbbd_subtraction"",""topic_key"":""V6"",""topic_name"":""孔子的救世秘籍 仁爱 礼治 德治 中庸"",""event_type"":""video_resume"",""iso_time"":""2026-09-17T04:09:44.655Z"",""relative_ms"":72726,""video_time_sec"":63.832,""probe_id"":""Block 5_1_925cef26"",""probe_index"":1,""probe_schedule_id"":""925cef26-471b-415b-b16b-0ea0306b4b79"",""probe_planned_time_sec"":63.566,""video_id"":""V6"",""pause_reason"":""thought_probe"",""resume_status"":""playing""}",2e32687e-f8cf-4a91-8fec-dfa79fb2e0c2,sub-004,ses-001,0f17667f-8a12-4c50-b7a0-d6d340ba2727,9ece73d8-93e2-40b0-8ef9-75787e7f1947,1789618184.6938221,1789618184.6557002,1946986.5999999996,9ece73d8-93e2-40b0-8ef9-75787e7f1947,browser_calibrated,0.00031685829162597656,6.099700927734375,467552,467552,0,-13.496875762939453,host_receive_nearest,verified,1,1,,,,,,,,,1,,,,,,,,,,,,,,,,,,,,V6,B,63.832,1789618184.6557002,1789618184.6941087,467552,Block 5_1_925cef26,,,,,,,,,thought_probe
30753f38-c4fa-46b2-a812-51f93b371499,probe_onset,1789618245.0128305,1930.568,482643,5,5,,2,G04,B,bbbd_subtraction,probe_onset,Block 5_2_925cef26,,0.0,0.0,,,,,,,"{""client_event_id"":""30753f38-c4fa-46b2-a812-51f93b371499"",""recorder_run_id"":""2e32687e-f8cf-4a91-8fec-dfa79fb2e0c2"",""client_id"":""9ece73d8-93e2-40b0-8ef9-75787e7f1947"",""client_timestamp"":1789618245.0125,""client_monotonic_ms"":2007343.4000000004,""event_timestamp"":1789618245.0128305,""clock_offset_sec"":0.0003304481506347656,""clock_round_trip_ms"":6.000041961669922,""subject_id"":""sub-004"",""session_id"":""ses-001"",""block_id"":""Block 5"",""counterbalance_group"":""G04"",""block_order"":""Block 5"",""condition"":""B"",""condition_type"":""bbbd_subtraction"",""topic_key"":""V6"",""topic_name"":""孔子的救世秘籍 仁爱 礼治 德治 中庸"",""event_type"":""probe_onset"",""iso_time"":""2026-09-17T04:10:45.012Z"",""relative_ms"":133083,""video_time_sec"":124.129,""probe_id"":""Block 5_2_925cef26"",""probe_index"":2,""probe_schedule_id"":""925cef26-471b-415b-b16b-0ea0306b4b79"",""probe_planned_time_sec"":123.891,""video_id"":""V6"",""pause_reason"":""thought_probe"",""forced"":false}",2e32687e-f8cf-4a91-8fec-dfa79fb2e0c2,sub-004,ses-001,30753f38-c4fa-46b2-a812-51f93b371499,9ece73d8-93e2-40b0-8ef9-75787e7f1947,1789618245.0187552,1789618245.0125,2007343.4000000004,9ece73d8-93e2-40b0-8ef9-75787e7f1947,browser_calibrated,0.0003304481506347656,6.000041961669922,482642,482642,0,-1.7769336700439453,host_receive_nearest,verified,1,1,,,,,,,,,1,,,,,,,,,,,,,,,,,,,,V6,B,124.129,1789618245.0125,1789618245.0188665,482642,Block 5_2_925cef26,2,925cef26-471b-415b-b16b-0ea0306b4b79,123.891,,,,,,thought_probe
3596803a-e062-4a6a-811c-571d796741a3,attention_response,1789618247.7892306,1933.332,483338,5,5,,2,G04,B,bbbd_subtraction,attention_response,2,,0.0,0.0,,,,,,,"{""client_event_id"":""3596803a-e062-4a6a-811c-571d796741a3"",""recorder_run_id"":""2e32687e-f8cf-4a91-8fec-dfa79fb2e0c2"",""client_id"":""9ece73d8-93e2-40b0-8ef9-75787e7f1947"",""client_timestamp"":1789618247.7889001,""client_monotonic_ms"":2010119.7999999998,""event_timestamp"":1789618247.7892306,""clock_offset_sec"":0.0003304481506347656,""clock_round_trip_ms"":6.000041961669922,""subject_id"":""sub-004"",""session_id"":""ses-001"",""block_id"":""Block 5"",""counterbalance_group"":""G04"",""block_order"":""Block 5"",""condition"":""B"",""condition_type"":""bbbd_subtraction"",""topic_key"":""V6"",""topic_name"":""孔子的救世秘籍 仁爱 礼治 德治 中庸"",""event_type"":""attention_response"",""iso_time"":""2026-09-17T04:10:47.788Z"",""relative_ms"":135859,""video_time_sec"":124.129,""probe_id"":""Block 5_2_925cef26"",""probe_index"":2,""probe_schedule_id"":""925cef26-471b-415b-b16b-0ea0306b4b79"",""probe_planned_time_sec"":123.891,""video_id"":""V6"",""response"":2,""response_label"":""连续减7心算任务"",""probe_attention"":""OFF"",""response_time_ms"":2777}",2e32687e-f8cf-4a91-8fec-dfa79fb2e0c2,sub-004,ses-001,3596803a-e062-4a6a-811c-571d796741a3,9ece73d8-93e2-40b0-8ef9-75787e7f1947,1789618247.7963476,1789618247.7889001,2010119.7999999998,9ece73d8-93e2-40b0-8ef9-75787e7f1947,browser_calibrated,0.0003304481506347656,6.000041961669922,483333,483333,0,5.204439163208008,host_receive_nearest,verified,1,1,,,,,,,,,1,,,,,,,,,,,,,,,,,,,,V6,B,124.129,1789618247.7889001,1789618247.807467,483333,Block 5_2_925cef26,2,925cef26-471b-415b-b16b-0ea0306b4b79,123.891,2,连续减7心算任务,2777,,OFF,
7405d355-f8fb-4b5c-8494-5dcca6a86888,confidence_response,1789618249.2584305,1934.788,483698,5,5,,2,G04,B,bbbd_subtraction,confidence_response,3,,0.0,0.0,,,,,,,"{""client_event_id"":""7405d355-f8fb-4b5c-8494-5dcca6a86888"",""recorder_run_id"":""2e32687e-f8cf-4a91-8fec-dfa79fb2e0c2"",""client_id"":""9ece73d8-93e2-40b0-8ef9-75787e7f1947"",""client_timestamp"":1789618249.2581,""client_monotonic_ms"":2011589.0999999996,""event_timestamp"":1789618249.2584305,""clock_offset_sec"":0.0003304481506347656,""clock_round_trip_ms"":6.000041961669922,""subject_id"":""sub-004"",""session_id"":""ses-001"",""block_id"":""Block 5"",""counterbalance_group"":""G04"",""block_order"":""Block 5"",""condition"":""B"",""condition_type"":""bbbd_subtraction"",""topic_key"":""V6"",""topic_name"":""孔子的救世秘籍 仁爱 礼治 德治 中庸"",""event_type"":""confidence_response"",""iso_time"":""2026-09-17T04:10:49.258Z"",""relative_ms"":137328,""video_time_sec"":124.129,""probe_id"":""Block 5_2_925cef26"",""probe_index"":2,""probe_schedule_id"":""925cef26-471b-415b-b16b-0ea0306b4b79"",""probe_planned_time_sec"":123.891,""video_id"":""V6"",""response"":2,""confidence"":3,""response_time_ms"":1469}",2e32687e-f8cf-4a91-8fec-dfa79fb2e0c2,sub-004,ses-001,7405d355-f8fb-4b5c-8494-5dcca6a86888,9ece73d8-93e2-40b0-8ef9-75787e7f1947,1789618249.2644336,1789618249.2581,2011589.0999999996,9ece73d8-93e2-40b0-8ef9-75787e7f1947,browser_calibrated,0.0003304481506347656,6.000041961669922,483697,483697,0,-22.956132888793945,host_receive_nearest,verified,1,1,,,,,,,,,1,,,,,,,,,,,,,,,,,,,,V6,B,124.129,1789618249.2581,1789618249.2765148,483697,Block 5_2_925cef26,2,925cef26-471b-415b-b16b-0ea0306b4b79,123.891,,,1469,3,,
837f27d9-7d65-4d8a-87a3-7fbbd2eb5df7,phase_change,1789618249.2705307,1934.792,483713,5,5,,2,G04,B,bbbd_subtraction,phase_change,video,,0.0,0.0,,,,,,,,2e32687e-f8cf-4a91-8fec-dfa79fb2e0c2,sub-004,ses-001,837f27d9-7d65-4d8a-87a3-7fbbd2eb5df7,9ece73d8-93e2-40b0-8ef9-75787e7f1947,1789618249.3065355,1789618249.2702003,2011601.0999999996,9ece73d8-93e2-40b0-8ef9-75787e7f1947,browser_calibrated,0.0003304481506347656,6.000041961669922,483698,483698,0,6.95347785949707,host_receive_nearest,verified,1,1,,,,,,,,,1,,,,,,,,,,,,,,,,,,,,V6,B,124.204,1789618249.2702003,1789618249.3066616,483698,,,,,,,,,,
837f27d9-7d65-4d8a-87a3-7fbbd2eb5df7,video_resume,1789618249.2705307,1934.792,483713,5,5,,2,G04,B,bbbd_subtraction,video_resume,124.204,,0.0,0.0,,,,,,,"{""client_event_id"":""837f27d9-7d65-4d8a-87a3-7fbbd2eb5df7"",""recorder_run_id"":""2e32687e-f8cf-4a91-8fec-dfa79fb2e0c2"",""client_id"":""9ece73d8-93e2-40b0-8ef9-75787e7f1947"",""client_timestamp"":1789618249.2702003,""client_monotonic_ms"":2011601.0999999996,""event_timestamp"":1789618249.2705307,""clock_offset_sec"":0.0003304481506347656,""clock_round_trip_ms"":6.000041961669922,""subject_id"":""sub-004"",""session_id"":""ses-001"",""block_id"":""Block 5"",""counterbalance_group"":""G04"",""block_order"":""Block 5"",""condition"":""B"",""condition_type"":""bbbd_subtraction"",""topic_key"":""V6"",""topic_name"":""孔子的救世秘籍 仁爱 礼治 德治 中庸"",""event_type"":""video_resume"",""iso_time"":""2026-09-17T04:10:49.270Z"",""relative_ms"":137340,""video_time_sec"":124.204,""probe_id"":""Block 5_2_925cef26"",""probe_index"":2,""probe_schedule_id"":""925cef26-471b-415b-b16b-0ea0306b4b79"",""probe_planned_time_sec"":123.891,""video_id"":""V6"",""pause_reason"":""thought_probe"",""resume_status"":""playing""}",2e32687e-f8cf-4a91-8fec-dfa79fb2e0c2,sub-004,ses-001,837f27d9-7d65-4d8a-87a3-7fbbd2eb5df7,9ece73d8-93e2-40b0-8ef9-75787e7f1947,1789618249.3065355,1789618249.2702003,2011601.0999999996,9ece73d8-93e2-40b0-8ef9-75787e7f1947,browser_calibrated,0.0003304481506347656,6.000041961669922,483698,483698,0,6.95347785949707,host_receive_nearest,verified,1,1,,,,,,,,,1,,,,,,,,,,,,,,,,,,,,V6,B,124.204,1789618249.2702003,1789618249.3068895,483698,Block 5_2_925cef26,,,,,,,,,thought_probe
56dbe1b6-dbe0-438d-ac16-5edb3f7ccf74,probe_onset,1789618366.7856717,2052.344,513087,5,5,,2,G04,B,bbbd_subtraction,probe_onset,Block 5_3_925cef26,,0.0,0.0,,,,,,,"{""client_event_id"":""56dbe1b6-dbe0-438d-ac16-5edb3f7ccf74"",""recorder_run_id"":""2e32687e-f8cf-4a91-8fec-dfa79fb2e0c2"",""client_id"":""9ece73d8-93e2-40b0-8ef9-75787e7f1947"",""client_timestamp"":1789618366.7856002,""client_monotonic_ms"":2129116.5999999996,""event_timestamp"":1789618366.7856717,""clock_offset_sec"":7.152557373046875e-05,""clock_round_trip_ms"":5.800008773803711,""subject_id"":""sub-004"",""session_id"":""ses-001"",""block_id"":""Block 5"",""counterbalance_group"":""G04"",""block_order"":""Block 5"",""condition"":""B"",""condition_type"":""bbbd_subtraction"",""topic_key"":""V6"",""topic_name"":""孔子的救世秘籍 仁爱 礼治 德治 中庸"",""event_type"":""probe_onset"",""iso_time"":""2026-09-17T04:12:46.785Z"",""relative_ms"":254856,""video_time_sec"":241.666,""probe_id"":""Block 5_3_925cef26"",""probe_index"":3,""probe_schedule_id"":""925cef26-471b-415b-b16b-0ea0306b4b79"",""probe_planned_time_sec"":241.499,""video_id"":""V6"",""pause_reason"":""thought_probe"",""forced"":false}",2e32687e-f8cf-4a91-8fec-dfa79fb2e0c2,sub-004,ses-001,56dbe1b6-dbe0-438d-ac16-5edb3f7ccf74,9ece73d8-93e2-40b0-8ef9-75787e7f1947,1789618366.7981403,1789618366.7856002,2129116.5999999996,9ece73d8-93e2-40b0-8ef9-75787e7f1947,browser_calibrated,7.152557373046875e-05,5.800008773803711,513086,513086,0,-1.1768341064453125,host_receive_nearest,verified,1,1,,,,,,,,,1,,,,,,,,,,,,,,,,,,,,V6,B,241.666,1789618366.7856002,1789618366.7982924,513086,Block 5_3_925cef26,3,925cef26-471b-415b-b16b-0ea0306b4b79,241.499,,,,,,thought_probe
b15cc509-653b-4c0d-9125-6f3c83b23bea,attention_response,1789618369.2079716,2054.748,513692,5,5,,2,G04,B,bbbd_subtraction,attention_response,1,,0.0,0.0,,,,,,,"{""client_event_id"":""b15cc509-653b-4c0d-9125-6f3c83b23bea"",""recorder_run_id"":""2e32687e-f8cf-4a91-8fec-dfa79fb2e0c2"",""client_id"":""9ece73d8-93e2-40b0-8ef9-75787e7f1947"",""client_timestamp"":1789618369.2079,""client_monotonic_ms"":2131538.8,""event_timestamp"":1789618369.2079716,""clock_offset_sec"":7.152557373046875e-05,""clock_round_trip_ms"":5.800008773803711,""subject_id"":""sub-004"",""session_id"":""ses-001"",""block_id"":""Block 5"",""counterbalance_group"":""G04"",""block_order"":""Block 5"",""condition"":""B"",""condition_type"":""bbbd_subtraction"",""topic_key"":""V6"",""topic_name"":""孔子的救世秘籍 仁爱 礼治 德治 中庸"",""event_type"":""attention_response"",""iso_time"":""2026-09-17T04:12:49.207Z"",""relative_ms"":257278,""video_time_sec"":241.666,""probe_id"":""Block 5_3_925cef26"",""probe_index"":3,""probe_schedule_id"":""925cef26-471b-415b-b16b-0ea0306b4b79"",""probe_planned_time_sec"":241.499,""video_id"":""V6"",""response"":1,""response_label"":""课程内容"",""probe_attention"":""ON"",""response_time_ms"":2422}",2e32687e-f8cf-4a91-8fec-dfa79fb2e0c2,sub-004,ses-001,b15cc509-653b-4c0d-9125-6f3c83b23bea,9ece73d8-93e2-40b0-8ef9-75787e7f1947,1789618369.2158532,1789618369.2079,2131538.8,9ece73d8-93e2-40b0-8ef9-75787e7f1947,browser_calibrated,7.152557373046875e-05,5.800008773803711,513687,513687,0,4.318475723266602,host_receive_nearest,verified,1,1,,,,,,,,,1,,,,,,,,,,,,,,,,,,,,V6,B,241.666,1789618369.2079,1789618369.2278001,513687,Block 5_3_925cef26,3,925cef26-471b-415b-b16b-0ea0306b4b79,241.499,1,课程内容,2422,,ON,
ee6a9785-dea5-4332-be29-23ee06febd1f,confidence_response,1789618370.3322718,2055.884,513972,5,5,,2,G04,B,bbbd_subtraction,confidence_response,2,,0.0,0.0,,,,,,,"{""client_event_id"":""ee6a9785-dea5-4332-be29-23ee06febd1f"",""recorder_run_id"":""2e32687e-f8cf-4a91-8fec-dfa79fb2e0c2"",""client_id"":""9ece73d8-93e2-40b0-8ef9-75787e7f1947"",""client_timestamp"":1789618370.3322003,""client_monotonic_ms"":2132663.0999999996,""event_timestamp"":1789618370.3322718,""clock_offset_sec"":7.152557373046875e-05,""clock_round_trip_ms"":5.800008773803711,""subject_id"":""sub-004"",""session_id"":""ses-001"",""block_id"":""Block 5"",""counterbalance_group"":""G04"",""block_order"":""Block 5"",""condition"":""B"",""condition_type"":""bbbd_subtraction"",""topic_key"":""V6"",""topic_name"":""孔子的救世秘籍 仁爱 礼治 德治 中庸"",""event_type"":""confidence_response"",""iso_time"":""2026-09-17T04:12:50.332Z"",""relative_ms"":258402,""video_time_sec"":241.666,""probe_id"":""Block 5_3_925cef26"",""probe_index"":3,""probe_schedule_id"":""925cef26-471b-415b-b16b-0ea0306b4b79"",""probe_planned_time_sec"":241.499,""video_id"":""V6"",""response"":1,""confidence"":2,""response_time_ms"":1124}",2e32687e-f8cf-4a91-8fec-dfa79fb2e0c2,sub-004,ses-001,ee6a9785-dea5-4332-be29-23ee06febd1f,9ece73d8-93e2-40b0-8ef9-75787e7f1947,1789618370.3379827,1789618370.3322003,2132663.0999999996,9ece73d8-93e2-40b0-8ef9-75787e7f1947,browser_calibrated,7.152557373046875e-05,5.800008773803711,513971,513971,0,-7.367134094238281,host_receive_nearest,verified,1,1,,,,,,,,,1,,,,,,,,,,,,,,,,,,,,V6,B,241.666,1789618370.3322003,1789618370.349655,513971,Block 5_3_925cef26,3,925cef26-471b-415b-b16b-0ea0306b4b79,241.499,,,1124,2,,
662f17ae-13dc-4d3c-baf9-1b77fe2792ea,phase_change,1789618370.3431716,2055.884,513972,5,5,,2,G04,B,bbbd_subtraction,phase_change,video,,0.0,0.0,,,,,,,,2e32687e-f8cf-4a91-8fec-dfa79fb2e0c2,sub-004,ses-001,662f17ae-13dc-4d3c-baf9-1b77fe2792ea,9ece73d8-93e2-40b0-8ef9-75787e7f1947,1789618370.3804512,1789618370.3431,2132674,9ece73d8-93e2-40b0-8ef9-75787e7f1947,browser_calibrated,7.152557373046875e-05,5.800008773803711,513971,513971,0,-18.266916275024414,host_receive_nearest,verified,1,1,,,,,,,,,1,,,,,,,,,,,,,,,,,,,,V6,B,241.731,1789618370.3431,1789618370.3805664,513971,,,,,,,,,,
662f17ae-13dc-4d3c-baf9-1b77fe2792ea,video_resume,1789618370.3431716,2055.884,513972,5,5,,2,G04,B,bbbd_subtraction,video_resume,241.731,,0.0,0.0,,,,,,,"{""client_event_id"":""662f17ae-13dc-4d3c-baf9-1b77fe2792ea"",""recorder_run_id"":""2e32687e-f8cf-4a91-8fec-dfa79fb2e0c2"",""client_id"":""9ece73d8-93e2-40b0-8ef9-75787e7f1947"",""client_timestamp"":1789618370.3431,""client_monotonic_ms"":2132674,""event_timestamp"":1789618370.3431716,""clock_offset_sec"":7.152557373046875e-05,""clock_round_trip_ms"":5.800008773803711,""subject_id"":""sub-004"",""session_id"":""ses-001"",""block_id"":""Block 5"",""counterbalance_group"":""G04"",""block_order"":""Block 5"",""condition"":""B"",""condition_type"":""bbbd_subtraction"",""topic_key"":""V6"",""topic_name"":""孔子的救世秘籍 仁爱 礼治 德治 中庸"",""event_type"":""video_resume"",""iso_time"":""2026-09-17T04:12:50.343Z"",""relative_ms"":258413,""video_time_sec"":241.731,""probe_id"":""Block 5_3_925cef26"",""probe_index"":3,""probe_schedule_id"":""925cef26-471b-415b-b16b-0ea0306b4b79"",""probe_planned_time_sec"":241.499,""video_id"":""V6"",""pause_reason"":""thought_probe"",""resume_status"":""playing""}",2e32687e-f8cf-4a91-8fec-dfa79fb2e0c2,sub-004,ses-001,662f17ae-13dc-4d3c-baf9-1b77fe2792ea,9ece73d8-93e2-40b0-8ef9-75787e7f1947,1789618370.3804512,1789618370.3431,2132674,9ece73d8-93e2-40b0-8ef9-75787e7f1947,browser_calibrated,7.152557373046875e-05,5.800008773803711,513971,513971,0,-18.266916275024414,host_receive_nearest,verified,1,1,,,,,,,,,1,,,,,,,,,,,,,,,,,,,,V6,B,241.731,1789618370.3431,1789618370.3808017,513971,Block 5_3_925cef26,,,,,,,,,thought_probe
92ed3099-f904-49cb-acc6-abd4f8f62043,probe_onset,1789618423.2225966,2108.764,527192,5,5,,2,G04,B,bbbd_subtraction,probe_onset,Block 5_4_925cef26,,0.0,0.0,,,,,,,"{""client_event_id"":""92ed3099-f904-49cb-acc6-abd4f8f62043"",""recorder_run_id"":""2e32687e-f8cf-4a91-8fec-dfa79fb2e0c2"",""client_id"":""9ece73d8-93e2-40b0-8ef9-75787e7f1947"",""client_timestamp"":1789618423.2225,""client_monotonic_ms"":2185553.4000000004,""event_timestamp"":1789618423.2225966,""clock_offset_sec"":9.655952453613281e-05,""clock_round_trip_ms"":6.000041961669922,""subject_id"":""sub-004"",""session_id"":""ses-001"",""block_id"":""Block 5"",""counterbalance_group"":""G04"",""block_order"":""Block 5"",""condition"":""B"",""condition_type"":""bbbd_subtraction"",""topic_key"":""V6"",""topic_name"":""孔子的救世秘籍 仁爱 礼治 德治 中庸"",""event_type"":""probe_onset"",""iso_time"":""2026-09-17T04:13:43.222Z"",""relative_ms"":311293,""video_time_sec"":294.557,""probe_id"":""Block 5_4_925cef26"",""probe_index"":4,""probe_schedule_id"":""925cef26-471b-415b-b16b-0ea0306b4b79"",""probe_planned_time_sec"":294.5,""video_id"":""V6"",""pause_reason"":""thought_probe"",""forced"":false}",2e32687e-f8cf-4a91-8fec-dfa79fb2e0c2,sub-004,ses-001,92ed3099-f904-49cb-acc6-abd4f8f62043,9ece73d8-93e2-40b0-8ef9-75787e7f1947,1789618423.2285104,1789618423.2225,2185553.4000000004,9ece73d8-93e2-40b0-8ef9-75787e7f1947,browser_calibrated,9.655952453613281e-05,6.000041961669922,527191,527191,0,-7.727384567260742,host_receive_nearest,verified,1,1,,,,,,,,,1,,,,,,,,,,,,,,,,,,,,V6,B,294.557,1789618423.2225,1789618423.228625,527191,Block 5_4_925cef26,4,925cef26-471b-415b-b16b-0ea0306b4b79,294.5,,,,,,thought_probe
e8fb0a67-39d0-4602-87f8-ad0db8ca67c3,attention_response,1789618425.3038967,2110.844,527712,5,5,,2,G04,B,bbbd_subtraction,attention_response,2,,0.0,0.0,,,,,,,"{""client_event_id"":""e8fb0a67-39d0-4602-87f8-ad0db8ca67c3"",""recorder_run_id"":""2e32687e-f8cf-4a91-8fec-dfa79fb2e0c2"",""client_id"":""9ece73d8-93e2-40b0-8ef9-75787e7f1947"",""client_timestamp"":1789618425.3038,""client_monotonic_ms"":2187634.7,""event_timestamp"":1789618425.3038967,""clock_offset_sec"":9.655952453613281e-05,""clock_round_trip_ms"":6.000041961669922,""subject_id"":""sub-004"",""session_id"":""ses-001"",""block_id"":""Block 5"",""counterbalance_group"":""G04"",""block_order"":""Block 5"",""condition"":""B"",""condition_type"":""bbbd_subtraction"",""topic_key"":""V6"",""topic_name"":""孔子的救世秘籍 仁爱 礼治 德治 中庸"",""event_type"":""attention_response"",""iso_time"":""2026-09-17T04:13:45.303Z"",""relative_ms"":313374,""video_time_sec"":294.557,""probe_id"":""Block 5_4_925cef26"",""probe_index"":4,""probe_schedule_id"":""925cef26-471b-415b-b16b-0ea0306b4b79"",""probe_planned_time_sec"":294.5,""video_id"":""V6"",""response"":2,""response_label"":""连续减7心算任务"",""probe_attention"":""OFF"",""response_time_ms"":2081}",2e32687e-f8cf-4a91-8fec-dfa79fb2e0c2,sub-004,ses-001,e8fb0a67-39d0-4602-87f8-ad0db8ca67c3,9ece73d8-93e2-40b0-8ef9-75787e7f1947,1789618425.3096516,1789618425.3038,2187634.7,9ece73d8-93e2-40b0-8ef9-75787e7f1947,browser_calibrated,9.655952453613281e-05,6.000041961669922,527711,527711,0,-17.738819122314453,host_receive_nearest,verified,1,1,,,,,,,,,1,,,,,,,,,,,,,,,,,,,,V6,B,294.557,1789618425.3038,1789618425.3213046,527711,Block 5_4_925cef26,4,925cef26-471b-415b-b16b-0ea0306b4b79,294.5,2,连续减7心算任务,2081,,OFF,
298510cf-af08-4f8c-a2a8-4acb3606e2cd,confidence_response,1789618426.3451967,2111.884,527972,5,5,,2,G04,B,bbbd_subtraction,confidence_response,4,,0.0,0.0,,,,,,,"{""client_event_id"":""298510cf-af08-4f8c-a2a8-4acb3606e2cd"",""recorder_run_id"":""2e32687e-f8cf-4a91-8fec-dfa79fb2e0c2"",""client_id"":""9ece73d8-93e2-40b0-8ef9-75787e7f1947"",""client_timestamp"":1789618426.3451002,""client_monotonic_ms"":2188676,""event_timestamp"":1789618426.3451967,""clock_offset_sec"":9.655952453613281e-05,""clock_round_trip_ms"":6.000041961669922,""subject_id"":""sub-004"",""session_id"":""ses-001"",""block_id"":""Block 5"",""counterbalance_group"":""G04"",""block_order"":""Block 5"",""condition"":""B"",""condition_type"":""bbbd_subtraction"",""topic_key"":""V6"",""topic_name"":""孔子的救世秘籍 仁爱 礼治 德治 中庸"",""event_type"":""confidence_response"",""iso_time"":""2026-09-17T04:13:46.345Z"",""relative_ms"":314415,""video_time_sec"":294.557,""probe_id"":""Block 5_4_925cef26"",""probe_index"":4,""probe_schedule_id"":""925cef26-471b-415b-b16b-0ea0306b4b79"",""probe_planned_time_sec"":294.5,""video_id"":""V6"",""response"":2,""confidence"":4,""response_time_ms"":1041}",2e32687e-f8cf-4a91-8fec-dfa79fb2e0c2,sub-004,ses-001,298510cf-af08-4f8c-a2a8-4acb3606e2cd,9ece73d8-93e2-40b0-8ef9-75787e7f1947,1789618426.3535438,1789618426.3451002,2188676,9ece73d8-93e2-40b0-8ef9-75787e7f1947,browser_calibrated,9.655952453613281e-05,6.000041961669922,527971,527971,0,-8.298158645629883,host_receive_nearest,verified,1,1,,,,,,,,,1,,,,,,,,,,,,,,,,,,,,V6,B,294.557,1789618426.3451002,1789618426.3664203,527971,Block 5_4_925cef26,4,925cef26-471b-415b-b16b-0ea0306b4b79,294.5,,,1041,4,,
155759a7-469f-47a1-a7aa-402f26286be8,phase_change,1789618426.3588965,2111.888,527982,5,5,,2,G04,B,bbbd_subtraction,phase_change,video,,0.0,0.0,,,,,,,,2e32687e-f8cf-4a91-8fec-dfa79fb2e0c2,sub-004,ses-001,155759a7-469f-47a1-a7aa-402f26286be8,9ece73d8-93e2-40b0-8ef9-75787e7f1947,1789618426.4038765,1789618426.3588,2188689.7,9ece73d8-93e2-40b0-8ef9-75787e7f1947,browser_calibrated,9.655952453613281e-05,6.000041961669922,527972,527972,0,8.590459823608398,host_receive_nearest,verified,1,1,,,,,,,,,1,,,,,,,,,,,,,,,,,,,,V6,B,294.616,1789618426.3588,1789618426.4042373,527972,,,,,,,,,,
155759a7-469f-47a1-a7aa-402f26286be8,video_resume,1789618426.3588965,2111.888,527982,5,5,,2,G04,B,bbbd_subtraction,video_resume,294.616,,0.0,0.0,,,,,,,"{""client_event_id"":""155759a7-469f-47a1-a7aa-402f26286be8"",""recorder_run_id"":""2e32687e-f8cf-4a91-8fec-dfa79fb2e0c2"",""client_id"":""9ece73d8-93e2-40b0-8ef9-75787e7f1947"",""client_timestamp"":1789618426.3588,""client_monotonic_ms"":2188689.7,""event_timestamp"":1789618426.3588965,""clock_offset_sec"":9.655952453613281e-05,""clock_round_trip_ms"":6.000041961669922,""subject_id"":""sub-004"",""session_id"":""ses-001"",""block_id"":""Block 5"",""counterbalance_group"":""G04"",""block_order"":""Block 5"",""condition"":""B"",""condition_type"":""bbbd_subtraction"",""topic_key"":""V6"",""topic_name"":""孔子的救世秘籍 仁爱 礼治 德治 中庸"",""event_type"":""video_resume"",""iso_time"":""2026-09-17T04:13:46.358Z"",""relative_ms"":314429,""video_time_sec"":294.616,""probe_id"":""Block 5_4_925cef26"",""probe_index"":4,""probe_schedule_id"":""925cef26-471b-415b-b16b-0ea0306b4b79"",""probe_planned_time_sec"":294.5,""video_id"":""V6"",""pause_reason"":""thought_probe"",""resume_status"":""playing""}",2e32687e-f8cf-4a91-8fec-dfa79fb2e0c2,sub-004,ses-001,155759a7-469f-47a1-a7aa-402f26286be8,9ece73d8-93e2-40b0-8ef9-75787e7f1947,1789618426.4038765,1789618426.3588,2188689.7,9ece73d8-93e2-40b0-8ef9-75787e7f1947,browser_calibrated,9.655952453613281e-05,6.000041961669922,527972,527972,0,8.590459823608398,host_receive_nearest,verified,1,1,,,,,,,,,1,,,,,,,,,,,,,,,,,,,,V6,B,294.616,1789618426.3588,1789618426.4048502,527972,Block 5_4_925cef26,,,,,,,,,thought_probe
87cc08cc-05e5-46fc-a285-e6bc72813a2d,video_end,1789618457.5596225,2143.064,535781,5,5,,2,G04,B,bbbd_subtraction,video_end,V6,,0.0,0.0,,,,,,,,2e32687e-f8cf-4a91-8fec-dfa79fb2e0c2,sub-004,ses-001,87cc08cc-05e5-46fc-a285-e6bc72813a2d,9ece73d8-93e2-40b0-8ef9-75787e7f1947,1789618457.5738192,1789618457.5592003,2219890.0999999996,9ece73d8-93e2-40b0-8ef9-75787e7f1947,browser_calibrated,0.0004222393035888672,5.900144577026367,535766,535766,0,10.217428207397461,host_receive_nearest,verified,1,1,,,,,,,,,1,,,,,,,,,,,,,,,,,,,,V6,B,325.753,1789618457.5592003,1789618457.5739398,535766,,,,,,,,,,
87cc08cc-05e5-46fc-a285-e6bc72813a2d,browser_video_ended,1789618457.5596225,2143.064,535781,5,5,,2,G04,B,bbbd_subtraction,browser_video_ended,,,0.0,0.0,,,,,,,"{""client_event_id"":""87cc08cc-05e5-46fc-a285-e6bc72813a2d"",""recorder_run_id"":""2e32687e-f8cf-4a91-8fec-dfa79fb2e0c2"",""client_id"":""9ece73d8-93e2-40b0-8ef9-75787e7f1947"",""client_timestamp"":1789618457.5592003,""client_monotonic_ms"":2219890.0999999996,""event_timestamp"":1789618457.5596225,""clock_offset_sec"":0.0004222393035888672,""clock_round_trip_ms"":5.900144577026367,""subject_id"":""sub-004"",""session_id"":""ses-001"",""block_id"":""Block 5"",""counterbalance_group"":""G04"",""block_order"":""Block 5"",""condition"":""B"",""condition_type"":""bbbd_subtraction"",""topic_key"":""V6"",""topic_name"":""孔子的救世秘籍 仁爱 礼治 德治 中庸"",""event_type"":""video_ended"",""iso_time"":""2026-09-17T04:14:17.559Z"",""relative_ms"":345629,""video_time_sec"":325.753}",2e32687e-f8cf-4a91-8fec-dfa79fb2e0c2,sub-004,ses-001,87cc08cc-05e5-46fc-a285-e6bc72813a2d,9ece73d8-93e2-40b0-8ef9-75787e7f1947,1789618457.5738192,1789618457.5592003,2219890.0999999996,9ece73d8-93e2-40b0-8ef9-75787e7f1947,browser_calibrated,0.0004222393035888672,5.900144577026367,535766,535766,0,10.217428207397461,host_receive_nearest,verified,1,1,,,,,,,,,1,,,,,,,,,,,,,,,,,,,,V6,B,325.753,1789618457.5592003,1789618457.5743845,535766,,,,,,,,,,
e3ec6a14-4ef5-43b1-9976-15e0b979982b,browser_block_end,1789618457.5723224,2143.12,535796,5,5,,2,G04,B,bbbd_subtraction,browser_block_end,视频自然播放结束,,0.0,0.0,,,,,,,"{""client_event_id"":""e3ec6a14-4ef5-43b1-9976-15e0b979982b"",""recorder_run_id"":""2e32687e-f8cf-4a91-8fec-dfa79fb2e0c2"",""client_id"":""9ece73d8-93e2-40b0-8ef9-75787e7f1947"",""client_timestamp"":1789618457.5719001,""client_monotonic_ms"":2219902.8,""event_timestamp"":1789618457.5723224,""clock_offset_sec"":0.0004222393035888672,""clock_round_trip_ms"":5.900144577026367,""subject_id"":""sub-004"",""session_id"":""ses-001"",""block_id"":""Block 5"",""counterbalance_group"":""G04"",""block_order"":""Block 5"",""condition"":""B"",""condition_type"":""bbbd_subtraction"",""topic_key"":""V6"",""topic_name"":""孔子的救世秘籍 仁爱 礼治 德治 中庸"",""event_type"":""block_end"",""iso_time"":""2026-09-17T04:14:17.571Z"",""relative_ms"":345642,""video_time_sec"":325.753,""reason"":""视频自然播放结束""}",2e32687e-f8cf-4a91-8fec-dfa79fb2e0c2,sub-004,ses-001,e3ec6a14-4ef5-43b1-9976-15e0b979982b,9ece73d8-93e2-40b0-8ef9-75787e7f1947,1789618457.6595895,1789618457.5719001,2219902.8,9ece73d8-93e2-40b0-8ef9-75787e7f1947,browser_calibrated,0.0004222393035888672,5.900144577026367,535780,535780,0,0.0743865966796875,host_receive_nearest,verified,1,1,,,,,,,,,1,,,,,,,,,,,,,,,,,,,,V6,B,325.753,1789618457.5719001,1789618457.6597204,535780,,,,,,,,,,
4ca45e19-e17f-4bdb-9a38-ea490c2749da,rating_start,1789618457.5847223,2143.124,535811,5,5,,2,G04,B,bbbd_subtraction,rating_start,,,0.0,0.0,,,,,,,"{""client_event_id"":""4ca45e19-e17f-4bdb-9a38-ea490c2749da"",""recorder_run_id"":""2e32687e-f8cf-4a91-8fec-dfa79fb2e0c2"",""client_id"":""9ece73d8-93e2-40b0-8ef9-75787e7f1947"",""client_timestamp"":1789618457.5843,""client_monotonic_ms"":2219915.3,""event_timestamp"":1789618457.5847223,""clock_offset_sec"":0.0004222393035888672,""clock_round_trip_ms"":5.900144577026367,""subject_id"":""sub-004"",""session_id"":""ses-001"",""block_id"":""Block 5"",""counterbalance_group"":""G04"",""block_order"":""Block 5"",""condition"":""B"",""condition_type"":""bbbd_subtraction"",""topic_key"":""V6"",""topic_name"":""孔子的救世秘籍 仁爱 礼治 德治 中庸"",""event_type"":""rating_start"",""iso_time"":""2026-09-17T04:14:17.584Z"",""relative_ms"":345654,""video_time_sec"":325.753}",2e32687e-f8cf-4a91-8fec-dfa79fb2e0c2,sub-004,ses-001,4ca45e19-e17f-4bdb-9a38-ea490c2749da,9ece73d8-93e2-40b0-8ef9-75787e7f1947,1789618457.6970696,1789618457.5843,2219915.3,9ece73d8-93e2-40b0-8ef9-75787e7f1947,browser_calibrated,0.0004222393035888672,5.900144577026367,535781,535781,0,11.84535026550293,host_receive_nearest,verified,1,1,,,,,,,,,1,,,,,,,,,,,,,,,,,,,,V6,B,325.753,1789618457.5843,1789618457.697269,535781,,,,,,,,,,
33e4ba79-97bc-4320-acea-3b33194e8fec,rating_item_response,1789618461.8910224,2147.44,536861,5,5,,2,G04,B,bbbd_subtraction,rating_item_response,700,,0.0,0.0,,,,,,,"{""client_event_id"":""33e4ba79-97bc-4320-acea-3b33194e8fec"",""recorder_run_id"":""2e32687e-f8cf-4a91-8fec-dfa79fb2e0c2"",""client_id"":""9ece73d8-93e2-40b0-8ef9-75787e7f1947"",""client_timestamp"":1789618461.8906002,""client_monotonic_ms"":2224221.5,""event_timestamp"":1789618461.8910224,""clock_offset_sec"":0.0004222393035888672,""clock_round_trip_ms"":5.900144577026367,""subject_id"":""sub-004"",""session_id"":""ses-001"",""block_id"":""Block 5"",""counterbalance_group"":""G04"",""block_order"":""Block 5"",""condition"":""B"",""condition_type"":""bbbd_subtraction"",""topic_key"":""V6"",""topic_name"":""孔子的救世秘籍 仁爱 礼治 德治 中庸"",""event_type"":""rating_item_response"",""iso_time"":""2026-09-17T04:14:21.890Z"",""relative_ms"":349961,""video_time_sec"":325.753,""rating_item"":""reported_final_number"",""rating_value"":""700"",""response_time_ms"":4306}",2e32687e-f8cf-4a91-8fec-dfa79fb2e0c2,sub-004,ses-001,33e4ba79-97bc-4320-acea-3b33194e8fec,9ece73d8-93e2-40b0-8ef9-75787e7f1947,1789618461.897112,1789618461.8906002,2224221.5,9ece73d8-93e2-40b0-8ef9-75787e7f1947,browser_calibrated,0.0004222393035888672,5.900144577026367,536860,536860,0,-2.1791458129882812,host_receive_nearest,verified,1,1,,,,,,,,,1,,,,,,,,,,,,,reported_final_number,700,,,,,,V6,B,325.753,1789618461.8906002,1789618461.8972344,536860,,,,,,,4306,,,
da9f6b13-87a7-4044-9cf9-8563855f9301,rating_item_response,1789618462.9781225,2148.52,537131,5,5,,2,G04,B,bbbd_subtraction,rating_item_response,2,,0.0,0.0,,,,,,,"{""client_event_id"":""da9f6b13-87a7-4044-9cf9-8563855f9301"",""recorder_run_id"":""2e32687e-f8cf-4a91-8fec-dfa79fb2e0c2"",""client_id"":""9ece73d8-93e2-40b0-8ef9-75787e7f1947"",""client_timestamp"":1789618462.9777002,""client_monotonic_ms"":2225308.5999999996,""event_timestamp"":1789618462.9781225,""clock_offset_sec"":0.0004222393035888672,""clock_round_trip_ms"":5.900144577026367,""subject_id"":""sub-004"",""session_id"":""ses-001"",""block_id"":""Block 5"",""counterbalance_group"":""G04"",""block_order"":""Block 5"",""condition"":""B"",""condition_type"":""bbbd_subtraction"",""topic_key"":""V6"",""topic_name"":""孔子的救世秘籍 仁爱 礼治 德治 中庸"",""event_type"":""rating_item_response"",""iso_time"":""2026-09-17T04:14:22.977Z"",""relative_ms"":351048,""video_time_sec"":325.753,""rating_item"":""course_attention_rating"",""rating_value"":""2"",""response_time_ms"":5394}",2e32687e-f8cf-4a91-8fec-dfa79fb2e0c2,sub-004,ses-001,da9f6b13-87a7-4044-9cf9-8563855f9301,9ece73d8-93e2-40b0-8ef9-75787e7f1947,1789618462.9911542,1789618462.9777002,2225308.5999999996,9ece73d8-93e2-40b0-8ef9-75787e7f1947,browser_calibrated,0.0004222393035888672,5.900144577026367,537130,537130,0,-9.289741516113281,host_receive_nearest,verified,1,1,,,,,,,,,1,,,,,,,,,,,,,course_attention_rating,2,,,,,,V6,B,325.753,1789618462.9777002,1789618462.9912815,537130,,,,,,,5394,,,
021761fa-604a-456a-b020-7fff6cbfa11f,rating_item_response,1789618465.8124223,2151.344,537841,5,5,,2,G04,B,bbbd_subtraction,rating_item_response,7,,0.0,0.0,,,,,,,"{""client_event_id"":""021761fa-604a-456a-b020-7fff6cbfa11f"",""recorder_run_id"":""2e32687e-f8cf-4a91-8fec-dfa79fb2e0c2"",""client_id"":""9ece73d8-93e2-40b0-8ef9-75787e7f1947"",""client_timestamp"":1789618465.812,""client_monotonic_ms"":2228143,""event_timestamp"":1789618465.8124223,""clock_offset_sec"":0.0004222393035888672,""clock_round_trip_ms"":5.900144577026367,""subject_id"":""sub-004"",""session_id"":""ses-001"",""block_id"":""Block 5"",""counterbalance_group"":""G04"",""block_order"":""Block 5"",""condition"":""B"",""condition_type"":""bbbd_subtraction"",""topic_key"":""V6"",""topic_name"":""孔子的救世秘籍 仁爱 礼治 德治 中庸"",""event_type"":""rating_item_response"",""iso_time"":""2026-09-17T04:14:25.812Z"",""relative_ms"":353882,""video_time_sec"":325.753,""rating_item"":""mental_effort"",""rating_value"":""7"",""response_time_ms"":8228}",2e32687e-f8cf-4a91-8fec-dfa79fb2e0c2,sub-004,ses-001,021761fa-604a-456a-b020-7fff6cbfa11f,9ece73d8-93e2-40b0-8ef9-75787e7f1947,1789618465.8304226,1789618465.812,2228143,9ece73d8-93e2-40b0-8ef9-75787e7f1947,browser_calibrated,0.0004222393035888672,5.900144577026367,537836,537836,0,4.380226135253906,host_receive_nearest,verified,1,1,,,,,,,,,1,,,,,,,,,,,,,mental_effort,7,,,,,,V6,B,325.753,1789618465.812,1789618465.830553,537836,,,,,,,8228,,,
42943e67-c8f8-4fcd-8ceb-d522470b9581,rating_item_response,1789618468.0158224,2153.56,538391,5,5,,2,G04,B,bbbd_subtraction,rating_item_response,6,,0.0,0.0,,,,,,,"{""client_event_id"":""42943e67-c8f8-4fcd-8ceb-d522470b9581"",""recorder_run_id"":""2e32687e-f8cf-4a91-8fec-dfa79fb2e0c2"",""client_id"":""9ece73d8-93e2-40b0-8ef9-75787e7f1947"",""client_timestamp"":1789618468.0154002,""client_monotonic_ms"":2230346.4000000004,""event_timestamp"":1789618468.0158224,""clock_offset_sec"":0.0004222393035888672,""clock_round_trip_ms"":5.900144577026367,""subject_id"":""sub-004"",""session_id"":""ses-001"",""block_id"":""Block 5"",""counterbalance_group"":""G04"",""block_order"":""Block 5"",""condition"":""B"",""condition_type"":""bbbd_subtraction"",""topic_key"":""V6"",""topic_name"":""孔子的救世秘籍 仁爱 礼治 德治 中庸"",""event_type"":""rating_item_response"",""iso_time"":""2026-09-17T04:14:28.015Z"",""relative_ms"":356086,""video_time_sec"":325.753,""rating_item"":""mental_effort"",""rating_value"":""6"",""response_time_ms"":10431}",2e32687e-f8cf-4a91-8fec-dfa79fb2e0c2,sub-004,ses-001,42943e67-c8f8-4fcd-8ceb-d522470b9581,9ece73d8-93e2-40b0-8ef9-75787e7f1947,1789618468.02673,1789618468.0154002,2230346.4000000004,9ece73d8-93e2-40b0-8ef9-75787e7f1947,browser_calibrated,0.0004222393035888672,5.900144577026367,538390,538390,0,-3.998994827270508,host_receive_nearest,verified,1,1,,,,,,,,,1,,,,,,,,,,,,,mental_effort,6,,,,,,V6,B,325.753,1789618468.0154002,1789618468.0268462,538390,,,,,,,10431,,,
0507501b-4dc4-4372-9cba-af892587f857,rating_item_response,1789618470.5588224,2156.1,539026,5,5,,2,G04,B,bbbd_subtraction,rating_item_response,3,,0.0,0.0,,,,,,,"{""client_event_id"":""0507501b-4dc4-4372-9cba-af892587f857"",""recorder_run_id"":""2e32687e-f8cf-4a91-8fec-dfa79fb2e0c2"",""client_id"":""9ece73d8-93e2-40b0-8ef9-75787e7f1947"",""client_timestamp"":1789618470.5584002,""client_monotonic_ms"":2232889.3,""event_timestamp"":1789618470.5588224,""clock_offset_sec"":0.0004222393035888672,""clock_round_trip_ms"":5.900144577026367,""subject_id"":""sub-004"",""session_id"":""ses-001"",""block_id"":""Block 5"",""counterbalance_group"":""G04"",""block_order"":""Block 5"",""condition"":""B"",""condition_type"":""bbbd_subtraction"",""topic_key"":""V6"",""topic_name"":""孔子的救世秘籍 仁爱 礼治 德治 中庸"",""event_type"":""rating_item_response"",""iso_time"":""2026-09-17T04:14:30.558Z"",""relative_ms"":358628,""video_time_sec"":325.753,""rating_item"":""video_interest"",""rating_value"":""3"",""response_time_ms"":12974}",2e32687e-f8cf-4a91-8fec-dfa79fb2e0c2,sub-004,ses-001,0507501b-4dc4-4372-9cba-af892587f857,9ece73d8-93e2-40b0-8ef9-75787e7f1947,1789618470.5681663,1789618470.5584002,2232889.3,9ece73d8-93e2-40b0-8ef9-75787e7f1947,browser_calibrated,0.0004222393035888672,5.900144577026367,539025,539025,0,-0.9007453918457031,host_receive_nearest,verified,1,1,,,,,,,,,1,,,,,,,,,,,,,video_interest,3,,,,,,V6,B,325.753,1789618470.5584002,1789618470.568257,539025,,,,,,,12974,,,
fd6f0252-34d3-40b4-ae1e-fcb079fa9c42,rating_item_response,1789618473.4605224,2158.984,539756,5,5,,2,G04,B,bbbd_subtraction,rating_item_response,4,,0.0,0.0,,,,,,,"{""client_event_id"":""fd6f0252-34d3-40b4-ae1e-fcb079fa9c42"",""recorder_run_id"":""2e32687e-f8cf-4a91-8fec-dfa79fb2e0c2"",""client_id"":""9ece73d8-93e2-40b0-8ef9-75787e7f1947"",""client_timestamp"":1789618473.4601002,""client_monotonic_ms"":2235791,""event_timestamp"":1789618473.4605224,""clock_offset_sec"":0.0004222393035888672,""clock_round_trip_ms"":5.900144577026367,""subject_id"":""sub-004"",""session_id"":""ses-001"",""block_id"":""Block 5"",""counterbalance_group"":""G04"",""block_order"":""Block 5"",""condition"":""B"",""condition_type"":""bbbd_subtraction"",""topic_key"":""V6"",""topic_name"":""孔子的救世秘籍 仁爱 礼治 德治 中庸"",""event_type"":""rating_item_response"",""iso_time"":""2026-09-17T04:14:33.460Z"",""relative_ms"":361530,""video_time_sec"":325.753,""rating_item"":""video_difficulty"",""rating_value"":""4"",""response_time_ms"":15876}",2e32687e-f8cf-4a91-8fec-dfa79fb2e0c2,sub-004,ses-001,fd6f0252-34d3-40b4-ae1e-fcb079fa9c42,9ece73d8-93e2-40b0-8ef9-75787e7f1947,1789618473.4756527,1789618473.4601002,2235791,9ece73d8-93e2-40b0-8ef9-75787e7f1947,browser_calibrated,0.0004222393035888672,5.900144577026367,539746,539746,0,7.008075714111328,host_receive_nearest,verified,1,1,,,,,,,,,1,,,,,,,,,,,,,video_difficulty,4,,,,,,V6,B,325.753,1789618473.4601002,1789618473.4757946,539746,,,,,,,15876,,,
60bbd6fe-23b9-4017-8b8a-81f0d0ea52d8,rating_item_response,1789618475.0131223,2160.54,540136,5,5,,2,G04,B,bbbd_subtraction,rating_item_response,3,,0.0,0.0,,,,,,,"{""client_event_id"":""60bbd6fe-23b9-4017-8b8a-81f0d0ea52d8"",""recorder_run_id"":""2e32687e-f8cf-4a91-8fec-dfa79fb2e0c2"",""client_id"":""9ece73d8-93e2-40b0-8ef9-75787e7f1947"",""client_timestamp"":1789618475.0127,""client_monotonic_ms"":2237343.5999999996,""event_timestamp"":1789618475.0131223,""clock_offset_sec"":0.0004222393035888672,""clock_round_trip_ms"":5.900144577026367,""subject_id"":""sub-004"",""session_id"":""ses-001"",""block_id"":""Block 5"",""counterbalance_group"":""G04"",""block_order"":""Block 5"",""condition"":""B"",""condition_type"":""bbbd_subtraction"",""topic_key"":""V6"",""topic_name"":""孔子的救世秘籍 仁爱 礼治 德治 中庸"",""event_type"":""rating_item_response"",""iso_time"":""2026-09-17T04:14:35.012Z"",""relative_ms"":363083,""video_time_sec"":325.753,""rating_item"":""video_difficulty"",""rating_value"":""3"",""response_time_ms"":17429}",2e32687e-f8cf-4a91-8fec-dfa79fb2e0c2,sub-004,ses-001,60bbd6fe-23b9-4017-8b8a-81f0d0ea52d8,9ece73d8-93e2-40b0-8ef9-75787e7f1947,1789618475.0229442,1789618475.0127,2237343.5999999996,9ece73d8-93e2-40b0-8ef9-75787e7f1947,browser_calibrated,0.0004222393035888672,5.900144577026367,540135,540135,0,-14.862060546875,host_receive_nearest,verified,1,1,,,,,,,,,1,,,,,,,,,,,,,video_difficulty,3,,,,,,V6,B,325.753,1789618475.0127,1789618475.0230463,540135,,,,,,,17429,,,
1bf33756-d386-4f1b-902b-3d7c902a9305,rating_item_response,1789618477.7918427,2163.34,540836,5,5,,2,G04,B,bbbd_subtraction,rating_item_response,70-80%,,0.0,0.0,,,,,,,"{""client_event_id"":""1bf33756-d386-4f1b-902b-3d7c902a9305"",""recorder_run_id"":""2e32687e-f8cf-4a91-8fec-dfa79fb2e0c2"",""client_id"":""9ece73d8-93e2-40b0-8ef9-75787e7f1947"",""client_timestamp"":1789618477.7916,""client_monotonic_ms"":2240122.5,""event_timestamp"":1789618477.7918427,""clock_offset_sec"":0.00024271011352539062,""clock_round_trip_ms"":5.800008773803711,""subject_id"":""sub-004"",""session_id"":""ses-001"",""block_id"":""Block 5"",""counterbalance_group"":""G04"",""block_order"":""Block 5"",""condition"":""B"",""condition_type"":""bbbd_subtraction"",""topic_key"":""V6"",""topic_name"":""孔子的救世秘籍 仁爱 礼治 德治 中庸"",""event_type"":""rating_item_response"",""iso_time"":""2026-09-17T04:14:37.791Z"",""relative_ms"":365862,""video_time_sec"":325.753,""rating_item"":""subtraction_compliance"",""rating_value"":""70-80%"",""response_time_ms"":20207}",2e32687e-f8cf-4a91-8fec-dfa79fb2e0c2,sub-004,ses-001,1bf33756-d386-4f1b-902b-3d7c902a9305,9ece73d8-93e2-40b0-8ef9-75787e7f1947,1789618477.8024786,1789618477.7916,2240122.5,9ece73d8-93e2-40b0-8ef9-75787e7f1947,browser_calibrated,0.00024271011352539062,5.800008773803711,540835,540835,0,-2.5539398193359375,host_receive_nearest,verified,1,1,,,,,,,,,1,,,,,,,,,,,,,subtraction_compliance,70-80%,,,,,,V6,B,325.753,1789618477.7916,1789618477.8026102,540835,,,,,,,20207,,,
282b759d-dd6c-48ff-82bc-cc8c57d36ed3,rating_item_response,1789618481.5337427,2167.064,541771,5,5,,2,G04,B,bbbd_subtraction,rating_item_response,3,,0.0,0.0,,,,,,,"{""client_event_id"":""282b759d-dd6c-48ff-82bc-cc8c57d36ed3"",""recorder_run_id"":""2e32687e-f8cf-4a91-8fec-dfa79fb2e0c2"",""client_id"":""9ece73d8-93e2-40b0-8ef9-75787e7f1947"",""client_timestamp"":1789618481.5335,""client_monotonic_ms"":2243864.5,""event_timestamp"":1789618481.5337427,""clock_offset_sec"":0.00024271011352539062,""clock_round_trip_ms"":5.800008773803711,""subject_id"":""sub-004"",""session_id"":""ses-001"",""block_id"":""Block 5"",""counterbalance_group"":""G04"",""block_order"":""Block 5"",""condition"":""B"",""condition_type"":""bbbd_subtraction"",""topic_key"":""V6"",""topic_name"":""孔子的救世秘籍 仁爱 礼治 德治 中庸"",""event_type"":""rating_item_response"",""iso_time"":""2026-09-17T04:14:41.533Z"",""relative_ms"":369604,""video_time_sec"":325.753,""rating_item"":""subtraction_difficulty"",""rating_value"":""3"",""response_time_ms"":23949}",2e32687e-f8cf-4a91-8fec-dfa79fb2e0c2,sub-004,ses-001,282b759d-dd6c-48ff-82bc-cc8c57d36ed3,9ece73d8-93e2-40b0-8ef9-75787e7f1947,1789618481.5479844,1789618481.5335,2243864.5,9ece73d8-93e2-40b0-8ef9-75787e7f1947,browser_calibrated,0.00024271011352539062,5.800008773803711,541766,541766,0,3.9129257202148438,host_receive_nearest,verified,1,1,,,,,,,,,1,,,,,,,,,,,,,subtraction_difficulty,3,,,,,,V6,B,325.753,1789618481.5335,1789618481.548116,541766,,,,,,,23949,,,
8fdcac19-009e-4ea1-a41e-13b55f3fe33e,rating_end,1789618482.2756429,2167.8,541951,5,5,,2,G04,B,bbbd_subtraction,rating_end,,24.691,0.0,0.0,,,,,,,"{""client_event_id"":""8fdcac19-009e-4ea1-a41e-13b55f3fe33e"",""recorder_run_id"":""2e32687e-f8cf-4a91-8fec-dfa79fb2e0c2"",""client_id"":""9ece73d8-93e2-40b0-8ef9-75787e7f1947"",""client_timestamp"":1789618482.2754002,""client_monotonic_ms"":2244606.3,""event_timestamp"":1789618482.2756429,""clock_offset_sec"":0.00024271011352539062,""clock_round_trip_ms"":5.800008773803711,""subject_id"":""sub-004"",""session_id"":""ses-001"",""block_id"":""Block 5"",""counterbalance_group"":""G04"",""block_order"":""Block 5"",""condition"":""B"",""condition_type"":""bbbd_subtraction"",""topic_key"":""V6"",""topic_name"":""孔子的救世秘籍 仁爱 礼治 德治 中庸"",""event_type"":""rating_end"",""iso_time"":""2026-09-17T04:14:42.275Z"",""relative_ms"":370345,""video_time_sec"":325.753,""video_id"":""V6"",""course_attention_rating"":2,""mental_effort"":6,""video_interest"":3,""video_difficulty"":3,""subtraction_compliance"":""70-80%"",""subtraction_difficulty"":3,""reported_final_number"":700,""duration_sec"":24.691,""submitted_iso"":""2026-09-17T04:14:42.275Z"",""submitted_relative_ms"":370345}",2e32687e-f8cf-4a91-8fec-dfa79fb2e0c2,sub-004,ses-001,8fdcac19-009e-4ea1-a41e-13b55f3fe33e,9ece73d8-93e2-40b0-8ef9-75787e7f1947,1789618482.2817252,1789618482.2754002,2244606.3,9ece73d8-93e2-40b0-8ef9-75787e7f1947,browser_calibrated,0.00024271011352539062,5.800008773803711,541950,541950,0,-16.60466194152832,host_receive_nearest,verified,1,1,,,,,,,,,1,,,,2,6,3,3,70-80%,70,80,3,700,,,,,,,,V6,B,325.753,1789618482.2754002,1789618482.2818842,541950,,,,,,,,,,
0f3f5ba8-1fd0-482b-b8e3-6adc6ac5459c,quiz_start,1789618482.2827427,2167.804,541966,5,5,,2,G04,B,bbbd_subtraction,quiz_start,,,0.0,0.0,,,,,,,"{""client_event_id"":""0f3f5ba8-1fd0-482b-b8e3-6adc6ac5459c"",""recorder_run_id"":""2e32687e-f8cf-4a91-8fec-dfa79fb2e0c2"",""client_id"":""9ece73d8-93e2-40b0-8ef9-75787e7f1947"",""client_timestamp"":1789618482.2825,""client_monotonic_ms"":2244613.5,""event_timestamp"":1789618482.2827427,""clock_offset_sec"":0.00024271011352539062,""clock_round_trip_ms"":5.800008773803711,""subject_id"":""sub-004"",""session_id"":""ses-001"",""block_id"":""Block 5"",""counterbalance_group"":""G04"",""block_order"":""Block 5"",""condition"":""B"",""condition_type"":""bbbd_subtraction"",""topic_key"":""V6"",""topic_name"":""孔子的救世秘籍 仁爱 礼治 德治 中庸"",""event_type"":""quiz_start"",""iso_time"":""2026-09-17T04:14:42.282Z"",""relative_ms"":370353,""video_time_sec"":325.753}",2e32687e-f8cf-4a91-8fec-dfa79fb2e0c2,sub-004,ses-001,0f3f5ba8-1fd0-482b-b8e3-6adc6ac5459c,9ece73d8-93e2-40b0-8ef9-75787e7f1947,1789618482.326505,1789618482.2825,2244613.5,9ece73d8-93e2-40b0-8ef9-75787e7f1947,browser_calibrated,0.00024271011352539062,5.800008773803711,541951,541951,0,5.413055419921875,host_receive_nearest,verified,1,1,,,,,,,,,1,,,,,,,,,,,,,,,,,,,,V6,B,325.753,1789618482.2825,1789618482.3266253,541951,,,,,,,,,,
1b0876a1-706e-46d7-a8f6-56426e9c827d,quiz_item_response,1789618496.8208427,2182.36,545591,5,5,,2,G04,B,bbbd_subtraction,quiz_item_response,孔子思想的核心是“仁”，根据孔子的解释，“仁”的实质是什么？,,0.0,0.0,,V6Q1,B,B,True,3758,"{""client_event_id"":""1b0876a1-706e-46d7-a8f6-56426e9c827d"",""recorder_run_id"":""2e32687e-f8cf-4a91-8fec-dfa79fb2e0c2"",""client_id"":""9ece73d8-93e2-40b0-8ef9-75787e7f1947"",""client_timestamp"":1789618496.8206,""client_monotonic_ms"":2259151.5,""event_timestamp"":1789618496.8208427,""clock_offset_sec"":0.00024271011352539062,""clock_round_trip_ms"":5.800008773803711,""subject_id"":""sub-004"",""session_id"":""ses-001"",""block_id"":""Block 5"",""counterbalance_group"":""G04"",""block_order"":""Block 5"",""condition"":""B"",""condition_type"":""bbbd_subtraction"",""topic_key"":""V6"",""topic_name"":""孔子的救世秘籍 仁爱 礼治 德治 中庸"",""event_type"":""quiz_item_response"",""iso_time"":""2026-09-17T04:14:56.820Z"",""relative_ms"":384891,""video_time_sec"":325.753,""video_id"":""V6"",""question_id"":""V6Q1"",""question_text"":""孔子思想的核心是“仁”，根据孔子的解释，“仁”的实质是什么？"",""response_index"":1,""response_letter"":""B"",""response_text"":""关爱他人"",""correct_index"":1,""correct_letter"":""B"",""correct_text"":""关爱他人"",""is_correct"":true,""reaction_time_ms"":3758,""submitted_iso"":""2026-09-17T04:14:56.820Z"",""submitted_relative_ms"":384891}",2e32687e-f8cf-4a91-8fec-dfa79fb2e0c2,sub-004,ses-001,1b0876a1-706e-46d7-a8f6-56426e9c827d,9ece73d8-93e2-40b0-8ef9-75787e7f1947,1789618496.826469,1789618496.8206,2259151.5,9ece73d8-93e2-40b0-8ef9-75787e7f1947,browser_calibrated,0.00024271011352539062,5.800008773803711,545590,545590,0,-10.553121566772461,host_receive_nearest,verified,1,1,,,,,,,,,1,,,,,,,,,,,,,,,,,孔子思想的核心是“仁”，根据孔子的解释，“仁”的实质是什么？,1,关爱他人,V6,B,325.753,1789618496.8206,1789618496.8266113,545590,,,,,,,,,,
ed7025ce-69aa-40af-a713-7218c0dfbd0c,quiz_item_response,1789618496.8285427,2182.364,545611,5,5,,2,G04,B,bbbd_subtraction,quiz_item_response,孔子主张“为政以德”，他认为治理国家应该以什么为主？,,0.0,0.0,,V6Q2,B,B,True,8720,"{""client_event_id"":""ed7025ce-69aa-40af-a713-7218c0dfbd0c"",""recorder_run_id"":""2e32687e-f8cf-4a91-8fec-dfa79fb2e0c2"",""client_id"":""9ece73d8-93e2-40b0-8ef9-75787e7f1947"",""client_timestamp"":1789618496.8283,""client_monotonic_ms"":2259159.2,""event_timestamp"":1789618496.8285427,""clock_offset_sec"":0.00024271011352539062,""clock_round_trip_ms"":5.800008773803711,""subject_id"":""sub-004"",""session_id"":""ses-001"",""block_id"":""Block 5"",""counterbalance_group"":""G04"",""block_order"":""Block 5"",""condition"":""B"",""condition_type"":""bbbd_subtraction"",""topic_key"":""V6"",""topic_name"":""孔子的救世秘籍 仁爱 礼治 德治 中庸"",""event_type"":""quiz_item_response"",""iso_time"":""2026-09-17T04:14:56.828Z"",""relative_ms"":384898,""video_time_sec"":325.753,""video_id"":""V6"",""question_id"":""V6Q2"",""question_text"":""孔子主张“为政以德”，他认为治理国家应该以什么为主？"",""response_index"":1,""response_letter"":""B"",""response_text"":""以道德教化为主要手段"",""correct_index"":1,""correct_letter"":""B"",""correct_text"":""以道德教化为主要手段"",""is_correct"":true,""reaction_time_ms"":8720,""submitted_iso"":""2026-09-17T04:14:56.828Z"",""submitted_relative_ms"":384898}",2e32687e-f8cf-4a91-8fec-dfa79fb2e0c2,sub-004,ses-001,ed7025ce-69aa-40af-a713-7218c0dfbd0c,9ece73d8-93e2-40b0-8ef9-75787e7f1947,1789618496.908512,1789618496.8283,2259159.2,9ece73d8-93e2-40b0-8ef9-75787e7f1947,browser_calibrated,0.00024271011352539062,5.800008773803711,545591,545591,0,10.390043258666992,host_receive_nearest,verified,1,1,,,,,,,,,1,,,,,,,,,,,,,,,,,孔子主张“为政以德”，他认为治理国家应该以什么为主？,1,以道德教化为主要手段,V6,B,325.753,1789618496.8283,1789618496.908619,545591,,,,,,,,,,
65b2539d-7424-49f0-a462-9871a17a0352,quiz_item_response,1789618496.8345428,2182.364,545621,5,5,,2,G04,B,bbbd_subtraction,quiz_item_response,针对当时“礼崩乐坏”的社会环境，孔子提出了什么治国方案？,,0.0,0.0,,V6Q3,B,B,True,11351,"{""client_event_id"":""65b2539d-7424-49f0-a462-9871a17a0352"",""recorder_run_id"":""2e32687e-f8cf-4a91-8fec-dfa79fb2e0c2"",""client_id"":""9ece73d8-93e2-40b0-8ef9-75787e7f1947"",""client_timestamp"":1789618496.8343,""client_monotonic_ms"":2259165.2,""event_timestamp"":1789618496.8345428,""clock_offset_sec"":0.00024271011352539062,""clock_round_trip_ms"":5.800008773803711,""subject_id"":""sub-004"",""session_id"":""ses-001"",""block_id"":""Block 5"",""counterbalance_group"":""G04"",""block_order"":""Block 5"",""condition"":""B"",""condition_type"":""bbbd_subtraction"",""topic_key"":""V6"",""topic_name"":""孔子的救世秘籍 仁爱 礼治 德治 中庸"",""event_type"":""quiz_item_response"",""iso_time"":""2026-09-17T04:14:56.834Z"",""relative_ms"":384904,""video_time_sec"":325.753,""video_id"":""V6"",""question_id"":""V6Q3"",""question_text"":""针对当时“礼崩乐坏”的社会环境，孔子提出了什么治国方案？"",""response_index"":1,""response_letter"":""B"",""response_text"":""礼治"",""correct_index"":1,""correct_letter"":""B"",""correct_text"":""礼治"",""is_correct"":true,""reaction_time_ms"":11351,""submitted_iso"":""2026-09-17T04:14:56.834Z"",""submitted_relative_ms"":384904}",2e32687e-f8cf-4a91-8fec-dfa79fb2e0c2,sub-004,ses-001,65b2539d-7424-49f0-a462-9871a17a0352,9ece73d8-93e2-40b0-8ef9-75787e7f1947,1789618496.9508502,1789618496.8343,2259165.2,9ece73d8-93e2-40b0-8ef9-75787e7f1947,browser_calibrated,0.00024271011352539062,5.800008773803711,545591,545591,0,4.39000129699707,host_receive_nearest,verified,1,1,,,,,,,,,1,,,,,,,,,,,,,,,,,针对当时“礼崩乐坏”的社会环境，孔子提出了什么治国方案？,1,礼治,V6,B,325.753,1789618496.8343,1789618496.950984,545591,,,,,,,,,,
84c93e99-5cc8-483b-88e9-82219752e117,quiz_item_response,1789618496.8422427,2182.38,545626,5,5,,2,G04,B,bbbd_subtraction,quiz_item_response,孔子提出的“中庸”思想，其核心含义是什么？,,0.0,0.0,,V6Q4,B,B,True,13624,"{""client_event_id"":""84c93e99-5cc8-483b-88e9-82219752e117"",""recorder_run_id"":""2e32687e-f8cf-4a91-8fec-dfa79fb2e0c2"",""client_id"":""9ece73d8-93e2-40b0-8ef9-75787e7f1947"",""client_timestamp"":1789618496.842,""client_monotonic_ms"":2259172.9000000004,""event_timestamp"":1789618496.8422427,""clock_offset_sec"":0.00024271011352539062,""clock_round_trip_ms"":5.800008773803711,""subject_id"":""sub-004"",""session_id"":""ses-001"",""block_id"":""Block 5"",""counterbalance_group"":""G04"",""block_order"":""Block 5"",""condition"":""B"",""condition_type"":""bbbd_subtraction"",""topic_key"":""V6"",""topic_name"":""孔子的救世秘籍 仁爱 礼治 德治 中庸"",""event_type"":""quiz_item_response"",""iso_time"":""2026-09-17T04:14:56.842Z"",""relative_ms"":384912,""video_time_sec"":325.753,""video_id"":""V6"",""question_id"":""V6Q4"",""question_text"":""孔子提出的“中庸”思想，其核心含义是什么？"",""response_index"":1,""response_letter"":""B"",""response_text"":""做事恰到好处，不走极端"",""correct_index"":1,""correct_letter"":""B"",""correct_text"":""做事恰到好处，不走极端"",""is_correct"":true,""reaction_time_ms"":13624,""submitted_iso"":""2026-09-17T04:14:56.841Z"",""submitted_relative_ms"":384912}",2e32687e-f8cf-4a91-8fec-dfa79fb2e0c2,sub-004,ses-001,84c93e99-5cc8-483b-88e9-82219752e117,9ece73d8-93e2-40b0-8ef9-75787e7f1947,1789618496.9661453,1789618496.842,2259172.9000000004,9ece73d8-93e2-40b0-8ef9-75787e7f1947,browser_calibrated,0.00024271011352539062,5.800008773803711,545595,545595,0,-3.0639171600341797,host_receive_nearest,verified,1,1,,,,,,,,,1,,,,,,,,,,,,,,,,,孔子提出的“中庸”思想，其核心含义是什么？,1,做事恰到好处，不走极端,V6,B,325.753,1789618496.842,1789618496.966303,545595,,,,,,,,,,
8a63155d-7de2-4792-be89-732e41823034,quiz_end,1789618496.8496428,2182.38,545626,5,5,,2,G04,B,bbbd_subtraction,quiz_end,4/4,14.567,0.0,0.0,,,,,,,"{""client_event_id"":""8a63155d-7de2-4792-be89-732e41823034"",""recorder_run_id"":""2e32687e-f8cf-4a91-8fec-dfa79fb2e0c2"",""client_id"":""9ece73d8-93e2-40b0-8ef9-75787e7f1947"",""client_timestamp"":1789618496.8494,""client_monotonic_ms"":2259180.4000000004,""event_timestamp"":1789618496.8496428,""clock_offset_sec"":0.00024271011352539062,""clock_round_trip_ms"":5.800008773803711,""subject_id"":""sub-004"",""session_id"":""ses-001"",""block_id"":""Block 5"",""counterbalance_group"":""G04"",""block_order"":""Block 5"",""condition"":""B"",""condition_type"":""bbbd_subtraction"",""topic_key"":""V6"",""topic_name"":""孔子的救世秘籍 仁爱 礼治 德治 中庸"",""event_type"":""quiz_end"",""iso_time"":""2026-09-17T04:14:56.849Z"",""relative_ms"":384920,""video_time_sec"":325.753,""score"":4,""total"":4,""duration_sec"":14.567}",2e32687e-f8cf-4a91-8fec-dfa79fb2e0c2,sub-004,ses-001,8a63155d-7de2-4792-be89-732e41823034,9ece73d8-93e2-40b0-8ef9-75787e7f1947,1789618496.9813704,1789618496.8494,2259180.4000000004,9ece73d8-93e2-40b0-8ef9-75787e7f1947,browser_calibrated,0.00024271011352539062,5.800008773803711,545595,545595,0,-10.463953018188477,host_receive_nearest,verified,1,1,,,,,,,,,1,,,,,,,,,,,,,,,4,4,,,,V6,B,325.753,1789618496.8494,1789618496.981467,545595,,,,,,,,,,
8a63155d-7de2-4792-be89-732e41823034,block_end,1789618496.8496428,2182.38,545626,5,5,,2,G04,B,bbbd_subtraction,block_end,V6,,0.0,0.0,,,,,,,,2e32687e-f8cf-4a91-8fec-dfa79fb2e0c2,sub-004,ses-001,8a63155d-7de2-4792-be89-732e41823034,9ece73d8-93e2-40b0-8ef9-75787e7f1947,1789618496.9813704,1789618496.8494,2259180.4000000004,9ece73d8-93e2-40b0-8ef9-75787e7f1947,browser_calibrated,0.00024271011352539062,5.800008773803711,545595,545595,0,-10.463953018188477,host_receive_nearest,verified,1,1,,,,,,,,,1,,,,,,,,,,,,,,,,,,,,V6,B,325.753,1789618496.8494,1789618496.9817953,545595,,,,,,,,,,
6d50bcbf-97cc-45a3-a735-8b3b45c95957,rest_start,1789618496.860643,2182.384,545636,5,5,,2,G04,B,bbbd_subtraction,rest_start,after-block-5,,0.0,0.0,,,,,,,"{""client_event_id"":""6d50bcbf-97cc-45a3-a735-8b3b45c95957"",""recorder_run_id"":""2e32687e-f8cf-4a91-8fec-dfa79fb2e0c2"",""client_id"":""9ece73d8-93e2-40b0-8ef9-75787e7f1947"",""client_timestamp"":1789618496.8604002,""client_monotonic_ms"":2259191.3,""event_timestamp"":1789618496.860643,""clock_offset_sec"":0.00024271011352539062,""clock_round_trip_ms"":5.800008773803711,""subject_id"":""sub-004"",""session_id"":""ses-001"",""block_id"":""Block 5"",""counterbalance_group"":""G04"",""block_order"":""Block 5"",""condition"":""B"",""condition_type"":""bbbd_subtraction"",""topic_key"":""V6"",""topic_name"":""孔子的救世秘籍 仁爱 礼治 德治 中庸"",""event_type"":""rest_start"",""iso_time"":""2026-09-17T04:14:56.860Z"",""relative_ms"":384931,""video_time_sec"":325.753,""after_block_id"":5,""planned_duration"":30,""actual_duration"":"""",""is_formal_experiment"":0}",2e32687e-f8cf-4a91-8fec-dfa79fb2e0c2,sub-004,ses-001,6d50bcbf-97cc-45a3-a735-8b3b45c95957,9ece73d8-93e2-40b0-8ef9-75787e7f1947,1789618497.0060353,1789618496.8604002,2259191.3,9ece73d8-93e2-40b0-8ef9-75787e7f1947,browser_calibrated,0.00024271011352539062,5.800008773803711,545596,545596,0,8.460044860839844,host_receive_nearest,verified,0,1,,,,,5,,30,,0,,,,,,,,,,,,,,,,,,,,V6,B,325.753,1789618496.8604002,1789618497.0061316,545596,,,,,,,,,,
b34aa89e-47f7-44e6-8c44-ee9a9c93729f,rest_end,1789618530.386183,2215.9,553976,5,5,,2,G04,B,bbbd_subtraction,rest_end,after-block-5,33.526,0.0,0.0,,,,,,,"{""client_event_id"":""b34aa89e-47f7-44e6-8c44-ee9a9c93729f"",""recorder_run_id"":""2e32687e-f8cf-4a91-8fec-dfa79fb2e0c2"",""client_id"":""9ece73d8-93e2-40b0-8ef9-75787e7f1947"",""client_timestamp"":1789618530.3861,""client_monotonic_ms"":2292717,""event_timestamp"":1789618530.386183,""clock_offset_sec"":8.296966552734375e-05,""clock_round_trip_ms"":6.099939346313477,""subject_id"":""sub-004"",""session_id"":""ses-001"",""block_id"":""Block 5"",""counterbalance_group"":""G04"",""block_order"":""Block 5"",""condition"":""B"",""condition_type"":""bbbd_subtraction"",""topic_key"":""V6"",""topic_name"":""孔子的救世秘籍 仁爱 礼治 德治 中庸"",""event_type"":""rest_end"",""iso_time"":""2026-09-17T04:15:30.386Z"",""relative_ms"":418456,""video_time_sec"":325.753,""after_block_id"":5,""planned_duration"":30,""actual_duration"":33.526,""duration_sec"":33.526,""is_formal_experiment"":0,""debug_early"":false}",2e32687e-f8cf-4a91-8fec-dfa79fb2e0c2,sub-004,ses-001,b34aa89e-47f7-44e6-8c44-ee9a9c93729f,9ece73d8-93e2-40b0-8ef9-75787e7f1947,1789618530.3926294,1789618530.3861,2292717,9ece73d8-93e2-40b0-8ef9-75787e7f1947,browser_calibrated,8.296966552734375e-05,6.099939346313477,553975,553975,0,-29.10614013671875,host_receive_nearest,verified,0,1,,,,,5,,30,33.526,0,,,,,,,,,,,,,,,,,,,,V6,B,325.753,1789618530.3861,1789618530.3927197,553975,,,,,,,,,,
07b06cae-849d-4b0d-b7c7-8c2a8883ca1b,block_start,1789618533.0345829,2218.56,554641,6,6,,2,G04,A,focused,block_start,V1,,0.0,0.0,,,,,,,condition=A; condition_type=focused,2e32687e-f8cf-4a91-8fec-dfa79fb2e0c2,sub-004,ses-001,07b06cae-849d-4b0d-b7c7-8c2a8883ca1b,9ece73d8-93e2-40b0-8ef9-75787e7f1947,1789618533.0401134,1789618533.0345,2295365.4000000004,9ece73d8-93e2-40b0-8ef9-75787e7f1947,browser_calibrated,8.296966552734375e-05,6.099939346313477,554640,554640,0,-12.887001037597656,host_receive_nearest,verified,0,1,,,,,,,,,1,,,,,,,,,,,,,,,,,,,,V1,A,0,1789618533.0345,1789618533.0404317,554640,,,,,,,,,,
07b06cae-849d-4b0d-b7c7-8c2a8883ca1b,condition_prompt_start,1789618533.0345829,2218.56,554641,6,6,,2,G04,A,focused,condition_prompt_start,A,,0.0,0.0,,,,,,,,2e32687e-f8cf-4a91-8fec-dfa79fb2e0c2,sub-004,ses-001,07b06cae-849d-4b0d-b7c7-8c2a8883ca1b,9ece73d8-93e2-40b0-8ef9-75787e7f1947,1789618533.0401134,1789618533.0345,2295365.4000000004,9ece73d8-93e2-40b0-8ef9-75787e7f1947,browser_calibrated,8.296966552734375e-05,6.099939346313477,554640,554640,0,-12.887001037597656,host_receive_nearest,verified,0,1,,,,,,,,,1,,,,,,,,,,,,,,,,,,,,V1,A,0,1789618533.0345,1789618533.0406747,554640,,,,,,,,,,
07b06cae-849d-4b0d-b7c7-8c2a8883ca1b,browser_block_config,1789618533.0345829,2218.56,554641,6,6,,2,G04,A,focused,browser_block_config,V1,,0.0,0.0,,,,,,,"{""client_event_id"":""07b06cae-849d-4b0d-b7c7-8c2a8883ca1b"",""recorder_run_id"":""2e32687e-f8cf-4a91-8fec-dfa79fb2e0c2"",""client_id"":""9ece73d8-93e2-40b0-8ef9-75787e7f1947"",""client_timestamp"":1789618533.0345,""client_monotonic_ms"":2295365.4000000004,""event_timestamp"":1789618533.0345829,""clock_offset_sec"":8.296966552734375e-05,""clock_round_trip_ms"":6.099939346313477,""subject_id"":""sub-004"",""session_id"":""ses-001"",""block_id"":""Block 6"",""counterbalance_group"":""G04"",""block_order"":""Block 6"",""condition"":""A"",""condition_type"":""focused"",""topic_key"":""V1"",""topic_name"":""商鞅 一个改变秦国命运的男人"",""event_type"":""block_start"",""iso_time"":""2026-09-17T04:15:33.034Z"",""relative_ms"":0,""video_time_sec"":0,""block_start_iso"":""2026-09-17T04:15:33.034Z"",""config_json"":""{\""recorder_run_id\"":\""2e32687e-f8cf-4a91-8fec-dfa79fb2e0c2\"",\""subject_id\"":\""sub-004\"",\""session_id\"":\""ses-001\"",\""block_id\"":\""Block 6\"",\""counterbalance_group\"":\""G04\"",\""condition\"":\""A\"",\""condition_type\"":\""focused\"",\""topic_key\"":\""V1\"",\""topic_name\"":\""商鞅 一个改变秦国命运的男人\"",\""video_file\"":\""视频1-混知漫画｜商鞅！一个改变秦国命运的男人！-480P 标清-AVC.mp4\"",\""start_number\"":\""\"",\""generated_timestamp\"":\""\""}""}",2e32687e-f8cf-4a91-8fec-dfa79fb2e0c2,sub-004,ses-001,07b06cae-849d-4b0d-b7c7-8c2a8883ca1b,9ece73d8-93e2-40b0-8ef9-75787e7f1947,1789618533.0401134,1789618533.0345,2295365.4000000004,9ece73d8-93e2-40b0-8ef9-75787e7f1947,browser_calibrated,8.296966552734375e-05,6.099939346313477,554640,554640,0,-12.887001037597656,host_receive_nearest,verified,0,1,,,,,,,,,1,,,,,,,,,,,,,,,,,,,,V1,A,0,1789618533.0345,1789618533.0407562,554640,,,,,,,,,,
11fc77a1-f16b-4d19-b28f-5fcd63ffcb9b,probe_schedule,1789618533.1046832,2218.62,554656,6,6,,2,G04,A,focused,probe_schedule,"101.107,147.019,194.162,239.449",,0.0,0.0,,,,,,,"{""client_event_id"":""11fc77a1-f16b-4d19-b28f-5fcd63ffcb9b"",""recorder_run_id"":""2e32687e-f8cf-4a91-8fec-dfa79fb2e0c2"",""client_id"":""9ece73d8-93e2-40b0-8ef9-75787e7f1947"",""client_timestamp"":1789618533.1046002,""client_monotonic_ms"":2295435.5,""event_timestamp"":1789618533.1046832,""clock_offset_sec"":8.296966552734375e-05,""clock_round_trip_ms"":6.099939346313477,""subject_id"":""sub-004"",""session_id"":""ses-001"",""block_id"":""Block 6"",""counterbalance_group"":""G04"",""block_order"":""Block 6"",""condition"":""A"",""condition_type"":""focused"",""topic_key"":""V1"",""topic_name"":""商鞅 一个改变秦国命运的男人"",""event_type"":""probe_schedule"",""iso_time"":""2026-09-17T04:15:33.104Z"",""relative_ms"":70,""video_time_sec"":0,""probe_schedule_id"":""3d20755f-848b-48f7-a594-8b2556fe9c71"",""probe_times"":[101.107,147.019,194.162,239.449],""probe_config"":{""probes_per_block"":4,""min_first_onset_sec"":45,""min_end_margin_sec"":30,""min_gap_sec"":45},""video_duration_sec"":346.795,""video_id"":""V1"",""debug_fast"":false}",2e32687e-f8cf-4a91-8fec-dfa79fb2e0c2,sub-004,ses-001,11fc77a1-f16b-4d19-b28f-5fcd63ffcb9b,9ece73d8-93e2-40b0-8ef9-75787e7f1947,1789618533.1111546,1789618533.1046002,2295435.5,9ece73d8-93e2-40b0-8ef9-75787e7f1947,browser_calibrated,8.296966552734375e-05,6.099939346313477,554655,554655,0,-23.46348762512207,host_receive_nearest,verified,1,1,,,,,,,,,1,,,,,,,,,,,,,,,,,,,,V1,A,0,1789618533.1046002,1789618533.1112974,554655,,4,3d20755f-848b-48f7-a594-8b2556fe9c71,,,,,,,
686b8841-b299-4f06-ae0c-91bbb44803ce,condition_prompt_end,1789618538.1195,2223.644,555916,6,6,,2,G04,A,focused,condition_prompt_end,0,,0.0,0.0,,,,,,,"{""client_event_id"":""686b8841-b299-4f06-ae0c-91bbb44803ce"",""recorder_run_id"":""2e32687e-f8cf-4a91-8fec-dfa79fb2e0c2"",""client_id"":""9ece73d8-93e2-40b0-8ef9-75787e7f1947"",""client_timestamp"":1789618538.1195,""client_monotonic_ms"":2300450.4000000004,""event_timestamp"":1789618538.1195,""clock_offset_sec"":0.000255584716796875,""clock_round_trip_ms"":6.099939346313477,""subject_id"":""sub-004"",""session_id"":""ses-001"",""block_id"":""Block 6"",""counterbalance_group"":""G04"",""block_order"":""Block 6"",""condition"":""A"",""condition_type"":""focused"",""topic_key"":""V1"",""topic_name"":""商鞅 一个改变秦国命运的男人"",""event_type"":""condition_prompt_end"",""iso_time"":""2026-09-17T04:15:38.119Z"",""relative_ms"":5085,""video_time_sec"":0}",2e32687e-f8cf-4a91-8fec-dfa79fb2e0c2,sub-004,ses-001,686b8841-b299-4f06-ae0c-91bbb44803ce,9ece73d8-93e2-40b0-8ef9-75787e7f1947,1789618538.1385772,1789618538.1195,2300450.4000000004,9ece73d8-93e2-40b0-8ef9-75787e7f1947,browser_calibrated,0.000255584716796875,6.099939346313477,555911,555911,0,1.6589164733886719,host_receive_nearest,verified,1,0,,,,,,,,,1,,,,,,,,,,,,,,,,,,,,V1,A,0,1789618538.1195,1789618538.1387181,555911,,,,,,,,,,
9cbc3c06-0485-4b9c-8a84-52a721e403d6,video_start,1789618538.1195,2223.644,555926,6,6,,2,G04,A,focused,video_start,V1,,0.0,0.0,,,,,,,,2e32687e-f8cf-4a91-8fec-dfa79fb2e0c2,sub-004,ses-001,9cbc3c06-0485-4b9c-8a84-52a721e403d6,9ece73d8-93e2-40b0-8ef9-75787e7f1947,1789618538.1679523,1789618538.1308,2300461.7,9ece73d8-93e2-40b0-8ef9-75787e7f1947,browser_calibrated,0.000255584716796875,6.099939346313477,555911,555911,0,1.6589164733886719,host_receive_nearest,verified,1,1,,,,,,,,,1,,,,,,,,,,,,,,,,,,,,V1,A,0,1789618538.1308,1789618538.1680794,555911,,,,,,,,,,
9cbc3c06-0485-4b9c-8a84-52a721e403d6,video_play,1789618538.1195,2223.644,555926,6,6,,2,G04,A,focused,video_play,0,,0.0,0.0,,,,,,,"{""client_event_id"":""9cbc3c06-0485-4b9c-8a84-52a721e403d6"",""recorder_run_id"":""2e32687e-f8cf-4a91-8fec-dfa79fb2e0c2"",""client_id"":""9ece73d8-93e2-40b0-8ef9-75787e7f1947"",""client_timestamp"":1789618538.1308,""client_monotonic_ms"":2300461.7,""event_timestamp"":1789618538.1195,""clock_offset_sec"":0.000255584716796875,""clock_round_trip_ms"":6.099939346313477,""subject_id"":""sub-004"",""session_id"":""ses-001"",""block_id"":""Block 6"",""counterbalance_group"":""G04"",""block_order"":""Block 6"",""condition"":""A"",""condition_type"":""focused"",""topic_key"":""V1"",""topic_name"":""商鞅 一个改变秦国命运的男人"",""event_type"":""video_play"",""iso_time"":""2026-09-17T04:15:38.130Z"",""relative_ms"":5097,""video_time_sec"":0}",2e32687e-f8cf-4a91-8fec-dfa79fb2e0c2,sub-004,ses-001,9cbc3c06-0485-4b9c-8a84-52a721e403d6,9ece73d8-93e2-40b0-8ef9-75787e7f1947,1789618538.1679523,1789618538.1308,2300461.7,9ece73d8-93e2-40b0-8ef9-75787e7f1947,browser_calibrated,0.000255584716796875,6.099939346313477,555911,555911,0,1.6589164733886719,host_receive_nearest,verified,1,1,,,,,,,,,1,,,,,,,,,,,,,,,,,,,,V1,A,0,1789618538.1308,1789618538.1683033,555911,,,,,,,,,,
c166f4be-fbe2-4279-9368-6d261344fd38,probe_onset,1789618639.3833663,2324.916,581230,6,6,,2,G04,A,focused,probe_onset,Block 6_1_3d20755f,,0.0,0.0,,,,,,,"{""client_event_id"":""c166f4be-fbe2-4279-9368-6d261344fd38"",""recorder_run_id"":""2e32687e-f8cf-4a91-8fec-dfa79fb2e0c2"",""client_id"":""9ece73d8-93e2-40b0-8ef9-75787e7f1947"",""client_timestamp"":1789618639.3832002,""client_monotonic_ms"":2401714.0999999996,""event_timestamp"":1789618639.3833663,""clock_offset_sec"":0.00016617774963378906,""clock_round_trip_ms"":6.099939346313477,""subject_id"":""sub-004"",""session_id"":""ses-001"",""block_id"":""Block 6"",""counterbalance_group"":""G04"",""block_order"":""Block 6"",""condition"":""A"",""condition_type"":""focused"",""topic_key"":""V1"",""topic_name"":""商鞅 一个改变秦国命运的男人"",""event_type"":""probe_onset"",""iso_time"":""2026-09-17T04:17:19.383Z"",""relative_ms"":106349,""video_time_sec"":101.205,""probe_id"":""Block 6_1_3d20755f"",""probe_index"":1,""probe_schedule_id"":""3d20755f-848b-48f7-a594-8b2556fe9c71"",""probe_planned_time_sec"":101.107,""video_id"":""V1"",""pause_reason"":""thought_probe"",""forced"":false}",2e32687e-f8cf-4a91-8fec-dfa79fb2e0c2,sub-004,ses-001,c166f4be-fbe2-4279-9368-6d261344fd38,9ece73d8-93e2-40b0-8ef9-75787e7f1947,1789618639.3896132,1789618639.3832002,2401714.0999999996,9ece73d8-93e2-40b0-8ef9-75787e7f1947,browser_calibrated,0.00016617774963378906,6.099939346313477,581229,581229,0,-5.076169967651367,host_receive_nearest,verified,1,1,,,,,,,,,1,,,,,,,,,,,,,,,,,,,,V1,A,101.205,1789618639.3832002,1789618639.3897157,581229,Block 6_1_3d20755f,1,3d20755f-848b-48f7-a594-8b2556fe9c71,101.107,,,,,,thought_probe
58c69710-db4a-4e1b-a13d-1b69f4adc8cf,attention_response,1789618642.9876661,2328.516,582130,6,6,,2,G04,A,focused,attention_response,1,,0.0,0.0,,,,,,,"{""client_event_id"":""58c69710-db4a-4e1b-a13d-1b69f4adc8cf"",""recorder_run_id"":""2e32687e-f8cf-4a91-8fec-dfa79fb2e0c2"",""client_id"":""9ece73d8-93e2-40b0-8ef9-75787e7f1947"",""client_timestamp"":1789618642.9875,""client_monotonic_ms"":2405318.5,""event_timestamp"":1789618642.9876661,""clock_offset_sec"":0.00016617774963378906,""clock_round_trip_ms"":6.099939346313477,""subject_id"":""sub-004"",""session_id"":""ses-001"",""block_id"":""Block 6"",""counterbalance_group"":""G04"",""block_order"":""Block 6"",""condition"":""A"",""condition_type"":""focused"",""topic_key"":""V1"",""topic_name"":""商鞅 一个改变秦国命运的男人"",""event_type"":""attention_response"",""iso_time"":""2026-09-17T04:17:22.987Z"",""relative_ms"":109953,""video_time_sec"":101.205,""probe_id"":""Block 6_1_3d20755f"",""probe_index"":1,""probe_schedule_id"":""3d20755f-848b-48f7-a594-8b2556fe9c71"",""probe_planned_time_sec"":101.107,""video_id"":""V1"",""response"":1,""response_label"":""课程内容"",""probe_attention"":""ON"",""response_time_ms"":3605}",2e32687e-f8cf-4a91-8fec-dfa79fb2e0c2,sub-004,ses-001,58c69710-db4a-4e1b-a13d-1b69f4adc8cf,9ece73d8-93e2-40b0-8ef9-75787e7f1947,1789618642.9936697,1789618642.9875,2405318.5,9ece73d8-93e2-40b0-8ef9-75787e7f1947,browser_calibrated,0.00016617774963378906,6.099939346313477,582129,582129,0,-7.488012313842773,host_receive_nearest,verified,1,1,,,,,,,,,1,,,,,,,,,,,,,,,,,,,,V1,A,101.205,1789618642.9875,1789618643.00766,582129,Block 6_1_3d20755f,1,3d20755f-848b-48f7-a594-8b2556fe9c71,101.107,1,课程内容,3605,,ON,
cee00feb-eb5c-4eed-9ca4-105197ce8c05,confidence_response,1789618644.6452663,2330.156,582540,6,6,,2,G04,A,focused,confidence_response,3,,0.0,0.0,,,,,,,"{""client_event_id"":""cee00feb-eb5c-4eed-9ca4-105197ce8c05"",""recorder_run_id"":""2e32687e-f8cf-4a91-8fec-dfa79fb2e0c2"",""client_id"":""9ece73d8-93e2-40b0-8ef9-75787e7f1947"",""client_timestamp"":1789618644.6451,""client_monotonic_ms"":2406976,""event_timestamp"":1789618644.6452663,""clock_offset_sec"":0.00016617774963378906,""clock_round_trip_ms"":6.099939346313477,""subject_id"":""sub-004"",""session_id"":""ses-001"",""block_id"":""Block 6"",""counterbalance_group"":""G04"",""block_order"":""Block 6"",""condition"":""A"",""condition_type"":""focused"",""topic_key"":""V1"",""topic_name"":""商鞅 一个改变秦国命运的男人"",""event_type"":""confidence_response"",""iso_time"":""2026-09-17T04:17:24.645Z"",""relative_ms"":111611,""video_time_sec"":101.205,""probe_id"":""Block 6_1_3d20755f"",""probe_index"":1,""probe_schedule_id"":""3d20755f-848b-48f7-a594-8b2556fe9c71"",""probe_planned_time_sec"":101.107,""video_id"":""V1"",""response"":1,""confidence"":3,""response_time_ms"":1658}",2e32687e-f8cf-4a91-8fec-dfa79fb2e0c2,sub-004,ses-001,cee00feb-eb5c-4eed-9ca4-105197ce8c05,9ece73d8-93e2-40b0-8ef9-75787e7f1947,1789618644.6506627,1789618644.6451,2406976,9ece73d8-93e2-40b0-8ef9-75787e7f1947,browser_calibrated,0.00016617774963378906,6.099939346313477,582539,582539,0,-18.650531768798828,host_receive_nearest,verified,1,1,,,,,,,,,1,,,,,,,,,,,,,,,,,,,,V1,A,101.205,1789618644.6451,1789618644.6609893,582539,Block 6_1_3d20755f,1,3d20755f-848b-48f7-a594-8b2556fe9c71,101.107,,,1658,3,,
41e6ca78-192b-483a-9489-b571b3d822df,phase_change,1789618644.6578665,2330.16,582555,6,6,,2,G04,A,focused,phase_change,video,,0.0,0.0,,,,,,,,2e32687e-f8cf-4a91-8fec-dfa79fb2e0c2,sub-004,ses-001,41e6ca78-192b-483a-9489-b571b3d822df,9ece73d8-93e2-40b0-8ef9-75787e7f1947,1789618644.6906972,1789618644.6577003,2406988.5999999996,9ece73d8-93e2-40b0-8ef9-75787e7f1947,browser_calibrated,0.00016617774963378906,6.099939346313477,582540,582540,0,4.379510879516602,host_receive_nearest,verified,1,1,,,,,,,,,1,,,,,,,,,,,,,,,,,,,,V1,A,101.26,1789618644.6577003,1789618644.6908636,582540,,,,,,,,,,
41e6ca78-192b-483a-9489-b571b3d822df,video_resume,1789618644.6578665,2330.16,582555,6,6,,2,G04,A,focused,video_resume,101.26,,0.0,0.0,,,,,,,"{""client_event_id"":""41e6ca78-192b-483a-9489-b571b3d822df"",""recorder_run_id"":""2e32687e-f8cf-4a91-8fec-dfa79fb2e0c2"",""client_id"":""9ece73d8-93e2-40b0-8ef9-75787e7f1947"",""client_timestamp"":1789618644.6577003,""client_monotonic_ms"":2406988.5999999996,""event_timestamp"":1789618644.6578665,""clock_offset_sec"":0.00016617774963378906,""clock_round_trip_ms"":6.099939346313477,""subject_id"":""sub-004"",""session_id"":""ses-001"",""block_id"":""Block 6"",""counterbalance_group"":""G04"",""block_order"":""Block 6"",""condition"":""A"",""condition_type"":""focused"",""topic_key"":""V1"",""topic_name"":""商鞅 一个改变秦国命运的男人"",""event_type"":""video_resume"",""iso_time"":""2026-09-17T04:17:24.657Z"",""relative_ms"":111623,""video_time_sec"":101.26,""probe_id"":""Block 6_1_3d20755f"",""probe_index"":1,""probe_schedule_id"":""3d20755f-848b-48f7-a594-8b2556fe9c71"",""probe_planned_time_sec"":101.107,""video_id"":""V1"",""pause_reason"":""thought_probe"",""resume_status"":""playing""}",2e32687e-f8cf-4a91-8fec-dfa79fb2e0c2,sub-004,ses-001,41e6ca78-192b-483a-9489-b571b3d822df,9ece73d8-93e2-40b0-8ef9-75787e7f1947,1789618644.6906972,1789618644.6577003,2406988.5999999996,9ece73d8-93e2-40b0-8ef9-75787e7f1947,browser_calibrated,0.00016617774963378906,6.099939346313477,582540,582540,0,4.379510879516602,host_receive_nearest,verified,1,1,,,,,,,,,1,,,,,,,,,,,,,,,,,,,,V1,A,101.26,1789618644.6577003,1789618644.691103,582540,Block 6_1_3d20755f,,,,,,,,,thought_probe
77b3d6cf-aced-496e-a232-3511a5ca4016,probe_onset,1789618690.6451843,2376.16,594045,6,6,,2,G04,A,focused,probe_onset,Block 6_2_3d20755f,,0.0,0.0,,,,,,,"{""client_event_id"":""77b3d6cf-aced-496e-a232-3511a5ca4016"",""recorder_run_id"":""2e32687e-f8cf-4a91-8fec-dfa79fb2e0c2"",""client_id"":""9ece73d8-93e2-40b0-8ef9-75787e7f1947"",""client_timestamp"":1789618690.6449,""client_monotonic_ms"":2452975.8,""event_timestamp"":1789618690.6451843,""clock_offset_sec"":0.0002841949462890625,""clock_round_trip_ms"":5.8002471923828125,""subject_id"":""sub-004"",""session_id"":""ses-001"",""block_id"":""Block 6"",""counterbalance_group"":""G04"",""block_order"":""Block 6"",""condition"":""A"",""condition_type"":""focused"",""topic_key"":""V1"",""topic_name"":""商鞅 一个改变秦国命运的男人"",""event_type"":""probe_onset"",""iso_time"":""2026-09-17T04:18:10.644Z"",""relative_ms"":157611,""video_time_sec"":147.186,""probe_id"":""Block 6_2_3d20755f"",""probe_index"":2,""probe_schedule_id"":""3d20755f-848b-48f7-a594-8b2556fe9c71"",""probe_planned_time_sec"":147.019,""video_id"":""V1"",""pause_reason"":""thought_probe"",""forced"":false}",2e32687e-f8cf-4a91-8fec-dfa79fb2e0c2,sub-004,ses-001,77b3d6cf-aced-496e-a232-3511a5ca4016,9ece73d8-93e2-40b0-8ef9-75787e7f1947,1789618690.653356,1789618690.6449,2452975.8,9ece73d8-93e2-40b0-8ef9-75787e7f1947,browser_calibrated,0.0002841949462890625,5.8002471923828125,594040,594040,0,6.041765213012695,host_receive_nearest,verified,1,1,,,,,,,,,1,,,,,,,,,,,,,,,,,,,,V1,A,147.186,1789618690.6449,1789618690.6535618,594040,Block 6_2_3d20755f,2,3d20755f-848b-48f7-a594-8b2556fe9c71,147.019,,,,,,thought_probe
4bbc9eb6-7aae-46d4-a8f7-7d114669506a,attention_response,1789618692.8445842,2378.376,594595,6,6,,2,G04,A,focused,attention_response,1,,0.0,0.0,,,,,,,"{""client_event_id"":""4bbc9eb6-7aae-46d4-a8f7-7d114669506a"",""recorder_run_id"":""2e32687e-f8cf-4a91-8fec-dfa79fb2e0c2"",""client_id"":""9ece73d8-93e2-40b0-8ef9-75787e7f1947"",""client_timestamp"":1789618692.8443,""client_monotonic_ms"":2455175.2,""event_timestamp"":1789618692.8445842,""clock_offset_sec"":0.0002841949462890625,""clock_round_trip_ms"":5.8002471923828125,""subject_id"":""sub-004"",""session_id"":""ses-001"",""block_id"":""Block 6"",""counterbalance_group"":""G04"",""block_order"":""Block 6"",""condition"":""A"",""condition_type"":""focused"",""topic_key"":""V1"",""topic_name"":""商鞅 一个改变秦国命运的男人"",""event_type"":""attention_response"",""iso_time"":""2026-09-17T04:18:12.844Z"",""relative_ms"":159810,""video_time_sec"":147.186,""probe_id"":""Block 6_2_3d20755f"",""probe_index"":2,""probe_schedule_id"":""3d20755f-848b-48f7-a594-8b2556fe9c71"",""probe_planned_time_sec"":147.019,""video_id"":""V1"",""response"":1,""response_label"":""课程内容"",""probe_attention"":""ON"",""response_time_ms"":2200}",2e32687e-f8cf-4a91-8fec-dfa79fb2e0c2,sub-004,ses-001,4bbc9eb6-7aae-46d4-a8f7-7d114669506a,9ece73d8-93e2-40b0-8ef9-75787e7f1947,1789618692.8502638,1789618692.8443,2455175.2,9ece73d8-93e2-40b0-8ef9-75787e7f1947,browser_calibrated,0.0002841949462890625,5.8002471923828125,594594,594594,0,-3.7581920623779297,host_receive_nearest,verified,1,1,,,,,,,,,1,,,,,,,,,,,,,,,,,,,,V1,A,147.186,1789618692.8443,1789618692.8617334,594594,Block 6_2_3d20755f,2,3d20755f-848b-48f7-a594-8b2556fe9c71,147.019,1,课程内容,2200,,ON,
8598b5ee-7e6f-4d0c-9a5e-0aeda687cc91,confidence_response,1789618693.6628842,2379.196,594800,6,6,,2,G04,A,focused,confidence_response,4,,0.0,0.0,,,,,,,"{""client_event_id"":""8598b5ee-7e6f-4d0c-9a5e-0aeda687cc91"",""recorder_run_id"":""2e32687e-f8cf-4a91-8fec-dfa79fb2e0c2"",""client_id"":""9ece73d8-93e2-40b0-8ef9-75787e7f1947"",""client_timestamp"":1789618693.6626,""client_monotonic_ms"":2455993.5,""event_timestamp"":1789618693.6628842,""clock_offset_sec"":0.0002841949462890625,""clock_round_trip_ms"":5.8002471923828125,""subject_id"":""sub-004"",""session_id"":""ses-001"",""block_id"":""Block 6"",""counterbalance_group"":""G04"",""block_order"":""Block 6"",""condition"":""A"",""condition_type"":""focused"",""topic_key"":""V1"",""topic_name"":""商鞅 一个改变秦国命运的男人"",""event_type"":""confidence_response"",""iso_time"":""2026-09-17T04:18:13.662Z"",""relative_ms"":160628,""video_time_sec"":147.186,""probe_id"":""Block 6_2_3d20755f"",""probe_index"":2,""probe_schedule_id"":""3d20755f-848b-48f7-a594-8b2556fe9c71"",""probe_planned_time_sec"":147.019,""video_id"":""V1"",""response"":1,""confidence"":4,""response_time_ms"":818}",2e32687e-f8cf-4a91-8fec-dfa79fb2e0c2,sub-004,ses-001,8598b5ee-7e6f-4d0c-9a5e-0aeda687cc91,9ece73d8-93e2-40b0-8ef9-75787e7f1947,1789618693.6699212,1789618693.6626,2455993.5,9ece73d8-93e2-40b0-8ef9-75787e7f1947,browser_calibrated,0.0002841949462890625,5.8002471923828125,594799,594799,0,-11.586904525756836,host_receive_nearest,verified,1,1,,,,,,,,,1,,,,,,,,,,,,,,,,,,,,V1,A,147.186,1789618693.6626,1789618693.6829393,594799,Block 6_2_3d20755f,2,3d20755f-848b-48f7-a594-8b2556fe9c71,147.019,,,818,4,,
452f22ec-5c10-4598-be6b-b37efd6ea309,phase_change,1789618693.6771843,2379.2,594815,6,6,,2,G04,A,focused,phase_change,video,,0.0,0.0,,,,,,,,2e32687e-f8cf-4a91-8fec-dfa79fb2e0c2,sub-004,ses-001,452f22ec-5c10-4598-be6b-b37efd6ea309,9ece73d8-93e2-40b0-8ef9-75787e7f1947,1789618693.7239082,1789618693.6769001,2456007.9000000004,9ece73d8-93e2-40b0-8ef9-75787e7f1947,browser_calibrated,0.0002841949462890625,5.8002471923828125,594800,594800,0,9.508132934570312,host_receive_nearest,verified,1,1,,,,,,,,,1,,,,,,,,,,,,,,,,,,,,V1,A,147.24,1789618693.6769001,1789618693.7241051,594800,,,,,,,,,,
452f22ec-5c10-4598-be6b-b37efd6ea309,video_resume,1789618693.6771843,2379.2,594815,6,6,,2,G04,A,focused,video_resume,147.24,,0.0,0.0,,,,,,,"{""client_event_id"":""452f22ec-5c10-4598-be6b-b37efd6ea309"",""recorder_run_id"":""2e32687e-f8cf-4a91-8fec-dfa79fb2e0c2"",""client_id"":""9ece73d8-93e2-40b0-8ef9-75787e7f1947"",""client_timestamp"":1789618693.6769001,""client_monotonic_ms"":2456007.9000000004,""event_timestamp"":1789618693.6771843,""clock_offset_sec"":0.0002841949462890625,""clock_round_trip_ms"":5.8002471923828125,""subject_id"":""sub-004"",""session_id"":""ses-001"",""block_id"":""Block 6"",""counterbalance_group"":""G04"",""block_order"":""Block 6"",""condition"":""A"",""condition_type"":""focused"",""topic_key"":""V1"",""topic_name"":""商鞅 一个改变秦国命运的男人"",""event_type"":""video_resume"",""iso_time"":""2026-09-17T04:18:13.676Z"",""relative_ms"":160643,""video_time_sec"":147.24,""probe_id"":""Block 6_2_3d20755f"",""probe_index"":2,""probe_schedule_id"":""3d20755f-848b-48f7-a594-8b2556fe9c71"",""probe_planned_time_sec"":147.019,""video_id"":""V1"",""pause_reason"":""thought_probe"",""resume_status"":""playing""}",2e32687e-f8cf-4a91-8fec-dfa79fb2e0c2,sub-004,ses-001,452f22ec-5c10-4598-be6b-b37efd6ea309,9ece73d8-93e2-40b0-8ef9-75787e7f1947,1789618693.7239082,1789618693.6769001,2456007.9000000004,9ece73d8-93e2-40b0-8ef9-75787e7f1947,browser_calibrated,0.0002841949462890625,5.8002471923828125,594800,594800,0,9.508132934570312,host_receive_nearest,verified,1,1,,,,,,,,,1,,,,,,,,,,,,,,,,,,,,V1,A,147.24,1789618693.6769001,1789618693.7243547,594800,Block 6_2_3d20755f,,,,,,,,,thought_probe
8a9ee8ae-612b-49c7-aa14-67998a774597,probe_onset,1789618740.7475536,2426.24,606570,6,6,,2,G04,A,focused,probe_onset,Block 6_3_3d20755f,,0.0,0.0,,,,,,,"{""client_event_id"":""8a9ee8ae-612b-49c7-aa14-67998a774597"",""recorder_run_id"":""2e32687e-f8cf-4a91-8fec-dfa79fb2e0c2"",""client_id"":""9ece73d8-93e2-40b0-8ef9-75787e7f1947"",""client_timestamp"":1789618740.7474,""client_monotonic_ms"":2503078.3,""event_timestamp"":1789618740.7475536,""clock_offset_sec"":0.00015354156494140625,""clock_round_trip_ms"":5.899906158447266,""subject_id"":""sub-004"",""session_id"":""ses-001"",""block_id"":""Block 6"",""counterbalance_group"":""G04"",""block_order"":""Block 6"",""condition"":""A"",""condition_type"":""focused"",""topic_key"":""V1"",""topic_name"":""商鞅 一个改变秦国命运的男人"",""event_type"":""probe_onset"",""iso_time"":""2026-09-17T04:19:00.747Z"",""relative_ms"":207713,""video_time_sec"":194.247,""probe_id"":""Block 6_3_3d20755f"",""probe_index"":3,""probe_schedule_id"":""3d20755f-848b-48f7-a594-8b2556fe9c71"",""probe_planned_time_sec"":194.162,""video_id"":""V1"",""pause_reason"":""thought_probe"",""forced"":false}",2e32687e-f8cf-4a91-8fec-dfa79fb2e0c2,sub-004,ses-001,8a9ee8ae-612b-49c7-aa14-67998a774597,9ece73d8-93e2-40b0-8ef9-75787e7f1947,1789618740.7553806,1789618740.7474,2503078.3,9ece73d8-93e2-40b0-8ef9-75787e7f1947,browser_calibrated,0.00015354156494140625,5.899906158447266,606560,606560,0,5.039691925048828,host_receive_nearest,verified,1,1,,,,,,,,,1,,,,,,,,,,,,,,,,,,,,V1,A,194.247,1789618740.7474,1789618740.7555037,606560,Block 6_3_3d20755f,3,3d20755f-848b-48f7-a594-8b2556fe9c71,194.162,,,,,,thought_probe
b1809369-c4d4-434a-9ca0-23716fbcda91,attention_response,1789618743.7680538,2429.296,607325,6,6,,2,G04,A,focused,attention_response,1,,0.0,0.0,,,,,,,"{""client_event_id"":""b1809369-c4d4-434a-9ca0-23716fbcda91"",""recorder_run_id"":""2e32687e-f8cf-4a91-8fec-dfa79fb2e0c2"",""client_id"":""9ece73d8-93e2-40b0-8ef9-75787e7f1947"",""client_timestamp"":1789618743.7679002,""client_monotonic_ms"":2506098.8,""event_timestamp"":1789618743.7680538,""clock_offset_sec"":0.00015354156494140625,""clock_round_trip_ms"":5.899906158447266,""subject_id"":""sub-004"",""session_id"":""ses-001"",""block_id"":""Block 6"",""counterbalance_group"":""G04"",""block_order"":""Block 6"",""condition"":""A"",""condition_type"":""focused"",""topic_key"":""V1"",""topic_name"":""商鞅 一个改变秦国命运的男人"",""event_type"":""attention_response"",""iso_time"":""2026-09-17T04:19:03.767Z"",""relative_ms"":210734,""video_time_sec"":194.247,""probe_id"":""Block 6_3_3d20755f"",""probe_index"":3,""probe_schedule_id"":""3d20755f-848b-48f7-a594-8b2556fe9c71"",""probe_planned_time_sec"":194.162,""video_id"":""V1"",""response"":1,""response_label"":""课程内容"",""probe_attention"":""ON"",""response_time_ms"":3021}",2e32687e-f8cf-4a91-8fec-dfa79fb2e0c2,sub-004,ses-001,b1809369-c4d4-434a-9ca0-23716fbcda91,9ece73d8-93e2-40b0-8ef9-75787e7f1947,1789618743.7760546,1789618743.7679002,2506098.8,9ece73d8-93e2-40b0-8ef9-75787e7f1947,browser_calibrated,0.00015354156494140625,5.899906158447266,607324,607324,0,-11.31582260131836,host_receive_nearest,verified,1,1,,,,,,,,,1,,,,,,,,,,,,,,,,,,,,V1,A,194.247,1789618743.7679002,1789618743.78718,607324,Block 6_3_3d20755f,3,3d20755f-848b-48f7-a594-8b2556fe9c71,194.162,1,课程内容,3021,,ON,
800a82c3-7963-439c-8274-c2719c6495c2,confidence_response,1789618745.0935538,2430.616,607655,6,6,,2,G04,A,focused,confidence_response,3,,0.0,0.0,,,,,,,"{""client_event_id"":""800a82c3-7963-439c-8274-c2719c6495c2"",""recorder_run_id"":""2e32687e-f8cf-4a91-8fec-dfa79fb2e0c2"",""client_id"":""9ece73d8-93e2-40b0-8ef9-75787e7f1947"",""client_timestamp"":1789618745.0934002,""client_monotonic_ms"":2507424.3,""event_timestamp"":1789618745.0935538,""clock_offset_sec"":0.00015354156494140625,""clock_round_trip_ms"":5.899906158447266,""subject_id"":""sub-004"",""session_id"":""ses-001"",""block_id"":""Block 6"",""counterbalance_group"":""G04"",""block_order"":""Block 6"",""condition"":""A"",""condition_type"":""focused"",""topic_key"":""V1"",""topic_name"":""商鞅 一个改变秦国命运的男人"",""event_type"":""confidence_response"",""iso_time"":""2026-09-17T04:19:05.093Z"",""relative_ms"":212059,""video_time_sec"":194.247,""probe_id"":""Block 6_3_3d20755f"",""probe_index"":3,""probe_schedule_id"":""3d20755f-848b-48f7-a594-8b2556fe9c71"",""probe_planned_time_sec"":194.162,""video_id"":""V1"",""response"":1,""confidence"":3,""response_time_ms"":1326}",2e32687e-f8cf-4a91-8fec-dfa79fb2e0c2,sub-004,ses-001,800a82c3-7963-439c-8274-c2719c6495c2,9ece73d8-93e2-40b0-8ef9-75787e7f1947,1789618745.0998478,1789618745.0934002,2507424.3,9ece73d8-93e2-40b0-8ef9-75787e7f1947,browser_calibrated,0.00015354156494140625,5.899906158447266,607654,607654,0,-19.022703170776367,host_receive_nearest,verified,1,1,,,,,,,,,1,,,,,,,,,,,,,,,,,,,,V1,A,194.247,1789618745.0934002,1789618745.111016,607654,Block 6_3_3d20755f,3,3d20755f-848b-48f7-a594-8b2556fe9c71,194.162,,,1326,3,,
3f743d86-7ca7-472a-987f-f469b200ff91,phase_change,1789618745.1042535,2430.62,607670,6,6,,2,G04,A,focused,phase_change,video,,0.0,0.0,,,,,,,,2e32687e-f8cf-4a91-8fec-dfa79fb2e0c2,sub-004,ses-001,3f743d86-7ca7-472a-987f-f469b200ff91,9ece73d8-93e2-40b0-8ef9-75787e7f1947,1789618745.1424077,1789618745.1041,2507435.0999999996,9ece73d8-93e2-40b0-8ef9-75787e7f1947,browser_calibrated,0.00015354156494140625,5.899906158447266,607655,607655,0,7.856130599975586,host_receive_nearest,verified,1,1,,,,,,,,,1,,,,,,,,,,,,,,,,,,,,V1,A,194.3,1789618745.1041,1789618745.1425138,607655,,,,,,,,,,
3f743d86-7ca7-472a-987f-f469b200ff91,video_resume,1789618745.1042535,2430.62,607670,6,6,,2,G04,A,focused,video_resume,194.3,,0.0,0.0,,,,,,,"{""client_event_id"":""3f743d86-7ca7-472a-987f-f469b200ff91"",""recorder_run_id"":""2e32687e-f8cf-4a91-8fec-dfa79fb2e0c2"",""client_id"":""9ece73d8-93e2-40b0-8ef9-75787e7f1947"",""client_timestamp"":1789618745.1041,""client_monotonic_ms"":2507435.0999999996,""event_timestamp"":1789618745.1042535,""clock_offset_sec"":0.00015354156494140625,""clock_round_trip_ms"":5.899906158447266,""subject_id"":""sub-004"",""session_id"":""ses-001"",""block_id"":""Block 6"",""counterbalance_group"":""G04"",""block_order"":""Block 6"",""condition"":""A"",""condition_type"":""focused"",""topic_key"":""V1"",""topic_name"":""商鞅 一个改变秦国命运的男人"",""event_type"":""video_resume"",""iso_time"":""2026-09-17T04:19:05.104Z"",""relative_ms"":212070,""video_time_sec"":194.3,""probe_id"":""Block 6_3_3d20755f"",""probe_index"":3,""probe_schedule_id"":""3d20755f-848b-48f7-a594-8b2556fe9c71"",""probe_planned_time_sec"":194.162,""video_id"":""V1"",""pause_reason"":""thought_probe"",""resume_status"":""playing""}",2e32687e-f8cf-4a91-8fec-dfa79fb2e0c2,sub-004,ses-001,3f743d86-7ca7-472a-987f-f469b200ff91,9ece73d8-93e2-40b0-8ef9-75787e7f1947,1789618745.1424077,1789618745.1041,2507435.0999999996,9ece73d8-93e2-40b0-8ef9-75787e7f1947,browser_calibrated,0.00015354156494140625,5.899906158447266,607655,607655,0,7.856130599975586,host_receive_nearest,verified,1,1,,,,,,,,,1,,,,,,,,,,,,,,,,,,,,V1,A,194.3,1789618745.1041,1789618745.1427174,607655,Block 6_3_3d20755f,,,,,,,,,thought_probe
0ad55ffe-0887-426f-8044-774a3a42e4bd,probe_onset,1789618790.5514903,2476.056,619024,6,6,,2,G04,A,focused,probe_onset,Block 6_4_3d20755f,,0.0,0.0,,,,,,,"{""client_event_id"":""0ad55ffe-0887-426f-8044-774a3a42e4bd"",""recorder_run_id"":""2e32687e-f8cf-4a91-8fec-dfa79fb2e0c2"",""client_id"":""9ece73d8-93e2-40b0-8ef9-75787e7f1947"",""client_timestamp"":1789618790.5512002,""client_monotonic_ms"":2552882.0999999996,""event_timestamp"":1789618790.5514903,""clock_offset_sec"":0.00029015541076660156,""clock_round_trip_ms"":6.100177764892578,""subject_id"":""sub-004"",""session_id"":""ses-001"",""block_id"":""Block 6"",""counterbalance_group"":""G04"",""block_order"":""Block 6"",""condition"":""A"",""condition_type"":""focused"",""topic_key"":""V1"",""topic_name"":""商鞅 一个改变秦国命运的男人"",""event_type"":""probe_onset"",""iso_time"":""2026-09-17T04:19:50.551Z"",""relative_ms"":257517,""video_time_sec"":239.689,""probe_id"":""Block 6_4_3d20755f"",""probe_index"":4,""probe_schedule_id"":""3d20755f-848b-48f7-a594-8b2556fe9c71"",""probe_planned_time_sec"":239.449,""video_id"":""V1"",""pause_reason"":""thought_probe"",""forced"":false}",2e32687e-f8cf-4a91-8fec-dfa79fb2e0c2,sub-004,ses-001,0ad55ffe-0887-426f-8044-774a3a42e4bd,9ece73d8-93e2-40b0-8ef9-75787e7f1947,1789618790.5589993,1789618790.5512002,2552882.0999999996,9ece73d8-93e2-40b0-8ef9-75787e7f1947,browser_calibrated,0.00029015541076660156,6.100177764892578,619014,619014,0,4.009246826171875,host_receive_nearest,verified,1,1,,,,,,,,,1,,,,,,,,,,,,,,,,,,,,V1,A,239.689,1789618790.5512002,1789618790.559231,619014,Block 6_4_3d20755f,4,3d20755f-848b-48f7-a594-8b2556fe9c71,239.449,,,,,,thought_probe
76c5e270-310b-45bc-831d-c74f9ee25b24,attention_response,1789618793.8594904,2479.392,619849,6,6,,2,G04,A,focused,attention_response,1,,0.0,0.0,,,,,,,"{""client_event_id"":""76c5e270-310b-45bc-831d-c74f9ee25b24"",""recorder_run_id"":""2e32687e-f8cf-4a91-8fec-dfa79fb2e0c2"",""client_id"":""9ece73d8-93e2-40b0-8ef9-75787e7f1947"",""client_timestamp"":1789618793.8592002,""client_monotonic_ms"":2556190.0999999996,""event_timestamp"":1789618793.8594904,""clock_offset_sec"":0.00029015541076660156,""clock_round_trip_ms"":6.100177764892578,""subject_id"":""sub-004"",""session_id"":""ses-001"",""block_id"":""Block 6"",""counterbalance_group"":""G04"",""block_order"":""Block 6"",""condition"":""A"",""condition_type"":""focused"",""topic_key"":""V1"",""topic_name"":""商鞅 一个改变秦国命运的男人"",""event_type"":""attention_response"",""iso_time"":""2026-09-17T04:19:53.859Z"",""relative_ms"":260825,""video_time_sec"":239.689,""probe_id"":""Block 6_4_3d20755f"",""probe_index"":4,""probe_schedule_id"":""3d20755f-848b-48f7-a594-8b2556fe9c71"",""probe_planned_time_sec"":239.449,""video_id"":""V1"",""response"":1,""response_label"":""课程内容"",""probe_attention"":""ON"",""response_time_ms"":3308}",2e32687e-f8cf-4a91-8fec-dfa79fb2e0c2,sub-004,ses-001,76c5e270-310b-45bc-831d-c74f9ee25b24,9ece73d8-93e2-40b0-8ef9-75787e7f1947,1789618793.8657286,1789618793.8592002,2556190.0999999996,9ece73d8-93e2-40b0-8ef9-75787e7f1947,browser_calibrated,0.00029015541076660156,6.100177764892578,619848,619848,0,-0.06723403930664062,host_receive_nearest,verified,1,1,,,,,,,,,1,,,,,,,,,,,,,,,,,,,,V1,A,239.689,1789618793.8592002,1789618793.8791962,619848,Block 6_4_3d20755f,4,3d20755f-848b-48f7-a594-8b2556fe9c71,239.449,1,课程内容,3308,,ON,
2eb26698-ccef-490c-bc95-33e1835380f0,confidence_response,1789618795.0933902,2480.592,620149,6,6,,2,G04,A,focused,confidence_response,4,,0.0,0.0,,,,,,,"{""client_event_id"":""2eb26698-ccef-490c-bc95-33e1835380f0"",""recorder_run_id"":""2e32687e-f8cf-4a91-8fec-dfa79fb2e0c2"",""client_id"":""9ece73d8-93e2-40b0-8ef9-75787e7f1947"",""client_timestamp"":1789618795.0931,""client_monotonic_ms"":2557424.0999999996,""event_timestamp"":1789618795.0933902,""clock_offset_sec"":0.00029015541076660156,""clock_round_trip_ms"":6.100177764892578,""subject_id"":""sub-004"",""session_id"":""ses-001"",""block_id"":""Block 6"",""counterbalance_group"":""G04"",""block_order"":""Block 6"",""condition"":""A"",""condition_type"":""focused"",""topic_key"":""V1"",""topic_name"":""商鞅 一个改变秦国命运的男人"",""event_type"":""confidence_response"",""iso_time"":""2026-09-17T04:19:55.093Z"",""relative_ms"":262059,""video_time_sec"":239.689,""probe_id"":""Block 6_4_3d20755f"",""probe_index"":4,""probe_schedule_id"":""3d20755f-848b-48f7-a594-8b2556fe9c71"",""probe_planned_time_sec"":239.449,""video_id"":""V1"",""response"":1,""confidence"":4,""response_time_ms"":1234}",2e32687e-f8cf-4a91-8fec-dfa79fb2e0c2,sub-004,ses-001,2eb26698-ccef-490c-bc95-33e1835380f0,9ece73d8-93e2-40b0-8ef9-75787e7f1947,1789618795.099361,1789618795.0931,2557424.0999999996,9ece73d8-93e2-40b0-8ef9-75787e7f1947,browser_calibrated,0.00029015541076660156,6.100177764892578,620148,620148,0,-34.89184379577637,host_receive_nearest,verified,1,1,,,,,,,,,1,,,,,,,,,,,,,,,,,,,,V1,A,239.689,1789618795.0931,1789618795.111609,620148,Block 6_4_3d20755f,4,3d20755f-848b-48f7-a594-8b2556fe9c71,239.449,,,1234,4,,
16d89324-126c-4186-891e-32e0a2a6b9ba,phase_change,1789618795.1053903,2480.596,620164,6,6,,2,G04,A,focused,phase_change,video,,0.0,0.0,,,,,,,,2e32687e-f8cf-4a91-8fec-dfa79fb2e0c2,sub-004,ses-001,16d89324-126c-4186-891e-32e0a2a6b9ba,9ece73d8-93e2-40b0-8ef9-75787e7f1947,1789618795.1422439,1789618795.1051002,2557436,9ece73d8-93e2-40b0-8ef9-75787e7f1947,browser_calibrated,0.00029015541076660156,6.100177764892578,620149,620149,0,10.255813598632812,host_receive_nearest,verified,1,1,,,,,,,,,1,,,,,,,,,,,,,,,,,,,,V1,A,239.76,1789618795.1051002,1789618795.142364,620149,,,,,,,,,,
16d89324-126c-4186-891e-32e0a2a6b9ba,video_resume,1789618795.1053903,2480.596,620164,6,6,,2,G04,A,focused,video_resume,239.76,,0.0,0.0,,,,,,,"{""client_event_id"":""16d89324-126c-4186-891e-32e0a2a6b9ba"",""recorder_run_id"":""2e32687e-f8cf-4a91-8fec-dfa79fb2e0c2"",""client_id"":""9ece73d8-93e2-40b0-8ef9-75787e7f1947"",""client_timestamp"":1789618795.1051002,""client_monotonic_ms"":2557436,""event_timestamp"":1789618795.1053903,""clock_offset_sec"":0.00029015541076660156,""clock_round_trip_ms"":6.100177764892578,""subject_id"":""sub-004"",""session_id"":""ses-001"",""block_id"":""Block 6"",""counterbalance_group"":""G04"",""block_order"":""Block 6"",""condition"":""A"",""condition_type"":""focused"",""topic_key"":""V1"",""topic_name"":""商鞅 一个改变秦国命运的男人"",""event_type"":""video_resume"",""iso_time"":""2026-09-17T04:19:55.105Z"",""relative_ms"":262071,""video_time_sec"":239.76,""probe_id"":""Block 6_4_3d20755f"",""probe_index"":4,""probe_schedule_id"":""3d20755f-848b-48f7-a594-8b2556fe9c71"",""probe_planned_time_sec"":239.449,""video_id"":""V1"",""pause_reason"":""thought_probe"",""resume_status"":""playing""}",2e32687e-f8cf-4a91-8fec-dfa79fb2e0c2,sub-004,ses-001,16d89324-126c-4186-891e-32e0a2a6b9ba,9ece73d8-93e2-40b0-8ef9-75787e7f1947,1789618795.1422439,1789618795.1051002,2557436,9ece73d8-93e2-40b0-8ef9-75787e7f1947,browser_calibrated,0.00029015541076660156,6.100177764892578,620149,620149,0,10.255813598632812,host_receive_nearest,verified,1,1,,,,,,,,,1,,,,,,,,,,,,,,,,,,,,V1,A,239.76,1789618795.1051002,1789618795.1425796,620149,Block 6_4_3d20755f,,,,,,,,,thought_probe
f4c97f87-f108-4617-97dc-39465314752b,video_end,1789618902.2139134,2587.696,646939,6,6,,2,G04,A,focused,video_end,V1,,0.0,0.0,,,,,,,,2e32687e-f8cf-4a91-8fec-dfa79fb2e0c2,sub-004,ses-001,f4c97f87-f108-4617-97dc-39465314752b,9ece73d8-93e2-40b0-8ef9-75787e7f1947,1789618902.2380452,1789618902.2138,2664544.7,9ece73d8-93e2-40b0-8ef9-75787e7f1947,browser_calibrated,0.00011348724365234375,5.900144577026367,646924,646924,0,18.482446670532227,host_receive_nearest,verified,1,1,,,,,,,,,1,,,,,,,,,,,,,,,,,,,,V1,A,346.795,1789618902.2138,1789618902.2381668,646924,,,,,,,,,,
f4c97f87-f108-4617-97dc-39465314752b,browser_video_ended,1789618902.2139134,2587.696,646939,6,6,,2,G04,A,focused,browser_video_ended,,,0.0,0.0,,,,,,,"{""client_event_id"":""f4c97f87-f108-4617-97dc-39465314752b"",""recorder_run_id"":""2e32687e-f8cf-4a91-8fec-dfa79fb2e0c2"",""client_id"":""9ece73d8-93e2-40b0-8ef9-75787e7f1947"",""client_timestamp"":1789618902.2138,""client_monotonic_ms"":2664544.7,""event_timestamp"":1789618902.2139134,""clock_offset_sec"":0.00011348724365234375,""clock_round_trip_ms"":5.900144577026367,""subject_id"":""sub-004"",""session_id"":""ses-001"",""block_id"":""Block 6"",""counterbalance_group"":""G04"",""block_order"":""Block 6"",""condition"":""A"",""condition_type"":""focused"",""topic_key"":""V1"",""topic_name"":""商鞅 一个改变秦国命运的男人"",""event_type"":""video_ended"",""iso_time"":""2026-09-17T04:21:42.213Z"",""relative_ms"":369180,""video_time_sec"":346.795}",2e32687e-f8cf-4a91-8fec-dfa79fb2e0c2,sub-004,ses-001,f4c97f87-f108-4617-97dc-39465314752b,9ece73d8-93e2-40b0-8ef9-75787e7f1947,1789618902.2380452,1789618902.2138,2664544.7,9ece73d8-93e2-40b0-8ef9-75787e7f1947,browser_calibrated,0.00011348724365234375,5.900144577026367,646924,646924,0,18.482446670532227,host_receive_nearest,verified,1,1,,,,,,,,,1,,,,,,,,,,,,,,,,,,,,V1,A,346.795,1789618902.2138,1789618902.2383833,646924,,,,,,,,,,
32c5f390-c08c-4491-8708-dfc91bed7492,browser_block_end,1789618902.2373137,2587.752,646959,6,6,,2,G04,A,focused,browser_block_end,视频自然播放结束,,0.0,0.0,,,,,,,"{""client_event_id"":""32c5f390-c08c-4491-8708-dfc91bed7492"",""recorder_run_id"":""2e32687e-f8cf-4a91-8fec-dfa79fb2e0c2"",""client_id"":""9ece73d8-93e2-40b0-8ef9-75787e7f1947"",""client_timestamp"":1789618902.2372003,""client_monotonic_ms"":2664568.0999999996,""event_timestamp"":1789618902.2373137,""clock_offset_sec"":0.00011348724365234375,""clock_round_trip_ms"":5.900144577026367,""subject_id"":""sub-004"",""session_id"":""ses-001"",""block_id"":""Block 6"",""counterbalance_group"":""G04"",""block_order"":""Block 6"",""condition"":""A"",""condition_type"":""focused"",""topic_key"":""V1"",""topic_name"":""商鞅 一个改变秦国命运的男人"",""event_type"":""block_end"",""iso_time"":""2026-09-17T04:21:42.237Z"",""relative_ms"":369203,""video_time_sec"":346.795,""reason"":""视频自然播放结束""}",2e32687e-f8cf-4a91-8fec-dfa79fb2e0c2,sub-004,ses-001,32c5f390-c08c-4491-8708-dfc91bed7492,9ece73d8-93e2-40b0-8ef9-75787e7f1947,1789618902.3414319,1789618902.2372003,2664568.0999999996,9ece73d8-93e2-40b0-8ef9-75787e7f1947,browser_calibrated,0.00011348724365234375,5.900144577026367,646938,646938,0,-1.2958049774169922,host_receive_nearest,verified,1,1,,,,,,,,,1,,,,,,,,,,,,,,,,,,,,V1,A,346.795,1789618902.2372003,1789618902.3415873,646938,,,,,,,,,,
c7b29efb-6cea-4d4a-82a3-5d4a6a7fa853,rating_start,1789618902.2488136,2587.756,646974,6,6,,2,G04,A,focused,rating_start,,,0.0,0.0,,,,,,,"{""client_event_id"":""c7b29efb-6cea-4d4a-82a3-5d4a6a7fa853"",""recorder_run_id"":""2e32687e-f8cf-4a91-8fec-dfa79fb2e0c2"",""client_id"":""9ece73d8-93e2-40b0-8ef9-75787e7f1947"",""client_timestamp"":1789618902.2487001,""client_monotonic_ms"":2664579.5999999996,""event_timestamp"":1789618902.2488136,""clock_offset_sec"":0.00011348724365234375,""clock_round_trip_ms"":5.900144577026367,""subject_id"":""sub-004"",""session_id"":""ses-001"",""block_id"":""Block 6"",""counterbalance_group"":""G04"",""block_order"":""Block 6"",""condition"":""A"",""condition_type"":""focused"",""topic_key"":""V1"",""topic_name"":""商鞅 一个改变秦国命运的男人"",""event_type"":""rating_start"",""iso_time"":""2026-09-17T04:21:42.248Z"",""relative_ms"":369214,""video_time_sec"":346.795}",2e32687e-f8cf-4a91-8fec-dfa79fb2e0c2,sub-004,ses-001,c7b29efb-6cea-4d4a-82a3-5d4a6a7fa853,9ece73d8-93e2-40b0-8ef9-75787e7f1947,1789618902.3898,1789618902.2487001,2664579.5999999996,9ece73d8-93e2-40b0-8ef9-75787e7f1947,browser_calibrated,0.00011348724365234375,5.900144577026367,646939,646939,0,3.2281875610351562,host_receive_nearest,verified,1,1,,,,,,,,,1,,,,,,,,,,,,,,,,,,,,V1,A,346.795,1789618902.2487001,1789618902.3899362,646939,,,,,,,,,,
4dc7ee4f-4ba1-475a-a2aa-c387e8b03ecf,rating_item_response,1789618906.0166135,2591.532,647884,6,6,,2,G04,A,focused,rating_item_response,4,,0.0,0.0,,,,,,,"{""client_event_id"":""4dc7ee4f-4ba1-475a-a2aa-c387e8b03ecf"",""recorder_run_id"":""2e32687e-f8cf-4a91-8fec-dfa79fb2e0c2"",""client_id"":""9ece73d8-93e2-40b0-8ef9-75787e7f1947"",""client_timestamp"":1789618906.0165,""client_monotonic_ms"":2668347.4000000004,""event_timestamp"":1789618906.0166135,""clock_offset_sec"":0.00011348724365234375,""clock_round_trip_ms"":5.900144577026367,""subject_id"":""sub-004"",""session_id"":""ses-001"",""block_id"":""Block 6"",""counterbalance_group"":""G04"",""block_order"":""Block 6"",""condition"":""A"",""condition_type"":""focused"",""topic_key"":""V1"",""topic_name"":""商鞅 一个改变秦国命运的男人"",""event_type"":""rating_item_response"",""iso_time"":""2026-09-17T04:21:46.016Z"",""relative_ms"":372982,""video_time_sec"":346.795,""rating_item"":""course_attention_rating"",""rating_value"":""4"",""response_time_ms"":3768}",2e32687e-f8cf-4a91-8fec-dfa79fb2e0c2,sub-004,ses-001,4dc7ee4f-4ba1-475a-a2aa-c387e8b03ecf,9ece73d8-93e2-40b0-8ef9-75787e7f1947,1789618906.0286927,1789618906.0165,2668347.4000000004,9ece73d8-93e2-40b0-8ef9-75787e7f1947,browser_calibrated,0.00011348724365234375,5.900144577026367,647883,647883,0,-10.89334487915039,host_receive_nearest,verified,1,1,,,,,,,,,1,,,,,,,,,,,,,course_attention_rating,4,,,,,,V1,A,346.795,1789618906.0165,1789618906.0288413,647883,,,,,,,3768,,,
b845c1a9-cba3-4c3e-b11c-ddb224a8117d,rating_item_response,1789618907.6834135,2593.192,648304,6,6,,2,G04,A,focused,rating_item_response,7,,0.0,0.0,,,,,,,"{""client_event_id"":""b845c1a9-cba3-4c3e-b11c-ddb224a8117d"",""recorder_run_id"":""2e32687e-f8cf-4a91-8fec-dfa79fb2e0c2"",""client_id"":""9ece73d8-93e2-40b0-8ef9-75787e7f1947"",""client_timestamp"":1789618907.6833,""client_monotonic_ms"":2670014.2,""event_timestamp"":1789618907.6834135,""clock_offset_sec"":0.00011348724365234375,""clock_round_trip_ms"":5.900144577026367,""subject_id"":""sub-004"",""session_id"":""ses-001"",""block_id"":""Block 6"",""counterbalance_group"":""G04"",""block_order"":""Block 6"",""condition"":""A"",""condition_type"":""focused"",""topic_key"":""V1"",""topic_name"":""商鞅 一个改变秦国命运的男人"",""event_type"":""rating_item_response"",""iso_time"":""2026-09-17T04:21:47.683Z"",""relative_ms"":374649,""video_time_sec"":346.795,""rating_item"":""mental_effort"",""rating_value"":""7"",""response_time_ms"":5435}",2e32687e-f8cf-4a91-8fec-dfa79fb2e0c2,sub-004,ses-001,b845c1a9-cba3-4c3e-b11c-ddb224a8117d,9ece73d8-93e2-40b0-8ef9-75787e7f1947,1789618907.6949651,1789618907.6833,2670014.2,9ece73d8-93e2-40b0-8ef9-75787e7f1947,browser_calibrated,0.00011348724365234375,5.900144577026367,648298,648298,0,-0.5574226379394531,host_receive_nearest,verified,1,1,,,,,,,,,1,,,,,,,,,,,,,mental_effort,7,,,,,,V1,A,346.795,1789618907.6833,1789618907.6951206,648298,,,,,,,5435,,,
979ef534-94e7-474c-807c-d31e947fcc62,rating_item_response,1789618910.9131503,2596.336,649089,6,6,,2,G04,A,focused,rating_item_response,3,,0.0,0.0,,,,,,,"{""client_event_id"":""979ef534-94e7-474c-807c-d31e947fcc62"",""recorder_run_id"":""2e32687e-f8cf-4a91-8fec-dfa79fb2e0c2"",""client_id"":""9ece73d8-93e2-40b0-8ef9-75787e7f1947"",""client_timestamp"":1789618910.9128,""client_monotonic_ms"":2673243.7,""event_timestamp"":1789618910.9131503,""clock_offset_sec"":0.0003502368927001953,""clock_round_trip_ms"":5.800008773803711,""subject_id"":""sub-004"",""session_id"":""ses-001"",""block_id"":""Block 6"",""counterbalance_group"":""G04"",""block_order"":""Block 6"",""condition"":""A"",""condition_type"":""focused"",""topic_key"":""V1"",""topic_name"":""商鞅 一个改变秦国命运的男人"",""event_type"":""rating_item_response"",""iso_time"":""2026-09-17T04:21:50.912Z"",""relative_ms"":377878,""video_time_sec"":346.795,""rating_item"":""video_interest"",""rating_value"":""3"",""response_time_ms"":8664}",2e32687e-f8cf-4a91-8fec-dfa79fb2e0c2,sub-004,ses-001,979ef534-94e7-474c-807c-d31e947fcc62,9ece73d8-93e2-40b0-8ef9-75787e7f1947,1789618910.9232404,1789618910.9128,2673243.7,9ece73d8-93e2-40b0-8ef9-75787e7f1947,browser_calibrated,0.0003502368927001953,5.800008773803711,649084,649084,0,8.835077285766602,host_receive_nearest,verified,1,1,,,,,,,,,1,,,,,,,,,,,,,video_interest,3,,,,,,V1,A,346.795,1789618910.9128,1789618910.9233637,649084,,,,,,,8664,,,
00c0e071-2134-4f78-9464-32519ac95bc8,rating_item_response,1789618915.1270132,2600.652,650164,6,6,,2,G04,A,focused,rating_item_response,2,,0.0,0.0,,,,,,,"{""client_event_id"":""00c0e071-2134-4f78-9464-32519ac95bc8"",""recorder_run_id"":""2e32687e-f8cf-4a91-8fec-dfa79fb2e0c2"",""client_id"":""9ece73d8-93e2-40b0-8ef9-75787e7f1947"",""client_timestamp"":1789618915.1267002,""client_monotonic_ms"":2677457.5999999996,""event_timestamp"":1789618915.1270132,""clock_offset_sec"":0.00031304359436035156,""clock_round_trip_ms"":5.300045013427734,""subject_id"":""sub-004"",""session_id"":""ses-001"",""block_id"":""Block 6"",""counterbalance_group"":""G04"",""block_order"":""Block 6"",""condition"":""A"",""condition_type"":""focused"",""topic_key"":""V1"",""topic_name"":""商鞅 一个改变秦国命运的男人"",""event_type"":""rating_item_response"",""iso_time"":""2026-09-17T04:21:55.126Z"",""relative_ms"":382092,""video_time_sec"":346.795,""rating_item"":""video_difficulty"",""rating_value"":""2"",""response_time_ms"":12878}",2e32687e-f8cf-4a91-8fec-dfa79fb2e0c2,sub-004,ses-001,00c0e071-2134-4f78-9464-32519ac95bc8,9ece73d8-93e2-40b0-8ef9-75787e7f1947,1789618915.1345377,1789618915.1267002,2677457.5999999996,9ece73d8-93e2-40b0-8ef9-75787e7f1947,browser_calibrated,0.00031304359436035156,5.300045013427734,650163,650163,0,-3.0221939086914062,host_receive_nearest,verified,1,1,,,,,,,,,1,,,,,,,,,,,,,video_difficulty,2,,,,,,V1,A,346.795,1789618915.1267002,1789618915.1346245,650163,,,,,,,12878,,,
754da344-e652-45f6-adc4-f1e5a9d28c20,rating_end,1789618915.936113,2601.452,650364,6,6,,2,G04,A,focused,rating_end,,13.687,0.0,0.0,,,,,,,"{""client_event_id"":""754da344-e652-45f6-adc4-f1e5a9d28c20"",""recorder_run_id"":""2e32687e-f8cf-4a91-8fec-dfa79fb2e0c2"",""client_id"":""9ece73d8-93e2-40b0-8ef9-75787e7f1947"",""client_timestamp"":1789618915.9358,""client_monotonic_ms"":2678266.7,""event_timestamp"":1789618915.936113,""clock_offset_sec"":0.00031304359436035156,""clock_round_trip_ms"":5.300045013427734,""subject_id"":""sub-004"",""session_id"":""ses-001"",""block_id"":""Block 6"",""counterbalance_group"":""G04"",""block_order"":""Block 6"",""condition"":""A"",""condition_type"":""focused"",""topic_key"":""V1"",""topic_name"":""商鞅 一个改变秦国命运的男人"",""event_type"":""rating_end"",""iso_time"":""2026-09-17T04:21:55.935Z"",""relative_ms"":382901,""video_time_sec"":346.795,""video_id"":""V1"",""course_attention_rating"":4,""mental_effort"":7,""video_interest"":3,""video_difficulty"":2,""subtraction_compliance"":"""",""subtraction_difficulty"":"""",""reported_final_number"":"""",""duration_sec"":13.687,""submitted_iso"":""2026-09-17T04:21:55.935Z"",""submitted_relative_ms"":382901}",2e32687e-f8cf-4a91-8fec-dfa79fb2e0c2,sub-004,ses-001,754da344-e652-45f6-adc4-f1e5a9d28c20,9ece73d8-93e2-40b0-8ef9-75787e7f1947,1789618915.9404006,1789618915.9358,2678266.7,9ece73d8-93e2-40b0-8ef9-75787e7f1947,browser_calibrated,0.00031304359436035156,5.300045013427734,650363,650363,0,-3.3483505249023438,host_receive_nearest,verified,1,1,,,,,,,,,1,,,,4,7,3,2,,,,,,,,,,,,,V1,A,346.795,1789618915.9358,1789618915.9404612,650363,,,,,,,,,,
8b4680b0-6233-4c15-8e88-40941a67bdb5,quiz_start,1789618915.9416132,2601.452,650374,6,6,,2,G04,A,focused,quiz_start,,,0.0,0.0,,,,,,,"{""client_event_id"":""8b4680b0-6233-4c15-8e88-40941a67bdb5"",""recorder_run_id"":""2e32687e-f8cf-4a91-8fec-dfa79fb2e0c2"",""client_id"":""9ece73d8-93e2-40b0-8ef9-75787e7f1947"",""client_timestamp"":1789618915.9413002,""client_monotonic_ms"":2678272.2,""event_timestamp"":1789618915.9416132,""clock_offset_sec"":0.00031304359436035156,""clock_round_trip_ms"":5.300045013427734,""subject_id"":""sub-004"",""session_id"":""ses-001"",""block_id"":""Block 6"",""counterbalance_group"":""G04"",""block_order"":""Block 6"",""condition"":""A"",""condition_type"":""focused"",""topic_key"":""V1"",""topic_name"":""商鞅 一个改变秦国命运的男人"",""event_type"":""quiz_start"",""iso_time"":""2026-09-17T04:21:55.941Z"",""relative_ms"":382907,""video_time_sec"":346.795}",2e32687e-f8cf-4a91-8fec-dfa79fb2e0c2,sub-004,ses-001,8b4680b0-6233-4c15-8e88-40941a67bdb5,9ece73d8-93e2-40b0-8ef9-75787e7f1947,1789618915.9714851,1789618915.9413002,2678272.2,9ece73d8-93e2-40b0-8ef9-75787e7f1947,browser_calibrated,0.00031304359436035156,5.300045013427734,650363,650363,0,-8.848428726196289,host_receive_nearest,verified,1,1,,,,,,,,,1,,,,,,,,,,,,,,,,,,,,V1,A,346.795,1789618915.9413002,1789618915.9715595,650363,,,,,,,,,,
3c1fd303-0a80-4bac-b7f0-321fcb4e8388,quiz_item_response,1789618928.8484132,2614.332,653584,6,6,,2,G04,A,focused,quiz_item_response,商鞅变法发生在哪个国家？,,0.0,0.0,,V1Q1,C,C,True,2072,"{""client_event_id"":""3c1fd303-0a80-4bac-b7f0-321fcb4e8388"",""recorder_run_id"":""2e32687e-f8cf-4a91-8fec-dfa79fb2e0c2"",""client_id"":""9ece73d8-93e2-40b0-8ef9-75787e7f1947"",""client_timestamp"":1789618928.8481002,""client_monotonic_ms"":2691179.0999999996,""event_timestamp"":1789618928.8484132,""clock_offset_sec"":0.00031304359436035156,""clock_round_trip_ms"":5.300045013427734,""subject_id"":""sub-004"",""session_id"":""ses-001"",""block_id"":""Block 6"",""counterbalance_group"":""G04"",""block_order"":""Block 6"",""condition"":""A"",""condition_type"":""focused"",""topic_key"":""V1"",""topic_name"":""商鞅 一个改变秦国命运的男人"",""event_type"":""quiz_item_response"",""iso_time"":""2026-09-17T04:22:08.848Z"",""relative_ms"":395814,""video_time_sec"":346.795,""video_id"":""V1"",""question_id"":""V1Q1"",""question_text"":""商鞅变法发生在哪个国家？"",""response_index"":2,""response_letter"":""C"",""response_text"":""秦国"",""correct_index"":2,""correct_letter"":""C"",""correct_text"":""秦国"",""is_correct"":true,""reaction_time_ms"":2072,""submitted_iso"":""2026-09-17T04:22:08.848Z"",""submitted_relative_ms"":395814}",2e32687e-f8cf-4a91-8fec-dfa79fb2e0c2,sub-004,ses-001,3c1fd303-0a80-4bac-b7f0-321fcb4e8388,9ece73d8-93e2-40b0-8ef9-75787e7f1947,1789618928.8546298,1789618928.8481002,2691179.0999999996,9ece73d8-93e2-40b0-8ef9-75787e7f1947,browser_calibrated,0.00031304359436035156,5.300045013427734,653583,653583,0,-43.55263710021973,host_receive_nearest,verified,1,1,,,,,,,,,1,,,,,,,,,,,,,,,,,商鞅变法发生在哪个国家？,2,秦国,V1,A,346.795,1789618928.8481002,1789618928.854756,653583,,,,,,,,,,
629836ef-08f6-4f19-935e-89ad14267520,quiz_item_response,1789618928.8570132,2614.336,653614,6,6,,2,G04,A,focused,quiz_item_response,商鞅变法中，商鞅通过采取什么方法提升参军人数？,,0.0,0.0,,V1Q2,B,B,True,5790,"{""client_event_id"":""629836ef-08f6-4f19-935e-89ad14267520"",""recorder_run_id"":""2e32687e-f8cf-4a91-8fec-dfa79fb2e0c2"",""client_id"":""9ece73d8-93e2-40b0-8ef9-75787e7f1947"",""client_timestamp"":1789618928.8567002,""client_monotonic_ms"":2691187.5999999996,""event_timestamp"":1789618928.8570132,""clock_offset_sec"":0.00031304359436035156,""clock_round_trip_ms"":5.300045013427734,""subject_id"":""sub-004"",""session_id"":""ses-001"",""block_id"":""Block 6"",""counterbalance_group"":""G04"",""block_order"":""Block 6"",""condition"":""A"",""condition_type"":""focused"",""topic_key"":""V1"",""topic_name"":""商鞅 一个改变秦国命运的男人"",""event_type"":""quiz_item_response"",""iso_time"":""2026-09-17T04:22:08.856Z"",""relative_ms"":395822,""video_time_sec"":346.795,""video_id"":""V1"",""question_id"":""V1Q2"",""question_text"":""商鞅变法中，商鞅通过采取什么方法提升参军人数？"",""response_index"":1,""response_letter"":""B"",""response_text"":""采取户籍制"",""correct_index"":1,""correct_letter"":""B"",""correct_text"":""采取户籍制"",""is_correct"":true,""reaction_time_ms"":5790,""submitted_iso"":""2026-09-17T04:22:08.856Z"",""submitted_relative_ms"":395822}",2e32687e-f8cf-4a91-8fec-dfa79fb2e0c2,sub-004,ses-001,629836ef-08f6-4f19-935e-89ad14267520,9ece73d8-93e2-40b0-8ef9-75787e7f1947,1789618928.9437258,1789618928.8567002,2691187.5999999996,9ece73d8-93e2-40b0-8ef9-75787e7f1947,browser_calibrated,0.00031304359436035156,5.300045013427734,653584,653584,0,6.592750549316406,host_receive_nearest,verified,1,1,,,,,,,,,1,,,,,,,,,,,,,,,,,商鞅变法中，商鞅通过采取什么方法提升参军人数？,1,采取户籍制,V1,A,346.795,1789618928.8567002,1789618928.9438605,653584,,,,,,,,,,
255a0b40-6685-4d28-9d5c-0328fdf8fa82,quiz_item_response,1789618928.8638132,2614.348,653629,6,6,,2,G04,A,focused,quiz_item_response,商鞅变法使秦国发生了怎样的变化？,,0.0,0.0,,V1Q3,B,B,True,9546,"{""client_event_id"":""255a0b40-6685-4d28-9d5c-0328fdf8fa82"",""recorder_run_id"":""2e32687e-f8cf-4a91-8fec-dfa79fb2e0c2"",""client_id"":""9ece73d8-93e2-40b0-8ef9-75787e7f1947"",""client_timestamp"":1789618928.8635,""client_monotonic_ms"":2691194.4000000004,""event_timestamp"":1789618928.8638132,""clock_offset_sec"":0.00031304359436035156,""clock_round_trip_ms"":5.300045013427734,""subject_id"":""sub-004"",""session_id"":""ses-001"",""block_id"":""Block 6"",""counterbalance_group"":""G04"",""block_order"":""Block 6"",""condition"":""A"",""condition_type"":""focused"",""topic_key"":""V1"",""topic_name"":""商鞅 一个改变秦国命运的男人"",""event_type"":""quiz_item_response"",""iso_time"":""2026-09-17T04:22:08.863Z"",""relative_ms"":395829,""video_time_sec"":346.795,""video_id"":""V1"",""question_id"":""V1Q3"",""question_text"":""商鞅变法使秦国发生了怎样的变化？"",""response_index"":1,""response_letter"":""B"",""response_text"":""国力大增，为统一六国奠定基础"",""correct_index"":1,""correct_letter"":""B"",""correct_text"":""国力大增，为统一六国奠定基础"",""is_correct"":true,""reaction_time_ms"":9546,""submitted_iso"":""2026-09-17T04:22:08.863Z"",""submitted_relative_ms"":395829}",2e32687e-f8cf-4a91-8fec-dfa79fb2e0c2,sub-004,ses-001,255a0b40-6685-4d28-9d5c-0328fdf8fa82,9ece73d8-93e2-40b0-8ef9-75787e7f1947,1789618928.986776,1789618928.8635,2691194.4000000004,9ece73d8-93e2-40b0-8ef9-75787e7f1947,browser_calibrated,0.00031304359436035156,5.300045013427734,653587,653587,0,0.0026226043701171875,host_receive_nearest,verified,1,1,,,,,,,,,1,,,,,,,,,,,,,,,,,商鞅变法使秦国发生了怎样的变化？,1,国力大增，为统一六国奠定基础,V1,A,346.795,1789618928.8635,1789618928.9868786,653587,,,,,,,,,,
18c7388a-b8b5-4042-b1f9-65d34d4ee729,quiz_item_response,1789618928.8707132,2614.392,653634,6,6,,2,G04,A,focused,quiz_item_response,商鞅变法能够成功推行，离不开哪位国君的支持？,,0.0,0.0,,V1Q4,B,B,True,11745,"{""client_event_id"":""18c7388a-b8b5-4042-b1f9-65d34d4ee729"",""recorder_run_id"":""2e32687e-f8cf-4a91-8fec-dfa79fb2e0c2"",""client_id"":""9ece73d8-93e2-40b0-8ef9-75787e7f1947"",""client_timestamp"":1789618928.8704002,""client_monotonic_ms"":2691201.3,""event_timestamp"":1789618928.8707132,""clock_offset_sec"":0.00031304359436035156,""clock_round_trip_ms"":5.300045013427734,""subject_id"":""sub-004"",""session_id"":""ses-001"",""block_id"":""Block 6"",""counterbalance_group"":""G04"",""block_order"":""Block 6"",""condition"":""A"",""condition_type"":""focused"",""topic_key"":""V1"",""topic_name"":""商鞅 一个改变秦国命运的男人"",""event_type"":""quiz_item_response"",""iso_time"":""2026-09-17T04:22:08.870Z"",""relative_ms"":395836,""video_time_sec"":346.795,""video_id"":""V1"",""question_id"":""V1Q4"",""question_text"":""商鞅变法能够成功推行，离不开哪位国君的支持？"",""response_index"":1,""response_letter"":""B"",""response_text"":""秦孝公"",""correct_index"":1,""correct_letter"":""B"",""correct_text"":""秦孝公"",""is_correct"":true,""reaction_time_ms"":11745,""submitted_iso"":""2026-09-17T04:22:08.870Z"",""submitted_relative_ms"":395836}",2e32687e-f8cf-4a91-8fec-dfa79fb2e0c2,sub-004,ses-001,18c7388a-b8b5-4042-b1f9-65d34d4ee729,9ece73d8-93e2-40b0-8ef9-75787e7f1947,1789618929.0322087,1789618928.8704002,2691201.3,9ece73d8-93e2-40b0-8ef9-75787e7f1947,browser_calibrated,0.00031304359436035156,5.300045013427734,653598,653598,0,-4.2514801025390625,host_receive_nearest,verified,1,1,,,,,,,,,1,,,,,,,,,,,,,,,,,商鞅变法能够成功推行，离不开哪位国君的支持？,1,秦孝公,V1,A,346.795,1789618928.8704002,1789618929.0323296,653598,,,,,,,,,,
02342d5b-d4b2-4821-bd62-c1b7ae0b895c,quiz_end,1789618928.876313,2614.392,653634,6,6,,2,G04,A,focused,quiz_end,4/4,12.935,0.0,0.0,,,,,,,"{""client_event_id"":""02342d5b-d4b2-4821-bd62-c1b7ae0b895c"",""recorder_run_id"":""2e32687e-f8cf-4a91-8fec-dfa79fb2e0c2"",""client_id"":""9ece73d8-93e2-40b0-8ef9-75787e7f1947"",""client_timestamp"":1789618928.876,""client_monotonic_ms"":2691207,""event_timestamp"":1789618928.876313,""clock_offset_sec"":0.00031304359436035156,""clock_round_trip_ms"":5.300045013427734,""subject_id"":""sub-004"",""session_id"":""ses-001"",""block_id"":""Block 6"",""counterbalance_group"":""G04"",""block_order"":""Block 6"",""condition"":""A"",""condition_type"":""focused"",""topic_key"":""V1"",""topic_name"":""商鞅 一个改变秦国命运的男人"",""event_type"":""quiz_end"",""iso_time"":""2026-09-17T04:22:08.876Z"",""relative_ms"":395842,""video_time_sec"":346.795,""score"":4,""total"":4,""duration_sec"":12.935}",2e32687e-f8cf-4a91-8fec-dfa79fb2e0c2,sub-004,ses-001,02342d5b-d4b2-4821-bd62-c1b7ae0b895c,9ece73d8-93e2-40b0-8ef9-75787e7f1947,1789618929.0482259,1789618928.876,2691207,9ece73d8-93e2-40b0-8ef9-75787e7f1947,browser_calibrated,0.00031304359436035156,5.300045013427734,653598,653598,0,-9.851217269897461,host_receive_nearest,verified,1,1,,,,,,,,,1,,,,,,,,,,,,,,,4,4,,,,V1,A,346.795,1789618928.876,1789618929.0483263,653598,,,,,,,,,,
02342d5b-d4b2-4821-bd62-c1b7ae0b895c,block_end,1789618928.876313,2614.392,653634,6,6,,2,G04,A,focused,block_end,V1,,0.0,0.0,,,,,,,,2e32687e-f8cf-4a91-8fec-dfa79fb2e0c2,sub-004,ses-001,02342d5b-d4b2-4821-bd62-c1b7ae0b895c,9ece73d8-93e2-40b0-8ef9-75787e7f1947,1789618929.0482259,1789618928.876,2691207,9ece73d8-93e2-40b0-8ef9-75787e7f1947,browser_calibrated,0.00031304359436035156,5.300045013427734,653598,653598,0,-9.851217269897461,host_receive_nearest,verified,1,1,,,,,,,,,1,,,,,,,,,,,,,,,,,,,,V1,A,346.795,1789618928.876,1789618929.04854,653598,,,,,,,,,,
ce2507ff-4a34-492c-b03f-83e2b3744b94,session_integrity_precheck,1789618928.8912132,2614.392,653654,6,6,,2,G04,A,focused,session_integrity_precheck,FAIL,,0.0,0.0,,,,,,,"{""client_event_id"":""ce2507ff-4a34-492c-b03f-83e2b3744b94"",""recorder_run_id"":""2e32687e-f8cf-4a91-8fec-dfa79fb2e0c2"",""client_id"":""9ece73d8-93e2-40b0-8ef9-75787e7f1947"",""client_timestamp"":1789618928.8909001,""client_monotonic_ms"":2691221.8,""event_timestamp"":1789618928.8912132,""clock_offset_sec"":0.00031304359436035156,""clock_round_trip_ms"":5.300045013427734,""subject_id"":""sub-004"",""session_id"":""ses-001"",""block_id"":""Block 6"",""counterbalance_group"":""G04"",""block_order"":""Block 6"",""condition"":""A"",""condition_type"":""focused"",""topic_key"":""V1"",""topic_name"":""商鞅 一个改变秦国命运的男人"",""event_type"":""session_integrity_precheck"",""iso_time"":""2026-09-17T04:22:08.890Z"",""relative_ms"":395857,""video_time_sec"":346.795,""event_value"":""FAIL"",""notes"":""probe 44/24;问卷 11/6;课堂题 44/24""}",2e32687e-f8cf-4a91-8fec-dfa79fb2e0c2,sub-004,ses-001,ce2507ff-4a34-492c-b03f-83e2b3744b94,9ece73d8-93e2-40b0-8ef9-75787e7f1947,1789618929.083616,1789618928.8909001,2691221.8,9ece73d8-93e2-40b0-8ef9-75787e7f1947,browser_calibrated,0.00031304359436035156,5.300045013427734,653598,653598,0,-24.75142478942871,host_receive_nearest,verified,0,0,,,,,,,,,1,,,,,,,,,,,,,,,,,,,,V1,A,346.795,1789618928.8909001,1789618929.0837183,653598,,,,,,,,,,
c6e995d0-15f5-450f-8d29-5708e75526c2,browser_shutdown_ready,1789619154.255768,2839.744,709937,6,6,,2,G04,A,focused,browser_shutdown_ready,346.795,,0.0,0.0,,,,,,,"{""client_event_id"":""c6e995d0-15f5-450f-8d29-5708e75526c2"",""recorder_run_id"":""2e32687e-f8cf-4a91-8fec-dfa79fb2e0c2"",""client_id"":""9ece73d8-93e2-40b0-8ef9-75787e7f1947"",""client_timestamp"":1789619154.2556002,""client_monotonic_ms"":2916586.5,""event_timestamp"":1789619154.255768,""clock_offset_sec"":0.0001678466796875,""clock_round_trip_ms"":5.700111389160156,""subject_id"":""sub-004"",""session_id"":""ses-001"",""block_id"":""Block 6"",""counterbalance_group"":""G04"",""block_order"":""Block 6"",""condition"":""A"",""condition_type"":""focused"",""topic_key"":""V1"",""topic_name"":""商鞅 一个改变秦国命运的男人"",""event_type"":""browser_shutdown_ready"",""iso_time"":""2026-09-17T04:25:54.255Z"",""relative_ms"":621221,""video_time_sec"":346.795,""shutdown_request_id"":""2a31af3b-1761-4df7-b27a-cf9d5cb88ca0""}",2e32687e-f8cf-4a91-8fec-dfa79fb2e0c2,sub-004,ses-001,c6e995d0-15f5-450f-8d29-5708e75526c2,9ece73d8-93e2-40b0-8ef9-75787e7f1947,1789619154.265776,1789619154.2556002,2916586.5,9ece73d8-93e2-40b0-8ef9-75787e7f1947,browser_calibrated,0.0001678466796875,5.700111389160156,709936,709936,0,-18.996477127075195,host_receive_nearest,verified,0,0,,,,,,,,,1,,,,,,,,,,,,,,,,,,,,V1,A,346.795,1789619154.2556002,1789619154.265891,709936,,,,,,,,,,
551d691d-e34e-4a58-bca5-9a41077cc972,session_end,1789619154.3854249,2839.864,709967,,,,,G04,,,session_end,,,0.0,0.0,,,,,,,,2e32687e-f8cf-4a91-8fec-dfa79fb2e0c2,sub-004,ses-001,,,1789619154.3854249,,,recorder,server,,,709966,709966,0,-11.251211166381836,host_receive_nearest,,,,,,,,,,,,0,,,,,,,,,,,,,,,,,,,,,,,,1789619154.3854249,709966,,,,,,,,,,
