event_name,event_timestamp,sample_time_sec,received_order,block_id,block_order,group_id,session_half,counterbalance_group,condition,condition_type,event_type,event_value,duration_sec,exclude_before_sec,exclude_after_sec,trial_id,question_id,correct_answer,participant_answer,is_correct,reaction_time_ms,notes,run_id,subject_id,session_id,client_event_id,client_id,received_timestamp,client_timestamp,client_monotonic_ms,timestamp_source,clock_offset_sec,clock_round_trip_ms,eeg_received_order,eeg_sample_number,eeg_stream_segment,alignment_error_ms,alignment_status,identity_status,context_matches_current,state_applied,start_number,generated_timestamp,displayed_timestamp,hidden_timestamp,after_block_id,affected_block_id,planned_duration,actual_duration,is_formal_experiment,operator_id,override_reason,sensitivity_exclude_before_sec,course_attention_rating,mental_effort,video_interest,video_difficulty,subtraction_compliance,subtraction_compliance_low_pct,subtraction_compliance_high_pct,subtraction_difficulty,reported_final_number,rating_item,rating_value,quiz_score,quiz_total,question_text,response_index,response_text,video_id,condition_label,video_time_sec,browser_timestamp,recorder_timestamp,device_sample_number,probe_id,probe_index,probe_schedule_id,probe_planned_time_sec,response,response_label,response_time_ms,confidence,probe_attention,pause_reason
session_start,1789890397.5823376,,0,,,,,G07,,,session_start,online_learning_focused_vs_bbbd_subtraction,,0.0,0.0,,,,,,,,8b6ce1f9-62a7-4d97-823b-839e8a8c7711,sub-007,ses-001,,,1789890397.5823376,,,server,,,,,,,no_eeg,,,,,,,,,,,,0,,,,,,,,,,,,,,,,,,,,,,,,1789890397.5823376,,,,,,,,,,,
subtraction_practice_start,1789890399.2259872,,0,,,,,G07,,,subtraction_practice_start,100,,0.0,0.0,,,,,,,"{""client_event_id"":""9f0d0059-22c7-41f9-a759-59f91bf07215"",""recorder_run_id"":""8b6ce1f9-62a7-4d97-823b-839e8a8c7711"",""client_id"":""b0a244a8-b5e2-4661-b241-de215ec01f7b"",""client_timestamp"":1789890399.2343998,""client_monotonic_ms"":38754.5,""event_timestamp"":1789890399.2259872,""clock_offset_sec"":-0.008412599563598633,""clock_round_trip_ms"":2.7000904083251953,""subject_id"":""sub-007"",""session_id"":""ses-001"",""block_id"":"""",""counterbalance_group"":""G07"",""block_order"":""Block 1"",""condition"":"""",""condition_type"":"""",""topic_key"":"""",""topic_name"":"""",""event_type"":""subtraction_practice_start"",""iso_time"":""2026-09-20T07:46:39.234Z"",""relative_ms"":"""",""video_time_sec"":0,""practice_number"":100,""is_formal_experiment"":0}",8b6ce1f9-62a7-4d97-823b-839e8a8c7711,sub-007,ses-001,9f0d0059-22c7-41f9-a759-59f91bf07215,b0a244a8-b5e2-4661-b241-de215ec01f7b,1789890399.2233374,1789890399.2343998,38754.5,browser_calibrated,-0.008412599563598633,2.7000904083251953,,,,,no_eeg,verified,1,1,,,,,,,,,0,,,,,,,,,,,,,,,,,,,,,,0,1789890399.2343998,1789890399.2233374,,,,,,,,,,,
qc_status_change,1789890399.7393374,,0,,,,,G07,,,qc_status_change,bad,,0.0,0.0,,,,,,,已连续 3.2 秒没有EEG，请立即重新连接耳机。,8b6ce1f9-62a7-4d97-823b-839e8a8c7711,sub-007,ses-001,,,1789890399.7393374,,,server,,,,,,,no_eeg,,,,,,,,,,,,0,,,,,,,,,,,,,,,,,,,,,,,,1789890399.7393374,,,,,,,,,,,
subtraction_practice_end,1789890406.3216875,,0,,,,,G07,,,subtraction_practice_end,100,,0.0,0.0,,,,,,,"{""client_event_id"":""f509ab34-d6fd-4ff2-b632-a4262579000e"",""recorder_run_id"":""8b6ce1f9-62a7-4d97-823b-839e8a8c7711"",""client_id"":""b0a244a8-b5e2-4661-b241-de215ec01f7b"",""client_timestamp"":1789890406.3317997,""client_monotonic_ms"":45852,""event_timestamp"":1789890406.3216875,""clock_offset_sec"":-0.010112285614013672,""clock_round_trip_ms"":1.6999244689941406,""subject_id"":""sub-007"",""session_id"":""ses-001"",""block_id"":"""",""counterbalance_group"":""G07"",""block_order"":""Block 1"",""condition"":"""",""condition_type"":"""",""topic_key"":"""",""topic_name"":"""",""event_type"":""subtraction_practice_end"",""iso_time"":""2026-09-20T07:46:46.331Z"",""relative_ms"":"""",""video_time_sec"":0,""practice_number"":100,""is_formal_experiment"":0}",8b6ce1f9-62a7-4d97-823b-839e8a8c7711,sub-007,ses-001,f509ab34-d6fd-4ff2-b632-a4262579000e,b0a244a8-b5e2-4661-b241-de215ec01f7b,1789890406.3323376,1789890406.3317997,45852,browser_calibrated,-0.010112285614013672,1.6999244689941406,,,,,no_eeg,verified,1,1,,,,,,,,,0,,,,,,,,,,,,,,,,,,,,,,0,1789890406.3317997,1789890406.3323376,,,,,,,,,,,
practice_confirmed,1789890406.3254876,,0,,,,,G07,,,practice_confirmed,100,,0.0,0.0,,,,,,,"{""client_event_id"":""1ad32084-d10d-4601-86e3-0356da8c5b2b"",""recorder_run_id"":""8b6ce1f9-62a7-4d97-823b-839e8a8c7711"",""client_id"":""b0a244a8-b5e2-4661-b241-de215ec01f7b"",""client_timestamp"":1789890406.3356,""client_monotonic_ms"":45855.69999998808,""event_timestamp"":1789890406.3254876,""clock_offset_sec"":-0.010112285614013672,""clock_round_trip_ms"":1.6999244689941406,""subject_id"":""sub-007"",""session_id"":""ses-001"",""block_id"":"""",""counterbalance_group"":""G07"",""block_order"":""Block 1"",""condition"":"""",""condition_type"":"""",""topic_key"":"""",""topic_name"":"""",""event_type"":""practice_confirmed"",""iso_time"":""2026-09-20T07:46:46.335Z"",""relative_ms"":"""",""video_time_sec"":0,""practice_number"":100,""is_formal_experiment"":0}",8b6ce1f9-62a7-4d97-823b-839e8a8c7711,sub-007,ses-001,1ad32084-d10d-4601-86e3-0356da8c5b2b,b0a244a8-b5e2-4661-b241-de215ec01f7b,1789890406.3483374,1789890406.3356,45855.69999998808,browser_calibrated,-0.010112285614013672,1.6999244689941406,,,,,no_eeg,verified,1,1,,,,,,,,,0,,,,,,,,,,,,,,,,,,,,,,0,1789890406.3356,1789890406.3483374,,,,,,,,,,,
device_connected,1789890531.5363376,,0,,,,,G07,,,device_connected,74:4D:BD:62:FD:8D,,0.0,0.0,,,,,,,,8b6ce1f9-62a7-4d97-823b-839e8a8c7711,sub-007,ses-001,,,1789890531.5363376,,,server,,,,,,,no_eeg,,,,,,,,,,,,0,,,,,,,,,,,,,,,,,,,,,,,,1789890531.5363376,,,,,,,,,,,
qc_status_change,1789890544.2393374,0.864,217,,,,,G07,,,qc_status_change,waiting,,0.0,0.0,,,,,,,等待至少2秒EEG数据。,8b6ce1f9-62a7-4d97-823b-839e8a8c7711,sub-007,ses-001,,,1789890544.2393374,,,server,,,216,216,0,0.0,host_receive_nearest,,,,,,,,,,,,0,,,,,,,,,,,,,,,,,,,,,,,,1789890544.2393374,216,,,,,,,,,,
qc_status_change,1789890546.2543375,2.844,712,,,,,G07,,,qc_status_change,good,,0.0,0.0,,,,,,,当前QC指标正常。,8b6ce1f9-62a7-4d97-823b-839e8a8c7711,sub-007,ses-001,,,1789890546.2543375,,,server,,,711,711,0,-31.000137329101562,host_receive_nearest,,,,,,,,,,,,0,,,,,,,,,,,,,,,,,,,,,,,,1789890546.2543375,711,,,,,,,,,,
qc_baseline_start,1789890548.3013375,4.904,1227,,,,,G07,,,qc_baseline_start,,30.0,0.0,0.0,,,,,,,,8b6ce1f9-62a7-4d97-823b-839e8a8c7711,sub-007,ses-001,,,1789890548.3013375,,,server,,,1226,1226,0,-14.999866485595703,host_receive_nearest,,,,,,,,,,,,0,,,,,,,,,,,,,,,,,,,,,,,,1789890548.3013375,1226,,,,,,,,,,
qc_status_change,1789890562.3323376,,3857,,,,,G07,,,qc_status_change,bad,,0.0,0.0,,,,,,,已连续 2.7 秒没有EEG，请立即重新连接耳机。,8b6ce1f9-62a7-4d97-823b-839e8a8c7711,sub-007,ses-001,,,1789890562.3323376,,,server,,,,,,-2718.0001735687256,outside_sample_tolerance,,,,,,,,,,,,0,,,,,,,,,,,,,,,,,,,,,,,,1789890562.3323376,,,,,,,,,,,
device_disconnected,1789890563.7543375,,3857,,,,,G07,,,device_disconnected,,,0,0,,,,,,,,8b6ce1f9-62a7-4d97-823b-839e8a8c7711,sub-007,ses-001,,,1789890563.7543375,,,server,,,,,,-4140.000104904175,outside_sample_tolerance,,,,,,,,,,,,0,,,,,,,,,,,,,,,,,,,,,,,,1789890563.7543375,,,,,,,,,,,
device_connected,1789890573.3173375,,3857,,,,,G07,,,device_connected,74:4D:BD:62:FD:8D,,0.0,0.0,,,,,,,,8b6ce1f9-62a7-4d97-823b-839e8a8c7711,sub-007,ses-001,,,1789890573.3173375,,,server,,,,,,-13703.00006866455,outside_sample_tolerance,,,,,,,,,,,,0,,,,,,,,,,,,,,,,,,,,,,,,1789890573.3173375,,,,,,,,,,,
qc_status_change,1789890574.3793375,16.412,4104,,,,,G07,,,qc_status_change,good,,0.0,0.0,,,,,,,当前QC指标正常。,8b6ce1f9-62a7-4d97-823b-839e8a8c7711,sub-007,ses-001,,,1789890574.3793375,,,server,,,4103,4103,1,0.0,host_receive_nearest,,,,,,,,,,,,0,,,,,,,,,,,,,,,,,,,,,,,,1789890574.3793375,4103,,,,,,,,,,
qc_baseline_start,1789890577.1613376,,4174,,,,,G07,,,qc_baseline_start,,30.0,0.0,0.0,,,,,,,,8b6ce1f9-62a7-4d97-823b-839e8a8c7711,sub-007,ses-001,,,1789890577.1613376,,,server,,,,,,-2500.0,outside_sample_tolerance,,,,,,,,,,,,0,,,,,,,,,,,,,,,,,,,,,,,,1789890577.1613376,,,,,,,,,,,
qc_status_change,1789890578.3953376,,4174,,,,,G07,,,qc_status_change,bad,,0.0,0.0,,,,,,,已连续 3.7 秒没有EEG，请立即重新连接耳机。,8b6ce1f9-62a7-4d97-823b-839e8a8c7711,sub-007,ses-001,,,1789890578.3953376,,,server,,,,,,-3733.9999675750732,outside_sample_tolerance,,,,,,,,,,,,0,,,,,,,,,,,,,,,,,,,,,,,,1789890578.3953376,,,,,,,,,,,
device_disconnected,1789890579.0513375,,4174,,,,,G07,,,device_disconnected,,,0,0,,,,,,,,8b6ce1f9-62a7-4d97-823b-839e8a8c7711,sub-007,ses-001,,,1789890579.0513375,,,server,,,,,,-4389.999866485596,outside_sample_tolerance,,,,,,,,,,,,0,,,,,,,,,,,,,,,,,,,,,,,,1789890579.0513375,,,,,,,,,,,
device_error,1789890584.9893374,,4174,,,,,G07,,,device_error,[WinError -2147023673] 操作已被用户取消。,,0.0,0.0,,,,,,,,8b6ce1f9-62a7-4d97-823b-839e8a8c7711,sub-007,ses-001,,,1789890584.9893374,,,server,,,,,,-10327.999830245972,outside_sample_tolerance,,,,,,,,,,,,0,,,,,,,,,,,,,,,,,,,,,,,,1789890584.9893374,,,,,,,,,,,
device_disconnected,1789890584.9893374,,4174,,,,,G07,,,device_disconnected,,,0,0,,,,,,,,8b6ce1f9-62a7-4d97-823b-839e8a8c7711,sub-007,ses-001,,,1789890584.9893374,,,server,,,,,,-10327.999830245972,outside_sample_tolerance,,,,,,,,,,,,0,,,,,,,,,,,,,,,,,,,,,,,,1789890584.9893374,,,,,,,,,,,
device_connected,1789890591.5043375,,4174,,,,,G07,,,device_connected,74:4D:BD:62:FD:8D,,0.0,0.0,,,,,,,,8b6ce1f9-62a7-4d97-823b-839e8a8c7711,sub-007,ses-001,,,1789890591.5043375,,,server,,,,,,-16842.999935150146,outside_sample_tolerance,,,,,,,,,,,,0,,,,,,,,,,,,,,,,,,,,,,,,1789890591.5043375,,,,,,,,,,,
qc_status_change,1789890592.4893374,17.672,4419,,,,,G07,,,qc_status_change,waiting,,0.0,0.0,,,,,,,等待至少2秒EEG数据。,8b6ce1f9-62a7-4d97-823b-839e8a8c7711,sub-007,ses-001,,,1789890592.4893374,,,server,,,4418,4418,2,-16.000032424926758,host_receive_nearest,,,,,,,,,,,,0,,,,,,,,,,,,,,,,,,,,,,,,1789890592.4893374,4418,,,,,,,,,,
qc_status_change,1789890594.4893374,19.612,4889,,,,,G07,,,qc_status_change,warning,,0.0,0.0,,,,,,,丢包率 2.05% 偏高。,8b6ce1f9-62a7-4d97-823b-839e8a8c7711,sub-007,ses-001,,,1789890594.4893374,,,server,,,4888,4903,2,0.0,host_receive_nearest,,,,,,,,,,,,0,,,,,,,,,,,,,,,,,,,,,,,,1789890594.4893374,4903,,,,,,,,,,
qc_status_change,1789890598.4893374,23.272,5804,,,,,G07,,,qc_status_change,good,,0.0,0.0,,,,,,,当前QC指标正常。,8b6ce1f9-62a7-4d97-823b-839e8a8c7711,sub-007,ses-001,,,1789890598.4893374,,,server,,,5803,5818,2,0.0,host_receive_nearest,,,,,,,,,,,,0,,,,,,,,,,,,,,,,,,,,,,,,1789890598.4893374,5818,,,,,,,,,,
qc_baseline_start,1789890599.5203376,23.872,5954,,,,,G07,,,qc_baseline_start,,30.0,0.0,0.0,,,,,,,,8b6ce1f9-62a7-4d97-823b-839e8a8c7711,sub-007,ses-001,,,1789890599.5203376,,,server,,,5953,5968,2,-62.99996376037598,host_receive_nearest,,,,,,,,,,,,0,,,,,,,,,,,,,,,,,,,,,,,,1789890599.5203376,5968,,,,,,,,,,
qc_status_change,1789890600.4893374,25.092,6134,,,,,G07,,,qc_status_change,bad,,0.0,0.0,,,,,,,等待至少2秒EEG数据。; 丢包率 40.98% 过高，请检查蓝牙距离、供电和连接。,8b6ce1f9-62a7-4d97-823b-839e8a8c7711,sub-007,ses-001,,,1789890600.4893374,,,server,,,6133,6273,2,-16.000032424926758,host_receive_nearest,,,,,,,,,,,,0,,,,,,,,,,,,,,,,,,,,,,,,1789890600.4893374,6273,,,,,,,,,,
qc_status_change,1789890616.4893374,41.692,10204,,,,,G07,,,qc_status_change,warning,,0.0,0.0,,,,,,,丢包率 4.60% 偏高。,8b6ce1f9-62a7-4d97-823b-839e8a8c7711,sub-007,ses-001,,,1789890616.4893374,,,server,,,10203,10423,2,0.0,host_receive_nearest,,,,,,,,,,,,0,,,,,,,,,,,,,,,,,,,,,,,,1789890616.4893374,10423,,,,,,,,,,
qc_baseline_complete,1789890630.5203376,55.712,13709,,,,,G07,,,qc_baseline_complete,fail,30.983999967575073,0.0,0.0,,,,,,,丢包率 2.58% 偏高。,8b6ce1f9-62a7-4d97-823b-839e8a8c7711,sub-007,ses-001,,,1789890630.5203376,,,server,,,13708,13928,2,0.0,host_receive_nearest,,,,,,,,,,,,0,,,,,,,,,,,,,,,,,,,,,,,,1789890630.5203376,13928,,,,,,,,,,
qc_status_change,1789890632.5363376,57.712,14209,,,,,G07,,,qc_status_change,good,,0.0,0.0,,,,,,,当前QC指标正常。,8b6ce1f9-62a7-4d97-823b-839e8a8c7711,sub-007,ses-001,,,1789890632.5363376,,,server,,,14208,14428,2,-32.000064849853516,host_receive_nearest,,,,,,,,,,,,0,,,,,,,,,,,,,,,,,,,,,,,,1789890632.5363376,14428,,,,,,,,,,
qc_status_change,1789890650.5363376,74.688,18289,,,,,G07,,,qc_status_change,bad,,0.0,0.0,,,,,,,丢包率 7.32% 过高，请检查蓝牙距离、供电和连接。,8b6ce1f9-62a7-4d97-823b-839e8a8c7711,sub-007,ses-001,,,1789890650.5363376,,,server,,,18288,18672,3,-32.000064849853516,host_receive_nearest,,,,,,,,,,,,0,,,,,,,,,,,,,,,,,,,,,,,,1789890650.5363376,18672,,,,,,,,,,
qc_status_change,1789890660.5363376,83.644,20499,,,,,G07,,,qc_status_change,warning,,0.0,0.0,,,,,,,丢包率 1.30% 偏高。,8b6ce1f9-62a7-4d97-823b-839e8a8c7711,sub-007,ses-001,,,1789890660.5363376,,,server,,,20498,20911,4,-16.000032424926758,host_receive_nearest,,,,,,,,,,,,0,,,,,,,,,,,,,,,,,,,,,,,,1789890660.5363376,20911,,,,,,,,,,
qc_status_change,1789890666.5363376,89.664,22004,,,,,G07,,,qc_status_change,good,,0.0,0.0,,,,,,,当前QC指标正常。,8b6ce1f9-62a7-4d97-823b-839e8a8c7711,sub-007,ses-001,,,1789890666.5363376,,,server,,,22003,22416,4,-32.000064849853516,host_receive_nearest,,,,,,,,,,,,0,,,,,,,,,,,,,,,,,,,,,,,,1789890666.5363376,22416,,,,,,,,,,
qc_status_change,1789890692.5823376,115.744,28524,,,,,G07,,,qc_status_change,warning,,0.0,0.0,,,,,,,通道1 RMS相对基线异常，正在确认是否持续。,8b6ce1f9-62a7-4d97-823b-839e8a8c7711,sub-007,ses-001,,,1789890692.5823376,,,server,,,28523,28936,4,0.0,host_receive_nearest,,,,,,,,,,,,0,,,,,,,,,,,,,,,,,,,,,,,,1789890692.5823376,28936,,,,,,,,,,
qc_baseline_start,1789890695.4263375,118.584,29234,,,,,G07,,,qc_baseline_start,,30.0,0.0,0.0,,,,,,,,8b6ce1f9-62a7-4d97-823b-839e8a8c7711,sub-007,ses-001,,,1789890695.4263375,,,server,,,29233,29646,4,-14.999866485595703,host_receive_nearest,,,,,,,,,,,,0,,,,,,,,,,,,,,,,,,,,,,,,1789890695.4263375,29646,,,,,,,,,,
qc_status_change,1789890696.5983374,119.724,29519,,,,,G07,,,qc_status_change,waiting,,0.0,0.0,,,,,,,等待至少2秒EEG数据。,8b6ce1f9-62a7-4d97-823b-839e8a8c7711,sub-007,ses-001,,,1789890696.5983374,,,server,,,29518,29931,4,-46.99993133544922,host_receive_nearest,,,,,,,,,,,,0,,,,,,,,,,,,,,,,,,,,,,,,1789890696.5983374,29931,,,,,,,,,,
qc_status_change,1789890698.6143374,121.744,30024,,,,,G07,,,qc_status_change,good,,0.0,0.0,,,,,,,当前QC指标正常。,8b6ce1f9-62a7-4d97-823b-839e8a8c7711,sub-007,ses-001,,,1789890698.6143374,,,server,,,30023,30436,4,-31.999826431274414,host_receive_nearest,,,,,,,,,,,,0,,,,,,,,,,,,,,,,,,,,,,,,1789890698.6143374,30436,,,,,,,,,,
qc_baseline_complete,1789890726.6293375,149.78,37033,,,,,G07,,,qc_baseline_complete,pass,31.156999826431274,0.0,0.0,,,,,,,当前QC指标正常。,8b6ce1f9-62a7-4d97-823b-839e8a8c7711,sub-007,ses-001,,,1789890726.6293375,,,server,,,37032,37445,4,-15.000104904174805,host_receive_nearest,,,,,,,,,,,,0,,,,,,,,,,,,,,,,,,,,,,,,1789890726.6293375,37445,,,,,,,,,,
block_start,1789890729.7588875,152.9,37813,1,1,,1,G07,A,focused,block_start,V4,,0.0,0.0,,,,,,,condition=A; condition_type=focused,8b6ce1f9-62a7-4d97-823b-839e8a8c7711,sub-007,ses-001,e200533d-aea2-40fe-b868-3667e30904ed,b0a244a8-b5e2-4661-b241-de215ec01f7b,1789890729.7543375,1789890729.7645998,369284.6999999881,browser_calibrated,-0.005712270736694336,1.4998912811279297,37812,38225,4,-4.549980163574219,host_receive_nearest,verified,0,1,,,,,,,,,1,,,,,,,,,,,,,,,,,,,,V4,A,0,1789890729.7645998,1789890729.7543375,38225,,,,,,,,,,
condition_prompt_start,1789890729.7588875,152.9,37813,1,1,,1,G07,A,focused,condition_prompt_start,A,,0.0,0.0,,,,,,,,8b6ce1f9-62a7-4d97-823b-839e8a8c7711,sub-007,ses-001,e200533d-aea2-40fe-b868-3667e30904ed,b0a244a8-b5e2-4661-b241-de215ec01f7b,1789890729.7543375,1789890729.7645998,369284.6999999881,browser_calibrated,-0.005712270736694336,1.4998912811279297,37812,38225,4,-4.549980163574219,host_receive_nearest,verified,0,1,,,,,,,,,1,,,,,,,,,,,,,,,,,,,,V4,A,0,1789890729.7645998,1789890729.7543375,38225,,,,,,,,,,
browser_block_config,1789890729.7588875,152.9,37813,1,1,,1,G07,A,focused,browser_block_config,V4,,0.0,0.0,,,,,,,"{""client_event_id"":""e200533d-aea2-40fe-b868-3667e30904ed"",""recorder_run_id"":""8b6ce1f9-62a7-4d97-823b-839e8a8c7711"",""client_id"":""b0a244a8-b5e2-4661-b241-de215ec01f7b"",""client_timestamp"":1789890729.7645998,""client_monotonic_ms"":369284.6999999881,""event_timestamp"":1789890729.7588875,""clock_offset_sec"":-0.005712270736694336,""clock_round_trip_ms"":1.4998912811279297,""subject_id"":""sub-007"",""session_id"":""ses-001"",""block_id"":""Block 1"",""counterbalance_group"":""G07"",""block_order"":""Block 1"",""condition"":""A"",""condition_type"":""focused"",""topic_key"":""V4"",""topic_name"":""中国古代最大的歼灭战 长平之战"",""event_type"":""block_start"",""iso_time"":""2026-09-20T07:52:09.764Z"",""relative_ms"":0,""video_time_sec"":0,""block_start_iso"":""2026-09-20T07:52:09.764Z"",""config_json"":""{\""recorder_run_id\"":\""8b6ce1f9-62a7-4d97-823b-839e8a8c7711\"",\""subject_id\"":\""sub-007\"",\""session_id\"":\""ses-001\"",\""block_id\"":\""Block 1\"",\""counterbalance_group\"":\""G07\"",\""condition\"":\""A\"",\""condition_type\"":\""focused\"",\""topic_key\"":\""V4\"",\""topic_name\"":\""中国古代最大的歼灭战 长平之战\"",\""video_file\"":\""视频4-混知漫画｜中国古代最大的歼灭战——长平之战！-480P 标清-AVC.mp4\"",\""start_number\"":\""\"",\""generated_timestamp\"":\""\""}""}",8b6ce1f9-62a7-4d97-823b-839e8a8c7711,sub-007,ses-001,e200533d-aea2-40fe-b868-3667e30904ed,b0a244a8-b5e2-4661-b241-de215ec01f7b,1789890729.7543375,1789890729.7645998,369284.6999999881,browser_calibrated,-0.005712270736694336,1.4998912811279297,37812,38225,4,-4.549980163574219,host_receive_nearest,verified,0,1,,,,,,,,,1,,,,,,,,,,,,,,,,,,,,V4,A,0,1789890729.7645998,1789890729.7703376,38225,,,,,,,,,,
probe_schedule,1789890729.8269877,152.98,37833,1,1,,1,G07,A,focused,probe_schedule,"46.165,100.883,213.918,283.647",,0.0,0.0,,,,,,,"{""client_event_id"":""6656573f-bd9f-4d94-9480-69e2feca22af"",""recorder_run_id"":""8b6ce1f9-62a7-4d97-823b-839e8a8c7711"",""client_id"":""b0a244a8-b5e2-4661-b241-de215ec01f7b"",""client_timestamp"":1789890729.8327,""client_monotonic_ms"":369352.7999999523,""event_timestamp"":1789890729.8269877,""clock_offset_sec"":-0.005712270736694336,""clock_round_trip_ms"":1.4998912811279297,""subject_id"":""sub-007"",""session_id"":""ses-001"",""block_id"":""Block 1"",""counterbalance_group"":""G07"",""block_order"":""Block 1"",""condition"":""A"",""condition_type"":""focused"",""topic_key"":""V4"",""topic_name"":""中国古代最大的歼灭战 长平之战"",""event_type"":""probe_schedule"",""iso_time"":""2026-09-20T07:52:09.832Z"",""relative_ms"":69,""video_time_sec"":0,""probe_schedule_id"":""07ae8716-a090-4285-8da7-ea47ca7f5e9f"",""probe_times"":[46.165,100.883,213.918,283.647],""probe_config"":{""probes_per_block"":4,""min_first_onset_sec"":45,""min_end_margin_sec"":30,""min_gap_sec"":45},""video_duration_sec"":313.818,""video_id"":""V4"",""debug_fast"":false}",8b6ce1f9-62a7-4d97-823b-839e8a8c7711,sub-007,ses-001,6656573f-bd9f-4d94-9480-69e2feca22af,b0a244a8-b5e2-4661-b241-de215ec01f7b,1789890729.8323376,1789890729.8327,369352.7999999523,browser_calibrated,-0.005712270736694336,1.4998912811279297,37832,38245,4,-9.650230407714844,host_receive_nearest,verified,1,1,,,,,,,,,1,,,,,,,,,,,,,,,,,,,,V4,A,0,1789890729.8327,1789890729.8323376,38245,,4,07ae8716-a090-4285-8da7-ea47ca7f5e9f,,,,,,,
condition_prompt_end,1789890734.8534,158.0,39088,1,1,,1,G07,A,focused,condition_prompt_end,0,,0.0,0.0,,,,,,,"{""client_event_id"":""4c086968-8119-4ddf-8b02-7842918e81d5"",""recorder_run_id"":""8b6ce1f9-62a7-4d97-823b-839e8a8c7711"",""client_id"":""b0a244a8-b5e2-4661-b241-de215ec01f7b"",""client_timestamp"":1789890734.8534,""client_monotonic_ms"":374373.59999996424,""event_timestamp"":1789890734.8534,""clock_offset_sec"":-0.005712270736694336,""clock_round_trip_ms"":1.4998912811279297,""subject_id"":""sub-007"",""session_id"":""ses-001"",""block_id"":""Block 1"",""counterbalance_group"":""G07"",""block_order"":""Block 1"",""condition"":""A"",""condition_type"":""focused"",""topic_key"":""V4"",""topic_name"":""中国古代最大的歼灭战 长平之战"",""event_type"":""condition_prompt_end"",""iso_time"":""2026-09-20T07:52:14.853Z"",""relative_ms"":5089,""video_time_sec"":0}",8b6ce1f9-62a7-4d97-823b-839e8a8c7711,sub-007,ses-001,4c086968-8119-4ddf-8b02-7842918e81d5,b0a244a8-b5e2-4661-b241-de215ec01f7b,1789890734.8483374,1789890734.8534,374373.59999996424,browser_calibrated,-0.005712270736694336,1.4998912811279297,39087,39500,4,-21.062374114990234,host_receive_nearest,verified,1,0,,,,,,,,,1,,,,,,,,,,,,,,,,,,,,V4,A,0,1789890734.8534,1789890734.8483374,39500,,,,,,,,,,
video_start,1789890734.8534,158.02,39093,1,1,,1,G07,A,focused,video_start,V4,,0.0,0.0,,,,,,,,8b6ce1f9-62a7-4d97-823b-839e8a8c7711,sub-007,ses-001,66836e3a-784a-499c-bd48-b77c815343a0,b0a244a8-b5e2-4661-b241-de215ec01f7b,1789890734.8643374,1789890734.8586,374378.6999999881,browser_calibrated,-0.005712270736694336,1.4998912811279297,39092,39505,4,-5.062580108642578,host_receive_nearest,verified,1,1,,,,,,,,,1,,,,,,,,,,,,,,,,,,,,V4,A,0,1789890734.8586,1789890734.8643374,39505,,,,,,,,,,
video_play,1789890734.8534,158.02,39093,1,1,,1,G07,A,focused,video_play,0,,0.0,0.0,,,,,,,"{""client_event_id"":""66836e3a-784a-499c-bd48-b77c815343a0"",""recorder_run_id"":""8b6ce1f9-62a7-4d97-823b-839e8a8c7711"",""client_id"":""b0a244a8-b5e2-4661-b241-de215ec01f7b"",""client_timestamp"":1789890734.8586,""client_monotonic_ms"":374378.6999999881,""event_timestamp"":1789890734.8534,""clock_offset_sec"":-0.005712270736694336,""clock_round_trip_ms"":1.4998912811279297,""subject_id"":""sub-007"",""session_id"":""ses-001"",""block_id"":""Block 1"",""counterbalance_group"":""G07"",""block_order"":""Block 1"",""condition"":""A"",""condition_type"":""focused"",""topic_key"":""V4"",""topic_name"":""中国古代最大的歼灭战 长平之战"",""event_type"":""video_play"",""iso_time"":""2026-09-20T07:52:14.858Z"",""relative_ms"":5094,""video_time_sec"":0}",8b6ce1f9-62a7-4d97-823b-839e8a8c7711,sub-007,ses-001,66836e3a-784a-499c-bd48-b77c815343a0,b0a244a8-b5e2-4661-b241-de215ec01f7b,1789890734.8643374,1789890734.8586,374378.6999999881,browser_calibrated,-0.005712270736694336,1.4998912811279297,39092,39505,4,-5.062580108642578,host_receive_nearest,verified,1,1,,,,,,,,,1,,,,,,,,,,,,,,,,,,,,V4,A,0,1789890734.8586,1789890734.8643374,39505,,,,,,,,,,
qc_status_change,1789890748.6923375,171.36,42263,1,1,,1,G07,A,focused,qc_status_change,bad,,0.0,0.0,,,,,,,丢包率 6.93% 过高，请检查蓝牙距离、供电和连接。,8b6ce1f9-62a7-4d97-823b-839e8a8c7711,sub-007,ses-001,,,1789890748.6923375,,,server,,,42262,42840,4,0.0,host_receive_nearest,,,,,,,,,,,,1,,,,,,,,,,,,,,,,,,,,V4,A,,,1789890748.6923375,42840,,,,,,,,,,
qc_status_change,1789890758.7073376,181.86,44828,1,1,,1,G07,A,focused,qc_status_change,warning,,0.0,0.0,,,,,,,丢包率 2.29% 偏高。,8b6ce1f9-62a7-4d97-823b-839e8a8c7711,sub-007,ses-001,,,1789890758.7073376,,,server,,,44827,45465,4,0.0,host_receive_nearest,,,,,,,,,,,,1,,,,,,,,,,,,,,,,,,,,V4,A,,,1789890758.7073376,45465,,,,,,,,,,
qc_status_change,1789890760.6923375,183.82,45318,1,1,,1,G07,A,focused,qc_status_change,good,,0.0,0.0,,,,,,,当前QC指标正常。,8b6ce1f9-62a7-4d97-823b-839e8a8c7711,sub-007,ses-001,,,1789890760.6923375,,,server,,,45317,45955,4,0.0,host_receive_nearest,,,,,,,,,,,,1,,,,,,,,,,,,,,,,,,,,V4,A,,,1789890760.6923375,45955,,,,,,,,,,
probe_onset,1789890781.1175377,204.26,50428,1,1,,1,G07,A,focused,probe_onset,Block 1_1_07ae8716,,0.0,0.0,,,,,,,"{""client_event_id"":""03432927-a303-4b42-9e22-44e99a4cf080"",""recorder_run_id"":""8b6ce1f9-62a7-4d97-823b-839e8a8c7711"",""client_id"":""b0a244a8-b5e2-4661-b241-de215ec01f7b"",""client_timestamp"":1789890781.1258,""client_monotonic_ms"":420645.89999997616,""event_timestamp"":1789890781.1175377,""clock_offset_sec"":-0.008262157440185547,""clock_round_trip_ms"":1.3997554779052734,""subject_id"":""sub-007"",""session_id"":""ses-001"",""block_id"":""Block 1"",""counterbalance_group"":""G07"",""block_order"":""Block 1"",""condition"":""A"",""condition_type"":""focused"",""topic_key"":""V4"",""topic_name"":""中国古代最大的歼灭战 长平之战"",""event_type"":""probe_onset"",""iso_time"":""2026-09-20T07:53:01.125Z"",""relative_ms"":51362,""video_time_sec"":46.22,""probe_id"":""Block 1_1_07ae8716"",""probe_index"":1,""probe_schedule_id"":""07ae8716-a090-4285-8da7-ea47ca7f5e9f"",""probe_planned_time_sec"":46.165,""video_id"":""V4"",""pause_reason"":""thought_probe"",""forced"":false}",8b6ce1f9-62a7-4d97-823b-839e8a8c7711,sub-007,ses-001,03432927-a303-4b42-9e22-44e99a4cf080,b0a244a8-b5e2-4661-b241-de215ec01f7b,1789890781.1143374,1789890781.1258,420645.89999997616,browser_calibrated,-0.008262157440185547,1.3997554779052734,50427,51065,4,-19.20032501220703,host_receive_nearest,verified,1,1,,,,,,,,,1,,,,,,,,,,,,,,,,,,,,V4,A,46.22,1789890781.1258,1789890781.1143374,51065,Block 1_1_07ae8716,1,07ae8716-a090-4285-8da7-ea47ca7f5e9f,46.165,,,,,,thought_probe
attention_response,1789890789.7101376,212.88,52583,1,1,,1,G07,A,focused,attention_response,1,,0.0,0.0,,,,,,,"{""client_event_id"":""c8eb4081-9906-4c55-8593-f5e7a895e1d5"",""recorder_run_id"":""8b6ce1f9-62a7-4d97-823b-839e8a8c7711"",""client_id"":""b0a244a8-b5e2-4661-b241-de215ec01f7b"",""client_timestamp"":1789890789.7178998,""client_monotonic_ms"":429238,""event_timestamp"":1789890789.7101376,""clock_offset_sec"":-0.00776219367980957,""clock_round_trip_ms"":1.3997554779052734,""subject_id"":""sub-007"",""session_id"":""ses-001"",""block_id"":""Block 1"",""counterbalance_group"":""G07"",""block_order"":""Block 1"",""condition"":""A"",""condition_type"":""focused"",""topic_key"":""V4"",""topic_name"":""中国古代最大的歼灭战 长平之战"",""event_type"":""attention_response"",""iso_time"":""2026-09-20T07:53:09.717Z"",""relative_ms"":59954,""video_time_sec"":46.22,""probe_id"":""Block 1_1_07ae8716"",""probe_index"":1,""probe_schedule_id"":""07ae8716-a090-4285-8da7-ea47ca7f5e9f"",""probe_planned_time_sec"":46.165,""video_id"":""V4"",""response"":1,""response_label"":""课程内容"",""probe_attention"":""ON"",""response_time_ms"":8592}",8b6ce1f9-62a7-4d97-823b-839e8a8c7711,sub-007,ses-001,c8eb4081-9906-4c55-8593-f5e7a895e1d5,b0a244a8-b5e2-4661-b241-de215ec01f7b,1789890789.7073376,1789890789.7178998,429238,browser_calibrated,-0.00776219367980957,1.3997554779052734,52582,53220,4,-2.79998779296875,host_receive_nearest,verified,1,1,,,,,,,,,1,,,,,,,,,,,,,,,,,,,,V4,A,46.22,1789890789.7178998,1789890789.7233374,53220,Block 1_1_07ae8716,1,07ae8716-a090-4285-8da7-ea47ca7f5e9f,46.165,1,课程内容,8592,,ON,
confidence_response,1789890792.780238,215.9,53338,1,1,,1,G07,A,focused,confidence_response,3,,0.0,0.0,,,,,,,"{""client_event_id"":""710e47ef-91a9-4de3-bc5e-2075eed43978"",""recorder_run_id"":""8b6ce1f9-62a7-4d97-823b-839e8a8c7711"",""client_id"":""b0a244a8-b5e2-4661-b241-de215ec01f7b"",""client_timestamp"":1789890792.788,""client_monotonic_ms"":432308.09999996424,""event_timestamp"":1789890792.780238,""clock_offset_sec"":-0.00776219367980957,""clock_round_trip_ms"":1.3997554779052734,""subject_id"":""sub-007"",""session_id"":""ses-001"",""block_id"":""Block 1"",""counterbalance_group"":""G07"",""block_order"":""Block 1"",""condition"":""A"",""condition_type"":""focused"",""topic_key"":""V4"",""topic_name"":""中国古代最大的歼灭战 长平之战"",""event_type"":""confidence_response"",""iso_time"":""2026-09-20T07:53:12.788Z"",""relative_ms"":63024,""video_time_sec"":46.22,""probe_id"":""Block 1_1_07ae8716"",""probe_index"":1,""probe_schedule_id"":""07ae8716-a090-4285-8da7-ea47ca7f5e9f"",""probe_planned_time_sec"":46.165,""video_id"":""V4"",""response"":1,""confidence"":3,""response_time_ms"":3070}",8b6ce1f9-62a7-4d97-823b-839e8a8c7711,sub-007,ses-001,710e47ef-91a9-4de3-bc5e-2075eed43978,b0a244a8-b5e2-4661-b241-de215ec01f7b,1789890792.7863376,1789890792.788,432308.09999996424,browser_calibrated,-0.00776219367980957,1.3997554779052734,53337,53975,4,-9.900331497192383,host_receive_nearest,verified,1,1,,,,,,,,,1,,,,,,,,,,,,,,,,,,,,V4,A,46.22,1789890792.788,1789890792.7863376,53975,Block 1_1_07ae8716,1,07ae8716-a090-4285-8da7-ea47ca7f5e9f,46.165,,,3070,3,,
phase_change,1789890792.7849379,215.904,53348,1,1,,1,G07,A,focused,phase_change,video,,0.0,0.0,,,,,,,,8b6ce1f9-62a7-4d97-823b-839e8a8c7711,sub-007,ses-001,62f2259d-b2b8-4a6c-8817-8be572fc22c0,b0a244a8-b5e2-4661-b241-de215ec01f7b,1789890792.8013375,1789890792.7927,432312.7999999523,browser_calibrated,-0.00776219367980957,1.3997554779052734,53338,53976,4,1.3997554779052734,host_receive_nearest,verified,1,1,,,,,,,,,1,,,,,,,,,,,,,,,,,,,,V4,A,46.291,1789890792.7927,1789890792.8013375,53976,,,,,,,,,,
video_resume,1789890792.7849379,215.904,53348,1,1,,1,G07,A,focused,video_resume,46.291,,0.0,0.0,,,,,,,"{""client_event_id"":""62f2259d-b2b8-4a6c-8817-8be572fc22c0"",""recorder_run_id"":""8b6ce1f9-62a7-4d97-823b-839e8a8c7711"",""client_id"":""b0a244a8-b5e2-4661-b241-de215ec01f7b"",""client_timestamp"":1789890792.7927,""client_monotonic_ms"":432312.7999999523,""event_timestamp"":1789890792.7849379,""clock_offset_sec"":-0.00776219367980957,""clock_round_trip_ms"":1.3997554779052734,""subject_id"":""sub-007"",""session_id"":""ses-001"",""block_id"":""Block 1"",""counterbalance_group"":""G07"",""block_order"":""Block 1"",""condition"":""A"",""condition_type"":""focused"",""topic_key"":""V4"",""topic_name"":""中国古代最大的歼灭战 长平之战"",""event_type"":""video_resume"",""iso_time"":""2026-09-20T07:53:12.792Z"",""relative_ms"":63028,""video_time_sec"":46.291,""probe_id"":""Block 1_1_07ae8716"",""probe_index"":1,""probe_schedule_id"":""07ae8716-a090-4285-8da7-ea47ca7f5e9f"",""probe_planned_time_sec"":46.165,""video_id"":""V4"",""pause_reason"":""thought_probe"",""resume_status"":""playing""}",8b6ce1f9-62a7-4d97-823b-839e8a8c7711,sub-007,ses-001,62f2259d-b2b8-4a6c-8817-8be572fc22c0,b0a244a8-b5e2-4661-b241-de215ec01f7b,1789890792.8013375,1789890792.7927,432312.7999999523,browser_calibrated,-0.00776219367980957,1.3997554779052734,53338,53976,4,1.3997554779052734,host_receive_nearest,verified,1,1,,,,,,,,,1,,,,,,,,,,,,,,,,,,,,V4,A,46.291,1789890792.7927,1789890792.8013375,53976,Block 1_1_07ae8716,,,,,,,,,thought_probe
qc_status_change,1789890814.7703376,236.72,58033,1,1,,1,G07,A,focused,qc_status_change,bad,,0.0,0.0,,,,,,,丢包率 23.18% 过高，请检查蓝牙距离、供电和连接。,8b6ce1f9-62a7-4d97-823b-839e8a8c7711,sub-007,ses-001,,,1789890814.7703376,,,server,,,58032,59180,4,-108.99996757507324,host_receive_nearest,,,,,,,,,,,,1,,,,,,,,,,,,,,,,,,,,V4,A,,,1789890814.7703376,59180,,,,,,,,,,
phase_change,1789890820.3211377,,58048,1,1,,1,G07,A,focused,phase_change,paused,,0.0,0.0,,,,,,,,8b6ce1f9-62a7-4d97-823b-839e8a8c7711,sub-007,ses-001,f70a751d-1146-4ec2-9b23-e91f4824d1b6,b0a244a8-b5e2-4661-b241-de215ec01f7b,1789890820.3323376,1789890820.3288999,459849,browser_calibrated,-0.00776219367980957,1.3997554779052734,,,,-2738.800048828125,outside_sample_tolerance,verified,1,1,,,,,,,,,1,,,,,,,,,,,,,,,,,,,,V4,A,73.79,1789890820.3288999,1789890820.3323376,,,,,,,,,,,
video_pause,1789890820.3211377,,58048,1,1,,1,G07,A,focused,video_pause,73.79,,0.0,0.0,,,,,,,"{""client_event_id"":""f70a751d-1146-4ec2-9b23-e91f4824d1b6"",""recorder_run_id"":""8b6ce1f9-62a7-4d97-823b-839e8a8c7711"",""client_id"":""b0a244a8-b5e2-4661-b241-de215ec01f7b"",""client_timestamp"":1789890820.3288999,""client_monotonic_ms"":459849,""event_timestamp"":1789890820.3211377,""clock_offset_sec"":-0.00776219367980957,""clock_round_trip_ms"":1.3997554779052734,""subject_id"":""sub-007"",""session_id"":""ses-001"",""block_id"":""Block 1"",""counterbalance_group"":""G07"",""block_order"":""Block 1"",""condition"":""A"",""condition_type"":""focused"",""topic_key"":""V4"",""topic_name"":""中国古代最大的歼灭战 长平之战"",""event_type"":""video_pause"",""iso_time"":""2026-09-20T07:53:40.328Z"",""relative_ms"":90565,""video_time_sec"":73.79,""pause_reason"":""eeg_dropout"",""reason"":""automatic_watchdog""}",8b6ce1f9-62a7-4d97-823b-839e8a8c7711,sub-007,ses-001,f70a751d-1146-4ec2-9b23-e91f4824d1b6,b0a244a8-b5e2-4661-b241-de215ec01f7b,1789890820.3323376,1789890820.3288999,459849,browser_calibrated,-0.00776219367980957,1.3997554779052734,,,,-2738.800048828125,outside_sample_tolerance,verified,1,1,,,,,,,,,1,,,,,,,,,,,,,,,,,,,,V4,A,73.79,1789890820.3288999,1789890820.3323376,,,,,,,,,,,eeg_dropout
eeg_dropout,1789890820.8173375,,58048,1,1,,1,G07,A,focused,eeg_dropout,signal_lost,,0.0,0.0,,,,,,,absence_threshold_sec=2,8b6ce1f9-62a7-4d97-823b-839e8a8c7711,sub-007,ses-001,,,1789890820.8173375,,,server,,,,,,-3234.999895095825,outside_sample_tolerance,,,,,,,,,,,,1,,,,,,,,,,,,,,,,,,,,V4,A,,,1789890820.8173375,,,,,,,,,,,eeg_dropout
device_disconnected,1789890821.8013375,,58048,1,1,,1,G07,A,focused,device_disconnected,,,0,0,,,,,,,,8b6ce1f9-62a7-4d97-823b-839e8a8c7711,sub-007,ses-001,,,1789890821.8013375,,,server,,,,,,-4218.999862670898,outside_sample_tolerance,,,,,,,,,,,,1,,,,,,,,,,,,,,,,,,,,V4,A,,,1789890821.8013375,,,,,,,,,,,
device_error,1789890842.8953376,,58048,1,1,,1,G07,A,focused,device_error,[WinError -2147023673] 操作已被用户取消。,,0.0,0.0,,,,,,,,8b6ce1f9-62a7-4d97-823b-839e8a8c7711,sub-007,ses-001,,,1789890842.8953376,,,server,,,,,,-25312.999963760376,outside_sample_tolerance,,,,,,,,,,,,1,,,,,,,,,,,,,,,,,,,,V4,A,,,1789890842.8953376,,,,,,,,,,,
device_disconnected,1789890842.8953376,,58048,1,1,,1,G07,A,focused,device_disconnected,,,0,0,,,,,,,,8b6ce1f9-62a7-4d97-823b-839e8a8c7711,sub-007,ses-001,,,1789890842.8953376,,,server,,,,,,-25312.999963760376,outside_sample_tolerance,,,,,,,,,,,,1,,,,,,,,,,,,,,,,,,,,V4,A,,,1789890842.8953376,,,,,,,,,,,
device_connected,1789890850.8793375,,58048,1,1,,1,G07,A,focused,device_connected,74:4D:BD:62:FD:8D,,0.0,0.0,,,,,,,,8b6ce1f9-62a7-4d97-823b-839e8a8c7711,sub-007,ses-001,,,1789890850.8793375,,,server,,,,,,-33296.99993133545,outside_sample_tolerance,,,,,,,,,,,,1,,,,,,,,,,,,,,,,,,,,V4,A,,,1789890850.8793375,,,,,,,,,,,
eeg_recovery,1789890850.8953376,236.784,58048,1,1,,1,G07,A,focused,eeg_recovery,signal_recovered,33.312999963760376,0.0,0.0,,,,,,,等待实验员重新确认同步后恢复视频,8b6ce1f9-62a7-4d97-823b-839e8a8c7711,sub-007,ses-001,,,1789890850.8953376,,,server,,,58048,59196,6,0.0,host_receive_nearest,,,,,,,,,,,,1,,,,,,,,,,,,,,,,,,,,V4,A,,,1789890850.8953376,59196,,,,,,,,,,eeg_dropout
qc_status_change,1789890850.9113376,236.82,58058,1,1,,1,G07,A,focused,qc_status_change,waiting,,0.0,0.0,,,,,,,等待至少2秒EEG数据。,8b6ce1f9-62a7-4d97-823b-839e8a8c7711,sub-007,ses-001,,,1789890850.9113376,,,server,,,58057,59205,6,0.0,host_receive_nearest,,,,,,,,,,,,1,,,,,,,,,,,,,,,,,,,,V4,A,,,1789890850.9113376,59205,,,,,,,,,,
qc_status_change,1789890852.9113376,238.8,58553,1,1,,1,G07,A,focused,qc_status_change,good,,0.0,0.0,,,,,,,当前QC指标正常。,8b6ce1f9-62a7-4d97-823b-839e8a8c7711,sub-007,ses-001,,,1789890852.9113376,,,server,,,58552,59700,6,-16.000032424926758,host_receive_nearest,,,,,,,,,,,,1,,,,,,,,,,,,,,,,,,,,V4,A,,,1789890852.9113376,59700,,,,,,,,,,
eeg_recovery_confirmed,1789890855.4200876,240.52,58983,1,1,,1,G07,A,focused,eeg_recovery_confirmed,73.79,,0.0,0.0,,,,,,,"{""client_event_id"":""496b3694-5998-4dcc-859b-6b608208f1bd"",""recorder_run_id"":""8b6ce1f9-62a7-4d97-823b-839e8a8c7711"",""client_id"":""b0a244a8-b5e2-4661-b241-de215ec01f7b"",""client_timestamp"":1789890855.4287,""client_monotonic_ms"":494948.7999999523,""event_timestamp"":1789890855.4200876,""clock_offset_sec"":-0.008612394332885742,""clock_round_trip_ms"":1.4998912811279297,""subject_id"":""sub-007"",""session_id"":""ses-001"",""block_id"":""Block 1"",""counterbalance_group"":""G07"",""block_order"":""Block 1"",""condition"":""A"",""condition_type"":""focused"",""topic_key"":""V4"",""topic_name"":""中国古代最大的歼灭战 长平之战"",""event_type"":""eeg_recovery_confirmed"",""iso_time"":""2026-09-20T07:54:15.428Z"",""relative_ms"":125664,""video_time_sec"":73.79,""pause_reason"":""eeg_dropout""}",8b6ce1f9-62a7-4d97-823b-839e8a8c7711,sub-007,ses-001,496b3694-5998-4dcc-859b-6b608208f1bd,b0a244a8-b5e2-4661-b241-de215ec01f7b,1789890855.4263375,1789890855.4287,494948.7999999523,browser_calibrated,-0.008612394332885742,1.4998912811279297,58982,60130,6,-40.75002670288086,host_receive_nearest,verified,1,0,,,,,,,,,1,,,,,,,,,,,,,,,,,,,,V4,A,73.79,1789890855.4287,1789890855.4263375,60130,,,,,,,,,,
phase_change,1789890855.4233875,240.52,58983,1,1,,1,G07,A,focused,phase_change,video,,0.0,0.0,,,,,,,,8b6ce1f9-62a7-4d97-823b-839e8a8c7711,sub-007,ses-001,ec37a535-c527-43e8-97bc-5db19cb5fe27,b0a244a8-b5e2-4661-b241-de215ec01f7b,1789890855.4423375,1789890855.432,494952.09999996424,browser_calibrated,-0.008612394332885742,1.4998912811279297,58982,60130,6,-44.049978256225586,host_receive_nearest,verified,1,1,,,,,,,,,1,,,,,,,,,,,,,,,,,,,,V4,A,73.79,1789890855.432,1789890855.4423375,60130,,,,,,,,,,
video_resume,1789890855.4233875,240.52,58983,1,1,,1,G07,A,focused,video_resume,73.79,,0.0,0.0,,,,,,,"{""client_event_id"":""ec37a535-c527-43e8-97bc-5db19cb5fe27"",""recorder_run_id"":""8b6ce1f9-62a7-4d97-823b-839e8a8c7711"",""client_id"":""b0a244a8-b5e2-4661-b241-de215ec01f7b"",""client_timestamp"":1789890855.432,""client_monotonic_ms"":494952.09999996424,""event_timestamp"":1789890855.4233875,""clock_offset_sec"":-0.008612394332885742,""clock_round_trip_ms"":1.4998912811279297,""subject_id"":""sub-007"",""session_id"":""ses-001"",""block_id"":""Block 1"",""counterbalance_group"":""G07"",""block_order"":""Block 1"",""condition"":""A"",""condition_type"":""focused"",""topic_key"":""V4"",""topic_name"":""中国古代最大的歼灭战 长平之战"",""event_type"":""video_resume"",""iso_time"":""2026-09-20T07:54:15.432Z"",""relative_ms"":125668,""video_time_sec"":73.79,""pause_reason"":""eeg_dropout""}",8b6ce1f9-62a7-4d97-823b-839e8a8c7711,sub-007,ses-001,ec37a535-c527-43e8-97bc-5db19cb5fe27,b0a244a8-b5e2-4661-b241-de215ec01f7b,1789890855.4423375,1789890855.432,494952.09999996424,browser_calibrated,-0.008612394332885742,1.4998912811279297,58982,60130,6,-44.049978256225586,host_receive_nearest,verified,1,1,,,,,,,,,1,,,,,,,,,,,,,,,,,,,,V4,A,73.79,1789890855.432,1789890855.4423375,60130,,,,,,,,,,eeg_dropout
qc_status_change,1789890856.9263375,242.22,59193,1,1,,1,G07,A,focused,qc_status_change,bad,,0.0,0.0,,,,,,,丢包率 15.81% 过高，请检查蓝牙距离、供电和连接。,8b6ce1f9-62a7-4d97-823b-839e8a8c7711,sub-007,ses-001,,,1789890856.9263375,,,server,,,59192,60555,6,0.0,host_receive_nearest,,,,,,,,,,,,1,,,,,,,,,,,,,,,,,,,,V4,A,,,1789890856.9263375,60555,,,,,,,,,,
qc_status_change,1789890870.9263375,256.64,62423,1,1,,1,G07,A,focused,qc_status_change,warning,,0.0,0.0,,,,,,,丢包率 1.82% 偏高。,8b6ce1f9-62a7-4d97-823b-839e8a8c7711,sub-007,ses-001,,,1789890870.9263375,,,server,,,62422,64160,6,-14.999866485595703,host_receive_nearest,,,,,,,,,,,,1,,,,,,,,,,,,,,,,,,,,V4,A,,,1789890870.9263375,64160,,,,,,,,,,
qc_status_change,1789890874.9263375,260.52,63293,1,1,,1,G07,A,focused,qc_status_change,bad,,0.0,0.0,,,,,,,丢包率 5.66% 过高，请检查蓝牙距离、供电和连接。,8b6ce1f9-62a7-4d97-823b-839e8a8c7711,sub-007,ses-001,,,1789890874.9263375,,,server,,,63292,65130,6,0.0,host_receive_nearest,,,,,,,,,,,,1,,,,,,,,,,,,,,,,,,,,V4,A,,,1789890874.9263375,65130,,,,,,,,,,
qc_status_change,1789890876.9423375,262.5,63788,1,1,,1,G07,A,focused,qc_status_change,warning,,0.0,0.0,,,,,,,丢包率 4.08% 偏高。,8b6ce1f9-62a7-4d97-823b-839e8a8c7711,sub-007,ses-001,,,1789890876.9423375,,,server,,,63787,65625,6,-109.9998950958252,host_receive_nearest,,,,,,,,,,,,1,,,,,,,,,,,,,,,,,,,,V4,A,,,1789890876.9423375,65625,,,,,,,,,,
qc_status_change,1789890882.9733374,268.5,65213,1,1,,1,G07,A,focused,qc_status_change,bad,,0.0,0.0,,,,,,,丢包率 6.97% 过高，请检查蓝牙距离、供电和连接。,8b6ce1f9-62a7-4d97-823b-839e8a8c7711,sub-007,ses-001,,,1789890882.9733374,,,server,,,65212,67125,6,-61.99979782104492,host_receive_nearest,,,,,,,,,,,,1,,,,,,,,,,,,,,,,,,,,V4,A,,,1789890882.9733374,67125,,,,,,,,,,
probe_onset,1789890883.1243877,268.78,65283,1,1,,1,G07,A,focused,probe_onset,Block 1_2_07ae8716,,0.0,0.0,,,,,,,"{""client_event_id"":""610a2c84-54a8-4d2e-984f-bcc24ef30d89"",""recorder_run_id"":""8b6ce1f9-62a7-4d97-823b-839e8a8c7711"",""client_id"":""b0a244a8-b5e2-4661-b241-de215ec01f7b"",""client_timestamp"":1789890883.1272,""client_monotonic_ms"":522647.2999999523,""event_timestamp"":1789890883.1243877,""clock_offset_sec"":-0.0028121471405029297,""clock_round_trip_ms"":1.2996196746826172,""subject_id"":""sub-007"",""session_id"":""ses-001"",""block_id"":""Block 1"",""counterbalance_group"":""G07"",""block_order"":""Block 1"",""condition"":""A"",""condition_type"":""focused"",""topic_key"":""V4"",""topic_name"":""中国古代最大的歼灭战 长平之战"",""event_type"":""probe_onset"",""iso_time"":""2026-09-20T07:54:43.127Z"",""relative_ms"":153363,""video_time_sec"":101.1,""probe_id"":""Block 1_2_07ae8716"",""probe_index"":2,""probe_schedule_id"":""07ae8716-a090-4285-8da7-ea47ca7f5e9f"",""probe_planned_time_sec"":100.883,""video_id"":""V4"",""pause_reason"":""thought_probe"",""forced"":false}",8b6ce1f9-62a7-4d97-823b-839e8a8c7711,sub-007,ses-001,610a2c84-54a8-4d2e-984f-bcc24ef30d89,b0a244a8-b5e2-4661-b241-de215ec01f7b,1789890883.1293375,1789890883.1272,522647.2999999523,browser_calibrated,-0.0028121471405029297,1.2996196746826172,65282,67195,6,-26.050329208374023,host_receive_nearest,verified,1,1,,,,,,,,,1,,,,,,,,,,,,,,,,,,,,V4,A,101.1,1789890883.1272,1789890883.1293375,67195,Block 1_2_07ae8716,2,07ae8716-a090-4285-8da7-ea47ca7f5e9f,100.883,,,,,,thought_probe
qc_status_change,1789890884.9893374,270.08,65608,1,1,,1,G07,A,focused,qc_status_change,warning,,0.0,0.0,,,,,,,丢包率 3.15% 偏高。,8b6ce1f9-62a7-4d97-823b-839e8a8c7711,sub-007,ses-001,,,1789890884.9893374,,,server,,,65607,67520,6,-31.999826431274414,host_receive_nearest,,,,,,,,,,,,1,,,,,,,,,,,,,,,,,,,,V4,A,,,1789890884.9893374,67520,,,,,,,,,,
qc_status_change,1789890886.9893374,272.88,66193,1,1,,1,G07,A,focused,qc_status_change,bad,,0.0,0.0,,,,,,,丢包率 7.34% 过高，请检查蓝牙距离、供电和连接。,8b6ce1f9-62a7-4d97-823b-839e8a8c7711,sub-007,ses-001,,,1789890886.9893374,,,server,,,66192,68220,6,0.0,host_receive_nearest,,,,,,,,,,,,1,,,,,,,,,,,,,,,,,,,,V4,A,,,1789890886.9893374,68220,,,,,,,,,,
attention_response,1789890887.0962877,272.98,66218,1,1,,1,G07,A,focused,attention_response,1,,0.0,0.0,,,,,,,"{""client_event_id"":""aa312f42-f204-4462-8473-2a36f13ab6bb"",""recorder_run_id"":""8b6ce1f9-62a7-4d97-823b-839e8a8c7711"",""client_id"":""b0a244a8-b5e2-4661-b241-de215ec01f7b"",""client_timestamp"":1789890887.0990999,""client_monotonic_ms"":526619.1999999881,""event_timestamp"":1789890887.0962877,""clock_offset_sec"":-0.0028121471405029297,""clock_round_trip_ms"":1.2996196746826172,""subject_id"":""sub-007"",""session_id"":""ses-001"",""block_id"":""Block 1"",""counterbalance_group"":""G07"",""block_order"":""Block 1"",""condition"":""A"",""condition_type"":""focused"",""topic_key"":""V4"",""topic_name"":""中国古代最大的歼灭战 长平之战"",""event_type"":""attention_response"",""iso_time"":""2026-09-20T07:54:47.099Z"",""relative_ms"":157335,""video_time_sec"":101.1,""probe_id"":""Block 1_2_07ae8716"",""probe_index"":2,""probe_schedule_id"":""07ae8716-a090-4285-8da7-ea47ca7f5e9f"",""probe_planned_time_sec"":100.883,""video_id"":""V4"",""response"":1,""response_label"":""课程内容"",""probe_attention"":""ON"",""response_time_ms"":3972}",8b6ce1f9-62a7-4d97-823b-839e8a8c7711,sub-007,ses-001,aa312f42-f204-4462-8473-2a36f13ab6bb,b0a244a8-b5e2-4661-b241-de215ec01f7b,1789890887.0983374,1789890887.0990999,526619.1999999881,browser_calibrated,-0.0028121471405029297,1.2996196746826172,66217,68245,6,-28.950214385986328,host_receive_nearest,verified,1,1,,,,,,,,,1,,,,,,,,,,,,,,,,,,,,V4,A,101.1,1789890887.0990999,1789890887.0983374,68245,Block 1_2_07ae8716,2,07ae8716-a090-4285-8da7-ea47ca7f5e9f,100.883,1,课程内容,3972,,ON,
confidence_response,1789890889.2157876,275.08,66743,1,1,,1,G07,A,focused,confidence_response,3,,0.0,0.0,,,,,,,"{""client_event_id"":""6324ac83-67ef-4209-938a-44f5bac5a383"",""recorder_run_id"":""8b6ce1f9-62a7-4d97-823b-839e8a8c7711"",""client_id"":""b0a244a8-b5e2-4661-b241-de215ec01f7b"",""client_timestamp"":1789890889.2185998,""client_monotonic_ms"":528738.6999999881,""event_timestamp"":1789890889.2157876,""clock_offset_sec"":-0.0028121471405029297,""clock_round_trip_ms"":1.2996196746826172,""subject_id"":""sub-007"",""session_id"":""ses-001"",""block_id"":""Block 1"",""counterbalance_group"":""G07"",""block_order"":""Block 1"",""condition"":""A"",""condition_type"":""focused"",""topic_key"":""V4"",""topic_name"":""中国古代最大的歼灭战 长平之战"",""event_type"":""confidence_response"",""iso_time"":""2026-09-20T07:54:49.218Z"",""relative_ms"":159454,""video_time_sec"":101.1,""probe_id"":""Block 1_2_07ae8716"",""probe_index"":2,""probe_schedule_id"":""07ae8716-a090-4285-8da7-ea47ca7f5e9f"",""probe_planned_time_sec"":100.883,""video_id"":""V4"",""response"":1,""confidence"":3,""response_time_ms"":2119}",8b6ce1f9-62a7-4d97-823b-839e8a8c7711,sub-007,ses-001,6324ac83-67ef-4209-938a-44f5bac5a383,b0a244a8-b5e2-4661-b241-de215ec01f7b,1789890889.2233374,1789890889.2185998,528738.6999999881,browser_calibrated,-0.0028121471405029297,1.2996196746826172,66742,68770,6,-8.450031280517578,host_receive_nearest,verified,1,1,,,,,,,,,1,,,,,,,,,,,,,,,,,,,,V4,A,101.1,1789890889.2185998,1789890889.2233374,68770,Block 1_2_07ae8716,2,07ae8716-a090-4285-8da7-ea47ca7f5e9f,100.883,,,2119,3,,
phase_change,1789890889.2204876,275.08,66743,1,1,,1,G07,A,focused,phase_change,video,,0.0,0.0,,,,,,,,8b6ce1f9-62a7-4d97-823b-839e8a8c7711,sub-007,ses-001,af79891d-0396-42f0-bc35-0bd6054514e6,b0a244a8-b5e2-4661-b241-de215ec01f7b,1789890889.2233374,1789890889.2232997,528743.3999999762,browser_calibrated,-0.0028121471405029297,1.2996196746826172,66742,68770,6,-13.14997673034668,host_receive_nearest,verified,1,1,,,,,,,,,1,,,,,,,,,,,,,,,,,,,,V4,A,101.352,1789890889.2232997,1789890889.2233374,68770,,,,,,,,,,
video_resume,1789890889.2204876,275.08,66743,1,1,,1,G07,A,focused,video_resume,101.352,,0.0,0.0,,,,,,,"{""client_event_id"":""af79891d-0396-42f0-bc35-0bd6054514e6"",""recorder_run_id"":""8b6ce1f9-62a7-4d97-823b-839e8a8c7711"",""client_id"":""b0a244a8-b5e2-4661-b241-de215ec01f7b"",""client_timestamp"":1789890889.2232997,""client_monotonic_ms"":528743.3999999762,""event_timestamp"":1789890889.2204876,""clock_offset_sec"":-0.0028121471405029297,""clock_round_trip_ms"":1.2996196746826172,""subject_id"":""sub-007"",""session_id"":""ses-001"",""block_id"":""Block 1"",""counterbalance_group"":""G07"",""block_order"":""Block 1"",""condition"":""A"",""condition_type"":""focused"",""topic_key"":""V4"",""topic_name"":""中国古代最大的歼灭战 长平之战"",""event_type"":""video_resume"",""iso_time"":""2026-09-20T07:54:49.223Z"",""relative_ms"":159459,""video_time_sec"":101.352,""probe_id"":""Block 1_2_07ae8716"",""probe_index"":2,""probe_schedule_id"":""07ae8716-a090-4285-8da7-ea47ca7f5e9f"",""probe_planned_time_sec"":100.883,""video_id"":""V4"",""pause_reason"":""thought_probe"",""resume_status"":""playing""}",8b6ce1f9-62a7-4d97-823b-839e8a8c7711,sub-007,ses-001,af79891d-0396-42f0-bc35-0bd6054514e6,b0a244a8-b5e2-4661-b241-de215ec01f7b,1789890889.2233374,1789890889.2232997,528743.3999999762,browser_calibrated,-0.0028121471405029297,1.2996196746826172,66742,68770,6,-13.14997673034668,host_receive_nearest,verified,1,1,,,,,,,,,1,,,,,,,,,,,,,,,,,,,,V4,A,101.352,1789890889.2232997,1789890889.2393374,68770,Block 1_2_07ae8716,,,,,,,,,thought_probe
qc_status_change,1789890892.9893374,278.88,67693,1,1,,1,G07,A,focused,qc_status_change,warning,,0.0,0.0,,,,,,,丢包率 4.45% 偏高。,8b6ce1f9-62a7-4d97-823b-839e8a8c7711,sub-007,ses-001,,,1789890892.9893374,,,server,,,67692,69720,6,0.0,host_receive_nearest,,,,,,,,,,,,1,,,,,,,,,,,,,,,,,,,,V4,A,,,1789890892.9893374,69720,,,,,,,,,,
qc_status_change,1789890897.0043375,282.66,68638,1,1,,1,G07,A,focused,qc_status_change,good,,0.0,0.0,,,,,,,当前QC指标正常。,8b6ce1f9-62a7-4d97-823b-839e8a8c7711,sub-007,ses-001,,,1789890897.0043375,,,server,,,68637,70665,6,-15.000104904174805,host_receive_nearest,,,,,,,,,,,,1,,,,,,,,,,,,,,,,,,,,V4,A,,,1789890897.0043375,70665,,,,,,,,,,
phase_change,1789890900.7440376,,68813,1,1,,1,G07,A,focused,phase_change,paused,,0.0,0.0,,,,,,,,8b6ce1f9-62a7-4d97-823b-839e8a8c7711,sub-007,ses-001,93193acd-d3ef-448e-9066-e451cdcc06b2,b0a244a8-b5e2-4661-b241-de215ec01f7b,1789890900.7393374,1789890900.7491,540269.1999999881,browser_calibrated,-0.0050623416900634766,1.3997554779052734,,,,-2145.700216293335,outside_sample_tolerance,verified,1,1,,,,,,,,,1,,,,,,,,,,,,,,,,,,,,V4,A,112.62,1789890900.7491,1789890900.7393374,,,,,,,,,,,
video_pause,1789890900.7440376,,68813,1,1,,1,G07,A,focused,video_pause,112.62,,0.0,0.0,,,,,,,"{""client_event_id"":""93193acd-d3ef-448e-9066-e451cdcc06b2"",""recorder_run_id"":""8b6ce1f9-62a7-4d97-823b-839e8a8c7711"",""client_id"":""b0a244a8-b5e2-4661-b241-de215ec01f7b"",""client_timestamp"":1789890900.7491,""client_monotonic_ms"":540269.1999999881,""event_timestamp"":1789890900.7440376,""clock_offset_sec"":-0.0050623416900634766,""clock_round_trip_ms"":1.3997554779052734,""subject_id"":""sub-007"",""session_id"":""ses-001"",""block_id"":""Block 1"",""counterbalance_group"":""G07"",""block_order"":""Block 1"",""condition"":""A"",""condition_type"":""focused"",""topic_key"":""V4"",""topic_name"":""中国古代最大的歼灭战 长平之战"",""event_type"":""video_pause"",""iso_time"":""2026-09-20T07:55:00.749Z"",""relative_ms"":170985,""video_time_sec"":112.62,""pause_reason"":""eeg_dropout"",""reason"":""automatic_watchdog""}",8b6ce1f9-62a7-4d97-823b-839e8a8c7711,sub-007,ses-001,93193acd-d3ef-448e-9066-e451cdcc06b2,b0a244a8-b5e2-4661-b241-de215ec01f7b,1789890900.7393374,1789890900.7491,540269.1999999881,browser_calibrated,-0.0050623416900634766,1.3997554779052734,,,,-2145.700216293335,outside_sample_tolerance,verified,1,1,,,,,,,,,1,,,,,,,,,,,,,,,,,,,,V4,A,112.62,1789890900.7491,1789890900.7393374,,,,,,,,,,,eeg_dropout
eeg_dropout,1789890901.0043375,,68813,1,1,,1,G07,A,focused,eeg_dropout,signal_lost,,0.0,0.0,,,,,,,absence_threshold_sec=2,8b6ce1f9-62a7-4d97-823b-839e8a8c7711,sub-007,ses-001,,,1789890901.0043375,,,server,,,,,,-2406.0001373291016,outside_sample_tolerance,,,,,,,,,,,,1,,,,,,,,,,,,,,,,,,,,V4,A,,,1789890901.0043375,,,,,,,,,,,eeg_dropout
qc_status_change,1789890901.0043375,,68813,1,1,,1,G07,A,focused,qc_status_change,bad,,0.0,0.0,,,,,,,已连续 2.4 秒没有EEG，请立即重新连接耳机。,8b6ce1f9-62a7-4d97-823b-839e8a8c7711,sub-007,ses-001,,,1789890901.0043375,,,server,,,,,,-2406.0001373291016,outside_sample_tolerance,,,,,,,,,,,,1,,,,,,,,,,,,,,,,,,,,V4,A,,,1789890901.0043375,,,,,,,,,,,
eeg_recovery,1789890902.4423375,283.364,68813,1,1,,1,G07,A,focused,eeg_recovery,signal_recovered,3.8440001010894775,0.0,0.0,,,,,,,等待实验员重新确认同步后恢复视频,8b6ce1f9-62a7-4d97-823b-839e8a8c7711,sub-007,ses-001,,,1789890902.4423375,,,server,,,68813,70841,7,0.0,host_receive_nearest,,,,,,,,,,,,1,,,,,,,,,,,,,,,,,,,,V4,A,,,1789890902.4423375,70841,,,,,,,,,,eeg_dropout
eeg_recovery_confirmed,1789890912.1461377,,70338,1,1,,1,G07,A,focused,eeg_recovery_confirmed,112.62,,0.0,0.0,,,,,,,"{""client_event_id"":""200ecf50-0163-48cd-8dfd-b0929b66e393"",""recorder_run_id"":""8b6ce1f9-62a7-4d97-823b-839e8a8c7711"",""client_id"":""b0a244a8-b5e2-4661-b241-de215ec01f7b"",""client_timestamp"":1789890912.1512,""client_monotonic_ms"":551671.2999999523,""event_timestamp"":1789890912.1461377,""clock_offset_sec"":-0.0050623416900634766,""clock_round_trip_ms"":1.3997554779052734,""subject_id"":""sub-007"",""session_id"":""ses-001"",""block_id"":""Block 1"",""counterbalance_group"":""G07"",""block_order"":""Block 1"",""condition"":""A"",""condition_type"":""focused"",""topic_key"":""V4"",""topic_name"":""中国古代最大的歼灭战 长平之战"",""event_type"":""eeg_recovery_confirmed"",""iso_time"":""2026-09-20T07:55:12.151Z"",""relative_ms"":182387,""video_time_sec"":112.62,""pause_reason"":""eeg_dropout""}",8b6ce1f9-62a7-4d97-823b-839e8a8c7711,sub-007,ses-001,200ecf50-0163-48cd-8dfd-b0929b66e393,b0a244a8-b5e2-4661-b241-de215ec01f7b,1789890912.1453376,1789890912.1512,551671.2999999523,browser_calibrated,-0.0050623416900634766,1.3997554779052734,,,,-2141.8001651763916,outside_sample_tolerance,verified,1,0,,,,,,,,,1,,,,,,,,,,,,,,,,,,,,V4,A,112.62,1789890912.1512,1789890912.1453376,,,,,,,,,,,
phase_change,1789890912.1493375,,70338,1,1,,1,G07,A,focused,phase_change,video,,0.0,0.0,,,,,,,,8b6ce1f9-62a7-4d97-823b-839e8a8c7711,sub-007,ses-001,7578bdac-c632-47f2-a8bf-40ccdc9e5f81,b0a244a8-b5e2-4661-b241-de215ec01f7b,1789890912.1613376,1789890912.1543999,551674.5,browser_calibrated,-0.0050623416900634766,1.3997554779052734,,,,-2144.9999809265137,outside_sample_tolerance,verified,1,1,,,,,,,,,1,,,,,,,,,,,,,,,,,,,,V4,A,112.62,1789890912.1543999,1789890912.1613376,,,,,,,,,,,
video_resume,1789890912.1493375,,70338,1,1,,1,G07,A,focused,video_resume,112.62,,0.0,0.0,,,,,,,"{""client_event_id"":""7578bdac-c632-47f2-a8bf-40ccdc9e5f81"",""recorder_run_id"":""8b6ce1f9-62a7-4d97-823b-839e8a8c7711"",""client_id"":""b0a244a8-b5e2-4661-b241-de215ec01f7b"",""client_timestamp"":1789890912.1543999,""client_monotonic_ms"":551674.5,""event_timestamp"":1789890912.1493375,""clock_offset_sec"":-0.0050623416900634766,""clock_round_trip_ms"":1.3997554779052734,""subject_id"":""sub-007"",""session_id"":""ses-001"",""block_id"":""Block 1"",""counterbalance_group"":""G07"",""block_order"":""Block 1"",""condition"":""A"",""condition_type"":""focused"",""topic_key"":""V4"",""topic_name"":""中国古代最大的歼灭战 长平之战"",""event_type"":""video_resume"",""iso_time"":""2026-09-20T07:55:12.154Z"",""relative_ms"":182390,""video_time_sec"":112.62,""pause_reason"":""eeg_dropout""}",8b6ce1f9-62a7-4d97-823b-839e8a8c7711,sub-007,ses-001,7578bdac-c632-47f2-a8bf-40ccdc9e5f81,b0a244a8-b5e2-4661-b241-de215ec01f7b,1789890912.1613376,1789890912.1543999,551674.5,browser_calibrated,-0.0050623416900634766,1.3997554779052734,,,,-2144.9999809265137,outside_sample_tolerance,verified,1,1,,,,,,,,,1,,,,,,,,,,,,,,,,,,,,V4,A,112.62,1789890912.1543999,1789890912.1613376,,,,,,,,,,,eeg_dropout
phase_change,1789890912.8159378,,70338,1,1,,1,G07,A,focused,phase_change,paused,,0.0,0.0,,,,,,,,8b6ce1f9-62a7-4d97-823b-839e8a8c7711,sub-007,ses-001,0d862de1-c0de-4547-9703-da32d7760961,b0a244a8-b5e2-4661-b241-de215ec01f7b,1789890912.8173375,1789890912.821,552341.0999999642,browser_calibrated,-0.0050623416900634766,1.3997554779052734,,,,-2811.6002082824707,outside_sample_tolerance,verified,1,1,,,,,,,,,1,,,,,,,,,,,,,,,,,,,,V4,A,113.51,1789890912.821,1789890912.8173375,,,,,,,,,,,
video_pause,1789890912.8159378,,70338,1,1,,1,G07,A,focused,video_pause,113.51,,0.0,0.0,,,,,,,"{""client_event_id"":""0d862de1-c0de-4547-9703-da32d7760961"",""recorder_run_id"":""8b6ce1f9-62a7-4d97-823b-839e8a8c7711"",""client_id"":""b0a244a8-b5e2-4661-b241-de215ec01f7b"",""client_timestamp"":1789890912.821,""client_monotonic_ms"":552341.0999999642,""event_timestamp"":1789890912.8159378,""clock_offset_sec"":-0.0050623416900634766,""clock_round_trip_ms"":1.3997554779052734,""subject_id"":""sub-007"",""session_id"":""ses-001"",""block_id"":""Block 1"",""counterbalance_group"":""G07"",""block_order"":""Block 1"",""condition"":""A"",""condition_type"":""focused"",""topic_key"":""V4"",""topic_name"":""中国古代最大的歼灭战 长平之战"",""event_type"":""video_pause"",""iso_time"":""2026-09-20T07:55:12.821Z"",""relative_ms"":183057,""video_time_sec"":113.51,""pause_reason"":""eeg_dropout"",""reason"":""automatic_watchdog""}",8b6ce1f9-62a7-4d97-823b-839e8a8c7711,sub-007,ses-001,0d862de1-c0de-4547-9703-da32d7760961,b0a244a8-b5e2-4661-b241-de215ec01f7b,1789890912.8173375,1789890912.821,552341.0999999642,browser_calibrated,-0.0050623416900634766,1.3997554779052734,,,,-2811.6002082824707,outside_sample_tolerance,verified,1,1,,,,,,,,,1,,,,,,,,,,,,,,,,,,,,V4,A,113.51,1789890912.821,1789890912.8173375,,,,,,,,,,,eeg_dropout
eeg_dropout,1789890913.0363376,,70338,1,1,,1,G07,A,focused,eeg_dropout,signal_lost,,0.0,0.0,,,,,,,absence_threshold_sec=2,8b6ce1f9-62a7-4d97-823b-839e8a8c7711,sub-007,ses-001,,,1789890913.0363376,,,server,,,,,,-3032.0000648498535,outside_sample_tolerance,,,,,,,,,,,,1,,,,,,,,,,,,,,,,,,,,V4,A,,,1789890913.0363376,,,,,,,,,,,eeg_dropout
device_disconnected,1789890914.1923375,,70338,1,1,,1,G07,A,focused,device_disconnected,,,0,0,,,,,,,,8b6ce1f9-62a7-4d97-823b-839e8a8c7711,sub-007,ses-001,,,1789890914.1923375,,,server,,,,,,-4187.999963760376,outside_sample_tolerance,,,,,,,,,,,,1,,,,,,,,,,,,,,,,,,,,V4,A,,,1789890914.1923375,,,,,,,,,,,
device_error,1789890918.4573376,,70338,1,1,,1,G07,A,focused,device_error,[WinError -2147023673] 操作已被用户取消。,,0.0,0.0,,,,,,,,8b6ce1f9-62a7-4d97-823b-839e8a8c7711,sub-007,ses-001,,,1789890918.4573376,,,server,,,,,,-8453.00006866455,outside_sample_tolerance,,,,,,,,,,,,1,,,,,,,,,,,,,,,,,,,,V4,A,,,1789890918.4573376,,,,,,,,,,,
device_disconnected,1789890918.4573376,,70338,1,1,,1,G07,A,focused,device_disconnected,,,0,0,,,,,,,,8b6ce1f9-62a7-4d97-823b-839e8a8c7711,sub-007,ses-001,,,1789890918.4573376,,,server,,,,,,-8453.00006866455,outside_sample_tolerance,,,,,,,,,,,,1,,,,,,,,,,,,,,,,,,,,V4,A,,,1789890918.4573376,,,,,,,,,,,
device_error,1789890926.0513375,,70338,1,1,,1,G07,A,focused,device_error,[WinError -2147023673] 操作已被用户取消。,,0.0,0.0,,,,,,,,8b6ce1f9-62a7-4d97-823b-839e8a8c7711,sub-007,ses-001,,,1789890926.0513375,,,server,,,,,,-16046.99993133545,outside_sample_tolerance,,,,,,,,,,,,1,,,,,,,,,,,,,,,,,,,,V4,A,,,1789890926.0513375,,,,,,,,,,,
device_disconnected,1789890926.0513375,,70338,1,1,,1,G07,A,focused,device_disconnected,,,0,0,,,,,,,,8b6ce1f9-62a7-4d97-823b-839e8a8c7711,sub-007,ses-001,,,1789890926.0513375,,,server,,,,,,-16046.99993133545,outside_sample_tolerance,,,,,,,,,,,,1,,,,,,,,,,,,,,,,,,,,V4,A,,,1789890926.0513375,,,,,,,,,,,
device_error,1789890938.3793375,,70338,1,1,,1,G07,A,focused,device_error,[WinError -2147023673] 操作已被用户取消。,,0.0,0.0,,,,,,,,8b6ce1f9-62a7-4d97-823b-839e8a8c7711,sub-007,ses-001,,,1789890938.3793375,,,server,,,,,,-28375.0,outside_sample_tolerance,,,,,,,,,,,,1,,,,,,,,,,,,,,,,,,,,V4,A,,,1789890938.3793375,,,,,,,,,,,
device_disconnected,1789890938.3793375,,70338,1,1,,1,G07,A,focused,device_disconnected,,,0,0,,,,,,,,8b6ce1f9-62a7-4d97-823b-839e8a8c7711,sub-007,ses-001,,,1789890938.3793375,,,server,,,,,,-28375.0,outside_sample_tolerance,,,,,,,,,,,,1,,,,,,,,,,,,,,,,,,,,V4,A,,,1789890938.3793375,,,,,,,,,,,
device_connected,1789890945.0363376,,70338,1,1,,1,G07,A,focused,device_connected,74:4D:BD:62:FD:8D,,0.0,0.0,,,,,,,,8b6ce1f9-62a7-4d97-823b-839e8a8c7711,sub-007,ses-001,,,1789890945.0363376,,,server,,,,,,-35032.00006484985,outside_sample_tolerance,,,,,,,,,,,,1,,,,,,,,,,,,,,,,,,,,V4,A,,,1789890945.0363376,,,,,,,,,,,
eeg_recovery,1789890945.0363376,290.32,70338,1,1,,1,G07,A,focused,eeg_recovery,signal_recovered,35.03200006484985,0.0,0.0,,,,,,,等待实验员重新确认同步后恢复视频,8b6ce1f9-62a7-4d97-823b-839e8a8c7711,sub-007,ses-001,,,1789890945.0363376,,,server,,,70338,72580,8,0.0,host_receive_nearest,,,,,,,,,,,,1,,,,,,,,,,,,,,,,,,,,V4,A,,,1789890945.0363376,72580,,,,,,,,,,eeg_dropout
qc_status_change,1789890945.2543375,290.556,70398,1,1,,1,G07,A,focused,qc_status_change,waiting,,0.0,0.0,,,,,,,等待至少2秒EEG数据。,8b6ce1f9-62a7-4d97-823b-839e8a8c7711,sub-007,ses-001,,,1789890945.2543375,,,server,,,70397,72639,8,0.0,host_receive_nearest,,,,,,,,,,,,1,,,,,,,,,,,,,,,,,,,,V4,A,,,1789890945.2543375,72639,,,,,,,,,,
qc_status_change,1789890947.2543375,292.556,70898,1,1,,1,G07,A,focused,qc_status_change,good,,0.0,0.0,,,,,,,当前QC指标正常。,8b6ce1f9-62a7-4d97-823b-839e8a8c7711,sub-007,ses-001,,,1789890947.2543375,,,server,,,70897,73139,8,0.0,host_receive_nearest,,,,,,,,,,,,1,,,,,,,,,,,,,,,,,,,,V4,A,,,1789890947.2543375,73139,,,,,,,,,,
eeg_recovery_confirmed,1789890949.7301376,295.036,71518,1,1,,1,G07,A,focused,eeg_recovery_confirmed,113.51,,0.0,0.0,,,,,,,"{""client_event_id"":""e599163e-445a-4263-a357-cda0dc8ba5c3"",""recorder_run_id"":""8b6ce1f9-62a7-4d97-823b-839e8a8c7711"",""client_id"":""b0a244a8-b5e2-4661-b241-de215ec01f7b"",""client_timestamp"":1789890949.7329,""client_monotonic_ms"":589253,""event_timestamp"":1789890949.7301376,""clock_offset_sec"":-0.002762317657470703,""clock_round_trip_ms"":1.399993896484375,""subject_id"":""sub-007"",""session_id"":""ses-001"",""block_id"":""Block 1"",""counterbalance_group"":""G07"",""block_order"":""Block 1"",""condition"":""A"",""condition_type"":""focused"",""topic_key"":""V4"",""topic_name"":""中国古代最大的歼灭战 长平之战"",""event_type"":""eeg_recovery_confirmed"",""iso_time"":""2026-09-20T07:55:49.732Z"",""relative_ms"":219969,""video_time_sec"":113.51,""pause_reason"":""eeg_dropout""}",8b6ce1f9-62a7-4d97-823b-839e8a8c7711,sub-007,ses-001,e599163e-445a-4263-a357-cda0dc8ba5c3,b0a244a8-b5e2-4661-b241-de215ec01f7b,1789890949.7233374,1789890949.7329,589253,browser_calibrated,-0.002762317657470703,1.399993896484375,71517,73759,8,-6.800174713134766,host_receive_nearest,verified,1,0,,,,,,,,,1,,,,,,,,,,,,,,,,,,,,V4,A,113.51,1789890949.7329,1789890949.7233374,73759,,,,,,,,,,
phase_change,1789890949.7336376,295.036,71518,1,1,,1,G07,A,focused,phase_change,video,,0.0,0.0,,,,,,,,8b6ce1f9-62a7-4d97-823b-839e8a8c7711,sub-007,ses-001,bed58972-28ab-4ad5-af00-fdb6d7cdc83b,b0a244a8-b5e2-4661-b241-de215ec01f7b,1789890949.7393374,1789890949.7364,589256.5,browser_calibrated,-0.002762317657470703,1.399993896484375,71517,73759,8,-10.300159454345703,host_receive_nearest,verified,1,1,,,,,,,,,1,,,,,,,,,,,,,,,,,,,,V4,A,113.51,1789890949.7364,1789890949.7393374,73759,,,,,,,,,,
video_resume,1789890949.7336376,295.036,71518,1,1,,1,G07,A,focused,video_resume,113.51,,0.0,0.0,,,,,,,"{""client_event_id"":""bed58972-28ab-4ad5-af00-fdb6d7cdc83b"",""recorder_run_id"":""8b6ce1f9-62a7-4d97-823b-839e8a8c7711"",""client_id"":""b0a244a8-b5e2-4661-b241-de215ec01f7b"",""client_timestamp"":1789890949.7364,""client_monotonic_ms"":589256.5,""event_timestamp"":1789890949.7336376,""clock_offset_sec"":-0.002762317657470703,""clock_round_trip_ms"":1.399993896484375,""subject_id"":""sub-007"",""session_id"":""ses-001"",""block_id"":""Block 1"",""counterbalance_group"":""G07"",""block_order"":""Block 1"",""condition"":""A"",""condition_type"":""focused"",""topic_key"":""V4"",""topic_name"":""中国古代最大的歼灭战 长平之战"",""event_type"":""video_resume"",""iso_time"":""2026-09-20T07:55:49.736Z"",""relative_ms"":219972,""video_time_sec"":113.51,""pause_reason"":""eeg_dropout""}",8b6ce1f9-62a7-4d97-823b-839e8a8c7711,sub-007,ses-001,bed58972-28ab-4ad5-af00-fdb6d7cdc83b,b0a244a8-b5e2-4661-b241-de215ec01f7b,1789890949.7393374,1789890949.7364,589256.5,browser_calibrated,-0.002762317657470703,1.399993896484375,71517,73759,8,-10.300159454345703,host_receive_nearest,verified,1,1,,,,,,,,,1,,,,,,,,,,,,,,,,,,,,V4,A,113.51,1789890949.7364,1789890949.7393374,73759,,,,,,,,,,eeg_dropout
qc_status_change,1789891009.3323376,354.636,86388,1,1,,1,G07,A,focused,qc_status_change,warning,,0.0,0.0,,,,,,,丢包率 1.20% 偏高。,8b6ce1f9-62a7-4d97-823b-839e8a8c7711,sub-007,ses-001,,,1789891009.3323376,,,server,,,86387,88659,8,0.0,host_receive_nearest,,,,,,,,,,,,1,,,,,,,,,,,,,,,,,,,,V4,A,,,1789891009.3323376,88659,,,,,,,,,,
qc_status_change,1789891019.3173375,364.616,88883,1,1,,1,G07,A,focused,qc_status_change,good,,0.0,0.0,,,,,,,当前QC指标正常。,8b6ce1f9-62a7-4d97-823b-839e8a8c7711,sub-007,ses-001,,,1789891019.3173375,,,server,,,88882,91154,8,0.0,host_receive_nearest,,,,,,,,,,,,1,,,,,,,,,,,,,,,,,,,,V4,A,,,1789891019.3173375,91154,,,,,,,,,,
probe_onset,1789891050.5624876,395.84,96693,1,1,,1,G07,A,focused,probe_onset,Block 1_3_07ae8716,,0.0,0.0,,,,,,,"{""client_event_id"":""07fdf2ba-bc1c-41ff-b47f-89cf95da4e81"",""recorder_run_id"":""8b6ce1f9-62a7-4d97-823b-839e8a8c7711"",""client_id"":""b0a244a8-b5e2-4661-b241-de215ec01f7b"",""client_timestamp"":1789891050.5737998,""client_monotonic_ms"":690093.8999999762,""event_timestamp"":1789891050.5624876,""clock_offset_sec"":-0.011312246322631836,""clock_round_trip_ms"":1.2998580932617188,""subject_id"":""sub-007"",""session_id"":""ses-001"",""block_id"":""Block 1"",""counterbalance_group"":""G07"",""block_order"":""Block 1"",""condition"":""A"",""condition_type"":""focused"",""topic_key"":""V4"",""topic_name"":""中国古代最大的歼灭战 长平之战"",""event_type"":""probe_onset"",""iso_time"":""2026-09-20T07:57:30.573Z"",""relative_ms"":320810,""video_time_sec"":213.981,""probe_id"":""Block 1_3_07ae8716"",""probe_index"":3,""probe_schedule_id"":""07ae8716-a090-4285-8da7-ea47ca7f5e9f"",""probe_planned_time_sec"":213.918,""video_id"":""V4"",""pause_reason"":""thought_probe"",""forced"":false}",8b6ce1f9-62a7-4d97-823b-839e8a8c7711,sub-007,ses-001,07fdf2ba-bc1c-41ff-b47f-89cf95da4e81,b0a244a8-b5e2-4661-b241-de215ec01f7b,1789891050.5673375,1789891050.5737998,690093.8999999762,browser_calibrated,-0.011312246322631836,1.2998580932617188,96688,98960,8,4.849910736083984,host_receive_nearest,verified,1,1,,,,,,,,,1,,,,,,,,,,,,,,,,,,,,V4,A,213.981,1789891050.5737998,1789891050.5673375,98960,Block 1_3_07ae8716,3,07ae8716-a090-4285-8da7-ea47ca7f5e9f,213.918,,,,,,thought_probe
attention_response,1789891054.0913877,399.376,97573,1,1,,1,G07,A,focused,attention_response,1,,0.0,0.0,,,,,,,"{""client_event_id"":""a534a016-f2af-426c-8e20-4cc2181fb509"",""recorder_run_id"":""8b6ce1f9-62a7-4d97-823b-839e8a8c7711"",""client_id"":""b0a244a8-b5e2-4661-b241-de215ec01f7b"",""client_timestamp"":1789891054.1027,""client_monotonic_ms"":693622.7999999523,""event_timestamp"":1789891054.0913877,""clock_offset_sec"":-0.011312246322631836,""clock_round_trip_ms"":1.2998580932617188,""subject_id"":""sub-007"",""session_id"":""ses-001"",""block_id"":""Block 1"",""counterbalance_group"":""G07"",""block_order"":""Block 1"",""condition"":""A"",""condition_type"":""focused"",""topic_key"":""V4"",""topic_name"":""中国古代最大的歼灭战 长平之战"",""event_type"":""attention_response"",""iso_time"":""2026-09-20T07:57:34.102Z"",""relative_ms"":324338,""video_time_sec"":213.981,""probe_id"":""Block 1_3_07ae8716"",""probe_index"":3,""probe_schedule_id"":""07ae8716-a090-4285-8da7-ea47ca7f5e9f"",""probe_planned_time_sec"":213.918,""video_id"":""V4"",""response"":1,""response_label"":""课程内容"",""probe_attention"":""ON"",""response_time_ms"":3529}",8b6ce1f9-62a7-4d97-823b-839e8a8c7711,sub-007,ses-001,a534a016-f2af-426c-8e20-4cc2181fb509,b0a244a8-b5e2-4661-b241-de215ec01f7b,1789891054.0983374,1789891054.1027,693622.7999999523,browser_calibrated,-0.011312246322631836,1.2998580932617188,97572,99844,8,-9.050130844116211,host_receive_nearest,verified,1,1,,,,,,,,,1,,,,,,,,,,,,,,,,,,,,V4,A,213.981,1789891054.1027,1789891054.0983374,99844,Block 1_3_07ae8716,3,07ae8716-a090-4285-8da7-ea47ca7f5e9f,213.918,1,课程内容,3529,,ON,
confidence_response,1789891054.9868877,400.276,97798,1,1,,1,G07,A,focused,confidence_response,3,,0.0,0.0,,,,,,,"{""client_event_id"":""082a1e05-f782-41db-9caa-d6796808641e"",""recorder_run_id"":""8b6ce1f9-62a7-4d97-823b-839e8a8c7711"",""client_id"":""b0a244a8-b5e2-4661-b241-de215ec01f7b"",""client_timestamp"":1789891054.9982,""client_monotonic_ms"":694518.2999999523,""event_timestamp"":1789891054.9868877,""clock_offset_sec"":-0.011312246322631836,""clock_round_trip_ms"":1.2998580932617188,""subject_id"":""sub-007"",""session_id"":""ses-001"",""block_id"":""Block 1"",""counterbalance_group"":""G07"",""block_order"":""Block 1"",""condition"":""A"",""condition_type"":""focused"",""topic_key"":""V4"",""topic_name"":""中国古代最大的歼灭战 长平之战"",""event_type"":""confidence_response"",""iso_time"":""2026-09-20T07:57:34.998Z"",""relative_ms"":325234,""video_time_sec"":213.981,""probe_id"":""Block 1_3_07ae8716"",""probe_index"":3,""probe_schedule_id"":""07ae8716-a090-4285-8da7-ea47ca7f5e9f"",""probe_planned_time_sec"":213.918,""video_id"":""V4"",""response"":1,""confidence"":3,""response_time_ms"":896}",8b6ce1f9-62a7-4d97-823b-839e8a8c7711,sub-007,ses-001,082a1e05-f782-41db-9caa-d6796808641e,b0a244a8-b5e2-4661-b241-de215ec01f7b,1789891054.9893374,1789891054.9982,694518.2999999523,browser_calibrated,-0.011312246322631836,1.2998580932617188,97797,100069,8,-29.55007553100586,host_receive_nearest,verified,1,1,,,,,,,,,1,,,,,,,,,,,,,,,,,,,,V4,A,213.981,1789891054.9982,1789891055.0043375,100069,Block 1_3_07ae8716,3,07ae8716-a090-4285-8da7-ea47ca7f5e9f,213.918,,,896,3,,
phase_change,1789891054.9914875,400.28,97803,1,1,,1,G07,A,focused,phase_change,video,,0.0,0.0,,,,,,,,8b6ce1f9-62a7-4d97-823b-839e8a8c7711,sub-007,ses-001,a9198063-bc72-4cf2-9d86-046a781ab257,b0a244a8-b5e2-4661-b241-de215ec01f7b,1789891055.0043375,1789891055.0027997,694523,browser_calibrated,-0.011312246322631836,1.2998580932617188,97798,100070,8,12.850046157836914,host_receive_nearest,verified,1,1,,,,,,,,,1,,,,,,,,,,,,,,,,,,,,V4,A,214.238,1789891055.0027997,1789891055.0043375,100070,,,,,,,,,,
video_resume,1789891054.9914875,400.28,97803,1,1,,1,G07,A,focused,video_resume,214.238,,0.0,0.0,,,,,,,"{""client_event_id"":""a9198063-bc72-4cf2-9d86-046a781ab257"",""recorder_run_id"":""8b6ce1f9-62a7-4d97-823b-839e8a8c7711"",""client_id"":""b0a244a8-b5e2-4661-b241-de215ec01f7b"",""client_timestamp"":1789891055.0027997,""client_monotonic_ms"":694523,""event_timestamp"":1789891054.9914875,""clock_offset_sec"":-0.011312246322631836,""clock_round_trip_ms"":1.2998580932617188,""subject_id"":""sub-007"",""session_id"":""ses-001"",""block_id"":""Block 1"",""counterbalance_group"":""G07"",""block_order"":""Block 1"",""condition"":""A"",""condition_type"":""focused"",""topic_key"":""V4"",""topic_name"":""中国古代最大的歼灭战 长平之战"",""event_type"":""video_resume"",""iso_time"":""2026-09-20T07:57:35.002Z"",""relative_ms"":325239,""video_time_sec"":214.238,""probe_id"":""Block 1_3_07ae8716"",""probe_index"":3,""probe_schedule_id"":""07ae8716-a090-4285-8da7-ea47ca7f5e9f"",""probe_planned_time_sec"":213.918,""video_id"":""V4"",""pause_reason"":""thought_probe"",""resume_status"":""playing""}",8b6ce1f9-62a7-4d97-823b-839e8a8c7711,sub-007,ses-001,a9198063-bc72-4cf2-9d86-046a781ab257,b0a244a8-b5e2-4661-b241-de215ec01f7b,1789891055.0043375,1789891055.0027997,694523,browser_calibrated,-0.011312246322631836,1.2998580932617188,97798,100070,8,12.850046157836914,host_receive_nearest,verified,1,1,,,,,,,,,1,,,,,,,,,,,,,,,,,,,,V4,A,214.238,1789891055.0027997,1789891055.0043375,100070,Block 1_3_07ae8716,,,,,,,,,thought_probe
probe_onset,1789891124.9014375,470.092,115257,1,1,,1,G07,A,focused,probe_onset,Block 1_4_07ae8716,,0.0,0.0,,,,,,,"{""client_event_id"":""1b4a6740-8bc8-4bda-9909-51876edd203a"",""recorder_run_id"":""8b6ce1f9-62a7-4d97-823b-839e8a8c7711"",""client_id"":""b0a244a8-b5e2-4661-b241-de215ec01f7b"",""client_timestamp"":1789891124.9139,""client_monotonic_ms"":764434,""event_timestamp"":1789891124.9014375,""clock_offset_sec"":-0.012462377548217773,""clock_round_trip_ms"":1.4002323150634766,""subject_id"":""sub-007"",""session_id"":""ses-001"",""block_id"":""Block 1"",""counterbalance_group"":""G07"",""block_order"":""Block 1"",""condition"":""A"",""condition_type"":""focused"",""topic_key"":""V4"",""topic_name"":""中国古代最大的歼灭战 长平之战"",""event_type"":""probe_onset"",""iso_time"":""2026-09-20T07:58:44.914Z"",""relative_ms"":395150,""video_time_sec"":283.896,""probe_id"":""Block 1_4_07ae8716"",""probe_index"":4,""probe_schedule_id"":""07ae8716-a090-4285-8da7-ea47ca7f5e9f"",""probe_planned_time_sec"":283.647,""video_id"":""V4"",""pause_reason"":""thought_probe"",""forced"":false}",8b6ce1f9-62a7-4d97-823b-839e8a8c7711,sub-007,ses-001,1b4a6740-8bc8-4bda-9909-51876edd203a,b0a244a8-b5e2-4661-b241-de215ec01f7b,1789891124.9113376,1789891124.9139,764434,browser_calibrated,-0.012462377548217773,1.4002323150634766,115251,117523,8,-6.099939346313477,host_receive_nearest,verified,1,1,,,,,,,,,1,,,,,,,,,,,,,,,,,,,,V4,A,283.896,1789891124.9139,1789891124.9113376,117523,Block 1_4_07ae8716,4,07ae8716-a090-4285-8da7-ea47ca7f5e9f,283.647,,,,,,thought_probe
attention_response,1789891128.1893375,473.476,116102,1,1,,1,G07,A,focused,attention_response,1,,0.0,0.0,,,,,,,"{""client_event_id"":""c88b0784-06cd-4eaa-91e6-66b4e0df3342"",""recorder_run_id"":""8b6ce1f9-62a7-4d97-823b-839e8a8c7711"",""client_id"":""b0a244a8-b5e2-4661-b241-de215ec01f7b"",""client_timestamp"":1789891128.2017999,""client_monotonic_ms"":767721.8999999762,""event_timestamp"":1789891128.1893375,""clock_offset_sec"":-0.012462377548217773,""clock_round_trip_ms"":1.4002323150634766,""subject_id"":""sub-007"",""session_id"":""ses-001"",""block_id"":""Block 1"",""counterbalance_group"":""G07"",""block_order"":""Block 1"",""condition"":""A"",""condition_type"":""focused"",""topic_key"":""V4"",""topic_name"":""中国古代最大的歼灭战 长平之战"",""event_type"":""attention_response"",""iso_time"":""2026-09-20T07:58:48.201Z"",""relative_ms"":398438,""video_time_sec"":283.896,""probe_id"":""Block 1_4_07ae8716"",""probe_index"":4,""probe_schedule_id"":""07ae8716-a090-4285-8da7-ea47ca7f5e9f"",""probe_planned_time_sec"":283.647,""video_id"":""V4"",""response"":1,""response_label"":""课程内容"",""probe_attention"":""ON"",""response_time_ms"":3288}",8b6ce1f9-62a7-4d97-823b-839e8a8c7711,sub-007,ses-001,c88b0784-06cd-4eaa-91e6-66b4e0df3342,b0a244a8-b5e2-4661-b241-de215ec01f7b,1789891128.1923375,1789891128.2017999,767721.8999999762,browser_calibrated,-0.012462377548217773,1.4002323150634766,116097,118369,8,3.000020980834961,host_receive_nearest,verified,1,1,,,,,,,,,1,,,,,,,,,,,,,,,,,,,,V4,A,283.896,1789891128.2017999,1789891128.2073376,118369,Block 1_4_07ae8716,4,07ae8716-a090-4285-8da7-ea47ca7f5e9f,283.647,1,课程内容,3288,,ON,
confidence_response,1789891129.0675375,474.372,116322,1,1,,1,G07,A,focused,confidence_response,3,,0.0,0.0,,,,,,,"{""client_event_id"":""c39d90e2-8f89-45f7-9668-2fd196892035"",""recorder_run_id"":""8b6ce1f9-62a7-4d97-823b-839e8a8c7711"",""client_id"":""b0a244a8-b5e2-4661-b241-de215ec01f7b"",""client_timestamp"":1789891129.08,""client_monotonic_ms"":768600.1999999881,""event_timestamp"":1789891129.0675375,""clock_offset_sec"":-0.012462377548217773,""clock_round_trip_ms"":1.4002323150634766,""subject_id"":""sub-007"",""session_id"":""ses-001"",""block_id"":""Block 1"",""counterbalance_group"":""G07"",""block_order"":""Block 1"",""condition"":""A"",""condition_type"":""focused"",""topic_key"":""V4"",""topic_name"":""中国古代最大的歼灭战 长平之战"",""event_type"":""confidence_response"",""iso_time"":""2026-09-20T07:58:49.080Z"",""relative_ms"":399316,""video_time_sec"":283.896,""probe_id"":""Block 1_4_07ae8716"",""probe_index"":4,""probe_schedule_id"":""07ae8716-a090-4285-8da7-ea47ca7f5e9f"",""probe_planned_time_sec"":283.647,""video_id"":""V4"",""response"":1,""confidence"":3,""response_time_ms"":878}",8b6ce1f9-62a7-4d97-823b-839e8a8c7711,sub-007,ses-001,c39d90e2-8f89-45f7-9668-2fd196892035,b0a244a8-b5e2-4661-b241-de215ec01f7b,1789891129.0823376,1789891129.08,768600.1999999881,browser_calibrated,-0.012462377548217773,1.4002323150634766,116321,118593,8,-0.20003318786621094,host_receive_nearest,verified,1,1,,,,,,,,,1,,,,,,,,,,,,,,,,,,,,V4,A,283.896,1789891129.08,1789891129.0823376,118593,Block 1_4_07ae8716,4,07ae8716-a090-4285-8da7-ea47ca7f5e9f,283.647,,,878,3,,
phase_change,1789891129.0720377,474.372,116322,1,1,,1,G07,A,focused,phase_change,video,,0.0,0.0,,,,,,,,8b6ce1f9-62a7-4d97-823b-839e8a8c7711,sub-007,ses-001,5267d6ff-92d7-46ec-b339-7e74e978ba3a,b0a244a8-b5e2-4661-b241-de215ec01f7b,1789891129.0983374,1789891129.0845,768604.5999999642,browser_calibrated,-0.012462377548217773,1.4002323150634766,116321,118593,8,-4.700183868408203,host_receive_nearest,verified,1,1,,,,,,,,,1,,,,,,,,,,,,,,,,,,,,V4,A,284.142,1789891129.0845,1789891129.0983374,118593,,,,,,,,,,
video_resume,1789891129.0720377,474.372,116322,1,1,,1,G07,A,focused,video_resume,284.142,,0.0,0.0,,,,,,,"{""client_event_id"":""5267d6ff-92d7-46ec-b339-7e74e978ba3a"",""recorder_run_id"":""8b6ce1f9-62a7-4d97-823b-839e8a8c7711"",""client_id"":""b0a244a8-b5e2-4661-b241-de215ec01f7b"",""client_timestamp"":1789891129.0845,""client_monotonic_ms"":768604.5999999642,""event_timestamp"":1789891129.0720377,""clock_offset_sec"":-0.012462377548217773,""clock_round_trip_ms"":1.4002323150634766,""subject_id"":""sub-007"",""session_id"":""ses-001"",""block_id"":""Block 1"",""counterbalance_group"":""G07"",""block_order"":""Block 1"",""condition"":""A"",""condition_type"":""focused"",""topic_key"":""V4"",""topic_name"":""中国古代最大的歼灭战 长平之战"",""event_type"":""video_resume"",""iso_time"":""2026-09-20T07:58:49.084Z"",""relative_ms"":399320,""video_time_sec"":284.142,""probe_id"":""Block 1_4_07ae8716"",""probe_index"":4,""probe_schedule_id"":""07ae8716-a090-4285-8da7-ea47ca7f5e9f"",""probe_planned_time_sec"":283.647,""video_id"":""V4"",""pause_reason"":""thought_probe"",""resume_status"":""playing""}",8b6ce1f9-62a7-4d97-823b-839e8a8c7711,sub-007,ses-001,5267d6ff-92d7-46ec-b339-7e74e978ba3a,b0a244a8-b5e2-4661-b241-de215ec01f7b,1789891129.0983374,1789891129.0845,768604.5999999642,browser_calibrated,-0.012462377548217773,1.4002323150634766,116321,118593,8,-4.700183868408203,host_receive_nearest,verified,1,1,,,,,,,,,1,,,,,,,,,,,,,,,,,,,,V4,A,284.142,1789891129.0845,1789891129.0983374,118593,Block 1_4_07ae8716,,,,,,,,,thought_probe
video_end,1789891159.0083375,504.312,123807,1,1,,1,G07,A,focused,video_end,V4,,0.0,0.0,,,,,,,,8b6ce1f9-62a7-4d97-823b-839e8a8c7711,sub-007,ses-001,2a891a5a-09e0-4e30-b905-ffc5959a4d2e,b0a244a8-b5e2-4661-b241-de215ec01f7b,1789891159.0203376,1789891159.0177,798537.7999999523,browser_calibrated,-0.009362459182739258,1.3997554779052734,123806,126078,8,-3.999948501586914,host_receive_nearest,verified,1,1,,,,,,,,,1,,,,,,,,,,,,,,,,,,,,V4,A,313.818,1789891159.0177,1789891159.0203376,126078,,,,,,,,,,
browser_video_ended,1789891159.0083375,504.312,123807,1,1,,1,G07,A,focused,browser_video_ended,,,0.0,0.0,,,,,,,"{""client_event_id"":""2a891a5a-09e0-4e30-b905-ffc5959a4d2e"",""recorder_run_id"":""8b6ce1f9-62a7-4d97-823b-839e8a8c7711"",""client_id"":""b0a244a8-b5e2-4661-b241-de215ec01f7b"",""client_timestamp"":1789891159.0177,""client_monotonic_ms"":798537.7999999523,""event_timestamp"":1789891159.0083375,""clock_offset_sec"":-0.009362459182739258,""clock_round_trip_ms"":1.3997554779052734,""subject_id"":""sub-007"",""session_id"":""ses-001"",""block_id"":""Block 1"",""counterbalance_group"":""G07"",""block_order"":""Block 1"",""condition"":""A"",""condition_type"":""focused"",""topic_key"":""V4"",""topic_name"":""中国古代最大的歼灭战 长平之战"",""event_type"":""video_ended"",""iso_time"":""2026-09-20T07:59:19.017Z"",""relative_ms"":429253,""video_time_sec"":313.818}",8b6ce1f9-62a7-4d97-823b-839e8a8c7711,sub-007,ses-001,2a891a5a-09e0-4e30-b905-ffc5959a4d2e,b0a244a8-b5e2-4661-b241-de215ec01f7b,1789891159.0203376,1789891159.0177,798537.7999999523,browser_calibrated,-0.009362459182739258,1.3997554779052734,123806,126078,8,-3.999948501586914,host_receive_nearest,verified,1,1,,,,,,,,,1,,,,,,,,,,,,,,,,,,,,V4,A,313.818,1789891159.0177,1789891159.0203376,126078,,,,,,,,,,
browser_block_end,1789891159.0127375,504.312,123807,1,1,,1,G07,A,focused,browser_block_end,视频自然播放结束,,0.0,0.0,,,,,,,"{""client_event_id"":""2f86bde5-3fb6-4d85-98b4-4b2de9354af6"",""recorder_run_id"":""8b6ce1f9-62a7-4d97-823b-839e8a8c7711"",""client_id"":""b0a244a8-b5e2-4661-b241-de215ec01f7b"",""client_timestamp"":1789891159.0221,""client_monotonic_ms"":798542.1999999881,""event_timestamp"":1789891159.0127375,""clock_offset_sec"":-0.009362459182739258,""clock_round_trip_ms"":1.3997554779052734,""subject_id"":""sub-007"",""session_id"":""ses-001"",""block_id"":""Block 1"",""counterbalance_group"":""G07"",""block_order"":""Block 1"",""condition"":""A"",""condition_type"":""focused"",""topic_key"":""V4"",""topic_name"":""中国古代最大的歼灭战 长平之战"",""event_type"":""block_end"",""iso_time"":""2026-09-20T07:59:19.022Z"",""relative_ms"":429258,""video_time_sec"":313.818,""reason"":""视频自然播放结束""}",8b6ce1f9-62a7-4d97-823b-839e8a8c7711,sub-007,ses-001,2f86bde5-3fb6-4d85-98b4-4b2de9354af6,b0a244a8-b5e2-4661-b241-de215ec01f7b,1789891159.0363376,1789891159.0221,798542.1999999881,browser_calibrated,-0.009362459182739258,1.3997554779052734,123806,126078,8,-8.39996337890625,host_receive_nearest,verified,1,1,,,,,,,,,1,,,,,,,,,,,,,,,,,,,,V4,A,313.818,1789891159.0221,1789891159.0363376,126078,,,,,,,,,,
rating_start,1789891159.0163374,504.312,123812,1,1,,1,G07,A,focused,rating_start,,,0.0,0.0,,,,,,,"{""client_event_id"":""4e38fbf7-fe8a-440e-ac1f-a50e83483b13"",""recorder_run_id"":""8b6ce1f9-62a7-4d97-823b-839e8a8c7711"",""client_id"":""b0a244a8-b5e2-4661-b241-de215ec01f7b"",""client_timestamp"":1789891159.0256999,""client_monotonic_ms"":798545.7999999523,""event_timestamp"":1789891159.0163374,""clock_offset_sec"":-0.009362459182739258,""clock_round_trip_ms"":1.3997554779052734,""subject_id"":""sub-007"",""session_id"":""ses-001"",""block_id"":""Block 1"",""counterbalance_group"":""G07"",""block_order"":""Block 1"",""condition"":""A"",""condition_type"":""focused"",""topic_key"":""V4"",""topic_name"":""中国古代最大的歼灭战 长平之战"",""event_type"":""rating_start"",""iso_time"":""2026-09-20T07:59:19.025Z"",""relative_ms"":429261,""video_time_sec"":313.818}",8b6ce1f9-62a7-4d97-823b-839e8a8c7711,sub-007,ses-001,4e38fbf7-fe8a-440e-ac1f-a50e83483b13,b0a244a8-b5e2-4661-b241-de215ec01f7b,1789891159.0513375,1789891159.0256999,798545.7999999523,browser_calibrated,-0.009362459182739258,1.3997554779052734,123806,126078,8,-11.999845504760742,host_receive_nearest,verified,1,1,,,,,,,,,1,,,,,,,,,,,,,,,,,,,,V4,A,313.818,1789891159.0256999,1789891159.0513375,126078,,,,,,,,,,
rating_item_response,1789891165.5424373,510.836,125442,1,1,,1,G07,A,focused,rating_item_response,4,,0.0,0.0,,,,,,,"{""client_event_id"":""2229ae85-9f16-4fc0-a3da-fc19556bc2b9"",""recorder_run_id"":""8b6ce1f9-62a7-4d97-823b-839e8a8c7711"",""client_id"":""b0a244a8-b5e2-4661-b241-de215ec01f7b"",""client_timestamp"":1789891165.5517998,""client_monotonic_ms"":805071.8999999762,""event_timestamp"":1789891165.5424373,""clock_offset_sec"":-0.009362459182739258,""clock_round_trip_ms"":1.3997554779052734,""subject_id"":""sub-007"",""session_id"":""ses-001"",""block_id"":""Block 1"",""counterbalance_group"":""G07"",""block_order"":""Block 1"",""condition"":""A"",""condition_type"":""focused"",""topic_key"":""V4"",""topic_name"":""中国古代最大的歼灭战 长平之战"",""event_type"":""rating_item_response"",""iso_time"":""2026-09-20T07:59:25.551Z"",""relative_ms"":435788,""video_time_sec"":313.818,""rating_item"":""course_attention_rating"",""rating_value"":""4"",""response_time_ms"":6526}",8b6ce1f9-62a7-4d97-823b-839e8a8c7711,sub-007,ses-001,2229ae85-9f16-4fc0-a3da-fc19556bc2b9,b0a244a8-b5e2-4661-b241-de215ec01f7b,1789891165.5513375,1789891165.5517998,805071.8999999762,browser_calibrated,-0.009362459182739258,1.3997554779052734,125437,127709,8,8.900165557861328,host_receive_nearest,verified,1,1,,,,,,,,,1,,,,,,,,,,,,,course_attention_rating,4,,,,,,V4,A,313.818,1789891165.5517998,1789891165.5513375,127709,,,,,,,6526,,,
qc_status_change,1789891197.5673375,542.872,133257,1,1,,1,G07,A,focused,qc_status_change,bad,,0.0,0.0,,,,,,,丢包率 7.58% 过高，请检查蓝牙距离、供电和连接。,8b6ce1f9-62a7-4d97-823b-839e8a8c7711,sub-007,ses-001,,,1789891197.5673375,,,server,,,133256,135718,9,0.0,host_receive_nearest,,,,,,,,,,,,1,,,,,,,,,,,,,,,,,,,,V4,A,,,1789891197.5673375,135718,,,,,,,,,,
rating_item_response,1789891205.1723871,549.448,134872,1,1,,1,G07,A,focused,rating_item_response,4,,0.0,0.0,,,,,,,"{""client_event_id"":""b5f506c2-46a2-4b5d-8873-e2c17c421d51"",""recorder_run_id"":""8b6ce1f9-62a7-4d97-823b-839e8a8c7711"",""client_id"":""b0a244a8-b5e2-4661-b241-de215ec01f7b"",""client_timestamp"":1789891205.1765997,""client_monotonic_ms"":844696.6999999881,""event_timestamp"":1789891205.1723871,""clock_offset_sec"":-0.004212617874145508,""clock_round_trip_ms"":1.3000965118408203,""subject_id"":""sub-007"",""session_id"":""ses-001"",""block_id"":""Block 1"",""counterbalance_group"":""G07"",""block_order"":""Block 1"",""condition"":""A"",""condition_type"":""focused"",""topic_key"":""V4"",""topic_name"":""中国古代最大的歼灭战 长平之战"",""event_type"":""rating_item_response"",""iso_time"":""2026-09-20T08:00:05.176Z"",""relative_ms"":475412,""video_time_sec"":313.818,""rating_item"":""mental_effort"",""rating_value"":""4"",""response_time_ms"":46151}",8b6ce1f9-62a7-4d97-823b-839e8a8c7711,sub-007,ses-001,b5f506c2-46a2-4b5d-8873-e2c17c421d51,b0a244a8-b5e2-4661-b241-de215ec01f7b,1789891205.1763375,1789891205.1765997,844696.6999999881,browser_calibrated,-0.004212617874145508,1.3000965118408203,134871,137362,10,-11.049509048461914,host_receive_nearest,verified,1,1,,,,,,,,,1,,,,,,,,,,,,,mental_effort,4,,,,,,V4,A,313.818,1789891205.1765997,1789891205.1763375,137362,,,,,,,46151,,,
rating_item_response,1789891207.5153875,551.788,135457,1,1,,1,G07,A,focused,rating_item_response,3,,0.0,0.0,,,,,,,"{""client_event_id"":""366419c6-eee1-4771-8185-0d8f9f83e3d4"",""recorder_run_id"":""8b6ce1f9-62a7-4d97-823b-839e8a8c7711"",""client_id"":""b0a244a8-b5e2-4661-b241-de215ec01f7b"",""client_timestamp"":1789891207.5267,""client_monotonic_ms"":847046.7999999523,""event_timestamp"":1789891207.5153875,""clock_offset_sec"":-0.011312484741210938,""clock_round_trip_ms"":1.2998580932617188,""subject_id"":""sub-007"",""session_id"":""ses-001"",""block_id"":""Block 1"",""counterbalance_group"":""G07"",""block_order"":""Block 1"",""condition"":""A"",""condition_type"":""focused"",""topic_key"":""V4"",""topic_name"":""中国古代最大的歼灭战 长平之战"",""event_type"":""rating_item_response"",""iso_time"":""2026-09-20T08:00:07.526Z"",""relative_ms"":477762,""video_time_sec"":313.818,""rating_item"":""video_interest"",""rating_value"":""3"",""response_time_ms"":48501}",8b6ce1f9-62a7-4d97-823b-839e8a8c7711,sub-007,ses-001,366419c6-eee1-4771-8185-0d8f9f83e3d4,b0a244a8-b5e2-4661-b241-de215ec01f7b,1789891207.5203376,1789891207.5267,847046.7999999523,browser_calibrated,-0.011312484741210938,1.2998580932617188,135456,137947,10,-11.049985885620117,host_receive_nearest,verified,1,1,,,,,,,,,1,,,,,,,,,,,,,video_interest,3,,,,,,V4,A,313.818,1789891207.5267,1789891207.5203376,137947,,,,,,,48501,,,
qc_status_change,1789891207.5673375,551.848,135472,1,1,,1,G07,A,focused,qc_status_change,warning,,0.0,0.0,,,,,,,丢包率 1.29% 偏高。,8b6ce1f9-62a7-4d97-823b-839e8a8c7711,sub-007,ses-001,,,1789891207.5673375,,,server,,,135471,137962,10,0.0,host_receive_nearest,,,,,,,,,,,,1,,,,,,,,,,,,,,,,,,,,V4,A,,,1789891207.5673375,137962,,,,,,,,,,
qc_status_change,1789891209.5823376,553.828,135967,1,1,,1,G07,A,focused,qc_status_change,good,,0.0,0.0,,,,,,,当前QC指标正常。,8b6ce1f9-62a7-4d97-823b-839e8a8c7711,sub-007,ses-001,,,1789891209.5823376,,,server,,,135966,138457,10,0.0,host_receive_nearest,,,,,,,,,,,,1,,,,,,,,,,,,,,,,,,,,V4,A,,,1789891209.5823376,138457,,,,,,,,,,
rating_item_response,1789891211.7921875,556.068,136527,1,1,,1,G07,A,focused,rating_item_response,2,,0.0,0.0,,,,,,,"{""client_event_id"":""bba191ea-75a8-4e38-ac15-a9735c6ddeb1"",""recorder_run_id"":""8b6ce1f9-62a7-4d97-823b-839e8a8c7711"",""client_id"":""b0a244a8-b5e2-4661-b241-de215ec01f7b"",""client_timestamp"":1789891211.8035,""client_monotonic_ms"":851323.5999999642,""event_timestamp"":1789891211.7921875,""clock_offset_sec"":-0.011312484741210938,""clock_round_trip_ms"":1.2998580932617188,""subject_id"":""sub-007"",""session_id"":""ses-001"",""block_id"":""Block 1"",""counterbalance_group"":""G07"",""block_order"":""Block 1"",""condition"":""A"",""condition_type"":""focused"",""topic_key"":""V4"",""topic_name"":""中国古代最大的歼灭战 长平之战"",""event_type"":""rating_item_response"",""iso_time"":""2026-09-20T08:00:11.803Z"",""relative_ms"":482039,""video_time_sec"":313.818,""rating_item"":""video_difficulty"",""rating_value"":""2"",""response_time_ms"":52778}",8b6ce1f9-62a7-4d97-823b-839e8a8c7711,sub-007,ses-001,bba191ea-75a8-4e38-ac15-a9735c6ddeb1,b0a244a8-b5e2-4661-b241-de215ec01f7b,1789891211.8013375,1789891211.8035,851323.5999999642,browser_calibrated,-0.011312484741210938,1.2998580932617188,136526,139017,10,-5.8498382568359375,host_receive_nearest,verified,1,1,,,,,,,,,1,,,,,,,,,,,,,video_difficulty,2,,,,,,V4,A,313.818,1789891211.8035,1789891211.8013375,139017,,,,,,,52778,,,
rating_end,1789891212.7271876,557.008,136762,1,1,,1,G07,A,focused,rating_end,,53.713,0.0,0.0,,,,,,,"{""client_event_id"":""4fb001b4-8799-4962-bfab-5077395991c4"",""recorder_run_id"":""8b6ce1f9-62a7-4d97-823b-839e8a8c7711"",""client_id"":""b0a244a8-b5e2-4661-b241-de215ec01f7b"",""client_timestamp"":1789891212.7385,""client_monotonic_ms"":852258.5999999642,""event_timestamp"":1789891212.7271876,""clock_offset_sec"":-0.011312484741210938,""clock_round_trip_ms"":1.2998580932617188,""subject_id"":""sub-007"",""session_id"":""ses-001"",""block_id"":""Block 1"",""counterbalance_group"":""G07"",""block_order"":""Block 1"",""condition"":""A"",""condition_type"":""focused"",""topic_key"":""V4"",""topic_name"":""中国古代最大的歼灭战 长平之战"",""event_type"":""rating_end"",""iso_time"":""2026-09-20T08:00:12.738Z"",""relative_ms"":482974,""video_time_sec"":313.818,""video_id"":""V4"",""course_attention_rating"":4,""mental_effort"":4,""video_interest"":3,""video_difficulty"":2,""subtraction_compliance"":"""",""subtraction_difficulty"":"""",""reported_final_number"":"""",""duration_sec"":53.713,""submitted_iso"":""2026-09-20T08:00:12.738Z"",""submitted_relative_ms"":482974}",8b6ce1f9-62a7-4d97-823b-839e8a8c7711,sub-007,ses-001,4fb001b4-8799-4962-bfab-5077395991c4,b0a244a8-b5e2-4661-b241-de215ec01f7b,1789891212.7393374,1789891212.7385,852258.5999999642,browser_calibrated,-0.011312484741210938,1.2998580932617188,136761,139252,10,-3.850221633911133,host_receive_nearest,verified,1,1,,,,,,,,,1,,,,4,4,3,2,,,,,,,,,,,,,V4,A,313.818,1789891212.7385,1789891212.7393374,139252,,,,,,,,,,
quiz_start,1789891212.7305875,557.008,136767,1,1,,1,G07,A,focused,quiz_start,,,0.0,0.0,,,,,,,"{""client_event_id"":""5609a9ab-aa32-470f-83f4-ed6d7a178254"",""recorder_run_id"":""8b6ce1f9-62a7-4d97-823b-839e8a8c7711"",""client_id"":""b0a244a8-b5e2-4661-b241-de215ec01f7b"",""client_timestamp"":1789891212.7419,""client_monotonic_ms"":852262,""event_timestamp"":1789891212.7305875,""clock_offset_sec"":-0.011312484741210938,""clock_round_trip_ms"":1.2998580932617188,""subject_id"":""sub-007"",""session_id"":""ses-001"",""block_id"":""Block 1"",""counterbalance_group"":""G07"",""block_order"":""Block 1"",""condition"":""A"",""condition_type"":""focused"",""topic_key"":""V4"",""topic_name"":""中国古代最大的歼灭战 长平之战"",""event_type"":""quiz_start"",""iso_time"":""2026-09-20T08:00:12.741Z"",""relative_ms"":482978,""video_time_sec"":313.818}",8b6ce1f9-62a7-4d97-823b-839e8a8c7711,sub-007,ses-001,5609a9ab-aa32-470f-83f4-ed6d7a178254,b0a244a8-b5e2-4661-b241-de215ec01f7b,1789891212.7543375,1789891212.7419,852262,browser_calibrated,-0.011312484741210938,1.2998580932617188,136761,139252,10,-7.250070571899414,host_receive_nearest,verified,1,1,,,,,,,,,1,,,,,,,,,,,,,,,,,,,,V4,A,313.818,1789891212.7419,1789891212.7543375,139252,,,,,,,,,,
quiz_item_response,1789891228.3024874,572.568,140652,1,1,,1,G07,A,focused,quiz_item_response,长平之战发生在哪两个国家之间？,,0.0,0.0,,V4Q1,B,B,True,2826,"{""client_event_id"":""9c8f992a-8d8b-4455-9308-5175d5514cee"",""recorder_run_id"":""8b6ce1f9-62a7-4d97-823b-839e8a8c7711"",""client_id"":""b0a244a8-b5e2-4661-b241-de215ec01f7b"",""client_timestamp"":1789891228.3137999,""client_monotonic_ms"":867833.8999999762,""event_timestamp"":1789891228.3024874,""clock_offset_sec"":-0.011312484741210938,""clock_round_trip_ms"":1.2998580932617188,""subject_id"":""sub-007"",""session_id"":""ses-001"",""block_id"":""Block 1"",""counterbalance_group"":""G07"",""block_order"":""Block 1"",""condition"":""A"",""condition_type"":""focused"",""topic_key"":""V4"",""topic_name"":""中国古代最大的歼灭战 长平之战"",""event_type"":""quiz_item_response"",""iso_time"":""2026-09-20T08:00:28.313Z"",""relative_ms"":498550,""video_time_sec"":313.818,""video_id"":""V4"",""question_id"":""V4Q1"",""question_text"":""长平之战发生在哪两个国家之间？"",""response_index"":1,""response_letter"":""B"",""response_text"":""秦与赵"",""correct_index"":1,""correct_letter"":""B"",""correct_text"":""秦与赵"",""is_correct"":true,""reaction_time_ms"":2826,""submitted_iso"":""2026-09-20T08:00:28.313Z"",""submitted_relative_ms"":498550}",8b6ce1f9-62a7-4d97-823b-839e8a8c7711,sub-007,ses-001,9c8f992a-8d8b-4455-9308-5175d5514cee,b0a244a8-b5e2-4661-b241-de215ec01f7b,1789891228.3173375,1789891228.3137999,867833.8999999762,browser_calibrated,-0.011312484741210938,1.2998580932617188,140651,143142,10,-32.1497917175293,host_receive_nearest,verified,1,1,,,,,,,,,1,,,,,,,,,,,,,,,,,长平之战发生在哪两个国家之间？,1,秦与赵,V4,A,313.818,1789891228.3137999,1789891228.3173375,143142,,,,,,,,,,
quiz_item_response,1789891228.3058875,572.572,140667,1,1,,1,G07,A,focused,quiz_item_response,长平之战中，赵国最初的将领是谁？,,0.0,0.0,,V4Q2,A,A,True,6664,"{""client_event_id"":""43e73de0-9851-413a-8199-41f7ce580e5a"",""recorder_run_id"":""8b6ce1f9-62a7-4d97-823b-839e8a8c7711"",""client_id"":""b0a244a8-b5e2-4661-b241-de215ec01f7b"",""client_timestamp"":1789891228.3172,""client_monotonic_ms"":867837.2999999523,""event_timestamp"":1789891228.3058875,""clock_offset_sec"":-0.011312484741210938,""clock_round_trip_ms"":1.2998580932617188,""subject_id"":""sub-007"",""session_id"":""ses-001"",""block_id"":""Block 1"",""counterbalance_group"":""G07"",""block_order"":""Block 1"",""condition"":""A"",""condition_type"":""focused"",""topic_key"":""V4"",""topic_name"":""中国古代最大的歼灭战 长平之战"",""event_type"":""quiz_item_response"",""iso_time"":""2026-09-20T08:00:28.317Z"",""relative_ms"":498553,""video_time_sec"":313.818,""video_id"":""V4"",""question_id"":""V4Q2"",""question_text"":""长平之战中，赵国最初的将领是谁？"",""response_index"":0,""response_letter"":""A"",""response_text"":""廉颇"",""correct_index"":0,""correct_letter"":""A"",""correct_text"":""廉颇"",""is_correct"":true,""reaction_time_ms"":6664,""submitted_iso"":""2026-09-20T08:00:28.317Z"",""submitted_relative_ms"":498553}",8b6ce1f9-62a7-4d97-823b-839e8a8c7711,sub-007,ses-001,43e73de0-9851-413a-8199-41f7ce580e5a,b0a244a8-b5e2-4661-b241-de215ec01f7b,1789891228.3483374,1789891228.3172,867837.2999999523,browser_calibrated,-0.011312484741210938,1.2998580932617188,140652,143143,10,11.450052261352539,host_receive_nearest,verified,1,1,,,,,,,,,1,,,,,,,,,,,,,,,,,长平之战中，赵国最初的将领是谁？,0,廉颇,V4,A,313.818,1789891228.3172,1789891228.3483374,143143,,,,,,,,,,
quiz_item_response,1789891228.3095875,572.572,140672,1,1,,1,G07,A,focused,quiz_item_response,长平之战中，秦国的主将是谁？,,0.0,0.0,,V4Q3,B,B,True,9961,"{""client_event_id"":""a26076fa-0b09-450e-8fd2-3f37e0d62b32"",""recorder_run_id"":""8b6ce1f9-62a7-4d97-823b-839e8a8c7711"",""client_id"":""b0a244a8-b5e2-4661-b241-de215ec01f7b"",""client_timestamp"":1789891228.3209,""client_monotonic_ms"":867841.0999999642,""event_timestamp"":1789891228.3095875,""clock_offset_sec"":-0.011312484741210938,""clock_round_trip_ms"":1.2998580932617188,""subject_id"":""sub-007"",""session_id"":""ses-001"",""block_id"":""Block 1"",""counterbalance_group"":""G07"",""block_order"":""Block 1"",""condition"":""A"",""condition_type"":""focused"",""topic_key"":""V4"",""topic_name"":""中国古代最大的歼灭战 长平之战"",""event_type"":""quiz_item_response"",""iso_time"":""2026-09-20T08:00:28.321Z"",""relative_ms"":498557,""video_time_sec"":313.818,""video_id"":""V4"",""question_id"":""V4Q3"",""question_text"":""长平之战中，秦国的主将是谁？"",""response_index"":1,""response_letter"":""B"",""response_text"":""白起"",""correct_index"":1,""correct_letter"":""B"",""correct_text"":""白起"",""is_correct"":true,""reaction_time_ms"":9961,""submitted_iso"":""2026-09-20T08:00:28.320Z"",""submitted_relative_ms"":498557}",8b6ce1f9-62a7-4d97-823b-839e8a8c7711,sub-007,ses-001,a26076fa-0b09-450e-8fd2-3f37e0d62b32,b0a244a8-b5e2-4661-b241-de215ec01f7b,1789891228.3643374,1789891228.3209,867841.0999999642,browser_calibrated,-0.011312484741210938,1.2998580932617188,140652,143143,10,7.750034332275391,host_receive_nearest,verified,1,1,,,,,,,,,1,,,,,,,,,,,,,,,,,长平之战中，秦国的主将是谁？,1,白起,V4,A,313.818,1789891228.3209,1789891228.3643374,143143,,,,,,,,,,
quiz_item_response,1789891228.3128874,572.572,140672,1,1,,1,G07,A,focused,quiz_item_response,长平之战对战国局势的影响是？,,0.0,0.0,,V4Q4,B,B,True,14000,"{""client_event_id"":""0836ca3b-318d-49d7-bd65-b8047a4e7242"",""recorder_run_id"":""8b6ce1f9-62a7-4d97-823b-839e8a8c7711"",""client_id"":""b0a244a8-b5e2-4661-b241-de215ec01f7b"",""client_timestamp"":1789891228.3242,""client_monotonic_ms"":867844.2999999523,""event_timestamp"":1789891228.3128874,""clock_offset_sec"":-0.011312484741210938,""clock_round_trip_ms"":1.2998580932617188,""subject_id"":""sub-007"",""session_id"":""ses-001"",""block_id"":""Block 1"",""counterbalance_group"":""G07"",""block_order"":""Block 1"",""condition"":""A"",""condition_type"":""focused"",""topic_key"":""V4"",""topic_name"":""中国古代最大的歼灭战 长平之战"",""event_type"":""quiz_item_response"",""iso_time"":""2026-09-20T08:00:28.324Z"",""relative_ms"":498560,""video_time_sec"":313.818,""video_id"":""V4"",""question_id"":""V4Q4"",""question_text"":""长平之战对战国局势的影响是？"",""response_index"":1,""response_letter"":""B"",""response_text"":""赵国元气大伤，秦国统一趋势加强"",""correct_index"":1,""correct_letter"":""B"",""correct_text"":""赵国元气大伤，秦国统一趋势加强"",""is_correct"":true,""reaction_time_ms"":14000,""submitted_iso"":""2026-09-20T08:00:28.324Z"",""submitted_relative_ms"":498560}",8b6ce1f9-62a7-4d97-823b-839e8a8c7711,sub-007,ses-001,0836ca3b-318d-49d7-bd65-b8047a4e7242,b0a244a8-b5e2-4661-b241-de215ec01f7b,1789891228.3643374,1789891228.3242,867844.2999999523,browser_calibrated,-0.011312484741210938,1.2998580932617188,140652,143143,10,4.450082778930664,host_receive_nearest,verified,1,1,,,,,,,,,1,,,,,,,,,,,,,,,,,长平之战对战国局势的影响是？,1,赵国元气大伤，秦国统一趋势加强,V4,A,313.818,1789891228.3242,1789891228.3643374,143143,,,,,,,,,,
quiz_end,1789891228.3161876,572.572,140672,1,1,,1,G07,A,focused,quiz_end,4/4,15.586,0.0,0.0,,,,,,,"{""client_event_id"":""6f30bc4e-0a74-45a2-98f2-015095687860"",""recorder_run_id"":""8b6ce1f9-62a7-4d97-823b-839e8a8c7711"",""client_id"":""b0a244a8-b5e2-4661-b241-de215ec01f7b"",""client_timestamp"":1789891228.3275,""client_monotonic_ms"":867847.5999999642,""event_timestamp"":1789891228.3161876,""clock_offset_sec"":-0.011312484741210938,""clock_round_trip_ms"":1.2998580932617188,""subject_id"":""sub-007"",""session_id"":""ses-001"",""block_id"":""Block 1"",""counterbalance_group"":""G07"",""block_order"":""Block 1"",""condition"":""A"",""condition_type"":""focused"",""topic_key"":""V4"",""topic_name"":""中国古代最大的歼灭战 长平之战"",""event_type"":""quiz_end"",""iso_time"":""2026-09-20T08:00:28.327Z"",""relative_ms"":498563,""video_time_sec"":313.818,""score"":4,""total"":4,""duration_sec"":15.586}",8b6ce1f9-62a7-4d97-823b-839e8a8c7711,sub-007,ses-001,6f30bc4e-0a74-45a2-98f2-015095687860,b0a244a8-b5e2-4661-b241-de215ec01f7b,1789891228.3793375,1789891228.3275,867847.5999999642,browser_calibrated,-0.011312484741210938,1.2998580932617188,140652,143143,10,1.149892807006836,host_receive_nearest,verified,1,1,,,,,,,,,1,,,,,,,,,,,,,,,4,4,,,,V4,A,313.818,1789891228.3275,1789891228.3793375,143143,,,,,,,,,,
block_end,1789891228.3161876,572.572,140672,1,1,,1,G07,A,focused,block_end,V4,,0.0,0.0,,,,,,,,8b6ce1f9-62a7-4d97-823b-839e8a8c7711,sub-007,ses-001,6f30bc4e-0a74-45a2-98f2-015095687860,b0a244a8-b5e2-4661-b241-de215ec01f7b,1789891228.3793375,1789891228.3275,867847.5999999642,browser_calibrated,-0.011312484741210938,1.2998580932617188,140652,143143,10,1.149892807006836,host_receive_nearest,verified,1,1,,,,,,,,,1,,,,,,,,,,,,,,,,,,,,V4,A,313.818,1789891228.3275,1789891228.3793375,143143,,,,,,,,,,
rest_start,1789891228.3237875,572.608,140677,1,1,,1,G07,A,focused,rest_start,after-block-1,,0.0,0.0,,,,,,,"{""client_event_id"":""666db687-28a4-4316-b8a3-0c3cb0c5ff3f"",""recorder_run_id"":""8b6ce1f9-62a7-4d97-823b-839e8a8c7711"",""client_id"":""b0a244a8-b5e2-4661-b241-de215ec01f7b"",""client_timestamp"":1789891228.3351,""client_monotonic_ms"":867855.1999999881,""event_timestamp"":1789891228.3237875,""clock_offset_sec"":-0.011312484741210938,""clock_round_trip_ms"":1.2998580932617188,""subject_id"":""sub-007"",""session_id"":""ses-001"",""block_id"":""Block 1"",""counterbalance_group"":""G07"",""block_order"":""Block 1"",""condition"":""A"",""condition_type"":""focused"",""topic_key"":""V4"",""topic_name"":""中国古代最大的歼灭战 长平之战"",""event_type"":""rest_start"",""iso_time"":""2026-09-20T08:00:28.335Z"",""relative_ms"":498571,""video_time_sec"":313.818,""after_block_id"":1,""planned_duration"":30,""actual_duration"":"""",""is_formal_experiment"":0}",8b6ce1f9-62a7-4d97-823b-839e8a8c7711,sub-007,ses-001,666db687-28a4-4316-b8a3-0c3cb0c5ff3f,b0a244a8-b5e2-4661-b241-de215ec01f7b,1789891228.3953376,1789891228.3351,867855.1999999881,browser_calibrated,-0.011312484741210938,1.2998580932617188,140661,143152,10,-6.44993782043457,host_receive_nearest,verified,0,1,,,,,1,,30,,0,,,,,,,,,,,,,,,,,,,,V4,A,313.818,1789891228.3351,1789891228.3953376,143152,,,,,,,,,,
qc_status_change,1789891239.5823376,,143067,,,,,G07,,,qc_status_change,warning,,0.0,0.0,,,,,,,丢包率 4.77% 偏高。,8b6ce1f9-62a7-4d97-823b-839e8a8c7711,sub-007,ses-001,,,1789891239.5823376,,,server,,,,,,-1046.0000038146973,outside_sample_tolerance,,,,,,,,,,,,0,,,,,,,,,,,,,,,,,,,,,,,,1789891239.5823376,,,,,,,,,,,
qc_status_change,1789891241.5983374,,143067,,,,,G07,,,qc_status_change,bad,,0.0,0.0,,,,,,,已连续 3.0 秒没有EEG，请立即重新连接耳机。; 丢包率 6.18% 过高，请检查蓝牙距离、供电和连接。,8b6ce1f9-62a7-4d97-823b-839e8a8c7711,sub-007,ses-001,,,1789891241.5983374,,,server,,,,,,-3061.999797821045,outside_sample_tolerance,,,,,,,,,,,,0,,,,,,,,,,,,,,,,,,,,,,,,1789891241.5983374,,,,,,,,,,,
device_disconnected,1789891242.6923375,,143067,,,,,G07,,,device_disconnected,,,0,0,,,,,,,,8b6ce1f9-62a7-4d97-823b-839e8a8c7711,sub-007,ses-001,,,1789891242.6923375,,,server,,,,,,-4155.9998989105225,outside_sample_tolerance,,,,,,,,,,,,0,,,,,,,,,,,,,,,,,,,,,,,,1789891242.6923375,,,,,,,,,,,
device_error,1789891247.1453376,,143067,,,,,G07,,,device_error,[WinError -2147023673] 操作已被用户取消。,,0.0,0.0,,,,,,,,8b6ce1f9-62a7-4d97-823b-839e8a8c7711,sub-007,ses-001,,,1789891247.1453376,,,server,,,,,,-8608.999967575073,outside_sample_tolerance,,,,,,,,,,,,0,,,,,,,,,,,,,,,,,,,,,,,,1789891247.1453376,,,,,,,,,,,
device_disconnected,1789891247.1453376,,143067,,,,,G07,,,device_disconnected,,,0,0,,,,,,,,8b6ce1f9-62a7-4d97-823b-839e8a8c7711,sub-007,ses-001,,,1789891247.1453376,,,server,,,,,,-8608.999967575073,outside_sample_tolerance,,,,,,,,,,,,0,,,,,,,,,,,,,,,,,,,,,,,,1789891247.1453376,,,,,,,,,,,
device_error,1789891250.7393374,,143067,,,,,G07,,,device_error,[WinError -2147023673] 操作已被用户取消。,,0.0,0.0,,,,,,,,8b6ce1f9-62a7-4d97-823b-839e8a8c7711,sub-007,ses-001,,,1789891250.7393374,,,server,,,,,,-12202.999830245972,outside_sample_tolerance,,,,,,,,,,,,0,,,,,,,,,,,,,,,,,,,,,,,,1789891250.7393374,,,,,,,,,,,
device_disconnected,1789891250.7393374,,143067,,,,,G07,,,device_disconnected,,,0,0,,,,,,,,8b6ce1f9-62a7-4d97-823b-839e8a8c7711,sub-007,ses-001,,,1789891250.7393374,,,server,,,,,,-12202.999830245972,outside_sample_tolerance,,,,,,,,,,,,0,,,,,,,,,,,,,,,,,,,,,,,,1789891250.7393374,,,,,,,,,,,
device_connected,1789891256.7073376,,143067,,,,,G07,,,device_connected,74:4D:BD:62:FD:8D,,0.0,0.0,,,,,,,,8b6ce1f9-62a7-4d97-823b-839e8a8c7711,sub-007,ses-001,,,1789891256.7073376,,,server,,,,,,-18171.000003814697,outside_sample_tolerance,,,,,,,,,,,,0,,,,,,,,,,,,,,,,,,,,,,,,1789891256.7073376,,,,,,,,,,,
qc_status_change,1789891257.6613376,583.608,143307,,,,,G07,,,qc_status_change,waiting,,0.0,0.0,,,,,,,等待至少2秒EEG数据。,8b6ce1f9-62a7-4d97-823b-839e8a8c7711,sub-007,ses-001,,,1789891257.6613376,,,server,,,143306,145902,11,-32.000064849853516,host_receive_nearest,,,,,,,,,,,,0,,,,,,,,,,,,,,,,,,,,,,,,1789891257.6613376,145902,,,,,,,,,,
qc_status_change,1789891259.6613376,585.628,143812,,,,,G07,,,qc_status_change,good,,0.0,0.0,,,,,,,当前QC指标正常。,8b6ce1f9-62a7-4d97-823b-839e8a8c7711,sub-007,ses-001,,,1789891259.6613376,,,server,,,143811,146407,11,0.0,host_receive_nearest,,,,,,,,,,,,0,,,,,,,,,,,,,,,,,,,,,,,,1789891259.6613376,146407,,,,,,,,,,
rest_end,1789891264.0440876,589.988,144902,1,1,,1,G07,A,focused,rest_end,after-block-1,35.71,0.0,0.0,,,,,,,"{""client_event_id"":""b678da61-1ca2-4715-bb23-008815459333"",""recorder_run_id"":""8b6ce1f9-62a7-4d97-823b-839e8a8c7711"",""client_id"":""b0a244a8-b5e2-4661-b241-de215ec01f7b"",""client_timestamp"":1789891264.0449,""client_monotonic_ms"":903565,""event_timestamp"":1789891264.0440876,""clock_offset_sec"":-0.0008122920989990234,""clock_round_trip_ms"":1.2996196746826172,""subject_id"":""sub-007"",""session_id"":""ses-001"",""block_id"":""Block 1"",""counterbalance_group"":""G07"",""block_order"":""Block 1"",""condition"":""A"",""condition_type"":""focused"",""topic_key"":""V4"",""topic_name"":""中国古代最大的歼灭战 长平之战"",""event_type"":""rest_end"",""iso_time"":""2026-09-20T08:01:04.044Z"",""relative_ms"":534281,""video_time_sec"":313.818,""after_block_id"":1,""planned_duration"":30,""actual_duration"":35.71,""duration_sec"":35.71,""is_formal_experiment"":0,""debug_early"":false}",8b6ce1f9-62a7-4d97-823b-839e8a8c7711,sub-007,ses-001,b678da61-1ca2-4715-bb23-008815459333,b0a244a8-b5e2-4661-b241-de215ec01f7b,1789891264.0363376,1789891264.0449,903565,browser_calibrated,-0.0008122920989990234,1.2996196746826172,144901,147497,11,-23.75006675720215,host_receive_nearest,verified,0,1,,,,,1,,30,35.71,0,,,,,,,,,,,,,,,,,,,,V4,A,313.818,1789891264.0449,1789891264.0363376,147497,,,,,,,,,,
block_start,1789891266.2705877,592.208,145457,2,2,,1,G07,B,bbbd_subtraction,block_start,V5,,0.0,0.0,,,,,,,condition=B; condition_type=bbbd_subtraction,8b6ce1f9-62a7-4d97-823b-839e8a8c7711,sub-007,ses-001,4390db96-25e4-4d39-886b-01ed027d5b12,b0a244a8-b5e2-4661-b241-de215ec01f7b,1789891266.2703376,1789891266.2714,905791.5,browser_calibrated,-0.0008122920989990234,1.2996196746826172,145456,148052,11,-31.2502384185791,host_receive_nearest,verified,0,1,977,1789890396.5673375,,,,,,,1,,,,,,,,,,,,,,,,,,,,V5,B,0,1789891266.2714,1789891266.2703376,148052,,,,,,,,,,
condition_prompt_start,1789891266.2705877,592.208,145457,2,2,,1,G07,B,bbbd_subtraction,condition_prompt_start,B,,0.0,0.0,,,,,,,,8b6ce1f9-62a7-4d97-823b-839e8a8c7711,sub-007,ses-001,4390db96-25e4-4d39-886b-01ed027d5b12,b0a244a8-b5e2-4661-b241-de215ec01f7b,1789891266.2703376,1789891266.2714,905791.5,browser_calibrated,-0.0008122920989990234,1.2996196746826172,145456,148052,11,-31.2502384185791,host_receive_nearest,verified,0,1,,,,,,,,,1,,,,,,,,,,,,,,,,,,,,V5,B,0,1789891266.2714,1789891266.2703376,148052,,,,,,,,,,
browser_block_config,1789891266.2705877,592.208,145457,2,2,,1,G07,B,bbbd_subtraction,browser_block_config,V5,,0.0,0.0,,,,,,,"{""client_event_id"":""4390db96-25e4-4d39-886b-01ed027d5b12"",""recorder_run_id"":""8b6ce1f9-62a7-4d97-823b-839e8a8c7711"",""client_id"":""b0a244a8-b5e2-4661-b241-de215ec01f7b"",""client_timestamp"":1789891266.2714,""client_monotonic_ms"":905791.5,""event_timestamp"":1789891266.2705877,""clock_offset_sec"":-0.0008122920989990234,""clock_round_trip_ms"":1.2996196746826172,""subject_id"":""sub-007"",""session_id"":""ses-001"",""block_id"":""Block 2"",""counterbalance_group"":""G07"",""block_order"":""Block 2"",""condition"":""B"",""condition_type"":""bbbd_subtraction"",""topic_key"":""V5"",""topic_name"":""千古一帝秦始皇都做了什么"",""event_type"":""block_start"",""iso_time"":""2026-09-20T08:01:06.271Z"",""relative_ms"":0,""video_time_sec"":0,""block_start_iso"":""2026-09-20T08:01:06.271Z"",""config_json"":""{\""recorder_run_id\"":\""8b6ce1f9-62a7-4d97-823b-839e8a8c7711\"",\""subject_id\"":\""sub-007\"",\""session_id\"":\""ses-001\"",\""block_id\"":\""Block 2\"",\""counterbalance_group\"":\""G07\"",\""condition\"":\""B\"",\""condition_type\"":\""bbbd_subtraction\"",\""topic_key\"":\""V5\"",\""topic_name\"":\""千古一帝秦始皇都做了什么\"",\""video_file\"":\""视频5-混知漫画｜千古一帝秦始皇都干了啥？-480P 标清-AVC.mp4\"",\""start_number\"":977,\""generated_timestamp\"":1789890396.5673375}""}",8b6ce1f9-62a7-4d97-823b-839e8a8c7711,sub-007,ses-001,4390db96-25e4-4d39-886b-01ed027d5b12,b0a244a8-b5e2-4661-b241-de215ec01f7b,1789891266.2703376,1789891266.2714,905791.5,browser_calibrated,-0.0008122920989990234,1.2996196746826172,145456,148052,11,-31.2502384185791,host_receive_nearest,verified,0,1,,,,,,,,,1,,,,,,,,,,,,,,,,,,,,V5,B,0,1789891266.2714,1789891266.2703376,148052,,,,,,,,,,
probe_schedule,1789891266.3241878,592.288,145477,2,2,,1,G07,B,bbbd_subtraction,probe_schedule,"74.132,137.204,185.902,294.929",,0.0,0.0,,,,,,,"{""client_event_id"":""76820dc0-6393-48e9-a25c-4ffae92bb3c4"",""recorder_run_id"":""8b6ce1f9-62a7-4d97-823b-839e8a8c7711"",""client_id"":""b0a244a8-b5e2-4661-b241-de215ec01f7b"",""client_timestamp"":1789891266.325,""client_monotonic_ms"":905845.0999999642,""event_timestamp"":1789891266.3241878,""clock_offset_sec"":-0.0008122920989990234,""clock_round_trip_ms"":1.2996196746826172,""subject_id"":""sub-007"",""session_id"":""ses-001"",""block_id"":""Block 2"",""counterbalance_group"":""G07"",""block_order"":""Block 2"",""condition"":""B"",""condition_type"":""bbbd_subtraction"",""topic_key"":""V5"",""topic_name"":""千古一帝秦始皇都做了什么"",""event_type"":""probe_schedule"",""iso_time"":""2026-09-20T08:01:06.325Z"",""relative_ms"":54,""video_time_sec"":0,""probe_schedule_id"":""015fbc21-ae50-49ef-a44f-d2dced7e2e7a"",""probe_times"":[74.132,137.204,185.902,294.929],""probe_config"":{""probes_per_block"":4,""min_first_onset_sec"":45,""min_end_margin_sec"":30,""min_gap_sec"":45},""video_duration_sec"":391.048,""video_id"":""V5"",""debug_fast"":false}",8b6ce1f9-62a7-4d97-823b-839e8a8c7711,sub-007,ses-001,76820dc0-6393-48e9-a25c-4ffae92bb3c4,b0a244a8-b5e2-4661-b241-de215ec01f7b,1789891266.3173375,1789891266.325,905845.0999999642,browser_calibrated,-0.0008122920989990234,1.2996196746826172,145476,148072,11,-6.850242614746094,host_receive_nearest,verified,1,1,,,,,,,,,1,,,,,,,,,,,,,,,,,,,,V5,B,0,1789891266.325,1789891266.3173375,148072,,4,015fbc21-ae50-49ef-a44f-d2dced7e2e7a,,,,,,,
subtraction_start_number_displayed,1789891266.3276877,592.288,145477,2,2,,1,G07,B,bbbd_subtraction,subtraction_start_number_displayed,977,,0.0,0.0,,,,,,,"{""client_event_id"":""250c4026-920c-4827-9760-cfa82f66534c"",""recorder_run_id"":""8b6ce1f9-62a7-4d97-823b-839e8a8c7711"",""client_id"":""b0a244a8-b5e2-4661-b241-de215ec01f7b"",""client_timestamp"":1789891266.3285,""client_monotonic_ms"":905848.5999999642,""event_timestamp"":1789891266.3276877,""clock_offset_sec"":-0.0008122920989990234,""clock_round_trip_ms"":1.2996196746826172,""subject_id"":""sub-007"",""session_id"":""ses-001"",""block_id"":""Block 2"",""counterbalance_group"":""G07"",""block_order"":""Block 2"",""condition"":""B"",""condition_type"":""bbbd_subtraction"",""topic_key"":""V5"",""topic_name"":""千古一帝秦始皇都做了什么"",""event_type"":""subtraction_start_number_displayed"",""iso_time"":""2026-09-20T08:01:06.328Z"",""relative_ms"":57,""video_time_sec"":0,""start_number"":977,""generated_timestamp"":1789890396.5673375,""displayed_timestamp"":1789891266.3285}",8b6ce1f9-62a7-4d97-823b-839e8a8c7711,sub-007,ses-001,250c4026-920c-4827-9760-cfa82f66534c,b0a244a8-b5e2-4661-b241-de215ec01f7b,1789891266.3323376,1789891266.3285,905848.5999999642,browser_calibrated,-0.0008122920989990234,1.2996196746826172,145476,148072,11,-10.350227355957031,host_receive_nearest,verified,1,0,977,1789890396.5673375,1789891266.3285,,,,,,1,,,,,,,,,,,,,,,,,,,,V5,B,0,1789891266.3285,1789891266.3323376,148072,,,,,,,,,,
condition_prompt_end,1789891271.3457,597.308,146732,2,2,,1,G07,B,bbbd_subtraction,condition_prompt_end,0,,0.0,0.0,,,,,,,"{""client_event_id"":""6165a0bb-0ecb-4f3c-a787-db84d5cf9b60"",""recorder_run_id"":""8b6ce1f9-62a7-4d97-823b-839e8a8c7711"",""client_id"":""b0a244a8-b5e2-4661-b241-de215ec01f7b"",""client_timestamp"":1789891271.3458,""client_monotonic_ms"":910865.8999999762,""event_timestamp"":1789891271.3457,""clock_offset_sec"":-0.0008122920989990234,""clock_round_trip_ms"":1.2996196746826172,""subject_id"":""sub-007"",""session_id"":""ses-001"",""block_id"":""Block 2"",""counterbalance_group"":""G07"",""block_order"":""Block 2"",""condition"":""B"",""condition_type"":""bbbd_subtraction"",""topic_key"":""V5"",""topic_name"":""千古一帝秦始皇都做了什么"",""event_type"":""condition_prompt_end"",""iso_time"":""2026-09-20T08:01:11.345Z"",""relative_ms"":5075,""video_time_sec"":0}",8b6ce1f9-62a7-4d97-823b-839e8a8c7711,sub-007,ses-001,6165a0bb-0ecb-4f3c-a787-db84d5cf9b60,b0a244a8-b5e2-4661-b241-de215ec01f7b,1789891271.3483374,1789891271.3458,910865.8999999762,browser_calibrated,-0.0008122920989990234,1.2996196746826172,146731,149327,11,-13.362407684326172,host_receive_nearest,verified,1,0,,,,,,,,,1,,,,,,,,,,,,,,,,,,,,V5,B,0,1789891271.3458,1789891271.3483374,149327,,,,,,,,,,
video_start,1789891271.3457,597.308,146737,2,2,,1,G07,B,bbbd_subtraction,video_start,V5,,0.0,0.0,,,,,,,,8b6ce1f9-62a7-4d97-823b-839e8a8c7711,sub-007,ses-001,749dc82e-9eff-4666-a896-a825c5a87425,b0a244a8-b5e2-4661-b241-de215ec01f7b,1789891271.3643374,1789891271.3497999,910869.8999999762,browser_calibrated,-0.0008122920989990234,1.2996196746826172,146731,149327,11,-13.362407684326172,host_receive_nearest,verified,1,1,,,,,,,,,1,,,,,,,,,,,,,,,,,,,,V5,B,0,1789891271.3497999,1789891271.3643374,149327,,,,,,,,,,
video_play,1789891271.3457,597.308,146737,2,2,,1,G07,B,bbbd_subtraction,video_play,0,,0.0,0.0,,,,,,,"{""client_event_id"":""749dc82e-9eff-4666-a896-a825c5a87425"",""recorder_run_id"":""8b6ce1f9-62a7-4d97-823b-839e8a8c7711"",""client_id"":""b0a244a8-b5e2-4661-b241-de215ec01f7b"",""client_timestamp"":1789891271.3497999,""client_monotonic_ms"":910869.8999999762,""event_timestamp"":1789891271.3457,""clock_offset_sec"":-0.0008122920989990234,""clock_round_trip_ms"":1.2996196746826172,""subject_id"":""sub-007"",""session_id"":""ses-001"",""block_id"":""Block 2"",""counterbalance_group"":""G07"",""block_order"":""Block 2"",""condition"":""B"",""condition_type"":""bbbd_subtraction"",""topic_key"":""V5"",""topic_name"":""千古一帝秦始皇都做了什么"",""event_type"":""video_play"",""iso_time"":""2026-09-20T08:01:11.349Z"",""relative_ms"":5079,""video_time_sec"":0}",8b6ce1f9-62a7-4d97-823b-839e8a8c7711,sub-007,ses-001,749dc82e-9eff-4666-a896-a825c5a87425,b0a244a8-b5e2-4661-b241-de215ec01f7b,1789891271.3643374,1789891271.3497999,910869.8999999762,browser_calibrated,-0.0008122920989990234,1.2996196746826172,146731,149327,11,-13.362407684326172,host_receive_nearest,verified,1,1,,,,,,,,,1,,,,,,,,,,,,,,,,,,,,V5,B,0,1789891271.3497999,1789891271.3643374,149327,,,,,,,,,,
subtraction_start_number_hidden,1789891271.3457,597.308,146737,2,2,,1,G07,B,bbbd_subtraction,subtraction_start_number_hidden,977,,0.0,0.0,,,,,,,"{""client_event_id"":""53cbea9d-4cc3-4b8e-be37-9e4a6a509822"",""recorder_run_id"":""8b6ce1f9-62a7-4d97-823b-839e8a8c7711"",""client_id"":""b0a244a8-b5e2-4661-b241-de215ec01f7b"",""client_timestamp"":1789891271.3532999,""client_monotonic_ms"":910873.3999999762,""event_timestamp"":1789891271.3457,""clock_offset_sec"":-0.0008122920989990234,""clock_round_trip_ms"":1.2996196746826172,""subject_id"":""sub-007"",""session_id"":""ses-001"",""block_id"":""Block 2"",""counterbalance_group"":""G07"",""block_order"":""Block 2"",""condition"":""B"",""condition_type"":""bbbd_subtraction"",""topic_key"":""V5"",""topic_name"":""千古一帝秦始皇都做了什么"",""event_type"":""subtraction_start_number_hidden"",""iso_time"":""2026-09-20T08:01:11.353Z"",""relative_ms"":5082,""video_time_sec"":0,""start_number"":977,""generated_timestamp"":1789890396.5673375,""displayed_timestamp"":1789891266.3285,""hidden_timestamp"":1789891271.3457}",8b6ce1f9-62a7-4d97-823b-839e8a8c7711,sub-007,ses-001,53cbea9d-4cc3-4b8e-be37-9e4a6a509822,b0a244a8-b5e2-4661-b241-de215ec01f7b,1789891271.3643374,1789891271.3532999,910873.3999999762,browser_calibrated,-0.0008122920989990234,1.2996196746826172,146731,149327,11,-13.362407684326172,host_receive_nearest,verified,1,0,977,1789890396.5673375,1789891266.3285,1789891271.3457,,,,,1,,,,,,,,,,,,,,,,,,,,V5,B,0,1789891271.3532999,1789891271.3643374,149327,,,,,,,,,,
probe_onset,1789891345.8577378,671.792,165362,2,2,,1,G07,B,bbbd_subtraction,probe_onset,Block 2_1_015fbc21,,0.0,0.0,,,,,,,"{""client_event_id"":""bf31c2a2-a7a5-491c-9e5f-2df697959764"",""recorder_run_id"":""8b6ce1f9-62a7-4d97-823b-839e8a8c7711"",""client_id"":""b0a244a8-b5e2-4661-b241-de215ec01f7b"",""client_timestamp"":1789891345.8687,""client_monotonic_ms"":985388.7999999523,""event_timestamp"":1789891345.8577378,""clock_offset_sec"":-0.010962247848510742,""clock_round_trip_ms"":1.199960708618164,""subject_id"":""sub-007"",""session_id"":""ses-001"",""block_id"":""Block 2"",""counterbalance_group"":""G07"",""block_order"":""Block 2"",""condition"":""B"",""condition_type"":""bbbd_subtraction"",""topic_key"":""V5"",""topic_name"":""千古一帝秦始皇都做了什么"",""event_type"":""probe_onset"",""iso_time"":""2026-09-20T08:02:25.868Z"",""relative_ms"":79597,""video_time_sec"":74.289,""probe_id"":""Block 2_1_015fbc21"",""probe_index"":1,""probe_schedule_id"":""015fbc21-ae50-49ef-a44f-d2dced7e2e7a"",""probe_planned_time_sec"":74.132,""video_id"":""V5"",""pause_reason"":""thought_probe"",""forced"":false}",8b6ce1f9-62a7-4d97-823b-839e8a8c7711,sub-007,ses-001,bf31c2a2-a7a5-491c-9e5f-2df697959764,b0a244a8-b5e2-4661-b241-de215ec01f7b,1789891345.8643374,1789891345.8687,985388.7999999523,browser_calibrated,-0.010962247848510742,1.199960708618164,165352,167948,11,6.599664688110352,host_receive_nearest,verified,1,1,,,,,,,,,1,,,,,,,,,,,,,,,,,,,,V5,B,74.289,1789891345.8687,1789891345.8643374,167948,Block 2_1_015fbc21,1,015fbc21-ae50-49ef-a44f-d2dced7e2e7a,74.132,,,,,,thought_probe
attention_response,1789891348.9291377,674.888,166127,2,2,,1,G07,B,bbbd_subtraction,attention_response,2,,0.0,0.0,,,,,,,"{""client_event_id"":""69858395-6c2b-4326-925b-9feb6b33597f"",""recorder_run_id"":""8b6ce1f9-62a7-4d97-823b-839e8a8c7711"",""client_id"":""b0a244a8-b5e2-4661-b241-de215ec01f7b"",""client_timestamp"":1789891348.9401,""client_monotonic_ms"":988460.1999999881,""event_timestamp"":1789891348.9291377,""clock_offset_sec"":-0.010962247848510742,""clock_round_trip_ms"":1.199960708618164,""subject_id"":""sub-007"",""session_id"":""ses-001"",""block_id"":""Block 2"",""counterbalance_group"":""G07"",""block_order"":""Block 2"",""condition"":""B"",""condition_type"":""bbbd_subtraction"",""topic_key"":""V5"",""topic_name"":""千古一帝秦始皇都做了什么"",""event_type"":""attention_response"",""iso_time"":""2026-09-20T08:02:28.940Z"",""relative_ms"":82669,""video_time_sec"":74.289,""probe_id"":""Block 2_1_015fbc21"",""probe_index"":1,""probe_schedule_id"":""015fbc21-ae50-49ef-a44f-d2dced7e2e7a"",""probe_planned_time_sec"":74.132,""video_id"":""V5"",""response"":2,""response_label"":""连续减7心算任务"",""probe_attention"":""OFF"",""response_time_ms"":3072}",8b6ce1f9-62a7-4d97-823b-839e8a8c7711,sub-007,ses-001,69858395-6c2b-4326-925b-9feb6b33597f,b0a244a8-b5e2-4661-b241-de215ec01f7b,1789891348.9423375,1789891348.9401,988460.1999999881,browser_calibrated,-0.010962247848510742,1.199960708618164,166126,168722,11,-17.800092697143555,host_receive_nearest,verified,1,1,,,,,,,,,1,,,,,,,,,,,,,,,,,,,,V5,B,74.289,1789891348.9401,1789891348.9893374,168722,Block 2_1_015fbc21,1,015fbc21-ae50-49ef-a44f-d2dced7e2e7a,74.132,2,连续减7心算任务,3072,,OFF,
confidence_response,1789891349.9345376,675.888,166377,2,2,,1,G07,B,bbbd_subtraction,confidence_response,3,,0.0,0.0,,,,,,,"{""client_event_id"":""90065bf2-ed0b-46b1-b4f4-9c345d841989"",""recorder_run_id"":""8b6ce1f9-62a7-4d97-823b-839e8a8c7711"",""client_id"":""b0a244a8-b5e2-4661-b241-de215ec01f7b"",""client_timestamp"":1789891349.9455,""client_monotonic_ms"":989465.6999999881,""event_timestamp"":1789891349.9345376,""clock_offset_sec"":-0.010962247848510742,""clock_round_trip_ms"":1.199960708618164,""subject_id"":""sub-007"",""session_id"":""ses-001"",""block_id"":""Block 2"",""counterbalance_group"":""G07"",""block_order"":""Block 2"",""condition"":""B"",""condition_type"":""bbbd_subtraction"",""topic_key"":""V5"",""topic_name"":""千古一帝秦始皇都做了什么"",""event_type"":""confidence_response"",""iso_time"":""2026-09-20T08:02:29.945Z"",""relative_ms"":83674,""video_time_sec"":74.289,""probe_id"":""Block 2_1_015fbc21"",""probe_index"":1,""probe_schedule_id"":""015fbc21-ae50-49ef-a44f-d2dced7e2e7a"",""probe_planned_time_sec"":74.132,""video_id"":""V5"",""response"":2,""confidence"":3,""response_time_ms"":1005}",8b6ce1f9-62a7-4d97-823b-839e8a8c7711,sub-007,ses-001,90065bf2-ed0b-46b1-b4f4-9c345d841989,b0a244a8-b5e2-4661-b241-de215ec01f7b,1789891349.9423375,1789891349.9455,989465.6999999881,browser_calibrated,-0.010962247848510742,1.199960708618164,166376,168972,11,-8.20016860961914,host_receive_nearest,verified,1,1,,,,,,,,,1,,,,,,,,,,,,,,,,,,,,V5,B,74.289,1789891349.9455,1789891349.9423375,168972,Block 2_1_015fbc21,1,015fbc21-ae50-49ef-a44f-d2dced7e2e7a,74.132,,,1005,3,,
phase_change,1789891349.9390378,675.888,166377,2,2,,1,G07,B,bbbd_subtraction,phase_change,video,,0.0,0.0,,,,,,,,8b6ce1f9-62a7-4d97-823b-839e8a8c7711,sub-007,ses-001,5095a309-2d22-4938-8a66-ab33c4eb3d4f,b0a244a8-b5e2-4661-b241-de215ec01f7b,1789891349.9573376,1789891349.95,989470.0999999642,browser_calibrated,-0.010962247848510742,1.199960708618164,166376,168972,11,-12.700319290161133,host_receive_nearest,verified,1,1,,,,,,,,,1,,,,,,,,,,,,,,,,,,,,V5,B,74.524,1789891349.95,1789891349.9573376,168972,,,,,,,,,,
video_resume,1789891349.9390378,675.888,166377,2,2,,1,G07,B,bbbd_subtraction,video_resume,74.524,,0.0,0.0,,,,,,,"{""client_event_id"":""5095a309-2d22-4938-8a66-ab33c4eb3d4f"",""recorder_run_id"":""8b6ce1f9-62a7-4d97-823b-839e8a8c7711"",""client_id"":""b0a244a8-b5e2-4661-b241-de215ec01f7b"",""client_timestamp"":1789891349.95,""client_monotonic_ms"":989470.0999999642,""event_timestamp"":1789891349.9390378,""clock_offset_sec"":-0.010962247848510742,""clock_round_trip_ms"":1.199960708618164,""subject_id"":""sub-007"",""session_id"":""ses-001"",""block_id"":""Block 2"",""counterbalance_group"":""G07"",""block_order"":""Block 2"",""condition"":""B"",""condition_type"":""bbbd_subtraction"",""topic_key"":""V5"",""topic_name"":""千古一帝秦始皇都做了什么"",""event_type"":""video_resume"",""iso_time"":""2026-09-20T08:02:29.950Z"",""relative_ms"":83679,""video_time_sec"":74.524,""probe_id"":""Block 2_1_015fbc21"",""probe_index"":1,""probe_schedule_id"":""015fbc21-ae50-49ef-a44f-d2dced7e2e7a"",""probe_planned_time_sec"":74.132,""video_id"":""V5"",""pause_reason"":""thought_probe"",""resume_status"":""playing""}",8b6ce1f9-62a7-4d97-823b-839e8a8c7711,sub-007,ses-001,5095a309-2d22-4938-8a66-ab33c4eb3d4f,b0a244a8-b5e2-4661-b241-de215ec01f7b,1789891349.9573376,1789891349.95,989470.0999999642,browser_calibrated,-0.010962247848510742,1.199960708618164,166376,168972,11,-12.700319290161133,host_receive_nearest,verified,1,1,,,,,,,,,1,,,,,,,,,,,,,,,,,,,,V5,B,74.524,1789891349.95,1789891349.9573376,168972,Block 2_1_015fbc21,,,,,,,,,thought_probe
qc_status_change,1789891411.7393374,737.428,181607,2,2,,1,G07,B,bbbd_subtraction,qc_status_change,bad,,0.0,0.0,,,,,,,丢包率 5.71% 过高，请检查蓝牙距离、供电和连接。,8b6ce1f9-62a7-4d97-823b-839e8a8c7711,sub-007,ses-001,,,1789891411.7393374,,,server,,,181606,184357,11,0.0,host_receive_nearest,,,,,,,,,,,,1,,,,,,,,,,,,,,,,,,,,V5,B,,,1789891411.7393374,184357,,,,,,,,,,
probe_onset,1789891412.9808373,738.648,181912,2,2,,1,G07,B,bbbd_subtraction,probe_onset,Block 2_2_015fbc21,,0.0,0.0,,,,,,,"{""client_event_id"":""b4379524-413d-41f3-862c-ad6469ed4f8c"",""recorder_run_id"":""8b6ce1f9-62a7-4d97-823b-839e8a8c7711"",""client_id"":""b0a244a8-b5e2-4661-b241-de215ec01f7b"",""client_timestamp"":1789891412.9822998,""client_monotonic_ms"":1052502.3999999762,""event_timestamp"":1789891412.9808373,""clock_offset_sec"":-0.0014624595642089844,""clock_round_trip_ms"":1.399993896484375,""subject_id"":""sub-007"",""session_id"":""ses-001"",""block_id"":""Block 2"",""counterbalance_group"":""G07"",""block_order"":""Block 2"",""condition"":""B"",""condition_type"":""bbbd_subtraction"",""topic_key"":""V5"",""topic_name"":""千古一帝秦始皇都做了什么"",""event_type"":""probe_onset"",""iso_time"":""2026-09-20T08:03:32.982Z"",""relative_ms"":146711,""video_time_sec"":137.313,""probe_id"":""Block 2_2_015fbc21"",""probe_index"":2,""probe_schedule_id"":""015fbc21-ae50-49ef-a44f-d2dced7e2e7a"",""probe_planned_time_sec"":137.204,""video_id"":""V5"",""pause_reason"":""thought_probe"",""forced"":false}",8b6ce1f9-62a7-4d97-823b-839e8a8c7711,sub-007,ses-001,b4379524-413d-41f3-862c-ad6469ed4f8c,b0a244a8-b5e2-4661-b241-de215ec01f7b,1789891412.9733374,1789891412.9822998,1052502.3999999762,browser_calibrated,-0.0014624595642089844,1.399993896484375,181911,184662,11,-7.499933242797852,host_receive_nearest,verified,1,1,,,,,,,,,1,,,,,,,,,,,,,,,,,,,,V5,B,137.313,1789891412.9822998,1789891412.9733374,184662,Block 2_2_015fbc21,2,015fbc21-ae50-49ef-a44f-d2dced7e2e7a,137.204,,,,,,thought_probe
attention_response,1789891416.1273375,742.072,182652,2,2,,1,G07,B,bbbd_subtraction,attention_response,2,,0.0,0.0,,,,,,,"{""client_event_id"":""b00a705b-9999-4c7c-a118-70af9b99f899"",""recorder_run_id"":""8b6ce1f9-62a7-4d97-823b-839e8a8c7711"",""client_id"":""b0a244a8-b5e2-4661-b241-de215ec01f7b"",""client_timestamp"":1789891416.1288,""client_monotonic_ms"":1055648.8999999762,""event_timestamp"":1789891416.1273375,""clock_offset_sec"":-0.0014624595642089844,""clock_round_trip_ms"":1.399993896484375,""subject_id"":""sub-007"",""session_id"":""ses-001"",""block_id"":""Block 2"",""counterbalance_group"":""G07"",""block_order"":""Block 2"",""condition"":""B"",""condition_type"":""bbbd_subtraction"",""topic_key"":""V5"",""topic_name"":""千古一帝秦始皇都做了什么"",""event_type"":""attention_response"",""iso_time"":""2026-09-20T08:03:36.128Z"",""relative_ms"":149858,""video_time_sec"":137.313,""probe_id"":""Block 2_2_015fbc21"",""probe_index"":2,""probe_schedule_id"":""015fbc21-ae50-49ef-a44f-d2dced7e2e7a"",""probe_planned_time_sec"":137.204,""video_id"":""V5"",""response"":2,""response_label"":""连续减7心算任务"",""probe_attention"":""OFF"",""response_time_ms"":3147}",8b6ce1f9-62a7-4d97-823b-839e8a8c7711,sub-007,ses-001,b00a705b-9999-4c7c-a118-70af9b99f899,b0a244a8-b5e2-4661-b241-de215ec01f7b,1789891416.1293375,1789891416.1288,1055648.8999999762,browser_calibrated,-0.0014624595642089844,1.399993896484375,182647,185518,11,2.000093460083008,host_receive_nearest,verified,1,1,,,,,,,,,1,,,,,,,,,,,,,,,,,,,,V5,B,137.313,1789891416.1288,1789891416.3793375,185518,Block 2_2_015fbc21,2,015fbc21-ae50-49ef-a44f-d2dced7e2e7a,137.204,2,连续减7心算任务,3147,,OFF,
confidence_response,1789891416.9654374,742.928,182862,2,2,,1,G07,B,bbbd_subtraction,confidence_response,3,,0.0,0.0,,,,,,,"{""client_event_id"":""0fdadcea-1864-47c4-8854-2b702c897887"",""recorder_run_id"":""8b6ce1f9-62a7-4d97-823b-839e8a8c7711"",""client_id"":""b0a244a8-b5e2-4661-b241-de215ec01f7b"",""client_timestamp"":1789891416.9668999,""client_monotonic_ms"":1056487,""event_timestamp"":1789891416.9654374,""clock_offset_sec"":-0.0014624595642089844,""clock_round_trip_ms"":1.399993896484375,""subject_id"":""sub-007"",""session_id"":""ses-001"",""block_id"":""Block 2"",""counterbalance_group"":""G07"",""block_order"":""Block 2"",""condition"":""B"",""condition_type"":""bbbd_subtraction"",""topic_key"":""V5"",""topic_name"":""千古一帝秦始皇都做了什么"",""event_type"":""confidence_response"",""iso_time"":""2026-09-20T08:03:36.966Z"",""relative_ms"":150696,""video_time_sec"":137.313,""probe_id"":""Block 2_2_015fbc21"",""probe_index"":2,""probe_schedule_id"":""015fbc21-ae50-49ef-a44f-d2dced7e2e7a"",""probe_planned_time_sec"":137.204,""video_id"":""V5"",""response"":2,""confidence"":3,""response_time_ms"":838}",8b6ce1f9-62a7-4d97-823b-839e8a8c7711,sub-007,ses-001,0fdadcea-1864-47c4-8854-2b702c897887,b0a244a8-b5e2-4661-b241-de215ec01f7b,1789891416.9573376,1789891416.9668999,1056487,browser_calibrated,-0.0014624595642089844,1.399993896484375,182861,185732,11,-8.099794387817383,host_receive_nearest,verified,1,1,,,,,,,,,1,,,,,,,,,,,,,,,,,,,,V5,B,137.313,1789891416.9668999,1789891417.0673375,185732,Block 2_2_015fbc21,2,015fbc21-ae50-49ef-a44f-d2dced7e2e7a,137.204,,,838,3,,
phase_change,1789891416.9698374,742.928,182882,2,2,,1,G07,B,bbbd_subtraction,phase_change,video,,0.0,0.0,,,,,,,,8b6ce1f9-62a7-4d97-823b-839e8a8c7711,sub-007,ses-001,4f87b14b-9aa2-4595-adc2-92f414c60fec,b0a244a8-b5e2-4661-b241-de215ec01f7b,1789891417.0673375,1789891416.9713,1056491.3999999762,browser_calibrated,-0.0014624595642089844,1.399993896484375,182861,185732,11,-12.499809265136719,host_receive_nearest,verified,1,1,,,,,,,,,1,,,,,,,,,,,,,,,,,,,,V5,B,137.555,1789891416.9713,1789891417.0673375,185732,,,,,,,,,,
video_resume,1789891416.9698374,742.928,182882,2,2,,1,G07,B,bbbd_subtraction,video_resume,137.555,,0.0,0.0,,,,,,,"{""client_event_id"":""4f87b14b-9aa2-4595-adc2-92f414c60fec"",""recorder_run_id"":""8b6ce1f9-62a7-4d97-823b-839e8a8c7711"",""client_id"":""b0a244a8-b5e2-4661-b241-de215ec01f7b"",""client_timestamp"":1789891416.9713,""client_monotonic_ms"":1056491.3999999762,""event_timestamp"":1789891416.9698374,""clock_offset_sec"":-0.0014624595642089844,""clock_round_trip_ms"":1.399993896484375,""subject_id"":""sub-007"",""session_id"":""ses-001"",""block_id"":""Block 2"",""counterbalance_group"":""G07"",""block_order"":""Block 2"",""condition"":""B"",""condition_type"":""bbbd_subtraction"",""topic_key"":""V5"",""topic_name"":""千古一帝秦始皇都做了什么"",""event_type"":""video_resume"",""iso_time"":""2026-09-20T08:03:36.971Z"",""relative_ms"":150700,""video_time_sec"":137.555,""probe_id"":""Block 2_2_015fbc21"",""probe_index"":2,""probe_schedule_id"":""015fbc21-ae50-49ef-a44f-d2dced7e2e7a"",""probe_planned_time_sec"":137.204,""video_id"":""V5"",""pause_reason"":""thought_probe"",""resume_status"":""playing""}",8b6ce1f9-62a7-4d97-823b-839e8a8c7711,sub-007,ses-001,4f87b14b-9aa2-4595-adc2-92f414c60fec,b0a244a8-b5e2-4661-b241-de215ec01f7b,1789891417.0673375,1789891416.9713,1056491.3999999762,browser_calibrated,-0.0014624595642089844,1.399993896484375,182861,185732,11,-12.499809265136719,host_receive_nearest,verified,1,1,,,,,,,,,1,,,,,,,,,,,,,,,,,,,,V5,B,137.555,1789891416.9713,1789891417.0673375,185732,Block 2_2_015fbc21,,,,,,,,,thought_probe
qc_status_change,1789891421.7703376,747.708,184057,2,2,,1,G07,B,bbbd_subtraction,qc_status_change,warning,,0.0,0.0,,,,,,,丢包率 4.69% 偏高。,8b6ce1f9-62a7-4d97-823b-839e8a8c7711,sub-007,ses-001,,,1789891421.7703376,,,server,,,184056,186927,11,-47.00016975402832,host_receive_nearest,,,,,,,,,,,,1,,,,,,,,,,,,,,,,,,,,V5,B,,,1789891421.7703376,186927,,,,,,,,,,
qc_status_change,1789891425.7863376,751.644,185041,2,2,,1,G07,B,bbbd_subtraction,qc_status_change,good,,0.0,0.0,,,,,,,当前QC指标正常。,8b6ce1f9-62a7-4d97-823b-839e8a8c7711,sub-007,ses-001,,,1789891425.7863376,,,server,,,185040,187911,11,0.0,host_receive_nearest,,,,,,,,,,,,1,,,,,,,,,,,,,,,,,,,,V5,B,,,1789891425.7863376,187911,,,,,,,,,,
probe_onset,1789891465.6333373,791.584,195026,2,2,,1,G07,B,bbbd_subtraction,probe_onset,Block 2_3_015fbc21,,0.0,0.0,,,,,,,"{""client_event_id"":""2136abe8-a57d-4a0a-b4be-14c209548c17"",""recorder_run_id"":""8b6ce1f9-62a7-4d97-823b-839e8a8c7711"",""client_id"":""b0a244a8-b5e2-4661-b241-de215ec01f7b"",""client_timestamp"":1789891465.6412997,""client_monotonic_ms"":1105161.3999999762,""event_timestamp"":1789891465.6333373,""clock_offset_sec"":-0.007962465286254883,""clock_round_trip_ms"":1.4002323150634766,""subject_id"":""sub-007"",""session_id"":""ses-001"",""block_id"":""Block 2"",""counterbalance_group"":""G07"",""block_order"":""Block 2"",""condition"":""B"",""condition_type"":""bbbd_subtraction"",""topic_key"":""V5"",""topic_name"":""千古一帝秦始皇都做了什么"",""event_type"":""probe_onset"",""iso_time"":""2026-09-20T08:04:25.641Z"",""relative_ms"":199370,""video_time_sec"":185.981,""probe_id"":""Block 2_3_015fbc21"",""probe_index"":3,""probe_schedule_id"":""015fbc21-ae50-49ef-a44f-d2dced7e2e7a"",""probe_planned_time_sec"":185.902,""video_id"":""V5"",""pause_reason"":""thought_probe"",""forced"":false}",8b6ce1f9-62a7-4d97-823b-839e8a8c7711,sub-007,ses-001,2136abe8-a57d-4a0a-b4be-14c209548c17,b0a244a8-b5e2-4661-b241-de215ec01f7b,1789891465.6453376,1789891465.6412997,1105161.3999999762,browser_calibrated,-0.007962465286254883,1.4002323150634766,195025,197896,11,-3.9997100830078125,host_receive_nearest,verified,1,1,,,,,,,,,1,,,,,,,,,,,,,,,,,,,,V5,B,185.981,1789891465.6412997,1789891465.6453376,197896,Block 2_3_015fbc21,3,015fbc21-ae50-49ef-a44f-d2dced7e2e7a,185.902,,,,,,thought_probe
attention_response,1789891468.6584375,794.568,195776,2,2,,1,G07,B,bbbd_subtraction,attention_response,2,,0.0,0.0,,,,,,,"{""client_event_id"":""925eddcd-440f-4293-a805-6306b67114a7"",""recorder_run_id"":""8b6ce1f9-62a7-4d97-823b-839e8a8c7711"",""client_id"":""b0a244a8-b5e2-4661-b241-de215ec01f7b"",""client_timestamp"":1789891468.6664,""client_monotonic_ms"":1108186.5,""event_timestamp"":1789891468.6584375,""clock_offset_sec"":-0.007962465286254883,""clock_round_trip_ms"":1.4002323150634766,""subject_id"":""sub-007"",""session_id"":""ses-001"",""block_id"":""Block 2"",""counterbalance_group"":""G07"",""block_order"":""Block 2"",""condition"":""B"",""condition_type"":""bbbd_subtraction"",""topic_key"":""V5"",""topic_name"":""千古一帝秦始皇都做了什么"",""event_type"":""attention_response"",""iso_time"":""2026-09-20T08:04:28.666Z"",""relative_ms"":202395,""video_time_sec"":185.981,""probe_id"":""Block 2_3_015fbc21"",""probe_index"":3,""probe_schedule_id"":""015fbc21-ae50-49ef-a44f-d2dced7e2e7a"",""probe_planned_time_sec"":185.902,""video_id"":""V5"",""response"":2,""response_label"":""连续减7心算任务"",""probe_attention"":""OFF"",""response_time_ms"":3025}",8b6ce1f9-62a7-4d97-823b-839e8a8c7711,sub-007,ses-001,925eddcd-440f-4293-a805-6306b67114a7,b0a244a8-b5e2-4661-b241-de215ec01f7b,1789891468.6613376,1789891468.6664,1108186.5,browser_calibrated,-0.007962465286254883,1.4002323150634766,195771,198642,11,2.9001235961914062,host_receive_nearest,verified,1,1,,,,,,,,,1,,,,,,,,,,,,,,,,,,,,V5,B,185.981,1789891468.6664,1789891468.6763375,198642,Block 2_3_015fbc21,3,015fbc21-ae50-49ef-a44f-d2dced7e2e7a,185.902,2,连续减7心算任务,3025,,OFF,
confidence_response,1789891469.4470375,795.388,195981,2,2,,1,G07,B,bbbd_subtraction,confidence_response,3,,0.0,0.0,,,,,,,"{""client_event_id"":""69009e78-21a6-4041-9b8c-81e0adc3dba5"",""recorder_run_id"":""8b6ce1f9-62a7-4d97-823b-839e8a8c7711"",""client_id"":""b0a244a8-b5e2-4661-b241-de215ec01f7b"",""client_timestamp"":1789891469.455,""client_monotonic_ms"":1108975.0999999642,""event_timestamp"":1789891469.4470375,""clock_offset_sec"":-0.007962465286254883,""clock_round_trip_ms"":1.4002323150634766,""subject_id"":""sub-007"",""session_id"":""ses-001"",""block_id"":""Block 2"",""counterbalance_group"":""G07"",""block_order"":""Block 2"",""condition"":""B"",""condition_type"":""bbbd_subtraction"",""topic_key"":""V5"",""topic_name"":""千古一帝秦始皇都做了什么"",""event_type"":""confidence_response"",""iso_time"":""2026-09-20T08:04:29.455Z"",""relative_ms"":203184,""video_time_sec"":185.981,""probe_id"":""Block 2_3_015fbc21"",""probe_index"":3,""probe_schedule_id"":""015fbc21-ae50-49ef-a44f-d2dced7e2e7a"",""probe_planned_time_sec"":185.902,""video_id"":""V5"",""response"":2,""confidence"":3,""response_time_ms"":789}",8b6ce1f9-62a7-4d97-823b-839e8a8c7711,sub-007,ses-001,69009e78-21a6-4041-9b8c-81e0adc3dba5,b0a244a8-b5e2-4661-b241-de215ec01f7b,1789891469.4573376,1789891469.455,1108975.0999999642,browser_calibrated,-0.007962465286254883,1.4002323150634766,195976,198847,11,10.300159454345703,host_receive_nearest,verified,1,1,,,,,,,,,1,,,,,,,,,,,,,,,,,,,,V5,B,185.981,1789891469.455,1789891469.4573376,198847,Block 2_3_015fbc21,3,015fbc21-ae50-49ef-a44f-d2dced7e2e7a,185.902,,,789,3,,
phase_change,1789891469.4513373,795.388,195981,2,2,,1,G07,B,bbbd_subtraction,phase_change,video,,0.0,0.0,,,,,,,,8b6ce1f9-62a7-4d97-823b-839e8a8c7711,sub-007,ses-001,293d079d-77f8-44c9-9d10-dc447e4f044e,b0a244a8-b5e2-4661-b241-de215ec01f7b,1789891469.4733374,1789891469.4592998,1108979.3999999762,browser_calibrated,-0.007962465286254883,1.4002323150634766,195976,198847,11,6.000280380249023,host_receive_nearest,verified,1,1,,,,,,,,,1,,,,,,,,,,,,,,,,,,,,V5,B,186.224,1789891469.4592998,1789891469.4733374,198847,,,,,,,,,,
video_resume,1789891469.4513373,795.388,195981,2,2,,1,G07,B,bbbd_subtraction,video_resume,186.224,,0.0,0.0,,,,,,,"{""client_event_id"":""293d079d-77f8-44c9-9d10-dc447e4f044e"",""recorder_run_id"":""8b6ce1f9-62a7-4d97-823b-839e8a8c7711"",""client_id"":""b0a244a8-b5e2-4661-b241-de215ec01f7b"",""client_timestamp"":1789891469.4592998,""client_monotonic_ms"":1108979.3999999762,""event_timestamp"":1789891469.4513373,""clock_offset_sec"":-0.007962465286254883,""clock_round_trip_ms"":1.4002323150634766,""subject_id"":""sub-007"",""session_id"":""ses-001"",""block_id"":""Block 2"",""counterbalance_group"":""G07"",""block_order"":""Block 2"",""condition"":""B"",""condition_type"":""bbbd_subtraction"",""topic_key"":""V5"",""topic_name"":""千古一帝秦始皇都做了什么"",""event_type"":""video_resume"",""iso_time"":""2026-09-20T08:04:29.459Z"",""relative_ms"":203188,""video_time_sec"":186.224,""probe_id"":""Block 2_3_015fbc21"",""probe_index"":3,""probe_schedule_id"":""015fbc21-ae50-49ef-a44f-d2dced7e2e7a"",""probe_planned_time_sec"":185.902,""video_id"":""V5"",""pause_reason"":""thought_probe"",""resume_status"":""playing""}",8b6ce1f9-62a7-4d97-823b-839e8a8c7711,sub-007,ses-001,293d079d-77f8-44c9-9d10-dc447e4f044e,b0a244a8-b5e2-4661-b241-de215ec01f7b,1789891469.4733374,1789891469.4592998,1108979.3999999762,browser_calibrated,-0.007962465286254883,1.4002323150634766,195976,198847,11,6.000280380249023,host_receive_nearest,verified,1,1,,,,,,,,,1,,,,,,,,,,,,,,,,,,,,V5,B,186.224,1789891469.4592998,1789891469.4733374,198847,Block 2_3_015fbc21,,,,,,,,,thought_probe
qc_status_change,1789891541.8793375,866.444,213676,2,2,,1,G07,B,bbbd_subtraction,qc_status_change,warning,,0.0,0.0,,,,,,,丢包率 3.02% 偏高。,8b6ce1f9-62a7-4d97-823b-839e8a8c7711,sub-007,ses-001,,,1789891541.8793375,,,server,,,213675,216611,11,-108.99996757507324,host_receive_nearest,,,,,,,,,,,,1,,,,,,,,,,,,,,,,,,,,V5,B,,,1789891541.8793375,216611,,,,,,,,,,
qc_status_change,1789891543.8793375,869.304,214111,2,2,,1,G07,B,bbbd_subtraction,qc_status_change,bad,,0.0,0.0,,,,,,,丢包率 14.59% 过高，请检查蓝牙距离、供电和连接。,8b6ce1f9-62a7-4d97-823b-839e8a8c7711,sub-007,ses-001,,,1789891543.8793375,,,server,,,214110,217326,11,0.0,host_receive_nearest,,,,,,,,,,,,1,,,,,,,,,,,,,,,,,,,,V5,B,,,1789891543.8793375,217326,,,,,,,,,,
qc_status_change,1789891573.8793375,899.804,220456,2,2,,1,G07,B,bbbd_subtraction,qc_status_change,good,,0.0,0.0,,,,,,,当前QC指标正常。,8b6ce1f9-62a7-4d97-823b-839e8a8c7711,sub-007,ses-001,,,1789891573.8793375,,,server,,,220455,224951,11,0.0,host_receive_nearest,,,,,,,,,,,,1,,,,,,,,,,,,,,,,,,,,V5,B,,,1789891573.8793375,224951,,,,,,,,,,
probe_onset,1789891578.5853877,904.524,221636,2,2,,1,G07,B,bbbd_subtraction,probe_onset,Block 2_4_015fbc21,,0.0,0.0,,,,,,,"{""client_event_id"":""9f63dbdf-b12c-4721-b819-c1a29ddd6eda"",""recorder_run_id"":""8b6ce1f9-62a7-4d97-823b-839e8a8c7711"",""client_id"":""b0a244a8-b5e2-4661-b241-de215ec01f7b"",""client_timestamp"":1789891578.585,""client_monotonic_ms"":1218105.0999999642,""event_timestamp"":1789891578.5853877,""clock_offset_sec"":0.0003876686096191406,""clock_round_trip_ms"":1.2998580932617188,""subject_id"":""sub-007"",""session_id"":""ses-001"",""block_id"":""Block 2"",""counterbalance_group"":""G07"",""block_order"":""Block 2"",""condition"":""B"",""condition_type"":""bbbd_subtraction"",""topic_key"":""V5"",""topic_name"":""千古一帝秦始皇都做了什么"",""event_type"":""probe_onset"",""iso_time"":""2026-09-20T08:06:18.585Z"",""relative_ms"":312314,""video_time_sec"":295.118,""probe_id"":""Block 2_4_015fbc21"",""probe_index"":4,""probe_schedule_id"":""015fbc21-ae50-49ef-a44f-d2dced7e2e7a"",""probe_planned_time_sec"":294.929,""video_id"":""V5"",""pause_reason"":""thought_probe"",""forced"":false}",8b6ce1f9-62a7-4d97-823b-839e8a8c7711,sub-007,ses-001,9f63dbdf-b12c-4721-b819-c1a29ddd6eda,b0a244a8-b5e2-4661-b241-de215ec01f7b,1789891578.5823376,1789891578.585,1218105.0999999642,browser_calibrated,0.0003876686096191406,1.2998580932617188,221635,226131,11,-3.050088882446289,host_receive_nearest,verified,1,1,,,,,,,,,1,,,,,,,,,,,,,,,,,,,,V5,B,295.118,1789891578.585,1789891578.5823376,226131,Block 2_4_015fbc21,4,015fbc21-ae50-49ef-a44f-d2dced7e2e7a,294.929,,,,,,thought_probe
qc_status_change,1789891581.8643374,907.604,222361,2,2,,1,G07,B,bbbd_subtraction,qc_status_change,warning,,0.0,0.0,,,,,,,丢包率 1.83% 偏高。,8b6ce1f9-62a7-4d97-823b-839e8a8c7711,sub-007,ses-001,,,1789891581.8643374,,,server,,,222360,226901,11,0.0,host_receive_nearest,,,,,,,,,,,,1,,,,,,,,,,,,,,,,,,,,V5,B,,,1789891581.8643374,226901,,,,,,,,,,
attention_response,1789891582.3501875,908.204,222511,2,2,,1,G07,B,bbbd_subtraction,attention_response,2,,0.0,0.0,,,,,,,"{""client_event_id"":""6883380b-e813-45b7-aabe-474e97efacf9"",""recorder_run_id"":""8b6ce1f9-62a7-4d97-823b-839e8a8c7711"",""client_id"":""b0a244a8-b5e2-4661-b241-de215ec01f7b"",""client_timestamp"":1789891582.3497999,""client_monotonic_ms"":1221870,""event_timestamp"":1789891582.3501875,""clock_offset_sec"":0.0003876686096191406,""clock_round_trip_ms"":1.2998580932617188,""subject_id"":""sub-007"",""session_id"":""ses-001"",""block_id"":""Block 2"",""counterbalance_group"":""G07"",""block_order"":""Block 2"",""condition"":""B"",""condition_type"":""bbbd_subtraction"",""topic_key"":""V5"",""topic_name"":""千古一帝秦始皇都做了什么"",""event_type"":""attention_response"",""iso_time"":""2026-09-20T08:06:22.349Z"",""relative_ms"":316079,""video_time_sec"":295.118,""probe_id"":""Block 2_4_015fbc21"",""probe_index"":4,""probe_schedule_id"":""015fbc21-ae50-49ef-a44f-d2dced7e2e7a"",""probe_planned_time_sec"":294.929,""video_id"":""V5"",""response"":2,""response_label"":""连续减7心算任务"",""probe_attention"":""OFF"",""response_time_ms"":3765}",8b6ce1f9-62a7-4d97-823b-839e8a8c7711,sub-007,ses-001,6883380b-e813-45b7-aabe-474e97efacf9,b0a244a8-b5e2-4661-b241-de215ec01f7b,1789891582.3483374,1789891582.3497999,1221870,browser_calibrated,0.0003876686096191406,1.2998580932617188,222510,227051,11,-17.84992218017578,host_receive_nearest,verified,1,1,,,,,,,,,1,,,,,,,,,,,,,,,,,,,,V5,B,295.118,1789891582.3497999,1789891582.3483374,227051,Block 2_4_015fbc21,4,015fbc21-ae50-49ef-a44f-d2dced7e2e7a,294.929,2,连续减7心算任务,3765,,OFF,
confidence_response,1789891583.7076874,909.664,222876,2,2,,1,G07,B,bbbd_subtraction,confidence_response,3,,0.0,0.0,,,,,,,"{""client_event_id"":""8d79fcd5-8295-4ff7-acb9-04bfe02f8e4f"",""recorder_run_id"":""8b6ce1f9-62a7-4d97-823b-839e8a8c7711"",""client_id"":""b0a244a8-b5e2-4661-b241-de215ec01f7b"",""client_timestamp"":1789891583.7072997,""client_monotonic_ms"":1223227.3999999762,""event_timestamp"":1789891583.7076874,""clock_offset_sec"":0.0003876686096191406,""clock_round_trip_ms"":1.2998580932617188,""subject_id"":""sub-007"",""session_id"":""ses-001"",""block_id"":""Block 2"",""counterbalance_group"":""G07"",""block_order"":""Block 2"",""condition"":""B"",""condition_type"":""bbbd_subtraction"",""topic_key"":""V5"",""topic_name"":""千古一帝秦始皇都做了什么"",""event_type"":""confidence_response"",""iso_time"":""2026-09-20T08:06:23.707Z"",""relative_ms"":317436,""video_time_sec"":295.118,""probe_id"":""Block 2_4_015fbc21"",""probe_index"":4,""probe_schedule_id"":""015fbc21-ae50-49ef-a44f-d2dced7e2e7a"",""probe_planned_time_sec"":294.929,""video_id"":""V5"",""response"":2,""confidence"":3,""response_time_ms"":1358}",8b6ce1f9-62a7-4d97-823b-839e8a8c7711,sub-007,ses-001,8d79fcd5-8295-4ff7-acb9-04bfe02f8e4f,b0a244a8-b5e2-4661-b241-de215ec01f7b,1789891583.7073376,1789891583.7072997,1223227.3999999762,browser_calibrated,0.0003876686096191406,1.2998580932617188,222875,227416,11,-31.349897384643555,host_receive_nearest,verified,1,1,,,,,,,,,1,,,,,,,,,,,,,,,,,,,,V5,B,295.118,1789891583.7072997,1789891583.7073376,227416,Block 2_4_015fbc21,4,015fbc21-ae50-49ef-a44f-d2dced7e2e7a,294.929,,,1358,3,,
phase_change,1789891583.7122877,909.684,222881,2,2,,1,G07,B,bbbd_subtraction,phase_change,video,,0.0,0.0,,,,,,,,8b6ce1f9-62a7-4d97-823b-839e8a8c7711,sub-007,ses-001,7ea6dd88-b9cd-4104-b099-af89608b92b4,b0a244a8-b5e2-4661-b241-de215ec01f7b,1789891583.7233374,1789891583.7119,1223232,browser_calibrated,0.0003876686096191406,1.2998580932617188,222880,227421,11,-4.950046539306641,host_receive_nearest,verified,1,1,,,,,,,,,1,,,,,,,,,,,,,,,,,,,,V5,B,295.346,1789891583.7119,1789891583.7233374,227421,,,,,,,,,,
video_resume,1789891583.7122877,909.684,222881,2,2,,1,G07,B,bbbd_subtraction,video_resume,295.346,,0.0,0.0,,,,,,,"{""client_event_id"":""7ea6dd88-b9cd-4104-b099-af89608b92b4"",""recorder_run_id"":""8b6ce1f9-62a7-4d97-823b-839e8a8c7711"",""client_id"":""b0a244a8-b5e2-4661-b241-de215ec01f7b"",""client_timestamp"":1789891583.7119,""client_monotonic_ms"":1223232,""event_timestamp"":1789891583.7122877,""clock_offset_sec"":0.0003876686096191406,""clock_round_trip_ms"":1.2998580932617188,""subject_id"":""sub-007"",""session_id"":""ses-001"",""block_id"":""Block 2"",""counterbalance_group"":""G07"",""block_order"":""Block 2"",""condition"":""B"",""condition_type"":""bbbd_subtraction"",""topic_key"":""V5"",""topic_name"":""千古一帝秦始皇都做了什么"",""event_type"":""video_resume"",""iso_time"":""2026-09-20T08:06:23.711Z"",""relative_ms"":317441,""video_time_sec"":295.346,""probe_id"":""Block 2_4_015fbc21"",""probe_index"":4,""probe_schedule_id"":""015fbc21-ae50-49ef-a44f-d2dced7e2e7a"",""probe_planned_time_sec"":294.929,""video_id"":""V5"",""pause_reason"":""thought_probe"",""resume_status"":""playing""}",8b6ce1f9-62a7-4d97-823b-839e8a8c7711,sub-007,ses-001,7ea6dd88-b9cd-4104-b099-af89608b92b4,b0a244a8-b5e2-4661-b241-de215ec01f7b,1789891583.7233374,1789891583.7119,1223232,browser_calibrated,0.0003876686096191406,1.2998580932617188,222880,227421,11,-4.950046539306641,host_receive_nearest,verified,1,1,,,,,,,,,1,,,,,,,,,,,,,,,,,,,,V5,B,295.346,1789891583.7119,1789891583.7233374,227421,Block 2_4_015fbc21,,,,,,,,,thought_probe
qc_status_change,1789891591.8793375,917.724,224891,2,2,,1,G07,B,bbbd_subtraction,qc_status_change,good,,0.0,0.0,,,,,,,当前QC指标正常。,8b6ce1f9-62a7-4d97-823b-839e8a8c7711,sub-007,ses-001,,,1789891591.8793375,,,server,,,224890,229431,11,-31.000137329101562,host_receive_nearest,,,,,,,,,,,,1,,,,,,,,,,,,,,,,,,,,V5,B,,,1789891591.8793375,229431,,,,,,,,,,
phase_change,1789891628.9000375,,233560,2,2,,1,G07,B,bbbd_subtraction,phase_change,paused,,0.0,0.0,,,,,,,,8b6ce1f9-62a7-4d97-823b-839e8a8c7711,sub-007,ses-001,56b885fd-71b1-44d0-948e-06e47902b30d,b0a244a8-b5e2-4661-b241-de215ec01f7b,1789891628.9113376,1789891628.9071999,1268427.2999999523,browser_calibrated,-0.007162332534790039,1.399993896484375,,,,-2426.7001152038574,outside_sample_tolerance,verified,1,1,,,,,,,,,1,,,,,,,,,,,,,,,,,,,,V5,B,340.295,1789891628.9071999,1789891628.9113376,,,,,,,,,,,
video_pause,1789891628.9000375,,233560,2,2,,1,G07,B,bbbd_subtraction,video_pause,340.295,,0.0,0.0,,,,,,,"{""client_event_id"":""56b885fd-71b1-44d0-948e-06e47902b30d"",""recorder_run_id"":""8b6ce1f9-62a7-4d97-823b-839e8a8c7711"",""client_id"":""b0a244a8-b5e2-4661-b241-de215ec01f7b"",""client_timestamp"":1789891628.9071999,""client_monotonic_ms"":1268427.2999999523,""event_timestamp"":1789891628.9000375,""clock_offset_sec"":-0.007162332534790039,""clock_round_trip_ms"":1.399993896484375,""subject_id"":""sub-007"",""session_id"":""ses-001"",""block_id"":""Block 2"",""counterbalance_group"":""G07"",""block_order"":""Block 2"",""condition"":""B"",""condition_type"":""bbbd_subtraction"",""topic_key"":""V5"",""topic_name"":""千古一帝秦始皇都做了什么"",""event_type"":""video_pause"",""iso_time"":""2026-09-20T08:07:08.907Z"",""relative_ms"":362636,""video_time_sec"":340.295,""pause_reason"":""eeg_dropout"",""reason"":""automatic_watchdog""}",8b6ce1f9-62a7-4d97-823b-839e8a8c7711,sub-007,ses-001,56b885fd-71b1-44d0-948e-06e47902b30d,b0a244a8-b5e2-4661-b241-de215ec01f7b,1789891628.9113376,1789891628.9071999,1268427.2999999523,browser_calibrated,-0.007162332534790039,1.399993896484375,,,,-2426.7001152038574,outside_sample_tolerance,verified,1,1,,,,,,,,,1,,,,,,,,,,,,,,,,,,,,V5,B,340.295,1789891628.9071999,1789891628.9113376,,,,,,,,,,,eeg_dropout
eeg_dropout,1789891629.9263375,,233560,2,2,,1,G07,B,bbbd_subtraction,eeg_dropout,signal_lost,,0.0,0.0,,,,,,,absence_threshold_sec=2,8b6ce1f9-62a7-4d97-823b-839e8a8c7711,sub-007,ses-001,,,1789891629.9263375,,,server,,,,,,-3453.000068664551,outside_sample_tolerance,,,,,,,,,,,,1,,,,,,,,,,,,,,,,,,,,V5,B,,,1789891629.9263375,,,,,,,,,,,eeg_dropout
qc_status_change,1789891629.9263375,,233560,2,2,,1,G07,B,bbbd_subtraction,qc_status_change,bad,,0.0,0.0,,,,,,,已连续 3.5 秒没有EEG，请立即重新连接耳机。,8b6ce1f9-62a7-4d97-823b-839e8a8c7711,sub-007,ses-001,,,1789891629.9263375,,,server,,,,,,-3453.000068664551,outside_sample_tolerance,,,,,,,,,,,,1,,,,,,,,,,,,,,,,,,,,V5,B,,,1789891629.9263375,,,,,,,,,,,
device_disconnected,1789891630.6293375,,233560,2,2,,1,G07,B,bbbd_subtraction,device_disconnected,,,0,0,,,,,,,,8b6ce1f9-62a7-4d97-823b-839e8a8c7711,sub-007,ses-001,,,1789891630.6293375,,,server,,,,,,-4156.000137329102,outside_sample_tolerance,,,,,,,,,,,,1,,,,,,,,,,,,,,,,,,,,V5,B,,,1789891630.6293375,,,,,,,,,,,
device_error,1789891636.0673375,,233560,2,2,,1,G07,B,bbbd_subtraction,device_error,[WinError -2147023673] 操作已被用户取消。,,0.0,0.0,,,,,,,,8b6ce1f9-62a7-4d97-823b-839e8a8c7711,sub-007,ses-001,,,1789891636.0673375,,,server,,,,,,-9594.000101089478,outside_sample_tolerance,,,,,,,,,,,,1,,,,,,,,,,,,,,,,,,,,V5,B,,,1789891636.0673375,,,,,,,,,,,
device_disconnected,1789891636.0673375,,233560,2,2,,1,G07,B,bbbd_subtraction,device_disconnected,,,0,0,,,,,,,,8b6ce1f9-62a7-4d97-823b-839e8a8c7711,sub-007,ses-001,,,1789891636.0673375,,,server,,,,,,-9594.000101089478,outside_sample_tolerance,,,,,,,,,,,,1,,,,,,,,,,,,,,,,,,,,V5,B,,,1789891636.0673375,,,,,,,,,,,
device_connected,1789891650.0983374,,233560,2,2,,1,G07,B,bbbd_subtraction,device_connected,74:4D:BD:62:FD:8D,,0.0,0.0,,,,,,,,8b6ce1f9-62a7-4d97-823b-839e8a8c7711,sub-007,ses-001,,,1789891650.0983374,,,server,,,,,,-23625.0,outside_sample_tolerance,,,,,,,,,,,,1,,,,,,,,,,,,,,,,,,,,V5,B,,,1789891650.0983374,,,,,,,,,,,
eeg_recovery,1789891650.1143374,952.404,233560,2,2,,1,G07,B,bbbd_subtraction,eeg_recovery,signal_recovered,23.641000032424927,0.0,0.0,,,,,,,等待实验员重新确认同步后恢复视频,8b6ce1f9-62a7-4d97-823b-839e8a8c7711,sub-007,ses-001,,,1789891650.1143374,,,server,,,233560,238101,12,0.0,host_receive_nearest,,,,,,,,,,,,1,,,,,,,,,,,,,,,,,,,,V5,B,,,1789891650.1143374,238101,,,,,,,,,,eeg_dropout
qc_status_change,1789891652.0513375,954.3,234035,2,2,,1,G07,B,bbbd_subtraction,qc_status_change,waiting,,0.0,0.0,,,,,,,等待至少2秒EEG数据。,8b6ce1f9-62a7-4d97-823b-839e8a8c7711,sub-007,ses-001,,,1789891652.0513375,,,server,,,234034,238575,12,0.0,host_receive_nearest,,,,,,,,,,,,1,,,,,,,,,,,,,,,,,,,,V5,B,,,1789891652.0513375,238575,,,,,,,,,,
qc_status_change,1789891654.0363376,956.3,234535,2,2,,1,G07,B,bbbd_subtraction,qc_status_change,good,,0.0,0.0,,,,,,,当前QC指标正常。,8b6ce1f9-62a7-4d97-823b-839e8a8c7711,sub-007,ses-001,,,1789891654.0363376,,,server,,,234534,239075,12,0.0,host_receive_nearest,,,,,,,,,,,,1,,,,,,,,,,,,,,,,,,,,V5,B,,,1789891654.0363376,239075,,,,,,,,,,
eeg_recovery_confirmed,1789891657.2670376,959.564,235355,2,2,,1,G07,B,bbbd_subtraction,eeg_recovery_confirmed,340.295,,0.0,0.0,,,,,,,"{""client_event_id"":""6f4fd8d7-b700-4f03-a495-9796dc6262f9"",""recorder_run_id"":""8b6ce1f9-62a7-4d97-823b-839e8a8c7711"",""client_id"":""b0a244a8-b5e2-4661-b241-de215ec01f7b"",""client_timestamp"":1789891657.278,""client_monotonic_ms"":1296798.0999999642,""event_timestamp"":1789891657.2670376,""clock_offset_sec"":-0.010962486267089844,""clock_round_trip_ms"":1.4002323150634766,""subject_id"":""sub-007"",""session_id"":""ses-001"",""block_id"":""Block 2"",""counterbalance_group"":""G07"",""block_order"":""Block 2"",""condition"":""B"",""condition_type"":""bbbd_subtraction"",""topic_key"":""V5"",""topic_name"":""千古一帝秦始皇都做了什么"",""event_type"":""eeg_recovery_confirmed"",""iso_time"":""2026-09-20T08:07:37.278Z"",""relative_ms"":391007,""video_time_sec"":340.295,""pause_reason"":""eeg_dropout""}",8b6ce1f9-62a7-4d97-823b-839e8a8c7711,sub-007,ses-001,6f4fd8d7-b700-4f03-a495-9796dc6262f9,b0a244a8-b5e2-4661-b241-de215ec01f7b,1789891657.2703376,1789891657.278,1296798.0999999642,browser_calibrated,-0.010962486267089844,1.4002323150634766,235350,239891,12,3.2999515533447266,host_receive_nearest,verified,1,0,,,,,,,,,1,,,,,,,,,,,,,,,,,,,,V5,B,340.295,1789891657.278,1789891657.2703376,239891,,,,,,,,,,
phase_change,1789891657.2708373,959.58,235355,2,2,,1,G07,B,bbbd_subtraction,phase_change,video,,0.0,0.0,,,,,,,,8b6ce1f9-62a7-4d97-823b-839e8a8c7711,sub-007,ses-001,e477e3fc-a56d-459e-8cc0-d66612ffeb8d,b0a244a8-b5e2-4661-b241-de215ec01f7b,1789891657.2863376,1789891657.2817998,1296801.8999999762,browser_calibrated,-0.010962486267089844,1.4002323150634766,235354,239895,12,-0.499725341796875,host_receive_nearest,verified,1,1,,,,,,,,,1,,,,,,,,,,,,,,,,,,,,V5,B,340.295,1789891657.2817998,1789891657.2863376,239895,,,,,,,,,,
video_resume,1789891657.2708373,959.58,235355,2,2,,1,G07,B,bbbd_subtraction,video_resume,340.295,,0.0,0.0,,,,,,,"{""client_event_id"":""e477e3fc-a56d-459e-8cc0-d66612ffeb8d"",""recorder_run_id"":""8b6ce1f9-62a7-4d97-823b-839e8a8c7711"",""client_id"":""b0a244a8-b5e2-4661-b241-de215ec01f7b"",""client_timestamp"":1789891657.2817998,""client_monotonic_ms"":1296801.8999999762,""event_timestamp"":1789891657.2708373,""clock_offset_sec"":-0.010962486267089844,""clock_round_trip_ms"":1.4002323150634766,""subject_id"":""sub-007"",""session_id"":""ses-001"",""block_id"":""Block 2"",""counterbalance_group"":""G07"",""block_order"":""Block 2"",""condition"":""B"",""condition_type"":""bbbd_subtraction"",""topic_key"":""V5"",""topic_name"":""千古一帝秦始皇都做了什么"",""event_type"":""video_resume"",""iso_time"":""2026-09-20T08:07:37.281Z"",""relative_ms"":391011,""video_time_sec"":340.295,""pause_reason"":""eeg_dropout""}",8b6ce1f9-62a7-4d97-823b-839e8a8c7711,sub-007,ses-001,e477e3fc-a56d-459e-8cc0-d66612ffeb8d,b0a244a8-b5e2-4661-b241-de215ec01f7b,1789891657.2863376,1789891657.2817998,1296801.8999999762,browser_calibrated,-0.010962486267089844,1.4002323150634766,235354,239895,12,-0.499725341796875,host_receive_nearest,verified,1,1,,,,,,,,,1,,,,,,,,,,,,,,,,,,,,V5,B,340.295,1789891657.2817998,1789891657.2863376,239895,,,,,,,,,,eeg_dropout
eeg_dropout,1789891664.0823376,,236145,2,2,,1,G07,B,bbbd_subtraction,eeg_dropout,signal_lost,,0.0,0.0,,,,,,,absence_threshold_sec=2,8b6ce1f9-62a7-4d97-823b-839e8a8c7711,sub-007,ses-001,,,1789891664.0823376,,,server,,,,,,-2531.0001373291016,outside_sample_tolerance,,,,,,,,,,,,1,,,,,,,,,,,,,,,,,,,,V5,B,,,1789891664.0823376,,,,,,,,,,,eeg_dropout
qc_status_change,1789891664.0823376,,236145,2,2,,1,G07,B,bbbd_subtraction,qc_status_change,bad,,0.0,0.0,,,,,,,已连续 2.5 秒没有EEG，请立即重新连接耳机。,8b6ce1f9-62a7-4d97-823b-839e8a8c7711,sub-007,ses-001,,,1789891664.0823376,,,server,,,,,,-2531.0001373291016,outside_sample_tolerance,,,,,,,,,,,,1,,,,,,,,,,,,,,,,,,,,V5,B,,,1789891664.0823376,,,,,,,,,,,
phase_change,1789891665.1115375,,236145,2,2,,1,G07,B,bbbd_subtraction,phase_change,paused,,0.0,0.0,,,,,,,,8b6ce1f9-62a7-4d97-823b-839e8a8c7711,sub-007,ses-001,f6ef1924-e1bd-47d8-918e-2cd87b80cebb,b0a244a8-b5e2-4661-b241-de215ec01f7b,1789891665.1143374,1789891665.1225,1304642.5999999642,browser_calibrated,-0.010962486267089844,1.4002323150634766,,,,-3560.199975967407,outside_sample_tolerance,verified,1,1,,,,,,,,,1,,,,,,,,,,,,,,,,,,,,V5,B,347.174,1789891665.1225,1789891665.1143374,,,,,,,,,,,
video_pause,1789891665.1115375,,236145,2,2,,1,G07,B,bbbd_subtraction,video_pause,347.174,,0.0,0.0,,,,,,,"{""client_event_id"":""f6ef1924-e1bd-47d8-918e-2cd87b80cebb"",""recorder_run_id"":""8b6ce1f9-62a7-4d97-823b-839e8a8c7711"",""client_id"":""b0a244a8-b5e2-4661-b241-de215ec01f7b"",""client_timestamp"":1789891665.1225,""client_monotonic_ms"":1304642.5999999642,""event_timestamp"":1789891665.1115375,""clock_offset_sec"":-0.010962486267089844,""clock_round_trip_ms"":1.4002323150634766,""subject_id"":""sub-007"",""session_id"":""ses-001"",""block_id"":""Block 2"",""counterbalance_group"":""G07"",""block_order"":""Block 2"",""condition"":""B"",""condition_type"":""bbbd_subtraction"",""topic_key"":""V5"",""topic_name"":""千古一帝秦始皇都做了什么"",""event_type"":""video_pause"",""iso_time"":""2026-09-20T08:07:45.122Z"",""relative_ms"":398851,""video_time_sec"":347.174,""pause_reason"":""eeg_dropout"",""reason"":""automatic_watchdog""}",8b6ce1f9-62a7-4d97-823b-839e8a8c7711,sub-007,ses-001,f6ef1924-e1bd-47d8-918e-2cd87b80cebb,b0a244a8-b5e2-4661-b241-de215ec01f7b,1789891665.1143374,1789891665.1225,1304642.5999999642,browser_calibrated,-0.010962486267089844,1.4002323150634766,,,,-3560.199975967407,outside_sample_tolerance,verified,1,1,,,,,,,,,1,,,,,,,,,,,,,,,,,,,,V5,B,347.174,1789891665.1225,1789891665.1143374,,,,,,,,,,,eeg_dropout
device_disconnected,1789891665.7863376,,236145,2,2,,1,G07,B,bbbd_subtraction,device_disconnected,,,0,0,,,,,,,,8b6ce1f9-62a7-4d97-823b-839e8a8c7711,sub-007,ses-001,,,1789891665.7863376,,,server,,,,,,-4235.000133514404,outside_sample_tolerance,,,,,,,,,,,,1,,,,,,,,,,,,,,,,,,,,V5,B,,,1789891665.7863376,,,,,,,,,,,
device_error,1789891677.1143374,,236145,2,2,,1,G07,B,bbbd_subtraction,device_error,[WinError -2147023673] 操作已被用户取消。,,0.0,0.0,,,,,,,,8b6ce1f9-62a7-4d97-823b-839e8a8c7711,sub-007,ses-001,,,1789891677.1143374,,,server,,,,,,-15562.999963760376,outside_sample_tolerance,,,,,,,,,,,,1,,,,,,,,,,,,,,,,,,,,V5,B,,,1789891677.1143374,,,,,,,,,,,
device_disconnected,1789891677.1143374,,236145,2,2,,1,G07,B,bbbd_subtraction,device_disconnected,,,0,0,,,,,,,,8b6ce1f9-62a7-4d97-823b-839e8a8c7711,sub-007,ses-001,,,1789891677.1143374,,,server,,,,,,-15562.999963760376,outside_sample_tolerance,,,,,,,,,,,,1,,,,,,,,,,,,,,,,,,,,V5,B,,,1789891677.1143374,,,,,,,,,,,
device_connected,1789891681.0513375,,236145,2,2,,1,G07,B,bbbd_subtraction,device_connected,74:4D:BD:62:FD:8D,,0.0,0.0,,,,,,,,8b6ce1f9-62a7-4d97-823b-839e8a8c7711,sub-007,ses-001,,,1789891681.0513375,,,server,,,,,,-19500.0,outside_sample_tolerance,,,,,,,,,,,,1,,,,,,,,,,,,,,,,,,,,V5,B,,,1789891681.0513375,,,,,,,,,,,
eeg_recovery,1789891681.0673375,962.744,236145,2,2,,1,G07,B,bbbd_subtraction,eeg_recovery,signal_recovered,19.516000032424927,0.0,0.0,,,,,,,等待实验员重新确认同步后恢复视频,8b6ce1f9-62a7-4d97-823b-839e8a8c7711,sub-007,ses-001,,,1789891681.0673375,,,server,,,236145,240686,13,0.0,host_receive_nearest,,,,,,,,,,,,1,,,,,,,,,,,,,,,,,,,,V5,B,,,1789891681.0673375,240686,,,,,,,,,,eeg_dropout
qc_status_change,1789891682.1763375,963.84,236420,2,2,,1,G07,B,bbbd_subtraction,qc_status_change,waiting,,0.0,0.0,,,,,,,等待至少2秒EEG数据。,8b6ce1f9-62a7-4d97-823b-839e8a8c7711,sub-007,ses-001,,,1789891682.1763375,,,server,,,236419,240960,13,-30.99989891052246,host_receive_nearest,,,,,,,,,,,,1,,,,,,,,,,,,,,,,,,,,V5,B,,,1789891682.1763375,240960,,,,,,,,,,
qc_status_change,1789891684.1613376,965.74,236895,2,2,,1,G07,B,bbbd_subtraction,qc_status_change,good,,0.0,0.0,,,,,,,当前QC指标正常。,8b6ce1f9-62a7-4d97-823b-839e8a8c7711,sub-007,ses-001,,,1789891684.1613376,,,server,,,236894,241435,13,0.0,host_receive_nearest,,,,,,,,,,,,1,,,,,,,,,,,,,,,,,,,,V5,B,,,1789891684.1613376,241435,,,,,,,,,,
eeg_recovery_confirmed,1789891686.5600374,967.96,237450,2,2,,1,G07,B,bbbd_subtraction,eeg_recovery_confirmed,347.174,,0.0,0.0,,,,,,,"{""client_event_id"":""c5ef4b8c-c80b-4501-963d-98135d63a70d"",""recorder_run_id"":""8b6ce1f9-62a7-4d97-823b-839e8a8c7711"",""client_id"":""b0a244a8-b5e2-4661-b241-de215ec01f7b"",""client_timestamp"":1789891686.5633998,""client_monotonic_ms"":1326083.5,""event_timestamp"":1789891686.5600374,""clock_offset_sec"":-0.003362417221069336,""clock_round_trip_ms"":1.399993896484375,""subject_id"":""sub-007"",""session_id"":""ses-001"",""block_id"":""Block 2"",""counterbalance_group"":""G07"",""block_order"":""Block 2"",""condition"":""B"",""condition_type"":""bbbd_subtraction"",""topic_key"":""V5"",""topic_name"":""千古一帝秦始皇都做了什么"",""event_type"":""eeg_recovery_confirmed"",""iso_time"":""2026-09-20T08:08:06.563Z"",""relative_ms"":420292,""video_time_sec"":347.174,""pause_reason"":""eeg_dropout""}",8b6ce1f9-62a7-4d97-823b-839e8a8c7711,sub-007,ses-001,c5ef4b8c-c80b-4501-963d-98135d63a70d,b0a244a8-b5e2-4661-b241-de215ec01f7b,1789891686.5673375,1789891686.5633998,1326083.5,browser_calibrated,-0.003362417221069336,1.399993896484375,237449,241990,13,-39.69979286193848,host_receive_nearest,verified,1,0,,,,,,,,,1,,,,,,,,,,,,,,,,,,,,V5,B,347.174,1789891686.5633998,1789891686.5673375,241990,,,,,,,,,,
phase_change,1789891686.5642374,967.964,237460,2,2,,1,G07,B,bbbd_subtraction,phase_change,video,,0.0,0.0,,,,,,,,8b6ce1f9-62a7-4d97-823b-839e8a8c7711,sub-007,ses-001,3ecebb26-b647-49c9-a030-8b14b732158e,b0a244a8-b5e2-4661-b241-de215ec01f7b,1789891686.5823376,1789891686.5675998,1326087.699999988,browser_calibrated,-0.003362417221069336,1.399993896484375,237450,241991,13,3.100156784057617,host_receive_nearest,verified,1,1,,,,,,,,,1,,,,,,,,,,,,,,,,,,,,V5,B,347.174,1789891686.5675998,1789891686.5823376,241991,,,,,,,,,,
video_resume,1789891686.5642374,967.964,237460,2,2,,1,G07,B,bbbd_subtraction,video_resume,347.174,,0.0,0.0,,,,,,,"{""client_event_id"":""3ecebb26-b647-49c9-a030-8b14b732158e"",""recorder_run_id"":""8b6ce1f9-62a7-4d97-823b-839e8a8c7711"",""client_id"":""b0a244a8-b5e2-4661-b241-de215ec01f7b"",""client_timestamp"":1789891686.5675998,""client_monotonic_ms"":1326087.699999988,""event_timestamp"":1789891686.5642374,""clock_offset_sec"":-0.003362417221069336,""clock_round_trip_ms"":1.399993896484375,""subject_id"":""sub-007"",""session_id"":""ses-001"",""block_id"":""Block 2"",""counterbalance_group"":""G07"",""block_order"":""Block 2"",""condition"":""B"",""condition_type"":""bbbd_subtraction"",""topic_key"":""V5"",""topic_name"":""千古一帝秦始皇都做了什么"",""event_type"":""video_resume"",""iso_time"":""2026-09-20T08:08:06.567Z"",""relative_ms"":420296,""video_time_sec"":347.174,""pause_reason"":""eeg_dropout""}",8b6ce1f9-62a7-4d97-823b-839e8a8c7711,sub-007,ses-001,3ecebb26-b647-49c9-a030-8b14b732158e,b0a244a8-b5e2-4661-b241-de215ec01f7b,1789891686.5823376,1789891686.5675998,1326087.699999988,browser_calibrated,-0.003362417221069336,1.399993896484375,237450,241991,13,3.100156784057617,host_receive_nearest,verified,1,1,,,,,,,,,1,,,,,,,,,,,,,,,,,,,,V5,B,347.174,1789891686.5675998,1789891686.5823376,241991,,,,,,,,,,eeg_dropout
video_end,1789891730.7866876,1012.484,248585,2,2,,1,G07,B,bbbd_subtraction,video_end,V5,,0.0,0.0,,,,,,,,8b6ce1f9-62a7-4d97-823b-839e8a8c7711,sub-007,ses-001,58a4c13c-b8a2-4d3b-9a35-2c02813e45c7,b0a244a8-b5e2-4661-b241-de215ec01f7b,1789891730.8013375,1789891730.7917998,1370311.8999999762,browser_calibrated,-0.005112171173095703,1.3000965118408203,248580,253121,13,14.64986801147461,host_receive_nearest,verified,1,1,,,,,,,,,1,,,,,,,,,,,,,,,,,,,,V5,B,391.048,1789891730.7917998,1789891730.8013375,253121,,,,,,,,,,
browser_video_ended,1789891730.7866876,1012.484,248585,2,2,,1,G07,B,bbbd_subtraction,browser_video_ended,,,0.0,0.0,,,,,,,"{""client_event_id"":""58a4c13c-b8a2-4d3b-9a35-2c02813e45c7"",""recorder_run_id"":""8b6ce1f9-62a7-4d97-823b-839e8a8c7711"",""client_id"":""b0a244a8-b5e2-4661-b241-de215ec01f7b"",""client_timestamp"":1789891730.7917998,""client_monotonic_ms"":1370311.8999999762,""event_timestamp"":1789891730.7866876,""clock_offset_sec"":-0.005112171173095703,""clock_round_trip_ms"":1.3000965118408203,""subject_id"":""sub-007"",""session_id"":""ses-001"",""block_id"":""Block 2"",""counterbalance_group"":""G07"",""block_order"":""Block 2"",""condition"":""B"",""condition_type"":""bbbd_subtraction"",""topic_key"":""V5"",""topic_name"":""千古一帝秦始皇都做了什么"",""event_type"":""video_ended"",""iso_time"":""2026-09-20T08:08:50.791Z"",""relative_ms"":464521,""video_time_sec"":391.048}",8b6ce1f9-62a7-4d97-823b-839e8a8c7711,sub-007,ses-001,58a4c13c-b8a2-4d3b-9a35-2c02813e45c7,b0a244a8-b5e2-4661-b241-de215ec01f7b,1789891730.8013375,1789891730.7917998,1370311.8999999762,browser_calibrated,-0.005112171173095703,1.3000965118408203,248580,253121,13,14.64986801147461,host_receive_nearest,verified,1,1,,,,,,,,,1,,,,,,,,,,,,,,,,,,,,V5,B,391.048,1789891730.7917998,1789891730.8013375,253121,,,,,,,,,,
browser_block_end,1789891730.7902877,1012.484,248585,2,2,,1,G07,B,bbbd_subtraction,browser_block_end,视频自然播放结束,,0.0,0.0,,,,,,,"{""client_event_id"":""ebd87262-fa10-4412-be26-303a0bf04a41"",""recorder_run_id"":""8b6ce1f9-62a7-4d97-823b-839e8a8c7711"",""client_id"":""b0a244a8-b5e2-4661-b241-de215ec01f7b"",""client_timestamp"":1789891730.7954,""client_monotonic_ms"":1370315.5,""event_timestamp"":1789891730.7902877,""clock_offset_sec"":-0.005112171173095703,""clock_round_trip_ms"":1.3000965118408203,""subject_id"":""sub-007"",""session_id"":""ses-001"",""block_id"":""Block 2"",""counterbalance_group"":""G07"",""block_order"":""Block 2"",""condition"":""B"",""condition_type"":""bbbd_subtraction"",""topic_key"":""V5"",""topic_name"":""千古一帝秦始皇都做了什么"",""event_type"":""block_end"",""iso_time"":""2026-09-20T08:08:50.795Z"",""relative_ms"":464524,""video_time_sec"":391.048,""reason"":""视频自然播放结束""}",8b6ce1f9-62a7-4d97-823b-839e8a8c7711,sub-007,ses-001,ebd87262-fa10-4412-be26-303a0bf04a41,b0a244a8-b5e2-4661-b241-de215ec01f7b,1789891730.8173375,1789891730.7954,1370315.5,browser_calibrated,-0.005112171173095703,1.3000965118408203,248580,253121,13,11.049747467041016,host_receive_nearest,verified,1,1,,,,,,,,,1,,,,,,,,,,,,,,,,,,,,V5,B,391.048,1789891730.7954,1789891730.8173375,253121,,,,,,,,,,
rating_start,1789891730.7930877,1012.484,248590,2,2,,1,G07,B,bbbd_subtraction,rating_start,,,0.0,0.0,,,,,,,"{""client_event_id"":""dfb24ae3-3c31-41c3-87a3-2e1660c9c1d3"",""recorder_run_id"":""8b6ce1f9-62a7-4d97-823b-839e8a8c7711"",""client_id"":""b0a244a8-b5e2-4661-b241-de215ec01f7b"",""client_timestamp"":1789891730.7982,""client_monotonic_ms"":1370318.3999999762,""event_timestamp"":1789891730.7930877,""clock_offset_sec"":-0.005112171173095703,""clock_round_trip_ms"":1.3000965118408203,""subject_id"":""sub-007"",""session_id"":""ses-001"",""block_id"":""Block 2"",""counterbalance_group"":""G07"",""block_order"":""Block 2"",""condition"":""B"",""condition_type"":""bbbd_subtraction"",""topic_key"":""V5"",""topic_name"":""千古一帝秦始皇都做了什么"",""event_type"":""rating_start"",""iso_time"":""2026-09-20T08:08:50.798Z"",""relative_ms"":464527,""video_time_sec"":391.048}",8b6ce1f9-62a7-4d97-823b-839e8a8c7711,sub-007,ses-001,dfb24ae3-3c31-41c3-87a3-2e1660c9c1d3,b0a244a8-b5e2-4661-b241-de215ec01f7b,1789891730.8173375,1789891730.7982,1370318.3999999762,browser_calibrated,-0.005112171173095703,1.3000965118408203,248580,253121,13,8.249759674072266,host_receive_nearest,verified,1,1,,,,,,,,,1,,,,,,,,,,,,,,,,,,,,V5,B,391.048,1789891730.7982,1789891730.8173375,253121,,,,,,,,,,
rating_item_response,1789891735.5267878,1017.2,249760,2,2,,1,G07,B,bbbd_subtraction,rating_item_response,4,,0.0,0.0,,,,,,,"{""client_event_id"":""d882af76-11bd-4054-8afa-b4e7276c5136"",""recorder_run_id"":""8b6ce1f9-62a7-4d97-823b-839e8a8c7711"",""client_id"":""b0a244a8-b5e2-4661-b241-de215ec01f7b"",""client_timestamp"":1789891735.5319,""client_monotonic_ms"":1375052,""event_timestamp"":1789891735.5267878,""clock_offset_sec"":-0.005112171173095703,""clock_round_trip_ms"":1.3000965118408203,""subject_id"":""sub-007"",""session_id"":""ses-001"",""block_id"":""Block 2"",""counterbalance_group"":""G07"",""block_order"":""Block 2"",""condition"":""B"",""condition_type"":""bbbd_subtraction"",""topic_key"":""V5"",""topic_name"":""千古一帝秦始皇都做了什么"",""event_type"":""rating_item_response"",""iso_time"":""2026-09-20T08:08:55.531Z"",""relative_ms"":469261,""video_time_sec"":391.048,""rating_item"":""course_attention_rating"",""rating_value"":""4"",""response_time_ms"":4734}",8b6ce1f9-62a7-4d97-823b-839e8a8c7711,sub-007,ses-001,d882af76-11bd-4054-8afa-b4e7276c5136,b0a244a8-b5e2-4661-b241-de215ec01f7b,1789891735.5363376,1789891735.5319,1375052,browser_calibrated,-0.005112171173095703,1.3000965118408203,249759,254300,13,-22.45020866394043,host_receive_nearest,verified,1,1,,,,,,,,,1,,,,,,,,,,,,,course_attention_rating,4,,,,,,V5,B,391.048,1789891735.5319,1789891735.5363376,254300,,,,,,,4734,,,
rating_item_response,1789891737.4563878,1019.14,250245,2,2,,1,G07,B,bbbd_subtraction,rating_item_response,7,,0.0,0.0,,,,,,,"{""client_event_id"":""5e791a81-39c2-450c-b65a-835ea33d41c5"",""recorder_run_id"":""8b6ce1f9-62a7-4d97-823b-839e8a8c7711"",""client_id"":""b0a244a8-b5e2-4661-b241-de215ec01f7b"",""client_timestamp"":1789891737.4615,""client_monotonic_ms"":1376981.5999999642,""event_timestamp"":1789891737.4563878,""clock_offset_sec"":-0.005112171173095703,""clock_round_trip_ms"":1.3000965118408203,""subject_id"":""sub-007"",""session_id"":""ses-001"",""block_id"":""Block 2"",""counterbalance_group"":""G07"",""block_order"":""Block 2"",""condition"":""B"",""condition_type"":""bbbd_subtraction"",""topic_key"":""V5"",""topic_name"":""千古一帝秦始皇都做了什么"",""event_type"":""rating_item_response"",""iso_time"":""2026-09-20T08:08:57.461Z"",""relative_ms"":471190,""video_time_sec"":391.048,""rating_item"":""mental_effort"",""rating_value"":""7"",""response_time_ms"":6663}",8b6ce1f9-62a7-4d97-823b-839e8a8c7711,sub-007,ses-001,5e791a81-39c2-450c-b65a-835ea33d41c5,b0a244a8-b5e2-4661-b241-de215ec01f7b,1789891737.4573376,1789891737.4615,1376981.5999999642,browser_calibrated,-0.005112171173095703,1.3000965118408203,250244,254785,13,-14.05024528503418,host_receive_nearest,verified,1,1,,,,,,,,,1,,,,,,,,,,,,,mental_effort,7,,,,,,V5,B,391.048,1789891737.4615,1789891737.4573376,254785,,,,,,,6663,,,
rating_item_response,1789891739.3712878,1021.04,250720,2,2,,1,G07,B,bbbd_subtraction,rating_item_response,3,,0.0,0.0,,,,,,,"{""client_event_id"":""0a051f4e-a9ab-4ce7-8eb5-13031d1e51bd"",""recorder_run_id"":""8b6ce1f9-62a7-4d97-823b-839e8a8c7711"",""client_id"":""b0a244a8-b5e2-4661-b241-de215ec01f7b"",""client_timestamp"":1789891739.3764,""client_monotonic_ms"":1378896.5,""event_timestamp"":1789891739.3712878,""clock_offset_sec"":-0.005112171173095703,""clock_round_trip_ms"":1.3000965118408203,""subject_id"":""sub-007"",""session_id"":""ses-001"",""block_id"":""Block 2"",""counterbalance_group"":""G07"",""block_order"":""Block 2"",""condition"":""B"",""condition_type"":""bbbd_subtraction"",""topic_key"":""V5"",""topic_name"":""千古一帝秦始皇都做了什么"",""event_type"":""rating_item_response"",""iso_time"":""2026-09-20T08:08:59.376Z"",""relative_ms"":473105,""video_time_sec"":391.048,""rating_item"":""video_interest"",""rating_value"":""3"",""response_time_ms"":8578}",8b6ce1f9-62a7-4d97-823b-839e8a8c7711,sub-007,ses-001,0a051f4e-a9ab-4ce7-8eb5-13031d1e51bd,b0a244a8-b5e2-4661-b241-de215ec01f7b,1789891739.3793375,1789891739.3764,1378896.5,browser_calibrated,-0.005112171173095703,1.3000965118408203,250719,255260,13,-22.950410842895508,host_receive_nearest,verified,1,1,,,,,,,,,1,,,,,,,,,,,,,video_interest,3,,,,,,V5,B,391.048,1789891739.3764,1789891739.3793375,255260,,,,,,,8578,,,
rating_item_response,1789891741.7224877,1023.4,251310,2,2,,1,G07,B,bbbd_subtraction,rating_item_response,3,,0.0,0.0,,,,,,,"{""client_event_id"":""b54b9ee4-e89e-4ab4-8bf7-fddcb2faf9e8"",""recorder_run_id"":""8b6ce1f9-62a7-4d97-823b-839e8a8c7711"",""client_id"":""b0a244a8-b5e2-4661-b241-de215ec01f7b"",""client_timestamp"":1789891741.7275999,""client_monotonic_ms"":1381247.699999988,""event_timestamp"":1789891741.7224877,""clock_offset_sec"":-0.005112171173095703,""clock_round_trip_ms"":1.3000965118408203,""subject_id"":""sub-007"",""session_id"":""ses-001"",""block_id"":""Block 2"",""counterbalance_group"":""G07"",""block_order"":""Block 2"",""condition"":""B"",""condition_type"":""bbbd_subtraction"",""topic_key"":""V5"",""topic_name"":""千古一帝秦始皇都做了什么"",""event_type"":""rating_item_response"",""iso_time"":""2026-09-20T08:09:01.727Z"",""relative_ms"":475456,""video_time_sec"":391.048,""rating_item"":""video_difficulty"",""rating_value"":""3"",""response_time_ms"":10929}",8b6ce1f9-62a7-4d97-823b-839e8a8c7711,sub-007,ses-001,b54b9ee4-e89e-4ab4-8bf7-fddcb2faf9e8,b0a244a8-b5e2-4661-b241-de215ec01f7b,1789891741.7233374,1789891741.7275999,1381247.699999988,browser_calibrated,-0.005112171173095703,1.3000965118408203,251309,255850,13,-15.150070190429688,host_receive_nearest,verified,1,1,,,,,,,,,1,,,,,,,,,,,,,video_difficulty,3,,,,,,V5,B,391.048,1789891741.7275999,1789891741.7233374,255850,,,,,,,10929,,,
rating_item_response,1789891745.057088,1026.64,252120,2,2,,1,G07,B,bbbd_subtraction,rating_item_response,80-90%,,0.0,0.0,,,,,,,"{""client_event_id"":""77410e48-e142-4608-8cff-3e4bbe6d4156"",""recorder_run_id"":""8b6ce1f9-62a7-4d97-823b-839e8a8c7711"",""client_id"":""b0a244a8-b5e2-4661-b241-de215ec01f7b"",""client_timestamp"":1789891745.0622,""client_monotonic_ms"":1384582.2999999523,""event_timestamp"":1789891745.057088,""clock_offset_sec"":-0.005112171173095703,""clock_round_trip_ms"":1.3000965118408203,""subject_id"":""sub-007"",""session_id"":""ses-001"",""block_id"":""Block 2"",""counterbalance_group"":""G07"",""block_order"":""Block 2"",""condition"":""B"",""condition_type"":""bbbd_subtraction"",""topic_key"":""V5"",""topic_name"":""千古一帝秦始皇都做了什么"",""event_type"":""rating_item_response"",""iso_time"":""2026-09-20T08:09:05.062Z"",""relative_ms"":478791,""video_time_sec"":391.048,""rating_item"":""subtraction_compliance"",""rating_value"":""80-90%"",""response_time_ms"":14264}",8b6ce1f9-62a7-4d97-823b-839e8a8c7711,sub-007,ses-001,77410e48-e142-4608-8cff-3e4bbe6d4156,b0a244a8-b5e2-4661-b241-de215ec01f7b,1789891745.0673375,1789891745.0622,1384582.2999999523,browser_calibrated,-0.005112171173095703,1.3000965118408203,252119,256660,13,-5.750417709350586,host_receive_nearest,verified,1,1,,,,,,,,,1,,,,,,,,,,,,,subtraction_compliance,80-90%,,,,,,V5,B,391.048,1789891745.0622,1789891745.0673375,256660,,,,,,,14264,,,
rating_item_response,1789891748.0493875,1029.72,252890,2,2,,1,G07,B,bbbd_subtraction,rating_item_response,4,,0.0,0.0,,,,,,,"{""client_event_id"":""0de0301f-c126-4a28-a50f-a257135efd9c"",""recorder_run_id"":""8b6ce1f9-62a7-4d97-823b-839e8a8c7711"",""client_id"":""b0a244a8-b5e2-4661-b241-de215ec01f7b"",""client_timestamp"":1789891748.0582,""client_monotonic_ms"":1387578.2999999523,""event_timestamp"":1789891748.0493875,""clock_offset_sec"":-0.008812427520751953,""clock_round_trip_ms"":1.2998580932617188,""subject_id"":""sub-007"",""session_id"":""ses-001"",""block_id"":""Block 2"",""counterbalance_group"":""G07"",""block_order"":""Block 2"",""condition"":""B"",""condition_type"":""bbbd_subtraction"",""topic_key"":""V5"",""topic_name"":""千古一帝秦始皇都做了什么"",""event_type"":""rating_item_response"",""iso_time"":""2026-09-20T08:09:08.058Z"",""relative_ms"":481787,""video_time_sec"":391.048,""rating_item"":""subtraction_difficulty"",""rating_value"":""4"",""response_time_ms"":17260}",8b6ce1f9-62a7-4d97-823b-839e8a8c7711,sub-007,ses-001,0de0301f-c126-4a28-a50f-a257135efd9c,b0a244a8-b5e2-4661-b241-de215ec01f7b,1789891748.0513375,1789891748.0582,1387578.2999999523,browser_calibrated,-0.008812427520751953,1.2998580932617188,252889,257430,13,-29.04987335205078,host_receive_nearest,verified,1,1,,,,,,,,,1,,,,,,,,,,,,,subtraction_difficulty,4,,,,,,V5,B,391.048,1789891748.0582,1789891748.0513375,257430,,,,,,,17260,,,
rating_item_response,1789891769.6035874,1051.276,258279,2,2,,1,G07,B,bbbd_subtraction,rating_item_response,390,,0.0,0.0,,,,,,,"{""client_event_id"":""5a688d2c-ac92-45d8-9680-c8bf5e7a0051"",""recorder_run_id"":""8b6ce1f9-62a7-4d97-823b-839e8a8c7711"",""client_id"":""b0a244a8-b5e2-4661-b241-de215ec01f7b"",""client_timestamp"":1789891769.6123998,""client_monotonic_ms"":1409132.5,""event_timestamp"":1789891769.6035874,""clock_offset_sec"":-0.008812427520751953,""clock_round_trip_ms"":1.2998580932617188,""subject_id"":""sub-007"",""session_id"":""ses-001"",""block_id"":""Block 2"",""counterbalance_group"":""G07"",""block_order"":""Block 2"",""condition"":""B"",""condition_type"":""bbbd_subtraction"",""topic_key"":""V5"",""topic_name"":""千古一帝秦始皇都做了什么"",""event_type"":""rating_item_response"",""iso_time"":""2026-09-20T08:09:29.612Z"",""relative_ms"":503341,""video_time_sec"":391.048,""rating_item"":""reported_final_number"",""rating_value"":""390"",""response_time_ms"":38814}",8b6ce1f9-62a7-4d97-823b-839e8a8c7711,sub-007,ses-001,5a688d2c-ac92-45d8-9680-c8bf5e7a0051,b0a244a8-b5e2-4661-b241-de215ec01f7b,1789891769.6143374,1789891769.6123998,1409132.5,browser_calibrated,-0.008812427520751953,1.2998580932617188,258278,262819,13,-21.249771118164062,host_receive_nearest,verified,1,1,,,,,,,,,1,,,,,,,,,,,,,reported_final_number,390,,,,,,V5,B,391.048,1789891769.6123998,1789891769.6143374,262819,,,,,,,38814,,,
rating_end,1789891769.7153876,1051.396,258309,2,2,,1,G07,B,bbbd_subtraction,rating_end,,38.926,0.0,0.0,,,,,,,"{""client_event_id"":""fcac15cb-a68c-4a2b-898b-817c07caaa9d"",""recorder_run_id"":""8b6ce1f9-62a7-4d97-823b-839e8a8c7711"",""client_id"":""b0a244a8-b5e2-4661-b241-de215ec01f7b"",""client_timestamp"":1789891769.7242,""client_monotonic_ms"":1409244.2999999523,""event_timestamp"":1789891769.7153876,""clock_offset_sec"":-0.008812427520751953,""clock_round_trip_ms"":1.2998580932617188,""subject_id"":""sub-007"",""session_id"":""ses-001"",""block_id"":""Block 2"",""counterbalance_group"":""G07"",""block_order"":""Block 2"",""condition"":""B"",""condition_type"":""bbbd_subtraction"",""topic_key"":""V5"",""topic_name"":""千古一帝秦始皇都做了什么"",""event_type"":""rating_end"",""iso_time"":""2026-09-20T08:09:29.724Z"",""relative_ms"":503453,""video_time_sec"":391.048,""video_id"":""V5"",""course_attention_rating"":4,""mental_effort"":7,""video_interest"":3,""video_difficulty"":3,""subtraction_compliance"":""80-90%"",""subtraction_difficulty"":4,""reported_final_number"":390,""duration_sec"":38.926,""submitted_iso"":""2026-09-20T08:09:29.724Z"",""submitted_relative_ms"":503453}",8b6ce1f9-62a7-4d97-823b-839e8a8c7711,sub-007,ses-001,fcac15cb-a68c-4a2b-898b-817c07caaa9d,b0a244a8-b5e2-4661-b241-de215ec01f7b,1789891769.7233374,1789891769.7242,1409244.2999999523,browser_calibrated,-0.008812427520751953,1.2998580932617188,258308,262849,13,-8.049964904785156,host_receive_nearest,verified,1,1,,,,,,,,,1,,,,4,7,3,3,80-90%,80,90,4,390,,,,,,,,V5,B,391.048,1789891769.7242,1789891769.7233374,262849,,,,,,,,,,
quiz_start,1789891769.7184873,1051.4,258314,2,2,,1,G07,B,bbbd_subtraction,quiz_start,,,0.0,0.0,,,,,,,"{""client_event_id"":""2b9dc31a-0103-4cac-8d68-303cd01ecffc"",""recorder_run_id"":""8b6ce1f9-62a7-4d97-823b-839e8a8c7711"",""client_id"":""b0a244a8-b5e2-4661-b241-de215ec01f7b"",""client_timestamp"":1789891769.7272997,""client_monotonic_ms"":1409247.3999999762,""event_timestamp"":1789891769.7184873,""clock_offset_sec"":-0.008812427520751953,""clock_round_trip_ms"":1.2998580932617188,""subject_id"":""sub-007"",""session_id"":""ses-001"",""block_id"":""Block 2"",""counterbalance_group"":""G07"",""block_order"":""Block 2"",""condition"":""B"",""condition_type"":""bbbd_subtraction"",""topic_key"":""V5"",""topic_name"":""千古一帝秦始皇都做了什么"",""event_type"":""quiz_start"",""iso_time"":""2026-09-20T08:09:29.727Z"",""relative_ms"":503456,""video_time_sec"":391.048}",8b6ce1f9-62a7-4d97-823b-839e8a8c7711,sub-007,ses-001,2b9dc31a-0103-4cac-8d68-303cd01ecffc,b0a244a8-b5e2-4661-b241-de215ec01f7b,1789891769.7393374,1789891769.7272997,1409247.3999999762,browser_calibrated,-0.008812427520751953,1.2998580932617188,258309,262850,13,4.850149154663086,host_receive_nearest,verified,1,1,,,,,,,,,1,,,,,,,,,,,,,,,,,,,,V5,B,391.048,1789891769.7272997,1789891769.7393374,262850,,,,,,,,,,
quiz_item_response,1789891795.0083876,1076.656,264624,2,2,,1,G07,B,bbbd_subtraction,quiz_item_response,秦朝什么时候建立的？,,0.0,0.0,,V5Q1,B,A,False,1641,"{""client_event_id"":""c59ef962-cf2b-466a-8a41-82981e595ca5"",""recorder_run_id"":""8b6ce1f9-62a7-4d97-823b-839e8a8c7711"",""client_id"":""b0a244a8-b5e2-4661-b241-de215ec01f7b"",""client_timestamp"":1789891795.01,""client_monotonic_ms"":1434530.0999999642,""event_timestamp"":1789891795.0083876,""clock_offset_sec"":-0.0016124248504638672,""clock_round_trip_ms"":1.4998912811279297,""subject_id"":""sub-007"",""session_id"":""ses-001"",""block_id"":""Block 2"",""counterbalance_group"":""G07"",""block_order"":""Block 2"",""condition"":""B"",""condition_type"":""bbbd_subtraction"",""topic_key"":""V5"",""topic_name"":""千古一帝秦始皇都做了什么"",""event_type"":""quiz_item_response"",""iso_time"":""2026-09-20T08:09:55.010Z"",""relative_ms"":528739,""video_time_sec"":391.048,""video_id"":""V5"",""question_id"":""V5Q1"",""question_text"":""秦朝什么时候建立的？"",""response_index"":0,""response_letter"":""A"",""response_text"":""公元前206年"",""correct_index"":1,""correct_letter"":""B"",""correct_text"":""公元前221年"",""is_correct"":false,""reaction_time_ms"":1641,""submitted_iso"":""2026-09-20T08:09:55.010Z"",""submitted_relative_ms"":528739}",8b6ce1f9-62a7-4d97-823b-839e8a8c7711,sub-007,ses-001,c59ef962-cf2b-466a-8a41-82981e595ca5,b0a244a8-b5e2-4661-b241-de215ec01f7b,1789891795.0043375,1789891795.01,1434530.0999999642,browser_calibrated,-0.0016124248504638672,1.4998912811279297,264623,269164,13,-35.050153732299805,host_receive_nearest,verified,1,1,,,,,,,,,1,,,,,,,,,,,,,,,,,秦朝什么时候建立的？,0,公元前206年,V5,B,391.048,1789891795.01,1789891795.0043375,269164,,,,,,,,,,
quiz_item_response,1789891795.0123875,1076.66,264644,2,2,,1,G07,B,bbbd_subtraction,quiz_item_response,秦始皇统一六国后，在地方上推行了什么制度来取代分封制？,,0.0,0.0,,V5Q2,B,B,True,4710,"{""client_event_id"":""53b0ccbb-c1ad-4050-a3f6-51481ae35ef7"",""recorder_run_id"":""8b6ce1f9-62a7-4d97-823b-839e8a8c7711"",""client_id"":""b0a244a8-b5e2-4661-b241-de215ec01f7b"",""client_timestamp"":1789891795.014,""client_monotonic_ms"":1434534.0999999642,""event_timestamp"":1789891795.0123875,""clock_offset_sec"":-0.0016124248504638672,""clock_round_trip_ms"":1.4998912811279297,""subject_id"":""sub-007"",""session_id"":""ses-001"",""block_id"":""Block 2"",""counterbalance_group"":""G07"",""block_order"":""Block 2"",""condition"":""B"",""condition_type"":""bbbd_subtraction"",""topic_key"":""V5"",""topic_name"":""千古一帝秦始皇都做了什么"",""event_type"":""quiz_item_response"",""iso_time"":""2026-09-20T08:09:55.014Z"",""relative_ms"":528743,""video_time_sec"":391.048,""video_id"":""V5"",""question_id"":""V5Q2"",""question_text"":""秦始皇统一六国后，在地方上推行了什么制度来取代分封制？"",""response_index"":1,""response_letter"":""B"",""response_text"":""郡县制"",""correct_index"":1,""correct_letter"":""B"",""correct_text"":""郡县制"",""is_correct"":true,""reaction_time_ms"":4710,""submitted_iso"":""2026-09-20T08:09:55.014Z"",""submitted_relative_ms"":528743}",8b6ce1f9-62a7-4d97-823b-839e8a8c7711,sub-007,ses-001,53b0ccbb-c1ad-4050-a3f6-51481ae35ef7,b0a244a8-b5e2-4661-b241-de215ec01f7b,1789891795.0513375,1789891795.014,1434534.0999999642,browser_calibrated,-0.0016124248504638672,1.4998912811279297,264624,269165,13,23.95009994506836,host_receive_nearest,verified,1,1,,,,,,,,,1,,,,,,,,,,,,,,,,,秦始皇统一六国后，在地方上推行了什么制度来取代分封制？,1,郡县制,V5,B,391.048,1789891795.014,1789891795.0513375,269165,,,,,,,,,,
quiz_item_response,1789891795.0160875,1076.66,264644,2,2,,1,G07,B,bbbd_subtraction,quiz_item_response,秦始皇统一后，规定全国通行的标准文字是什么？,,0.0,0.0,,V5Q3,C,C,True,6942,"{""client_event_id"":""64e96e18-962d-43d3-9631-ba6ebbf99b23"",""recorder_run_id"":""8b6ce1f9-62a7-4d97-823b-839e8a8c7711"",""client_id"":""b0a244a8-b5e2-4661-b241-de215ec01f7b"",""client_timestamp"":1789891795.0177,""client_monotonic_ms"":1434537.7999999523,""event_timestamp"":1789891795.0160875,""clock_offset_sec"":-0.0016124248504638672,""clock_round_trip_ms"":1.4998912811279297,""subject_id"":""sub-007"",""session_id"":""ses-001"",""block_id"":""Block 2"",""counterbalance_group"":""G07"",""block_order"":""Block 2"",""condition"":""B"",""condition_type"":""bbbd_subtraction"",""topic_key"":""V5"",""topic_name"":""千古一帝秦始皇都做了什么"",""event_type"":""quiz_item_response"",""iso_time"":""2026-09-20T08:09:55.017Z"",""relative_ms"":528746,""video_time_sec"":391.048,""video_id"":""V5"",""question_id"":""V5Q3"",""question_text"":""秦始皇统一后，规定全国通行的标准文字是什么？"",""response_index"":2,""response_letter"":""C"",""response_text"":""小篆"",""correct_index"":2,""correct_letter"":""C"",""correct_text"":""小篆"",""is_correct"":true,""reaction_time_ms"":6942,""submitted_iso"":""2026-09-20T08:09:55.017Z"",""submitted_relative_ms"":528746}",8b6ce1f9-62a7-4d97-823b-839e8a8c7711,sub-007,ses-001,64e96e18-962d-43d3-9631-ba6ebbf99b23,b0a244a8-b5e2-4661-b241-de215ec01f7b,1789891795.0513375,1789891795.0177,1434537.7999999523,browser_calibrated,-0.0016124248504638672,1.4998912811279297,264624,269165,13,20.25008201599121,host_receive_nearest,verified,1,1,,,,,,,,,1,,,,,,,,,,,,,,,,,秦始皇统一后，规定全国通行的标准文字是什么？,2,小篆,V5,B,391.048,1789891795.0177,1789891795.0513375,269165,,,,,,,,,,
quiz_item_response,1789891795.0200875,1076.66,264649,2,2,,1,G07,B,bbbd_subtraction,quiz_item_response,秦始皇为促进各地经济交流，统一了以下哪一项？,,0.0,0.0,,V5Q4,A,A,True,24424,"{""client_event_id"":""a3e13b0d-c681-400f-8632-d8fdbfb4c02d"",""recorder_run_id"":""8b6ce1f9-62a7-4d97-823b-839e8a8c7711"",""client_id"":""b0a244a8-b5e2-4661-b241-de215ec01f7b"",""client_timestamp"":1789891795.0217,""client_monotonic_ms"":1434541.7999999523,""event_timestamp"":1789891795.0200875,""clock_offset_sec"":-0.0016124248504638672,""clock_round_trip_ms"":1.4998912811279297,""subject_id"":""sub-007"",""session_id"":""ses-001"",""block_id"":""Block 2"",""counterbalance_group"":""G07"",""block_order"":""Block 2"",""condition"":""B"",""condition_type"":""bbbd_subtraction"",""topic_key"":""V5"",""topic_name"":""千古一帝秦始皇都做了什么"",""event_type"":""quiz_item_response"",""iso_time"":""2026-09-20T08:09:55.021Z"",""relative_ms"":528750,""video_time_sec"":391.048,""video_id"":""V5"",""question_id"":""V5Q4"",""question_text"":""秦始皇为促进各地经济交流，统一了以下哪一项？"",""response_index"":0,""response_letter"":""A"",""response_text"":""统一货币为半两钱"",""correct_index"":0,""correct_letter"":""A"",""correct_text"":""统一货币为半两钱"",""is_correct"":true,""reaction_time_ms"":24424,""submitted_iso"":""2026-09-20T08:09:55.021Z"",""submitted_relative_ms"":528750}",8b6ce1f9-62a7-4d97-823b-839e8a8c7711,sub-007,ses-001,a3e13b0d-c681-400f-8632-d8fdbfb4c02d,b0a244a8-b5e2-4661-b241-de215ec01f7b,1789891795.0673375,1789891795.0217,1434541.7999999523,browser_calibrated,-0.0016124248504638672,1.4998912811279297,264624,269165,13,16.250133514404297,host_receive_nearest,verified,1,1,,,,,,,,,1,,,,,,,,,,,,,,,,,秦始皇为促进各地经济交流，统一了以下哪一项？,0,统一货币为半两钱,V5,B,391.048,1789891795.0217,1789891795.0673375,269165,,,,,,,,,,
quiz_end,1789891795.0248876,1076.66,264649,2,2,,1,G07,B,bbbd_subtraction,quiz_end,3/4,25.299,0.0,0.0,,,,,,,"{""client_event_id"":""fae03a95-c24a-4386-8a8b-3cc76f93a0a7"",""recorder_run_id"":""8b6ce1f9-62a7-4d97-823b-839e8a8c7711"",""client_id"":""b0a244a8-b5e2-4661-b241-de215ec01f7b"",""client_timestamp"":1789891795.0265,""client_monotonic_ms"":1434546.5999999642,""event_timestamp"":1789891795.0248876,""clock_offset_sec"":-0.0016124248504638672,""clock_round_trip_ms"":1.4998912811279297,""subject_id"":""sub-007"",""session_id"":""ses-001"",""block_id"":""Block 2"",""counterbalance_group"":""G07"",""block_order"":""Block 2"",""condition"":""B"",""condition_type"":""bbbd_subtraction"",""topic_key"":""V5"",""topic_name"":""千古一帝秦始皇都做了什么"",""event_type"":""quiz_end"",""iso_time"":""2026-09-20T08:09:55.026Z"",""relative_ms"":528755,""video_time_sec"":391.048,""score"":3,""total"":4,""duration_sec"":25.299}",8b6ce1f9-62a7-4d97-823b-839e8a8c7711,sub-007,ses-001,fae03a95-c24a-4386-8a8b-3cc76f93a0a7,b0a244a8-b5e2-4661-b241-de215ec01f7b,1789891795.0823376,1789891795.0265,1434546.5999999642,browser_calibrated,-0.0016124248504638672,1.4998912811279297,264624,269165,13,11.450052261352539,host_receive_nearest,verified,1,1,,,,,,,,,1,,,,,,,,,,,,,,,3,4,,,,V5,B,391.048,1789891795.0265,1789891795.0823376,269165,,,,,,,,,,
block_end,1789891795.0248876,1076.66,264649,2,2,,1,G07,B,bbbd_subtraction,block_end,V5,,0.0,0.0,,,,,,,,8b6ce1f9-62a7-4d97-823b-839e8a8c7711,sub-007,ses-001,fae03a95-c24a-4386-8a8b-3cc76f93a0a7,b0a244a8-b5e2-4661-b241-de215ec01f7b,1789891795.0823376,1789891795.0265,1434546.5999999642,browser_calibrated,-0.0016124248504638672,1.4998912811279297,264624,269165,13,11.450052261352539,host_receive_nearest,verified,1,1,,,,,,,,,1,,,,,,,,,,,,,,,,,,,,V5,B,391.048,1789891795.0265,1789891795.0823376,269165,,,,,,,,,,
rest_start,1789891795.0315876,1076.66,264649,2,2,,1,G07,B,bbbd_subtraction,rest_start,after-block-2,,0.0,0.0,,,,,,,"{""client_event_id"":""f395547a-60b3-4e75-aef0-f7d4e645e797"",""recorder_run_id"":""8b6ce1f9-62a7-4d97-823b-839e8a8c7711"",""client_id"":""b0a244a8-b5e2-4661-b241-de215ec01f7b"",""client_timestamp"":1789891795.0332,""client_monotonic_ms"":1434553.2999999523,""event_timestamp"":1789891795.0315876,""clock_offset_sec"":-0.0016124248504638672,""clock_round_trip_ms"":1.4998912811279297,""subject_id"":""sub-007"",""session_id"":""ses-001"",""block_id"":""Block 2"",""counterbalance_group"":""G07"",""block_order"":""Block 2"",""condition"":""B"",""condition_type"":""bbbd_subtraction"",""topic_key"":""V5"",""topic_name"":""千古一帝秦始皇都做了什么"",""event_type"":""rest_start"",""iso_time"":""2026-09-20T08:09:55.033Z"",""relative_ms"":528762,""video_time_sec"":391.048,""after_block_id"":2,""planned_duration"":30,""actual_duration"":"""",""is_formal_experiment"":0}",8b6ce1f9-62a7-4d97-823b-839e8a8c7711,sub-007,ses-001,f395547a-60b3-4e75-aef0-f7d4e645e797,b0a244a8-b5e2-4661-b241-de215ec01f7b,1789891795.0983374,1789891795.0332,1434553.2999999523,browser_calibrated,-0.0016124248504638672,1.4998912811279297,264624,269165,13,4.75001335144043,host_receive_nearest,verified,0,1,,,,,2,,30,,0,,,,,,,,,,,,,,,,,,,,V5,B,391.048,1789891795.0332,1789891795.0983374,269165,,,,,,,,,,
rest_end,1789891826.8286376,1108.496,272584,2,2,,1,G07,B,bbbd_subtraction,rest_end,after-block-2,31.794,0.0,0.0,,,,,,,"{""client_event_id"":""68568e96-b904-4954-acb3-048a9eab1d98"",""recorder_run_id"":""8b6ce1f9-62a7-4d97-823b-839e8a8c7711"",""client_id"":""b0a244a8-b5e2-4661-b241-de215ec01f7b"",""client_timestamp"":1789891826.8275,""client_monotonic_ms"":1466347.699999988,""event_timestamp"":1789891826.8286376,""clock_offset_sec"":0.0011374950408935547,""clock_round_trip_ms"":1.3997554779052734,""subject_id"":""sub-007"",""session_id"":""ses-001"",""block_id"":""Block 2"",""counterbalance_group"":""G07"",""block_order"":""Block 2"",""condition"":""B"",""condition_type"":""bbbd_subtraction"",""topic_key"":""V5"",""topic_name"":""千古一帝秦始皇都做了什么"",""event_type"":""rest_end"",""iso_time"":""2026-09-20T08:10:26.827Z"",""relative_ms"":560556,""video_time_sec"":391.048,""after_block_id"":2,""planned_duration"":30,""actual_duration"":31.794,""duration_sec"":31.794,""is_formal_experiment"":0,""debug_early"":false}",8b6ce1f9-62a7-4d97-823b-839e8a8c7711,sub-007,ses-001,68568e96-b904-4954-acb3-048a9eab1d98,b0a244a8-b5e2-4661-b241-de215ec01f7b,1789891826.8173375,1789891826.8275,1466347.699999988,browser_calibrated,0.0011374950408935547,1.3997554779052734,272583,277124,13,-11.300086975097656,host_receive_nearest,verified,0,1,,,,,2,,30,31.794,0,,,,,,,,,,,,,,,,,,,,V5,B,391.048,1789891826.8275,1789891826.8173375,277124,,,,,,,,,,
block_start,1789891828.5112374,1110.196,273009,3,3,,1,G07,A,focused,block_start,V6,,0.0,0.0,,,,,,,condition=A; condition_type=focused,8b6ce1f9-62a7-4d97-823b-839e8a8c7711,sub-007,ses-001,df3ce605-cec5-464a-84ed-3abbcfa9cdf9,b0a244a8-b5e2-4661-b241-de215ec01f7b,1789891828.5043375,1789891828.5101,1468030.199999988,browser_calibrated,0.0011374950408935547,1.3997554779052734,273008,277549,13,-21.899938583374023,host_receive_nearest,verified,0,1,,,,,,,,,1,,,,,,,,,,,,,,,,,,,,V6,A,0,1789891828.5101,1789891828.5043375,277549,,,,,,,,,,
condition_prompt_start,1789891828.5112374,1110.196,273009,3,3,,1,G07,A,focused,condition_prompt_start,A,,0.0,0.0,,,,,,,,8b6ce1f9-62a7-4d97-823b-839e8a8c7711,sub-007,ses-001,df3ce605-cec5-464a-84ed-3abbcfa9cdf9,b0a244a8-b5e2-4661-b241-de215ec01f7b,1789891828.5043375,1789891828.5101,1468030.199999988,browser_calibrated,0.0011374950408935547,1.3997554779052734,273008,277549,13,-21.899938583374023,host_receive_nearest,verified,0,1,,,,,,,,,1,,,,,,,,,,,,,,,,,,,,V6,A,0,1789891828.5101,1789891828.5043375,277549,,,,,,,,,,
browser_block_config,1789891828.5112374,1110.196,273009,3,3,,1,G07,A,focused,browser_block_config,V6,,0.0,0.0,,,,,,,"{""client_event_id"":""df3ce605-cec5-464a-84ed-3abbcfa9cdf9"",""recorder_run_id"":""8b6ce1f9-62a7-4d97-823b-839e8a8c7711"",""client_id"":""b0a244a8-b5e2-4661-b241-de215ec01f7b"",""client_timestamp"":1789891828.5101,""client_monotonic_ms"":1468030.199999988,""event_timestamp"":1789891828.5112374,""clock_offset_sec"":0.0011374950408935547,""clock_round_trip_ms"":1.3997554779052734,""subject_id"":""sub-007"",""session_id"":""ses-001"",""block_id"":""Block 3"",""counterbalance_group"":""G07"",""block_order"":""Block 3"",""condition"":""A"",""condition_type"":""focused"",""topic_key"":""V6"",""topic_name"":""孔子的救世秘籍 仁爱 礼治 德治 中庸"",""event_type"":""block_start"",""iso_time"":""2026-09-20T08:10:28.510Z"",""relative_ms"":0,""video_time_sec"":0,""block_start_iso"":""2026-09-20T08:10:28.510Z"",""config_json"":""{\""recorder_run_id\"":\""8b6ce1f9-62a7-4d97-823b-839e8a8c7711\"",\""subject_id\"":\""sub-007\"",\""session_id\"":\""ses-001\"",\""block_id\"":\""Block 3\"",\""counterbalance_group\"":\""G07\"",\""condition\"":\""A\"",\""condition_type\"":\""focused\"",\""topic_key\"":\""V6\"",\""topic_name\"":\""孔子的救世秘籍 仁爱 礼治 德治 中庸\"",\""video_file\"":\""视频6-混知漫画｜孔子的救世秘籍！仁爱，礼治，德治，中庸~孔子（下）-480P 标清-AVC.mp4\"",\""start_number\"":\""\"",\""generated_timestamp\"":\""\""}""}",8b6ce1f9-62a7-4d97-823b-839e8a8c7711,sub-007,ses-001,df3ce605-cec5-464a-84ed-3abbcfa9cdf9,b0a244a8-b5e2-4661-b241-de215ec01f7b,1789891828.5043375,1789891828.5101,1468030.199999988,browser_calibrated,0.0011374950408935547,1.3997554779052734,273008,277549,13,-21.899938583374023,host_receive_nearest,verified,0,1,,,,,,,,,1,,,,,,,,,,,,,,,,,,,,V6,A,0,1789891828.5101,1789891828.5043375,277549,,,,,,,,,,
probe_schedule,1789891828.5651374,1110.236,273019,3,3,,1,G07,A,focused,probe_schedule,"66.027,132.567,195.991,247.543",,0.0,0.0,,,,,,,"{""client_event_id"":""4b3e2b8d-01e7-46e2-b2ca-e74c06772d64"",""recorder_run_id"":""8b6ce1f9-62a7-4d97-823b-839e8a8c7711"",""client_id"":""b0a244a8-b5e2-4661-b241-de215ec01f7b"",""client_timestamp"":1789891828.564,""client_monotonic_ms"":1468084.0999999642,""event_timestamp"":1789891828.5651374,""clock_offset_sec"":0.0011374950408935547,""clock_round_trip_ms"":1.3997554779052734,""subject_id"":""sub-007"",""session_id"":""ses-001"",""block_id"":""Block 3"",""counterbalance_group"":""G07"",""block_order"":""Block 3"",""condition"":""A"",""condition_type"":""focused"",""topic_key"":""V6"",""topic_name"":""孔子的救世秘籍 仁爱 礼治 德治 中庸"",""event_type"":""probe_schedule"",""iso_time"":""2026-09-20T08:10:28.564Z"",""relative_ms"":54,""video_time_sec"":0,""probe_schedule_id"":""653adb72-fccb-4eea-a29c-f0de48aefe0a"",""probe_times"":[66.027,132.567,195.991,247.543],""probe_config"":{""probes_per_block"":4,""min_first_onset_sec"":45,""min_end_margin_sec"":30,""min_gap_sec"":45},""video_duration_sec"":325.753,""video_id"":""V6"",""debug_fast"":false}",8b6ce1f9-62a7-4d97-823b-839e8a8c7711,sub-007,ses-001,4b3e2b8d-01e7-46e2-b2ca-e74c06772d64,b0a244a8-b5e2-4661-b241-de215ec01f7b,1789891828.5673375,1789891828.564,1468084.0999999642,browser_calibrated,0.0011374950408935547,1.3997554779052734,273018,277559,13,-28.799772262573242,host_receive_nearest,verified,1,1,,,,,,,,,1,,,,,,,,,,,,,,,,,,,,V6,A,0,1789891828.564,1789891828.5673375,277559,,4,653adb72-fccb-4eea-a29c-f0de48aefe0a,,,,,,,
condition_prompt_end,1789891833.5827,1115.256,274274,3,3,,1,G07,A,focused,condition_prompt_end,0,,0.0,0.0,,,,,,,"{""client_event_id"":""1cdc18e5-0ebf-4919-acb1-7e12e304ce46"",""recorder_run_id"":""8b6ce1f9-62a7-4d97-823b-839e8a8c7711"",""client_id"":""b0a244a8-b5e2-4661-b241-de215ec01f7b"",""client_timestamp"":1789891833.5827,""client_monotonic_ms"":1473102.7999999523,""event_timestamp"":1789891833.5827,""clock_offset_sec"":0.0011374950408935547,""clock_round_trip_ms"":1.3997554779052734,""subject_id"":""sub-007"",""session_id"":""ses-001"",""block_id"":""Block 3"",""counterbalance_group"":""G07"",""block_order"":""Block 3"",""condition"":""A"",""condition_type"":""focused"",""topic_key"":""V6"",""topic_name"":""孔子的救世秘籍 仁爱 礼治 德治 中庸"",""event_type"":""condition_prompt_end"",""iso_time"":""2026-09-20T08:10:33.582Z"",""relative_ms"":5073,""video_time_sec"":0}",8b6ce1f9-62a7-4d97-823b-839e8a8c7711,sub-007,ses-001,1cdc18e5-0ebf-4919-acb1-7e12e304ce46,b0a244a8-b5e2-4661-b241-de215ec01f7b,1789891833.5823376,1789891833.5827,1473102.7999999523,browser_calibrated,0.0011374950408935547,1.3997554779052734,274273,278814,13,-31.362533569335938,host_receive_nearest,verified,1,0,,,,,,,,,1,,,,,,,,,,,,,,,,,,,,V6,A,0,1789891833.5827,1789891833.5823376,278814,,,,,,,,,,
video_start,1789891833.5827,1115.276,274279,3,3,,1,G07,A,focused,video_start,V6,,0.0,0.0,,,,,,,,8b6ce1f9-62a7-4d97-823b-839e8a8c7711,sub-007,ses-001,39d77114-5516-4c8a-9cd9-941d3eac782b,b0a244a8-b5e2-4661-b241-de215ec01f7b,1789891833.5983374,1789891833.5881,1473108.199999988,browser_calibrated,0.0011374950408935547,1.3997554779052734,274278,278819,13,-0.362396240234375,host_receive_nearest,verified,1,1,,,,,,,,,1,,,,,,,,,,,,,,,,,,,,V6,A,0,1789891833.5881,1789891833.5983374,278819,,,,,,,,,,
video_play,1789891833.5827,1115.276,274279,3,3,,1,G07,A,focused,video_play,0,,0.0,0.0,,,,,,,"{""client_event_id"":""39d77114-5516-4c8a-9cd9-941d3eac782b"",""recorder_run_id"":""8b6ce1f9-62a7-4d97-823b-839e8a8c7711"",""client_id"":""b0a244a8-b5e2-4661-b241-de215ec01f7b"",""client_timestamp"":1789891833.5881,""client_monotonic_ms"":1473108.199999988,""event_timestamp"":1789891833.5827,""clock_offset_sec"":0.0011374950408935547,""clock_round_trip_ms"":1.3997554779052734,""subject_id"":""sub-007"",""session_id"":""ses-001"",""block_id"":""Block 3"",""counterbalance_group"":""G07"",""block_order"":""Block 3"",""condition"":""A"",""condition_type"":""focused"",""topic_key"":""V6"",""topic_name"":""孔子的救世秘籍 仁爱 礼治 德治 中庸"",""event_type"":""video_play"",""iso_time"":""2026-09-20T08:10:33.588Z"",""relative_ms"":5078,""video_time_sec"":0}",8b6ce1f9-62a7-4d97-823b-839e8a8c7711,sub-007,ses-001,39d77114-5516-4c8a-9cd9-941d3eac782b,b0a244a8-b5e2-4661-b241-de215ec01f7b,1789891833.5983374,1789891833.5881,1473108.199999988,browser_calibrated,0.0011374950408935547,1.3997554779052734,274278,278819,13,-0.362396240234375,host_receive_nearest,verified,1,1,,,,,,,,,1,,,,,,,,,,,,,,,,,,,,V6,A,0,1789891833.5881,1789891833.5983374,278819,,,,,,,,,,
qc_status_change,1789891846.2073376,1127.896,277234,3,3,,1,G07,A,focused,qc_status_change,bad,,0.0,0.0,,,,,,,丢包率 7.98% 过高，请检查蓝牙距离、供电和连接。,8b6ce1f9-62a7-4d97-823b-839e8a8c7711,sub-007,ses-001,,,1789891846.2073376,,,server,,,277233,281974,13,0.0,host_receive_nearest,,,,,,,,,,,,1,,,,,,,,,,,,,,,,,,,,V6,A,,,1789891846.2073376,281974,,,,,,,,,,
qc_status_change,1789891856.1923375,1137.856,279724,3,3,,1,G07,A,focused,qc_status_change,good,,0.0,0.0,,,,,,,当前QC指标正常。,8b6ce1f9-62a7-4d97-823b-839e8a8c7711,sub-007,ses-001,,,1789891856.1923375,,,server,,,279723,284464,13,0.0,host_receive_nearest,,,,,,,,,,,,1,,,,,,,,,,,,,,,,,,,,V6,A,,,1789891856.1923375,284464,,,,,,,,,,
qc_status_change,1789891872.1923375,1153.856,283724,3,3,,1,G07,A,focused,qc_status_change,warning,,0.0,0.0,,,,,,,通道2 RMS相对基线异常，正在确认是否持续。,8b6ce1f9-62a7-4d97-823b-839e8a8c7711,sub-007,ses-001,,,1789891872.1923375,,,server,,,283723,288464,13,-16.000032424926758,host_receive_nearest,,,,,,,,,,,,1,,,,,,,,,,,,,,,,,,,,V6,A,,,1789891872.1923375,288464,,,,,,,,,,
qc_status_change,1789891876.1923375,1157.396,284609,3,3,,1,G07,A,focused,qc_status_change,good,,0.0,0.0,,,,,,,当前QC指标正常。,8b6ce1f9-62a7-4d97-823b-839e8a8c7711,sub-007,ses-001,,,1789891876.1923375,,,server,,,284608,289349,13,0.0,host_receive_nearest,,,,,,,,,,,,1,,,,,,,,,,,,,,,,,,,,V6,A,,,1789891876.1923375,289349,,,,,,,,,,
qc_status_change,1789891898.2073376,1179.876,290229,3,3,,1,G07,A,focused,qc_status_change,warning,,0.0,0.0,,,,,,,通道2 RMS相对基线异常，正在确认是否持续。,8b6ce1f9-62a7-4d97-823b-839e8a8c7711,sub-007,ses-001,,,1789891898.2073376,,,server,,,290228,294969,13,-31.000137329101562,host_receive_nearest,,,,,,,,,,,,1,,,,,,,,,,,,,,,,,,,,V6,A,,,1789891898.2073376,294969,,,,,,,,,,
probe_onset,1789891899.8044872,1181.496,290634,3,3,,1,G07,A,focused,probe_onset,Block 3_1_653adb72,,0.0,0.0,,,,,,,"{""client_event_id"":""1bff7251-8b33-49ee-90fa-1f501ae24aa9"",""recorder_run_id"":""8b6ce1f9-62a7-4d97-823b-839e8a8c7711"",""client_id"":""b0a244a8-b5e2-4661-b241-de215ec01f7b"",""client_timestamp"":1789891899.8087997,""client_monotonic_ms"":1539328.8999999762,""event_timestamp"":1789891899.8044872,""clock_offset_sec"":-0.0043125152587890625,""clock_round_trip_ms"":1.2998580932617188,""subject_id"":""sub-007"",""session_id"":""ses-001"",""block_id"":""Block 3"",""counterbalance_group"":""G07"",""block_order"":""Block 3"",""condition"":""A"",""condition_type"":""focused"",""topic_key"":""V6"",""topic_name"":""孔子的救世秘籍 仁爱 礼治 德治 中庸"",""event_type"":""probe_onset"",""iso_time"":""2026-09-20T08:11:39.808Z"",""relative_ms"":71299,""video_time_sec"":66.167,""probe_id"":""Block 3_1_653adb72"",""probe_index"":1,""probe_schedule_id"":""653adb72-fccb-4eea-a29c-f0de48aefe0a"",""probe_planned_time_sec"":66.027,""video_id"":""V6"",""pause_reason"":""thought_probe"",""forced"":false}",8b6ce1f9-62a7-4d97-823b-839e8a8c7711,sub-007,ses-001,1bff7251-8b33-49ee-90fa-1f501ae24aa9,b0a244a8-b5e2-4661-b241-de215ec01f7b,1789891899.8013375,1789891899.8087997,1539328.8999999762,browser_calibrated,-0.0043125152587890625,1.2998580932617188,290633,295374,13,-3.149747848510742,host_receive_nearest,verified,1,1,,,,,,,,,1,,,,,,,,,,,,,,,,,,,,V6,A,66.167,1789891899.8087997,1789891899.8013375,295374,Block 3_1_653adb72,1,653adb72-fccb-4eea-a29c-f0de48aefe0a,66.027,,,,,,thought_probe
qc_status_change,1789891900.2073376,1181.896,290734,3,3,,1,G07,A,focused,qc_status_change,good,,0.0,0.0,,,,,,,当前QC指标正常。,8b6ce1f9-62a7-4d97-823b-839e8a8c7711,sub-007,ses-001,,,1789891900.2073376,,,server,,,290733,295474,13,0.0,host_receive_nearest,,,,,,,,,,,,1,,,,,,,,,,,,,,,,,,,,V6,A,,,1789891900.2073376,295474,,,,,,,,,,
attention_response,1789891903.3121874,1183.856,291224,3,3,,1,G07,A,focused,attention_response,1,,0.0,0.0,,,,,,,"{""client_event_id"":""a3b8aff5-3e95-4ba6-baf8-f5226507d124"",""recorder_run_id"":""8b6ce1f9-62a7-4d97-823b-839e8a8c7711"",""client_id"":""b0a244a8-b5e2-4661-b241-de215ec01f7b"",""client_timestamp"":1789891903.3165,""client_monotonic_ms"":1542836.5999999642,""event_timestamp"":1789891903.3121874,""clock_offset_sec"":-0.0043125152587890625,""clock_round_trip_ms"":1.2998580932617188,""subject_id"":""sub-007"",""session_id"":""ses-001"",""block_id"":""Block 3"",""counterbalance_group"":""G07"",""block_order"":""Block 3"",""condition"":""A"",""condition_type"":""focused"",""topic_key"":""V6"",""topic_name"":""孔子的救世秘籍 仁爱 礼治 德治 中庸"",""event_type"":""attention_response"",""iso_time"":""2026-09-20T08:11:43.316Z"",""relative_ms"":74807,""video_time_sec"":66.167,""probe_id"":""Block 3_1_653adb72"",""probe_index"":1,""probe_schedule_id"":""653adb72-fccb-4eea-a29c-f0de48aefe0a"",""probe_planned_time_sec"":66.027,""video_id"":""V6"",""response"":1,""response_label"":""课程内容"",""probe_attention"":""ON"",""response_time_ms"":3508}",8b6ce1f9-62a7-4d97-823b-839e8a8c7711,sub-007,ses-001,a3b8aff5-3e95-4ba6-baf8-f5226507d124,b0a244a8-b5e2-4661-b241-de215ec01f7b,1789891903.3173375,1789891903.3165,1542836.5999999642,browser_calibrated,-0.0043125152587890625,1.2998580932617188,291223,295964,13,-41.84985160827637,host_receive_nearest,verified,1,1,,,,,,,,,1,,,,,,,,,,,,,,,,,,,,V6,A,66.167,1789891903.3165,1789891903.4423375,295964,Block 3_1_653adb72,1,653adb72-fccb-4eea-a29c-f0de48aefe0a,66.027,1,课程内容,3508,,ON,
qc_status_change,1789891904.4573376,1185.876,291549,3,3,,1,G07,A,focused,qc_status_change,bad,,0.0,0.0,,,,,,,丢包率 7.39% 过高，请检查蓝牙距离、供电和连接。,8b6ce1f9-62a7-4d97-823b-839e8a8c7711,sub-007,ses-001,,,1789891904.4573376,,,server,,,291548,296469,13,-62.00003623962402,host_receive_nearest,,,,,,,,,,,,1,,,,,,,,,,,,,,,,,,,,V6,A,,,1789891904.4573376,296469,,,,,,,,,,
confidence_response,1789891904.7101874,1185.976,291574,3,3,,1,G07,A,focused,confidence_response,3,,0.0,0.0,,,,,,,"{""client_event_id"":""1afed6d0-6c2a-4e76-b80e-82c20656eb53"",""recorder_run_id"":""8b6ce1f9-62a7-4d97-823b-839e8a8c7711"",""client_id"":""b0a244a8-b5e2-4661-b241-de215ec01f7b"",""client_timestamp"":1789891904.7145,""client_monotonic_ms"":1544234.5999999642,""event_timestamp"":1789891904.7101874,""clock_offset_sec"":-0.0043125152587890625,""clock_round_trip_ms"":1.2998580932617188,""subject_id"":""sub-007"",""session_id"":""ses-001"",""block_id"":""Block 3"",""counterbalance_group"":""G07"",""block_order"":""Block 3"",""condition"":""A"",""condition_type"":""focused"",""topic_key"":""V6"",""topic_name"":""孔子的救世秘籍 仁爱 礼治 德治 中庸"",""event_type"":""confidence_response"",""iso_time"":""2026-09-20T08:11:44.714Z"",""relative_ms"":76205,""video_time_sec"":66.167,""probe_id"":""Block 3_1_653adb72"",""probe_index"":1,""probe_schedule_id"":""653adb72-fccb-4eea-a29c-f0de48aefe0a"",""probe_planned_time_sec"":66.027,""video_id"":""V6"",""response"":1,""confidence"":3,""response_time_ms"":1398}",8b6ce1f9-62a7-4d97-823b-839e8a8c7711,sub-007,ses-001,1afed6d0-6c2a-4e76-b80e-82c20656eb53,b0a244a8-b5e2-4661-b241-de215ec01f7b,1789891904.7073376,1789891904.7145,1544234.5999999642,browser_calibrated,-0.0043125152587890625,1.2998580932617188,291573,296494,13,-33.84995460510254,host_receive_nearest,verified,1,1,,,,,,,,,1,,,,,,,,,,,,,,,,,,,,V6,A,66.167,1789891904.7145,1789891904.7233374,296494,Block 3_1_653adb72,1,653adb72-fccb-4eea-a29c-f0de48aefe0a,66.027,,,1398,3,,
phase_change,1789891904.7150874,1185.976,291574,3,3,,1,G07,A,focused,phase_change,video,,0.0,0.0,,,,,,,,8b6ce1f9-62a7-4d97-823b-839e8a8c7711,sub-007,ses-001,49930ed8-3c13-4fce-b9d2-4efb56ff3e35,b0a244a8-b5e2-4661-b241-de215ec01f7b,1789891904.7233374,1789891904.7194,1544239.5,browser_calibrated,-0.0043125152587890625,1.2998580932617188,291573,296494,13,-38.74993324279785,host_receive_nearest,verified,1,1,,,,,,,,,1,,,,,,,,,,,,,,,,,,,,V6,A,66.223,1789891904.7194,1789891904.7233374,296494,,,,,,,,,,
video_resume,1789891904.7150874,1185.976,291574,3,3,,1,G07,A,focused,video_resume,66.223,,0.0,0.0,,,,,,,"{""client_event_id"":""49930ed8-3c13-4fce-b9d2-4efb56ff3e35"",""recorder_run_id"":""8b6ce1f9-62a7-4d97-823b-839e8a8c7711"",""client_id"":""b0a244a8-b5e2-4661-b241-de215ec01f7b"",""client_timestamp"":1789891904.7194,""client_monotonic_ms"":1544239.5,""event_timestamp"":1789891904.7150874,""clock_offset_sec"":-0.0043125152587890625,""clock_round_trip_ms"":1.2998580932617188,""subject_id"":""sub-007"",""session_id"":""ses-001"",""block_id"":""Block 3"",""counterbalance_group"":""G07"",""block_order"":""Block 3"",""condition"":""A"",""condition_type"":""focused"",""topic_key"":""V6"",""topic_name"":""孔子的救世秘籍 仁爱 礼治 德治 中庸"",""event_type"":""video_resume"",""iso_time"":""2026-09-20T08:11:44.719Z"",""relative_ms"":76209,""video_time_sec"":66.223,""probe_id"":""Block 3_1_653adb72"",""probe_index"":1,""probe_schedule_id"":""653adb72-fccb-4eea-a29c-f0de48aefe0a"",""probe_planned_time_sec"":66.027,""video_id"":""V6"",""pause_reason"":""thought_probe"",""resume_status"":""playing""}",8b6ce1f9-62a7-4d97-823b-839e8a8c7711,sub-007,ses-001,49930ed8-3c13-4fce-b9d2-4efb56ff3e35,b0a244a8-b5e2-4661-b241-de215ec01f7b,1789891904.7233374,1789891904.7194,1544239.5,browser_calibrated,-0.0043125152587890625,1.2998580932617188,291573,296494,13,-38.74993324279785,host_receive_nearest,verified,1,1,,,,,,,,,1,,,,,,,,,,,,,,,,,,,,V6,A,66.223,1789891904.7194,1789891904.7233374,296494,Block 3_1_653adb72,,,,,,,,,thought_probe
eeg_dropout,1789891912.4573376,,292299,3,3,,1,G07,A,focused,eeg_dropout,signal_lost,,0.0,0.0,,,,,,,absence_threshold_sec=2,8b6ce1f9-62a7-4d97-823b-839e8a8c7711,sub-007,ses-001,,,1789891912.4573376,,,server,,,,,,-3859.0002059936523,outside_sample_tolerance,,,,,,,,,,,,1,,,,,,,,,,,,,,,,,,,,V6,A,,,1789891912.4573376,,,,,,,,,,,eeg_dropout
phase_change,1789891912.5963376,,292299,3,3,,1,G07,A,focused,phase_change,paused,,0.0,0.0,,,,,,,,8b6ce1f9-62a7-4d97-823b-839e8a8c7711,sub-007,ses-001,6f63b9b5-3787-4e4c-8b65-395fd4ab51cf,b0a244a8-b5e2-4661-b241-de215ec01f7b,1789891912.5983374,1789891912.6018999,1552122,browser_calibrated,-0.005562305450439453,1.399993896484375,,,,-3998.000144958496,outside_sample_tolerance,verified,1,1,,,,,,,,,1,,,,,,,,,,,,,,,,,,,,V6,A,74.055,1789891912.6018999,1789891912.5983374,,,,,,,,,,,
video_pause,1789891912.5963376,,292299,3,3,,1,G07,A,focused,video_pause,74.055,,0.0,0.0,,,,,,,"{""client_event_id"":""6f63b9b5-3787-4e4c-8b65-395fd4ab51cf"",""recorder_run_id"":""8b6ce1f9-62a7-4d97-823b-839e8a8c7711"",""client_id"":""b0a244a8-b5e2-4661-b241-de215ec01f7b"",""client_timestamp"":1789891912.6018999,""client_monotonic_ms"":1552122,""event_timestamp"":1789891912.5963376,""clock_offset_sec"":-0.005562305450439453,""clock_round_trip_ms"":1.399993896484375,""subject_id"":""sub-007"",""session_id"":""ses-001"",""block_id"":""Block 3"",""counterbalance_group"":""G07"",""block_order"":""Block 3"",""condition"":""A"",""condition_type"":""focused"",""topic_key"":""V6"",""topic_name"":""孔子的救世秘籍 仁爱 礼治 德治 中庸"",""event_type"":""video_pause"",""iso_time"":""2026-09-20T08:11:52.601Z"",""relative_ms"":84092,""video_time_sec"":74.055,""pause_reason"":""eeg_dropout"",""reason"":""automatic_watchdog""}",8b6ce1f9-62a7-4d97-823b-839e8a8c7711,sub-007,ses-001,6f63b9b5-3787-4e4c-8b65-395fd4ab51cf,b0a244a8-b5e2-4661-b241-de215ec01f7b,1789891912.5983374,1789891912.6018999,1552122,browser_calibrated,-0.005562305450439453,1.399993896484375,,,,-3998.000144958496,outside_sample_tolerance,verified,1,1,,,,,,,,,1,,,,,,,,,,,,,,,,,,,,V6,A,74.055,1789891912.6018999,1789891912.5983374,,,,,,,,,,,eeg_dropout
device_disconnected,1789891912.7393374,,292299,3,3,,1,G07,A,focused,device_disconnected,,,0,0,,,,,,,,8b6ce1f9-62a7-4d97-823b-839e8a8c7711,sub-007,ses-001,,,1789891912.7393374,,,server,,,,,,-4141.000032424927,outside_sample_tolerance,,,,,,,,,,,,1,,,,,,,,,,,,,,,,,,,,V6,A,,,1789891912.7393374,,,,,,,,,,,
device_connected,1789891915.8173375,,292299,3,3,,1,G07,A,focused,device_connected,74:4D:BD:62:FD:8D,,0.0,0.0,,,,,,,,8b6ce1f9-62a7-4d97-823b-839e8a8c7711,sub-007,ses-001,,,1789891915.8173375,,,server,,,,,,-7219.0001010894775,outside_sample_tolerance,,,,,,,,,,,,1,,,,,,,,,,,,,,,,,,,,V6,A,,,1789891915.8173375,,,,,,,,,,,
eeg_recovery,1789891915.8173375,1189.12,292299,3,3,,1,G07,A,focused,eeg_recovery,signal_recovered,7.2190001010894775,0.0,0.0,,,,,,,等待实验员重新确认同步后恢复视频,8b6ce1f9-62a7-4d97-823b-839e8a8c7711,sub-007,ses-001,,,1789891915.8173375,,,server,,,292299,297280,14,0.0,host_receive_nearest,,,,,,,,,,,,1,,,,,,,,,,,,,,,,,,,,V6,A,,,1789891915.8173375,297280,,,,,,,,,,eeg_dropout
qc_status_change,1789891916.4893374,1189.776,292464,3,3,,1,G07,A,focused,qc_status_change,waiting,,0.0,0.0,,,,,,,等待至少2秒EEG数据。,8b6ce1f9-62a7-4d97-823b-839e8a8c7711,sub-007,ses-001,,,1789891916.4893374,,,server,,,292463,297444,14,-31.999826431274414,host_receive_nearest,,,,,,,,,,,,1,,,,,,,,,,,,,,,,,,,,V6,A,,,1789891916.4893374,297444,,,,,,,,,,
qc_status_change,1789891918.4893374,1191.696,292944,3,3,,1,G07,A,focused,qc_status_change,good,,0.0,0.0,,,,,,,当前QC指标正常。,8b6ce1f9-62a7-4d97-823b-839e8a8c7711,sub-007,ses-001,,,1789891918.4893374,,,server,,,292943,297924,14,-31.999826431274414,host_receive_nearest,,,,,,,,,,,,1,,,,,,,,,,,,,,,,,,,,V6,A,,,1789891918.4893374,297924,,,,,,,,,,
eeg_recovery_confirmed,1789891921.0365374,1194.336,293604,3,3,,1,G07,A,focused,eeg_recovery_confirmed,74.055,,0.0,0.0,,,,,,,"{""client_event_id"":""6481f6da-d173-429a-aee4-ccee81969392"",""recorder_run_id"":""8b6ce1f9-62a7-4d97-823b-839e8a8c7711"",""client_id"":""b0a244a8-b5e2-4661-b241-de215ec01f7b"",""client_timestamp"":1789891921.0380998,""client_monotonic_ms"":1560558.199999988,""event_timestamp"":1789891921.0365374,""clock_offset_sec"":-0.001562356948852539,""clock_round_trip_ms"":1.399993896484375,""subject_id"":""sub-007"",""session_id"":""ses-001"",""block_id"":""Block 3"",""counterbalance_group"":""G07"",""block_order"":""Block 3"",""condition"":""A"",""condition_type"":""focused"",""topic_key"":""V6"",""topic_name"":""孔子的救世秘籍 仁爱 礼治 德治 中庸"",""event_type"":""eeg_recovery_confirmed"",""iso_time"":""2026-09-20T08:12:01.038Z"",""relative_ms"":92528,""video_time_sec"":74.055,""pause_reason"":""eeg_dropout""}",8b6ce1f9-62a7-4d97-823b-839e8a8c7711,sub-007,ses-001,6481f6da-d173-429a-aee4-ccee81969392,b0a244a8-b5e2-4661-b241-de215ec01f7b,1789891921.0363376,1789891921.0380998,1560558.199999988,browser_calibrated,-0.001562356948852539,1.399993896484375,293603,298584,14,-16.199827194213867,host_receive_nearest,verified,1,0,,,,,,,,,1,,,,,,,,,,,,,,,,,,,,V6,A,74.055,1789891921.0380998,1789891921.0363376,298584,,,,,,,,,,
phase_change,1789891921.0406375,1194.34,293609,3,3,,1,G07,A,focused,phase_change,video,,0.0,0.0,,,,,,,,8b6ce1f9-62a7-4d97-823b-839e8a8c7711,sub-007,ses-001,54fded15-53ce-40e9-870c-db18d3b9ba33,b0a244a8-b5e2-4661-b241-de215ec01f7b,1789891921.0513375,1789891921.0421999,1560562.2999999523,browser_calibrated,-0.001562356948852539,1.399993896484375,293604,298585,14,10.699987411499023,host_receive_nearest,verified,1,1,,,,,,,,,1,,,,,,,,,,,,,,,,,,,,V6,A,74.055,1789891921.0421999,1789891921.0513375,298585,,,,,,,,,,
video_resume,1789891921.0406375,1194.34,293609,3,3,,1,G07,A,focused,video_resume,74.055,,0.0,0.0,,,,,,,"{""client_event_id"":""54fded15-53ce-40e9-870c-db18d3b9ba33"",""recorder_run_id"":""8b6ce1f9-62a7-4d97-823b-839e8a8c7711"",""client_id"":""b0a244a8-b5e2-4661-b241-de215ec01f7b"",""client_timestamp"":1789891921.0421999,""client_monotonic_ms"":1560562.2999999523,""event_timestamp"":1789891921.0406375,""clock_offset_sec"":-0.001562356948852539,""clock_round_trip_ms"":1.399993896484375,""subject_id"":""sub-007"",""session_id"":""ses-001"",""block_id"":""Block 3"",""counterbalance_group"":""G07"",""block_order"":""Block 3"",""condition"":""A"",""condition_type"":""focused"",""topic_key"":""V6"",""topic_name"":""孔子的救世秘籍 仁爱 礼治 德治 中庸"",""event_type"":""video_resume"",""iso_time"":""2026-09-20T08:12:01.042Z"",""relative_ms"":92532,""video_time_sec"":74.055,""pause_reason"":""eeg_dropout""}",8b6ce1f9-62a7-4d97-823b-839e8a8c7711,sub-007,ses-001,54fded15-53ce-40e9-870c-db18d3b9ba33,b0a244a8-b5e2-4661-b241-de215ec01f7b,1789891921.0513375,1789891921.0421999,1560562.2999999523,browser_calibrated,-0.001562356948852539,1.399993896484375,293604,298585,14,10.699987411499023,host_receive_nearest,verified,1,1,,,,,,,,,1,,,,,,,,,,,,,,,,,,,,V6,A,74.055,1789891921.0421999,1789891921.0513375,298585,,,,,,,,,,eeg_dropout
qc_status_change,1789891924.4893374,1197.736,294414,3,3,,1,G07,A,focused,qc_status_change,warning,,0.0,0.0,,,,,,,丢包率 1.86% 偏高。,8b6ce1f9-62a7-4d97-823b-839e8a8c7711,sub-007,ses-001,,,1789891924.4893374,,,server,,,294413,299434,14,-62.99996376037598,host_receive_nearest,,,,,,,,,,,,1,,,,,,,,,,,,,,,,,,,,V6,A,,,1789891924.4893374,299434,,,,,,,,,,
qc_status_change,1789891934.5513375,1207.836,296939,3,3,,1,G07,A,focused,qc_status_change,good,,0.0,0.0,,,,,,,当前QC指标正常。,8b6ce1f9-62a7-4d97-823b-839e8a8c7711,sub-007,ses-001,,,1789891934.5513375,,,server,,,296938,301959,14,-30.99989891052246,host_receive_nearest,,,,,,,,,,,,1,,,,,,,,,,,,,,,,,,,,V6,A,,,1789891934.5513375,301959,,,,,,,,,,
probe_onset,1789891979.7826376,1253.092,308253,3,3,,1,G07,A,focused,probe_onset,Block 3_2_653adb72,,0.0,0.0,,,,,,,"{""client_event_id"":""7bd8b99b-871c-4eef-93a9-625dd2d4e860"",""recorder_run_id"":""8b6ce1f9-62a7-4d97-823b-839e8a8c7711"",""client_id"":""b0a244a8-b5e2-4661-b241-de215ec01f7b"",""client_timestamp"":1789891979.7844,""client_monotonic_ms"":1619304.5,""event_timestamp"":1789891979.7826376,""clock_offset_sec"":-0.00176239013671875,""clock_round_trip_ms"":1.3997554779052734,""subject_id"":""sub-007"",""session_id"":""ses-001"",""block_id"":""Block 3"",""counterbalance_group"":""G07"",""block_order"":""Block 3"",""condition"":""A"",""condition_type"":""focused"",""topic_key"":""V6"",""topic_name"":""孔子的救世秘籍 仁爱 礼治 德治 中庸"",""event_type"":""probe_onset"",""iso_time"":""2026-09-20T08:12:59.784Z"",""relative_ms"":151274,""video_time_sec"":132.804,""probe_id"":""Block 3_2_653adb72"",""probe_index"":2,""probe_schedule_id"":""653adb72-fccb-4eea-a29c-f0de48aefe0a"",""probe_planned_time_sec"":132.567,""video_id"":""V6"",""pause_reason"":""thought_probe"",""forced"":false}",8b6ce1f9-62a7-4d97-823b-839e8a8c7711,sub-007,ses-001,7bd8b99b-871c-4eef-93a9-625dd2d4e860,b0a244a8-b5e2-4661-b241-de215ec01f7b,1789891979.7863376,1789891979.7844,1619304.5,browser_calibrated,-0.00176239013671875,1.3997554779052734,308252,313273,14,-12.30001449584961,host_receive_nearest,verified,1,1,,,,,,,,,1,,,,,,,,,,,,,,,,,,,,V6,A,132.804,1789891979.7844,1789891979.7863376,313273,Block 3_2_653adb72,2,653adb72-fccb-4eea-a29c-f0de48aefe0a,132.567,,,,,,thought_probe
attention_response,1789891983.1145375,1256.412,309083,3,3,,1,G07,A,focused,attention_response,1,,0.0,0.0,,,,,,,"{""client_event_id"":""fcbb20c0-301c-42c1-b918-86a73e111e62"",""recorder_run_id"":""8b6ce1f9-62a7-4d97-823b-839e8a8c7711"",""client_id"":""b0a244a8-b5e2-4661-b241-de215ec01f7b"",""client_timestamp"":1789891983.1162999,""client_monotonic_ms"":1622636.3999999762,""event_timestamp"":1789891983.1145375,""clock_offset_sec"":-0.00176239013671875,""clock_round_trip_ms"":1.3997554779052734,""subject_id"":""sub-007"",""session_id"":""ses-001"",""block_id"":""Block 3"",""counterbalance_group"":""G07"",""block_order"":""Block 3"",""condition"":""A"",""condition_type"":""focused"",""topic_key"":""V6"",""topic_name"":""孔子的救世秘籍 仁爱 礼治 德治 中庸"",""event_type"":""attention_response"",""iso_time"":""2026-09-20T08:13:03.116Z"",""relative_ms"":154606,""video_time_sec"":132.804,""probe_id"":""Block 3_2_653adb72"",""probe_index"":2,""probe_schedule_id"":""653adb72-fccb-4eea-a29c-f0de48aefe0a"",""probe_planned_time_sec"":132.567,""video_id"":""V6"",""response"":1,""response_label"":""课程内容"",""probe_attention"":""ON"",""response_time_ms"":3332}",8b6ce1f9-62a7-4d97-823b-839e8a8c7711,sub-007,ses-001,fcbb20c0-301c-42c1-b918-86a73e111e62,b0a244a8-b5e2-4661-b241-de215ec01f7b,1789891983.1143374,1789891983.1162999,1622636.3999999762,browser_calibrated,-0.00176239013671875,1.3997554779052734,309082,314103,14,-0.20003318786621094,host_receive_nearest,verified,1,1,,,,,,,,,1,,,,,,,,,,,,,,,,,,,,V6,A,132.804,1789891983.1162999,1789891983.2073376,314103,Block 3_2_653adb72,2,653adb72-fccb-4eea-a29c-f0de48aefe0a,132.567,1,课程内容,3332,,ON,
confidence_response,1789891984.9161375,1258.212,309533,3,3,,1,G07,A,focused,confidence_response,3,,0.0,0.0,,,,,,,"{""client_event_id"":""73d5e276-7bfd-4121-a86f-20d6db68a1e5"",""recorder_run_id"":""8b6ce1f9-62a7-4d97-823b-839e8a8c7711"",""client_id"":""b0a244a8-b5e2-4661-b241-de215ec01f7b"",""client_timestamp"":1789891984.9178998,""client_monotonic_ms"":1624438.0999999642,""event_timestamp"":1789891984.9161375,""clock_offset_sec"":-0.00176239013671875,""clock_round_trip_ms"":1.3997554779052734,""subject_id"":""sub-007"",""session_id"":""ses-001"",""block_id"":""Block 3"",""counterbalance_group"":""G07"",""block_order"":""Block 3"",""condition"":""A"",""condition_type"":""focused"",""topic_key"":""V6"",""topic_name"":""孔子的救世秘籍 仁爱 礼治 德治 中庸"",""event_type"":""confidence_response"",""iso_time"":""2026-09-20T08:13:04.918Z"",""relative_ms"":156408,""video_time_sec"":132.804,""probe_id"":""Block 3_2_653adb72"",""probe_index"":2,""probe_schedule_id"":""653adb72-fccb-4eea-a29c-f0de48aefe0a"",""probe_planned_time_sec"":132.567,""video_id"":""V6"",""response"":1,""confidence"":3,""response_time_ms"":1802}",8b6ce1f9-62a7-4d97-823b-839e8a8c7711,sub-007,ses-001,73d5e276-7bfd-4121-a86f-20d6db68a1e5,b0a244a8-b5e2-4661-b241-de215ec01f7b,1789891984.9113376,1789891984.9178998,1624438.0999999642,browser_calibrated,-0.00176239013671875,1.3997554779052734,309532,314553,14,-4.799842834472656,host_receive_nearest,verified,1,1,,,,,,,,,1,,,,,,,,,,,,,,,,,,,,V6,A,132.804,1789891984.9178998,1789891984.9573376,314553,Block 3_2_653adb72,2,653adb72-fccb-4eea-a29c-f0de48aefe0a,132.567,,,1802,3,,
phase_change,1789891984.9211376,1258.212,309543,3,3,,1,G07,A,focused,phase_change,video,,0.0,0.0,,,,,,,,8b6ce1f9-62a7-4d97-823b-839e8a8c7711,sub-007,ses-001,14317888-4e5d-4e75-ab7b-561fa304b482,b0a244a8-b5e2-4661-b241-de215ec01f7b,1789891984.9733374,1789891984.9229,1624443,browser_calibrated,-0.00176239013671875,1.3997554779052734,309532,314553,14,-9.799957275390625,host_receive_nearest,verified,1,1,,,,,,,,,1,,,,,,,,,,,,,,,,,,,,V6,A,132.876,1789891984.9229,1789891984.9733374,314553,,,,,,,,,,
video_resume,1789891984.9211376,1258.212,309543,3,3,,1,G07,A,focused,video_resume,132.876,,0.0,0.0,,,,,,,"{""client_event_id"":""14317888-4e5d-4e75-ab7b-561fa304b482"",""recorder_run_id"":""8b6ce1f9-62a7-4d97-823b-839e8a8c7711"",""client_id"":""b0a244a8-b5e2-4661-b241-de215ec01f7b"",""client_timestamp"":1789891984.9229,""client_monotonic_ms"":1624443,""event_timestamp"":1789891984.9211376,""clock_offset_sec"":-0.00176239013671875,""clock_round_trip_ms"":1.3997554779052734,""subject_id"":""sub-007"",""session_id"":""ses-001"",""block_id"":""Block 3"",""counterbalance_group"":""G07"",""block_order"":""Block 3"",""condition"":""A"",""condition_type"":""focused"",""topic_key"":""V6"",""topic_name"":""孔子的救世秘籍 仁爱 礼治 德治 中庸"",""event_type"":""video_resume"",""iso_time"":""2026-09-20T08:13:04.922Z"",""relative_ms"":156413,""video_time_sec"":132.876,""probe_id"":""Block 3_2_653adb72"",""probe_index"":2,""probe_schedule_id"":""653adb72-fccb-4eea-a29c-f0de48aefe0a"",""probe_planned_time_sec"":132.567,""video_id"":""V6"",""pause_reason"":""thought_probe"",""resume_status"":""playing""}",8b6ce1f9-62a7-4d97-823b-839e8a8c7711,sub-007,ses-001,14317888-4e5d-4e75-ab7b-561fa304b482,b0a244a8-b5e2-4661-b241-de215ec01f7b,1789891984.9733374,1789891984.9229,1624443,browser_calibrated,-0.00176239013671875,1.3997554779052734,309532,314553,14,-9.799957275390625,host_receive_nearest,verified,1,1,,,,,,,,,1,,,,,,,,,,,,,,,,,,,,V6,A,132.876,1789891984.9229,1789891984.9733374,314553,Block 3_2_653adb72,,,,,,,,,thought_probe
qc_status_change,1789891992.5823376,1265.852,311253,3,3,,1,G07,A,focused,qc_status_change,bad,,0.0,0.0,,,,,,,丢包率 7.62% 过高，请检查蓝牙距离、供电和连接。,8b6ce1f9-62a7-4d97-823b-839e8a8c7711,sub-007,ses-001,,,1789891992.5823376,,,server,,,311252,316463,14,0.0,host_receive_nearest,,,,,,,,,,,,1,,,,,,,,,,,,,,,,,,,,V6,A,,,1789891992.5823376,316463,,,,,,,,,,
qc_status_change,1789892002.5673375,1275.872,313758,3,3,,1,G07,A,focused,qc_status_change,good,,0.0,0.0,,,,,,,当前QC指标正常。,8b6ce1f9-62a7-4d97-823b-839e8a8c7711,sub-007,ses-001,,,1789892002.5673375,,,server,,,313757,318968,14,0.0,host_receive_nearest,,,,,,,,,,,,1,,,,,,,,,,,,,,,,,,,,V6,A,,,1789892002.5673375,318968,,,,,,,,,,
qc_status_change,1789892028.6143374,1301.772,320163,3,3,,1,G07,A,focused,qc_status_change,warning,,0.0,0.0,,,,,,,丢包率 2.84% 偏高。,8b6ce1f9-62a7-4d97-823b-839e8a8c7711,sub-007,ses-001,,,1789892028.6143374,,,server,,,320162,325443,14,-62.99996376037598,host_receive_nearest,,,,,,,,,,,,1,,,,,,,,,,,,,,,,,,,,V6,A,,,1789892028.6143374,325443,,,,,,,,,,
qc_status_change,1789892032.6293375,1305.192,320968,3,3,,1,G07,A,focused,qc_status_change,bad,,0.0,0.0,,,,,,,丢包率 5.18% 过高，请检查蓝牙距离、供电和连接。,8b6ce1f9-62a7-4d97-823b-839e8a8c7711,sub-007,ses-001,,,1789892032.6293375,,,server,,,320967,326298,14,0.0,host_receive_nearest,,,,,,,,,,,,1,,,,,,,,,,,,,,,,,,,,V6,A,,,1789892032.6293375,326298,,,,,,,,,,
eeg_dropout,1789892044.6453376,,322658,3,3,,1,G07,A,focused,eeg_dropout,signal_lost,,0.0,0.0,,,,,,,absence_threshold_sec=2,8b6ce1f9-62a7-4d97-823b-839e8a8c7711,sub-007,ses-001,,,1789892044.6453376,,,server,,,,,,-2733.9999675750732,outside_sample_tolerance,,,,,,,,,,,,1,,,,,,,,,,,,,,,,,,,,V6,A,,,1789892044.6453376,,,,,,,,,,,eeg_dropout
phase_change,1789892045.3960376,,322658,3,3,,1,G07,A,focused,phase_change,paused,,0.0,0.0,,,,,,,,8b6ce1f9-62a7-4d97-823b-839e8a8c7711,sub-007,ses-001,48983f0a-63a2-4e07-8be0-a68ad8e8c094,b0a244a8-b5e2-4661-b241-de215ec01f7b,1789892045.3953376,1789892045.3985,1684918.5999999642,browser_calibrated,-0.0024623870849609375,1.5997886657714844,,,,-3484.6999645233154,outside_sample_tolerance,verified,1,1,,,,,,,,,1,,,,,,,,,,,,,,,,,,,,V6,A,193.283,1789892045.3985,1789892045.3953376,,,,,,,,,,,
video_pause,1789892045.3960376,,322658,3,3,,1,G07,A,focused,video_pause,193.283,,0.0,0.0,,,,,,,"{""client_event_id"":""48983f0a-63a2-4e07-8be0-a68ad8e8c094"",""recorder_run_id"":""8b6ce1f9-62a7-4d97-823b-839e8a8c7711"",""client_id"":""b0a244a8-b5e2-4661-b241-de215ec01f7b"",""client_timestamp"":1789892045.3985,""client_monotonic_ms"":1684918.5999999642,""event_timestamp"":1789892045.3960376,""clock_offset_sec"":-0.0024623870849609375,""clock_round_trip_ms"":1.5997886657714844,""subject_id"":""sub-007"",""session_id"":""ses-001"",""block_id"":""Block 3"",""counterbalance_group"":""G07"",""block_order"":""Block 3"",""condition"":""A"",""condition_type"":""focused"",""topic_key"":""V6"",""topic_name"":""孔子的救世秘籍 仁爱 礼治 德治 中庸"",""event_type"":""video_pause"",""iso_time"":""2026-09-20T08:14:05.398Z"",""relative_ms"":216889,""video_time_sec"":193.283,""pause_reason"":""eeg_dropout"",""reason"":""automatic_watchdog""}",8b6ce1f9-62a7-4d97-823b-839e8a8c7711,sub-007,ses-001,48983f0a-63a2-4e07-8be0-a68ad8e8c094,b0a244a8-b5e2-4661-b241-de215ec01f7b,1789892045.3953376,1789892045.3985,1684918.5999999642,browser_calibrated,-0.0024623870849609375,1.5997886657714844,,,,-3484.6999645233154,outside_sample_tolerance,verified,1,1,,,,,,,,,1,,,,,,,,,,,,,,,,,,,,V6,A,193.283,1789892045.3985,1789892045.3953376,,,,,,,,,,,eeg_dropout
device_disconnected,1789892046.1143374,,322658,3,3,,1,G07,A,focused,device_disconnected,,,0,0,,,,,,,,8b6ce1f9-62a7-4d97-823b-839e8a8c7711,sub-007,ses-001,,,1789892046.1143374,,,server,,,,,,-4202.999830245972,outside_sample_tolerance,,,,,,,,,,,,1,,,,,,,,,,,,,,,,,,,,V6,A,,,1789892046.1143374,,,,,,,,,,,
device_error,1789892064.3013375,,322658,3,3,,1,G07,A,focused,device_error,[WinError -2147023673] 操作已被用户取消。,,0.0,0.0,,,,,,,,8b6ce1f9-62a7-4d97-823b-839e8a8c7711,sub-007,ses-001,,,1789892064.3013375,,,server,,,,,,-22389.999866485596,outside_sample_tolerance,,,,,,,,,,,,1,,,,,,,,,,,,,,,,,,,,V6,A,,,1789892064.3013375,,,,,,,,,,,
device_disconnected,1789892064.3013375,,322658,3,3,,1,G07,A,focused,device_disconnected,,,0,0,,,,,,,,8b6ce1f9-62a7-4d97-823b-839e8a8c7711,sub-007,ses-001,,,1789892064.3013375,,,server,,,,,,-22389.999866485596,outside_sample_tolerance,,,,,,,,,,,,1,,,,,,,,,,,,,,,,,,,,V6,A,,,1789892064.3013375,,,,,,,,,,,
device_error,1789892068.9573376,,322658,3,3,,1,G07,A,focused,device_error,[WinError -2147023673] 操作已被用户取消。,,0.0,0.0,,,,,,,,8b6ce1f9-62a7-4d97-823b-839e8a8c7711,sub-007,ses-001,,,1789892068.9573376,,,server,,,,,,-27046.000003814697,outside_sample_tolerance,,,,,,,,,,,,1,,,,,,,,,,,,,,,,,,,,V6,A,,,1789892068.9573376,,,,,,,,,,,
device_disconnected,1789892068.9573376,,322658,3,3,,1,G07,A,focused,device_disconnected,,,0,0,,,,,,,,8b6ce1f9-62a7-4d97-823b-839e8a8c7711,sub-007,ses-001,,,1789892068.9573376,,,server,,,,,,-27046.000003814697,outside_sample_tolerance,,,,,,,,,,,,1,,,,,,,,,,,,,,,,,,,,V6,A,,,1789892068.9573376,,,,,,,,,,,
device_connected,1789892071.9733374,,322658,3,3,,1,G07,A,focused,device_connected,74:4D:BD:62:FD:8D,,0.0,0.0,,,,,,,,8b6ce1f9-62a7-4d97-823b-839e8a8c7711,sub-007,ses-001,,,1789892071.9733374,,,server,,,,,,-30061.999797821045,outside_sample_tolerance,,,,,,,,,,,,1,,,,,,,,,,,,,,,,,,,,V6,A,,,1789892071.9733374,,,,,,,,,,,
eeg_recovery,1789892071.9733374,1313.992,322658,3,3,,1,G07,A,focused,eeg_recovery,signal_recovered,30.061999797821045,0.0,0.0,,,,,,,等待实验员重新确认同步后恢复视频,8b6ce1f9-62a7-4d97-823b-839e8a8c7711,sub-007,ses-001,,,1789892071.9733374,,,server,,,322658,328498,15,0.0,host_receive_nearest,,,,,,,,,,,,1,,,,,,,,,,,,,,,,,,,,V6,A,,,1789892071.9733374,328498,,,,,,,,,,eeg_dropout
qc_status_change,1789892072.7703376,1314.808,322863,3,3,,1,G07,A,focused,qc_status_change,waiting,,0.0,0.0,,,,,,,等待至少2秒EEG数据。,8b6ce1f9-62a7-4d97-823b-839e8a8c7711,sub-007,ses-001,,,1789892072.7703376,,,server,,,322862,328702,15,0.0,host_receive_nearest,,,,,,,,,,,,1,,,,,,,,,,,,,,,,,,,,V6,A,,,1789892072.7703376,328702,,,,,,,,,,
qc_status_change,1789892074.7863376,1316.788,323358,3,3,,1,G07,A,focused,qc_status_change,good,,0.0,0.0,,,,,,,当前QC指标正常。,8b6ce1f9-62a7-4d97-823b-839e8a8c7711,sub-007,ses-001,,,1789892074.7863376,,,server,,,323357,329197,15,-32.000064849853516,host_receive_nearest,,,,,,,,,,,,1,,,,,,,,,,,,,,,,,,,,V6,A,,,1789892074.7863376,329197,,,,,,,,,,
eeg_recovery_confirmed,1789892075.8262875,1317.848,323623,3,3,,1,G07,A,focused,eeg_recovery_confirmed,193.283,,0.0,0.0,,,,,,,"{""client_event_id"":""e47e12e7-5304-4707-b2b0-fd6074a96b6b"",""recorder_run_id"":""8b6ce1f9-62a7-4d97-823b-839e8a8c7711"",""client_id"":""b0a244a8-b5e2-4661-b241-de215ec01f7b"",""client_timestamp"":1789892075.8256,""client_monotonic_ms"":1715345.699999988,""event_timestamp"":1789892075.8262875,""clock_offset_sec"":0.0006875991821289062,""clock_round_trip_ms"":1.5001296997070312,""subject_id"":""sub-007"",""session_id"":""ses-001"",""block_id"":""Block 3"",""counterbalance_group"":""G07"",""block_order"":""Block 3"",""condition"":""A"",""condition_type"":""focused"",""topic_key"":""V6"",""topic_name"":""孔子的救世秘籍 仁爱 礼治 德治 中庸"",""event_type"":""eeg_recovery_confirmed"",""iso_time"":""2026-09-20T08:14:35.825Z"",""relative_ms"":247316,""video_time_sec"":193.283,""pause_reason"":""eeg_dropout""}",8b6ce1f9-62a7-4d97-823b-839e8a8c7711,sub-007,ses-001,e47e12e7-5304-4707-b2b0-fd6074a96b6b,b0a244a8-b5e2-4661-b241-de215ec01f7b,1789892075.8173375,1789892075.8256,1715345.699999988,browser_calibrated,0.0006875991821289062,1.5001296997070312,323622,329462,15,-8.949995040893555,host_receive_nearest,verified,1,0,,,,,,,,,1,,,,,,,,,,,,,,,,,,,,V6,A,193.283,1789892075.8256,1789892075.8173375,329462,,,,,,,,,,
phase_change,1789892075.8303876,1317.848,323623,3,3,,1,G07,A,focused,phase_change,video,,0.0,0.0,,,,,,,,8b6ce1f9-62a7-4d97-823b-839e8a8c7711,sub-007,ses-001,cc02e297-aa19-4bc5-baea-bd33bcc936e3,b0a244a8-b5e2-4661-b241-de215ec01f7b,1789892075.8323376,1789892075.8297,1715349.8999999762,browser_calibrated,0.0006875991821289062,1.5001296997070312,323622,329462,15,-13.050079345703125,host_receive_nearest,verified,1,1,,,,,,,,,1,,,,,,,,,,,,,,,,,,,,V6,A,193.283,1789892075.8297,1789892075.8323376,329462,,,,,,,,,,
video_resume,1789892075.8303876,1317.848,323623,3,3,,1,G07,A,focused,video_resume,193.283,,0.0,0.0,,,,,,,"{""client_event_id"":""cc02e297-aa19-4bc5-baea-bd33bcc936e3"",""recorder_run_id"":""8b6ce1f9-62a7-4d97-823b-839e8a8c7711"",""client_id"":""b0a244a8-b5e2-4661-b241-de215ec01f7b"",""client_timestamp"":1789892075.8297,""client_monotonic_ms"":1715349.8999999762,""event_timestamp"":1789892075.8303876,""clock_offset_sec"":0.0006875991821289062,""clock_round_trip_ms"":1.5001296997070312,""subject_id"":""sub-007"",""session_id"":""ses-001"",""block_id"":""Block 3"",""counterbalance_group"":""G07"",""block_order"":""Block 3"",""condition"":""A"",""condition_type"":""focused"",""topic_key"":""V6"",""topic_name"":""孔子的救世秘籍 仁爱 礼治 德治 中庸"",""event_type"":""video_resume"",""iso_time"":""2026-09-20T08:14:35.829Z"",""relative_ms"":247320,""video_time_sec"":193.283,""pause_reason"":""eeg_dropout""}",8b6ce1f9-62a7-4d97-823b-839e8a8c7711,sub-007,ses-001,cc02e297-aa19-4bc5-baea-bd33bcc936e3,b0a244a8-b5e2-4661-b241-de215ec01f7b,1789892075.8323376,1789892075.8297,1715349.8999999762,browser_calibrated,0.0006875991821289062,1.5001296997070312,323622,329462,15,-13.050079345703125,host_receive_nearest,verified,1,1,,,,,,,,,1,,,,,,,,,,,,,,,,,,,,V6,A,193.283,1789892075.8297,1789892075.8323376,329462,,,,,,,,,,eeg_dropout
probe_onset,1789892079.0029874,1321.028,324418,3,3,,1,G07,A,focused,probe_onset,Block 3_3_653adb72,,0.0,0.0,,,,,,,"{""client_event_id"":""af322214-266a-4a69-9e4c-eff847e7f4fe"",""recorder_run_id"":""8b6ce1f9-62a7-4d97-823b-839e8a8c7711"",""client_id"":""b0a244a8-b5e2-4661-b241-de215ec01f7b"",""client_timestamp"":1789892079.0140998,""client_monotonic_ms"":1718534.199999988,""event_timestamp"":1789892079.0029874,""clock_offset_sec"":-0.011112451553344727,""clock_round_trip_ms"":1.3000965118408203,""subject_id"":""sub-007"",""session_id"":""ses-001"",""block_id"":""Block 3"",""counterbalance_group"":""G07"",""block_order"":""Block 3"",""condition"":""A"",""condition_type"":""focused"",""topic_key"":""V6"",""topic_name"":""孔子的救世秘籍 仁爱 礼治 德治 中庸"",""event_type"":""probe_onset"",""iso_time"":""2026-09-20T08:14:39.014Z"",""relative_ms"":250504,""video_time_sec"":196.049,""probe_id"":""Block 3_3_653adb72"",""probe_index"":3,""probe_schedule_id"":""653adb72-fccb-4eea-a29c-f0de48aefe0a"",""probe_planned_time_sec"":195.991,""video_id"":""V6"",""pause_reason"":""thought_probe"",""forced"":false}",8b6ce1f9-62a7-4d97-823b-839e8a8c7711,sub-007,ses-001,af322214-266a-4a69-9e4c-eff847e7f4fe,b0a244a8-b5e2-4661-b241-de215ec01f7b,1789892079.0043375,1789892079.0140998,1718534.199999988,browser_calibrated,-0.011112451553344727,1.3000965118408203,324417,330257,15,-13.649940490722656,host_receive_nearest,verified,1,1,,,,,,,,,1,,,,,,,,,,,,,,,,,,,,V6,A,196.049,1789892079.0140998,1789892079.0043375,330257,Block 3_3_653adb72,3,653adb72-fccb-4eea-a29c-f0de48aefe0a,195.991,,,,,,thought_probe
attention_response,1789892081.5279875,1323.548,325053,3,3,,1,G07,A,focused,attention_response,1,,0.0,0.0,,,,,,,"{""client_event_id"":""402d47fc-b59c-4aaf-bc25-86664718ca47"",""recorder_run_id"":""8b6ce1f9-62a7-4d97-823b-839e8a8c7711"",""client_id"":""b0a244a8-b5e2-4661-b241-de215ec01f7b"",""client_timestamp"":1789892081.5391,""client_monotonic_ms"":1721059.199999988,""event_timestamp"":1789892081.5279875,""clock_offset_sec"":-0.011112451553344727,""clock_round_trip_ms"":1.3000965118408203,""subject_id"":""sub-007"",""session_id"":""ses-001"",""block_id"":""Block 3"",""counterbalance_group"":""G07"",""block_order"":""Block 3"",""condition"":""A"",""condition_type"":""focused"",""topic_key"":""V6"",""topic_name"":""孔子的救世秘籍 仁爱 礼治 德治 中庸"",""event_type"":""attention_response"",""iso_time"":""2026-09-20T08:14:41.539Z"",""relative_ms"":253029,""video_time_sec"":196.049,""probe_id"":""Block 3_3_653adb72"",""probe_index"":3,""probe_schedule_id"":""653adb72-fccb-4eea-a29c-f0de48aefe0a"",""probe_planned_time_sec"":195.991,""video_id"":""V6"",""response"":1,""response_label"":""课程内容"",""probe_attention"":""ON"",""response_time_ms"":2525}",8b6ce1f9-62a7-4d97-823b-839e8a8c7711,sub-007,ses-001,402d47fc-b59c-4aaf-bc25-86664718ca47,b0a244a8-b5e2-4661-b241-de215ec01f7b,1789892081.5363376,1789892081.5391,1721059.199999988,browser_calibrated,-0.011112451553344727,1.3000965118408203,325047,330887,15,-7.649898529052734,host_receive_nearest,verified,1,1,,,,,,,,,1,,,,,,,,,,,,,,,,,,,,V6,A,196.049,1789892081.5391,1789892081.5513375,330887,Block 3_3_653adb72,3,653adb72-fccb-4eea-a29c-f0de48aefe0a,195.991,1,课程内容,2525,,ON,
confidence_response,1789892082.4526873,1324.452,325278,3,3,,1,G07,A,focused,confidence_response,4,,0.0,0.0,,,,,,,"{""client_event_id"":""67ccb714-d8be-4274-8a99-845fe2c2a3ef"",""recorder_run_id"":""8b6ce1f9-62a7-4d97-823b-839e8a8c7711"",""client_id"":""b0a244a8-b5e2-4661-b241-de215ec01f7b"",""client_timestamp"":1789892082.4637997,""client_monotonic_ms"":1721983.8999999762,""event_timestamp"":1789892082.4526873,""clock_offset_sec"":-0.011112451553344727,""clock_round_trip_ms"":1.3000965118408203,""subject_id"":""sub-007"",""session_id"":""ses-001"",""block_id"":""Block 3"",""counterbalance_group"":""G07"",""block_order"":""Block 3"",""condition"":""A"",""condition_type"":""focused"",""topic_key"":""V6"",""topic_name"":""孔子的救世秘籍 仁爱 礼治 德治 中庸"",""event_type"":""confidence_response"",""iso_time"":""2026-09-20T08:14:42.463Z"",""relative_ms"":253954,""video_time_sec"":196.049,""probe_id"":""Block 3_3_653adb72"",""probe_index"":3,""probe_schedule_id"":""653adb72-fccb-4eea-a29c-f0de48aefe0a"",""probe_planned_time_sec"":195.991,""video_id"":""V6"",""response"":1,""confidence"":4,""response_time_ms"":925}",8b6ce1f9-62a7-4d97-823b-839e8a8c7711,sub-007,ses-001,67ccb714-d8be-4274-8a99-845fe2c2a3ef,b0a244a8-b5e2-4661-b241-de215ec01f7b,1789892082.4573376,1789892082.4637997,1721983.8999999762,browser_calibrated,-0.011112451553344727,1.3000965118408203,325273,331113,15,4.650354385375977,host_receive_nearest,verified,1,1,,,,,,,,,1,,,,,,,,,,,,,,,,,,,,V6,A,196.049,1789892082.4637997,1789892082.4733374,331113,Block 3_3_653adb72,3,653adb72-fccb-4eea-a29c-f0de48aefe0a,195.991,,,925,4,,
phase_change,1789892082.4574873,1324.468,325288,3,3,,1,G07,A,focused,phase_change,video,,0.0,0.0,,,,,,,,8b6ce1f9-62a7-4d97-823b-839e8a8c7711,sub-007,ses-001,d7f97f5c-b763-41ac-9867-2c22574a9843,b0a244a8-b5e2-4661-b241-de215ec01f7b,1789892082.4893374,1789892082.4685998,1721988.699999988,browser_calibrated,-0.011112451553344727,1.3000965118408203,325277,331117,15,-0.14972686767578125,host_receive_nearest,verified,1,1,,,,,,,,,1,,,,,,,,,,,,,,,,,,,,V6,A,196.313,1789892082.4685998,1789892082.4893374,331117,,,,,,,,,,
video_resume,1789892082.4574873,1324.468,325288,3,3,,1,G07,A,focused,video_resume,196.313,,0.0,0.0,,,,,,,"{""client_event_id"":""d7f97f5c-b763-41ac-9867-2c22574a9843"",""recorder_run_id"":""8b6ce1f9-62a7-4d97-823b-839e8a8c7711"",""client_id"":""b0a244a8-b5e2-4661-b241-de215ec01f7b"",""client_timestamp"":1789892082.4685998,""client_monotonic_ms"":1721988.699999988,""event_timestamp"":1789892082.4574873,""clock_offset_sec"":-0.011112451553344727,""clock_round_trip_ms"":1.3000965118408203,""subject_id"":""sub-007"",""session_id"":""ses-001"",""block_id"":""Block 3"",""counterbalance_group"":""G07"",""block_order"":""Block 3"",""condition"":""A"",""condition_type"":""focused"",""topic_key"":""V6"",""topic_name"":""孔子的救世秘籍 仁爱 礼治 德治 中庸"",""event_type"":""video_resume"",""iso_time"":""2026-09-20T08:14:42.468Z"",""relative_ms"":253959,""video_time_sec"":196.313,""probe_id"":""Block 3_3_653adb72"",""probe_index"":3,""probe_schedule_id"":""653adb72-fccb-4eea-a29c-f0de48aefe0a"",""probe_planned_time_sec"":195.991,""video_id"":""V6"",""pause_reason"":""thought_probe"",""resume_status"":""playing""}",8b6ce1f9-62a7-4d97-823b-839e8a8c7711,sub-007,ses-001,d7f97f5c-b763-41ac-9867-2c22574a9843,b0a244a8-b5e2-4661-b241-de215ec01f7b,1789892082.4893374,1789892082.4685998,1721988.699999988,browser_calibrated,-0.011112451553344727,1.3000965118408203,325277,331117,15,-0.14972686767578125,host_receive_nearest,verified,1,1,,,,,,,,,1,,,,,,,,,,,,,,,,,,,,V6,A,196.313,1789892082.4685998,1789892082.4893374,331117,Block 3_3_653adb72,,,,,,,,,thought_probe
probe_onset,1789892134.0399375,1376.064,338177,3,3,,1,G07,A,focused,probe_onset,Block 3_4_653adb72,,0.0,0.0,,,,,,,"{""client_event_id"":""f5fb2add-0ddb-4949-8f1d-6e40f3b4f24a"",""recorder_run_id"":""8b6ce1f9-62a7-4d97-823b-839e8a8c7711"",""client_id"":""b0a244a8-b5e2-4661-b241-de215ec01f7b"",""client_timestamp"":1789892134.0421,""client_monotonic_ms"":1773562.199999988,""event_timestamp"":1789892134.0399375,""clock_offset_sec"":-0.002162456512451172,""clock_round_trip_ms"":1.399993896484375,""subject_id"":""sub-007"",""session_id"":""ses-001"",""block_id"":""Block 3"",""counterbalance_group"":""G07"",""block_order"":""Block 3"",""condition"":""A"",""condition_type"":""focused"",""topic_key"":""V6"",""topic_name"":""孔子的救世秘籍 仁爱 礼治 德治 中庸"",""event_type"":""probe_onset"",""iso_time"":""2026-09-20T08:15:34.042Z"",""relative_ms"":305532,""video_time_sec"":247.629,""probe_id"":""Block 3_4_653adb72"",""probe_index"":4,""probe_schedule_id"":""653adb72-fccb-4eea-a29c-f0de48aefe0a"",""probe_planned_time_sec"":247.543,""video_id"":""V6"",""pause_reason"":""thought_probe"",""forced"":false}",8b6ce1f9-62a7-4d97-823b-839e8a8c7711,sub-007,ses-001,f5fb2add-0ddb-4949-8f1d-6e40f3b4f24a,b0a244a8-b5e2-4661-b241-de215ec01f7b,1789892134.0363376,1789892134.0421,1773562.199999988,browser_calibrated,-0.002162456512451172,1.399993896484375,338176,344016,15,-19.59991455078125,host_receive_nearest,verified,1,1,,,,,,,,,1,,,,,,,,,,,,,,,,,,,,V6,A,247.629,1789892134.0421,1789892134.0363376,344016,Block 3_4_653adb72,4,653adb72-fccb-4eea-a29c-f0de48aefe0a,247.543,,,,,,thought_probe
attention_response,1789892136.8138375,1378.504,338787,3,3,,1,G07,A,focused,attention_response,1,,0.0,0.0,,,,,,,"{""client_event_id"":""8621345d-f9e0-4e5c-99d0-261fc5660e02"",""recorder_run_id"":""8b6ce1f9-62a7-4d97-823b-839e8a8c7711"",""client_id"":""b0a244a8-b5e2-4661-b241-de215ec01f7b"",""client_timestamp"":1789892136.816,""client_monotonic_ms"":1776336.199999988,""event_timestamp"":1789892136.8138375,""clock_offset_sec"":-0.002162456512451172,""clock_round_trip_ms"":1.399993896484375,""subject_id"":""sub-007"",""session_id"":""ses-001"",""block_id"":""Block 3"",""counterbalance_group"":""G07"",""block_order"":""Block 3"",""condition"":""A"",""condition_type"":""focused"",""topic_key"":""V6"",""topic_name"":""孔子的救世秘籍 仁爱 礼治 德治 中庸"",""event_type"":""attention_response"",""iso_time"":""2026-09-20T08:15:36.816Z"",""relative_ms"":308306,""video_time_sec"":247.629,""probe_id"":""Block 3_4_653adb72"",""probe_index"":4,""probe_schedule_id"":""653adb72-fccb-4eea-a29c-f0de48aefe0a"",""probe_planned_time_sec"":247.543,""video_id"":""V6"",""response"":1,""response_label"":""课程内容"",""probe_attention"":""ON"",""response_time_ms"":2774}",8b6ce1f9-62a7-4d97-823b-839e8a8c7711,sub-007,ses-001,8621345d-f9e0-4e5c-99d0-261fc5660e02,b0a244a8-b5e2-4661-b241-de215ec01f7b,1789892136.8173375,1789892136.816,1776336.199999988,browser_calibrated,-0.002162456512451172,1.399993896484375,338786,344626,15,-152.49991416931152,host_receive_nearest,verified,1,1,,,,,,,,,1,,,,,,,,,,,,,,,,,,,,V6,A,247.629,1789892136.816,1789892136.8173375,344626,Block 3_4_653adb72,4,653adb72-fccb-4eea-a29c-f0de48aefe0a,247.543,1,课程内容,2774,,ON,
confidence_response,1789892137.6794374,,338787,3,3,,1,G07,A,focused,confidence_response,3,,0.0,0.0,,,,,,,"{""client_event_id"":""b8a71dbe-7f40-4973-a7a3-c53071bde7b5"",""recorder_run_id"":""8b6ce1f9-62a7-4d97-823b-839e8a8c7711"",""client_id"":""b0a244a8-b5e2-4661-b241-de215ec01f7b"",""client_timestamp"":1789892137.6815999,""client_monotonic_ms"":1777201.699999988,""event_timestamp"":1789892137.6794374,""clock_offset_sec"":-0.002162456512451172,""clock_round_trip_ms"":1.399993896484375,""subject_id"":""sub-007"",""session_id"":""ses-001"",""block_id"":""Block 3"",""counterbalance_group"":""G07"",""block_order"":""Block 3"",""condition"":""A"",""condition_type"":""focused"",""topic_key"":""V6"",""topic_name"":""孔子的救世秘籍 仁爱 礼治 德治 中庸"",""event_type"":""confidence_response"",""iso_time"":""2026-09-20T08:15:37.681Z"",""relative_ms"":309172,""video_time_sec"":247.629,""probe_id"":""Block 3_4_653adb72"",""probe_index"":4,""probe_schedule_id"":""653adb72-fccb-4eea-a29c-f0de48aefe0a"",""probe_planned_time_sec"":247.543,""video_id"":""V6"",""response"":1,""confidence"":3,""response_time_ms"":866}",8b6ce1f9-62a7-4d97-823b-839e8a8c7711,sub-007,ses-001,b8a71dbe-7f40-4973-a7a3-c53071bde7b5,b0a244a8-b5e2-4661-b241-de215ec01f7b,1789892137.6763375,1789892137.6815999,1777201.699999988,browser_calibrated,-0.002162456512451172,1.399993896484375,,,,-1018.0997848510742,outside_sample_tolerance,verified,1,1,,,,,,,,,1,,,,,,,,,,,,,,,,,,,,V6,A,247.629,1789892137.6815999,1789892137.6923375,,Block 3_4_653adb72,4,653adb72-fccb-4eea-a29c-f0de48aefe0a,247.543,,,866,3,,
phase_change,1789892137.6840374,,338787,3,3,,1,G07,A,focused,phase_change,video,,0.0,0.0,,,,,,,,8b6ce1f9-62a7-4d97-823b-839e8a8c7711,sub-007,ses-001,abb44e5f-a866-46fb-850d-fc3a62129135,b0a244a8-b5e2-4661-b241-de215ec01f7b,1789892137.6923375,1789892137.6862,1777206.3999999762,browser_calibrated,-0.002162456512451172,1.399993896484375,,,,-1022.6998329162598,outside_sample_tolerance,verified,1,1,,,,,,,,,1,,,,,,,,,,,,,,,,,,,,V6,A,247.885,1789892137.6862,1789892137.6923375,,,,,,,,,,,
video_resume,1789892137.6840374,,338787,3,3,,1,G07,A,focused,video_resume,247.885,,0.0,0.0,,,,,,,"{""client_event_id"":""abb44e5f-a866-46fb-850d-fc3a62129135"",""recorder_run_id"":""8b6ce1f9-62a7-4d97-823b-839e8a8c7711"",""client_id"":""b0a244a8-b5e2-4661-b241-de215ec01f7b"",""client_timestamp"":1789892137.6862,""client_monotonic_ms"":1777206.3999999762,""event_timestamp"":1789892137.6840374,""clock_offset_sec"":-0.002162456512451172,""clock_round_trip_ms"":1.399993896484375,""subject_id"":""sub-007"",""session_id"":""ses-001"",""block_id"":""Block 3"",""counterbalance_group"":""G07"",""block_order"":""Block 3"",""condition"":""A"",""condition_type"":""focused"",""topic_key"":""V6"",""topic_name"":""孔子的救世秘籍 仁爱 礼治 德治 中庸"",""event_type"":""video_resume"",""iso_time"":""2026-09-20T08:15:37.686Z"",""relative_ms"":309176,""video_time_sec"":247.885,""probe_id"":""Block 3_4_653adb72"",""probe_index"":4,""probe_schedule_id"":""653adb72-fccb-4eea-a29c-f0de48aefe0a"",""probe_planned_time_sec"":247.543,""video_id"":""V6"",""pause_reason"":""thought_probe"",""resume_status"":""playing""}",8b6ce1f9-62a7-4d97-823b-839e8a8c7711,sub-007,ses-001,abb44e5f-a866-46fb-850d-fc3a62129135,b0a244a8-b5e2-4661-b241-de215ec01f7b,1789892137.6923375,1789892137.6862,1777206.3999999762,browser_calibrated,-0.002162456512451172,1.399993896484375,,,,-1022.6998329162598,outside_sample_tolerance,verified,1,1,,,,,,,,,1,,,,,,,,,,,,,,,,,,,,V6,A,247.885,1789892137.6862,1789892137.6923375,,Block 3_4_653adb72,,,,,,,,,thought_probe
qc_status_change,1789892138.8173375,1380.824,339177,3,3,,1,G07,A,focused,qc_status_change,bad,,0.0,0.0,,,,,,,丢包率 7.62% 过高，请检查蓝牙距离、供电和连接。,8b6ce1f9-62a7-4d97-823b-839e8a8c7711,sub-007,ses-001,,,1789892138.8173375,,,server,,,339176,345206,16,-16.000032424926758,host_receive_nearest,,,,,,,,,,,,1,,,,,,,,,,,,,,,,,,,,V6,A,,,1789892138.8173375,345206,,,,,,,,,,
qc_status_change,1789892148.8173375,1390.844,341682,3,3,,1,G07,A,focused,qc_status_change,good,,0.0,0.0,,,,,,,当前QC指标正常。,8b6ce1f9-62a7-4d97-823b-839e8a8c7711,sub-007,ses-001,,,1789892148.8173375,,,server,,,341681,347711,16,0.0,host_receive_nearest,,,,,,,,,,,,1,,,,,,,,,,,,,,,,,,,,V6,A,,,1789892148.8173375,347711,,,,,,,,,,
qc_status_change,1789892160.8323376,1402.304,344412,3,3,,1,G07,A,focused,qc_status_change,bad,,0.0,0.0,,,,,,,丢包率 5.70% 过高，请检查蓝牙距离、供电和连接。,8b6ce1f9-62a7-4d97-823b-839e8a8c7711,sub-007,ses-001,,,1789892160.8323376,,,server,,,344411,350576,16,0.0,host_receive_nearest,,,,,,,,,,,,1,,,,,,,,,,,,,,,,,,,,V6,A,,,1789892160.8323376,350576,,,,,,,,,,
qc_status_change,1789892172.8643374,1414.884,347257,3,3,,1,G07,A,focused,qc_status_change,warning,,0.0,0.0,,,,,,,丢包率 2.96% 偏高。,8b6ce1f9-62a7-4d97-823b-839e8a8c7711,sub-007,ses-001,,,1789892172.8643374,,,server,,,347256,353721,16,0.0,host_receive_nearest,,,,,,,,,,,,1,,,,,,,,,,,,,,,,,,,,V6,A,,,1789892172.8643374,353721,,,,,,,,,,
qc_status_change,1789892174.8643374,1416.904,347762,3,3,,1,G07,A,focused,qc_status_change,good,,0.0,0.0,,,,,,,当前QC指标正常。,8b6ce1f9-62a7-4d97-823b-839e8a8c7711,sub-007,ses-001,,,1789892174.8643374,,,server,,,347761,354226,16,0.0,host_receive_nearest,,,,,,,,,,,,1,,,,,,,,,,,,,,,,,,,,V6,A,,,1789892174.8643374,354226,,,,,,,,,,
qc_status_change,1789892190.8643374,1432.604,351552,3,3,,1,G07,A,focused,qc_status_change,bad,,0.0,0.0,,,,,,,丢包率 5.56% 过高，请检查蓝牙距离、供电和连接。,8b6ce1f9-62a7-4d97-823b-839e8a8c7711,sub-007,ses-001,,,1789892190.8643374,,,server,,,351551,358151,16,0.0,host_receive_nearest,,,,,,,,,,,,1,,,,,,,,,,,,,,,,,,,,V6,A,,,1789892190.8643374,358151,,,,,,,,,,
qc_status_change,1789892206.9263375,1448.904,355217,3,3,,1,G07,A,focused,qc_status_change,good,,0.0,0.0,,,,,,,当前QC指标正常。,8b6ce1f9-62a7-4d97-823b-839e8a8c7711,sub-007,ses-001,,,1789892206.9263375,,,server,,,355216,362226,16,-62.00003623962402,host_receive_nearest,,,,,,,,,,,,1,,,,,,,,,,,,,,,,,,,,V6,A,,,1789892206.9263375,362226,,,,,,,,,,
video_end,1789892215.8248873,1457.844,357452,3,3,,1,G07,A,focused,video_end,V6,,0.0,0.0,,,,,,,,8b6ce1f9-62a7-4d97-823b-839e8a8c7711,sub-007,ses-001,a2bf9e6a-5072-488e-8c0d-7095324ef082,b0a244a8-b5e2-4661-b241-de215ec01f7b,1789892215.8173375,1789892215.8240998,1855344.199999988,browser_calibrated,0.0007874965667724609,1.4998912811279297,357451,364461,16,-7.549762725830078,host_receive_nearest,verified,1,1,,,,,,,,,1,,,,,,,,,,,,,,,,,,,,V6,A,325.753,1789892215.8240998,1789892215.8173375,364461,,,,,,,,,,
browser_video_ended,1789892215.8248873,1457.844,357452,3,3,,1,G07,A,focused,browser_video_ended,,,0.0,0.0,,,,,,,"{""client_event_id"":""a2bf9e6a-5072-488e-8c0d-7095324ef082"",""recorder_run_id"":""8b6ce1f9-62a7-4d97-823b-839e8a8c7711"",""client_id"":""b0a244a8-b5e2-4661-b241-de215ec01f7b"",""client_timestamp"":1789892215.8240998,""client_monotonic_ms"":1855344.199999988,""event_timestamp"":1789892215.8248873,""clock_offset_sec"":0.0007874965667724609,""clock_round_trip_ms"":1.4998912811279297,""subject_id"":""sub-007"",""session_id"":""ses-001"",""block_id"":""Block 3"",""counterbalance_group"":""G07"",""block_order"":""Block 3"",""condition"":""A"",""condition_type"":""focused"",""topic_key"":""V6"",""topic_name"":""孔子的救世秘籍 仁爱 礼治 德治 中庸"",""event_type"":""video_ended"",""iso_time"":""2026-09-20T08:16:55.824Z"",""relative_ms"":387314,""video_time_sec"":325.753}",8b6ce1f9-62a7-4d97-823b-839e8a8c7711,sub-007,ses-001,a2bf9e6a-5072-488e-8c0d-7095324ef082,b0a244a8-b5e2-4661-b241-de215ec01f7b,1789892215.8173375,1789892215.8240998,1855344.199999988,browser_calibrated,0.0007874965667724609,1.4998912811279297,357451,364461,16,-7.549762725830078,host_receive_nearest,verified,1,1,,,,,,,,,1,,,,,,,,,,,,,,,,,,,,V6,A,325.753,1789892215.8240998,1789892215.8173375,364461,,,,,,,,,,
browser_block_end,1789892215.8301873,1457.848,357457,3,3,,1,G07,A,focused,browser_block_end,视频自然播放结束,,0.0,0.0,,,,,,,"{""client_event_id"":""170b22e5-0a79-4b90-84a3-9a42a0cf2280"",""recorder_run_id"":""8b6ce1f9-62a7-4d97-823b-839e8a8c7711"",""client_id"":""b0a244a8-b5e2-4661-b241-de215ec01f7b"",""client_timestamp"":1789892215.8293998,""client_monotonic_ms"":1855349.5,""event_timestamp"":1789892215.8301873,""clock_offset_sec"":0.0007874965667724609,""clock_round_trip_ms"":1.4998912811279297,""subject_id"":""sub-007"",""session_id"":""ses-001"",""block_id"":""Block 3"",""counterbalance_group"":""G07"",""block_order"":""Block 3"",""condition"":""A"",""condition_type"":""focused"",""topic_key"":""V6"",""topic_name"":""孔子的救世秘籍 仁爱 礼治 德治 中庸"",""event_type"":""block_end"",""iso_time"":""2026-09-20T08:16:55.829Z"",""relative_ms"":387320,""video_time_sec"":325.753,""reason"":""视频自然播放结束""}",8b6ce1f9-62a7-4d97-823b-839e8a8c7711,sub-007,ses-001,170b22e5-0a79-4b90-84a3-9a42a0cf2280,b0a244a8-b5e2-4661-b241-de215ec01f7b,1789892215.8483374,1789892215.8293998,1855349.5,browser_calibrated,0.0007874965667724609,1.4998912811279297,357452,364462,16,2.150297164916992,host_receive_nearest,verified,1,1,,,,,,,,,1,,,,,,,,,,,,,,,,,,,,V6,A,325.753,1789892215.8293998,1789892215.8483374,364462,,,,,,,,,,
rating_start,1789892215.8349874,1457.864,357457,3,3,,1,G07,A,focused,rating_start,,,0.0,0.0,,,,,,,"{""client_event_id"":""2d521f92-6bd2-41f4-8463-5e43ab624e48"",""recorder_run_id"":""8b6ce1f9-62a7-4d97-823b-839e8a8c7711"",""client_id"":""b0a244a8-b5e2-4661-b241-de215ec01f7b"",""client_timestamp"":1789892215.8342,""client_monotonic_ms"":1855354.2999999523,""event_timestamp"":1789892215.8349874,""clock_offset_sec"":0.0007874965667724609,""clock_round_trip_ms"":1.4998912811279297,""subject_id"":""sub-007"",""session_id"":""ses-001"",""block_id"":""Block 3"",""counterbalance_group"":""G07"",""block_order"":""Block 3"",""condition"":""A"",""condition_type"":""focused"",""topic_key"":""V6"",""topic_name"":""孔子的救世秘籍 仁爱 礼治 德治 中庸"",""event_type"":""rating_start"",""iso_time"":""2026-09-20T08:16:55.834Z"",""relative_ms"":387324,""video_time_sec"":325.753}",8b6ce1f9-62a7-4d97-823b-839e8a8c7711,sub-007,ses-001,2d521f92-6bd2-41f4-8463-5e43ab624e48,b0a244a8-b5e2-4661-b241-de215ec01f7b,1789892215.8643374,1789892215.8342,1855354.2999999523,browser_calibrated,0.0007874965667724609,1.4998912811279297,357456,364466,16,-2.6497840881347656,host_receive_nearest,verified,1,1,,,,,,,,,1,,,,,,,,,,,,,,,,,,,,V6,A,325.753,1789892215.8342,1789892215.8643374,364466,,,,,,,,,,
rating_item_response,1789892220.3307874,1461.604,358257,3,3,,1,G07,A,focused,rating_item_response,3,,0.0,0.0,,,,,,,"{""client_event_id"":""c71f7bda-0a94-4bb9-b77b-3bd2b87ed078"",""recorder_run_id"":""8b6ce1f9-62a7-4d97-823b-839e8a8c7711"",""client_id"":""b0a244a8-b5e2-4661-b241-de215ec01f7b"",""client_timestamp"":1789892220.33,""client_monotonic_ms"":1859850.0999999642,""event_timestamp"":1789892220.3307874,""clock_offset_sec"":0.0007874965667724609,""clock_round_trip_ms"":1.4998912811279297,""subject_id"":""sub-007"",""session_id"":""ses-001"",""block_id"":""Block 3"",""counterbalance_group"":""G07"",""block_order"":""Block 3"",""condition"":""A"",""condition_type"":""focused"",""topic_key"":""V6"",""topic_name"":""孔子的救世秘籍 仁爱 礼治 德治 中庸"",""event_type"":""rating_item_response"",""iso_time"":""2026-09-20T08:17:00.330Z"",""relative_ms"":391820,""video_time_sec"":325.753,""rating_item"":""course_attention_rating"",""rating_value"":""3"",""response_time_ms"":4496}",8b6ce1f9-62a7-4d97-823b-839e8a8c7711,sub-007,ses-001,c71f7bda-0a94-4bb9-b77b-3bd2b87ed078,b0a244a8-b5e2-4661-b241-de215ec01f7b,1789892220.3323376,1789892220.33,1859850.0999999642,browser_calibrated,0.0007874965667724609,1.4998912811279297,358256,365401,16,-107.45000839233398,host_receive_nearest,verified,1,1,,,,,,,,,1,,,,,,,,,,,,,course_attention_rating,3,,,,,,V6,A,325.753,1789892220.33,1789892220.3323376,365401,,,,,,,4496,,,
qc_status_change,1789892220.9263375,1461.944,358342,3,3,,1,G07,A,focused,qc_status_change,bad,,0.0,0.0,,,,,,,丢包率 6.00% 过高，请检查蓝牙距离、供电和连接。,8b6ce1f9-62a7-4d97-823b-839e8a8c7711,sub-007,ses-001,,,1789892220.9263375,,,server,,,358341,365486,16,0.0,host_receive_nearest,,,,,,,,,,,,1,,,,,,,,,,,,,,,,,,,,V6,A,,,1789892220.9263375,365486,,,,,,,,,,
rating_item_response,1789892221.8048873,1463.404,358527,3,3,,1,G07,A,focused,rating_item_response,3,,0.0,0.0,,,,,,,"{""client_event_id"":""d8322e74-0713-4ee5-b8cd-6f744b40a639"",""recorder_run_id"":""8b6ce1f9-62a7-4d97-823b-839e8a8c7711"",""client_id"":""b0a244a8-b5e2-4661-b241-de215ec01f7b"",""client_timestamp"":1789892221.8040998,""client_monotonic_ms"":1861324.199999988,""event_timestamp"":1789892221.8048873,""clock_offset_sec"":0.0007874965667724609,""clock_round_trip_ms"":1.4998912811279297,""subject_id"":""sub-007"",""session_id"":""ses-001"",""block_id"":""Block 3"",""counterbalance_group"":""G07"",""block_order"":""Block 3"",""condition"":""A"",""condition_type"":""focused"",""topic_key"":""V6"",""topic_name"":""孔子的救世秘籍 仁爱 礼治 德治 中庸"",""event_type"":""rating_item_response"",""iso_time"":""2026-09-20T08:17:01.804Z"",""relative_ms"":393294,""video_time_sec"":325.753,""rating_item"":""mental_effort"",""rating_value"":""3"",""response_time_ms"":5970}",8b6ce1f9-62a7-4d97-823b-839e8a8c7711,sub-007,ses-001,d8322e74-0713-4ee5-b8cd-6f744b40a639,b0a244a8-b5e2-4661-b241-de215ec01f7b,1789892221.8013375,1789892221.8040998,1861324.199999988,browser_calibrated,0.0007874965667724609,1.4998912811279297,358526,365851,16,-3.549814224243164,host_receive_nearest,verified,1,1,,,,,,,,,1,,,,,,,,,,,,,mental_effort,3,,,,,,V6,A,325.753,1789892221.8040998,1789892221.8013375,365851,,,,,,,5970,,,
rating_item_response,1789892223.0402875,1464.144,358712,3,3,,1,G07,A,focused,rating_item_response,3,,0.0,0.0,,,,,,,"{""client_event_id"":""99dc9a0f-6228-46a1-a637-d280ef4c0e2e"",""recorder_run_id"":""8b6ce1f9-62a7-4d97-823b-839e8a8c7711"",""client_id"":""b0a244a8-b5e2-4661-b241-de215ec01f7b"",""client_timestamp"":1789892223.0395,""client_monotonic_ms"":1862559.5999999642,""event_timestamp"":1789892223.0402875,""clock_offset_sec"":0.0007874965667724609,""clock_round_trip_ms"":1.4998912811279297,""subject_id"":""sub-007"",""session_id"":""ses-001"",""block_id"":""Block 3"",""counterbalance_group"":""G07"",""block_order"":""Block 3"",""condition"":""A"",""condition_type"":""focused"",""topic_key"":""V6"",""topic_name"":""孔子的救世秘籍 仁爱 礼治 德治 中庸"",""event_type"":""rating_item_response"",""iso_time"":""2026-09-20T08:17:03.039Z"",""relative_ms"":394530,""video_time_sec"":325.753,""rating_item"":""video_interest"",""rating_value"":""3"",""response_time_ms"":7205}",8b6ce1f9-62a7-4d97-823b-839e8a8c7711,sub-007,ses-001,99dc9a0f-6228-46a1-a637-d280ef4c0e2e,b0a244a8-b5e2-4661-b241-de215ec01f7b,1789892223.0363376,1789892223.0395,1862559.5999999642,browser_calibrated,0.0007874965667724609,1.4998912811279297,358711,366036,16,-82.94987678527832,host_receive_nearest,verified,1,1,,,,,,,,,1,,,,,,,,,,,,,video_interest,3,,,,,,V6,A,325.753,1789892223.0395,1789892223.0363376,366036,,,,,,,7205,,,
rating_item_response,1789892224.9122875,1466.284,359097,3,3,,1,G07,A,focused,rating_item_response,2,,0.0,0.0,,,,,,,"{""client_event_id"":""b1bf8d75-b82a-4a3a-a973-96a769b275ec"",""recorder_run_id"":""8b6ce1f9-62a7-4d97-823b-839e8a8c7711"",""client_id"":""b0a244a8-b5e2-4661-b241-de215ec01f7b"",""client_timestamp"":1789892224.9115,""client_monotonic_ms"":1864431.5999999642,""event_timestamp"":1789892224.9122875,""clock_offset_sec"":0.0007874965667724609,""clock_round_trip_ms"":1.4998912811279297,""subject_id"":""sub-007"",""session_id"":""ses-001"",""block_id"":""Block 3"",""counterbalance_group"":""G07"",""block_order"":""Block 3"",""condition"":""A"",""condition_type"":""focused"",""topic_key"":""V6"",""topic_name"":""孔子的救世秘籍 仁爱 礼治 德治 中庸"",""event_type"":""rating_item_response"",""iso_time"":""2026-09-20T08:17:04.911Z"",""relative_ms"":396402,""video_time_sec"":325.753,""rating_item"":""video_difficulty"",""rating_value"":""2"",""response_time_ms"":9077}",8b6ce1f9-62a7-4d97-823b-839e8a8c7711,sub-007,ses-001,b1bf8d75-b82a-4a3a-a973-96a769b275ec,b0a244a8-b5e2-4661-b241-de215ec01f7b,1789892224.9113376,1789892224.9115,1864431.5999999642,browser_calibrated,0.0007874965667724609,1.4998912811279297,359096,366571,16,-0.949859619140625,host_receive_nearest,verified,1,1,,,,,,,,,1,,,,,,,,,,,,,video_difficulty,2,,,,,,V6,A,325.753,1789892224.9115,1789892224.9113376,366571,,,,,,,9077,,,
rating_end,1789892225.2733874,1466.464,359142,3,3,,1,G07,A,focused,rating_end,,9.438,0.0,0.0,,,,,,,"{""client_event_id"":""7015605a-de76-4b29-a1fc-c1dde8ce17a6"",""recorder_run_id"":""8b6ce1f9-62a7-4d97-823b-839e8a8c7711"",""client_id"":""b0a244a8-b5e2-4661-b241-de215ec01f7b"",""client_timestamp"":1789892225.2726,""client_monotonic_ms"":1864792.699999988,""event_timestamp"":1789892225.2733874,""clock_offset_sec"":0.0007874965667724609,""clock_round_trip_ms"":1.4998912811279297,""subject_id"":""sub-007"",""session_id"":""ses-001"",""block_id"":""Block 3"",""counterbalance_group"":""G07"",""block_order"":""Block 3"",""condition"":""A"",""condition_type"":""focused"",""topic_key"":""V6"",""topic_name"":""孔子的救世秘籍 仁爱 礼治 德治 中庸"",""event_type"":""rating_end"",""iso_time"":""2026-09-20T08:17:05.272Z"",""relative_ms"":396763,""video_time_sec"":325.753,""video_id"":""V6"",""course_attention_rating"":3,""mental_effort"":3,""video_interest"":3,""video_difficulty"":2,""subtraction_compliance"":"""",""subtraction_difficulty"":"""",""reported_final_number"":"""",""duration_sec"":9.438,""submitted_iso"":""2026-09-20T08:17:05.272Z"",""submitted_relative_ms"":396763}",8b6ce1f9-62a7-4d97-823b-839e8a8c7711,sub-007,ses-001,7015605a-de76-4b29-a1fc-c1dde8ce17a6,b0a244a8-b5e2-4661-b241-de215ec01f7b,1789892225.2703376,1789892225.2726,1864792.699999988,browser_calibrated,0.0007874965667724609,1.4998912811279297,359141,366616,16,-50.05002021789551,host_receive_nearest,verified,1,1,,,,,,,,,1,,,,3,3,3,2,,,,,,,,,,,,,V6,A,325.753,1789892225.2726,1789892225.2703376,366616,,,,,,,,,,
quiz_start,1789892225.2767875,1466.464,359142,3,3,,1,G07,A,focused,quiz_start,,,0.0,0.0,,,,,,,"{""client_event_id"":""f09bb034-9688-4cfc-a4e3-5154cc116fb6"",""recorder_run_id"":""8b6ce1f9-62a7-4d97-823b-839e8a8c7711"",""client_id"":""b0a244a8-b5e2-4661-b241-de215ec01f7b"",""client_timestamp"":1789892225.276,""client_monotonic_ms"":1864796.0999999642,""event_timestamp"":1789892225.2767875,""clock_offset_sec"":0.0007874965667724609,""clock_round_trip_ms"":1.4998912811279297,""subject_id"":""sub-007"",""session_id"":""ses-001"",""block_id"":""Block 3"",""counterbalance_group"":""G07"",""block_order"":""Block 3"",""condition"":""A"",""condition_type"":""focused"",""topic_key"":""V6"",""topic_name"":""孔子的救世秘籍 仁爱 礼治 德治 中庸"",""event_type"":""quiz_start"",""iso_time"":""2026-09-20T08:17:05.276Z"",""relative_ms"":396766,""video_time_sec"":325.753}",8b6ce1f9-62a7-4d97-823b-839e8a8c7711,sub-007,ses-001,f09bb034-9688-4cfc-a4e3-5154cc116fb6,b0a244a8-b5e2-4661-b241-de215ec01f7b,1789892225.2863376,1789892225.276,1864796.0999999642,browser_calibrated,0.0007874965667724609,1.4998912811279297,359141,366616,16,-53.45010757446289,host_receive_nearest,verified,1,1,,,,,,,,,1,,,,,,,,,,,,,,,,,,,,V6,A,325.753,1789892225.276,1789892225.2863376,366616,,,,,,,,,,
qc_status_change,1789892236.9423375,1478.964,362117,3,3,,1,G07,A,focused,qc_status_change,good,,0.0,0.0,,,,,,,当前QC指标正常。,8b6ce1f9-62a7-4d97-823b-839e8a8c7711,sub-007,ses-001,,,1789892236.9423375,,,server,,,362116,369741,16,0.0,host_receive_nearest,,,,,,,,,,,,1,,,,,,,,,,,,,,,,,,,,V6,A,,,1789892236.9423375,369741,,,,,,,,,,
quiz_item_response,1789892246.7664378,1488.784,364572,3,3,,1,G07,A,focused,quiz_item_response,孔子思想的核心是“仁”，根据孔子的解释，“仁”的实质是什么？,,0.0,0.0,,V6Q1,B,B,True,3611,"{""client_event_id"":""f42eae8a-1d5d-444d-80b7-fd32a23e31b1"",""recorder_run_id"":""8b6ce1f9-62a7-4d97-823b-839e8a8c7711"",""client_id"":""b0a244a8-b5e2-4661-b241-de215ec01f7b"",""client_timestamp"":1789892246.775,""client_monotonic_ms"":1886295.0999999642,""event_timestamp"":1789892246.7664378,""clock_offset_sec"":-0.008562326431274414,""clock_round_trip_ms"":1.399993896484375,""subject_id"":""sub-007"",""session_id"":""ses-001"",""block_id"":""Block 3"",""counterbalance_group"":""G07"",""block_order"":""Block 3"",""condition"":""A"",""condition_type"":""focused"",""topic_key"":""V6"",""topic_name"":""孔子的救世秘籍 仁爱 礼治 德治 中庸"",""event_type"":""quiz_item_response"",""iso_time"":""2026-09-20T08:17:26.775Z"",""relative_ms"":418265,""video_time_sec"":325.753,""video_id"":""V6"",""question_id"":""V6Q1"",""question_text"":""孔子思想的核心是“仁”，根据孔子的解释，“仁”的实质是什么？"",""response_index"":1,""response_letter"":""B"",""response_text"":""关爱他人"",""correct_index"":1,""correct_letter"":""B"",""correct_text"":""关爱他人"",""is_correct"":true,""reaction_time_ms"":3611,""submitted_iso"":""2026-09-20T08:17:26.775Z"",""submitted_relative_ms"":418265}",8b6ce1f9-62a7-4d97-823b-839e8a8c7711,sub-007,ses-001,f42eae8a-1d5d-444d-80b7-fd32a23e31b1,b0a244a8-b5e2-4661-b241-de215ec01f7b,1789892246.7703376,1789892246.775,1886295.0999999642,browser_calibrated,-0.008562326431274414,1.399993896484375,364571,372196,16,-12.1002197265625,host_receive_nearest,verified,1,1,,,,,,,,,1,,,,,,,,,,,,,,,,,孔子思想的核心是“仁”，根据孔子的解释，“仁”的实质是什么？,1,关爱他人,V6,A,325.753,1789892246.775,1789892246.7703376,372196,,,,,,,,,,
quiz_item_response,1789892246.7700374,1488.788,364582,3,3,,1,G07,A,focused,quiz_item_response,孔子主张“为政以德”，他认为治理国家应该以什么为主？,,0.0,0.0,,V6Q2,B,B,True,7907,"{""client_event_id"":""bf2e5a1d-cf38-45e4-8a3c-e9b850492e7f"",""recorder_run_id"":""8b6ce1f9-62a7-4d97-823b-839e8a8c7711"",""client_id"":""b0a244a8-b5e2-4661-b241-de215ec01f7b"",""client_timestamp"":1789892246.7785997,""client_monotonic_ms"":1886298.699999988,""event_timestamp"":1789892246.7700374,""clock_offset_sec"":-0.008562326431274414,""clock_round_trip_ms"":1.399993896484375,""subject_id"":""sub-007"",""session_id"":""ses-001"",""block_id"":""Block 3"",""counterbalance_group"":""G07"",""block_order"":""Block 3"",""condition"":""A"",""condition_type"":""focused"",""topic_key"":""V6"",""topic_name"":""孔子的救世秘籍 仁爱 礼治 德治 中庸"",""event_type"":""quiz_item_response"",""iso_time"":""2026-09-20T08:17:26.778Z"",""relative_ms"":418269,""video_time_sec"":325.753,""video_id"":""V6"",""question_id"":""V6Q2"",""question_text"":""孔子主张“为政以德”，他认为治理国家应该以什么为主？"",""response_index"":1,""response_letter"":""B"",""response_text"":""以道德教化为主要手段"",""correct_index"":1,""correct_letter"":""B"",""correct_text"":""以道德教化为主要手段"",""is_correct"":true,""reaction_time_ms"":7907,""submitted_iso"":""2026-09-20T08:17:26.778Z"",""submitted_relative_ms"":418269}",8b6ce1f9-62a7-4d97-823b-839e8a8c7711,sub-007,ses-001,bf2e5a1d-cf38-45e4-8a3c-e9b850492e7f,b0a244a8-b5e2-4661-b241-de215ec01f7b,1789892246.8013375,1789892246.7785997,1886298.699999988,browser_calibrated,-0.008562326431274414,1.399993896484375,364572,372197,16,0.3001689910888672,host_receive_nearest,verified,1,1,,,,,,,,,1,,,,,,,,,,,,,,,,,孔子主张“为政以德”，他认为治理国家应该以什么为主？,1,以道德教化为主要手段,V6,A,325.753,1789892246.7785997,1789892246.8013375,372197,,,,,,,,,,
quiz_item_response,1789892246.7736375,1488.804,364587,3,3,,1,G07,A,focused,quiz_item_response,针对当时“礼崩乐坏”的社会环境，孔子提出了什么治国方案？,,0.0,0.0,,V6Q3,B,B,True,17574,"{""client_event_id"":""a59b21ca-a733-44b6-bbfd-126311b89b27"",""recorder_run_id"":""8b6ce1f9-62a7-4d97-823b-839e8a8c7711"",""client_id"":""b0a244a8-b5e2-4661-b241-de215ec01f7b"",""client_timestamp"":1789892246.7821999,""client_monotonic_ms"":1886302.2999999523,""event_timestamp"":1789892246.7736375,""clock_offset_sec"":-0.008562326431274414,""clock_round_trip_ms"":1.399993896484375,""subject_id"":""sub-007"",""session_id"":""ses-001"",""block_id"":""Block 3"",""counterbalance_group"":""G07"",""block_order"":""Block 3"",""condition"":""A"",""condition_type"":""focused"",""topic_key"":""V6"",""topic_name"":""孔子的救世秘籍 仁爱 礼治 德治 中庸"",""event_type"":""quiz_item_response"",""iso_time"":""2026-09-20T08:17:26.782Z"",""relative_ms"":418272,""video_time_sec"":325.753,""video_id"":""V6"",""question_id"":""V6Q3"",""question_text"":""针对当时“礼崩乐坏”的社会环境，孔子提出了什么治国方案？"",""response_index"":1,""response_letter"":""B"",""response_text"":""礼治"",""correct_index"":1,""correct_letter"":""B"",""correct_text"":""礼治"",""is_correct"":true,""reaction_time_ms"":17574,""submitted_iso"":""2026-09-20T08:17:26.782Z"",""submitted_relative_ms"":418272}",8b6ce1f9-62a7-4d97-823b-839e8a8c7711,sub-007,ses-001,a59b21ca-a733-44b6-bbfd-126311b89b27,b0a244a8-b5e2-4661-b241-de215ec01f7b,1789892246.8323376,1789892246.7821999,1886302.2999999523,browser_calibrated,-0.008562326431274414,1.399993896484375,364576,372201,16,-3.2999515533447266,host_receive_nearest,verified,1,1,,,,,,,,,1,,,,,,,,,,,,,,,,,针对当时“礼崩乐坏”的社会环境，孔子提出了什么治国方案？,1,礼治,V6,A,325.753,1789892246.7821999,1789892246.8323376,372201,,,,,,,,,,
quiz_item_response,1789892246.7774377,1488.804,364587,3,3,,1,G07,A,focused,quiz_item_response,孔子提出的“中庸”思想，其核心含义是什么？,,0.0,0.0,,V6Q4,B,B,True,20905,"{""client_event_id"":""8323b7bb-075a-45ad-bd5b-83483549395d"",""recorder_run_id"":""8b6ce1f9-62a7-4d97-823b-839e8a8c7711"",""client_id"":""b0a244a8-b5e2-4661-b241-de215ec01f7b"",""client_timestamp"":1789892246.786,""client_monotonic_ms"":1886306.199999988,""event_timestamp"":1789892246.7774377,""clock_offset_sec"":-0.008562326431274414,""clock_round_trip_ms"":1.399993896484375,""subject_id"":""sub-007"",""session_id"":""ses-001"",""block_id"":""Block 3"",""counterbalance_group"":""G07"",""block_order"":""Block 3"",""condition"":""A"",""condition_type"":""focused"",""topic_key"":""V6"",""topic_name"":""孔子的救世秘籍 仁爱 礼治 德治 中庸"",""event_type"":""quiz_item_response"",""iso_time"":""2026-09-20T08:17:26.786Z"",""relative_ms"":418276,""video_time_sec"":325.753,""video_id"":""V6"",""question_id"":""V6Q4"",""question_text"":""孔子提出的“中庸”思想，其核心含义是什么？"",""response_index"":1,""response_letter"":""B"",""response_text"":""做事恰到好处，不走极端"",""correct_index"":1,""correct_letter"":""B"",""correct_text"":""做事恰到好处，不走极端"",""is_correct"":true,""reaction_time_ms"":20905,""submitted_iso"":""2026-09-20T08:17:26.786Z"",""submitted_relative_ms"":418276}",8b6ce1f9-62a7-4d97-823b-839e8a8c7711,sub-007,ses-001,8323b7bb-075a-45ad-bd5b-83483549395d,b0a244a8-b5e2-4661-b241-de215ec01f7b,1789892246.8323376,1789892246.786,1886306.199999988,browser_calibrated,-0.008562326431274414,1.399993896484375,364576,372201,16,-7.100105285644531,host_receive_nearest,verified,1,1,,,,,,,,,1,,,,,,,,,,,,,,,,,孔子提出的“中庸”思想，其核心含义是什么？,1,做事恰到好处，不走极端,V6,A,325.753,1789892246.786,1789892246.8323376,372201,,,,,,,,,,
quiz_end,1789892246.7814376,1488.804,364597,3,3,,1,G07,A,focused,quiz_end,4/4,21.514,0.0,0.0,,,,,,,"{""client_event_id"":""659e2b40-5a43-4360-a67a-426ead33f7a0"",""recorder_run_id"":""8b6ce1f9-62a7-4d97-823b-839e8a8c7711"",""client_id"":""b0a244a8-b5e2-4661-b241-de215ec01f7b"",""client_timestamp"":1789892246.79,""client_monotonic_ms"":1886310.0999999642,""event_timestamp"":1789892246.7814376,""clock_offset_sec"":-0.008562326431274414,""clock_round_trip_ms"":1.399993896484375,""subject_id"":""sub-007"",""session_id"":""ses-001"",""block_id"":""Block 3"",""counterbalance_group"":""G07"",""block_order"":""Block 3"",""condition"":""A"",""condition_type"":""focused"",""topic_key"":""V6"",""topic_name"":""孔子的救世秘籍 仁爱 礼治 德治 中庸"",""event_type"":""quiz_end"",""iso_time"":""2026-09-20T08:17:26.790Z"",""relative_ms"":418280,""video_time_sec"":325.753,""score"":4,""total"":4,""duration_sec"":21.514}",8b6ce1f9-62a7-4d97-823b-839e8a8c7711,sub-007,ses-001,659e2b40-5a43-4360-a67a-426ead33f7a0,b0a244a8-b5e2-4661-b241-de215ec01f7b,1789892246.8483374,1789892246.79,1886310.0999999642,browser_calibrated,-0.008562326431274414,1.399993896484375,364576,372201,16,-11.100053787231445,host_receive_nearest,verified,1,1,,,,,,,,,1,,,,,,,,,,,,,,,4,4,,,,V6,A,325.753,1789892246.79,1789892246.8483374,372201,,,,,,,,,,
block_end,1789892246.7814376,1488.804,364597,3,3,,1,G07,A,focused,block_end,V6,,0.0,0.0,,,,,,,,8b6ce1f9-62a7-4d97-823b-839e8a8c7711,sub-007,ses-001,659e2b40-5a43-4360-a67a-426ead33f7a0,b0a244a8-b5e2-4661-b241-de215ec01f7b,1789892246.8483374,1789892246.79,1886310.0999999642,browser_calibrated,-0.008562326431274414,1.399993896484375,364576,372201,16,-11.100053787231445,host_receive_nearest,verified,1,1,,,,,,,,,1,,,,,,,,,,,,,,,,,,,,V6,A,325.753,1789892246.79,1789892246.8483374,372201,,,,,,,,,,
rest_start,1789892246.7880375,1488.808,364597,3,3,,1,G07,A,focused,rest_start,after-block-3,,0.0,0.0,,,,,,,"{""client_event_id"":""8afb6546-3d65-4df2-ad08-4ab99af9a5cb"",""recorder_run_id"":""8b6ce1f9-62a7-4d97-823b-839e8a8c7711"",""client_id"":""b0a244a8-b5e2-4661-b241-de215ec01f7b"",""client_timestamp"":1789892246.7965999,""client_monotonic_ms"":1886316.699999988,""event_timestamp"":1789892246.7880375,""clock_offset_sec"":-0.008562326431274414,""clock_round_trip_ms"":1.399993896484375,""subject_id"":""sub-007"",""session_id"":""ses-001"",""block_id"":""Block 3"",""counterbalance_group"":""G07"",""block_order"":""Block 3"",""condition"":""A"",""condition_type"":""focused"",""topic_key"":""V6"",""topic_name"":""孔子的救世秘籍 仁爱 礼治 德治 中庸"",""event_type"":""rest_start"",""iso_time"":""2026-09-20T08:17:26.796Z"",""relative_ms"":418287,""video_time_sec"":325.753,""after_block_id"":3,""planned_duration"":30,""actual_duration"":"""",""is_formal_experiment"":0}",8b6ce1f9-62a7-4d97-823b-839e8a8c7711,sub-007,ses-001,8afb6546-3d65-4df2-ad08-4ab99af9a5cb,b0a244a8-b5e2-4661-b241-de215ec01f7b,1789892246.8643374,1789892246.7965999,1886316.699999988,browser_calibrated,-0.008562326431274414,1.399993896484375,364577,372202,16,13.299942016601562,host_receive_nearest,verified,0,1,,,,,3,,30,,0,,,,,,,,,,,,,,,,,,,,V6,A,325.753,1789892246.7965999,1789892246.8643374,372202,,,,,,,,,,
qc_status_change,1789892256.9573376,,366637,,,,,G07,,,qc_status_change,warning,,0.0,0.0,,,,,,,通道1 RMS相对基线异常，正在确认是否持续。,8b6ce1f9-62a7-4d97-823b-839e8a8c7711,sub-007,ses-001,,,1789892256.9573376,,,server,,,,,,-1515.0001049041748,outside_sample_tolerance,,,,,,,,,,,,0,,,,,,,,,,,,,,,,,,,,,,,,1789892256.9573376,,,,,,,,,,,
qc_status_change,1789892258.9573376,,366637,,,,,G07,,,qc_status_change,bad,,0.0,0.0,,,,,,,已连续 3.5 秒没有EEG，请立即重新连接耳机。,8b6ce1f9-62a7-4d97-823b-839e8a8c7711,sub-007,ses-001,,,1789892258.9573376,,,server,,,,,,-3515.000104904175,outside_sample_tolerance,,,,,,,,,,,,0,,,,,,,,,,,,,,,,,,,,,,,,1789892258.9573376,,,,,,,,,,,
device_disconnected,1789892259.6453376,,366637,,,,,G07,,,device_disconnected,,,0,0,,,,,,,,8b6ce1f9-62a7-4d97-823b-839e8a8c7711,sub-007,ses-001,,,1789892259.6453376,,,server,,,,,,-4203.000068664551,outside_sample_tolerance,,,,,,,,,,,,0,,,,,,,,,,,,,,,,,,,,,,,,1789892259.6453376,,,,,,,,,,,
device_connected,1789892269.4263375,,366637,,,,,G07,,,device_connected,74:4D:BD:62:FD:8D,,0.0,0.0,,,,,,,,8b6ce1f9-62a7-4d97-823b-839e8a8c7711,sub-007,ses-001,,,1789892269.4263375,,,server,,,,,,-13983.999967575073,outside_sample_tolerance,,,,,,,,,,,,0,,,,,,,,,,,,,,,,,,,,,,,,1789892269.4263375,,,,,,,,,,,
rest_end,1789892289.2648878,,366637,3,3,,1,G07,A,focused,rest_end,after-block-3,42.468,0.0,0.0,,,,,,,"{""client_event_id"":""c6b63372-8161-444a-bc0d-7e080e9b0ebc"",""recorder_run_id"":""8b6ce1f9-62a7-4d97-823b-839e8a8c7711"",""client_id"":""b0a244a8-b5e2-4661-b241-de215ec01f7b"",""client_timestamp"":1789892289.2642,""client_monotonic_ms"":1928784.2999999523,""event_timestamp"":1789892289.2648878,""clock_offset_sec"":0.0006878376007080078,""clock_round_trip_ms"":1.4998912811279297,""subject_id"":""sub-007"",""session_id"":""ses-001"",""block_id"":""Block 3"",""counterbalance_group"":""G07"",""block_order"":""Block 3"",""condition"":""A"",""condition_type"":""focused"",""topic_key"":""V6"",""topic_name"":""孔子的救世秘籍 仁爱 礼治 德治 中庸"",""event_type"":""rest_end"",""iso_time"":""2026-09-20T08:18:09.264Z"",""relative_ms"":460754,""video_time_sec"":325.753,""after_block_id"":3,""planned_duration"":30,""actual_duration"":42.468,""duration_sec"":42.468,""is_formal_experiment"":0,""debug_early"":false}",8b6ce1f9-62a7-4d97-823b-839e8a8c7711,sub-007,ses-001,c6b63372-8161-444a-bc0d-7e080e9b0ebc,b0a244a8-b5e2-4661-b241-de215ec01f7b,1789892289.2543375,1789892289.2642,1928784.2999999523,browser_calibrated,0.0006878376007080078,1.4998912811279297,,,,-33822.55029678345,outside_sample_tolerance,verified,0,1,,,,,3,,30,42.468,0,,,,,,,,,,,,,,,,,,,,V6,A,325.753,1789892289.2642,1789892289.2543375,,,,,,,,,,,
qc_status_change,1789892309.2233374,1497.18,366671,,,,,G07,,,qc_status_change,waiting,,0.0,0.0,,,,,,,等待至少2秒EEG数据。,8b6ce1f9-62a7-4d97-823b-839e8a8c7711,sub-007,ses-001,,,1789892309.2233374,,,server,,,366670,374295,17,-46.99993133544922,host_receive_nearest,,,,,,,,,,,,0,,,,,,,,,,,,,,,,,,,,,,,,1789892309.2233374,374295,,,,,,,,,,
qc_status_change,1789892311.2233374,1499.24,367186,,,,,G07,,,qc_status_change,good,,0.0,0.0,,,,,,,当前QC指标正常。,8b6ce1f9-62a7-4d97-823b-839e8a8c7711,sub-007,ses-001,,,1789892311.2233374,,,server,,,367185,374810,17,0.0,host_receive_nearest,,,,,,,,,,,,0,,,,,,,,,,,,,,,,,,,,,,,,1789892311.2233374,374810,,,,,,,,,,
block_start,1789892318.2321875,1506.22,368931,4,4,,2,G07,B,bbbd_subtraction,block_start,V1,,0.0,0.0,,,,,,,condition=B; condition_type=bbbd_subtraction,8b6ce1f9-62a7-4d97-823b-839e8a8c7711,sub-007,ses-001,ba489af1-7b10-40bc-9d36-d1ff861de05d,b0a244a8-b5e2-4661-b241-de215ec01f7b,1789892318.2233374,1789892318.2326999,1957752.8999999762,browser_calibrated,-0.0005123615264892578,1.4998912811279297,368930,376555,17,-8.85009765625,host_receive_nearest,verified,0,1,853,1789890396.5673375,,,,,,,1,,,,,,,,,,,,,,,,,,,,V1,B,0,1789892318.2326999,1789892318.2233374,376555,,,,,,,,,,
condition_prompt_start,1789892318.2321875,1506.22,368931,4,4,,2,G07,B,bbbd_subtraction,condition_prompt_start,B,,0.0,0.0,,,,,,,,8b6ce1f9-62a7-4d97-823b-839e8a8c7711,sub-007,ses-001,ba489af1-7b10-40bc-9d36-d1ff861de05d,b0a244a8-b5e2-4661-b241-de215ec01f7b,1789892318.2233374,1789892318.2326999,1957752.8999999762,browser_calibrated,-0.0005123615264892578,1.4998912811279297,368930,376555,17,-8.85009765625,host_receive_nearest,verified,0,1,,,,,,,,,1,,,,,,,,,,,,,,,,,,,,V1,B,0,1789892318.2326999,1789892318.2233374,376555,,,,,,,,,,
browser_block_config,1789892318.2321875,1506.22,368931,4,4,,2,G07,B,bbbd_subtraction,browser_block_config,V1,,0.0,0.0,,,,,,,"{""client_event_id"":""ba489af1-7b10-40bc-9d36-d1ff861de05d"",""recorder_run_id"":""8b6ce1f9-62a7-4d97-823b-839e8a8c7711"",""client_id"":""b0a244a8-b5e2-4661-b241-de215ec01f7b"",""client_timestamp"":1789892318.2326999,""client_monotonic_ms"":1957752.8999999762,""event_timestamp"":1789892318.2321875,""clock_offset_sec"":-0.0005123615264892578,""clock_round_trip_ms"":1.4998912811279297,""subject_id"":""sub-007"",""session_id"":""ses-001"",""block_id"":""Block 4"",""counterbalance_group"":""G07"",""block_order"":""Block 4"",""condition"":""B"",""condition_type"":""bbbd_subtraction"",""topic_key"":""V1"",""topic_name"":""商鞅 一个改变秦国命运的男人"",""event_type"":""block_start"",""iso_time"":""2026-09-20T08:18:38.232Z"",""relative_ms"":0,""video_time_sec"":0,""block_start_iso"":""2026-09-20T08:18:38.232Z"",""config_json"":""{\""recorder_run_id\"":\""8b6ce1f9-62a7-4d97-823b-839e8a8c7711\"",\""subject_id\"":\""sub-007\"",\""session_id\"":\""ses-001\"",\""block_id\"":\""Block 4\"",\""counterbalance_group\"":\""G07\"",\""condition\"":\""B\"",\""condition_type\"":\""bbbd_subtraction\"",\""topic_key\"":\""V1\"",\""topic_name\"":\""商鞅 一个改变秦国命运的男人\"",\""video_file\"":\""视频1-混知漫画｜商鞅！一个改变秦国命运的男人！-480P 标清-AVC.mp4\"",\""start_number\"":853,\""generated_timestamp\"":1789890396.5673375}""}",8b6ce1f9-62a7-4d97-823b-839e8a8c7711,sub-007,ses-001,ba489af1-7b10-40bc-9d36-d1ff861de05d,b0a244a8-b5e2-4661-b241-de215ec01f7b,1789892318.2233374,1789892318.2326999,1957752.8999999762,browser_calibrated,-0.0005123615264892578,1.4998912811279297,368930,376555,17,-8.85009765625,host_receive_nearest,verified,0,1,,,,,,,,,1,,,,,,,,,,,,,,,,,,,,V1,B,0,1789892318.2326999,1789892318.2233374,376555,,,,,,,,,,
probe_schedule,1789892318.2871876,1506.28,368946,4,4,,2,G07,B,bbbd_subtraction,probe_schedule,"46.418,176.289,243.612,314.13",,0.0,0.0,,,,,,,"{""client_event_id"":""ef7cf6e6-4146-4c9c-b61c-fa1a145acd05"",""recorder_run_id"":""8b6ce1f9-62a7-4d97-823b-839e8a8c7711"",""client_id"":""b0a244a8-b5e2-4661-b241-de215ec01f7b"",""client_timestamp"":1789892318.2877,""client_monotonic_ms"":1957807.7999999523,""event_timestamp"":1789892318.2871876,""clock_offset_sec"":-0.0005123615264892578,""clock_round_trip_ms"":1.4998912811279297,""subject_id"":""sub-007"",""session_id"":""ses-001"",""block_id"":""Block 4"",""counterbalance_group"":""G07"",""block_order"":""Block 4"",""condition"":""B"",""condition_type"":""bbbd_subtraction"",""topic_key"":""V1"",""topic_name"":""商鞅 一个改变秦国命运的男人"",""event_type"":""probe_schedule"",""iso_time"":""2026-09-20T08:18:38.287Z"",""relative_ms"":55,""video_time_sec"":0,""probe_schedule_id"":""1f3607bd-efcf-4249-8ca3-610c3e677895"",""probe_times"":[46.418,176.289,243.612,314.13],""probe_config"":{""probes_per_block"":4,""min_first_onset_sec"":45,""min_end_margin_sec"":30,""min_gap_sec"":45},""video_duration_sec"":346.795,""video_id"":""V1"",""debug_fast"":false}",8b6ce1f9-62a7-4d97-823b-839e8a8c7711,sub-007,ses-001,ef7cf6e6-4146-4c9c-b61c-fa1a145acd05,b0a244a8-b5e2-4661-b241-de215ec01f7b,1789892318.2863376,1789892318.2877,1957807.7999999523,browser_calibrated,-0.0005123615264892578,1.4998912811279297,368945,376570,17,-16.849994659423828,host_receive_nearest,verified,1,1,,,,,,,,,1,,,,,,,,,,,,,,,,,,,,V1,B,0,1789892318.2877,1789892318.2863376,376570,,4,1f3607bd-efcf-4249-8ca3-610c3e677895,,,,,,,
subtraction_start_number_displayed,1789892318.2909877,1506.284,368951,4,4,,2,G07,B,bbbd_subtraction,subtraction_start_number_displayed,853,,0.0,0.0,,,,,,,"{""client_event_id"":""5eb0c2db-967a-44c4-9663-b22573ac4036"",""recorder_run_id"":""8b6ce1f9-62a7-4d97-823b-839e8a8c7711"",""client_id"":""b0a244a8-b5e2-4661-b241-de215ec01f7b"",""client_timestamp"":1789892318.2915,""client_monotonic_ms"":1957811.5999999642,""event_timestamp"":1789892318.2909877,""clock_offset_sec"":-0.0005123615264892578,""clock_round_trip_ms"":1.4998912811279297,""subject_id"":""sub-007"",""session_id"":""ses-001"",""block_id"":""Block 4"",""counterbalance_group"":""G07"",""block_order"":""Block 4"",""condition"":""B"",""condition_type"":""bbbd_subtraction"",""topic_key"":""V1"",""topic_name"":""商鞅 一个改变秦国命运的男人"",""event_type"":""subtraction_start_number_displayed"",""iso_time"":""2026-09-20T08:18:38.291Z"",""relative_ms"":59,""video_time_sec"":0,""start_number"":853,""generated_timestamp"":1789890396.5673375,""displayed_timestamp"":1789892318.2914}",8b6ce1f9-62a7-4d97-823b-839e8a8c7711,sub-007,ses-001,5eb0c2db-967a-44c4-9663-b22573ac4036,b0a244a8-b5e2-4661-b241-de215ec01f7b,1789892318.3013375,1789892318.2915,1957811.5999999642,browser_calibrated,-0.0005123615264892578,1.4998912811279297,368946,376571,17,10.349750518798828,host_receive_nearest,verified,1,0,853,1789890396.5673375,1789892318.2914,,,,,,1,,,,,,,,,,,,,,,,,,,,V1,B,0,1789892318.2915,1789892318.3013375,376571,,,,,,,,,,
qc_status_change,1789892323.2393374,1511.18,370171,4,4,,2,G07,B,bbbd_subtraction,qc_status_change,warning,,0.0,0.0,,,,,,,通道1 RMS相对基线异常，正在确认是否持续。,8b6ce1f9-62a7-4d97-823b-839e8a8c7711,sub-007,ses-001,,,1789892323.2393374,,,server,,,370170,377795,17,-62.99996376037598,host_receive_nearest,,,,,,,,,,,,1,,,,,,,,,,,,,,,,,,,,V1,B,,,1789892323.2393374,377795,,,,,,,,,,
condition_prompt_end,1789892323.2977,1511.24,370186,4,4,,2,G07,B,bbbd_subtraction,condition_prompt_end,0,,0.0,0.0,,,,,,,"{""client_event_id"":""1b2786ae-9697-4ca8-a656-ad887fd907bd"",""recorder_run_id"":""8b6ce1f9-62a7-4d97-823b-839e8a8c7711"",""client_id"":""b0a244a8-b5e2-4661-b241-de215ec01f7b"",""client_timestamp"":1789892323.2977998,""client_monotonic_ms"":1962817.8999999762,""event_timestamp"":1789892323.2977,""clock_offset_sec"":-0.0005123615264892578,""clock_round_trip_ms"":1.4998912811279297,""subject_id"":""sub-007"",""session_id"":""ses-001"",""block_id"":""Block 4"",""counterbalance_group"":""G07"",""block_order"":""Block 4"",""condition"":""B"",""condition_type"":""bbbd_subtraction"",""topic_key"":""V1"",""topic_name"":""商鞅 一个改变秦国命运的男人"",""event_type"":""condition_prompt_end"",""iso_time"":""2026-09-20T08:18:43.297Z"",""relative_ms"":5065,""video_time_sec"":0}",8b6ce1f9-62a7-4d97-823b-839e8a8c7711,sub-007,ses-001,1b2786ae-9697-4ca8-a656-ad887fd907bd,b0a244a8-b5e2-4661-b241-de215ec01f7b,1789892323.3013375,1789892323.2977998,1962817.8999999762,browser_calibrated,-0.0005123615264892578,1.4998912811279297,370185,377810,17,-11.362314224243164,host_receive_nearest,verified,1,0,,,,,,,,,1,,,,,,,,,,,,,,,,,,,,V1,B,0,1789892323.2977998,1789892323.3013375,377810,,,,,,,,,,
video_start,1789892323.2977,1511.24,370186,4,4,,2,G07,B,bbbd_subtraction,video_start,V1,,0.0,0.0,,,,,,,,8b6ce1f9-62a7-4d97-823b-839e8a8c7711,sub-007,ses-001,01c6366a-7482-49c3-b3b3-ea65b82ba0ad,b0a244a8-b5e2-4661-b241-de215ec01f7b,1789892323.3173375,1789892323.3028998,1962823,browser_calibrated,-0.0005123615264892578,1.4998912811279297,370185,377810,17,-11.362314224243164,host_receive_nearest,verified,1,1,,,,,,,,,1,,,,,,,,,,,,,,,,,,,,V1,B,0,1789892323.3028998,1789892323.3173375,377810,,,,,,,,,,
video_play,1789892323.2977,1511.24,370186,4,4,,2,G07,B,bbbd_subtraction,video_play,0,,0.0,0.0,,,,,,,"{""client_event_id"":""01c6366a-7482-49c3-b3b3-ea65b82ba0ad"",""recorder_run_id"":""8b6ce1f9-62a7-4d97-823b-839e8a8c7711"",""client_id"":""b0a244a8-b5e2-4661-b241-de215ec01f7b"",""client_timestamp"":1789892323.3028998,""client_monotonic_ms"":1962823,""event_timestamp"":1789892323.2977,""clock_offset_sec"":-0.0005123615264892578,""clock_round_trip_ms"":1.4998912811279297,""subject_id"":""sub-007"",""session_id"":""ses-001"",""block_id"":""Block 4"",""counterbalance_group"":""G07"",""block_order"":""Block 4"",""condition"":""B"",""condition_type"":""bbbd_subtraction"",""topic_key"":""V1"",""topic_name"":""商鞅 一个改变秦国命运的男人"",""event_type"":""video_play"",""iso_time"":""2026-09-20T08:18:43.303Z"",""relative_ms"":5070,""video_time_sec"":0}",8b6ce1f9-62a7-4d97-823b-839e8a8c7711,sub-007,ses-001,01c6366a-7482-49c3-b3b3-ea65b82ba0ad,b0a244a8-b5e2-4661-b241-de215ec01f7b,1789892323.3173375,1789892323.3028998,1962823,browser_calibrated,-0.0005123615264892578,1.4998912811279297,370185,377810,17,-11.362314224243164,host_receive_nearest,verified,1,1,,,,,,,,,1,,,,,,,,,,,,,,,,,,,,V1,B,0,1789892323.3028998,1789892323.3173375,377810,,,,,,,,,,
subtraction_start_number_hidden,1789892323.2977,1511.24,370186,4,4,,2,G07,B,bbbd_subtraction,subtraction_start_number_hidden,853,,0.0,0.0,,,,,,,"{""client_event_id"":""a6270e6d-4ef1-4d40-ab48-f380372e45dd"",""recorder_run_id"":""8b6ce1f9-62a7-4d97-823b-839e8a8c7711"",""client_id"":""b0a244a8-b5e2-4661-b241-de215ec01f7b"",""client_timestamp"":1789892323.307,""client_monotonic_ms"":1962827.0999999642,""event_timestamp"":1789892323.2977,""clock_offset_sec"":-0.0005123615264892578,""clock_round_trip_ms"":1.4998912811279297,""subject_id"":""sub-007"",""session_id"":""ses-001"",""block_id"":""Block 4"",""counterbalance_group"":""G07"",""block_order"":""Block 4"",""condition"":""B"",""condition_type"":""bbbd_subtraction"",""topic_key"":""V1"",""topic_name"":""商鞅 一个改变秦国命运的男人"",""event_type"":""subtraction_start_number_hidden"",""iso_time"":""2026-09-20T08:18:43.307Z"",""relative_ms"":5074,""video_time_sec"":0,""start_number"":853,""generated_timestamp"":1789890396.5673375,""displayed_timestamp"":1789892318.2914,""hidden_timestamp"":1789892323.2977}",8b6ce1f9-62a7-4d97-823b-839e8a8c7711,sub-007,ses-001,a6270e6d-4ef1-4d40-ab48-f380372e45dd,b0a244a8-b5e2-4661-b241-de215ec01f7b,1789892323.3323376,1789892323.307,1962827.0999999642,browser_calibrated,-0.0005123615264892578,1.4998912811279297,370185,377810,17,-11.362314224243164,host_receive_nearest,verified,1,0,853,1789890396.5673375,1789892318.2914,1789892323.2977,,,,,1,,,,,,,,,,,,,,,,,,,,V1,B,0,1789892323.307,1789892323.3323376,377810,,,,,,,,,,
qc_status_change,1789892329.2393374,1517.22,371601,4,4,,2,G07,B,bbbd_subtraction,qc_status_change,bad,,0.0,0.0,,,,,,,丢包率 3.19% 偏高。; 通道1 RMS相对基线突变，可能接触不稳，请检查并重新连接。; 通道2 RMS相对基线突变，可能接触不稳，请检查并重新连接。,8b6ce1f9-62a7-4d97-823b-839e8a8c7711,sub-007,ses-001,,,1789892329.2393374,,,server,,,371600,379305,17,0.0,host_receive_nearest,,,,,,,,,,,,1,,,,,,,,,,,,,,,,,,,,V1,B,,,1789892329.2393374,379305,,,,,,,,,,
qc_status_change,1789892333.2393374,1521.24,372606,4,4,,2,G07,B,bbbd_subtraction,qc_status_change,warning,,0.0,0.0,,,,,,,丢包率 3.18% 偏高。,8b6ce1f9-62a7-4d97-823b-839e8a8c7711,sub-007,ses-001,,,1789892333.2393374,,,server,,,372605,380310,17,0.0,host_receive_nearest,,,,,,,,,,,,1,,,,,,,,,,,,,,,,,,,,V1,B,,,1789892333.2393374,380310,,,,,,,,,,
qc_status_change,1789892335.2393374,1523.24,373106,4,4,,2,G07,B,bbbd_subtraction,qc_status_change,good,,0.0,0.0,,,,,,,当前QC指标正常。,8b6ce1f9-62a7-4d97-823b-839e8a8c7711,sub-007,ses-001,,,1789892335.2393374,,,server,,,373105,380810,17,0.0,host_receive_nearest,,,,,,,,,,,,1,,,,,,,,,,,,,,,,,,,,V1,B,,,1789892335.2393374,380810,,,,,,,,,,
probe_onset,1789892369.8285377,1557.82,381751,4,4,,2,G07,B,bbbd_subtraction,probe_onset,Block 4_1_1f3607bd,,0.0,0.0,,,,,,,"{""client_event_id"":""b1258026-ed9d-4b63-bcf5-a7e1fb515d0f"",""recorder_run_id"":""8b6ce1f9-62a7-4d97-823b-839e8a8c7711"",""client_id"":""b0a244a8-b5e2-4661-b241-de215ec01f7b"",""client_timestamp"":1789892369.8367,""client_monotonic_ms"":2009356.7999999523,""event_timestamp"":1789892369.8285377,""clock_offset_sec"":-0.008162260055541992,""clock_round_trip_ms"":1.399993896484375,""subject_id"":""sub-007"",""session_id"":""ses-001"",""block_id"":""Block 4"",""counterbalance_group"":""G07"",""block_order"":""Block 4"",""condition"":""B"",""condition_type"":""bbbd_subtraction"",""topic_key"":""V1"",""topic_name"":""商鞅 一个改变秦国命运的男人"",""event_type"":""probe_onset"",""iso_time"":""2026-09-20T08:19:29.836Z"",""relative_ms"":51604,""video_time_sec"":46.483,""probe_id"":""Block 4_1_1f3607bd"",""probe_index"":1,""probe_schedule_id"":""1f3607bd-efcf-4249-8ca3-610c3e677895"",""probe_planned_time_sec"":46.418,""video_id"":""V1"",""pause_reason"":""thought_probe"",""forced"":false}",8b6ce1f9-62a7-4d97-823b-839e8a8c7711,sub-007,ses-001,b1258026-ed9d-4b63-bcf5-a7e1fb515d0f,b0a244a8-b5e2-4661-b241-de215ec01f7b,1789892369.8323376,1789892369.8367,2009356.7999999523,browser_calibrated,-0.008162260055541992,1.399993896484375,381750,389455,17,-11.200189590454102,host_receive_nearest,verified,1,1,,,,,,,,,1,,,,,,,,,,,,,,,,,,,,V1,B,46.483,1789892369.8367,1789892369.8323376,389455,Block 4_1_1f3607bd,1,1f3607bd-efcf-4249-8ca3-610c3e677895,46.418,,,,,,thought_probe
attention_response,1789892372.7803378,1560.78,382491,4,4,,2,G07,B,bbbd_subtraction,attention_response,2,,0.0,0.0,,,,,,,"{""client_event_id"":""ef9feb11-3166-4577-886a-15ae7e9ee4d7"",""recorder_run_id"":""8b6ce1f9-62a7-4d97-823b-839e8a8c7711"",""client_id"":""b0a244a8-b5e2-4661-b241-de215ec01f7b"",""client_timestamp"":1789892372.7885,""client_monotonic_ms"":2012308.5999999642,""event_timestamp"":1789892372.7803378,""clock_offset_sec"":-0.008162260055541992,""clock_round_trip_ms"":1.399993896484375,""subject_id"":""sub-007"",""session_id"":""ses-001"",""block_id"":""Block 4"",""counterbalance_group"":""G07"",""block_order"":""Block 4"",""condition"":""B"",""condition_type"":""bbbd_subtraction"",""topic_key"":""V1"",""topic_name"":""商鞅 一个改变秦国命运的男人"",""event_type"":""attention_response"",""iso_time"":""2026-09-20T08:19:32.788Z"",""relative_ms"":54556,""video_time_sec"":46.483,""probe_id"":""Block 4_1_1f3607bd"",""probe_index"":1,""probe_schedule_id"":""1f3607bd-efcf-4249-8ca3-610c3e677895"",""probe_planned_time_sec"":46.418,""video_id"":""V1"",""response"":2,""response_label"":""连续减7心算任务"",""probe_attention"":""OFF"",""response_time_ms"":2952}",8b6ce1f9-62a7-4d97-823b-839e8a8c7711,sub-007,ses-001,ef9feb11-3166-4577-886a-15ae7e9ee4d7,b0a244a8-b5e2-4661-b241-de215ec01f7b,1789892372.7863376,1789892372.7885,2012308.5999999642,browser_calibrated,-0.008162260055541992,1.399993896484375,382490,390195,17,-10.000228881835938,host_receive_nearest,verified,1,1,,,,,,,,,1,,,,,,,,,,,,,,,,,,,,V1,B,46.483,1789892372.7885,1789892372.7863376,390195,Block 4_1_1f3607bd,1,1f3607bd-efcf-4249-8ca3-610c3e677895,46.418,2,连续减7心算任务,2952,,OFF,
confidence_response,1789892373.3786376,1561.364,382641,4,4,,2,G07,B,bbbd_subtraction,confidence_response,4,,0.0,0.0,,,,,,,"{""client_event_id"":""d460263f-c28b-4ed2-a925-9b90b7fa1df9"",""recorder_run_id"":""8b6ce1f9-62a7-4d97-823b-839e8a8c7711"",""client_id"":""b0a244a8-b5e2-4661-b241-de215ec01f7b"",""client_timestamp"":1789892373.3867998,""client_monotonic_ms"":2012906.8999999762,""event_timestamp"":1789892373.3786376,""clock_offset_sec"":-0.008162260055541992,""clock_round_trip_ms"":1.399993896484375,""subject_id"":""sub-007"",""session_id"":""ses-001"",""block_id"":""Block 4"",""counterbalance_group"":""G07"",""block_order"":""Block 4"",""condition"":""B"",""condition_type"":""bbbd_subtraction"",""topic_key"":""V1"",""topic_name"":""商鞅 一个改变秦国命运的男人"",""event_type"":""confidence_response"",""iso_time"":""2026-09-20T08:19:33.386Z"",""relative_ms"":55154,""video_time_sec"":46.483,""probe_id"":""Block 4_1_1f3607bd"",""probe_index"":1,""probe_schedule_id"":""1f3607bd-efcf-4249-8ca3-610c3e677895"",""probe_planned_time_sec"":46.418,""video_id"":""V1"",""response"":2,""confidence"":4,""response_time_ms"":598}",8b6ce1f9-62a7-4d97-823b-839e8a8c7711,sub-007,ses-001,d460263f-c28b-4ed2-a925-9b90b7fa1df9,b0a244a8-b5e2-4661-b241-de215ec01f7b,1789892373.3793375,1789892373.3867998,2012906.8999999762,browser_calibrated,-0.008162260055541992,1.399993896484375,382636,390341,17,0.6999969482421875,host_receive_nearest,verified,1,1,,,,,,,,,1,,,,,,,,,,,,,,,,,,,,V1,B,46.483,1789892373.3867998,1789892373.3953376,390341,Block 4_1_1f3607bd,1,1f3607bd-efcf-4249-8ca3-610c3e677895,46.418,,,598,4,,
phase_change,1789892373.3836374,1561.38,382646,4,4,,2,G07,B,bbbd_subtraction,phase_change,video,,0.0,0.0,,,,,,,,8b6ce1f9-62a7-4d97-823b-839e8a8c7711,sub-007,ses-001,1b3cba59-e0cd-4d1b-acc6-e52d999cca07,b0a244a8-b5e2-4661-b241-de215ec01f7b,1789892373.3953376,1789892373.3917997,2012911.8999999762,browser_calibrated,-0.008162260055541992,1.399993896484375,382640,390345,17,-4.29987907409668,host_receive_nearest,verified,1,1,,,,,,,,,1,,,,,,,,,,,,,,,,,,,,V1,B,46.54,1789892373.3917997,1789892373.3953376,390345,,,,,,,,,,
video_resume,1789892373.3836374,1561.38,382646,4,4,,2,G07,B,bbbd_subtraction,video_resume,46.54,,0.0,0.0,,,,,,,"{""client_event_id"":""1b3cba59-e0cd-4d1b-acc6-e52d999cca07"",""recorder_run_id"":""8b6ce1f9-62a7-4d97-823b-839e8a8c7711"",""client_id"":""b0a244a8-b5e2-4661-b241-de215ec01f7b"",""client_timestamp"":1789892373.3917997,""client_monotonic_ms"":2012911.8999999762,""event_timestamp"":1789892373.3836374,""clock_offset_sec"":-0.008162260055541992,""clock_round_trip_ms"":1.399993896484375,""subject_id"":""sub-007"",""session_id"":""ses-001"",""block_id"":""Block 4"",""counterbalance_group"":""G07"",""block_order"":""Block 4"",""condition"":""B"",""condition_type"":""bbbd_subtraction"",""topic_key"":""V1"",""topic_name"":""商鞅 一个改变秦国命运的男人"",""event_type"":""video_resume"",""iso_time"":""2026-09-20T08:19:33.391Z"",""relative_ms"":55159,""video_time_sec"":46.54,""probe_id"":""Block 4_1_1f3607bd"",""probe_index"":1,""probe_schedule_id"":""1f3607bd-efcf-4249-8ca3-610c3e677895"",""probe_planned_time_sec"":46.418,""video_id"":""V1"",""pause_reason"":""thought_probe"",""resume_status"":""playing""}",8b6ce1f9-62a7-4d97-823b-839e8a8c7711,sub-007,ses-001,1b3cba59-e0cd-4d1b-acc6-e52d999cca07,b0a244a8-b5e2-4661-b241-de215ec01f7b,1789892373.3953376,1789892373.3917997,2012911.8999999762,browser_calibrated,-0.008162260055541992,1.399993896484375,382640,390345,17,-4.29987907409668,host_receive_nearest,verified,1,1,,,,,,,,,1,,,,,,,,,,,,,,,,,,,,V1,B,46.54,1789892373.3917997,1789892373.3953376,390345,Block 4_1_1f3607bd,,,,,,,,,thought_probe
eeg_dropout,1789892405.2863376,,389921,4,4,,2,G07,B,bbbd_subtraction,eeg_dropout,signal_lost,,0.0,0.0,,,,,,,absence_threshold_sec=2,8b6ce1f9-62a7-4d97-823b-839e8a8c7711,sub-007,ses-001,,,1789892405.2863376,,,server,,,,,,-2282.0000648498535,outside_sample_tolerance,,,,,,,,,,,,1,,,,,,,,,,,,,,,,,,,,V1,B,,,1789892405.2863376,,,,,,,,,,,eeg_dropout
qc_status_change,1789892405.2863376,,389921,4,4,,2,G07,B,bbbd_subtraction,qc_status_change,bad,,0.0,0.0,,,,,,,已连续 2.3 秒没有EEG，请立即重新连接耳机。,8b6ce1f9-62a7-4d97-823b-839e8a8c7711,sub-007,ses-001,,,1789892405.2863376,,,server,,,,,,-2282.0000648498535,outside_sample_tolerance,,,,,,,,,,,,1,,,,,,,,,,,,,,,,,,,,V1,B,,,1789892405.2863376,,,,,,,,,,,
phase_change,1789892405.4415374,,389921,4,4,,2,G07,B,bbbd_subtraction,phase_change,paused,,0.0,0.0,,,,,,,,8b6ce1f9-62a7-4d97-823b-839e8a8c7711,sub-007,ses-001,ef8657b6-047e-457c-840d-00a8755f9fb5,b0a244a8-b5e2-4661-b241-de215ec01f7b,1789892405.4423375,1789892405.4520998,2044972.199999988,browser_calibrated,-0.010562419891357422,1.399993896484375,,,,-2437.199831008911,outside_sample_tolerance,verified,1,1,,,,,,,,,1,,,,,,,,,,,,,,,,,,,,V1,B,78.538,1789892405.4520998,1789892405.4423375,,,,,,,,,,,
video_pause,1789892405.4415374,,389921,4,4,,2,G07,B,bbbd_subtraction,video_pause,78.538,,0.0,0.0,,,,,,,"{""client_event_id"":""ef8657b6-047e-457c-840d-00a8755f9fb5"",""recorder_run_id"":""8b6ce1f9-62a7-4d97-823b-839e8a8c7711"",""client_id"":""b0a244a8-b5e2-4661-b241-de215ec01f7b"",""client_timestamp"":1789892405.4520998,""client_monotonic_ms"":2044972.199999988,""event_timestamp"":1789892405.4415374,""clock_offset_sec"":-0.010562419891357422,""clock_round_trip_ms"":1.399993896484375,""subject_id"":""sub-007"",""session_id"":""ses-001"",""block_id"":""Block 4"",""counterbalance_group"":""G07"",""block_order"":""Block 4"",""condition"":""B"",""condition_type"":""bbbd_subtraction"",""topic_key"":""V1"",""topic_name"":""商鞅 一个改变秦国命运的男人"",""event_type"":""video_pause"",""iso_time"":""2026-09-20T08:20:05.452Z"",""relative_ms"":87219,""video_time_sec"":78.538,""pause_reason"":""eeg_dropout"",""reason"":""automatic_watchdog""}",8b6ce1f9-62a7-4d97-823b-839e8a8c7711,sub-007,ses-001,ef8657b6-047e-457c-840d-00a8755f9fb5,b0a244a8-b5e2-4661-b241-de215ec01f7b,1789892405.4423375,1789892405.4520998,2044972.199999988,browser_calibrated,-0.010562419891357422,1.399993896484375,,,,-2437.199831008911,outside_sample_tolerance,verified,1,1,,,,,,,,,1,,,,,,,,,,,,,,,,,,,,V1,B,78.538,1789892405.4520998,1789892405.4423375,,,,,,,,,,,eeg_dropout
device_disconnected,1789892407.1293375,,389921,4,4,,2,G07,B,bbbd_subtraction,device_disconnected,,,0,0,,,,,,,,8b6ce1f9-62a7-4d97-823b-839e8a8c7711,sub-007,ses-001,,,1789892407.1293375,,,server,,,,,,-4125.0,outside_sample_tolerance,,,,,,,,,,,,1,,,,,,,,,,,,,,,,,,,,V1,B,,,1789892407.1293375,,,,,,,,,,,
device_connected,1789892414.3483374,,389921,4,4,,2,G07,B,bbbd_subtraction,device_connected,74:4D:BD:62:FD:8D,,0.0,0.0,,,,,,,,8b6ce1f9-62a7-4d97-823b-839e8a8c7711,sub-007,ses-001,,,1789892414.3483374,,,server,,,,,,-11343.999862670898,outside_sample_tolerance,,,,,,,,,,,,1,,,,,,,,,,,,,,,,,,,,V1,B,,,1789892414.3483374,,,,,,,,,,,
eeg_recovery,1789892414.3793375,1590.504,389921,4,4,,2,G07,B,bbbd_subtraction,eeg_recovery,signal_recovered,11.375,0.0,0.0,,,,,,,等待实验员重新确认同步后恢复视频,8b6ce1f9-62a7-4d97-823b-839e8a8c7711,sub-007,ses-001,,,1789892414.3793375,,,server,,,389921,397626,18,0.0,host_receive_nearest,,,,,,,,,,,,1,,,,,,,,,,,,,,,,,,,,V1,B,,,1789892414.3793375,397626,,,,,,,,,,eeg_dropout
qc_status_change,1789892415.3643374,1591.496,390170,4,4,,2,G07,B,bbbd_subtraction,qc_status_change,waiting,,0.0,0.0,,,,,,,等待至少2秒EEG数据。,8b6ce1f9-62a7-4d97-823b-839e8a8c7711,sub-007,ses-001,,,1789892415.3643374,,,server,,,390169,397874,18,-46.99993133544922,host_receive_nearest,,,,,,,,,,,,1,,,,,,,,,,,,,,,,,,,,V1,B,,,1789892415.3643374,397874,,,,,,,,,,
qc_status_change,1789892417.3793375,1592.656,390460,4,4,,2,G07,B,bbbd_subtraction,qc_status_change,good,,0.0,0.0,,,,,,,当前QC指标正常。,8b6ce1f9-62a7-4d97-823b-839e8a8c7711,sub-007,ses-001,,,1789892417.3793375,,,server,,,390459,398164,18,-31.000137329101562,host_receive_nearest,,,,,,,,,,,,1,,,,,,,,,,,,,,,,,,,,V1,B,,,1789892417.3793375,398164,,,,,,,,,,
eeg_recovery_confirmed,1789892417.8233376,1593.956,390665,4,4,,2,G07,B,bbbd_subtraction,eeg_recovery_confirmed,78.538,,0.0,0.0,,,,,,,"{""client_event_id"":""cad88155-5049-4d07-88d4-173a2f83a719"",""recorder_run_id"":""8b6ce1f9-62a7-4d97-823b-839e8a8c7711"",""client_id"":""b0a244a8-b5e2-4661-b241-de215ec01f7b"",""client_timestamp"":1789892417.8339,""client_monotonic_ms"":2057354,""event_timestamp"":1789892417.8233376,""clock_offset_sec"":-0.010562419891357422,""clock_round_trip_ms"":1.399993896484375,""subject_id"":""sub-007"",""session_id"":""ses-001"",""block_id"":""Block 4"",""counterbalance_group"":""G07"",""block_order"":""Block 4"",""condition"":""B"",""condition_type"":""bbbd_subtraction"",""topic_key"":""V1"",""topic_name"":""商鞅 一个改变秦国命运的男人"",""event_type"":""eeg_recovery_confirmed"",""iso_time"":""2026-09-20T08:20:17.833Z"",""relative_ms"":99601,""video_time_sec"":78.538,""pause_reason"":""eeg_dropout""}",8b6ce1f9-62a7-4d97-823b-839e8a8c7711,sub-007,ses-001,cad88155-5049-4d07-88d4-173a2f83a719,b0a244a8-b5e2-4661-b241-de215ec01f7b,1789892417.8323376,1789892417.8339,2057354,browser_calibrated,-0.010562419891357422,1.399993896484375,390664,398489,18,-6.000041961669922,host_receive_nearest,verified,1,0,,,,,,,,,1,,,,,,,,,,,,,,,,,,,,V1,B,78.538,1789892417.8339,1789892417.8323376,398489,,,,,,,,,,
phase_change,1789892417.8276374,1593.96,390670,4,4,,2,G07,B,bbbd_subtraction,phase_change,video,,0.0,0.0,,,,,,,,8b6ce1f9-62a7-4d97-823b-839e8a8c7711,sub-007,ses-001,9183cec6-cf27-4750-8169-c5295521bebc,b0a244a8-b5e2-4661-b241-de215ec01f7b,1789892417.8483374,1789892417.8381999,2057358.2999999523,browser_calibrated,-0.010562419891357422,1.399993896484375,390665,398490,18,4.700183868408203,host_receive_nearest,verified,1,1,,,,,,,,,1,,,,,,,,,,,,,,,,,,,,V1,B,78.538,1789892417.8381999,1789892417.8483374,398490,,,,,,,,,,
video_resume,1789892417.8276374,1593.96,390670,4,4,,2,G07,B,bbbd_subtraction,video_resume,78.538,,0.0,0.0,,,,,,,"{""client_event_id"":""9183cec6-cf27-4750-8169-c5295521bebc"",""recorder_run_id"":""8b6ce1f9-62a7-4d97-823b-839e8a8c7711"",""client_id"":""b0a244a8-b5e2-4661-b241-de215ec01f7b"",""client_timestamp"":1789892417.8381999,""client_monotonic_ms"":2057358.2999999523,""event_timestamp"":1789892417.8276374,""clock_offset_sec"":-0.010562419891357422,""clock_round_trip_ms"":1.399993896484375,""subject_id"":""sub-007"",""session_id"":""ses-001"",""block_id"":""Block 4"",""counterbalance_group"":""G07"",""block_order"":""Block 4"",""condition"":""B"",""condition_type"":""bbbd_subtraction"",""topic_key"":""V1"",""topic_name"":""商鞅 一个改变秦国命运的男人"",""event_type"":""video_resume"",""iso_time"":""2026-09-20T08:20:17.838Z"",""relative_ms"":99606,""video_time_sec"":78.538,""pause_reason"":""eeg_dropout""}",8b6ce1f9-62a7-4d97-823b-839e8a8c7711,sub-007,ses-001,9183cec6-cf27-4750-8169-c5295521bebc,b0a244a8-b5e2-4661-b241-de215ec01f7b,1789892417.8483374,1789892417.8381999,2057358.2999999523,browser_calibrated,-0.010562419891357422,1.399993896484375,390665,398490,18,4.700183868408203,host_receive_nearest,verified,1,1,,,,,,,,,1,,,,,,,,,,,,,,,,,,,,V1,B,78.538,1789892417.8381999,1789892417.8483374,398490,,,,,,,,,,eeg_dropout
qc_status_change,1789892419.3643374,1595.536,391060,4,4,,2,G07,B,bbbd_subtraction,qc_status_change,bad,,0.0,0.0,,,,,,,丢包率 9.53% 过高，请检查蓝牙距离、供电和连接。,8b6ce1f9-62a7-4d97-823b-839e8a8c7711,sub-007,ses-001,,,1789892419.3643374,,,server,,,391059,398884,18,0.0,host_receive_nearest,,,,,,,,,,,,1,,,,,,,,,,,,,,,,,,,,V1,B,,,1789892419.3643374,398884,,,,,,,,,,
qc_status_change,1789892425.3793375,1601.516,392555,4,4,,2,G07,B,bbbd_subtraction,qc_status_change,warning,,0.0,0.0,,,,,,,丢包率 4.79% 偏高。,8b6ce1f9-62a7-4d97-823b-839e8a8c7711,sub-007,ses-001,,,1789892425.3793375,,,server,,,392554,400379,18,-31.000137329101562,host_receive_nearest,,,,,,,,,,,,1,,,,,,,,,,,,,,,,,,,,V1,B,,,1789892425.3793375,400379,,,,,,,,,,
qc_status_change,1789892429.3793375,1605.536,393560,4,4,,2,G07,B,bbbd_subtraction,qc_status_change,good,,0.0,0.0,,,,,,,当前QC指标正常。,8b6ce1f9-62a7-4d97-823b-839e8a8c7711,sub-007,ses-001,,,1789892429.3793375,,,server,,,393559,401384,18,0.0,host_receive_nearest,,,,,,,,,,,,1,,,,,,,,,,,,,,,,,,,,V1,B,,,1789892429.3793375,401384,,,,,,,,,,
qc_status_change,1789892481.4423375,1657.576,406310,4,4,,2,G07,B,bbbd_subtraction,qc_status_change,bad,,0.0,0.0,,,,,,,丢包率 10.42% 过高，请检查蓝牙距离、供电和连接。,8b6ce1f9-62a7-4d97-823b-839e8a8c7711,sub-007,ses-001,,,1789892481.4423375,,,server,,,406309,414394,18,0.0,host_receive_nearest,,,,,,,,,,,,1,,,,,,,,,,,,,,,,,,,,V1,B,,,1789892481.4423375,414394,,,,,,,,,,
qc_status_change,1789892491.4573376,1667.616,408820,4,4,,2,G07,B,bbbd_subtraction,qc_status_change,good,,0.0,0.0,,,,,,,当前QC指标正常。,8b6ce1f9-62a7-4d97-823b-839e8a8c7711,sub-007,ses-001,,,1789892491.4573376,,,server,,,408819,416904,18,0.0,host_receive_nearest,,,,,,,,,,,,1,,,,,,,,,,,,,,,,,,,,V1,B,,,1789892491.4573376,416904,,,,,,,,,,
probe_onset,1789892515.7073371,1691.856,414880,4,4,,2,G07,B,bbbd_subtraction,probe_onset,Block 4_2_1f3607bd,,0.0,0.0,,,,,,,"{""client_event_id"":""907d27d9-098a-49b6-bf9d-d3f7828dd003"",""recorder_run_id"":""8b6ce1f9-62a7-4d97-823b-839e8a8c7711"",""client_id"":""b0a244a8-b5e2-4661-b241-de215ec01f7b"",""client_timestamp"":1789892515.7107997,""client_monotonic_ms"":2155230.899999976,""event_timestamp"":1789892515.7073371,""clock_offset_sec"":-0.003462553024291992,""clock_round_trip_ms"":1.399993896484375,""subject_id"":""sub-007"",""session_id"":""ses-001"",""block_id"":""Block 4"",""counterbalance_group"":""G07"",""block_order"":""Block 4"",""condition"":""B"",""condition_type"":""bbbd_subtraction"",""topic_key"":""V1"",""topic_name"":""商鞅 一个改变秦国命运的男人"",""event_type"":""probe_onset"",""iso_time"":""2026-09-20T08:21:55.710Z"",""relative_ms"":197478,""video_time_sec"":176.411,""probe_id"":""Block 4_2_1f3607bd"",""probe_index"":2,""probe_schedule_id"":""1f3607bd-efcf-4249-8ca3-610c3e677895"",""probe_planned_time_sec"":176.289,""video_id"":""V1"",""pause_reason"":""thought_probe"",""forced"":false}",8b6ce1f9-62a7-4d97-823b-839e8a8c7711,sub-007,ses-001,907d27d9-098a-49b6-bf9d-d3f7828dd003,b0a244a8-b5e2-4661-b241-de215ec01f7b,1789892515.7073376,1789892515.7107997,2155230.899999976,browser_calibrated,-0.003462553024291992,1.399993896484375,414879,422964,18,-14.999628067016602,host_receive_nearest,verified,1,1,,,,,,,,,1,,,,,,,,,,,,,,,,,,,,V1,B,176.411,1789892515.7107997,1789892515.7073376,422964,Block 4_2_1f3607bd,2,1f3607bd-efcf-4249-8ca3-610c3e677895,176.289,,,,,,thought_probe
attention_response,1789892518.9851372,1695.136,415700,4,4,,2,G07,B,bbbd_subtraction,attention_response,2,,0.0,0.0,,,,,,,"{""client_event_id"":""812d1a21-b4da-45ba-8289-75e2218fe8c3"",""recorder_run_id"":""8b6ce1f9-62a7-4d97-823b-839e8a8c7711"",""client_id"":""b0a244a8-b5e2-4661-b241-de215ec01f7b"",""client_timestamp"":1789892518.9885998,""client_monotonic_ms"":2158508.699999988,""event_timestamp"":1789892518.9851372,""clock_offset_sec"":-0.003462553024291992,""clock_round_trip_ms"":1.399993896484375,""subject_id"":""sub-007"",""session_id"":""ses-001"",""block_id"":""Block 4"",""counterbalance_group"":""G07"",""block_order"":""Block 4"",""condition"":""B"",""condition_type"":""bbbd_subtraction"",""topic_key"":""V1"",""topic_name"":""商鞅 一个改变秦国命运的男人"",""event_type"":""attention_response"",""iso_time"":""2026-09-20T08:21:58.988Z"",""relative_ms"":200756,""video_time_sec"":176.411,""probe_id"":""Block 4_2_1f3607bd"",""probe_index"":2,""probe_schedule_id"":""1f3607bd-efcf-4249-8ca3-610c3e677895"",""probe_planned_time_sec"":176.289,""video_id"":""V1"",""response"":2,""response_label"":""连续减7心算任务"",""probe_attention"":""OFF"",""response_time_ms"":3278}",8b6ce1f9-62a7-4d97-823b-839e8a8c7711,sub-007,ses-001,812d1a21-b4da-45ba-8289-75e2218fe8c3,b0a244a8-b5e2-4661-b241-de215ec01f7b,1789892518.9893374,1789892518.9885998,2158508.699999988,browser_calibrated,-0.003462553024291992,1.399993896484375,415699,423784,18,-11.799812316894531,host_receive_nearest,verified,1,1,,,,,,,,,1,,,,,,,,,,,,,,,,,,,,V1,B,176.411,1789892518.9885998,1789892518.9893374,423784,Block 4_2_1f3607bd,2,1f3607bd-efcf-4249-8ca3-610c3e677895,176.289,2,连续减7心算任务,3278,,OFF,
confidence_response,1789892519.5271373,1695.676,415835,4,4,,2,G07,B,bbbd_subtraction,confidence_response,4,,0.0,0.0,,,,,,,"{""client_event_id"":""c5f327b6-bb26-43fd-a492-9557744f5167"",""recorder_run_id"":""8b6ce1f9-62a7-4d97-823b-839e8a8c7711"",""client_id"":""b0a244a8-b5e2-4661-b241-de215ec01f7b"",""client_timestamp"":1789892519.5305998,""client_monotonic_ms"":2159050.699999988,""event_timestamp"":1789892519.5271373,""clock_offset_sec"":-0.003462553024291992,""clock_round_trip_ms"":1.399993896484375,""subject_id"":""sub-007"",""session_id"":""ses-001"",""block_id"":""Block 4"",""counterbalance_group"":""G07"",""block_order"":""Block 4"",""condition"":""B"",""condition_type"":""bbbd_subtraction"",""topic_key"":""V1"",""topic_name"":""商鞅 一个改变秦国命运的男人"",""event_type"":""confidence_response"",""iso_time"":""2026-09-20T08:21:59.530Z"",""relative_ms"":201298,""video_time_sec"":176.411,""probe_id"":""Block 4_2_1f3607bd"",""probe_index"":2,""probe_schedule_id"":""1f3607bd-efcf-4249-8ca3-610c3e677895"",""probe_planned_time_sec"":176.289,""video_id"":""V1"",""response"":2,""confidence"":4,""response_time_ms"":542}",8b6ce1f9-62a7-4d97-823b-839e8a8c7711,sub-007,ses-001,c5f327b6-bb26-43fd-a492-9557744f5167,b0a244a8-b5e2-4661-b241-de215ec01f7b,1789892519.5363376,1789892519.5305998,2159050.699999988,browser_calibrated,-0.003462553024291992,1.399993896484375,415834,423919,18,-22.79973030090332,host_receive_nearest,verified,1,1,,,,,,,,,1,,,,,,,,,,,,,,,,,,,,V1,B,176.411,1789892519.5305998,1789892519.5363376,423919,Block 4_2_1f3607bd,2,1f3607bd-efcf-4249-8ca3-610c3e677895,176.289,,,542,4,,
phase_change,1789892519.5324373,1695.68,415840,4,4,,2,G07,B,bbbd_subtraction,phase_change,video,,0.0,0.0,,,,,,,,8b6ce1f9-62a7-4d97-823b-839e8a8c7711,sub-007,ses-001,a289cb38-47ec-49d8-a07f-250783dcaa7e,b0a244a8-b5e2-4661-b241-de215ec01f7b,1789892519.5513375,1789892519.5358999,2159056,browser_calibrated,-0.003462553024291992,1.399993896484375,415835,423920,18,3.900289535522461,host_receive_nearest,verified,1,1,,,,,,,,,1,,,,,,,,,,,,,,,,,,,,V1,B,176.48,1789892519.5358999,1789892519.5513375,423920,,,,,,,,,,
video_resume,1789892519.5324373,1695.68,415840,4,4,,2,G07,B,bbbd_subtraction,video_resume,176.48,,0.0,0.0,,,,,,,"{""client_event_id"":""a289cb38-47ec-49d8-a07f-250783dcaa7e"",""recorder_run_id"":""8b6ce1f9-62a7-4d97-823b-839e8a8c7711"",""client_id"":""b0a244a8-b5e2-4661-b241-de215ec01f7b"",""client_timestamp"":1789892519.5358999,""client_monotonic_ms"":2159056,""event_timestamp"":1789892519.5324373,""clock_offset_sec"":-0.003462553024291992,""clock_round_trip_ms"":1.399993896484375,""subject_id"":""sub-007"",""session_id"":""ses-001"",""block_id"":""Block 4"",""counterbalance_group"":""G07"",""block_order"":""Block 4"",""condition"":""B"",""condition_type"":""bbbd_subtraction"",""topic_key"":""V1"",""topic_name"":""商鞅 一个改变秦国命运的男人"",""event_type"":""video_resume"",""iso_time"":""2026-09-20T08:21:59.535Z"",""relative_ms"":201303,""video_time_sec"":176.48,""probe_id"":""Block 4_2_1f3607bd"",""probe_index"":2,""probe_schedule_id"":""1f3607bd-efcf-4249-8ca3-610c3e677895"",""probe_planned_time_sec"":176.289,""video_id"":""V1"",""pause_reason"":""thought_probe"",""resume_status"":""playing""}",8b6ce1f9-62a7-4d97-823b-839e8a8c7711,sub-007,ses-001,a289cb38-47ec-49d8-a07f-250783dcaa7e,b0a244a8-b5e2-4661-b241-de215ec01f7b,1789892519.5513375,1789892519.5358999,2159056,browser_calibrated,-0.003462553024291992,1.399993896484375,415835,423920,18,3.900289535522461,host_receive_nearest,verified,1,1,,,,,,,,,1,,,,,,,,,,,,,,,,,,,,V1,B,176.48,1789892519.5358999,1789892519.5513375,423920,Block 4_2_1f3607bd,,,,,,,,,thought_probe
qc_status_change,1789892547.5203376,1723.196,422525,4,4,,2,G07,B,bbbd_subtraction,qc_status_change,bad,,0.0,0.0,,,,,,,丢包率 7.97% 过高，请检查蓝牙距离、供电和连接。,8b6ce1f9-62a7-4d97-823b-839e8a8c7711,sub-007,ses-001,,,1789892547.5203376,,,server,,,422524,430799,18,-47.00016975402832,host_receive_nearest,,,,,,,,,,,,1,,,,,,,,,,,,,,,,,,,,V1,B,,,1789892547.5203376,430799,,,,,,,,,,
phase_change,1789892554.2411375,,422775,4,4,,2,G07,B,bbbd_subtraction,phase_change,paused,,0.0,0.0,,,,,,,,8b6ce1f9-62a7-4d97-823b-839e8a8c7711,sub-007,ses-001,e7e00e9a-863d-4e64-841f-daa23ef5e56c,b0a244a8-b5e2-4661-b241-de215ec01f7b,1789892554.2393374,1789892554.2482998,2193768.5,browser_calibrated,-0.007162332534790039,1.4002323150634766,,,,-2236.799955368042,outside_sample_tolerance,verified,1,1,,,,,,,,,1,,,,,,,,,,,,,,,,,,,,V1,B,211.129,1789892554.2482998,1789892554.2393374,,,,,,,,,,,
video_pause,1789892554.2411375,,422775,4,4,,2,G07,B,bbbd_subtraction,video_pause,211.129,,0.0,0.0,,,,,,,"{""client_event_id"":""e7e00e9a-863d-4e64-841f-daa23ef5e56c"",""recorder_run_id"":""8b6ce1f9-62a7-4d97-823b-839e8a8c7711"",""client_id"":""b0a244a8-b5e2-4661-b241-de215ec01f7b"",""client_timestamp"":1789892554.2482998,""client_monotonic_ms"":2193768.5,""event_timestamp"":1789892554.2411375,""clock_offset_sec"":-0.007162332534790039,""clock_round_trip_ms"":1.4002323150634766,""subject_id"":""sub-007"",""session_id"":""ses-001"",""block_id"":""Block 4"",""counterbalance_group"":""G07"",""block_order"":""Block 4"",""condition"":""B"",""condition_type"":""bbbd_subtraction"",""topic_key"":""V1"",""topic_name"":""商鞅 一个改变秦国命运的男人"",""event_type"":""video_pause"",""iso_time"":""2026-09-20T08:22:34.248Z"",""relative_ms"":236016,""video_time_sec"":211.129,""pause_reason"":""eeg_dropout"",""reason"":""automatic_watchdog""}",8b6ce1f9-62a7-4d97-823b-839e8a8c7711,sub-007,ses-001,e7e00e9a-863d-4e64-841f-daa23ef5e56c,b0a244a8-b5e2-4661-b241-de215ec01f7b,1789892554.2393374,1789892554.2482998,2193768.5,browser_calibrated,-0.007162332534790039,1.4002323150634766,,,,-2236.799955368042,outside_sample_tolerance,verified,1,1,,,,,,,,,1,,,,,,,,,,,,,,,,,,,,V1,B,211.129,1789892554.2482998,1789892554.2393374,,,,,,,,,,,eeg_dropout
eeg_recovery_confirmed,1789892562.7179375,1733.52,424760,4,4,,2,G07,B,bbbd_subtraction,eeg_recovery_confirmed,211.129,,0.0,0.0,,,,,,,"{""client_event_id"":""8b70b6ed-798a-4817-a6b2-bf622ac0cfe5"",""recorder_run_id"":""8b6ce1f9-62a7-4d97-823b-839e8a8c7711"",""client_id"":""b0a244a8-b5e2-4661-b241-de215ec01f7b"",""client_timestamp"":1789892562.7250998,""client_monotonic_ms"":2202245.199999988,""event_timestamp"":1789892562.7179375,""clock_offset_sec"":-0.007162332534790039,""clock_round_trip_ms"":1.4002323150634766,""subject_id"":""sub-007"",""session_id"":""ses-001"",""block_id"":""Block 4"",""counterbalance_group"":""G07"",""block_order"":""Block 4"",""condition"":""B"",""condition_type"":""bbbd_subtraction"",""topic_key"":""V1"",""topic_name"":""商鞅 一个改变秦国命运的男人"",""event_type"":""eeg_recovery_confirmed"",""iso_time"":""2026-09-20T08:22:42.725Z"",""relative_ms"":244492,""video_time_sec"":211.129,""pause_reason"":""eeg_dropout""}",8b6ce1f9-62a7-4d97-823b-839e8a8c7711,sub-007,ses-001,8b70b6ed-798a-4817-a6b2-bf622ac0cfe5,b0a244a8-b5e2-4661-b241-de215ec01f7b,1789892562.7233374,1789892562.7250998,2202245.199999988,browser_calibrated,-0.007162332534790039,1.4002323150634766,424759,433380,19,-10.599851608276367,host_receive_nearest,verified,1,0,,,,,,,,,1,,,,,,,,,,,,,,,,,,,,V1,B,211.129,1789892562.7250998,1789892562.7233374,433380,,,,,,,,,,
phase_change,1789892562.7227376,1733.52,424770,4,4,,2,G07,B,bbbd_subtraction,phase_change,video,,0.0,0.0,,,,,,,,8b6ce1f9-62a7-4d97-823b-839e8a8c7711,sub-007,ses-001,4b56ad02-722d-428c-8a1e-9143febac9b7,b0a244a8-b5e2-4661-b241-de215ec01f7b,1789892562.7393374,1789892562.7299,2202250,browser_calibrated,-0.007162332534790039,1.4002323150634766,424759,433380,19,-15.399932861328125,host_receive_nearest,verified,1,1,,,,,,,,,1,,,,,,,,,,,,,,,,,,,,V1,B,211.129,1789892562.7299,1789892562.7393374,433380,,,,,,,,,,
video_resume,1789892562.7227376,1733.52,424770,4,4,,2,G07,B,bbbd_subtraction,video_resume,211.129,,0.0,0.0,,,,,,,"{""client_event_id"":""4b56ad02-722d-428c-8a1e-9143febac9b7"",""recorder_run_id"":""8b6ce1f9-62a7-4d97-823b-839e8a8c7711"",""client_id"":""b0a244a8-b5e2-4661-b241-de215ec01f7b"",""client_timestamp"":1789892562.7299,""client_monotonic_ms"":2202250,""event_timestamp"":1789892562.7227376,""clock_offset_sec"":-0.007162332534790039,""clock_round_trip_ms"":1.4002323150634766,""subject_id"":""sub-007"",""session_id"":""ses-001"",""block_id"":""Block 4"",""counterbalance_group"":""G07"",""block_order"":""Block 4"",""condition"":""B"",""condition_type"":""bbbd_subtraction"",""topic_key"":""V1"",""topic_name"":""商鞅 一个改变秦国命运的男人"",""event_type"":""video_resume"",""iso_time"":""2026-09-20T08:22:42.729Z"",""relative_ms"":244497,""video_time_sec"":211.129,""pause_reason"":""eeg_dropout""}",8b6ce1f9-62a7-4d97-823b-839e8a8c7711,sub-007,ses-001,4b56ad02-722d-428c-8a1e-9143febac9b7,b0a244a8-b5e2-4661-b241-de215ec01f7b,1789892562.7393374,1789892562.7299,2202250,browser_calibrated,-0.007162332534790039,1.4002323150634766,424759,433380,19,-15.399932861328125,host_receive_nearest,verified,1,1,,,,,,,,,1,,,,,,,,,,,,,,,,,,,,V1,B,211.129,1789892562.7299,1789892562.7393374,433380,,,,,,,,,,eeg_dropout
qc_status_change,1789892567.5673375,1738.38,425975,4,4,,2,G07,B,bbbd_subtraction,qc_status_change,good,,0.0,0.0,,,,,,,当前QC指标正常。,8b6ce1f9-62a7-4d97-823b-839e8a8c7711,sub-007,ses-001,,,1789892567.5673375,,,server,,,425974,434595,19,0.0,host_receive_nearest,,,,,,,,,,,,1,,,,,,,,,,,,,,,,,,,,V1,B,,,1789892567.5673375,434595,,,,,,,,,,
probe_onset,1789892595.2094376,1766.036,432889,4,4,,2,G07,B,bbbd_subtraction,probe_onset,Block 4_3_1f3607bd,,0.0,0.0,,,,,,,"{""client_event_id"":""aa3145a1-6fcb-42dc-89e5-97616fed4479"",""recorder_run_id"":""8b6ce1f9-62a7-4d97-823b-839e8a8c7711"",""client_id"":""b0a244a8-b5e2-4661-b241-de215ec01f7b"",""client_timestamp"":1789892595.2161999,""client_monotonic_ms"":2234736.2999999523,""event_timestamp"":1789892595.2094376,""clock_offset_sec"":-0.006762266159057617,""clock_round_trip_ms"":1.399993896484375,""subject_id"":""sub-007"",""session_id"":""ses-001"",""block_id"":""Block 4"",""counterbalance_group"":""G07"",""block_order"":""Block 4"",""condition"":""B"",""condition_type"":""bbbd_subtraction"",""topic_key"":""V1"",""topic_name"":""商鞅 一个改变秦国命运的男人"",""event_type"":""probe_onset"",""iso_time"":""2026-09-20T08:23:15.216Z"",""relative_ms"":276984,""video_time_sec"":243.617,""probe_id"":""Block 4_3_1f3607bd"",""probe_index"":3,""probe_schedule_id"":""1f3607bd-efcf-4249-8ca3-610c3e677895"",""probe_planned_time_sec"":243.612,""video_id"":""V1"",""pause_reason"":""thought_probe"",""forced"":false}",8b6ce1f9-62a7-4d97-823b-839e8a8c7711,sub-007,ses-001,aa3145a1-6fcb-42dc-89e5-97616fed4479,b0a244a8-b5e2-4661-b241-de215ec01f7b,1789892595.2073376,1789892595.2161999,2234736.2999999523,browser_calibrated,-0.006762266159057617,1.399993896484375,432888,441509,19,-2.0999908447265625,host_receive_nearest,verified,1,1,,,,,,,,,1,,,,,,,,,,,,,,,,,,,,V1,B,243.617,1789892595.2161999,1789892595.2073376,441509,Block 4_3_1f3607bd,3,1f3607bd-efcf-4249-8ca3-610c3e677895,243.612,,,,,,thought_probe
attention_response,1789892601.0421379,1771.856,434344,4,4,,2,G07,B,bbbd_subtraction,attention_response,2,,0.0,0.0,,,,,,,"{""client_event_id"":""25332111-3866-4495-ba33-0bffb9ff860f"",""recorder_run_id"":""8b6ce1f9-62a7-4d97-823b-839e8a8c7711"",""client_id"":""b0a244a8-b5e2-4661-b241-de215ec01f7b"",""client_timestamp"":1789892601.0545,""client_monotonic_ms"":2240574.699999988,""event_timestamp"":1789892601.0421379,""clock_offset_sec"":-0.012362241744995117,""clock_round_trip_ms"":1.3997554779052734,""subject_id"":""sub-007"",""session_id"":""ses-001"",""block_id"":""Block 4"",""counterbalance_group"":""G07"",""block_order"":""Block 4"",""condition"":""B"",""condition_type"":""bbbd_subtraction"",""topic_key"":""V1"",""topic_name"":""商鞅 一个改变秦国命运的男人"",""event_type"":""attention_response"",""iso_time"":""2026-09-20T08:23:21.054Z"",""relative_ms"":282822,""video_time_sec"":243.617,""probe_id"":""Block 4_3_1f3607bd"",""probe_index"":3,""probe_schedule_id"":""1f3607bd-efcf-4249-8ca3-610c3e677895"",""probe_planned_time_sec"":243.612,""video_id"":""V1"",""response"":2,""response_label"":""连续减7心算任务"",""probe_attention"":""OFF"",""response_time_ms"":5838}",8b6ce1f9-62a7-4d97-823b-839e8a8c7711,sub-007,ses-001,25332111-3866-4495-ba33-0bffb9ff860f,b0a244a8-b5e2-4661-b241-de215ec01f7b,1789892601.0513375,1789892601.0545,2240574.699999988,browser_calibrated,-0.012362241744995117,1.3997554779052734,434343,442964,19,-5.8002471923828125,host_receive_nearest,verified,1,1,,,,,,,,,1,,,,,,,,,,,,,,,,,,,,V1,B,243.617,1789892601.0545,1789892601.0513375,442964,Block 4_3_1f3607bd,3,1f3607bd-efcf-4249-8ca3-610c3e677895,243.612,2,连续减7心算任务,5838,,OFF,
confidence_response,1789892602.9190376,1773.596,434779,4,4,,2,G07,B,bbbd_subtraction,confidence_response,3,,0.0,0.0,,,,,,,"{""client_event_id"":""15908f61-02cf-40c5-80cc-3706671a82eb"",""recorder_run_id"":""8b6ce1f9-62a7-4d97-823b-839e8a8c7711"",""client_id"":""b0a244a8-b5e2-4661-b241-de215ec01f7b"",""client_timestamp"":1789892602.9313998,""client_monotonic_ms"":2242451.5999999642,""event_timestamp"":1789892602.9190376,""clock_offset_sec"":-0.012362241744995117,""clock_round_trip_ms"":1.3997554779052734,""subject_id"":""sub-007"",""session_id"":""ses-001"",""block_id"":""Block 4"",""counterbalance_group"":""G07"",""block_order"":""Block 4"",""condition"":""B"",""condition_type"":""bbbd_subtraction"",""topic_key"":""V1"",""topic_name"":""商鞅 一个改变秦国命运的男人"",""event_type"":""confidence_response"",""iso_time"":""2026-09-20T08:23:22.931Z"",""relative_ms"":284699,""video_time_sec"":243.617,""probe_id"":""Block 4_3_1f3607bd"",""probe_index"":3,""probe_schedule_id"":""1f3607bd-efcf-4249-8ca3-610c3e677895"",""probe_planned_time_sec"":243.612,""video_id"":""V1"",""response"":2,""confidence"":3,""response_time_ms"":1877}",8b6ce1f9-62a7-4d97-823b-839e8a8c7711,sub-007,ses-001,15908f61-02cf-40c5-80cc-3706671a82eb,b0a244a8-b5e2-4661-b241-de215ec01f7b,1789892602.9263375,1789892602.9313998,2242451.5999999642,browser_calibrated,-0.012362241744995117,1.3997554779052734,434778,443399,19,-23.69999885559082,host_receive_nearest,verified,1,1,,,,,,,,,1,,,,,,,,,,,,,,,,,,,,V1,B,243.617,1789892602.9313998,1789892602.9423375,443399,Block 4_3_1f3607bd,3,1f3607bd-efcf-4249-8ca3-610c3e677895,243.612,,,1877,3,,
phase_change,1789892602.9244375,1773.596,434779,4,4,,2,G07,B,bbbd_subtraction,phase_change,video,,0.0,0.0,,,,,,,,8b6ce1f9-62a7-4d97-823b-839e8a8c7711,sub-007,ses-001,aa13d59d-18b1-44ae-849d-195377a8d499,b0a244a8-b5e2-4661-b241-de215ec01f7b,1789892602.9423375,1789892602.9367998,2242456.899999976,browser_calibrated,-0.012362241744995117,1.3997554779052734,434778,443399,19,-29.09994125366211,host_receive_nearest,verified,1,1,,,,,,,,,1,,,,,,,,,,,,,,,,,,,,V1,B,243.68,1789892602.9367998,1789892602.9423375,443399,,,,,,,,,,
video_resume,1789892602.9244375,1773.596,434779,4,4,,2,G07,B,bbbd_subtraction,video_resume,243.68,,0.0,0.0,,,,,,,"{""client_event_id"":""aa13d59d-18b1-44ae-849d-195377a8d499"",""recorder_run_id"":""8b6ce1f9-62a7-4d97-823b-839e8a8c7711"",""client_id"":""b0a244a8-b5e2-4661-b241-de215ec01f7b"",""client_timestamp"":1789892602.9367998,""client_monotonic_ms"":2242456.899999976,""event_timestamp"":1789892602.9244375,""clock_offset_sec"":-0.012362241744995117,""clock_round_trip_ms"":1.3997554779052734,""subject_id"":""sub-007"",""session_id"":""ses-001"",""block_id"":""Block 4"",""counterbalance_group"":""G07"",""block_order"":""Block 4"",""condition"":""B"",""condition_type"":""bbbd_subtraction"",""topic_key"":""V1"",""topic_name"":""商鞅 一个改变秦国命运的男人"",""event_type"":""video_resume"",""iso_time"":""2026-09-20T08:23:22.936Z"",""relative_ms"":284704,""video_time_sec"":243.68,""probe_id"":""Block 4_3_1f3607bd"",""probe_index"":3,""probe_schedule_id"":""1f3607bd-efcf-4249-8ca3-610c3e677895"",""probe_planned_time_sec"":243.612,""video_id"":""V1"",""pause_reason"":""thought_probe"",""resume_status"":""playing""}",8b6ce1f9-62a7-4d97-823b-839e8a8c7711,sub-007,ses-001,aa13d59d-18b1-44ae-849d-195377a8d499,b0a244a8-b5e2-4661-b241-de215ec01f7b,1789892602.9423375,1789892602.9367998,2242456.899999976,browser_calibrated,-0.012362241744995117,1.3997554779052734,434778,443399,19,-29.09994125366211,host_receive_nearest,verified,1,1,,,,,,,,,1,,,,,,,,,,,,,,,,,,,,V1,B,243.68,1789892602.9367998,1789892602.9423375,443399,Block 4_3_1f3607bd,,,,,,,,,thought_probe
qc_status_change,1789892619.6293375,1789.816,438719,4,4,,2,G07,B,bbbd_subtraction,qc_status_change,warning,,0.0,0.0,,,,,,,丢包率 4.89% 偏高。,8b6ce1f9-62a7-4d97-823b-839e8a8c7711,sub-007,ses-001,,,1789892619.6293375,,,server,,,438718,447454,19,-78.00006866455078,host_receive_nearest,,,,,,,,,,,,1,,,,,,,,,,,,,,,,,,,,V1,B,,,1789892619.6293375,447454,,,,,,,,,,
qc_status_change,1789892621.6293375,1792.036,439159,4,4,,2,G07,B,bbbd_subtraction,qc_status_change,bad,,0.0,0.0,,,,,,,丢包率 9.50% 过高，请检查蓝牙距离、供电和连接。,8b6ce1f9-62a7-4d97-823b-839e8a8c7711,sub-007,ses-001,,,1789892621.6293375,,,server,,,439158,448009,19,-31.000137329101562,host_receive_nearest,,,,,,,,,,,,1,,,,,,,,,,,,,,,,,,,,V1,B,,,1789892621.6293375,448009,,,,,,,,,,
qc_status_change,1789892635.6613376,1805.472,442239,4,4,,2,G07,B,bbbd_subtraction,qc_status_change,warning,,0.0,0.0,,,,,,,通道2 RMS相对基线异常，正在确认是否持续。,8b6ce1f9-62a7-4d97-823b-839e8a8c7711,sub-007,ses-001,,,1789892635.6613376,,,server,,,442238,451368,20,0.0,host_receive_nearest,,,,,,,,,,,,1,,,,,,,,,,,,,,,,,,,,V1,B,,,1789892635.6613376,451368,,,,,,,,,,
qc_status_change,1789892641.6763375,1811.452,443734,4,4,,2,G07,B,bbbd_subtraction,qc_status_change,good,,0.0,0.0,,,,,,,当前QC指标正常。,8b6ce1f9-62a7-4d97-823b-839e8a8c7711,sub-007,ses-001,,,1789892641.6763375,,,server,,,443733,452863,20,-30.99989891052246,host_receive_nearest,,,,,,,,,,,,1,,,,,,,,,,,,,,,,,,,,V1,B,,,1789892641.6763375,452863,,,,,,,,,,
probe_onset,1789892673.6986876,1843.496,451749,4,4,,2,G07,B,bbbd_subtraction,probe_onset,Block 4_4_1f3607bd,,0.0,0.0,,,,,,,"{""client_event_id"":""0be69871-56a2-49b2-89ef-9241ad89253c"",""recorder_run_id"":""8b6ce1f9-62a7-4d97-823b-839e8a8c7711"",""client_id"":""b0a244a8-b5e2-4661-b241-de215ec01f7b"",""client_timestamp"":1789892673.7085998,""client_monotonic_ms"":2313228.699999988,""event_timestamp"":1789892673.6986876,""clock_offset_sec"":-0.009912252426147461,""clock_round_trip_ms"":1.3000965118408203,""subject_id"":""sub-007"",""session_id"":""ses-001"",""block_id"":""Block 4"",""counterbalance_group"":""G07"",""block_order"":""Block 4"",""condition"":""B"",""condition_type"":""bbbd_subtraction"",""topic_key"":""V1"",""topic_name"":""商鞅 一个改变秦国命运的男人"",""event_type"":""probe_onset"",""iso_time"":""2026-09-20T08:24:33.708Z"",""relative_ms"":355476,""video_time_sec"":314.389,""probe_id"":""Block 4_4_1f3607bd"",""probe_index"":4,""probe_schedule_id"":""1f3607bd-efcf-4249-8ca3-610c3e677895"",""probe_planned_time_sec"":314.13,""video_id"":""V1"",""pause_reason"":""thought_probe"",""forced"":false}",8b6ce1f9-62a7-4d97-823b-839e8a8c7711,sub-007,ses-001,0be69871-56a2-49b2-89ef-9241ad89253c,b0a244a8-b5e2-4661-b241-de215ec01f7b,1789892673.7073376,1789892673.7085998,2313228.699999988,browser_calibrated,-0.009912252426147461,1.3000965118408203,451744,460874,20,8.650064468383789,host_receive_nearest,verified,1,1,,,,,,,,,1,,,,,,,,,,,,,,,,,,,,V1,B,314.389,1789892673.7085998,1789892673.7073376,460874,Block 4_4_1f3607bd,4,1f3607bd-efcf-4249-8ca3-610c3e677895,314.13,,,,,,thought_probe
attention_response,1789892675.1231875,1844.896,452104,4,4,,2,G07,B,bbbd_subtraction,attention_response,2,,0.0,0.0,,,,,,,"{""client_event_id"":""302733cf-15db-4d9d-8362-addf006d4d4d"",""recorder_run_id"":""8b6ce1f9-62a7-4d97-823b-839e8a8c7711"",""client_id"":""b0a244a8-b5e2-4661-b241-de215ec01f7b"",""client_timestamp"":1789892675.1330998,""client_monotonic_ms"":2314653.199999988,""event_timestamp"":1789892675.1231875,""clock_offset_sec"":-0.009912252426147461,""clock_round_trip_ms"":1.3000965118408203,""subject_id"":""sub-007"",""session_id"":""ses-001"",""block_id"":""Block 4"",""counterbalance_group"":""G07"",""block_order"":""Block 4"",""condition"":""B"",""condition_type"":""bbbd_subtraction"",""topic_key"":""V1"",""topic_name"":""商鞅 一个改变秦国命运的男人"",""event_type"":""attention_response"",""iso_time"":""2026-09-20T08:24:35.133Z"",""relative_ms"":356900,""video_time_sec"":314.389,""probe_id"":""Block 4_4_1f3607bd"",""probe_index"":4,""probe_schedule_id"":""1f3607bd-efcf-4249-8ca3-610c3e677895"",""probe_planned_time_sec"":314.13,""video_id"":""V1"",""response"":2,""response_label"":""连续减7心算任务"",""probe_attention"":""OFF"",""response_time_ms"":1425}",8b6ce1f9-62a7-4d97-823b-839e8a8c7711,sub-007,ses-001,302733cf-15db-4d9d-8362-addf006d4d4d,b0a244a8-b5e2-4661-b241-de215ec01f7b,1789892675.1293375,1789892675.1330998,2314653.199999988,browser_calibrated,-0.009912252426147461,1.3000965118408203,452094,461224,20,6.150007247924805,host_receive_nearest,verified,1,1,,,,,,,,,1,,,,,,,,,,,,,,,,,,,,V1,B,314.389,1789892675.1330998,1789892675.1293375,461224,Block 4_4_1f3607bd,4,1f3607bd-efcf-4249-8ca3-610c3e677895,314.13,2,连续减7心算任务,1425,,OFF,
confidence_response,1789892675.9184875,1845.712,452299,4,4,,2,G07,B,bbbd_subtraction,confidence_response,3,,0.0,0.0,,,,,,,"{""client_event_id"":""23737d51-6344-42ba-9598-c998504321cc"",""recorder_run_id"":""8b6ce1f9-62a7-4d97-823b-839e8a8c7711"",""client_id"":""b0a244a8-b5e2-4661-b241-de215ec01f7b"",""client_timestamp"":1789892675.9283998,""client_monotonic_ms"":2315448.5999999642,""event_timestamp"":1789892675.9184875,""clock_offset_sec"":-0.009912252426147461,""clock_round_trip_ms"":1.3000965118408203,""subject_id"":""sub-007"",""session_id"":""ses-001"",""block_id"":""Block 4"",""counterbalance_group"":""G07"",""block_order"":""Block 4"",""condition"":""B"",""condition_type"":""bbbd_subtraction"",""topic_key"":""V1"",""topic_name"":""商鞅 一个改变秦国命运的男人"",""event_type"":""confidence_response"",""iso_time"":""2026-09-20T08:24:35.928Z"",""relative_ms"":357696,""video_time_sec"":314.389,""probe_id"":""Block 4_4_1f3607bd"",""probe_index"":4,""probe_schedule_id"":""1f3607bd-efcf-4249-8ca3-610c3e677895"",""probe_planned_time_sec"":314.13,""video_id"":""V1"",""response"":2,""confidence"":3,""response_time_ms"":795}",8b6ce1f9-62a7-4d97-823b-839e8a8c7711,sub-007,ses-001,23737d51-6344-42ba-9598-c998504321cc,b0a244a8-b5e2-4661-b241-de215ec01f7b,1789892675.9263375,1789892675.9283998,2315448.5999999642,browser_calibrated,-0.009912252426147461,1.3000965118408203,452298,461428,20,-7.149934768676758,host_receive_nearest,verified,1,1,,,,,,,,,1,,,,,,,,,,,,,,,,,,,,V1,B,314.389,1789892675.9283998,1789892675.9263375,461428,Block 4_4_1f3607bd,4,1f3607bd-efcf-4249-8ca3-610c3e677895,314.13,,,795,3,,
phase_change,1789892675.9239876,1845.716,452309,4,4,,2,G07,B,bbbd_subtraction,phase_change,video,,0.0,0.0,,,,,,,,8b6ce1f9-62a7-4d97-823b-839e8a8c7711,sub-007,ses-001,1a7b41b7-d68c-4dfc-b594-77f15e89688e,b0a244a8-b5e2-4661-b241-de215ec01f7b,1789892675.9423375,1789892675.9338999,2315454,browser_calibrated,-0.009912252426147461,1.3000965118408203,452299,461429,20,2.349853515625,host_receive_nearest,verified,1,1,,,,,,,,,1,,,,,,,,,,,,,,,,,,,,V1,B,314.46,1789892675.9338999,1789892675.9423375,461429,,,,,,,,,,
video_resume,1789892675.9239876,1845.716,452309,4,4,,2,G07,B,bbbd_subtraction,video_resume,314.46,,0.0,0.0,,,,,,,"{""client_event_id"":""1a7b41b7-d68c-4dfc-b594-77f15e89688e"",""recorder_run_id"":""8b6ce1f9-62a7-4d97-823b-839e8a8c7711"",""client_id"":""b0a244a8-b5e2-4661-b241-de215ec01f7b"",""client_timestamp"":1789892675.9338999,""client_monotonic_ms"":2315454,""event_timestamp"":1789892675.9239876,""clock_offset_sec"":-0.009912252426147461,""clock_round_trip_ms"":1.3000965118408203,""subject_id"":""sub-007"",""session_id"":""ses-001"",""block_id"":""Block 4"",""counterbalance_group"":""G07"",""block_order"":""Block 4"",""condition"":""B"",""condition_type"":""bbbd_subtraction"",""topic_key"":""V1"",""topic_name"":""商鞅 一个改变秦国命运的男人"",""event_type"":""video_resume"",""iso_time"":""2026-09-20T08:24:35.933Z"",""relative_ms"":357701,""video_time_sec"":314.46,""probe_id"":""Block 4_4_1f3607bd"",""probe_index"":4,""probe_schedule_id"":""1f3607bd-efcf-4249-8ca3-610c3e677895"",""probe_planned_time_sec"":314.13,""video_id"":""V1"",""pause_reason"":""thought_probe"",""resume_status"":""playing""}",8b6ce1f9-62a7-4d97-823b-839e8a8c7711,sub-007,ses-001,1a7b41b7-d68c-4dfc-b594-77f15e89688e,b0a244a8-b5e2-4661-b241-de215ec01f7b,1789892675.9423375,1789892675.9338999,2315454,browser_calibrated,-0.009912252426147461,1.3000965118408203,452299,461429,20,2.349853515625,host_receive_nearest,verified,1,1,,,,,,,,,1,,,,,,,,,,,,,,,,,,,,V1,B,314.46,1789892675.9338999,1789892675.9423375,461429,Block 4_4_1f3607bd,,,,,,,,,thought_probe
qc_status_change,1789892679.6763375,1849.472,453239,4,4,,2,G07,B,bbbd_subtraction,qc_status_change,warning,,0.0,0.0,,,,,,,通道2 RMS相对基线异常，正在确认是否持续。,8b6ce1f9-62a7-4d97-823b-839e8a8c7711,sub-007,ses-001,,,1789892679.6763375,,,server,,,453238,462368,20,0.0,host_receive_nearest,,,,,,,,,,,,1,,,,,,,,,,,,,,,,,,,,V1,B,,,1789892679.6763375,462368,,,,,,,,,,
qc_status_change,1789892687.6613376,1857.372,455214,4,4,,2,G07,B,bbbd_subtraction,qc_status_change,bad,,0.0,0.0,,,,,,,通道2 RMS相对基线突变，可能接触不稳，请检查并重新连接。,8b6ce1f9-62a7-4d97-823b-839e8a8c7711,sub-007,ses-001,,,1789892687.6613376,,,server,,,455213,464343,20,0.0,host_receive_nearest,,,,,,,,,,,,1,,,,,,,,,,,,,,,,,,,,V1,B,,,1789892687.6613376,464343,,,,,,,,,,
qc_status_change,1789892693.6613376,1863.452,456734,4,4,,2,G07,B,bbbd_subtraction,qc_status_change,good,,0.0,0.0,,,,,,,当前QC指标正常。,8b6ce1f9-62a7-4d97-823b-839e8a8c7711,sub-007,ses-001,,,1789892693.6613376,,,server,,,456733,465863,20,-16.000032424926758,host_receive_nearest,,,,,,,,,,,,1,,,,,,,,,,,,,,,,,,,,V1,B,,,1789892693.6613376,465863,,,,,,,,,,
qc_status_change,1789892701.6763375,1871.492,458744,4,4,,2,G07,B,bbbd_subtraction,qc_status_change,warning,,0.0,0.0,,,,,,,通道2 RMS相对基线异常，正在确认是否持续。,8b6ce1f9-62a7-4d97-823b-839e8a8c7711,sub-007,ses-001,,,1789892701.6763375,,,server,,,458743,467873,20,0.0,host_receive_nearest,,,,,,,,,,,,1,,,,,,,,,,,,,,,,,,,,V1,B,,,1789892701.6763375,467873,,,,,,,,,,
qc_status_change,1789892703.6613376,1873.452,459234,4,4,,2,G07,B,bbbd_subtraction,qc_status_change,good,,0.0,0.0,,,,,,,当前QC指标正常。,8b6ce1f9-62a7-4d97-823b-839e8a8c7711,sub-007,ses-001,,,1789892703.6613376,,,server,,,459233,468363,20,0.0,host_receive_nearest,,,,,,,,,,,,1,,,,,,,,,,,,,,,,,,,,V1,B,,,1789892703.6613376,468363,,,,,,,,,,
video_end,1789892708.3398376,1878.152,460409,4,4,,2,G07,B,bbbd_subtraction,video_end,V1,,0.0,0.0,,,,,,,,8b6ce1f9-62a7-4d97-823b-839e8a8c7711,sub-007,ses-001,4492f418-9100-4eca-b0d7-57f64f7bf92d,b0a244a8-b5e2-4661-b241-de215ec01f7b,1789892708.3483374,1789892708.3486,2347868.699999988,browser_calibrated,-0.008762359619140625,1.399993896484375,460408,469538,20,-7.499933242797852,host_receive_nearest,verified,1,1,,,,,,,,,1,,,,,,,,,,,,,,,,,,,,V1,B,346.795,1789892708.3486,1789892708.3483374,469538,,,,,,,,,,
browser_video_ended,1789892708.3398376,1878.152,460409,4,4,,2,G07,B,bbbd_subtraction,browser_video_ended,,,0.0,0.0,,,,,,,"{""client_event_id"":""4492f418-9100-4eca-b0d7-57f64f7bf92d"",""recorder_run_id"":""8b6ce1f9-62a7-4d97-823b-839e8a8c7711"",""client_id"":""b0a244a8-b5e2-4661-b241-de215ec01f7b"",""client_timestamp"":1789892708.3486,""client_monotonic_ms"":2347868.699999988,""event_timestamp"":1789892708.3398376,""clock_offset_sec"":-0.008762359619140625,""clock_round_trip_ms"":1.399993896484375,""subject_id"":""sub-007"",""session_id"":""ses-001"",""block_id"":""Block 4"",""counterbalance_group"":""G07"",""block_order"":""Block 4"",""condition"":""B"",""condition_type"":""bbbd_subtraction"",""topic_key"":""V1"",""topic_name"":""商鞅 一个改变秦国命运的男人"",""event_type"":""video_ended"",""iso_time"":""2026-09-20T08:25:08.348Z"",""relative_ms"":390116,""video_time_sec"":346.795}",8b6ce1f9-62a7-4d97-823b-839e8a8c7711,sub-007,ses-001,4492f418-9100-4eca-b0d7-57f64f7bf92d,b0a244a8-b5e2-4661-b241-de215ec01f7b,1789892708.3483374,1789892708.3486,2347868.699999988,browser_calibrated,-0.008762359619140625,1.399993896484375,460408,469538,20,-7.499933242797852,host_receive_nearest,verified,1,1,,,,,,,,,1,,,,,,,,,,,,,,,,,,,,V1,B,346.795,1789892708.3486,1789892708.3483374,469538,,,,,,,,,,
browser_block_end,1789892708.3437376,1878.152,460414,4,4,,2,G07,B,bbbd_subtraction,browser_block_end,视频自然播放结束,,0.0,0.0,,,,,,,"{""client_event_id"":""3013889b-8bed-4517-9f28-210ecaddc3ec"",""recorder_run_id"":""8b6ce1f9-62a7-4d97-823b-839e8a8c7711"",""client_id"":""b0a244a8-b5e2-4661-b241-de215ec01f7b"",""client_timestamp"":1789892708.3525,""client_monotonic_ms"":2347872.5999999642,""event_timestamp"":1789892708.3437376,""clock_offset_sec"":-0.008762359619140625,""clock_round_trip_ms"":1.399993896484375,""subject_id"":""sub-007"",""session_id"":""ses-001"",""block_id"":""Block 4"",""counterbalance_group"":""G07"",""block_order"":""Block 4"",""condition"":""B"",""condition_type"":""bbbd_subtraction"",""topic_key"":""V1"",""topic_name"":""商鞅 一个改变秦国命运的男人"",""event_type"":""block_end"",""iso_time"":""2026-09-20T08:25:08.352Z"",""relative_ms"":390120,""video_time_sec"":346.795,""reason"":""视频自然播放结束""}",8b6ce1f9-62a7-4d97-823b-839e8a8c7711,sub-007,ses-001,3013889b-8bed-4517-9f28-210ecaddc3ec,b0a244a8-b5e2-4661-b241-de215ec01f7b,1789892708.3793375,1789892708.3525,2347872.5999999642,browser_calibrated,-0.008762359619140625,1.399993896484375,460408,469538,20,-11.399984359741211,host_receive_nearest,verified,1,1,,,,,,,,,1,,,,,,,,,,,,,,,,,,,,V1,B,346.795,1789892708.3525,1789892708.3793375,469538,,,,,,,,,,
rating_start,1789892708.3478374,1878.152,460414,4,4,,2,G07,B,bbbd_subtraction,rating_start,,,0.0,0.0,,,,,,,"{""client_event_id"":""d8d7ca96-a39c-4fc3-b55d-3f626c0dd289"",""recorder_run_id"":""8b6ce1f9-62a7-4d97-823b-839e8a8c7711"",""client_id"":""b0a244a8-b5e2-4661-b241-de215ec01f7b"",""client_timestamp"":1789892708.3565998,""client_monotonic_ms"":2347876.699999988,""event_timestamp"":1789892708.3478374,""clock_offset_sec"":-0.008762359619140625,""clock_round_trip_ms"":1.399993896484375,""subject_id"":""sub-007"",""session_id"":""ses-001"",""block_id"":""Block 4"",""counterbalance_group"":""G07"",""block_order"":""Block 4"",""condition"":""B"",""condition_type"":""bbbd_subtraction"",""topic_key"":""V1"",""topic_name"":""商鞅 一个改变秦国命运的男人"",""event_type"":""rating_start"",""iso_time"":""2026-09-20T08:25:08.356Z"",""relative_ms"":390124,""video_time_sec"":346.795}",8b6ce1f9-62a7-4d97-823b-839e8a8c7711,sub-007,ses-001,d8d7ca96-a39c-4fc3-b55d-3f626c0dd289,b0a244a8-b5e2-4661-b241-de215ec01f7b,1789892708.3793375,1789892708.3565998,2347876.699999988,browser_calibrated,-0.008762359619140625,1.399993896484375,460408,469538,20,-15.49983024597168,host_receive_nearest,verified,1,1,,,,,,,,,1,,,,,,,,,,,,,,,,,,,,V1,B,346.795,1789892708.3565998,1789892708.3793375,469538,,,,,,,,,,
rating_item_response,1789892712.1811872,1881.972,461364,4,4,,2,G07,B,bbbd_subtraction,rating_item_response,3,,0.0,0.0,,,,,,,"{""client_event_id"":""bf6fc7e1-a5ea-40b9-9155-9e90df780152"",""recorder_run_id"":""8b6ce1f9-62a7-4d97-823b-839e8a8c7711"",""client_id"":""b0a244a8-b5e2-4661-b241-de215ec01f7b"",""client_timestamp"":1789892712.1850998,""client_monotonic_ms"":2351705.199999988,""event_timestamp"":1789892712.1811872,""clock_offset_sec"":-0.003912687301635742,""clock_round_trip_ms"":1.4998912811279297,""subject_id"":""sub-007"",""session_id"":""ses-001"",""block_id"":""Block 4"",""counterbalance_group"":""G07"",""block_order"":""Block 4"",""condition"":""B"",""condition_type"":""bbbd_subtraction"",""topic_key"":""V1"",""topic_name"":""商鞅 一个改变秦国命运的男人"",""event_type"":""rating_item_response"",""iso_time"":""2026-09-20T08:25:12.185Z"",""relative_ms"":393953,""video_time_sec"":346.795,""rating_item"":""course_attention_rating"",""rating_value"":""3"",""response_time_ms"":3829}",8b6ce1f9-62a7-4d97-823b-839e8a8c7711,sub-007,ses-001,bf6fc7e1-a5ea-40b9-9155-9e90df780152,b0a244a8-b5e2-4661-b241-de215ec01f7b,1789892712.1763375,1789892712.1850998,2351705.199999988,browser_calibrated,-0.003912687301635742,1.4998912811279297,461363,470493,20,-4.849672317504883,host_receive_nearest,verified,1,1,,,,,,,,,1,,,,,,,,,,,,,course_attention_rating,3,,,,,,V1,B,346.795,1789892712.1850998,1789892712.1763375,470493,,,,,,,3829,,,
rating_item_response,1789892714.0585873,1883.852,461834,4,4,,2,G07,B,bbbd_subtraction,rating_item_response,8,,0.0,0.0,,,,,,,"{""client_event_id"":""1efcf717-9bce-4290-91c9-90bf05744c64"",""recorder_run_id"":""8b6ce1f9-62a7-4d97-823b-839e8a8c7711"",""client_id"":""b0a244a8-b5e2-4661-b241-de215ec01f7b"",""client_timestamp"":1789892714.0625,""client_monotonic_ms"":2353582.699999988,""event_timestamp"":1789892714.0585873,""clock_offset_sec"":-0.003912687301635742,""clock_round_trip_ms"":1.4998912811279297,""subject_id"":""sub-007"",""session_id"":""ses-001"",""block_id"":""Block 4"",""counterbalance_group"":""G07"",""block_order"":""Block 4"",""condition"":""B"",""condition_type"":""bbbd_subtraction"",""topic_key"":""V1"",""topic_name"":""商鞅 一个改变秦国命运的男人"",""event_type"":""rating_item_response"",""iso_time"":""2026-09-20T08:25:14.062Z"",""relative_ms"":395830,""video_time_sec"":346.795,""rating_item"":""mental_effort"",""rating_value"":""8"",""response_time_ms"":5706}",8b6ce1f9-62a7-4d97-823b-839e8a8c7711,sub-007,ses-001,1efcf717-9bce-4290-91c9-90bf05744c64,b0a244a8-b5e2-4661-b241-de215ec01f7b,1789892714.0673375,1789892714.0625,2353582.699999988,browser_calibrated,-0.003912687301635742,1.4998912811279297,461833,470963,20,-7.2498321533203125,host_receive_nearest,verified,1,1,,,,,,,,,1,,,,,,,,,,,,,mental_effort,8,,,,,,V1,B,346.795,1789892714.0625,1789892714.0673375,470963,,,,,,,5706,,,
rating_item_response,1789892716.1285374,1885.892,462344,4,4,,2,G07,B,bbbd_subtraction,rating_item_response,3,,0.0,0.0,,,,,,,"{""client_event_id"":""8ccd1a07-ffb1-4226-a06b-eb2bf9ee91d1"",""recorder_run_id"":""8b6ce1f9-62a7-4d97-823b-839e8a8c7711"",""client_id"":""b0a244a8-b5e2-4661-b241-de215ec01f7b"",""client_timestamp"":1789892716.1300998,""client_monotonic_ms"":2355650.199999988,""event_timestamp"":1789892716.1285374,""clock_offset_sec"":-0.001562356948852539,""clock_round_trip_ms"":1.399993896484375,""subject_id"":""sub-007"",""session_id"":""ses-001"",""block_id"":""Block 4"",""counterbalance_group"":""G07"",""block_order"":""Block 4"",""condition"":""B"",""condition_type"":""bbbd_subtraction"",""topic_key"":""V1"",""topic_name"":""商鞅 一个改变秦国命运的男人"",""event_type"":""rating_item_response"",""iso_time"":""2026-09-20T08:25:16.130Z"",""relative_ms"":397897,""video_time_sec"":346.795,""rating_item"":""video_interest"",""rating_value"":""3"",""response_time_ms"":7774}",8b6ce1f9-62a7-4d97-823b-839e8a8c7711,sub-007,ses-001,8ccd1a07-ffb1-4226-a06b-eb2bf9ee91d1,b0a244a8-b5e2-4661-b241-de215ec01f7b,1789892716.1293375,1789892716.1300998,2355650.199999988,browser_calibrated,-0.001562356948852539,1.399993896484375,462343,471473,20,-14.199972152709961,host_receive_nearest,verified,1,1,,,,,,,,,1,,,,,,,,,,,,,video_interest,3,,,,,,V1,B,346.795,1789892716.1300998,1789892716.1293375,471473,,,,,,,7774,,,
rating_item_response,1789892717.3377376,1887.152,462659,4,4,,2,G07,B,bbbd_subtraction,rating_item_response,3,,0.0,0.0,,,,,,,"{""client_event_id"":""828ee1c1-5d20-45dd-aac7-ac0be204bfcf"",""recorder_run_id"":""8b6ce1f9-62a7-4d97-823b-839e8a8c7711"",""client_id"":""b0a244a8-b5e2-4661-b241-de215ec01f7b"",""client_timestamp"":1789892717.3393,""client_monotonic_ms"":2356859.399999976,""event_timestamp"":1789892717.3377376,""clock_offset_sec"":-0.001562356948852539,""clock_round_trip_ms"":1.399993896484375,""subject_id"":""sub-007"",""session_id"":""ses-001"",""block_id"":""Block 4"",""counterbalance_group"":""G07"",""block_order"":""Block 4"",""condition"":""B"",""condition_type"":""bbbd_subtraction"",""topic_key"":""V1"",""topic_name"":""商鞅 一个改变秦国命运的男人"",""event_type"":""rating_item_response"",""iso_time"":""2026-09-20T08:25:17.339Z"",""relative_ms"":399107,""video_time_sec"":346.795,""rating_item"":""video_difficulty"",""rating_value"":""3"",""response_time_ms"":8983}",8b6ce1f9-62a7-4d97-823b-839e8a8c7711,sub-007,ses-001,828ee1c1-5d20-45dd-aac7-ac0be204bfcf,b0a244a8-b5e2-4661-b241-de215ec01f7b,1789892717.3323376,1789892717.3393,2356859.399999976,browser_calibrated,-0.001562356948852539,1.399993896484375,462658,471788,20,-5.399942398071289,host_receive_nearest,verified,1,1,,,,,,,,,1,,,,,,,,,,,,,video_difficulty,3,,,,,,V1,B,346.795,1789892717.3393,1789892717.3323376,471788,,,,,,,8983,,,
rating_item_response,1789892719.0024376,1888.616,463029,4,4,,2,G07,B,bbbd_subtraction,rating_item_response,80-90%,,0.0,0.0,,,,,,,"{""client_event_id"":""35c792c2-c620-4e4e-8c03-036b024bf80b"",""recorder_run_id"":""8b6ce1f9-62a7-4d97-823b-839e8a8c7711"",""client_id"":""b0a244a8-b5e2-4661-b241-de215ec01f7b"",""client_timestamp"":1789892719.004,""client_monotonic_ms"":2358524.0999999642,""event_timestamp"":1789892719.0024376,""clock_offset_sec"":-0.001562356948852539,""clock_round_trip_ms"":1.399993896484375,""subject_id"":""sub-007"",""session_id"":""ses-001"",""block_id"":""Block 4"",""counterbalance_group"":""G07"",""block_order"":""Block 4"",""condition"":""B"",""condition_type"":""bbbd_subtraction"",""topic_key"":""V1"",""topic_name"":""商鞅 一个改变秦国命运的男人"",""event_type"":""rating_item_response"",""iso_time"":""2026-09-20T08:25:19.004Z"",""relative_ms"":400771,""video_time_sec"":346.795,""rating_item"":""subtraction_compliance"",""rating_value"":""80-90%"",""response_time_ms"":10647}",8b6ce1f9-62a7-4d97-823b-839e8a8c7711,sub-007,ses-001,35c792c2-c620-4e4e-8c03-036b024bf80b,b0a244a8-b5e2-4661-b241-de215ec01f7b,1789892719.0043375,1789892719.004,2358524.0999999642,browser_calibrated,-0.001562356948852539,1.399993896484375,463024,472154,20,1.8999576568603516,host_receive_nearest,verified,1,1,,,,,,,,,1,,,,,,,,,,,,,subtraction_compliance,80-90%,,,,,,V1,B,346.795,1789892719.004,1789892719.0043375,472154,,,,,,,10647,,,
rating_item_response,1789892721.2286377,1890.772,463434,4,4,,2,G07,B,bbbd_subtraction,rating_item_response,4,,0.0,0.0,,,,,,,"{""client_event_id"":""1263e992-dcd8-48be-8753-e781ff418388"",""recorder_run_id"":""8b6ce1f9-62a7-4d97-823b-839e8a8c7711"",""client_id"":""b0a244a8-b5e2-4661-b241-de215ec01f7b"",""client_timestamp"":1789892721.2302,""client_monotonic_ms"":2360750.2999999523,""event_timestamp"":1789892721.2286377,""clock_offset_sec"":-0.001562356948852539,""clock_round_trip_ms"":1.399993896484375,""subject_id"":""sub-007"",""session_id"":""ses-001"",""block_id"":""Block 4"",""counterbalance_group"":""G07"",""block_order"":""Block 4"",""condition"":""B"",""condition_type"":""bbbd_subtraction"",""topic_key"":""V1"",""topic_name"":""商鞅 一个改变秦国命运的男人"",""event_type"":""rating_item_response"",""iso_time"":""2026-09-20T08:25:21.230Z"",""relative_ms"":402998,""video_time_sec"":346.795,""rating_item"":""subtraction_difficulty"",""rating_value"":""4"",""response_time_ms"":12874}",8b6ce1f9-62a7-4d97-823b-839e8a8c7711,sub-007,ses-001,1263e992-dcd8-48be-8753-e781ff418388,b0a244a8-b5e2-4661-b241-de215ec01f7b,1789892721.2233374,1789892721.2302,2360750.2999999523,browser_calibrated,-0.001562356948852539,1.399993896484375,463433,472693,20,-21.300077438354492,host_receive_nearest,verified,1,1,,,,,,,,,1,,,,,,,,,,,,,subtraction_difficulty,4,,,,,,V1,B,346.795,1789892721.2302,1789892721.2233374,472693,,,,,,,12874,,,
qc_status_change,1789892721.6613376,1891.032,463499,4,4,,2,G07,B,bbbd_subtraction,qc_status_change,bad,,0.0,0.0,,,,,,,丢包率 5.43% 过高，请检查蓝牙距离、供电和连接。,8b6ce1f9-62a7-4d97-823b-839e8a8c7711,sub-007,ses-001,,,1789892721.6613376,,,server,,,463498,472758,20,0.0,host_receive_nearest,,,,,,,,,,,,1,,,,,,,,,,,,,,,,,,,,V1,B,,,1789892721.6613376,472758,,,,,,,,,,
rating_item_response,1789892726.5094376,1895.112,464394,4,4,,2,G07,B,bbbd_subtraction,rating_item_response,663,,0.0,0.0,,,,,,,"{""client_event_id"":""71d277ba-05f6-4caa-ad4c-c7da0d276fcc"",""recorder_run_id"":""8b6ce1f9-62a7-4d97-823b-839e8a8c7711"",""client_id"":""b0a244a8-b5e2-4661-b241-de215ec01f7b"",""client_timestamp"":1789892726.511,""client_monotonic_ms"":2366031.0999999642,""event_timestamp"":1789892726.5094376,""clock_offset_sec"":-0.001562356948852539,""clock_round_trip_ms"":1.399993896484375,""subject_id"":""sub-007"",""session_id"":""ses-001"",""block_id"":""Block 4"",""counterbalance_group"":""G07"",""block_order"":""Block 4"",""condition"":""B"",""condition_type"":""bbbd_subtraction"",""topic_key"":""V1"",""topic_name"":""商鞅 一个改变秦国命运的男人"",""event_type"":""rating_item_response"",""iso_time"":""2026-09-20T08:25:26.511Z"",""relative_ms"":408278,""video_time_sec"":346.795,""rating_item"":""reported_final_number"",""rating_value"":""663"",""response_time_ms"":18154}",8b6ce1f9-62a7-4d97-823b-839e8a8c7711,sub-007,ses-001,71d277ba-05f6-4caa-ad4c-c7da0d276fcc,b0a244a8-b5e2-4661-b241-de215ec01f7b,1789892726.5043375,1789892726.511,2366031.0999999642,browser_calibrated,-0.001562356948852539,1.399993896484375,464393,473778,21,-67.10004806518555,host_receive_nearest,verified,1,1,,,,,,,,,1,,,,,,,,,,,,,reported_final_number,663,,,,,,V1,B,346.795,1789892726.511,1789892726.5043375,473778,,,,,,,18154,,,
rating_end,1789892731.6556375,1900.428,465554,4,4,,2,G07,B,bbbd_subtraction,rating_end,,23.3,0.0,0.0,,,,,,,"{""client_event_id"":""a83d603c-59fe-40da-981c-6c9379620402"",""recorder_run_id"":""8b6ce1f9-62a7-4d97-823b-839e8a8c7711"",""client_id"":""b0a244a8-b5e2-4661-b241-de215ec01f7b"",""client_timestamp"":1789892731.6571999,""client_monotonic_ms"":2371177.2999999523,""event_timestamp"":1789892731.6556375,""clock_offset_sec"":-0.001562356948852539,""clock_round_trip_ms"":1.399993896484375,""subject_id"":""sub-007"",""session_id"":""ses-001"",""block_id"":""Block 4"",""counterbalance_group"":""G07"",""block_order"":""Block 4"",""condition"":""B"",""condition_type"":""bbbd_subtraction"",""topic_key"":""V1"",""topic_name"":""商鞅 一个改变秦国命运的男人"",""event_type"":""rating_end"",""iso_time"":""2026-09-20T08:25:31.657Z"",""relative_ms"":413425,""video_time_sec"":346.795,""video_id"":""V1"",""course_attention_rating"":3,""mental_effort"":8,""video_interest"":3,""video_difficulty"":3,""subtraction_compliance"":""80-90%"",""subtraction_difficulty"":4,""reported_final_number"":663,""duration_sec"":23.3,""submitted_iso"":""2026-09-20T08:25:31.657Z"",""submitted_relative_ms"":413425}",8b6ce1f9-62a7-4d97-823b-839e8a8c7711,sub-007,ses-001,a83d603c-59fe-40da-981c-6c9379620402,b0a244a8-b5e2-4661-b241-de215ec01f7b,1789892731.6613376,1789892731.6571999,2371177.2999999523,browser_calibrated,-0.001562356948852539,1.399993896484375,465553,475107,21,-10.299921035766602,host_receive_nearest,verified,1,1,,,,,,,,,1,,,,3,8,3,3,80-90%,80,90,4,663,,,,,,,,V1,B,346.795,1789892731.6571999,1789892731.6613376,475107,,,,,,,,,,
quiz_start,1789892731.6594377,1900.432,465559,4,4,,2,G07,B,bbbd_subtraction,quiz_start,,,0.0,0.0,,,,,,,"{""client_event_id"":""87079c13-34ca-448d-bd41-42639e2a3546"",""recorder_run_id"":""8b6ce1f9-62a7-4d97-823b-839e8a8c7711"",""client_id"":""b0a244a8-b5e2-4661-b241-de215ec01f7b"",""client_timestamp"":1789892731.661,""client_monotonic_ms"":2371181.0999999642,""event_timestamp"":1789892731.6594377,""clock_offset_sec"":-0.001562356948852539,""clock_round_trip_ms"":1.399993896484375,""subject_id"":""sub-007"",""session_id"":""ses-001"",""block_id"":""Block 4"",""counterbalance_group"":""G07"",""block_order"":""Block 4"",""condition"":""B"",""condition_type"":""bbbd_subtraction"",""topic_key"":""V1"",""topic_name"":""商鞅 一个改变秦国命运的男人"",""event_type"":""quiz_start"",""iso_time"":""2026-09-20T08:25:31.661Z"",""relative_ms"":413428,""video_time_sec"":346.795}",8b6ce1f9-62a7-4d97-823b-839e8a8c7711,sub-007,ses-001,87079c13-34ca-448d-bd41-42639e2a3546,b0a244a8-b5e2-4661-b241-de215ec01f7b,1789892731.6763375,1789892731.661,2371181.0999999642,browser_calibrated,-0.001562356948852539,1.399993896484375,465554,475108,21,1.8999576568603516,host_receive_nearest,verified,1,1,,,,,,,,,1,,,,,,,,,,,,,,,,,,,,V1,B,346.795,1789892731.661,1789892731.6763375,475108,,,,,,,,,,
qc_status_change,1789892739.6923375,1908.468,467564,4,4,,2,G07,B,bbbd_subtraction,qc_status_change,good,,0.0,0.0,,,,,,,当前QC指标正常。,8b6ce1f9-62a7-4d97-823b-839e8a8c7711,sub-007,ses-001,,,1789892739.6923375,,,server,,,467563,477117,21,-16.000032424926758,host_receive_nearest,,,,,,,,,,,,1,,,,,,,,,,,,,,,,,,,,V1,B,,,1789892739.6923375,477117,,,,,,,,,,
quiz_item_response,1789892743.8043876,1912.588,468594,4,4,,2,G07,B,bbbd_subtraction,quiz_item_response,商鞅变法发生在哪个国家？,,0.0,0.0,,V1Q1,C,C,True,2633,"{""client_event_id"":""deeb631f-508f-4471-b978-c9fcef1f2bce"",""recorder_run_id"":""8b6ce1f9-62a7-4d97-823b-839e8a8c7711"",""client_id"":""b0a244a8-b5e2-4661-b241-de215ec01f7b"",""client_timestamp"":1789892743.8068998,""client_monotonic_ms"":2383327,""event_timestamp"":1789892743.8043876,""clock_offset_sec"":-0.002512216567993164,""clock_round_trip_ms"":1.3000965118408203,""subject_id"":""sub-007"",""session_id"":""ses-001"",""block_id"":""Block 4"",""counterbalance_group"":""G07"",""block_order"":""Block 4"",""condition"":""B"",""condition_type"":""bbbd_subtraction"",""topic_key"":""V1"",""topic_name"":""商鞅 一个改变秦国命运的男人"",""event_type"":""quiz_item_response"",""iso_time"":""2026-09-20T08:25:43.806Z"",""relative_ms"":425574,""video_time_sec"":346.795,""video_id"":""V1"",""question_id"":""V1Q1"",""question_text"":""商鞅变法发生在哪个国家？"",""response_index"":2,""response_letter"":""C"",""response_text"":""秦国"",""correct_index"":2,""correct_letter"":""C"",""correct_text"":""秦国"",""is_correct"":true,""reaction_time_ms"":2633,""submitted_iso"":""2026-09-20T08:25:43.806Z"",""submitted_relative_ms"":425574}",8b6ce1f9-62a7-4d97-823b-839e8a8c7711,sub-007,ses-001,deeb631f-508f-4471-b978-c9fcef1f2bce,b0a244a8-b5e2-4661-b241-de215ec01f7b,1789892743.8013375,1789892743.8068998,2383327,browser_calibrated,-0.002512216567993164,1.3000965118408203,468593,478147,21,-3.050088882446289,host_receive_nearest,verified,1,1,,,,,,,,,1,,,,,,,,,,,,,,,,,商鞅变法发生在哪个国家？,2,秦国,V1,B,346.795,1789892743.8068998,1789892743.8013375,478147,,,,,,,,,,
quiz_item_response,1789892743.8080876,1912.588,468599,4,4,,2,G07,B,bbbd_subtraction,quiz_item_response,商鞅变法中，商鞅通过采取什么方法提升参军人数？,,0.0,0.0,,V1Q2,B,A,False,4187,"{""client_event_id"":""2c39287b-813d-45cd-b50f-490e22d52284"",""recorder_run_id"":""8b6ce1f9-62a7-4d97-823b-839e8a8c7711"",""client_id"":""b0a244a8-b5e2-4661-b241-de215ec01f7b"",""client_timestamp"":1789892743.8105998,""client_monotonic_ms"":2383330.699999988,""event_timestamp"":1789892743.8080876,""clock_offset_sec"":-0.002512216567993164,""clock_round_trip_ms"":1.3000965118408203,""subject_id"":""sub-007"",""session_id"":""ses-001"",""block_id"":""Block 4"",""counterbalance_group"":""G07"",""block_order"":""Block 4"",""condition"":""B"",""condition_type"":""bbbd_subtraction"",""topic_key"":""V1"",""topic_name"":""商鞅 一个改变秦国命运的男人"",""event_type"":""quiz_item_response"",""iso_time"":""2026-09-20T08:25:43.810Z"",""relative_ms"":425578,""video_time_sec"":346.795,""video_id"":""V1"",""question_id"":""V1Q2"",""question_text"":""商鞅变法中，商鞅通过采取什么方法提升参军人数？"",""response_index"":0,""response_letter"":""A"",""response_text"":""采取军功爵位制"",""correct_index"":1,""correct_letter"":""B"",""correct_text"":""采取户籍制"",""is_correct"":false,""reaction_time_ms"":4187,""submitted_iso"":""2026-09-20T08:25:43.810Z"",""submitted_relative_ms"":425578}",8b6ce1f9-62a7-4d97-823b-839e8a8c7711,sub-007,ses-001,2c39287b-813d-45cd-b50f-490e22d52284,b0a244a8-b5e2-4661-b241-de215ec01f7b,1789892743.8483374,1789892743.8105998,2383330.699999988,browser_calibrated,-0.002512216567993164,1.3000965118408203,468593,478147,21,-6.7501068115234375,host_receive_nearest,verified,1,1,,,,,,,,,1,,,,,,,,,,,,,,,,,商鞅变法中，商鞅通过采取什么方法提升参军人数？,0,采取军功爵位制,V1,B,346.795,1789892743.8105998,1789892743.8483374,478147,,,,,,,,,,
quiz_item_response,1789892743.8120875,1912.588,468604,4,4,,2,G07,B,bbbd_subtraction,quiz_item_response,商鞅变法使秦国发生了怎样的变化？,,0.0,0.0,,V1Q3,B,B,True,7650,"{""client_event_id"":""64fc9619-8269-4490-af4e-0859ef676351"",""recorder_run_id"":""8b6ce1f9-62a7-4d97-823b-839e8a8c7711"",""client_id"":""b0a244a8-b5e2-4661-b241-de215ec01f7b"",""client_timestamp"":1789892743.8145998,""client_monotonic_ms"":2383334.699999988,""event_timestamp"":1789892743.8120875,""clock_offset_sec"":-0.002512216567993164,""clock_round_trip_ms"":1.3000965118408203,""subject_id"":""sub-007"",""session_id"":""ses-001"",""block_id"":""Block 4"",""counterbalance_group"":""G07"",""block_order"":""Block 4"",""condition"":""B"",""condition_type"":""bbbd_subtraction"",""topic_key"":""V1"",""topic_name"":""商鞅 一个改变秦国命运的男人"",""event_type"":""quiz_item_response"",""iso_time"":""2026-09-20T08:25:43.814Z"",""relative_ms"":425582,""video_time_sec"":346.795,""video_id"":""V1"",""question_id"":""V1Q3"",""question_text"":""商鞅变法使秦国发生了怎样的变化？"",""response_index"":1,""response_letter"":""B"",""response_text"":""国力大增，为统一六国奠定基础"",""correct_index"":1,""correct_letter"":""B"",""correct_text"":""国力大增，为统一六国奠定基础"",""is_correct"":true,""reaction_time_ms"":7650,""submitted_iso"":""2026-09-20T08:25:43.814Z"",""submitted_relative_ms"":425582}",8b6ce1f9-62a7-4d97-823b-839e8a8c7711,sub-007,ses-001,64fc9619-8269-4490-af4e-0859ef676351,b0a244a8-b5e2-4661-b241-de215ec01f7b,1789892743.8483374,1789892743.8145998,2383334.699999988,browser_calibrated,-0.002512216567993164,1.3000965118408203,468593,478147,21,-10.750055313110352,host_receive_nearest,verified,1,1,,,,,,,,,1,,,,,,,,,,,,,,,,,商鞅变法使秦国发生了怎样的变化？,1,国力大增，为统一六国奠定基础,V1,B,346.795,1789892743.8145998,1789892743.8483374,478147,,,,,,,,,,
quiz_item_response,1789892743.8161876,1912.588,468609,4,4,,2,G07,B,bbbd_subtraction,quiz_item_response,商鞅变法能够成功推行，离不开哪位国君的支持？,,0.0,0.0,,V1Q4,B,B,True,11088,"{""client_event_id"":""4e7ec7cd-c016-451e-941d-20e43dd1b8a0"",""recorder_run_id"":""8b6ce1f9-62a7-4d97-823b-839e8a8c7711"",""client_id"":""b0a244a8-b5e2-4661-b241-de215ec01f7b"",""client_timestamp"":1789892743.8186998,""client_monotonic_ms"":2383338.7999999523,""event_timestamp"":1789892743.8161876,""clock_offset_sec"":-0.002512216567993164,""clock_round_trip_ms"":1.3000965118408203,""subject_id"":""sub-007"",""session_id"":""ses-001"",""block_id"":""Block 4"",""counterbalance_group"":""G07"",""block_order"":""Block 4"",""condition"":""B"",""condition_type"":""bbbd_subtraction"",""topic_key"":""V1"",""topic_name"":""商鞅 一个改变秦国命运的男人"",""event_type"":""quiz_item_response"",""iso_time"":""2026-09-20T08:25:43.818Z"",""relative_ms"":425586,""video_time_sec"":346.795,""video_id"":""V1"",""question_id"":""V1Q4"",""question_text"":""商鞅变法能够成功推行，离不开哪位国君的支持？"",""response_index"":1,""response_letter"":""B"",""response_text"":""秦孝公"",""correct_index"":1,""correct_letter"":""B"",""correct_text"":""秦孝公"",""is_correct"":true,""reaction_time_ms"":11088,""submitted_iso"":""2026-09-20T08:25:43.818Z"",""submitted_relative_ms"":425586}",8b6ce1f9-62a7-4d97-823b-839e8a8c7711,sub-007,ses-001,4e7ec7cd-c016-451e-941d-20e43dd1b8a0,b0a244a8-b5e2-4661-b241-de215ec01f7b,1789892743.8643374,1789892743.8186998,2383338.7999999523,browser_calibrated,-0.002512216567993164,1.3000965118408203,468593,478147,21,-14.850139617919922,host_receive_nearest,verified,1,1,,,,,,,,,1,,,,,,,,,,,,,,,,,商鞅变法能够成功推行，离不开哪位国君的支持？,1,秦孝公,V1,B,346.795,1789892743.8186998,1789892743.8643374,478147,,,,,,,,,,
quiz_end,1789892743.8201878,1912.592,468609,4,4,,2,G07,B,bbbd_subtraction,quiz_end,3/4,12.162,0.0,0.0,,,,,,,"{""client_event_id"":""0a5dd295-d6a7-4798-824a-78a2c820a960"",""recorder_run_id"":""8b6ce1f9-62a7-4d97-823b-839e8a8c7711"",""client_id"":""b0a244a8-b5e2-4661-b241-de215ec01f7b"",""client_timestamp"":1789892743.8227,""client_monotonic_ms"":2383342.7999999523,""event_timestamp"":1789892743.8201878,""clock_offset_sec"":-0.002512216567993164,""clock_round_trip_ms"":1.3000965118408203,""subject_id"":""sub-007"",""session_id"":""ses-001"",""block_id"":""Block 4"",""counterbalance_group"":""G07"",""block_order"":""Block 4"",""condition"":""B"",""condition_type"":""bbbd_subtraction"",""topic_key"":""V1"",""topic_name"":""商鞅 一个改变秦国命运的男人"",""event_type"":""quiz_end"",""iso_time"":""2026-09-20T08:25:43.822Z"",""relative_ms"":425590,""video_time_sec"":346.795,""score"":3,""total"":4,""duration_sec"":12.162}",8b6ce1f9-62a7-4d97-823b-839e8a8c7711,sub-007,ses-001,0a5dd295-d6a7-4798-824a-78a2c820a960,b0a244a8-b5e2-4661-b241-de215ec01f7b,1789892743.8793375,1789892743.8227,2383342.7999999523,browser_calibrated,-0.002512216567993164,1.3000965118408203,468594,478148,21,12.149810791015625,host_receive_nearest,verified,1,1,,,,,,,,,1,,,,,,,,,,,,,,,3,4,,,,V1,B,346.795,1789892743.8227,1789892743.8793375,478148,,,,,,,,,,
block_end,1789892743.8201878,1912.592,468609,4,4,,2,G07,B,bbbd_subtraction,block_end,V1,,0.0,0.0,,,,,,,,8b6ce1f9-62a7-4d97-823b-839e8a8c7711,sub-007,ses-001,0a5dd295-d6a7-4798-824a-78a2c820a960,b0a244a8-b5e2-4661-b241-de215ec01f7b,1789892743.8793375,1789892743.8227,2383342.7999999523,browser_calibrated,-0.002512216567993164,1.3000965118408203,468594,478148,21,12.149810791015625,host_receive_nearest,verified,1,1,,,,,,,,,1,,,,,,,,,,,,,,,,,,,,V1,B,346.795,1789892743.8227,1789892743.8793375,478148,,,,,,,,,,
rest_start,1789892743.8259878,1912.592,468614,4,4,,2,G07,B,bbbd_subtraction,rest_start,after-block-4,,0.0,0.0,,,,,,,"{""client_event_id"":""eb3f3925-e9f6-4acb-94ae-43dd8cf90310"",""recorder_run_id"":""8b6ce1f9-62a7-4d97-823b-839e8a8c7711"",""client_id"":""b0a244a8-b5e2-4661-b241-de215ec01f7b"",""client_timestamp"":1789892743.8285,""client_monotonic_ms"":2383348.5999999642,""event_timestamp"":1789892743.8259878,""clock_offset_sec"":-0.002512216567993164,""clock_round_trip_ms"":1.3000965118408203,""subject_id"":""sub-007"",""session_id"":""ses-001"",""block_id"":""Block 4"",""counterbalance_group"":""G07"",""block_order"":""Block 4"",""condition"":""B"",""condition_type"":""bbbd_subtraction"",""topic_key"":""V1"",""topic_name"":""商鞅 一个改变秦国命运的男人"",""event_type"":""rest_start"",""iso_time"":""2026-09-20T08:25:43.828Z"",""relative_ms"":425596,""video_time_sec"":346.795,""after_block_id"":4,""planned_duration"":30,""actual_duration"":"""",""is_formal_experiment"":0}",8b6ce1f9-62a7-4d97-823b-839e8a8c7711,sub-007,ses-001,eb3f3925-e9f6-4acb-94ae-43dd8cf90310,b0a244a8-b5e2-4661-b241-de215ec01f7b,1789892743.8953376,1789892743.8285,2383348.5999999642,browser_calibrated,-0.002512216567993164,1.3000965118408203,468594,478148,21,6.349802017211914,host_receive_nearest,verified,0,1,,,,,4,,30,,0,,,,,,,,,,,,,,,,,,,,V1,B,346.795,1789892743.8285,1789892743.8953376,478148,,,,,,,,,,
rest_end,1789892774.7014878,1943.464,476313,4,4,,2,G07,B,bbbd_subtraction,rest_end,after-block-4,30.876,0.0,0.0,,,,,,,"{""client_event_id"":""577b4325-9cb4-4012-a178-2127adf52994"",""recorder_run_id"":""8b6ce1f9-62a7-4d97-823b-839e8a8c7711"",""client_id"":""b0a244a8-b5e2-4661-b241-de215ec01f7b"",""client_timestamp"":1789892774.704,""client_monotonic_ms"":2414224.0999999642,""event_timestamp"":1789892774.7014878,""clock_offset_sec"":-0.002512216567993164,""clock_round_trip_ms"":1.3000965118408203,""subject_id"":""sub-007"",""session_id"":""ses-001"",""block_id"":""Block 4"",""counterbalance_group"":""G07"",""block_order"":""Block 4"",""condition"":""B"",""condition_type"":""bbbd_subtraction"",""topic_key"":""V1"",""topic_name"":""商鞅 一个改变秦国命运的男人"",""event_type"":""rest_end"",""iso_time"":""2026-09-20T08:26:14.704Z"",""relative_ms"":456471,""video_time_sec"":346.795,""after_block_id"":4,""planned_duration"":30,""actual_duration"":30.876,""duration_sec"":30.876,""is_formal_experiment"":0,""debug_early"":false}",8b6ce1f9-62a7-4d97-823b-839e8a8c7711,sub-007,ses-001,577b4325-9cb4-4012-a178-2127adf52994,b0a244a8-b5e2-4661-b241-de215ec01f7b,1789892774.7073376,1789892774.704,2414224.0999999642,browser_calibrated,-0.002512216567993164,1.3000965118408203,476312,485866,21,-9.150266647338867,host_receive_nearest,verified,0,1,,,,,4,,30,30.876,0,,,,,,,,,,,,,,,,,,,,V1,B,346.795,1789892774.704,1789892774.7073376,485866,,,,,,,,,,
block_start,1789892776.7053876,1945.464,476813,5,5,,2,G07,A,focused,block_start,V2,,0.0,0.0,,,,,,,condition=A; condition_type=focused,8b6ce1f9-62a7-4d97-823b-839e8a8c7711,sub-007,ses-001,ae53ac95-f240-4a24-9fac-d4c29418ca3e,b0a244a8-b5e2-4661-b241-de215ec01f7b,1789892776.7073376,1789892776.7078998,2416228,browser_calibrated,-0.002512216567993164,1.3000965118408203,476812,486366,21,-13.050079345703125,host_receive_nearest,verified,0,1,,,,,,,,,1,,,,,,,,,,,,,,,,,,,,V2,A,0,1789892776.7078998,1789892776.7073376,486366,,,,,,,,,,
condition_prompt_start,1789892776.7053876,1945.464,476813,5,5,,2,G07,A,focused,condition_prompt_start,A,,0.0,0.0,,,,,,,,8b6ce1f9-62a7-4d97-823b-839e8a8c7711,sub-007,ses-001,ae53ac95-f240-4a24-9fac-d4c29418ca3e,b0a244a8-b5e2-4661-b241-de215ec01f7b,1789892776.7073376,1789892776.7078998,2416228,browser_calibrated,-0.002512216567993164,1.3000965118408203,476812,486366,21,-13.050079345703125,host_receive_nearest,verified,0,1,,,,,,,,,1,,,,,,,,,,,,,,,,,,,,V2,A,0,1789892776.7078998,1789892776.7073376,486366,,,,,,,,,,
browser_block_config,1789892776.7053876,1945.464,476813,5,5,,2,G07,A,focused,browser_block_config,V2,,0.0,0.0,,,,,,,"{""client_event_id"":""ae53ac95-f240-4a24-9fac-d4c29418ca3e"",""recorder_run_id"":""8b6ce1f9-62a7-4d97-823b-839e8a8c7711"",""client_id"":""b0a244a8-b5e2-4661-b241-de215ec01f7b"",""client_timestamp"":1789892776.7078998,""client_monotonic_ms"":2416228,""event_timestamp"":1789892776.7053876,""clock_offset_sec"":-0.002512216567993164,""clock_round_trip_ms"":1.3000965118408203,""subject_id"":""sub-007"",""session_id"":""ses-001"",""block_id"":""Block 5"",""counterbalance_group"":""G07"",""block_order"":""Block 5"",""condition"":""A"",""condition_type"":""focused"",""topic_key"":""V2"",""topic_name"":""百家争鸣 到底是哪百家"",""event_type"":""block_start"",""iso_time"":""2026-09-20T08:26:16.707Z"",""relative_ms"":0,""video_time_sec"":0,""block_start_iso"":""2026-09-20T08:26:16.707Z"",""config_json"":""{\""recorder_run_id\"":\""8b6ce1f9-62a7-4d97-823b-839e8a8c7711\"",\""subject_id\"":\""sub-007\"",\""session_id\"":\""ses-001\"",\""block_id\"":\""Block 5\"",\""counterbalance_group\"":\""G07\"",\""condition\"":\""A\"",\""condition_type\"":\""focused\"",\""topic_key\"":\""V2\"",\""topic_name\"":\""百家争鸣 到底是哪百家\"",\""video_file\"":\""视频2-混知漫画｜百家争鸣，到底是哪百家？-480P 标清-AVC.mp4\"",\""start_number\"":\""\"",\""generated_timestamp\"":\""\""}""}",8b6ce1f9-62a7-4d97-823b-839e8a8c7711,sub-007,ses-001,ae53ac95-f240-4a24-9fac-d4c29418ca3e,b0a244a8-b5e2-4661-b241-de215ec01f7b,1789892776.7073376,1789892776.7078998,2416228,browser_calibrated,-0.002512216567993164,1.3000965118408203,476812,486366,21,-13.050079345703125,host_receive_nearest,verified,0,1,,,,,,,,,1,,,,,,,,,,,,,,,,,,,,V2,A,0,1789892776.7078998,1789892776.7073376,486366,,,,,,,,,,
probe_schedule,1789892776.7599878,1945.544,476833,5,5,,2,G07,A,focused,probe_schedule,"80.607,173.239,223.452,271.99",,0.0,0.0,,,,,,,"{""client_event_id"":""5a4ebdf8-f6ce-45a6-a3fb-8fd7292cffc0"",""recorder_run_id"":""8b6ce1f9-62a7-4d97-823b-839e8a8c7711"",""client_id"":""b0a244a8-b5e2-4661-b241-de215ec01f7b"",""client_timestamp"":1789892776.7625,""client_monotonic_ms"":2416282.699999988,""event_timestamp"":1789892776.7599878,""clock_offset_sec"":-0.002512216567993164,""clock_round_trip_ms"":1.3000965118408203,""subject_id"":""sub-007"",""session_id"":""ses-001"",""block_id"":""Block 5"",""counterbalance_group"":""G07"",""block_order"":""Block 5"",""condition"":""A"",""condition_type"":""focused"",""topic_key"":""V2"",""topic_name"":""百家争鸣 到底是哪百家"",""event_type"":""probe_schedule"",""iso_time"":""2026-09-20T08:26:16.762Z"",""relative_ms"":55,""video_time_sec"":0,""probe_schedule_id"":""d87649f9-a2b9-47ea-8fcd-ec44ac969cf2"",""probe_times"":[80.607,173.239,223.452,271.99],""probe_config"":{""probes_per_block"":4,""min_first_onset_sec"":45,""min_end_margin_sec"":30,""min_gap_sec"":45},""video_duration_sec"":312.773,""video_id"":""V2"",""debug_fast"":false}",8b6ce1f9-62a7-4d97-823b-839e8a8c7711,sub-007,ses-001,5a4ebdf8-f6ce-45a6-a3fb-8fd7292cffc0,b0a244a8-b5e2-4661-b241-de215ec01f7b,1789892776.7543375,1789892776.7625,2416282.699999988,browser_calibrated,-0.002512216567993164,1.3000965118408203,476832,486386,21,-5.65028190612793,host_receive_nearest,verified,1,1,,,,,,,,,1,,,,,,,,,,,,,,,,,,,,V2,A,0,1789892776.7625,1789892776.7543375,486386,,4,d87649f9-a2b9-47ea-8fcd-ec44ac969cf2,,,,,,,
qc_status_change,1789892779.7073376,1948.384,477328,5,5,,2,G07,A,focused,qc_status_change,bad,,0.0,0.0,,,,,,,丢包率 8.67% 过高，请检查蓝牙距离、供电和连接。,8b6ce1f9-62a7-4d97-823b-839e8a8c7711,sub-007,ses-001,,,1789892779.7073376,,,server,,,477327,487096,22,-109.00020599365234,host_receive_nearest,,,,,,,,,,,,1,,,,,,,,,,,,,,,,,,,,V2,A,,,1789892779.7073376,487096,,,,,,,,,,
condition_prompt_end,1789892781.7707,1950.204,477783,5,5,,2,G07,A,focused,condition_prompt_end,0,,0.0,0.0,,,,,,,"{""client_event_id"":""5d331e2c-0142-4373-8695-45d09ba39941"",""recorder_run_id"":""8b6ce1f9-62a7-4d97-823b-839e8a8c7711"",""client_id"":""b0a244a8-b5e2-4661-b241-de215ec01f7b"",""client_timestamp"":1789892781.7707999,""client_monotonic_ms"":2421290.899999976,""event_timestamp"":1789892781.7707,""clock_offset_sec"":-0.002512216567993164,""clock_round_trip_ms"":1.3000965118408203,""subject_id"":""sub-007"",""session_id"":""ses-001"",""block_id"":""Block 5"",""counterbalance_group"":""G07"",""block_order"":""Block 5"",""condition"":""A"",""condition_type"":""focused"",""topic_key"":""V2"",""topic_name"":""百家争鸣 到底是哪百家"",""event_type"":""condition_prompt_end"",""iso_time"":""2026-09-20T08:26:21.770Z"",""relative_ms"":5063,""video_time_sec"":0}",8b6ce1f9-62a7-4d97-823b-839e8a8c7711,sub-007,ses-001,5d331e2c-0142-4373-8695-45d09ba39941,b0a244a8-b5e2-4661-b241-de215ec01f7b,1789892781.7703376,1789892781.7707999,2421290.899999976,browser_calibrated,-0.002512216567993164,1.3000965118408203,477782,487551,22,-78.36246490478516,host_receive_nearest,verified,1,0,,,,,,,,,1,,,,,,,,,,,,,,,,,,,,V2,A,0,1789892781.7707999,1789892781.7703376,487551,,,,,,,,,,
video_start,1789892781.7707,1950.204,477783,5,5,,2,G07,A,focused,video_start,V2,,0.0,0.0,,,,,,,,8b6ce1f9-62a7-4d97-823b-839e8a8c7711,sub-007,ses-001,dd805f52-8ce1-4367-93f8-6e34c5aef336,b0a244a8-b5e2-4661-b241-de215ec01f7b,1789892781.7863376,1789892781.78,2421300.0999999642,browser_calibrated,-0.002512216567993164,1.3000965118408203,477782,487551,22,-78.36246490478516,host_receive_nearest,verified,1,1,,,,,,,,,1,,,,,,,,,,,,,,,,,,,,V2,A,0,1789892781.78,1789892781.7863376,487551,,,,,,,,,,
video_play,1789892781.7707,1950.204,477783,5,5,,2,G07,A,focused,video_play,0,,0.0,0.0,,,,,,,"{""client_event_id"":""dd805f52-8ce1-4367-93f8-6e34c5aef336"",""recorder_run_id"":""8b6ce1f9-62a7-4d97-823b-839e8a8c7711"",""client_id"":""b0a244a8-b5e2-4661-b241-de215ec01f7b"",""client_timestamp"":1789892781.78,""client_monotonic_ms"":2421300.0999999642,""event_timestamp"":1789892781.7707,""clock_offset_sec"":-0.002512216567993164,""clock_round_trip_ms"":1.3000965118408203,""subject_id"":""sub-007"",""session_id"":""ses-001"",""block_id"":""Block 5"",""counterbalance_group"":""G07"",""block_order"":""Block 5"",""condition"":""A"",""condition_type"":""focused"",""topic_key"":""V2"",""topic_name"":""百家争鸣 到底是哪百家"",""event_type"":""video_play"",""iso_time"":""2026-09-20T08:26:21.780Z"",""relative_ms"":5072,""video_time_sec"":0}",8b6ce1f9-62a7-4d97-823b-839e8a8c7711,sub-007,ses-001,dd805f52-8ce1-4367-93f8-6e34c5aef336,b0a244a8-b5e2-4661-b241-de215ec01f7b,1789892781.7863376,1789892781.78,2421300.0999999642,browser_calibrated,-0.002512216567993164,1.3000965118408203,477782,487551,22,-78.36246490478516,host_receive_nearest,verified,1,1,,,,,,,,,1,,,,,,,,,,,,,,,,,,,,V2,A,0,1789892781.78,1789892781.7863376,487551,,,,,,,,,,
qc_status_change,1789892789.6923375,1958.484,479853,5,5,,2,G07,A,focused,qc_status_change,good,,0.0,0.0,,,,,,,当前QC指标正常。,8b6ce1f9-62a7-4d97-823b-839e8a8c7711,sub-007,ses-001,,,1789892789.6923375,,,server,,,479852,489621,22,0.0,host_receive_nearest,,,,,,,,,,,,1,,,,,,,,,,,,,,,,,,,,V2,A,,,1789892789.6923375,489621,,,,,,,,,,
qc_status_change,1789892807.6923375,1976.484,484309,5,5,,2,G07,A,focused,qc_status_change,warning,,0.0,0.0,,,,,,,丢包率 1.76% 偏高。,8b6ce1f9-62a7-4d97-823b-839e8a8c7711,sub-007,ses-001,,,1789892807.6923375,,,server,,,484308,494121,22,0.0,host_receive_nearest,,,,,,,,,,,,1,,,,,,,,,,,,,,,,,,,,V2,A,,,1789892807.6923375,494121,,,,,,,,,,
qc_status_change,1789892813.7073376,1982.444,485699,5,5,,2,G07,A,focused,qc_status_change,bad,,0.0,0.0,,,,,,,丢包率 5.78% 过高，请检查蓝牙距离、供电和连接。,8b6ce1f9-62a7-4d97-823b-839e8a8c7711,sub-007,ses-001,,,1789892813.7073376,,,server,,,485698,495611,22,-31.000137329101562,host_receive_nearest,,,,,,,,,,,,1,,,,,,,,,,,,,,,,,,,,V2,A,,,1789892813.7073376,495611,,,,,,,,,,
phase_change,1789892819.6814375,,486139,5,5,,2,G07,A,focused,phase_change,paused,,0.0,0.0,,,,,,,,8b6ce1f9-62a7-4d97-823b-839e8a8c7711,sub-007,ses-001,b47d93ac-3598-4e95-b1b1-242df9e3a609,b0a244a8-b5e2-4661-b241-de215ec01f7b,1789892819.6923375,1789892819.6894,2459209.5,browser_calibrated,-0.007962465286254883,1.5997886657714844,,,,-2239.0999794006348,outside_sample_tolerance,verified,1,1,,,,,,,,,1,,,,,,,,,,,,,,,,,,,,V2,A,37.86,1789892819.6894,1789892819.6923375,,,,,,,,,,,
video_pause,1789892819.6814375,,486139,5,5,,2,G07,A,focused,video_pause,37.86,,0.0,0.0,,,,,,,"{""client_event_id"":""b47d93ac-3598-4e95-b1b1-242df9e3a609"",""recorder_run_id"":""8b6ce1f9-62a7-4d97-823b-839e8a8c7711"",""client_id"":""b0a244a8-b5e2-4661-b241-de215ec01f7b"",""client_timestamp"":1789892819.6894,""client_monotonic_ms"":2459209.5,""event_timestamp"":1789892819.6814375,""clock_offset_sec"":-0.007962465286254883,""clock_round_trip_ms"":1.5997886657714844,""subject_id"":""sub-007"",""session_id"":""ses-001"",""block_id"":""Block 5"",""counterbalance_group"":""G07"",""block_order"":""Block 5"",""condition"":""A"",""condition_type"":""focused"",""topic_key"":""V2"",""topic_name"":""百家争鸣 到底是哪百家"",""event_type"":""video_pause"",""iso_time"":""2026-09-20T08:26:59.689Z"",""relative_ms"":42982,""video_time_sec"":37.86,""pause_reason"":""eeg_dropout"",""reason"":""automatic_watchdog""}",8b6ce1f9-62a7-4d97-823b-839e8a8c7711,sub-007,ses-001,b47d93ac-3598-4e95-b1b1-242df9e3a609,b0a244a8-b5e2-4661-b241-de215ec01f7b,1789892819.6923375,1789892819.6894,2459209.5,browser_calibrated,-0.007962465286254883,1.5997886657714844,,,,-2239.0999794006348,outside_sample_tolerance,verified,1,1,,,,,,,,,1,,,,,,,,,,,,,,,,,,,,V2,A,37.86,1789892819.6894,1789892819.6923375,,,,,,,,,,,eeg_dropout
eeg_dropout,1789892819.7233374,,486139,5,5,,2,G07,A,focused,eeg_dropout,signal_lost,,0.0,0.0,,,,,,,absence_threshold_sec=2,8b6ce1f9-62a7-4d97-823b-839e8a8c7711,sub-007,ses-001,,,1789892819.7233374,,,server,,,,,,-2280.9998989105225,outside_sample_tolerance,,,,,,,,,,,,1,,,,,,,,,,,,,,,,,,,,V2,A,,,1789892819.7233374,,,,,,,,,,,eeg_dropout
device_disconnected,1789892821.5823376,,486139,5,5,,2,G07,A,focused,device_disconnected,,,0,0,,,,,,,,8b6ce1f9-62a7-4d97-823b-839e8a8c7711,sub-007,ses-001,,,1789892821.5823376,,,server,,,,,,-4140.000104904175,outside_sample_tolerance,,,,,,,,,,,,1,,,,,,,,,,,,,,,,,,,,V2,A,,,1789892821.5823376,,,,,,,,,,,
device_connected,1789892830.0983374,,486139,5,5,,2,G07,A,focused,device_connected,74:4D:BD:62:FD:8D,,0.0,0.0,,,,,,,,8b6ce1f9-62a7-4d97-823b-839e8a8c7711,sub-007,ses-001,,,1789892830.0983374,,,server,,,,,,-12655.999898910522,outside_sample_tolerance,,,,,,,,,,,,1,,,,,,,,,,,,,,,,,,,,V2,A,,,1789892830.0983374,,,,,,,,,,,
eeg_recovery,1789892830.1143374,1984.588,486139,5,5,,2,G07,A,focused,eeg_recovery,signal_recovered,12.67199993133545,0.0,0.0,,,,,,,等待实验员重新确认同步后恢复视频,8b6ce1f9-62a7-4d97-823b-839e8a8c7711,sub-007,ses-001,,,1789892830.1143374,,,server,,,486139,496147,24,0.0,host_receive_nearest,,,,,,,,,,,,1,,,,,,,,,,,,,,,,,,,,V2,A,,,1789892830.1143374,496147,,,,,,,,,,eeg_dropout
qc_status_change,1789892831.7863376,1986.264,486559,5,5,,2,G07,A,focused,qc_status_change,waiting,,0.0,0.0,,,,,,,等待至少2秒EEG数据。,8b6ce1f9-62a7-4d97-823b-839e8a8c7711,sub-007,ses-001,,,1789892831.7863376,,,server,,,486558,496566,24,-16.000032424926758,host_receive_nearest,,,,,,,,,,,,1,,,,,,,,,,,,,,,,,,,,V2,A,,,1789892831.7863376,496566,,,,,,,,,,
eeg_recovery_confirmed,1789892832.6131878,1987.004,486744,5,5,,2,G07,A,focused,eeg_recovery_confirmed,37.86,,0.0,0.0,,,,,,,"{""client_event_id"":""a5c7aa3c-4bf5-4e7d-82c6-3293ed392898"",""recorder_run_id"":""8b6ce1f9-62a7-4d97-823b-839e8a8c7711"",""client_id"":""b0a244a8-b5e2-4661-b241-de215ec01f7b"",""client_timestamp"":1789892832.616,""client_monotonic_ms"":2472136.0999999642,""event_timestamp"":1789892832.6131878,""clock_offset_sec"":-0.0028121471405029297,""clock_round_trip_ms"":1.4998912811279297,""subject_id"":""sub-007"",""session_id"":""ses-001"",""block_id"":""Block 5"",""counterbalance_group"":""G07"",""block_order"":""Block 5"",""condition"":""A"",""condition_type"":""focused"",""topic_key"":""V2"",""topic_name"":""百家争鸣 到底是哪百家"",""event_type"":""eeg_recovery_confirmed"",""iso_time"":""2026-09-20T08:27:12.616Z"",""relative_ms"":55908,""video_time_sec"":37.86,""pause_reason"":""eeg_dropout""}",8b6ce1f9-62a7-4d97-823b-839e8a8c7711,sub-007,ses-001,a5c7aa3c-4bf5-4e7d-82c6-3293ed392898,b0a244a8-b5e2-4661-b241-de215ec01f7b,1789892832.6143374,1789892832.616,2472136.0999999642,browser_calibrated,-0.0028121471405029297,1.4998912811279297,486743,496751,24,-14.850378036499023,host_receive_nearest,verified,1,0,,,,,,,,,1,,,,,,,,,,,,,,,,,,,,V2,A,37.86,1789892832.616,1789892832.6143374,496751,,,,,,,,,,
phase_change,1789892832.6169877,1987.008,486749,5,5,,2,G07,A,focused,phase_change,video,,0.0,0.0,,,,,,,,8b6ce1f9-62a7-4d97-823b-839e8a8c7711,sub-007,ses-001,9bea85a3-0e77-4c3d-982b-74e43ce66732,b0a244a8-b5e2-4661-b241-de215ec01f7b,1789892832.6293375,1789892832.6197999,2472140,browser_calibrated,-0.0028121471405029297,1.4998912811279297,486744,496752,24,12.349843978881836,host_receive_nearest,verified,1,1,,,,,,,,,1,,,,,,,,,,,,,,,,,,,,V2,A,37.86,1789892832.6197999,1789892832.6293375,496752,,,,,,,,,,
video_resume,1789892832.6169877,1987.008,486749,5,5,,2,G07,A,focused,video_resume,37.86,,0.0,0.0,,,,,,,"{""client_event_id"":""9bea85a3-0e77-4c3d-982b-74e43ce66732"",""recorder_run_id"":""8b6ce1f9-62a7-4d97-823b-839e8a8c7711"",""client_id"":""b0a244a8-b5e2-4661-b241-de215ec01f7b"",""client_timestamp"":1789892832.6197999,""client_monotonic_ms"":2472140,""event_timestamp"":1789892832.6169877,""clock_offset_sec"":-0.0028121471405029297,""clock_round_trip_ms"":1.4998912811279297,""subject_id"":""sub-007"",""session_id"":""ses-001"",""block_id"":""Block 5"",""counterbalance_group"":""G07"",""block_order"":""Block 5"",""condition"":""A"",""condition_type"":""focused"",""topic_key"":""V2"",""topic_name"":""百家争鸣 到底是哪百家"",""event_type"":""video_resume"",""iso_time"":""2026-09-20T08:27:12.619Z"",""relative_ms"":55912,""video_time_sec"":37.86,""pause_reason"":""eeg_dropout""}",8b6ce1f9-62a7-4d97-823b-839e8a8c7711,sub-007,ses-001,9bea85a3-0e77-4c3d-982b-74e43ce66732,b0a244a8-b5e2-4661-b241-de215ec01f7b,1789892832.6293375,1789892832.6197999,2472140,browser_calibrated,-0.0028121471405029297,1.4998912811279297,486744,496752,24,12.349843978881836,host_receive_nearest,verified,1,1,,,,,,,,,1,,,,,,,,,,,,,,,,,,,,V2,A,37.86,1789892832.6197999,1789892832.6293375,496752,,,,,,,,,,eeg_dropout
qc_status_change,1789892833.8013375,1988.104,487019,5,5,,2,G07,A,focused,qc_status_change,good,,0.0,0.0,,,,,,,当前QC指标正常。,8b6ce1f9-62a7-4d97-823b-839e8a8c7711,sub-007,ses-001,,,1789892833.8013375,,,server,,,487018,497026,24,0.0,host_receive_nearest,,,,,,,,,,,,1,,,,,,,,,,,,,,,,,,,,V2,A,,,1789892833.8013375,497026,,,,,,,,,,
qc_status_change,1789892855.8013375,2009.26,492219,5,5,,2,G07,A,focused,qc_status_change,warning,,0.0,0.0,,,,,,,丢包率 3.97% 偏高。,8b6ce1f9-62a7-4d97-823b-839e8a8c7711,sub-007,ses-001,,,1789892855.8013375,,,server,,,492218,502315,24,0.0,host_receive_nearest,,,,,,,,,,,,1,,,,,,,,,,,,,,,,,,,,V2,A,,,1789892855.8013375,502315,,,,,,,,,,
qc_status_change,1789892865.7863376,2019.24,494714,5,5,,2,G07,A,focused,qc_status_change,good,,0.0,0.0,,,,,,,当前QC指标正常。,8b6ce1f9-62a7-4d97-823b-839e8a8c7711,sub-007,ses-001,,,1789892865.7863376,,,server,,,494713,504810,24,0.0,host_receive_nearest,,,,,,,,,,,,1,,,,,,,,,,,,,,,,,,,,V2,A,,,1789892865.7863376,504810,,,,,,,,,,
probe_onset,1789892875.4730875,2028.92,497134,5,5,,2,G07,A,focused,probe_onset,Block 5_1_d87649f9,,0.0,0.0,,,,,,,"{""client_event_id"":""67b1f5cf-b346-4ed8-a60d-9991ec72518e"",""recorder_run_id"":""8b6ce1f9-62a7-4d97-823b-839e8a8c7711"",""client_id"":""b0a244a8-b5e2-4661-b241-de215ec01f7b"",""client_timestamp"":1789892875.4833999,""client_monotonic_ms"":2515003.5,""event_timestamp"":1789892875.4730875,""clock_offset_sec"":-0.010312318801879883,""clock_round_trip_ms"":1.2998580932617188,""subject_id"":""sub-007"",""session_id"":""ses-001"",""block_id"":""Block 5"",""counterbalance_group"":""G07"",""block_order"":""Block 5"",""condition"":""A"",""condition_type"":""focused"",""topic_key"":""V2"",""topic_name"":""百家争鸣 到底是哪百家"",""event_type"":""probe_onset"",""iso_time"":""2026-09-20T08:27:55.483Z"",""relative_ms"":98776,""video_time_sec"":80.746,""probe_id"":""Block 5_1_d87649f9"",""probe_index"":1,""probe_schedule_id"":""d87649f9-a2b9-47ea-8fcd-ec44ac969cf2"",""probe_planned_time_sec"":80.607,""video_id"":""V2"",""pause_reason"":""thought_probe"",""forced"":false}",8b6ce1f9-62a7-4d97-823b-839e8a8c7711,sub-007,ses-001,67b1f5cf-b346-4ed8-a60d-9991ec72518e,b0a244a8-b5e2-4661-b241-de215ec01f7b,1789892875.4733374,1789892875.4833999,2515003.5,browser_calibrated,-0.010312318801879883,1.2998580932617188,497133,507230,24,-15.749931335449219,host_receive_nearest,verified,1,1,,,,,,,,,1,,,,,,,,,,,,,,,,,,,,V2,A,80.746,1789892875.4833999,1789892875.4733374,507230,Block 5_1_d87649f9,1,d87649f9-a2b9-47ea-8fcd-ec44ac969cf2,80.607,,,,,,thought_probe
attention_response,1789892878.2903876,2031.74,497839,5,5,,2,G07,A,focused,attention_response,1,,0.0,0.0,,,,,,,"{""client_event_id"":""1eda1e4b-70a8-419a-95d5-abd65b12b295"",""recorder_run_id"":""8b6ce1f9-62a7-4d97-823b-839e8a8c7711"",""client_id"":""b0a244a8-b5e2-4661-b241-de215ec01f7b"",""client_timestamp"":1789892878.3007,""client_monotonic_ms"":2517820.7999999523,""event_timestamp"":1789892878.2903876,""clock_offset_sec"":-0.010312318801879883,""clock_round_trip_ms"":1.2998580932617188,""subject_id"":""sub-007"",""session_id"":""ses-001"",""block_id"":""Block 5"",""counterbalance_group"":""G07"",""block_order"":""Block 5"",""condition"":""A"",""condition_type"":""focused"",""topic_key"":""V2"",""topic_name"":""百家争鸣 到底是哪百家"",""event_type"":""attention_response"",""iso_time"":""2026-09-20T08:27:58.300Z"",""relative_ms"":101593,""video_time_sec"":80.746,""probe_id"":""Block 5_1_d87649f9"",""probe_index"":1,""probe_schedule_id"":""d87649f9-a2b9-47ea-8fcd-ec44ac969cf2"",""probe_planned_time_sec"":80.607,""video_id"":""V2"",""response"":1,""response_label"":""课程内容"",""probe_attention"":""ON"",""response_time_ms"":2818}",8b6ce1f9-62a7-4d97-823b-839e8a8c7711,sub-007,ses-001,1eda1e4b-70a8-419a-95d5-abd65b12b295,b0a244a8-b5e2-4661-b241-de215ec01f7b,1789892878.3013375,1789892878.3007,2517820.7999999523,browser_calibrated,-0.010312318801879883,1.2998580932617188,497838,507935,24,-20.050048828125,host_receive_nearest,verified,1,1,,,,,,,,,1,,,,,,,,,,,,,,,,,,,,V2,A,80.746,1789892878.3007,1789892878.3013375,507935,Block 5_1_d87649f9,1,d87649f9-a2b9-47ea-8fcd-ec44ac969cf2,80.607,1,课程内容,2818,,ON,
confidence_response,1789892879.3388877,2032.8,498104,5,5,,2,G07,A,focused,confidence_response,4,,0.0,0.0,,,,,,,"{""client_event_id"":""182acc07-95e7-45ab-86c5-e5931b6306e0"",""recorder_run_id"":""8b6ce1f9-62a7-4d97-823b-839e8a8c7711"",""client_id"":""b0a244a8-b5e2-4661-b241-de215ec01f7b"",""client_timestamp"":1789892879.3492,""client_monotonic_ms"":2518869.2999999523,""event_timestamp"":1789892879.3388877,""clock_offset_sec"":-0.010312318801879883,""clock_round_trip_ms"":1.2998580932617188,""subject_id"":""sub-007"",""session_id"":""ses-001"",""block_id"":""Block 5"",""counterbalance_group"":""G07"",""block_order"":""Block 5"",""condition"":""A"",""condition_type"":""focused"",""topic_key"":""V2"",""topic_name"":""百家争鸣 到底是哪百家"",""event_type"":""confidence_response"",""iso_time"":""2026-09-20T08:27:59.349Z"",""relative_ms"":102641,""video_time_sec"":80.746,""probe_id"":""Block 5_1_d87649f9"",""probe_index"":1,""probe_schedule_id"":""d87649f9-a2b9-47ea-8fcd-ec44ac969cf2"",""probe_planned_time_sec"":80.607,""video_id"":""V2"",""response"":1,""confidence"":4,""response_time_ms"":1049}",8b6ce1f9-62a7-4d97-823b-839e8a8c7711,sub-007,ses-001,182acc07-95e7-45ab-86c5-e5931b6306e0,b0a244a8-b5e2-4661-b241-de215ec01f7b,1789892879.3483374,1789892879.3492,2518869.2999999523,browser_calibrated,-0.010312318801879883,1.2998580932617188,498103,508200,24,-6.550073623657227,host_receive_nearest,verified,1,1,,,,,,,,,1,,,,,,,,,,,,,,,,,,,,V2,A,80.746,1789892879.3492,1789892879.3643374,508200,Block 5_1_d87649f9,1,d87649f9-a2b9-47ea-8fcd-ec44ac969cf2,80.607,,,1049,4,,
phase_change,1789892879.3445876,2032.8,498104,5,5,,2,G07,A,focused,phase_change,video,,0.0,0.0,,,,,,,,8b6ce1f9-62a7-4d97-823b-839e8a8c7711,sub-007,ses-001,f26587a1-bda1-40e2-b4b0-813ce202e8b1,b0a244a8-b5e2-4661-b241-de215ec01f7b,1789892879.3643374,1789892879.3549,2518875,browser_calibrated,-0.010312318801879883,1.2998580932617188,498103,508200,24,-12.249946594238281,host_receive_nearest,verified,1,1,,,,,,,,,1,,,,,,,,,,,,,,,,,,,,V2,A,80.817,1789892879.3549,1789892879.3643374,508200,,,,,,,,,,
video_resume,1789892879.3445876,2032.8,498104,5,5,,2,G07,A,focused,video_resume,80.817,,0.0,0.0,,,,,,,"{""client_event_id"":""f26587a1-bda1-40e2-b4b0-813ce202e8b1"",""recorder_run_id"":""8b6ce1f9-62a7-4d97-823b-839e8a8c7711"",""client_id"":""b0a244a8-b5e2-4661-b241-de215ec01f7b"",""client_timestamp"":1789892879.3549,""client_monotonic_ms"":2518875,""event_timestamp"":1789892879.3445876,""clock_offset_sec"":-0.010312318801879883,""clock_round_trip_ms"":1.2998580932617188,""subject_id"":""sub-007"",""session_id"":""ses-001"",""block_id"":""Block 5"",""counterbalance_group"":""G07"",""block_order"":""Block 5"",""condition"":""A"",""condition_type"":""focused"",""topic_key"":""V2"",""topic_name"":""百家争鸣 到底是哪百家"",""event_type"":""video_resume"",""iso_time"":""2026-09-20T08:27:59.354Z"",""relative_ms"":102647,""video_time_sec"":80.817,""probe_id"":""Block 5_1_d87649f9"",""probe_index"":1,""probe_schedule_id"":""d87649f9-a2b9-47ea-8fcd-ec44ac969cf2"",""probe_planned_time_sec"":80.607,""video_id"":""V2"",""pause_reason"":""thought_probe"",""resume_status"":""playing""}",8b6ce1f9-62a7-4d97-823b-839e8a8c7711,sub-007,ses-001,f26587a1-bda1-40e2-b4b0-813ce202e8b1,b0a244a8-b5e2-4661-b241-de215ec01f7b,1789892879.3643374,1789892879.3549,2518875,browser_calibrated,-0.010312318801879883,1.2998580932617188,498103,508200,24,-12.249946594238281,host_receive_nearest,verified,1,1,,,,,,,,,1,,,,,,,,,,,,,,,,,,,,V2,A,80.817,1789892879.3549,1789892879.3643374,508200,Block 5_1_d87649f9,,,,,,,,,thought_probe
probe_onset,1789892971.9690375,2125.42,521263,5,5,,2,G07,A,focused,probe_onset,Block 5_2_d87649f9,,0.0,0.0,,,,,,,"{""client_event_id"":""8fb46cda-7ed9-4a1c-948a-1215bcdff049"",""recorder_run_id"":""8b6ce1f9-62a7-4d97-823b-839e8a8c7711"",""client_id"":""b0a244a8-b5e2-4661-b241-de215ec01f7b"",""client_timestamp"":1789892971.9747999,""client_monotonic_ms"":2611495,""event_timestamp"":1789892971.9690375,""clock_offset_sec"":-0.005762338638305664,""clock_round_trip_ms"":1.399993896484375,""subject_id"":""sub-007"",""session_id"":""ses-001"",""block_id"":""Block 5"",""counterbalance_group"":""G07"",""block_order"":""Block 5"",""condition"":""A"",""condition_type"":""focused"",""topic_key"":""V2"",""topic_name"":""百家争鸣 到底是哪百家"",""event_type"":""probe_onset"",""iso_time"":""2026-09-20T08:29:31.974Z"",""relative_ms"":195267,""video_time_sec"":173.382,""probe_id"":""Block 5_2_d87649f9"",""probe_index"":2,""probe_schedule_id"":""d87649f9-a2b9-47ea-8fcd-ec44ac969cf2"",""probe_planned_time_sec"":173.239,""video_id"":""V2"",""pause_reason"":""thought_probe"",""forced"":false}",8b6ce1f9-62a7-4d97-823b-839e8a8c7711,sub-007,ses-001,8fb46cda-7ed9-4a1c-948a-1215bcdff049,b0a244a8-b5e2-4661-b241-de215ec01f7b,1789892971.9733374,1789892971.9747999,2611495,browser_calibrated,-0.005762338638305664,1.399993896484375,521258,531355,24,4.29987907409668,host_receive_nearest,verified,1,1,,,,,,,,,1,,,,,,,,,,,,,,,,,,,,V2,A,173.382,1789892971.9747999,1789892971.9733374,531355,Block 5_2_d87649f9,2,d87649f9-a2b9-47ea-8fcd-ec44ac969cf2,173.239,,,,,,thought_probe
attention_response,1789892975.3568375,2128.776,522098,5,5,,2,G07,A,focused,attention_response,3,,0.0,0.0,,,,,,,"{""client_event_id"":""070bea83-e8e6-49ca-ba1a-7620110ec54b"",""recorder_run_id"":""8b6ce1f9-62a7-4d97-823b-839e8a8c7711"",""client_id"":""b0a244a8-b5e2-4661-b241-de215ec01f7b"",""client_timestamp"":1789892975.3625998,""client_monotonic_ms"":2614882.699999988,""event_timestamp"":1789892975.3568375,""clock_offset_sec"":-0.005762338638305664,""clock_round_trip_ms"":1.399993896484375,""subject_id"":""sub-007"",""session_id"":""ses-001"",""block_id"":""Block 5"",""counterbalance_group"":""G07"",""block_order"":""Block 5"",""condition"":""A"",""condition_type"":""focused"",""topic_key"":""V2"",""topic_name"":""百家争鸣 到底是哪百家"",""event_type"":""attention_response"",""iso_time"":""2026-09-20T08:29:35.362Z"",""relative_ms"":198655,""video_time_sec"":173.382,""probe_id"":""Block 5_2_d87649f9"",""probe_index"":2,""probe_schedule_id"":""d87649f9-a2b9-47ea-8fcd-ec44ac969cf2"",""probe_planned_time_sec"":173.239,""video_id"":""V2"",""response"":3,""response_label"":""其他与课程无关的事情"",""probe_attention"":""OFF"",""response_time_ms"":3388}",8b6ce1f9-62a7-4d97-823b-839e8a8c7711,sub-007,ses-001,070bea83-e8e6-49ca-ba1a-7620110ec54b,b0a244a8-b5e2-4661-b241-de215ec01f7b,1789892975.3643374,1789892975.3625998,2614882.699999988,browser_calibrated,-0.005762338638305664,1.399993896484375,522097,532194,24,-39.49999809265137,host_receive_nearest,verified,1,1,,,,,,,,,1,,,,,,,,,,,,,,,,,,,,V2,A,173.382,1789892975.3625998,1789892975.3643374,532194,Block 5_2_d87649f9,2,d87649f9-a2b9-47ea-8fcd-ec44ac969cf2,173.239,3,其他与课程无关的事情,3388,,OFF,
confidence_response,1789892977.7645376,2131.216,522708,5,5,,2,G07,A,focused,confidence_response,2,,0.0,0.0,,,,,,,"{""client_event_id"":""df427e3e-48e5-49d4-93ec-61860bb4be9c"",""recorder_run_id"":""8b6ce1f9-62a7-4d97-823b-839e8a8c7711"",""client_id"":""b0a244a8-b5e2-4661-b241-de215ec01f7b"",""client_timestamp"":1789892977.7703,""client_monotonic_ms"":2617290.399999976,""event_timestamp"":1789892977.7645376,""clock_offset_sec"":-0.005762338638305664,""clock_round_trip_ms"":1.399993896484375,""subject_id"":""sub-007"",""session_id"":""ses-001"",""block_id"":""Block 5"",""counterbalance_group"":""G07"",""block_order"":""Block 5"",""condition"":""A"",""condition_type"":""focused"",""topic_key"":""V2"",""topic_name"":""百家争鸣 到底是哪百家"",""event_type"":""confidence_response"",""iso_time"":""2026-09-20T08:29:37.770Z"",""relative_ms"":201063,""video_time_sec"":173.382,""probe_id"":""Block 5_2_d87649f9"",""probe_index"":2,""probe_schedule_id"":""d87649f9-a2b9-47ea-8fcd-ec44ac969cf2"",""probe_planned_time_sec"":173.239,""video_id"":""V2"",""response"":3,""confidence"":2,""response_time_ms"":2408}",8b6ce1f9-62a7-4d97-823b-839e8a8c7711,sub-007,ses-001,df427e3e-48e5-49d4-93ec-61860bb4be9c,b0a244a8-b5e2-4661-b241-de215ec01f7b,1789892977.7703376,1789892977.7703,2617290.399999976,browser_calibrated,-0.005762338638305664,1.399993896484375,522707,532804,24,-10.200023651123047,host_receive_nearest,verified,1,1,,,,,,,,,1,,,,,,,,,,,,,,,,,,,,V2,A,173.382,1789892977.7703,1789892977.7703376,532804,Block 5_2_d87649f9,2,d87649f9-a2b9-47ea-8fcd-ec44ac969cf2,173.239,,,2408,2,,
phase_change,1789892977.7698376,2131.216,522708,5,5,,2,G07,A,focused,phase_change,video,,0.0,0.0,,,,,,,,8b6ce1f9-62a7-4d97-823b-839e8a8c7711,sub-007,ses-001,40a857f2-da47-4be1-b733-53eeeaaa54be,b0a244a8-b5e2-4661-b241-de215ec01f7b,1789892977.7863376,1789892977.7756,2617295.699999988,browser_calibrated,-0.005762338638305664,1.399993896484375,522707,532804,24,-15.500068664550781,host_receive_nearest,verified,1,1,,,,,,,,,1,,,,,,,,,,,,,,,,,,,,V2,A,173.441,1789892977.7756,1789892977.7863376,532804,,,,,,,,,,
video_resume,1789892977.7698376,2131.216,522708,5,5,,2,G07,A,focused,video_resume,173.441,,0.0,0.0,,,,,,,"{""client_event_id"":""40a857f2-da47-4be1-b733-53eeeaaa54be"",""recorder_run_id"":""8b6ce1f9-62a7-4d97-823b-839e8a8c7711"",""client_id"":""b0a244a8-b5e2-4661-b241-de215ec01f7b"",""client_timestamp"":1789892977.7756,""client_monotonic_ms"":2617295.699999988,""event_timestamp"":1789892977.7698376,""clock_offset_sec"":-0.005762338638305664,""clock_round_trip_ms"":1.399993896484375,""subject_id"":""sub-007"",""session_id"":""ses-001"",""block_id"":""Block 5"",""counterbalance_group"":""G07"",""block_order"":""Block 5"",""condition"":""A"",""condition_type"":""focused"",""topic_key"":""V2"",""topic_name"":""百家争鸣 到底是哪百家"",""event_type"":""video_resume"",""iso_time"":""2026-09-20T08:29:37.775Z"",""relative_ms"":201068,""video_time_sec"":173.441,""probe_id"":""Block 5_2_d87649f9"",""probe_index"":2,""probe_schedule_id"":""d87649f9-a2b9-47ea-8fcd-ec44ac969cf2"",""probe_planned_time_sec"":173.239,""video_id"":""V2"",""pause_reason"":""thought_probe"",""resume_status"":""playing""}",8b6ce1f9-62a7-4d97-823b-839e8a8c7711,sub-007,ses-001,40a857f2-da47-4be1-b733-53eeeaaa54be,b0a244a8-b5e2-4661-b241-de215ec01f7b,1789892977.7863376,1789892977.7756,2617295.699999988,browser_calibrated,-0.005762338638305664,1.399993896484375,522707,532804,24,-15.500068664550781,host_receive_nearest,verified,1,1,,,,,,,,,1,,,,,,,,,,,,,,,,,,,,V2,A,173.441,1789892977.7756,1789892977.7863376,532804,Block 5_2_d87649f9,,,,,,,,,thought_probe
probe_onset,1789893027.9973876,2181.456,535268,5,5,,2,G07,A,focused,probe_onset,Block 5_3_d87649f9,,0.0,0.0,,,,,,,"{""client_event_id"":""aed9104b-8611-45be-93de-d13a91346790"",""recorder_run_id"":""8b6ce1f9-62a7-4d97-823b-839e8a8c7711"",""client_id"":""b0a244a8-b5e2-4661-b241-de215ec01f7b"",""client_timestamp"":1789893028.0008,""client_monotonic_ms"":2667520.899999976,""event_timestamp"":1789893027.9973876,""clock_offset_sec"":-0.0034122467041015625,""clock_round_trip_ms"":1.3000965118408203,""subject_id"":""sub-007"",""session_id"":""ses-001"",""block_id"":""Block 5"",""counterbalance_group"":""G07"",""block_order"":""Block 5"",""condition"":""A"",""condition_type"":""focused"",""topic_key"":""V2"",""topic_name"":""百家争鸣 到底是哪百家"",""event_type"":""probe_onset"",""iso_time"":""2026-09-20T08:30:28.000Z"",""relative_ms"":251293,""video_time_sec"":223.616,""probe_id"":""Block 5_3_d87649f9"",""probe_index"":3,""probe_schedule_id"":""d87649f9-a2b9-47ea-8fcd-ec44ac969cf2"",""probe_planned_time_sec"":223.452,""video_id"":""V2"",""pause_reason"":""thought_probe"",""forced"":false}",8b6ce1f9-62a7-4d97-823b-839e8a8c7711,sub-007,ses-001,aed9104b-8611-45be-93de-d13a91346790,b0a244a8-b5e2-4661-b241-de215ec01f7b,1789893028.0043375,1789893028.0008,2667520.899999976,browser_calibrated,-0.0034122467041015625,1.3000965118408203,535267,545364,24,-8.050203323364258,host_receive_nearest,verified,1,1,,,,,,,,,1,,,,,,,,,,,,,,,,,,,,V2,A,223.616,1789893028.0008,1789893028.0043375,545364,Block 5_3_d87649f9,3,d87649f9-a2b9-47ea-8fcd-ec44ac969cf2,223.452,,,,,,thought_probe
attention_response,1789893030.5948875,2184.036,535913,5,5,,2,G07,A,focused,attention_response,1,,0.0,0.0,,,,,,,"{""client_event_id"":""dfedb9a3-e241-43bb-a93a-172d68e1daf0"",""recorder_run_id"":""8b6ce1f9-62a7-4d97-823b-839e8a8c7711"",""client_id"":""b0a244a8-b5e2-4661-b241-de215ec01f7b"",""client_timestamp"":1789893030.5982997,""client_monotonic_ms"":2670118.399999976,""event_timestamp"":1789893030.5948875,""clock_offset_sec"":-0.0034122467041015625,""clock_round_trip_ms"":1.3000965118408203,""subject_id"":""sub-007"",""session_id"":""ses-001"",""block_id"":""Block 5"",""counterbalance_group"":""G07"",""block_order"":""Block 5"",""condition"":""A"",""condition_type"":""focused"",""topic_key"":""V2"",""topic_name"":""百家争鸣 到底是哪百家"",""event_type"":""attention_response"",""iso_time"":""2026-09-20T08:30:30.598Z"",""relative_ms"":253891,""video_time_sec"":223.616,""probe_id"":""Block 5_3_d87649f9"",""probe_index"":3,""probe_schedule_id"":""d87649f9-a2b9-47ea-8fcd-ec44ac969cf2"",""probe_planned_time_sec"":223.452,""video_id"":""V2"",""response"":1,""response_label"":""课程内容"",""probe_attention"":""ON"",""response_time_ms"":2598}",8b6ce1f9-62a7-4d97-823b-839e8a8c7711,sub-007,ses-001,dfedb9a3-e241-43bb-a93a-172d68e1daf0,b0a244a8-b5e2-4661-b241-de215ec01f7b,1789893030.5983374,1789893030.5982997,2670118.399999976,browser_calibrated,-0.0034122467041015625,1.3000965118408203,535912,546009,24,-12.549877166748047,host_receive_nearest,verified,1,1,,,,,,,,,1,,,,,,,,,,,,,,,,,,,,V2,A,223.616,1789893030.5982997,1789893030.5983374,546009,Block 5_3_d87649f9,3,d87649f9-a2b9-47ea-8fcd-ec44ac969cf2,223.452,1,课程内容,2598,,ON,
confidence_response,1789893031.8098876,2185.256,536218,5,5,,2,G07,A,focused,confidence_response,3,,0.0,0.0,,,,,,,"{""client_event_id"":""d7c1e2da-5df0-4443-9be0-93bf0552146a"",""recorder_run_id"":""8b6ce1f9-62a7-4d97-823b-839e8a8c7711"",""client_id"":""b0a244a8-b5e2-4661-b241-de215ec01f7b"",""client_timestamp"":1789893031.8133,""client_monotonic_ms"":2671333.399999976,""event_timestamp"":1789893031.8098876,""clock_offset_sec"":-0.0034122467041015625,""clock_round_trip_ms"":1.3000965118408203,""subject_id"":""sub-007"",""session_id"":""ses-001"",""block_id"":""Block 5"",""counterbalance_group"":""G07"",""block_order"":""Block 5"",""condition"":""A"",""condition_type"":""focused"",""topic_key"":""V2"",""topic_name"":""百家争鸣 到底是哪百家"",""event_type"":""confidence_response"",""iso_time"":""2026-09-20T08:30:31.813Z"",""relative_ms"":255106,""video_time_sec"":223.616,""probe_id"":""Block 5_3_d87649f9"",""probe_index"":3,""probe_schedule_id"":""d87649f9-a2b9-47ea-8fcd-ec44ac969cf2"",""probe_planned_time_sec"":223.452,""video_id"":""V2"",""response"":1,""confidence"":3,""response_time_ms"":1215}",8b6ce1f9-62a7-4d97-823b-839e8a8c7711,sub-007,ses-001,d7c1e2da-5df0-4443-9be0-93bf0552146a,b0a244a8-b5e2-4661-b241-de215ec01f7b,1789893031.8173375,1789893031.8133,2671333.399999976,browser_calibrated,-0.0034122467041015625,1.3000965118408203,536217,546314,24,-8.550167083740234,host_receive_nearest,verified,1,1,,,,,,,,,1,,,,,,,,,,,,,,,,,,,,V2,A,223.616,1789893031.8133,1789893031.8173375,546314,Block 5_3_d87649f9,3,d87649f9-a2b9-47ea-8fcd-ec44ac969cf2,223.452,,,1215,3,,
phase_change,1789893031.8150878,2185.256,536218,5,5,,2,G07,A,focused,phase_change,video,,0.0,0.0,,,,,,,,8b6ce1f9-62a7-4d97-823b-839e8a8c7711,sub-007,ses-001,b7a554b0-2c37-406b-8cfe-5f9cfca8e7c4,b0a244a8-b5e2-4661-b241-de215ec01f7b,1789893031.8323376,1789893031.8185,2671338.5999999642,browser_calibrated,-0.0034122467041015625,1.3000965118408203,536217,546314,24,-13.750314712524414,host_receive_nearest,verified,1,1,,,,,,,,,1,,,,,,,,,,,,,,,,,,,,V2,A,223.689,1789893031.8185,1789893031.8323376,546314,,,,,,,,,,
video_resume,1789893031.8150878,2185.256,536218,5,5,,2,G07,A,focused,video_resume,223.689,,0.0,0.0,,,,,,,"{""client_event_id"":""b7a554b0-2c37-406b-8cfe-5f9cfca8e7c4"",""recorder_run_id"":""8b6ce1f9-62a7-4d97-823b-839e8a8c7711"",""client_id"":""b0a244a8-b5e2-4661-b241-de215ec01f7b"",""client_timestamp"":1789893031.8185,""client_monotonic_ms"":2671338.5999999642,""event_timestamp"":1789893031.8150878,""clock_offset_sec"":-0.0034122467041015625,""clock_round_trip_ms"":1.3000965118408203,""subject_id"":""sub-007"",""session_id"":""ses-001"",""block_id"":""Block 5"",""counterbalance_group"":""G07"",""block_order"":""Block 5"",""condition"":""A"",""condition_type"":""focused"",""topic_key"":""V2"",""topic_name"":""百家争鸣 到底是哪百家"",""event_type"":""video_resume"",""iso_time"":""2026-09-20T08:30:31.818Z"",""relative_ms"":255111,""video_time_sec"":223.689,""probe_id"":""Block 5_3_d87649f9"",""probe_index"":3,""probe_schedule_id"":""d87649f9-a2b9-47ea-8fcd-ec44ac969cf2"",""probe_planned_time_sec"":223.452,""video_id"":""V2"",""pause_reason"":""thought_probe"",""resume_status"":""playing""}",8b6ce1f9-62a7-4d97-823b-839e8a8c7711,sub-007,ses-001,b7a554b0-2c37-406b-8cfe-5f9cfca8e7c4,b0a244a8-b5e2-4661-b241-de215ec01f7b,1789893031.8323376,1789893031.8185,2671338.5999999642,browser_calibrated,-0.0034122467041015625,1.3000965118408203,536217,546314,24,-13.750314712524414,host_receive_nearest,verified,1,1,,,,,,,,,1,,,,,,,,,,,,,,,,,,,,V2,A,223.689,1789893031.8185,1789893031.8323376,546314,Block 5_3_d87649f9,,,,,,,,,thought_probe
qc_status_change,1789893035.8643374,2188.936,536948,5,5,,2,G07,A,focused,qc_status_change,bad,,0.0,0.0,,,,,,,丢包率 7.88% 过高，请检查蓝牙距离、供电和连接。,8b6ce1f9-62a7-4d97-823b-839e8a8c7711,sub-007,ses-001,,,1789893035.8643374,,,server,,,536947,547234,25,-202.99983024597168,host_receive_nearest,,,,,,,,,,,,1,,,,,,,,,,,,,,,,,,,,V2,A,,,1789893035.8643374,547234,,,,,,,,,,
qc_status_change,1789893045.8793375,2199.316,539518,5,5,,2,G07,A,focused,qc_status_change,good,,0.0,0.0,,,,,,,当前QC指标正常。,8b6ce1f9-62a7-4d97-823b-839e8a8c7711,sub-007,ses-001,,,1789893045.8793375,,,server,,,539517,549829,25,0.0,host_receive_nearest,,,,,,,,,,,,1,,,,,,,,,,,,,,,,,,,,V2,A,,,1789893045.8793375,549829,,,,,,,,,,
probe_onset,1789893080.2459874,2233.696,548113,5,5,,2,G07,A,focused,probe_onset,Block 5_4_d87649f9,,0.0,0.0,,,,,,,"{""client_event_id"":""694b0167-746b-49a6-8981-2ec1f53562cf"",""recorder_run_id"":""8b6ce1f9-62a7-4d97-823b-839e8a8c7711"",""client_id"":""b0a244a8-b5e2-4661-b241-de215ec01f7b"",""client_timestamp"":1789893080.2585998,""client_monotonic_ms"":2719778.699999988,""event_timestamp"":1789893080.2459874,""clock_offset_sec"":-0.012612342834472656,""clock_round_trip_ms"":1.3000965118408203,""subject_id"":""sub-007"",""session_id"":""ses-001"",""block_id"":""Block 5"",""counterbalance_group"":""G07"",""block_order"":""Block 5"",""condition"":""A"",""condition_type"":""focused"",""topic_key"":""V2"",""topic_name"":""百家争鸣 到底是哪百家"",""event_type"":""probe_onset"",""iso_time"":""2026-09-20T08:31:20.258Z"",""relative_ms"":303551,""video_time_sec"":272.031,""probe_id"":""Block 5_4_d87649f9"",""probe_index"":4,""probe_schedule_id"":""d87649f9-a2b9-47ea-8fcd-ec44ac969cf2"",""probe_planned_time_sec"":271.99,""video_id"":""V2"",""pause_reason"":""thought_probe"",""forced"":false}",8b6ce1f9-62a7-4d97-823b-839e8a8c7711,sub-007,ses-001,694b0167-746b-49a6-8981-2ec1f53562cf,b0a244a8-b5e2-4661-b241-de215ec01f7b,1789893080.2543375,1789893080.2585998,2719778.699999988,browser_calibrated,-0.012612342834472656,1.3000965118408203,548112,558424,25,-6.649971008300781,host_receive_nearest,verified,1,1,,,,,,,,,1,,,,,,,,,,,,,,,,,,,,V2,A,272.031,1789893080.2585998,1789893080.2543375,558424,Block 5_4_d87649f9,4,d87649f9-a2b9-47ea-8fcd-ec44ac969cf2,271.99,,,,,,thought_probe
attention_response,1789893082.5389874,2235.956,548678,5,5,,2,G07,A,focused,attention_response,1,,0.0,0.0,,,,,,,"{""client_event_id"":""8e078b95-bf7b-4094-aa5a-7ecbd412d8a9"",""recorder_run_id"":""8b6ce1f9-62a7-4d97-823b-839e8a8c7711"",""client_id"":""b0a244a8-b5e2-4661-b241-de215ec01f7b"",""client_timestamp"":1789893082.5515997,""client_monotonic_ms"":2722071.699999988,""event_timestamp"":1789893082.5389874,""clock_offset_sec"":-0.012612342834472656,""clock_round_trip_ms"":1.3000965118408203,""subject_id"":""sub-007"",""session_id"":""ses-001"",""block_id"":""Block 5"",""counterbalance_group"":""G07"",""block_order"":""Block 5"",""condition"":""A"",""condition_type"":""focused"",""topic_key"":""V2"",""topic_name"":""百家争鸣 到底是哪百家"",""event_type"":""attention_response"",""iso_time"":""2026-09-20T08:31:22.551Z"",""relative_ms"":305844,""video_time_sec"":272.031,""probe_id"":""Block 5_4_d87649f9"",""probe_index"":4,""probe_schedule_id"":""d87649f9-a2b9-47ea-8fcd-ec44ac969cf2"",""probe_planned_time_sec"":271.99,""video_id"":""V2"",""response"":1,""response_label"":""课程内容"",""probe_attention"":""ON"",""response_time_ms"":2293}",8b6ce1f9-62a7-4d97-823b-839e8a8c7711,sub-007,ses-001,8e078b95-bf7b-4094-aa5a-7ecbd412d8a9,b0a244a8-b5e2-4661-b241-de215ec01f7b,1789893082.5513375,1789893082.5515997,2722071.699999988,browser_calibrated,-0.012612342834472656,1.3000965118408203,548677,558989,25,-2.6497840881347656,host_receive_nearest,verified,1,1,,,,,,,,,1,,,,,,,,,,,,,,,,,,,,V2,A,272.031,1789893082.5515997,1789893082.5513375,558989,Block 5_4_d87649f9,4,d87649f9-a2b9-47ea-8fcd-ec44ac969cf2,271.99,1,课程内容,2293,,ON,
confidence_response,1789893083.4040875,2236.86,548908,5,5,,2,G07,A,focused,confidence_response,3,,0.0,0.0,,,,,,,"{""client_event_id"":""aa83bd3d-d530-4fa2-a135-5ac56e1bc174"",""recorder_run_id"":""8b6ce1f9-62a7-4d97-823b-839e8a8c7711"",""client_id"":""b0a244a8-b5e2-4661-b241-de215ec01f7b"",""client_timestamp"":1789893083.4167,""client_monotonic_ms"":2722936.7999999523,""event_timestamp"":1789893083.4040875,""clock_offset_sec"":-0.012612342834472656,""clock_round_trip_ms"":1.3000965118408203,""subject_id"":""sub-007"",""session_id"":""ses-001"",""block_id"":""Block 5"",""counterbalance_group"":""G07"",""block_order"":""Block 5"",""condition"":""A"",""condition_type"":""focused"",""topic_key"":""V2"",""topic_name"":""百家争鸣 到底是哪百家"",""event_type"":""confidence_response"",""iso_time"":""2026-09-20T08:31:23.416Z"",""relative_ms"":306709,""video_time_sec"":272.031,""probe_id"":""Block 5_4_d87649f9"",""probe_index"":4,""probe_schedule_id"":""d87649f9-a2b9-47ea-8fcd-ec44ac969cf2"",""probe_planned_time_sec"":271.99,""video_id"":""V2"",""response"":1,""confidence"":3,""response_time_ms"":865}",8b6ce1f9-62a7-4d97-823b-839e8a8c7711,sub-007,ses-001,aa83bd3d-d530-4fa2-a135-5ac56e1bc174,b0a244a8-b5e2-4661-b241-de215ec01f7b,1789893083.4113376,1789893083.4167,2722936.7999999523,browser_calibrated,-0.012612342834472656,1.3000965118408203,548903,559215,25,7.250070571899414,host_receive_nearest,verified,1,1,,,,,,,,,1,,,,,,,,,,,,,,,,,,,,V2,A,272.031,1789893083.4167,1789893083.4263375,559215,Block 5_4_d87649f9,4,d87649f9-a2b9-47ea-8fcd-ec44ac969cf2,271.99,,,865,3,,
phase_change,1789893083.4095876,2236.86,548908,5,5,,2,G07,A,focused,phase_change,video,,0.0,0.0,,,,,,,,8b6ce1f9-62a7-4d97-823b-839e8a8c7711,sub-007,ses-001,fa2097d6-daea-47f5-a51d-6c880d0585a6,b0a244a8-b5e2-4661-b241-de215ec01f7b,1789893083.4263375,1789893083.4222,2722942.2999999523,browser_calibrated,-0.012612342834472656,1.3000965118408203,548903,559215,25,1.7499923706054688,host_receive_nearest,verified,1,1,,,,,,,,,1,,,,,,,,,,,,,,,,,,,,V2,A,272.091,1789893083.4222,1789893083.4263375,559215,,,,,,,,,,
video_resume,1789893083.4095876,2236.86,548908,5,5,,2,G07,A,focused,video_resume,272.091,,0.0,0.0,,,,,,,"{""client_event_id"":""fa2097d6-daea-47f5-a51d-6c880d0585a6"",""recorder_run_id"":""8b6ce1f9-62a7-4d97-823b-839e8a8c7711"",""client_id"":""b0a244a8-b5e2-4661-b241-de215ec01f7b"",""client_timestamp"":1789893083.4222,""client_monotonic_ms"":2722942.2999999523,""event_timestamp"":1789893083.4095876,""clock_offset_sec"":-0.012612342834472656,""clock_round_trip_ms"":1.3000965118408203,""subject_id"":""sub-007"",""session_id"":""ses-001"",""block_id"":""Block 5"",""counterbalance_group"":""G07"",""block_order"":""Block 5"",""condition"":""A"",""condition_type"":""focused"",""topic_key"":""V2"",""topic_name"":""百家争鸣 到底是哪百家"",""event_type"":""video_resume"",""iso_time"":""2026-09-20T08:31:23.422Z"",""relative_ms"":306714,""video_time_sec"":272.091,""probe_id"":""Block 5_4_d87649f9"",""probe_index"":4,""probe_schedule_id"":""d87649f9-a2b9-47ea-8fcd-ec44ac969cf2"",""probe_planned_time_sec"":271.99,""video_id"":""V2"",""pause_reason"":""thought_probe"",""resume_status"":""playing""}",8b6ce1f9-62a7-4d97-823b-839e8a8c7711,sub-007,ses-001,fa2097d6-daea-47f5-a51d-6c880d0585a6,b0a244a8-b5e2-4661-b241-de215ec01f7b,1789893083.4263375,1789893083.4222,2722942.2999999523,browser_calibrated,-0.012612342834472656,1.3000965118408203,548903,559215,25,1.7499923706054688,host_receive_nearest,verified,1,1,,,,,,,,,1,,,,,,,,,,,,,,,,,,,,V2,A,272.091,1789893083.4222,1789893083.4263375,559215,Block 5_4_d87649f9,,,,,,,,,thought_probe
phase_change,1789893123.4533377,,557292,5,5,,2,G07,A,focused,phase_change,paused,,0.0,0.0,,,,,,,,8b6ce1f9-62a7-4d97-823b-839e8a8c7711,sub-007,ses-001,f408e4ab-b01c-4f1f-a0eb-76664a213e84,b0a244a8-b5e2-4661-b241-de215ec01f7b,1789893123.4573376,1789893123.4652,2762985.2999999523,browser_calibrated,-0.01186227798461914,1.3997554779052734,,,,-3105.0002574920654,outside_sample_tolerance,verified,1,1,,,,,,,,,1,,,,,,,,,,,,,,,,,,,,V2,A,312.081,1789893123.4652,1789893123.4573376,,,,,,,,,,,
video_pause,1789893123.4533377,,557292,5,5,,2,G07,A,focused,video_pause,312.081,,0.0,0.0,,,,,,,"{""client_event_id"":""f408e4ab-b01c-4f1f-a0eb-76664a213e84"",""recorder_run_id"":""8b6ce1f9-62a7-4d97-823b-839e8a8c7711"",""client_id"":""b0a244a8-b5e2-4661-b241-de215ec01f7b"",""client_timestamp"":1789893123.4652,""client_monotonic_ms"":2762985.2999999523,""event_timestamp"":1789893123.4533377,""clock_offset_sec"":-0.01186227798461914,""clock_round_trip_ms"":1.3997554779052734,""subject_id"":""sub-007"",""session_id"":""ses-001"",""block_id"":""Block 5"",""counterbalance_group"":""G07"",""block_order"":""Block 5"",""condition"":""A"",""condition_type"":""focused"",""topic_key"":""V2"",""topic_name"":""百家争鸣 到底是哪百家"",""event_type"":""video_pause"",""iso_time"":""2026-09-20T08:32:03.465Z"",""relative_ms"":346757,""video_time_sec"":312.081,""pause_reason"":""eeg_dropout"",""reason"":""automatic_watchdog""}",8b6ce1f9-62a7-4d97-823b-839e8a8c7711,sub-007,ses-001,f408e4ab-b01c-4f1f-a0eb-76664a213e84,b0a244a8-b5e2-4661-b241-de215ec01f7b,1789893123.4573376,1789893123.4652,2762985.2999999523,browser_calibrated,-0.01186227798461914,1.3997554779052734,,,,-3105.0002574920654,outside_sample_tolerance,verified,1,1,,,,,,,,,1,,,,,,,,,,,,,,,,,,,,V2,A,312.081,1789893123.4652,1789893123.4573376,,,,,,,,,,,eeg_dropout
eeg_dropout,1789893123.9573376,,557292,5,5,,2,G07,A,focused,eeg_dropout,signal_lost,,0.0,0.0,,,,,,,absence_threshold_sec=2,8b6ce1f9-62a7-4d97-823b-839e8a8c7711,sub-007,ses-001,,,1789893123.9573376,,,server,,,,,,-3609.0002059936523,outside_sample_tolerance,,,,,,,,,,,,1,,,,,,,,,,,,,,,,,,,,V2,A,,,1789893123.9573376,,,,,,,,,,,eeg_dropout
qc_status_change,1789893123.9573376,,557292,5,5,,2,G07,A,focused,qc_status_change,bad,,0.0,0.0,,,,,,,已连续 3.6 秒没有EEG，请立即重新连接耳机。,8b6ce1f9-62a7-4d97-823b-839e8a8c7711,sub-007,ses-001,,,1789893123.9573376,,,server,,,,,,-3609.0002059936523,outside_sample_tolerance,,,,,,,,,,,,1,,,,,,,,,,,,,,,,,,,,V2,A,,,1789893123.9573376,,,,,,,,,,,
device_disconnected,1789893124.5823376,,557292,5,5,,2,G07,A,focused,device_disconnected,,,0,0,,,,,,,,8b6ce1f9-62a7-4d97-823b-839e8a8c7711,sub-007,ses-001,,,1789893124.5823376,,,server,,,,,,-4234.000205993652,outside_sample_tolerance,,,,,,,,,,,,1,,,,,,,,,,,,,,,,,,,,V2,A,,,1789893124.5823376,,,,,,,,,,,
device_error,1789893129.6143374,,557292,5,5,,2,G07,A,focused,device_error,[WinError -2147023673] 操作已被用户取消。,,0.0,0.0,,,,,,,,8b6ce1f9-62a7-4d97-823b-839e8a8c7711,sub-007,ses-001,,,1789893129.6143374,,,server,,,,,,-9266.000032424927,outside_sample_tolerance,,,,,,,,,,,,1,,,,,,,,,,,,,,,,,,,,V2,A,,,1789893129.6143374,,,,,,,,,,,
device_disconnected,1789893129.6143374,,557292,5,5,,2,G07,A,focused,device_disconnected,,,0,0,,,,,,,,8b6ce1f9-62a7-4d97-823b-839e8a8c7711,sub-007,ses-001,,,1789893129.6143374,,,server,,,,,,-9266.000032424927,outside_sample_tolerance,,,,,,,,,,,,1,,,,,,,,,,,,,,,,,,,,V2,A,,,1789893129.6143374,,,,,,,,,,,
device_connected,1789893141.0673375,,557292,5,5,,2,G07,A,focused,device_connected,74:4D:BD:62:FD:8D,,0.0,0.0,,,,,,,,8b6ce1f9-62a7-4d97-823b-839e8a8c7711,sub-007,ses-001,,,1789893141.0673375,,,server,,,,,,-20719.000101089478,outside_sample_tolerance,,,,,,,,,,,,1,,,,,,,,,,,,,,,,,,,,V2,A,,,1789893141.0673375,,,,,,,,,,,
eeg_recovery,1789893142.5513375,2270.416,557292,5,5,,2,G07,A,focused,eeg_recovery,signal_recovered,22.20300006866455,0.0,0.0,,,,,,,等待实验员重新确认同步后恢复视频,8b6ce1f9-62a7-4d97-823b-839e8a8c7711,sub-007,ses-001,,,1789893142.5513375,,,server,,,557292,567604,27,0.0,host_receive_nearest,,,,,,,,,,,,1,,,,,,,,,,,,,,,,,,,,V2,A,,,1789893142.5513375,567604,,,,,,,,,,eeg_dropout
qc_status_change,1789893144.0363376,2271.86,557654,5,5,,2,G07,A,focused,qc_status_change,waiting,,0.0,0.0,,,,,,,等待至少2秒EEG数据。,8b6ce1f9-62a7-4d97-823b-839e8a8c7711,sub-007,ses-001,,,1789893144.0363376,,,server,,,557653,567965,27,0.0,host_receive_nearest,,,,,,,,,,,,1,,,,,,,,,,,,,,,,,,,,V2,A,,,1789893144.0363376,567965,,,,,,,,,,
eeg_recovery_confirmed,1789893144.7129877,2272.58,557834,5,5,,2,G07,A,focused,eeg_recovery_confirmed,312.081,,0.0,0.0,,,,,,,"{""client_event_id"":""74821aae-3475-44d9-8be2-7c41d40e7938"",""recorder_run_id"":""8b6ce1f9-62a7-4d97-823b-839e8a8c7711"",""client_id"":""b0a244a8-b5e2-4661-b241-de215ec01f7b"",""client_timestamp"":1789893144.7182,""client_monotonic_ms"":2784238.2999999523,""event_timestamp"":1789893144.7129877,""clock_offset_sec"":-0.005212306976318359,""clock_round_trip_ms"":1.3000965118408203,""subject_id"":""sub-007"",""session_id"":""ses-001"",""block_id"":""Block 5"",""counterbalance_group"":""G07"",""block_order"":""Block 5"",""condition"":""A"",""condition_type"":""focused"",""topic_key"":""V2"",""topic_name"":""百家争鸣 到底是哪百家"",""event_type"":""eeg_recovery_confirmed"",""iso_time"":""2026-09-20T08:32:24.718Z"",""relative_ms"":368011,""video_time_sec"":312.081,""pause_reason"":""eeg_dropout""}",8b6ce1f9-62a7-4d97-823b-839e8a8c7711,sub-007,ses-001,74821aae-3475-44d9-8be2-7c41d40e7938,b0a244a8-b5e2-4661-b241-de215ec01f7b,1789893144.7073376,1789893144.7182,2784238.2999999523,browser_calibrated,-0.005212306976318359,1.3000965118408203,557833,568145,27,-20.650148391723633,host_receive_nearest,verified,1,0,,,,,,,,,1,,,,,,,,,,,,,,,,,,,,V2,A,312.081,1789893144.7182,1789893144.7073376,568145,,,,,,,,,,
phase_change,1789893144.7170875,2272.58,557834,5,5,,2,G07,A,focused,phase_change,video,,0.0,0.0,,,,,,,,8b6ce1f9-62a7-4d97-823b-839e8a8c7711,sub-007,ses-001,11f08279-1d2d-413d-b3ea-955e38bd38e0,b0a244a8-b5e2-4661-b241-de215ec01f7b,1789893144.7393374,1789893144.7222998,2784242.5,browser_calibrated,-0.005212306976318359,1.3000965118408203,557833,568145,27,-24.7499942779541,host_receive_nearest,verified,1,1,,,,,,,,,1,,,,,,,,,,,,,,,,,,,,V2,A,312.081,1789893144.7222998,1789893144.7393374,568145,,,,,,,,,,
video_resume,1789893144.7170875,2272.58,557834,5,5,,2,G07,A,focused,video_resume,312.081,,0.0,0.0,,,,,,,"{""client_event_id"":""11f08279-1d2d-413d-b3ea-955e38bd38e0"",""recorder_run_id"":""8b6ce1f9-62a7-4d97-823b-839e8a8c7711"",""client_id"":""b0a244a8-b5e2-4661-b241-de215ec01f7b"",""client_timestamp"":1789893144.7222998,""client_monotonic_ms"":2784242.5,""event_timestamp"":1789893144.7170875,""clock_offset_sec"":-0.005212306976318359,""clock_round_trip_ms"":1.3000965118408203,""subject_id"":""sub-007"",""session_id"":""ses-001"",""block_id"":""Block 5"",""counterbalance_group"":""G07"",""block_order"":""Block 5"",""condition"":""A"",""condition_type"":""focused"",""topic_key"":""V2"",""topic_name"":""百家争鸣 到底是哪百家"",""event_type"":""video_resume"",""iso_time"":""2026-09-20T08:32:24.722Z"",""relative_ms"":368015,""video_time_sec"":312.081,""pause_reason"":""eeg_dropout""}",8b6ce1f9-62a7-4d97-823b-839e8a8c7711,sub-007,ses-001,11f08279-1d2d-413d-b3ea-955e38bd38e0,b0a244a8-b5e2-4661-b241-de215ec01f7b,1789893144.7393374,1789893144.7222998,2784242.5,browser_calibrated,-0.005212306976318359,1.3000965118408203,557833,568145,27,-24.7499942779541,host_receive_nearest,verified,1,1,,,,,,,,,1,,,,,,,,,,,,,,,,,,,,V2,A,312.081,1789893144.7222998,1789893144.7393374,568145,,,,,,,,,,eeg_dropout
video_end,1789893145.9405875,2273.72,558119,5,5,,2,G07,A,focused,video_end,V2,,0.0,0.0,,,,,,,,8b6ce1f9-62a7-4d97-823b-839e8a8c7711,sub-007,ses-001,d93deeb5-723c-4fab-a2a9-f742cbf1b991,b0a244a8-b5e2-4661-b241-de215ec01f7b,1789893145.9423375,1789893145.9457998,2785465.899999976,browser_calibrated,-0.005212306976318359,1.3000965118408203,558118,568430,27,-45.24993896484375,host_receive_nearest,verified,1,1,,,,,,,,,1,,,,,,,,,,,,,,,,,,,,V2,A,312.773,1789893145.9457998,1789893145.9423375,568430,,,,,,,,,,
browser_video_ended,1789893145.9405875,2273.72,558119,5,5,,2,G07,A,focused,browser_video_ended,,,0.0,0.0,,,,,,,"{""client_event_id"":""d93deeb5-723c-4fab-a2a9-f742cbf1b991"",""recorder_run_id"":""8b6ce1f9-62a7-4d97-823b-839e8a8c7711"",""client_id"":""b0a244a8-b5e2-4661-b241-de215ec01f7b"",""client_timestamp"":1789893145.9457998,""client_monotonic_ms"":2785465.899999976,""event_timestamp"":1789893145.9405875,""clock_offset_sec"":-0.005212306976318359,""clock_round_trip_ms"":1.3000965118408203,""subject_id"":""sub-007"",""session_id"":""ses-001"",""block_id"":""Block 5"",""counterbalance_group"":""G07"",""block_order"":""Block 5"",""condition"":""A"",""condition_type"":""focused"",""topic_key"":""V2"",""topic_name"":""百家争鸣 到底是哪百家"",""event_type"":""video_ended"",""iso_time"":""2026-09-20T08:32:25.945Z"",""relative_ms"":369238,""video_time_sec"":312.773}",8b6ce1f9-62a7-4d97-823b-839e8a8c7711,sub-007,ses-001,d93deeb5-723c-4fab-a2a9-f742cbf1b991,b0a244a8-b5e2-4661-b241-de215ec01f7b,1789893145.9423375,1789893145.9457998,2785465.899999976,browser_calibrated,-0.005212306976318359,1.3000965118408203,558118,568430,27,-45.24993896484375,host_receive_nearest,verified,1,1,,,,,,,,,1,,,,,,,,,,,,,,,,,,,,V2,A,312.773,1789893145.9457998,1789893145.9423375,568430,,,,,,,,,,
browser_block_end,1789893145.9455874,2273.76,558134,5,5,,2,G07,A,focused,browser_block_end,视频自然播放结束,,0.0,0.0,,,,,,,"{""client_event_id"":""5fce44b8-aca8-4e39-aa0b-bdf3dd09ac65"",""recorder_run_id"":""8b6ce1f9-62a7-4d97-823b-839e8a8c7711"",""client_id"":""b0a244a8-b5e2-4661-b241-de215ec01f7b"",""client_timestamp"":1789893145.9507997,""client_monotonic_ms"":2785470.899999976,""event_timestamp"":1789893145.9455874,""clock_offset_sec"":-0.005212306976318359,""clock_round_trip_ms"":1.3000965118408203,""subject_id"":""sub-007"",""session_id"":""ses-001"",""block_id"":""Block 5"",""counterbalance_group"":""G07"",""block_order"":""Block 5"",""condition"":""A"",""condition_type"":""focused"",""topic_key"":""V2"",""topic_name"":""百家争鸣 到底是哪百家"",""event_type"":""block_end"",""iso_time"":""2026-09-20T08:32:25.950Z"",""relative_ms"":369243,""video_time_sec"":312.773,""reason"":""视频自然播放结束""}",8b6ce1f9-62a7-4d97-823b-839e8a8c7711,sub-007,ses-001,5fce44b8-aca8-4e39-aa0b-bdf3dd09ac65,b0a244a8-b5e2-4661-b241-de215ec01f7b,1789893145.9733374,1789893145.9507997,2785470.899999976,browser_calibrated,-0.005212306976318359,1.3000965118408203,558128,568440,27,-3.2498836517333984,host_receive_nearest,verified,1,1,,,,,,,,,1,,,,,,,,,,,,,,,,,,,,V2,A,312.773,1789893145.9507997,1789893145.9733374,568440,,,,,,,,,,
rating_start,1789893145.9504876,2273.764,558154,5,5,,2,G07,A,focused,rating_start,,,0.0,0.0,,,,,,,"{""client_event_id"":""9e862518-5695-4a47-98c1-ff307724a18a"",""recorder_run_id"":""8b6ce1f9-62a7-4d97-823b-839e8a8c7711"",""client_id"":""b0a244a8-b5e2-4661-b241-de215ec01f7b"",""client_timestamp"":1789893145.9557,""client_monotonic_ms"":2785475.7999999523,""event_timestamp"":1789893145.9504876,""clock_offset_sec"":-0.005212306976318359,""clock_round_trip_ms"":1.3000965118408203,""subject_id"":""sub-007"",""session_id"":""ses-001"",""block_id"":""Block 5"",""counterbalance_group"":""G07"",""block_order"":""Block 5"",""condition"":""A"",""condition_type"":""focused"",""topic_key"":""V2"",""topic_name"":""百家争鸣 到底是哪百家"",""event_type"":""rating_start"",""iso_time"":""2026-09-20T08:32:25.955Z"",""relative_ms"":369248,""video_time_sec"":312.773}",8b6ce1f9-62a7-4d97-823b-839e8a8c7711,sub-007,ses-001,9e862518-5695-4a47-98c1-ff307724a18a,b0a244a8-b5e2-4661-b241-de215ec01f7b,1789893145.9733374,1789893145.9557,2785475.7999999523,browser_calibrated,-0.005212306976318359,1.3000965118408203,558129,568441,27,6.850004196166992,host_receive_nearest,verified,1,1,,,,,,,,,1,,,,,,,,,,,,,,,,,,,,V2,A,312.773,1789893145.9557,1789893145.9733374,568441,,,,,,,,,,
qc_status_change,1789893146.0363376,2273.9,558164,5,5,,2,G07,A,focused,qc_status_change,good,,0.0,0.0,,,,,,,当前QC指标正常。,8b6ce1f9-62a7-4d97-823b-839e8a8c7711,sub-007,ses-001,,,1789893146.0363376,,,server,,,558163,568475,27,-16.000032424926758,host_receive_nearest,,,,,,,,,,,,1,,,,,,,,,,,,,,,,,,,,V2,A,,,1789893146.0363376,568475,,,,,,,,,,
rating_item_response,1789893147.7938876,2275.68,558609,5,5,,2,G07,A,focused,rating_item_response,3,,0.0,0.0,,,,,,,"{""client_event_id"":""a738496b-4e74-4527-820c-4186735f21f6"",""recorder_run_id"":""8b6ce1f9-62a7-4d97-823b-839e8a8c7711"",""client_id"":""b0a244a8-b5e2-4661-b241-de215ec01f7b"",""client_timestamp"":1789893147.7991,""client_monotonic_ms"":2787319.199999988,""event_timestamp"":1789893147.7938876,""clock_offset_sec"":-0.005212306976318359,""clock_round_trip_ms"":1.3000965118408203,""subject_id"":""sub-007"",""session_id"":""ses-001"",""block_id"":""Block 5"",""counterbalance_group"":""G07"",""block_order"":""Block 5"",""condition"":""A"",""condition_type"":""focused"",""topic_key"":""V2"",""topic_name"":""百家争鸣 到底是哪百家"",""event_type"":""rating_item_response"",""iso_time"":""2026-09-20T08:32:27.799Z"",""relative_ms"":371091,""video_time_sec"":312.773,""rating_item"":""course_attention_rating"",""rating_value"":""3"",""response_time_ms"":1843}",8b6ce1f9-62a7-4d97-823b-839e8a8c7711,sub-007,ses-001,a738496b-4e74-4527-820c-4186735f21f6,b0a244a8-b5e2-4661-b241-de215ec01f7b,1789893147.8013375,1789893147.7991,2787319.199999988,browser_calibrated,-0.005212306976318359,1.3000965118408203,558608,568920,27,-7.55000114440918,host_receive_nearest,verified,1,1,,,,,,,,,1,,,,,,,,,,,,,course_attention_rating,3,,,,,,V2,A,312.773,1789893147.7991,1789893147.8013375,568920,,,,,,,1843,,,
rating_item_response,1789893150.6663876,2278.54,559324,5,5,,2,G07,A,focused,rating_item_response,4,,0.0,0.0,,,,,,,"{""client_event_id"":""b37e9d3b-7d2e-4e08-b7b1-546252011cbe"",""recorder_run_id"":""8b6ce1f9-62a7-4d97-823b-839e8a8c7711"",""client_id"":""b0a244a8-b5e2-4661-b241-de215ec01f7b"",""client_timestamp"":1789893150.6715999,""client_monotonic_ms"":2790191.699999988,""event_timestamp"":1789893150.6663876,""clock_offset_sec"":-0.005212306976318359,""clock_round_trip_ms"":1.3000965118408203,""subject_id"":""sub-007"",""session_id"":""ses-001"",""block_id"":""Block 5"",""counterbalance_group"":""G07"",""block_order"":""Block 5"",""condition"":""A"",""condition_type"":""focused"",""topic_key"":""V2"",""topic_name"":""百家争鸣 到底是哪百家"",""event_type"":""rating_item_response"",""iso_time"":""2026-09-20T08:32:30.671Z"",""relative_ms"":373964,""video_time_sec"":312.773,""rating_item"":""mental_effort"",""rating_value"":""4"",""response_time_ms"":4716}",8b6ce1f9-62a7-4d97-823b-839e8a8c7711,sub-007,ses-001,b37e9d3b-7d2e-4e08-b7b1-546252011cbe,b0a244a8-b5e2-4661-b241-de215ec01f7b,1789893150.6613376,1789893150.6715999,2790191.699999988,browser_calibrated,-0.005212306976318359,1.3000965118408203,559323,569635,27,-21.049976348876953,host_receive_nearest,verified,1,1,,,,,,,,,1,,,,,,,,,,,,,mental_effort,4,,,,,,V2,A,312.773,1789893150.6715999,1789893150.6763375,569635,,,,,,,4716,,,
rating_item_response,1789893152.2012877,2280.064,559709,5,5,,2,G07,A,focused,rating_item_response,3,,0.0,0.0,,,,,,,"{""client_event_id"":""4154cdb7-9161-48cf-95aa-cdc418b19fbc"",""recorder_run_id"":""8b6ce1f9-62a7-4d97-823b-839e8a8c7711"",""client_id"":""b0a244a8-b5e2-4661-b241-de215ec01f7b"",""client_timestamp"":1789893152.2065,""client_monotonic_ms"":2791726.5999999642,""event_timestamp"":1789893152.2012877,""clock_offset_sec"":-0.005212306976318359,""clock_round_trip_ms"":1.3000965118408203,""subject_id"":""sub-007"",""session_id"":""ses-001"",""block_id"":""Block 5"",""counterbalance_group"":""G07"",""block_order"":""Block 5"",""condition"":""A"",""condition_type"":""focused"",""topic_key"":""V2"",""topic_name"":""百家争鸣 到底是哪百家"",""event_type"":""rating_item_response"",""iso_time"":""2026-09-20T08:32:32.206Z"",""relative_ms"":375499,""video_time_sec"":312.773,""rating_item"":""video_interest"",""rating_value"":""3"",""response_time_ms"":6251}",8b6ce1f9-62a7-4d97-823b-839e8a8c7711,sub-007,ses-001,4154cdb7-9161-48cf-95aa-cdc418b19fbc,b0a244a8-b5e2-4661-b241-de215ec01f7b,1789893152.2073376,1789893152.2065,2791726.5999999642,browser_calibrated,-0.005212306976318359,1.3000965118408203,559704,570016,27,6.049871444702148,host_receive_nearest,verified,1,1,,,,,,,,,1,,,,,,,,,,,,,video_interest,3,,,,,,V2,A,312.773,1789893152.2065,1789893152.2073376,570016,,,,,,,6251,,,
rating_item_response,1789893153.4470875,2281.3,560014,5,5,,2,G07,A,focused,rating_item_response,3,,0.0,0.0,,,,,,,"{""client_event_id"":""16ac07d9-11ce-4806-a82b-f267c4e17038"",""recorder_run_id"":""8b6ce1f9-62a7-4d97-823b-839e8a8c7711"",""client_id"":""b0a244a8-b5e2-4661-b241-de215ec01f7b"",""client_timestamp"":1789893153.4522998,""client_monotonic_ms"":2792972.399999976,""event_timestamp"":1789893153.4470875,""clock_offset_sec"":-0.005212306976318359,""clock_round_trip_ms"":1.3000965118408203,""subject_id"":""sub-007"",""session_id"":""ses-001"",""block_id"":""Block 5"",""counterbalance_group"":""G07"",""block_order"":""Block 5"",""condition"":""A"",""condition_type"":""focused"",""topic_key"":""V2"",""topic_name"":""百家争鸣 到底是哪百家"",""event_type"":""rating_item_response"",""iso_time"":""2026-09-20T08:32:33.452Z"",""relative_ms"":376745,""video_time_sec"":312.773,""rating_item"":""video_difficulty"",""rating_value"":""3"",""response_time_ms"":7497}",8b6ce1f9-62a7-4d97-823b-839e8a8c7711,sub-007,ses-001,16ac07d9-11ce-4806-a82b-f267c4e17038,b0a244a8-b5e2-4661-b241-de215ec01f7b,1789893153.4423375,1789893153.4522998,2792972.399999976,browser_calibrated,-0.005212306976318359,1.3000965118408203,560013,570325,27,-4.75001335144043,host_receive_nearest,verified,1,1,,,,,,,,,1,,,,,,,,,,,,,video_difficulty,3,,,,,,V2,A,312.773,1789893153.4522998,1789893153.4423375,570325,,,,,,,7497,,,
rating_end,1789893153.8160875,2281.68,560109,5,5,,2,G07,A,focused,rating_end,,7.865,0.0,0.0,,,,,,,"{""client_event_id"":""1cdb9f2e-65be-4070-b6b1-f5545aaa20e4"",""recorder_run_id"":""8b6ce1f9-62a7-4d97-823b-839e8a8c7711"",""client_id"":""b0a244a8-b5e2-4661-b241-de215ec01f7b"",""client_timestamp"":1789893153.8212998,""client_monotonic_ms"":2793341.399999976,""event_timestamp"":1789893153.8160875,""clock_offset_sec"":-0.005212306976318359,""clock_round_trip_ms"":1.3000965118408203,""subject_id"":""sub-007"",""session_id"":""ses-001"",""block_id"":""Block 5"",""counterbalance_group"":""G07"",""block_order"":""Block 5"",""condition"":""A"",""condition_type"":""focused"",""topic_key"":""V2"",""topic_name"":""百家争鸣 到底是哪百家"",""event_type"":""rating_end"",""iso_time"":""2026-09-20T08:32:33.821Z"",""relative_ms"":377114,""video_time_sec"":312.773,""video_id"":""V2"",""course_attention_rating"":3,""mental_effort"":4,""video_interest"":3,""video_difficulty"":3,""subtraction_compliance"":"""",""subtraction_difficulty"":"""",""reported_final_number"":"""",""duration_sec"":7.865,""submitted_iso"":""2026-09-20T08:32:33.821Z"",""submitted_relative_ms"":377114}",8b6ce1f9-62a7-4d97-823b-839e8a8c7711,sub-007,ses-001,1cdb9f2e-65be-4070-b6b1-f5545aaa20e4,b0a244a8-b5e2-4661-b241-de215ec01f7b,1789893153.8173375,1789893153.8212998,2793341.399999976,browser_calibrated,-0.005212306976318359,1.3000965118408203,560108,570420,27,-14.750003814697266,host_receive_nearest,verified,1,1,,,,,,,,,1,,,,3,4,3,3,,,,,,,,,,,,,V2,A,312.773,1789893153.8212998,1789893153.8173375,570420,,,,,,,,,,
quiz_start,1789893153.8199875,2281.72,560119,5,5,,2,G07,A,focused,quiz_start,,,0.0,0.0,,,,,,,"{""client_event_id"":""62f63eb6-f7ab-450f-a695-3f1a79922707"",""recorder_run_id"":""8b6ce1f9-62a7-4d97-823b-839e8a8c7711"",""client_id"":""b0a244a8-b5e2-4661-b241-de215ec01f7b"",""client_timestamp"":1789893153.8251998,""client_monotonic_ms"":2793345.2999999523,""event_timestamp"":1789893153.8199875,""clock_offset_sec"":-0.005212306976318359,""clock_round_trip_ms"":1.3000965118408203,""subject_id"":""sub-007"",""session_id"":""ses-001"",""block_id"":""Block 5"",""counterbalance_group"":""G07"",""block_order"":""Block 5"",""condition"":""A"",""condition_type"":""focused"",""topic_key"":""V2"",""topic_name"":""百家争鸣 到底是哪百家"",""event_type"":""quiz_start"",""iso_time"":""2026-09-20T08:32:33.825Z"",""relative_ms"":377117,""video_time_sec"":312.773}",8b6ce1f9-62a7-4d97-823b-839e8a8c7711,sub-007,ses-001,62f63eb6-f7ab-450f-a695-3f1a79922707,b0a244a8-b5e2-4661-b241-de215ec01f7b,1789893153.8483374,1789893153.8251998,2793345.2999999523,browser_calibrated,-0.005212306976318359,1.3000965118408203,560118,570430,27,-2.650022506713867,host_receive_nearest,verified,1,1,,,,,,,,,1,,,,,,,,,,,,,,,,,,,,V2,A,312.773,1789893153.8251998,1789893153.8483374,570430,,,,,,,,,,
quiz_item_response,1789893162.0798876,2289.764,562134,5,5,,2,G07,A,focused,quiz_item_response,“百家争鸣”局面出现在哪个历史时期？,,0.0,0.0,,V2Q1,C,C,True,1795,"{""client_event_id"":""4f490a54-495c-41ff-854c-b4bcb49c665f"",""recorder_run_id"":""8b6ce1f9-62a7-4d97-823b-839e8a8c7711"",""client_id"":""b0a244a8-b5e2-4661-b241-de215ec01f7b"",""client_timestamp"":1789893162.0851,""client_monotonic_ms"":2801605.199999988,""event_timestamp"":1789893162.0798876,""clock_offset_sec"":-0.005212306976318359,""clock_round_trip_ms"":1.3000965118408203,""subject_id"":""sub-007"",""session_id"":""ses-001"",""block_id"":""Block 5"",""counterbalance_group"":""G07"",""block_order"":""Block 5"",""condition"":""A"",""condition_type"":""focused"",""topic_key"":""V2"",""topic_name"":""百家争鸣 到底是哪百家"",""event_type"":""quiz_item_response"",""iso_time"":""2026-09-20T08:32:42.085Z"",""relative_ms"":385377,""video_time_sec"":312.773,""video_id"":""V2"",""question_id"":""V2Q1"",""question_text"":""“百家争鸣”局面出现在哪个历史时期？"",""response_index"":2,""response_letter"":""C"",""response_text"":""春秋战国时期"",""correct_index"":2,""correct_letter"":""C"",""correct_text"":""春秋战国时期"",""is_correct"":true,""reaction_time_ms"":1795,""submitted_iso"":""2026-09-20T08:32:42.085Z"",""submitted_relative_ms"":385377}",8b6ce1f9-62a7-4d97-823b-839e8a8c7711,sub-007,ses-001,4f490a54-495c-41ff-854c-b4bcb49c665f,b0a244a8-b5e2-4661-b241-de215ec01f7b,1789893162.0823376,1789893162.0851,2801605.199999988,browser_calibrated,-0.005212306976318359,1.3000965118408203,562129,572441,27,2.4499893188476562,host_receive_nearest,verified,1,1,,,,,,,,,1,,,,,,,,,,,,,,,,,“百家争鸣”局面出现在哪个历史时期？,2,春秋战国时期,V2,A,312.773,1789893162.0851,1789893162.0823376,572441,,,,,,,,,,
quiz_item_response,1789893162.0841875,2289.78,562139,5,5,,2,G07,A,focused,quiz_item_response,儒家学派的代表人物是？,,0.0,0.0,,V2Q2,B,B,True,3871,"{""client_event_id"":""c10ea343-b69f-4789-b4e8-4f008f89d97e"",""recorder_run_id"":""8b6ce1f9-62a7-4d97-823b-839e8a8c7711"",""client_id"":""b0a244a8-b5e2-4661-b241-de215ec01f7b"",""client_timestamp"":1789893162.0893998,""client_monotonic_ms"":2801609.5999999642,""event_timestamp"":1789893162.0841875,""clock_offset_sec"":-0.005212306976318359,""clock_round_trip_ms"":1.3000965118408203,""subject_id"":""sub-007"",""session_id"":""ses-001"",""block_id"":""Block 5"",""counterbalance_group"":""G07"",""block_order"":""Block 5"",""condition"":""A"",""condition_type"":""focused"",""topic_key"":""V2"",""topic_name"":""百家争鸣 到底是哪百家"",""event_type"":""quiz_item_response"",""iso_time"":""2026-09-20T08:32:42.089Z"",""relative_ms"":385382,""video_time_sec"":312.773,""video_id"":""V2"",""question_id"":""V2Q2"",""question_text"":""儒家学派的代表人物是？"",""response_index"":1,""response_letter"":""B"",""response_text"":""孔子"",""correct_index"":1,""correct_letter"":""B"",""correct_text"":""孔子"",""is_correct"":true,""reaction_time_ms"":3871,""submitted_iso"":""2026-09-20T08:32:42.089Z"",""submitted_relative_ms"":385382}",8b6ce1f9-62a7-4d97-823b-839e8a8c7711,sub-007,ses-001,c10ea343-b69f-4789-b4e8-4f008f89d97e,b0a244a8-b5e2-4661-b241-de215ec01f7b,1789893162.1293375,1789893162.0893998,2801609.5999999642,browser_calibrated,-0.005212306976318359,1.3000965118408203,562133,572445,27,-1.8498897552490234,host_receive_nearest,verified,1,1,,,,,,,,,1,,,,,,,,,,,,,,,,,儒家学派的代表人物是？,1,孔子,V2,A,312.773,1789893162.0893998,1789893162.1293375,572445,,,,,,,,,,
quiz_item_response,1789893162.0880876,2289.78,562139,5,5,,2,G07,A,focused,quiz_item_response,法家的集大成者韩非子，其思想核心是？,,0.0,0.0,,V2Q3,C,C,True,5701,"{""client_event_id"":""1e4244e2-9d7c-489e-8084-359d8aef12bc"",""recorder_run_id"":""8b6ce1f9-62a7-4d97-823b-839e8a8c7711"",""client_id"":""b0a244a8-b5e2-4661-b241-de215ec01f7b"",""client_timestamp"":1789893162.0932999,""client_monotonic_ms"":2801613.399999976,""event_timestamp"":1789893162.0880876,""clock_offset_sec"":-0.005212306976318359,""clock_round_trip_ms"":1.3000965118408203,""subject_id"":""sub-007"",""session_id"":""ses-001"",""block_id"":""Block 5"",""counterbalance_group"":""G07"",""block_order"":""Block 5"",""condition"":""A"",""condition_type"":""focused"",""topic_key"":""V2"",""topic_name"":""百家争鸣 到底是哪百家"",""event_type"":""quiz_item_response"",""iso_time"":""2026-09-20T08:32:42.093Z"",""relative_ms"":385386,""video_time_sec"":312.773,""video_id"":""V2"",""question_id"":""V2Q3"",""question_text"":""法家的集大成者韩非子，其思想核心是？"",""response_index"":2,""response_letter"":""C"",""response_text"":""以法治国"",""correct_index"":2,""correct_letter"":""C"",""correct_text"":""以法治国"",""is_correct"":true,""reaction_time_ms"":5701,""submitted_iso"":""2026-09-20T08:32:42.093Z"",""submitted_relative_ms"":385386}",8b6ce1f9-62a7-4d97-823b-839e8a8c7711,sub-007,ses-001,1e4244e2-9d7c-489e-8084-359d8aef12bc,b0a244a8-b5e2-4661-b241-de215ec01f7b,1789893162.1453376,1789893162.0932999,2801613.399999976,browser_calibrated,-0.005212306976318359,1.3000965118408203,562133,572445,27,-5.749940872192383,host_receive_nearest,verified,1,1,,,,,,,,,1,,,,,,,,,,,,,,,,,法家的集大成者韩非子，其思想核心是？,2,以法治国,V2,A,312.773,1789893162.0932999,1789893162.1453376,572445,,,,,,,,,,
quiz_item_response,1789893162.0922878,2289.784,562154,5,5,,2,G07,A,focused,quiz_item_response,纵横家学派的代表人物是？,,0.0,0.0,,V2Q4,C,C,True,7818,"{""client_event_id"":""fe896abf-0d8b-487c-ab7d-945178613040"",""recorder_run_id"":""8b6ce1f9-62a7-4d97-823b-839e8a8c7711"",""client_id"":""b0a244a8-b5e2-4661-b241-de215ec01f7b"",""client_timestamp"":1789893162.0975,""client_monotonic_ms"":2801617.5999999642,""event_timestamp"":1789893162.0922878,""clock_offset_sec"":-0.005212306976318359,""clock_round_trip_ms"":1.3000965118408203,""subject_id"":""sub-007"",""session_id"":""ses-001"",""block_id"":""Block 5"",""counterbalance_group"":""G07"",""block_order"":""Block 5"",""condition"":""A"",""condition_type"":""focused"",""topic_key"":""V2"",""topic_name"":""百家争鸣 到底是哪百家"",""event_type"":""quiz_item_response"",""iso_time"":""2026-09-20T08:32:42.097Z"",""relative_ms"":385390,""video_time_sec"":312.773,""video_id"":""V2"",""question_id"":""V2Q4"",""question_text"":""纵横家学派的代表人物是？"",""response_index"":2,""response_letter"":""C"",""response_text"":""张仪"",""correct_index"":2,""correct_letter"":""C"",""correct_text"":""张仪"",""is_correct"":true,""reaction_time_ms"":7818,""submitted_iso"":""2026-09-20T08:32:42.097Z"",""submitted_relative_ms"":385390}",8b6ce1f9-62a7-4d97-823b-839e8a8c7711,sub-007,ses-001,fe896abf-0d8b-487c-ab7d-945178613040,b0a244a8-b5e2-4661-b241-de215ec01f7b,1789893162.1453376,1789893162.0975,2801617.5999999642,browser_calibrated,-0.005212306976318359,1.3000965118408203,562134,572446,27,6.049633026123047,host_receive_nearest,verified,1,1,,,,,,,,,1,,,,,,,,,,,,,,,,,纵横家学派的代表人物是？,2,张仪,V2,A,312.773,1789893162.0975,1789893162.1453376,572446,,,,,,,,,,
quiz_end,1789893162.0964878,2289.784,562179,5,5,,2,G07,A,focused,quiz_end,4/4,8.277,0.0,0.0,,,,,,,"{""client_event_id"":""56f8baa5-e194-4886-b28f-cce2ea7161b2"",""recorder_run_id"":""8b6ce1f9-62a7-4d97-823b-839e8a8c7711"",""client_id"":""b0a244a8-b5e2-4661-b241-de215ec01f7b"",""client_timestamp"":1789893162.1017,""client_monotonic_ms"":2801621.7999999523,""event_timestamp"":1789893162.0964878,""clock_offset_sec"":-0.005212306976318359,""clock_round_trip_ms"":1.3000965118408203,""subject_id"":""sub-007"",""session_id"":""ses-001"",""block_id"":""Block 5"",""counterbalance_group"":""G07"",""block_order"":""Block 5"",""condition"":""A"",""condition_type"":""focused"",""topic_key"":""V2"",""topic_name"":""百家争鸣 到底是哪百家"",""event_type"":""quiz_end"",""iso_time"":""2026-09-20T08:32:42.101Z"",""relative_ms"":385394,""video_time_sec"":312.773,""score"":4,""total"":4,""duration_sec"":8.277}",8b6ce1f9-62a7-4d97-823b-839e8a8c7711,sub-007,ses-001,56f8baa5-e194-4886-b28f-cce2ea7161b2,b0a244a8-b5e2-4661-b241-de215ec01f7b,1789893162.1613376,1789893162.1017,2801621.7999999523,browser_calibrated,-0.005212306976318359,1.3000965118408203,562134,572446,27,1.8496513366699219,host_receive_nearest,verified,1,1,,,,,,,,,1,,,,,,,,,,,,,,,4,4,,,,V2,A,312.773,1789893162.1017,1789893162.1613376,572446,,,,,,,,,,
block_end,1789893162.0964878,2289.784,562179,5,5,,2,G07,A,focused,block_end,V2,,0.0,0.0,,,,,,,,8b6ce1f9-62a7-4d97-823b-839e8a8c7711,sub-007,ses-001,56f8baa5-e194-4886-b28f-cce2ea7161b2,b0a244a8-b5e2-4661-b241-de215ec01f7b,1789893162.1613376,1789893162.1017,2801621.7999999523,browser_calibrated,-0.005212306976318359,1.3000965118408203,562134,572446,27,1.8496513366699219,host_receive_nearest,verified,1,1,,,,,,,,,1,,,,,,,,,,,,,,,,,,,,V2,A,312.773,1789893162.1017,1789893162.1613376,572446,,,,,,,,,,
rest_start,1789893162.1032877,2289.8,562194,5,5,,2,G07,A,focused,rest_start,after-block-5,,0.0,0.0,,,,,,,"{""client_event_id"":""65c427cd-0719-4179-ad69-646f5976c578"",""recorder_run_id"":""8b6ce1f9-62a7-4d97-823b-839e8a8c7711"",""client_id"":""b0a244a8-b5e2-4661-b241-de215ec01f7b"",""client_timestamp"":1789893162.1085,""client_monotonic_ms"":2801628.5999999642,""event_timestamp"":1789893162.1032877,""clock_offset_sec"":-0.005212306976318359,""clock_round_trip_ms"":1.3000965118408203,""subject_id"":""sub-007"",""session_id"":""ses-001"",""block_id"":""Block 5"",""counterbalance_group"":""G07"",""block_order"":""Block 5"",""condition"":""A"",""condition_type"":""focused"",""topic_key"":""V2"",""topic_name"":""百家争鸣 到底是哪百家"",""event_type"":""rest_start"",""iso_time"":""2026-09-20T08:32:42.108Z"",""relative_ms"":385401,""video_time_sec"":312.773,""after_block_id"":5,""planned_duration"":30,""actual_duration"":"""",""is_formal_experiment"":0}",8b6ce1f9-62a7-4d97-823b-839e8a8c7711,sub-007,ses-001,65c427cd-0719-4179-ad69-646f5976c578,b0a244a8-b5e2-4661-b241-de215ec01f7b,1789893162.1763375,1789893162.1085,2801628.5999999642,browser_calibrated,-0.005212306976318359,1.3000965118408203,562138,572450,27,-4.950284957885742,host_receive_nearest,verified,0,1,,,,,5,,30,,0,,,,,,,,,,,,,,,,,,,,V2,A,312.773,1789893162.1085,1789893162.1763375,572450,,,,,,,,,,
qc_status_change,1789893168.0513375,2295.86,563499,,,,,G07,,,qc_status_change,bad,,0.0,0.0,,,,,,,丢包率 6.16% 过高，请检查蓝牙距离、供电和连接。,8b6ce1f9-62a7-4d97-823b-839e8a8c7711,sub-007,ses-001,,,1789893168.0513375,,,server,,,563498,573965,27,-78.00006866455078,host_receive_nearest,,,,,,,,,,,,0,,,,,,,,,,,,,,,,,,,,,,,,1789893168.0513375,573965,,,,,,,,,,
qc_status_change,1789893178.0363376,2305.86,565999,,,,,G07,,,qc_status_change,good,,0.0,0.0,,,,,,,当前QC指标正常。,8b6ce1f9-62a7-4d97-823b-839e8a8c7711,sub-007,ses-001,,,1789893178.0363376,,,server,,,565998,576465,27,-78.99999618530273,host_receive_nearest,,,,,,,,,,,,0,,,,,,,,,,,,,,,,,,,,,,,,1789893178.0363376,576465,,,,,,,,,,
qc_status_change,1789893182.0823376,2309.96,566978,,,,,G07,,,qc_status_change,warning,,0.0,0.0,,,,,,,丢包率 1.84% 偏高。,8b6ce1f9-62a7-4d97-823b-839e8a8c7711,sub-007,ses-001,,,1789893182.0823376,,,server,,,566977,577490,27,0.0,host_receive_nearest,,,,,,,,,,,,0,,,,,,,,,,,,,,,,,,,,,,,,1789893182.0823376,577490,,,,,,,,,,
qc_status_change,1789893192.0673375,2319.96,569478,,,,,G07,,,qc_status_change,good,,0.0,0.0,,,,,,,当前QC指标正常。,8b6ce1f9-62a7-4d97-823b-839e8a8c7711,sub-007,ses-001,,,1789893192.0673375,,,server,,,569477,579990,27,0.0,host_receive_nearest,,,,,,,,,,,,0,,,,,,,,,,,,,,,,,,,,,,,,1789893192.0673375,579990,,,,,,,,,,
rest_end,1789893195.019338,2322.82,570193,5,5,,2,G07,A,focused,rest_end,after-block-5,32.923,0.0,0.0,,,,,,,"{""client_event_id"":""5284979f-b51f-4659-8914-f1aa3d2a20fe"",""recorder_run_id"":""8b6ce1f9-62a7-4d97-823b-839e8a8c7711"",""client_id"":""b0a244a8-b5e2-4661-b241-de215ec01f7b"",""client_timestamp"":1789893195.0315,""client_monotonic_ms"":2834551.5999999642,""event_timestamp"":1789893195.019338,""clock_offset_sec"":-0.012162208557128906,""clock_round_trip_ms"":1.5997886657714844,""subject_id"":""sub-007"",""session_id"":""ses-001"",""block_id"":""Block 5"",""counterbalance_group"":""G07"",""block_order"":""Block 5"",""condition"":""A"",""condition_type"":""focused"",""topic_key"":""V2"",""topic_name"":""百家争鸣 到底是哪百家"",""event_type"":""rest_end"",""iso_time"":""2026-09-20T08:33:15.031Z"",""relative_ms"":418324,""video_time_sec"":312.773,""after_block_id"":5,""planned_duration"":30,""actual_duration"":32.923,""duration_sec"":32.923,""is_formal_experiment"":0,""debug_early"":false}",8b6ce1f9-62a7-4d97-823b-839e8a8c7711,sub-007,ses-001,5284979f-b51f-4659-8914-f1aa3d2a20fe,b0a244a8-b5e2-4661-b241-de215ec01f7b,1789893195.0363376,1789893195.0315,2834551.5999999642,browser_calibrated,-0.012162208557128906,1.5997886657714844,570192,580705,27,-62.000274658203125,host_receive_nearest,verified,0,1,,,,,5,,30,32.923,0,,,,,,,,,,,,,,,,,,,,V2,A,312.773,1789893195.0315,1789893195.0363376,580705,,,,,,,,,,
qc_status_change,1789893196.0823376,2323.96,570478,,,,,G07,,,qc_status_change,warning,,0.0,0.0,,,,,,,通道1 RMS相对基线异常，正在确认是否持续。,8b6ce1f9-62a7-4d97-823b-839e8a8c7711,sub-007,ses-001,,,1789893196.0823376,,,server,,,570477,580990,27,0.0,host_receive_nearest,,,,,,,,,,,,0,,,,,,,,,,,,,,,,,,,,,,,,1789893196.0823376,580990,,,,,,,,,,
block_start,1789893196.5265875,2324.42,570593,6,6,,2,G07,B,bbbd_subtraction,block_start,V3,,0.0,0.0,,,,,,,condition=B; condition_type=bbbd_subtraction,8b6ce1f9-62a7-4d97-823b-839e8a8c7711,sub-007,ses-001,85b383a9-fd98-4d93-b9b7-d3c158a780f8,b0a244a8-b5e2-4661-b241-de215ec01f7b,1789893196.5363376,1789893196.5375,2836057.5999999642,browser_calibrated,-0.010912418365478516,1.5001296997070312,570592,581105,27,-6.249904632568359,host_receive_nearest,verified,0,1,859,1789890396.5673375,,,,,,,1,,,,,,,,,,,,,,,,,,,,V3,B,0,1789893196.5375,1789893196.5363376,581105,,,,,,,,,,
condition_prompt_start,1789893196.5265875,2324.42,570593,6,6,,2,G07,B,bbbd_subtraction,condition_prompt_start,B,,0.0,0.0,,,,,,,,8b6ce1f9-62a7-4d97-823b-839e8a8c7711,sub-007,ses-001,85b383a9-fd98-4d93-b9b7-d3c158a780f8,b0a244a8-b5e2-4661-b241-de215ec01f7b,1789893196.5363376,1789893196.5375,2836057.5999999642,browser_calibrated,-0.010912418365478516,1.5001296997070312,570592,581105,27,-6.249904632568359,host_receive_nearest,verified,0,1,,,,,,,,,1,,,,,,,,,,,,,,,,,,,,V3,B,0,1789893196.5375,1789893196.5363376,581105,,,,,,,,,,
browser_block_config,1789893196.5265875,2324.42,570593,6,6,,2,G07,B,bbbd_subtraction,browser_block_config,V3,,0.0,0.0,,,,,,,"{""client_event_id"":""85b383a9-fd98-4d93-b9b7-d3c158a780f8"",""recorder_run_id"":""8b6ce1f9-62a7-4d97-823b-839e8a8c7711"",""client_id"":""b0a244a8-b5e2-4661-b241-de215ec01f7b"",""client_timestamp"":1789893196.5375,""client_monotonic_ms"":2836057.5999999642,""event_timestamp"":1789893196.5265875,""clock_offset_sec"":-0.010912418365478516,""clock_round_trip_ms"":1.5001296997070312,""subject_id"":""sub-007"",""session_id"":""ses-001"",""block_id"":""Block 6"",""counterbalance_group"":""G07"",""block_order"":""Block 6"",""condition"":""B"",""condition_type"":""bbbd_subtraction"",""topic_key"":""V3"",""topic_name"":""道德经主要讲的是什么"",""event_type"":""block_start"",""iso_time"":""2026-09-20T08:33:16.537Z"",""relative_ms"":0,""video_time_sec"":0,""block_start_iso"":""2026-09-20T08:33:16.537Z"",""config_json"":""{\""recorder_run_id\"":\""8b6ce1f9-62a7-4d97-823b-839e8a8c7711\"",\""subject_id\"":\""sub-007\"",\""session_id\"":\""ses-001\"",\""block_id\"":\""Block 6\"",\""counterbalance_group\"":\""G07\"",\""condition\"":\""B\"",\""condition_type\"":\""bbbd_subtraction\"",\""topic_key\"":\""V3\"",\""topic_name\"":\""道德经主要讲的是什么\"",\""video_file\"":\""视频3-混知漫画｜《道德经》主要讲的啥呢？老子（下）-480P 标清-AVC.mp4\"",\""start_number\"":859,\""generated_timestamp\"":1789890396.5673375}""}",8b6ce1f9-62a7-4d97-823b-839e8a8c7711,sub-007,ses-001,85b383a9-fd98-4d93-b9b7-d3c158a780f8,b0a244a8-b5e2-4661-b241-de215ec01f7b,1789893196.5363376,1789893196.5375,2836057.5999999642,browser_calibrated,-0.010912418365478516,1.5001296997070312,570592,581105,27,-6.249904632568359,host_receive_nearest,verified,0,1,,,,,,,,,1,,,,,,,,,,,,,,,,,,,,V3,B,0,1789893196.5375,1789893196.5363376,581105,,,,,,,,,,
probe_schedule,1789893196.5807874,2324.46,570603,6,6,,2,G07,B,bbbd_subtraction,probe_schedule,"97.655,153.007,217,276.795",,0.0,0.0,,,,,,,"{""client_event_id"":""52c81afe-baec-44d6-a28b-c9cbb03fd671"",""recorder_run_id"":""8b6ce1f9-62a7-4d97-823b-839e8a8c7711"",""client_id"":""b0a244a8-b5e2-4661-b241-de215ec01f7b"",""client_timestamp"":1789893196.5916998,""client_monotonic_ms"":2836111.7999999523,""event_timestamp"":1789893196.5807874,""clock_offset_sec"":-0.010912418365478516,""clock_round_trip_ms"":1.5001296997070312,""subject_id"":""sub-007"",""session_id"":""ses-001"",""block_id"":""Block 6"",""counterbalance_group"":""G07"",""block_order"":""Block 6"",""condition"":""B"",""condition_type"":""bbbd_subtraction"",""topic_key"":""V3"",""topic_name"":""道德经主要讲的是什么"",""event_type"":""probe_schedule"",""iso_time"":""2026-09-20T08:33:16.591Z"",""relative_ms"":54,""video_time_sec"":0,""probe_schedule_id"":""910f4535-4150-4697-8fe0-9df7b1af574b"",""probe_times"":[97.655,153.007,217,276.795],""probe_config"":{""probes_per_block"":4,""min_first_onset_sec"":45,""min_end_margin_sec"":30,""min_gap_sec"":45},""video_duration_sec"":326.241,""video_id"":""V3"",""debug_fast"":false}",8b6ce1f9-62a7-4d97-823b-839e8a8c7711,sub-007,ses-001,52c81afe-baec-44d6-a28b-c9cbb03fd671,b0a244a8-b5e2-4661-b241-de215ec01f7b,1789893196.5823376,1789893196.5916998,2836111.7999999523,browser_calibrated,-0.010912418365478516,1.5001296997070312,570602,581115,27,-13.449907302856445,host_receive_nearest,verified,1,1,,,,,,,,,1,,,,,,,,,,,,,,,,,,,,V3,B,0,1789893196.5916998,1789893196.5823376,581115,,4,910f4535-4150-4697-8fe0-9df7b1af574b,,,,,,,
subtraction_start_number_displayed,1789893196.5844874,2324.464,570608,6,6,,2,G07,B,bbbd_subtraction,subtraction_start_number_displayed,859,,0.0,0.0,,,,,,,"{""client_event_id"":""f15a1504-419d-425e-a3bd-f868a9ea20f0"",""recorder_run_id"":""8b6ce1f9-62a7-4d97-823b-839e8a8c7711"",""client_id"":""b0a244a8-b5e2-4661-b241-de215ec01f7b"",""client_timestamp"":1789893196.5953999,""client_monotonic_ms"":2836115.5,""event_timestamp"":1789893196.5844874,""clock_offset_sec"":-0.010912418365478516,""clock_round_trip_ms"":1.5001296997070312,""subject_id"":""sub-007"",""session_id"":""ses-001"",""block_id"":""Block 6"",""counterbalance_group"":""G07"",""block_order"":""Block 6"",""condition"":""B"",""condition_type"":""bbbd_subtraction"",""topic_key"":""V3"",""topic_name"":""道德经主要讲的是什么"",""event_type"":""subtraction_start_number_displayed"",""iso_time"":""2026-09-20T08:33:16.595Z"",""relative_ms"":58,""video_time_sec"":0,""start_number"":859,""generated_timestamp"":1789890396.5673375,""displayed_timestamp"":1789893196.5953999}",8b6ce1f9-62a7-4d97-823b-839e8a8c7711,sub-007,ses-001,f15a1504-419d-425e-a3bd-f868a9ea20f0,b0a244a8-b5e2-4661-b241-de215ec01f7b,1789893196.5983374,1789893196.5953999,2836115.5,browser_calibrated,-0.010912418365478516,1.5001296997070312,570603,581116,27,13.849973678588867,host_receive_nearest,verified,1,0,859,1789890396.5673375,1789893196.5953999,,,,,,1,,,,,,,,,,,,,,,,,,,,V3,B,0,1789893196.5953999,1789893196.5983374,581116,,,,,,,,,,
condition_prompt_end,1789893201.6032999,2329.48,571858,6,6,,2,G07,B,bbbd_subtraction,condition_prompt_end,0,,0.0,0.0,,,,,,,"{""client_event_id"":""418d4157-f1f2-4e9e-a1ba-9d27cf350eb7"",""recorder_run_id"":""8b6ce1f9-62a7-4d97-823b-839e8a8c7711"",""client_id"":""b0a244a8-b5e2-4661-b241-de215ec01f7b"",""client_timestamp"":1789893201.6032999,""client_monotonic_ms"":2841123.399999976,""event_timestamp"":1789893201.6032999,""clock_offset_sec"":-0.010912418365478516,""clock_round_trip_ms"":1.5001296997070312,""subject_id"":""sub-007"",""session_id"":""ses-001"",""block_id"":""Block 6"",""counterbalance_group"":""G07"",""block_order"":""Block 6"",""condition"":""B"",""condition_type"":""bbbd_subtraction"",""topic_key"":""V3"",""topic_name"":""道德经主要讲的是什么"",""event_type"":""condition_prompt_end"",""iso_time"":""2026-09-20T08:33:21.603Z"",""relative_ms"":5066,""video_time_sec"":0}",8b6ce1f9-62a7-4d97-823b-839e8a8c7711,sub-007,ses-001,418d4157-f1f2-4e9e-a1ba-9d27cf350eb7,b0a244a8-b5e2-4661-b241-de215ec01f7b,1789893201.5983374,1789893201.6032999,2841123.399999976,browser_calibrated,-0.010912418365478516,1.5001296997070312,571857,582370,27,-20.962238311767578,host_receive_nearest,verified,1,0,,,,,,,,,1,,,,,,,,,,,,,,,,,,,,V3,B,0,1789893201.6032999,1789893201.5983374,582370,,,,,,,,,,
video_start,1789893201.6032999,2329.48,571858,6,6,,2,G07,B,bbbd_subtraction,video_start,V3,,0.0,0.0,,,,,,,,8b6ce1f9-62a7-4d97-823b-839e8a8c7711,sub-007,ses-001,fe660874-49a6-4fe4-b986-b6219215c040,b0a244a8-b5e2-4661-b241-de215ec01f7b,1789893201.6293375,1789893201.6086,2841128.699999988,browser_calibrated,-0.010912418365478516,1.5001296997070312,571857,582370,27,-20.962238311767578,host_receive_nearest,verified,1,1,,,,,,,,,1,,,,,,,,,,,,,,,,,,,,V3,B,0,1789893201.6086,1789893201.6293375,582370,,,,,,,,,,
video_play,1789893201.6032999,2329.48,571858,6,6,,2,G07,B,bbbd_subtraction,video_play,0,,0.0,0.0,,,,,,,"{""client_event_id"":""fe660874-49a6-4fe4-b986-b6219215c040"",""recorder_run_id"":""8b6ce1f9-62a7-4d97-823b-839e8a8c7711"",""client_id"":""b0a244a8-b5e2-4661-b241-de215ec01f7b"",""client_timestamp"":1789893201.6086,""client_monotonic_ms"":2841128.699999988,""event_timestamp"":1789893201.6032999,""clock_offset_sec"":-0.010912418365478516,""clock_round_trip_ms"":1.5001296997070312,""subject_id"":""sub-007"",""session_id"":""ses-001"",""block_id"":""Block 6"",""counterbalance_group"":""G07"",""block_order"":""Block 6"",""condition"":""B"",""condition_type"":""bbbd_subtraction"",""topic_key"":""V3"",""topic_name"":""道德经主要讲的是什么"",""event_type"":""video_play"",""iso_time"":""2026-09-20T08:33:21.608Z"",""relative_ms"":5071,""video_time_sec"":0}",8b6ce1f9-62a7-4d97-823b-839e8a8c7711,sub-007,ses-001,fe660874-49a6-4fe4-b986-b6219215c040,b0a244a8-b5e2-4661-b241-de215ec01f7b,1789893201.6293375,1789893201.6086,2841128.699999988,browser_calibrated,-0.010912418365478516,1.5001296997070312,571857,582370,27,-20.962238311767578,host_receive_nearest,verified,1,1,,,,,,,,,1,,,,,,,,,,,,,,,,,,,,V3,B,0,1789893201.6086,1789893201.6293375,582370,,,,,,,,,,
subtraction_start_number_hidden,1789893201.6032999,2329.48,571858,6,6,,2,G07,B,bbbd_subtraction,subtraction_start_number_hidden,859,,0.0,0.0,,,,,,,"{""client_event_id"":""2d2573fd-d604-43d9-a5e9-a9f2cd806c8e"",""recorder_run_id"":""8b6ce1f9-62a7-4d97-823b-839e8a8c7711"",""client_id"":""b0a244a8-b5e2-4661-b241-de215ec01f7b"",""client_timestamp"":1789893201.6129,""client_monotonic_ms"":2841133,""event_timestamp"":1789893201.6032999,""clock_offset_sec"":-0.010912418365478516,""clock_round_trip_ms"":1.5001296997070312,""subject_id"":""sub-007"",""session_id"":""ses-001"",""block_id"":""Block 6"",""counterbalance_group"":""G07"",""block_order"":""Block 6"",""condition"":""B"",""condition_type"":""bbbd_subtraction"",""topic_key"":""V3"",""topic_name"":""道德经主要讲的是什么"",""event_type"":""subtraction_start_number_hidden"",""iso_time"":""2026-09-20T08:33:21.612Z"",""relative_ms"":5075,""video_time_sec"":0,""start_number"":859,""generated_timestamp"":1789890396.5673375,""displayed_timestamp"":1789893196.5953999,""hidden_timestamp"":1789893201.6032999}",8b6ce1f9-62a7-4d97-823b-839e8a8c7711,sub-007,ses-001,2d2573fd-d604-43d9-a5e9-a9f2cd806c8e,b0a244a8-b5e2-4661-b241-de215ec01f7b,1789893201.6293375,1789893201.6129,2841133,browser_calibrated,-0.010912418365478516,1.5001296997070312,571857,582370,27,-20.962238311767578,host_receive_nearest,verified,1,0,859,1789890396.5673375,1789893196.5953999,1789893201.6032999,,,,,1,,,,,,,,,,,,,,,,,,,,V3,B,0,1789893201.6129,1789893201.6293375,582370,,,,,,,,,,
qc_status_change,1789893204.0673375,2331.5,572363,6,6,,2,G07,B,bbbd_subtraction,qc_status_change,bad,,0.0,0.0,,,,,,,通道1 RMS相对基线突变，可能接触不稳，请检查并重新连接。,8b6ce1f9-62a7-4d97-823b-839e8a8c7711,sub-007,ses-001,,,1789893204.0673375,,,server,,,572362,582875,27,0.0,host_receive_nearest,,,,,,,,,,,,1,,,,,,,,,,,,,,,,,,,,V3,B,,,1789893204.0673375,582875,,,,,,,,,,
qc_status_change,1789893206.0823376,,572568,6,6,,2,G07,B,bbbd_subtraction,qc_status_change,good,,0.0,0.0,,,,,,,当前QC指标正常。,8b6ce1f9-62a7-4d97-823b-839e8a8c7711,sub-007,ses-001,,,1789893206.0823376,,,server,,,,,,-1203.0000686645508,outside_sample_tolerance,,,,,,,,,,,,1,,,,,,,,,,,,,,,,,,,,V3,B,,,1789893206.0823376,,,,,,,,,,,
phase_change,1789893207.9654875,,572568,6,6,,2,G07,B,bbbd_subtraction,phase_change,paused,,0.0,0.0,,,,,,,,8b6ce1f9-62a7-4d97-823b-839e8a8c7711,sub-007,ses-001,1b02e19c-08e1-4260-88dc-ff2c6ae31cee,b0a244a8-b5e2-4661-b241-de215ec01f7b,1789893207.9893374,1789893207.9764,2847496.5,browser_calibrated,-0.010912418365478516,1.5001296997070312,,,,-3086.1499309539795,outside_sample_tolerance,verified,1,1,,,,,,,,,1,,,,,,,,,,,,,,,,,,,,V3,B,6.142,1789893207.9764,1789893207.9893374,,,,,,,,,,,
video_pause,1789893207.9654875,,572568,6,6,,2,G07,B,bbbd_subtraction,video_pause,6.142,,0.0,0.0,,,,,,,"{""client_event_id"":""1b02e19c-08e1-4260-88dc-ff2c6ae31cee"",""recorder_run_id"":""8b6ce1f9-62a7-4d97-823b-839e8a8c7711"",""client_id"":""b0a244a8-b5e2-4661-b241-de215ec01f7b"",""client_timestamp"":1789893207.9764,""client_monotonic_ms"":2847496.5,""event_timestamp"":1789893207.9654875,""clock_offset_sec"":-0.010912418365478516,""clock_round_trip_ms"":1.5001296997070312,""subject_id"":""sub-007"",""session_id"":""ses-001"",""block_id"":""Block 6"",""counterbalance_group"":""G07"",""block_order"":""Block 6"",""condition"":""B"",""condition_type"":""bbbd_subtraction"",""topic_key"":""V3"",""topic_name"":""道德经主要讲的是什么"",""event_type"":""video_pause"",""iso_time"":""2026-09-20T08:33:27.976Z"",""relative_ms"":11439,""video_time_sec"":6.142,""pause_reason"":""eeg_dropout"",""reason"":""automatic_watchdog""}",8b6ce1f9-62a7-4d97-823b-839e8a8c7711,sub-007,ses-001,1b02e19c-08e1-4260-88dc-ff2c6ae31cee,b0a244a8-b5e2-4661-b241-de215ec01f7b,1789893207.9893374,1789893207.9764,2847496.5,browser_calibrated,-0.010912418365478516,1.5001296997070312,,,,-3086.1499309539795,outside_sample_tolerance,verified,1,1,,,,,,,,,1,,,,,,,,,,,,,,,,,,,,V3,B,6.142,1789893207.9764,1789893207.9893374,,,,,,,,,,,eeg_dropout
eeg_dropout,1789893208.0823376,,572568,6,6,,2,G07,B,bbbd_subtraction,eeg_dropout,signal_lost,,0.0,0.0,,,,,,,absence_threshold_sec=2,8b6ce1f9-62a7-4d97-823b-839e8a8c7711,sub-007,ses-001,,,1789893208.0823376,,,server,,,,,,-3203.000068664551,outside_sample_tolerance,,,,,,,,,,,,1,,,,,,,,,,,,,,,,,,,,V3,B,,,1789893208.0823376,,,,,,,,,,,eeg_dropout
qc_status_change,1789893208.0823376,,572568,6,6,,2,G07,B,bbbd_subtraction,qc_status_change,bad,,0.0,0.0,,,,,,,已连续 3.2 秒没有EEG，请立即重新连接耳机。,8b6ce1f9-62a7-4d97-823b-839e8a8c7711,sub-007,ses-001,,,1789893208.0823376,,,server,,,,,,-3203.000068664551,outside_sample_tolerance,,,,,,,,,,,,1,,,,,,,,,,,,,,,,,,,,V3,B,,,1789893208.0823376,,,,,,,,,,,
device_disconnected,1789893209.0823376,,572568,6,6,,2,G07,B,bbbd_subtraction,device_disconnected,,,0,0,,,,,,,,8b6ce1f9-62a7-4d97-823b-839e8a8c7711,sub-007,ses-001,,,1789893209.0823376,,,server,,,,,,-4203.000068664551,outside_sample_tolerance,,,,,,,,,,,,1,,,,,,,,,,,,,,,,,,,,V3,B,,,1789893209.0823376,,,,,,,,,,,
device_connected,1789893217.9113376,,572568,6,6,,2,G07,B,bbbd_subtraction,device_connected,74:4D:BD:62:FD:8D,,0.0,0.0,,,,,,,,8b6ce1f9-62a7-4d97-823b-839e8a8c7711,sub-007,ses-001,,,1789893217.9113376,,,server,,,,,,-13032.000064849854,outside_sample_tolerance,,,,,,,,,,,,1,,,,,,,,,,,,,,,,,,,,V3,B,,,1789893217.9113376,,,,,,,,,,,
eeg_recovery,1789893217.9113376,2332.324,572568,6,6,,2,G07,B,bbbd_subtraction,eeg_recovery,signal_recovered,13.032000064849854,0.0,0.0,,,,,,,等待实验员重新确认同步后恢复视频,8b6ce1f9-62a7-4d97-823b-839e8a8c7711,sub-007,ses-001,,,1789893217.9113376,,,server,,,572568,583081,28,0.0,host_receive_nearest,,,,,,,,,,,,1,,,,,,,,,,,,,,,,,,,,V3,B,,,1789893217.9113376,583081,,,,,,,,,,eeg_dropout
qc_status_change,1789893218.1293375,2332.58,572633,6,6,,2,G07,B,bbbd_subtraction,qc_status_change,waiting,,0.0,0.0,,,,,,,等待至少2秒EEG数据。,8b6ce1f9-62a7-4d97-823b-839e8a8c7711,sub-007,ses-001,,,1789893218.1293375,,,server,,,572632,583145,28,0.0,host_receive_nearest,,,,,,,,,,,,1,,,,,,,,,,,,,,,,,,,,V3,B,,,1789893218.1293375,583145,,,,,,,,,,
qc_status_change,1789893220.1453376,2334.54,573123,6,6,,2,G07,B,bbbd_subtraction,qc_status_change,good,,0.0,0.0,,,,,,,当前QC指标正常。,8b6ce1f9-62a7-4d97-823b-839e8a8c7711,sub-007,ses-001,,,1789893220.1453376,,,server,,,573122,583635,28,-47.00016975402832,host_receive_nearest,,,,,,,,,,,,1,,,,,,,,,,,,,,,,,,,,V3,B,,,1789893220.1453376,583635,,,,,,,,,,
eeg_recovery_confirmed,1789893221.7079875,2335.94,573473,6,6,,2,G07,B,bbbd_subtraction,eeg_recovery_confirmed,6.142,,0.0,0.0,,,,,,,"{""client_event_id"":""9a054210-294a-41fe-996a-4f68bcc19e1e"",""recorder_run_id"":""8b6ce1f9-62a7-4d97-823b-839e8a8c7711"",""client_id"":""b0a244a8-b5e2-4661-b241-de215ec01f7b"",""client_timestamp"":1789893221.7215,""client_monotonic_ms"":2861241.5999999642,""event_timestamp"":1789893221.7079875,""clock_offset_sec"":-0.013512372970581055,""clock_round_trip_ms"":1.4998912811279297,""subject_id"":""sub-007"",""session_id"":""ses-001"",""block_id"":""Block 6"",""counterbalance_group"":""G07"",""block_order"":""Block 6"",""condition"":""B"",""condition_type"":""bbbd_subtraction"",""topic_key"":""V3"",""topic_name"":""道德经主要讲的是什么"",""event_type"":""eeg_recovery_confirmed"",""iso_time"":""2026-09-20T08:33:41.721Z"",""relative_ms"":25184,""video_time_sec"":6.142,""pause_reason"":""eeg_dropout""}",8b6ce1f9-62a7-4d97-823b-839e8a8c7711,sub-007,ses-001,9a054210-294a-41fe-996a-4f68bcc19e1e,b0a244a8-b5e2-4661-b241-de215ec01f7b,1789893221.7233374,1789893221.7215,2861241.5999999642,browser_calibrated,-0.013512372970581055,1.4998912811279297,573472,583985,28,-0.6499290466308594,host_receive_nearest,verified,1,0,,,,,,,,,1,,,,,,,,,,,,,,,,,,,,V3,B,6.142,1789893221.7215,1789893221.7233374,583985,,,,,,,,,,
phase_change,1789893221.7124877,2335.94,573478,6,6,,2,G07,B,bbbd_subtraction,phase_change,video,,0.0,0.0,,,,,,,,8b6ce1f9-62a7-4d97-823b-839e8a8c7711,sub-007,ses-001,81aa1820-2032-4ea4-917f-4a16d0f217ec,b0a244a8-b5e2-4661-b241-de215ec01f7b,1789893221.7393374,1789893221.726,2861246.0999999642,browser_calibrated,-0.013512372970581055,1.4998912811279297,573472,583985,28,-5.150079727172852,host_receive_nearest,verified,1,1,,,,,,,,,1,,,,,,,,,,,,,,,,,,,,V3,B,6.142,1789893221.726,1789893221.7393374,583985,,,,,,,,,,
video_resume,1789893221.7124877,2335.94,573478,6,6,,2,G07,B,bbbd_subtraction,video_resume,6.142,,0.0,0.0,,,,,,,"{""client_event_id"":""81aa1820-2032-4ea4-917f-4a16d0f217ec"",""recorder_run_id"":""8b6ce1f9-62a7-4d97-823b-839e8a8c7711"",""client_id"":""b0a244a8-b5e2-4661-b241-de215ec01f7b"",""client_timestamp"":1789893221.726,""client_monotonic_ms"":2861246.0999999642,""event_timestamp"":1789893221.7124877,""clock_offset_sec"":-0.013512372970581055,""clock_round_trip_ms"":1.4998912811279297,""subject_id"":""sub-007"",""session_id"":""ses-001"",""block_id"":""Block 6"",""counterbalance_group"":""G07"",""block_order"":""Block 6"",""condition"":""B"",""condition_type"":""bbbd_subtraction"",""topic_key"":""V3"",""topic_name"":""道德经主要讲的是什么"",""event_type"":""video_resume"",""iso_time"":""2026-09-20T08:33:41.726Z"",""relative_ms"":25189,""video_time_sec"":6.142,""pause_reason"":""eeg_dropout""}",8b6ce1f9-62a7-4d97-823b-839e8a8c7711,sub-007,ses-001,81aa1820-2032-4ea4-917f-4a16d0f217ec,b0a244a8-b5e2-4661-b241-de215ec01f7b,1789893221.7393374,1789893221.726,2861246.0999999642,browser_calibrated,-0.013512372970581055,1.4998912811279297,573472,583985,28,-5.150079727172852,host_receive_nearest,verified,1,1,,,,,,,,,1,,,,,,,,,,,,,,,,,,,,V3,B,6.142,1789893221.726,1789893221.7393374,583985,,,,,,,,,,eeg_dropout
qc_status_change,1789893236.1763375,2349.54,576798,6,6,,2,G07,B,bbbd_subtraction,qc_status_change,warning,,0.0,0.0,,,,,,,丢包率 3.36% 偏高。,8b6ce1f9-62a7-4d97-823b-839e8a8c7711,sub-007,ses-001,,,1789893236.1763375,,,server,,,576797,587385,28,0.0,host_receive_nearest,,,,,,,,,,,,1,,,,,,,,,,,,,,,,,,,,V3,B,,,1789893236.1763375,587385,,,,,,,,,,
qc_status_change,1789893238.1923375,,577173,6,6,,2,G07,B,bbbd_subtraction,qc_status_change,bad,,0.0,0.0,,,,,,,丢包率 12.31% 过高，请检查蓝牙距离、供电和连接。,8b6ce1f9-62a7-4d97-823b-839e8a8c7711,sub-007,ses-001,,,1789893238.1923375,,,server,,,,,,-609.9998950958252,outside_sample_tolerance,,,,,,,,,,,,1,,,,,,,,,,,,,,,,,,,,V3,B,,,1789893238.1923375,,,,,,,,,,,
phase_change,1789893242.1418374,,577368,6,6,,2,G07,B,bbbd_subtraction,phase_change,paused,,0.0,0.0,,,,,,,,8b6ce1f9-62a7-4d97-823b-839e8a8c7711,sub-007,ses-001,f76bcc83-04e1-4c92-ba35-044083e17112,b0a244a8-b5e2-4661-b241-de215ec01f7b,1789893242.1453376,1789893242.1462,2881666.2999999523,browser_calibrated,-0.004362583160400391,1.399993896484375,,,,-2934.499740600586,outside_sample_tolerance,verified,1,1,,,,,,,,,1,,,,,,,,,,,,,,,,,,,,V3,B,26.762,1789893242.1462,1789893242.1453376,,,,,,,,,,,
video_pause,1789893242.1418374,,577368,6,6,,2,G07,B,bbbd_subtraction,video_pause,26.762,,0.0,0.0,,,,,,,"{""client_event_id"":""f76bcc83-04e1-4c92-ba35-044083e17112"",""recorder_run_id"":""8b6ce1f9-62a7-4d97-823b-839e8a8c7711"",""client_id"":""b0a244a8-b5e2-4661-b241-de215ec01f7b"",""client_timestamp"":1789893242.1462,""client_monotonic_ms"":2881666.2999999523,""event_timestamp"":1789893242.1418374,""clock_offset_sec"":-0.004362583160400391,""clock_round_trip_ms"":1.399993896484375,""subject_id"":""sub-007"",""session_id"":""ses-001"",""block_id"":""Block 6"",""counterbalance_group"":""G07"",""block_order"":""Block 6"",""condition"":""B"",""condition_type"":""bbbd_subtraction"",""topic_key"":""V3"",""topic_name"":""道德经主要讲的是什么"",""event_type"":""video_pause"",""iso_time"":""2026-09-20T08:34:02.146Z"",""relative_ms"":45609,""video_time_sec"":26.762,""pause_reason"":""eeg_dropout"",""reason"":""automatic_watchdog""}",8b6ce1f9-62a7-4d97-823b-839e8a8c7711,sub-007,ses-001,f76bcc83-04e1-4c92-ba35-044083e17112,b0a244a8-b5e2-4661-b241-de215ec01f7b,1789893242.1453376,1789893242.1462,2881666.2999999523,browser_calibrated,-0.004362583160400391,1.399993896484375,,,,-2934.499740600586,outside_sample_tolerance,verified,1,1,,,,,,,,,1,,,,,,,,,,,,,,,,,,,,V3,B,26.762,1789893242.1462,1789893242.1453376,,,,,,,,,,,eeg_dropout
eeg_dropout,1789893242.2073376,,577368,6,6,,2,G07,B,bbbd_subtraction,eeg_dropout,signal_lost,,0.0,0.0,,,,,,,absence_threshold_sec=2,8b6ce1f9-62a7-4d97-823b-839e8a8c7711,sub-007,ses-001,,,1789893242.2073376,,,server,,,,,,-3000.0,outside_sample_tolerance,,,,,,,,,,,,1,,,,,,,,,,,,,,,,,,,,V3,B,,,1789893242.2073376,,,,,,,,,,,eeg_dropout
eeg_recovery,1789893243.2073376,2353.144,577368,6,6,,2,G07,B,bbbd_subtraction,eeg_recovery,signal_recovered,4.0,0.0,0.0,,,,,,,等待实验员重新确认同步后恢复视频,8b6ce1f9-62a7-4d97-823b-839e8a8c7711,sub-007,ses-001,,,1789893243.2073376,,,server,,,577368,588286,29,0.0,host_receive_nearest,,,,,,,,,,,,1,,,,,,,,,,,,,,,,,,,,V3,B,,,1789893243.2073376,588286,,,,,,,,,,eeg_dropout
eeg_recovery_confirmed,1789893249.3896375,2360.748,579028,6,6,,2,G07,B,bbbd_subtraction,eeg_recovery_confirmed,26.762,,0.0,0.0,,,,,,,"{""client_event_id"":""26d2a05d-46fa-4cfb-92e6-d5cc622ee66b"",""recorder_run_id"":""8b6ce1f9-62a7-4d97-823b-839e8a8c7711"",""client_id"":""b0a244a8-b5e2-4661-b241-de215ec01f7b"",""client_timestamp"":1789893249.394,""client_monotonic_ms"":2888914.0999999642,""event_timestamp"":1789893249.3896375,""clock_offset_sec"":-0.004362583160400391,""clock_round_trip_ms"":1.399993896484375,""subject_id"":""sub-007"",""session_id"":""ses-001"",""block_id"":""Block 6"",""counterbalance_group"":""G07"",""block_order"":""Block 6"",""condition"":""B"",""condition_type"":""bbbd_subtraction"",""topic_key"":""V3"",""topic_name"":""道德经主要讲的是什么"",""event_type"":""eeg_recovery_confirmed"",""iso_time"":""2026-09-20T08:34:09.394Z"",""relative_ms"":52857,""video_time_sec"":26.762,""pause_reason"":""eeg_dropout""}",8b6ce1f9-62a7-4d97-823b-839e8a8c7711,sub-007,ses-001,26d2a05d-46fa-4cfb-92e6-d5cc622ee66b,b0a244a8-b5e2-4661-b241-de215ec01f7b,1789893249.3953376,1789893249.394,2888914.0999999642,browser_calibrated,-0.004362583160400391,1.399993896484375,579027,590187,29,-10.299921035766602,host_receive_nearest,verified,1,0,,,,,,,,,1,,,,,,,,,,,,,,,,,,,,V3,B,26.762,1789893249.394,1789893249.3953376,590187,,,,,,,,,,
phase_change,1789893249.3940372,2360.752,579038,6,6,,2,G07,B,bbbd_subtraction,phase_change,video,,0.0,0.0,,,,,,,,8b6ce1f9-62a7-4d97-823b-839e8a8c7711,sub-007,ses-001,7cd7e065-2f99-441d-a1e4-07ffbbeca442,b0a244a8-b5e2-4661-b241-de215ec01f7b,1789893249.4113376,1789893249.3983998,2888918.5,browser_calibrated,-0.004362583160400391,1.399993896484375,579028,590188,29,1.3003349304199219,host_receive_nearest,verified,1,1,,,,,,,,,1,,,,,,,,,,,,,,,,,,,,V3,B,26.762,1789893249.3983998,1789893249.4113376,590188,,,,,,,,,,
video_resume,1789893249.3940372,2360.752,579038,6,6,,2,G07,B,bbbd_subtraction,video_resume,26.762,,0.0,0.0,,,,,,,"{""client_event_id"":""7cd7e065-2f99-441d-a1e4-07ffbbeca442"",""recorder_run_id"":""8b6ce1f9-62a7-4d97-823b-839e8a8c7711"",""client_id"":""b0a244a8-b5e2-4661-b241-de215ec01f7b"",""client_timestamp"":1789893249.3983998,""client_monotonic_ms"":2888918.5,""event_timestamp"":1789893249.3940372,""clock_offset_sec"":-0.004362583160400391,""clock_round_trip_ms"":1.399993896484375,""subject_id"":""sub-007"",""session_id"":""ses-001"",""block_id"":""Block 6"",""counterbalance_group"":""G07"",""block_order"":""Block 6"",""condition"":""B"",""condition_type"":""bbbd_subtraction"",""topic_key"":""V3"",""topic_name"":""道德经主要讲的是什么"",""event_type"":""video_resume"",""iso_time"":""2026-09-20T08:34:09.398Z"",""relative_ms"":52861,""video_time_sec"":26.762,""pause_reason"":""eeg_dropout""}",8b6ce1f9-62a7-4d97-823b-839e8a8c7711,sub-007,ses-001,7cd7e065-2f99-441d-a1e4-07ffbbeca442,b0a244a8-b5e2-4661-b241-de215ec01f7b,1789893249.4113376,1789893249.3983998,2888918.5,browser_calibrated,-0.004362583160400391,1.399993896484375,579028,590188,29,1.3003349304199219,host_receive_nearest,verified,1,1,,,,,,,,,1,,,,,,,,,,,,,,,,,,,,V3,B,26.762,1789893249.3983998,1789893249.4113376,590188,,,,,,,,,,eeg_dropout
qc_status_change,1789893254.1923375,2365.528,580223,6,6,,2,G07,B,bbbd_subtraction,qc_status_change,good,,0.0,0.0,,,,,,,当前QC指标正常。,8b6ce1f9-62a7-4d97-823b-839e8a8c7711,sub-007,ses-001,,,1789893254.1923375,,,server,,,580222,591382,29,-16.000032424926758,host_receive_nearest,,,,,,,,,,,,1,,,,,,,,,,,,,,,,,,,,V3,B,,,1789893254.1923375,591382,,,,,,,,,,
probe_onset,1789893320.4796376,2431.864,596807,6,6,,2,G07,B,bbbd_subtraction,probe_onset,Block 6_1_910f4535,,0.0,0.0,,,,,,,"{""client_event_id"":""0bcb50c2-224e-4fd1-8352-8859fef7dc0d"",""recorder_run_id"":""8b6ce1f9-62a7-4d97-823b-839e8a8c7711"",""client_id"":""b0a244a8-b5e2-4661-b241-de215ec01f7b"",""client_timestamp"":1789893320.4867,""client_monotonic_ms"":2960006.7999999523,""event_timestamp"":1789893320.4796376,""clock_offset_sec"":-0.007062435150146484,""clock_round_trip_ms"":1.399993896484375,""subject_id"":""sub-007"",""session_id"":""ses-001"",""block_id"":""Block 6"",""counterbalance_group"":""G07"",""block_order"":""Block 6"",""condition"":""B"",""condition_type"":""bbbd_subtraction"",""topic_key"":""V3"",""topic_name"":""道德经主要讲的是什么"",""event_type"":""probe_onset"",""iso_time"":""2026-09-20T08:35:20.486Z"",""relative_ms"":123949,""video_time_sec"":97.839,""probe_id"":""Block 6_1_910f4535"",""probe_index"":1,""probe_schedule_id"":""910f4535-4150-4697-8fe0-9df7b1af574b"",""probe_planned_time_sec"":97.655,""video_id"":""V3"",""pause_reason"":""thought_probe"",""forced"":false}",8b6ce1f9-62a7-4d97-823b-839e8a8c7711,sub-007,ses-001,0bcb50c2-224e-4fd1-8352-8859fef7dc0d,b0a244a8-b5e2-4661-b241-de215ec01f7b,1789893320.4893374,1789893320.4867,2960006.7999999523,browser_calibrated,-0.007062435150146484,1.399993896484375,596806,607966,29,-6.300210952758789,host_receive_nearest,verified,1,1,,,,,,,,,1,,,,,,,,,,,,,,,,,,,,V3,B,97.839,1789893320.4867,1789893320.4893374,607966,Block 6_1_910f4535,1,910f4535-4150-4697-8fe0-9df7b1af574b,97.655,,,,,,thought_probe
attention_response,1789893323.4798374,,597472,6,6,,2,G07,B,bbbd_subtraction,attention_response,2,,0.0,0.0,,,,,,,"{""client_event_id"":""78f4125a-368d-44f7-8c45-87b40f9467fb"",""recorder_run_id"":""8b6ce1f9-62a7-4d97-823b-839e8a8c7711"",""client_id"":""b0a244a8-b5e2-4661-b241-de215ec01f7b"",""client_timestamp"":1789893323.4868999,""client_monotonic_ms"":2963007,""event_timestamp"":1789893323.4798374,""clock_offset_sec"":-0.007062435150146484,""clock_round_trip_ms"":1.399993896484375,""subject_id"":""sub-007"",""session_id"":""ses-001"",""block_id"":""Block 6"",""counterbalance_group"":""G07"",""block_order"":""Block 6"",""condition"":""B"",""condition_type"":""bbbd_subtraction"",""topic_key"":""V3"",""topic_name"":""道德经主要讲的是什么"",""event_type"":""attention_response"",""iso_time"":""2026-09-20T08:35:23.486Z"",""relative_ms"":126949,""video_time_sec"":97.839,""probe_id"":""Block 6_1_910f4535"",""probe_index"":1,""probe_schedule_id"":""910f4535-4150-4697-8fe0-9df7b1af574b"",""probe_planned_time_sec"":97.655,""video_id"":""V3"",""response"":2,""response_label"":""连续减7心算任务"",""probe_attention"":""OFF"",""response_time_ms"":3000}",8b6ce1f9-62a7-4d97-823b-839e8a8c7711,sub-007,ses-001,78f4125a-368d-44f7-8c45-87b40f9467fb,b0a244a8-b5e2-4661-b241-de215ec01f7b,1789893323.4893374,1789893323.4868999,2963007,browser_calibrated,-0.007062435150146484,1.399993896484375,,,,-318.4998035430908,outside_sample_tolerance,verified,1,1,,,,,,,,,1,,,,,,,,,,,,,,,,,,,,V3,B,97.839,1789893323.4868999,1789893323.4893374,,Block 6_1_910f4535,1,910f4535-4150-4697-8fe0-9df7b1af574b,97.655,2,连续减7心算任务,3000,,OFF,
confidence_response,1789893324.9948375,2436.344,597852,6,6,,2,G07,B,bbbd_subtraction,confidence_response,3,,0.0,0.0,,,,,,,"{""client_event_id"":""d258a16c-ff6f-4c56-b7bb-3ec20fae2b0d"",""recorder_run_id"":""8b6ce1f9-62a7-4d97-823b-839e8a8c7711"",""client_id"":""b0a244a8-b5e2-4661-b241-de215ec01f7b"",""client_timestamp"":1789893325.0019,""client_monotonic_ms"":2964522,""event_timestamp"":1789893324.9948375,""clock_offset_sec"":-0.007062435150146484,""clock_round_trip_ms"":1.399993896484375,""subject_id"":""sub-007"",""session_id"":""ses-001"",""block_id"":""Block 6"",""counterbalance_group"":""G07"",""block_order"":""Block 6"",""condition"":""B"",""condition_type"":""bbbd_subtraction"",""topic_key"":""V3"",""topic_name"":""道德经主要讲的是什么"",""event_type"":""confidence_response"",""iso_time"":""2026-09-20T08:35:25.001Z"",""relative_ms"":128464,""video_time_sec"":97.839,""probe_id"":""Block 6_1_910f4535"",""probe_index"":1,""probe_schedule_id"":""910f4535-4150-4697-8fe0-9df7b1af574b"",""probe_planned_time_sec"":97.655,""video_id"":""V3"",""response"":2,""confidence"":3,""response_time_ms"":1515}",8b6ce1f9-62a7-4d97-823b-839e8a8c7711,sub-007,ses-001,d258a16c-ff6f-4c56-b7bb-3ec20fae2b0d,b0a244a8-b5e2-4661-b241-de215ec01f7b,1789893325.0043375,1789893325.0019,2964522,browser_calibrated,-0.007062435150146484,1.399993896484375,597851,609086,29,-37.49990463256836,host_receive_nearest,verified,1,1,,,,,,,,,1,,,,,,,,,,,,,,,,,,,,V3,B,97.839,1789893325.0019,1789893325.0043375,609086,Block 6_1_910f4535,1,910f4535-4150-4697-8fe0-9df7b1af574b,97.655,,,1515,3,,
phase_change,1789893325.0002375,2436.348,597862,6,6,,2,G07,B,bbbd_subtraction,phase_change,video,,0.0,0.0,,,,,,,,8b6ce1f9-62a7-4d97-823b-839e8a8c7711,sub-007,ses-001,6ff3e31d-5d68-4e0a-989b-b42b2b0ad825,b0a244a8-b5e2-4661-b241-de215ec01f7b,1789893325.0203376,1789893325.0073,2964527.399999976,browser_calibrated,-0.007062435150146484,1.399993896484375,597852,609087,29,4.10008430480957,host_receive_nearest,verified,1,1,,,,,,,,,1,,,,,,,,,,,,,,,,,,,,V3,B,97.895,1789893325.0073,1789893325.0203376,609087,,,,,,,,,,
video_resume,1789893325.0002375,2436.348,597862,6,6,,2,G07,B,bbbd_subtraction,video_resume,97.895,,0.0,0.0,,,,,,,"{""client_event_id"":""6ff3e31d-5d68-4e0a-989b-b42b2b0ad825"",""recorder_run_id"":""8b6ce1f9-62a7-4d97-823b-839e8a8c7711"",""client_id"":""b0a244a8-b5e2-4661-b241-de215ec01f7b"",""client_timestamp"":1789893325.0073,""client_monotonic_ms"":2964527.399999976,""event_timestamp"":1789893325.0002375,""clock_offset_sec"":-0.007062435150146484,""clock_round_trip_ms"":1.399993896484375,""subject_id"":""sub-007"",""session_id"":""ses-001"",""block_id"":""Block 6"",""counterbalance_group"":""G07"",""block_order"":""Block 6"",""condition"":""B"",""condition_type"":""bbbd_subtraction"",""topic_key"":""V3"",""topic_name"":""道德经主要讲的是什么"",""event_type"":""video_resume"",""iso_time"":""2026-09-20T08:35:25.007Z"",""relative_ms"":128470,""video_time_sec"":97.895,""probe_id"":""Block 6_1_910f4535"",""probe_index"":1,""probe_schedule_id"":""910f4535-4150-4697-8fe0-9df7b1af574b"",""probe_planned_time_sec"":97.655,""video_id"":""V3"",""pause_reason"":""thought_probe"",""resume_status"":""playing""}",8b6ce1f9-62a7-4d97-823b-839e8a8c7711,sub-007,ses-001,6ff3e31d-5d68-4e0a-989b-b42b2b0ad825,b0a244a8-b5e2-4661-b241-de215ec01f7b,1789893325.0203376,1789893325.0073,2964527.399999976,browser_calibrated,-0.007062435150146484,1.399993896484375,597852,609087,29,4.10008430480957,host_receive_nearest,verified,1,1,,,,,,,,,1,,,,,,,,,,,,,,,,,,,,V3,B,97.895,1789893325.0073,1789893325.0203376,609087,Block 6_1_910f4535,,,,,,,,,thought_probe
qc_status_change,1789893326.3483374,,597942,6,6,,2,G07,B,bbbd_subtraction,qc_status_change,warning,,0.0,0.0,,,,,,,丢包率 3.33% 偏高。,8b6ce1f9-62a7-4d97-823b-839e8a8c7711,sub-007,ses-001,,,1789893326.3483374,,,server,,,,,,-718.9998626708984,outside_sample_tolerance,,,,,,,,,,,,1,,,,,,,,,,,,,,,,,,,,V3,B,,,1789893326.3483374,,,,,,,,,,,
eeg_dropout,1789893328.3483374,,597942,6,6,,2,G07,B,bbbd_subtraction,eeg_dropout,signal_lost,,0.0,0.0,,,,,,,absence_threshold_sec=2,8b6ce1f9-62a7-4d97-823b-839e8a8c7711,sub-007,ses-001,,,1789893328.3483374,,,server,,,,,,-2718.9998626708984,outside_sample_tolerance,,,,,,,,,,,,1,,,,,,,,,,,,,,,,,,,,V3,B,,,1789893328.3483374,,,,,,,,,,,eeg_dropout
qc_status_change,1789893328.3483374,,597942,6,6,,2,G07,B,bbbd_subtraction,qc_status_change,bad,,0.0,0.0,,,,,,,已连续 2.7 秒没有EEG，请立即重新连接耳机。,8b6ce1f9-62a7-4d97-823b-839e8a8c7711,sub-007,ses-001,,,1789893328.3483374,,,server,,,,,,-2718.9998626708984,outside_sample_tolerance,,,,,,,,,,,,1,,,,,,,,,,,,,,,,,,,,V3,B,,,1789893328.3483374,,,,,,,,,,,
phase_change,1789893328.6148872,,597942,6,6,,2,G07,B,bbbd_subtraction,phase_change,paused,,0.0,0.0,,,,,,,,8b6ce1f9-62a7-4d97-823b-839e8a8c7711,sub-007,ses-001,bfaf40b8-f5a4-46bf-b0da-a73c9f63dca4,b0a244a8-b5e2-4661-b241-de215ec01f7b,1789893328.6143374,1789893328.6181,2968138.199999988,browser_calibrated,-0.0032126903533935547,1.3000965118408203,,,,-2985.5496883392334,outside_sample_tolerance,verified,1,1,,,,,,,,,1,,,,,,,,,,,,,,,,,,,,V3,B,101.464,1789893328.6181,1789893328.6143374,,,,,,,,,,,
video_pause,1789893328.6148872,,597942,6,6,,2,G07,B,bbbd_subtraction,video_pause,101.464,,0.0,0.0,,,,,,,"{""client_event_id"":""bfaf40b8-f5a4-46bf-b0da-a73c9f63dca4"",""recorder_run_id"":""8b6ce1f9-62a7-4d97-823b-839e8a8c7711"",""client_id"":""b0a244a8-b5e2-4661-b241-de215ec01f7b"",""client_timestamp"":1789893328.6181,""client_monotonic_ms"":2968138.199999988,""event_timestamp"":1789893328.6148872,""clock_offset_sec"":-0.0032126903533935547,""clock_round_trip_ms"":1.3000965118408203,""subject_id"":""sub-007"",""session_id"":""ses-001"",""block_id"":""Block 6"",""counterbalance_group"":""G07"",""block_order"":""Block 6"",""condition"":""B"",""condition_type"":""bbbd_subtraction"",""topic_key"":""V3"",""topic_name"":""道德经主要讲的是什么"",""event_type"":""video_pause"",""iso_time"":""2026-09-20T08:35:28.618Z"",""relative_ms"":132081,""video_time_sec"":101.464,""pause_reason"":""eeg_dropout"",""reason"":""automatic_watchdog""}",8b6ce1f9-62a7-4d97-823b-839e8a8c7711,sub-007,ses-001,bfaf40b8-f5a4-46bf-b0da-a73c9f63dca4,b0a244a8-b5e2-4661-b241-de215ec01f7b,1789893328.6143374,1789893328.6181,2968138.199999988,browser_calibrated,-0.0032126903533935547,1.3000965118408203,,,,-2985.5496883392334,outside_sample_tolerance,verified,1,1,,,,,,,,,1,,,,,,,,,,,,,,,,,,,,V3,B,101.464,1789893328.6181,1789893328.6143374,,,,,,,,,,,eeg_dropout
device_disconnected,1789893329.8173375,,597942,6,6,,2,G07,B,bbbd_subtraction,device_disconnected,,,0,0,,,,,,,,8b6ce1f9-62a7-4d97-823b-839e8a8c7711,sub-007,ses-001,,,1789893329.8173375,,,server,,,,,,-4187.999963760376,outside_sample_tolerance,,,,,,,,,,,,1,,,,,,,,,,,,,,,,,,,,V3,B,,,1789893329.8173375,,,,,,,,,,,
device_error,1789893338.5513375,,597942,6,6,,2,G07,B,bbbd_subtraction,device_error,[WinError -2147023673] 操作已被用户取消。,,0.0,0.0,,,,,,,,8b6ce1f9-62a7-4d97-823b-839e8a8c7711,sub-007,ses-001,,,1789893338.5513375,,,server,,,,,,-12921.99993133545,outside_sample_tolerance,,,,,,,,,,,,1,,,,,,,,,,,,,,,,,,,,V3,B,,,1789893338.5513375,,,,,,,,,,,
device_disconnected,1789893338.5513375,,597942,6,6,,2,G07,B,bbbd_subtraction,device_disconnected,,,0,0,,,,,,,,8b6ce1f9-62a7-4d97-823b-839e8a8c7711,sub-007,ses-001,,,1789893338.5513375,,,server,,,,,,-12921.99993133545,outside_sample_tolerance,,,,,,,,,,,,1,,,,,,,,,,,,,,,,,,,,V3,B,,,1789893338.5513375,,,,,,,,,,,
device_error,1789893349.1293375,,597942,6,6,,2,G07,B,bbbd_subtraction,device_error,[WinError -2147023673] 操作已被用户取消。,,0.0,0.0,,,,,,,,8b6ce1f9-62a7-4d97-823b-839e8a8c7711,sub-007,ses-001,,,1789893349.1293375,,,server,,,,,,-23500.0,outside_sample_tolerance,,,,,,,,,,,,1,,,,,,,,,,,,,,,,,,,,V3,B,,,1789893349.1293375,,,,,,,,,,,
device_disconnected,1789893349.1293375,,597942,6,6,,2,G07,B,bbbd_subtraction,device_disconnected,,,0,0,,,,,,,,8b6ce1f9-62a7-4d97-823b-839e8a8c7711,sub-007,ses-001,,,1789893349.1293375,,,server,,,,,,-23500.0,outside_sample_tolerance,,,,,,,,,,,,1,,,,,,,,,,,,,,,,,,,,V3,B,,,1789893349.1293375,,,,,,,,,,,
device_error,1789893362.6613376,,597942,6,6,,2,G07,B,bbbd_subtraction,device_error,[WinError -2147023673] 操作已被用户取消。,,0.0,0.0,,,,,,,,8b6ce1f9-62a7-4d97-823b-839e8a8c7711,sub-007,ses-001,,,1789893362.6613376,,,server,,,,,,-37032.00006484985,outside_sample_tolerance,,,,,,,,,,,,1,,,,,,,,,,,,,,,,,,,,V3,B,,,1789893362.6613376,,,,,,,,,,,
device_disconnected,1789893362.6613376,,597942,6,6,,2,G07,B,bbbd_subtraction,device_disconnected,,,0,0,,,,,,,,8b6ce1f9-62a7-4d97-823b-839e8a8c7711,sub-007,ses-001,,,1789893362.6613376,,,server,,,,,,-37032.00006484985,outside_sample_tolerance,,,,,,,,,,,,1,,,,,,,,,,,,,,,,,,,,V3,B,,,1789893362.6613376,,,,,,,,,,,
device_error,1789893369.9113376,,597942,6,6,,2,G07,B,bbbd_subtraction,device_error,[WinError -2147023673] 操作已被用户取消。,,0.0,0.0,,,,,,,,8b6ce1f9-62a7-4d97-823b-839e8a8c7711,sub-007,ses-001,,,1789893369.9113376,,,server,,,,,,-44282.00006484985,outside_sample_tolerance,,,,,,,,,,,,1,,,,,,,,,,,,,,,,,,,,V3,B,,,1789893369.9113376,,,,,,,,,,,
device_disconnected,1789893369.9113376,,597942,6,6,,2,G07,B,bbbd_subtraction,device_disconnected,,,0,0,,,,,,,,8b6ce1f9-62a7-4d97-823b-839e8a8c7711,sub-007,ses-001,,,1789893369.9113376,,,server,,,,,,-44282.00006484985,outside_sample_tolerance,,,,,,,,,,,,1,,,,,,,,,,,,,,,,,,,,V3,B,,,1789893369.9113376,,,,,,,,,,,
device_connected,1789893385.8173375,,597942,6,6,,2,G07,B,bbbd_subtraction,device_connected,74:4D:BD:62:FD:8D,,0.0,0.0,,,,,,,,8b6ce1f9-62a7-4d97-823b-839e8a8c7711,sub-007,ses-001,,,1789893385.8173375,,,server,,,,,,-60187.999963760376,outside_sample_tolerance,,,,,,,,,,,,1,,,,,,,,,,,,,,,,,,,,V3,B,,,1789893385.8173375,,,,,,,,,,,
eeg_recovery,1789893385.8323376,2436.708,597942,6,6,,2,G07,B,bbbd_subtraction,eeg_recovery,signal_recovered,60.20300006866455,0.0,0.0,,,,,,,等待实验员重新确认同步后恢复视频,8b6ce1f9-62a7-4d97-823b-839e8a8c7711,sub-007,ses-001,,,1789893385.8323376,,,server,,,597942,609177,30,0.0,host_receive_nearest,,,,,,,,,,,,1,,,,,,,,,,,,,,,,,,,,V3,B,,,1789893385.8323376,609177,,,,,,,,,,eeg_dropout
qc_status_change,1789893386.6763375,2437.544,598152,6,6,,2,G07,B,bbbd_subtraction,qc_status_change,waiting,,0.0,0.0,,,,,,,等待至少2秒EEG数据。,8b6ce1f9-62a7-4d97-823b-839e8a8c7711,sub-007,ses-001,,,1789893386.6763375,,,server,,,598151,609386,30,-46.99993133544922,host_receive_nearest,,,,,,,,,,,,1,,,,,,,,,,,,,,,,,,,,V3,B,,,1789893386.6763375,609386,,,,,,,,,,
qc_status_change,1789893388.6763375,2439.544,598652,6,6,,2,G07,B,bbbd_subtraction,qc_status_change,good,,0.0,0.0,,,,,,,当前QC指标正常。,8b6ce1f9-62a7-4d97-823b-839e8a8c7711,sub-007,ses-001,,,1789893388.6763375,,,server,,,598651,609886,30,0.0,host_receive_nearest,,,,,,,,,,,,1,,,,,,,,,,,,,,,,,,,,V3,B,,,1789893388.6763375,609886,,,,,,,,,,
eeg_recovery_confirmed,1789893390.1063876,2440.984,599012,6,6,,2,G07,B,bbbd_subtraction,eeg_recovery_confirmed,101.464,,0.0,0.0,,,,,,,"{""client_event_id"":""3a69e553-a3ff-4d62-9919-7cf7959d1b69"",""recorder_run_id"":""8b6ce1f9-62a7-4d97-823b-839e8a8c7711"",""client_id"":""b0a244a8-b5e2-4661-b241-de215ec01f7b"",""client_timestamp"":1789893390.1129,""client_monotonic_ms"":3029633.0999999642,""event_timestamp"":1789893390.1063876,""clock_offset_sec"":-0.00651240348815918,""clock_round_trip_ms"":1.4998912811279297,""subject_id"":""sub-007"",""session_id"":""ses-001"",""block_id"":""Block 6"",""counterbalance_group"":""G07"",""block_order"":""Block 6"",""condition"":""B"",""condition_type"":""bbbd_subtraction"",""topic_key"":""V3"",""topic_name"":""道德经主要讲的是什么"",""event_type"":""eeg_recovery_confirmed"",""iso_time"":""2026-09-20T08:36:30.112Z"",""relative_ms"":193576,""video_time_sec"":101.464,""pause_reason"":""eeg_dropout""}",8b6ce1f9-62a7-4d97-823b-839e8a8c7711,sub-007,ses-001,3a69e553-a3ff-4d62-9919-7cf7959d1b69,b0a244a8-b5e2-4661-b241-de215ec01f7b,1789893390.1143374,1789893390.1129,3029633.0999999642,browser_calibrated,-0.00651240348815918,1.4998912811279297,599011,610246,30,-8.050203323364258,host_receive_nearest,verified,1,0,,,,,,,,,1,,,,,,,,,,,,,,,,,,,,V3,B,101.464,1789893390.1129,1789893390.1143374,610246,,,,,,,,,,
phase_change,1789893390.1121876,2440.988,599017,6,6,,2,G07,B,bbbd_subtraction,phase_change,video,,0.0,0.0,,,,,,,,8b6ce1f9-62a7-4d97-823b-839e8a8c7711,sub-007,ses-001,60ce87c7-00f2-41a1-b5eb-aaae8c0eca87,b0a244a8-b5e2-4661-b241-de215ec01f7b,1789893390.1293375,1789893390.1187,3029638.899999976,browser_calibrated,-0.00651240348815918,1.4998912811279297,599012,610247,30,2.149820327758789,host_receive_nearest,verified,1,1,,,,,,,,,1,,,,,,,,,,,,,,,,,,,,V3,B,101.464,1789893390.1187,1789893390.1293375,610247,,,,,,,,,,
video_resume,1789893390.1121876,2440.988,599017,6,6,,2,G07,B,bbbd_subtraction,video_resume,101.464,,0.0,0.0,,,,,,,"{""client_event_id"":""60ce87c7-00f2-41a1-b5eb-aaae8c0eca87"",""recorder_run_id"":""8b6ce1f9-62a7-4d97-823b-839e8a8c7711"",""client_id"":""b0a244a8-b5e2-4661-b241-de215ec01f7b"",""client_timestamp"":1789893390.1187,""client_monotonic_ms"":3029638.899999976,""event_timestamp"":1789893390.1121876,""clock_offset_sec"":-0.00651240348815918,""clock_round_trip_ms"":1.4998912811279297,""subject_id"":""sub-007"",""session_id"":""ses-001"",""block_id"":""Block 6"",""counterbalance_group"":""G07"",""block_order"":""Block 6"",""condition"":""B"",""condition_type"":""bbbd_subtraction"",""topic_key"":""V3"",""topic_name"":""道德经主要讲的是什么"",""event_type"":""video_resume"",""iso_time"":""2026-09-20T08:36:30.118Z"",""relative_ms"":193581,""video_time_sec"":101.464,""pause_reason"":""eeg_dropout""}",8b6ce1f9-62a7-4d97-823b-839e8a8c7711,sub-007,ses-001,60ce87c7-00f2-41a1-b5eb-aaae8c0eca87,b0a244a8-b5e2-4661-b241-de215ec01f7b,1789893390.1293375,1789893390.1187,3029638.899999976,browser_calibrated,-0.00651240348815918,1.4998912811279297,599012,610247,30,2.149820327758789,host_receive_nearest,verified,1,1,,,,,,,,,1,,,,,,,,,,,,,,,,,,,,V3,B,101.464,1789893390.1187,1789893390.1293375,610247,,,,,,,,,,eeg_dropout
qc_status_change,1789893422.6923375,2472.564,606627,6,6,,2,G07,B,bbbd_subtraction,qc_status_change,bad,,0.0,0.0,,,,,,,丢包率 12.39% 过高，请检查蓝牙距离、供电和连接。,8b6ce1f9-62a7-4d97-823b-839e8a8c7711,sub-007,ses-001,,,1789893422.6923375,,,server,,,606626,618141,30,-62.99996376037598,host_receive_nearest,,,,,,,,,,,,1,,,,,,,,,,,,,,,,,,,,V3,B,,,1789893422.6923375,618141,,,,,,,,,,
probe_onset,1789893441.9918375,,607647,6,6,,2,G07,B,bbbd_subtraction,probe_onset,Block 6_2_910f4535,,0.0,0.0,,,,,,,"{""client_event_id"":""ee5e06cf-dd8a-4d39-8c6a-76809300a845"",""recorder_run_id"":""8b6ce1f9-62a7-4d97-823b-839e8a8c7711"",""client_id"":""b0a244a8-b5e2-4661-b241-de215ec01f7b"",""client_timestamp"":1789893441.9959,""client_monotonic_ms"":3081516,""event_timestamp"":1789893441.9918375,""clock_offset_sec"":-0.0040624141693115234,""clock_round_trip_ms"":1.399993896484375,""subject_id"":""sub-007"",""session_id"":""ses-001"",""block_id"":""Block 6"",""counterbalance_group"":""G07"",""block_order"":""Block 6"",""condition"":""B"",""condition_type"":""bbbd_subtraction"",""topic_key"":""V3"",""topic_name"":""道德经主要讲的是什么"",""event_type"":""probe_onset"",""iso_time"":""2026-09-20T08:37:21.995Z"",""relative_ms"":245458,""video_time_sec"":153.02,""probe_id"":""Block 6_2_910f4535"",""probe_index"":2,""probe_schedule_id"":""910f4535-4150-4697-8fe0-9df7b1af574b"",""probe_planned_time_sec"":153.007,""video_id"":""V3"",""pause_reason"":""thought_probe"",""forced"":false}",8b6ce1f9-62a7-4d97-823b-839e8a8c7711,sub-007,ses-001,ee5e06cf-dd8a-4d39-8c6a-76809300a845,b0a244a8-b5e2-4661-b241-de215ec01f7b,1789893441.9893374,1789893441.9959,3081516,browser_calibrated,-0.0040624141693115234,1.399993896484375,,,,-455.49988746643066,outside_sample_tolerance,verified,1,1,,,,,,,,,1,,,,,,,,,,,,,,,,,,,,V3,B,153.02,1789893441.9959,1789893441.9893374,,Block 6_2_910f4535,2,910f4535-4150-4697-8fe0-9df7b1af574b,153.007,,,,,,thought_probe
attention_response,1789893445.4277377,2484.58,608242,6,6,,2,G07,B,bbbd_subtraction,attention_response,2,,0.0,0.0,,,,,,,"{""client_event_id"":""9d42cff9-27b8-4b9a-bf65-e5b664510e0c"",""recorder_run_id"":""8b6ce1f9-62a7-4d97-823b-839e8a8c7711"",""client_id"":""b0a244a8-b5e2-4661-b241-de215ec01f7b"",""client_timestamp"":1789893445.4348,""client_monotonic_ms"":3084954.899999976,""event_timestamp"":1789893445.4277377,""clock_offset_sec"":-0.007062196731567383,""clock_round_trip_ms"":1.3997554779052734,""subject_id"":""sub-007"",""session_id"":""ses-001"",""block_id"":""Block 6"",""counterbalance_group"":""G07"",""block_order"":""Block 6"",""condition"":""B"",""condition_type"":""bbbd_subtraction"",""topic_key"":""V3"",""topic_name"":""道德经主要讲的是什么"",""event_type"":""attention_response"",""iso_time"":""2026-09-20T08:37:25.434Z"",""relative_ms"":248897,""video_time_sec"":153.02,""probe_id"":""Block 6_2_910f4535"",""probe_index"":2,""probe_schedule_id"":""910f4535-4150-4697-8fe0-9df7b1af574b"",""probe_planned_time_sec"":153.007,""video_id"":""V3"",""response"":2,""response_label"":""连续减7心算任务"",""probe_attention"":""OFF"",""response_time_ms"":3439}",8b6ce1f9-62a7-4d97-823b-839e8a8c7711,sub-007,ses-001,9d42cff9-27b8-4b9a-bf65-e5b664510e0c,b0a244a8-b5e2-4661-b241-de215ec01f7b,1789893445.4263375,1789893445.4348,3084954.899999976,browser_calibrated,-0.007062196731567383,1.3997554779052734,608241,621145,31,-1.4002323150634766,host_receive_nearest,verified,1,1,,,,,,,,,1,,,,,,,,,,,,,,,,,,,,V3,B,153.02,1789893445.4348,1789893445.4423375,621145,Block 6_2_910f4535,2,910f4535-4150-4697-8fe0-9df7b1af574b,153.007,2,连续减7心算任务,3439,,OFF,
confidence_response,1789893446.7670376,2486.224,608627,6,6,,2,G07,B,bbbd_subtraction,confidence_response,3,,0.0,0.0,,,,,,,"{""client_event_id"":""70cde189-da05-4da8-8f66-09e63b23d6aa"",""recorder_run_id"":""8b6ce1f9-62a7-4d97-823b-839e8a8c7711"",""client_id"":""b0a244a8-b5e2-4661-b241-de215ec01f7b"",""client_timestamp"":1789893446.7740998,""client_monotonic_ms"":3086294.199999988,""event_timestamp"":1789893446.7670376,""clock_offset_sec"":-0.007062196731567383,""clock_round_trip_ms"":1.3997554779052734,""subject_id"":""sub-007"",""session_id"":""ses-001"",""block_id"":""Block 6"",""counterbalance_group"":""G07"",""block_order"":""Block 6"",""condition"":""B"",""condition_type"":""bbbd_subtraction"",""topic_key"":""V3"",""topic_name"":""道德经主要讲的是什么"",""event_type"":""confidence_response"",""iso_time"":""2026-09-20T08:37:26.774Z"",""relative_ms"":250237,""video_time_sec"":153.02,""probe_id"":""Block 6_2_910f4535"",""probe_index"":2,""probe_schedule_id"":""910f4535-4150-4697-8fe0-9df7b1af574b"",""probe_planned_time_sec"":153.007,""video_id"":""V3"",""response"":2,""confidence"":3,""response_time_ms"":1339}",8b6ce1f9-62a7-4d97-823b-839e8a8c7711,sub-007,ses-001,70cde189-da05-4da8-8f66-09e63b23d6aa,b0a244a8-b5e2-4661-b241-de215ec01f7b,1789893446.7703376,1789893446.7740998,3086294.199999988,browser_calibrated,-0.007062196731567383,1.3997554779052734,608622,621556,31,3.2999515533447266,host_receive_nearest,verified,1,1,,,,,,,,,1,,,,,,,,,,,,,,,,,,,,V3,B,153.02,1789893446.7740998,1789893446.7863376,621556,Block 6_2_910f4535,2,910f4535-4150-4697-8fe0-9df7b1af574b,153.007,,,1339,3,,
phase_change,1789893446.7719378,2486.24,608627,6,6,,2,G07,B,bbbd_subtraction,phase_change,video,,0.0,0.0,,,,,,,,8b6ce1f9-62a7-4d97-823b-839e8a8c7711,sub-007,ses-001,fc2c65d5-8866-4ce1-8cbe-d85dffddfb37,b0a244a8-b5e2-4661-b241-de215ec01f7b,1789893446.7863376,1789893446.779,3086299.0999999642,browser_calibrated,-0.007062196731567383,1.3997554779052734,608626,621560,31,-1.6002655029296875,host_receive_nearest,verified,1,1,,,,,,,,,1,,,,,,,,,,,,,,,,,,,,V3,B,153.267,1789893446.779,1789893446.7863376,621560,,,,,,,,,,
video_resume,1789893446.7719378,2486.24,608627,6,6,,2,G07,B,bbbd_subtraction,video_resume,153.267,,0.0,0.0,,,,,,,"{""client_event_id"":""fc2c65d5-8866-4ce1-8cbe-d85dffddfb37"",""recorder_run_id"":""8b6ce1f9-62a7-4d97-823b-839e8a8c7711"",""client_id"":""b0a244a8-b5e2-4661-b241-de215ec01f7b"",""client_timestamp"":1789893446.779,""client_monotonic_ms"":3086299.0999999642,""event_timestamp"":1789893446.7719378,""clock_offset_sec"":-0.007062196731567383,""clock_round_trip_ms"":1.3997554779052734,""subject_id"":""sub-007"",""session_id"":""ses-001"",""block_id"":""Block 6"",""counterbalance_group"":""G07"",""block_order"":""Block 6"",""condition"":""B"",""condition_type"":""bbbd_subtraction"",""topic_key"":""V3"",""topic_name"":""道德经主要讲的是什么"",""event_type"":""video_resume"",""iso_time"":""2026-09-20T08:37:26.779Z"",""relative_ms"":250242,""video_time_sec"":153.267,""probe_id"":""Block 6_2_910f4535"",""probe_index"":2,""probe_schedule_id"":""910f4535-4150-4697-8fe0-9df7b1af574b"",""probe_planned_time_sec"":153.007,""video_id"":""V3"",""pause_reason"":""thought_probe"",""resume_status"":""playing""}",8b6ce1f9-62a7-4d97-823b-839e8a8c7711,sub-007,ses-001,fc2c65d5-8866-4ce1-8cbe-d85dffddfb37,b0a244a8-b5e2-4661-b241-de215ec01f7b,1789893446.7863376,1789893446.779,3086299.0999999642,browser_calibrated,-0.007062196731567383,1.3997554779052734,608626,621560,31,-1.6002655029296875,host_receive_nearest,verified,1,1,,,,,,,,,1,,,,,,,,,,,,,,,,,,,,V3,B,153.267,1789893446.779,1789893446.7863376,621560,Block 6_2_910f4535,,,,,,,,,thought_probe
eeg_dropout,1789893450.8793375,,609052,6,6,,2,G07,B,bbbd_subtraction,eeg_dropout,signal_lost,,0.0,0.0,,,,,,,absence_threshold_sec=2,8b6ce1f9-62a7-4d97-823b-839e8a8c7711,sub-007,ses-001,,,1789893450.8793375,,,server,,,,,,-2578.000068664551,outside_sample_tolerance,,,,,,,,,,,,1,,,,,,,,,,,,,,,,,,,,V3,B,,,1789893450.8793375,,,,,,,,,,,eeg_dropout
phase_change,1789893451.3312376,,609052,6,6,,2,G07,B,bbbd_subtraction,phase_change,paused,,0.0,0.0,,,,,,,,8b6ce1f9-62a7-4d97-823b-839e8a8c7711,sub-007,ses-001,bf6eaeb4-b637-4218-a3a6-dd7183b9a7a4,b0a244a8-b5e2-4661-b241-de215ec01f7b,1789893451.3323376,1789893451.3382998,3090858.399999976,browser_calibrated,-0.007062196731567383,1.3997554779052734,,,,-3029.900074005127,outside_sample_tolerance,verified,1,1,,,,,,,,,1,,,,,,,,,,,,,,,,,,,,V3,B,157.585,1789893451.3382998,1789893451.3323376,,,,,,,,,,,
video_pause,1789893451.3312376,,609052,6,6,,2,G07,B,bbbd_subtraction,video_pause,157.585,,0.0,0.0,,,,,,,"{""client_event_id"":""bf6eaeb4-b637-4218-a3a6-dd7183b9a7a4"",""recorder_run_id"":""8b6ce1f9-62a7-4d97-823b-839e8a8c7711"",""client_id"":""b0a244a8-b5e2-4661-b241-de215ec01f7b"",""client_timestamp"":1789893451.3382998,""client_monotonic_ms"":3090858.399999976,""event_timestamp"":1789893451.3312376,""clock_offset_sec"":-0.007062196731567383,""clock_round_trip_ms"":1.3997554779052734,""subject_id"":""sub-007"",""session_id"":""ses-001"",""block_id"":""Block 6"",""counterbalance_group"":""G07"",""block_order"":""Block 6"",""condition"":""B"",""condition_type"":""bbbd_subtraction"",""topic_key"":""V3"",""topic_name"":""道德经主要讲的是什么"",""event_type"":""video_pause"",""iso_time"":""2026-09-20T08:37:31.338Z"",""relative_ms"":254801,""video_time_sec"":157.585,""pause_reason"":""eeg_dropout"",""reason"":""automatic_watchdog""}",8b6ce1f9-62a7-4d97-823b-839e8a8c7711,sub-007,ses-001,bf6eaeb4-b637-4218-a3a6-dd7183b9a7a4,b0a244a8-b5e2-4661-b241-de215ec01f7b,1789893451.3323376,1789893451.3382998,3090858.399999976,browser_calibrated,-0.007062196731567383,1.3997554779052734,,,,-3029.900074005127,outside_sample_tolerance,verified,1,1,,,,,,,,,1,,,,,,,,,,,,,,,,,,,,V3,B,157.585,1789893451.3382998,1789893451.3323376,,,,,,,,,,,eeg_dropout
device_disconnected,1789893452.4573376,,609052,6,6,,2,G07,B,bbbd_subtraction,device_disconnected,,,0,0,,,,,,,,8b6ce1f9-62a7-4d97-823b-839e8a8c7711,sub-007,ses-001,,,1789893452.4573376,,,server,,,,,,-4156.000137329102,outside_sample_tolerance,,,,,,,,,,,,1,,,,,,,,,,,,,,,,,,,,V3,B,,,1789893452.4573376,,,,,,,,,,,
device_error,1789893462.8793375,,609052,6,6,,2,G07,B,bbbd_subtraction,device_error,[WinError -2147023673] 操作已被用户取消。,,0.0,0.0,,,,,,,,8b6ce1f9-62a7-4d97-823b-839e8a8c7711,sub-007,ses-001,,,1789893462.8793375,,,server,,,,,,-14578.00006866455,outside_sample_tolerance,,,,,,,,,,,,1,,,,,,,,,,,,,,,,,,,,V3,B,,,1789893462.8793375,,,,,,,,,,,
device_disconnected,1789893462.8793375,,609052,6,6,,2,G07,B,bbbd_subtraction,device_disconnected,,,0,0,,,,,,,,8b6ce1f9-62a7-4d97-823b-839e8a8c7711,sub-007,ses-001,,,1789893462.8793375,,,server,,,,,,-14578.00006866455,outside_sample_tolerance,,,,,,,,,,,,1,,,,,,,,,,,,,,,,,,,,V3,B,,,1789893462.8793375,,,,,,,,,,,
device_error,1789893473.2543375,,609052,6,6,,2,G07,B,bbbd_subtraction,device_error,[WinError -2147023673] 操作已被用户取消。,,0.0,0.0,,,,,,,,8b6ce1f9-62a7-4d97-823b-839e8a8c7711,sub-007,ses-001,,,1789893473.2543375,,,server,,,,,,-24953.00006866455,outside_sample_tolerance,,,,,,,,,,,,1,,,,,,,,,,,,,,,,,,,,V3,B,,,1789893473.2543375,,,,,,,,,,,
device_disconnected,1789893473.2543375,,609052,6,6,,2,G07,B,bbbd_subtraction,device_disconnected,,,0,0,,,,,,,,8b6ce1f9-62a7-4d97-823b-839e8a8c7711,sub-007,ses-001,,,1789893473.2543375,,,server,,,,,,-24953.00006866455,outside_sample_tolerance,,,,,,,,,,,,1,,,,,,,,,,,,,,,,,,,,V3,B,,,1789893473.2543375,,,,,,,,,,,
device_error,1789893481.0043375,,609052,6,6,,2,G07,B,bbbd_subtraction,device_error,[WinError -2147023673] 操作已被用户取消。,,0.0,0.0,,,,,,,,8b6ce1f9-62a7-4d97-823b-839e8a8c7711,sub-007,ses-001,,,1789893481.0043375,,,server,,,,,,-32703.00006866455,outside_sample_tolerance,,,,,,,,,,,,1,,,,,,,,,,,,,,,,,,,,V3,B,,,1789893481.0043375,,,,,,,,,,,
device_disconnected,1789893481.0043375,,609052,6,6,,2,G07,B,bbbd_subtraction,device_disconnected,,,0,0,,,,,,,,8b6ce1f9-62a7-4d97-823b-839e8a8c7711,sub-007,ses-001,,,1789893481.0043375,,,server,,,,,,-32703.00006866455,outside_sample_tolerance,,,,,,,,,,,,1,,,,,,,,,,,,,,,,,,,,V3,B,,,1789893481.0043375,,,,,,,,,,,
device_connected,1789893485.7233374,,609052,6,6,,2,G07,B,bbbd_subtraction,device_connected,74:4D:BD:62:FD:8D,,0.0,0.0,,,,,,,,8b6ce1f9-62a7-4d97-823b-839e8a8c7711,sub-007,ses-001,,,1789893485.7233374,,,server,,,,,,-37421.99993133545,outside_sample_tolerance,,,,,,,,,,,,1,,,,,,,,,,,,,,,,,,,,V3,B,,,1789893485.7233374,,,,,,,,,,,
eeg_recovery,1789893485.7233374,2487.944,609052,6,6,,2,G07,B,bbbd_subtraction,eeg_recovery,signal_recovered,37.42199993133545,0.0,0.0,,,,,,,等待实验员重新确认同步后恢复视频,8b6ce1f9-62a7-4d97-823b-839e8a8c7711,sub-007,ses-001,,,1789893485.7233374,,,server,,,609052,621986,32,0.0,host_receive_nearest,,,,,,,,,,,,1,,,,,,,,,,,,,,,,,,,,V3,B,,,1789893485.7233374,621986,,,,,,,,,,eeg_dropout
qc_status_change,1789893487.0363376,2489.24,609377,6,6,,2,G07,B,bbbd_subtraction,qc_status_change,waiting,,0.0,0.0,,,,,,,等待至少2秒EEG数据。,8b6ce1f9-62a7-4d97-823b-839e8a8c7711,sub-007,ses-001,,,1789893487.0363376,,,server,,,609376,622310,32,0.0,host_receive_nearest,,,,,,,,,,,,1,,,,,,,,,,,,,,,,,,,,V3,B,,,1789893487.0363376,622310,,,,,,,,,,
eeg_recovery_confirmed,1789893488.7350876,2490.96,609807,6,6,,2,G07,B,bbbd_subtraction,eeg_recovery_confirmed,157.585,,0.0,0.0,,,,,,,"{""client_event_id"":""1dc2f9fa-22e9-4f6f-a38a-21f8bd23e3f8"",""recorder_run_id"":""8b6ce1f9-62a7-4d97-823b-839e8a8c7711"",""client_id"":""b0a244a8-b5e2-4661-b241-de215ec01f7b"",""client_timestamp"":1789893488.7401,""client_monotonic_ms"":3128260.199999988,""event_timestamp"":1789893488.7350876,""clock_offset_sec"":-0.0050122737884521484,""clock_round_trip_ms"":1.6999244689941406,""subject_id"":""sub-007"",""session_id"":""ses-001"",""block_id"":""Block 6"",""counterbalance_group"":""G07"",""block_order"":""Block 6"",""condition"":""B"",""condition_type"":""bbbd_subtraction"",""topic_key"":""V3"",""topic_name"":""道德经主要讲的是什么"",""event_type"":""eeg_recovery_confirmed"",""iso_time"":""2026-09-20T08:38:08.740Z"",""relative_ms"":292203,""video_time_sec"":157.585,""pause_reason"":""eeg_dropout""}",8b6ce1f9-62a7-4d97-823b-839e8a8c7711,sub-007,ses-001,1dc2f9fa-22e9-4f6f-a38a-21f8bd23e3f8,b0a244a8-b5e2-4661-b241-de215ec01f7b,1789893488.7393374,1789893488.7401,3128260.199999988,browser_calibrated,-0.0050122737884521484,1.6999244689941406,609806,622740,32,-11.750221252441406,host_receive_nearest,verified,1,0,,,,,,,,,1,,,,,,,,,,,,,,,,,,,,V3,B,157.585,1789893488.7401,1789893488.7393374,622740,,,,,,,,,,
phase_change,1789893488.7392876,2490.96,609807,6,6,,2,G07,B,bbbd_subtraction,phase_change,video,,0.0,0.0,,,,,,,,8b6ce1f9-62a7-4d97-823b-839e8a8c7711,sub-007,ses-001,4dca6c38-7669-40ba-939a-ca64499ffcaa,b0a244a8-b5e2-4661-b241-de215ec01f7b,1789893488.7543375,1789893488.7443,3128264.399999976,browser_calibrated,-0.0050122737884521484,1.6999244689941406,609806,622740,32,-15.950202941894531,host_receive_nearest,verified,1,1,,,,,,,,,1,,,,,,,,,,,,,,,,,,,,V3,B,157.585,1789893488.7443,1789893488.7543375,622740,,,,,,,,,,
video_resume,1789893488.7392876,2490.96,609807,6,6,,2,G07,B,bbbd_subtraction,video_resume,157.585,,0.0,0.0,,,,,,,"{""client_event_id"":""4dca6c38-7669-40ba-939a-ca64499ffcaa"",""recorder_run_id"":""8b6ce1f9-62a7-4d97-823b-839e8a8c7711"",""client_id"":""b0a244a8-b5e2-4661-b241-de215ec01f7b"",""client_timestamp"":1789893488.7443,""client_monotonic_ms"":3128264.399999976,""event_timestamp"":1789893488.7392876,""clock_offset_sec"":-0.0050122737884521484,""clock_round_trip_ms"":1.6999244689941406,""subject_id"":""sub-007"",""session_id"":""ses-001"",""block_id"":""Block 6"",""counterbalance_group"":""G07"",""block_order"":""Block 6"",""condition"":""B"",""condition_type"":""bbbd_subtraction"",""topic_key"":""V3"",""topic_name"":""道德经主要讲的是什么"",""event_type"":""video_resume"",""iso_time"":""2026-09-20T08:38:08.744Z"",""relative_ms"":292207,""video_time_sec"":157.585,""pause_reason"":""eeg_dropout""}",8b6ce1f9-62a7-4d97-823b-839e8a8c7711,sub-007,ses-001,4dca6c38-7669-40ba-939a-ca64499ffcaa,b0a244a8-b5e2-4661-b241-de215ec01f7b,1789893488.7543375,1789893488.7443,3128264.399999976,browser_calibrated,-0.0050122737884521484,1.6999244689941406,609806,622740,32,-15.950202941894531,host_receive_nearest,verified,1,1,,,,,,,,,1,,,,,,,,,,,,,,,,,,,,V3,B,157.585,1789893488.7443,1789893488.7543375,622740,,,,,,,,,,eeg_dropout
qc_status_change,1789893489.0513375,2491.2,609867,6,6,,2,G07,B,bbbd_subtraction,qc_status_change,good,,0.0,0.0,,,,,,,当前QC指标正常。,8b6ce1f9-62a7-4d97-823b-839e8a8c7711,sub-007,ses-001,,,1789893489.0513375,,,server,,,609866,622800,32,-46.99993133544922,host_receive_nearest,,,,,,,,,,,,1,,,,,,,,,,,,,,,,,,,,V3,B,,,1789893489.0513375,622800,,,,,,,,,,
qc_status_change,1789893507.0823376,2509.32,614397,6,6,,2,G07,B,bbbd_subtraction,qc_status_change,warning,,0.0,0.0,,,,,,,通道2 RMS相对基线异常，正在确认是否持续。,8b6ce1f9-62a7-4d97-823b-839e8a8c7711,sub-007,ses-001,,,1789893507.0823376,,,server,,,614396,627330,32,-15.000104904174805,host_receive_nearest,,,,,,,,,,,,1,,,,,,,,,,,,,,,,,,,,V3,B,,,1789893507.0823376,627330,,,,,,,,,,
qc_status_change,1789893509.0823376,2511.3,614892,6,6,,2,G07,B,bbbd_subtraction,qc_status_change,good,,0.0,0.0,,,,,,,当前QC指标正常。,8b6ce1f9-62a7-4d97-823b-839e8a8c7711,sub-007,ses-001,,,1789893509.0823376,,,server,,,614891,627825,32,-31.000137329101562,host_receive_nearest,,,,,,,,,,,,1,,,,,,,,,,,,,,,,,,,,V3,B,,,1789893509.0823376,627825,,,,,,,,,,
probe_onset,1789893548.7075377,2550.94,624802,6,6,,2,G07,B,bbbd_subtraction,probe_onset,Block 6_3_910f4535,,0.0,0.0,,,,,,,"{""client_event_id"":""43ed5763-9799-42af-aa08-16ec87167733"",""recorder_run_id"":""8b6ce1f9-62a7-4d97-823b-839e8a8c7711"",""client_id"":""b0a244a8-b5e2-4661-b241-de215ec01f7b"",""client_timestamp"":1789893548.7197998,""client_monotonic_ms"":3188239.899999976,""event_timestamp"":1789893548.7075377,""clock_offset_sec"":-0.012262105941772461,""clock_round_trip_ms"":1.600027084350586,""subject_id"":""sub-007"",""session_id"":""ses-001"",""block_id"":""Block 6"",""counterbalance_group"":""G07"",""block_order"":""Block 6"",""condition"":""B"",""condition_type"":""bbbd_subtraction"",""topic_key"":""V3"",""topic_name"":""道德经主要讲的是什么"",""event_type"":""probe_onset"",""iso_time"":""2026-09-20T08:39:08.719Z"",""relative_ms"":352182,""video_time_sec"":217.051,""probe_id"":""Block 6_3_910f4535"",""probe_index"":3,""probe_schedule_id"":""910f4535-4150-4697-8fe0-9df7b1af574b"",""probe_planned_time_sec"":217,""video_id"":""V3"",""pause_reason"":""thought_probe"",""forced"":false}",8b6ce1f9-62a7-4d97-823b-839e8a8c7711,sub-007,ses-001,43ed5763-9799-42af-aa08-16ec87167733,b0a244a8-b5e2-4661-b241-de215ec01f7b,1789893548.7233374,1789893548.7197998,3188239.899999976,browser_calibrated,-0.012262105941772461,1.600027084350586,624801,637735,32,-0.20003318786621094,host_receive_nearest,verified,1,1,,,,,,,,,1,,,,,,,,,,,,,,,,,,,,V3,B,217.051,1789893548.7197998,1789893548.7233374,637735,Block 6_3_910f4535,3,910f4535-4150-4697-8fe0-9df7b1af574b,217,,,,,,thought_probe
attention_response,1789893551.0544379,2553.264,625392,6,6,,2,G07,B,bbbd_subtraction,attention_response,2,,0.0,0.0,,,,,,,"{""client_event_id"":""c17a3d0e-0e45-45ed-a90a-6881255b13c3"",""recorder_run_id"":""8b6ce1f9-62a7-4d97-823b-839e8a8c7711"",""client_id"":""b0a244a8-b5e2-4661-b241-de215ec01f7b"",""client_timestamp"":1789893551.0667,""client_monotonic_ms"":3190586.899999976,""event_timestamp"":1789893551.0544379,""clock_offset_sec"":-0.012262105941772461,""clock_round_trip_ms"":1.600027084350586,""subject_id"":""sub-007"",""session_id"":""ses-001"",""block_id"":""Block 6"",""counterbalance_group"":""G07"",""block_order"":""Block 6"",""condition"":""B"",""condition_type"":""bbbd_subtraction"",""topic_key"":""V3"",""topic_name"":""道德经主要讲的是什么"",""event_type"":""attention_response"",""iso_time"":""2026-09-20T08:39:11.066Z"",""relative_ms"":354529,""video_time_sec"":217.051,""probe_id"":""Block 6_3_910f4535"",""probe_index"":3,""probe_schedule_id"":""910f4535-4150-4697-8fe0-9df7b1af574b"",""probe_planned_time_sec"":217,""video_id"":""V3"",""response"":2,""response_label"":""连续减7心算任务"",""probe_attention"":""OFF"",""response_time_ms"":2347}",8b6ce1f9-62a7-4d97-823b-839e8a8c7711,sub-007,ses-001,c17a3d0e-0e45-45ed-a90a-6881255b13c3,b0a244a8-b5e2-4661-b241-de215ec01f7b,1789893551.0673375,1789893551.0667,3190586.899999976,browser_calibrated,-0.012262105941772461,1.600027084350586,625382,638316,32,12.899637222290039,host_receive_nearest,verified,1,1,,,,,,,,,1,,,,,,,,,,,,,,,,,,,,V3,B,217.051,1789893551.0667,1789893551.0823376,638316,Block 6_3_910f4535,3,910f4535-4150-4697-8fe0-9df7b1af574b,217,2,连续减7心算任务,2347,,OFF,
confidence_response,1789893552.176638,2554.4,625667,6,6,,2,G07,B,bbbd_subtraction,confidence_response,3,,0.0,0.0,,,,,,,"{""client_event_id"":""f39ecfc9-9313-4183-bf04-26be875353dc"",""recorder_run_id"":""8b6ce1f9-62a7-4d97-823b-839e8a8c7711"",""client_id"":""b0a244a8-b5e2-4661-b241-de215ec01f7b"",""client_timestamp"":1789893552.1889,""client_monotonic_ms"":3191709.0999999642,""event_timestamp"":1789893552.176638,""clock_offset_sec"":-0.012262105941772461,""clock_round_trip_ms"":1.600027084350586,""subject_id"":""sub-007"",""session_id"":""ses-001"",""block_id"":""Block 6"",""counterbalance_group"":""G07"",""block_order"":""Block 6"",""condition"":""B"",""condition_type"":""bbbd_subtraction"",""topic_key"":""V3"",""topic_name"":""道德经主要讲的是什么"",""event_type"":""confidence_response"",""iso_time"":""2026-09-20T08:39:12.188Z"",""relative_ms"":355652,""video_time_sec"":217.051,""probe_id"":""Block 6_3_910f4535"",""probe_index"":3,""probe_schedule_id"":""910f4535-4150-4697-8fe0-9df7b1af574b"",""probe_planned_time_sec"":217,""video_id"":""V3"",""response"":2,""confidence"":3,""response_time_ms"":1122}",8b6ce1f9-62a7-4d97-823b-839e8a8c7711,sub-007,ses-001,f39ecfc9-9313-4183-bf04-26be875353dc,b0a244a8-b5e2-4661-b241-de215ec01f7b,1789893552.1923375,1789893552.1889,3191709.0999999642,browser_calibrated,-0.012262105941772461,1.600027084350586,625666,638600,32,-15.300273895263672,host_receive_nearest,verified,1,1,,,,,,,,,1,,,,,,,,,,,,,,,,,,,,V3,B,217.051,1789893552.1889,1789893552.1923375,638600,Block 6_3_910f4535,3,910f4535-4150-4697-8fe0-9df7b1af574b,217,,,1122,3,,
phase_change,1789893552.182438,2554.404,625677,6,6,,2,G07,B,bbbd_subtraction,phase_change,video,,0.0,0.0,,,,,,,,8b6ce1f9-62a7-4d97-823b-839e8a8c7711,sub-007,ses-001,9d4ddb9b-90c4-49d5-9668-cce13f54e946,b0a244a8-b5e2-4661-b241-de215ec01f7b,1789893552.2073376,1789893552.1947,3191714.7999999523,browser_calibrated,-0.012262105941772461,1.600027084350586,625667,638601,32,9.899616241455078,host_receive_nearest,verified,1,1,,,,,,,,,1,,,,,,,,,,,,,,,,,,,,V3,B,217.307,1789893552.1947,1789893552.2073376,638601,,,,,,,,,,
video_resume,1789893552.182438,2554.404,625677,6,6,,2,G07,B,bbbd_subtraction,video_resume,217.307,,0.0,0.0,,,,,,,"{""client_event_id"":""9d4ddb9b-90c4-49d5-9668-cce13f54e946"",""recorder_run_id"":""8b6ce1f9-62a7-4d97-823b-839e8a8c7711"",""client_id"":""b0a244a8-b5e2-4661-b241-de215ec01f7b"",""client_timestamp"":1789893552.1947,""client_monotonic_ms"":3191714.7999999523,""event_timestamp"":1789893552.182438,""clock_offset_sec"":-0.012262105941772461,""clock_round_trip_ms"":1.600027084350586,""subject_id"":""sub-007"",""session_id"":""ses-001"",""block_id"":""Block 6"",""counterbalance_group"":""G07"",""block_order"":""Block 6"",""condition"":""B"",""condition_type"":""bbbd_subtraction"",""topic_key"":""V3"",""topic_name"":""道德经主要讲的是什么"",""event_type"":""video_resume"",""iso_time"":""2026-09-20T08:39:12.194Z"",""relative_ms"":355657,""video_time_sec"":217.307,""probe_id"":""Block 6_3_910f4535"",""probe_index"":3,""probe_schedule_id"":""910f4535-4150-4697-8fe0-9df7b1af574b"",""probe_planned_time_sec"":217,""video_id"":""V3"",""pause_reason"":""thought_probe"",""resume_status"":""playing""}",8b6ce1f9-62a7-4d97-823b-839e8a8c7711,sub-007,ses-001,9d4ddb9b-90c4-49d5-9668-cce13f54e946,b0a244a8-b5e2-4661-b241-de215ec01f7b,1789893552.2073376,1789893552.1947,3191714.7999999523,browser_calibrated,-0.012262105941772461,1.600027084350586,625667,638601,32,9.899616241455078,host_receive_nearest,verified,1,1,,,,,,,,,1,,,,,,,,,,,,,,,,,,,,V3,B,217.307,1789893552.1947,1789893552.2073376,638601,Block 6_3_910f4535,,,,,,,,,thought_probe
probe_onset,1789893612.0183377,2614.184,640617,6,6,,2,G07,B,bbbd_subtraction,probe_onset,Block 6_4_910f4535,,0.0,0.0,,,,,,,"{""client_event_id"":""4ff6fc6e-ae1c-4a5f-98df-5f2020202a21"",""recorder_run_id"":""8b6ce1f9-62a7-4d97-823b-839e8a8c7711"",""client_id"":""b0a244a8-b5e2-4661-b241-de215ec01f7b"",""client_timestamp"":1789893612.0296,""client_monotonic_ms"":3251549.699999988,""event_timestamp"":1789893612.0183377,""clock_offset_sec"":-0.011262178421020508,""clock_round_trip_ms"":1.399993896484375,""subject_id"":""sub-007"",""session_id"":""ses-001"",""block_id"":""Block 6"",""counterbalance_group"":""G07"",""block_order"":""Block 6"",""condition"":""B"",""condition_type"":""bbbd_subtraction"",""topic_key"":""V3"",""topic_name"":""道德经主要讲的是什么"",""event_type"":""probe_onset"",""iso_time"":""2026-09-20T08:40:12.029Z"",""relative_ms"":415492,""video_time_sec"":276.875,""probe_id"":""Block 6_4_910f4535"",""probe_index"":4,""probe_schedule_id"":""910f4535-4150-4697-8fe0-9df7b1af574b"",""probe_planned_time_sec"":276.795,""video_id"":""V3"",""pause_reason"":""thought_probe"",""forced"":false}",8b6ce1f9-62a7-4d97-823b-839e8a8c7711,sub-007,ses-001,4ff6fc6e-ae1c-4a5f-98df-5f2020202a21,b0a244a8-b5e2-4661-b241-de215ec01f7b,1789893612.0203376,1789893612.0296,3251549.699999988,browser_calibrated,-0.011262178421020508,1.399993896484375,640612,653546,32,1.9998550415039062,host_receive_nearest,verified,1,1,,,,,,,,,1,,,,,,,,,,,,,,,,,,,,V3,B,276.875,1789893612.0296,1789893612.0203376,653546,Block 6_4_910f4535,4,910f4535-4150-4697-8fe0-9df7b1af574b,276.795,,,,,,thought_probe
attention_response,1789893614.9716377,2617.18,641362,6,6,,2,G07,B,bbbd_subtraction,attention_response,3,,0.0,0.0,,,,,,,"{""client_event_id"":""ebf71c93-b9d1-4ef0-8849-deb9d86ddf31"",""recorder_run_id"":""8b6ce1f9-62a7-4d97-823b-839e8a8c7711"",""client_id"":""b0a244a8-b5e2-4661-b241-de215ec01f7b"",""client_timestamp"":1789893614.9829,""client_monotonic_ms"":3254503,""event_timestamp"":1789893614.9716377,""clock_offset_sec"":-0.011262178421020508,""clock_round_trip_ms"":1.399993896484375,""subject_id"":""sub-007"",""session_id"":""ses-001"",""block_id"":""Block 6"",""counterbalance_group"":""G07"",""block_order"":""Block 6"",""condition"":""B"",""condition_type"":""bbbd_subtraction"",""topic_key"":""V3"",""topic_name"":""道德经主要讲的是什么"",""event_type"":""attention_response"",""iso_time"":""2026-09-20T08:40:14.982Z"",""relative_ms"":418445,""video_time_sec"":276.875,""probe_id"":""Block 6_4_910f4535"",""probe_index"":4,""probe_schedule_id"":""910f4535-4150-4697-8fe0-9df7b1af574b"",""probe_planned_time_sec"":276.795,""video_id"":""V3"",""response"":3,""response_label"":""其他与课程无关的事情"",""probe_attention"":""OFF"",""response_time_ms"":2953}",8b6ce1f9-62a7-4d97-823b-839e8a8c7711,sub-007,ses-001,ebf71c93-b9d1-4ef0-8849-deb9d86ddf31,b0a244a8-b5e2-4661-b241-de215ec01f7b,1789893614.9733374,1789893614.9829,3254503,browser_calibrated,-0.011262178421020508,1.399993896484375,641361,654295,32,-14.300107955932617,host_receive_nearest,verified,1,1,,,,,,,,,1,,,,,,,,,,,,,,,,,,,,V3,B,276.875,1789893614.9829,1789893614.9893374,654295,Block 6_4_910f4535,4,910f4535-4150-4697-8fe0-9df7b1af574b,276.795,3,其他与课程无关的事情,2953,,OFF,
confidence_response,1789893615.7960377,2617.984,641567,6,6,,2,G07,B,bbbd_subtraction,confidence_response,3,,0.0,0.0,,,,,,,"{""client_event_id"":""eeee936c-7dc7-43b2-af4d-b525cdb873a5"",""recorder_run_id"":""8b6ce1f9-62a7-4d97-823b-839e8a8c7711"",""client_id"":""b0a244a8-b5e2-4661-b241-de215ec01f7b"",""client_timestamp"":1789893615.8072999,""client_monotonic_ms"":3255327.399999976,""event_timestamp"":1789893615.7960377,""clock_offset_sec"":-0.011262178421020508,""clock_round_trip_ms"":1.399993896484375,""subject_id"":""sub-007"",""session_id"":""ses-001"",""block_id"":""Block 6"",""counterbalance_group"":""G07"",""block_order"":""Block 6"",""condition"":""B"",""condition_type"":""bbbd_subtraction"",""topic_key"":""V3"",""topic_name"":""道德经主要讲的是什么"",""event_type"":""confidence_response"",""iso_time"":""2026-09-20T08:40:15.807Z"",""relative_ms"":419270,""video_time_sec"":276.875,""probe_id"":""Block 6_4_910f4535"",""probe_index"":4,""probe_schedule_id"":""910f4535-4150-4697-8fe0-9df7b1af574b"",""probe_planned_time_sec"":276.795,""video_id"":""V3"",""response"":3,""confidence"":3,""response_time_ms"":824}",8b6ce1f9-62a7-4d97-823b-839e8a8c7711,sub-007,ses-001,eeee936c-7dc7-43b2-af4d-b525cdb873a5,b0a244a8-b5e2-4661-b241-de215ec01f7b,1789893615.8013375,1789893615.8072999,3255327.399999976,browser_calibrated,-0.011262178421020508,1.399993896484375,641562,654496,32,5.299806594848633,host_receive_nearest,verified,1,1,,,,,,,,,1,,,,,,,,,,,,,,,,,,,,V3,B,276.875,1789893615.8072999,1789893615.8173375,654496,Block 6_4_910f4535,4,910f4535-4150-4697-8fe0-9df7b1af574b,276.795,,,824,3,,
phase_change,1789893615.8011377,2617.984,641572,6,6,,2,G07,B,bbbd_subtraction,phase_change,video,,0.0,0.0,,,,,,,,8b6ce1f9-62a7-4d97-823b-839e8a8c7711,sub-007,ses-001,75e1e157-84ef-4ee6-b2cd-edd31109c730,b0a244a8-b5e2-4661-b241-de215ec01f7b,1789893615.8173375,1789893615.8123999,3255332.5,browser_calibrated,-0.011262178421020508,1.399993896484375,641562,654496,32,0.19979476928710938,host_receive_nearest,verified,1,1,,,,,,,,,1,,,,,,,,,,,,,,,,,,,,V3,B,277.134,1789893615.8123999,1789893615.8173375,654496,,,,,,,,,,
video_resume,1789893615.8011377,2617.984,641572,6,6,,2,G07,B,bbbd_subtraction,video_resume,277.134,,0.0,0.0,,,,,,,"{""client_event_id"":""75e1e157-84ef-4ee6-b2cd-edd31109c730"",""recorder_run_id"":""8b6ce1f9-62a7-4d97-823b-839e8a8c7711"",""client_id"":""b0a244a8-b5e2-4661-b241-de215ec01f7b"",""client_timestamp"":1789893615.8123999,""client_monotonic_ms"":3255332.5,""event_timestamp"":1789893615.8011377,""clock_offset_sec"":-0.011262178421020508,""clock_round_trip_ms"":1.399993896484375,""subject_id"":""sub-007"",""session_id"":""ses-001"",""block_id"":""Block 6"",""counterbalance_group"":""G07"",""block_order"":""Block 6"",""condition"":""B"",""condition_type"":""bbbd_subtraction"",""topic_key"":""V3"",""topic_name"":""道德经主要讲的是什么"",""event_type"":""video_resume"",""iso_time"":""2026-09-20T08:40:15.812Z"",""relative_ms"":419275,""video_time_sec"":277.134,""probe_id"":""Block 6_4_910f4535"",""probe_index"":4,""probe_schedule_id"":""910f4535-4150-4697-8fe0-9df7b1af574b"",""probe_planned_time_sec"":276.795,""video_id"":""V3"",""pause_reason"":""thought_probe"",""resume_status"":""playing""}",8b6ce1f9-62a7-4d97-823b-839e8a8c7711,sub-007,ses-001,75e1e157-84ef-4ee6-b2cd-edd31109c730,b0a244a8-b5e2-4661-b241-de215ec01f7b,1789893615.8173375,1789893615.8123999,3255332.5,browser_calibrated,-0.011262178421020508,1.399993896484375,641562,654496,32,0.19979476928710938,host_receive_nearest,verified,1,1,,,,,,,,,1,,,,,,,,,,,,,,,,,,,,V3,B,277.134,1789893615.8123999,1789893615.8173375,654496,Block 6_4_910f4535,,,,,,,,,thought_probe
video_end,1789893665.1707876,2667.4,653921,6,6,,2,G07,B,bbbd_subtraction,video_end,V3,,0.0,0.0,,,,,,,,8b6ce1f9-62a7-4d97-823b-839e8a8c7711,sub-007,ses-001,785a33de-45b9-4801-bff4-c6c015977798,b0a244a8-b5e2-4661-b241-de215ec01f7b,1789893665.1923375,1789893665.1725998,3304692.699999988,browser_calibrated,-0.0018122196197509766,1.4998912811279297,653916,666850,32,5.549907684326172,host_receive_nearest,verified,1,1,,,,,,,,,1,,,,,,,,,,,,,,,,,,,,V3,B,326.241,1789893665.1725998,1789893665.1923375,666850,,,,,,,,,,
browser_video_ended,1789893665.1707876,2667.4,653921,6,6,,2,G07,B,bbbd_subtraction,browser_video_ended,,,0.0,0.0,,,,,,,"{""client_event_id"":""785a33de-45b9-4801-bff4-c6c015977798"",""recorder_run_id"":""8b6ce1f9-62a7-4d97-823b-839e8a8c7711"",""client_id"":""b0a244a8-b5e2-4661-b241-de215ec01f7b"",""client_timestamp"":1789893665.1725998,""client_monotonic_ms"":3304692.699999988,""event_timestamp"":1789893665.1707876,""clock_offset_sec"":-0.0018122196197509766,""clock_round_trip_ms"":1.4998912811279297,""subject_id"":""sub-007"",""session_id"":""ses-001"",""block_id"":""Block 6"",""counterbalance_group"":""G07"",""block_order"":""Block 6"",""condition"":""B"",""condition_type"":""bbbd_subtraction"",""topic_key"":""V3"",""topic_name"":""道德经主要讲的是什么"",""event_type"":""video_ended"",""iso_time"":""2026-09-20T08:41:05.172Z"",""relative_ms"":468635,""video_time_sec"":326.241}",8b6ce1f9-62a7-4d97-823b-839e8a8c7711,sub-007,ses-001,785a33de-45b9-4801-bff4-c6c015977798,b0a244a8-b5e2-4661-b241-de215ec01f7b,1789893665.1923375,1789893665.1725998,3304692.699999988,browser_calibrated,-0.0018122196197509766,1.4998912811279297,653916,666850,32,5.549907684326172,host_receive_nearest,verified,1,1,,,,,,,,,1,,,,,,,,,,,,,,,,,,,,V3,B,326.241,1789893665.1725998,1789893665.1923375,666850,,,,,,,,,,
browser_block_end,1789893665.1747875,2667.4,653921,6,6,,2,G07,B,bbbd_subtraction,browser_block_end,视频自然播放结束,,0.0,0.0,,,,,,,"{""client_event_id"":""ae99c54c-ea34-4db1-8cb9-119ea1443c50"",""recorder_run_id"":""8b6ce1f9-62a7-4d97-823b-839e8a8c7711"",""client_id"":""b0a244a8-b5e2-4661-b241-de215ec01f7b"",""client_timestamp"":1789893665.1765997,""client_monotonic_ms"":3304696.699999988,""event_timestamp"":1789893665.1747875,""clock_offset_sec"":-0.0018122196197509766,""clock_round_trip_ms"":1.4998912811279297,""subject_id"":""sub-007"",""session_id"":""ses-001"",""block_id"":""Block 6"",""counterbalance_group"":""G07"",""block_order"":""Block 6"",""condition"":""B"",""condition_type"":""bbbd_subtraction"",""topic_key"":""V3"",""topic_name"":""道德经主要讲的是什么"",""event_type"":""block_end"",""iso_time"":""2026-09-20T08:41:05.176Z"",""relative_ms"":468639,""video_time_sec"":326.241,""reason"":""视频自然播放结束""}",8b6ce1f9-62a7-4d97-823b-839e8a8c7711,sub-007,ses-001,ae99c54c-ea34-4db1-8cb9-119ea1443c50,b0a244a8-b5e2-4661-b241-de215ec01f7b,1789893665.2073376,1789893665.1765997,3304696.699999988,browser_calibrated,-0.0018122196197509766,1.4998912811279297,653916,666850,32,1.5499591827392578,host_receive_nearest,verified,1,1,,,,,,,,,1,,,,,,,,,,,,,,,,,,,,V3,B,326.241,1789893665.1765997,1789893665.2073376,666850,,,,,,,,,,
rating_start,1789893665.1785877,2667.416,653926,6,6,,2,G07,B,bbbd_subtraction,rating_start,,,0.0,0.0,,,,,,,"{""client_event_id"":""90b3305d-c261-4bdd-86d1-99d84bd570bd"",""recorder_run_id"":""8b6ce1f9-62a7-4d97-823b-839e8a8c7711"",""client_id"":""b0a244a8-b5e2-4661-b241-de215ec01f7b"",""client_timestamp"":1789893665.1804,""client_monotonic_ms"":3304700.5999999642,""event_timestamp"":1789893665.1785877,""clock_offset_sec"":-0.0018122196197509766,""clock_round_trip_ms"":1.4998912811279297,""subject_id"":""sub-007"",""session_id"":""ses-001"",""block_id"":""Block 6"",""counterbalance_group"":""G07"",""block_order"":""Block 6"",""condition"":""B"",""condition_type"":""bbbd_subtraction"",""topic_key"":""V3"",""topic_name"":""道德经主要讲的是什么"",""event_type"":""rating_start"",""iso_time"":""2026-09-20T08:41:05.180Z"",""relative_ms"":468643,""video_time_sec"":326.241}",8b6ce1f9-62a7-4d97-823b-839e8a8c7711,sub-007,ses-001,90b3305d-c261-4bdd-86d1-99d84bd570bd,b0a244a8-b5e2-4661-b241-de215ec01f7b,1789893665.2073376,1789893665.1804,3304700.5999999642,browser_calibrated,-0.0018122196197509766,1.4998912811279297,653920,666854,32,-2.250194549560547,host_receive_nearest,verified,1,1,,,,,,,,,1,,,,,,,,,,,,,,,,,,,,V3,B,326.241,1789893665.1804,1789893665.2073376,666854,,,,,,,,,,
rating_item_response,1789893668.6022875,2670.816,654771,6,6,,2,G07,B,bbbd_subtraction,rating_item_response,4,,0.0,0.0,,,,,,,"{""client_event_id"":""5df400f6-74e7-42d5-9b0b-413a7c54f589"",""recorder_run_id"":""8b6ce1f9-62a7-4d97-823b-839e8a8c7711"",""client_id"":""b0a244a8-b5e2-4661-b241-de215ec01f7b"",""client_timestamp"":1789893668.6040998,""client_monotonic_ms"":3308124.199999988,""event_timestamp"":1789893668.6022875,""clock_offset_sec"":-0.0018122196197509766,""clock_round_trip_ms"":1.4998912811279297,""subject_id"":""sub-007"",""session_id"":""ses-001"",""block_id"":""Block 6"",""counterbalance_group"":""G07"",""block_order"":""Block 6"",""condition"":""B"",""condition_type"":""bbbd_subtraction"",""topic_key"":""V3"",""topic_name"":""道德经主要讲的是什么"",""event_type"":""rating_item_response"",""iso_time"":""2026-09-20T08:41:08.604Z"",""relative_ms"":472067,""video_time_sec"":326.241,""rating_item"":""course_attention_rating"",""rating_value"":""4"",""response_time_ms"":3424}",8b6ce1f9-62a7-4d97-823b-839e8a8c7711,sub-007,ses-001,5df400f6-74e7-42d5-9b0b-413a7c54f589,b0a244a8-b5e2-4661-b241-de215ec01f7b,1789893668.5983374,1789893668.6040998,3308124.199999988,browser_calibrated,-0.0018122196197509766,1.4998912811279297,654770,667704,32,-19.949913024902344,host_receive_nearest,verified,1,1,,,,,,,,,1,,,,,,,,,,,,,course_attention_rating,4,,,,,,V3,B,326.241,1789893668.6040998,1789893668.5983374,667704,,,,,,,3424,,,
rating_item_response,1789893669.7672877,2671.996,655066,6,6,,2,G07,B,bbbd_subtraction,rating_item_response,8,,0.0,0.0,,,,,,,"{""client_event_id"":""f8e11dc1-5715-4fdf-a315-789ff4ef042f"",""recorder_run_id"":""8b6ce1f9-62a7-4d97-823b-839e8a8c7711"",""client_id"":""b0a244a8-b5e2-4661-b241-de215ec01f7b"",""client_timestamp"":1789893669.7691,""client_monotonic_ms"":3309289.199999988,""event_timestamp"":1789893669.7672877,""clock_offset_sec"":-0.0018122196197509766,""clock_round_trip_ms"":1.4998912811279297,""subject_id"":""sub-007"",""session_id"":""ses-001"",""block_id"":""Block 6"",""counterbalance_group"":""G07"",""block_order"":""Block 6"",""condition"":""B"",""condition_type"":""bbbd_subtraction"",""topic_key"":""V3"",""topic_name"":""道德经主要讲的是什么"",""event_type"":""rating_item_response"",""iso_time"":""2026-09-20T08:41:09.769Z"",""relative_ms"":473232,""video_time_sec"":326.241,""rating_item"":""mental_effort"",""rating_value"":""8"",""response_time_ms"":4589}",8b6ce1f9-62a7-4d97-823b-839e8a8c7711,sub-007,ses-001,f8e11dc1-5715-4fdf-a315-789ff4ef042f,b0a244a8-b5e2-4661-b241-de215ec01f7b,1789893669.7703376,1789893669.7691,3309289.199999988,browser_calibrated,-0.0018122196197509766,1.4998912811279297,655065,667999,32,-12.95018196105957,host_receive_nearest,verified,1,1,,,,,,,,,1,,,,,,,,,,,,,mental_effort,8,,,,,,V3,B,326.241,1789893669.7691,1789893669.7703376,667999,,,,,,,4589,,,
rating_item_response,1789893670.8577876,2673.096,655341,6,6,,2,G07,B,bbbd_subtraction,rating_item_response,3,,0.0,0.0,,,,,,,"{""client_event_id"":""c6e7d08e-cb49-4cea-88cf-387735498e33"",""recorder_run_id"":""8b6ce1f9-62a7-4d97-823b-839e8a8c7711"",""client_id"":""b0a244a8-b5e2-4661-b241-de215ec01f7b"",""client_timestamp"":1789893670.8595998,""client_monotonic_ms"":3310379.699999988,""event_timestamp"":1789893670.8577876,""clock_offset_sec"":-0.0018122196197509766,""clock_round_trip_ms"":1.4998912811279297,""subject_id"":""sub-007"",""session_id"":""ses-001"",""block_id"":""Block 6"",""counterbalance_group"":""G07"",""block_order"":""Block 6"",""condition"":""B"",""condition_type"":""bbbd_subtraction"",""topic_key"":""V3"",""topic_name"":""道德经主要讲的是什么"",""event_type"":""rating_item_response"",""iso_time"":""2026-09-20T08:41:10.859Z"",""relative_ms"":474322,""video_time_sec"":326.241,""rating_item"":""video_interest"",""rating_value"":""3"",""response_time_ms"":5679}",8b6ce1f9-62a7-4d97-823b-839e8a8c7711,sub-007,ses-001,c6e7d08e-cb49-4cea-88cf-387735498e33,b0a244a8-b5e2-4661-b241-de215ec01f7b,1789893670.8643374,1789893670.8595998,3310379.699999988,browser_calibrated,-0.0018122196197509766,1.4998912811279297,655340,668274,32,-9.450197219848633,host_receive_nearest,verified,1,1,,,,,,,,,1,,,,,,,,,,,,,video_interest,3,,,,,,V3,B,326.241,1789893670.8595998,1789893670.8643374,668274,,,,,,,5679,,,
rating_item_response,1789893672.9726877,2675.2,655871,6,6,,2,G07,B,bbbd_subtraction,rating_item_response,4,,0.0,0.0,,,,,,,"{""client_event_id"":""89989dd3-de48-4662-a7dd-d1707aea4108"",""recorder_run_id"":""8b6ce1f9-62a7-4d97-823b-839e8a8c7711"",""client_id"":""b0a244a8-b5e2-4661-b241-de215ec01f7b"",""client_timestamp"":1789893672.9745,""client_monotonic_ms"":3312494.5999999642,""event_timestamp"":1789893672.9726877,""clock_offset_sec"":-0.0018122196197509766,""clock_round_trip_ms"":1.4998912811279297,""subject_id"":""sub-007"",""session_id"":""ses-001"",""block_id"":""Block 6"",""counterbalance_group"":""G07"",""block_order"":""Block 6"",""condition"":""B"",""condition_type"":""bbbd_subtraction"",""topic_key"":""V3"",""topic_name"":""道德经主要讲的是什么"",""event_type"":""rating_item_response"",""iso_time"":""2026-09-20T08:41:12.974Z"",""relative_ms"":476437,""video_time_sec"":326.241,""rating_item"":""video_difficulty"",""rating_value"":""4"",""response_time_ms"":7794}",8b6ce1f9-62a7-4d97-823b-839e8a8c7711,sub-007,ses-001,89989dd3-de48-4662-a7dd-d1707aea4108,b0a244a8-b5e2-4661-b241-de215ec01f7b,1789893672.9733374,1789893672.9745,3312494.5999999642,browser_calibrated,-0.0018122196197509766,1.4998912811279297,655866,668800,32,0.6496906280517578,host_receive_nearest,verified,1,1,,,,,,,,,1,,,,,,,,,,,,,video_difficulty,4,,,,,,V3,B,326.241,1789893672.9745,1789893672.9733374,668800,,,,,,,7794,,,
rating_item_response,1789893674.1691878,2676.376,656161,6,6,,2,G07,B,bbbd_subtraction,rating_item_response,80-90%,,0.0,0.0,,,,,,,"{""client_event_id"":""4fe17fc2-ffd9-4f8a-bde1-6322b1bc61e5"",""recorder_run_id"":""8b6ce1f9-62a7-4d97-823b-839e8a8c7711"",""client_id"":""b0a244a8-b5e2-4661-b241-de215ec01f7b"",""client_timestamp"":1789893674.171,""client_monotonic_ms"":3313691.199999988,""event_timestamp"":1789893674.1691878,""clock_offset_sec"":-0.0018122196197509766,""clock_round_trip_ms"":1.4998912811279297,""subject_id"":""sub-007"",""session_id"":""ses-001"",""block_id"":""Block 6"",""counterbalance_group"":""G07"",""block_order"":""Block 6"",""condition"":""B"",""condition_type"":""bbbd_subtraction"",""topic_key"":""V3"",""topic_name"":""道德经主要讲的是什么"",""event_type"":""rating_item_response"",""iso_time"":""2026-09-20T08:41:14.171Z"",""relative_ms"":477634,""video_time_sec"":326.241,""rating_item"":""subtraction_compliance"",""rating_value"":""80-90%"",""response_time_ms"":8991}",8b6ce1f9-62a7-4d97-823b-839e8a8c7711,sub-007,ses-001,4fe17fc2-ffd9-4f8a-bde1-6322b1bc61e5,b0a244a8-b5e2-4661-b241-de215ec01f7b,1789893674.1613376,1789893674.171,3313691.199999988,browser_calibrated,-0.0018122196197509766,1.4998912811279297,656160,669094,32,-7.850170135498047,host_receive_nearest,verified,1,1,,,,,,,,,1,,,,,,,,,,,,,subtraction_compliance,80-90%,,,,,,V3,B,326.241,1789893674.171,1789893674.1613376,669094,,,,,,,8991,,,
rating_item_response,1789893675.2316878,2677.456,656431,6,6,,2,G07,B,bbbd_subtraction,rating_item_response,4,,0.0,0.0,,,,,,,"{""client_event_id"":""fbc1b23e-4a25-49f9-b3de-fc90e5917d4b"",""recorder_run_id"":""8b6ce1f9-62a7-4d97-823b-839e8a8c7711"",""client_id"":""b0a244a8-b5e2-4661-b241-de215ec01f7b"",""client_timestamp"":1789893675.2335,""client_monotonic_ms"":3314753.5999999642,""event_timestamp"":1789893675.2316878,""clock_offset_sec"":-0.0018122196197509766,""clock_round_trip_ms"":1.4998912811279297,""subject_id"":""sub-007"",""session_id"":""ses-001"",""block_id"":""Block 6"",""counterbalance_group"":""G07"",""block_order"":""Block 6"",""condition"":""B"",""condition_type"":""bbbd_subtraction"",""topic_key"":""V3"",""topic_name"":""道德经主要讲的是什么"",""event_type"":""rating_item_response"",""iso_time"":""2026-09-20T08:41:15.233Z"",""relative_ms"":478696,""video_time_sec"":326.241,""rating_item"":""subtraction_difficulty"",""rating_value"":""4"",""response_time_ms"":10053}",8b6ce1f9-62a7-4d97-823b-839e8a8c7711,sub-007,ses-001,fbc1b23e-4a25-49f9-b3de-fc90e5917d4b,b0a244a8-b5e2-4661-b241-de215ec01f7b,1789893675.2233374,1789893675.2335,3314753.5999999642,browser_calibrated,-0.0018122196197509766,1.4998912811279297,656430,669364,32,-8.350372314453125,host_receive_nearest,verified,1,1,,,,,,,,,1,,,,,,,,,,,,,subtraction_difficulty,4,,,,,,V3,B,326.241,1789893675.2335,1789893675.2233374,669364,,,,,,,10053,,,
rating_item_response,1789893678.4333878,2680.656,657231,6,6,,2,G07,B,bbbd_subtraction,rating_item_response,583,,0.0,0.0,,,,,,,"{""client_event_id"":""7a6e5235-fcea-4668-b07c-ea443b0f664e"",""recorder_run_id"":""8b6ce1f9-62a7-4d97-823b-839e8a8c7711"",""client_id"":""b0a244a8-b5e2-4661-b241-de215ec01f7b"",""client_timestamp"":1789893678.4352,""client_monotonic_ms"":3317955.2999999523,""event_timestamp"":1789893678.4333878,""clock_offset_sec"":-0.0018122196197509766,""clock_round_trip_ms"":1.4998912811279297,""subject_id"":""sub-007"",""session_id"":""ses-001"",""block_id"":""Block 6"",""counterbalance_group"":""G07"",""block_order"":""Block 6"",""condition"":""B"",""condition_type"":""bbbd_subtraction"",""topic_key"":""V3"",""topic_name"":""道德经主要讲的是什么"",""event_type"":""rating_item_response"",""iso_time"":""2026-09-20T08:41:18.435Z"",""relative_ms"":481898,""video_time_sec"":326.241,""rating_item"":""reported_final_number"",""rating_value"":""583"",""response_time_ms"":13255}",8b6ce1f9-62a7-4d97-823b-839e8a8c7711,sub-007,ses-001,7a6e5235-fcea-4668-b07c-ea443b0f664e,b0a244a8-b5e2-4661-b241-de215ec01f7b,1789893678.4263375,1789893678.4352,3317955.2999999523,browser_calibrated,-0.0018122196197509766,1.4998912811279297,657230,670164,32,-22.050142288208008,host_receive_nearest,verified,1,1,,,,,,,,,1,,,,,,,,,,,,,reported_final_number,583,,,,,,V3,B,326.241,1789893678.4352,1789893678.4263375,670164,,,,,,,13255,,,
rating_end,1789893678.5301878,2680.756,657256,6,6,,2,G07,B,bbbd_subtraction,rating_end,,13.352,0.0,0.0,,,,,,,"{""client_event_id"":""f81e3381-d67c-48a9-847b-eac93cc6ba04"",""recorder_run_id"":""8b6ce1f9-62a7-4d97-823b-839e8a8c7711"",""client_id"":""b0a244a8-b5e2-4661-b241-de215ec01f7b"",""client_timestamp"":1789893678.532,""client_monotonic_ms"":3318052.0999999642,""event_timestamp"":1789893678.5301878,""clock_offset_sec"":-0.0018122196197509766,""clock_round_trip_ms"":1.4998912811279297,""subject_id"":""sub-007"",""session_id"":""ses-001"",""block_id"":""Block 6"",""counterbalance_group"":""G07"",""block_order"":""Block 6"",""condition"":""B"",""condition_type"":""bbbd_subtraction"",""topic_key"":""V3"",""topic_name"":""道德经主要讲的是什么"",""event_type"":""rating_end"",""iso_time"":""2026-09-20T08:41:18.532Z"",""relative_ms"":481995,""video_time_sec"":326.241,""video_id"":""V3"",""course_attention_rating"":4,""mental_effort"":8,""video_interest"":3,""video_difficulty"":4,""subtraction_compliance"":""80-90%"",""subtraction_difficulty"":4,""reported_final_number"":583,""duration_sec"":13.352,""submitted_iso"":""2026-09-20T08:41:18.532Z"",""submitted_relative_ms"":481995}",8b6ce1f9-62a7-4d97-823b-839e8a8c7711,sub-007,ses-001,f81e3381-d67c-48a9-847b-eac93cc6ba04,b0a244a8-b5e2-4661-b241-de215ec01f7b,1789893678.5363376,1789893678.532,3318052.0999999642,browser_calibrated,-0.0018122196197509766,1.4998912811279297,657255,670189,32,-9.850263595581055,host_receive_nearest,verified,1,1,,,,,,,,,1,,,,4,8,3,4,80-90%,80,90,4,583,,,,,,,,V3,B,326.241,1789893678.532,1789893678.5363376,670189,,,,,,,,,,
quiz_start,1789893678.5344875,2680.756,657261,6,6,,2,G07,B,bbbd_subtraction,quiz_start,,,0.0,0.0,,,,,,,"{""client_event_id"":""af507c1f-b204-48e4-87e2-d5df7f0161ab"",""recorder_run_id"":""8b6ce1f9-62a7-4d97-823b-839e8a8c7711"",""client_id"":""b0a244a8-b5e2-4661-b241-de215ec01f7b"",""client_timestamp"":1789893678.5362997,""client_monotonic_ms"":3318056.399999976,""event_timestamp"":1789893678.5344875,""clock_offset_sec"":-0.0018122196197509766,""clock_round_trip_ms"":1.4998912811279297,""subject_id"":""sub-007"",""session_id"":""ses-001"",""block_id"":""Block 6"",""counterbalance_group"":""G07"",""block_order"":""Block 6"",""condition"":""B"",""condition_type"":""bbbd_subtraction"",""topic_key"":""V3"",""topic_name"":""道德经主要讲的是什么"",""event_type"":""quiz_start"",""iso_time"":""2026-09-20T08:41:18.536Z"",""relative_ms"":481999,""video_time_sec"":326.241}",8b6ce1f9-62a7-4d97-823b-839e8a8c7711,sub-007,ses-001,af507c1f-b204-48e4-87e2-d5df7f0161ab,b0a244a8-b5e2-4661-b241-de215ec01f7b,1789893678.5513375,1789893678.5362997,3318056.399999976,browser_calibrated,-0.0018122196197509766,1.4998912811279297,657255,670189,32,-14.149904251098633,host_receive_nearest,verified,1,1,,,,,,,,,1,,,,,,,,,,,,,,,,,,,,V3,B,326.241,1789893678.5362997,1789893678.5513375,670189,,,,,,,,,,
quiz_item_response,1789893687.1889374,2689.42,659426,6,6,,2,G07,B,bbbd_subtraction,quiz_item_response,《道德经》的作者是？,,0.0,0.0,,V3Q1,C,C,True,1448,"{""client_event_id"":""2f4e22f8-5e34-4b8b-b28f-6989054e6073"",""recorder_run_id"":""8b6ce1f9-62a7-4d97-823b-839e8a8c7711"",""client_id"":""b0a244a8-b5e2-4661-b241-de215ec01f7b"",""client_timestamp"":1789893687.1955,""client_monotonic_ms"":3326715.5999999642,""event_timestamp"":1789893687.1889374,""clock_offset_sec"":-0.006562471389770508,""clock_round_trip_ms"":1.399993896484375,""subject_id"":""sub-007"",""session_id"":""ses-001"",""block_id"":""Block 6"",""counterbalance_group"":""G07"",""block_order"":""Block 6"",""condition"":""B"",""condition_type"":""bbbd_subtraction"",""topic_key"":""V3"",""topic_name"":""道德经主要讲的是什么"",""event_type"":""quiz_item_response"",""iso_time"":""2026-09-20T08:41:27.195Z"",""relative_ms"":490658,""video_time_sec"":326.241,""video_id"":""V3"",""question_id"":""V3Q1"",""question_text"":""《道德经》的作者是？"",""response_index"":2,""response_letter"":""C"",""response_text"":""老子"",""correct_index"":2,""correct_letter"":""C"",""correct_text"":""老子"",""is_correct"":true,""reaction_time_ms"":1448,""submitted_iso"":""2026-09-20T08:41:27.195Z"",""submitted_relative_ms"":490658}",8b6ce1f9-62a7-4d97-823b-839e8a8c7711,sub-007,ses-001,2f4e22f8-5e34-4b8b-b28f-6989054e6073,b0a244a8-b5e2-4661-b241-de215ec01f7b,1789893687.1923375,1789893687.1955,3326715.5999999642,browser_calibrated,-0.006562471389770508,1.399993896484375,659421,672355,32,3.400087356567383,host_receive_nearest,verified,1,1,,,,,,,,,1,,,,,,,,,,,,,,,,,《道德经》的作者是？,2,老子,V3,B,326.241,1789893687.1955,1789893687.1923375,672355,,,,,,,,,,
quiz_item_response,1789893687.1940374,2689.436,659431,6,6,,2,G07,B,bbbd_subtraction,quiz_item_response,《道德经》的核心思想是？,,0.0,0.0,,V3Q2,C,C,True,2694,"{""client_event_id"":""cbfba8aa-83f8-440a-9523-6850ace24aff"",""recorder_run_id"":""8b6ce1f9-62a7-4d97-823b-839e8a8c7711"",""client_id"":""b0a244a8-b5e2-4661-b241-de215ec01f7b"",""client_timestamp"":1789893687.2006,""client_monotonic_ms"":3326720.699999988,""event_timestamp"":1789893687.1940374,""clock_offset_sec"":-0.006562471389770508,""clock_round_trip_ms"":1.399993896484375,""subject_id"":""sub-007"",""session_id"":""ses-001"",""block_id"":""Block 6"",""counterbalance_group"":""G07"",""block_order"":""Block 6"",""condition"":""B"",""condition_type"":""bbbd_subtraction"",""topic_key"":""V3"",""topic_name"":""道德经主要讲的是什么"",""event_type"":""quiz_item_response"",""iso_time"":""2026-09-20T08:41:27.200Z"",""relative_ms"":490663,""video_time_sec"":326.241,""video_id"":""V3"",""question_id"":""V3Q2"",""question_text"":""《道德经》的核心思想是？"",""response_index"":2,""response_letter"":""C"",""response_text"":""道法自然"",""correct_index"":2,""correct_letter"":""C"",""correct_text"":""道法自然"",""is_correct"":true,""reaction_time_ms"":2694,""submitted_iso"":""2026-09-20T08:41:27.200Z"",""submitted_relative_ms"":490663}",8b6ce1f9-62a7-4d97-823b-839e8a8c7711,sub-007,ses-001,cbfba8aa-83f8-440a-9523-6850ace24aff,b0a244a8-b5e2-4661-b241-de215ec01f7b,1789893687.2393374,1789893687.2006,3326720.699999988,browser_calibrated,-0.006562471389770508,1.399993896484375,659425,672359,32,-1.6999244689941406,host_receive_nearest,verified,1,1,,,,,,,,,1,,,,,,,,,,,,,,,,,《道德经》的核心思想是？,2,道法自然,V3,B,326.241,1789893687.2006,1789893687.2393374,672359,,,,,,,,,,
quiz_item_response,1789893687.1978374,2689.436,659441,6,6,,2,G07,B,bbbd_subtraction,quiz_item_response,“无为而治”是哪个学派的政治主张？,,0.0,0.0,,V3Q3,B,B,True,6504,"{""client_event_id"":""a4e2e040-1a80-4a2b-a515-440676be50ed"",""recorder_run_id"":""8b6ce1f9-62a7-4d97-823b-839e8a8c7711"",""client_id"":""b0a244a8-b5e2-4661-b241-de215ec01f7b"",""client_timestamp"":1789893687.2043998,""client_monotonic_ms"":3326724.5,""event_timestamp"":1789893687.1978374,""clock_offset_sec"":-0.006562471389770508,""clock_round_trip_ms"":1.399993896484375,""subject_id"":""sub-007"",""session_id"":""ses-001"",""block_id"":""Block 6"",""counterbalance_group"":""G07"",""block_order"":""Block 6"",""condition"":""B"",""condition_type"":""bbbd_subtraction"",""topic_key"":""V3"",""topic_name"":""道德经主要讲的是什么"",""event_type"":""quiz_item_response"",""iso_time"":""2026-09-20T08:41:27.204Z"",""relative_ms"":490667,""video_time_sec"":326.241,""video_id"":""V3"",""question_id"":""V3Q3"",""question_text"":""“无为而治”是哪个学派的政治主张？"",""response_index"":1,""response_letter"":""B"",""response_text"":""道家"",""correct_index"":1,""correct_letter"":""B"",""correct_text"":""道家"",""is_correct"":true,""reaction_time_ms"":6504,""submitted_iso"":""2026-09-20T08:41:27.204Z"",""submitted_relative_ms"":490667}",8b6ce1f9-62a7-4d97-823b-839e8a8c7711,sub-007,ses-001,a4e2e040-1a80-4a2b-a515-440676be50ed,b0a244a8-b5e2-4661-b241-de215ec01f7b,1789893687.2543375,1789893687.2043998,3326724.5,browser_calibrated,-0.006562471389770508,1.399993896484375,659425,672359,32,-5.499839782714844,host_receive_nearest,verified,1,1,,,,,,,,,1,,,,,,,,,,,,,,,,,“无为而治”是哪个学派的政治主张？,1,道家,V3,B,326.241,1789893687.2043998,1789893687.2543375,672359,,,,,,,,,,
quiz_item_response,1789893687.2025373,2689.44,659441,6,6,,2,G07,B,bbbd_subtraction,quiz_item_response,老子认为，世间万物运行的根本规律是什么？,,0.0,0.0,,V3Q4,C,C,True,8271,"{""client_event_id"":""4e5b0cef-5162-44f8-967a-a52bfcf947cf"",""recorder_run_id"":""8b6ce1f9-62a7-4d97-823b-839e8a8c7711"",""client_id"":""b0a244a8-b5e2-4661-b241-de215ec01f7b"",""client_timestamp"":1789893687.2090998,""client_monotonic_ms"":3326729.2999999523,""event_timestamp"":1789893687.2025373,""clock_offset_sec"":-0.006562471389770508,""clock_round_trip_ms"":1.399993896484375,""subject_id"":""sub-007"",""session_id"":""ses-001"",""block_id"":""Block 6"",""counterbalance_group"":""G07"",""block_order"":""Block 6"",""condition"":""B"",""condition_type"":""bbbd_subtraction"",""topic_key"":""V3"",""topic_name"":""道德经主要讲的是什么"",""event_type"":""quiz_item_response"",""iso_time"":""2026-09-20T08:41:27.209Z"",""relative_ms"":490672,""video_time_sec"":326.241,""video_id"":""V3"",""question_id"":""V3Q4"",""question_text"":""老子认为，世间万物运行的根本规律是什么？"",""response_index"":2,""response_letter"":""C"",""response_text"":""道"",""correct_index"":2,""correct_letter"":""C"",""correct_text"":""道"",""is_correct"":true,""reaction_time_ms"":8271,""submitted_iso"":""2026-09-20T08:41:27.209Z"",""submitted_relative_ms"":490672}",8b6ce1f9-62a7-4d97-823b-839e8a8c7711,sub-007,ses-001,4e5b0cef-5162-44f8-967a-a52bfcf947cf,b0a244a8-b5e2-4661-b241-de215ec01f7b,1789893687.2703376,1789893687.2090998,3326729.2999999523,browser_calibrated,-0.006562471389770508,1.399993896484375,659426,672360,32,4.800319671630859,host_receive_nearest,verified,1,1,,,,,,,,,1,,,,,,,,,,,,,,,,,老子认为，世间万物运行的根本规律是什么？,2,道,V3,B,326.241,1789893687.2090998,1789893687.2703376,672360,,,,,,,,,,
quiz_end,1789893687.2078373,2689.456,659446,6,6,,2,G07,B,bbbd_subtraction,quiz_end,4/4,8.678,0.0,0.0,,,,,,,"{""client_event_id"":""3708e30f-ff1b-472a-a579-c2ae5340e402"",""recorder_run_id"":""8b6ce1f9-62a7-4d97-823b-839e8a8c7711"",""client_id"":""b0a244a8-b5e2-4661-b241-de215ec01f7b"",""client_timestamp"":1789893687.2143998,""client_monotonic_ms"":3326734.5,""event_timestamp"":1789893687.2078373,""clock_offset_sec"":-0.006562471389770508,""clock_round_trip_ms"":1.399993896484375,""subject_id"":""sub-007"",""session_id"":""ses-001"",""block_id"":""Block 6"",""counterbalance_group"":""G07"",""block_order"":""Block 6"",""condition"":""B"",""condition_type"":""bbbd_subtraction"",""topic_key"":""V3"",""topic_name"":""道德经主要讲的是什么"",""event_type"":""quiz_end"",""iso_time"":""2026-09-20T08:41:27.214Z"",""relative_ms"":490677,""video_time_sec"":326.241,""score"":4,""total"":4,""duration_sec"":8.678}",8b6ce1f9-62a7-4d97-823b-839e8a8c7711,sub-007,ses-001,3708e30f-ff1b-472a-a579-c2ae5340e402,b0a244a8-b5e2-4661-b241-de215ec01f7b,1789893687.2863376,1789893687.2143998,3326734.5,browser_calibrated,-0.006562471389770508,1.399993896484375,659430,672364,32,-0.499725341796875,host_receive_nearest,verified,1,1,,,,,,,,,1,,,,,,,,,,,,,,,4,4,,,,V3,B,326.241,1789893687.2143998,1789893687.2863376,672364,,,,,,,,,,
block_end,1789893687.2078373,2689.456,659446,6,6,,2,G07,B,bbbd_subtraction,block_end,V3,,0.0,0.0,,,,,,,,8b6ce1f9-62a7-4d97-823b-839e8a8c7711,sub-007,ses-001,3708e30f-ff1b-472a-a579-c2ae5340e402,b0a244a8-b5e2-4661-b241-de215ec01f7b,1789893687.2863376,1789893687.2143998,3326734.5,browser_calibrated,-0.006562471389770508,1.399993896484375,659430,672364,32,-0.499725341796875,host_receive_nearest,verified,1,1,,,,,,,,,1,,,,,,,,,,,,,,,,,,,,V3,B,326.241,1789893687.2143998,1789893687.2863376,672364,,,,,,,,,,
session_integrity_precheck,1789893687.2166374,2689.456,659446,6,6,,2,G07,B,bbbd_subtraction,session_integrity_precheck,FAIL,,0.0,0.0,,,,,,,"{""client_event_id"":""a8d633dc-205f-49e3-bc04-bdf552e31278"",""recorder_run_id"":""8b6ce1f9-62a7-4d97-823b-839e8a8c7711"",""client_id"":""b0a244a8-b5e2-4661-b241-de215ec01f7b"",""client_timestamp"":1789893687.2231998,""client_monotonic_ms"":3326743.2999999523,""event_timestamp"":1789893687.2166374,""clock_offset_sec"":-0.006562471389770508,""clock_round_trip_ms"":1.399993896484375,""subject_id"":""sub-007"",""session_id"":""ses-001"",""block_id"":""Block 6"",""counterbalance_group"":""G07"",""block_order"":""Block 6"",""condition"":""B"",""condition_type"":""bbbd_subtraction"",""topic_key"":""V3"",""topic_name"":""道德经主要讲的是什么"",""event_type"":""session_integrity_precheck"",""iso_time"":""2026-09-20T08:41:27.223Z"",""relative_ms"":490686,""video_time_sec"":326.241,""event_value"":""FAIL"",""notes"":""Block 9/6;probe 71/24;问卷 21/6;课堂题 80/24""}",8b6ce1f9-62a7-4d97-823b-839e8a8c7711,sub-007,ses-001,a8d633dc-205f-49e3-bc04-bdf552e31278,b0a244a8-b5e2-4661-b241-de215ec01f7b,1789893687.2863376,1789893687.2231998,3326743.2999999523,browser_calibrated,-0.006562471389770508,1.399993896484375,659430,672364,32,-9.299755096435547,host_receive_nearest,verified,0,0,,,,,,,,,1,,,,,,,,,,,,,,,,,,,,V3,B,326.241,1789893687.2231998,1789893687.2863376,672364,,,,,,,,,,
qc_status_change,1789893689.2393374,2691.476,659936,,,,,G07,,,qc_status_change,warning,,0.0,0.0,,,,,,,通道2 RMS相对基线异常，正在确认是否持续。,8b6ce1f9-62a7-4d97-823b-839e8a8c7711,sub-007,ses-001,,,1789893689.2393374,,,server,,,659935,672869,32,0.0,host_receive_nearest,,,,,,,,,,,,0,,,,,,,,,,,,,,,,,,,,,,,,1789893689.2393374,672869,,,,,,,,,,
qc_status_change,1789893691.2393374,2693.456,660431,,,,,G07,,,qc_status_change,good,,0.0,0.0,,,,,,,当前QC指标正常。,8b6ce1f9-62a7-4d97-823b-839e8a8c7711,sub-007,ses-001,,,1789893691.2393374,,,server,,,660430,673364,32,-16.000032424926758,host_receive_nearest,,,,,,,,,,,,0,,,,,,,,,,,,,,,,,,,,,,,,1789893691.2393374,673364,,,,,,,,,,
qc_status_change,1789893697.2543375,2699.496,661941,,,,,G07,,,qc_status_change,bad,,0.0,0.0,,,,,,,通道1出现饱和（6.255%）。; 通道1出现极端幅值。; 通道2出现饱和（5.498%）。; 通道2出现极端幅值。,8b6ce1f9-62a7-4d97-823b-839e8a8c7711,sub-007,ses-001,,,1789893697.2543375,,,server,,,661940,674874,32,-15.000104904174805,host_receive_nearest,,,,,,,,,,,,0,,,,,,,,,,,,,,,,,,,,,,,,1789893697.2543375,674874,,,,,,,,,,
browser_shutdown_ready,1789893710.7728374,2713.016,665321,6,6,,2,G07,B,bbbd_subtraction,browser_shutdown_ready,326.241,,0.0,0.0,,,,,,,"{""client_event_id"":""ed056c03-5571-4ad8-9ae6-f327648bf8b7"",""recorder_run_id"":""8b6ce1f9-62a7-4d97-823b-839e8a8c7711"",""client_id"":""b0a244a8-b5e2-4661-b241-de215ec01f7b"",""client_timestamp"":1789893710.7793999,""client_monotonic_ms"":3350299.5,""event_timestamp"":1789893710.7728374,""clock_offset_sec"":-0.006562471389770508,""clock_round_trip_ms"":1.399993896484375,""subject_id"":""sub-007"",""session_id"":""ses-001"",""block_id"":""Block 6"",""counterbalance_group"":""G07"",""block_order"":""Block 6"",""condition"":""B"",""condition_type"":""bbbd_subtraction"",""topic_key"":""V3"",""topic_name"":""道德经主要讲的是什么"",""event_type"":""browser_shutdown_ready"",""iso_time"":""2026-09-20T08:41:50.779Z"",""relative_ms"":514242,""video_time_sec"":326.241,""shutdown_request_id"":""d6666f6e-068a-4745-8088-206daa14a83a""}",8b6ce1f9-62a7-4d97-823b-839e8a8c7711,sub-007,ses-001,ed056c03-5571-4ad8-9ae6-f327648bf8b7,b0a244a8-b5e2-4661-b241-de215ec01f7b,1789893710.7703376,1789893710.7793999,3350299.5,browser_calibrated,-0.006562471389770508,1.399993896484375,665320,678254,32,-2.499818801879883,host_receive_nearest,verified,0,0,,,,,,,,,1,,,,,,,,,,,,,,,,,,,,V3,B,326.241,1789893710.7793999,1789893710.7703376,678254,,,,,,,,,,
session_end,1789893710.8643374,2713.096,665341,,,,,G07,,,session_end,,,0.0,0.0,,,,,,,,8b6ce1f9-62a7-4d97-823b-839e8a8c7711,sub-007,ses-001,,,1789893710.8643374,,,server,,,665340,678274,32,0.0,host_receive_nearest,,,,,,,,,,,,0,,,,,,,,,,,,,,,,,,,,,,,,1789893710.8643374,678274,,,,,,,,,,
