qc_timestamp,sample_time_sec,context,window_duration_sec,sample_count,estimated_sample_rate_hz,missing_packets,packet_loss_rate_pct,duplicate_packets_total,channel_0_saturation_rate_pct,channel_1_saturation_rate_pct,signal_alive,status,messages,channel_0_rms_counts,channel_0_constant_value,channel_0_near_zero_rms,channel_0_longest_unchanged_sec,channel_0_invalid_flatline,channel_1_rms_counts,channel_1_constant_value,channel_1_near_zero_rms,channel_1_longest_unchanged_sec,channel_1_invalid_flatline
1789747556.3552306,0.0,runtime,0.0,0,,0,,0,,,False,bad,已连续 2.2 秒没有EEG，请立即重新连接耳机。,,,,0.0,False,,,,0.0,False
1789747558.3562462,0.0,runtime,0.0,0,,0,,0,,,False,bad,已连续 4.2 秒没有EEG，请立即重新连接耳机。,,,,0.0,False,,,,0.0,False
1789747560.3703196,0.0,runtime,0.0,0,,0,,0,,,False,bad,已连续 6.2 秒没有EEG，请立即重新连接耳机。,,,,0.0,False,,,,0.0,False
1789747562.3851836,0.0,runtime,0.0,0,,0,,0,,,False,bad,已连续 8.2 秒没有EEG，请立即重新连接耳机。,,,,0.0,False,,,,0.0,False
1789747564.3931186,0.0,runtime,0.0,0,,0,,0,,,False,bad,已连续 10.2 秒没有EEG，请立即重新连接耳机。,,,,0.0,False,,,,0.0,False
1789747566.4052815,0.0,runtime,0.0,0,,0,,0,,,False,bad,已连续 12.2 秒没有EEG，请立即重新连接耳机。,,,,0.0,False,,,,0.0,False
1789747568.4071612,0.0,runtime,0.0,0,,0,,0,,,False,bad,已连续 14.2 秒没有EEG，请立即重新连接耳机。,,,,0.0,False,,,,0.0,False
1789747570.408429,0.0,runtime,0.0,0,,0,,0,,,False,bad,已连续 16.2 秒没有EEG，请立即重新连接耳机。,,,,0.0,False,,,,0.0,False
1789747572.412113,0.0,runtime,0.0,0,,0,,0,,,False,bad,已连续 18.2 秒没有EEG，请立即重新连接耳机。,,,,0.0,False,,,,0.0,False
1789747574.4130156,0.0,runtime,0.0,0,,0,,0,,,False,bad,已连续 20.2 秒没有EEG，请立即重新连接耳机。,,,,0.0,False,,,,0.0,False
1789747576.4266188,0.0,runtime,0.0,0,,0,,0,,,False,bad,已连续 22.3 秒没有EEG，请立即重新连接耳机。,,,,0.0,False,,,,0.0,False
1789747578.4382708,0.0,runtime,0.0,0,,0,,0,,,False,bad,已连续 24.3 秒没有EEG，请立即重新连接耳机。,,,,0.0,False,,,,0.0,False
1789747580.4507902,0.0,runtime,0.0,0,,0,,0,,,False,bad,已连续 26.3 秒没有EEG，请立即重新连接耳机。,,,,0.0,False,,,,0.0,False
1789747582.452342,0.0,runtime,0.0,0,,0,,0,,,False,bad,已连续 28.3 秒没有EEG，请立即重新连接耳机。,,,,0.0,False,,,,0.0,False
1789747584.4553337,0.0,runtime,0.0,0,,0,,0,,,False,bad,已连续 30.3 秒没有EEG，请立即重新连接耳机。,,,,0.0,False,,,,0.0,False
1789747586.4575388,0.0,runtime,0.0,0,,0,,0,,,False,bad,已连续 32.3 秒没有EEG，请立即重新连接耳机。,,,,0.0,False,,,,0.0,False
1789747588.4668293,0.0,runtime,0.0,0,,0,,0,,,False,bad,已连续 34.3 秒没有EEG，请立即重新连接耳机。,,,,0.0,False,,,,0.0,False
1789747590.4726284,0.0,runtime,0.0,0,,0,,0,,,False,bad,已连续 36.3 秒没有EEG，请立即重新连接耳机。,,,,0.0,False,,,,0.0,False
1789747592.4750514,0.0,runtime,0.0,0,,0,,0,,,False,bad,已连续 38.3 秒没有EEG，请立即重新连接耳机。,,,,0.0,False,,,,0.0,False
1789747594.4872696,0.0,runtime,0.0,0,,0,,0,,,False,bad,已连续 40.3 秒没有EEG，请立即重新连接耳机。,,,,0.0,False,,,,0.0,False
1789747596.4897146,0.0,runtime,0.0,0,,0,,0,,,False,bad,已连续 42.3 秒没有EEG，请立即重新连接耳机。,,,,0.0,False,,,,0.0,False
1789747598.5062938,0.0,runtime,0.0,0,,0,,0,,,False,bad,已连续 44.3 秒没有EEG，请立即重新连接耳机。,,,,0.0,False,,,,0.0,False
1789747600.518946,0.0,runtime,0.0,0,,0,,0,,,False,bad,已连续 46.3 秒没有EEG，请立即重新连接耳机。,,,,0.0,False,,,,0.0,False
1789747602.5260596,0.0,runtime,0.0,0,,0,,0,,,False,bad,已连续 48.4 秒没有EEG，请立即重新连接耳机。,,,,0.0,False,,,,0.0,False
1789747604.5397966,0.0,runtime,0.0,0,,0,,0,,,False,bad,已连续 50.4 秒没有EEG，请立即重新连接耳机。,,,,0.0,False,,,,0.0,False
1789747606.5441291,0.0,runtime,0.0,0,,0,,0,,,False,bad,已连续 52.4 秒没有EEG，请立即重新连接耳机。,,,,0.0,False,,,,0.0,False
1789747608.5568488,0.0,runtime,0.0,0,,0,,0,,,False,bad,已连续 54.4 秒没有EEG，请立即重新连接耳机。,,,,0.0,False,,,,0.0,False
1789747610.5717905,0.0,runtime,0.0,0,,0,,0,,,False,bad,已连续 56.4 秒没有EEG，请立即重新连接耳机。,,,,0.0,False,,,,0.0,False
1789747612.5849874,0.0,runtime,0.0,0,,0,,0,,,False,bad,已连续 58.4 秒没有EEG，请立即重新连接耳机。,,,,0.0,False,,,,0.0,False
1789747614.59741,0.0,runtime,0.0,0,,0,,0,,,False,bad,已连续 60.4 秒没有EEG，请立即重新连接耳机。,,,,0.0,False,,,,0.0,False
1789747616.6085634,0.0,runtime,0.0,0,,0,,0,,,False,bad,已连续 62.4 秒没有EEG，请立即重新连接耳机。,,,,0.0,False,,,,0.0,False
1789747618.6239076,0.0,runtime,0.0,0,,0,,0,,,False,bad,已连续 64.5 秒没有EEG，请立即重新连接耳机。,,,,0.0,False,,,,0.0,False
1789747620.6382248,0.0,runtime,0.0,0,,0,,0,,,False,bad,已连续 66.5 秒没有EEG，请立即重新连接耳机。,,,,0.0,False,,,,0.0,False
1789747622.6474438,0.0,runtime,0.0,0,,0,,0,,,False,bad,已连续 68.5 秒没有EEG，请立即重新连接耳机。,,,,0.0,False,,,,0.0,False
1789747624.663076,0.0,runtime,0.0,0,,0,,0,,,False,bad,已连续 70.5 秒没有EEG，请立即重新连接耳机。,,,,0.0,False,,,,0.0,False
1789747626.674816,0.0,runtime,0.0,0,,0,,0,,,False,bad,已连续 72.5 秒没有EEG，请立即重新连接耳机。,,,,0.0,False,,,,0.0,False
1789747628.6900084,0.0,runtime,0.0,0,,0,,0,,,False,bad,已连续 74.5 秒没有EEG，请立即重新连接耳机。,,,,0.0,False,,,,0.0,False
1789747630.6903744,1.472,runtime,1.4355440139770508,369,256.348810218983,0,0.0,0,0.0,0.0,True,waiting,等待至少2秒EEG数据。,192866.4983839094,False,False,0.0,False,146630.15441054653,False,False,0.0,False
1789747632.692527,3.472,runtime,3.4472126960754395,869,251.79763377762998,0,0.0,0,0.0,0.0,True,good,当前QC指标正常。,190836.65899085067,False,False,0.0,False,145185.65847419333,False,False,0.0,False
1789747634.7011454,5.452,runtime,5.4558165073394775,1364,249.8251174991707,0,0.0,0,0.0,0.0,True,good,当前QC指标正常。,189418.70571394105,False,False,0.0,False,144206.83336297036,False,False,0.0,False
1789747636.7112243,7.492,runtime,7.465890407562256,1874,250.87429599861585,0,0.0,0,0.0,0.0,True,good,当前QC指标正常。,187943.592347668,False,False,0.0,False,143249.232052771,False,False,0.0,False
1789747638.7145042,9.492,runtime,9.447372913360596,2374,251.1809390570444,0,0.0,0,0.0,0.0,True,good,当前QC指标正常。,186259.34801432965,False,False,0.0,False,142118.33185317746,False,False,0.0,False
1789747640.7202988,11.492,runtime,9.93009638786316,2495,251.15566884609865,0,0.0,0,0.0,0.0,True,good,当前QC指标正常。,183472.2983607775,False,False,0.0,False,140210.24907265915,False,False,0.0,False
1789747642.7334132,13.512,runtime,9.96010947227478,2500,250.90085675827976,0,0.0,0,0.0,0.0,True,good,当前QC指标正常。,180400.44266795303,False,False,0.0,False,138115.51891744172,False,False,0.0,False
1789747644.7377145,15.512,runtime,9.95998501777649,2500,250.90399187747852,0,0.0,0,0.0,0.0,True,good,当前QC指标正常。,177275.0560292335,False,False,0.0,False,136056.89335543042,False,False,0.0,False
1789747646.7441797,17.532,baseline,1.7417323589324951,445,254.9186146326907,0,0.0,0,0.0,0.0,True,waiting,等待至少2秒EEG数据。,168545.65730186563,False,False,0.0,False,130581.04251856479,False,False,0.0,False
1789747648.756862,19.492,baseline,3.7503252029418945,935,249.04506928288131,0,0.0,0,0.0,0.0,True,good,当前QC指标正常。,167760.9348857503,False,False,0.0,False,130112.38350116141,False,False,0.0,False
1789747650.7666821,21.552,baseline,5.76002836227417,1450,251.56126131085696,0,0.0,0,0.0,0.0,True,good,当前QC指标正常。,166673.2346393657,False,False,0.0,False,129432.79582594705,False,False,0.0,False
1789747652.7809677,23.532,baseline,7.740039348602295,1945,251.16151384308526,0,0.0,0,0.0,0.0,True,good,当前QC指标正常。,165820.84536967624,False,False,0.0,False,128957.50840244064,False,False,0.0,False
1789747654.7945745,25.572,baseline,9.783727645874023,2455,250.82464361473683,0,0.0,0,0.0,0.0,True,good,当前QC指标正常。,164820.3994051278,False,False,0.0,False,128348.37873447755,False,False,0.0,False
1789747656.796367,27.592,baseline,11.793680906295776,2960,250.8970713647516,0,0.0,0,0.0,0.0,True,good,当前QC指标正常。,163880.0148757407,False,False,0.0,False,127780.78332033507,False,False,0.0,False
1789747658.8095899,29.592,baseline,13.800090312957764,3460,250.65053355137317,0,0.0,0,0.0,0.0,True,good,当前QC指标正常。,162962.753176355,False,False,0.0,False,127209.94230907777,False,False,0.0,False
1789747660.8218355,31.552,baseline,15.751876831054688,3950,250.7002843124434,0,0.0,0,0.0,0.0,True,good,当前QC指标正常。,162043.26710469235,False,False,0.0,False,126631.74023503494,False,False,0.0,False
1789747662.826753,33.612,baseline,17.82017230987549,4465,250.50262827852478,0,0.0,0,0.0,0.0,True,good,当前QC指标正常。,161166.0308745912,False,False,0.0,False,126063.88780080497,False,False,0.0,False
1789747664.8436115,35.632,baseline,19.83200430870056,4970,250.55460470125223,0,0.0,0,0.0,0.0,True,good,当前QC指标正常。,160344.50926817328,False,False,0.0,False,125552.41138536544,False,False,0.0,False
1789747666.8609562,37.632,baseline,21.840299129486084,5470,250.4086582136794,0,0.0,0,0.0,0.0,True,good,当前QC指标正常。,159519.78399188927,False,False,0.0,False,125013.97031230466,False,False,0.0,False
1789747668.8712387,39.672,baseline,23.880218982696533,5980,250.3745884546682,0,0.0,0,0.0,0.0,True,good,当前QC指标正常。,158707.48145796088,False,False,0.0,False,124484.68053122619,False,False,0.0,False
1789747670.8814366,41.652,baseline,25.890416383743286,6475,250.0539158599649,0,0.0,0,0.0,0.0,True,good,当前QC指标正常。,157951.27201763957,False,False,0.0,False,123988.54752476844,False,False,0.0,False
1789747672.8879902,43.672,baseline,27.87203884124756,6980,250.3943123698524,0,0.0,0,0.0,0.0,True,good,当前QC指标正常。,157231.4977356213,False,False,0.0,False,123502.93160041966,False,False,0.0,False
1789747674.8927202,45.672,baseline,29.880187273025513,7480,250.29963606525666,0,0.0,0,0.0,0.0,True,good,当前QC指标正常。,156521.19755149505,False,False,0.0,False,123017.83932630628,False,False,0.0,False
1789747676.9046829,47.692,baseline,31.892098665237427,7985,250.34413958785993,0,0.0,0,0.0,0.0,True,good,当前QC指标正常。,155823.95563042996,False,False,0.0,False,122534.98956225751,False,False,0.0,False
1789747678.9368827,49.732,runtime,9.963697910308838,2500,250.81049450670673,0,0.0,0,0.0,0.0,True,good,当前QC指标正常。,145415.5136987404,False,False,0.0,False,116002.83388712253,False,False,0.0,False
1789747680.948127,51.732,runtime,9.965624332427979,2495,250.26028644131856,0,0.0,0,0.0,0.0,True,good,当前QC指标正常。,142236.94131068626,False,False,0.0,False,112944.46000754612,False,False,0.0,False
1789747682.9641407,53.752,runtime,9.961799144744873,2500,250.85830016140127,0,0.0,0,0.0,0.0,True,good,当前QC指标正常。,132854.87477920056,False,False,0.0,False,106234.04046504377,False,False,0.0,False
1789747684.9754567,55.732,runtime,9.931827783584595,2490,250.6084533718798,0,0.0,0,0.0,1.0441767068273093,True,warning,通道2出现饱和（1.044%）。,187916.47501961622,False,False,0.0,False,1090970.2495100137,False,False,0.1,False
1789747686.9791915,57.772,runtime,9.962307691574097,2500,250.84549457487645,0,0.0,0,0.0,1.76,True,warning,通道2出现饱和（1.760%）。,204065.29937851382,False,False,0.0,False,1329096.131386262,False,False,0.172,False
1789747688.9883776,59.772,runtime,9.960394859313965,2495,250.3916797703919,0,0.0,0,0.0,1.7635270541082164,True,warning,通道2出现饱和（1.764%）。,242636.22553060937,False,False,0.0,False,1333888.4705719503,False,False,0.172,False
1789747690.991541,61.792,runtime,9.990188598632812,2510,251.14640982287003,0,0.0,0,0.0,1.7529880478087652,True,warning,通道2出现饱和（1.753%）。,274193.72441110946,False,False,0.0,False,1334230.2117058304,False,False,0.172,False
1789747692.9966602,63.792,runtime,9.990086078643799,2510,251.14898713071034,0,0.0,0,0.0,1.7529880478087652,True,warning,通道2出现饱和（1.753%）。,299542.33382449136,False,False,0.0,False,1338626.682786395,False,False,0.172,False
1789747695.0035481,65.792,runtime,9.992072343826294,2500,250.09826930887198,0,0.0,0,0.0,0.12,True,warning,通道2出现饱和（0.120%）。,274743.172072675,False,False,0.0,False,497941.36163654854,False,False,0.008,False
1789747697.0073721,67.772,runtime,9.933614492416382,2500,251.57006061668804,0,0.0,0,0.0,0.0,True,good,当前QC指标正常。,285546.52041409066,False,False,0.0,False,213954.06282759484,False,False,0.0,False
1789747699.0217867,69.812,runtime,9.990270137786865,2500,250.14338606799686,0,0.0,0,0.0,0.0,True,good,当前QC指标正常。,277929.5873741792,False,False,0.0,False,212216.28766350858,False,False,0.0,False
1789747701.0317903,71.832,runtime,9.990323305130005,2505,250.64253913726722,0,0.0,0,0.0,0.0,True,good,当前QC指标正常。,267983.08040256286,False,False,0.0,False,207396.26372380395,False,False,0.0,False
1789747703.047983,73.812,runtime,9.965416431427002,2495,250.26550743377922,0,0.0,0,0.0,0.0,True,good,当前QC指标正常。,259805.61174409004,False,False,0.0,False,203085.14403287636,False,False,0.0,False
1789747705.0603266,75.832,runtime,9.961899757385254,2500,250.85576655671187,0,0.0,0,0.0,0.0,True,good,当前QC指标正常。,253526.10229823907,False,False,0.0,False,199951.51071446127,False,False,0.0,False
1789747707.0622816,77.852,runtime,9.990602254867554,2500,250.13507056418487,0,0.0,0,0.0,0.0,True,good,当前QC指标正常。,247356.70652240314,False,False,0.0,False,196414.1191575646,False,False,0.0,False
1789747709.0719025,79.872,runtime,9.990234136581421,2505,250.64477626515858,0,0.0,0,0.0,0.0,True,good,当前QC指标正常。,241727.15280729468,False,False,0.0,False,192966.33803095252,False,False,0.0,False
1789747711.0766637,81.852,runtime,9.960255861282349,2495,250.39517405318,0,0.0,0,0.0,0.0,True,good,当前QC指标正常。,236014.86630111956,False,False,0.0,False,189141.63604849658,False,False,0.0,False
1789747713.0783663,83.872,runtime,9.961528301239014,2500,250.8651207354573,0,0.0,0,0.0,0.0,True,good,当前QC指标正常。,231381.8697360565,False,False,0.0,False,186101.065016998,False,False,0.0,False
1789747715.0943112,85.872,runtime,9.928263902664185,2495,251.2020252937426,0,0.0,0,0.0,0.0,True,good,当前QC指标正常。,227002.62004679162,False,False,0.0,False,183205.88193005422,False,False,0.0,False
1789747717.0996397,87.872,runtime,9.930178165435791,2495,251.1536005145331,0,0.0,0,0.0,0.0,True,good,当前QC指标正常。,223337.878028131,False,False,0.0,False,180774.5445140447,False,False,0.0,False
1789747719.114614,89.892,runtime,9.960235118865967,2495,250.39569550683026,0,0.0,0,0.0,0.0,True,good,当前QC指标正常。,219906.06526393906,False,False,0.0,False,178527.430630618,False,False,0.0,False
1789747721.1268532,91.912,runtime,9.962145805358887,2500,250.8495708480522,0,0.0,0,0.0,0.0,True,good,当前QC指标正常。,216251.8803336007,False,False,0.0,False,176051.6342181783,False,False,0.0,False
1789747723.1412444,93.912,runtime,9.96536374092102,2495,250.266830678626,0,0.0,0,0.0,0.0,True,good,当前QC指标正常。,212797.69681157963,False,False,0.0,False,173732.2591320437,False,False,0.0,False
1789747725.152132,95.852,runtime,9.990260124206543,2480,248.1416869209789,0,0.0,0,0.0,0.0,True,good,当前QC指标正常。,209397.3321832949,False,False,0.0,False,171331.23404145284,False,False,0.0,False
1789747727.1575906,97.912,runtime,9.933517217636108,2490,250.5658313634363,0,0.0,0,0.0,0.0,True,good,当前QC指标正常。,207173.95577804436,False,False,0.0,False,170003.20426928057,False,False,0.0,False
1789747729.1676893,99.952,runtime,9.961771965026855,2500,250.85898460367568,0,0.0,0,0.0,0.0,True,good,当前QC指标正常。,205020.79140810433,False,False,0.0,False,168657.00123117195,False,False,0.0,False
1789747731.1720142,101.892,runtime,9.900239706039429,2485,250.90301586179666,0,0.0,0,0.0,0.0,True,good,当前QC指标正常。,202755.12803439284,False,False,0.0,False,167113.11463993895,False,False,0.0,False
1789747733.186829,103.932,runtime,9.930413246154785,2490,250.64415128582695,0,0.0,0,0.0,0.0,True,good,当前QC指标正常。,209275.1400125761,False,False,0.0,False,172549.53640117834,False,False,0.0,False
1789747735.188849,105.972,runtime,9.960590362548828,2510,251.89269999835318,0,0.0,0,0.0,0.0,True,good,当前QC指标正常。,220578.01458665758,False,False,0.0,False,181611.15374847502,False,False,0.0,False
1789747737.206061,107.992,runtime,9.961665630340576,2505,251.3635864642439,0,0.0,0,0.0,0.0,True,good,当前QC指标正常。,230885.12470107942,False,False,0.0,False,189937.51761790935,False,False,0.0,False
1789747739.2081645,109.992,runtime,9.958293914794922,2505,251.448694065942,0,0.0,0,0.0,0.0,True,good,当前QC指标正常。,231772.5921851279,False,False,0.0,False,190213.8756291926,False,False,0.0,False
1789747741.2150362,112.012,runtime,9.903518199920654,2500,252.33456934728727,0,0.0,0,0.0,0.0,True,good,当前QC指标正常。,234774.92084666964,False,False,0.0,False,192736.78515448957,False,False,0.0,False
1789747743.224855,114.012,runtime,9.984894514083862,2500,250.27805716676508,0,0.0,0,0.0,0.0,True,good,当前QC指标正常。,226473.83557356003,False,False,0.0,False,186003.58686580663,False,False,0.0,False
1789747745.2274966,116.032,runtime,9.995489358901978,2505,250.5129974221761,0,0.0,0,0.0,0.0,True,good,当前QC指标正常。,212489.96108322704,False,False,0.0,False,174819.44158269677,False,False,0.0,False
1789747747.2306185,117.912,runtime,9.87192440032959,2475,250.60969874499867,0,0.0,0,0.0,0.0,True,good,当前QC指标正常。,197749.7008686998,False,False,0.0,False,162536.5686687313,False,False,0.0,False
1789747749.2442677,120.012,runtime,9.992329597473145,2495,249.59144668633445,0,0.0,0,0.0,0.0,True,good,当前QC指标正常。,194893.3021939981,False,False,0.0,False,160872.80276785424,False,False,0.0,False
1789747751.2523332,122.052,runtime,9.990211963653564,2505,250.64533256251863,0,0.0,0,0.0,0.0,True,good,当前QC指标正常。,190789.75644971072,False,False,0.0,False,157931.5013871156,False,False,0.0,False
1789747753.2618613,124.032,runtime,9.96017074584961,2495,250.39731382509146,0,0.0,0,0.0,0.0,True,good,当前QC指标正常。,190515.51567566924,False,False,0.0,False,158401.26477886818,False,False,0.0,False
1789747755.2714612,126.012,runtime,9.930063247680664,2490,250.65298557704037,0,0.0,0,0.0,0.0,True,good,当前QC指标正常。,194083.7957346058,False,False,0.0,False,162577.04315332987,False,False,0.0,False
1789747757.2821574,128.072,runtime,9.99004316329956,2500,250.14906934342193,0,0.0,0,0.0,0.0,True,good,当前QC指标正常。,198157.4255298008,False,False,0.0,False,167101.00997784623,False,False,0.0,False
1789747759.2870371,130.072,runtime,9.961824417114258,2505,251.3595798474592,0,0.0,0,0.0,0.0,True,good,当前QC指标正常。,199764.29099531635,False,False,0.0,False,169241.54635325476,False,False,0.0,False
1789747761.291176,132.072,runtime,9.961988925933838,2505,251.3554289827997,0,0.0,0,0.0,0.0,True,good,当前QC指标正常。,200773.6273409476,False,False,0.0,False,170847.39677944177,False,False,0.0,False
1789747763.2932966,134.092,runtime,9.96369457244873,2505,251.31240041459878,0,0.0,0,0.0,0.0,True,good,当前QC指标正常。,201627.3512059376,False,False,0.0,False,172161.80568180996,False,False,0.0,False
1789747765.2949958,136.092,runtime,9.990175008773804,2505,250.64625973027287,0,0.0,0,0.0,0.0,True,good,当前QC指标正常。,198978.65294223902,False,False,0.0,False,169824.6127166899,False,False,0.0,False
1789747767.3000507,138.072,runtime,9.95856499671936,2495,250.43768864506038,0,0.0,0,0.0,0.0,True,good,当前QC指标正常。,196300.35801208392,False,False,0.0,False,167421.20510761708,False,False,0.0,False
1789747769.3162146,140.052,runtime,9.933641195297241,2490,250.56270415508223,0,0.0,0,0.0,0.0,True,good,当前QC指标正常。,193500.82237299765,False,False,0.0,False,164900.3765446071,False,False,0.0,False
1789747771.322601,142.092,runtime,9.99028730392456,2505,250.6434423578924,0,0.0,0,0.0,0.0,True,good,当前QC指标正常。,190050.64272860682,False,False,0.0,False,161713.55946143574,False,False,0.0,False
1789747773.3278842,144.108,runtime,9.962317943572998,2499,250.74485818950777,0,0.0,0,0.0,0.0,True,good,当前QC指标正常。,185192.06566454755,False,False,0.0,False,157431.01874100193,False,False,0.0,False
1789747775.338285,146.108,runtime,9.960050582885742,2494,250.29993364528667,0,0.0,0,0.0,0.0,True,good,当前QC指标正常。,180041.28420702886,False,False,0.0,False,152856.57742560387,False,False,0.0,False
1789747777.3401616,148.128,runtime,9.931783437728882,2499,251.51575400955602,0,0.0,0,0.0,0.0,True,good,当前QC指标正常。,174883.3845595025,False,False,0.0,False,148325.46697842484,False,False,0.0,False
1789747779.3456123,150.128,runtime,9.98659610748291,2509,251.1366208272674,0,0.0,0,0.0,0.0,True,good,当前QC指标正常。,169779.89849752802,False,False,0.0,False,143839.79409530206,False,False,0.0,False
1789747781.3596768,152.148,runtime,9.903563499450684,2504,252.7373101751539,0,0.0,0,0.0,0.0,True,good,当前QC指标正常。,166260.5595652979,False,False,0.0,False,140843.50840721352,False,False,0.0,False
1789747783.37225,154.148,runtime,9.9635329246521,2505,251.3164776928193,0,0.0,0,0.0,0.0,True,good,当前QC指标正常。,164402.20970154268,False,False,0.0,False,139234.13772237528,False,False,0.0,False
1789747785.3776336,156.148,runtime,9.905423879623413,2495,251.78124937494522,0,0.0,0,0.0,0.0,True,good,当前QC指标正常。,163888.9436125271,False,False,0.0,False,138980.94840247015,False,False,0.0,False
1789747787.3936152,158.148,runtime,9.933703184127808,2490,250.56114058017704,0,0.0,0,0.0,0.0,True,good,当前QC指标正常。,163566.32989018637,False,False,0.0,False,138865.4416863802,False,False,0.0,False
1789747789.3993514,160.188,runtime,9.931639432907104,2500,251.62008919896059,0,0.0,0,0.0,0.0,True,good,当前QC指标正常。,163407.01745558536,False,False,0.0,False,138870.24269824836,False,False,0.0,False
1789747791.40205,162.128,runtime,9.933794260025024,2490,250.55884336321355,0,0.0,0,0.0,0.0,True,good,当前QC指标正常。,162469.70127299236,False,False,0.0,False,138119.2844446148,False,False,0.0,False
1789747793.4042487,164.188,runtime,9.961827039718628,2500,250.85759771137165,0,0.0,0,0.0,0.0,True,good,当前QC指标正常。,161026.7514175602,False,False,0.0,False,136888.04671894744,False,False,0.0,False
1789747795.4077034,166.148,runtime,9.930021286010742,2490,250.65404477092753,0,0.0,0,0.0,0.0,True,good,当前QC指标正常。,159605.1906098156,False,False,0.0,False,135632.6438412413,False,False,0.0,False
1789747797.4190385,168.208,runtime,9.967549324035645,2500,250.71358252263045,0,0.0,0,0.0,0.0,True,good,当前QC指标正常。,161390.96552338384,False,False,0.0,False,137061.1180625096,False,False,0.0,False
1789747799.432824,170.228,runtime,9.990351915359497,2505,250.64182135068413,0,0.0,0,0.0,0.0,True,good,当前QC指标正常。,163931.34523802984,False,False,0.0,False,139129.7340141715,False,False,0.0,False
1789747801.4427857,172.228,runtime,9.988287687301636,2525,252.69596541645726,0,0.0,0,0.0,0.0,True,good,当前QC指标正常。,166181.38765328054,False,False,0.0,False,140982.56993995825,False,False,0.0,False
1789747803.4479744,174.228,runtime,9.961703538894653,2505,251.36262991799924,0,0.0,0,0.0,0.0,True,good,当前QC指标正常。,168850.98321325055,False,False,0.0,False,143254.4822316246,False,False,0.0,False
1789747805.4611528,176.228,runtime,9.961723566055298,2520,252.8678881015656,0,0.0,0,0.0,0.0,True,good,当前QC指标正常。,171507.67729045736,False,False,0.0,False,145556.05762593367,False,False,0.0,False
1789747807.4729667,178.268,runtime,9.990269899368286,2505,250.64387901655542,0,0.0,0,0.0,0.0,True,good,当前QC指标正常。,171068.82696635992,False,False,0.0,False,145227.13945253644,False,False,0.0,False
1789747809.4777577,180.168,runtime,9.87181830406189,2475,250.61239214482302,0,0.0,0,0.0,0.0,True,good,当前QC指标正常。,170040.41275239416,False,False,0.0,False,144391.26602929094,False,False,0.0,False
1789747811.4928896,182.288,runtime,9.990152835845947,2505,250.64681603421795,0,0.0,0,0.0,0.0,True,good,当前QC指标正常。,169777.51573075002,False,False,0.0,False,144242.7570727796,False,False,0.0,False
1789747813.5029418,184.288,runtime,9.990115880966187,2500,250.1472485180333,0,0.0,0,0.0,0.0,True,good,当前QC指标正常。,169623.81381997975,False,False,0.0,False,144192.03768096122,False,False,0.0,False
1789747815.5198264,186.288,runtime,9.963497400283813,2500,250.8155419329778,0,0.0,0,0.0,0.0,True,good,当前QC指标正常。,169618.37659251166,False,False,0.0,False,144285.17693690528,False,False,0.0,False
1789747817.5372267,188.288,runtime,9.930203199386597,2490,250.6494529894161,0,0.0,0,0.0,0.0,True,good,当前QC指标正常。,169578.6259605771,False,False,0.0,False,144362.9699586175,False,False,0.0,False
1789747819.5489438,190.328,runtime,9.960084676742554,2495,250.3994776092268,0,0.0,0,0.0,0.0,True,good,当前QC指标正常。,169430.7141740477,False,False,0.0,False,144347.01000984,False,False,0.0,False
1789747821.5552986,192.348,runtime,9.961714267730713,2500,250.86043755491838,0,0.0,0,0.0,0.0,True,good,当前QC指标正常。,168728.40944832918,False,False,0.0,False,143827.86269201885,False,False,0.0,False
1789747823.5659444,194.348,runtime,9.960275411605835,2495,250.39468257011856,0,0.0,0,0.0,0.0,True,good,当前QC指标正常。,167926.97310362136,False,False,0.0,False,143209.20281072857,False,False,0.0,False
1789747825.5765336,196.368,runtime,9.961863279342651,2500,250.85668513259301,0,0.0,0,0.0,0.0,True,good,当前QC指标正常。,166949.44086369494,False,False,0.0,False,142418.94170302316,False,False,0.0,False
1789747827.586335,198.368,runtime,9.960192918777466,2505,251.40075301948528,0,0.0,0,0.0,0.0,True,good,当前QC指标正常。,166098.48149641164,False,False,0.0,False,141722.00745222784,False,False,0.0,False
1789747829.5896468,200.388,runtime,9.961781740188599,2505,251.36065668836804,0,0.0,0,0.0,0.0,True,good,当前QC指标正常。,165231.82278230164,False,False,0.0,False,140996.63895036883,False,False,0.0,False
1789747831.5930724,202.388,runtime,9.99018120765686,2505,250.64610420488046,0,0.0,0,0.0,0.0,True,good,当前QC指标正常。,164290.51065087251,False,False,0.0,False,140205.475039744,False,False,0.0,False
1789747833.6031287,204.388,runtime,9.990209817886353,2500,250.14489640906442,0,0.0,0,0.0,0.0,True,good,当前QC指标正常。,163292.93104732435,False,False,0.0,False,139355.10617611598,False,False,0.0,False
1789747835.606415,206.388,runtime,9.96345829963684,2500,250.81652623477999,0,0.0,0,0.0,0.0,True,good,当前QC指标正常。,162432.57439785165,False,False,0.0,False,138631.08548495758,False,False,0.0,False
1789747837.6095462,208.368,runtime,9.935643434524536,2490,250.5122105480539,0,0.0,0,0.0,0.0,True,good,当前QC指标正常。,161550.58560451146,False,False,0.0,False,137889.46588613043,False,False,0.0,False
1789747839.6133337,210.348,runtime,9.9017333984375,2485,250.86516673858102,0,0.0,0,0.0,0.0,True,good,当前QC指标正常。,160694.27627339674,False,False,0.0,False,137179.3573615916,False,False,0.0,False
1789747841.6285324,212.408,runtime,9.960312128067017,2495,250.39375954616867,0,0.0,0,0.0,0.0,True,good,当前QC指标正常。,159735.43011092604,False,False,0.0,False,136394.12096382954,False,False,0.0,False
1789747843.6432912,214.428,runtime,9.967320442199707,2500,250.71933971538803,0,0.0,0,0.0,0.0,True,good,当前QC指标正常。,158924.01850083814,False,False,0.0,False,135752.96201764914,False,False,0.0,False
1789747845.6463258,216.428,runtime,9.960192680358887,2495,250.39676239577886,0,0.0,0,0.0,0.0,True,good,当前QC指标正常。,168961.49659622615,False,False,0.0,False,144776.04788833897,False,False,0.0,False
1789747847.6573443,218.448,runtime,9.961862564086914,2500,250.85670314395205,0,0.0,0,0.0,0.0,True,good,当前QC指标正常。,178545.71146143405,False,False,0.0,False,153268.68069613405,False,False,0.0,False
1789747849.66469,220.448,runtime,9.96017837524414,2525,253.4091162737969,0,0.0,0,0.0,0.0,True,good,当前QC指标正常。,177694.9999270305,False,False,0.0,False,152588.04156426742,False,False,0.0,False
1789747851.677572,222.428,runtime,9.930082559585571,2495,251.15601859649456,0,0.0,0,0.0,0.0,True,good,当前QC指标正常。,177260.26449981568,False,False,0.0,False,152266.90909690323,False,False,0.0,False
1789747853.6898012,224.468,runtime,9.960155487060547,2495,250.397697429524,0,0.0,0,0.0,0.0,True,good,当前QC指标正常。,176569.8815178838,False,False,0.0,False,151703.3991043311,False,False,0.0,False
1789747855.7038682,226.488,runtime,9.961791276931763,2500,250.858498289044,0,0.0,0,0.0,0.0,True,good,当前QC指标正常。,164678.79538721073,False,False,0.0,False,141208.85898696058,False,False,0.0,False
1789747857.7067869,228.488,runtime,9.96021580696106,2495,250.3961810001122,0,0.0,0,0.0,0.0,True,good,当前QC指标正常。,153408.95225177647,False,False,0.0,False,131323.12821548726,False,False,0.0,False
1789747859.710543,230.508,runtime,9.99536919593811,2505,250.51600905523014,0,0.0,0,0.0,0.0,True,good,当前QC指标正常。,152591.5859919729,False,False,0.0,False,130647.89915771957,False,False,0.0,False
1789747861.7126114,232.448,runtime,9.900347471237183,2485,250.90028478460974,0,0.0,0,0.0,0.0,True,good,当前QC指标正常。,151093.4821980419,False,False,0.0,False,129373.36120092012,False,False,0.0,False
1789747863.7234287,234.508,runtime,9.96001935005188,2500,250.9031270091843,0,0.0,0,0.0,0.0,True,good,当前QC指标正常。,148630.5779789147,False,False,0.0,False,127265.39781443187,False,False,0.0,False
1789747865.7257106,236.488,runtime,9.960192441940308,2495,250.39676838956268,0,0.0,0,0.0,0.0,True,good,当前QC指标正常。,145953.76526939115,False,False,0.0,False,124955.5318117745,False,False,0.0,False
1789747867.7428665,238.508,runtime,9.96036410331726,2495,250.3924529394847,0,0.0,0,0.0,0.0,True,good,当前QC指标正常。,143406.26659059175,False,False,0.0,False,122735.29596714702,False,False,0.0,False
1789747869.7535176,240.548,runtime,9.990269660949707,2505,250.6438849981915,0,0.0,0,0.0,0.0,True,good,当前QC指标正常。,140863.74181979144,False,False,0.0,False,120512.92317287766,False,False,0.0,False
1789747871.763619,242.528,runtime,9.990213871002197,2500,250.14479492312466,0,0.0,0,0.0,0.0,True,good,当前QC指标正常。,139253.29539487386,False,False,0.0,False,119114.60925775161,False,False,0.0,False
1789747873.7657297,244.548,runtime,9.961735248565674,2505,251.36182979371338,0,0.0,0,0.0,0.0,True,good,当前QC指标正常。,138554.4828016428,False,False,0.0,False,118484.18448505603,False,False,0.0,False
1789747875.7828107,246.548,runtime,9.960763454437256,2495,250.38241409989405,0,0.0,0,0.0,0.0,True,good,当前QC指标正常。,138160.34801321497,False,False,0.0,False,118159.3869040999,False,False,0.0,False
1789747877.793431,248.588,runtime,9.990108013153076,2500,250.14744552409158,0,0.0,0,0.0,0.0,True,good,当前QC指标正常。,137615.27949871175,False,False,0.0,False,117714.22809263328,False,False,0.0,False
1789747879.795346,250.568,runtime,9.960265874862671,2505,251.39891158121563,0,0.0,0,0.0,0.0,True,good,当前QC指标正常。,136821.30057989084,False,False,0.0,False,117026.85845891715,False,False,0.0,False
1789747881.8003287,252.588,runtime,9.963611125946045,2500,250.81267909908718,0,0.0,0,0.0,0.0,True,good,当前QC指标正常。,134688.13789792187,False,False,0.0,False,115217.44968844266,False,False,0.0,False
1789747883.816228,254.588,runtime,9.959941864013672,2495,250.40306801499383,0,0.0,0,0.0,0.0,True,good,当前QC指标正常。,134073.3272681595,False,False,0.0,False,114777.96223235432,False,False,0.0,False
1789747885.8251438,256.608,runtime,9.931885004043579,2500,251.61386775849493,0,0.0,0,0.0,0.0,True,good,当前QC指标正常。,133751.11292711255,False,False,0.0,False,114582.73111049632,False,False,0.0,False
1789747887.82919,258.608,runtime,9.960484504699707,2505,251.39339344572292,0,0.0,0,0.0,0.0,True,good,当前QC指标正常。,133476.9260060343,False,False,0.0,False,114449.63591815408,False,False,0.0,False
1789747889.839316,260.628,runtime,9.933894157409668,2500,251.5629782642693,0,0.0,0,0.0,0.0,True,good,当前QC指标正常。,131764.69525608607,False,False,0.0,False,113043.16921122273,False,False,0.0,False
1789747891.8421485,262.628,runtime,9.990245342254639,2505,250.64449512657185,0,0.0,0,0.0,0.0,True,good,当前QC指标正常。,132635.11509209516,False,False,0.0,False,113803.57971282712,False,False,0.0,False
1789747893.8501453,264.648,runtime,9.990243911743164,2515,251.64550757813686,0,0.0,0,0.0,0.0,True,good,当前QC指标正常。,133414.52478120694,False,False,0.0,False,114473.1987182388,False,False,0.0,False
1789747895.8553596,266.628,runtime,9.961827993392944,2505,251.35948960981318,0,0.0,0,0.0,0.0,True,good,当前QC指标正常。,133036.96884440666,False,False,0.0,False,114155.98389367407,False,False,0.0,False
1789747897.859369,268.628,runtime,9.960250616073608,2495,250.39530591481744,0,0.0,0,0.0,0.0,True,good,当前QC指标正常。,132464.57188974915,False,False,0.0,False,113743.50153584077,False,False,0.0,False
1789747899.8715067,270.648,runtime,9.963459253311157,2500,250.81650222732702,0,0.0,0,0.0,0.0,True,good,当前QC指标正常。,131986.13555747157,False,False,0.0,False,113402.78390589703,False,False,0.0,False
1789747901.8892932,272.668,runtime,9.969236850738525,2500,250.67114337993414,0,0.0,0,0.0,0.0,True,good,当前QC指标正常。,130519.49236336001,False,False,0.0,False,112005.45275203268,False,False,0.0,False
1789747903.8940327,274.688,runtime,9.990411758422852,2505,250.64031999370735,0,0.0,0,0.0,0.0,True,good,当前QC指标正常。,127219.64755639253,False,False,0.0,False,109003.35909903112,False,False,0.0,False
1789747905.9016523,276.688,runtime,9.967298746109009,2500,250.7198854630046,0,0.0,0,0.0,0.0,True,good,当前QC指标正常。,124765.7227869979,False,False,0.0,False,106782.95734313854,False,False,0.0,False
1789747907.9039488,278.648,runtime,9.930236577987671,2490,250.6486104789648,0,0.0,0,0.0,0.0,True,good,当前QC指标正常。,122541.30391193314,False,False,0.0,False,104771.81889999732,False,False,0.0,False
1789747909.9069982,280.688,runtime,9.986749172210693,2500,250.23157755416167,0,0.0,0,0.0,0.0,True,good,当前QC指标正常。,122154.21936244814,False,False,0.0,False,104415.11095052301,False,False,0.0,False
1789747911.9212725,282.708,runtime,9.963600635528564,2495,250.3111165562784,0,0.0,0,0.0,0.0,True,good,当前QC指标正常。,121578.9033814024,False,False,0.0,False,103947.28858759943,False,False,0.0,False
1789747913.931395,284.708,runtime,9.96019721031189,2495,250.39664851394082,0,0.0,0,0.0,0.0,True,good,当前QC指标正常。,121327.21287698367,False,False,0.0,False,103737.47401668184,False,False,0.0,False
1789747915.9363987,286.728,runtime,9.98662519454956,2500,250.23468402157408,0,0.0,0,0.0,0.0,True,good,当前QC指标正常。,120989.2707319265,False,False,0.0,False,103465.65134278478,False,False,0.0,False
1789747917.9475467,288.748,runtime,9.990143299102783,2510,251.14754862678834,0,0.0,0,0.0,0.0,True,good,当前QC指标正常。,119182.52595151549,False,False,0.0,False,101959.14408383479,False,False,0.0,False
1789747919.9549186,290.748,runtime,9.931806325912476,2500,251.61586100204252,0,0.0,0,0.0,0.0,True,good,当前QC指标正常。,117388.55626094424,False,False,0.0,False,100446.6955671145,False,False,0.0,False
1789747921.9694984,292.748,runtime,9.960103273391724,2495,250.39901008483378,0,0.0,0,0.0,0.0,True,good,当前QC指标正常。,115819.29096433725,False,False,0.0,False,99155.6931070791,False,False,0.0,False
1789747923.9866438,294.768,runtime,9.961891174316406,2500,250.85598269160812,0,0.0,0,0.0,0.0,True,good,当前QC指标正常。,115613.68076850993,False,False,0.0,False,99052.48632091949,False,False,0.0,False
1789747926.0035033,296.768,runtime,9.96040654182434,2495,250.39138608725912,0,0.0,0,0.0,0.0,True,good,当前QC指标正常。,115366.00473159114,False,False,0.0,False,98902.60139694418,False,False,0.0,False
1789747928.0143473,298.708,runtime,9.99034309387207,2480,248.13962610759407,0,0.0,0,0.0,0.0,True,good,当前QC指标正常。,116493.16631553955,False,False,0.0,False,99906.97987897888,False,False,0.0,False
1789747930.0234761,300.768,runtime,9.931832551956177,2490,250.60833305226896,0,0.0,0,0.0,0.0,True,good,当前QC指标正常。,117397.27703643058,False,False,0.0,False,100730.39525616159,False,False,0.0,False
1789747932.0267878,302.808,runtime,9.961761236190796,2500,250.8592547792858,0,0.0,0,0.0,0.0,True,good,当前QC指标正常。,117607.0400419861,False,False,0.0,False,100940.50594849352,False,False,0.0,False
1789747934.0286467,304.788,runtime,9.958278894424438,2495,250.4448837435524,0,0.0,0,0.0,0.0,True,good,当前QC指标正常。,119993.29885243348,False,False,0.0,False,99963.85321758474,False,False,0.0,False
1789747936.031756,306.828,runtime,9.961696147918701,2505,251.36281641386554,0,0.0,0,0.0,0.0,True,good,当前QC指标正常。,122076.70823995575,False,False,0.0,False,99535.14298678549,False,False,0.0,False
1789747938.0442193,308.808,runtime,9.961594581604004,2496,250.4619094424397,0,0.0,0,0.0,0.0,True,good,当前QC指标正常。,122476.35898979781,False,False,0.0,False,99140.34110087993,False,False,0.0,False
1789747940.055051,310.848,runtime,9.901699781417847,2505,252.88587366576837,0,0.0,0,0.0,0.0,True,good,当前QC指标正常。,121657.30906917124,False,False,0.0,False,98594.278937967,False,False,0.0,False
1789747942.0598369,312.848,runtime,9.96006965637207,2505,251.40386426896492,0,0.0,0,0.0,0.0,True,good,当前QC指标正常。,120640.68807189261,False,False,0.0,False,98577.7990739572,False,False,0.0,False
1789747944.0644016,314.848,runtime,9.990163564682007,2515,251.6475314666204,0,0.0,0,0.0,0.0,True,good,当前QC指标正常。,119742.40421905549,False,False,0.0,False,98742.81597805319,False,False,0.0,False
1789747946.0689602,316.844,runtime,9.96032190322876,2499,250.79510725353595,0,0.0,0,0.0,0.0,True,good,当前QC指标正常。,119022.41498996626,False,False,0.0,False,98615.73356210037,False,False,0.0,False
1789747948.0819876,318.844,runtime,9.90024185180664,2494,251.81203018238045,0,0.0,0,0.0,0.0,True,good,当前QC指标正常。,118326.86303236855,False,False,0.0,False,98305.81043945426,False,False,0.0,False
1789747950.0936477,320.844,runtime,9.933730125427246,2494,250.96312951151137,0,0.0,0,0.0,0.0,True,good,当前QC指标正常。,117930.23997969857,False,False,0.0,False,98182.51125434342,False,False,0.0,False
1789747952.1044536,322.864,runtime,9.990142107009888,2494,249.54599977619043,0,0.0,0,0.0,0.0,True,good,当前QC指标正常。,117227.34063669699,False,False,0.0,False,97767.73631473337,False,False,0.0,False
1789747954.1081378,324.884,runtime,9.960240364074707,2499,250.79716037877574,0,0.0,0,0.0,0.0,True,good,当前QC指标正常。,116545.102957845,False,False,0.0,False,97332.38215123047,False,False,0.0,False
1789747956.1193838,326.904,runtime,9.961609840393066,2505,251.36499422478855,0,0.0,0,0.0,0.0,True,good,当前QC指标正常。,116034.77232783643,False,False,0.0,False,97046.94303260064,False,False,0.0,False
1789747958.1339407,328.904,runtime,9.930070877075195,2500,251.65983515477745,0,0.0,0,0.0,0.0,True,good,当前QC指标正常。,115366.78396651971,False,False,0.0,False,96605.67739305219,False,False,0.0,False
1789747960.1446624,330.944,runtime,9.990281105041504,2510,251.14408429747348,0,0.0,0,0.0,0.0,True,good,当前QC指标正常。,114604.26043549612,False,False,0.0,False,96083.44901309781,False,False,0.0,False
1789747962.147392,332.924,runtime,9.960170030593872,2505,251.40133073116823,0,0.0,0,0.0,0.0,True,good,当前QC指标正常。,113384.24176596673,False,False,0.0,False,95142.8873317126,False,False,0.0,False
1789747964.1612475,334.944,runtime,9.96170973777771,2505,251.36247350232475,0,0.0,0,0.0,0.0,True,good,当前QC指标正常。,112641.42192425072,False,False,0.0,False,94590.72633195651,False,False,0.0,False
1789747966.1707444,336.944,runtime,9.960028886795044,2495,250.40088019288103,0,0.0,0,0.0,0.0,True,good,当前QC指标正常。,111793.69858607026,False,False,0.0,False,93944.36658928357,False,False,0.0,False
1789747968.176356,338.964,runtime,9.961894989013672,2500,250.85588663160826,0,0.0,0,0.0,0.0,True,good,当前QC指标正常。,111113.53845682374,False,False,0.0,False,93436.93188639948,False,False,0.0,False
1789747970.1853025,340.964,runtime,9.965066194534302,2495,250.2743033827436,0,0.0,0,0.0,0.0,True,good,当前QC指标正常。,110637.1484080326,False,False,0.0,False,93092.72515890462,False,False,0.0,False
1789747972.1889827,342.984,runtime,9.933504343032837,2500,251.57285019488103,0,0.0,0,0.0,0.0,True,good,当前QC指标正常。,110662.41532728614,False,False,0.0,False,93203.74263163263,False,False,0.0,False
1789747974.1934118,344.984,runtime,9.99354076385498,2505,250.5618438118112,0,0.0,0,0.0,0.0,True,good,当前QC指标正常。,110342.56057524042,False,False,0.0,False,93019.1649244309,False,False,0.0,False
1789747976.2093115,346.964,runtime,9.930176734924316,2490,250.6501209838709,0,0.0,0,0.0,0.0,True,good,当前QC指标正常。,110025.34763576793,False,False,0.0,False,92828.2744172536,False,False,0.0,False
1789747978.214645,349.004,runtime,9.992076635360718,2500,250.09816189322942,0,0.0,0,0.0,0.0,True,good,当前QC指标正常。,109581.67774053942,False,False,0.0,False,92532.63944298562,False,False,0.0,False
1789747980.2180724,351.024,runtime,9.993646621704102,2505,250.559189731788,0,0.0,0,0.0,0.0,True,good,当前QC指标正常。,109175.79308712446,False,False,0.0,False,92249.29153260964,False,False,0.0,False
1789747982.2214432,352.944,runtime,9.871723413467407,2485,251.62779546793482,0,0.0,0,0.0,0.0,True,good,当前QC指标正常。,108919.74518738959,False,False,0.0,False,92102.9569503084,False,False,0.0,False
1789747984.2348838,355.004,runtime,9.990257263183594,2505,250.6441960436613,0,0.0,0,0.0,0.0,True,good,当前QC指标正常。,108589.98148230524,False,False,0.0,False,91901.54008714629,False,False,0.0,False
1789747986.245957,357.024,runtime,9.961703062057495,2515,252.3664863667154,0,0.0,0,0.0,0.0,True,good,当前QC指标正常。,108358.61216201671,False,False,0.0,False,91761.13046208827,False,False,0.0,False
1789747988.260829,359.024,runtime,9.960119724273682,2495,250.3985965070183,0,0.0,0,0.0,0.0,True,good,当前QC指标正常。,108220.46634235818,False,False,0.0,False,91705.20004073855,False,False,0.0,False
1789747990.264743,361.064,runtime,9.990119934082031,2505,250.6476415220421,0,0.0,0,0.0,0.0,True,good,当前QC指标正常。,107923.77451683128,False,False,0.0,False,91496.61086497018,False,False,0.0,False
1789747992.27205,363.044,runtime,9.930036067962646,2495,251.1571944885892,0,0.0,0,0.0,0.0,True,good,当前QC指标正常。,106910.16585265436,False,False,0.0,False,90659.88152470063,False,False,0.0,False
1789747994.2796116,365.064,runtime,9.96363091468811,2500,250.81218096066195,0,0.0,0,0.0,0.0,True,good,当前QC指标正常。,104770.3015470071,False,False,0.0,False,88881.78978128929,False,False,0.0,False
1789747996.2869098,367.064,runtime,9.96361780166626,2495,250.31068529976304,0,0.0,0,0.0,0.0,True,good,当前QC指标正常。,102755.24526533057,False,False,0.0,False,87255.06304456005,False,False,0.0,False
1789747998.291256,369.084,runtime,9.961803197860718,2500,250.8581980957681,0,0.0,0,0.0,0.0,True,good,当前QC指标正常。,102473.59072557298,False,False,0.0,False,87103.29283705344,False,False,0.0,False
1789748000.303578,371.084,runtime,9.960261344909668,2495,250.39503619798026,0,0.0,0,0.0,0.0,True,good,当前QC指标正常。,102096.1780782976,False,False,0.0,False,86835.9575017375,False,False,0.0,False
1789748002.3137844,373.104,runtime,9.9615797996521,2500,250.86382383718652,0,0.0,0,0.0,0.0,True,good,当前QC指标正常。,102639.13720750783,False,False,0.0,False,87365.57415646601,False,False,0.0,False
1789748004.3238587,375.104,runtime,9.960227012634277,2495,250.39589929390453,0,0.0,0,0.0,0.0,True,good,当前QC指标正常。,104301.35177071518,False,False,0.0,False,88818.69529696395,False,False,0.0,False
1789748006.3279977,377.124,runtime,9.988378524780273,2505,250.6913403199328,0,0.0,0,0.0,0.0,True,good,当前QC指标正常。,105575.42537608312,False,False,0.0,False,90041.46827309682,False,False,0.0,False
1789748008.3311286,379.124,runtime,9.990335464477539,2510,251.1427177717112,0,0.0,0,0.0,0.0,True,good,当前QC指标正常。,104951.4898907922,False,False,0.0,False,89678.06174686056,False,False,0.0,False
1789748010.3381948,381.044,runtime,9.902058601379395,2480,250.351982329681,0,0.0,0,0.0,0.0,True,good,当前QC指标正常。,104753.8284366291,False,False,0.0,False,89567.51899079474,False,False,0.0,False
1789748012.345139,383.144,runtime,9.99018144607544,2505,250.64609822313847,0,0.0,0,0.0,0.0,True,good,当前QC指标正常。,104507.50675696017,False,False,0.0,False,89429.0189962177,False,False,0.0,False
1789748014.3552215,385.124,runtime,9.990263223648071,2495,249.64307187586638,0,0.0,0,0.0,0.0,True,good,当前QC指标正常。,104121.30455491698,False,False,0.0,False,89175.95077382804,False,False,0.0,False
1789748016.3610353,387.084,runtime,9.969118595123291,2485,249.1694703296164,0,0.0,0,0.0,0.0,True,good,当前QC指标正常。,103688.54436337552,False,False,0.0,False,88728.27614464656,False,False,0.0,False
1789748018.368036,389.144,runtime,9.963510036468506,2495,250.31339265694967,0,0.0,0,0.0,0.0,True,good,当前QC指标正常。,103503.3486481822,False,False,0.0,False,88467.87211817861,False,False,0.0,False
1789748020.3775637,391.124,runtime,9.930350303649902,2500,251.65275378870493,0,0.0,0,0.0,0.0,True,good,当前QC指标正常。,103092.59269027514,False,False,0.0,False,88130.5181093326,False,False,0.0,False
1789748022.3914335,393.164,runtime,9.960336446762085,2495,250.39314819638966,0,0.0,0,0.0,0.0,True,good,当前QC指标正常。,102615.23359106468,False,False,0.0,False,87734.4449250904,False,False,0.0,False
1789748024.4034512,395.184,runtime,9.931645154953003,2500,251.6199442298566,0,0.0,0,0.0,0.0,True,good,当前QC指标正常。,102310.55645721442,False,False,0.0,False,87474.39668027242,False,False,0.0,False
1789748026.4076073,397.184,runtime,9.930142402648926,2495,251.15450502851905,0,0.0,0,0.0,0.0,True,good,当前QC指标正常。,102247.31725282971,False,False,0.0,False,87426.87481006846,False,False,0.0,False
1789748028.420382,399.204,runtime,9.961765050888062,2500,250.85915871677997,0,0.0,0,0.0,0.0,True,good,当前QC指标正常。,102228.60311710804,False,False,0.0,False,87427.95422268019,False,False,0.0,False
1789748030.4363098,401.204,runtime,9.931918382644653,2495,251.10959473429565,0,0.0,0,0.0,0.0,True,good,当前QC指标正常。,102120.59389133127,False,False,0.0,False,87367.77803092859,False,False,0.0,False
1789748032.445382,403.244,runtime,9.960288047790527,2505,251.39835193375333,0,0.0,0,0.0,0.0,True,good,当前QC指标正常。,102069.18169537111,False,False,0.0,False,87352.34014885013,False,False,0.0,False
1789748034.4530983,405.224,runtime,9.960085153579712,2495,250.39946562140003,0,0.0,0,0.0,0.0,True,good,当前QC指标正常。,101469.07196298282,False,False,0.0,False,86858.7001880442,False,False,0.0,False
1789748036.4635098,407.244,runtime,9.961760759353638,2500,250.85926678710422,0,0.0,0,0.0,0.0,True,good,当前QC指标正常。,101131.119726333,False,False,0.0,False,86579.3950628696,False,False,0.0,False
1789748038.4734092,409.244,runtime,9.96018671989441,2495,250.39691224046044,0,0.0,0,0.0,0.0,True,good,当前QC指标正常。,100875.30297267705,False,False,0.0,False,86356.29353037041,False,False,0.0,False
1789748040.4772503,411.244,runtime,9.909091472625732,2495,251.688059080873,0,0.0,0,0.0,0.0,True,good,当前QC指标正常。,100822.5367343342,False,False,0.0,False,86315.10915256871,False,False,0.0,False
1789748042.4867241,413.244,runtime,9.931900024414062,2490,250.6066305421595,0,0.0,0,0.0,0.0,True,good,当前QC指标正常。,100316.89002143727,False,False,0.0,False,85900.50929734549,False,False,0.0,False
1789748044.4945707,415.284,runtime,9.961837530136108,2500,250.85733354314766,0,0.0,0,0.0,0.0,True,good,当前QC指标正常。,100471.31381552175,False,False,0.0,False,86058.46458432572,False,False,0.0,False
1789748046.5004587,417.284,runtime,9.960314273834229,2495,250.393705603421,0,0.0,0,0.0,0.0,True,good,当前QC指标正常。,100206.60614903919,False,False,0.0,False,85853.69922329098,False,False,0.0,False
1789748048.5055974,419.304,runtime,9.961778402328491,2500,250.85882249858895,0,0.0,0,0.0,0.0,True,good,当前QC指标正常。,99772.01041835877,False,False,0.0,False,85492.48274590282,False,False,0.0,False
1789748050.5214193,421.304,runtime,9.900188684463501,2495,251.91439067357047,0,0.0,0,0.0,0.0,True,good,当前QC指标正常。,99311.8061001858,False,False,0.0,False,85119.28202755743,False,False,0.0,False
1789748052.5367386,423.324,runtime,9.961800336837769,2505,251.36018744929584,0,0.0,0,0.0,0.0,True,good,当前QC指标正常。,99174.82277241467,False,False,0.0,False,84992.57402684793,False,False,0.0,False
1789748054.552334,425.324,runtime,9.960287094116211,2510,251.90036956687007,0,0.0,0,0.0,0.0,True,good,当前QC指标正常。,98961.28929833072,False,False,0.0,False,84813.63008393036,False,False,0.0,False
1789748056.5575798,427.344,runtime,9.96561050415039,2500,250.76235911078786,0,0.0,0,0.0,0.0,True,good,当前QC指标正常。,97532.1583838089,False,False,0.0,False,83560.07348849472,False,False,0.0,False
1789748058.5686877,429.344,runtime,9.96253252029419,2495,250.33795321817962,0,0.0,0,0.0,0.0,True,good,当前QC指标正常。,95433.24916590669,False,False,0.0,False,81711.61553474898,False,False,0.0,False
1789748060.574977,431.364,runtime,9.961777210235596,2500,250.85885251803364,0,0.0,0,0.0,0.0,True,good,当前QC指标正常。,94693.08841512559,False,False,0.0,False,81063.77238517259,False,False,0.0,False
1789748062.584935,433.364,runtime,9.963565587997437,2495,250.3119970429447,0,0.0,0,0.0,0.0,True,good,当前QC指标正常。,94367.93762499248,False,False,0.0,False,80780.004307837,False,False,0.0,False
1789748064.6019208,435.384,runtime,9.937190771102905,2500,251.47952349541558,0,0.0,0,0.0,0.0,True,good,当前QC指标正常。,94126.55793831784,False,False,0.0,False,80564.36213329753,False,False,0.0,False
1789748066.6170819,437.384,runtime,9.958166122436523,2495,250.44771992514,0,0.0,0,0.0,0.0,True,good,当前QC指标正常。,95165.53721557678,False,False,0.0,False,81490.91349628904,False,False,0.0,False
1789748068.6197772,439.404,runtime,9.965555667877197,2500,250.76373895087798,0,0.0,0,0.0,0.0,True,good,当前QC指标正常。,96917.3773788535,False,False,0.0,False,83044.24248306149,False,False,0.0,False
1789748070.6329024,441.404,runtime,9.93021035194397,2495,251.15278645751613,0,0.0,0,0.0,0.0,True,good,当前QC指标正常。,97153.14865675395,False,False,0.0,False,83265.82603254967,False,False,0.0,False
1789748072.6370475,443.424,runtime,9.961796760559082,2500,250.85836020004785,0,0.0,0,0.0,0.0,True,good,当前QC指标正常。,97135.45146943245,False,False,0.0,False,83282.55306273421,False,False,0.0,False
1789748074.6524193,445.424,runtime,9.960215330123901,2495,250.39619298762446,0,0.0,0,0.0,0.0,True,good,当前QC指标正常。,96985.47281149925,False,False,0.0,False,83179.47449361306,False,False,0.0,False
1789748076.6657445,447.464,runtime,9.960115671157837,2505,251.40270280705653,0,0.0,0,0.0,0.0,True,good,当前QC指标正常。,96973.4060007551,False,False,0.0,False,83200.04570473604,False,False,0.0,False
1789748078.672766,449.444,runtime,9.930082082748413,2495,251.1560306568704,0,0.0,0,0.0,0.0,True,good,当前QC指标正常。,96916.38393873721,False,False,0.0,False,83169.11922373627,False,False,0.0,False
1789748080.6798263,451.464,runtime,9.961742162704468,2500,250.85973509291853,0,0.0,0,0.0,0.0,True,good,当前QC指标正常。,96762.89398114439,False,False,0.0,False,83058.9144868117,False,False,0.0,False
1789748082.685043,453.464,runtime,9.960261821746826,2495,250.39502421057878,0,0.0,0,0.0,0.0,True,good,当前QC指标正常。,96534.9136890663,False,False,0.0,False,82882.19824700641,False,False,0.0,False
1789748084.7027745,455.484,runtime,9.961841583251953,2500,250.85723147830103,0,0.0,0,0.0,0.0,True,good,当前QC指标正常。,101821.02219070477,False,False,0.0,False,82431.53167994325,False,False,0.0,False
1789748086.7160695,457.484,runtime,9.990405797958374,2495,249.63950918887303,0,0.0,0,0.0,0.0,True,good,当前QC指标正常。,104176.82671498662,False,False,0.0,False,82397.96392778098,False,False,0.0,False
1789748088.7259793,459.484,runtime,9.990216255187988,2500,250.1447352255515,0,0.0,0,0.0,0.0,True,good,当前QC指标正常。,104057.10133909844,False,False,0.0,False,82503.29670251727,False,False,0.0,False
1789748090.7332637,461.504,runtime,9.960220336914062,2495,250.396067118803,0,0.0,0,0.0,0.0,True,good,当前QC指标正常。,102301.59730574241,False,False,0.0,False,82742.58484934566,False,False,0.0,False
1789748092.7458425,463.544,runtime,9.990110158920288,2505,250.64788677671874,0,0.0,0,0.0,0.0,True,good,当前QC指标正常。,99502.45189859995,False,False,0.0,False,83131.12920065914,False,False,0.0,False
1789748094.7559211,465.544,runtime,9.990260601043701,2500,250.1436248558846,0,0.0,0,0.0,0.0,True,good,当前QC指标正常。,98516.68790906973,False,False,0.0,False,83487.58182591708,False,False,0.0,False
1789748096.761957,467.544,runtime,9.961750745773315,2500,250.8595189515562,0,0.0,0,0.0,0.0,True,good,当前QC指标正常。,98276.17942841655,False,False,0.0,False,83605.93880784024,False,False,0.0,False
1789748098.776004,469.564,runtime,9.990187168121338,2510,251.1464457849411,0,0.0,0,0.0,0.0,True,good,当前QC指标正常。,98084.14609745615,False,False,0.0,False,83620.32474905335,False,False,0.0,False
1789748100.781334,471.544,runtime,9.96198034286499,2500,250.85373730834993,0,0.0,0,0.0,0.0,True,good,当前QC指标正常。,97789.74649748631,False,False,0.0,False,83512.10973639759,False,False,0.0,False
1789748102.7948625,473.564,runtime,9.960137605667114,2505,251.40214916059747,0,0.0,0,0.0,0.0,True,good,当前QC指标正常。,97275.30387043775,False,False,0.0,False,83193.54964030051,False,False,0.0,False
1789748104.79823,475.584,runtime,9.961792469024658,2500,250.85846826968407,0,0.0,0,0.0,0.0,True,good,当前QC指标正常。,97061.40206410548,False,False,0.0,False,83105.5938909184,False,False,0.0,False
1789748106.8142874,477.584,runtime,9.960212707519531,2495,250.3962589189624,0,0.0,0,0.0,0.0,True,good,当前QC指标正常。,96860.73053633209,False,False,0.0,False,83006.02446761842,False,False,0.0,False
1789748108.8321395,479.604,runtime,9.963660478591919,2500,250.81143675754424,0,0.0,0,0.0,0.0,True,good,当前QC指标正常。,96649.21420665467,False,False,0.0,False,82883.97937469608,False,False,0.0,False
1789748110.84533,481.604,runtime,9.963806390762329,2495,250.30594756560544,0,0.0,0,0.0,0.0,True,good,当前QC指标正常。,96470.53555761155,False,False,0.0,False,82810.48607894809,False,False,0.0,False
1789748112.8573074,483.624,runtime,9.960332155227661,2495,250.39325608142786,0,0.0,0,0.0,0.0,True,good,当前QC指标正常。,96390.15249434809,False,False,0.0,False,82809.53023154964,False,False,0.0,False
1789748114.8730042,485.664,runtime,9.963767290115356,2500,250.80874806050068,0,0.0,0,0.0,0.0,True,good,当前QC指标正常。,95536.50881752722,False,False,0.0,False,82121.90466794145,False,False,0.0,False
1789748116.8845267,487.66,runtime,9.960133790969849,2494,250.29784261133395,0,0.0,0,0.0,0.0,True,good,当前QC指标正常。,93359.70592124292,False,False,0.0,False,80244.70070155869,False,False,0.0,False
1789748118.9017446,489.68,runtime,9.961971282958984,2504,251.2554924025578,0,0.0,0,0.0,0.0,True,good,当前QC指标正常。,90947.14987922912,False,False,0.0,False,78353.04337482883,False,False,0.0,False
1789748120.9138806,491.68,runtime,9.928271770477295,2494,251.10110376039302,0,0.0,0,0.0,0.0,True,good,当前QC指标正常。,87768.57115768454,False,False,0.0,False,76025.88225765235,False,False,0.0,False
1789748122.9189737,493.7,runtime,9.961849451065063,2504,251.25856521877006,0,0.0,0,0.0,0.0,True,good,当前QC指标正常。,86221.67791129982,False,False,0.0,False,74715.79678336033,False,False,0.0,False
1789748124.9264665,495.68,runtime,9.933732271194458,2499,251.46641079140278,0,0.0,0,0.0,0.0,True,good,当前QC指标正常。,85682.01567157889,False,False,0.0,False,74276.354581633,False,False,0.0,False
1789748126.9423914,497.72,runtime,9.96200180053711,2500,250.8531969814806,0,0.0,0,0.0,0.0,True,good,当前QC指标正常。,86538.2736210088,False,False,0.0,False,75064.71893032739,False,False,0.0,False
1789748128.9562628,499.74,runtime,9.870064973831177,2500,253.18982262281756,0,0.0,0,0.0,0.0,True,good,当前QC指标正常。,87636.73261431986,False,False,0.0,False,75854.24531890181,False,False,0.0,False
1789748130.96063,501.74,runtime,9.963588953018188,2500,250.81323725654082,0,0.0,0,0.0,0.0,True,good,当前QC指标正常。,89190.65768399359,False,False,0.0,False,76819.52101754477,False,False,0.004,False
1789748132.9639533,503.76,runtime,9.967317342758179,2500,250.71941767918779,0,0.0,0,0.0,0.0,True,good,当前QC指标正常。,89134.22547691262,False,False,0.0,False,76794.73897021616,False,False,0.004,False
1789748134.974706,505.76,runtime,9.963570594787598,2500,250.81369938878558,0,0.0,0,0.0,0.0,True,good,当前QC指标正常。,88865.95935576371,False,False,0.0,False,76594.90011715269,False,False,0.004,False
1789748136.9796817,507.76,runtime,9.930214881896973,2495,251.1526718869522,0,0.0,0,0.0,0.0,True,good,当前QC指标正常。,88714.29852099062,False,False,0.0,False,76487.6933398927,False,False,0.004,False
1789748138.9909458,509.78,runtime,9.96184515953064,2500,250.8571414211524,0,0.0,0,0.0,0.0,True,good,当前QC指标正常。,88565.79341942225,False,False,0.0,False,76401.15079885651,False,False,0.004,False
1789748141.0078468,511.78,runtime,9.963556051254272,2495,250.31223663222534,0,0.0,0,0.0,0.0,True,good,当前QC指标正常。,88473.49709463789,False,False,0.0,False,76359.88481317794,False,False,0.0,False
1789748143.0154693,513.8,runtime,9.963714599609375,2500,250.81007439715032,0,0.0,0,0.0,0.0,True,good,当前QC指标正常。,88327.13740373707,False,False,0.0,False,76260.79199579361,False,False,0.0,False
1789748145.0201035,515.8,runtime,9.960272312164307,2495,250.39476048803618,0,0.0,0,0.0,0.0,True,good,当前QC指标正常。,88168.59155399574,False,False,0.0,False,76155.07076459248,False,False,0.0,False
1789748147.0229893,517.82,runtime,9.990086793899536,2515,251.64946530146048,0,0.0,0,0.0,0.0,True,good,当前QC指标正常。,88066.75042490878,False,False,0.0,False,76103.94979270101,False,False,0.0,False
1789748149.0311503,519.8,runtime,9.90356707572937,2500,252.33332403274056,0,0.0,0,0.0,0.0,True,good,当前QC指标正常。,87837.4536271709,False,False,0.0,False,75928.22703391584,False,False,0.0,False
1789748151.036769,521.8,runtime,9.990282535552979,2495,249.64258929859716,0,0.0,0,0.0,0.0,True,good,当前QC指标正常。,87520.73999747298,False,False,0.0,False,75649.19053352735,False,False,0.0,False
1789748153.0430787,523.82,runtime,9.961792230606079,2500,250.8584742735555,0,0.0,0,0.0,0.0,True,good,当前QC指标正常。,86278.35752856253,False,False,0.0,False,74487.50014165638,False,False,0.0,False
1789748155.0463023,525.82,runtime,9.961753368377686,2495,250.3575332347501,0,0.0,0,0.0,0.0,True,good,当前QC指标正常。,84954.50110964206,False,False,0.0,False,73297.79481065857,False,False,0.0,False
1789748157.0524154,527.76,runtime,9.960435390472412,2480,248.884702607606,0,0.0,0,0.0,0.0,True,good,当前QC指标正常。,86468.515490033,False,False,0.0,False,74973.59959798846,False,False,0.0,False
1789748159.0669088,529.84,runtime,9.960193872451782,2495,250.39673242686408,0,0.0,0,0.0,0.0,True,good,当前QC指标正常。,85314.5005519935,False,False,0.0,False,74029.38303306006,False,False,0.0,False
1789748161.0799267,531.86,runtime,9.961937189102173,2500,250.85482397276832,0,0.0,0,0.0,0.0,True,good,当前QC指标正常。,84744.34882629242,False,False,0.0,False,73619.25816477466,False,False,0.0,False
1789748163.0891013,533.86,runtime,9.960355997085571,2495,250.392656721281,0,0.0,0,0.0,0.0,True,good,当前QC指标正常。,85524.16645661641,False,False,0.0,False,74372.16106037633,False,False,0.0,False
1789748165.0989683,535.88,runtime,9.93004298210144,2495,251.157019611632,0,0.0,0,0.0,0.0,True,good,当前QC指标正常。,86017.37634940713,False,False,0.0,False,74843.14303565572,False,False,0.0,False
1789748167.115931,537.88,runtime,9.960518836975098,2500,250.89054505105673,0,0.0,0,0.0,0.0,True,good,当前QC指标正常。,83438.51372290734,False,False,0.0,False,72293.45902410752,False,False,0.0,False
1789748169.1252387,539.9,runtime,9.87171196937561,2495,252.6410826953804,0,0.0,0,0.0,0.0,True,good,当前QC指标正常。,83489.28657679325,False,False,0.0,False,72344.23992220446,False,False,0.0,False
1789748171.1318948,541.9,runtime,9.870123863220215,2495,252.6817327281555,0,0.0,0,0.0,0.0,True,good,当前QC指标正常。,83073.76472466052,False,False,0.0,False,71957.64369648678,False,False,0.0,False
1789748173.1422493,543.92,runtime,9.931776523590088,2505,252.12005063268046,0,0.0,0,0.0,0.0,True,good,当前QC指标正常。,82288.23761613731,False,False,0.0,False,71284.24361757367,False,False,0.0,False
1789748175.151698,545.92,runtime,9.96033501625061,2495,250.39318415805874,0,0.0,0,0.0,0.0,True,good,当前QC指标正常。,81779.43946844983,False,False,0.0,False,70843.16692595217,False,False,0.0,False
1789748177.1625621,547.94,runtime,9.96893835067749,2500,250.6786492295007,0,0.0,0,0.0,0.0,True,good,当前QC指标正常。,81391.66705370104,False,False,0.0,False,70497.24379551812,False,False,0.0,False
1789748179.1762576,549.92,runtime,9.937363624572754,2490,250.46884606751138,0,0.0,0,0.0,0.0,True,good,当前QC指标正常。,81168.86058227287,False,False,0.0,False,70320.01543881297,False,False,0.0,False
1789748181.1869636,551.94,runtime,9.990344762802124,2495,249.64103434008766,0,0.0,0,0.0,0.0,True,good,当前QC指标正常。,80939.8241132018,False,False,0.0,False,70133.65423233103,False,False,0.0,False
1789748183.1977682,553.98,runtime,9.935207605361938,2500,251.52972129654472,0,0.0,0,0.0,0.0,True,good,当前QC指标正常。,80767.70992922204,False,False,0.0,False,69994.4446375075,False,False,0.0,False
1789748185.208192,555.98,runtime,9.961866617202759,2500,250.8566010796184,0,0.0,0,0.0,0.0,True,good,当前QC指标正常。,80582.49574351244,False,False,0.0,False,69843.94709837984,False,False,0.0,False
1789748187.2171285,558.0,runtime,9.990247011184692,2515,251.64542950593946,0,0.0,0,0.0,0.0,True,good,当前QC指标正常。,80294.56876686077,False,False,0.0,False,69598.66398373399,False,False,0.0,False
1789748189.2201664,560.0,runtime,9.963632106781006,2500,250.81215095238628,0,0.0,0,0.0,0.0,True,good,当前QC指标正常。,80070.36367864543,False,False,0.0,False,69416.11575440176,False,False,0.0,False
1789748191.2345917,562.02,runtime,9.965372562408447,2505,251.27008391493888,0,0.0,0,0.0,0.0,True,good,当前QC指标正常。,78699.88303225528,False,False,0.0,False,68227.74134009941,False,False,0.0,False
1789748193.2462273,564.02,runtime,9.90351152420044,2505,252.83961086743528,0,0.0,0,0.0,0.0,True,good,当前QC指标正常。,77418.83210799735,False,False,0.0,False,67149.62239508083,False,False,0.0,False
1789748195.2570827,566.06,runtime,9.930202722549438,2520,253.67055138560983,0,0.0,0,0.0,0.0,True,good,当前QC指标正常。,76255.80843698219,False,False,0.0,False,66228.3185521547,False,False,0.0,False
1789748197.2641346,568.04,runtime,9.964079141616821,2500,250.80089835521918,0,0.0,0,0.0,0.0,True,good,当前QC指标正常。,78368.37239046847,False,False,0.0,False,68259.92298075958,False,False,0.0,False
1789748199.2759619,570.04,runtime,9.960415363311768,2495,250.3911643269827,0,0.0,0,0.0,0.0,True,good,当前QC指标正常。,77228.74846641354,False,False,0.0,False,67298.28617635398,False,False,0.0,False
1789748201.2867954,572.06,runtime,9.963689088821411,2495,250.3088944031885,0,0.0,0,0.0,0.0,True,good,当前QC指标正常。,77394.28530804263,False,False,0.0,False,67495.53481459849,False,False,0.0,False
1789748203.3008993,574.0,runtime,9.907381296157837,2480,250.21748188508465,0,0.0,0,0.0,0.0,True,good,当前QC指标正常。,77478.19784601372,False,False,0.0,False,67596.72583697364,False,False,0.0,False
1789748205.3165267,576.08,runtime,9.965455770492554,2500,250.76625269859426,0,0.0,0,0.0,0.0,True,good,当前QC指标正常。,78231.92709119582,False,False,0.0,False,68328.06699572245,False,False,0.0,False
1789748207.3273962,578.08,runtime,9.960253477096558,2490,249.89323873367434,0,0.0,0,0.0,0.0,True,good,当前QC指标正常。,74966.6476047585,False,False,0.0,False,65389.87597898036,False,False,0.0,False
1789748209.3368285,580.12,runtime,9.990113019943237,2500,250.14732015656406,0,0.0,0,0.0,0.0,True,good,当前QC指标正常。,75473.4615252375,False,False,0.0,False,65609.800539968,False,False,0.0,False
1789748211.3386834,582.14,runtime,9.9898681640625,2505,250.65395847843885,0,0.0,0,0.0,0.0,True,good,当前QC指标正常。,73378.80099113214,False,False,0.0,False,63423.990554497286,False,False,0.0,False
1789748213.3472545,584.14,runtime,9.990420579910278,2515,251.64105754019994,0,0.0,0,0.0,0.0,True,good,当前QC指标正常。,66772.60700203132,False,False,0.0,False,57449.46161616078,False,False,0.0,False
1789748215.3571782,586.14,runtime,9.95834469795227,2500,250.945320311504,0,0.0,0,0.0,0.0,True,good,当前QC指标正常。,58303.73402019171,False,False,0.0,False,49979.02045824984,False,False,0.0,False
1789748217.3612096,588.14,runtime,9.930110692977905,2500,251.65882609618563,0,0.0,0,0.0,0.0,True,good,当前QC指标正常。,49285.21640316707,False,False,0.0,False,42408.39608983688,False,False,0.0,False
1789748219.3738968,590.14,runtime,9.960098505020142,2495,250.3991299627168,0,0.0,0,0.0,0.0,True,good,当前QC指标正常。,38076.518941363036,False,False,0.0,False,32639.69298504812,False,False,0.0,False
1789748221.3854654,592.16,runtime,9.961743593215942,2500,250.85969906933227,0,0.0,0,0.0,0.0,True,good,当前QC指标正常。,30225.63011999525,False,False,0.0,False,25640.892800417434,False,False,0.0,False
1789748223.3973522,594.18,runtime,9.990289688110352,2500,250.1428965542522,0,0.0,0,0.0,0.0,True,good,当前QC指标正常。,30782.536181850162,False,False,0.0,False,26167.240309445242,False,False,0.0,False
1789748225.4073708,596.18,runtime,9.990275859832764,2500,250.14324279548302,0,0.0,0,0.0,0.0,True,good,当前QC指标正常。,30211.72884237858,False,False,0.0,False,25681.9165684223,False,False,0.0,False
1789748227.4109397,598.16,runtime,9.931983470916748,2490,250.60452499628042,0,0.0,0,0.0,0.0,True,good,当前QC指标正常。,29961.548834570665,False,False,0.0,False,25481.155199097855,False,False,0.0,False
1789748229.4195604,600.2,runtime,9.96010971069336,2500,250.90085075237945,0,0.0,0,0.0,0.0,True,good,当前QC指标正常。,30181.605476710072,False,False,0.0,False,25728.16570905527,False,False,0.0,False
1789748231.432996,602.2,runtime,9.96040153503418,2495,250.39151195137453,0,0.0,0,0.0,0.0,True,good,当前QC指标正常。,30120.76096929712,False,False,0.0,False,25700.580550125786,False,False,0.0,False
1789748233.445445,604.22,runtime,9.961739540100098,2500,250.85980113618686,0,0.0,0,0.0,0.0,True,good,当前QC指标正常。,30060.837941684902,False,False,0.0,False,25667.59276022901,False,False,0.0,False
1789748235.4574087,606.24,runtime,9.990108251571655,2500,250.14743955420647,0,0.0,0,0.0,0.0,True,good,当前QC指标正常。,30700.78507720947,False,False,0.0,False,26241.15926114232,False,False,0.0,False
1789748237.4618185,608.24,runtime,9.931692600250244,2505,252.12218106074968,0,0.0,0,0.0,0.0,True,good,当前QC指标正常。,31016.983519446298,False,False,0.0,False,26531.10474799556,False,False,0.0,False
1789748239.473724,610.24,runtime,9.959864616394043,2505,251.40903982554033,0,0.0,0,0.0,0.0,True,good,当前QC指标正常。,31038.863332372126,False,False,0.0,False,26558.39776295478,False,False,0.0,False
1789748241.4778721,612.26,runtime,9.958204507827759,2500,250.9488530824641,0,0.0,0,0.0,0.0,True,good,当前QC指标正常。,30999.467658081343,False,False,0.0,False,26522.107579245625,False,False,0.0,False
1789748243.4890308,614.26,runtime,9.96005368232727,2495,250.40025682042818,0,0.0,0,0.0,0.0,True,good,当前QC指标正常。,30980.694996546747,False,False,0.0,False,26510.399983729938,False,False,0.0,False
1789748245.50404,616.2,runtime,9.93551778793335,2475,249.00564347080774,0,0.0,0,0.0,0.0,True,good,当前QC指标正常。,30763.673709751736,False,False,0.0,False,26315.174433417047,False,False,0.0,False
1789748247.5190637,617.74,runtime,9.845442056655884,2270,230.46197285433942,90,3.8135593220338984,0,0.0,0.0,True,warning,丢包率 3.81% 偏高。,30322.29526926335,False,False,0.0,False,25732.681456156268,False,False,0.0,False
1789748249.5342553,620.3,runtime,9.967295408248901,2315,232.1592674061753,185,7.3999999999999995,0,0.0,0.0,True,bad,丢包率 7.40% 过高，请检查蓝牙距离、供电和连接。,29270.351628944176,False,False,0.0,False,24326.349407298138,False,False,0.0,False
1789748251.5434048,622.32,runtime,9.96184515953064,2315,232.28628461326394,185,7.3999999999999995,0,0.0,0.0,True,bad,丢包率 7.40% 过高，请检查蓝牙距离、供电和连接。,28185.51480447799,False,False,0.0,False,22959.529241048658,False,False,0.0,False
1789748253.5477304,624.32,runtime,9.990323781967163,2310,231.12364027358302,185,7.414829659318638,0,0.0,0.0,True,bad,丢包率 7.41% 过高，请检查蓝牙距离、供电和连接。,27376.56706698231,False,False,0.0,False,22321.84037404657,False,False,0.0,False
1789748255.5575058,626.36,runtime,9.989933490753174,2355,235.63720440970866,185,7.283464566929133,0,0.0,0.0,True,bad,丢包率 7.28% 过高，请检查蓝牙距离、供电和连接。,26398.957879345086,False,False,0.0,False,21753.004575339168,False,False,0.0,False
1789748257.563128,628.34,runtime,9.869958400726318,2555,258.76502172613556,95,3.5849056603773586,0,0.0,0.0,True,warning,丢包率 3.58% 偏高。,26294.11046826828,False,False,0.0,False,21745.453137591256,False,False,0.0,False
1789748259.574445,630.32,runtime,9.930073261260986,2490,250.65273281618573,0,0.0,0,0.0,1.6064257028112447,True,warning,通道2出现饱和（1.606%）。,225834.84829285374,False,False,0.0,False,1255577.3946913935,False,False,0.152,False
1789748261.5852983,632.36,runtime,9.933496713638306,2510,252.57973826630862,0,0.0,0,0.0,5.697211155378485,True,warning,通道2出现饱和（5.697%）。,688978.3289017302,False,False,0.0,False,2232738.5609823135,False,False,0.152,False
1789748263.5977104,634.4,runtime,9.960139513015747,2505,251.40210101754235,0,0.0,0,0.0,6.506986027944111,True,warning,通道2出现饱和（6.507%）。,690287.8074899734,False,False,0.0,False,2378070.18332356,False,False,0.152,False
1789748265.607676,636.4,runtime,9.99008297920227,2510,251.14906505014326,0,0.0,0,0.0,6.494023904382471,True,warning,通道2出现饱和（6.494%）。,689635.8836656689,False,False,0.0,False,2373522.1740711136,False,False,0.152,False
1789748267.61765,638.42,runtime,9.990063905715942,2505,250.64904725657505,0,0.0,0,0.0,6.506986027944111,True,warning,通道2出现饱和（6.507%）。,690300.1457674319,False,False,0.0,False,2373333.4797536046,False,False,0.152,False
1789748269.6230025,640.4,runtime,9.960161209106445,2495,250.39755357772407,0,0.0,0,0.0,4.929859719438878,True,warning,通道2出现饱和（4.930%）。,653879.0091142559,False,False,0.0,False,2105820.8054935415,False,False,0.152,False
1789748271.6306338,642.38,runtime,9.937461376190186,2490,250.46638228587818,0,0.0,0,0.0,0.8032128514056224,True,warning,通道2出现饱和（0.803%）。,56828.93293107793,False,False,0.0,False,944261.939298146,False,False,0.06,False
1789748273.6416745,644.36,runtime,9.900133609771729,2480,250.40066101261024,0,0.0,0,0.0,0.0,True,good,当前QC指标正常。,52765.65548783118,False,False,0.0,False,34271.89161241227,False,False,0.004,False
1789748275.65762,646.46,runtime,9.990057945251465,2505,250.6491968037299,0,0.0,0,0.0,0.0,True,good,当前QC指标正常。,55812.11933318369,False,False,0.0,False,36485.85106743792,False,False,0.004,False
1789748277.6673915,648.44,runtime,9.96014142036438,2495,250.39805106590143,0,0.0,0,0.0,0.0,True,good,当前QC指标正常。,58888.68691552389,False,False,0.0,False,38593.56493383681,False,False,0.0,False
1789748279.6768625,650.4,runtime,9.903704166412354,2485,250.81524632210784,0,0.0,0,0.0,0.0,True,good,当前QC指标正常。,55270.50783232945,False,False,0.0,False,35877.55275962323,False,False,0.0,False
1789748281.686759,652.46,runtime,9.958126306533813,2495,250.44872129846502,0,0.0,0,0.0,0.0,True,good,当前QC指标正常。,52527.647234614764,False,False,0.0,False,33984.144903190296,False,False,0.0,False
1789748283.6998057,654.48,runtime,9.991918563842773,2505,250.60252282890818,0,0.0,0,0.0,0.0,True,good,当前QC指标正常。,50741.5856356834,False,False,0.0,False,32614.449792637788,False,False,0.0,False
1789748285.7079446,656.48,runtime,9.959987163543701,2505,251.40594650215317,0,0.0,0,0.0,0.0,True,good,当前QC指标正常。,50105.249469710216,False,False,0.0,False,32333.89725129128,False,False,0.0,False
1789748287.7177942,658.52,runtime,9.99003005027771,2505,250.64989668678643,0,0.0,0,0.0,0.0,True,good,当前QC指标正常。,50757.28001509728,False,False,0.0,False,33269.213976842635,False,False,0.0,False
1789748289.723639,660.496,runtime,9.929941892623901,2494,251.05887093375995,0,0.0,0,0.0,0.0,True,good,当前QC指标正常。,53464.693152490734,False,False,0.0,False,36136.04144500559,False,False,0.0,False
1789748291.7334802,662.516,runtime,9.961766958236694,2499,250.75872688776133,0,0.0,0,0.0,0.0,True,good,当前QC指标正常。,89856.74745185743,False,False,0.0,False,50271.39404820039,False,False,0.0,False
1789748293.745035,664.456,runtime,9.901741981506348,2479,250.2589952988275,0,0.0,0,0.0,0.0,True,good,当前QC指标正常。,96152.30162680808,False,False,0.0,False,54624.20222004926,False,False,0.0,False
1789748295.7544844,666.536,runtime,9.96376919746399,2499,250.70833642310774,0,0.0,0,0.0,0.0,True,good,当前QC指标正常。,97332.98956173404,False,False,0.0,False,57455.148549798185,False,False,0.0,False
1789748297.7689016,668.516,runtime,9.931733846664429,2499,251.5170098762718,0,0.0,0,0.0,0.0,True,good,当前QC指标正常。,100712.88292608951,False,False,0.0,False,58902.142913096286,False,False,0.0,False
1789748299.7780778,670.576,runtime,9.990001678466797,2505,250.65060853766525,0,0.0,0,0.0,0.0,True,good,当前QC指标正常。,104225.08840374123,False,False,0.0,False,59074.76594965454,False,False,0.0,False
1789748301.7807207,672.556,runtime,9.960174798965454,2495,250.39721193036164,0,0.0,0,0.0,0.0,True,good,当前QC指标正常。,79702.63203051024,False,False,0.0,False,48280.03011725598,False,False,0.0,False
1789748303.7975948,674.576,runtime,9.961933374404907,2510,251.8587412405656,0,0.0,0,0.0,0.0,True,good,当前QC指标正常。,81706.84149564162,False,False,0.0,False,47794.27678067666,False,False,0.0,False
1789748305.804157,676.576,runtime,9.960164070129395,2510,251.90348094008908,0,0.0,0,0.0,0.0,True,good,当前QC指标正常。,81627.3837632526,False,False,0.0,False,46961.83893467401,False,False,0.0,False
1789748307.8158426,678.596,runtime,9.90372920036316,2505,252.83405365205067,0,0.0,0,0.0,0.0,True,good,当前QC指标正常。,80171.0302649897,False,False,0.0,False,46420.88299907006,False,False,0.0,False
1789748309.8284214,680.616,runtime,9.960404634475708,2500,250.89342167388176,0,0.0,0,0.0,0.0,True,good,当前QC指标正常。,77028.72269996522,False,False,0.0,False,45792.686624054506,False,False,0.0,False
1789748311.8327234,682.616,runtime,9.963844299316406,2500,250.80680959370773,0,0.0,0,0.0,0.0,True,good,当前QC指标正常。,69488.49568478682,False,False,0.0,False,44938.53525667587,False,False,0.0,False
1789748313.8389122,684.616,runtime,9.960362911224365,2495,250.39248290737513,0,0.0,0,0.0,0.0,True,good,当前QC指标正常。,62812.78078500048,False,False,0.0,False,44235.107498104466,False,False,0.0,False
1789748315.8426585,686.536,runtime,9.873733043670654,2475,250.56379274765837,0,0.0,0,0.0,0.0,True,good,当前QC指标正常。,61464.05334243799,False,False,0.0,False,43719.41132147823,False,False,0.0,False
1789748317.8579278,688.616,runtime,9.933672189712524,2490,250.56192236519036,0,0.0,0,0.0,0.0,True,good,当前QC指标正常。,58925.46081797812,False,False,0.0,False,43139.20625237347,False,False,0.0,False
1789748319.8613214,690.616,runtime,9.930283308029175,2490,250.64743097384826,0,0.0,0,0.0,0.0,True,good,当前QC指标正常。,57620.51698453678,False,False,0.0,False,42672.50647697134,False,False,0.0,False
1789748321.8739278,692.656,runtime,9.960156679153442,2495,250.39766746038538,0,0.0,0,0.0,0.0,True,good,当前QC指标正常。,56681.82291827563,False,False,0.0,False,42197.54452457044,False,False,0.0,False
1789748323.8880079,694.676,runtime,9.961867094039917,2500,250.8565890720552,0,0.0,0,0.0,0.0,True,good,当前QC指标正常。,56128.29228814613,False,False,0.0,False,41913.26753332315,False,False,0.0,False
1789748325.9001803,696.676,runtime,9.961852312088013,2495,250.35504661855958,0,0.0,0,0.0,0.0,True,good,当前QC指标正常。,55528.405131587584,False,False,0.0,False,41544.46513569493,False,False,0.0,False
1789748327.9147596,698.656,runtime,9.930350542068481,2490,250.64573395024823,0,0.0,0,0.0,0.0,True,good,当前QC指标正常。,54961.18390868574,False,False,0.0,False,41161.055235376145,False,False,0.0,False
1789748329.9247825,700.696,runtime,9.960001230239868,2505,251.40559143682916,0,0.0,0,0.0,0.0,True,good,当前QC指标正常。,54400.58175466737,False,False,0.0,False,40757.07184278671,False,False,0.0,False
1789748331.9385767,702.696,runtime,9.990166902542114,2510,251.14695524872118,0,0.0,0,0.0,0.0,True,good,当前QC指标正常。,53910.899199425185,False,False,0.0,False,40422.92933539998,False,False,0.0,False
1789748333.955141,704.696,runtime,9.938416481018066,2490,250.44231188679598,0,0.0,0,0.0,0.0,True,good,当前QC指标正常。,52956.12755037228,False,False,0.0,False,39987.97349171979,False,False,0.0,False
1789748335.9584298,706.756,runtime,9.988403081893921,2505,250.6907239795945,0,0.0,0,0.0,0.0,True,good,当前QC指标正常。,52322.07821932452,False,False,0.0,False,39645.22351043488,False,False,0.0,False
1789748337.9683146,708.756,runtime,9.990068197250366,2500,250.1484424989027,0,0.0,0,0.0,0.0,True,good,当前QC指标正常。,51768.36771706151,False,False,0.0,False,39328.13153384623,False,False,0.0,False
1789748339.970681,710.756,runtime,9.96548867225647,2500,250.76542477611943,0,0.0,0,0.0,0.0,True,good,当前QC指标正常。,50388.682719205244,False,False,0.0,False,38381.163554489496,False,False,0.0,False
1789748341.984487,712.696,runtime,9.870107650756836,2480,251.1624075153741,0,0.0,0,0.0,0.0,True,good,当前QC指标正常。,49592.1886613047,False,False,0.0,False,37792.21038506926,False,False,0.0,False
1789748343.9912887,714.776,runtime,9.96189546585083,2500,250.85587462411345,0,0.0,0,0.0,0.0,True,good,当前QC指标正常。,48665.24664677325,False,False,0.0,False,37102.7203125739,False,False,0.0,False
1789748345.997838,716.776,runtime,9.960221767425537,2495,250.3960311563058,0,0.0,0,0.0,0.0,True,good,当前QC指标正常。,47425.49656025676,False,False,0.0,False,36104.93013992551,False,False,0.0,False
1789748348.011116,718.796,runtime,9.96182656288147,2500,250.85760971903142,0,0.0,0,0.0,0.0,True,good,当前QC指标正常。,46090.22338106247,False,False,0.0,False,35076.058661474446,False,False,0.0,False
1789748350.0151176,720.776,runtime,9.931823492050171,2490,250.6085616596283,0,0.0,0,0.0,0.0,True,good,当前QC指标正常。,45835.28957145124,False,False,0.0,False,34828.60410100065,False,False,0.0,False
1789748352.0262861,722.816,runtime,9.96190357208252,2530,253.8671431318941,0,0.0,0,0.0,0.0,True,good,当前QC指标正常。,45030.70184317425,False,False,0.0,False,34223.9138760293,False,False,0.0,False
1789748354.0403872,724.816,runtime,9.930166006088257,2495,251.15390804855735,0,0.0,0,0.0,0.0,True,good,当前QC指标正常。,44293.7772478579,False,False,0.0,False,33659.655512008256,False,False,0.0,False
1789748356.0514293,726.836,runtime,9.931705236434937,2500,251.61842206434991,0,0.0,0,0.0,0.0,True,good,当前QC指标正常。,43996.84999585823,False,False,0.0,False,33512.36074848288,False,False,0.0,False
1789748358.065642,728.836,runtime,9.958354711532593,2495,250.44297700218925,0,0.0,0,0.0,0.0,True,good,当前QC指标正常。,43756.66469593355,False,False,0.0,False,33402.61634736775,False,False,0.0,False
1789748360.0685787,730.856,runtime,9.963732957839966,2500,250.80961227826376,0,0.0,0,0.0,0.0,True,good,当前QC指标正常。,43530.89924467991,False,False,0.0,False,33274.722959349136,False,False,0.0,False
1789748362.0807025,732.856,runtime,9.960057497024536,2495,250.4001609172494,0,0.0,0,0.0,0.0,True,good,当前QC指标正常。,43292.8834316585,False,False,0.0,False,33110.08528617979,False,False,0.0,False
1789748364.0955348,734.836,runtime,9.933705806732178,2490,250.56107442936133,0,0.0,0,0.0,0.0,True,good,当前QC指标正常。,43048.54108574807,False,False,0.0,False,32936.14739870983,False,False,0.0,False
1789748366.108893,736.876,runtime,9.99024748802185,2495,249.64346508835408,0,0.0,0,0.0,0.0,True,good,当前QC指标正常。,42787.77396414097,False,False,0.0,False,32754.206006161185,False,False,0.0,False
1789748368.1188002,738.916,runtime,9.99014163017273,2505,250.64709717801125,0,0.0,0,0.0,0.0,True,good,当前QC指标正常。,42516.06654967769,False,False,0.0,False,32557.919705537628,False,False,0.0,False
1789748370.126382,740.896,runtime,9.96025824546814,2495,250.39511411611798,0,0.0,0,0.0,0.0,True,good,当前QC指标正常。,42394.685956085326,False,False,0.0,False,32492.976644438782,False,False,0.0,False
1789748372.13148,742.916,runtime,9.961968183517456,2500,250.8540434946091,0,0.0,0,0.0,0.0,True,good,当前QC指标正常。,42312.814935447575,False,False,0.0,False,32458.45437260765,False,False,0.0,False
1789748374.1347647,744.916,runtime,9.960243463516235,2495,250.39548572636502,0,0.0,0,0.0,0.0,True,good,当前QC指标正常。,42321.81016012123,False,False,0.0,False,32496.46480680645,False,False,0.0,False
1789748376.149798,746.936,runtime,9.962230920791626,2505,251.3493232498796,0,0.0,0,0.0,0.0,True,good,当前QC指标正常。,42337.5958023814,False,False,0.0,False,32535.888302486204,False,False,0.0,False
1789748378.1649234,748.936,runtime,9.963561534881592,2505,251.3157560410207,0,0.0,0,0.0,0.0,True,good,当前QC指标正常。,42415.01166661517,False,False,0.0,False,32624.877425838666,False,False,0.0,False
1789748380.1790948,750.976,runtime,9.990196228027344,2505,250.64572735569158,0,0.0,0,0.0,0.0,True,good,当前QC指标正常。,42301.71413325847,False,False,0.0,False,32551.803183190434,False,False,0.0,False
1789748382.1827092,752.956,runtime,9.96031379699707,2495,250.39371759069627,0,0.0,0,0.0,0.0,True,good,当前QC指标正常。,42086.31081847345,False,False,0.0,False,32405.801527728538,False,False,0.0,False
1789748384.199119,754.996,runtime,9.990358591079712,2505,250.64165386773962,0,0.0,0,0.0,0.0,True,good,当前QC指标正常。,41818.178945808315,False,False,0.0,False,32208.002473189477,False,False,0.0,False
1789748386.2090578,757.016,runtime,9.990265607833862,2505,250.6439866860486,0,0.0,0,0.0,0.0,True,good,当前QC指标正常。,41819.2590953885,False,False,0.0,False,32264.670285505363,False,False,0.0,False
1789748388.218039,758.996,runtime,9.9635009765625,2500,250.81545190575955,0,0.0,0,0.0,0.0,True,good,当前QC指标正常。,41892.19072031803,False,False,0.0,False,32504.65617267108,False,False,0.0,False
1789748390.2351322,760.976,runtime,9.93180251121521,2490,250.6090910677459,0,0.0,0,0.0,0.0,True,good,当前QC指标正常。,41899.66141570595,False,False,0.0,False,32635.746556500137,False,False,0.0,False
1789748392.2392356,763.036,runtime,9.96017050743103,2510,251.9033181337708,0,0.0,0,0.0,0.0,True,good,当前QC指标正常。,42009.1683873776,False,False,0.0,False,32898.947431682864,False,False,0.0,False
1789748394.2457993,765.016,runtime,9.961660861968994,2505,251.3637067850417,0,0.0,0,0.0,0.0,True,good,当前QC指标正常。,42298.24229239737,False,False,0.0,False,33207.52950671839,False,False,0.0,False
1789748396.2591505,767.056,runtime,9.96004319190979,2510,251.90653812003313,0,0.0,0,0.0,0.0,True,good,当前QC指标正常。,42307.31309454743,False,False,0.0,False,33250.5435183704,False,False,0.0,False
1789748398.269248,769.036,runtime,9.99030351638794,2495,249.642065019234,0,0.0,0,0.0,0.0,True,good,当前QC指标正常。,42200.05685050748,False,False,0.0,False,33036.84695473247,False,False,0.0,False
1789748400.2793982,771.076,runtime,9.960250616073608,2500,250.89730131560896,0,0.0,0,0.0,0.0,True,good,当前QC指标正常。,42153.628967664976,False,False,0.0,False,32916.068891898496,False,False,0.0,False
1789748402.2821708,773.056,runtime,9.92992901802063,2495,251.15990209738058,0,0.0,0,0.0,0.0,True,good,当前QC指标正常。,42076.94721927477,False,False,0.0,False,32726.509639980657,False,False,0.0,False
1789748404.2986956,775.076,runtime,9.961646556854248,2500,250.86214269271866,0,0.0,0,0.0,0.0,True,good,当前QC指标正常。,41699.17588003619,False,False,0.0,False,32335.22011395984,False,False,0.0,False
1789748406.3095744,777.096,runtime,9.960307359695435,2500,250.89587195996072,0,0.0,0,0.0,0.0,True,good,当前QC指标正常。,41761.98087728031,False,False,0.0,False,32460.829214552403,False,False,0.0,False
1789748408.3142743,779.076,runtime,9.967235088348389,2495,250.21984310528245,0,0.0,0,0.0,0.0,True,good,当前QC指标正常。,41485.21688638092,False,False,0.0,False,32315.726757161967,False,False,0.0,False
1789748410.3230994,781.056,runtime,9.931686639785767,2485,250.10857572260068,0,0.0,0,0.0,0.0,True,good,当前QC指标正常。,40962.849976715326,False,False,0.0,False,31964.951391357165,False,False,0.0,False
1789748412.3304434,783.076,runtime,9.930279731750488,2490,250.64752124170468,0,0.0,0,0.0,0.0,True,good,当前QC指标正常。,40889.99066901386,False,False,0.0,False,31639.861584470513,False,False,0.0,False
1789748414.3391547,785.116,runtime,9.961997509002686,2495,250.3513976736257,0,0.0,0,0.0,0.0,True,good,当前QC指标正常。,50765.67079104143,False,False,0.0,False,34817.17883367536,False,False,0.0,False
1789748416.353689,787.096,runtime,9.931550741195679,2490,250.61544413962733,0,0.0,0,0.0,0.0,True,good,当前QC指标正常。,51535.302706072864,False,False,0.0,False,35178.75844797651,False,False,0.0,False
1789748418.3673832,789.136,runtime,9.960240602493286,2495,250.39555765105635,0,0.0,0,0.0,0.0,True,good,当前QC指标正常。,48128.66650775485,False,False,0.0,False,33102.42975431133,False,False,0.0,False
1789748420.3710177,791.116,runtime,9.929968357086182,2490,250.65538081234774,0,0.0,0,0.0,0.0,True,good,当前QC指标正常。,43922.99233470827,False,False,0.0,False,31246.301671589717,False,False,0.0,False
1789748422.3854194,793.156,runtime,9.959659099578857,2505,251.41422763213666,0,0.0,0,0.0,0.0,True,good,当前QC指标正常。,39591.56965392483,False,False,0.0,False,28997.693429711217,False,False,0.0,False
1789748424.3922124,795.176,runtime,9.961713314056396,2505,251.3623832626011,0,0.0,0,0.0,0.0,True,good,当前QC指标正常。,29112.631272028244,False,False,0.0,False,22133.195577855404,False,False,0.0,False
1789748426.3975604,797.176,runtime,9.960167169570923,2495,250.39740373227488,0,0.0,0,0.0,0.0,True,good,当前QC指标正常。,22382.790439273405,False,False,0.0,False,16986.687769708176,False,False,0.0,False
1789748428.4094815,799.196,runtime,9.961845874786377,2500,250.8571234097304,0,0.0,0,0.0,0.0,True,good,当前QC指标正常。,20941.932524728825,False,False,0.0,False,16135.487211468684,False,False,0.0,False
1789748430.4115858,801.196,runtime,9.960186958312988,2495,250.39690624666974,0,0.0,0,0.0,0.0,True,good,当前QC指标正常。,18999.871139798204,False,False,0.0,False,14863.227262376666,False,False,0.0,False
1789748432.4206593,803.216,runtime,9.933629989624023,2500,251.5696681485299,0,0.0,0,0.0,0.0,True,good,当前QC指标正常。,17210.079732203874,False,False,0.0,False,13565.450078135877,False,False,0.0,False
1789748434.4287996,805.216,runtime,9.993531465530396,2505,250.56207694314824,0,0.0,0,0.0,0.0,True,good,当前QC指标正常。,16390.53040312764,False,False,0.0,False,12998.713723052482,False,False,0.0,False
1789748436.4445002,807.196,runtime,9.930241823196411,2490,250.64847808498024,0,0.0,0,0.0,0.0,True,good,当前QC指标正常。,15571.842997004027,False,False,0.0,False,12408.050624562953,False,False,0.0,False
1789748438.453608,809.216,runtime,9.960233688354492,2490,249.8937352152831,0,0.0,0,0.0,0.0,True,good,当前QC指标正常。,15006.694463312533,False,False,0.0,False,11976.2854095081,False,False,0.0,False
1789748440.4665642,811.256,runtime,9.959903717041016,2500,250.90603995742512,0,0.0,0,0.0,0.0,True,good,当前QC指标正常。,14557.550222663542,False,False,0.0,False,11642.833304865382,False,False,0.0,False
1789748442.4834685,813.256,runtime,9.960184812545776,2495,250.39696019079642,0,0.0,0,0.0,0.0,True,good,当前QC指标正常。,14259.539502313342,False,False,0.0,False,11420.056628158794,False,False,0.0,False
1789748444.4938297,815.116,runtime,9.810104608535767,2460,250.65991629288288,0,0.0,0,0.0,0.0,True,good,当前QC指标正常。,14082.880244196904,False,False,0.0,False,11299.565687343718,False,False,0.0,False
1789748446.5097945,817.296,runtime,9.960239887237549,2510,251.90156345680805,0,0.0,0,0.0,0.0,True,good,当前QC指标正常。,13911.149501696502,False,False,0.0,False,11182.78216317307,False,False,0.0,False
1789748448.5219078,819.296,runtime,9.937159299850464,2500,251.48031993787254,0,0.0,0,0.0,0.0,True,good,当前QC指标正常。,14026.921543427918,False,False,0.0,False,11294.345885871915,False,False,0.0,False
1789748450.530917,821.296,runtime,9.960343360900879,2495,250.39297438180145,0,0.0,0,0.0,0.0,True,good,当前QC指标正常。,14183.605115604192,False,False,0.0,False,11429.711976081231,False,False,0.0,False
1789748452.539789,823.276,runtime,9.900137662887573,2490,251.41064546308877,0,0.0,0,0.0,0.0,True,good,当前QC指标正常。,14239.232616293402,False,False,0.0,False,11478.258037561156,False,False,0.0,False
1789748454.5441592,825.316,runtime,9.960125207901001,2495,250.39845864805008,0,0.0,0,0.0,0.0,True,good,当前QC指标正常。,14238.094877971782,False,False,0.0,False,11472.562959544664,False,False,0.0,False
1789748456.5617132,827.156,runtime,9.990384817123413,2450,245.1357024608742,0,0.0,0,0.0,0.0,True,good,当前QC指标正常。,14256.320131874516,False,False,0.0,False,11491.778171453314,False,False,0.0,False
1789748458.5699854,829.296,runtime,9.990214586257935,2500,250.14477701384973,0,0.0,0,0.0,0.0,True,good,当前QC指标正常。,14002.435704874068,False,False,0.0,False,11272.095320178545,False,False,0.0,False
1789748460.5723455,831.352,runtime,9.93177843093872,2514,253.026184330864,0,0.0,0,0.0,0.0,True,good,当前QC指标正常。,13690.792193625872,False,False,0.0,False,11008.504706782278,False,False,0.0,False
1789748462.5897264,833.372,runtime,9.990071535110474,2499,250.04825953654958,0,0.0,0,0.0,0.0,True,good,当前QC指标正常。,13514.480750656825,False,False,0.0,False,10875.63204146453,False,False,0.0,False
1789748464.5939593,835.372,runtime,9.963673830032349,2499,250.71073608115992,0,0.0,0,0.0,0.0,True,good,当前QC指标正常。,13409.144829507783,False,False,0.0,False,10806.406818017706,False,False,0.0,False
1789748466.6061862,837.352,runtime,9.900150775909424,2549,257.36981765976606,0,0.0,0,0.0,0.0,True,good,当前QC指标正常。,16370.124584959845,False,False,0.0,False,12991.892801952436,False,False,0.0,False
1789748468.6212022,839.392,runtime,9.961843490600586,2504,251.25871555417274,0,0.0,0,0.0,0.0,True,good,当前QC指标正常。,32932.06907785047,False,False,0.0,False,26194.784982403984,False,False,0.0,False
1789748470.629998,841.412,runtime,9.900038003921509,2510,253.43337055940177,0,0.0,0,0.0,0.0,True,good,当前QC指标正常。,44526.700225819804,False,False,0.0,False,35524.960118580224,False,False,0.0,False
1789748472.6354365,843.412,runtime,9.903601169586182,2500,252.332455357188,0,0.0,0,0.0,0.0,True,good,当前QC指标正常。,54011.89283839073,False,False,0.0,False,43163.78388678009,False,False,0.0,False
1789748474.6499891,845.412,runtime,9.990236282348633,2495,249.6437451040626,0,0.0,0,0.0,0.0,True,good,当前QC指标正常。,61683.04138179482,False,False,0.0,False,49342.13270552462,False,False,0.0,False
1789748476.6562998,847.432,runtime,9.962385416030884,2500,250.84353753055532,0,0.0,0,0.0,0.0,True,good,当前QC指标正常。,67660.56825668873,False,False,0.0,False,54213.37254276995,False,False,0.0,False
1789748478.668159,849.432,runtime,9.962026119232178,2495,250.3506786822423,0,0.0,0,0.0,0.0,True,good,当前QC指标正常。,68037.86481126113,False,False,0.0,False,54481.41381425114,False,False,0.0,False
1789748480.6798093,851.452,runtime,9.965615510940552,2500,250.76223312614488,0,0.0,0,0.0,0.0,True,good,当前QC指标正常。,67686.38944748681,False,False,0.0,False,54162.49798260826,False,False,0.0,False
1789748482.6941142,853.452,runtime,9.960245132446289,2495,250.39544377031416,0,0.0,0,0.0,0.0,True,good,当前QC指标正常。,66963.13034275155,False,False,0.0,False,53550.3802597254,False,False,0.0,False
1789748484.7001467,855.452,runtime,9.99019193649292,2495,249.64485325749652,0,0.0,0,0.0,0.0,True,good,当前QC指标正常。,63339.75579652397,False,False,0.0,False,50586.580500502896,False,False,0.0,False
1789748486.7101264,857.492,runtime,9.990390539169312,2500,250.14037141012395,0,0.0,0,0.0,0.0,True,good,当前QC指标正常。,62098.19107857133,False,False,0.0,False,49563.63462505242,False,False,0.0,False
1789748488.7200363,859.512,runtime,9.990007877349854,2505,250.65045300687595,0,0.0,0,0.0,0.0,True,good,当前QC指标正常。,61580.587501812435,False,False,0.0,False,49205.82819600882,False,False,0.0,False
1789748490.7299514,861.532,runtime,9.988146543502808,2520,252.19894291985383,0,0.0,0,0.0,0.0,True,good,当前QC指标正常。,61028.68497087136,False,False,0.0,False,48806.53510474056,False,False,0.0,False
1789748492.740314,863.472,runtime,9.930298805236816,2485,250.14353029236585,0,0.0,0,0.0,0.0,True,good,当前QC指标正常。,59697.64668034008,False,False,0.0,False,47732.20501323035,False,False,0.0,False
1789748494.7493777,865.492,runtime,9.90015435218811,2490,251.41022164466423,0,0.0,0,0.0,0.0,True,good,当前QC指标正常。,58742.76485233539,False,False,0.0,False,46987.90277985375,False,False,0.004,False
1789748496.7552106,867.532,runtime,9.963733434677124,2500,250.80960027519848,0,0.0,0,0.0,0.0,True,good,当前QC指标正常。,57770.938201192184,False,False,0.0,False,46220.47170916425,False,False,0.004,False
1789748498.760499,869.552,runtime,9.966080665588379,2500,250.75052910506054,0,0.0,0,0.0,0.0,True,good,当前QC指标正常。,56410.937566095854,False,False,0.0,False,45097.29597128934,False,False,0.004,False
1789748500.7757213,871.552,runtime,9.960131883621216,2500,250.90029220490962,0,0.0,0,0.0,0.0,True,good,当前QC指标正常。,55088.64568300869,False,False,0.0,False,44000.54696229579,False,False,0.004,False
1789748502.7904277,873.492,runtime,9.990371942520142,2480,248.13890956843142,0,0.0,0,0.0,0.0,True,good,当前QC指标正常。,55050.6760404634,False,False,0.0,False,43950.97341575888,False,False,0.004,False
1789748504.800356,875.532,runtime,9.990227222442627,2485,248.64299326643922,0,0.0,0,0.0,0.0,True,good,当前QC指标正常。,57429.22248899484,False,False,0.0,False,45879.3860215571,False,False,0.0,False
1789748506.810318,877.592,runtime,9.990240335464478,2500,250.14413228165984,0,0.0,0,0.0,0.0,True,good,当前QC指标正常。,57188.85383606248,False,False,0.0,False,45696.241109901996,False,False,0.0,False
1789748508.8202682,879.612,runtime,9.990106344223022,2505,250.64798248599104,0,0.0,0,0.0,0.0,True,good,当前QC指标正常。,57061.20843531582,False,False,0.0,False,45599.47189816157,False,False,0.0,False
1789748510.8272507,881.592,runtime,9.960146188735962,2495,250.3979311890514,0,0.0,0,0.0,0.0,True,good,当前QC指标正常。,56933.01221648502,False,False,0.0,False,45503.70414622074,False,False,0.0,False
1789748512.8371434,883.612,runtime,9.931814432144165,2500,251.61565563609653,0,0.0,0,0.0,0.0,True,good,当前QC指标正常。,56742.54569006659,False,False,0.0,False,45355.20449193581,False,False,0.0,False
1789748514.842287,885.612,runtime,9.960005760192871,2500,250.90346935217113,0,0.0,0,0.0,0.0,True,good,当前QC指标正常。,56979.31222373464,False,False,0.0,False,45569.74029920301,False,False,0.0,False
1789748516.8576334,887.632,runtime,9.961754322052002,2505,251.36134851840092,0,0.0,0,0.0,0.0,True,good,当前QC指标正常。,56700.89016345039,False,False,0.0,False,45376.61792723512,False,False,0.0,False
1789748518.8699288,889.632,runtime,9.900234460830688,2495,251.9132258803837,0,0.0,0,0.0,0.0,True,good,当前QC指标正常。,56796.360399202415,False,False,0.0,False,45504.734178081155,False,False,0.0,False
1789748520.8802683,891.652,runtime,9.961838483810425,2495,250.3553941426723,0,0.0,0,0.0,0.0,True,good,当前QC指标正常。,57199.67932689085,False,False,0.0,False,46082.73244328717,False,False,0.0,False
1789748522.8838665,893.652,runtime,9.96008825302124,2505,251.40339486855953,0,0.0,0,0.0,0.0,True,good,当前QC指标正常。,55675.66096493744,False,False,0.0,False,44757.82162741513,False,False,0.0,False
1789748524.8989713,895.672,runtime,9.96911334991455,2500,250.6742487807524,0,0.0,0,0.0,0.0,True,good,当前QC指标正常。,55308.04250035472,False,False,0.0,False,44476.13646227531,False,False,0.0,False
1789748526.9032178,897.692,runtime,9.965563774108887,2500,250.76353497356035,0,0.0,0,0.0,0.0,True,good,当前QC指标正常。,54785.85663681131,False,False,0.0,False,44036.07243068476,False,False,0.0,False
1789748528.9159963,899.652,runtime,9.930374383926392,2485,250.14162648496702,0,0.0,0,0.0,0.0,True,good,当前QC指标正常。,53483.08308000539,False,False,0.0,False,42832.148126188426,False,False,0.0,False
1789748530.9308527,901.712,runtime,9.990457534790039,2500,250.1386939784955,0,0.0,0,0.0,0.0,True,good,当前QC指标正常。,51245.088899679366,False,False,0.0,False,40484.994524534595,False,False,0.0,False
1789748532.9355638,903.692,runtime,9.905362606048584,2495,251.78280686837962,0,0.0,0,0.0,0.0,True,good,当前QC指标正常。,50192.90939683597,False,False,0.0,False,39391.85084894435,False,False,0.0,False
1789748534.9422333,905.692,runtime,9.931915998458862,2490,250.6062274777816,0,0.0,0,0.0,0.0,True,good,当前QC指标正常。,48248.30994934296,False,False,0.0,False,37460.736633787914,False,False,0.0,False
1789748536.956245,907.732,runtime,9.961870431900024,2495,250.35459124359642,0,0.0,0,0.0,0.0,True,good,当前QC指标正常。,46730.11702887783,False,False,0.0,False,35960.30152443689,False,False,0.0,False
1789748538.958367,909.712,runtime,9.901935338973999,2490,251.3650023751721,0,0.0,0,0.0,0.0,True,good,当前QC指标正常。,45334.044100512816,False,False,0.0,False,34613.21494862212,False,False,0.0,False
1789748540.9696538,911.752,runtime,9.928601264953613,2500,251.6970853508916,0,0.0,0,0.0,0.0,True,good,当前QC指标正常。,45660.10783562907,False,False,0.0,False,35327.039332125714,False,False,0.0,False
1789748542.9779894,913.772,runtime,9.961855173110962,2500,250.85688926148018,0,0.0,0,0.0,0.0,True,good,当前QC指标正常。,46831.581188339434,False,False,0.0,False,36711.95039369144,False,False,0.0,False
1789748544.9882317,915.772,runtime,9.960118532180786,2500,250.900628534271,0,0.0,0,0.0,0.0,True,good,当前QC指标正常。,47605.037793645046,False,False,0.0,False,37752.0364283308,False,False,0.0,False
1789748547.0030987,917.792,runtime,9.961880445480347,2500,250.85625286075214,0,0.0,0,0.0,0.0,True,good,当前QC指标正常。,48316.93292109208,False,False,0.0,False,38690.361823662286,False,False,0.0,False
1789748549.011593,919.772,runtime,9.933594226837158,2495,251.06723136144106,0,0.0,0,0.0,0.0,True,good,当前QC指标正常。,48353.72656410657,False,False,0.0,False,38984.02547654966,False,False,0.0,False
1789748551.0283232,921.752,runtime,9.904199600219727,2485,250.80269989155832,0,0.0,0,0.0,0.0,True,good,当前QC指标正常。,47611.499730483534,False,False,0.0,False,38402.866232313696,False,False,0.0,False
1789748553.0354373,923.812,runtime,9.962095260620117,2495,250.34894113678195,0,0.0,0,0.0,0.0,True,good,当前QC指标正常。,47852.730197775156,False,False,0.0,False,38641.22495015716,False,False,0.0,False
1789748555.0477772,925.832,runtime,9.961930274963379,2505,251.35690884056152,0,0.0,0,0.0,0.0,True,good,当前QC指标正常。,48078.55360892798,False,False,0.0,False,38828.61922066206,False,False,0.0,False
1789748557.052875,927.832,runtime,9.960262060165405,2495,250.39501821687847,0,0.0,0,0.0,0.0,True,good,当前QC指标正常。,47285.481587220114,False,False,0.0,False,38124.58686173865,False,False,0.0,False
1789748559.0653265,929.852,runtime,9.961740493774414,2500,250.85977712044888,0,0.0,0,0.0,0.0,True,good,当前QC指标正常。,47538.2854718047,False,False,0.0,False,38365.76569685401,False,False,0.0,False
1789748561.0795507,931.852,runtime,9.930187463760376,2505,252.1603956761338,0,0.0,0,0.0,0.0,True,good,当前QC指标正常。,48558.30521311045,False,False,0.0,False,39278.12451021167,False,False,0.0,False
1789748563.0909483,933.892,runtime,9.990160465240479,2510,251.14711707882506,0,0.0,0,0.0,0.0,True,good,当前QC指标正常。,51066.37298243424,False,False,0.0,False,41548.35453322688,False,False,0.0,False
1789748565.0947573,935.852,runtime,9.931918144226074,2490,250.60617333490424,0,0.0,0,0.0,0.0,True,good,当前QC指标正常。,52258.8939347589,False,False,0.0,False,42620.93639128119,False,False,0.0,False
1789748567.1088324,937.852,runtime,9.930145502090454,2495,251.15442663704908,0,0.0,0,0.0,0.0,True,good,当前QC指标正常。,54110.46672778595,False,False,0.0,False,44275.88631439031,False,False,0.0,False
1789748569.120948,939.912,runtime,9.990093231201172,2510,251.1488073168189,0,0.0,0,0.0,0.0,True,good,当前QC指标正常。,55630.41152360149,False,False,0.0,False,45626.635789056374,False,False,0.0,False
1789748571.126594,941.852,runtime,9.905535221099854,2485,250.76888270598576,0,0.0,0,0.0,0.0,True,good,当前QC指标正常。,56768.50438821809,False,False,0.0,False,46639.07634824252,False,False,0.0,False
1789748573.144646,943.892,runtime,9.96200704574585,2490,249.84925111681147,0,0.0,0,0.0,0.0,True,good,当前QC指标正常。,55537.40311905038,False,False,0.0,False,45530.38164898697,False,False,0.0,False
1789748575.157032,945.892,runtime,9.930114030838013,2495,251.15522261424914,0,0.0,0,0.0,0.0,True,good,当前QC指标正常。,55364.44571261118,False,False,0.0,False,45370.24794052215,False,False,0.0,False
1789748577.1648223,947.932,runtime,9.930023193359375,2495,251.15752012219295,0,0.0,0,0.0,0.0,True,good,当前QC指标正常。,55213.121217621454,False,False,0.0,False,45191.90821727011,False,False,0.0,False
1789748579.1709952,949.972,runtime,9.990163564682007,2505,250.64654685458135,0,0.0,0,0.0,0.0,True,good,当前QC指标正常。,53387.438785188104,False,False,0.0,False,43481.546284972756,False,False,0.0,False
1789748581.1737368,951.952,runtime,9.928291082382202,2495,251.20133760236084,0,0.0,0,0.0,0.0,True,good,当前QC指标正常。,83236.18795335335,False,False,0.0,False,39143.76309201104,False,False,0.0,False
1789748583.1773033,953.972,runtime,9.962002277374268,2500,250.85318497424328,0,0.0,0,0.0,0.0,True,good,当前QC指标正常。,85326.93975002246,False,False,0.0,False,33879.47128530234,False,False,0.0,False
1789748585.1898434,955.972,runtime,9.930025815963745,2495,251.15745378935333,0,0.0,0,0.0,0.0,True,good,当前QC指标正常。,79797.19649640871,False,False,0.0,False,27980.075245700704,False,False,0.0,False
1789748587.1983042,957.992,runtime,9.931881666183472,2500,251.61395231970096,0,0.0,0,0.0,0.0,True,good,当前QC指标正常。,67130.41507962375,False,False,0.0,False,21161.014781038197,False,False,0.0,False
1789748589.2154264,959.992,runtime,9.930127382278442,2495,251.15488492633597,0,0.0,0,0.0,0.0,True,good,当前QC指标正常。,44301.820345336,False,False,0.0,False,17133.025504488982,False,False,0.0,False
1789748591.220916,962.012,runtime,9.961878299713135,2500,250.85630689465077,0,0.0,0,0.0,0.0,True,good,当前QC指标正常。,27881.042070448246,False,False,0.0,False,19265.824220339367,False,False,0.0,False
1789748593.2280784,964.012,runtime,9.960048913955688,2495,250.400376699505,0,0.0,0,0.0,0.0,True,good,当前QC指标正常。,32461.594848926692,False,False,0.0,False,23505.0873329104,False,False,0.0,False
1789748595.23497,965.992,runtime,9.933607578277588,2490,250.56355210194178,0,0.0,0,0.0,0.0,True,good,当前QC指标正常。,37226.06191491611,False,False,0.0,False,27640.517882605465,False,False,0.0,False
1789748597.2510724,968.012,runtime,9.931973934173584,2490,250.60476562830445,0,0.0,0,0.0,0.0,True,good,当前QC指标正常。,39796.37720306133,False,False,0.0,False,29874.530287456255,False,False,0.0,False
1789748599.2619693,969.992,runtime,9.903791189193726,2485,250.81304245492925,0,0.0,0,0.0,0.0,True,good,当前QC指标正常。,39547.37243763105,False,False,0.0,False,29786.999603490174,False,False,0.0,False
1789748601.2761428,972.032,runtime,9.939189195632935,2490,250.4228414419974,0,0.0,0,0.0,0.0,True,good,当前QC指标正常。,36689.25250812203,False,False,0.0,False,27634.461941370322,False,False,0.0,False
1789748603.2783763,974.072,runtime,9.961877346038818,2500,250.8563309097243,0,0.0,0,0.0,0.0,True,good,当前QC指标正常。,32181.364797400332,False,False,0.0,False,24165.318691133456,False,False,0.0,False
1789748605.292423,976.052,runtime,9.93184781074524,2490,250.60794803029077,0,0.0,0,0.0,0.0,True,good,当前QC指标正常。,25262.12340686406,False,False,0.0,False,18774.466425883813,False,False,0.0,False
1789748607.2960403,978.092,runtime,9.961650371551514,2505,251.36397149120236,0,0.0,0,0.0,0.0,True,good,当前QC指标正常。,17893.674609467347,False,False,0.0,False,13054.971943788876,False,False,0.0,False
1789748609.2993023,980.092,runtime,9.958439350128174,2515,252.44919526146862,0,0.0,0,0.0,0.0,True,good,当前QC指标正常。,13580.538955434558,False,False,0.0,False,9824.478249769894,False,False,0.0,False
1789748611.3018172,982.092,runtime,9.990310192108154,2500,250.1423831638466,0,0.0,0,0.0,0.0,True,good,当前QC指标正常。,13237.295267670665,False,False,0.0,False,9616.719302415693,False,False,0.0,False
1789748613.3049457,984.092,runtime,9.965450286865234,2500,250.7663906862049,0,0.0,0,0.0,0.0,True,good,当前QC指标正常。,13202.070227823968,False,False,0.0,False,9650.669236115273,False,False,0.0,False
1789748615.3187504,986.092,runtime,9.965520143508911,2495,250.2629028976956,0,0.0,0,0.0,0.0,True,good,当前QC指标正常。,12123.698656718658,False,False,0.0,False,8947.62035049375,False,False,0.0,False
1789748617.3222663,988.072,runtime,9.903539180755615,2495,251.82916475418176,0,0.0,0,0.0,0.0,True,good,当前QC指标正常。,12364.396336164804,False,False,0.0,False,9175.536663068435,False,False,0.0,False
1789748619.3263607,990.092,runtime,9.933526992797852,2490,250.56558479225058,0,0.0,0,0.0,0.0,True,good,当前QC指标正常。,12198.509732581242,False,False,0.0,False,9106.440754385405,False,False,0.0,False
1789748621.332254,992.132,runtime,9.96718454360962,2500,250.72275817369248,0,0.0,0,0.0,0.0,True,good,当前QC指标正常。,12107.232895523402,False,False,0.0,False,9078.251499606598,False,False,0.0,False
1789748623.334958,994.132,runtime,9.963478088378906,2505,251.31786087035093,0,0.0,0,0.0,0.0,True,good,当前QC指标正常。,12006.787120384513,False,False,0.0,False,9054.534379086648,False,False,0.0,False
1789748625.3415737,996.132,runtime,9.990164279937744,2500,250.1460366391065,0,0.0,0,0.0,0.0,True,good,当前QC指标正常。,11367.887100876651,False,False,0.0,False,8684.49732484925,False,False,0.0,False
1789748627.3516395,998.152,runtime,9.960073947906494,2505,251.40375594563886,0,0.0,0,0.0,0.0,True,good,当前QC指标正常。,10846.415563995379,False,False,0.0,False,8302.719836861954,False,False,0.0,False
1789748629.3617096,1000.152,runtime,9.960106611251831,2500,250.90092882910562,0,0.0,0,0.0,0.0,True,good,当前QC指标正常。,10611.11887859169,False,False,0.0,False,7881.056667078536,False,False,0.0,False
1789748631.3716288,1002.168,runtime,9.958266258239746,2504,251.3489733144008,0,0.0,0,0.0,0.0,True,good,当前QC指标正常。,10458.892727373304,False,False,0.0,False,7295.718667963063,False,False,0.0,False
1789748633.3795493,1004.148,runtime,9.960326910018921,2494,250.29298962992212,0,0.0,0,0.0,0.0,True,good,当前QC指标正常。,10203.655266347529,False,False,0.0,False,6498.11636396165,False,False,0.0,False
1789748635.3917599,1006.188,runtime,9.990132808685303,2504,250.5472197350491,0,0.0,0,0.0,0.0,True,good,当前QC指标正常。,9753.471724025843,False,False,0.0,False,6236.629418443665,False,False,0.0,False
1789748637.4017925,1008.188,runtime,9.990175247192383,2509,251.04664712511854,0,0.0,0,0.0,0.0,True,good,当前QC指标正常。,8489.99750014951,False,False,0.0,False,5817.329162664653,False,False,0.0,False
1789748639.4077966,1010.148,runtime,9.933636903762817,2489,250.46214433885305,0,0.0,0,0.0,0.0,True,good,当前QC指标正常。,7507.958822538375,False,False,0.0,False,5320.627460354989,False,False,0.0,False
1789748641.4127095,1012.128,runtime,9.9002845287323,2480,250.39684392963886,0,0.0,0,0.0,0.0,True,good,当前QC指标正常。,7209.69430491274,False,False,0.0,False,5228.470707777142,False,False,0.004,False
1789748643.4308314,1014.208,runtime,9.961750745773315,2500,250.8595189515562,0,0.0,0,0.0,0.0,True,good,当前QC指标正常。,7393.450715645841,False,False,0.0,False,5413.3307380280985,False,False,0.004,False
1789748645.441856,1016.228,runtime,9.990253925323486,2500,250.14379200767732,0,0.0,0,0.0,0.0,True,good,当前QC指标正常。,7856.058343397773,False,False,0.0,False,5621.094997904248,False,False,0.004,False
1789748647.449192,1018.228,runtime,9.961798429489136,2500,250.85831817299223,0,0.0,0,0.0,0.0,True,good,当前QC指标正常。,8137.262677613164,False,False,0.0,False,5820.665090638299,False,False,0.004,False
1789748649.4620326,1020.228,runtime,9.988489151000977,2495,249.68741140896856,0,0.0,0,0.0,0.0,True,good,当前QC指标正常。,8231.495413685887,False,False,0.0,False,5940.02600807844,False,False,0.004,False
1789748651.4720662,1022.268,runtime,9.99030089378357,2510,251.1435868324263,0,0.0,0,0.0,0.0,True,good,当前QC指标正常。,8008.7292469807835,False,False,0.0,False,5985.892429473949,False,False,0.0,False
1789748653.4806674,1024.248,runtime,9.95990514755249,2505,251.4080167335051,0,0.0,0,0.0,0.0,True,good,当前QC指标正常。,7785.331302999711,False,False,0.0,False,5854.128405282862,False,False,0.0,False
1789748655.484716,1026.268,runtime,9.961801528930664,2500,250.85824012278346,0,0.0,0,0.0,0.0,True,good,当前QC指标正常。,7532.27566865052,False,False,0.0,False,5804.724104401365,False,False,0.0,False
1789748657.494721,1028.268,runtime,9.960119009017944,2495,250.39861448863405,0,0.0,0,0.0,0.0,True,good,当前QC指标正常。,7369.808590679558,False,False,0.0,False,5805.449109088702,False,False,0.0,False
1789748659.5078716,1030.248,runtime,9.930132150650024,2490,250.65124635195016,0,0.0,0,0.0,0.0,True,good,当前QC指标正常。,7307.706239150528,False,False,0.0,False,5761.639979703841,False,False,0.0,False
1789748661.5179265,1032.288,runtime,9.967404842376709,2495,250.21558163231086,0,0.0,0,0.0,0.0,True,good,当前QC指标正常。,7334.134010775578,False,False,0.0,False,5816.3994364330565,False,False,0.0,False
1789748663.5254862,1034.308,runtime,9.963660478591919,2500,250.81143675754424,0,0.0,0,0.0,0.0,True,good,当前QC指标正常。,7301.12906017113,False,False,0.0,False,5789.87246002716,False,False,0.0,False
1789748665.528508,1036.308,runtime,9.95829963684082,2495,250.44436208501142,0,0.0,0,0.0,0.0,True,good,当前QC指标正常。,7274.735630919113,False,False,0.0,False,5723.797183213608,False,False,0.0,False
1789748667.5416493,1038.328,runtime,9.963679790496826,2510,251.8145958878604,0,0.0,0,0.0,0.0,True,good,当前QC指标正常。,7254.314676961159,False,False,0.0,False,5665.363057583821,False,False,0.0,False
1789748669.5549197,1040.328,runtime,9.960397005081177,2495,250.39162582854036,0,0.0,0,0.0,0.0,True,good,当前QC指标正常。,7237.285925046842,False,False,0.0,False,5668.155123485804,False,False,0.0,False
1789748671.5694532,1042.348,runtime,9.96181058883667,2500,250.85801197629783,0,0.0,0,0.0,0.0,True,good,当前QC指标正常。,7174.0709144386465,False,False,0.0,False,5678.354087474912,False,False,0.0,False
1789748673.5821273,1044.348,runtime,9.961857795715332,2505,251.3587376319494,0,0.0,0,0.0,0.0,True,good,当前QC指标正常。,7156.841767265447,False,False,0.0,False,5645.956959092088,False,False,0.0,False
1789748675.5989962,1046.368,runtime,9.93176794052124,2500,251.61683347475065,0,0.0,0,0.0,0.0,True,good,当前QC指标正常。,7124.7460321779445,False,False,0.0,False,5615.286221044836,False,False,0.0,False
1789748677.6020913,1048.388,runtime,9.960011959075928,2510,251.90732805433103,0,0.0,0,0.0,0.0,True,good,当前QC指标正常。,17769.442186446304,False,False,0.0,False,13904.681535430767,False,False,0.0,False
1789748679.6103127,1050.388,runtime,9.959847450256348,2500,250.90745741649692,0,0.0,0,0.0,0.0,True,good,当前QC指标正常。,27816.84428992412,False,False,0.0,False,21767.982892142205,False,False,0.0,False
1789748681.6220899,1052.408,runtime,9.990149736404419,2510,251.14738679612833,0,0.0,0,0.0,0.0,True,good,当前QC指标正常。,36170.82454660738,False,False,0.0,False,28499.94040327508,False,False,0.0,False
1789748683.632156,1054.388,runtime,9.990272521972656,2495,249.64283952361495,0,0.0,0,0.0,0.0,True,good,当前QC指标正常。,42772.00924704442,False,False,0.0,False,33871.57285733806,False,False,0.0,False
1789748685.6422138,1056.408,runtime,9.98837661743164,2495,249.69022450029465,0,0.0,0,0.0,0.0,True,good,当前QC指标正常。,48320.766037439564,False,False,0.0,False,38419.09498480096,False,False,0.0,False
1789748687.6522987,1058.408,runtime,9.990350484848022,2495,249.64089135636965,0,0.0,0,0.0,0.0,True,good,当前QC指标正常。,50491.3835806612,False,False,0.0,False,40271.16455503481,False,False,0.0,False
1789748689.6563861,1060.428,runtime,9.963909387588501,2495,250.3033601556674,0,0.0,0,0.0,0.0,True,good,当前QC指标正常。,50592.71961618356,False,False,0.0,False,40410.93480987901,False,False,0.0,False
1789748691.6674721,1062.448,runtime,9.96191120147705,2500,250.8554783774296,0,0.0,0,0.0,0.0,True,good,当前QC指标正常。,49982.094716788204,False,False,0.0,False,39897.04260937324,False,False,0.0,False
1789748693.6820893,1064.488,runtime,9.990169286727905,2505,250.6464032923449,0,0.0,0,0.0,0.0,True,good,当前QC指标正常。,49426.540744649246,False,False,0.0,False,39424.48329468981,False,False,0.0,False
1789748695.6900213,1066.428,runtime,9.929983854293823,2490,250.65498962757445,0,0.0,0,0.0,0.0,True,good,当前QC指标正常。,49121.93479374367,False,False,0.0,False,39159.12052218336,False,False,0.0,False
1789748697.7022247,1068.488,runtime,9.989983558654785,2510,251.15156449144877,0,0.0,0,0.0,0.0,True,good,当前QC指标正常。,48910.03726700427,False,False,0.0,False,38993.16745852502,False,False,0.0,False
1789748699.7073145,1070.448,runtime,9.930134534835815,2495,251.1547040224703,0,0.0,0,0.0,0.0,True,good,当前QC指标正常。,48879.6997874076,False,False,0.0,False,38966.165270168574,False,False,0.0,False
1789748701.7202835,1072.488,runtime,9.960325479507446,2495,250.39342390278316,0,0.0,0,0.0,0.0,True,good,当前QC指标正常。,48605.70059954129,False,False,0.0,False,38746.85712129906,False,False,0.0,False
1789748703.7324705,1074.528,runtime,9.990317583084106,2505,250.64268269507718,0,0.0,0,0.0,0.0,True,good,当前QC指标正常。,49316.22510498456,False,False,0.0,False,39627.026288274894,False,False,0.0,False
1789748705.738455,1076.508,runtime,9.962313652038574,2495,250.34345304814372,0,0.0,0,0.0,0.0,True,good,当前QC指标正常。,50299.41954365236,False,False,0.0,False,40755.36530370122,False,False,0.0,False
1789748707.7528844,1078.468,runtime,9.969163417816162,2485,249.16835003033216,0,0.0,0,0.0,0.0,True,good,当前QC指标正常。,51267.91346564743,False,False,0.0,False,41834.21206400959,False,False,0.0,False
1789748709.7655911,1080.528,runtime,9.961809635162354,2495,250.35611915297895,0,0.0,0,0.0,0.0,True,good,当前QC指标正常。,52291.98099677368,False,False,0.0,False,42974.7562194264,False,False,0.0,False
1789748711.7779284,1082.548,runtime,9.962008953094482,2500,250.85301687304144,0,0.0,0,0.0,0.0,True,good,当前QC指标正常。,53376.93007768985,False,False,0.0,False,44179.20762847981,False,False,0.0,False
1789748713.782361,1084.588,runtime,9.990065336227417,2505,250.64901136528445,0,0.0,0,0.0,0.0,True,good,当前QC指标正常。,53526.10509081563,False,False,0.0,False,44337.50599261651,False,False,0.0,False
1789748715.790954,1086.568,runtime,9.961941480636597,2500,250.854715906272,0,0.0,0,0.0,0.0,True,good,当前QC指标正常。,53416.774642446355,False,False,0.0,False,44184.91504000742,False,False,0.0,False
1789748717.7983956,1088.568,runtime,9.958455801010132,2495,250.44043472553466,0,0.0,0,0.0,0.0,True,good,当前QC指标正常。,55290.75333315035,False,False,0.0,False,45566.77626101611,False,False,0.0,False
1789748719.8039107,1090.588,runtime,9.961907386779785,2500,250.8555744371168,0,0.0,0,0.0,0.0,True,good,当前QC指标正常。,58252.81186987532,False,False,0.0,False,47972.01437068003,False,False,0.0,False
1789748721.8204124,1092.588,runtime,9.928273677825928,2505,252.20900241625094,0,0.0,0,0.0,0.0,True,good,当前QC指标正常。,61156.98360414244,False,False,0.0,False,50364.22214393509,False,False,0.0,False
1789748723.831296,1094.608,runtime,9.93166208267212,2500,251.61951536390197,0,0.0,0,0.0,0.0,True,good,当前QC指标正常。,63820.679560630255,False,False,0.0,False,52555.793729769284,False,False,0.0,False
1789748725.8425758,1096.628,runtime,9.990217924118042,2500,250.14469343726725,0,0.0,0,0.0,0.0,True,good,当前QC指标正常。,65929.038887742,False,False,0.0,False,54558.90567233572,False,False,0.0,False
1789748727.8527055,1098.648,runtime,9.990214586257935,2505,250.64526676377739,0,0.0,0,0.0,0.0,True,good,当前QC指标正常。,66706.47347791886,False,False,0.0,False,55383.27291356507,False,False,0.0,False
1789748729.8552256,1100.628,runtime,9.960322856903076,2495,250.39348983266288,0,0.0,0,0.0,0.0,True,good,当前QC指标正常。,66235.97856540229,False,False,0.0,False,55125.430942951534,False,False,0.0,False
1789748731.8679295,1102.528,runtime,9.841951370239258,2470,250.86488513506836,0,0.0,0,0.0,0.0,True,good,当前QC指标正常。,65865.33798404729,False,False,0.0,False,54904.800911012055,False,False,0.0,False
1789748733.8829193,1104.628,runtime,9.990506172180176,2490,249.13652592807904,0,0.0,0,0.0,0.0,True,good,当前QC指标正常。,62693.81901900965,False,False,0.0,False,52194.78165003254,False,False,0.0,False
1789748735.8926208,1106.688,runtime,9.990140676498413,2505,250.64712110517172,0,0.0,0,0.0,0.0,True,good,当前QC指标正常。,59974.257091751904,False,False,0.0,False,49834.09025294581,False,False,0.0,False
1789748737.89832,1108.648,runtime,9.931876182556152,2490,250.60723213319497,0,0.0,0,0.0,0.0,True,good,当前QC指标正常。,59946.55845519129,False,False,0.0,False,49802.4422915648,False,False,0.0,False
1789748739.9128587,1110.708,runtime,9.990275621414185,2505,250.64373545737504,0,0.0,0,0.0,0.0,True,good,当前QC指标正常。,60702.260230607906,False,False,0.0,False,50514.813488458465,False,False,0.0,False
1789748741.9228802,1112.708,runtime,9.990454912185669,2500,250.1387596426557,0,0.0,0,0.0,0.0,True,good,当前QC指标正常。,61381.71041433534,False,False,0.0,False,51224.71487199737,False,False,0.0,False
1789748743.9301481,1114.708,runtime,9.961856842041016,2505,251.35876169517135,0,0.0,0,0.0,0.0,True,good,当前QC指标正常。,64786.63326399099,False,False,0.0,False,54204.63389604673,False,False,0.0,False
1789748745.9397852,1116.708,runtime,9.960111856460571,2505,251.40279909364614,0,0.0,0,0.0,0.0,True,good,当前QC指标正常。,67720.17894625354,False,False,0.0,False,56744.25027902845,False,False,0.0,False
1789748747.9528117,1118.748,runtime,9.990116834640503,2505,250.6477192856681,0,0.0,0,0.0,0.0,True,good,当前QC指标正常。,68067.189025802,False,False,0.0,False,57118.66224557745,False,False,0.0,False
1789748749.9677844,1120.728,runtime,9.960211992263794,2495,250.3962769002424,0,0.0,0,0.0,0.0,True,good,当前QC指标正常。,67796.4846675273,False,False,0.0,False,56916.30670785542,False,False,0.0,False
1789748751.9728112,1122.768,runtime,9.990065097808838,2505,250.6490173471655,0,0.0,0,0.0,0.0,True,good,当前QC指标正常。,65383.989200152566,False,False,0.0,False,54807.439890910835,False,False,0.0,False
1789748753.9779885,1124.768,runtime,9.965554475784302,2500,250.76376894757033,0,0.0,0,0.0,0.0,True,good,当前QC指标正常。,64513.26545765513,False,False,0.0,False,53947.76619252308,False,False,0.0,False
1789748755.9841995,1126.768,runtime,9.967191457748413,2500,250.72258424987893,0,0.0,0,0.0,0.0,True,good,当前QC指标正常。,63482.222507762155,False,False,0.0,False,53046.04357763992,False,False,0.0,False
1789748757.9972644,1128.768,runtime,9.960266351699829,2495,250.39491033032178,0,0.0,0,0.0,0.0,True,good,当前QC指标正常。,62408.60768147637,False,False,0.0,False,52079.837029999086,False,False,0.0,False
1789748760.0130305,1130.808,runtime,9.96005892753601,2520,252.9101502638567,0,0.0,0,0.0,0.0,True,good,当前QC指标正常。,61624.74739259197,False,False,0.0,False,51366.35348523675,False,False,0.0,False
1789748762.0231194,1132.808,runtime,9.960176944732666,2500,250.89915709997197,0,0.0,0,0.0,0.0,True,good,当前QC指标正常。,62770.320348571615,False,False,0.0,False,52299.76461242632,False,False,0.0,False
1789748764.03313,1134.828,runtime,9.990221500396729,2505,250.64509329453426,0,0.0,0,0.0,0.0,True,good,当前QC指标正常。,64117.27834902509,False,False,0.0,False,53574.27533477303,False,False,0.0,False
1789748766.043194,1136.828,runtime,9.990337610244751,2500,250.14169665671363,0,0.0,0,0.0,0.0,True,good,当前QC指标正常。,65072.94478037867,False,False,0.0,False,54420.94386288577,False,False,0.0,False
1789748768.0484507,1138.828,runtime,9.873609066009521,2495,252.59254071398686,0,0.0,0,0.0,0.0,True,good,当前QC指标正常。,66489.51147699573,False,False,0.0,False,55709.21316653013,False,False,0.0,False
1789748770.0593362,1140.828,runtime,9.86817193031311,2495,252.73171339251962,0,0.0,0,0.0,0.0,True,good,当前QC指标正常。,67515.39060010141,False,False,0.0,False,56643.51063393145,False,False,0.0,False
1789748772.0731716,1142.868,runtime,9.990174293518066,2505,250.6462776755229,0,0.0,0,0.0,0.0,True,good,当前QC指标正常。,67643.24091456419,False,False,0.0,False,56860.0016758319,False,False,0.0,False
1789748774.0830877,1144.888,runtime,9.990142822265625,2505,250.6470672690671,0,0.0,0,0.0,0.0,True,good,当前QC指标正常。,65954.12811151754,False,False,0.0,False,55481.244112722576,False,False,0.0,False
1789748776.0990725,1146.868,runtime,9.96191930770874,2500,250.8552742508386,0,0.0,0,0.0,0.0,True,good,当前QC指标正常。,64793.63740482153,False,False,0.0,False,54531.2385481511,False,False,0.0,False
1789748778.1032586,1148.868,runtime,9.990389585494995,2495,249.63991430534682,0,0.0,0,0.0,0.0,True,good,当前QC指标正常。,63135.006875929,False,False,0.0,False,53121.88583729456,False,False,0.0,False
1789748780.1072564,1150.848,runtime,9.900455951690674,2490,251.40256288650627,0,0.0,0,0.0,0.0,True,good,当前QC指标正常。,61877.68643293404,False,False,0.0,False,52087.01775381043,False,False,0.0,False
1789748782.118613,1152.888,runtime,9.96017575263977,2495,250.39718795514315,0,0.0,0,0.0,0.0,True,good,当前QC指标正常。,61873.68868348817,False,False,0.0,False,52117.95696582271,False,False,0.0,False
1789748784.1331513,1154.928,runtime,9.959970474243164,2505,251.40636776739777,0,0.0,0,0.0,0.0,True,good,当前QC指标正常。,62138.58239157241,False,False,0.0,False,52370.382530329975,False,False,0.0,False
1789748786.143354,1156.928,runtime,9.990445613861084,2500,250.1389924522288,0,0.0,0,0.0,0.0,True,good,当前QC指标正常。,63058.29806847036,False,False,0.0,False,53194.20486155578,False,False,0.0,False
1789748788.1531258,1158.948,runtime,9.990040302276611,2505,250.64963946435412,0,0.0,0,0.0,0.0,True,good,当前QC指标正常。,63817.01316731849,False,False,0.0,False,53885.40021844327,False,False,0.0,False
1789748790.1632674,1160.948,runtime,9.990031242370605,2505,250.64986677717417,0,0.0,0,0.0,0.0,True,good,当前QC指标正常。,64811.10682214773,False,False,0.0,False,54760.37722743186,False,False,0.0,False
1789748792.1674225,1162.948,runtime,9.961774587631226,2505,251.36083716540077,0,0.0,0,0.0,0.0,True,good,当前QC指标正常。,65681.34085076579,False,False,0.0,False,55519.3242541437,False,False,0.0,False
1789748794.1786292,1164.948,runtime,9.96003532409668,2505,251.40473085893387,0,0.0,0,0.0,0.0,True,good,当前QC指标正常。,66669.30266077186,False,False,0.0,False,56373.87130758578,False,False,0.0,False
1789748796.1930287,1166.968,runtime,9.960117816925049,2500,250.9006465519408,0,0.0,0,0.0,0.0,True,good,当前QC指标正常。,66948.751186735,False,False,0.0,False,56602.30268280877,False,False,0.0,False
1789748798.2084663,1168.968,runtime,9.960285902023315,2505,251.3984060930763,0,0.0,0,0.0,0.0,True,good,当前QC指标正常。,66998.30808345096,False,False,0.0,False,56629.88566429361,False,False,0.0,False
1789748800.2134929,1171.008,runtime,9.990126371383667,2505,250.64748001312694,0,0.0,0,0.0,0.0,True,good,当前QC指标正常。,66802.06979713569,False,False,0.0,False,56460.4628828737,False,False,0.0,False
1789748802.2208943,1172.964,runtime,9.962034702301025,2489,249.74817638662944,0,0.0,0,0.0,0.0,True,good,当前QC指标正常。,66494.424419787,False,False,0.0,False,56206.61474248259,False,False,0.0,False
1789748804.227669,1175.004,runtime,9.961994886398315,2499,250.75298958551596,0,0.0,0,0.0,0.0,True,good,当前QC指标正常。,66241.6826569482,False,False,0.0,False,56004.318134391244,False,False,0.0,False
1789748806.2353048,1177.024,runtime,9.93357253074646,2499,251.47045458903872,0,0.0,0,0.0,0.0,True,good,当前QC指标正常。,66122.66084962983,False,False,0.0,False,55922.72815158542,False,False,0.0,False
1789748808.2498882,1179.024,runtime,9.90190577507019,2494,251.76971551037892,0,0.0,0,0.0,0.0,True,good,当前QC指标正常。,66003.27041886412,False,False,0.0,False,55838.28171965695,False,False,0.0,False
1789748810.2631345,1181.024,runtime,9.960368633270264,2494,250.29194117100457,0,0.0,0,0.0,0.0,True,good,当前QC指标正常。,66033.01250284686,False,False,0.0,False,55870.94157090154,False,False,0.0,False
1789748812.2810283,1183.004,runtime,9.898743391036987,2484,250.83991996886002,0,0.0,0,0.0,0.0,True,good,当前QC指标正常。,66095.43339520838,False,False,0.0,False,55922.926728346676,False,False,0.0,False
1789748814.2837737,1185.064,runtime,9.960437297821045,2500,250.89259891698566,0,0.0,0,0.0,0.0,True,good,当前QC指标正常。,65863.55906290845,False,False,0.0,False,55724.37276733751,False,False,0.0,False
1789748816.293607,1187.084,runtime,9.960214138031006,2500,250.89822019569723,0,0.0,0,0.0,0.0,True,good,当前QC指标正常。,65551.88780754228,False,False,0.0,False,55463.63154066882,False,False,0.0,False
1789748818.2999794,1189.064,runtime,9.959916830062866,2495,250.40369739555928,0,0.0,0,0.0,0.0,True,good,当前QC指标正常。,65426.590663710376,False,False,0.0,False,55368.46322166245,False,False,0.0,False
1789748820.3137617,1191.104,runtime,9.990432500839233,2505,250.6397996072397,0,0.0,0,0.0,0.0,True,good,当前QC指标正常。,65151.56900339217,False,False,0.0,False,55146.0321007635,False,False,0.0,False
1789748822.3224223,1193.088,runtime,9.98896050453186,2496,249.77573981477363,0,0.0,0,0.0,0.0,True,good,当前QC指标正常。,64488.62538837505,False,False,0.0,False,54580.529414558565,False,False,0.0,False
1789748824.3339698,1195.104,runtime,9.99043321609497,2500,250.13930286566705,0,0.0,0,0.0,0.0,True,good,当前QC指标正常。,64083.63799684803,False,False,0.0,False,54234.74363955769,False,False,0.0,False
1789748826.347899,1197.084,runtime,9.93186330795288,2490,250.60755699355508,0,0.0,0,0.0,0.0,True,good,当前QC指标正常。,64571.798257612674,False,False,0.0,False,54638.24014757013,False,False,0.0,False
1789748828.353677,1199.144,runtime,9.990320920944214,2505,250.64259895300137,0,0.0,0,0.0,0.0,True,good,当前QC指标正常。,63449.571605751786,False,False,0.0,False,53675.14155018601,False,False,0.0,False
1789748830.3692856,1201.104,runtime,9.871798515319824,2490,252.13237447435503,0,0.0,0,0.0,0.0,True,good,当前QC指标正常。,62310.50736943871,False,False,0.0,False,52704.11316427801,False,False,0.0,False
1789748832.3721187,1203.144,runtime,9.961904525756836,2500,250.85564648193048,0,0.0,0,0.0,0.0,True,good,当前QC指标正常。,61587.668700563925,False,False,0.0,False,52089.71235076942,False,False,0.0,False
1789748834.3838296,1205.164,runtime,9.990069150924683,2500,250.14841861917364,0,0.0,0,0.0,0.0,True,good,当前QC指标正常。,61106.853143152715,False,False,0.0,False,51573.62460025481,False,False,0.0,False
1789748836.3937516,1207.184,runtime,9.990126609802246,2525,252.64945066096237,0,0.0,0,0.0,0.0,True,good,当前QC指标正常。,60750.84582529376,False,False,0.0,False,51270.230049659585,False,False,0.0,False
1789748838.4037697,1209.184,runtime,9.99015998840332,2510,251.14712906624848,0,0.0,0,0.0,0.0,True,good,当前QC指标正常。,61719.91527686125,False,False,0.0,False,52101.93054417578,False,False,0.0,False
1789748840.4137917,1211.204,runtime,9.988147020339966,2525,252.69952423208233,0,0.0,0,0.0,0.0,True,good,当前QC指标正常。,62805.87087600716,False,False,0.0,False,53057.930639209146,False,False,0.0,False
1789748842.4238756,1213.224,runtime,9.990320205688477,2505,250.6426168977272,0,0.0,0,0.0,0.0,True,good,当前QC指标正常。,64004.423848458915,False,False,0.0,False,54139.98439764461,False,False,0.0,False
1789748844.43991,1215.204,runtime,9.968983888626099,2505,251.1790597692595,0,0.0,0,0.0,0.0,True,good,当前QC指标正常。,65024.029106732494,False,False,0.0,False,55060.5624511308,False,False,0.0,False
1789748846.4438236,1217.244,runtime,9.989983081817627,2515,251.65207782740214,0,0.0,0,0.0,0.0,True,good,当前QC指标正常。,64446.96579231887,False,False,0.0,False,54569.90061166344,False,False,0.0,False
1789748848.4540448,1219.224,runtime,9.963491201400757,2500,250.81569798030918,0,0.0,0,0.0,0.0,True,good,当前QC指标正常。,64428.803316494326,False,False,0.0,False,54560.16232392467,False,False,0.0,False
1789748850.4694805,1221.244,runtime,9.961801290512085,2500,250.85824612664396,0,0.0,0,0.0,0.0,True,good,当前QC指标正常。,64458.241722537234,False,False,0.0,False,54567.52317902696,False,False,0.0,False
1789748852.4741597,1223.264,runtime,9.96018648147583,2500,250.8989168674396,0,0.0,0,0.0,0.0,True,good,当前QC指标正常。,64516.83356694043,False,False,0.0,False,54593.509814195815,False,False,0.0,False
1789748854.4840484,1225.284,runtime,9.990022659301758,2505,250.6500821265419,0,0.0,0,0.0,0.0,True,good,当前QC指标正常。,64264.99594242218,False,False,0.0,False,54359.72059970449,False,False,0.0,False
1789748856.4891865,1227.264,runtime,9.960221767425537,2495,250.3960311563058,0,0.0,0,0.0,0.0,True,good,当前QC指标正常。,64608.9107152213,False,False,0.0,False,54634.88515939062,False,False,0.0,False
1789748858.492017,1229.284,runtime,9.96385908126831,2500,250.80643750753444,0,0.0,0,0.0,0.0,True,good,当前QC指标正常。,64495.89468483277,False,False,0.0,False,54526.176729481165,False,False,0.0,False
1789748860.500697,1231.284,runtime,9.930200815200806,2495,251.15302765904508,0,0.0,0,0.0,0.0,True,good,当前QC指标正常。,64110.39702520219,False,False,0.0,False,54196.812804311376,False,False,0.0,False
1789748862.5142362,1233.304,runtime,9.931660652160645,2500,251.61955160603878,0,0.0,0,0.0,0.0,True,good,当前QC指标正常。,63723.56002674133,False,False,0.0,False,53873.28397811406,False,False,0.0,False
1789748864.5234861,1235.304,runtime,9.960261821746826,2495,250.39502421057878,0,0.0,0,0.0,0.0,True,good,当前QC指标正常。,63393.84706782758,False,False,0.0,False,53597.73247575394,False,False,0.0,False
1789748866.5353417,1237.324,runtime,9.871739387512207,2500,253.14687735387807,0,0.0,0,0.0,0.0,True,good,当前QC指标正常。,63171.425010230814,False,False,0.0,False,53416.09695552777,False,False,0.0,False
1789748868.545317,1239.324,runtime,9.960322618484497,2495,250.39349582629,0,0.0,0,0.0,0.0,True,good,当前QC指标正常。,63163.468986601954,False,False,0.0,False,53404.138278458704,False,False,0.0,False
1789748870.555996,1241.304,runtime,9.903534412384033,2490,251.32441574470525,0,0.0,0,0.0,0.0,True,good,当前QC指标正常。,63136.927713329795,False,False,0.0,False,53379.60600559721,False,False,0.0,False
1789748872.5632315,1243.284,runtime,9.899969339370728,2480,250.40481591608372,0,0.0,0,0.0,0.0,True,good,当前QC指标正常。,63392.42384557387,False,False,0.0,False,53600.04044029499,False,False,0.0,False
1789748874.570266,1245.364,runtime,9.96540117263794,2500,250.76762658201045,0,0.0,0,0.0,0.0,True,good,当前QC指标正常。,63415.41282646029,False,False,0.0,False,53609.80279504128,False,False,0.0,False
1789748876.5823069,1247.364,runtime,9.960017204284668,2495,250.40117389828544,0,0.0,0,0.0,0.0,True,good,当前QC指标正常。,63218.74910300033,False,False,0.0,False,53423.04881857422,False,False,0.004,False
1789748878.587378,1249.384,runtime,9.988458395004272,2505,250.6893357289625,0,0.0,0,0.0,0.0,True,good,当前QC指标正常。,62999.787175881844,False,False,0.0,False,53232.808748891825,False,False,0.004,False
1789748880.5948555,1251.384,runtime,9.959917783737183,2505,251.4076977712203,0,0.0,0,0.0,0.0,True,good,当前QC指标正常。,63064.7018001853,False,False,0.0,False,53279.24116549573,False,False,0.004,False
1789748882.6005478,1253.404,runtime,9.961739778518677,2505,251.3617154906598,0,0.0,0,0.0,0.0,True,good,当前QC指标正常。,62821.882974597924,False,False,0.0,False,53071.429721557135,False,False,0.004,False
1789748884.6041913,1255.404,runtime,9.960034370422363,2510,251.90676123074502,0,0.0,0,0.0,0.0,True,good,当前QC指标正常。,62793.95983510252,False,False,0.0,False,53063.2414575825,False,False,0.004,False
1789748886.6162453,1257.404,runtime,9.992185354232788,2500,250.0954407277282,0,0.0,0,0.0,0.0,True,good,当前QC指标正常。,62577.02256681266,False,False,0.0,False,52869.42088101287,False,False,0.0,False
1789748888.6243718,1259.424,runtime,9.990300178527832,2505,250.64311935109328,0,0.0,0,0.0,0.0,True,good,当前QC指标正常。,59889.5354438465,False,False,0.0,False,50410.92797089952,False,False,0.0,False
1789748890.6273453,1261.404,runtime,9.960100412368774,2505,251.40308795385758,0,0.0,0,0.0,0.0,True,good,当前QC指标正常。,58673.86685722209,False,False,0.0,False,49300.70365244939,False,False,0.0,False
1789748892.6388972,1263.384,runtime,9.873562574386597,2495,252.59373009594177,0,0.0,0,0.0,0.0,True,good,当前QC指标正常。,57903.26257713323,False,False,0.0,False,48609.96408017849,False,False,0.0,False
1789748894.6497319,1265.404,runtime,9.93204951286316,2490,250.60285863219426,0,0.0,0,0.0,0.0,True,good,当前QC指标正常。,57083.85889980893,False,False,0.0,False,47864.23182073916,False,False,0.0,False
1789748896.6604433,1267.444,runtime,9.961875200271606,2500,250.85638494365656,0,0.0,0,0.0,0.0,True,good,当前QC指标正常。,56678.717769273535,False,False,0.0,False,47524.054782768195,False,False,0.0,False
1789748898.671581,1269.444,runtime,9.96011996269226,2495,250.39859051314696,0,0.0,0,0.0,0.0,True,good,当前QC指标正常。,59622.94833027324,False,False,0.0,False,50267.73119012515,False,False,0.004,False
1789748900.6844633,1271.484,runtime,9.988293170928955,2505,250.69348257497302,0,0.0,0,0.0,0.0,True,good,当前QC指标正常。,61114.33757842761,False,False,0.0,False,51790.17427421725,False,False,0.004,False
1789748902.6944444,1273.484,runtime,9.990029096603394,2510,251.15041965724194,0,0.0,0,0.0,0.0,True,good,当前QC指标正常。,61503.80244415228,False,False,0.0,False,52217.763905768865,False,False,0.004,False
1789748904.6971912,1275.464,runtime,9.960033416748047,2500,250.90277265514678,0,0.0,0,0.0,0.0,True,good,当前QC指标正常。,61872.470103061736,False,False,0.0,False,52632.687767575015,False,False,0.004,False
1789748906.7116215,1277.484,runtime,9.960083723068237,2505,251.4035092095224,0,0.0,0,0.0,0.0,True,good,当前QC指标正常。,61888.751430481396,False,False,0.0,False,52661.601113586534,False,False,0.004,False
1789748908.7259722,1279.444,runtime,9.90138578414917,2485,250.87397402256164,0,0.0,0,0.0,0.0,True,good,当前QC指标正常。,65639.08032301071,False,False,0.0,False,52508.18903536266,False,False,0.0,False
1789748910.7346272,1281.524,runtime,9.990118265151978,2500,250.14718881928906,0,0.0,0,0.0,0.0,True,good,当前QC指标正常。,69953.11815293958,False,False,0.0,False,54230.97054698842,False,False,0.0,False
1789748912.7447531,1283.544,runtime,9.988520383834839,2505,250.68777994911122,0,0.0,0,0.0,0.0,True,good,当前QC指标正常。,71958.02674733952,False,False,0.0,False,56249.757272420145,False,False,0.0,False
1789748914.7544944,1285.544,runtime,9.990034103393555,2500,250.14929620221264,0,0.0,0,0.0,0.0,True,good,当前QC指标正常。,72870.14341084451,False,False,0.0,False,57726.17510425145,False,False,0.0,False
1789748916.771411,1287.544,runtime,9.961808204650879,2500,250.85807201480645,0,0.0,0,0.0,0.0,True,good,当前QC指标正常。,69169.37033322605,False,False,0.0,False,55302.542394317745,False,False,0.0,False
1789748918.7868378,1289.544,runtime,9.930113554000854,2495,251.15523467454855,0,0.0,0,0.0,0.0,True,good,当前QC指标正常。,105429.79004031283,False,False,0.0,False,54153.35794853681,False,False,0.0,False
1789748920.7913852,1291.564,runtime,9.961720705032349,2500,250.86027544795385,0,0.0,0,0.0,0.0,True,good,当前QC指标正常。,100195.23536564593,False,False,0.0,False,48894.582652088924,False,False,0.0,False
1789748922.7946377,1293.584,runtime,9.990036725997925,2505,250.64972919304964,0,0.0,0,0.0,0.0,True,good,当前QC指标正常。,93374.06939589832,False,False,0.0,False,43261.73199549172,False,False,0.0,False
1789748924.8047757,1295.604,runtime,9.990293025970459,2505,250.64329879921223,0,0.0,0,0.0,0.0,True,good,当前QC指标正常。,89814.21630718175,False,False,0.0,False,36676.10691618523,False,False,0.0,False
1789748926.8147826,1297.604,runtime,9.990290880203247,2500,250.14286670591508,0,0.0,0,0.0,1.48,True,warning,通道2出现饱和（1.480%）。,129528.92224125909,False,False,0.0,False,1208831.522981344,False,False,0.108,False
1789748928.8266227,1299.624,runtime,9.960199356079102,2505,251.40059053855285,0,0.0,0,0.0,1.4770459081836327,True,warning,通道2出现饱和（1.477%）。,126277.06116603533,False,False,0.0,False,1209022.9798487255,False,False,0.108,False
1789748930.829307,1301.604,runtime,9.930002689361572,2495,251.15803872560141,0,0.0,0,0.0,1.4829659318637274,True,warning,通道2出现饱和（1.483%）。,114538.46101176532,False,False,0.0,False,1213836.3446535075,False,False,0.108,False
1789748932.84058,1303.624,runtime,9.961965560913086,2500,250.85410953488065,0,0.0,0,0.0,1.48,True,warning,通道2出现饱和（1.480%）。,101483.56286834762,False,False,0.0,False,1214486.4637029592,False,False,0.108,False
1789748934.8547528,1305.644,runtime,9.990288496017456,2500,250.1429264025964,0,0.0,0,0.0,1.48,True,warning,通道2出现饱和（1.480%）。,87312.22022598384,False,False,0.0,False,1215707.0580954333,False,False,0.108,False
1789748936.8650644,1307.664,runtime,9.990296125411987,2505,250.64322103832916,0,0.0,0,0.0,0.0,True,good,当前QC指标正常。,73823.01902264127,False,False,0.0,False,39032.19440822256,False,False,0.0,False
1789748938.8749776,1309.644,runtime,9.990193367004395,2495,249.64481751045798,0,0.0,0,0.0,0.0,True,good,当前QC指标正常。,70436.40836390635,False,False,0.0,False,40863.12176578063,False,False,0.0,False
1789748940.889903,1311.624,runtime,9.930375099182129,2490,250.64511412111668,0,0.0,0,0.0,0.0,True,good,当前QC指标正常。,67306.9235833065,False,False,0.0,False,38913.161791563114,False,False,0.0,False
1789748942.8949218,1313.684,runtime,9.960203886032104,2500,250.8984784442539,0,0.0,0,0.0,0.0,True,good,当前QC指标正常。,66194.94186883961,False,False,0.0,False,37505.323141698645,False,False,0.0,False
1789748944.9006233,1315.684,runtime,9.96184229850769,2500,250.8572134668661,0,0.0,0,0.0,0.0,True,good,当前QC指标正常。,65489.69730582089,False,False,0.0,False,39457.99927261127,False,False,0.0,False
1789748946.9187272,1317.664,runtime,9.931838750839233,2490,250.60817663694763,0,0.0,0,0.0,0.0,True,good,当前QC指标正常。,66451.78085031563,False,False,0.0,False,41733.12066060887,False,False,0.0,False
1789748948.9251223,1319.684,runtime,9.99037766456604,2495,249.6402121859458,0,0.0,0,0.0,0.0,True,good,当前QC指标正常。,66578.92581077438,False,False,0.0,False,42801.36850367918,False,False,0.0,False
1789748950.9325128,1321.684,runtime,9.933530569076538,2515,253.0822231348619,0,0.0,0,0.0,0.0,True,good,当前QC指标正常。,68975.71327696509,False,False,0.0,False,44946.05457481375,False,False,0.0,False
1789748952.949241,1323.724,runtime,9.961751937866211,2505,251.3614086777142,0,0.0,0,0.0,0.0,True,good,当前QC指标正常。,69588.93947786686,False,False,0.0,False,45785.02935276104,False,False,0.0,False
1789748954.955213,1325.724,runtime,9.990294694900513,2495,249.64228545460702,0,0.0,0,0.0,0.0,True,good,当前QC指标正常。,69553.53467726555,False,False,0.0,False,46160.97211188274,False,False,0.0,False
1789748956.9651666,1327.764,runtime,9.990373849868774,2505,250.64127105042127,0,0.0,0,0.0,0.0,True,good,当前QC指标正常。,69374.39497222648,False,False,0.0,False,46385.828477205505,False,False,0.0,False
1789748958.970328,1329.744,runtime,9.960387706756592,2495,250.39185957673158,0,0.0,0,0.0,0.0,True,good,当前QC指标正常。,69544.61031072155,False,False,0.0,False,46822.492216120416,False,False,0.0,False
1789748960.9762392,1331.764,runtime,9.963515996932983,2500,250.81507379214867,0,0.0,0,0.0,0.0,True,good,当前QC指标正常。,69432.53533690545,False,False,0.0,False,47052.259740826004,False,False,0.0,False
1789748962.9909108,1333.764,runtime,9.963603258132935,2510,251.81653012448007,0,0.0,0,0.0,0.0,True,good,当前QC指标正常。,69150.4581414805,False,False,0.0,False,47133.305873328536,False,False,0.0,False
1789748964.9931734,1335.784,runtime,9.959946632385254,2505,251.40696957733905,0,0.0,0,0.0,0.0,True,good,当前QC指标正常。,68845.44384676358,False,False,0.0,False,47186.56855829202,False,False,0.0,False
1789748967.0102859,1337.784,runtime,9.960328102111816,2495,250.3933579729382,0,0.0,0,0.0,0.0,True,good,当前QC指标正常。,68393.08695910742,False,False,0.0,False,47109.93924451473,False,False,0.0,False
1789748969.0222702,1339.764,runtime,9.930206060409546,2490,250.64938077401263,0,0.0,0,0.0,0.0,True,good,当前QC指标正常。,68203.88377263099,False,False,0.0,False,47110.31431073299,False,False,0.0,False
1789748971.0349407,1341.804,runtime,9.929964780807495,2495,251.15899754452002,0,0.0,0,0.0,0.0,True,good,当前QC指标正常。,77725.86410816031,False,False,0.0,False,49131.2108963632,False,False,0.0,False
1789748973.0466528,1343.82,runtime,9.96196985244751,2499,250.75361971571095,0,0.0,0,0.0,0.0,True,good,当前QC指标正常。,79142.66824572887,False,False,0.0,False,50203.46118169908,False,False,0.0,False
1789748975.0497315,1345.8,runtime,9.90221619606018,2489,251.25688540206855,0,0.0,0,0.0,0.0,True,good,当前QC指标正常。,78365.92298392383,False,False,0.0,False,50160.22777867536,False,False,0.0,False
1789748977.0627425,1347.84,runtime,9.93170976638794,2499,251.51761970069097,0,0.0,0,0.0,0.0,True,good,当前QC指标正常。,77681.78853676397,False,False,0.0,False,50520.86432264901,False,False,0.0,False
1789748979.075183,1349.88,runtime,9.989903450012207,2514,251.55398273613238,0,0.0,0,0.0,0.0,True,good,当前QC指标正常。,76650.3899919076,False,False,0.0,False,50591.64167215446,False,False,0.0,False
1789748981.0831828,1351.86,runtime,9.96188759803772,2499,250.75569016579277,0,0.0,0,0.0,0.0,True,good,当前QC指标正常。,71230.99027053257,False,False,0.0,False,48706.644149289015,False,False,0.0,False
1789748983.0894308,1353.88,runtime,9.969293594360352,2500,250.66971659994937,0,0.0,0,0.0,0.0,True,good,当前QC指标正常。,70786.10345414332,False,False,0.0,False,48495.1195261854,False,False,0.0,False
1789748985.0984442,1355.82,runtime,9.871779680252075,2485,251.62636124964362,0,0.0,0,0.0,0.0,True,good,当前QC指标正常。,72246.53584041777,False,False,0.0,False,49216.944639290574,False,False,0.0,False
1789748987.1143925,1357.86,runtime,9.93181586265564,2490,250.60875417141227,0,0.0,0,0.0,0.0,True,good,当前QC指标正常。,72928.96216259239,False,False,0.0,False,49119.92499746683,False,False,0.0,False
1789748989.125421,1359.92,runtime,9.99003005027771,2505,250.64989668678643,0,0.0,0,0.0,0.0,True,good,当前QC指标正常。,70644.84574840873,False,False,0.0,False,47990.102176216555,False,False,0.0,False
1789748991.133066,1361.9,runtime,9.960118532180786,2495,250.39862647637932,0,0.0,0,0.0,0.0,True,good,当前QC指标正常。,68392.51838548745,False,False,0.0,False,46781.62050100006,False,False,0.0,False
1789748993.136681,1363.92,runtime,9.961843729019165,2500,250.8571774440041,0,0.0,0,0.0,0.0,True,good,当前QC指标正常。,67787.70683412504,False,False,0.0,False,46358.6399319134,False,False,0.0,False
1789748995.1487033,1365.92,runtime,9.930119037628174,2495,251.1550959811753,0,0.0,0,0.0,0.0,True,good,当前QC指标正常。,66907.68695285673,False,False,0.0,False,46567.95908357654,False,False,0.0,False
1789748997.165483,1367.96,runtime,9.990146160125732,2510,251.14747670202482,0,0.0,0,0.0,0.0,True,good,当前QC指标正常。,66275.9606413156,False,False,0.0,False,47212.59156657188,False,False,0.0,False
1789748999.1756792,1369.96,runtime,9.928421020507812,2510,252.70886426124497,0,0.0,0,0.0,0.0,True,good,当前QC指标正常。,68078.8449073197,False,False,0.0,False,48951.906395096084,False,False,0.0,False
1789749001.1785233,1371.96,runtime,9.965436458587646,2500,250.7667386556365,0,0.0,0,0.0,0.0,True,good,当前QC指标正常。,69814.01552876702,False,False,0.0,False,50547.32778950626,False,False,0.0,False
1789749003.1817794,1373.92,runtime,9.907215356826782,2495,251.7357209038012,0,0.0,0,0.0,0.0,True,good,当前QC指标正常。,70560.28380178001,False,False,0.0,False,51408.66668681709,False,False,0.0,False
1789749005.191531,1375.98,runtime,9.984774827957153,2500,250.2810572155172,0,0.0,0,0.0,0.0,True,good,当前QC指标正常。,70193.76091278823,False,False,0.0,False,51326.37097358489,False,False,0.0,False
1789749007.1950438,1377.94,runtime,9.992118120193481,2495,249.59672914191967,0,0.0,0,0.0,0.0,True,good,当前QC指标正常。,69859.2309195131,False,False,0.0,False,51215.05070374066,False,False,0.0,False
1789749009.1973898,1379.98,runtime,9.991886615753174,2500,250.10291810758594,0,0.0,0,0.0,0.0,True,good,当前QC指标正常。,69594.68133066806,False,False,0.0,False,51135.4033162837,False,False,0.0,False
1789749011.2058918,1381.96,runtime,9.990261554718018,2495,249.6431135801624,0,0.0,0,0.0,0.0,True,good,当前QC指标正常。,69899.10516226695,False,False,0.0,False,51518.372046925746,False,False,0.0,False
1789749013.2157962,1384.0,runtime,9.990157127380371,2500,250.14621573377497,0,0.0,0,0.0,0.0,True,good,当前QC指标正常。,70058.35312681954,False,False,0.0,False,51742.49264659445,False,False,0.0,False
1789749015.2259037,1386.02,runtime,9.990354061126709,2505,250.64176751685613,0,0.0,0,0.0,0.0,True,good,当前QC指标正常。,70592.07410440479,False,False,0.0,False,52307.08144857134,False,False,0.0,False
1789749017.235728,1388.02,runtime,9.990074157714844,2520,252.15028039153242,0,0.0,0,0.0,0.0,True,good,当前QC指标正常。,73168.59483228101,False,False,0.0,False,54829.0634724135,False,False,0.0,False
1789749019.2448475,1390.0,runtime,9.93174934387207,2500,251.6173046132999,0,0.0,0,0.0,0.0,True,good,当前QC指标正常。,73595.07605104934,False,False,0.0,False,55357.95450543378,False,False,0.0,False
1789749021.2560284,1392.02,runtime,9.93030071258545,2505,252.15751994564317,0,0.0,0,0.0,0.0,True,good,当前QC指标正常。,73417.72833725496,False,False,0.0,False,55364.501857299765,False,False,0.0,False
1789749023.2629461,1394.04,runtime,9.961907148361206,2500,250.85558044084968,0,0.0,0,0.0,0.0,True,good,当前QC指标正常。,73054.85802172577,False,False,0.0,False,55199.08820400062,False,False,0.0,False
1789749025.2801197,1396.04,runtime,9.963660955429077,2495,250.30960117536415,0,0.0,0,0.0,0.0,True,good,当前QC指标正常。,71912.75034689212,False,False,0.0,False,54345.2553638044,False,False,0.0,False
1789749027.2858512,1398.08,runtime,9.990044593811035,2510,251.1500300563582,0,0.0,0,0.0,0.0,True,good,当前QC指标正常。,67733.2020800441,False,False,0.0,False,50756.076691105794,False,False,0.0,False
1789749029.2902653,1400.06,runtime,9.965412378311157,2505,251.26907998807312,0,0.0,0,0.0,0.0,True,good,当前QC指标正常。,66278.43609760898,False,False,0.0,False,49566.2831569583,False,False,0.0,False
1789749031.3042657,1402.08,runtime,9.96365213394165,2500,250.81164681442849,0,0.0,0,0.0,0.0,True,good,当前QC指标正常。,64790.99729848985,False,False,0.0,False,48358.18082971603,False,False,0.0,False
1789749033.3103771,1404.08,runtime,9.960315465927124,2495,250.3936756352379,0,0.0,0,0.0,0.0,True,good,当前QC指标正常。,63464.8947010906,False,False,0.0,False,47315.92539212826,False,False,0.0,False
1789749035.3189325,1406.1,runtime,9.961958885192871,2515,252.36000559455502,0,0.0,0,0.0,0.0,True,good,当前QC指标正常。,63317.95456836525,False,False,0.0,False,47312.32387137853,False,False,0.0,False
1789749037.3333476,1408.1,runtime,9.930323600769043,2495,251.14992222477574,0,0.0,0,0.0,0.0,True,good,当前QC指标正常。,63714.1067311486,False,False,0.0,False,47756.6552983428,False,False,0.0,False
1789749039.3393848,1410.12,runtime,9.963556051254272,2500,250.81406549475986,0,0.0,0,0.0,0.0,True,good,当前QC指标正常。,63635.7679994388,False,False,0.0,False,47841.77306803292,False,False,0.0,False
1789749041.3551557,1412.14,runtime,9.967342138290405,2500,250.71879397014735,0,0.0,0,0.0,0.0,True,good,当前QC指标正常。,63579.82305333733,False,False,0.0,False,47927.32201188471,False,False,0.0,False
1789749043.3590806,1414.14,runtime,9.93001914024353,2495,251.1576226366504,0,0.0,0,0.0,0.0,True,good,当前QC指标正常。,63373.43012875879,False,False,0.0,False,47881.74675304504,False,False,0.0,False
1789749045.373297,1416.14,runtime,9.930237531661987,2495,251.15209903570036,0,0.0,0,0.0,0.0,True,good,当前QC指标正常。,62545.61190242246,False,False,0.0,False,47318.164114635794,False,False,0.0,False
1789749047.3830104,1418.16,runtime,9.96185851097107,2500,250.85680520836877,0,0.0,0,0.0,0.0,True,good,当前QC指标正常。,63368.31752519413,False,False,0.0,False,48159.836228797656,False,False,0.0,False
1789749049.3865736,1420.16,runtime,9.960314989089966,2495,250.3936876225103,0,0.0,0,0.0,0.0,True,good,当前QC指标正常。,62756.49778386441,False,False,0.0,False,47765.779014036685,False,False,0.0,False
1789749051.403661,1422.18,runtime,9.961906671524048,2500,250.85559244831632,0,0.0,0,0.0,0.0,True,good,当前QC指标正常。,60552.061891770216,False,False,0.0,False,46086.24583846005,False,False,0.0,False
1789749053.414238,1424.16,runtime,9.93357253074646,2490,250.56443613775716,0,0.0,0,0.0,0.0,True,good,当前QC指标正常。,57982.64387492791,False,False,0.0,False,44101.51738411831,False,False,0.0,False
1789749055.419475,1426.16,runtime,9.930085182189941,2490,250.65243191107106,0,0.0,0,0.0,0.0,True,good,当前QC指标正常。,55736.12914325063,False,False,0.0,False,42338.60894415745,False,False,0.0,False
1789749057.4324942,1428.22,runtime,9.967456817626953,2500,250.7159093562003,0,0.0,0,0.0,0.0,True,good,当前QC指标正常。,52014.46500475325,False,False,0.0,False,39307.57922625079,False,False,0.0,False
1789749059.4424431,1430.22,runtime,9.963567733764648,2505,251.31559968367728,0,0.0,0,0.0,0.0,True,good,当前QC指标正常。,49815.35137410859,False,False,0.0,False,37549.521721564444,False,False,0.0,False
1789749061.4529936,1432.22,runtime,9.960299968719482,2495,250.39406522217763,0,0.0,0,0.0,0.0,True,good,当前QC指标正常。,49507.77650570121,False,False,0.0,False,37334.300473728166,False,False,0.0,False
1789749063.457469,1434.2,runtime,9.930317640304565,2490,250.64656440573452,0,0.0,0,0.0,0.0,True,good,当前QC指标正常。,49614.23825934505,False,False,0.0,False,37458.510105906775,False,False,0.0,False
1789749065.472006,1436.22,runtime,9.930339097976685,2495,251.14953028221913,0,0.0,0,0.0,0.0,True,good,当前QC指标正常。,50963.8580871004,False,False,0.0,False,38639.53317915967,False,False,0.0,False
1789749067.4793847,1438.26,runtime,9.963552951812744,2505,251.31597253612512,0,0.0,0,0.0,0.0,True,good,当前QC指标正常。,52392.20578287499,False,False,0.0,False,39866.11152788512,False,False,0.0,False
1789749069.4948645,1440.26,runtime,9.960392236709595,2495,250.39174569935312,0,0.0,0,0.0,0.0,True,good,当前QC指标正常。,53222.04078812319,False,False,0.0,False,40603.93288375853,False,False,0.0,False
1789749071.504712,1442.28,runtime,9.960029363632202,2500,250.90287475705495,0,0.0,0,0.0,0.0,True,good,当前QC指标正常。,54011.622466596455,False,False,0.0,False,41295.45084453467,False,False,0.0,False
1789749073.5144112,1444.28,runtime,9.960171937942505,2500,250.89928322223562,0,0.0,0,0.0,0.0,True,good,当前QC指标正常。,54648.99721872636,False,False,0.0,False,41837.36158771184,False,False,0.0,False
1789749075.522892,1446.3,runtime,9.963508367538452,2505,251.31709711391844,0,0.0,0,0.0,0.0,True,good,当前QC指标正常。,54086.69437241576,False,False,0.0,False,41403.71596949843,False,False,0.0,False
1789749077.52604,1448.32,runtime,9.935279607772827,2500,251.52789842420913,0,0.0,0,0.0,0.0,True,good,当前QC指标正常。,53520.04196451695,False,False,0.0,False,40982.94044619955,False,False,0.0,False
1789749079.5353844,1450.32,runtime,9.96170949935913,2500,250.86055763428644,0,0.0,0,0.0,0.0,True,good,当前QC指标正常。,53479.88822850031,False,False,0.0,False,40986.18964606532,False,False,0.0,False
1789749081.5383282,1452.32,runtime,9.960166215896606,2495,250.39742770753472,0,0.0,0,0.0,0.0,True,good,当前QC指标正常。,53144.77493784736,False,False,0.0,False,40791.0641429018,False,False,0.0,False
1789749083.5488627,1454.34,runtime,9.961774110794067,2500,250.8589305686235,0,0.0,0,0.0,0.0,True,good,当前QC指标正常。,54286.498691534165,False,False,0.0,False,41879.805055353354,False,False,0.0,False
1789749085.5622764,1456.34,runtime,9.960344791412354,2495,250.39293842019265,0,0.0,0,0.0,0.0,True,good,当前QC指标正常。,55061.70422997228,False,False,0.0,False,42609.84890927279,False,False,0.0,False
1789749087.575356,1458.36,runtime,9.961586952209473,2500,250.8636437134872,0,0.0,0,0.0,0.0,True,good,当前QC指标正常。,55250.70911322784,False,False,0.0,False,42453.9149651387,False,False,0.0,False
1789749089.579942,1460.36,runtime,9.931654691696167,2495,251.11626183351174,0,0.0,0,0.0,0.0,True,good,当前QC指标正常。,55432.76387741979,False,False,0.0,False,42305.578063664885,False,False,0.0,False
1789749091.5974202,1462.38,runtime,9.931629180908203,2505,252.12379101039093,0,0.0,0,0.0,0.0,True,good,当前QC指标正常。,55774.78161862654,False,False,0.0,False,42428.90458146474,False,False,0.0,False
1789749093.6132917,1464.38,runtime,9.96015214920044,2495,250.39778134315029,0,0.0,0,0.0,0.0,True,good,当前QC指标正常。,54515.236314400834,False,False,0.0,False,41382.686786904844,False,False,0.0,False
1789749095.6298506,1466.4,runtime,9.931731700897217,2500,251.61775159252886,0,0.0,0,0.0,0.0,True,good,当前QC指标正常。,53649.41923169977,False,False,0.0,False,40736.17633106561,False,False,0.0,False
1789749097.6369221,1468.42,runtime,9.990374088287354,2500,250.14078330958702,0,0.0,0,0.0,0.0,True,good,当前QC指标正常。,53733.90043082355,False,False,0.0,False,40963.47537878352,False,False,0.0,False
1789749099.6402347,1470.4,runtime,9.905295610427856,2490,251.27972933787973,0,0.0,0,0.0,0.0,True,good,当前QC指标正常。,53836.43120121948,False,False,0.0,False,41133.13046814988,False,False,0.0,False
1789749101.6452048,1472.4,runtime,9.930039882659912,2490,250.6535753543503,0,0.0,0,0.0,0.0,True,good,当前QC指标正常。,53945.540423484556,False,False,0.0,False,41304.09602078599,False,False,0.0,False
1789749103.65542,1474.44,runtime,9.96177864074707,2500,250.85881649470087,0,0.0,0,0.0,0.0,True,good,当前QC指标正常。,54006.014320241,False,False,0.0,False,41414.28127389179,False,False,0.0,False
1789749105.6731226,1476.44,runtime,9.960092544555664,2495,250.39927981023206,0,0.0,0,0.0,0.0,True,good,当前QC指标正常。,54099.55912634457,False,False,0.0,False,41557.241154656964,False,False,0.0,False
1789749107.6867669,1478.48,runtime,9.989990949630737,2505,250.65087772602598,0,0.0,0,0.0,0.0,True,good,当前QC指标正常。,54080.18154808088,False,False,0.0,False,41600.894565581635,False,False,0.0,False
1789749109.6895535,1480.46,runtime,9.958208084106445,2495,250.44666459425443,0,0.0,0,0.0,0.0,True,good,当前QC指标正常。,54220.57120680212,False,False,0.0,False,41764.77350279892,False,False,0.0,False
1789749111.70581,1482.44,runtime,9.93010950088501,2495,251.1553371871403,0,0.0,0,0.0,0.0,True,good,当前QC指标正常。,54155.61683948304,False,False,0.0,False,41752.41007326991,False,False,0.0,False
1789749113.7217634,1484.48,runtime,9.960224628448486,2505,251.39995265247853,0,0.0,0,0.0,0.0,True,good,当前QC指标正常。,71096.1351499686,False,False,0.0,False,40600.43355663089,False,False,0.0,False
1789749115.7269561,1486.48,runtime,9.990401268005371,2490,249.1391419853289,0,0.0,0,0.0,0.0,True,good,当前QC指标正常。,71160.4881499513,False,False,0.0,False,37484.056890253305,False,False,0.0,False
1789749117.7328405,1488.52,runtime,9.967242002487183,2500,250.72131281415764,0,0.0,0,0.0,0.0,True,good,当前QC指标正常。,66708.53316142398,False,False,0.0,False,34210.532381987054,False,False,0.0,False
1789749119.7393925,1490.52,runtime,9.961766958236694,2500,250.85911068555464,0,0.0,0,0.0,0.0,True,good,当前QC指标正常。,58433.007343985155,False,False,0.0,False,30521.460487992645,False,False,0.0,False
1789749121.7465796,1492.54,runtime,9.969337940216064,2500,250.66860156471327,0,0.0,0,0.0,0.0,True,good,当前QC指标正常。,45154.68254697827,False,False,0.0,False,26361.405779487483,False,False,0.0,False
1789749123.751801,1494.54,runtime,9.988417625427246,2500,250.1897791736664,0,0.0,0,0.0,0.0,True,good,当前QC指标正常。,33966.13908793505,False,False,0.0,False,23153.374989765543,False,False,0.0,False
1789749125.7683072,1496.54,runtime,9.960129976272583,2495,250.3983387708098,0,0.0,0,0.0,0.0,True,good,当前QC指标正常。,33349.42405420047,False,False,0.0,False,23308.9483464785,False,False,0.0,False
1789749127.7828777,1498.56,runtime,9.961786985397339,2500,250.8586063587992,0,0.0,0,0.0,0.0,True,good,当前QC指标正常。,32782.91404858539,False,False,0.0,False,23713.878643665532,False,False,0.0,False
1789749129.795137,1500.56,runtime,9.930126190185547,2495,251.15491507700557,0,0.0,0,0.0,0.0,True,good,当前QC指标正常。,32657.970085358425,False,False,0.0,False,24240.476867600817,False,False,0.0,False
1789749131.8070061,1502.6,runtime,9.9900643825531,2505,250.64903529281037,0,0.0,0,0.0,0.0,True,good,当前QC指标正常。,32752.98623479131,False,False,0.0,False,24176.1717850257,False,False,0.0,False
1789749133.8099527,1504.56,runtime,9.931873083114624,2490,250.60731034024172,0,0.0,0,0.0,0.0,True,good,当前QC指标正常。,33085.23014497247,False,False,0.0,False,24167.1340510863,False,False,0.0,False
1789749135.8215876,1506.6,runtime,9.928074598312378,2495,251.2068151083335,0,0.0,0,0.0,0.0,True,good,当前QC指标正常。,33228.399758676074,False,False,0.0,False,23987.652323213493,False,False,0.0,False
1789749137.8277814,1508.62,runtime,9.931836366653442,2500,251.61509994168827,0,0.0,0,0.0,0.0,True,good,当前QC指标正常。,32929.49033589945,False,False,0.0,False,23139.82636639307,False,False,0.0,False
1789749139.8379934,1510.62,runtime,9.960126876831055,2505,251.40241996562602,0,0.0,0,0.0,0.0,True,good,当前QC指标正常。,31961.929045780245,False,False,0.0,False,21887.7769871165,False,False,0.0,False
1789749141.8556204,1512.64,runtime,9.93162488937378,2500,251.62045766285178,0,0.0,0,0.0,0.0,True,good,当前QC指标正常。,30705.295966272544,False,False,0.0,False,21089.429106548712,False,False,0.0,False
1789749143.8671029,1514.656,runtime,9.990156888961792,2504,250.5466158159724,0,0.0,0,0.0,0.0,True,good,当前QC指标正常。,29723.436036417177,False,False,0.0,False,20664.0323150618,False,False,0.0,False
1789749145.8716588,1516.616,runtime,9.904016256332397,2504,252.72575642226354,0,0.0,0,0.0,0.0,True,good,当前QC指标正常。,29935.18192261499,False,False,0.0,False,21111.74912017838,False,False,0.0,False
1789749147.8765702,1518.636,runtime,9.93165111541748,2489,250.51222310233317,0,0.0,0,0.0,0.0,True,good,当前QC指标正常。,31347.246224245475,False,False,0.0,False,22479.50355448319,False,False,0.0,False
1789749149.8918192,1520.676,runtime,9.9316885471344,2504,252.02159613857336,0,0.0,0,0.0,0.0,True,good,当前QC指标正常。,30120.247297146103,False,False,0.0,False,21722.164300417826,False,False,0.0,False
1789749151.9033759,1522.676,runtime,9.967234134674072,2494,250.11953831076738,0,0.0,0,0.0,0.0,True,good,当前QC指标正常。,28809.54909319193,False,False,0.0,False,20862.013040624683,False,False,0.0,False
1789749153.9168825,1524.696,runtime,9.931712627410889,2505,252.12167265987145,0,0.0,0,0.0,0.0,True,good,当前QC指标正常。,27321.54859071642,False,False,0.0,False,19887.52889052175,False,False,0.0,False
1789749155.9273238,1526.716,runtime,9.960225820541382,2500,250.8979259131063,0,0.0,0,0.0,0.0,True,good,当前QC指标正常。,25927.054813485865,False,False,0.0,False,18900.368286947636,False,False,0.0,False
1789749157.9312363,1528.716,runtime,9.963561773300171,2505,251.31575002727314,0,0.0,0,0.0,0.0,True,good,当前QC指标正常。,22995.87803549393,False,False,0.0,False,16760.087865509882,False,False,0.0,False
1789749159.9354038,1530.716,runtime,9.95996904373169,2510,251.90841346831698,0,0.0,0,0.0,0.0,True,good,当前QC指标正常。,23014.89140890207,False,False,0.0,False,16883.747225903855,False,False,0.0,False
1789749161.9432337,1532.736,runtime,9.963674306869507,2500,250.81108866405353,0,0.0,0,0.0,0.0,True,good,当前QC指标正常。,23167.53049963558,False,False,0.0,False,17006.895590652308,False,False,0.0,False
1789749163.947272,1534.736,runtime,9.98832106590271,2505,250.6927824484882,0,0.0,0,0.0,0.0,True,good,当前QC指标正常。,23135.163257879434,False,False,0.0,False,17013.426347223387,False,False,0.0,False
1789749165.9589295,1536.756,runtime,9.961876392364502,2500,250.85635492480245,0,0.0,0,0.0,0.0,True,good,当前QC指标正常。,21339.726145236105,False,False,0.0,False,15771.58872017896,False,False,0.0,False
1789749167.9741368,1538.756,runtime,9.96166467666626,2495,250.35976224353644,0,0.0,0,0.0,0.0,True,good,当前QC指标正常。,20853.756012035614,False,False,0.0,False,15458.312266493007,False,False,0.0,False
1789749169.9874415,1540.716,runtime,9.87734842300415,2485,251.4844970148884,0,0.0,0,0.0,0.0,True,good,当前QC指标正常。,20773.535060250648,False,False,0.0,False,15497.653363353706,False,False,0.0,False
1789749172.0016305,1542.756,runtime,9.89988112449646,2490,251.41716033752866,0,0.0,0,0.0,0.0,True,good,当前QC指标正常。,20328.68815842812,False,False,0.0,False,15310.71813811209,False,False,0.0,False
1789749174.0166867,1544.796,runtime,9.961840629577637,2500,250.85725549355158,0,0.0,0,0.0,0.0,True,good,当前QC指标正常。,20058.94230402161,False,False,0.0,False,15223.984230350086,False,False,0.0,False
1789749176.0274646,1546.816,runtime,9.990164279937744,2500,250.1460366391065,0,0.0,0,0.0,0.0,True,good,当前QC指标正常。,20128.74572016866,False,False,0.0,False,15335.953246896595,False,False,0.0,False
1789749178.0302868,1548.816,runtime,9.96199631690979,2500,250.85333506479247,0,0.0,0,0.0,0.0,True,good,当前QC指标正常。,20598.657825874383,False,False,0.0,False,15763.32002584814,False,False,0.0,False
1789749180.0377812,1550.796,runtime,9.93181848526001,2495,251.11212047435123,0,0.0,0,0.0,0.0,True,good,当前QC指标正常。,25176.036710730736,False,False,0.0,False,19492.769350904942,False,False,0.0,False
1789749182.0425045,1552.836,runtime,9.98650312423706,2505,250.73841852838734,0,0.0,0,0.0,0.0,True,good,当前QC指标正常。,25854.027253304695,False,False,0.0,False,19972.88060859291,False,False,0.0,False
1789749184.0584638,1554.816,runtime,9.90173888206482,2490,251.36998961953705,0,0.0,0,0.0,0.0,True,good,当前QC指标正常。,26741.951315561233,False,False,0.0,False,20611.545404303393,False,False,0.0,False
1789749186.0704021,1556.856,runtime,9.961670637130737,2510,251.86538396963783,0,0.0,0,0.0,0.0,True,good,当前QC指标正常。,27739.686736856052,False,False,0.0,False,21342.233093700543,False,False,0.0,False
1789749188.0789595,1558.856,runtime,9.960082054138184,2495,250.39954354229448,0,0.0,0,0.0,0.0,True,good,当前QC指标正常。,28049.615727263405,False,False,0.0,False,21541.034651677764,False,False,0.0,False
1789749190.089083,1560.876,runtime,9.961883544921875,2500,250.85617481182854,0,0.0,0,0.0,0.0,True,good,当前QC指标正常。,24701.697843074347,False,False,0.0,False,18814.319360337162,False,False,0.0,False
1789749192.0986383,1562.856,runtime,9.933546543121338,2490,250.565091651335,0,0.0,0,0.0,0.0,True,good,当前QC指标正常。,24933.83188975698,False,False,0.0,False,19013.273026522995,False,False,0.0,False
1789749194.1155915,1564.856,runtime,9.93018627166748,2490,250.6498802647381,0,0.0,0,0.0,0.0,True,good,当前QC指标正常。,24818.576807813355,False,False,0.0,False,18956.38519700086,False,False,0.0,False
1789749196.1237433,1566.896,runtime,9.960282325744629,2495,250.39450875340012,0,0.0,0,0.0,0.0,True,good,当前QC指标正常。,24441.89530891227,False,False,0.0,False,18669.466073413634,False,False,0.0,False
1789749198.128992,1568.916,runtime,9.963603496551514,2500,250.81287115298443,0,0.0,0,0.0,0.0,True,good,当前QC指标正常。,24120.175463658157,False,False,0.0,False,18452.291913969435,False,False,0.0,False
1789749200.1468358,1570.916,runtime,9.960266828536987,2495,250.39489834293235,0,0.0,0,0.0,0.0,True,good,当前QC指标正常。,27941.058401992977,False,False,0.0,False,18571.003046107966,False,False,0.0,False
1789749202.1578798,1572.956,runtime,9.990073919296265,2505,250.64879601775664,0,0.0,0,0.0,0.0,True,good,当前QC指标正常。,53016.10175798819,False,False,0.0,False,22940.43753733313,False,False,0.0,False
1789749204.1676407,1574.876,runtime,9.900036096572876,2490,251.41322473173852,0,0.0,0,0.0,0.0,True,good,当前QC指标正常。,62328.38429833181,False,False,0.0,False,27412.860677205124,False,False,0.0,False
1789749206.1778922,1576.976,runtime,9.988308191299438,2510,251.19369085803,0,0.0,0,0.0,0.0,True,good,当前QC指标正常。,62910.083884921,False,False,0.0,False,32847.16119904642,False,False,0.0,False
1789749208.1825864,1578.956,runtime,9.960221529006958,2495,250.3960371500546,0,0.0,0,0.0,0.0,True,good,当前QC指标正常。,59699.9307988572,False,False,0.0,False,37517.014621703616,False,False,0.0,False
1789749210.1979864,1580.996,runtime,9.990259885787964,2505,250.64413024551678,0,0.0,0,0.0,0.0,True,good,当前QC指标正常。,59028.17493010089,False,False,0.0,False,41827.15223926106,False,False,0.0,False
1789749212.2018933,1582.976,runtime,9.958294153213501,2495,250.4444999945293,0,0.0,0,0.0,0.0,True,good,当前QC指标正常。,57562.505666785124,False,False,0.0,False,42752.84545199298,False,False,0.0,False
1789749214.2152624,1584.996,runtime,9.963568925857544,2530,253.8247106854168,0,0.0,0,0.0,0.0,True,good,当前QC指标正常。,55465.89289905869,False,False,0.0,False,42640.111341267446,False,False,0.0,False
1789749216.2269533,1586.996,runtime,9.963698148727417,2495,250.30866679943918,0,0.0,0,0.0,0.0,True,good,当前QC指标正常。,53141.6023748017,False,False,0.0,False,41571.98508855489,False,False,0.0,False
1789749218.2397068,1588.996,runtime,9.960151195526123,2495,250.3978053184824,0,0.0,0,0.0,0.0,True,good,当前QC指标正常。,50967.10290131153,False,False,0.0,False,40335.34837629498,False,False,0.0,False
1789749220.249799,1591.036,runtime,9.991905212402344,2510,251.1032627577102,0,0.0,0,0.0,0.0,True,good,当前QC指标正常。,49333.063258474074,False,False,0.0,False,39351.166142668466,False,False,0.0,False
1789749222.2668052,1593.036,runtime,9.96360468864441,2500,250.8128411445436,0,0.0,0,0.0,0.0,True,good,当前QC指标正常。,50499.201826352066,False,False,0.0,False,40357.39217995686,False,False,0.0,False
1789749224.2715485,1595.056,runtime,9.993717432022095,2500,250.05710007295662,0,0.0,0,0.0,0.0,True,good,当前QC指标正常。,51505.954493014426,False,False,0.0,False,41184.7411772636,False,False,0.0,False
1789749226.2798624,1597.076,runtime,9.992100715637207,2505,250.5979544502937,0,0.0,0,0.0,0.0,True,good,当前QC指标正常。,51755.897583404854,False,False,0.0,False,41398.0856809377,False,False,0.0,False
1789749228.2886817,1599.076,runtime,9.960696697235107,2500,250.88606509760237,0,0.0,0,0.0,0.0,True,good,当前QC指标正常。,52677.77472118526,False,False,0.0,False,42094.64340040971,False,False,0.0,False
1789749230.294199,1601.076,runtime,9.93170690536499,2500,251.6183797822376,0,0.0,0,0.0,0.0,True,good,当前QC指标正常。,53412.21971998653,False,False,0.0,False,42675.21808305537,False,False,0.0,False
1789749232.2994926,1603.076,runtime,9.960294246673584,2505,251.39819547361816,0,0.0,0,0.0,0.0,True,good,当前QC指标正常。,52990.12724545293,False,False,0.0,False,42449.028143501186,False,False,0.0,False
1789749234.3120859,1605.096,runtime,9.961963653564453,2500,250.85415756419087,0,0.0,0,0.0,0.0,True,good,当前QC指标正常。,53019.529097576415,False,False,0.0,False,42598.37098320342,False,False,0.0,False
1789749236.3260262,1607.096,runtime,9.959903001785278,2505,251.40807089699234,0,0.0,0,0.0,0.0,True,good,当前QC指标正常。,53809.87568438294,False,False,0.0,False,43340.55927988531,False,False,0.0,False
1789749238.334158,1609.096,runtime,9.938651323318481,2495,250.93948050561673,0,0.0,0,0.0,0.0,True,good,当前QC指标正常。,54264.161610498886,False,False,0.0,False,43766.65012034143,False,False,0.0,False
1789749240.3483949,1611.116,runtime,9.90029501914978,2510,253.42679133772606,0,0.0,0,0.0,0.0,True,good,当前QC指标正常。,54169.88021202727,False,False,0.0,False,43743.74250658091,False,False,0.0,False
1789749242.3582132,1613.156,runtime,9.990205526351929,2505,250.64549406866632,0,0.0,0,0.0,0.0,True,good,当前QC指标正常。,54232.7612918451,False,False,0.0,False,43839.828223682576,False,False,0.0,False
1789749244.3607578,1615.136,runtime,9.960063457489014,2495,250.4000110686796,0,0.0,0,0.0,0.0,True,good,当前QC指标正常。,54208.12269292939,False,False,0.0,False,43880.045246180016,False,False,0.0,False
1789749246.36412,1617.136,runtime,9.96024203300476,2495,250.39552168870551,0,0.0,0,0.0,0.0,True,good,当前QC指标正常。,54196.711569264604,False,False,0.0,False,43932.70903801249,False,False,0.0,False
1789749248.3735883,1619.156,runtime,9.960153818130493,2495,250.3977393863301,0,0.0,0,0.0,0.0,True,good,当前QC指标正常。,54126.5528227361,False,False,0.0,False,43928.590743328685,False,False,0.0,False
1789749250.3804178,1621.176,runtime,9.961756229400635,2505,251.36130039097105,0,0.0,0,0.0,0.0,True,good,当前QC指标正常。,53513.61936285314,False,False,0.0,False,43464.89642756815,False,False,0.0,False
1789749252.3835595,1623.176,runtime,9.958190202713013,2505,251.45131284174602,0,0.0,0,0.0,0.0,True,good,当前QC指标正常。,53421.27584981082,False,False,0.0,False,43448.06696981975,False,False,0.0,False
1789749254.3884146,1625.176,runtime,9.990079641342163,2510,251.14914896343276,0,0.0,0,0.0,0.0,True,good,当前QC指标正常。,53280.13454539822,False,False,0.0,False,43339.868932017554,False,False,0.0,False
1789749256.3944707,1627.176,runtime,9.961819887161255,2500,250.85777782638883,0,0.0,0,0.0,0.0,True,good,当前QC指标正常。,53097.29468563852,False,False,0.0,False,43219.8648348894,False,False,0.0,False
1789749258.398882,1629.176,runtime,9.961955547332764,2495,250.35245220179175,0,0.0,0,0.0,0.0,True,good,当前QC指标正常。,52911.897990339305,False,False,0.0,False,43100.04551197156,False,False,0.0,False
1789749260.411195,1631.136,runtime,9.935472011566162,2485,250.01328543911208,0,0.0,0,0.0,0.0,True,good,当前QC指标正常。,53362.11511148856,False,False,0.0,False,43510.15732032394,False,False,0.0,False
1789749262.4215884,1633.156,runtime,9.93020486831665,2485,250.14589657917935,0,0.0,0,0.0,0.0,True,good,当前QC指标正常。,53289.70075222508,False,False,0.0,False,43484.59949637031,False,False,0.0,False
1789749264.4369824,1635.116,runtime,9.873594045639038,2475,250.56732012318398,0,0.0,0,0.0,0.0,True,good,当前QC指标正常。,53250.40514236199,False,False,0.0,False,43489.44917041042,False,False,0.0,False
1789749266.4484406,1637.236,runtime,9.99020266532898,2500,250.14507550210018,0,0.0,0,0.0,0.0,True,good,当前QC指标正常。,53215.90175559112,False,False,0.0,False,43497.20258963328,False,False,0.0,False
1789749268.4567332,1639.236,runtime,9.931681871414185,2500,251.6190140154141,0,0.0,0,0.0,0.0,True,good,当前QC指标正常。,53175.53053092345,False,False,0.0,False,43496.14630108024,False,False,0.0,False
1789749270.4685361,1641.256,runtime,9.96010160446167,2500,250.90105495315052,0,0.0,0,0.0,0.0,True,good,当前QC指标正常。,53139.64830462541,False,False,0.0,False,43500.02634748203,False,False,0.0,False
1789749272.4729576,1643.256,runtime,9.961780548095703,2505,251.3606867678555,0,0.0,0,0.0,0.0,True,good,当前QC指标正常。,53041.71782604672,False,False,0.0,False,43465.68833400891,False,False,0.0,False
1789749274.4857426,1645.256,runtime,9.960142374038696,2505,251.40202880299427,0,0.0,0,0.0,0.0,True,good,当前QC指标正常。,52981.62732046913,False,False,0.0,False,43449.72167968738,False,False,0.0,False
1789749276.497774,1647.276,runtime,9.96187710762024,2500,250.8563369134934,0,0.0,0,0.0,0.0,True,good,当前QC指标正常。,52803.458313040406,False,False,0.0,False,43314.136357989366,False,False,0.0,False
1789749278.5018086,1649.276,runtime,9.960405349731445,2495,250.39141605489417,0,0.0,0,0.0,0.0,True,good,当前QC指标正常。,52619.15533576368,False,False,0.0,False,43159.16199355717,False,False,0.0,False
1789749280.5096724,1651.256,runtime,9.930283308029175,2490,250.64743097384826,0,0.0,0,0.0,0.0,True,good,当前QC指标正常。,52415.62860951988,False,False,0.0,False,42986.31386722928,False,False,0.0,False
1789749282.5126684,1653.296,runtime,9.963531255722046,2505,251.31651978930213,0,0.0,0,0.0,0.0,True,good,当前QC指标正常。,52120.04047620784,False,False,0.0,False,42745.55577080888,False,False,0.0,False
1789749284.5240738,1655.316,runtime,9.963424921035767,2505,251.3192019657124,0,0.0,0,0.0,0.0,True,good,当前QC指标正常。,51884.043066868035,False,False,0.0,False,42556.26928620033,False,False,0.0,False
1789749286.5381362,1657.296,runtime,9.931955099105835,2490,250.60524087790958,0,0.0,0,0.0,0.0,True,good,当前QC指标正常。,51696.33547060155,False,False,0.0,False,42412.15049087989,False,False,0.0,False
1789749288.5498502,1659.336,runtime,9.963598489761353,2505,251.31482391358142,0,0.0,0,0.0,0.0,True,good,当前QC指标正常。,51630.67786731067,False,False,0.0,False,42382.32048968471,False,False,0.0,False
1789749290.5660095,1661.336,runtime,9.960245847702026,2495,250.3954257891538,0,0.0,0,0.0,0.0,True,good,当前QC指标正常。,51531.38166557202,False,False,0.0,False,42329.90640548533,False,False,0.0,False
1789749292.5789342,1663.376,runtime,9.990267992019653,2505,250.6439268696521,0,0.0,0,0.0,0.0,True,good,当前QC指标正常。,51514.384604337545,False,False,0.0,False,42341.1844691498,False,False,0.0,False
1789749294.5891192,1665.376,runtime,9.990483283996582,2510,251.13900185580437,0,0.0,0,0.0,0.0,True,good,当前QC指标正常。,51004.617476959276,False,False,0.0,False,41933.37240256095,False,False,0.0,False
1789749296.5963712,1667.376,runtime,9.933557987213135,2495,251.06814730536377,0,0.0,0,0.0,0.0,True,good,当前QC指标正常。,50496.64624782586,False,False,0.0,False,41555.768049346654,False,False,0.0,False
1789749298.601133,1669.376,runtime,9.930055618286133,2495,251.15670000954628,0,0.0,0,0.0,0.0,True,good,当前QC指标正常。,50041.23810041636,False,False,0.0,False,41201.92656327674,False,False,0.0,False
1789749300.614507,1671.396,runtime,9.961771965026855,2500,250.85898460367568,0,0.0,0,0.0,0.0,True,good,当前QC指标正常。,49657.40045992684,False,False,0.0,False,40784.52083809687,False,False,0.0,False
1789749302.6288338,1673.436,runtime,9.990243196487427,2505,250.64454896157156,0,0.0,0,0.0,0.0,True,good,当前QC指标正常。,49503.140605053435,False,False,0.0,False,40573.215249227054,False,False,0.0,False
1789749304.6390378,1675.436,runtime,9.990201234817505,2505,250.6456017395471,0,0.0,0,0.0,0.0,True,good,当前QC指标正常。,49945.29698463189,False,False,0.0,False,40892.39603194326,False,False,0.0,False
1789749306.649144,1677.356,runtime,9.990358352661133,2480,248.13924711115777,0,0.0,0,0.0,0.0,True,good,当前QC指标正常。,50330.808360846626,False,False,0.0,False,41129.04332117375,False,False,0.0,False
1789749308.6675177,1679.396,runtime,9.932091236114502,2490,250.60180588652273,0,0.0,0,0.0,0.0,True,good,当前QC指标正常。,50651.12641198438,False,False,0.0,False,41342.63152209735,False,False,0.0,False
1789749310.6814897,1681.476,runtime,9.96015453338623,2500,250.89972164823388,0,0.0,0,0.0,0.0,True,good,当前QC指标正常。,50807.357206957735,False,False,0.0,False,41531.35883394739,False,False,0.0,False
1789749312.684661,1683.476,runtime,9.99021577835083,2505,250.64523685527007,0,0.0,0,0.0,0.0,True,good,当前QC指标正常。,50913.10046346082,False,False,0.0,False,41665.68179137994,False,False,0.0,False
1789749314.6890402,1685.472,runtime,9.990264177322388,2499,250.0434378572679,0,0.0,0,0.0,0.0,True,good,当前QC指标正常。,50859.96855382691,False,False,0.0,False,41662.5283455295,False,False,0.0,False
1789749316.7046168,1687.472,runtime,9.96194839477539,2499,250.75415982982733,0,0.0,0,0.0,0.0,True,good,当前QC指标正常。,50910.881196550465,False,False,0.0,False,41747.5174163831,False,False,0.0,False
1789749318.7092528,1689.472,runtime,9.96013855934143,2519,252.8077280248691,0,0.0,0,0.0,0.0,True,good,当前QC指标正常。,50926.054806111686,False,False,0.0,False,41780.91462032292,False,False,0.0,False
1789749320.7182448,1691.492,runtime,9.961297988891602,2504,251.2724750119146,0,0.0,0,0.0,0.0,True,good,当前QC指标正常。,50979.58249748468,False,False,0.0,False,41847.21445566786,False,False,0.0,False
1789749322.7291307,1693.512,runtime,9.989997148513794,2509,251.05112270959094,0,0.0,0,0.0,0.0,True,good,当前QC指标正常。,50875.78567797555,False,False,0.0,False,41776.945417074014,False,False,0.0,False
1789749324.7358682,1695.512,runtime,9.961782932281494,2500,250.85870842476461,0,0.0,0,0.0,0.0,True,good,当前QC指标正常。,50881.02753294957,False,False,0.0,False,41801.213833732254,False,False,0.0,False
1789749326.741118,1697.512,runtime,9.960129499435425,2510,251.90435527391676,0,0.0,0,0.0,0.0,True,good,当前QC指标正常。,50779.61283979451,False,False,0.0,False,41730.179173524026,False,False,0.0,False
1789749328.753429,1699.532,runtime,9.963571310043335,2505,251.3155094776061,0,0.0,0,0.0,0.0,True,good,当前QC指标正常。,50724.1661673292,False,False,0.0,False,41710.27741157972,False,False,0.0,False
1789749330.7620893,1701.532,runtime,9.96350622177124,2505,251.3171512382372,0,0.0,0,0.0,0.0,True,good,当前QC指标正常。,50731.62823425847,False,False,0.0,False,41743.06252542082,False,False,0.0,False
1789749332.7659783,1703.552,runtime,9.93167495727539,2500,251.61918918514064,0,0.0,0,0.0,0.0,True,good,当前QC指标正常。,50733.49888374453,False,False,0.0,False,41773.03605830084,False,False,0.0,False
1789749334.781736,1705.572,runtime,9.966004371643066,2505,251.2541542852216,0,0.0,0,0.0,0.0,True,good,当前QC指标正常。,50715.739401246654,False,False,0.0,False,41780.40765266793,False,False,0.0,False
1789749336.7916267,1707.572,runtime,9.960023880004883,2500,250.90301289506294,0,0.0,0,0.0,0.0,True,good,当前QC指标正常。,50788.37869535762,False,False,0.0,False,41873.3283478723,False,False,0.0,False
1789749338.8025317,1709.572,runtime,9.960245132446289,2495,250.39544377031416,0,0.0,0,0.0,0.0,True,good,当前QC指标正常。,50757.51039282089,False,False,0.0,False,41878.19546411751,False,False,0.0,False
1789749340.8137724,1711.552,runtime,9.930301427841187,2490,250.6469736177082,0,0.0,0,0.0,0.0,True,good,当前QC指标正常。,50671.59594609972,False,False,0.0,False,41836.788829008045,False,False,0.0,False
1789749342.8286054,1713.592,runtime,9.93007230758667,2510,252.6668409134443,0,0.0,0,0.0,0.0,True,good,当前QC指标正常。,50655.371534975166,False,False,0.0,False,41831.4946044544,False,False,0.0,False
1789749344.8348858,1715.612,runtime,9.931694746017456,2500,251.6186878379526,0,0.0,0,0.0,0.0,True,good,当前QC指标正常。,50550.84623837835,False,False,0.0,False,41762.75890194899,False,False,0.0,False
1789749346.849356,1717.612,runtime,9.990214347839355,2495,249.64429322173578,0,0.0,0,0.0,0.0,True,good,当前QC指标正常。,50454.41607897816,False,False,0.0,False,41708.32910993776,False,False,0.0,False
1789749348.8594124,1719.652,runtime,9.990220069885254,2505,250.6451291847028,0,0.0,0,0.0,0.0,True,good,当前QC指标正常。,50455.45261290118,False,False,0.0,False,41766.556948570185,False,False,0.0,False
1789749350.8695245,1721.632,runtime,9.990341901779175,2495,249.6411058320081,0,0.0,0,0.0,0.0,True,good,当前QC指标正常。,50752.41320747129,False,False,0.0,False,42108.0535858909,False,False,0.0,False
1789749352.8779094,1723.632,runtime,9.937253713607788,2495,250.97477350153477,0,0.0,0,0.0,0.0,True,good,当前QC指标正常。,50395.86976033575,False,False,0.0,False,41840.98323200495,False,False,0.0,False
1789749354.8870215,1725.632,runtime,9.935292720794678,2505,252.03082288246026,0,0.0,0,0.0,0.0,True,good,当前QC指标正常。,50008.30446184757,False,False,0.0,False,41588.02867154364,False,False,0.0,False
1789749356.8961804,1727.672,runtime,9.96183967590332,2500,250.85727950880676,0,0.0,0,0.0,0.0,True,good,当前QC指标正常。,49490.41678862101,False,False,0.0,False,41237.159696479546,False,False,0.0,False
1789749358.9093463,1729.692,runtime,9.990230083465576,2500,250.1443889801891,0,0.0,0,0.0,0.0,True,good,当前QC指标正常。,48818.691275096535,False,False,0.0,False,40625.010658823376,False,False,0.0,False
1789749360.9193692,1731.712,runtime,9.990114212036133,2505,250.64778508569702,0,0.0,0,0.0,0.0,True,good,当前QC指标正常。,47806.25267569162,False,False,0.0,False,39708.49897980587,False,False,0.0,False
1789749362.9312563,1733.712,runtime,9.96191692352295,2505,251.35724572118608,0,0.0,0,0.0,0.0,True,good,当前QC指标正常。,47383.36369490201,False,False,0.0,False,39373.77963731536,False,False,0.0,False
1789749364.9393365,1735.732,runtime,9.989987134933472,2520,252.15247687271173,0,0.0,0,0.0,0.0,True,good,当前QC指标正常。,47002.450778024984,False,False,0.0,False,39049.16603385579,False,False,0.0,False
1789749366.9489286,1737.712,runtime,9.960144519805908,2505,251.40197464211042,0,0.0,0,0.0,0.0,True,good,当前QC指标正常。,46670.47246180294,False,False,0.0,False,38727.12793609195,False,False,0.0,False
1789749368.9613342,1739.752,runtime,9.992138624191284,2505,250.5970037222799,0,0.0,0,0.0,0.0,True,good,当前QC指标正常。,46531.83466728693,False,False,0.0,False,38621.57835713629,False,False,0.0,False
1789749370.969517,1741.752,runtime,9.958213567733765,2500,250.94862477113037,0,0.0,0,0.0,0.0,True,good,当前QC指标正常。,46441.76259283135,False,False,0.0,False,38561.31464151108,False,False,0.0,False
1789749372.9773166,1743.752,runtime,9.960186004638672,2500,250.8989288790553,0,0.0,0,0.0,0.0,True,good,当前QC指标正常。,46310.62758744734,False,False,0.0,False,38474.119307918045,False,False,0.0,False
1789749374.9886143,1745.772,runtime,9.965624570846558,2500,250.76200515425552,0,0.0,0,0.0,0.0,True,good,当前QC指标正常。,46193.848532055265,False,False,0.0,False,38377.49055013837,False,False,0.0,False
1789749377.0041308,1747.772,runtime,9.961881637573242,2500,250.85622284192962,0,0.0,0,0.0,0.0,True,good,当前QC指标正常。,46071.452342154786,False,False,0.0,False,38279.72162251596,False,False,0.0,False
1789749379.0207925,1749.772,runtime,9.958340406417847,2495,250.44333676248837,0,0.0,0,0.0,0.0,True,good,当前QC指标正常。,45941.317605598466,False,False,0.0,False,38178.00275987575,False,False,0.0,False
1789749381.0241735,1751.812,runtime,9.990164756774902,2505,250.64651694576852,0,0.0,0,0.0,0.0,True,good,当前QC指标正常。,45831.182853184815,False,False,0.0,False,38083.38114659582,False,False,0.0,False
1789749383.0382128,1753.792,runtime,9.958492994308472,2495,250.43949937258412,0,0.0,0,0.0,0.0,True,good,当前QC指标正常。,45703.05452283632,False,False,0.0,False,37970.30127293582,False,False,0.0,False
1789749385.0414376,1755.832,runtime,9.99019718170166,2505,250.64570342879722,0,0.0,0,0.0,0.0,True,good,当前QC指标正常。,45587.263216597246,False,False,0.0,False,37881.068066506654,False,False,0.0,False
1789749387.0552108,1757.812,runtime,9.960334539413452,2495,250.39319614528404,0,0.0,0,0.0,0.0,True,good,当前QC指标正常。,45375.81871930591,False,False,0.0,False,37684.650473746166,False,False,0.0,False
1789749389.0715182,1759.832,runtime,9.931899309158325,2510,252.6203621180916,0,0.0,0,0.0,0.0,True,good,当前QC指标正常。,45437.58192454059,False,False,0.0,False,37661.53317205306,False,False,0.0,False
1789749391.0752087,1761.872,runtime,9.965721845626831,2505,251.26127728507774,0,0.0,0,0.0,0.0,True,good,当前QC指标正常。,45603.20497591189,False,False,0.0,False,37756.67535078841,False,False,0.0,False
1789749393.0796618,1763.872,runtime,9.99023175239563,2500,250.14434719202052,0,0.0,0,0.0,0.0,True,good,当前QC指标正常。,45474.76010929044,False,False,0.0,False,37619.09632909169,False,False,0.0,False
1789749395.0916011,1765.872,runtime,9.99022364616394,2500,250.1445501632558,0,0.0,0,0.0,0.0,True,good,当前QC指标正常。,45211.940113421326,False,False,0.0,False,37413.56042251019,False,False,0.0,False
1789749397.0997257,1767.892,runtime,9.988366603851318,2500,250.19105716808937,0,0.0,0,0.0,0.0,True,good,当前QC指标正常。,45112.987529591104,False,False,0.0,False,37398.59557258272,False,False,0.0,False
1789749399.1056778,1769.832,runtime,9.937560558319092,2485,249.96074091045952,0,0.0,0,0.0,0.0,True,good,当前QC指标正常。,44834.0535556459,False,False,0.0,False,37156.55987221803,False,False,0.0,False
1789749401.1183424,1771.872,runtime,9.93375277519226,2495,251.06322418535632,0,0.0,0,0.0,0.0,True,good,当前QC指标正常。,44478.9627954128,False,False,0.0,False,36843.31073558496,False,False,0.0,False
1789749403.1238089,1773.892,runtime,9.960899114608765,2495,250.37900407426795,0,0.0,0,0.0,0.0,True,good,当前QC指标正常。,44423.88885425993,False,False,0.0,False,36831.89825378321,False,False,0.0,False
1789749405.1397123,1775.932,runtime,9.958187580108643,2505,251.45137906437003,0,0.0,0,0.0,0.0,True,good,当前QC指标正常。,45226.71710475837,False,False,0.0,False,37693.23855136228,False,False,0.0,False
1789749407.15455,1777.912,runtime,9.960158348083496,2495,250.39762550360336,0,0.0,0,0.0,0.0,True,good,当前QC指标正常。,46069.52687723653,False,False,0.0,False,38605.1151303973,False,False,0.0,False
1789749409.1598606,1779.952,runtime,9.988167762756348,2505,250.69663020047162,0,0.0,0,0.0,0.0,True,good,当前QC指标正常。,49005.68314074309,False,False,0.0,False,41397.13510128543,False,False,0.0,False
1789749411.1700692,1781.932,runtime,9.96022343635559,2500,250.89798597072186,0,0.0,0,0.0,0.0,True,good,当前QC指标正常。,52612.331218610605,False,False,0.0,False,44682.84543541962,False,False,0.0,False
1789749413.1746316,1783.952,runtime,9.961766004562378,2510,251.8629727751993,0,0.0,0,0.0,0.0,True,good,当前QC指标正常。,56083.62563499197,False,False,0.0,False,48008.351413546945,False,False,0.0,False
1789749415.1901746,1785.952,runtime,9.990470886230469,2495,249.63788277861823,0,0.0,0,0.0,0.0,True,good,当前QC指标正常。,58705.910376357904,False,False,0.0,False,50515.58144693483,False,False,0.0,False
1789749417.2000248,1787.992,runtime,9.990325212478638,2500,250.14200707686356,0,0.0,0,0.0,0.0,True,good,当前QC指标正常。,60804.75586762042,False,False,0.0,False,52506.56209951937,False,False,0.0,False
1789749419.2062135,1789.972,runtime,9.960426330566406,2495,250.3908886255652,0,0.0,0,0.0,0.0,True,good,当前QC指标正常。,61409.27513276642,False,False,0.0,False,53116.25814568274,False,False,0.0,False
1789749421.2148085,1791.992,runtime,9.963815450668335,2500,250.80753576506444,0,0.0,0,0.0,0.0,True,good,当前QC指标正常。,61356.50171871293,False,False,0.0,False,53235.52443937022,False,False,0.0,False
1789749423.2248995,1793.992,runtime,9.969141721725464,2505,251.17508306087223,0,0.0,0,0.0,0.0,True,good,当前QC指标正常。,61020.75512633334,False,False,0.0,False,52960.703288839766,False,False,0.0,False
1789749425.2361307,1795.932,runtime,9.875580787658691,2480,251.02321101944253,0,0.0,0,0.0,0.0,True,good,当前QC指标正常。,61016.84097119826,False,False,0.0,False,52962.89593462765,False,False,0.0,False
1789749427.2503235,1798.032,runtime,9.99045729637146,2500,250.13869994796318,0,0.0,0,0.0,0.0,True,good,当前QC指标正常。,61304.94089273515,False,False,0.0,False,53205.116694915174,False,False,0.0,False
1789749429.260179,1800.052,runtime,9.990352392196655,2505,250.64180938760924,0,0.0,0,0.0,0.0,True,good,当前QC指标正常。,61547.5913873296,False,False,0.0,False,53422.82664159679,False,False,0.0,False
1789749431.275134,1802.052,runtime,9.96565866470337,2500,250.76114726375525,0,0.0,0,0.0,0.0,True,good,当前QC指标正常。,61550.416918428586,False,False,0.0,False,53432.44540731264,False,False,0.0,False
1789749433.2803934,1804.072,runtime,9.990238189697266,2520,252.14614027899702,0,0.0,0,0.0,0.0,True,good,当前QC指标正常。,61648.35314510509,False,False,0.0,False,53518.86565256982,False,False,0.0,False
1789749435.290267,1806.092,runtime,9.960323095321655,2510,251.89945908265491,0,0.0,0,0.0,0.0,True,good,当前QC指标正常。,61546.962986734776,False,False,0.0,False,53436.66428409704,False,False,0.0,False
1789749437.3003187,1808.092,runtime,9.960184335708618,2505,251.40096966105526,0,0.0,0,0.0,0.0,True,good,当前QC指标正常。,61356.6844176566,False,False,0.0,False,53284.02479695974,False,False,0.0,False
1789749439.3047435,1810.092,runtime,9.962064743041992,2505,251.35351602175842,0,0.0,0,0.0,0.0,True,good,当前QC指标正常。,60096.59863010943,False,False,0.0,False,52129.3922463593,False,False,0.0,False
1789749441.316144,1812.092,runtime,9.960134506225586,2495,250.39822488753785,0,0.0,0,0.0,0.0,True,good,当前QC指标正常。,62261.02509012107,False,False,0.0,False,54139.90523708674,False,False,0.0,False
1789749443.326064,1814.112,runtime,9.96361517906189,2510,251.81622883956376,0,0.0,0,0.0,0.0,True,good,当前QC指标正常。,64946.214126551306,False,False,0.0,False,56648.72357666978,False,False,0.0,False
1789749445.3390684,1816.092,runtime,9.907201290130615,2500,252.24076172646872,0,0.0,0,0.0,0.0,True,good,当前QC指标正常。,67362.4881636114,False,False,0.0,False,58901.48042026227,False,False,0.0,False
1789749447.3460522,1818.092,runtime,9.929942846298218,2490,250.6560247653262,0,0.0,0,0.0,0.0,True,good,当前QC指标正常。,70159.78806900195,False,False,0.0,False,61496.290033461235,False,False,0.0,False
1789749449.3577828,1820.132,runtime,9.960247278213501,2505,251.3993809648795,0,0.0,0,0.0,0.0,True,good,当前QC指标正常。,73001.40100899983,False,False,0.0,False,64140.35893165472,False,False,0.0,False
1789749451.3662412,1822.152,runtime,9.963867425918579,2500,250.80622745937575,0,0.0,0,0.0,0.0,True,good,当前QC指标正常。,73067.64046759813,False,False,0.0,False,64221.45975755017,False,False,0.0,False
1789749453.3760216,1824.152,runtime,9.969152927398682,2500,250.6732536053172,0,0.0,0,0.0,0.0,True,good,当前QC指标正常。,72739.20606789902,False,False,0.0,False,63909.15378320132,False,False,0.0,False
1789749455.3902683,1826.192,runtime,9.990126132965088,2505,250.6474859949349,0,0.0,0,0.0,0.0,True,good,当前QC指标正常。,72497.72581748615,False,False,0.0,False,63688.59760402863,False,False,0.0,False
1789749457.4005003,1828.192,runtime,9.990112543106079,2525,252.6498064070107,0,0.0,0,0.0,0.0,True,good,当前QC指标正常。,72007.50401482788,False,False,0.0,False,63257.23596961374,False,False,0.0,False
1789749459.4105632,1830.212,runtime,9.99013638496399,2510,251.14772244513696,0,0.0,0,0.0,0.0,True,good,当前QC指标正常。,69420.14621568209,False,False,0.0,False,60881.15468496419,False,False,0.0,False
1789749461.4211133,1832.212,runtime,9.93068528175354,2500,251.64426513360735,0,0.0,0,0.0,0.0,True,good,当前QC指标正常。,64786.427551847584,False,False,0.0,False,56618.52902350038,False,False,0.0,False
1789749463.4256272,1834.212,runtime,9.931676387786865,2500,251.61915294310825,0,0.0,0,0.0,0.0,True,good,当前QC指标正常。,59788.945488941,False,False,0.0,False,52010.53451962377,False,False,0.0,False
1789749465.4378278,1836.192,runtime,9.93199634552002,2490,250.60420014378096,0,0.0,0,0.0,0.0,True,good,当前QC指标正常。,55494.570841922665,False,False,0.0,False,48001.52975786183,False,False,0.0,False
1789749467.4494298,1838.232,runtime,9.963794231414795,2500,250.80806989378763,0,0.0,0,0.0,0.0,True,good,当前QC指标正常。,51688.59822363792,False,False,0.0,False,44428.12152186673,False,False,0.0,False
1789749469.4619157,1840.232,runtime,9.96199345588684,2495,250.35149953107234,0,0.0,0,0.0,0.0,True,good,当前QC指标正常。,51436.13316546242,False,False,0.0,False,44235.909408191874,False,False,0.0,False
1789749471.4742491,1842.252,runtime,9.961789846420288,2500,250.85853431228537,0,0.0,0,0.0,0.0,True,good,当前QC指标正常。,53631.968419474746,False,False,0.0,False,46333.97535472156,False,False,0.0,False
1789749473.4806554,1844.272,runtime,9.990259885787964,2500,250.14364276499458,0,0.0,0,0.0,0.0,True,good,当前QC指标正常。,55664.59183706429,False,False,0.0,False,48296.337231329475,False,False,0.0,False
1789749475.4832044,1846.272,runtime,9.96178674697876,2500,250.85861236267723,0,0.0,0,0.0,0.0,True,good,当前QC指标正常。,55852.4585895912,False,False,0.0,False,48522.01772519305,False,False,0.0,False
1789749477.5006278,1848.292,runtime,9.990208625793457,2500,250.1449262578859,0,0.0,0,0.0,0.0,True,good,当前QC指标正常。,53397.73972771106,False,False,0.0,False,46400.3405024564,False,False,0.0,False
1789749479.510931,1850.272,runtime,9.990296363830566,2495,249.64224375058768,0,0.0,0,0.0,0.0,True,good,当前QC指标正常。,50738.60867127396,False,False,0.0,False,44086.04794406559,False,False,0.0,False
1789749481.5162039,1852.292,runtime,9.930046558380127,2495,251.15692915812897,0,0.0,0,0.0,0.0,True,good,当前QC指标正常。,47835.21792734595,False,False,0.0,False,41548.63220489304,False,False,0.0,False
1789749483.525021,1854.312,runtime,9.931700706481934,2500,251.6185368301549,0,0.0,0,0.0,0.0,True,good,当前QC指标正常。,44835.240780548964,False,False,0.0,False,38932.71256832975,False,False,0.0,False
1789749485.5380769,1856.312,runtime,9.9599928855896,2495,250.40178528725556,0,0.0,0,0.0,0.0,True,good,当前QC指标正常。,42810.002966510656,False,False,0.0,False,37293.49243240987,False,False,0.0,False
1789749487.5485358,1858.328,runtime,9.961901664733887,2499,250.75533608639864,0,0.0,0,0.0,0.0,True,good,当前QC指标正常。,43476.870583666256,False,False,0.0,False,37913.848886255946,False,False,0.0,False
1789749489.5608282,1860.348,runtime,9.990258693695068,2499,250.04357510546825,0,0.0,0,0.0,0.0,True,good,当前QC指标正常。,44223.571760820974,False,False,0.0,False,38637.16421229586,False,False,0.0,False
1789749491.570979,1862.328,runtime,9.990421533584595,2494,249.5390201123479,0,0.0,0,0.0,0.0,True,good,当前QC指标正常。,44908.92298976157,False,False,0.0,False,39318.89704573824,False,False,0.0,False
1789749493.5808792,1864.348,runtime,9.990375995635986,2494,249.54015755653208,0,0.0,0,0.0,0.0,True,good,当前QC指标正常。,45488.009433230895,False,False,0.0,False,39921.67640883688,False,False,0.0,False
1789749495.5845997,1866.368,runtime,9.963809251785278,2499,250.70732858042396,0,0.0,0,0.0,0.0,True,good,当前QC指标正常。,45524.25927240508,False,False,0.0,False,39983.673463941894,False,False,0.0,False
1789749497.5927787,1868.348,runtime,9.937510251998901,2490,250.46515041323806,0,0.0,0,0.0,0.0,True,good,当前QC指标正常。,45070.259413781045,False,False,0.0,False,39541.594826774985,False,False,0.0,False
1789749499.605501,1870.388,runtime,9.961934089660645,2500,250.85490202085134,0,0.0,0,0.0,0.0,True,good,当前QC指标正常。,45148.00554028384,False,False,0.0,False,39148.897434872364,False,False,0.0,False
1789749501.6113017,1872.388,runtime,9.960424661636353,2495,250.39093058008956,0,0.0,0,0.0,0.0,True,good,当前QC指标正常。,45074.29603240362,False,False,0.0,False,38672.41088615637,False,False,0.0,False
1789749503.6241837,1874.408,runtime,9.963607549667358,2505,251.31459539307102,0,0.0,0,0.0,0.0,True,good,当前QC指标正常。,45126.94832460768,False,False,0.0,False,38240.23165378206,False,False,0.0,False
1789749505.6282458,1876.408,runtime,9.95988392829895,2505,251.40855235123794,0,0.0,0,0.0,0.0,True,good,当前QC指标正常。,45486.57205842694,False,False,0.0,False,38080.08167178696,False,False,0.0,False
1789749507.6342115,1878.428,runtime,9.961982250213623,2500,250.8536892792006,0,0.0,0,0.0,0.0,True,good,当前QC指标正常。,47318.537559513985,False,False,0.0,False,39274.33619361336,False,False,0.0,False
1789749509.652401,1880.428,runtime,9.960222244262695,2495,250.39601916880903,0,0.0,0,0.0,0.0,True,good,当前QC指标正常。,47845.54529693894,False,False,0.0,False,40041.05551158927,False,False,0.0,False
1789749511.663395,1882.448,runtime,9.931796550750732,2500,251.6161086496585,0,0.0,0,0.0,0.0,True,good,当前QC指标正常。,49051.34417327725,False,False,0.0,False,41134.262829806095,False,False,0.0,False
1789749513.6804605,1884.448,runtime,9.963513374328613,2500,250.81513981190335,0,0.0,0,0.0,0.0,True,good,当前QC指标正常。,50230.33281526637,False,False,0.0,False,42234.29483107478,False,False,0.0,False
1789749515.6850102,1886.468,runtime,9.96735668182373,2500,250.71842814225016,0,0.0,0,0.0,0.0,True,good,当前QC指标正常。,51116.54699005628,False,False,0.0,False,43062.64021515028,False,False,0.0,False
1789749517.688655,1888.468,runtime,9.960178136825562,2495,250.397128017117,0,0.0,0,0.0,0.0,True,good,当前QC指标正常。,50948.96033458172,False,False,0.0,False,42922.30405864536,False,False,0.0,False
1789749519.703971,1890.488,runtime,9.961727619171143,2500,250.86010133329938,0,0.0,0,0.0,0.0,True,good,当前QC指标正常。,51018.58149250702,False,False,0.0,False,43005.86036805624,False,False,0.0,False
1789749521.7204354,1892.488,runtime,9.960325241088867,2495,250.39342989640716,0,0.0,0,0.0,0.0,True,good,当前QC指标正常。,50880.29819128228,False,False,0.004,False,42861.63891668031,False,False,0.0,False
1789749523.7313554,1894.528,runtime,9.990350246429443,2510,251.14234617517218,0,0.0,0,0.0,0.0,True,good,当前QC指标正常。,50613.94962291814,False,False,0.004,False,42596.866328904514,False,False,0.0,False
1789749525.734694,1896.508,runtime,9.960153102874756,2510,251.90375831430123,0,0.0,0,0.0,0.0,True,good,当前QC指标正常。,50454.08307487869,False,False,0.004,False,42420.694639300695,False,False,0.0,False
1789749527.7405183,1898.528,runtime,9.931655883789062,2500,251.61967241323683,0,0.0,0,0.0,0.0,True,good,当前QC指标正常。,50429.5306431929,False,False,0.004,False,42400.615475761006,False,False,0.0,False
1789749529.7429612,1900.528,runtime,9.988207340240479,2502,250.39528263735315,0,0.0,0,0.0,0.0,True,good,当前QC指标正常。,50338.37288090989,False,False,0.004,False,42334.59167388297,False,False,0.0,False
1789749531.7462566,1902.548,runtime,9.99191951751709,2505,250.6024989102618,0,0.0,0,0.0,0.0,True,good,当前QC指标正常。,50339.081600471,False,False,0.0,False,42344.99254923065,False,False,0.0,False
1789749533.7513144,1904.548,runtime,9.990158081054688,2505,250.64668443521228,0,0.0,0,0.0,0.0,True,good,当前QC指标正常。,50284.65198003651,False,False,0.0,False,42311.9045261257,False,False,0.0,False
1789749535.761396,1906.548,runtime,9.990134477615356,2500,250.14678286858367,0,0.0,0,0.0,0.0,True,good,当前QC指标正常。,50172.01347163713,False,False,0.0,False,42226.01938019095,False,False,0.0,False
1789749537.764353,1908.548,runtime,9.963558673858643,2500,250.81399947557074,0,0.0,0,0.0,0.0,True,good,当前QC指标正常。,50109.94868837218,False,False,0.0,False,42176.676379468045,False,False,0.0,False
1789749539.7688222,1910.548,runtime,9.960139274597168,2495,250.3981050105214,0,0.0,0,0.0,0.0,True,good,当前QC指标正常。,50065.213272101624,False,False,0.0,False,42156.05546448274,False,False,0.0,False
1789749541.7837331,1912.568,runtime,9.961833000183105,2500,250.85744761572158,0,0.0,0,0.0,0.0,True,good,当前QC指标正常。,49974.752314611826,False,False,0.0,False,42090.157131175445,False,False,0.0,False
1789749543.7972922,1914.568,runtime,9.960179090499878,2495,250.39710404191456,0,0.0,0,0.0,0.0,True,good,当前QC指标正常。,49925.738807252135,False,False,0.0,False,42054.798098545485,False,False,0.0,False
1789749545.8078675,1916.548,runtime,9.930297613143921,2490,250.64706990307266,0,0.0,0,0.0,0.0,True,good,当前QC指标正常。,49888.50918267822,False,False,0.0,False,42025.11372073966,False,False,0.0,False
1789749547.8119586,1918.588,runtime,9.960230588912964,2495,250.39580938780145,0,0.0,0,0.0,0.0,True,good,当前QC指标正常。,49804.7310180913,False,False,0.0,False,41951.55436594314,False,False,0.0,False
1789749549.8278375,1920.608,runtime,9.901625156402588,2515,253.89771479830233,0,0.0,0,0.0,0.0,True,good,当前QC指标正常。,49690.42372818323,False,False,0.0,False,41850.61227944392,False,False,0.0,False
1789749551.8415513,1922.628,runtime,9.960083246231079,2510,251.90552508177197,0,0.0,0,0.0,0.0,True,good,当前QC指标正常。,49592.878096809625,False,False,0.0,False,41771.00016196806,False,False,0.0,False
1789749553.8460855,1924.628,runtime,9.96169638633728,2515,252.36665548731386,0,0.0,0,0.0,0.0,True,good,当前QC指标正常。,49442.05013040148,False,False,0.0,False,41634.913725787956,False,False,0.0,False
1789749555.8611352,1926.628,runtime,9.930300235748291,2495,251.15051315586595,0,0.0,0,0.0,0.0,True,good,当前QC指标正常。,49286.538129114655,False,False,0.0,False,41497.74263651574,False,False,0.0,False
1789749557.871486,1928.668,runtime,9.990019798278809,2505,250.6501539097467,0,0.0,0,0.0,0.0,True,good,当前QC指标正常。,49144.25801468182,False,False,0.0,False,41373.59970680816,False,False,0.0,False
1789749559.8817716,1930.588,runtime,9.990403652191162,2480,248.1381219723078,0,0.0,0,0.0,0.0,True,good,当前QC指标正常。,48933.491087122195,False,False,0.0,False,41183.75155590234,False,False,0.0,False
1789749561.8905253,1932.628,runtime,9.930054187774658,2495,251.15673619087366,0,0.0,0,0.0,0.0,True,good,当前QC指标正常。,47698.72771094873,False,False,0.0,False,40079.05736409919,False,False,0.0,False
1789749563.9053311,1934.668,runtime,9.965620517730713,2495,250.2603822373835,0,0.0,0,0.0,0.0,True,good,当前QC指标正常。,47277.03855591802,False,False,0.0,False,39724.716053220225,False,False,0.0,False
1789749565.9116576,1936.708,runtime,9.990042448043823,2510,251.15008400102383,0,0.0,0,0.0,0.0,True,good,当前QC指标正常。,47300.70263074487,False,False,0.0,False,39713.048006231234,False,False,0.0,False
1789749567.921892,1938.708,runtime,9.990483283996582,2500,250.13804927766245,0,0.0,0,0.0,0.0,True,good,当前QC指标正常。,47682.501299567084,False,False,0.0,False,40042.94432449067,False,False,0.0,False
1789749569.9316297,1940.728,runtime,9.990144968032837,2505,250.6470134329856,0,0.0,0,0.0,0.0,True,good,当前QC指标正常。,47921.10400406809,False,False,0.0,False,40271.667432520364,False,False,0.0,False
1789749571.937607,1942.708,runtime,9.960201740264893,2505,251.40053036048303,0,0.0,0,0.0,0.0,True,good,当前QC指标正常。,49035.82538996799,False,False,0.0,False,41272.6635057911,False,False,0.0,False
1789749573.9519887,1944.748,runtime,9.990251541137695,2520,252.1458032990764,0,0.0,0,0.0,0.0,True,good,当前QC指标正常。,49374.928638609694,False,False,0.0,False,41570.483975084695,False,False,0.0,False
1789749575.960373,1946.728,runtime,9.960208177566528,2495,250.39637280044607,0,0.0,0,0.0,0.0,True,good,当前QC指标正常。,49366.32840940407,False,False,0.0,False,41631.12680346001,False,False,0.0,False
1789749577.9628632,1948.748,runtime,9.9619460105896,2500,250.85460183618244,0,0.0,0,0.0,0.0,True,good,当前QC指标正常。,48967.85272113061,False,False,0.0,False,41297.44757510208,False,False,0.0,False
1789749579.9684286,1950.728,runtime,9.930234432220459,2490,250.64866464018058,0,0.0,0,0.0,0.0,True,good,当前QC指标正常。,48843.764803542814,False,False,0.0,False,41202.74973073384,False,False,0.004,False
1789749581.9739497,1952.768,runtime,9.903507232666016,2505,252.83972043164,0,0.0,0,0.0,0.0,True,good,当前QC指标正常。,48767.529118612125,False,False,0.0,False,41150.66109799292,False,False,0.004,False
1789749583.9894564,1954.768,runtime,9.963558435440063,2505,251.31583421976538,0,0.0,0,0.0,0.0,True,good,当前QC指标正常。,48723.937726355085,False,False,0.0,False,41120.95648743481,False,False,0.004,False
1789749586.0048542,1956.788,runtime,9.961830377578735,2505,251.35942945141852,0,0.0,0,0.0,0.0,True,good,当前QC指标正常。,48619.84701580896,False,False,0.0,False,41018.84252612294,False,False,0.004,False
1789749588.0141454,1958.788,runtime,9.930135250091553,2495,251.15468593209806,0,0.0,0,0.0,0.0,True,good,当前QC指标正常。,48516.05102529213,False,False,0.0,False,40930.10340266129,False,False,0.004,False
1789749590.0291655,1960.808,runtime,9.961734533309937,2520,252.867609709634,0,0.0,0,0.0,0.0,True,good,当前QC指标正常。,48448.1557185144,False,False,0.0,False,40868.949121863436,False,False,0.0,False
1789749592.0420017,1962.828,runtime,9.990358114242554,2500,250.14118327123336,0,0.0,0,0.0,0.0,True,good,当前QC指标正常。,48386.8369680036,False,False,0.0,False,40812.387940755194,False,False,0.0,False
1789749594.0516436,1964.828,runtime,9.961897611618042,2500,250.85582059040104,0,0.0,0,0.0,0.0,True,good,当前QC指标正常。,48310.86904305677,False,False,0.0,False,40752.43062683549,False,False,0.0,False
1789749596.0621426,1966.828,runtime,9.960334300994873,2495,250.39320213889715,0,0.0,0,0.0,0.0,True,good,当前QC指标正常。,48269.042551419574,False,False,0.0,False,40720.11205851184,False,False,0.0,False
1789749598.072024,1968.868,runtime,9.960127830505371,2505,251.4023958940443,0,0.0,0,0.0,0.0,True,good,当前QC指标正常。,48258.274155351195,False,False,0.0,False,40712.10233731656,False,False,0.0,False
1789749600.075132,1970.828,runtime,9.931909322738647,2490,250.60639592243854,0,0.0,0,0.0,0.0,True,good,当前QC指标正常。,48228.690299436545,False,False,0.0,False,40697.54407221931,False,False,0.0,False
1789749602.0883613,1972.868,runtime,9.961857795715332,2500,250.85682321974502,0,0.0,0,0.0,0.0,True,good,当前QC指标正常。,48199.27350145701,False,False,0.0,False,40674.22052948846,False,False,0.0,False
1789749604.1011872,1974.868,runtime,9.930195093154907,2495,251.15317238018483,0,0.0,0,0.0,0.0,True,good,当前QC指标正常。,48143.065667713134,False,False,0.0,False,40624.09211803882,False,False,0.0,False
1789749606.1121316,1976.868,runtime,9.99021029472351,2495,249.6443945046128,0,0.0,0,0.0,0.0,True,good,当前QC指标正常。,48086.65870633015,False,False,0.0,False,40579.7454139304,False,False,0.0,False
1789749608.1194837,1978.868,runtime,9.932016134262085,2490,250.6037008350998,0,0.0,0,0.0,0.0,True,good,当前QC指标正常。,48042.5770177277,False,False,0.0,False,40546.65003578266,False,False,0.0,False
1789749610.1230612,1980.908,runtime,9.96176815032959,2500,250.85908066604816,0,0.0,0,0.0,0.0,True,good,当前QC指标正常。,47995.500025628586,False,False,0.0,False,40504.61363972904,False,False,0.0,False
1789749612.132261,1982.908,runtime,9.960084199905396,2495,250.3994895970547,0,0.0,0,0.0,0.0,True,good,当前QC指标正常。,48030.5076568302,False,False,0.0,False,40541.113818905724,False,False,0.0,False
1789749614.1483986,1984.928,runtime,9.96192193031311,2500,250.8552082099538,0,0.0,0,0.0,0.0,True,good,当前QC指标正常。,54937.598423858515,False,False,0.0,False,46135.2204124497,False,False,0.0,False
1789749616.157178,1986.928,runtime,9.96017837524414,2495,250.39712202331597,0,0.0,0,0.0,0.0,True,good,当前QC指标正常。,55156.06649231563,False,False,0.0,False,46325.4096848804,False,False,0.0,False
1789749618.1643097,1988.948,runtime,9.96363115310669,2505,251.31400003895624,0,0.0,0,0.0,0.0,True,good,当前QC指标正常。,54592.51947917,False,False,0.0,False,45835.215423474365,False,False,0.0,False
1789749620.1721113,1990.948,runtime,9.958274841308594,2510,251.95127067514218,0,0.0,0,0.0,0.0,True,good,当前QC指标正常。,54064.60990084337,False,False,0.0,False,45381.324898692896,False,False,0.0,False
1789749622.1833515,1992.968,runtime,9.963727474212646,2500,250.80975031359696,0,0.0,0,0.0,0.0,True,good,当前QC指标正常。,53173.83935911508,False,False,0.0,False,44601.48078051956,False,False,0.0,False
1789749624.1917,1994.968,runtime,9.963995218276978,2495,250.30120402158067,0,0.0,0,0.0,0.0,True,good,当前QC指标正常。,45481.552364905394,False,False,0.0,False,38300.28448478699,False,False,0.0,False
1789749626.1985831,1996.988,runtime,9.96187448501587,2500,250.8564029549725,0,0.0,0,0.0,0.0,True,good,当前QC指标正常。,44593.80156296582,False,False,0.0,False,37537.6742934543,False,False,0.0,False
1789749628.215437,1998.928,runtime,9.903640747070312,2480,250.31198761256923,0,0.0,0,0.0,0.0,True,good,当前QC指标正常。,44526.82247655737,False,False,0.0,False,37490.66423095236,False,False,0.0,False
1789749630.220206,2001.008,runtime,9.963730096817017,2500,250.8096842966795,0,0.0,0,0.0,0.0,True,good,当前QC指标正常。,44402.17256231433,False,False,0.0,False,37387.92366461972,False,False,0.0,False
1789749632.2318137,2003.008,runtime,9.960062265396118,2495,250.4000410383792,0,0.0,0,0.0,0.0,True,good,当前QC指标正常。,44333.68396047079,False,False,0.0,False,37330.928977592506,False,False,0.0,False
1789749634.2505586,2005.028,runtime,9.961759090423584,2515,252.365066970627,0,0.0,0,0.0,0.0,True,good,当前QC指标正常。,44301.54179246062,False,False,0.0,False,37303.77246216608,False,False,0.0,False
1789749636.2626233,2007.028,runtime,9.990422010421753,2495,249.6391040737141,0,0.0,0,0.0,0.0,True,good,当前QC指标正常。,44073.06951849439,False,False,0.0,False,37088.99497439651,False,False,0.0,False
1789749638.2725139,2009.028,runtime,9.990335702896118,2490,249.14077704900936,0,0.0,0,0.0,0.0,True,good,当前QC指标正常。,43961.47897089242,False,False,0.0,False,36419.495680167645,False,False,0.0,False
1789749640.2806568,2011.048,runtime,9.930152177810669,2495,251.15425779404922,0,0.0,0,0.0,0.0,True,good,当前QC指标正常。,43508.64346319165,False,False,0.0,False,35839.144795381144,False,False,0.0,False
1789749642.2924109,2013.088,runtime,9.960100650787354,2500,250.9010789767925,0,0.0,0,0.0,0.0,True,good,当前QC指标正常。,43274.251741114036,False,False,0.0,False,35652.97527607456,False,False,0.0,False
1789749644.3025458,2015.088,runtime,9.960060834884644,2500,250.90208196795047,0,0.0,0,0.0,0.0,True,good,当前QC指标正常。,42184.25018752529,False,False,0.0,False,34902.86815028028,False,False,0.0,False
1789749646.3125663,2017.108,runtime,9.990194320678711,2510,251.1462659746887,0,0.0,0,0.0,0.0,True,good,当前QC指标正常。,40684.392520900765,False,False,0.0,False,33946.11534780769,False,False,0.0,False
1789749648.3165305,2019.068,runtime,9.931766033172607,2490,250.6100115212755,0,0.0,0,0.0,0.0,True,good,当前QC指标正常。,40041.31670860224,False,False,0.0,False,33458.18658355926,False,False,0.0,False
1789749650.3323448,2021.128,runtime,9.98998737335205,2505,250.65096745560803,0,0.0,0,0.0,0.0,True,good,当前QC指标正常。,39198.35840773298,False,False,0.0,False,32765.968914543013,False,False,0.0,False
1789749652.3399742,2023.088,runtime,9.933634042739868,2500,251.56956550321362,0,0.0,0,0.0,0.0,True,good,当前QC指标正常。,36968.12700445715,False,False,0.0,False,30884.271813960062,False,False,0.0,False
1789749654.3508,2025.088,runtime,9.930170059204102,2490,250.65028948753897,0,0.0,0,0.0,0.0,True,good,当前QC指标正常。,34467.00673654617,False,False,0.0,False,28809.523300974968,False,False,0.0,False
1789749656.3569975,2027.148,runtime,9.965645551681519,2500,250.7614772209453,0,0.0,0,0.0,0.0,True,good,当前QC指标正常。,31377.921733139414,False,False,0.0,False,26306.933081448897,False,False,0.0,False
1789749658.3606865,2029.144,runtime,9.962457656860352,2499,250.74134174912416,0,0.0,0,0.0,0.0,True,good,当前QC指标正常。,27910.089372607286,False,False,0.0,False,23431.580787155115,False,False,0.0,False
1789749660.3779004,2031.144,runtime,9.958600997924805,2494,250.33636758009453,0,0.0,0,0.0,0.0,True,good,当前QC指标正常。,24630.54206286712,False,False,0.0,False,20750.913667391105,False,False,0.0,False
1789749662.3862062,2033.164,runtime,9.960447311401367,2499,250.79194958851184,0,0.0,0,0.0,0.0,True,good,当前QC指标正常。,26561.7900156741,False,False,0.0,False,22531.819571848806,False,False,0.0,False
1789749664.3970423,2035.164,runtime,9.930030345916748,2499,251.5601577216915,0,0.0,0,0.0,0.0,True,good,当前QC指标正常。,32477.99020211206,False,False,0.0,False,26797.806927688147,False,False,0.0,False
1789749666.406783,2037.184,runtime,9.96222472190857,2504,251.24910046402505,0,0.0,0,0.0,0.0,True,good,当前QC指标正常。,36529.12939046052,False,False,0.0,False,30584.45297490496,False,False,0.0,False
1789749668.4127204,2039.184,runtime,9.960186004638672,2495,250.39693022183428,0,0.0,0,0.0,0.0,True,good,当前QC指标正常。,43961.13793014139,False,False,0.0,False,32858.32428786737,False,False,0.0,False
1789749670.4194167,2041.204,runtime,9.959847688674927,2500,250.90745141028063,0,0.0,0,0.0,0.0,True,good,当前QC指标正常。,65844.29559633226,False,False,0.0,False,34165.743317249864,False,False,0.0,False
1789749672.4307637,2043.204,runtime,9.960012197494507,2495,250.40129977224112,0,0.0,0,0.0,0.0,True,good,当前QC指标正常。,66231.79096317697,False,False,0.0,False,33055.757141773756,False,False,0.0,False
1789749674.4473226,2045.224,runtime,9.963704347610474,2500,250.8103324642825,0,0.0,0,0.0,0.0,True,good,当前QC指标正常。,62794.5468826618,False,False,0.0,False,31106.04610454347,False,False,0.0,False
1789749676.455089,2047.244,runtime,9.966002464294434,2510,251.7559080472925,0,0.0,0,0.0,0.0,True,good,当前QC指标正常。,53557.78524227599,False,False,0.0,False,29849.537028253388,False,False,0.0,False
1789749678.4710882,2049.244,runtime,9.962205648422241,2500,250.84806399231255,0,0.0,0,0.0,0.0,True,good,当前QC指标正常。,39272.45854816276,False,False,0.0,False,29042.48433101331,False,False,0.0,False
1789749680.483011,2051.264,runtime,9.990389823913574,2500,250.14038931876806,0,0.0,0,0.0,0.0,True,good,当前QC指标正常。,35886.09596451795,False,False,0.0,False,28755.499869887637,False,False,0.0,False
1789749682.4930525,2053.284,runtime,9.99039077758789,2505,250.64084636382694,0,0.0,0,0.0,0.0,True,good,当前QC指标正常。,35557.05493931781,False,False,0.0,False,28772.10899805807,False,False,0.0,False
1789749684.4961023,2055.264,runtime,9.960278987884521,2495,250.39459266488925,0,0.0,0,0.0,0.0,True,good,当前QC指标正常。,35411.11617411029,False,False,0.0,False,28750.965722624744,False,False,0.0,False
1789749686.5112493,2057.284,runtime,9.96215009689331,2500,250.84946278608183,0,0.0,0,0.0,0.0,True,good,当前QC指标正常。,35302.81960450887,False,False,0.0,False,28757.832960647265,False,False,0.0,False
1789749688.5230691,2059.304,runtime,9.960188865661621,2500,250.89885680937837,0,0.0,0,0.0,0.0,True,good,当前QC指标正常。,35223.25667119899,False,False,0.0,False,28751.129930211897,False,False,0.0,False
1789749690.527419,2061.304,runtime,9.930117130279541,2500,251.65866295573605,0,0.0,0,0.0,0.0,True,good,当前QC指标正常。,35071.46490614335,False,False,0.0,False,28697.69215087685,False,False,0.0,False
1789749692.5430543,2063.324,runtime,9.991312503814697,2505,250.61772405216723,0,0.0,0,0.0,0.0,True,good,当前QC指标正常。,34983.60136543092,False,False,0.0,False,28707.465391720045,False,False,0.0,False
1789749694.5506816,2065.324,runtime,9.962229490280151,2500,250.84746365642343,0,0.0,0,0.0,0.0,True,good,当前QC指标正常。,35010.966577824096,False,False,0.0,False,28748.22579478117,False,False,0.0,False
1789749696.5556064,2067.324,runtime,9.960143089294434,2495,250.39800910899086,0,0.0,0,0.0,0.0,True,good,当前QC指标正常。,34884.68071799811,False,False,0.0,False,28665.312693242657,False,False,0.0,False
1789749698.5694394,2069.324,runtime,9.935549020767212,2495,251.01783452399656,0,0.0,0,0.0,0.0,True,good,当前QC指标正常。,34782.042844005584,False,False,0.0,False,28605.9573179079,False,False,0.0,False
1789749700.574128,2071.324,runtime,9.931838274002075,2490,250.60818866888852,0,0.0,0,0.0,0.0,True,good,当前QC指标正常。,34688.376772255935,False,False,0.0,False,28569.48648192305,False,False,0.0,False
1789749702.5889826,2073.364,runtime,9.961763381958008,2505,251.36111991327311,0,0.0,0,0.0,0.0,True,good,当前QC指标正常。,34555.49575633957,False,False,0.0,False,28491.216143379497,False,False,0.0,False
1789749704.596713,2075.364,runtime,9.960155725479126,2495,250.3976914356957,0,0.0,0,0.0,0.0,True,good,当前QC指标正常。,34417.33459917058,False,False,0.0,False,28380.271190234547,False,False,0.0,False
1789749706.6017892,2077.384,runtime,9.961913585662842,2500,250.85541834016246,0,0.0,0,0.0,0.0,True,good,当前QC指标正常。,34426.43354833965,False,False,0.0,False,28405.05761197113,False,False,0.0,False
1789749708.6144016,2079.384,runtime,9.958238124847412,2495,250.4459090787423,0,0.0,0,0.0,0.0,True,good,当前QC指标正常。,34235.637814769805,False,False,0.0,False,28240.038914009383,False,False,0.0,False
1789749710.62639,2081.404,runtime,9.959964275360107,2505,251.40652423770533,0,0.0,0,0.0,0.0,True,good,当前QC指标正常。,33024.12368945682,False,False,0.0,False,27197.909555436992,False,False,0.0,False
1789749712.632789,2083.404,runtime,9.960136651992798,2510,251.9041743767648,0,0.0,0,0.0,0.0,True,good,当前QC指标正常。,32417.14408153393,False,False,0.0,False,26674.611129411198,False,False,0.0,False
1789749714.6458082,2085.424,runtime,9.961978197097778,2500,250.85379134116488,0,0.0,0,0.0,0.0,True,good,当前QC指标正常。,32464.0529957562,False,False,0.0,False,26682.65358152672,False,False,0.0,False
1789749716.6610212,2087.424,runtime,9.960324764251709,2495,250.393441883656,0,0.0,0,0.0,0.0,True,good,当前QC指标正常。,32541.02175605817,False,False,0.0,False,26708.70729905707,False,False,0.0,False
1789749718.673277,2089.464,runtime,9.990118980407715,2500,250.1471709096713,0,0.0,0,0.0,0.0,True,good,当前QC指标正常。,32868.31861962957,False,False,0.0,False,26963.793347709267,False,False,0.0,False
1789749720.683534,2091.384,runtime,9.960408687591553,2480,248.88536984313515,0,0.0,0,0.0,0.0,True,good,当前QC指标正常。,34038.97763297945,False,False,0.0,False,28038.35196285648,False,False,0.0,False
1789749722.6861758,2093.464,runtime,9.963549852371216,2500,250.8142215402541,0,0.0,0,0.0,0.0,True,good,当前QC指标正常。,34565.52885035137,False,False,0.0,False,28545.580744842056,False,False,0.0,False
1789749724.7030027,2095.464,runtime,9.95821499824524,2495,250.4464907053597,0,0.0,0,0.0,0.0,True,good,当前QC指标正常。,34529.15948995896,False,False,0.0,False,28250.71382823144,False,False,0.0,False
1789749726.713559,2097.504,runtime,9.990288972854614,2505,250.64340048659372,0,0.0,0,0.0,0.0,True,good,当前QC指标正常。,34322.421610202175,False,False,0.0,False,27950.859928173762,False,False,0.0,False
1789749728.7180004,2099.484,runtime,9.960160970687866,2505,251.40155940944288,0,0.0,0,0.0,0.0,True,good,当前QC指标正常。,34026.23906569545,False,False,0.004,False,27669.77058967437,False,False,0.0,False
1789749730.733497,2101.524,runtime,9.990185022354126,2505,250.6460084970426,0,0.0,0,0.0,0.0,True,good,当前QC指标正常。,33694.53574939986,False,False,0.004,False,27422.66862748831,False,False,0.0,False
1789749732.741113,2103.504,runtime,9.960345268249512,2495,250.392926432992,0,0.0,0,0.0,0.0,True,good,当前QC指标正常。,33306.00451643905,False,False,0.004,False,27203.83522669862,False,False,0.0,False
1789749734.7499332,2105.524,runtime,9.930128574371338,2495,251.15485477567358,0,0.0,0,0.0,0.0,True,good,当前QC指标正常。,33248.29128563227,False,False,0.004,False,27339.591115675197,False,False,0.0,False
1789749736.7634802,2107.564,runtime,9.960050582885742,2505,251.404345707099,0,0.0,0,0.0,0.0,True,good,当前QC指标正常。,33280.32976687492,False,False,0.004,False,27401.55938612616,False,False,0.0,False
1789749738.7734861,2109.564,runtime,9.990213394165039,2505,250.64529667229186,0,0.0,0,0.0,0.0,True,good,当前QC指标正常。,33304.54115509179,False,False,0.0,False,27443.78296484829,False,False,0.0,False
1789749740.783622,2111.584,runtime,9.990144491195679,2505,250.64702539655727,0,0.0,0,0.0,0.0,True,good,当前QC指标正常。,33287.53407021426,False,False,0.0,False,27457.944795157495,False,False,0.0,False
1789749742.793564,2113.584,runtime,9.990092754364014,2500,250.1478275973315,0,0.0,0,0.0,0.0,True,good,当前QC指标正常。,33248.9639659616,False,False,0.0,False,27441.367413195723,False,False,0.0,False
1789749744.8038635,2115.564,runtime,9.99039363861084,2495,249.63981302610512,0,0.0,0,0.0,0.0,True,good,当前QC指标正常。,33242.07648711264,False,False,0.0,False,27444.59376917415,False,False,0.0,False
1789749746.8103652,2117.564,runtime,9.93357229232788,2490,250.5644421516276,0,0.0,0,0.0,0.0,True,good,当前QC指标正常。,33264.64291428167,False,False,0.0,False,27463.153951274457,False,False,0.0,False
1789749748.823719,2119.624,runtime,9.990134954452515,2505,250.64726466823046,0,0.0,0,0.0,0.0,True,good,当前QC指标正常。,33099.45288947054,False,False,0.0,False,27334.041168017884,False,False,0.0,False
1789749750.8299422,2121.604,runtime,9.961677312850952,2495,250.35944466727935,0,0.0,0,0.0,0.0,True,good,当前QC指标正常。,33008.94302314403,False,False,0.0,False,27286.898786553025,False,False,0.0,False
1789749752.8372939,2123.624,runtime,9.931750535964966,2500,251.6172744120579,0,0.0,0,0.0,0.0,True,good,当前QC指标正常。,32939.872061376984,False,False,0.0,False,27250.147382045478,False,False,0.0,False
1789749754.8538804,2125.644,runtime,9.990367412567139,2500,250.14095045758216,0,0.0,0,0.0,0.0,True,good,当前QC指标正常。,32901.85000509811,False,False,0.0,False,27235.850683009452,False,False,0.0,False
1789749756.8566058,2127.644,runtime,9.9635169506073,2510,251.8187114487792,0,0.0,0,0.0,0.0,True,good,当前QC指标正常。,32830.864852244435,False,False,0.0,False,27180.820079440502,False,False,0.0,False
1789749758.8739753,2129.664,runtime,9.990310430526733,2510,251.14334709093865,0,0.0,0,0.0,0.0,True,good,当前QC指标正常。,32893.55291431642,False,False,0.0,False,27244.271694202744,False,False,0.0,False
1789749760.8819482,2131.644,runtime,9.960131406784058,2495,250.3983028076601,0,0.0,0,0.0,0.0,True,good,当前QC指标正常。,32870.33796294969,False,False,0.0,False,27226.61544294094,False,False,0.0,False
1789749762.8867455,2133.664,runtime,9.960185050964355,2495,250.39695419700342,0,0.0,0,0.0,0.0,True,good,当前QC指标正常。,32866.999749182076,False,False,0.0,False,27232.287400353074,False,False,0.0,False
1789749764.8905942,2135.684,runtime,9.961786270141602,2500,250.85862437043411,0,0.0,0,0.0,0.0,True,good,当前QC指标正常。,32800.01214541898,False,False,0.0,False,27181.289798912672,False,False,0.0,False
1789749766.905682,2137.684,runtime,9.963587522506714,2495,250.3114459893399,0,0.0,0,0.0,0.0,True,good,当前QC指标正常。,32756.652684256915,False,False,0.0,False,27152.150992605293,False,False,0.0,False
1789749768.9133549,2139.704,runtime,9.963608264923096,2500,250.8127511192642,0,0.0,0,0.0,0.0,True,good,当前QC指标正常。,32760.786848153377,False,False,0.0,False,27160.349561508534,False,False,0.0,False
1789749770.9264588,2141.704,runtime,9.960198879241943,2495,250.39660655750026,0,0.0,0,0.0,0.0,True,good,当前QC指标正常。,32746.930289596075,False,False,0.0,False,27156.639601261348,False,False,0.0,False
1789749772.9317374,2143.724,runtime,9.96180510520935,2500,250.85815006491063,0,0.0,0,0.0,0.0,True,good,当前QC指标正常。,32695.55538251708,False,False,0.0,False,27122.046973039138,False,False,0.0,False
1789749774.9376585,2145.724,runtime,9.960036993026733,2495,250.4006763976992,0,0.0,0,0.0,0.0,True,good,当前QC指标正常。,32672.611071639352,False,False,0.0,False,27108.98719130436,False,False,0.0,False
1789749776.9519167,2147.744,runtime,9.961764335632324,2500,250.85917672849422,0,0.0,0,0.0,0.0,True,good,当前QC指标正常。,32636.52439617862,False,False,0.0,False,27070.981538464115,False,False,0.0,False
1789749778.963313,2149.744,runtime,9.960300922393799,2495,250.39404124756172,0,0.0,0,0.0,0.0,True,good,当前QC指标正常。,31692.77417829359,False,False,0.0,False,26254.72970080431,False,False,0.0,False
1789749780.9825215,2151.764,runtime,9.935353755950928,2500,251.52602125547736,0,0.0,0,0.0,0.0,True,good,当前QC指标正常。,30839.425924445368,False,False,0.0,False,25541.187214333902,False,False,0.0,False
1789749782.9940708,2153.784,runtime,9.960078239440918,2500,250.90164353370326,0,0.0,0,0.0,0.0,True,good,当前QC指标正常。,30535.687240984793,False,False,0.0,False,25291.11887030427,False,False,0.0,False
1789749785.003927,2155.804,runtime,9.989957094192505,2505,250.65172716864407,0,0.0,0,0.0,0.0,True,good,当前QC指标正常。,30612.31974390382,False,False,0.0,False,25380.9860829022,False,False,0.0,False
1789749787.0140836,2157.804,runtime,9.990138292312622,2500,250.1466873509621,0,0.0,0,0.0,0.0,True,good,当前QC指标正常。,30832.98043019639,False,False,0.0,False,25605.834738986687,False,False,0.0,False
1789749789.0218227,2159.804,runtime,9.961827754974365,2500,250.85757969988416,0,0.0,0,0.0,0.0,True,good,当前QC指标正常。,31916.51611729175,False,False,0.0,False,26594.910883345034,False,False,0.0,False
1789749791.0341814,2161.804,runtime,9.990123510360718,2505,250.64755179484132,0,0.0,0,0.0,0.0,True,good,当前QC指标正常。,32845.61144345172,False,False,0.0,False,27404.926336206372,False,False,0.0,False
1789749793.0442538,2163.804,runtime,9.990219593048096,2495,249.64416214989933,0,0.0,0,0.0,0.0,True,good,当前QC指标正常。,33291.04325918027,False,False,0.0,False,27798.622710125732,False,False,0.0,False
1789749795.0534828,2165.824,runtime,9.96028470993042,2495,250.39444881665662,0,0.0,0,0.0,0.0,True,good,当前QC指标正常。,33371.05463357495,False,False,0.0,False,27866.4542430316,False,False,0.0,False
1789749797.0591784,2167.844,runtime,9.963563919067383,2500,250.8138674372968,0,0.0,0,0.0,0.0,True,good,当前QC指标正常。,33358.86746167573,False,False,0.0,False,27851.561866678574,False,False,0.0,False
1789749799.0673811,2169.844,runtime,9.960386276245117,2495,250.3918955380305,0,0.0,0,0.0,0.0,True,good,当前QC指标正常。,33389.54744002985,False,False,0.0,False,27877.772290772762,False,False,0.0,False
1789749801.0789158,2171.864,runtime,9.961880445480347,2500,250.85625286075214,0,0.0,0,0.0,0.0,True,good,当前QC指标正常。,33399.483552652804,False,False,0.0,False,27895.769565375576,False,False,0.0,False
1789749803.0950847,2173.864,runtime,9.96022081375122,2505,251.40004893696155,0,0.0,0,0.0,0.0,True,good,当前QC指标正常。,33366.29990198645,False,False,0.0,False,27877.62081297877,False,False,0.0,False
1789749805.1039162,2175.884,runtime,9.961673974990845,2505,251.36337590312488,0,0.0,0,0.0,0.0,True,good,当前QC指标正常。,33372.91631648414,False,False,0.0,False,27888.784797224598,False,False,0.0,False
1789749807.1143875,2177.904,runtime,9.990304470062256,2500,250.14252643537571,0,0.0,0,0.0,0.0,True,good,当前QC指标正常。,33359.45288161965,False,False,0.0,False,27886.611652588785,False,False,0.0,False
1789749809.123313,2179.904,runtime,9.96187949180603,2500,250.85627687581533,0,0.0,0,0.0,0.0,True,good,当前QC指标正常。,33326.03214105089,False,False,0.0,False,27864.04657388106,False,False,0.0,False
1789749811.1389549,2181.904,runtime,9.960127353668213,2495,250.39840470327775,0,0.0,0,0.0,0.0,True,good,当前QC指标正常。,33300.71940978383,False,False,0.0,False,27848.428277971132,False,False,0.0,False
1789749813.1444216,2183.884,runtime,9.990235090255737,2490,249.14328617028417,0,0.0,0,0.0,0.0,True,good,当前QC指标正常。,33291.60500258996,False,False,0.0,False,27855.251305047157,False,False,0.0,False
1789749815.1476529,2185.924,runtime,9.963627815246582,2495,250.31043373414866,0,0.0,0,0.0,0.0,True,good,当前QC指标正常。,33255.63788090987,False,False,0.0,False,27831.93213278272,False,False,0.0,False
1789749817.1533961,2187.944,runtime,9.96198582649231,2500,250.85359922459523,0,0.0,0,0.0,0.0,True,good,当前QC指标正常。,32848.851638779786,False,False,0.0,False,27372.726404400884,False,False,0.0,False
1789749819.1690881,2189.944,runtime,9.96031141281128,2495,250.3937775270897,0,0.0,0,0.0,0.0,True,good,当前QC指标正常。,31941.646142075617,False,False,0.0,False,26588.305912415643,False,False,0.0,False
1789749821.1836555,2191.944,runtime,9.960281372070312,2495,250.39453272810556,0,0.0,0,0.0,0.0,True,good,当前QC指标正常。,31235.009759474433,False,False,0.0,False,25933.107385166375,False,False,0.0,False
1789749823.1945472,2193.964,runtime,9.960039615631104,2505,251.40462253486103,0,0.0,0,0.0,0.0,True,good,当前QC指标正常。,30523.957032081576,False,False,0.0,False,25229.380793620905,False,False,0.0,False
1789749825.204597,2196.004,runtime,9.99014663696289,2505,250.64697156049377,0,0.0,0,0.0,0.0,True,good,当前QC指标正常。,29822.672301774794,False,False,0.0,False,24531.26164616975,False,False,0.0,False
1789749827.2144527,2198.004,runtime,9.960103273391724,2500,250.90101291178811,0,0.0,0,0.0,0.0,True,good,当前QC指标正常。,29592.668335351646,False,False,0.0,False,24420.121960041193,False,False,0.0,False
1789749829.22325,2200.0,runtime,9.931752920150757,2499,251.51652684912767,0,0.0,0,0.0,0.0,True,good,当前QC指标正常。,29849.94240450603,False,False,0.0,False,24674.983284922117,False,False,0.0,False
1789749831.2323625,2202.0,runtime,9.960363388061523,2494,250.29207297678576,0,0.0,0,0.0,0.0,True,good,当前QC指标正常。,29893.263090806922,False,False,0.0,False,24723.630542830102,False,False,0.0,False
1789749833.236183,2204.02,runtime,9.96194052696228,2499,250.75435787225297,0,0.0,0,0.0,0.0,True,good,当前QC指标正常。,29947.370490029058,False,False,0.0,False,24778.744216638363,False,False,0.0,False
1789749835.24165,2206.02,runtime,9.960216760635376,2494,250.29575760366967,0,0.0,0,0.0,0.0,True,good,当前QC指标正常。,29971.037474922636,False,False,0.0,False,24801.42644388093,False,False,0.0,False
1789749837.2592182,2208.0,runtime,9.935473442077637,2489,250.41584726733734,0,0.0,0,0.0,0.0,True,good,当前QC指标正常。,29964.671896654483,False,False,0.0,False,24802.981175100263,False,False,0.0,False
1789749839.2717605,2210.02,runtime,9.931940078735352,2490,250.605619875722,0,0.0,0,0.0,0.0,True,good,当前QC指标正常。,29949.484922736447,False,False,0.0,False,24798.866177424177,False,False,0.0,False
1789749841.2845466,2212.08,runtime,9.990102529525757,2505,250.6480781953364,0,0.0,0,0.0,0.0,True,good,当前QC指标正常。,29955.38376591222,False,False,0.0,False,24811.08208406271,False,False,0.0,False
1789749843.2947328,2214.08,runtime,9.990232467651367,2500,250.14432928280968,0,0.0,0,0.0,0.0,True,good,当前QC指标正常。,29939.78968931051,False,False,0.0,False,24810.1252542324,False,False,0.0,False
1789749845.304756,2216.1,runtime,9.990243673324585,2505,250.6445369982363,0,0.0,0,0.0,0.0,True,good,当前QC指标正常。,29946.395220964918,False,False,0.0,False,24822.73757063623,False,False,0.0,False
1789749847.314743,2218.1,runtime,9.99025845527649,2500,250.1436785832222,0,0.0,0,0.0,0.0,True,good,当前QC指标正常。,29978.814499082033,False,False,0.0,False,24861.50803946245,False,False,0.0,False
1789749849.3236175,2220.1,runtime,9.96179461479187,2505,251.36033183036224,0,0.0,0,0.0,0.0,True,good,当前QC指标正常。,30191.675695624308,False,False,0.0,False,25088.47786212096,False,False,0.0,False
1789749851.334022,2222.1,runtime,9.960179090499878,2505,251.4011020533096,0,0.0,0,0.0,0.0,True,good,当前QC指标正常。,30414.844685408232,False,False,0.0,False,25323.340206845314,False,False,0.0,False
1789749853.339112,2224.12,runtime,9.963692665100098,2500,250.8106265414294,0,0.0,0,0.0,0.0,True,good,当前QC指标正常。,30596.15565225004,False,False,0.0,False,25513.168227231286,False,False,0.0,False
1789749855.348052,2226.12,runtime,9.96045184135437,2495,250.39024732244263,0,0.0,0,0.0,0.0,True,good,当前QC指标正常。,30111.936518159644,False,False,0.0,False,25122.97763314111,False,False,0.004,False
1789749857.354815,2228.1,runtime,9.969098329544067,2490,249.6715267241058,0,0.0,0,0.0,0.0,True,good,当前QC指标正常。,29392.714240910616,False,False,0.0,False,24546.561519401937,False,False,0.004,False
1789749859.360756,2230.08,runtime,9.908985137939453,2480,250.17698235396702,0,0.0,0,0.0,0.0,True,good,当前QC指标正常。,28432.120261595104,False,False,0.0,False,23716.242937371666,False,False,0.004,False
1789749861.372704,2232.14,runtime,9.962473392486572,2495,250.33943898720042,0,0.0,0,0.0,0.0,True,good,当前QC指标正常。,27431.871527582018,False,False,0.0,False,22866.7845548917,False,False,0.004,False
1789749863.384604,2234.12,runtime,9.93898057937622,2495,250.93116744539665,0,0.0,0,0.0,0.0,True,good,当前QC指标正常。,26461.801647313732,False,False,0.0,False,22055.910842442627,False,False,0.004,False
1789749865.3968408,2236.18,runtime,9.961679935455322,2500,250.86130212893426,0,0.0,0,0.0,0.0,True,good,当前QC指标正常。,26225.208678646995,False,False,0.0,False,21878.86648389505,False,False,0.0,False
1789749867.4139378,2238.18,runtime,9.958227157592773,2495,250.44618490133746,0,0.0,0,0.0,0.0,True,good,当前QC指标正常。,26212.334270686726,False,False,0.0,False,21885.9291383153,False,False,0.0,False
1789749869.424838,2240.22,runtime,9.958218574523926,2505,251.4505964355888,0,0.0,0,0.0,0.0,True,good,当前QC指标正常。,26208.35675622382,False,False,0.0,False,21884.070733297714,False,False,0.0,False
1789749871.4340267,2242.18,runtime,9.935446977615356,2510,252.5301584974282,0,0.0,0,0.0,0.0,True,good,当前QC指标正常。,26174.807977724522,False,False,0.0,False,21851.137162425133,False,False,0.0,False
1789749873.443144,2244.22,runtime,9.931720733642578,2510,252.62490431301063,0,0.0,0,0.0,0.0,True,good,当前QC指标正常。,26094.59804136046,False,False,0.0,False,21773.159481275485,False,False,0.0,False
1789749875.4579253,2246.22,runtime,9.932004690170288,2495,251.1074126322467,0,0.0,0,0.0,0.0,True,good,当前QC指标正常。,26028.72077398247,False,False,0.0,False,21689.995035197153,False,False,0.0,False
1789749877.4621122,2248.24,runtime,9.963792324066162,2510,251.81175183066165,0,0.0,0,0.0,0.0,True,good,当前QC指标正常。,25956.655406333357,False,False,0.0,False,21620.655021131282,False,False,0.0,False
1789749879.473747,2250.24,runtime,9.960132598876953,2495,250.39827283837656,0,0.0,0,0.0,0.0,True,good,当前QC指标正常。,25937.303303679397,False,False,0.0,False,21581.71452108027,False,False,0.0,False
1789749881.4868734,2252.26,runtime,9.930121660232544,2500,251.65854815332426,0,0.0,0,0.0,0.0,True,good,当前QC指标正常。,25901.75688888914,False,False,0.0,False,21541.347505787504,False,False,0.0,False
1789749883.4952352,2254.22,runtime,9.960267305374146,2495,250.39488635554403,0,0.0,0,0.0,0.0,True,good,当前QC指标正常。,25909.549321267456,False,False,0.0,False,21551.70087451798,False,False,0.0,False
1789749885.501852,2256.24,runtime,9.930067539215088,2505,252.16344099487628,0,0.0,0,0.0,0.0,True,good,当前QC指标正常。,25913.35132072787,False,False,0.0,False,21574.62929785404,False,False,0.0,False
1789749887.5153217,2258.28,runtime,9.931941509246826,2495,251.10901002367348,0,0.0,0,0.0,0.0,True,good,当前QC指标正常。,26511.103651759993,False,False,0.0,False,22029.077154471488,False,False,0.0,False
1789749889.5186548,2260.26,runtime,9.932032585144043,2490,250.6032857486746,0,0.0,0,0.0,0.0,True,good,当前QC指标正常。,27215.839683512924,False,False,0.0,False,22515.07437738649,False,False,0.0,False
1789749891.5305593,2262.3,runtime,9.960276126861572,2495,250.39466458906753,0,0.0,0,0.0,0.0,True,good,当前QC指标正常。,27611.171886908272,False,False,0.0,False,22862.767908163347,False,False,0.0,False
1789749893.5382414,2264.32,runtime,9.963814735412598,2495,250.30573793549408,0,0.0,0,0.0,0.0,True,good,当前QC指标正常。,28683.769549691762,False,False,0.0,False,23993.01793442113,False,False,0.0,False
1789749895.5477965,2266.3,runtime,9.929898977279663,2500,251.6641917221812,0,0.0,0,0.0,0.0,True,good,当前QC指标正常。,29626.27306806952,False,False,0.0,False,25033.261174084302,False,False,0.0,False
1789749897.5551786,2268.3,runtime,9.930188655853271,2505,252.16036540494494,0,0.0,0,0.0,0.0,True,good,当前QC指标正常。,30159.304739718777,False,False,0.0,False,25655.358938998445,False,False,0.0,False
1789749899.5706732,2270.34,runtime,9.960251331329346,2505,251.39927866316236,0,0.0,0,0.0,0.0,True,good,当前QC指标正常。,30704.081110464424,False,False,0.0,False,26229.57854622714,False,False,0.0,False
1789749901.5816462,2272.36,runtime,9.965382099151611,2500,250.76810654483072,0,0.0,0,0.0,0.0,True,good,当前QC指标正常。,31467.782928027445,False,False,0.0,False,26991.499433755063,False,False,0.0,False
1789749903.5899024,2274.36,runtime,9.960124015808105,2505,251.40249218039884,0,0.0,0,0.0,0.0,True,good,当前QC指标正常。,31291.36303168112,False,False,0.0,False,26829.31986442759,False,False,0.0,False
1789749905.6078286,2276.38,runtime,9.963876247406006,2500,250.8060054088477,0,0.0,0,0.0,0.0,True,good,当前QC指标正常。,33741.431669254336,False,False,0.0,False,29072.06005263527,False,False,0.0,False
1789749907.6233208,2278.38,runtime,9.96369194984436,2505,251.31246656407458,0,0.0,0,0.0,0.0,True,good,当前QC指标正常。,37918.337397633,False,False,0.0,False,32885.28186533171,False,False,0.0,False
1789749909.6400478,2280.4,runtime,9.932082414627075,2490,250.6020284662988,0,0.0,0,0.0,0.0,True,good,当前QC指标正常。,41822.18032168185,False,False,0.0,False,36467.744416532434,False,False,0.0,False
1789749911.6496813,2282.44,runtime,9.961849212646484,2500,250.85703935646208,0,0.0,0,0.0,0.0,True,good,当前QC指标正常。,45591.995253257344,False,False,0.0,False,39918.74335809541,False,False,0.0,False
1789749913.6638167,2284.42,runtime,9.932124614715576,2490,250.6009636963538,0,0.0,0,0.0,0.0,True,good,当前QC指标正常。,48647.174914254705,False,False,0.0,False,42735.27218900462,False,False,0.0,False
1789749915.6797588,2286.46,runtime,9.96201229095459,2500,250.852932822525,0,0.0,0,0.0,0.0,True,good,当前QC指标正常。,49804.49779897731,False,False,0.0,False,43828.94851080993,False,False,0.0,False
1789749917.6824899,2288.46,runtime,9.960451602935791,2505,251.3942238584804,0,0.0,0,0.0,0.0,True,good,当前QC指标正常。,55245.508102490836,False,False,0.0,False,48655.488185385926,False,False,0.0,False
1789749919.6898584,2290.48,runtime,9.96561074256897,2505,251.26407850789786,0,0.0,0,0.0,0.0,True,good,当前QC指标正常。,57236.28798164734,False,False,0.0,False,50392.178588216084,False,False,0.0,False
1789749921.694611,2292.48,runtime,9.900084495544434,2505,252.92713422061536,0,0.0,0,0.0,0.0,True,good,当前QC指标正常。,57144.97423587658,False,False,0.0,False,50278.38568763694,False,False,0.0,False
1789749923.6972036,2294.48,runtime,9.99202561378479,2500,250.09943895184094,0,0.0,0,0.0,0.0,True,good,当前QC指标正常。,57998.748757398804,False,False,0.0,False,51087.27471598766,False,False,0.0,False
1789749925.7054465,2296.5,runtime,9.990048170089722,2510,251.1499401486336,0,0.0,0,0.0,0.0,True,good,当前QC指标正常。,58543.441193730396,False,False,0.0,False,51631.554607198115,False,False,0.0,False
1789749927.7154627,2298.5,runtime,9.990143775939941,2500,250.14655004450893,0,0.0,0,0.0,0.0,True,good,当前QC指标正常。,53954.21376868266,False,False,0.0,False,47646.25638405687,False,False,0.0,False
1789749929.727379,2300.5,runtime,9.99008822441101,2500,250.1479410255493,0,0.0,0,0.0,0.0,True,good,当前QC指标正常。,52591.89082565416,False,False,0.0,False,46528.88770169081,False,False,0.0,False
1789749931.7320418,2302.48,runtime,9.934117555618286,2490,250.5506891844998,0,0.0,0,0.0,0.0,True,good,当前QC指标正常。,53063.92126208211,False,False,0.0,False,47027.19813020076,False,False,0.0,False
1789749933.7443624,2304.52,runtime,9.96551251411438,2500,250.76482483571317,0,0.0,0,0.0,0.0,True,good,当前QC指标正常。,53208.978870378785,False,False,0.0,False,47178.289574582064,False,False,0.0,False
1789749935.7532005,2306.52,runtime,9.962084531784058,2495,250.3492107543242,0,0.0,0,0.0,0.0,True,good,当前QC指标正常。,53408.90479579583,False,False,0.0,False,47372.10462714881,False,False,0.0,False
1789749937.7658572,2308.56,runtime,9.99034595489502,2505,250.64197088921657,0,0.0,0,0.0,0.0,True,good,当前QC指标正常。,53557.55471411097,False,False,0.0,False,47518.43399295854,False,False,0.0,False
1789749939.7755973,2310.56,runtime,9.988376140594482,2500,250.19081828963502,0,0.0,0,0.0,0.0,True,good,当前QC指标正常。,53538.438711666466,False,False,0.0,False,47500.56459356619,False,False,0.0,False
1789749941.7876062,2312.58,runtime,9.99204397201538,2510,251.09977568422752,0,0.0,0,0.0,0.0,True,good,当前QC指标正常。,53149.7973773819,False,False,0.0,False,47122.340706092655,False,False,0.0,False
1789749943.7903566,2314.58,runtime,9.965384006500244,2510,251.77153217210932,0,0.0,0,0.0,0.0,True,good,当前QC指标正常。,52694.763395978,False,False,0.0,False,46665.46425450643,False,False,0.0,False
1789749945.8050878,2316.58,runtime,9.963637113571167,2505,251.31384969745415,0,0.0,0,0.0,0.0,True,good,当前QC指标正常。,52232.053356634366,False,False,0.0,False,46206.436490410284,False,False,0.0,False
1789749947.8155718,2318.6,runtime,9.988345623016357,2500,250.19158270229468,0,0.0,0,0.0,0.0,True,good,当前QC指标正常。,51793.45900462452,False,False,0.0,False,45774.02156212172,False,False,0.0,False
1789749949.8188107,2320.6,runtime,9.962068319320679,2500,250.851521982978,0,0.0,0,0.0,0.0,True,good,当前QC指标正常。,51551.792668207796,False,False,0.0,False,45530.52871017391,False,False,0.0,False
1789749951.8240244,2322.6,runtime,9.959862470626831,2505,251.4090939894684,0,0.0,0,0.0,0.0,True,good,当前QC指标正常。,51599.42815602007,False,False,0.0,False,45575.285954887106,False,False,0.0,False
1789749953.8353367,2324.62,runtime,9.963485956192017,2505,251.31766241350869,0,0.0,0,0.0,0.0,True,good,当前QC指标正常。,51665.5444610641,False,False,0.0,False,45633.52578626846,False,False,0.0,False
1789749955.8508372,2326.64,runtime,9.965597152709961,2505,251.26442115102788,0,0.0,0,0.0,0.0,True,good,当前QC指标正常。,51855.129295832405,False,False,0.0,False,45802.17113769021,False,False,0.0,False
1789749957.861488,2328.64,runtime,9.963684797286987,2500,250.81082459377407,0,0.0,0,0.0,0.0,True,good,当前QC指标正常。,52137.95203748609,False,False,0.0,False,46046.30818789211,False,False,0.0,False
1789749959.8778524,2330.66,runtime,9.992213010787964,2500,250.0947485108641,0,0.0,0,0.0,0.0,True,good,当前QC指标正常。,52481.82283764987,False,False,0.0,False,46355.40512017191,False,False,0.0,False
1789749961.885869,2332.68,runtime,9.988267660140991,2505,250.69412286501085,0,0.0,0,0.0,0.0,True,good,当前QC指标正常。,53006.0599417128,False,False,0.0,False,46839.44539022954,False,False,0.0,False
1789749963.89623,2334.68,runtime,9.9905104637146,2500,250.13736876372178,0,0.0,0,0.0,0.0,True,good,当前QC指标正常。,53491.51805475167,False,False,0.0,False,47312.02313962129,False,False,0.0,False
1789749965.9023013,2336.68,runtime,9.901775598526001,2500,252.37897739997322,0,0.0,0,0.0,0.0,True,good,当前QC指标正常。,53870.15262575062,False,False,0.0,False,47675.98350004324,False,False,0.0,False
1789749967.9149492,2338.68,runtime,9.92815899848938,2495,251.20467957649296,0,0.0,0,0.0,0.0,True,good,当前QC指标正常。,54134.09122775187,False,False,0.0,False,47937.54281990083,False,False,0.0,False
1789749969.926276,2340.7,runtime,9.961874961853027,2500,250.85639094742825,0,0.0,0,0.0,0.0,True,good,当前QC指标正常。,54312.43955451953,False,False,0.0,False,48120.580830297324,False,False,0.0,False
1789749971.9330368,2342.7,runtime,9.961735963821411,2495,250.35797064463443,0,0.0,0,0.0,0.0,True,good,当前QC指标正常。,54323.12100026982,False,False,0.0,False,48139.48317945627,False,False,0.0,False
1789749973.9459054,2344.74,runtime,9.990163087844849,2505,250.64655881810847,0,0.0,0,0.0,0.0,True,good,当前QC指标正常。,54301.01289202285,False,False,0.0,False,48122.500858627915,False,False,0.0,False
1789749975.9583437,2346.7,runtime,9.937553405761719,2490,250.46406276990638,0,0.0,0,0.0,0.0,True,good,当前QC指标正常。,54303.45073812855,False,False,0.0,False,48123.992107243466,False,False,0.0,False
1789749977.96751,2348.7,runtime,9.930320739746094,2490,250.6464861741858,0,0.0,0,0.0,0.0,True,good,当前QC指标正常。,54305.167514655324,False,False,0.0,False,48130.22721828291,False,False,0.0,False
1789749979.9759762,2350.76,runtime,9.990068912506104,2500,250.14842458910547,0,0.0,0,0.0,0.0,True,good,当前QC指标正常。,54317.53902398831,False,False,0.0,False,48141.50262887295,False,False,0.0,False
1789749981.9861186,2352.78,runtime,9.990092039108276,2520,252.1498290645226,0,0.0,0,0.0,0.0,True,good,当前QC指标正常。,54306.58987720027,False,False,0.0,False,48132.30300027583,False,False,0.0,False
1789749983.9962554,2354.78,runtime,9.990456342697144,2500,250.13872382583676,0,0.0,0,0.0,0.0,True,good,当前QC指标正常。,54315.94939407366,False,False,0.0,False,48143.49938779008,False,False,0.0,False
1789749986.0062807,2356.78,runtime,9.96060299873352,2500,250.88842516037886,0,0.0,0,0.0,0.0,True,good,当前QC指标正常。,54333.95744347601,False,False,0.0,False,48165.870802935744,False,False,0.0,False
1789749988.0121856,2358.8,runtime,9.965384006500244,2510,251.77153217210932,0,0.0,0,0.0,0.0,True,good,当前QC指标正常。,54354.574262341506,False,False,0.0,False,48190.602607576664,False,False,0.0,False
1789749990.0220194,2360.8,runtime,9.963714838027954,2505,251.31188926073264,0,0.0,0,0.0,0.0,True,good,当前QC指标正常。,53059.01306904439,False,False,0.0,False,46842.010087663126,False,False,0.0,False
1789749992.0361266,2362.84,runtime,9.988313674926758,2515,251.69413795151308,0,0.0,0,0.0,0.0,True,good,当前QC指标正常。,52148.903092156615,False,False,0.0,False,45239.044394230266,False,False,0.0,False
1789749994.0462806,2364.84,runtime,9.990170001983643,2505,250.6463853470769,0,0.0,0,0.0,0.0,True,good,当前QC指标正常。,51567.2919142569,False,False,0.0,False,43104.20144146934,False,False,0.0,False
1789749996.056285,2366.84,runtime,9.990156173706055,2500,250.14623961308348,0,0.0,0,0.0,0.0,True,good,当前QC指标正常。,48534.79212471746,False,False,0.0,False,39984.79564114347,False,False,0.0,False
1789749998.0632224,2368.84,runtime,9.963667869567871,2500,250.81125070745486,0,0.0,0,0.0,0.0,True,good,当前QC指标正常。,44785.49298670423,False,False,0.0,False,40955.16389576097,False,False,0.0,False
1789750000.0715978,2370.856,runtime,9.96530294418335,2499,250.66975023153293,0,0.0,0,0.0,0.0,True,good,当前QC指标正常。,44364.63842060935,False,False,0.0,False,42762.02943041705,False,False,0.0,False
1789750002.083644,2372.856,runtime,9.9601469039917,2499,250.79951370987146,0,0.0,0,0.0,0.0,True,good,当前QC指标正常。,44864.999562708195,False,False,0.0,False,42306.179868925465,False,False,0.0,False
1789750004.0962343,2374.896,runtime,9.929974555969238,2504,252.06509703444942,0,0.0,0,0.0,0.0,True,good,当前QC指标正常。,45460.101400963904,False,False,0.0,False,41637.58360016808,False,False,0.0,False
1789750006.1000097,2376.876,runtime,9.96739149093628,2499,250.61722540661964,0,0.0,0,0.0,0.0,True,good,当前QC指标正常。,47579.0499587019,False,False,0.0,False,40143.038893800694,False,False,0.0,False
1789750008.1032593,2378.876,runtime,9.930310010910034,2494,251.04956413858588,0,0.0,0,0.0,0.0,True,good,当前QC指标正常。,49458.84362668791,False,False,0.0,False,39957.1680777975,False,False,0.0,False
1789750010.1072264,2380.896,runtime,9.99022889137268,2505,250.64490786216055,0,0.0,0,0.0,0.0,True,good,当前QC指标正常。,48981.19107591008,False,False,0.0,False,38883.47019841791,False,False,0.0,False
1789750012.1226468,2382.916,runtime,9.933912992477417,2500,251.56250129152528,0,0.0,0,0.0,0.0,True,good,当前QC指标正常。,48314.621887344474,False,False,0.0,False,38092.38266304291,False,False,0.0,False
1789750014.1380253,2384.916,runtime,9.933875799179077,2500,251.56344316349458,0,0.0,0,0.0,0.0,True,good,当前QC指标正常。,47635.30034332603,False,False,0.0,False,37280.13559368511,False,False,0.0,False
1789750016.1459863,2386.916,runtime,9.959883451461792,2495,250.4045365745681,0,0.0,0,0.0,0.0,True,good,当前QC指标正常。,46942.548482300874,False,False,0.0,False,36651.68772890358,False,False,0.0,False
1789750018.161892,2388.936,runtime,9.961633443832397,2500,250.86247291574657,0,0.0,0,0.0,0.0,True,good,当前QC指标正常。,49557.97529613004,False,False,0.0,False,36528.72471560017,False,False,0.0,False
1789750020.1670718,2390.956,runtime,9.932140350341797,2500,251.60739899471935,0,0.0,0,0.0,0.0,True,good,当前QC指标正常。,49189.26643339626,False,False,0.0,False,36375.13477694763,False,False,0.0,False
1789750022.1729264,2392.936,runtime,9.93541145324707,2490,250.5180597414061,0,0.0,0,0.0,0.0,True,good,当前QC指标正常。,48779.24440928181,False,False,0.0,False,36371.69582589878,False,False,0.0,False
1789750024.1866872,2394.936,runtime,9.931662559509277,2490,250.6126225177531,0,0.0,0,0.0,0.0,True,good,当前QC指标正常。,48206.04812841388,False,False,0.0,False,36318.91821448057,False,False,0.0,False
1789750026.1960335,2396.976,runtime,9.960027933120728,2500,250.90291079304237,0,0.0,0,0.0,0.0,True,good,当前QC指标正常。,47912.69851019018,False,False,0.0,False,36387.33055489308,False,False,0.0,False
1789750028.1993797,2398.996,runtime,9.99204969406128,2505,250.5992340578769,0,0.0,0,0.0,0.0,True,good,当前QC指标正常。,44841.826862454414,False,False,0.0,False,36007.60638820123,False,False,0.0,False
1789750030.2048616,2400.996,runtime,9.990191221237183,2505,250.64585297196197,0,0.0,0,0.0,0.0,True,good,当前QC指标正常。,44536.24409304194,False,False,0.0,False,35975.3816509275,False,False,0.0,False
1789750032.2108278,2402.996,runtime,9.990187883377075,2500,250.14544562852006,0,0.0,0,0.0,0.0,True,good,当前QC指标正常。,44307.99357336647,False,False,0.0,False,35913.78677285689,False,False,0.0,False
1789750034.2168067,2404.976,runtime,9.960175275802612,2495,250.39719994275183,0,0.0,0,0.0,0.0,True,good,当前QC指标正常。,44160.71186599536,False,False,0.0,False,35833.60731635561,False,False,0.0,False
1789750036.2267973,2407.016,runtime,9.960087776184082,2510,251.9054105124815,0,0.0,0,0.0,0.0,True,good,当前QC指标正常。,43980.811683575535,False,False,0.0,False,35653.46832670751,False,False,0.0,False
1789750038.2367926,2409.036,runtime,9.99022388458252,2505,250.64503347760953,0,0.0,0,0.0,0.0,True,good,当前QC指标正常。,43779.402349589145,False,False,0.0,False,35513.52352291855,False,False,0.0,False
1789750040.2442179,2410.996,runtime,9.931720972061157,2495,251.1145859832199,0,0.0,0,0.0,0.0,True,good,当前QC指标正常。,43727.93625172755,False,False,0.0,False,35510.70650742508,False,False,0.0,False
1789750042.2566915,2413.056,runtime,9.990064859390259,2505,250.64902332904683,0,0.0,0,0.0,0.0,True,good,当前QC指标正常。,43534.276947554274,False,False,0.0,False,35409.21129331916,False,False,0.0,False
1789750044.2642734,2415.016,runtime,9.933762788772583,2490,250.55963716117094,0,0.0,0,0.0,0.0,True,good,当前QC指标正常。,43445.18529635087,False,False,0.0,False,35438.14451012982,False,False,0.0,False
1789750046.269577,2417.016,runtime,9.930198192596436,2490,250.6495793664723,0,0.0,0,0.0,0.0,True,good,当前QC指标正常。,43324.64447047669,False,False,0.0,False,35468.33019498382,False,False,0.0,False
1789750048.283904,2419.056,runtime,9.960261344909668,2495,250.39503619798026,0,0.0,0,0.0,0.0,True,good,当前QC指标正常。,43406.94670374176,False,False,0.0,False,35585.692917406,False,False,0.0,False
1789750050.2967908,2421.096,runtime,9.99015736579895,2505,250.6467023805231,0,0.0,0,0.0,0.0,True,good,当前QC指标正常。,43693.06371324207,False,False,0.0,False,35812.26341889211,False,False,0.0,False
1789750052.3070366,2423.096,runtime,9.990289688110352,2500,250.1428965542522,0,0.0,0,0.0,0.0,True,good,当前QC指标正常。,44125.00950866436,False,False,0.0,False,35806.265374301685,False,False,0.0,False
1789750054.3168387,2425.116,runtime,9.990029335021973,2510,251.15041366337306,0,0.0,0,0.0,0.0,True,good,当前QC指标正常。,43837.248540554094,False,False,0.0,False,35588.122316931156,False,False,0.0,False
1789750056.3269458,2427.116,runtime,9.990107536315918,2510,251.1484476898085,0,0.0,0,0.0,0.0,True,good,当前QC指标正常。,43788.80010936452,False,False,0.0,False,35613.9695168124,False,False,0.0,False
1789750058.3356128,2429.076,runtime,9.93017840385437,2495,251.15359448446173,0,0.0,0,0.0,0.0,True,good,当前QC指标正常。,43730.20490469288,False,False,0.0,False,35643.60586129233,False,False,0.0,False
1789750060.3470736,2431.116,runtime,9.930142402648926,2495,251.15450502851905,0,0.0,0,0.0,0.0,True,good,当前QC指标正常。,43426.191196934524,False,False,0.0,False,35312.77547021677,False,False,0.0,False
1789750062.3503542,2433.096,runtime,9.930064916610718,2495,251.15646483117254,0,0.0,0,0.0,0.0,True,good,当前QC指标正常。,43061.8479638217,False,False,0.0,False,35228.1175804444,False,False,0.0,False
1789750064.3634598,2435.136,runtime,9.960157871246338,2495,250.39763749125393,0,0.0,0,0.0,0.0,True,good,当前QC指标正常。,43274.59748585353,False,False,0.0,False,35403.22223827627,False,False,0.0,False
1789750066.3680573,2437.156,runtime,9.963504314422607,2500,250.81536788041416,0,0.0,0,0.0,0.0,True,good,当前QC指标正常。,43221.790530800434,False,False,0.0,False,35393.05013017369,False,False,0.0,False
1789750068.3755634,2439.156,runtime,9.96352767944336,2495,250.31294941304708,0,0.0,0,0.0,0.0,True,good,当前QC指标正常。,42890.17177394419,False,False,0.0,False,35235.63849148151,False,False,0.0,False
1789750070.3919973,2441.176,runtime,9.9616858959198,2500,250.86115202885122,0,0.0,0,0.0,0.0,True,good,当前QC指标正常。,42608.29800175732,False,False,0.0,False,35011.36211185094,False,False,0.0,False
1789750072.4064555,2443.176,runtime,9.930058717727661,2495,251.1566216167061,0,0.0,0,0.0,0.0,True,good,当前QC指标正常。,42427.424848340794,False,False,0.0,False,34792.61117741482,False,False,0.0,False
1789750074.4144816,2445.196,runtime,9.96173906326294,2500,250.85981314405757,0,0.0,0,0.0,0.0,True,good,当前QC指标正常。,42321.24046605744,False,False,0.0,False,34647.49351129383,False,False,0.0,False
1789750076.4234436,2447.196,runtime,9.959936141967773,2495,250.40321187312986,0,0.0,0,0.0,0.0,True,good,当前QC指标正常。,42213.586241974706,False,False,0.0,False,34569.99684259141,False,False,0.0,False
1789750078.4295816,2449.216,runtime,9.931686878204346,2500,251.61888716852303,0,0.0,0,0.0,0.0,True,good,当前QC指标正常。,42110.986096579305,False,False,0.0,False,34538.900633883764,False,False,0.0,False
1789750080.4384775,2451.216,runtime,9.930038928985596,2495,251.15712212568081,0,0.0,0,0.0,0.0,True,good,当前QC指标正常。,42068.761864023654,False,False,0.0,False,34602.701766989136,False,False,0.0,False
1789750082.4566305,2453.176,runtime,9.873526334762573,2485,251.58184784035745,0,0.0,0,0.0,0.0,True,good,当前QC指标正常。,42028.74435367722,False,False,0.0,False,34710.85511059707,False,False,0.0,False
1789750084.4639103,2455.236,runtime,9.958183288574219,2495,250.44728819779365,0,0.0,0,0.0,0.0,True,good,当前QC指标正常。,41485.416742652604,False,False,0.0,False,34428.139891125036,False,False,0.0,False
1789750086.4772193,2457.276,runtime,9.960072040557861,2505,251.4038040893278,0,0.0,0,0.0,0.0,True,good,当前QC指标正常。,41444.04399213441,False,False,0.0,False,34474.64380095316,False,False,0.0,False
1789750088.4872398,2459.276,runtime,9.990177869796753,2500,250.14569635994292,0,0.0,0,0.0,0.0,True,good,当前QC指标正常。,42002.0903382937,False,False,0.0,False,34939.54602511956,False,False,0.0,False
1789750090.4916499,2461.236,runtime,9.933618545532227,2490,250.56327546616535,0,0.0,0,0.0,0.0,True,good,当前QC指标正常。,41960.41464944809,False,False,0.0,False,34907.58036258883,False,False,0.0,False
1789750092.5069227,2463.256,runtime,9.931750059127808,2490,250.61041459782572,0,0.0,0,0.0,0.0,True,good,当前QC指标正常。,41876.7814644026,False,False,0.0,False,34828.744808883,False,False,0.0,False
1789750094.5101376,2465.296,runtime,9.961698293685913,2500,250.86083982125388,0,0.0,0,0.0,0.0,True,good,当前QC指标正常。,44517.64328025302,False,False,0.0,False,37163.39695971159,False,False,0.0,False
1789750096.5250623,2467.296,runtime,9.96005129814148,2495,250.40031675995223,0,0.0,0,0.0,0.0,True,good,当前QC指标正常。,46802.00187300435,False,False,0.0,False,39193.176779979396,False,False,0.0,False
1789750098.5373135,2469.336,runtime,9.990026950836182,2505,250.64997445181177,0,0.0,0,0.0,0.0,True,good,当前QC指标正常。,48004.82970839159,False,False,0.0,False,40119.90642133432,False,False,0.0,False
1789750100.543205,2471.316,runtime,9.960184574127197,2495,250.39696618458973,0,0.0,0,0.0,0.0,True,good,当前QC指标正常。,48416.81534578752,False,False,0.0,False,40524.378372348576,False,False,0.0,False
1789750102.5573118,2473.356,runtime,9.989984273910522,2510,251.15154650967895,0,0.0,0,0.0,0.0,True,good,当前QC指标正常。,48607.21923733703,False,False,0.0,False,40765.7358465966,False,False,0.0,False
1789750104.5675418,2475.356,runtime,9.990131855010986,2510,251.14783632625446,0,0.0,0,0.0,0.0,True,good,当前QC指标正常。,46816.51831627649,False,False,0.0,False,39262.6333639915,False,False,0.0,False
1789750106.5776343,2477.376,runtime,9.990228652954102,2505,250.64491384384576,0,0.0,0,0.0,0.0,True,good,当前QC指标正常。,44621.72129846187,False,False,0.0,False,37391.025123686806,False,False,0.0,False
1789750108.5870097,2479.356,runtime,9.930049657821655,2505,252.1638950745489,0,0.0,0,0.0,0.0,True,good,当前QC指标正常。,43268.18656658283,False,False,0.0,False,36344.50807412832,False,False,0.0,False
1789750110.5974252,2481.396,runtime,9.990044116973877,2505,250.6495437538164,0,0.0,0,0.0,0.0,True,good,当前QC指标正常。,42995.52617511442,False,False,0.0,False,36181.481997974144,False,False,0.0,False
1789750112.6074421,2483.396,runtime,9.989996671676636,2500,250.15023349157826,0,0.0,0,0.0,0.0,True,good,当前QC指标正常。,43158.427328451166,False,False,0.0,False,36261.14453195341,False,False,0.0,False
1789750114.6128736,2485.376,runtime,9.931695222854614,2495,251.11523703031665,0,0.0,0,0.0,0.0,True,good,当前QC指标正常。,42986.098524342044,False,False,0.0,False,36054.57353344894,False,False,0.0,False
1789750116.6299527,2487.396,runtime,9.960032939910889,2495,250.40077829524864,0,0.0,0,0.0,0.0,True,good,当前QC指标正常。,42947.87153745805,False,False,0.0,False,35984.06206174981,False,False,0.0,False
1789750118.6360471,2489.416,runtime,9.961735248565674,2500,250.8599092070646,0,0.0,0,0.0,0.0,True,good,当前QC指标正常。,42860.85276456983,False,False,0.0,False,35900.8823717069,False,False,0.0,False
1789750120.6475933,2491.436,runtime,9.990073204040527,2500,250.14831713037586,0,0.0,0,0.0,0.0,True,good,当前QC指标正常。,42850.98532911472,False,False,0.0,False,35900.170394466484,False,False,0.0,False
1789750122.6570573,2493.436,runtime,9.961711406707764,2500,250.8605096025254,0,0.0,0,0.0,0.0,True,good,当前QC指标正常。,43876.435530234405,False,False,0.0,False,36860.44012291248,False,False,0.0,False
1789750124.6676936,2495.456,runtime,9.990095138549805,2500,250.14776789831083,0,0.0,0,0.0,0.0,True,good,当前QC指标正常。,45459.62873237061,False,False,0.0,False,38270.16940461179,False,False,0.0,False
1789750126.670258,2497.456,runtime,9.93174958229065,2500,251.6172985730509,0,0.0,0,0.0,0.0,True,good,当前QC指标正常。,46768.87439759785,False,False,0.0,False,39421.47854680152,False,False,0.0,False
1789750128.6772108,2499.456,runtime,9.935386180877686,2495,251.02194867876608,0,0.0,0,0.0,0.0,True,good,当前QC指标正常。,46986.21467786326,False,False,0.0,False,39577.24082225169,False,False,0.0,False
1789750130.6916413,2501.476,runtime,9.961872100830078,2500,250.85646299271093,0,0.0,0,0.0,0.0,True,good,当前QC指标正常。,46729.537533843926,False,False,0.0,False,39391.7683157937,False,False,0.0,False
1789750132.7069771,2503.476,runtime,9.930021047592163,2495,251.15757439454234,0,0.0,0,0.0,0.0,True,good,当前QC指标正常。,45200.1743227339,False,False,0.0,False,38114.04118633445,False,False,0.0,False
1789750134.716943,2505.496,runtime,9.961851358413696,2500,250.8569853222479,0,0.0,0,0.0,0.0,True,good,当前QC指标正常。,43361.066187490986,False,False,0.0,False,36572.3146334555,False,False,0.0,False
1789750136.72366,2507.476,runtime,9.933704614639282,2490,250.5611044979096,0,0.0,0,0.0,0.0,True,good,当前QC指标正常。,41544.85742105141,False,False,0.0,False,35074.715144005444,False,False,0.0,False
1789750138.735655,2509.456,runtime,9.90170407295227,2500,252.38080047517553,0,0.0,0,0.0,0.0,True,good,当前QC指标正常。,40991.62230352475,False,False,0.0,False,34674.01184252477,False,False,0.0,False
1789750140.7477868,2511.536,runtime,9.929989099502563,2500,251.66190767774214,0,0.0,0,0.0,0.0,True,good,当前QC指标正常。,40870.75482235475,False,False,0.0,False,34589.86653265829,False,False,0.0,False
1789750142.760519,2513.536,runtime,9.961856603622437,2500,250.85685323871124,0,0.0,0,0.0,0.0,True,good,当前QC指标正常。,40688.95615215081,False,False,0.0,False,34429.43181116076,False,False,0.0,False
1789750144.7674694,2515.536,runtime,9.960200309753418,2495,250.39657059484813,0,0.0,0,0.0,0.0,True,good,当前QC指标正常。,40483.80297894808,False,False,0.0,False,34237.00234983898,False,False,0.0,False
1789750146.7778995,2517.576,runtime,9.990160942077637,2505,250.64661265399468,0,0.0,0,0.0,0.0,True,good,当前QC指标正常。,40426.22136372836,False,False,0.0,False,34214.27778873036,False,False,0.0,False
1789750148.7880619,2519.576,runtime,9.990001440048218,2510,251.15111494797642,0,0.0,0,0.0,0.0,True,good,当前QC指标正常。,41902.78437292592,False,False,0.0,False,112257.91180897248,False,False,0.0,False
1789750150.7979736,2521.596,runtime,9.989938735961914,2510,251.152691354159,0,0.0,0,0.0,0.0,True,good,当前QC指标正常。,45741.72290600938,False,False,0.0,False,120500.69063213748,False,False,0.0,False
1789750152.803945,2523.576,runtime,9.960109949111938,2495,250.3988422559903,0,0.0,0,0.0,0.0,True,good,当前QC指标正常。,46719.87251264379,False,False,0.0,False,123726.86319887491,False,False,0.0,False
1789750154.818086,2525.616,runtime,9.99007511138916,2510,251.14926284584396,0,0.0,0,0.0,0.0,True,good,当前QC指标正常。,46783.50843720254,False,False,0.0,False,122196.21793755614,False,False,0.0,False
1789750156.8267353,2527.596,runtime,9.96019196510315,2495,250.3967803771312,0,0.0,0,0.0,0.0,True,good,当前QC指标正常。,46025.61863867021,False,False,0.0,False,118745.49925456739,False,False,0.0,False
1789750158.8338518,2529.616,runtime,9.963719844818115,2500,250.80994236300896,0,0.0,0,0.0,0.0,True,good,当前QC指标正常。,45196.83857941634,False,False,0.0,False,23526.488040735498,False,False,0.0,False
1789750160.8386855,2531.616,runtime,9.963772535324097,2495,250.30679806851657,0,0.0,0,0.0,0.0,True,good,当前QC指标正常。,43551.06354739439,False,False,0.0,False,21697.05440566374,False,False,0.0,False
1789750162.8538406,2533.636,runtime,9.961750745773315,2500,250.8595189515562,0,0.0,0,0.0,0.0,True,good,当前QC指标正常。,42716.976507161984,False,False,0.0,False,19418.870340346635,False,False,0.0,False
1789750164.8680823,2535.656,runtime,9.990273714065552,2500,250.14329652265647,0,0.0,0,0.0,0.0,True,good,当前QC指标正常。,41889.66763510445,False,False,0.0,False,18451.813673333323,False,False,0.0,False
1789750166.8741512,2537.656,runtime,9.93163251876831,2500,251.62026437018412,0,0.0,0,0.0,0.0,True,good,当前QC指标正常。,41653.243326398675,False,False,0.0,False,18932.80569605803,False,False,0.0,False
1789750168.8880892,2539.676,runtime,9.990116834640503,2510,251.14821393280403,0,0.0,0,0.0,0.0,True,good,当前QC指标正常。,41517.63602674522,False,False,0.0,False,19513.423791590067,False,False,0.0,False
1789750170.8950129,2541.672,runtime,9.962079763412476,2499,250.75085316766413,0,0.0,0,0.0,0.0,True,good,当前QC指标正常。,41513.72155993332,False,False,0.0,False,19917.157645649,False,False,0.0,False
1789750172.907039,2543.672,runtime,9.93045449256897,2494,251.04591153058803,0,0.0,0,0.0,0.0,True,good,当前QC指标正常。,41520.64497283822,False,False,0.0,False,20418.41475447338,False,False,0.0,False
1789750174.912598,2545.692,runtime,9.931743144989014,2499,251.51677440030727,0,0.0,0,0.0,0.0,True,good,当前QC指标正常。,41547.58297466654,False,False,0.0,False,20914.592363702744,False,False,0.0,False
1789750176.9182003,2547.692,runtime,9.960396528244019,2494,250.29124020622768,0,0.0,0,0.0,0.0,True,good,当前QC指标正常。,41338.35998128249,False,False,0.004,False,21321.788551461228,False,False,0.0,False
1789750178.9233613,2549.712,runtime,9.960018157958984,2499,250.80275561584844,0,0.0,0,0.0,0.0,True,good,当前QC指标正常。,41019.22230339698,False,False,0.004,False,21566.358002582998,False,False,0.0,False
1789750180.9371235,2551.712,runtime,9.960424661636353,2495,250.39093058008956,0,0.0,0,0.0,0.0,True,good,当前QC指标正常。,40788.19108010138,False,False,0.004,False,21775.184135318254,False,False,0.0,False
1789750182.9455125,2553.692,runtime,9.933520317077637,2490,250.5657531822761,0,0.0,0,0.0,0.0,True,good,当前QC指标正常。,40641.94905264129,False,False,0.004,False,21972.053869162035,False,False,0.0,False
1789750184.9499772,2555.712,runtime,9.931970357894897,2490,250.60485586543263,0,0.0,0,0.0,0.0,True,good,当前QC指标正常。,40468.95512821687,False,False,0.004,False,22113.551759628088,False,False,0.0,False
1789750186.9622507,2557.752,runtime,9.931977987289429,2500,251.61151214774398,0,0.0,0,0.0,0.0,True,good,当前QC指标正常。,40603.8899470531,False,False,0.0,False,22255.5764329485,False,False,0.0,False
1789750188.9724722,2559.732,runtime,9.930055618286133,2490,250.65317815708127,0,0.0,0,0.0,0.0,True,good,当前QC指标正常。,40690.46455021831,False,False,0.0,False,22500.458723708074,False,False,0.0,False
1789750190.976475,2561.772,runtime,9.991901397705078,2505,250.60295336532386,0,0.0,0,0.0,0.0,True,good,当前QC指标正常。,40548.65277311326,False,False,0.0,False,22597.15246402684,False,False,0.0,False
1789750192.9922292,2563.772,runtime,9.960354566574097,2495,250.3926926828089,0,0.0,0,0.0,0.0,True,good,当前QC指标正常。,40236.45527957086,False,False,0.0,False,22669.35923469878,False,False,0.0,False
1789750195.0022302,2565.792,runtime,9.962084293365479,2505,251.35302274721838,0,0.0,0,0.0,0.0,True,good,当前QC指标正常。,40009.45780623085,False,False,0.0,False,22746.770765476595,False,False,0.0,False
1789750197.0152261,2567.792,runtime,9.959993600845337,2505,251.40578401450753,0,0.0,0,0.0,0.0,True,good,当前QC指标正常。,39625.061120926366,False,False,0.0,False,22767.819463657466,False,False,0.0,False
1789750199.018487,2569.812,runtime,9.961889028549194,2500,250.85603672539037,0,0.0,0,0.0,0.0,True,good,当前QC指标正常。,39431.396625566595,False,False,0.0,False,22695.588625646753,False,False,0.0,False
1789750201.035761,2571.812,runtime,9.960288286209106,2495,250.39435891159516,0,0.0,0,0.0,0.0,True,good,当前QC指标正常。,39448.17687898351,False,False,0.0,False,22730.463320429204,False,False,0.0,False
1789750203.0399504,2573.832,runtime,9.958483934402466,2505,251.44389612857736,0,0.0,0,0.0,0.0,True,good,当前QC指标正常。,39435.231590764764,False,False,0.0,False,22709.81603240501,False,False,0.0,False
1789750205.044494,2575.832,runtime,9.963533401489258,2505,251.31646566525535,0,0.0,0,0.0,0.0,True,good,当前QC指标正常。,39421.30875308455,False,False,0.0,False,22754.92591340027,False,False,0.0,False
1789750207.0487819,2577.812,runtime,9.990475416183472,2495,249.63776958601932,0,0.0,0,0.0,0.0,True,good,当前QC指标正常。,39421.01402078037,False,False,0.0,False,22791.637912270377,False,False,0.0,False
1789750209.0585198,2579.852,runtime,9.990092039108276,2505,250.64834139641312,0,0.0,0,0.0,0.0,True,good,当前QC指标正常。,39435.12329827901,False,False,0.0,False,22897.438624479917,False,False,0.0,False
1789750211.0687754,2581.852,runtime,9.990386247634888,2500,250.140478862027,0,0.0,0,0.0,0.0,True,good,当前QC指标正常。,39339.81169447633,False,False,0.0,False,22941.447620623992,False,False,0.0,False
1789750213.0733535,2583.852,runtime,9.961732625961304,2500,250.8599752504246,0,0.0,0,0.0,0.0,True,good,当前QC指标正常。,39279.84072125511,False,False,0.0,False,23040.726134561904,False,False,0.0,False
1789750215.0888395,2585.812,runtime,9.990278482437134,2485,248.6417174823366,0,0.0,0,0.0,0.0,True,good,当前QC指标正常。,39234.36634040222,False,False,0.0,False,23135.057832635397,False,False,0.0,False
1789750217.0942667,2587.872,runtime,9.961655139923096,2505,251.36385117015112,0,0.0,0,0.0,0.0,True,good,当前QC指标正常。,39126.18966294548,False,False,0.0,False,23189.48687139917,False,False,0.0,False
1789750219.1087563,2589.892,runtime,9.990058898925781,2510,251.149670425846,0,0.0,0,0.0,0.0,True,good,当前QC指标正常。,39142.68970178739,False,False,0.0,False,23072.313555511122,False,False,0.0,False
1789750221.1189153,2591.912,runtime,9.930243730545044,2505,252.15896688394398,0,0.0,0,0.0,0.0,True,good,当前QC指标正常。,41576.858806218195,False,False,0.0,False,24571.16523812461,False,False,0.0,False
1789750223.1289935,2593.872,runtime,9.931886196136475,2490,250.6069794646083,0,0.0,0,0.0,0.0,True,good,当前QC指标正常。,41962.513083695485,False,False,0.0,False,24344.679776161003,False,False,0.0,False
1789750225.132647,2595.912,runtime,9.961798906326294,2500,250.85830616526465,0,0.0,0,0.0,0.0,True,good,当前QC指标正常。,42841.77788600524,False,False,0.0,False,24376.918780138087,False,False,0.0,False
1789750227.1465054,2597.932,runtime,9.965528964996338,2500,250.76441087850657,0,0.0,0,0.0,0.0,True,good,当前QC指标正常。,43034.75760903885,False,False,0.0,False,24131.18759869282,False,False,0.0,False
1789750229.160017,2599.932,runtime,9.963565587997437,2500,250.81382542514788,0,0.0,0,0.0,0.0,True,good,当前QC指标正常。,43308.6142572242,False,False,0.0,False,24246.350847061833,False,False,0.0,False
1789750231.1659455,2601.932,runtime,9.958463907241821,2495,250.44023086596283,0,0.0,0,0.0,0.0,True,good,当前QC指标正常。,41991.700078664726,False,False,0.0,False,23162.859924746383,False,False,0.0,False
1789750233.1715314,2603.952,runtime,9.931777477264404,2495,251.11315730836773,0,0.0,0,0.0,0.0,True,good,当前QC指标正常。,42683.59410079461,False,False,0.0,False,23868.549056161362,False,False,0.0,False
1789750235.1767232,2605.952,runtime,9.960384368896484,2495,250.39194348644514,0,0.0,0,0.0,0.0,True,good,当前QC指标正常。,42812.24626622824,False,False,0.0,False,24174.12805927102,False,False,0.0,False
1789750237.1951256,2607.972,runtime,9.959811210632324,2500,250.90837036471743,0,0.0,0,0.0,0.0,True,good,当前QC指标正常。,43627.90075474629,False,False,0.0,False,24826.14406719954,False,False,0.0,False
1789750239.2077847,2609.972,runtime,9.9602370262146,2495,250.39564755697864,0,0.0,0,0.0,0.0,True,good,当前QC指标正常。,44045.927284231446,False,False,0.0,False,25180.776997105768,False,False,0.0,False
1789750241.21681,2611.992,runtime,9.931756019592285,2495,251.11369984120722,0,0.0,0,0.0,0.0,True,good,当前QC指标正常。,43807.976516099494,False,False,0.0,False,25110.064414077573,False,False,0.0,False
1789750243.2228575,2613.992,runtime,9.930193185806274,2495,251.15322062060181,0,0.0,0,0.0,0.0,True,good,当前QC指标正常。,43592.99033436385,False,False,0.0,False,25038.07875551456,False,False,0.0,False
1789750245.228214,2616.012,runtime,9.961765766143799,2500,250.8591407050683,0,0.0,0,0.0,0.0,True,good,当前QC指标正常。,43436.36913213148,False,False,0.0,False,25014.6092981412,False,False,0.0,False
1789750247.2364995,2617.992,runtime,9.93201208114624,2490,250.60380310298092,0,0.0,0,0.0,0.0,True,good,当前QC指标正常。,43274.950101925744,False,False,0.0,False,24986.752515369273,False,False,0.0,False
1789750249.2413125,2620.032,runtime,9.961989164352417,2500,250.85351517368855,0,0.0,0,0.0,0.0,True,good,当前QC指标正常。,43518.365343794794,False,False,0.0,False,25318.728719489136,False,False,0.0,False
1789750251.2539644,2622.012,runtime,9.93722653388977,2490,250.4723014526791,0,0.0,0,0.0,0.0,True,good,当前QC指标正常。,43625.80537762014,False,False,0.0,False,25521.470022972673,False,False,0.0,False
1789750253.258337,2623.932,runtime,9.871790885925293,2475,250.61308820138257,0,0.0,0,0.0,0.0,True,good,当前QC指标正常。,43578.20000595405,False,False,0.0,False,25614.306915066143,False,False,0.0,False
1789750255.2610645,2626.052,runtime,9.990033388137817,2505,250.64981293989007,0,0.0,0,0.0,0.0,True,good,当前QC指标正常。,43346.2757791417,False,False,0.0,False,25592.55547224751,False,False,0.0,False
1789750257.2692928,2628.052,runtime,9.990378618240356,2500,250.1406698878604,0,0.0,0,0.0,0.0,True,good,当前QC指标正常。,42974.77668135085,False,False,0.0,False,25460.607623530406,False,False,0.0,False
1789750259.274858,2630.052,runtime,9.961875438690186,2500,250.85637893988516,0,0.0,0,0.0,0.0,True,good,当前QC指标正常。,42055.1530559677,False,False,0.0,False,24878.92319352058,False,False,0.0,False
1789750261.2874777,2632.052,runtime,9.960241079330444,2495,250.39554566360493,0,0.0,0,0.0,0.0,True,good,当前QC指标正常。,42265.66712073054,False,False,0.0,False,25177.08817398556,False,False,0.0,False
1789750263.292474,2634.012,runtime,9.870120286941528,2490,252.17524484407988,0,0.0,0,0.0,0.0,True,good,当前QC指标正常。,42443.184647722686,False,False,0.0,False,25442.972505692644,False,False,0.0,False
1789750265.309387,2636.052,runtime,9.901780128479004,2490,251.36894252390667,0,0.0,0,0.0,0.0,True,good,当前QC指标正常。,42441.787526696404,False,False,0.0,False,25516.85535876,False,False,0.0,False
1789750267.3193734,2638.112,runtime,9.96028733253479,2505,251.3983699868584,0,0.0,0,0.0,0.0,True,good,当前QC指标正常。,42854.88411172442,False,False,0.0,False,25875.28986945553,False,False,0.0,False
1789750269.3292916,2640.092,runtime,9.960206031799316,2495,250.39642674434293,0,0.0,0,0.0,0.0,True,good,当前QC指标正常。,43400.7940205402,False,False,0.0,False,26328.977078019383,False,False,0.0,False
1789750271.3383694,2642.112,runtime,9.90173077583313,2515,253.89500653116602,0,0.0,0,0.0,0.0,True,good,当前QC指标正常。,43328.586786459564,False,False,0.0,False,26322.292195296188,False,False,0.0,False
1789750273.3476684,2644.092,runtime,9.933593273162842,2490,250.56391293213338,0,0.0,0,0.0,0.0,True,good,当前QC指标正常。,43755.24678310303,False,False,0.0,False,26663.950316099734,False,False,0.0,False
1789750275.3518164,2646.092,runtime,9.90011191368103,2510,253.43147854043914,0,0.0,0,0.0,0.0,True,good,当前QC指标正常。,44659.76477241748,False,False,0.0,False,27380.371291099822,False,False,0.0,False
1789750277.35671,2648.132,runtime,9.930028676986694,2495,251.15738142629553,0,0.0,0,0.0,0.0,True,good,当前QC指标正常。,45423.4803809109,False,False,0.0,False,27996.022870361914,False,False,0.0,False
1789750279.36781,2650.152,runtime,9.961950302124023,2500,250.85449376987748,0,0.0,0,0.0,0.0,True,good,当前QC指标正常。,45528.38285594754,False,False,0.0,False,28151.755769471714,False,False,0.0,False
1789750281.3853655,2652.152,runtime,9.930148363113403,2510,252.66490572486796,0,0.0,0,0.0,0.0,True,good,当前QC指标正常。,45452.125796134584,False,False,0.0,False,28202.635753224105,False,False,0.0,False
1789750283.399356,2654.192,runtime,9.990225076675415,2505,250.6450035691579,0,0.0,0,0.0,0.0,True,good,当前QC指标正常。,45004.63162614298,False,False,0.0,False,28002.441994694116,False,False,0.0,False
1789750285.4094517,2656.192,runtime,9.990216493606567,2505,250.6452189101691,0,0.0,0,0.0,0.0,True,good,当前QC指标正常。,44722.04964118958,False,False,0.0,False,27907.45925976891,False,False,0.0,False
1789750287.419433,2658.212,runtime,9.990158796310425,2510,251.14715903481198,0,0.0,0,0.0,0.0,True,good,当前QC指标正常。,44084.11169127079,False,False,0.0,False,27548.374731060732,False,False,0.0,False
1789750289.4231172,2660.192,runtime,9.960299730300903,2495,250.39407121583233,0,0.0,0,0.0,0.0,True,good,当前QC指标正常。,44501.406598319416,False,False,0.0,False,27902.42021563668,False,False,0.0,False
1789750291.4299374,2662.212,runtime,9.961617231369019,2500,250.86288119269204,0,0.0,0,0.0,0.0,True,good,当前QC指标正常。,44426.71657053934,False,False,0.0,False,27808.982294935482,False,False,0.0,False
1789750293.4409242,2664.212,runtime,9.958240747451782,2505,251.45003655798837,0,0.0,0,0.0,0.0,True,good,当前QC指标正常。,53843.295517042905,False,False,0.0,False,30878.308236907946,False,False,0.0,False
1789750295.444723,2666.232,runtime,9.963625192642212,2500,250.81232500048515,0,0.0,0,0.0,0.0,True,good,当前QC指标正常。,54256.491500078366,False,False,0.0,False,30516.783266327096,False,False,0.0,False
1789750297.4529305,2668.252,runtime,9.965488195419312,2500,250.76543677495684,0,0.0,0,0.0,0.0,True,good,当前QC指标正常。,53197.263065524225,False,False,0.0,False,30158.489420416372,False,False,0.0,False
1789750299.4645941,2670.212,runtime,9.93031120300293,2490,250.64672688679943,0,0.0,0,0.0,0.0,True,good,当前QC指标正常。,50886.51831472042,False,False,0.0,False,29569.42736055816,False,False,0.0,False
1789750301.4810688,2672.252,runtime,9.960035800933838,2495,250.40070636755806,0,0.0,0,0.0,0.0,True,good,当前QC指标正常。,48223.88376430728,False,False,0.0,False,29285.27615232507,False,False,0.0,False
1789750303.4990082,2674.272,runtime,9.962275981903076,2500,250.84629300970443,0,0.0,0,0.0,0.0,True,good,当前QC指标正常。,41296.83300892747,False,False,0.0,False,25065.431950775182,False,False,0.0,False
1789750305.509658,2676.292,runtime,9.990354537963867,2500,250.14127281506077,0,0.0,0,0.0,0.0,True,good,当前QC指标正常。,40641.00475814074,False,False,0.0,False,24962.838832079415,False,False,0.0,False
1789750307.5196211,2678.312,runtime,9.99010944366455,2515,251.6488947570348,0,0.0,0,0.0,0.0,True,good,当前QC指标正常。,40372.2184497146,False,False,0.0,False,24939.28587481521,False,False,0.0,False
1789750309.5245757,2680.312,runtime,9.933496713638306,2500,251.57304341470913,0,0.0,0,0.0,0.0,True,good,当前QC指标正常。,40254.39569027272,False,False,0.0,False,25039.236876050276,False,False,0.0,False
1789750311.5392315,2682.312,runtime,9.930069923400879,2505,252.16338045104348,0,0.0,0,0.0,0.0,True,good,当前QC指标正常。,40071.93312554561,False,False,0.0,False,25131.71018851806,False,False,0.0,False
1789750313.5497963,2684.312,runtime,9.990188121795654,2495,249.64494858298264,0,0.0,0,0.0,0.0,True,good,当前QC指标正常。,40693.2890596574,False,False,0.0,False,25684.57942724805,False,False,0.0,False
1789750315.5589495,2686.332,runtime,9.93170714378357,2500,251.61837374193703,0,0.0,0,0.0,0.0,True,good,当前QC指标正常。,40863.28190467188,False,False,0.0,False,25871.436364084857,False,False,0.0,False
1789750317.56978,2688.352,runtime,9.990289211273193,2500,250.142908493589,0,0.0,0,0.0,0.0,True,good,当前QC指标正常。,40879.49788206101,False,False,0.0,False,25982.090644274103,False,False,0.0,False
1789750319.5767887,2690.332,runtime,9.935526847839355,2495,251.018394715763,0,0.0,0,0.0,0.0,True,good,当前QC指标正常。,40653.896425994215,False,False,0.0,False,25897.03685591658,False,False,0.0,False
1789750321.5899143,2692.352,runtime,9.990357637405396,2495,249.64071262695245,0,0.0,0,0.0,0.0,True,good,当前QC指标正常。,40459.04588079437,False,False,0.0,False,25788.497963740196,False,False,0.0,False
1789750323.5926106,2694.372,runtime,9.96546745300293,2500,250.76595872549535,0,0.0,0,0.0,0.0,True,good,当前QC指标正常。,40206.73731539614,False,False,0.0,False,25650.24374361351,False,False,0.0,False
1789750325.6080835,2696.372,runtime,9.960121631622314,2495,250.39854855605563,0,0.0,0,0.0,0.0,True,good,当前QC指标正常。,39845.72802474195,False,False,0.0,False,25448.470387965914,False,False,0.0,False
1789750327.6198988,2698.412,runtime,9.990307569503784,2505,250.64293392164032,0,0.0,0,0.0,0.0,True,good,当前QC指标正常。,39788.75021208543,False,False,0.0,False,25449.174691349213,False,False,0.0,False
1789750329.6285534,2700.392,runtime,9.960224628448486,2495,250.39595923134243,0,0.0,0,0.0,0.0,True,good,当前QC指标正常。,39728.52775128334,False,False,0.0,False,25465.584541510718,False,False,0.0,False
1789750331.639935,2702.432,runtime,9.990164279937744,2510,251.14702117947908,0,0.0,0,0.0,0.0,True,good,当前QC指标正常。,39719.498893893935,False,False,0.0,False,25532.578317208696,False,False,0.0,False
1789750333.6498258,2704.452,runtime,9.990052938461304,2520,252.15081596834696,0,0.0,0,0.0,0.0,True,good,当前QC指标正常。,39635.26081522495,False,False,0.0,False,25512.299206206935,False,False,0.0,False
1789750335.6660826,2706.432,runtime,9.963492155075073,2505,251.31750605379312,0,0.0,0,0.0,0.0,True,good,当前QC指标正常。,39715.03833373189,False,False,0.0,False,25629.282944627274,False,False,0.0,False
1789750337.67016,2708.472,runtime,9.990412712097168,2505,250.64029606784536,0,0.0,0,0.0,0.0,True,good,当前QC指标正常。,39658.30736716268,False,False,0.0,False,25658.98855302852,False,False,0.0,False
1789750339.6800234,2710.472,runtime,9.990396976470947,2500,250.14021023244243,0,0.0,0,0.0,0.0,True,good,当前QC指标正常。,39709.99702598827,False,False,0.0,False,25754.703773367302,False,False,0.0,False
1789750341.6835768,2712.412,runtime,9.903642892837524,2485,250.81679810935722,0,0.0,0,0.0,0.0,True,good,当前QC指标正常。,39748.34827548791,False,False,0.0,False,25844.14295465667,False,False,0.0,False
1789750343.6883178,2714.468,runtime,9.963960647583008,2494,250.20171076295205,0,0.0,0,0.0,0.0,True,good,当前QC指标正常。,39813.266035462984,False,False,0.0,False,25986.950897348324,False,False,0.0,False
1789750345.701413,2716.488,runtime,9.963521480560303,2499,250.71456963020708,0,0.0,0,0.0,0.0,True,good,当前QC指标正常。,39555.90142439806,False,False,0.0,False,25878.754018841766,False,False,0.0,False
1789750347.7163966,2718.488,runtime,9.963521480560303,2494,250.21273902646368,0,0.0,0,0.0,0.0,True,good,当前QC指标正常。,39331.46783360562,False,False,0.0,False,25762.16689840968,False,False,0.0,False
1789750349.7300124,2720.528,runtime,9.990184783935547,2504,250.54591623018658,0,0.0,0,0.0,0.0,True,good,当前QC指标正常。,39065.39317941217,False,False,0.0,False,25570.04445196023,False,False,0.0,False
1789750351.740026,2722.528,runtime,9.990196943283081,2499,250.04512064995203,0,0.0,0,0.0,0.0,True,good,当前QC指标正常。,38793.56498111907,False,False,0.0,False,25379.035948172907,False,False,0.0,False
1789750353.7509181,2724.548,runtime,9.99086046218872,2505,250.62906338013684,0,0.0,0,0.0,0.0,True,good,当前QC指标正常。,38555.2912825116,False,False,0.0,False,25213.36980388472,False,False,0.0,False
1789750355.760262,2726.488,runtime,9.960233449935913,2485,249.391744931037,0,0.0,0,0.0,0.0,True,good,当前QC指标正常。,38619.1335358662,False,False,0.0,False,25283.64844856207,False,False,0.0,False
1789750357.7701163,2728.568,runtime,9.96008038520813,2505,251.4035934608248,0,0.0,0,0.0,0.0,True,good,当前QC指标正常。,38602.90345542576,False,False,0.0,False,25336.626715292485,False,False,0.0,False
1789750359.7801273,2730.568,runtime,9.990180969238281,2500,250.14561875254404,0,0.0,0,0.0,0.0,True,good,当前QC指标正常。,38676.74055859838,False,False,0.0,False,25457.442475826047,False,False,0.0,False
1789750361.7900946,2732.588,runtime,9.99009084701538,2505,250.64837130566133,0,0.0,0,0.0,0.0,True,good,当前QC指标正常。,38727.91172739737,False,False,0.0,False,25540.91755110862,False,False,0.0,False
1789750363.793446,2734.568,runtime,9.960493326187134,2495,250.38920446269708,0,0.0,0,0.0,0.0,True,good,当前QC指标正常。,38707.83232903865,False,False,0.0,False,25573.229532541685,False,False,0.0,False
1789750365.8096845,2736.548,runtime,9.93555736541748,2490,250.51438066911257,0,0.0,0,0.0,0.0,True,good,当前QC指标正常。,38633.85697410149,False,False,0.0,False,25564.947345902143,False,False,0.0,False
1789750367.8204641,2738.548,runtime,9.990511894226074,2485,248.63590837979035,0,0.0,0,0.0,0.0,True,good,当前QC指标正常。,38581.42344080209,False,False,0.0,False,25560.550520483983,False,False,0.0,False
1789750369.8239386,2740.608,runtime,9.961857557296753,2500,250.85682922353772,0,0.0,0,0.0,0.0,True,good,当前QC指标正常。,38420.34235183289,False,False,0.0,False,25481.00634878897,False,False,0.0,False
1789750371.838385,2742.608,runtime,9.959583044052124,2495,250.41208943876623,0,0.0,0,0.0,0.0,True,good,当前QC指标正常。,38328.03606476198,False,False,0.0,False,25439.711979382795,False,False,0.0,False
1789750373.85042,2744.648,runtime,9.990248680114746,2505,250.64441138328496,0,0.0,0,0.0,0.0,True,good,当前QC指标正常。,38282.488548822585,False,False,0.0,False,25441.548061999736,False,False,0.0,False
1789750375.8603191,2746.648,runtime,9.990032196044922,2500,250.14934396201048,0,0.0,0,0.0,0.0,True,good,当前QC指标正常。,38220.42909574678,False,False,0.0,False,25434.816916082666,False,False,0.0,False
1789750377.864254,2748.648,runtime,9.961699724197388,2505,251.36272617389568,0,0.0,0,0.0,0.0,True,good,当前QC指标正常。,38198.30963119056,False,False,0.0,False,25450.51323665469,False,False,0.0,False
1789750379.8799155,2750.648,runtime,9.95999002456665,2505,251.40587428539584,0,0.0,0,0.0,0.0,True,good,当前QC指标正常。,38245.476879356946,False,False,0.0,False,25512.149225189067,False,False,0.0,False
1789750381.8903656,2752.688,runtime,9.989987134933472,2510,251.15147458262555,0,0.0,0,0.0,0.0,True,good,当前QC指标正常。,38092.91420785298,False,False,0.0,False,25455.905818774063,False,False,0.0,False
1789750383.9003158,2754.688,runtime,9.990089893341064,2500,250.14789923619392,0,0.0,0,0.0,0.0,True,good,当前QC指标正常。,38743.114698308,False,False,0.0,False,26294.395726879837,False,False,0.0,False
1789750385.909432,2756.688,runtime,9.965422868728638,2505,251.26881548173117,0,0.0,0,0.0,0.0,True,good,当前QC指标正常。,38825.770720284054,False,False,0.0,False,26188.995251503246,False,False,0.0,False
1789750387.9273655,2758.628,runtime,9.903722047805786,2480,250.3099327741365,0,0.0,0,0.0,0.0,True,good,当前QC指标正常。,38841.14880601562,False,False,0.0,False,26252.807111535647,False,False,0.0,False
1789750389.9452343,2760.708,runtime,9.933549404144287,2490,250.56501948453456,0,0.0,0,0.0,0.0,True,good,当前QC指标正常。,38593.64542882206,False,False,0.0,False,26240.97857055869,False,False,0.0,False
1789750391.9626431,2762.708,runtime,9.932051658630371,2490,250.60280449077254,0,0.0,0,0.0,0.0,True,good,当前QC指标正常。,38338.19370402809,False,False,0.0,False,26257.91589128321,False,False,0.0,False
1789750393.9738765,2764.748,runtime,9.96027684211731,2495,250.3946466080191,0,0.0,0,0.0,0.0,True,good,当前QC指标正常。,37164.15047784765,False,False,0.0,False,25381.30560127819,False,False,0.0,False
1789750395.9860942,2766.768,runtime,9.96197772026062,2500,250.85380334846025,0,0.0,0,0.0,0.0,True,good,当前QC指标正常。,37090.28800823207,False,False,0.0,False,25469.42596533687,False,False,0.0,False
1789750397.9990711,2768.728,runtime,9.968985795974731,2525,253.18523384988055,0,0.0,0,0.0,0.0,True,good,当前QC指标正常。,36894.41550124305,False,False,0.0,False,25331.846350800617,False,False,0.0,False
1789750400.010431,2770.708,runtime,9.988245010375977,2480,248.19174914359513,0,0.0,0,0.0,0.0,True,good,当前QC指标正常。,36678.57780545586,False,False,0.0,False,25181.03746378573,False,False,0.0,False
1789750402.0154877,2772.788,runtime,9.959985494613647,2520,252.91201491832226,0,0.0,0,0.0,0.0,True,good,当前QC指标正常。,35503.01202180277,False,False,0.0,False,24338.316793705722,False,False,0.0,False
1789750404.030679,2774.788,runtime,9.9902184009552,2500,250.14468149776002,0,0.0,0,0.0,0.0,True,good,当前QC指标正常。,33951.04016435873,False,False,0.0,False,23222.036819904937,False,False,0.0,False
1789750406.045512,2776.748,runtime,9.939170837402344,2480,249.41718384306392,0,0.0,0,0.0,0.0,True,good,当前QC指标正常。,31653.368905018822,False,False,0.0,False,21568.552587321774,False,False,0.0,False
1789750408.0504916,2778.848,runtime,9.989901304244995,2505,250.65312696692797,0,0.0,0,0.0,0.0,True,good,当前QC指标正常。,29269.253956717694,False,False,0.0,False,19883.020037375387,False,False,0.0,False
1789750410.060491,2780.848,runtime,9.990190982818604,2505,250.64585895369225,0,0.0,0,0.0,0.0,True,good,当前QC指标正常。,26829.596409082835,False,False,0.0,False,18175.65874798471,False,False,0.0,False
1789750412.0656593,2782.768,runtime,9.969327688217163,2480,248.6627060047341,0,0.0,0,0.0,0.0,True,good,当前QC指标正常。,25594.626904986886,False,False,0.0,False,17325.721178876913,False,False,0.0,False
1789750414.0815294,2784.848,runtime,9.961848735809326,2495,250.3551364953928,0,0.0,0,0.0,0.0,True,good,当前QC指标正常。,24726.61590164758,False,False,0.0,False,16781.800468086883,False,False,0.0,False
1789750416.0879483,2786.868,runtime,9.903608322143555,2510,253.34200610398813,0,0.0,0,0.0,0.0,True,good,当前QC指标正常。,24714.58086818999,False,False,0.0,False,16808.12510876561,False,False,0.0,False
1789750418.0999572,2788.828,runtime,9.958377599716187,2495,250.4424013878605,0,0.0,0,0.0,0.0,True,good,当前QC指标正常。,24601.581169185574,False,False,0.0,False,16763.394923688556,False,False,0.0,False
1789750420.1127343,2790.908,runtime,9.992260694503784,2505,250.5939423075019,0,0.0,0,0.0,0.0,True,good,当前QC指标正常。,24495.500483663644,False,False,0.0,False,16679.231954979026,False,False,0.0,False
1789750422.1207325,2792.908,runtime,9.988261699676514,2520,252.1960352802512,0,0.0,0,0.0,0.0,True,good,当前QC指标正常。,24475.297298540776,False,False,0.0,False,16667.84584922595,False,False,0.0,False
1789750424.1326535,2794.928,runtime,9.992204666137695,2505,250.59534743976332,0,0.0,0,0.0,0.0,True,good,当前QC指标正常。,24474.11150012396,False,False,0.0,False,16665.02144837368,False,False,0.0,False
1789750426.141002,2796.908,runtime,9.958605766296387,2495,250.4366633771788,0,0.0,0,0.0,0.0,True,good,当前QC指标正常。,24483.21176633426,False,False,0.0,False,16692.454377162103,False,False,0.0,False
1789750428.1529362,2798.928,runtime,9.931776523590088,2500,251.61661602678453,0,0.0,0,0.0,0.0,True,good,当前QC指标正常。,24488.13648511854,False,False,0.0,False,16706.081361741853,False,False,0.0,False
1789750430.1610792,2800.948,runtime,9.98853874206543,2500,250.1867454821782,0,0.0,0,0.0,0.0,True,good,当前QC指标正常。,24513.272471580392,False,False,0.0,False,16725.51055530688,False,False,0.0,False
1789750432.17084,2802.968,runtime,9.990214586257935,2505,250.64526676377739,0,0.0,0,0.0,0.0,True,good,当前QC指标正常。,24489.03736969814,False,False,0.0,False,16719.0854109916,False,False,0.0,False
1789750434.1826413,2804.968,runtime,9.961870670318604,2500,250.85649901536777,0,0.0,0,0.0,0.0,True,good,当前QC指标正常。,24465.761561863244,False,False,0.0,False,16722.4026447649,False,False,0.0,False
1789750436.191029,2806.948,runtime,9.990388870239258,2495,249.63993217816272,0,0.0,0,0.0,0.0,True,good,当前QC指标正常。,24556.176010773834,False,False,0.0,False,16805.90401972995,False,False,0.0,False
1789750438.2012203,2808.928,runtime,9.99012041091919,2485,248.64565168653934,0,0.0,0,0.0,0.0,True,good,当前QC指标正常。,24622.678141494693,False,False,0.0,False,16881.843684814638,False,False,0.0,False
1789750440.211244,2810.928,runtime,9.990465641021729,2485,248.63705949805563,0,0.0,0,0.0,0.0,True,good,当前QC指标正常。,24671.144628883303,False,False,0.0,False,16955.352281719806,False,False,0.0,False
1789750442.2210329,2813.008,runtime,9.990277767181396,2500,250.14319503801488,0,0.0,0,0.0,0.0,True,good,当前QC指标正常。,24755.183947122157,False,False,0.0,False,17080.24125174009,False,False,0.0,False
1789750444.2293766,2815.008,runtime,9.933640956878662,2500,251.5693904025733,0,0.0,0,0.0,0.0,True,good,当前QC指标正常。,24815.583801730576,False,False,0.0,False,17155.228260506938,False,False,0.0,False
1789750446.2409213,2816.988,runtime,9.930221319198608,2490,250.64899562589687,0,0.0,0,0.0,0.0,True,good,当前QC指标正常。,24779.721141605696,False,False,0.0,False,17140.838815148083,False,False,0.0,False
1789750448.2511623,2819.048,runtime,9.990129232406616,2510,251.14790225747495,0,0.0,0,0.0,0.0,True,good,当前QC指标正常。,24768.243171711994,False,False,0.0,False,17147.923138431186,False,False,0.0,False
1789750450.2612438,2821.048,runtime,9.990348815917969,2525,252.64383121222187,0,0.0,0,0.0,0.0,True,good,当前QC指标正常。,24751.931679438836,False,False,0.0,False,17150.265797586155,False,False,0.0,False
1789750452.2700944,2823.028,runtime,9.960398435592651,2495,250.3915898673189,0,0.0,0,0.0,0.0,True,good,当前QC指标正常。,24885.065699883176,False,False,0.0,False,17284.463287624985,False,False,0.0,False
1789750454.2813008,2825.068,runtime,9.990427732467651,2500,250.13944016416434,0,0.0,0,0.0,0.0,True,good,当前QC指标正常。,26152.839462478183,False,False,0.0,False,18388.22075516779,False,False,0.0,False
1789750456.2913005,2827.088,runtime,9.990227222442627,2505,250.6449497339629,0,0.0,0,0.0,0.0,True,good,当前QC指标正常。,27256.903673733676,False,False,0.0,False,19338.495404445504,False,False,0.0,False
1789750458.305933,2829.048,runtime,9.961719512939453,2500,250.8603054677463,0,0.0,0,0.0,0.0,True,good,当前QC指标正常。,28213.8722199372,False,False,0.0,False,20154.681317436007,False,False,0.0,False
1789750460.3222678,2831.008,runtime,9.900333404541016,2475,249.8905742775534,0,0.0,0,0.0,0.0,True,good,当前QC指标正常。,29100.553732869124,False,False,0.0,False,20940.299318501002,False,False,0.0,False
1789750462.332254,2833.088,runtime,9.960248708724976,2510,251.90134035530326,0,0.0,0,0.0,0.0,True,good,当前QC指标正常。,29634.97345308605,False,False,0.0,False,21470.24708849345,False,False,0.0,False
1789750464.3424702,2835.068,runtime,9.933428764343262,2485,250.06471168510234,0,0.0,0,0.0,0.0,True,good,当前QC指标正常。,29287.31597316609,False,False,0.0,False,21182.940830886706,False,False,0.0,False
1789750466.3572354,2837.148,runtime,9.961749076843262,2500,250.85956097901413,0,0.0,0,0.0,0.0,True,good,当前QC指标正常。,32199.990565770393,False,False,0.0,False,20723.513019841703,False,False,0.0,False
1789750468.3681743,2839.148,runtime,9.95833158493042,2495,250.44355861518804,0,0.0,0,0.0,0.0,True,good,当前QC指标正常。,36284.426765784854,False,False,0.0,False,19996.908528533626,False,False,0.0,False
1789750470.3850234,2841.168,runtime,9.961695671081543,2500,250.86090586510392,0,0.0,0,0.0,0.0,True,good,当前QC指标正常。,49911.28167023411,False,False,0.0,False,19800.511561527048,False,False,0.0,False
1789750472.3991551,2843.168,runtime,9.959838390350342,2505,251.40970183070618,0,0.0,0,0.0,0.0,True,good,当前QC指标正常。,60249.52520086134,False,False,0.0,False,32122.06640057571,False,False,0.0,False
1789750474.4113028,2845.208,runtime,9.99000334739685,2510,251.1510669967677,0,0.0,0,0.0,0.0,True,good,当前QC指标正常。,64114.8581361439,False,False,0.0,False,35844.32984374389,False,False,0.0,False
1789750476.4213886,2847.208,runtime,9.930079221725464,2500,251.65962367476163,0,0.0,0,0.0,0.0,True,good,当前QC指标正常。,70366.5318494201,False,False,0.0,False,35922.71081518989,False,False,0.0,False
1789750478.4283807,2849.148,runtime,9.901955127716064,2485,250.85954924670992,0,0.0,0,0.0,0.0,True,good,当前QC指标正常。,71702.14447375445,False,False,0.0,False,34344.53323195541,False,False,0.0,False
1789750480.4399974,2851.208,runtime,9.960423946380615,2495,250.3909485606043,0,0.0,0,0.0,0.0,True,good,当前QC指标正常。,60238.15575358984,False,False,0.0,False,27270.722274093787,False,False,0.0,False
1789750482.4534416,2853.108,runtime,9.992124795913696,2475,247.59498610463194,0,0.0,0,0.0,0.0,True,good,当前QC指标正常。,43206.58810023321,False,False,0.0,False,26156.252144060247,False,False,0.0,False
1789750484.4611454,2855.228,runtime,9.963651418685913,2495,250.3098407600583,0,0.0,0,0.0,0.0,True,good,当前QC指标正常。,40736.4119168211,False,False,0.0,False,23483.51796040605,False,False,0.0,False
1789750486.4774377,2857.228,runtime,9.96365237236023,2500,250.81164081279834,0,0.0,0,0.0,0.0,True,good,当前QC指标正常。,33589.67628030067,False,False,0.0,False,19559.370841442847,False,False,0.0,False
1789750488.4815576,2859.228,runtime,9.988499164581299,2490,249.18658539071268,0,0.0,0,0.0,0.0,True,good,当前QC指标正常。,31516.18340274471,False,False,0.0,False,19271.748658710272,False,False,0.0,False
1789750490.4902844,2861.268,runtime,9.960113286972046,2495,250.39875834165295,0,0.0,0,0.0,0.0,True,good,当前QC指标正常。,31167.22756317002,False,False,0.0,False,19258.633580351467,False,False,0.0,False
1789750492.5014024,2863.288,runtime,9.98807692527771,2540,254.2030882415741,0,0.0,0,0.0,0.0,True,good,当前QC指标正常。,30912.664939438,False,False,0.0,False,19186.467293723905,False,False,0.0,False
1789750494.5072467,2865.288,runtime,9.961551904678345,2500,250.86452632208534,0,0.0,0,0.0,0.0,True,good,当前QC指标正常。,30664.418921024975,False,False,0.0,False,19102.00761800328,False,False,0.0,False
1789750496.5205085,2867.228,runtime,9.868138790130615,2480,251.21251866454423,0,0.0,0,0.0,0.0,True,good,当前QC指标正常。,30403.975745083346,False,False,0.0,False,18996.13298243246,False,False,0.0,False
1789750498.531629,2869.328,runtime,9.96019458770752,2510,251.90270911940908,0,0.0,0,0.0,0.0,True,good,当前QC指标正常。,30186.900759901906,False,False,0.0,False,18924.111294023463,False,False,0.0,False
1789750500.541741,2871.308,runtime,9.990469217300415,2495,249.63792448118056,0,0.0,0,0.0,0.0,True,good,当前QC指标正常。,29999.016675225896,False,False,0.0,False,18868.955530154595,False,False,0.0,False
1789750502.553529,2873.328,runtime,9.992187976837158,2500,250.0953750863094,0,0.0,0,0.0,0.0,True,good,当前QC指标正常。,29811.11101181033,False,False,0.0,False,18811.300601750878,False,False,0.0,False
1789750504.563639,2875.348,runtime,9.990453004837036,2500,250.13880739843023,0,0.0,0,0.0,0.0,True,good,当前QC指标正常。,29642.80861830476,False,False,0.0,False,18753.939149942446,False,False,0.0,False
1789750506.5717258,2877.348,runtime,9.990078449249268,2530,253.15116521332712,0,0.0,0,0.0,0.0,True,good,当前QC指标正常。,29595.271655867553,False,False,0.0,False,18776.046215581522,False,False,0.0,False
1789750508.5816588,2879.348,runtime,9.987720251083374,2495,249.70663347619035,0,0.0,0,0.0,0.0,True,good,当前QC指标正常。,29999.11589957023,False,False,0.0,False,18915.757372969005,False,False,0.0,False
1789750510.5935628,2881.388,runtime,9.991959810256958,2505,250.60148835162357,0,0.0,0,0.0,0.0,True,good,当前QC指标正常。,30089.320305682984,False,False,0.0,False,19013.411340115672,False,False,0.0,False
1789750512.6019263,2883.368,runtime,9.96022081375122,2495,250.39605513130277,0,0.0,0,0.0,0.0,True,good,当前QC指标正常。,30114.828532143023,False,False,0.0,False,19094.751669818274,False,False,0.0,False
1789750514.611668,2885.404,runtime,9.989944458007812,2504,250.55194355896813,0,0.0,0,0.0,0.0,True,good,当前QC指标正常。,30215.297182479473,False,False,0.0,False,19245.521628542218,False,False,0.0,False
1789750516.6218102,2887.384,runtime,9.988453388214111,2494,249.5881897933887,0,0.0,0,0.0,0.0,True,good,当前QC指标正常。,30227.50810216674,False,False,0.0,False,19324.914637625214,False,False,0.0,False
1789750518.6257539,2889.344,runtime,9.969217300415039,2489,249.56823841089505,0,0.0,0,0.0,0.0,True,good,当前QC指标正常。,29338.270448012718,False,False,0.0,False,18852.806574526854,False,False,0.0,False
1789750520.642246,2891.184,runtime,9.967312335968018,2449,245.60281824079632,0,0.0,0,0.0,0.0,True,good,当前QC指标正常。,28780.320065620177,False,False,0.0,False,18502.839434144156,False,False,0.0,False
1789750522.6516662,2893.444,runtime,9.989946365356445,2504,250.5518957218838,0,0.0,0,0.0,0.0,True,good,当前QC指标正常。,37005.084280436306,False,False,0.0,False,20391.994407851882,False,False,0.0,False
1789750524.661781,2895.444,runtime,9.990231990814209,2500,250.1443412222833,0,0.0,0,0.0,0.0,True,good,当前QC指标正常。,80902.60087076604,False,False,0.0,False,31209.541571604208,False,False,0.0,False
1789750526.6692607,2897.444,runtime,9.96180009841919,2500,250.85827614595073,0,0.0,0,0.0,0.0,True,good,当前QC指标正常。,91202.75749107252,False,False,0.0,False,38995.82467510657,False,False,0.0,False
1789750528.6779237,2899.444,runtime,9.95990514755249,2495,250.40399110757258,0,0.0,0,0.0,0.0,True,good,当前QC指标正常。,90094.00618682783,False,False,0.0,False,44296.832445477856,False,False,0.0,False
1789750530.689442,2901.464,runtime,9.939097881317139,2570,258.47416241156424,0,0.0,0,0.0,0.0,True,good,当前QC指标正常。,82195.18734609525,False,False,0.0,False,47308.57257443972,False,False,0.0,False
1789750532.705015,2903.464,runtime,9.960089683532715,2505,251.40335876090862,0,0.0,0,0.0,0.0,True,good,当前QC指标正常。,66541.28832441059,False,False,0.0,False,49154.194231931695,False,False,0.0,False
1789750534.7120428,2905.504,runtime,9.990190982818604,2505,250.64585895369225,0,0.0,0,0.0,0.0,True,good,当前QC指标正常。,59888.09528394624,False,False,0.0,False,44375.25270925315,False,False,0.0,False
1789750536.7211974,2907.484,runtime,9.960222721099854,2495,250.39600718131342,0,0.0,0,0.0,0.0,True,good,当前QC指标正常。,54077.86611745809,False,False,0.0,False,39608.47109176442,False,False,0.0,False
1789750538.7322395,2909.464,runtime,9.990403890609741,2490,249.13907658322807,0,0.0,0,0.0,0.0,True,good,当前QC指标正常。,48789.1645226719,False,False,0.0,False,35148.681003590675,False,False,0.0,False
1789750540.7353127,2911.504,runtime,9.960273265838623,2495,250.39473651328714,0,0.0,0,0.0,0.0,True,good,当前QC指标正常。,46545.991033454455,False,False,0.0,False,32746.647552769093,False,False,0.0,False
1789750542.750171,2913.524,runtime,9.931696653366089,2495,251.11520086094492,0,0.0,0,0.0,0.0,True,good,当前QC指标正常。,44094.23498442852,False,False,0.0,False,31052.19190927472,False,False,0.0,False
1789750544.7581236,2915.524,runtime,9.93000054359436,2505,252.16514228846432,0,0.0,0,0.0,0.0,True,good,当前QC指标正常。,42176.04230202379,False,False,0.0,False,30539.44045562521,False,False,0.0,False
1789750546.7665117,2917.544,runtime,9.965610265731812,2505,251.26409053044802,0,0.0,0,0.0,0.0,True,good,当前QC指标正常。,41727.716414650095,False,False,0.0,False,30464.67712112948,False,False,0.0,False
1789750548.7780135,2919.544,runtime,9.960145950317383,2495,250.39793718289118,0,0.0,0,0.0,0.0,True,good,当前QC指标正常。,41993.920598404184,False,False,0.0,False,30788.663918385308,False,False,0.0,False
1789750550.7827823,2921.564,runtime,9.96182918548584,2500,250.85754367691695,0,0.0,0,0.0,0.0,True,good,当前QC指标正常。,40842.49287044974,False,False,0.0,False,29891.912885406047,False,False,0.0,False
1789750552.787973,2923.544,runtime,9.933647394180298,2490,250.56254779671357,0,0.0,0,0.0,0.0,True,good,当前QC指标正常。,40731.885130245035,False,False,0.0,False,29852.053640037,False,False,0.0,False
1789750554.7966678,2925.544,runtime,9.930102348327637,2490,250.6519986089752,0,0.0,0,0.0,0.0,True,good,当前QC指标正常。,40621.73619601069,False,False,0.0,False,29806.5185177708,False,False,0.0,False
1789750556.800904,2927.584,runtime,9.990168809890747,2505,250.6464152558583,0,0.0,0,0.0,0.0,True,good,当前QC指标正常。,40515.5913582465,False,False,0.0,False,29745.271250273247,False,False,0.0,False
1789750558.8057065,2929.604,runtime,9.993643283843994,2505,250.55927341813742,0,0.0,0,0.0,0.0,True,good,当前QC指标正常。,40370.405716758156,False,False,0.0,False,29642.62308812025,False,False,0.0,False
1789750560.8123083,2931.604,runtime,9.990293264389038,2505,250.64329281760413,0,0.0,0,0.0,0.0,True,good,当前QC指标正常。,40266.492474807834,False,False,0.0,False,29583.66913507026,False,False,0.0,False
1789750562.8178806,2933.584,runtime,9.960083723068237,2510,251.90551302184176,0,0.0,0,0.0,0.0,True,good,当前QC指标正常。,40110.657486628945,False,False,0.0,False,29471.991624229217,False,False,0.0,False
1789750564.8209805,2935.604,runtime,9.931678771972656,2510,252.62597166155183,0,0.0,0,0.0,0.0,True,good,当前QC指标正常。,39932.12376513905,False,False,0.0,False,29354.256916929324,False,False,0.0,False
1789750566.8258379,2937.604,runtime,9.932093858718872,2495,251.10515823515362,0,0.0,0,0.0,0.0,True,good,当前QC指标正常。,39802.07827642835,False,False,0.0,False,29262.679238018325,False,False,0.0,False
1789750568.8350215,2939.624,runtime,9.961759805679321,2500,250.85929080274445,0,0.0,0,0.0,0.0,True,good,当前QC指标正常。,39727.85738457124,False,False,0.0,False,29222.88957585727,False,False,0.0,False
1789750570.8519952,2941.624,runtime,9.960193395614624,2495,250.39674441442912,0,0.0,0,0.0,0.0,True,good,当前QC指标正常。,39648.67409365494,False,False,0.0,False,29177.17032501961,False,False,0.0,False
1789750572.8656888,2943.644,runtime,9.961780548095703,2500,250.8587684636066,0,0.0,0,0.0,0.0,True,good,当前QC指标正常。,39530.943132515626,False,False,0.0,False,29107.00602265585,False,False,0.004,False
1789750574.869002,2945.624,runtime,9.935713052749634,2490,250.51045524218193,0,0.0,0,0.0,0.0,True,good,当前QC指标正常。,38396.13543032027,False,False,0.0,False,28256.727023804,False,False,0.004,False
1789750576.881167,2947.624,runtime,9.930075407028198,2500,251.6597203512962,0,0.0,0,0.0,0.0,True,good,当前QC指标正常。,37371.8289463792,False,False,0.0,False,27469.887711497377,False,False,0.004,False
1789750578.8898866,2949.664,runtime,9.960269212722778,2495,250.39483840600232,0,0.0,0,0.0,0.0,True,good,当前QC指标正常。,36207.655309972695,False,False,0.0,False,26576.0852901361,False,False,0.004,False
1789750580.9052942,2951.624,runtime,9.871893644332886,2485,251.6234563999764,0,0.0,0,0.0,0.0,True,good,当前QC指标正常。,36552.76078875574,False,False,0.0,False,26887.090006723454,False,False,0.004,False
1789750582.9225774,2953.704,runtime,9.990339756011963,2500,250.14164293022745,0,0.0,0,0.0,0.0,True,good,当前QC指标正常。,36306.60068198822,False,False,0.0,False,26770.955766287912,False,False,0.0,False
1789750584.9324539,2955.724,runtime,9.988124370574951,2505,250.69771932123638,0,0.0,0,0.0,0.0,True,good,当前QC指标正常。,37395.889158402475,False,False,0.0,False,27637.26756073746,False,False,0.0,False
1789750586.9426053,2957.724,runtime,9.988240003585815,2520,252.19658309128232,0,0.0,0,0.0,0.0,True,good,当前QC指标正常。,38269.29751264399,False,False,0.0,False,28354.2434385681,False,False,0.0,False
1789750588.9518166,2959.684,runtime,9.930097579956055,2495,251.15563869524806,0,0.0,0,0.0,0.0,True,good,当前QC指标正常。,39184.87018778451,False,False,0.0,False,29101.995853756518,False,False,0.0,False
1789750590.9600692,2961.724,runtime,9.960092067718506,2495,250.39929179804102,0,0.0,0,0.0,0.0,True,good,当前QC指标正常。,38690.606942713195,False,False,0.0,False,28703.993135696168,False,False,0.0,False
1789750592.9671257,2963.744,runtime,9.961863040924072,2500,250.85669113637908,0,0.0,0,0.0,0.0,True,good,当前QC指标正常。,38817.788960179,False,False,0.0,False,28807.276392748106,False,False,0.0,False
1789750594.9725242,2965.744,runtime,9.960225820541382,2495,250.3959292626199,0,0.0,0,0.0,0.0,True,good,当前QC指标正常。,38785.26671047807,False,False,0.0,False,28801.877129964312,False,False,0.0,False
1789750596.975159,2967.764,runtime,9.963790893554688,2500,250.80815391424332,0,0.0,0,0.0,0.0,True,good,当前QC指标正常。,38772.49943086254,False,False,0.0,False,28810.703420984893,False,False,0.0,False
1789750598.9779673,2969.784,runtime,9.995405673980713,2525,252.51601408938174,0,0.0,0,0.0,0.0,True,good,当前QC指标正常。,38764.79189612405,False,False,0.0,False,28821.710898944115,False,False,0.0,False
1789750600.9828246,2971.764,runtime,9.988349437713623,2510,251.19265356562465,0,0.0,0,0.0,0.0,True,good,当前QC指标正常。,38774.41602877439,False,False,0.0,False,28851.563188018645,False,False,0.0,False
1789750602.9927478,2973.784,runtime,9.990205764770508,2505,250.64548808695346,0,0.0,0,0.0,0.0,True,good,当前QC指标正常。,39158.182211746374,False,False,0.0,False,29193.72475732644,False,False,0.0,False
1789750605.0028422,2975.784,runtime,9.990230321884155,2505,250.6448719720554,0,0.0,0,0.0,0.0,True,good,当前QC指标正常。,39640.27968771694,False,False,0.0,False,29596.31880640434,False,False,0.0,False
1789750607.009513,2977.784,runtime,9.961761474609375,2500,250.85924877537704,0,0.0,0,0.0,0.0,True,good,当前QC指标正常。,40086.64781813635,False,False,0.0,False,29964.138163701784,False,False,0.0,False
1789750609.012957,2979.804,runtime,9.963716983795166,2505,251.31183513868032,0,0.0,0,0.0,0.0,True,good,当前QC指标正常。,40458.40783331531,False,False,0.0,False,30273.218170980213,False,False,0.0,False
1789750611.029411,2981.804,runtime,9.963726282119751,2505,251.3116006100563,0,0.0,0,0.0,0.0,True,good,当前QC指标正常。,40798.42874226747,False,False,0.0,False,30556.05734100316,False,False,0.0,False
1789750613.0427299,2983.844,runtime,9.988204956054688,2505,250.69569667591932,0,0.0,0,0.0,0.0,True,good,当前QC指标正常。,40741.75037120619,False,False,0.0,False,30526.33898013829,False,False,0.0,False
1789750615.0528224,2985.844,runtime,9.98824405670166,2505,250.69471528580934,0,0.0,0,0.0,0.0,True,good,当前QC指标正常。,40503.703102340995,False,False,0.0,False,30335.44028196872,False,False,0.0,False
1789750617.06288,2987.844,runtime,9.99014687538147,2500,250.14647243658032,0,0.0,0,0.0,0.0,True,good,当前QC指标正常。,40343.21255064213,False,False,0.0,False,30209.789734622424,False,False,0.0,False
1789750619.0730643,2989.864,runtime,9.990185737609863,2505,250.64599055183115,0,0.0,0,0.0,0.0,True,good,当前QC指标正常。,40254.50105083143,False,False,0.0,False,30145.354592951855,False,False,0.0,False
1789750621.0892653,2991.864,runtime,9.965728282928467,2500,250.7593955055796,0,0.0,0,0.0,0.0,True,good,当前QC指标正常。,40150.46383309005,False,False,0.0,False,30076.23396692904,False,False,0.0,False
1789750623.0988278,2993.844,runtime,9.960331201553345,2495,250.39328005589343,0,0.0,0,0.0,0.0,True,good,当前QC指标正常。,40085.076262782226,False,False,0.0,False,30035.630500921277,False,False,0.0,False
1789750625.102978,2995.884,runtime,9.990195274353027,2500,250.1452605651732,0,0.0,0,0.0,0.0,True,good,当前QC指标正常。,40209.054742160544,False,False,0.0,False,30168.792953588887,False,False,0.0,False
1789750627.1056273,2997.884,runtime,9.961930751800537,2500,250.85498607268738,0,0.0,0,0.0,0.0,True,good,当前QC指标正常。,40603.50271957906,False,False,0.0,False,30550.536596038535,False,False,0.0,False
1789750629.1157563,2999.904,runtime,9.962029695510864,2500,250.85249456003035,0,0.0,0,0.0,0.0,True,good,当前QC指标正常。,40801.42323465705,False,False,0.0,False,30764.55686835626,False,False,0.0,False
1789750631.132736,3001.904,runtime,9.960362195968628,2495,250.3925008881128,0,0.0,0,0.0,0.0,True,good,当前QC指标正常。,40990.110966673055,False,False,0.0,False,30956.96222572035,False,False,0.0,False
1789750633.1430156,3003.944,runtime,9.960099697113037,2505,251.4031060076428,0,0.0,0,0.0,0.0,True,good,当前QC指标正常。,41123.72087710516,False,False,0.0,False,31109.097880693374,False,False,0.0,False
1789750635.151795,3005.924,runtime,9.930078744888306,2500,251.65963575932437,0,0.0,0,0.0,0.0,True,good,当前QC指标正常。,41218.620157720936,False,False,0.0,False,31242.315038089204,False,False,0.0,False
1789750637.1631796,3007.964,runtime,9.98838758468628,2505,250.6911129318824,0,0.0,0,0.0,0.0,True,good,当前QC指标正常。,40968.99341736622,False,False,0.0,False,31043.95815186618,False,False,0.0,False
1789750639.167027,3009.924,runtime,9.90173602104187,2490,251.37006225077135,0,0.0,0,0.0,0.0,True,good,当前QC指标正常。,40865.264274885114,False,False,0.0,False,30970.087869667055,False,False,0.0,False
1789750641.175398,3011.964,runtime,9.961890935897827,2500,250.85598869536054,0,0.0,0,0.0,0.0,True,good,当前QC指标正常。,40782.91712456622,False,False,0.0,False,30908.75368396505,False,False,0.0,False
1789750643.1820977,3013.944,runtime,9.933719635009766,2490,250.56072563472878,0,0.0,0,0.0,0.0,True,good,当前QC指标正常。,40665.47329572974,False,False,0.0,False,30814.543422521867,False,False,0.0,False
1789750645.188041,3015.944,runtime,9.930144309997559,2490,250.6509394323809,0,0.0,0,0.0,0.0,True,good,当前QC指标正常。,40426.53871653154,False,False,0.0,False,30621.130522720312,False,False,0.0,False
1789750647.1986067,3017.984,runtime,9.930255889892578,2495,251.15163472660313,0,0.0,0,0.0,0.0,True,good,当前QC指标正常。,40272.723754317805,False,False,0.0,False,30496.283847726838,False,False,0.0,False
1789750649.2094667,3020.004,runtime,9.933581829071045,2500,251.57088782281647,0,0.0,0,0.0,0.0,True,good,当前QC指标正常。,40155.28486761736,False,False,0.0,False,30413.981365767224,False,False,0.0,False
1789750651.2163813,3021.984,runtime,9.932022094726562,2490,250.60355044130864,0,0.0,0,0.0,0.0,True,good,当前QC指标正常。,40053.16369908454,False,False,0.0,False,30348.469039958505,False,False,0.0,False
1789750653.2271197,3024.024,runtime,9.963547229766846,2500,250.81428755956009,0,0.0,0,0.0,0.0,True,good,当前QC指标正常。,39237.54214970297,False,False,0.0,False,29706.215652058003,False,False,0.0,False
1789750655.2388546,3025.964,runtime,9.90911316871643,2490,251.1829219851781,0,0.0,0,0.0,0.0,True,good,当前QC指标正常。,37727.605510366826,False,False,0.0,False,28498.512002446256,False,False,0.0,False
1789750657.2492328,3028.004,runtime,9.937198162078857,2495,250.97617651596235,0,0.0,0,0.0,0.0,True,good,当前QC指标正常。,36243.09261940751,False,False,0.0,False,27325.659227960565,False,False,0.0,False
1789750659.2684577,3030.044,runtime,9.962071895599365,2495,250.34952830461873,0,0.0,0,0.0,0.0,True,good,当前QC指标正常。,35028.7392015312,False,False,0.0,False,26387.797625700554,False,False,0.0,False
1789750661.284322,3032.004,runtime,9.903658151626587,2485,250.81641167027007,0,0.0,0,0.0,0.0,True,good,当前QC指标正常。,33961.16655084109,False,False,0.0,False,25575.001024176556,False,False,0.0,False
1789750663.2991278,3034.024,runtime,9.969024181365967,2495,250.17493734860912,0,0.0,0,0.0,0.0,True,good,当前QC指标正常。,33735.04278975587,False,False,0.0,False,25444.34573164497,False,False,0.0,False
1789750665.317141,3036.084,runtime,9.958325862884521,2495,250.44370251985205,0,0.0,0,0.0,0.0,True,good,当前QC指标正常。,34296.707414576755,False,False,0.0,False,25959.38637955613,False,False,0.0,False
1789750667.3240802,3038.084,runtime,9.933538913726807,2495,251.0686293837969,0,0.0,0,0.0,0.0,True,good,当前QC指标正常。,34713.103660663415,False,False,0.0,False,26329.458952518886,False,False,0.0,False
1789750669.3419533,3040.104,runtime,9.931774616241455,2500,251.6166643485223,0,0.0,0,0.0,0.0,True,good,当前QC指标正常。,34835.071195823075,False,False,0.0,False,26444.054108571778,False,False,0.0,False
1789750671.3486168,3042.124,runtime,9.96029257774353,2495,250.39425102560662,0,0.0,0,0.0,0.0,True,good,当前QC指标正常。,34784.512766264466,False,False,0.0,False,26408.131205420497,False,False,0.0,False
1789750673.358202,3044.144,runtime,9.958566904067993,2495,250.43764067912437,0,0.0,0,0.0,0.0,True,good,当前QC指标正常。,34778.68868637462,False,False,0.0,False,26418.881051197328,False,False,0.0,False
1789750675.3665624,3046.084,runtime,9.903417587280273,2500,252.33713291153745,0,0.0,0,0.0,0.0,True,good,当前QC指标正常。,34853.92113094671,False,False,0.0,False,26495.741568271987,False,False,0.0,False
1789750677.3765328,3048.164,runtime,9.96180772781372,2505,251.36000095733058,0,0.0,0,0.0,0.0,True,good,当前QC指标正常。,34876.95874211036,False,False,0.0,False,26530.286028256538,False,False,0.0,False
1789750679.3812618,3050.184,runtime,9.963605403900146,2505,251.31464951631224,0,0.0,0,0.0,0.0,True,good,当前QC指标正常。,34878.846749639,False,False,0.0,False,26545.524527252393,False,False,0.0,False
1789750681.3912835,3052.184,runtime,9.960125207901001,2515,252.40646553376018,0,0.0,0,0.0,0.0,True,good,当前QC指标正常。,34750.50962329598,False,False,0.0,False,26445.972442682945,False,False,0.0,False
1789750683.3952334,3054.204,runtime,9.991809844970703,2505,250.6052495845253,0,0.0,0,0.0,0.0,True,good,当前QC指标正常。,34387.55454542179,False,False,0.0,False,26118.091976764805,False,False,0.0,False
1789750685.403608,3056.2,runtime,9.960000038146973,2504,251.30521992103078,0,0.0,0,0.0,0.0,True,good,当前QC指标正常。,39321.03715501643,False,False,0.0,False,26222.725086693285,False,False,0.0,False
1789750687.4127564,3058.18,runtime,9.960147619247437,2504,251.30149629138933,0,0.0,0,0.0,0.0,True,good,当前QC指标正常。,41549.59768300781,False,False,0.0,False,26379.13499422013,False,False,0.0,False
1789750689.4238539,3060.18,runtime,9.99011754989624,2494,249.54661319534654,0,0.0,0,0.0,0.0,True,good,当前QC指标正常。,41695.14606727838,False,False,0.0,False,26530.67205423482,False,False,0.0,False
1789750691.4338896,3062.2,runtime,9.990373849868774,2494,249.54021115363426,0,0.0,0,0.0,0.0,True,good,当前QC指标正常。,40375.07203129274,False,False,0.0,False,26832.026617831707,False,False,0.0,False
1789750693.4436707,3064.24,runtime,9.959898233413696,2504,251.3077886280884,0,0.0,0,0.0,0.0,True,good,当前QC指标正常。,37363.70043368315,False,False,0.0,False,26842.744785369483,False,False,0.0,False
1789750695.451761,3066.2,runtime,9.931606769561768,2490,250.61403031262253,0,0.0,0,0.0,0.0,True,good,当前QC指标正常。,35597.319650064994,False,False,0.0,False,27265.008656410846,False,False,0.0,False
1789750697.4638488,3068.26,runtime,9.990226745605469,2505,250.64496169733755,0,0.0,0,0.0,0.0,True,good,当前QC指标正常。,35767.09614098939,False,False,0.0,False,27534.654210829027,False,False,0.0,False
1789750699.470669,3070.24,runtime,9.96011734008789,2495,250.3986564457475,0,0.0,0,0.0,0.0,True,good,当前QC指标正常。,36198.39039300475,False,False,0.0,False,27857.546100271487,False,False,0.0,False
1789750701.4837563,3072.28,runtime,9.990026712417603,2510,251.15047959594673,0,0.0,0,0.0,0.0,True,good,当前QC指标正常。,37924.15389070601,False,False,0.0,False,29191.64615777528,False,False,0.0,False
1789750703.4938056,3074.28,runtime,9.990102052688599,2510,251.14858554670744,0,0.0,0,0.0,0.0,True,good,当前QC指标正常。,39112.616059119224,False,False,0.0,False,29732.140951074445,False,False,0.0,False
1789750705.5039914,3076.3,runtime,9.99038028717041,2505,250.6411095497158,0,0.0,0,0.0,0.0,True,good,当前QC指标正常。,40535.14996600461,False,False,0.0,False,30273.265777226017,False,False,0.0,False
1789750707.507495,3078.28,runtime,9.960123300552368,2495,250.39850659897834,0,0.0,0,0.0,0.0,True,good,当前QC指标正常。,41694.09818602132,False,False,0.0,False,31000.6443033869,False,False,0.0,False
1789750709.5219905,3080.3,runtime,9.961754322052002,2500,250.85942889276515,0,0.0,0,0.0,0.0,True,good,当前QC指标正常。,42484.09170929595,False,False,0.0,False,31448.7619776756,False,False,0.0,False
1789750711.5261862,3082.24,runtime,9.903714895248413,2480,250.31011355035778,0,0.0,0,0.0,0.0,True,good,当前QC指标正常。,41117.507523633474,False,False,0.0,False,30959.10620118033,False,False,0.0,False
1789750713.5320005,3084.32,runtime,9.963677883148193,2500,250.81099864003215,0,0.0,0,0.0,0.0,True,good,当前QC指标正常。,40955.24845956674,False,False,0.0,False,31213.36019539506,False,False,0.0,False
1789750715.5481114,3086.32,runtime,9.962185144424438,2495,250.34668236374057,0,0.0,0,0.0,0.0,True,good,当前QC指标正常。,41159.17562015839,False,False,0.0,False,31485.123255698207,False,False,0.0,False
1789750717.56301,3088.34,runtime,9.961837530136108,2500,250.85733354314766,0,0.0,0,0.0,0.0,True,good,当前QC指标正常。,40827.54357313891,False,False,0.0,False,31268.620622476523,False,False,0.0,False
1789750719.5740814,3090.36,runtime,9.99026346206665,2510,251.1445278221894,0,0.0,0,0.0,0.0,True,good,当前QC指标正常。,40448.469337710565,False,False,0.0,False,31011.169797564795,False,False,0.0,False
1789750721.5841603,3092.38,runtime,9.990252017974854,2505,250.64432764005403,0,0.0,0,0.0,0.0,True,good,当前QC指标正常。,40104.77694045184,False,False,0.0,False,30768.765394753562,False,False,0.0,False
1789750723.6012192,3094.36,runtime,9.963625431060791,2510,251.81596973511236,0,0.0,0,0.0,0.0,True,good,当前QC指标正常。,39867.01485435236,False,False,0.0,False,30591.29876008832,False,False,0.0,False
1789750725.6043286,3096.34,runtime,9.960374355316162,2490,249.89020605149676,0,0.0,0,0.0,0.0,True,good,当前QC指标正常。,39650.51705093553,False,False,0.0,False,30444.24422071302,False,False,0.0,False
1789750727.608275,3098.38,runtime,9.870080471038818,2495,252.6828436017309,0,0.0,0,0.0,0.0,True,good,当前QC指标正常。,39477.357264263366,False,False,0.0,False,30333.26246033061,False,False,0.0,False
1789750729.6205168,3100.36,runtime,9.930091381072998,2490,250.65227544069697,0,0.0,0,0.0,0.0,True,good,当前QC指标正常。,39029.942085129085,False,False,0.0,False,30122.603836343984,False,False,0.0,False
1789750731.632242,3102.4,runtime,9.958174228668213,2500,250.94961612598854,0,0.0,0,0.0,0.0,True,good,当前QC指标正常。,38208.083262792235,False,False,0.0,False,29687.334565682097,False,False,0.0,False
1789750733.6370919,3104.34,runtime,9.937418699264526,2480,249.4611603900188,0,0.0,0,0.0,0.0,True,good,当前QC指标正常。,37213.89483133873,False,False,0.0,False,28946.41463572176,False,False,0.0,False
1789750735.6413145,3106.3,runtime,9.8493492603302,2465,250.16881165176534,0,0.0,0,0.0,0.0,True,good,当前QC指标正常。,35976.64455203856,False,False,0.0,False,27972.363388144775,False,False,0.0,False
1789750737.6476233,3108.38,runtime,9.903773069381714,2485,250.81350133914918,0,0.0,0,0.0,0.0,True,good,当前QC指标正常。,34767.77264931808,False,False,0.0,False,27027.768516337324,False,False,0.0,False
1789750739.6643505,3110.44,runtime,9.96539568901062,2495,250.2660283475014,0,0.0,0,0.0,0.0,True,good,当前QC指标正常。,33900.33768910317,False,False,0.0,False,26165.36624572125,False,False,0.0,False
1789750741.6753178,3112.46,runtime,9.961849212646484,2505,251.35895420111288,0,0.0,0,0.0,0.0,True,good,当前QC指标正常。,33411.373511855534,False,False,0.0,False,25571.468756269485,False,False,0.0,False
1789750743.6878512,3114.46,runtime,9.960201740264893,2500,250.89853249634467,0,0.0,0,0.0,0.0,True,good,当前QC指标正常。,33143.200177530896,False,False,0.0,False,25363.771797570775,False,False,0.0,False
1789750745.7029195,3116.44,runtime,9.93554949760437,2515,253.03079619362452,0,0.0,0,0.0,0.0,True,good,当前QC指标正常。,33083.96750051714,False,False,0.0,False,25337.487844643318,False,False,0.0,False
1789750747.7134428,3118.48,runtime,9.962146997451782,2520,252.85714019722204,0,0.0,0,0.0,0.0,True,good,当前QC指标正常。,32888.224628652904,False,False,0.0,False,25180.953050350294,False,False,0.0,False
1789750749.7244546,3120.48,runtime,9.989766359329224,2500,250.15600066224158,0,0.0,0,0.0,0.0,True,good,当前QC指标正常。,34523.94581074783,False,False,0.0,False,26804.351289688577,False,False,0.0,False
1789750751.736226,3122.52,runtime,9.992207527160645,2500,250.094885760455,0,0.0,0,0.0,0.0,True,good,当前QC指标正常。,44218.52200167027,False,False,0.0,False,35083.84456875273,False,False,0.0,False
1789750753.7443502,3124.54,runtime,9.990180969238281,2505,250.64611018662276,0,0.0,0,0.0,0.0,True,good,当前QC指标正常。,59473.47131075336,False,False,0.0,False,47139.58223180369,False,False,0.0,False
1789750755.7532418,3126.52,runtime,9.958501815795898,2495,250.43927752707606,0,0.0,0,0.0,0.0,True,good,当前QC指标正常。,61827.25606510405,False,False,0.0,False,48842.198124842995,False,False,0.0,False
1789750757.760887,3128.54,runtime,9.961752891540527,2500,250.8594649162738,0,0.0,0,0.0,0.0,True,good,当前QC指标正常。,63582.59137939442,False,False,0.0,False,50263.01218226509,False,False,0.0,False
1789750759.7681687,3130.54,runtime,9.903572082519531,2505,252.83806480489275,0,0.0,0,0.0,0.0,True,good,当前QC指标正常。,64004.77563568493,False,False,0.0,False,50607.98520616008,False,False,0.0,False
1789750761.7800152,3132.56,runtime,9.961845874786377,2500,250.8571234097304,0,0.0,0,0.0,0.0,True,good,当前QC指标正常。,58848.21719307642,False,False,0.0,False,46152.01468719012,False,False,0.0,False
1789750763.786193,3134.56,runtime,9.960060834884644,2495,250.40007700202818,0,0.0,0,0.0,0.0,True,good,当前QC指标正常。,46789.616604593335,False,False,0.0,False,36427.48630384643,False,False,0.0,False
1789750765.7997262,3136.58,runtime,9.96195125579834,2500,250.8544697551557,0,0.0,0,0.0,0.0,True,good,当前QC指标正常。,45981.770565251114,False,False,0.0,False,35861.09836706183,False,False,0.0,False
1789750767.8133485,3138.58,runtime,9.960195779800415,2495,250.39668447661532,0,0.0,0,0.0,0.0,True,good,当前QC指标正常。,45564.26571213502,False,False,0.0,False,35567.779857082714,False,False,0.0,False
1789750769.8246224,3140.62,runtime,9.990269184112549,2505,250.64389696146452,0,0.0,0,0.0,0.0,True,good,当前QC指标正常。,45182.53199637479,False,False,0.0,False,35298.863350147505,False,False,0.0,False
1789750771.8294466,3142.58,runtime,9.87174105644226,2490,252.13384202128034,0,0.0,0,0.0,0.0,True,good,当前QC指标正常。,44792.46180550759,False,False,0.0,False,35044.196736252154,False,False,0.0,False
1789750773.843821,3144.58,runtime,9.900142192840576,2490,251.41053042651797,0,0.0,0,0.0,0.0,True,good,当前QC指标正常。,44364.76104095329,False,False,0.0,False,34770.546186696505,False,False,0.0,False
1789750775.851258,3146.62,runtime,9.960195064544678,2495,250.39670245795645,0,0.0,0,0.0,0.0,True,good,当前QC指标正常。,44492.292854982974,False,False,0.0,False,34941.249564652586,False,False,0.0,False
1789750777.8599877,3148.58,runtime,9.901725769042969,2485,250.86536003310118,0,0.0,0,0.0,0.0,True,good,当前QC指标正常。,44574.72143843396,False,False,0.0,False,35044.725054799776,False,False,0.0,False
1789750779.8746634,3150.66,runtime,9.990134954452515,2510,251.14775840758398,0,0.0,0,0.0,0.0,True,good,当前QC指标正常。,44625.0075712618,False,False,0.0,False,35106.23026939627,False,False,0.0,False
1789750781.8847547,3152.64,runtime,9.99029541015625,2495,249.64226758145418,0,0.0,0,0.0,0.0,True,good,当前QC指标正常。,44627.650602459355,False,False,0.0,False,35140.4108519406,False,False,0.0,False
1789750783.894894,3154.62,runtime,9.990344524383545,2485,248.64007381700137,0,0.0,0,0.0,0.0,True,good,当前QC指标正常。,44620.404965522954,False,False,0.0,False,35171.94088604293,False,False,0.0,False
1789750785.904744,3156.7,runtime,9.990116834640503,2505,250.6477192856681,0,0.0,0,0.0,0.0,True,good,当前QC指标正常。,44577.518957419634,False,False,0.0,False,35160.10424850541,False,False,0.0,False
1789750787.9107406,3158.68,runtime,9.963709831237793,2495,250.308373311005,0,0.0,0,0.0,0.0,True,good,当前QC指标正常。,44465.67667637026,False,False,0.0,False,35099.640422259494,False,False,0.0,False
1789750789.9216883,3160.7,runtime,9.931764602661133,2500,251.61691803795006,0,0.0,0,0.0,0.0,True,good,当前QC指标正常。,44379.77095412977,False,False,0.0,False,35053.1580390136,False,False,0.0,False
1789750791.9328299,3162.7,runtime,9.9601731300354,2495,250.39725388700506,0,0.0,0,0.0,0.0,True,good,当前QC指标正常。,44476.57734487915,False,False,0.0,False,35162.29088746346,False,False,0.0,False
1789750793.9509025,3164.68,runtime,9.967254638671875,2495,250.2193523102689,0,0.0,0,0.0,0.0,True,good,当前QC指标正常。,44736.94492343674,False,False,0.0,False,35414.06796014757,False,False,0.0,False
1789750795.9548912,3166.74,runtime,9.990179061889648,2510,251.1466495702051,0,0.0,0,0.0,0.0,True,good,当前QC指标正常。,44994.719518848804,False,False,0.0,False,35673.0141778167,False,False,0.0,False
1789750797.9648106,3168.76,runtime,9.990111589431763,2505,250.64785088576048,0,0.0,0,0.0,0.0,True,good,当前QC指标正常。,49128.324877472485,False,False,0.0,False,38944.06031628856,False,False,0.0,False
1789750799.9748182,3170.76,runtime,9.990196466445923,2500,250.14523071627193,0,0.0,0,0.0,0.0,True,good,当前QC指标正常。,48930.18623459719,False,False,0.0,False,38789.02245535484,False,False,0.0,False
1789750801.984912,3172.78,runtime,9.960100173950195,2505,251.4030939717857,0,0.0,0,0.0,0.0,True,good,当前QC指标正常。,49435.91554769872,False,False,0.0,False,39172.31528124956,False,False,0.0,False
1789750803.99519,3174.78,runtime,9.960447549819946,2525,253.4022680582888,0,0.0,0,0.0,0.0,True,good,当前QC指标正常。,49790.6434674382,False,False,0.0,False,39546.97567024828,False,False,0.0,False
1789750806.0006528,3176.78,runtime,9.933531999588013,2500,251.5721497754922,0,0.0,0,0.0,0.0,True,good,当前QC指标正常。,49551.92778321388,False,False,0.0,False,39387.011858984166,False,False,0.0,False
1789750808.0083826,3178.78,runtime,9.960311889648438,2495,250.39376553980873,0,0.0,0,0.0,0.0,True,good,当前QC指标正常。,45667.19661545873,False,False,0.0,False,36367.83287248566,False,False,0.0,False
1789750810.0253763,3180.76,runtime,9.930094718933105,2490,250.6521911874995,0,0.0,0,0.0,0.0,True,good,当前QC指标正常。,47222.86680662598,False,False,0.0,False,37690.887154070944,False,False,0.0,False
1789750812.0301285,3182.78,runtime,9.931942224502563,2490,250.6055657331072,0,0.0,0,0.0,0.0,True,good,当前QC指标正常。,46435.951523469004,False,False,0.0,False,37055.998262915935,False,False,0.0,False
1789750814.044929,3184.84,runtime,9.989541292190552,2505,250.6621602292723,0,0.0,0,0.0,0.0,True,good,当前QC指标正常。,45575.71088008087,False,False,0.0,False,36328.50461415382,False,False,0.0,False
1789750816.052162,3186.8,runtime,9.931873798370361,2490,250.60729229245737,0,0.0,0,0.0,0.0,True,good,当前QC指标正常。,45497.97709692753,False,False,0.0,False,36256.66976849706,False,False,0.0,False
1789750818.0610769,3188.84,runtime,9.931751251220703,2500,251.6172562913162,0,0.0,0,0.0,0.0,True,good,当前QC指标正常。,45211.62847301459,False,False,0.0,False,36017.81858221644,False,False,0.004,False
1789750820.0751638,3190.86,runtime,9.960156202316284,2500,250.89967960731832,0,0.0,0,0.0,0.0,True,good,当前QC指标正常。,43648.6133283497,False,False,0.0,False,34758.78833057207,False,False,0.004,False
1789750822.0782127,3192.86,runtime,9.96194052696228,2500,250.8547399210409,0,0.0,0,0.0,0.0,True,good,当前QC指标正常。,43652.80758222541,False,False,0.0,False,34767.52876463885,False,False,0.004,False
1789750824.092019,3194.86,runtime,9.960078001022339,2495,250.39964543892194,0,0.0,0,0.0,0.0,True,good,当前QC指标正常。,43631.90469508601,False,False,0.0,False,34756.36259182577,False,False,0.004,False
1789750826.1053605,3196.74,runtime,9.990466833114624,2465,246.63512137718837,0,0.0,0,0.0,0.0,True,good,当前QC指标正常。,43599.78962799809,False,False,0.0,False,34741.55606845199,False,False,0.004,False
1789750828.110325,3198.82,runtime,9.930365562438965,2480,249.6383425577679,0,0.0,0,0.0,0.0,True,good,当前QC指标正常。,43518.42743973398,False,False,0.0,False,34679.13355982243,False,False,0.0,False
1789750830.1169903,3200.86,runtime,9.93041706085205,2490,250.64405500270485,0,0.0,0,0.0,0.0,True,good,当前QC指标正常。,43388.91751361242,False,False,0.0,False,34574.29543540578,False,False,0.0,False
1789750832.127432,3202.9,runtime,9.961841821670532,2495,250.3553102574533,0,0.0,0,0.0,0.0,True,good,当前QC指标正常。,43287.39358580106,False,False,0.0,False,34506.93967500236,False,False,0.0,False
1789750834.132465,3204.92,runtime,9.961792945861816,2500,250.8584562619421,0,0.0,0,0.0,0.0,True,good,当前QC指标正常。,43163.88441816473,False,False,0.0,False,34410.264849681014,False,False,0.0,False
1789750836.1412997,3206.92,runtime,9.983073234558105,2500,250.323717084363,0,0.0,0,0.0,0.0,True,good,当前QC指标正常。,43022.32770171618,False,False,0.0,False,34300.47294822168,False,False,0.0,False
1789750838.1552231,3208.92,runtime,9.935363054275513,2500,251.52578585687397,0,0.0,0,0.0,0.0,True,good,当前QC指标正常。,42935.195351886134,False,False,0.0,False,34241.65336416182,False,False,0.0,False
1789750840.1644318,3210.94,runtime,9.960389852523804,2520,252.90174755175127,0,0.0,0,0.0,0.0,True,good,当前QC指标正常。,42833.52543487851,False,False,0.0,False,34161.62435106217,False,False,0.0,False
1789750842.1772008,3212.96,runtime,9.961676597595215,2515,252.36715681041971,0,0.0,0,0.0,0.0,True,good,当前QC指标正常。,41684.497679381806,False,False,0.0,False,33163.620583585136,False,False,0.0,False
1789750844.1946805,3214.96,runtime,9.962130308151245,2495,250.348060390191,0,0.0,0,0.0,0.0,True,good,当前QC指标正常。,40724.83296209095,False,False,0.0,False,32354.544543788885,False,False,0.0,False
1789750846.2053819,3217.0,runtime,9.990198373794556,2505,250.64567352018568,0,0.0,0,0.0,0.0,True,good,当前QC指标正常。,39298.330112072275,False,False,0.0,False,31138.18121659939,False,False,0.0,False
1789750848.2111235,3218.98,runtime,9.960365533828735,2495,250.39241697802566,0,0.0,0,0.0,0.0,True,good,当前QC指标正常。,39217.878646351,False,False,0.0,False,31061.995257750143,False,False,0.0,False
1789750850.22561,3221.02,runtime,9.960245370864868,2505,251.39942910689285,0,0.0,0,0.0,0.0,True,good,当前QC指标正常。,39315.60454617059,False,False,0.0,False,31139.956971602296,False,False,0.0,False
1789750852.238123,3223.02,runtime,9.967331886291504,2500,250.71905184947047,0,0.0,0,0.0,0.0,True,good,当前QC指标正常。,40431.51321440101,False,False,0.0,False,32113.852953900503,False,False,0.0,False
1789750854.2556283,3225.02,runtime,9.929939270019531,2500,251.66317054374943,0,0.0,0,0.0,0.0,True,good,当前QC指标正常。,41245.113168651886,False,False,0.0,False,32805.78896558734,False,False,0.0,False
1789750856.273388,3227.056,runtime,9.902168989181519,2494,251.76302310369513,0,0.0,0,0.0,0.0,True,good,当前QC指标正常。,42473.79880851157,False,False,0.0,False,33853.737462155266,False,False,0.0,False
1789750858.2882013,3229.036,runtime,9.932274103164673,2499,251.50332885034598,0,0.0,0,0.0,0.0,True,good,当前QC指标正常。,42462.65751015493,False,False,0.0,False,33849.950843315535,False,False,0.0,False
1789750860.2949085,3231.076,runtime,9.963748455047607,2499,250.70885834482505,0,0.0,0,0.0,0.0,True,good,当前QC指标正常。,42379.26082595829,False,False,0.0,False,33787.86692272522,False,False,0.0,False
1789750862.3014393,3233.076,runtime,9.960172653198242,2494,250.29686600859173,0,0.0,0,0.0,0.0,True,good,当前QC指标正常。,42336.27626965797,False,False,0.0,False,33767.3248897895,False,False,0.0,False
1789750864.309764,3235.096,runtime,9.962202072143555,2519,252.75536289721185,0,0.0,0,0.0,0.0,True,good,当前QC指标正常。,42378.9784264352,False,False,0.0,False,33817.93722240619,False,False,0.0,False
1789750866.3175094,3237.096,runtime,9.959993362426758,2505,251.40579003256474,0,0.0,0,0.0,0.0,True,good,当前QC指标正常。,41958.145356437526,False,False,0.0,False,33611.61568705497,False,False,0.0,False
1789750868.3206387,3239.116,runtime,9.989949464797974,2505,250.65191859312756,0,0.0,0,0.0,0.0,True,good,当前QC指标正常。,41371.040443512145,False,False,0.0,False,33266.530166001205,False,False,0.0,False
1789750870.3257222,3241.116,runtime,9.990150213241577,2505,250.64688183377262,0,0.0,0,0.0,0.0,True,good,当前QC指标正常。,40708.880600978315,False,False,0.0,False,32666.045057417556,False,False,0.0,False
1789750872.335639,3243.116,runtime,9.990097522735596,2510,251.14869942860764,0,0.0,0,0.0,0.0,True,good,当前QC指标正常。,39606.64649934542,False,False,0.0,False,31783.22069616603,False,False,0.0,False
1789750874.3458104,3245.096,runtime,9.99031376838684,2495,249.64180883807336,0,0.0,0,0.0,0.0,True,good,当前QC指标正常。,38758.158239027594,False,False,0.0,False,31124.077012696325,False,False,0.0,False
1789750876.3558733,3247.116,runtime,9.990415811538696,2495,249.6392589705314,0,0.0,0,0.0,0.0,True,good,当前QC指标正常。,38860.61055751311,False,False,0.0,False,31249.352091267916,False,False,0.0,False
1789750878.3647459,3249.12,runtime,9.959077596664429,2496,250.52520936634178,0,0.0,0,0.0,0.0,True,good,当前QC指标正常。,41525.30323238109,False,False,0.0,False,31650.360904171626,False,False,0.0,False
1789750880.3756268,3251.136,runtime,9.989916324615479,2505,250.6527500966212,0,0.0,0,0.0,0.0,True,good,当前QC指标正常。,44323.5711017334,False,False,0.0,False,32194.73114348276,False,False,0.0,False
1789750882.3837585,3253.156,runtime,9.96233606338501,2500,250.8447801901282,0,0.0,0,0.0,0.0,True,good,当前QC指标正常。,44957.922745285316,False,False,0.0,False,32949.71069265905,False,False,0.0,False
1789750884.3909912,3255.156,runtime,9.960166931152344,2495,250.39740972608942,0,0.0,0,0.0,0.0,True,good,当前QC指标正常。,44896.34710861151,False,False,0.0,False,33426.968296138984,False,False,0.0,False
1789750886.397702,3257.136,runtime,9.930160760879517,2495,251.1540407105258,0,0.0,0,0.0,0.0,True,good,当前QC指标正常。,43913.09332059265,False,False,0.0,False,33430.11366614003,False,False,0.0,False
1789750888.4117517,3259.196,runtime,9.969173908233643,2505,251.17427211616007,0,0.0,0,0.0,0.0,True,good,当前QC指标正常。,42276.63625446162,False,False,0.0,False,33255.320791924976,False,False,0.0,False
1789750890.4257739,3261.216,runtime,9.990020036697388,2510,251.15064742447237,0,0.0,0,0.0,0.0,True,good,当前QC指标正常。,41241.10308085333,False,False,0.0,False,33380.85074032944,False,False,0.0,False
1789750892.4357173,3263.236,runtime,9.989991188049316,2505,250.6508717440561,0,0.0,0,0.0,0.0,True,good,当前QC指标正常。,41277.93082403939,False,False,0.0,False,33509.0465702151,False,False,0.0,False
1789750894.4405518,3265.216,runtime,9.967344522476196,2500,250.71873399828777,0,0.0,0,0.0,0.0,True,good,当前QC指标正常。,41221.37829084511,False,False,0.0,False,33493.62357036976,False,False,0.0,False
1789750896.451328,3267.236,runtime,9.967345476150513,2500,250.71871000955196,0,0.0,0,0.0,0.0,True,good,当前QC指标正常。,41205.0838265965,False,False,0.0,False,33502.59733281227,False,False,0.0,False
1789750898.4559884,3269.236,runtime,9.907030582427979,2505,252.7498001713374,0,0.0,0,0.0,0.0,True,good,当前QC指标正常。,41194.48089428004,False,False,0.0,False,33520.48203060991,False,False,0.0,False
1789750900.4660122,3271.256,runtime,9.965455055236816,2500,250.76627069696963,0,0.0,0,0.0,0.0,True,good,当前QC指标正常。,41052.98963288219,False,False,0.0,False,33411.79710798648,False,False,0.0,False
1789750902.4833717,3273.256,runtime,9.9316885471344,2505,252.1222839516531,0,0.0,0,0.0,0.0,True,good,当前QC指标正常。,40947.404431706316,False,False,0.0,False,33332.14249553573,False,False,0.0,False
1789750904.4959786,3275.296,runtime,9.959946155548096,2515,252.41100310563422,0,0.0,0,0.0,0.0,True,good,当前QC指标正常。,40945.17381221404,False,False,0.0,False,33370.37943214621,False,False,0.0,False
1789750906.5009449,3277.276,runtime,9.96187138557434,2495,250.354567276539,0,0.0,0,0.0,0.0,True,good,当前QC指标正常。,40924.04189091391,False,False,0.0,False,33404.99702113504,False,False,0.0,False
1789750908.5103602,3279.256,runtime,9.931874752044678,2490,250.60726822874895,0,0.0,0,0.0,0.0,True,good,当前QC指标正常。,40902.82320318923,False,False,0.0,False,33412.433756456216,False,False,0.0,False
1789750910.5224643,3281.276,runtime,9.905322074890137,2505,252.7933954159459,0,0.0,0,0.0,0.0,True,good,当前QC指标正常。,40757.729983835125,False,False,0.0,False,33298.72504835335,False,False,0.0,False
1789750912.5346014,3283.296,runtime,9.930179119110107,2495,251.15357639424934,0,0.0,0,0.0,0.0,True,good,当前QC指标正常。,40656.8693782921,False,False,0.0,False,33221.73424182655,False,False,0.0,False
1789750914.5463111,3285.316,runtime,9.99018144607544,2505,250.64609822313847,0,0.0,0,0.0,0.0,True,good,当前QC指标正常。,40536.50058528255,False,False,0.0,False,33118.018253687005,False,False,0.0,False
1789750916.5562658,3287.336,runtime,9.990271806716919,2500,250.14334428016338,0,0.0,0,0.0,0.0,True,good,当前QC指标正常。,40396.98404187871,False,False,0.0,False,33009.69328429721,False,False,0.0,False
1789750918.5661576,3289.356,runtime,9.990072250366211,2500,250.14834101008557,0,0.0,0,0.0,0.0,True,good,当前QC指标正常。,40298.05527493172,False,False,0.0,False,32952.74021380622,False,False,0.0,False
1789750920.576143,3291.336,runtime,9.960103273391724,2495,250.39901008483378,0,0.0,0,0.0,0.0,True,good,当前QC指标正常。,40330.67032336088,False,False,0.0,False,33000.248471025305,False,False,0.0,False
1789750922.579782,3293.336,runtime,9.937390089035034,2495,250.97132925796,0,0.0,0,0.0,0.0,True,good,当前QC指标正常。,40288.76829038823,False,False,0.0,False,32968.90161758273,False,False,0.0,False
1789750924.587068,3295.296,runtime,9.899877071380615,2480,250.40714971769685,0,0.0,0,0.0,0.0,True,good,当前QC指标正常。,40344.25711011758,False,False,0.0,False,33028.70641207547,False,False,0.0,False
1789750926.5986285,3297.376,runtime,9.963758945465088,2495,250.30713946919812,0,0.0,0,0.0,0.0,True,good,当前QC指标正常。,41012.036520832415,False,False,0.0,False,33742.20482680973,False,False,0.0,False
1789750928.605246,3299.396,runtime,9.961897611618042,2500,250.85582059040104,0,0.0,0,0.0,0.0,True,good,当前QC指标正常。,42260.71309513725,False,False,0.0,False,35049.74678181262,False,False,0.0,False
1789750930.6128082,3301.396,runtime,9.96009349822998,2505,251.4032624738903,0,0.0,0,0.0,0.0,True,good,当前QC指标正常。,43566.72946497999,False,False,0.0,False,36376.72602223602,False,False,0.0,False
1789750932.623415,3303.416,runtime,9.961870670318604,2505,251.35841277890393,0,0.0,0,0.0,0.0,True,good,当前QC指标正常。,44777.10517059155,False,False,0.0,False,37598.885617591266,False,False,0.0,False
1789750934.6333063,3305.416,runtime,9.965393543243408,2525,253.2765002252506,0,0.0,0,0.0,0.0,True,good,当前QC指标正常。,45830.23206284962,False,False,0.0,False,38641.20485068951,False,False,0.0,False
1789750936.6494892,3307.436,runtime,9.961762189865112,2500,250.85923076365245,0,0.0,0,0.0,0.0,True,good,当前QC指标正常。,46412.79706685538,False,False,0.0,False,39166.124125134476,False,False,0.0,False
1789750938.657244,3309.436,runtime,9.960230112075806,2495,250.39582137527813,0,0.0,0,0.0,0.0,True,good,当前QC指标正常。,46353.9468832183,False,False,0.0,False,39104.31433971067,False,False,0.0,False
1789750940.6711214,3311.456,runtime,9.96190857887268,2500,250.85554441845665,0,0.0,0,0.0,0.0,True,good,当前QC指标正常。,46177.08780280597,False,False,0.0,False,38963.991161337464,False,False,0.0,False
1789750942.6861856,3313.476,runtime,9.99011778831482,2500,250.14720075903563,0,0.0,0,0.0,0.0,True,good,当前QC指标正常。,46059.27516324717,False,False,0.0,False,38886.8751108821,False,False,0.0,False
1789750944.6934552,3315.476,runtime,9.965569496154785,2500,250.76339098977124,0,0.0,0,0.0,0.0,True,good,当前QC指标正常。,45785.114612156794,False,False,0.0,False,38637.53047670853,False,False,0.0,False
1789750946.7029285,3317.436,runtime,9.961865901947021,2485,249.35087707961503,0,0.0,0,0.0,0.0,True,good,当前QC指标正常。,45578.72021836966,False,False,0.0,False,38419.45927914837,False,False,0.0,False
1789750948.7198775,3319.496,runtime,9.934244155883789,2500,251.5541153193732,0,0.0,0,0.0,0.0,True,good,当前QC指标正常。,45392.83738913934,False,False,0.0,False,38213.97635141953,False,False,0.0,False
1789750950.7233684,3321.496,runtime,9.96233057975769,2495,250.34302767140863,0,0.0,0,0.0,0.0,True,good,当前QC指标正常。,45197.817511310706,False,False,0.0,False,38009.23702066044,False,False,0.0,False
1789750952.7385254,3323.476,runtime,9.992235898971558,2490,249.0933986312491,0,0.0,0,0.0,0.0,True,good,当前QC指标正常。,44984.14292295246,False,False,0.0,False,37806.73106342093,False,False,0.0,False
1789750954.7528782,3325.516,runtime,9.96032166481018,2495,250.3935198008015,0,0.0,0,0.0,0.0,True,good,当前QC指标正常。,44955.25337391324,False,False,0.0,False,37796.78484090805,False,False,0.0,False
1789750956.7564957,3327.536,runtime,9.958153009414673,2505,251.4522520022196,0,0.0,0,0.0,0.0,True,good,当前QC指标正常。,44903.4814852038,False,False,0.0,False,37764.707386542614,False,False,0.004,False
1789750958.7669556,3329.556,runtime,9.960407257080078,2500,250.89335561290986,0,0.0,0,0.0,0.0,True,good,当前QC指标正常。,44790.42301341411,False,False,0.0,False,37671.07782862528,False,False,0.004,False
1789750960.7749693,3331.556,runtime,9.961632251739502,2505,251.36442871224753,0,0.0,0,0.0,0.0,True,good,当前QC指标正常。,44541.345691875395,False,False,0.0,False,37402.953008331286,False,False,0.004,False
1789750962.7787971,3333.556,runtime,9.961952447891235,2505,251.3563493800908,0,0.0,0,0.0,0.0,True,good,当前QC指标正常。,44262.57617299685,False,False,0.0,False,37139.98092096303,False,False,0.004,False
1789750964.7866967,3335.556,runtime,9.969418287277222,2495,250.16504756178145,0,0.0,0,0.0,0.0,True,good,当前QC指标正常。,44021.95872971306,False,False,0.0,False,36930.50055084296,False,False,0.004,False
1789750966.795074,3337.556,runtime,9.937490701675415,2490,250.46564316084,0,0.0,0,0.0,0.0,True,good,当前QC指标正常。,43830.24060438593,False,False,0.0,False,36759.14698679439,False,False,0.0,False
1789750968.8100896,3339.556,runtime,9.930141687393188,2495,251.15452311886523,0,0.0,0,0.0,0.0,True,good,当前QC指标正常。,43840.29195930033,False,False,0.0,False,36800.782287152135,False,False,0.0,False
1789750970.8161173,3341.596,runtime,9.95838212966919,2495,250.44228746450494,0,0.0,0,0.0,0.0,True,good,当前QC指标正常。,44033.47640150274,False,False,0.0,False,37019.6024340626,False,False,0.0,False
