qc_timestamp,sample_time_sec,context,window_duration_sec,sample_count,estimated_sample_rate_hz,missing_packets,packet_loss_rate_pct,duplicate_packets_total,channel_0_saturation_rate_pct,channel_1_saturation_rate_pct,signal_alive,status,messages,channel_0_rms_counts,channel_0_constant_value,channel_0_near_zero_rms,channel_0_longest_unchanged_sec,channel_0_invalid_flatline,channel_1_rms_counts,channel_1_constant_value,channel_1_near_zero_rms,channel_1_longest_unchanged_sec,channel_1_invalid_flatline
1789637284.111148,0.0,runtime,0.0,0,,0,,0,,,False,bad,已连续 2.3 秒没有EEG，请立即重新连接耳机。,,,,0.0,False,,,,0.0,False
1789637286.1141136,0.0,runtime,0.0,0,,0,,0,,,False,bad,已连续 4.3 秒没有EEG，请立即重新连接耳机。,,,,0.0,False,,,,0.0,False
1789637288.1220083,0.0,runtime,0.0,0,,0,,0,,,False,bad,已连续 6.3 秒没有EEG，请立即重新连接耳机。,,,,0.0,False,,,,0.0,False
1789637290.1363788,0.0,runtime,0.0,0,,0,,0,,,False,bad,已连续 8.3 秒没有EEG，请立即重新连接耳机。,,,,0.0,False,,,,0.0,False
1789637292.1403863,0.0,runtime,0.0,0,,0,,0,,,False,bad,已连续 10.3 秒没有EEG，请立即重新连接耳机。,,,,0.0,False,,,,0.0,False
1789637294.1474726,0.0,runtime,0.0,0,,0,,0,,,False,bad,已连续 12.3 秒没有EEG，请立即重新连接耳机。,,,,0.0,False,,,,0.0,False
1789637296.152702,0.0,runtime,0.0,0,,0,,0,,,False,bad,已连续 14.3 秒没有EEG，请立即重新连接耳机。,,,,0.0,False,,,,0.0,False
1789637298.1623511,0.0,runtime,0.0,0,,0,,0,,,False,bad,已连续 16.4 秒没有EEG，请立即重新连接耳机。,,,,0.0,False,,,,0.0,False
1789637300.168962,0.0,runtime,0.0,0,,0,,0,,,False,bad,已连续 18.4 秒没有EEG，请立即重新连接耳机。,,,,0.0,False,,,,0.0,False
1789637302.1715157,0.0,runtime,0.0,0,,0,,0,,,False,bad,已连续 20.4 秒没有EEG，请立即重新连接耳机。,,,,0.0,False,,,,0.0,False
1789637304.184942,0.0,runtime,0.0,0,,0,,0,,,False,bad,已连续 22.4 秒没有EEG，请立即重新连接耳机。,,,,0.0,False,,,,0.0,False
1789637306.1896305,0.0,runtime,0.0,0,,0,,0,,,False,bad,已连续 24.4 秒没有EEG，请立即重新连接耳机。,,,,0.0,False,,,,0.0,False
1789637308.1913593,0.0,runtime,0.0,0,,0,,0,,,False,bad,已连续 26.4 秒没有EEG，请立即重新连接耳机。,,,,0.0,False,,,,0.0,False
1789637310.1946678,0.0,runtime,0.0,0,,0,,0,,,False,bad,已连续 28.4 秒没有EEG，请立即重新连接耳机。,,,,0.0,False,,,,0.0,False
1789637312.1983051,0.0,runtime,0.0,0,,0,,0,,,False,bad,已连续 30.4 秒没有EEG，请立即重新连接耳机。,,,,0.0,False,,,,0.0,False
1789637314.2140036,0.0,runtime,0.0,0,,0,,0,,,False,bad,已连续 32.4 秒没有EEG，请立即重新连接耳机。,,,,0.0,False,,,,0.0,False
1789637316.2209146,0.0,runtime,0.0,0,,0,,0,,,False,bad,已连续 34.4 秒没有EEG，请立即重新连接耳机。,,,,0.0,False,,,,0.0,False
1789637318.235513,0.0,runtime,0.0,0,,0,,0,,,False,bad,已连续 36.4 秒没有EEG，请立即重新连接耳机。,,,,0.0,False,,,,0.0,False
1789637320.236848,0.0,runtime,0.0,0,,0,,0,,,False,bad,已连续 38.4 秒没有EEG，请立即重新连接耳机。,,,,0.0,False,,,,0.0,False
1789637322.2433078,0.0,runtime,0.0,0,,0,,0,,,False,bad,已连续 40.4 秒没有EEG，请立即重新连接耳机。,,,,0.0,False,,,,0.0,False
1789637324.2519045,0.0,runtime,0.0,0,,0,,0,,,False,bad,已连续 42.4 秒没有EEG，请立即重新连接耳机。,,,,0.0,False,,,,0.0,False
1789637326.2566154,0.0,runtime,0.0,0,,0,,0,,,False,bad,已连续 44.5 秒没有EEG，请立即重新连接耳机。,,,,0.0,False,,,,0.0,False
1789637328.26583,0.0,runtime,0.0,0,,0,,0,,,False,bad,已连续 46.5 秒没有EEG，请立即重新连接耳机。,,,,0.0,False,,,,0.0,False
1789637330.2730074,0.0,runtime,0.0,0,,0,,0,,,False,bad,已连续 48.5 秒没有EEG，请立即重新连接耳机。,,,,0.0,False,,,,0.0,False
1789637332.2863739,0.0,runtime,0.0,0,,0,,0,,,False,bad,已连续 50.5 秒没有EEG，请立即重新连接耳机。,,,,0.0,False,,,,0.0,False
1789637334.3009775,0.0,runtime,0.0,0,,0,,0,,,False,bad,已连续 52.5 秒没有EEG，请立即重新连接耳机。,,,,0.0,False,,,,0.0,False
1789637336.3162684,0.0,runtime,0.0,0,,0,,0,,,False,bad,已连续 54.5 秒没有EEG，请立即重新连接耳机。,,,,0.0,False,,,,0.0,False
1789637338.3214903,0.0,runtime,0.0,0,,0,,0,,,False,bad,已连续 56.5 秒没有EEG，请立即重新连接耳机。,,,,0.0,False,,,,0.0,False
1789637340.328476,0.0,runtime,0.0,0,,0,,0,,,False,bad,已连续 58.5 秒没有EEG，请立即重新连接耳机。,,,,0.0,False,,,,0.0,False
1789637342.3379917,0.0,runtime,0.0,0,,0,,0,,,False,bad,已连续 60.5 秒没有EEG，请立即重新连接耳机。,,,,0.0,False,,,,0.0,False
1789637344.3432322,0.0,runtime,0.0,0,,0,,0,,,False,bad,已连续 62.5 秒没有EEG，请立即重新连接耳机。,,,,0.0,False,,,,0.0,False
1789637346.3441005,0.0,runtime,0.0,0,,0,,0,,,False,bad,已连续 64.5 秒没有EEG，请立即重新连接耳机。,,,,0.0,False,,,,0.0,False
1789637348.347705,0.0,runtime,0.0,0,,0,,0,,,False,bad,已连续 66.5 秒没有EEG，请立即重新连接耳机。,,,,0.0,False,,,,0.0,False
1789637350.3635316,0.0,runtime,0.0,0,,0,,0,,,False,bad,已连续 68.6 秒没有EEG，请立即重新连接耳机。,,,,0.0,False,,,,0.0,False
1789637352.3709493,0.0,runtime,0.0,0,,0,,0,,,False,bad,已连续 70.6 秒没有EEG，请立即重新连接耳机。,,,,0.0,False,,,,0.0,False
1789637354.3757715,0.0,runtime,0.0,0,,0,,0,,,False,bad,已连续 72.6 秒没有EEG，请立即重新连接耳机。,,,,0.0,False,,,,0.0,False
1789637356.3864634,0.0,runtime,0.0,0,,0,,0,,,False,bad,已连续 74.6 秒没有EEG，请立即重新连接耳机。,,,,0.0,False,,,,0.0,False
1789637358.3895907,0.0,runtime,0.0,0,,0,,0,,,False,bad,已连续 76.6 秒没有EEG，请立即重新连接耳机。,,,,0.0,False,,,,0.0,False
1789637360.3955107,0.0,runtime,0.0,0,,0,,0,,,False,bad,已连续 78.6 秒没有EEG，请立即重新连接耳机。,,,,0.0,False,,,,0.0,False
1789637362.4035287,0.0,runtime,0.0,0,,0,,0,,,False,bad,已连续 80.6 秒没有EEG，请立即重新连接耳机。,,,,0.0,False,,,,0.0,False
1789637364.4120505,0.0,runtime,0.0,0,,0,,0,,,False,bad,已连续 82.6 秒没有EEG，请立即重新连接耳机。,,,,0.0,False,,,,0.0,False
1789637366.4206417,0.0,runtime,0.0,0,,0,,0,,,False,bad,已连续 84.6 秒没有EEG，请立即重新连接耳机。,,,,0.0,False,,,,0.0,False
1789637368.4264872,0.0,runtime,0.0,0,,0,,0,,,False,bad,已连续 86.6 秒没有EEG，请立即重新连接耳机。,,,,0.0,False,,,,0.0,False
1789637370.432603,0.0,runtime,0.0,0,,0,,0,,,False,bad,已连续 88.6 秒没有EEG，请立即重新连接耳机。,,,,0.0,False,,,,0.0,False
1789637372.4397926,0.0,runtime,0.0,0,,0,,0,,,False,bad,已连续 90.6 秒没有EEG，请立即重新连接耳机。,,,,0.0,False,,,,0.0,False
1789637374.4480817,0.0,runtime,0.0,0,,0,,0,,,False,bad,已连续 92.6 秒没有EEG，请立即重新连接耳机。,,,,0.0,False,,,,0.0,False
1789637376.4537992,0.0,runtime,0.0,0,,0,,0,,,False,bad,已连续 94.6 秒没有EEG，请立即重新连接耳机。,,,,0.0,False,,,,0.0,False
1789637378.468977,0.0,runtime,0.0,0,,0,,0,,,False,bad,已连续 96.7 秒没有EEG，请立即重新连接耳机。,,,,0.0,False,,,,0.0,False
1789637380.4859905,0.0,runtime,0.0,0,,0,,0,,,False,bad,已连续 98.7 秒没有EEG，请立即重新连接耳机。,,,,0.0,False,,,,0.0,False
1789637382.4892318,0.0,runtime,0.0,0,,0,,0,,,False,bad,已连续 100.7 秒没有EEG，请立即重新连接耳机。,,,,0.0,False,,,,0.0,False
1789637384.5064275,0.0,runtime,0.0,0,,0,,0,,,False,bad,已连续 102.7 秒没有EEG，请立即重新连接耳机。,,,,0.0,False,,,,0.0,False
1789637386.520565,0.0,runtime,0.0,0,,0,,0,,,False,bad,已连续 104.7 秒没有EEG，请立即重新连接耳机。,,,,0.0,False,,,,0.0,False
1789637388.5212426,0.056,runtime,0.002684354782104492,15,5215.405986322054,0,0.0,0,0.0,0.0,True,waiting,等待至少2秒EEG数据。,21591.01415208548,False,False,0.0,False,48068.640777491884,False,False,0.0,False
1789637390.52453,2.072,runtime,1.979313611984253,519,261.706885085637,0,0.0,0,0.0,0.0,True,good,当前QC指标正常。,28124.36896410729,False,False,0.0,False,53829.95335486766,False,False,0.0,False
1789637392.5376163,4.092,runtime,3.9910764694213867,1024,256.32182390840313,0,0.0,0,0.0,0.0,True,good,当前QC指标正常。,42497.39550283332,False,False,0.0,False,59662.71324205327,False,False,0.0,False
1789637394.5476186,6.112,runtime,6.029181957244873,1529,253.43404973271745,0,0.0,0,0.0,0.0,True,good,当前QC指标正常。,40464.112884309776,False,False,0.0,False,57544.8906795058,False,False,0.0,False
1789637396.5575812,8.112,runtime,8.039141654968262,2029,252.26573769186885,0,0.0,0,0.0,0.0,True,good,当前QC指标正常。,38892.29271114932,False,False,0.0,False,56189.96415431073,False,False,0.0,False
1789637398.566937,10.092,runtime,9.931644916534424,2490,250.61306771613002,0,0.0,0,0.0,0.0,True,good,当前QC指标正常。,38733.246722498174,False,False,0.0,False,55316.67813104469,False,False,0.0,False
1789637400.5730867,12.132,runtime,9.958791494369507,2500,250.93406176973204,0,0.0,0,0.0,0.0,True,good,当前QC指标正常。,64787.929768928596,False,False,0.0,False,63378.77432471229,False,False,0.0,False
1789637402.584789,14.132,runtime,9.959606885910034,2495,250.4114899884542,0,0.0,0,0.0,0.0,True,good,当前QC指标正常。,71505.01243380633,False,False,0.0,False,67897.0879956234,False,False,0.0,False
1789637404.5908742,16.152,runtime,9.959232330322266,2500,250.92295441200298,0,0.0,0,0.0,0.0,True,good,当前QC指标正常。,69530.76256162793,False,False,0.0,False,66260.00424893976,False,False,0.0,False
1789637406.6037598,18.172,runtime,9.962079524993896,2500,250.85123981697296,0,0.0,0,0.0,0.0,True,good,当前QC指标正常。,62189.353956083425,False,False,0.0,False,65516.398787931525,False,False,0.0,False
1789637408.6091576,20.172,runtime,9.930407047271729,2505,252.15481984577326,0,0.0,0,0.0,0.0,True,good,当前QC指标正常。,49584.56054057771,False,False,0.0,False,65821.13629114485,False,False,0.0,False
1789637410.628003,22.212,runtime,9.989441633224487,2515,251.66571789543627,0,0.0,0,0.0,0.0,True,good,当前QC指标正常。,35374.344760641645,False,False,0.0,False,58010.37348605897,False,False,0.0,False
1789637412.6392045,24.212,runtime,9.991236925125122,2505,250.61961984938537,0,0.0,0,0.0,0.0,True,good,当前QC指标正常。,23406.777031124013,False,False,0.0,False,48789.65503013355,False,False,0.0,False
1789637414.6470633,26.232,runtime,9.989860773086548,2505,250.65414392420445,0,0.0,0,0.0,0.0,True,good,当前QC指标正常。,17591.710335305477,False,False,0.0,False,50335.202965987504,False,False,0.0,False
1789637416.6572258,28.232,runtime,9.989517211914062,2500,250.16223977466612,0,0.0,0,0.0,0.0,True,good,当前QC指标正常。,20249.411770830455,False,False,0.0,False,52107.51204320068,False,False,0.0,False
1789637418.6675246,30.252,runtime,9.990256071090698,2505,250.64422595192025,0,0.0,0,0.0,0.0,True,good,当前QC指标正常。,25622.38871278683,False,False,0.0,False,51890.05455195884,False,False,0.0,False
1789637420.6751206,32.232,runtime,9.96321439743042,2495,250.3208202207532,0,0.0,0,0.0,0.0,True,good,当前QC指标正常。,27055.881109101963,False,False,0.0,False,50137.18210556081,False,False,0.0,False
1789637422.6857836,34.212,runtime,9.928466081619263,2490,250.69330745944006,0,0.0,0,0.0,0.0,True,good,当前QC指标正常。,42303.42474198393,False,False,0.0,False,40622.60266607953,False,False,0.0,False
1789637424.6968277,36.212,runtime,9.990029096603394,2485,248.64792444343922,0,0.0,0,0.0,0.0,True,good,当前QC指标正常。,52804.84255576855,False,False,0.0,False,37773.40693758684,False,False,0.0,False
1789637426.7053435,38.272,runtime,9.961977005004883,2500,250.85382135940546,0,0.0,0,0.0,0.0,True,good,当前QC指标正常。,52966.74585201527,False,False,0.0,False,39402.93964614358,False,False,0.0,False
1789637428.712503,40.272,runtime,9.959904193878174,2495,250.40401508409386,0,0.0,0,0.0,0.0,True,good,当前QC指标正常。,51657.018205789595,False,False,0.0,False,41235.13719408809,False,False,0.0,False
1789637430.727001,42.312,runtime,9.980018138885498,2505,250.90134758809467,0,0.0,0,0.0,0.0,True,good,当前QC指标正常。,48837.497401147346,False,False,0.0,False,42561.03006747305,False,False,0.0,False
1789637432.7372603,44.312,runtime,9.959871053695679,2500,250.90686280247863,0,0.0,0,0.0,0.0,True,good,当前QC指标正常。,38785.704280397906,False,False,0.0,False,40735.989968016635,False,False,0.0,False
1789637434.7495184,46.312,runtime,9.93163013458252,2500,251.62032477411086,0,0.0,0,0.0,0.0,True,good,当前QC指标正常。,24638.433634882073,False,False,0.0,False,39041.2184148248,False,False,0.0,False
1789637436.7562985,48.312,runtime,9.961164951324463,2495,250.37232213169918,0,0.0,0,0.0,0.0,True,good,当前QC指标正常。,21338.36521845244,False,False,0.0,False,40015.83771072844,False,False,0.0,False
1789637438.7610376,50.332,runtime,9.934191226959229,2500,251.55545558839847,0,0.0,0,0.0,0.0,True,good,当前QC指标正常。,25115.26471870062,False,False,0.0,False,42252.82636846321,False,False,0.0,False
1789637440.773421,52.332,runtime,9.960272312164307,2495,250.39476048803618,0,0.0,0,0.0,0.0,True,good,当前QC指标正常。,24316.833468247212,False,False,0.0,False,42596.46101699538,False,False,0.0,False
1789637442.790092,54.252,runtime,9.872267484664917,2475,250.6009894730858,0,0.0,0,0.0,0.0,True,good,当前QC指标正常。,26725.078331623525,False,False,0.0,False,43251.44317591078,False,False,0.0,False
1789637444.7979014,56.352,runtime,9.990869998931885,2495,249.62791030877506,0,0.0,0,0.0,0.0,True,good,当前QC指标正常。,26898.9302591638,False,False,0.0,False,43416.15289881674,False,False,0.0,False
1789637446.8078845,58.392,runtime,9.991033554077148,2505,250.62472130104757,0,0.0,0,0.0,0.0,True,good,当前QC指标正常。,26257.251637923375,False,False,0.0,False,44136.63424438206,False,False,0.0,False
1789637448.8150034,60.372,runtime,9.96627163887024,2495,250.24403210855246,0,0.0,0,0.0,0.0,True,good,当前QC指标正常。,25332.7357121676,False,False,0.0,False,42691.9433975293,False,False,0.0,False
1789637450.8208787,62.392,runtime,9.96176791191101,2500,250.85908666994888,0,0.0,0,0.0,0.0,True,good,当前QC指标正常。,23155.424505021627,False,False,0.0,False,40667.94099470699,False,False,0.0,False
1789637452.8369398,64.392,runtime,9.96101975440979,2495,250.37597168662322,0,0.0,0,0.0,0.0,True,good,当前QC指标正常。,22477.672287998088,False,False,0.0,False,39683.282139137715,False,False,0.0,False
1789637454.8426514,66.412,runtime,9.962469816207886,2505,251.3432960094149,0,0.0,0,0.0,0.0,True,good,当前QC指标正常。,20478.764105196213,False,False,0.0,False,37901.18586477663,False,False,0.0,False
1789637456.8524568,68.412,runtime,9.899815082550049,2505,252.9340173649997,0,0.0,0,0.0,0.0,True,good,当前QC指标正常。,18219.069510947476,False,False,0.0,False,36307.11889492681,False,False,0.0,False
1789637458.868642,70.452,baseline,0.6312978267669678,170,267.70248975113816,0,0.0,0,0.0,0.0,True,waiting,等待至少2秒EEG数据。,9331.69579419136,False,False,0.0,False,41055.11442232174,False,False,0.0,False
1789637460.8729196,72.432,baseline,2.6100246906280518,665,254.40372360623965,0,0.0,0,0.0,0.0,True,good,当前QC指标正常。,9922.73326979423,False,False,0.0,False,42329.21254198831,False,False,0.0,False
1789637462.8810923,74.452,baseline,4.621963977813721,1170,252.92278468880664,0,0.0,0,0.0,0.0,True,good,当前QC指标正常。,9496.651682356822,False,False,0.0,False,42469.43217955459,False,False,0.0,False
1789637464.8922539,76.452,baseline,6.632702827453613,1670,251.63195810489105,0,0.0,0,0.0,0.0,True,good,当前QC指标正常。,11653.321292298897,False,False,0.0,False,42736.135580890244,False,False,0.0,False
1789637466.903436,78.472,baseline,8.643853187561035,2175,251.50820505934803,0,0.0,0,0.0,0.0,True,good,当前QC指标正常。,14359.221425110274,False,False,0.0,False,43242.862897820785,False,False,0.0,False
1789637468.9099135,80.472,baseline,10.64987063407898,2675,251.08286211884607,0,0.0,0,0.0,0.0,True,good,当前QC指标正常。,16140.469101623106,False,False,0.0,False,43516.72423225866,False,False,0.0,False
1789637470.915397,82.492,baseline,12.661718606948853,3180,251.07176195302108,0,0.0,0,0.0,0.0,True,good,当前QC指标正常。,17926.568499586367,False,False,0.0,False,43482.25924552556,False,False,0.0,False
1789637472.9219482,84.492,baseline,14.67420744895935,3680,250.71200695482216,0,0.0,0,0.0,0.0,True,good,当前QC指标正常。,19019.81056382285,False,False,0.0,False,43374.54314583863,False,False,0.0,False
1789637474.9388916,86.512,baseline,16.6813907623291,4185,250.8184155393419,0,0.0,0,0.0,0.0,True,good,当前QC指标正常。,20090.30133818292,False,False,0.0,False,43432.76723595531,False,False,0.0,False
1789637476.9550502,88.512,baseline,18.690387725830078,4685,250.61010337023248,0,0.0,0,0.0,0.0,True,good,当前QC指标正常。,21085.695933144045,False,False,0.0,False,43567.30360919417,False,False,0.0,False
1789637478.9681072,90.552,baseline,20.730906009674072,5195,250.54380149021085,0,0.0,0,0.0,0.0,True,good,当前QC指标正常。,22273.50003835052,False,False,0.0,False,43705.78460097366,False,False,0.0,False
1789637480.976785,92.552,baseline,22.739638805389404,5695,250.39975563070485,0,0.0,0,0.0,0.0,True,good,当前QC指标正常。,23391.333162140098,False,False,0.0,False,43870.824198181115,False,False,0.0,False
1789637482.986488,94.572,baseline,24.749385356903076,6200,250.47086667431037,0,0.0,0,0.0,0.0,True,good,当前QC指标正常。,24603.691566994705,False,False,0.0,False,44067.39374207831,False,False,0.0,False
1789637484.9968872,96.572,baseline,26.759753942489624,6700,250.33862472715813,0,0.0,0,0.0,0.0,True,good,当前QC指标正常。,25740.734392450933,False,False,0.0,False,44232.90886162164,False,False,0.0,False
1789637487.0071895,98.592,baseline,28.770012617111206,7205,250.39961211957763,0,0.0,0,0.0,0.0,True,good,当前QC指标正常。,26775.430216297704,False,False,0.0,False,44318.69410222439,False,False,0.0,False
1789637489.016982,100.572,baseline,30.779849767684937,7700,250.1311753666519,0,0.0,0,0.0,0.0,True,good,当前QC指标正常。,27849.3911314648,False,False,0.0,False,44516.35516399149,False,False,0.0,False
1789637491.0595856,102.612,runtime,9.964343786239624,2505,251.29602648374376,0,0.0,0,0.0,0.0,True,good,当前QC指标正常。,9213.520530394708,False,False,0.0,False,41291.22439063458,False,False,0.0,False
1789637493.065537,104.632,runtime,9.961682558059692,2500,250.8612360848756,0,0.0,0,0.0,0.0,True,good,当前QC指标正常。,9392.581683082955,False,False,0.0,False,40504.523352442724,False,False,0.0,False
1789637495.068853,106.628,runtime,9.960085153579712,2494,250.29906487335617,0,0.0,0,0.0,0.0,True,good,当前QC指标正常。,15426.549267004382,False,False,0.0,False,41331.397061819465,False,False,0.0,False
1789637497.0812392,108.648,runtime,9.936804294586182,2499,251.38866842340576,0,0.0,0,0.0,0.0,True,good,当前QC指标正常。,61042.43949220032,False,False,0.0,False,46327.500449426654,False,False,0.0,False
1789637499.096316,110.648,runtime,9.96141791343689,2494,250.2655768148437,0,0.0,0,0.0,0.0,True,good,当前QC指标正常。,88856.3471239979,False,False,0.0,False,50367.65039066335,False,False,0.0,False
1789637501.1016293,112.668,runtime,9.962258338928223,2499,250.74635840739944,0,0.0,0,0.0,0.0,True,good,当前QC指标正常。,84415.30044507115,False,False,0.0,False,47115.3218603305,False,False,0.0,False
1789637503.107535,114.668,runtime,9.930529117584229,2494,251.0440249941551,0,0.0,0,0.0,0.0,True,good,当前QC指标正常。,80151.78791585959,False,False,0.0,False,45169.669882658774,False,False,0.0,False
1789637505.1266263,116.688,runtime,9.933261394500732,2505,252.08236253465236,0,0.0,0,0.0,0.0,True,good,当前QC指标正常。,76796.91230963939,False,False,0.0,False,44569.37129264897,False,False,0.0,False
1789637507.1360383,118.688,runtime,9.96008825302124,2500,250.9013912845568,0,0.0,0,0.0,0.0,True,good,当前QC指标正常。,66674.97606126925,False,False,0.0,False,43905.85876828175,False,False,0.0,False
1789637509.145951,120.708,runtime,9.962222337722778,2500,250.84764375688846,0,0.0,0,0.0,0.0,True,good,当前QC指标正常。,16922.036001144937,False,False,0.0,False,39930.800577893504,False,False,0.0,False
1789637511.157733,122.728,runtime,9.990689754486084,2500,250.13287985225273,0,0.0,0,0.0,0.0,True,good,当前QC指标正常。,22538.84256023957,False,False,0.0,False,42114.25555684042,False,False,0.0,False
1789637513.167781,124.708,runtime,9.991010904312134,2495,249.62438975255108,0,0.0,0,0.0,0.0,True,good,当前QC指标正常。,25850.324156605544,False,False,0.0,False,44189.74044979733,False,False,0.0,False
1789637515.178647,126.728,runtime,9.991104125976562,2495,249.62206064049286,0,0.0,0,0.0,0.0,True,good,当前QC指标正常。,22182.789930596242,False,False,0.0,False,45045.531362495676,False,False,0.0,False
1789637517.1876664,128.768,runtime,9.990618228912354,2505,250.63514015114183,0,0.0,0,0.0,0.0,True,good,当前QC指标正常。,15645.965714882714,False,False,0.0,False,46702.739492249064,False,False,0.0,False
1789637519.1976824,130.768,runtime,9.99055528640747,2500,250.13624652074986,0,0.0,0,0.0,0.0,True,good,当前QC指标正常。,9454.259978810347,False,False,0.0,False,48153.22318187366,False,False,0.0,False
1789637521.2076378,132.788,runtime,9.960332155227661,2505,251.39723866395164,0,0.0,0,0.0,0.0,True,good,当前QC指标正常。,9870.691149393888,False,False,0.0,False,49048.18214721656,False,False,0.0,False
1789637523.2179568,134.768,runtime,9.962002038955688,2495,250.35128383304814,0,0.0,0,0.0,0.0,True,good,当前QC指标正常。,12028.408901998702,False,False,0.0,False,49164.760762003134,False,False,0.0,False
1789637525.2280009,136.808,runtime,9.988021612167358,2510,251.20089817822867,0,0.0,0,0.0,0.0,True,good,当前QC指标正常。,13309.635472103331,False,False,0.0,False,49104.8141690877,False,False,0.0,False
1789637527.2384932,138.808,runtime,9.991121053695679,2510,251.12297073729582,0,0.0,0,0.0,0.0,True,good,当前QC指标正常。,13108.332258325423,False,False,0.0,False,48933.2314775398,False,False,0.0,False
1789637529.2508392,140.788,runtime,9.993785619735718,2495,249.555083018276,0,0.0,0,0.0,0.0,True,good,当前QC指标正常。,12590.909505642192,False,False,0.0,False,48842.73375885269,False,False,0.0,False
1789637531.2575104,142.828,runtime,9.989837646484375,2500,250.1542155571916,0,0.0,0,0.0,0.0,True,good,当前QC指标正常。,12058.16195347267,False,False,0.0,False,48859.77869409046,False,False,0.0,False
1789637533.2683249,144.828,runtime,9.963411092758179,2500,250.81771460944506,0,0.0,0,0.0,0.0,True,good,当前QC指标正常。,11620.149526107656,False,False,0.0,False,48714.709728301925,False,False,0.0,False
1789637535.278046,146.848,runtime,9.990875005722046,2500,250.12824187758878,0,0.0,0,0.0,0.0,True,good,当前QC指标正常。,11323.076088267208,False,False,0.0,False,48740.11310786385,False,False,0.0,False
1789637537.2897944,148.848,runtime,9.957345962524414,2500,250.97049047057982,0,0.0,0,0.0,0.0,True,good,当前QC指标正常。,10784.3570510273,False,False,0.0,False,48762.12142398739,False,False,0.0,False
1789637539.3096547,150.848,runtime,9.92957854270935,2490,250.66522101560014,0,0.0,0,0.0,0.0,True,good,当前QC指标正常。,10931.677673420285,False,False,0.0,False,48789.519434674075,False,False,0.0,False
1789637541.3255472,152.888,runtime,9.960572957992554,2495,250.38720267580257,0,0.0,0,0.0,0.0,True,good,当前QC指标正常。,11274.60816142341,False,False,0.0,False,48734.31980244319,False,False,0.0,False
1789637543.3347356,154.908,runtime,9.963096380233765,2500,250.8256373950049,0,0.0,0,0.0,0.0,True,good,当前QC指标正常。,12231.274344980537,False,False,0.0,False,48729.60440967073,False,False,0.0,False
1789637545.3437178,156.908,runtime,9.957491397857666,2495,250.46469038743825,0,0.0,0,0.0,0.0,True,good,当前QC指标正常。,12619.907539871596,False,False,0.0,False,48722.03931765535,False,False,0.0,False
1789637547.3538535,158.928,runtime,9.963654041290283,2500,250.81159880139535,0,0.0,0,0.0,0.0,True,good,当前QC指标正常。,12678.087376951153,False,False,0.0,False,48374.30083190251,False,False,0.0,False
1789637549.3601043,160.928,runtime,9.956067562103271,2505,251.50492243857542,0,0.0,0,0.0,0.0,True,good,当前QC指标正常。,12522.876611365002,False,False,0.0,False,48217.83731019357,False,False,0.0,False
1789637551.3673007,162.948,runtime,9.961622714996338,2505,251.364669355571,0,0.0,0,0.0,0.0,True,good,当前QC指标正常。,11631.675221702251,False,False,0.0,False,48044.22537418941,False,False,0.0,False
1789637553.3831608,164.948,runtime,9.960176706314087,2495,250.39716397992925,0,0.0,0,0.0,0.0,True,good,当前QC指标正常。,11374.981369773468,False,False,0.0,False,47895.74150345255,False,False,0.0,False
1789637555.395879,166.968,runtime,9.96171522140503,2500,250.86041353905856,0,0.0,0,0.0,0.0,True,good,当前QC指标正常。,11316.303162542219,False,False,0.0,False,47863.874922746174,False,False,0.0,False
1789637557.4049165,168.968,runtime,9.959890604019165,2495,250.4043567500213,0,0.0,0,0.0,0.0,True,good,当前QC指标正常。,11782.130366595753,False,False,0.0,False,47692.30509258627,False,False,0.0,False
1789637559.4193692,170.988,runtime,9.961088418960571,2500,250.87619895464877,0,0.0,0,0.0,0.0,True,good,当前QC指标正常。,12387.948529618996,False,False,0.0,False,47595.02656871277,False,False,0.0,False
1789637561.438751,172.988,runtime,9.964449644088745,2495,250.28978910837557,0,0.0,0,0.0,0.0,True,good,当前QC指标正常。,12244.656703603176,False,False,0.0,False,47497.97498155912,False,False,0.0,False
1789637563.4577234,174.968,runtime,9.928995609283447,2485,250.17636201566057,0,0.0,0,0.0,0.0,True,good,当前QC指标正常。,12175.42708414154,False,False,0.0,False,47381.07597968608,False,False,0.0,False
1789637565.4736483,177.048,runtime,9.963867425918579,2500,250.80622745937575,0,0.0,0,0.0,0.0,True,good,当前QC指标正常。,13457.93096784849,False,False,0.0,False,46388.14253951559,False,False,0.0,False
1789637567.4917688,179.048,runtime,9.95953369140625,2495,250.41333031003143,0,0.0,0,0.0,0.0,True,good,当前QC指标正常。,14544.116216632725,False,False,0.0,False,45340.99032540595,False,False,0.0,False
1789637569.5011501,181.068,runtime,9.962398529052734,2500,250.84320735737674,0,0.0,0,0.0,0.0,True,good,当前QC指标正常。,16170.348273302094,False,False,0.0,False,44455.44098122418,False,False,0.0,False
1789637571.5195642,183.108,runtime,9.992345571517944,2505,250.5918137116244,0,0.0,0,0.0,0.0,True,good,当前QC指标正常。,15940.749483430718,False,False,0.0,False,43143.03511392487,False,False,0.0,False
1789637573.5270452,185.108,runtime,9.989526748657227,2510,251.16304937441157,0,0.0,0,0.0,0.0,True,good,当前QC指标正常。,14390.201977867147,False,False,0.0,False,41480.455021825466,False,False,0.0,False
1789637575.5349944,187.088,runtime,9.959897756576538,2505,251.40820329672604,0,0.0,0,0.0,0.0,True,good,当前QC指标正常。,13313.537700027415,False,False,0.0,False,40923.697803044255,False,False,0.0,False
1789637577.5469975,189.128,runtime,9.990092515945435,2505,250.6483294327158,0,0.0,0,0.0,0.0,True,good,当前QC指标正常。,12424.95804611765,False,False,0.0,False,40917.713230907815,False,False,0.0,False
1789637579.557645,191.128,runtime,9.991205215454102,2500,250.11997512918867,0,0.0,0,0.0,0.0,True,good,当前QC指标正常。,11634.75599697373,False,False,0.0,False,39512.66719991451,False,False,0.0,False
1789637581.5673242,193.148,runtime,9.990519762039185,2510,251.13808488056912,0,0.0,0,0.0,0.0,True,good,当前QC指标正常。,10842.856892820342,False,False,0.0,False,37291.257519085295,False,False,0.0,False
1789637583.5770128,195.148,runtime,9.989751815795898,2500,250.15636485068183,0,0.0,0,0.0,0.0,True,good,当前QC指标正常。,10490.427148309385,False,False,0.0,False,35039.683186322705,False,False,0.0,False
1789637585.5866365,197.148,runtime,9.961877584457397,2500,250.8563249059555,0,0.0,0,0.0,0.0,True,good,当前QC指标正常。,10569.852959920387,False,False,0.0,False,32654.20034358361,False,False,0.0,False
1789637587.59904,199.148,runtime,9.961248636245728,2495,250.3702187419707,0,0.0,0,0.0,0.0,True,good,当前QC指标正常。,11080.795019913623,False,False,0.0,False,30181.88391257357,False,False,0.0,False
1789637589.6072333,201.188,runtime,9.990512609481812,2505,250.6377898591009,0,0.0,0,0.0,0.0,True,good,当前QC指标正常。,11386.857204394963,False,False,0.0,False,28965.815309535672,False,False,0.0,False
1789637591.6176474,203.188,runtime,9.990007638931274,2500,250.14995887103663,0,0.0,0,0.0,0.0,True,good,当前QC指标正常。,11062.465510930373,False,False,0.0,False,29105.90763328912,False,False,0.0,False
1789637593.6268947,205.208,runtime,9.990312099456787,2505,250.64282027146604,0,0.0,0,0.0,0.0,True,good,当前QC指标正常。,11179.112552735689,False,False,0.0,False,29190.524231864518,False,False,0.0,False
1789637595.6384692,207.228,runtime,9.991936206817627,2505,250.60208033468913,0,0.0,0,0.0,0.0,True,good,当前QC指标正常。,11476.250811608974,False,False,0.0,False,31682.137523053276,False,False,0.0,False
1789637597.6465147,209.208,runtime,9.934717893600464,2495,251.03883438970442,0,0.0,0,0.0,0.0,True,good,当前QC指标正常。,12052.77824773361,False,False,0.0,False,34362.442694163976,False,False,0.0,False
1789637599.6565115,211.228,runtime,9.960208892822266,2510,251.90234733009345,0,0.0,0,0.0,0.0,True,good,当前QC指标正常。,12950.76947547525,False,False,0.0,False,36956.33098312887,False,False,0.0,False
1789637601.6675696,213.228,runtime,9.961414337158203,2500,250.86799077096876,0,0.0,0,0.0,0.0,True,good,当前QC指标正常。,13947.54815094146,False,False,0.0,False,39430.104344385436,False,False,0.0,False
1789637603.673396,215.208,runtime,9.931266069412231,2490,250.62262783050258,0,0.0,0,0.0,0.0,True,good,当前QC指标正常。,15195.305153488804,False,False,0.0,False,41619.51913073832,False,False,0.0,False
1789637605.6856349,217.248,runtime,9.959487915039062,2500,250.91651511785568,0,0.0,0,0.0,0.0,True,good,当前QC指标正常。,15340.489017635697,False,False,0.0,False,42119.633486488055,False,False,0.0,False
1789637607.6975288,219.248,runtime,9.990081071853638,2495,249.6476236841233,0,0.0,0,0.0,0.0,True,good,当前QC指标正常。,15256.425092215062,False,False,0.0,False,41979.136492162404,False,False,0.0,False
1789637609.707171,221.248,runtime,9.990572214126587,2495,249.63535086343748,0,0.0,0,0.0,0.0,True,good,当前QC指标正常。,15029.012269874182,False,False,0.0,False,41675.207108527655,False,False,0.0,False
1789637611.7173462,223.288,runtime,9.990504741668701,2500,250.13751202950687,0,0.0,0,0.0,0.0,True,good,当前QC指标正常。,14707.157289816547,False,False,0.0,False,40964.75876919374,False,False,0.0,False
1789637613.7272391,225.308,runtime,9.99075698852539,2505,250.631659130124,0,0.0,0,0.0,0.0,True,good,当前QC指标正常。,14591.469150824607,False,False,0.0,False,40082.091449930056,False,False,0.0,False
1789637615.7381222,227.308,runtime,9.991490602493286,2500,250.11283095000832,0,0.0,0,0.0,0.0,True,good,当前QC指标正常。,14614.411778122492,False,False,0.0,False,39420.27511075162,False,False,0.0,False
1789637617.7475085,229.328,runtime,9.990604877471924,2505,250.63547509984457,0,0.0,0,0.0,0.0,True,good,当前QC指标正常。,14716.727833565837,False,False,0.0,False,39093.91423084784,False,False,0.0,False
1789637619.7571757,231.328,runtime,9.99065375328064,2505,250.63424895270336,0,0.0,0,0.0,0.0,True,good,当前QC指标正常。,14826.057885498918,False,False,0.0,False,38536.93108115583,False,False,0.0,False
1789637621.7637424,233.328,runtime,9.961500406265259,2505,251.3677556470425,0,0.0,0,0.0,0.0,True,good,当前QC指标正常。,14687.249731199934,False,False,0.0,False,37856.029575934,False,False,0.0,False
1789637623.7771635,235.348,runtime,9.990712404251099,2500,250.13231278048428,0,0.0,0,0.0,0.0,True,good,当前QC指标正常。,14666.780129174726,False,False,0.0,False,37328.95331175435,False,False,0.0,False
1789637625.788012,237.368,runtime,9.988435983657837,2505,250.6898982079692,0,0.0,0,0.0,0.0,True,good,当前QC指标正常。,14824.375710370905,False,False,0.0,False,37033.62502702926,False,False,0.0,False
1789637627.7973535,239.368,runtime,9.991048097610474,2500,250.12390848140123,0,0.0,0,0.0,0.0,True,good,当前QC指标正常。,14982.820622860521,False,False,0.0,False,36740.238213794466,False,False,0.0,False
1789637629.806513,241.388,runtime,9.989815473556519,2505,250.65528053327895,0,0.0,0,0.0,0.0,True,good,当前QC指标正常。,15386.78492416243,False,False,0.0,False,37122.78161276067,False,False,0.0,False
1789637631.8121061,243.388,runtime,9.965036153793335,2500,250.77681218935865,0,0.0,0,0.0,0.0,True,good,当前QC指标正常。,15611.03166731057,False,False,0.0,False,37479.87827452303,False,False,0.0,False
1789637633.8248088,245.388,runtime,9.961818933486938,2500,250.857801841744,0,0.0,0,0.0,0.0,True,good,当前QC指标正常。,15824.533109108052,False,False,0.0,False,37740.82105700465,False,False,0.0,False
1789637635.8311179,247.388,runtime,9.964978694915771,2495,250.27650096958692,0,0.0,0,0.0,0.0,True,good,当前QC指标正常。,16086.215229154448,False,False,0.0,False,37925.11636267441,False,False,0.0,False
1789637637.8393576,249.408,runtime,9.96808910369873,2500,250.70000619002576,0,0.0,0,0.0,0.0,True,good,当前QC指标正常。,16271.308384988366,False,False,0.0,False,37936.814970051586,False,False,0.0,False
1789637639.8505507,251.408,runtime,9.95971155166626,2495,250.40885843553912,0,0.0,0,0.0,0.0,True,good,当前QC指标正常。,16520.879018198248,False,False,0.0,False,38179.72866270788,False,False,0.0,False
1789637641.8686218,253.428,runtime,9.961724519729614,2500,250.8601793846663,0,0.0,0,0.0,0.0,True,good,当前QC指标正常。,16808.843538138746,False,False,0.0,False,38849.442070449004,False,False,0.0,False
1789637643.8768785,255.448,runtime,9.959504127502441,2500,250.91610666631428,0,0.0,0,0.0,0.0,True,good,当前QC指标正常。,17026.02115790166,False,False,0.0,False,39509.928674135306,False,False,0.0,False
1789637645.888892,257.468,runtime,9.960273027420044,2505,251.39873104950394,0,0.0,0,0.0,0.0,True,good,当前QC指标正常。,17245.36004506049,False,False,0.0,False,40201.92692216192,False,False,0.0,False
1789637647.8974352,259.468,runtime,9.990689516067505,2500,250.13288582144293,0,0.0,0,0.0,0.0,True,good,当前QC指标正常。,17285.88733604291,False,False,0.0,False,40663.6046819905,False,False,0.0,False
1789637649.9069064,261.488,runtime,9.989118337631226,2505,250.67277364878905,0,0.0,0,0.0,0.0,True,good,当前QC指标正常。,17195.94902692731,False,False,0.0,False,40441.81927225815,False,False,0.0,False
1789637651.9112036,263.468,runtime,9.960363626480103,2495,250.39246492664,0,0.0,0,0.0,0.0,True,good,当前QC指标正常。,17410.317897111774,False,False,0.0,False,39697.12270297746,False,False,0.0,False
1789637653.92527,265.468,runtime,9.935571670532227,2495,251.01726228767689,0,0.0,0,0.0,0.0,True,good,当前QC指标正常。,17981.990440128135,False,False,0.0,False,38902.528427029836,False,False,0.0,False
1789637655.9321427,267.468,runtime,9.923643350601196,2490,250.81514037374296,0,0.0,0,0.0,0.0,True,good,当前QC指标正常。,18910.14193672512,False,False,0.0,False,38182.83958495383,False,False,0.0,False
1789637657.9374754,269.508,runtime,9.958197832107544,2500,250.94902131213374,0,0.0,0,0.0,0.0,True,good,当前QC指标正常。,17879.54919296864,False,False,0.0,False,36296.92868932549,False,False,0.0,False
1789637659.9512854,271.508,runtime,9.960970163345337,2495,250.37721819281143,0,0.0,0,0.0,0.0,True,good,当前QC指标正常。,16476.62958647667,False,False,0.0,False,34031.20473162927,False,False,0.0,False
1789637661.9607828,273.528,runtime,9.931633472442627,2500,251.62024020862157,0,0.0,0,0.0,0.0,True,good,当前QC指标正常。,15889.570140664096,False,False,0.0,False,32456.780007951435,False,False,0.0,False
1789637663.9732354,275.528,runtime,9.960521221160889,2495,250.38850323430432,0,0.0,0,0.0,0.0,True,good,当前QC指标正常。,16257.200107601542,False,False,0.0,False,32103.660377174863,False,False,0.0,False
1789637665.9863245,277.568,runtime,9.989208459854126,2510,251.17105224938305,0,0.0,0,0.0,0.0,True,good,当前QC指标正常。,17478.472074129106,False,False,0.0,False,31887.351366302537,False,False,0.0,False
1789637667.9902568,279.548,runtime,9.96053433418274,2505,251.39213580206518,0,0.0,0,0.0,0.0,True,good,当前QC指标正常。,18290.772829322945,False,False,0.0,False,32970.65282551537,False,False,0.0,False
1789637669.998589,281.564,runtime,9.962255477905273,2499,250.74643041830979,0,0.0,0,0.0,0.0,True,good,当前QC指标正常。,19289.751089614823,False,False,0.0,False,34498.221787881695,False,False,0.0,False
1789637672.0117304,283.564,runtime,9.960213899612427,2494,250.29582949990743,0,0.0,0,0.0,0.0,True,good,当前QC指标正常。,19881.951784658446,False,False,0.0,False,35518.79899880919,False,False,0.0,False
1789637674.0276065,285.604,runtime,9.99095606803894,2504,250.52657452944817,0,0.0,0,0.0,0.0,True,good,当前QC指标正常。,19911.016470790182,False,False,0.0,False,35534.51940090868,False,False,0.0,False
1789637676.0457532,287.604,runtime,9.963763952255249,2498,250.60810472480296,0,0.0,0,0.0,0.0,True,good,当前QC指标正常。,20626.271563296054,False,False,0.0,False,35586.42224563515,False,False,0.0,False
1789637678.06373,289.604,runtime,9.934728384017944,2489,250.43462728205637,0,0.0,0,0.0,0.0,True,good,当前QC指标正常。,21815.40065817141,False,False,0.0,False,35730.0956412351,False,False,0.0,False
1789637680.0710468,291.604,runtime,9.93222951889038,2490,250.59831684981728,0,0.0,0,0.0,0.0,True,good,当前QC指标正常。,21934.71056604843,False,False,0.0,False,35964.434700526304,False,False,0.0,False
1789637682.0972002,293.644,runtime,9.95916199684143,2495,250.42267620418036,0,0.0,0,0.0,0.0,True,good,当前QC指标正常。,21513.558596131796,False,False,0.0,False,36412.122241747835,False,False,0.0,False
1789637684.1066494,295.684,runtime,9.989722967147827,2505,250.6576016406708,0,0.0,0,0.0,0.0,True,good,当前QC指标正常。,21925.461436065703,False,False,0.0,False,39039.38037240294,False,False,0.0,False
1789637686.1164207,297.684,runtime,9.9899582862854,2500,250.15119466822233,0,0.0,0,0.0,0.0,True,good,当前QC指标正常。,25346.568980777556,False,False,0.0,False,41852.54776781471,False,False,0.0,False
1789637688.1262927,299.704,runtime,9.99010181427002,2505,250.6480961408468,0,0.0,0,0.0,0.0,True,good,当前QC指标正常。,28798.92265015207,False,False,0.0,False,44625.563797172996,False,False,0.0,False
1789637690.1362512,301.704,runtime,9.990288734436035,2505,250.64340646820696,0,0.0,0,0.0,0.0,True,good,当前QC指标正常。,28549.43656886881,False,False,0.0,False,46463.527702750325,False,False,0.0,False
1789637692.1466956,303.724,runtime,9.990437507629395,2520,252.14110974382413,0,0.0,0,0.0,0.0,True,good,当前QC指标正常。,27961.090242213453,False,False,0.0,False,48363.38310829275,False,False,0.0,False
1789637694.1556418,305.704,runtime,9.958813190460205,2495,250.43144723199194,0,0.0,0,0.0,0.0,True,good,当前QC指标正常。,25589.295444901585,False,False,0.0,False,49339.36990743352,False,False,0.0,False
1789637696.1667356,307.744,runtime,9.990595817565918,2505,250.63570238697415,0,0.0,0,0.0,0.0,True,good,当前QC指标正常。,29207.147587679225,False,False,0.0,False,49551.078597068205,False,False,0.0,False
1789637698.176375,309.744,runtime,9.990557670593262,2500,250.13618682725684,0,0.0,0,0.0,0.0,True,good,当前QC指标正常。,29777.10578614205,False,False,0.0,False,49068.6981426057,False,False,0.0,False
1789637700.1863515,311.764,runtime,9.989820957183838,2500,250.15463347247777,0,0.0,0,0.0,0.0,True,good,当前QC指标正常。,42402.19273271721,False,False,0.0,False,47084.38122188835,False,False,0.0,False
1789637702.1969504,313.764,runtime,9.963801383972168,2500,250.80788985014362,0,0.0,0,0.0,0.0,True,good,当前QC指标正常。,50289.62759200555,False,False,0.0,False,45224.179384044946,False,False,0.0,False
1789637704.2146537,315.764,runtime,9.961673498153687,2500,250.8614642372257,0,0.0,0,0.0,0.0,True,good,当前QC指标正常。,50734.63113237757,False,False,0.0,False,43322.116271459025,False,False,0.0,False
1789637706.2261283,317.804,runtime,9.992502689361572,2505,250.587873512995,0,0.0,0,0.0,0.0,True,good,当前QC指标正常。,47529.644151019544,False,False,0.0,False,42308.95763289083,False,False,0.0,False
1789637708.235527,319.824,runtime,9.990926742553711,2510,251.1278547678243,0,0.0,0,0.0,0.0,True,good,当前QC指标正常。,40707.555798025256,False,False,0.0,False,41218.97739641275,False,False,0.0,False
1789637710.250768,321.824,runtime,9.961144208908081,2500,250.8747938580376,0,0.0,0,0.0,0.0,True,good,当前QC指标正常。,38798.06643833741,False,False,0.0,False,38954.563003898795,False,False,0.0,False
1789637712.2696254,323.844,runtime,9.962203979492188,2500,250.84810601593242,0,0.0,0,0.0,0.0,True,good,当前QC指标正常。,35804.657857015736,False,False,0.0,False,37797.00737994279,False,False,0.0,False
1789637714.284056,325.844,runtime,9.959713459014893,2505,251.41285543044816,0,0.0,0,0.0,0.0,True,good,当前QC指标正常。,31444.345676476678,False,False,0.0,False,37740.14060777309,False,False,0.0,False
1789637716.2908006,327.864,runtime,9.961410284042358,2505,251.37002980504406,0,0.0,0,0.0,0.0,True,good,当前QC指标正常。,29997.807496895,False,False,0.0,False,37800.57850019493,False,False,0.0,False
1789637718.2976081,329.864,runtime,9.959707498550415,2495,250.40896033974784,0,0.0,0,0.0,0.0,True,good,当前QC指标正常。,30860.50654026083,False,False,0.0,False,37944.83321005556,False,False,0.0,False
1789637720.315745,331.884,runtime,9.963762521743774,2500,250.8088680903894,0,0.0,0,0.0,0.0,True,good,当前QC指标正常。,29518.40542619035,False,False,0.0,False,36956.50796253639,False,False,0.0,False
1789637722.3267648,333.904,runtime,9.990299224853516,2500,250.1426577677549,0,0.0,0,0.0,0.0,True,good,当前QC指标正常。,28737.386009626138,False,False,0.0,False,36567.450300970864,False,False,0.0,False
1789637724.336374,335.924,runtime,9.987953662872314,2505,250.7020040859806,0,0.0,0,0.0,0.0,True,good,当前QC指标正常。,28714.05020267013,False,False,0.0,False,36156.900880862864,False,False,0.0,False
1789637726.3532922,337.884,runtime,9.959795713424683,2490,249.90472411448243,0,0.0,0,0.0,0.0,True,good,当前QC指标正常。,28969.089936506087,False,False,0.0,False,36111.116993637464,False,False,0.0,False
1789637728.3671944,339.924,runtime,9.960217237472534,2494,250.29574562096738,0,0.0,0,0.0,0.0,True,good,当前QC指标正常。,29284.43600076402,False,False,0.0,False,36163.54726397032,False,False,0.0,False
1789637730.3752835,341.964,runtime,9.989759683609009,2505,250.65668037125172,0,0.0,0,0.0,0.0,True,good,当前QC指标正常。,29444.125440462147,False,False,0.0,False,36049.8080795139,False,False,0.0,False
1789637732.3894954,343.964,runtime,9.961657762527466,2495,250.35993601201812,0,0.0,0,0.0,0.0,True,good,当前QC指标正常。,29575.601954893762,False,False,0.0,False,35688.55913974443,False,False,0.0,False
1789637734.3995261,345.984,runtime,9.958242654800415,2500,250.94789177439316,0,0.0,0,0.0,0.0,True,good,当前QC指标正常。,29645.143049956056,False,False,0.0,False,35531.511562631196,False,False,0.0,False
1789637736.4051347,347.984,runtime,9.990412473678589,2505,250.6403020493104,0,0.0,0,0.0,0.0,True,good,当前QC指标正常。,29873.501974774044,False,False,0.0,False,34423.82859951464,False,False,0.0,False
1789637738.4106724,350.004,runtime,9.958400011062622,2505,251.4460151448373,0,0.0,0,0.0,0.0,True,good,当前QC指标正常。,30058.896459821524,False,False,0.004,False,33763.36179715735,False,False,0.0,False
1789637740.4170573,352.004,runtime,9.961001634597778,2505,251.3803422441774,0,0.0,0,0.0,0.0,True,good,当前QC指标正常。,30275.672475257972,False,False,0.004,False,33416.58329963953,False,False,0.0,False
1789637742.4266906,353.984,runtime,9.961898565292358,2495,250.3538842173311,0,0.0,0,0.0,0.0,True,good,当前QC指标正常。,30432.48171242512,False,False,0.004,False,32965.599584767544,False,False,0.0,False
1789637744.4359026,356.024,runtime,9.985892057418823,2505,250.75376196758526,0,0.0,0,0.0,0.0,True,good,当前QC指标正常。,30594.4327772184,False,False,0.004,False,32560.85985879317,False,False,0.0,False
1789637746.4476109,358.004,runtime,9.963087320327759,2495,250.32401301065323,0,0.0,0,0.0,0.0,True,good,当前QC指标正常。,30780.158086329717,False,False,0.004,False,32316.442626704673,False,False,0.0,False
1789637748.4560328,360.004,runtime,9.989973068237305,2495,249.6503226749997,0,0.0,0,0.0,0.0,True,good,当前QC指标正常。,30926.848804498994,False,False,0.0,False,32001.943848633222,False,False,0.0,False
1789637750.464564,362.004,runtime,9.93203353881836,2490,250.60326168573562,0,0.0,0,0.0,0.0,True,good,当前QC指标正常。,31082.125329803337,False,False,0.0,False,31635.754272886512,False,False,0.0,False
1789637752.4748328,364.044,runtime,9.960804462432861,2500,250.8833507800469,0,0.0,0,0.0,0.0,True,good,当前QC指标正常。,30210.58123711022,False,False,0.0,False,30562.588655503056,False,False,0.0,False
1789637754.4930882,366.084,runtime,9.995591402053833,2505,250.51043998111942,0,0.0,0,0.0,0.0,True,good,当前QC指标正常。,28519.04331753546,False,False,0.0,False,28632.22072652275,False,False,0.0,False
1789637756.5059917,368.084,runtime,9.990396976470947,2505,250.6406908451524,0,0.0,0,0.0,0.0,True,good,当前QC指标正常。,27482.271099480145,False,False,0.0,False,27554.406972853267,False,False,0.0,False
1789637758.5201607,370.104,runtime,9.963369607925415,2500,250.8187589479926,0,0.0,0,0.0,0.0,True,good,当前QC指标正常。,27481.633115412616,False,False,0.0,False,27105.268492980824,False,False,0.0,False
1789637760.5305815,372.104,runtime,9.985146045684814,2510,251.27324012294147,0,0.0,0,0.0,0.0,True,good,当前QC指标正常。,27515.67701454128,False,False,0.0,False,26764.24312166929,False,False,0.0,False
1789637762.547462,374.124,runtime,9.930877447128296,2500,251.63939574368968,0,0.0,0,0.0,0.0,True,good,当前QC指标正常。,28600.39843488364,False,False,0.0,False,27323.144864701953,False,False,0.0,False
1789637764.5625799,376.124,runtime,9.93042254447937,2495,251.14741984332701,0,0.0,0,0.0,0.0,True,good,当前QC指标正常。,30335.872971111905,False,False,0.0,False,28175.01883014319,False,False,0.0,False
1789637766.5767956,378.164,runtime,9.991193771362305,2505,250.6207023205975,0,0.0,0,0.0,0.0,True,good,当前QC指标正常。,31296.159076247583,False,False,0.0,False,28130.756748557465,False,False,0.0,False
1789637768.5873084,380.144,runtime,9.964865684509277,2495,250.279339326872,0,0.0,0,0.0,0.0,True,good,当前QC指标正常。,31424.86177545755,False,False,0.0,False,27800.23596187421,False,False,0.0,False
1789637770.5961604,382.184,runtime,9.989973545074463,2505,250.65131441059646,0,0.0,0,0.0,0.0,True,good,当前QC指标正常。,31371.342580729954,False,False,0.0,False,27286.494519804608,False,False,0.0,False
1789637772.6062634,384.164,runtime,9.99044132232666,2495,249.6386215117848,0,0.0,0,0.0,0.0,True,good,当前QC指标正常。,31310.259434121283,False,False,0.0,False,26746.93425169364,False,False,0.0,False
1789637774.6154735,386.164,runtime,9.988552331924438,2495,249.68583205285114,0,0.0,0,0.0,0.0,True,good,当前QC指标正常。,31545.13300587787,False,False,0.0,False,26474.84843921311,False,False,0.0,False
1789637776.625909,388.204,runtime,9.990089893341064,2500,250.14789923619392,0,0.0,0,0.0,0.0,True,good,当前QC指标正常。,31806.90131574819,False,False,0.0,False,26324.959537501756,False,False,0.0,False
1789637778.6326182,390.204,runtime,9.959907054901123,2500,250.9059558713732,0,0.0,0,0.0,0.0,True,good,当前QC指标正常。,31965.130379275277,False,False,0.0,False,26215.434180314416,False,False,0.0,False
1789637780.6628673,392.204,runtime,9.933437824249268,2490,250.56783402055567,0,0.0,0,0.0,0.0,True,good,当前QC指标正常。,32337.156736074594,False,False,0.0,False,26448.094846030046,False,False,0.0,False
1789637782.668356,394.244,runtime,9.960254669189453,2495,250.39520402172178,0,0.0,0,0.0,0.0,True,good,当前QC指标正常。,32688.216261973706,False,False,0.0,False,26667.22621351532,False,False,0.0,False
1789637784.6855893,396.264,runtime,9.962363719940186,2500,250.84408381899593,0,0.0,0,0.0,0.0,True,good,当前QC指标正常。,32731.284010643187,False,False,0.0,False,26619.978422548764,False,False,0.0,False
1789637786.6970894,398.264,runtime,9.929493188858032,2495,251.17092610512472,0,0.0,0,0.0,0.0,True,good,当前QC指标正常。,32781.42643032292,False,False,0.0,False,26579.259881310332,False,False,0.0,False
1789637788.7155263,400.304,runtime,9.960185527801514,2505,251.400939571926,0,0.0,0,0.0,0.0,True,good,当前QC指标正常。,32853.835898852936,False,False,0.0,False,26441.133950809606,False,False,0.0,False
1789637790.7264514,402.304,runtime,9.990912914276123,2500,250.12729281516928,0,0.0,0,0.0,0.0,True,good,当前QC指标正常。,32913.61265876082,False,False,0.0,False,26304.123045798027,False,False,0.0,False
1789637792.7422416,404.324,runtime,9.99168610572815,2505,250.60835313516083,0,0.0,0,0.0,0.0,True,good,当前QC指标正常。,32972.68987768178,False,False,0.0,False,26147.37713316035,False,False,0.0,False
1789637794.7483823,406.324,runtime,9.992836713790894,2500,250.0791388446471,0,0.0,0,0.0,0.0,True,good,当前QC指标正常。,33169.19974938287,False,False,0.0,False,25949.136414301265,False,False,0.0,False
1789637796.7571142,408.304,runtime,9.991056442260742,2495,249.6232519967294,0,0.0,0,0.0,0.0,True,good,当前QC指标正常。,33431.88263643999,False,False,0.0,False,25838.220455288636,False,False,0.0,False
1789637798.7659023,410.324,runtime,9.990354061126709,2495,249.64080199162905,0,0.0,0,0.0,0.0,True,good,当前QC指标正常。,33575.83434922913,False,False,0.0,False,25654.093829713478,False,False,0.0,False
1789637800.776247,412.364,runtime,9.990435361862183,2505,250.63972782996547,0,0.0,0,0.0,0.0,True,good,当前QC指标正常。,33676.16986000551,False,False,0.0,False,25246.58954744382,False,False,0.0,False
1789637802.7830467,414.344,runtime,9.961704015731812,2495,250.3587735653863,0,0.0,0,0.0,0.0,True,good,当前QC指标正常。,33512.81322660815,False,False,0.0,False,24822.34521312884,False,False,0.0,False
1789637804.8000805,416.364,runtime,9.961352109909058,2500,250.86955791012738,0,0.0,0,0.0,0.0,True,good,当前QC指标正常。,34338.689709010796,False,False,0.0,False,27994.693608996677,False,False,0.0,False
1789637806.8066406,418.384,runtime,9.990649938583374,2500,250.13387671096262,0,0.0,0,0.0,0.0,True,good,当前QC指标正常。,34758.25060450306,False,False,0.0,False,27387.57488469549,False,False,0.0,False
1789637808.8157067,420.404,runtime,9.989826202392578,2510,251.15552054339952,0,0.0,0,0.0,0.0,True,good,当前QC指标正常。,34834.057285139905,False,False,0.0,False,26780.841355670214,False,False,0.0,False
1789637810.826134,422.404,runtime,9.990089654922485,2510,251.14889722373243,0,0.0,0,0.0,0.0,True,good,当前QC指标正常。,34661.776499294436,False,False,0.0,False,26150.47099010896,False,False,0.0,False
1789637812.8465867,424.404,runtime,9.961771965026855,2505,251.36090334037772,0,0.0,0,0.0,0.0,True,good,当前QC指标正常。,33315.49974420184,False,False,0.0,False,26237.1994075872,False,False,0.0,False
1789637814.8641527,426.444,runtime,9.961818218231201,2500,250.8578198532634,0,0.0,0,0.0,0.0,True,good,当前QC指标正常。,32696.146168220715,False,False,0.0,False,22570.99184504778,False,False,0.0,False
1789637816.8782787,428.444,runtime,9.960670471191406,2495,250.38475142945774,0,0.0,0,0.0,0.0,True,good,当前QC指标正常。,32249.146335370948,False,False,0.0,False,22147.991835831337,False,False,0.0,False
1789637818.8956835,430.484,runtime,9.989749908447266,2505,250.6569256436174,0,0.0,0,0.0,0.0,True,good,当前QC指标正常。,31514.185039868724,False,False,0.0,False,21463.7624962976,False,False,0.0,False
1789637820.9057124,432.464,runtime,9.990129709243774,2495,249.6464082635809,0,0.0,0,0.0,0.0,True,good,当前QC指标正常。,31652.202751062698,False,False,0.0,False,20560.600561484272,False,False,0.0,False
1789637822.9154525,434.464,runtime,9.98937463760376,2495,249.66527840608228,0,0.0,0,0.0,0.0,True,good,当前QC指标正常。,32569.802535285722,False,False,0.0,False,20511.444356794993,False,False,0.0,False
1789637824.9230144,436.484,runtime,9.96220088005066,2495,250.34628693286476,0,0.0,0,0.0,0.0,True,good,当前QC指标正常。,32670.218462628036,False,False,0.0,False,20763.317900866736,False,False,0.0,False
1789637826.9355443,438.524,runtime,9.989588975906372,2505,250.6609637332759,0,0.0,0,0.0,0.0,True,good,当前QC指标正常。,31582.329896680032,False,False,0.0,False,20816.378576920004,False,False,0.0,False
1789637828.9458685,440.524,runtime,9.990890264511108,2500,250.12785986417651,0,0.0,0,0.0,0.0,True,good,当前QC指标正常。,30570.108674526917,False,False,0.0,False,20358.216244702384,False,False,0.0,False
1789637830.9553945,442.544,runtime,9.990240097045898,2505,250.64462672327863,0,0.0,0,0.0,0.0,True,good,当前QC指标正常。,31191.266902794116,False,False,0.0,False,19749.728522260597,False,False,0.0,False
1789637832.9655256,444.544,runtime,9.990088939666748,2510,251.14891520512288,0,0.0,0,0.0,0.0,True,good,当前QC指标正常。,31271.443967918163,False,False,0.0,False,18965.143334884528,False,False,0.0,False
1789637834.9760063,446.504,runtime,9.990057229995728,2495,249.6482194828294,0,0.0,0,0.0,0.0,True,good,当前QC指标正常。,31163.173855512465,False,False,0.0,False,18309.612043270623,False,False,0.0,False
1789637836.9843845,448.544,runtime,9.960658550262451,2495,250.38505109025007,0,0.0,0,0.0,0.0,True,good,当前QC指标正常。,30988.34047795312,False,False,0.0,False,17763.331408023983,False,False,0.0,False
1789637838.9931328,450.564,runtime,9.961229801177979,2500,250.87263820622604,0,0.0,0,0.0,0.0,True,good,当前QC指标正常。,30694.7170772467,False,False,0.0,False,17265.97537432989,False,False,0.0,False
1789637841.0059323,452.504,runtime,9.9906907081604,2490,249.13192417887421,0,0.0,0,0.0,0.0,True,good,当前QC指标正常。,30638.798486134332,False,False,0.0,False,16719.60904979454,False,False,0.0,False
1789637843.0155354,454.604,runtime,9.96035122871399,2505,251.39675725303704,0,0.0,0,0.0,0.0,True,good,当前QC指标正常。,30308.17670455008,False,False,0.0,False,16142.882304554112,False,False,0.0,False
1789637845.034515,456.58,runtime,9.963098287582397,2494,250.2233670731899,0,0.0,0,0.0,0.0,True,good,当前QC指标正常。,30547.985569264943,False,False,0.0,False,16500.84632400018,False,False,0.0,False
1789637847.0526633,458.6,runtime,9.871572256088257,2489,252.0368524340725,0,0.0,0,0.0,0.0,True,good,当前QC指标正常。,31399.163425938328,False,False,0.0,False,17644.804896610625,False,False,0.0,False
1789637849.0689385,460.64,runtime,9.961585998535156,2504,251.26521021532758,0,0.0,0,0.0,0.0,True,good,当前QC指标正常。,32332.247143550532,False,False,0.0,False,18886.365015113137,False,False,0.0,False
1789637851.0799394,462.64,runtime,9.948036670684814,2509,252.11004774345602,0,0.0,0,0.0,0.0,True,good,当前QC指标正常。,32761.99867384853,False,False,0.0,False,20003.11478988101,False,False,0.0,False
1789637853.0946617,464.66,runtime,9.989492416381836,2499,250.06275553135342,0,0.0,0,0.0,0.0,True,good,当前QC指标正常。,33488.4257878547,False,False,0.0,False,20911.349797389397,False,False,0.0,False
1789637855.1054344,466.68,runtime,9.990412950515747,2500,250.13981027390776,0,0.0,0,0.0,0.0,True,good,当前QC指标正常。,33668.736377311456,False,False,0.0,False,21156.042426678316,False,False,0.0,False
1789637857.1152637,468.7,runtime,9.989228963851929,2510,251.1705366930051,0,0.0,0,0.0,0.0,True,good,当前QC指标正常。,32720.10513598512,False,False,0.0,False,20901.416924534766,False,False,0.0,False
1789637859.126374,470.7,runtime,9.991036415100098,2510,251.1250981137439,0,0.0,0,0.0,0.0,True,good,当前QC指标正常。,31092.760361651664,False,False,0.0,False,20370.16724381322,False,False,0.0,False
1789637861.135855,472.72,runtime,9.990468263626099,2505,250.6389023942666,0,0.0,0,0.0,0.0,True,good,当前QC指标正常。,29573.23673024037,False,False,0.0,False,19756.17364922566,False,False,0.0,False
1789637863.1456916,474.72,runtime,9.990827560424805,2500,250.12942970799747,0,0.0,0,0.0,0.0,True,good,当前QC指标正常。,27836.663013213034,False,False,0.0,False,19116.995532996378,False,False,0.0,False
1789637865.1552296,476.74,runtime,9.99001407623291,2505,250.65029747627966,0,0.0,0,0.0,0.0,True,good,当前QC指标正常。,26175.396666939247,False,False,0.0,False,18572.485265896295,False,False,0.0,False
1789637867.160639,478.72,runtime,9.96339750289917,2495,250.31621987121267,0,0.0,0,0.0,0.0,True,good,当前QC指标正常。,25962.82537715369,False,False,0.0,False,18110.312979910494,False,False,0.0,False
1789637869.1803935,480.74,runtime,9.963706970214844,2500,250.8102664470586,0,0.0,0,0.0,0.0,True,good,当前QC指标正常。,27922.73134295721,False,False,0.0,False,18217.2834621185,False,False,0.0,False
1789637871.194979,482.74,runtime,9.960186004638672,2494,250.2965304903901,0,0.0,0,0.0,0.0,True,good,当前QC指标正常。,30069.692959546486,False,False,0.0,False,18802.88952520606,False,False,0.0,False
1789637873.210184,484.78,runtime,9.961303949356079,2495,250.36882848667796,0,0.0,0,0.0,0.0,True,good,当前QC指标正常。,32213.078103961336,False,False,0.0,False,19212.635231015414,False,False,0.0,False
1789637875.2183578,486.78,runtime,9.972900629043579,2495,250.07769482199078,0,0.0,0,0.0,0.0,True,good,当前QC指标正常。,33898.61366341932,False,False,0.0,False,19173.618444946303,False,False,0.0,False
1789637877.235317,488.8,runtime,9.960385084152222,2495,250.3919255057875,0,0.0,0,0.0,0.0,True,good,当前QC指标正常。,33770.45186225452,False,False,0.0,False,19054.221664699937,False,False,0.0,False
1789637879.2424212,490.82,runtime,9.963165998458862,2500,250.82388473569085,0,0.0,0,0.0,0.0,True,good,当前QC指标正常。,31124.65862938098,False,False,0.0,False,19245.739324686743,False,False,0.0,False
1789637881.2661095,492.84,runtime,9.990081548690796,2510,251.14910101297477,0,0.0,0,0.0,0.0,True,good,当前QC指标正常。,28699.750749115396,False,False,0.0,False,18516.804132604477,False,False,0.0,False
1789637883.2754269,494.86,runtime,9.989793062210083,2510,251.1563537278042,0,0.0,0,0.0,0.0,True,good,当前QC指标正常。,27070.03605212141,False,False,0.0,False,17879.204770703822,False,False,0.0,False
1789637885.2812502,496.84,runtime,9.96011996269226,2495,250.39859051314696,0,0.0,0,0.0,0.0,True,good,当前QC指标正常。,28201.15418711381,False,False,0.0,False,17861.619689107076,False,False,0.0,False
1789637887.2897224,498.86,runtime,9.961552381515503,2500,250.86451431376344,0,0.0,0,0.0,0.0,True,good,当前QC指标正常。,27550.797621688253,False,False,0.0,False,17815.355589331353,False,False,0.0,False
1789637889.3060226,500.88,runtime,9.990646123886108,2500,250.13397221880103,0,0.0,0,0.0,0.0,True,good,当前QC指标正常。,29592.133425400432,False,False,0.0,False,17223.71934018907,False,False,0.0,False
1789637891.3144214,502.9,runtime,9.989200115203857,2505,250.6707214913873,0,0.0,0,0.0,0.0,True,good,当前QC指标正常。,30062.318713290962,False,False,0.0,False,17598.755830509606,False,False,0.0,False
1789637893.3237295,504.88,runtime,9.963205575942993,2495,250.3210418564458,0,0.0,0,0.0,0.0,True,good,当前QC指标正常。,29650.4549604607,False,False,0.0,False,17358.799971480516,False,False,0.0,False
1789637895.3333468,506.9,runtime,9.961296081542969,2500,250.87096895255763,0,0.0,0,0.0,0.0,True,good,当前QC指标正常。,28962.23612627919,False,False,0.0,False,16939.008697215013,False,False,0.0,False
1789637897.3451746,508.92,runtime,9.99019455909729,2500,250.14527847451737,0,0.0,0,0.0,0.0,True,good,当前QC指标正常。,29254.2785010827,False,False,0.0,False,16607.372542509118,False,False,0.0,False
1789637899.3559568,510.94,runtime,9.990216732025146,2505,250.64521292846933,0,0.0,0,0.0,0.0,True,good,当前QC指标正常。,32884.416323483485,False,False,0.0,False,16540.058160830027,False,False,0.0,False
1789637901.3653226,512.94,runtime,9.99093508720398,2500,250.12673770652628,0,0.0,0,0.0,0.0,True,good,当前QC指标正常。,36226.96194341447,False,False,0.0,False,20944.011999744842,False,False,0.0,False
1789637903.375453,514.96,runtime,9.987774133682251,2505,250.7065104281484,0,0.0,0,0.0,0.0,True,good,当前QC指标正常。,35355.99019961439,False,False,0.0,False,22396.02662970527,False,False,0.0,False
1789637905.3856246,516.96,runtime,9.960680484771729,2500,250.88647345134373,0,0.0,0,0.0,0.0,True,good,当前QC指标正常。,34499.731722609264,False,False,0.0,False,22684.089948520555,False,False,0.0,False
1789637907.395764,518.98,runtime,9.960901737213135,2505,251.3828633250397,0,0.0,0,0.0,0.0,True,good,当前QC指标正常。,35228.09340796828,False,False,0.0,False,21998.347651143427,False,False,0.0,False
1789637909.4043822,520.96,runtime,9.963597774505615,2495,250.31118843250877,0,0.0,0,0.0,0.0,True,good,当前QC指标正常。,34678.25444747684,False,False,0.0,False,21379.181645478027,False,False,0.0,False
1789637911.4169688,523.0,runtime,9.990892887115479,2505,250.62824997645856,0,0.0,0,0.0,0.0,True,good,当前QC指标正常。,32001.23328126511,False,False,0.0,False,21369.18137829358,False,False,0.0,False
1789637913.4282436,525.0,runtime,9.991921424865723,2505,250.60245107298272,0,0.0,0,0.0,0.0,True,good,当前QC指标正常。,31817.720088999107,False,False,0.0,False,22099.937548791964,False,False,0.0,False
1789637915.435891,527.0,runtime,9.990795612335205,2500,250.1302295599554,0,0.0,0,0.0,0.0,True,good,当前QC指标正常。,31909.943288408234,False,False,0.0,False,22768.296524730682,False,False,0.0,False
1789637917.445575,529.0,runtime,9.990535020828247,2495,249.63628021927894,0,0.0,0,0.0,0.0,True,good,当前QC指标正常。,32046.110445130118,False,False,0.0,False,23562.292650060725,False,False,0.0,False
1789637919.4559815,531.04,runtime,9.990430116653442,2505,250.6398594216663,0,0.0,0,0.0,0.0,True,good,当前QC指标正常。,32945.13535292216,False,False,0.0,False,22774.974016965694,False,False,0.0,False
1789637921.4652445,533.04,runtime,9.989888191223145,2500,250.1529498794147,0,0.0,0,0.0,0.0,True,good,当前QC指标正常。,46344.44452325629,False,False,0.0,False,22909.390151477517,False,False,0.0,False
1789637923.4740398,535.04,runtime,9.961881875991821,2500,250.85621683816598,0,0.0,0,0.0,0.0,True,good,当前QC指标正常。,60650.02382200789,False,False,0.0,False,32391.623061207556,False,False,0.0,False
1789637925.4818375,537.04,runtime,9.961058616638184,2495,250.3749948659287,0,0.0,0,0.0,0.0,True,good,当前QC指标正常。,59204.424508180186,False,False,0.0,False,34577.59773528001,False,False,0.0,False
1789637927.4955692,539.08,runtime,9.990671634674072,2510,251.13426721904784,0,0.0,0,0.0,0.0,True,good,当前QC指标正常。,58503.175999907835,False,False,0.0,False,33035.207662363144,False,False,0.0,False
1789637929.502541,541.06,runtime,9.960602283477783,2505,251.39042085371958,0,0.0,0,0.0,0.0,True,good,当前QC指标正常。,55346.4631442833,False,False,0.0,False,30313.26571570329,False,False,0.0,False
1789637931.5147753,543.1,runtime,9.99007797241211,2505,250.64869432599713,0,0.0,0,0.0,0.0,True,good,当前QC指标正常。,48122.901430067315,False,False,0.0,False,26801.879311505385,False,False,0.0,False
1789637933.5278053,545.12,runtime,9.99319863319397,2505,250.57042213516831,0,0.0,0,0.0,0.0,True,good,当前QC指标正常。,39660.01556077082,False,False,0.0,False,24437.178186894493,False,False,0.0,False
1789637935.5356057,547.1,runtime,9.989174842834473,2500,250.1708138378022,0,0.0,0,0.0,0.0,True,good,当前QC指标正常。,40878.00480337424,False,False,0.0,False,23852.971635749305,False,False,0.0,False
1789637937.5559952,549.1,runtime,9.933156967163086,2490,250.5749187522262,0,0.0,0,0.0,0.0,True,good,当前QC指标正常。,256915.3103453677,False,False,0.0,False,97789.37130662437,False,False,0.0,False
1789637939.562132,551.12,runtime,9.963693141937256,2500,250.81061453826706,0,0.0,0,0.0,0.0,True,good,当前QC指标正常。,298598.82099828444,False,False,0.0,False,151550.86263005456,False,False,0.0,False
1789637941.5670583,553.12,runtime,9.959675788879395,2495,250.40975759318474,0,0.0,0,0.0,0.0,True,good,当前QC指标正常。,302610.36036465317,False,False,0.0,False,167692.53048481257,False,False,0.0,False
1789637943.5748243,555.16,runtime,9.990129947662354,2505,250.64739028604177,0,0.0,0,0.0,0.0,True,good,当前QC指标正常。,293284.0085595389,False,False,0.0,False,156419.986060929,False,False,0.0,False
1789637945.5851111,557.16,runtime,9.99003553390503,2500,250.1492603823762,0,0.0,0,0.0,0.0,True,good,当前QC指标正常。,281434.13176249363,False,False,0.0,False,129943.64077405409,False,False,0.0,False
1789637947.5947936,559.18,runtime,9.990177392959595,2520,252.1476747525246,0,0.0,0,0.0,0.0,True,good,当前QC指标正常。,160307.16919072432,False,False,0.0,False,72503.50772579134,False,False,0.0,False
1789637949.6028924,561.16,runtime,9.963463306427002,2495,250.31456666189837,0,0.0,0,0.0,0.0,True,good,当前QC指标正常。,73278.05233108389,False,False,0.0,False,52593.84727033687,False,False,0.0,False
1789637951.6157334,563.2,runtime,9.961084604263306,2520,252.88410851584152,0,0.0,0,0.0,0.0,True,good,当前QC指标正常。,63042.49326786301,False,False,0.0,False,41692.548666317416,False,False,0.0,False
1789637953.6282601,565.22,runtime,9.963890075683594,2505,251.3074693699095,0,0.0,0,0.0,0.0,True,good,当前QC指标正常。,51937.794160787795,False,False,0.0,False,44319.605041510025,False,False,0.0,False
1789637955.6347432,567.22,runtime,9.990159511566162,2505,250.64664854459832,0,0.0,0,0.0,0.0,True,good,当前QC指标正常。,52716.846457332234,False,False,0.0,False,42835.88726537821,False,False,0.0,False
1789637957.6398833,569.2,runtime,9.960213899612427,2495,250.3962289501681,0,0.0,0,0.0,0.0,True,good,当前QC指标正常。,76338.00160863454,False,False,0.0,False,40073.030964736034,False,False,0.0,False
1789637959.6549053,571.24,runtime,9.987026929855347,2505,250.725267648424,0,0.0,0,0.0,0.0,True,good,当前QC指标正常。,111629.85347775949,False,False,0.0,False,39457.25035250216,False,False,0.0,False
1789637961.664434,573.22,runtime,9.989322185516357,2495,249.66658935238686,0,0.0,0,0.0,0.0,True,good,当前QC指标正常。,110219.18410230901,False,False,0.0,False,38344.00028914527,False,False,0.0,False
1789637963.6749449,575.22,runtime,9.990669965744019,2495,249.63290835864063,0,0.0,0,0.0,0.0,True,good,当前QC指标正常。,101281.14057283381,False,False,0.0,False,36776.12657886575,False,False,0.0,False
1789637965.6845636,577.26,runtime,9.990163326263428,2500,250.1460605183808,0,0.0,0,0.0,0.0,True,good,当前QC指标正常。,87418.68503208784,False,False,0.0,False,38618.81609146215,False,False,0.0,False
1789637967.695291,579.28,runtime,9.990679264068604,2505,250.6336089684728,0,0.0,0,0.0,0.0,True,good,当前QC指标正常。,110908.87490717924,False,False,0.0,False,39884.97196803558,False,False,0.0,False
1789637969.705312,581.28,runtime,9.990888595581055,2500,250.12790164683665,0,0.0,0,0.0,0.0,True,good,当前QC指标正常。,80300.93130329638,False,False,0.0,False,31729.769482240274,False,False,0.0,False
1789637971.714375,583.28,runtime,9.962497234344482,2500,250.84072208170912,0,0.0,0,0.0,0.0,True,good,当前QC指标正常。,68546.8817695996,False,False,0.0,False,31174.072238821733,False,False,0.0,False
1789637973.7258353,585.28,runtime,9.959551334381104,2500,250.91491735910515,0,0.0,0,0.0,0.0,True,good,当前QC指标正常。,63477.26498442645,False,False,0.0,False,33155.44781439638,False,False,0.0,False
1789637975.7321572,587.3,runtime,9.96070647239685,2505,251.3877913117001,0,0.0,0,0.0,0.0,True,good,当前QC指标正常。,55027.75475899519,False,False,0.0,False,31500.821925163815,False,False,0.0,False
1789637977.7458916,589.32,runtime,9.990803956985474,2500,250.13002064290566,0,0.0,0,0.0,0.0,True,good,当前QC指标正常。,51368.8254246018,False,False,0.0,False,32107.509004971096,False,False,0.0,False
1789637979.7549543,591.32,runtime,9.96273922920227,2500,250.83462916253586,0,0.0,0,0.0,0.0,True,good,当前QC指标正常。,50820.613467557865,False,False,0.0,False,32402.331020480575,False,False,0.0,False
1789637981.764816,593.34,runtime,9.988830327987671,2500,250.1794422313952,0,0.0,0,0.0,0.0,True,good,当前QC指标正常。,50265.25673201478,False,False,0.0,False,31967.24898759793,False,False,0.0,False
1789637983.7754774,595.36,runtime,9.990983963012695,2505,250.62596529730996,0,0.0,0,0.0,0.0,True,good,当前QC指标正常。,48406.42391134786,False,False,0.0,False,30896.02232514114,False,False,0.0,False
1789637985.7830825,597.36,runtime,9.963266372680664,2500,250.82135782821916,0,0.0,0,0.0,0.0,True,good,当前QC指标正常。,47958.81714014029,False,False,0.0,False,29614.671317824617,False,False,0.0,False
1789637987.79249,599.36,runtime,9.961210489273071,2500,250.87312457568265,0,0.0,0,0.0,0.0,True,good,当前QC指标正常。,48013.34876669638,False,False,0.0,False,29081.469598029256,False,False,0.0,False
1789637989.8079388,601.4,runtime,9.993027210235596,2505,250.57472048462137,0,0.0,0,0.0,0.0,True,good,当前QC指标正常。,47932.66122567767,False,False,0.0,False,28865.35998193428,False,False,0.0,False
1789637991.8160758,603.38,runtime,9.962401866912842,2500,250.8431233134337,0,0.0,0,0.0,0.0,True,good,当前QC指标正常。,49155.76650201302,False,False,0.0,False,28978.496469494006,False,False,0.0,False
1789637993.8249874,605.4,runtime,9.990063905715942,2500,250.14854995774004,0,0.0,0,0.0,0.0,True,good,当前QC指标正常。,91392.7108293366,False,False,0.0,False,32896.2261259999,False,False,0.0,False
1789637995.8348022,607.42,runtime,9.989531755447388,2500,250.16187556911976,0,0.0,0,0.0,0.0,True,good,当前QC指标正常。,102177.61924742635,False,False,0.0,False,33917.78218422156,False,False,0.0,False
1789637997.8411465,609.42,runtime,9.927308559417725,2500,251.72986062060875,0,0.0,0,0.0,0.0,True,good,当前QC指标正常。,96905.10809283031,False,False,0.0,False,34308.97714666439,False,False,0.0,False
1789637999.857721,611.46,runtime,9.963473558425903,2510,251.81980815096264,0,0.0,0,0.0,0.0,True,good,当前QC指标正常。,87699.88468116682,False,False,0.0,False,35795.09496498755,False,False,0.0,False
1789638001.8704772,613.46,runtime,9.987435817718506,2505,250.71500289971374,0,0.0,0,0.0,0.0,True,good,当前QC指标正常。,79328.77565496873,False,False,0.0,False,37517.00730323693,False,False,0.0,False
1789638003.8762133,615.48,runtime,9.991528987884521,2510,251.11271788755764,0,0.0,0,0.0,0.0,True,good,当前QC指标正常。,65688.6024446841,False,False,0.0,False,33839.65737997341,False,False,0.0,False
1789638005.8881423,617.48,runtime,9.991584777832031,2505,250.6108946356072,0,0.0,0,0.0,0.0,True,good,当前QC指标正常。,53613.85036183918,False,False,0.0,False,29832.744755452386,False,False,0.0,False
1789638007.8959754,619.48,runtime,9.991841793060303,2500,250.10404005151946,0,0.0,0,0.0,0.0,True,good,当前QC指标正常。,50533.06438253556,False,False,0.0,False,27546.799680352284,False,False,0.0,False
1789638009.904878,621.46,runtime,9.990646123886108,2495,249.63350408711074,0,0.0,0,0.0,0.0,True,good,当前QC指标正常。,49459.772847214925,False,False,0.0,False,27021.33980651665,False,False,0.0,False
1789638011.9143174,623.5,runtime,9.99018120765686,2500,250.14561278274613,0,0.0,0,0.0,0.0,True,good,当前QC指标正常。,48787.5005444317,False,False,0.0,False,26283.402844335596,False,False,0.0,False
1789638013.9248254,625.52,runtime,9.990542650222778,2505,250.63703621185817,0,0.0,0,0.0,0.0,True,good,当前QC指标正常。,48667.027270348386,False,False,0.0,False,25907.286069000314,False,False,0.0,False
1789638015.9340174,627.52,runtime,9.98963189125061,2510,251.16040584012913,0,0.0,0,0.0,0.0,True,good,当前QC指标正常。,48391.553164552926,False,False,0.0,False,25146.331338036012,False,False,0.0,False
1789638017.9445293,629.54,runtime,9.988575458526611,2505,250.68639771475065,0,0.0,0,0.0,0.0,True,good,当前QC指标正常。,48318.00331076152,False,False,0.0,False,23987.662131749985,False,False,0.0,False
1789638019.9573817,631.536,runtime,9.993239879608154,2509,250.96965851062322,0,0.0,0,0.0,0.0,True,good,当前QC指标正常。,48087.281997164355,False,False,0.0,False,23042.957724704484,False,False,0.0,False
1789638021.964437,633.556,runtime,9.99034595489502,2509,251.04235742418336,0,0.0,0,0.0,0.0,True,good,当前QC指标正常。,46795.53339327527,False,False,0.0,False,22316.753975005475,False,False,0.0,False
1789638023.9725516,635.536,runtime,9.959444046020508,2494,250.3151770802033,0,0.0,0,0.0,0.0,True,good,当前QC指标正常。,44191.59621267356,False,False,0.0,False,21300.429373865598,False,False,0.0,False
1789638025.9834092,637.556,runtime,9.961920022964478,2499,250.7548739842867,0,0.0,0,0.0,0.0,True,good,当前QC指标正常。,43089.06210589592,False,False,0.0,False,21030.35844203711,False,False,0.0,False
1789638027.9931123,639.556,runtime,9.96048355102539,2494,250.2890534609995,0,0.0,0,0.0,0.0,True,good,当前QC指标正常。,43353.68309582072,False,False,0.0,False,20772.091610858588,False,False,0.0,False
1789638030.0054576,641.596,runtime,9.99047064781189,2505,250.6388425802968,0,0.0,0,0.0,0.0,True,good,当前QC指标正常。,44129.629663330896,False,False,0.0,False,20631.82385201739,False,False,0.0,False
1789638032.0144966,643.576,runtime,9.963910102844238,2495,250.30334218772987,0,0.0,0,0.0,0.0,True,good,当前QC指标正常。,45630.58373093617,False,False,0.0,False,20060.98887915783,False,False,0.0,False
1789638034.0349252,645.596,runtime,9.960053443908691,2500,250.9022681528203,0,0.0,0,0.0,0.0,True,good,当前QC指标正常。,48451.634614005714,False,False,0.0,False,20214.507785742313,False,False,0.0,False
1789638036.0412066,647.636,runtime,9.991730213165283,2515,251.6080745142126,0,0.0,0,0.0,0.0,True,good,当前QC指标正常。,49371.32192043403,False,False,0.0,False,19836.65268929532,False,False,0.0,False
1789638038.0494792,649.636,runtime,9.98965048789978,2505,250.65942027031215,0,0.0,0,0.0,0.0,True,good,当前QC指标正常。,48815.07982028072,False,False,0.0,False,19296.280354931434,False,False,0.0,False
1789638040.057538,651.636,runtime,9.993226289749146,2500,250.06938975888346,0,0.0,0,0.0,0.0,True,good,当前QC指标正常。,48599.624702895184,False,False,0.0,False,19102.948507034933,False,False,0.0,False
1789638042.0641642,653.656,runtime,9.989527702331543,2505,250.66250123272292,0,0.0,0,0.0,0.0,True,good,当前QC指标正常。,48420.89801360059,False,False,0.0,False,18803.921709746213,False,False,0.0,False
1789638044.0745494,655.656,runtime,9.957993268966675,2500,250.9541764592212,0,0.0,0,0.0,0.0,True,good,当前QC指标正常。,48187.05515009363,False,False,0.0,False,18566.952308619308,False,False,0.0,False
1789638046.084759,657.676,runtime,9.960177421569824,2505,251.401144178147,0,0.0,0,0.0,0.0,True,good,当前QC指标正常。,48408.52705071392,False,False,0.0,False,18254.636522417146,False,False,0.0,False
1789638048.0945718,659.676,runtime,9.990298986434937,2500,250.14266373741177,0,0.0,0,0.0,0.0,True,good,当前QC指标正常。,48822.72572821734,False,False,0.0,False,18260.267223746647,False,False,0.0,False
1789638050.1049912,661.696,runtime,9.990289688110352,2505,250.6433825417557,0,0.0,0,0.0,0.0,True,good,当前QC指标正常。,48792.81583397895,False,False,0.0,False,18504.23983521032,False,False,0.0,False
1789638052.1139152,663.696,runtime,9.989850044250488,2500,250.1539051067401,0,0.0,0,0.0,0.0,True,good,当前QC指标正常。,48766.960209863704,False,False,0.0,False,18710.541847485107,False,False,0.0,False
1789638054.1283562,665.696,runtime,9.993763446807861,2500,250.05594872252186,0,0.0,0,0.0,0.0,True,good,当前QC指标正常。,48760.1888831736,False,False,0.0,False,18676.87961660193,False,False,0.0,False
1789638056.1350505,667.696,runtime,9.989758729934692,2495,249.65567912332398,0,0.0,0,0.0,0.0,True,good,当前QC指标正常。,48689.81182423999,False,False,0.0,False,17969.38208925728,False,False,0.0,False
1789638058.1463861,669.736,runtime,9.990000247955322,2505,250.6506444294133,0,0.0,0,0.0,0.0,True,good,当前QC指标正常。,48525.10654741764,False,False,0.0,False,17130.994211785484,False,False,0.0,False
1789638060.1573915,671.736,runtime,9.992976665496826,2500,250.07563648461255,0,0.0,0,0.0,0.0,True,good,当前QC指标正常。,48502.49569939197,False,False,0.0,False,16738.1534961326,False,False,0.0,False
1789638062.1647015,673.756,runtime,9.991066694259644,2505,250.62388998350602,0,0.0,0,0.0,0.0,True,good,当前QC指标正常。,48468.626009246196,False,False,0.0,False,16246.15268645738,False,False,0.0,False
1789638064.1726637,675.736,runtime,9.959869861602783,2495,250.40487824191865,0,0.0,0,0.0,0.0,True,good,当前QC指标正常。,48411.51209782207,False,False,0.0,False,15867.090915183213,False,False,0.0,False
1789638066.184863,677.776,runtime,9.990432977676392,2510,251.14026645355182,0,0.0,0,0.0,0.0,True,good,当前QC指标正常。,48400.66718620606,False,False,0.0,False,15726.538480179515,False,False,0.0,False
1789638068.1943874,679.776,runtime,9.930210828781128,2510,252.6633163445095,0,0.0,0,0.0,0.0,True,good,当前QC指标正常。,48424.10432179895,False,False,0.0,False,15720.24440255136,False,False,0.0,False
1789638070.2018046,681.776,runtime,9.960971355438232,2500,250.87914730681973,0,0.0,0,0.0,0.0,True,good,当前QC指标正常。,48521.4648064073,False,False,0.0,False,15755.536209543468,False,False,0.0,False
1789638072.2310107,683.816,runtime,9.962169885635376,2500,250.84896450153406,0,0.0,0,0.0,0.0,True,good,当前QC指标正常。,48705.22119980347,False,False,0.0,False,15919.321863413152,False,False,0.0,False
1789638074.2356153,685.816,runtime,9.988377332687378,2505,250.69137023944384,0,0.0,0,0.0,0.0,True,good,当前QC指标正常。,48854.23187905952,False,False,0.0,False,15676.83974341675,False,False,0.0,False
1789638076.24185,687.836,runtime,9.991423845291138,2505,250.61493124226845,0,0.0,0,0.0,0.0,True,good,当前QC指标正常。,48861.918739136876,False,False,0.0,False,15471.401122450461,False,False,0.0,False
1789638078.2525527,689.816,runtime,9.963211297988892,2500,250.8227443198391,0,0.0,0,0.0,0.0,True,good,当前QC指标正常。,46302.768306729,False,False,0.0,False,15107.132857571507,False,False,0.0,False
1789638080.2592707,691.816,runtime,9.95307183265686,2495,250.5759068086877,0,0.0,0,0.0,0.0,True,good,当前QC指标正常。,44836.2998425785,False,False,0.0,False,14234.120179667345,False,False,0.0,False
1789638082.264052,693.856,runtime,9.989999055862427,2505,250.65067433921115,0,0.0,0,0.0,0.0,True,good,当前QC指标正常。,58819.63470757677,False,False,0.0,False,14632.98538458509,False,False,0.0,False
1789638084.2725835,695.836,runtime,9.96021294593811,2495,250.39625292520296,0,0.0,0,0.0,0.0,True,good,当前QC指标正常。,70080.92732324821,False,False,0.0,False,14609.491475735047,False,False,0.0,False
1789638086.281847,697.856,runtime,9.9625244140625,2500,250.8400377390857,0,0.0,0,0.0,0.0,True,good,当前QC指标正常。,73628.58856600021,False,False,0.0,False,14560.18466720186,False,False,0.0,False
1789638088.2927592,699.856,runtime,9.960628509521484,2495,250.38580623862796,0,0.0,0,0.0,0.0,True,good,当前QC指标正常。,67040.9545216557,False,False,0.0,False,14664.398420988633,False,False,0.0,False
1789638090.3047633,701.896,runtime,9.960880994796753,2505,251.38338680163028,0,0.0,0,0.0,0.0,True,good,当前QC指标正常。,58446.18284716686,False,False,0.0,False,14702.836258673093,False,False,0.0,False
1789638092.3121061,703.876,runtime,9.930001020431519,2495,251.15808093760103,0,0.0,0,0.0,0.0,True,good,当前QC指标正常。,54834.47148889493,False,False,0.0,False,13765.407305699264,False,False,0.0,False
1789638094.3242533,705.916,runtime,9.989127159118652,2505,250.67255227742336,0,0.0,0,0.0,0.0,True,good,当前QC指标正常。,55226.7780089641,False,False,0.0,False,13311.487519962522,False,False,0.0,False
1789638096.3348308,707.916,runtime,9.990653276443481,2500,250.13379314166386,0,0.0,0,0.0,0.0,True,good,当前QC指标正常。,54120.23919115973,False,False,0.0,False,13276.806951353175,False,False,0.0,False
1789638098.3438346,709.936,runtime,9.98692512512207,2505,250.72782349205744,0,0.0,0,0.0,0.0,True,good,当前QC指标正常。,53067.19990295277,False,False,0.0,False,13436.491678505467,False,False,0.0,False
1789638100.3529632,711.896,runtime,9.933274507522583,2490,250.57195370117392,0,0.0,0,0.0,0.0,True,good,当前QC指标正常。,52647.017793787534,False,False,0.0,False,12833.60127925498,False,False,0.0,False
1789638102.364277,713.916,runtime,9.990490913391113,2495,249.6373823489572,0,0.0,0,0.0,0.0,True,good,当前QC指标正常。,52273.527909113895,False,False,0.0,False,13041.476549163195,False,False,0.0,False
1789638104.3741405,715.956,runtime,9.989917278289795,2500,250.15222152348107,0,0.0,0,0.0,0.0,True,good,当前QC指标正常。,52149.480878247705,False,False,0.0,False,12614.522532344605,False,False,0.0,False
1789638106.3842988,717.976,runtime,9.990490198135376,2505,250.63835210682117,0,0.0,0,0.0,0.0,True,good,当前QC指标正常。,51861.63233237111,False,False,0.0,False,12299.341115224623,False,False,0.0,False
1789638108.3940964,719.976,runtime,9.989445686340332,2500,250.16403096491706,0,0.0,0,0.0,0.0,True,good,当前QC指标正常。,51709.555888662435,False,False,0.0,False,12629.615225105817,False,False,0.0,False
1789638110.405509,721.996,runtime,9.990369081497192,2505,250.64139068070762,0,0.0,0,0.0,0.0,True,good,当前QC指标正常。,51564.16178608206,False,False,0.0,False,12215.052329538434,False,False,0.0,False
1789638112.4152215,724.016,runtime,9.991530656814575,2515,251.61309976918938,0,0.0,0,0.0,0.0,True,good,当前QC指标正常。,51384.518339107955,False,False,0.0,False,11925.33062285221,False,False,0.0,False
1789638114.4239616,726.016,runtime,9.929797172546387,2510,252.67384181187606,0,0.0,0,0.0,0.0,True,good,当前QC指标正常。,51193.34882930847,False,False,0.0,False,11395.76078793465,False,False,0.0,False
1789638116.4345424,728.016,runtime,9.988384246826172,2500,250.19061524330743,0,0.0,0,0.0,0.0,True,good,当前QC指标正常。,51375.03237199218,False,False,0.0,False,10807.361179991904,False,False,0.0,False
1789638118.444137,730.036,runtime,9.988813400268555,2505,250.68042615879466,0,0.0,0,0.0,0.0,True,good,当前QC指标正常。,51485.34534022731,False,False,0.0,False,10613.059759772166,False,False,0.0,False
1789638120.455847,732.016,runtime,9.96390438079834,2495,250.30348593130245,0,0.0,0,0.0,0.0,True,good,当前QC指标正常。,51620.424123137775,False,False,0.0,False,10917.13286271288,False,False,0.0,False
1789638122.4639049,734.056,runtime,9.98995041847229,2505,250.65189466505115,0,0.0,0,0.0,0.0,True,good,当前QC指标正常。,51683.43662997864,False,False,0.0,False,11099.116751972375,False,False,0.0,False
1789638124.4763324,736.036,runtime,9.934719800949097,2495,251.03878619321904,0,0.0,0,0.0,0.0,True,good,当前QC指标正常。,51709.136387202205,False,False,0.0,False,10644.983433156538,False,False,0.0,False
1789638126.4922385,738.056,runtime,9.963041305541992,2500,250.8270239339386,0,0.0,0,0.0,0.0,True,good,当前QC指标正常。,50936.45992648268,False,False,0.0,False,10722.829589330153,False,False,0.0,False
1789638128.5074556,740.096,runtime,9.961442232131958,2500,250.86728826666715,0,0.0,0,0.0,0.0,True,good,当前QC指标正常。,49293.077172294965,False,False,0.0,False,10826.563439283429,False,False,0.0,False
1789638130.5180423,742.096,runtime,9.96200680732727,2495,250.3511640009731,0,0.0,0,0.0,0.0,True,good,当前QC指标正常。,47993.025877360546,False,False,0.0,False,10696.798762355911,False,False,0.0,False
1789638132.5318048,744.116,runtime,9.961312770843506,2500,250.8705486403866,0,0.0,0,0.0,0.0,True,good,当前QC指标正常。,47005.479741046904,False,False,0.0,False,10634.290484850344,False,False,0.0,False
1789638134.5523582,746.116,runtime,9.959550142288208,2495,250.41291668490993,0,0.0,0,0.0,0.0,True,good,当前QC指标正常。,46193.58493885921,False,False,0.0,False,8863.499134265578,False,False,0.0,False
1789638136.5642912,748.156,runtime,9.990649938583374,2510,251.13481259215897,0,0.0,0,0.0,0.0,True,good,当前QC指标正常。,45680.025674211676,False,False,0.0,False,7161.004381870309,False,False,0.0,False
1789638138.5709205,750.136,runtime,9.960020780563354,2505,251.40509795787491,0,0.0,0,0.0,0.0,True,good,当前QC指标正常。,46285.83884537407,False,False,0.0,False,7275.715002111891,False,False,0.0,False
1789638140.584445,752.176,runtime,9.987742185592651,2505,250.70731237056035,0,0.0,0,0.0,0.0,True,good,当前QC指标正常。,46235.35836443283,False,False,0.0,False,7821.214041613524,False,False,0.0,False
1789638142.5942001,754.176,runtime,9.989957332611084,2500,250.15121854848144,0,0.0,0,0.0,0.0,True,good,当前QC指标正常。,45801.09624084122,False,False,0.0,False,8050.495812257141,False,False,0.0,False
1789638144.6042283,756.196,runtime,9.990487337112427,2505,250.63842388330747,0,0.0,0,0.0,0.0,True,good,当前QC指标正常。,45528.531762142484,False,False,0.0,False,8587.529460013471,False,False,0.0,False
1789638146.6132884,758.216,runtime,9.989835977554321,2505,250.65476606684197,0,0.0,0,0.0,0.0,True,good,当前QC指标正常。,45570.734845496874,False,False,0.0,False,7799.918247560737,False,False,0.0,False
1789638148.6180358,760.196,runtime,9.963980674743652,2505,251.30518431725295,0,0.0,0,0.0,0.0,True,good,当前QC指标正常。,45499.3595955212,False,False,0.0,False,6669.0810745520475,False,False,0.0,False
1789638150.638926,762.196,runtime,9.962199687957764,2495,250.34631688970555,0,0.0,0,0.0,0.0,True,good,当前QC指标正常。,46396.671988405644,False,False,0.0,False,6548.823528489695,False,False,0.0,False
1789638152.6602967,764.236,runtime,9.959929943084717,2495,250.4033677196304,0,0.0,0,0.0,0.0,True,good,当前QC指标正常。,47568.65716723408,False,False,0.0,False,6569.938220673397,False,False,0.0,False
1789638154.6724555,766.256,runtime,9.965797185897827,2500,250.7576617690181,0,0.0,0,0.0,0.0,True,good,当前QC指标正常。,48623.10090359108,False,False,0.0,False,6870.289374461148,False,False,0.0,False
1789638156.689272,768.256,runtime,9.933120489120483,2495,251.0792054452194,0,0.0,0,0.0,0.0,True,good,当前QC指标正常。,49601.36664271981,False,False,0.0,False,7645.002638945043,False,False,0.0,False
1789638158.6996727,770.276,runtime,9.961156129837036,2500,250.87449362575984,0,0.0,0,0.0,0.0,True,good,当前QC指标正常。,50461.15249407907,False,False,0.0,False,8268.945847226758,False,False,0.0,False
1789638160.7082872,772.276,runtime,9.959447145462036,2505,251.41957815810417,0,0.0,0,0.0,0.0,True,good,当前QC指标正常。,49798.76859732581,False,False,0.0,False,8632.18505867693,False,False,0.0,False
1789638162.7215593,774.296,runtime,9.9541175365448,2505,251.55419260491976,0,0.0,0,0.0,0.0,True,good,当前QC指标正常。,47363.08134763014,False,False,0.0,False,9162.944535176835,False,False,0.0,False
1789638164.7343473,776.316,runtime,9.990069150924683,2500,250.14841861917364,0,0.0,0,0.0,0.0,True,good,当前QC指标正常。,46940.51249358486,False,False,0.0,False,9134.32406975163,False,False,0.0,False
1789638166.7432594,778.336,runtime,9.988973379135132,2505,250.67641137479956,0,0.0,0,0.0,0.0,True,good,当前QC指标正常。,51760.249525863364,False,False,0.0,False,9089.634488585823,False,False,0.0,False
1789638168.753364,780.316,runtime,9.961385250091553,2495,250.36678507912123,0,0.0,0,0.0,0.0,True,good,当前QC指标正常。,53342.86240807747,False,False,0.0,False,13051.350725330472,False,False,0.0,False
1789638170.7638633,782.356,runtime,9.990532159805298,2505,250.63729938974538,0,0.0,0,0.0,0.0,True,good,当前QC指标正常。,57856.84884463342,False,False,0.0,False,21334.667362474862,False,False,0.0,False
1789638172.7784572,784.336,runtime,9.96759581565857,2495,250.21078764871837,0,0.0,0,0.0,0.0,True,good,当前QC指标正常。,62002.55584335614,False,False,0.0,False,21694.124492025705,False,False,0.0,False
1789638174.786926,786.356,runtime,9.963565111160278,2500,250.81383742861757,0,0.0,0,0.0,0.0,True,good,当前QC指标正常。,63503.82194136646,False,False,0.0,False,22075.376022026245,False,False,0.0,False
1789638176.794157,788.376,runtime,9.988039493560791,2500,250.19925097523745,0,0.0,0,0.0,0.0,True,good,当前QC指标正常。,63001.55923097804,False,False,0.0,False,21725.47268111776,False,False,0.0,False
1789638178.8041062,790.396,runtime,9.98946237564087,2505,250.66414045524218,0,0.0,0,0.0,0.0,True,good,当前QC指标正常。,63293.28311662144,False,False,0.0,False,19423.218629124258,False,False,0.0,False
1789638180.8107622,792.376,runtime,9.960335969924927,2495,250.39316018361154,0,0.0,0,0.0,0.0,True,good,当前QC指标正常。,61546.93536180779,False,False,0.0,False,10434.300175069042,False,False,0.0,False
1789638182.8235512,794.416,runtime,9.989762306213379,2505,250.65661456655235,0,0.0,0,0.0,0.0,True,good,当前QC指标正常。,63447.66880961251,False,False,0.0,False,9977.142689543774,False,False,0.0,False
1789638184.8303683,796.396,runtime,9.931653499603271,2495,251.11629197490882,0,0.0,0,0.0,0.0,True,good,当前QC指标正常。,64537.50965700377,False,False,0.0,False,10344.462328666703,False,False,0.0,False
1789638186.843901,798.436,runtime,9.960303783416748,2505,251.39795476609817,0,0.0,0,0.0,0.0,True,good,当前QC指标正常。,65340.25132123151,False,False,0.0,False,10622.996065750978,False,False,0.0,False
1789638188.8550775,800.436,runtime,9.99086880683899,2500,250.12839707087082,0,0.0,0,0.0,0.0,True,good,当前QC指标正常。,65675.06801428733,False,False,0.0,False,10978.369993699545,False,False,0.0,False
1789638190.8638601,802.456,runtime,9.990413904190063,2505,250.64026616052428,0,0.0,0,0.0,0.0,True,good,当前QC指标正常。,65530.85064760979,False,False,0.0,False,10820.245367651776,False,False,0.0,False
1789638192.8709922,804.436,runtime,9.959733963012695,2495,250.40829496670574,0,0.0,0,0.0,0.0,True,good,当前QC指标正常。,64839.866442887724,False,False,0.0,False,10322.315037645854,False,False,0.0,False
1789638194.8844557,806.452,runtime,9.98857307434082,2499,250.08577115153673,0,0.0,0,0.0,0.0,True,good,当前QC指标正常。,64613.816360727134,False,False,0.0,False,10575.325517225407,False,False,0.0,False
1789638196.892221,808.432,runtime,9.931055068969727,2489,250.5272584555421,0,0.0,0,0.0,0.0,True,good,当前QC指标正常。,64545.6966498063,False,False,0.0,False,10768.682222675658,False,False,0.0,False
1789638198.9050171,810.492,runtime,9.991310834884644,2504,250.51767894766922,0,0.0,0,0.0,0.0,True,good,当前QC指标正常。,64598.17414603151,False,False,0.0,False,11101.389483207631,False,False,0.0,False
1789638200.9133,812.492,runtime,9.990250825881958,2499,250.04377202706237,0,0.0,0,0.0,0.0,True,good,当前QC指标正常。,64498.8567184234,False,False,0.0,False,10792.097560164251,False,False,0.0,False
1789638202.923022,814.512,runtime,9.987396240234375,2504,250.61587022217333,0,0.0,0,0.0,0.0,True,good,当前QC指标正常。,64286.805808691024,False,False,0.0,False,10470.80081991961,False,False,0.0,False
1789638204.9334462,816.512,runtime,9.98996376991272,2500,250.15105735682096,0,0.0,0,0.0,0.0,True,good,当前QC指标正常。,63979.050231613815,False,False,0.0,False,10469.44648903527,False,False,0.0,False
1789638206.9445734,818.532,runtime,9.991267681121826,2510,251.11928536762892,0,0.0,0,0.0,0.0,True,good,当前QC指标正常。,63665.73361849857,False,False,0.0,False,10611.569009175357,False,False,0.0,False
1789638208.952673,820.512,runtime,9.960124731063843,2505,251.40247412670175,0,0.0,0,0.0,0.0,True,good,当前QC指标正常。,63461.16228083989,False,False,0.0,False,10426.98972665177,False,False,0.0,False
1789638210.9632819,822.552,runtime,9.990069389343262,2505,250.6489096733502,0,0.0,0,0.0,0.0,True,good,当前QC指标正常。,63217.9394606388,False,False,0.0,False,10116.149333724212,False,False,0.0,False
1789638212.9728398,824.552,runtime,9.990195274353027,2500,250.1452605651732,0,0.0,0,0.0,0.0,True,good,当前QC指标正常。,63175.595714652874,False,False,0.0,False,9635.155807112667,False,False,0.0,False
1789638214.9836874,826.572,runtime,9.99046516418457,2505,250.63898015247005,0,0.0,0,0.0,0.0,True,good,当前QC指标正常。,63274.97366100925,False,False,0.0,False,9735.21379389599,False,False,0.0,False
1789638216.9941797,828.572,runtime,9.990895986557007,2500,250.12771660944776,0,0.0,0,0.0,0.0,True,good,当前QC指标正常。,63359.45790097404,False,False,0.0,False,9757.621036708848,False,False,0.0,False
1789638219.003126,830.572,runtime,9.963060140609741,2500,250.82654974790313,0,0.0,0,0.0,0.0,True,good,当前QC指标正常。,63325.8963964514,False,False,0.0,False,9563.07677006944,False,False,0.0,False
1789638221.0196586,832.572,runtime,9.95860481262207,2495,250.43668735995735,0,0.0,0,0.0,0.0,True,good,当前QC指标正常。,63280.378041430806,False,False,0.0,False,9432.09256352166,False,False,0.0,False
1789638223.0358536,834.612,runtime,9.961323261260986,2495,250.36834309945775,0,0.0,0,0.0,0.0,True,good,当前QC指标正常。,63188.98879484169,False,False,0.0,False,9290.65014992317,False,False,0.004,False
1789638225.0415628,836.632,runtime,9.991961479187012,2505,250.60144649434096,0,0.0,0,0.0,0.0,True,good,当前QC指标正常。,63130.7966033173,False,False,0.0,False,9179.252364657843,False,False,0.004,False
1789638227.0498762,838.632,runtime,9.99044680595398,2505,250.63944072127964,0,0.0,0,0.0,0.0,True,good,当前QC指标正常。,63068.31276252715,False,False,0.0,False,9184.921321995493,False,False,0.004,False
1789638229.0638525,840.652,runtime,9.961487770080566,2500,250.8661414518595,0,0.0,0,0.0,0.0,True,good,当前QC指标正常。,63132.65685745215,False,False,0.0,False,9774.389383395928,False,False,0.004,False
1789638231.0730999,842.652,runtime,9.96006727218628,2500,250.90191980715994,0,0.0,0,0.0,0.0,True,good,当前QC指标正常。,63169.16772008691,False,False,0.0,False,10184.763714157425,False,False,0.004,False
1789638233.0878289,844.672,runtime,9.962191343307495,2505,251.35032180265873,0,0.0,0,0.0,0.0,True,good,当前QC指标正常。,63152.20125494926,False,False,0.0,False,9899.218592887994,False,False,0.004,False
1789638235.1040308,846.672,runtime,9.96163010597229,2495,250.36063108835708,0,0.0,0,0.0,0.0,True,good,当前QC指标正常。,63122.21415344234,False,False,0.0,False,9670.535922613946,False,False,0.0,False
1789638237.112037,848.692,runtime,9.961883306503296,2500,250.85618081559016,0,0.0,0,0.0,0.0,True,good,当前QC指标正常。,63099.153601285776,False,False,0.0,False,9134.430538901577,False,False,0.0,False
1789638239.1296167,850.692,runtime,9.958961248397827,2495,250.42772411643116,0,0.0,0,0.0,0.0,True,good,当前QC指标正常。,62950.27488929402,False,False,0.0,False,9040.618495666047,False,False,0.0,False
1789638241.1446404,852.732,runtime,9.991590976715088,2505,250.61073915409958,0,0.0,0,0.0,0.0,True,good,当前QC指标正常。,62962.18903556058,False,False,0.0,False,9130.655201277494,False,False,0.0,False
1789638243.1535146,854.732,runtime,9.964867115020752,2500,250.78106623550252,0,0.0,0,0.0,0.0,True,good,当前QC指标正常。,63049.741899905384,False,False,0.0,False,9461.867852947758,False,False,0.0,False
1789638245.1700463,856.732,runtime,9.962358951568604,2500,250.8442038827084,0,0.0,0,0.0,0.0,True,good,当前QC指标正常。,63136.12012978168,False,False,0.0,False,10253.338314610093,False,False,0.0,False
1789638247.1855128,858.772,runtime,9.961244344711304,2500,250.87227192923817,0,0.0,0,0.0,0.0,True,good,当前QC指标正常。,63256.535613229535,False,False,0.0,False,10543.248059638327,False,False,0.0,False
1789638249.2039433,860.772,runtime,9.96034550666809,2495,250.39292043939213,0,0.0,0,0.0,0.0,True,good,当前QC指标正常。,63928.674010704555,False,False,0.0,False,10252.766695664339,False,False,0.0,False
1789638251.2184663,862.792,runtime,9.961164712905884,2500,250.8742774589648,0,0.0,0,0.0,0.0,True,good,当前QC指标正常。,64592.963935480024,False,False,0.0,False,9885.752131477875,False,False,0.0,False
1789638253.2367775,864.812,runtime,9.992400169372559,2500,250.09006421296246,0,0.0,0,0.0,0.0,True,good,当前QC指标正常。,65238.074679186335,False,False,0.0,False,9915.102030698334,False,False,0.0,False
1789638255.2431016,866.832,runtime,9.990340948104858,2510,251.1425799212539,0,0.0,0,0.0,0.0,True,good,当前QC指标正常。,66075.94226218712,False,False,0.0,False,10716.87207831715,False,False,0.0,False
1789638257.2534142,868.832,runtime,9.988276958465576,2510,251.194476327921,0,0.0,0,0.0,0.0,True,good,当前QC指标正常。,66795.46020084817,False,False,0.0,False,10810.512747338025,False,False,0.0,False
1789638259.2627614,870.852,runtime,9.989496231079102,2505,250.66329092848648,0,0.0,0,0.0,0.0,True,good,当前QC指标正常。,66972.02748975203,False,False,0.0,False,10552.51591745696,False,False,0.0,False
1789638261.2735915,872.852,runtime,9.988662004470825,2500,250.1836581197234,0,0.0,0,0.0,0.0,True,good,当前QC指标正常。,67065.19706421079,False,False,0.0,False,10383.704642790837,False,False,0.0,False
1789638263.284279,874.872,runtime,9.991118669509888,2505,250.62258620163433,0,0.0,0,0.0,0.0,True,good,当前QC指标正常。,67125.79547886747,False,False,0.0,False,10199.312393689854,False,False,0.0,False
1789638265.293979,876.892,runtime,9.987273454666138,2505,250.71907877220588,0,0.0,0,0.0,0.0,True,good,当前QC指标正常。,67037.50086118245,False,False,0.0,False,10365.148039640899,False,False,0.0,False
1789638267.3059673,878.872,runtime,9.963317394256592,2500,250.8200733864568,0,0.0,0,0.0,0.0,True,good,当前QC指标正常。,67008.93900724806,False,False,0.0,False,10285.546524037785,False,False,0.0,False
1789638269.321967,880.872,runtime,9.962152481079102,2494,250.24712327329866,0,0.0,0,0.0,0.0,True,good,当前QC指标正常。,67044.29135712665,False,False,0.0,False,10374.47881405862,False,False,0.0,False
1789638271.3345857,882.912,runtime,9.988431453704834,2501,250.2895486230442,0,0.0,0,0.0,0.0,True,good,当前QC指标正常。,66982.3799325029,False,False,0.0,False,10653.08590438773,False,False,0.0,False
1789638273.3528466,884.932,runtime,9.96131443977356,2495,250.3685648193125,0,0.0,0,0.0,0.0,True,good,当前QC指标正常。,64066.4955932162,False,False,0.0,False,9699.990192810697,False,False,0.0,False
1789638275.359804,886.932,runtime,9.959729671478271,2495,250.40840286479667,0,0.0,0,0.0,0.0,True,good,当前QC指标正常。,63467.79456561655,False,False,0.0,False,9605.533547798947,False,False,0.0,False
1789638277.3674614,888.952,runtime,9.95814037322998,2500,250.95046929825864,0,0.0,0,0.0,0.0,True,good,当前QC指标正常。,63638.608132148365,False,False,0.0,False,9495.735293163769,False,False,0.0,False
1789638279.3747897,890.952,runtime,9.956782579421997,2500,250.9846910953709,0,0.0,0,0.0,0.0,True,good,当前QC指标正常。,63749.880624143094,False,False,0.0,False,9351.446679417759,False,False,0.0,False
1789638281.3918617,892.972,runtime,9.961490392684937,2505,251.36800832923282,0,0.0,0,0.0,0.0,True,good,当前QC指标正常。,63978.455014086685,False,False,0.0,False,9495.492870024143,False,False,0.0,False
1789638283.3971958,894.972,runtime,9.964102268218994,2495,250.29851489528951,0,0.0,0,0.0,0.0,True,good,当前QC指标正常。,67081.07036630744,False,False,0.0,False,10196.725636010127,False,False,0.0,False
1789638285.4090323,896.992,runtime,9.962441205978394,2500,250.84213279977672,0,0.0,0,0.0,0.0,True,good,当前QC指标正常。,67646.92987360466,False,False,0.0,False,10254.545511018427,False,False,0.0,False
1789638287.4176173,898.992,runtime,9.96269679069519,2495,250.33382550890323,0,0.0,0,0.0,0.0,True,good,当前QC指标正常。,67571.9937641539,False,False,0.0,False,10092.301733783906,False,False,0.0,False
1789638289.4312477,901.012,runtime,9.965968132019043,2500,250.75336052612062,0,0.0,0,0.0,0.0,True,good,当前QC指标正常。,67552.14549659162,False,False,0.0,False,10144.998807351658,False,False,0.0,False
1789638291.446571,903.032,runtime,9.962814092636108,2500,250.83274431940922,0,0.0,0,0.0,0.0,True,good,当前QC指标正常。,67573.39361631143,False,False,0.0,False,10141.873026413092,False,False,0.0,False
1789638293.4547882,905.032,runtime,9.960372686386108,2500,250.89422641942372,0,0.0,0,0.0,0.0,True,good,当前QC指标正常。,67618.03749248762,False,False,0.0,False,10223.597734802175,False,False,0.0,False
1789638295.4692109,907.052,runtime,9.962196826934814,2500,250.84828611731982,0,0.0,0,0.0,0.0,True,good,当前QC指标正常。,67630.4351284094,False,False,0.0,False,10257.87067592661,False,False,0.0,False
1789638297.4848394,909.052,runtime,9.960278987884521,2500,250.8965866357491,0,0.0,0,0.0,0.0,True,good,当前QC指标正常。,67659.18128194707,False,False,0.0,False,10202.310434041294,False,False,0.0,False
1789638299.4935133,911.092,runtime,9.99010944366455,2505,250.64790472220173,0,0.0,0,0.0,0.0,True,good,当前QC指标正常。,67670.78850454022,False,False,0.0,False,10380.420987262181,False,False,0.0,False
1789638301.503038,913.092,runtime,9.990362882614136,2500,250.14106387956323,0,0.0,0,0.0,0.0,True,good,当前QC指标正常。,67387.08209994256,False,False,0.0,False,10144.634967605993,False,False,0.0,False
1789638303.5139012,915.112,runtime,9.960719108581543,2505,251.38747240073334,0,0.0,0,0.0,0.0,True,good,当前QC指标正常。,66408.27380506886,False,False,0.0,False,10344.30658385832,False,False,0.0,False
1789638305.5220456,917.092,runtime,9.930205821990967,2495,251.15290102818463,0,0.0,0,0.0,0.0,True,good,当前QC指标正常。,66068.91829395901,False,False,0.0,False,10293.671170513098,False,False,0.0,False
1789638307.5317736,919.112,runtime,9.963667631149292,2500,250.81125670906633,0,0.0,0,0.0,0.0,True,good,当前QC指标正常。,63993.52638341303,False,False,0.0,False,9767.205541144927,False,False,0.0,False
1789638309.5366528,921.112,runtime,9.960350275039673,2495,250.39280056745457,0,0.0,0,0.0,0.0,True,good,当前QC指标正常。,60465.88228989884,False,False,0.0,False,9101.331434191747,False,False,0.0,False
1789638311.5457978,923.132,runtime,9.964285135269165,2500,250.7957134982664,0,0.0,0,0.0,0.0,True,good,当前QC指标正常。,57190.93912202327,False,False,0.0,False,8686.900875009444,False,False,0.0,False
1789638313.5551498,925.112,runtime,9.933414220809937,2490,250.56842941127803,0,0.0,0,0.0,0.0,True,good,当前QC指标正常。,55082.223630029,False,False,0.0,False,8129.814720436549,False,False,0.0,False
1789638315.5724373,927.112,runtime,9.932437419891357,2490,250.593071446427,0,0.0,0,0.0,0.0,True,good,当前QC指标正常。,52202.57116584601,False,False,0.0,False,6490.675299545614,False,False,0.0,False
1789638317.57869,929.152,runtime,9.960181951522827,2495,250.39703211633486,0,0.0,0,0.0,0.0,True,good,当前QC指标正常。,51400.854132640976,False,False,0.0,False,4758.247284849797,False,False,0.0,False
1789638319.5933301,931.192,runtime,9.990404844284058,2505,250.64049345634342,0,0.0,0,0.0,0.0,True,good,当前QC指标正常。,52111.49748527929,False,False,0.0,False,4965.188685658327,False,False,0.0,False
1789638321.6043384,933.212,runtime,9.991527795791626,2505,250.6123238785034,0,0.0,0,0.0,0.0,True,good,当前QC指标正常。,52813.53686888478,False,False,0.0,False,5143.283425427415,False,False,0.0,False
1789638323.6126695,935.212,runtime,9.990168333053589,2505,250.64642721937287,0,0.0,0,0.0,0.0,True,good,当前QC指标正常。,52881.64938611566,False,False,0.0,False,5328.767770615438,False,False,0.0,False
1789638325.623314,937.212,runtime,9.990012884140015,2510,251.1508272409987,0,0.0,0,0.0,0.0,True,good,当前QC指标正常。,52930.02203899163,False,False,0.0,False,5285.164055519441,False,False,0.0,False
1789638327.633962,939.232,runtime,9.990679502487183,2510,251.1340694469664,0,0.0,0,0.0,0.0,True,good,当前QC指标正常。,52975.56768391947,False,False,0.0,False,5041.279990003093,False,False,0.0,False
1789638329.6420612,941.212,runtime,9.961076736450195,2495,250.3745394183943,0,0.0,0,0.0,0.0,True,good,当前QC指标正常。,52979.81856746266,False,False,0.0,False,5002.944273157991,False,False,0.0,False
1789638331.6528902,943.252,runtime,9.990234851837158,2505,250.64475832012357,0,0.0,0,0.0,0.0,True,good,当前QC指标正常。,53074.523178780284,False,False,0.0,False,5243.165322914524,False,False,0.0,False
1789638333.662888,945.252,runtime,9.99010944366455,2500,250.1474097047852,0,0.0,0,0.0,0.0,True,good,当前QC指标正常。,53075.57484688427,False,False,0.0,False,5559.398419890771,False,False,0.0,False
1789638335.6728644,947.272,runtime,9.98995566368103,2505,250.65176306071245,0,0.0,0,0.0,0.0,True,good,当前QC指标正常。,53078.786834784085,False,False,0.0,False,5640.959441964562,False,False,0.0,False
1789638337.6826365,949.252,runtime,9.963354110717773,2495,250.31731004292578,0,0.0,0,0.0,0.0,True,good,当前QC指标正常。,53082.43577143846,False,False,0.0,False,5916.926696428332,False,False,0.0,False
1789638339.6994033,951.272,runtime,9.9701087474823,2500,250.64922191857332,0,0.0,0,0.0,0.0,True,good,当前QC指标正常。,53352.57570720924,False,False,0.0,False,5482.157945116138,False,False,0.0,False
1789638341.7222247,953.312,runtime,9.961257219314575,2500,250.87194768492824,0,0.0,0,0.0,0.0,True,good,当前QC指标正常。,53803.546404754365,False,False,0.0,False,5547.376516173662,False,False,0.0,False
1789638343.7383778,955.312,runtime,9.9595468044281,2495,250.41300060873715,0,0.0,0,0.0,0.0,True,good,当前QC指标正常。,54106.90369125187,False,False,0.0,False,5586.186067866728,False,False,0.0,False
1789638345.7532165,957.332,runtime,9.963509559631348,2500,250.81523584069944,0,0.0,0,0.0,0.0,True,good,当前QC指标正常。,54321.67508444444,False,False,0.0,False,5394.044008152266,False,False,0.0,False
1789638347.7623653,959.352,runtime,9.990110635757446,2500,250.147379855371,0,0.0,0,0.0,0.0,True,good,当前QC指标正常。,54507.63458324998,False,False,0.0,False,6002.197719919276,False,False,0.0,False
1789638349.773348,961.372,runtime,9.990006923675537,2510,251.1509770883007,0,0.0,0,0.0,0.0,True,good,当前QC指标正常。,54616.77432177142,False,False,0.0,False,6552.1802721434315,False,False,0.0,False
1789638351.7775714,963.352,runtime,9.960105180740356,2505,251.40296759535548,0,0.0,0,0.0,0.0,True,good,当前QC指标正常。,58311.52798013257,False,False,0.0,False,11830.194641285738,False,False,0.0,False
1789638353.7937503,965.392,runtime,9.99156641960144,2505,250.6113551012038,0,0.0,0,0.0,0.0,True,good,当前QC指标正常。,59049.24651723231,False,False,0.0,False,12634.890108327527,False,False,0.0,False
1789638355.8031614,967.372,runtime,9.960059881210327,2495,250.40010097779995,0,0.0,0,0.0,0.0,True,good,当前QC指标正常。,58883.84452210893,False,False,0.0,False,12760.616089313246,False,False,0.0,False
1789638357.8131306,969.412,runtime,9.990357637405396,2505,250.64167779386085,0,0.0,0,0.0,0.0,True,good,当前QC指标正常。,57187.95382718015,False,False,0.0,False,12157.547540334812,False,False,0.0,False
1789638359.8229854,971.412,runtime,9.98667860031128,2500,250.2333458415401,0,0.0,0,0.0,0.0,True,good,当前QC指标正常。,55328.934691073846,False,False,0.0,False,10610.116252219363,False,False,0.0,False
1789638361.8366299,973.412,runtime,9.96222996711731,2500,250.84745164973495,0,0.0,0,0.0,0.0,True,good,当前QC指标正常。,53097.062439424175,False,False,0.0,False,9003.295151891454,False,False,0.0,False
1789638363.8510416,975.412,runtime,9.960031509399414,2495,250.40081425910944,0,0.0,0,0.0,0.0,True,good,当前QC指标正常。,54261.61828108257,False,False,0.0,False,9504.029310520396,False,False,0.0,False
1789638365.8573108,977.452,runtime,9.990254640579224,2505,250.6442618418404,0,0.0,0,0.0,0.0,True,good,当前QC指标正常。,54955.74785669252,False,False,0.0,False,8746.208695689955,False,False,0.0,False
1789638367.8650532,979.472,runtime,9.990981817245483,2505,250.62601912435002,0,0.0,0,0.0,0.0,True,good,当前QC指标正常。,56867.93569173187,False,False,0.0,False,9453.870502509259,False,False,0.0,False
1789638369.8693206,981.448,runtime,9.959859848022461,2499,250.80674207438574,0,0.0,0,0.0,0.0,True,good,当前QC指标正常。,58398.708379821444,False,False,0.0,False,8968.611166136086,False,False,0.0,False
1789638371.8722875,983.448,runtime,9.96055006980896,2494,250.28738197465984,0,0.0,0,0.0,0.0,True,good,当前QC指标正常。,59019.55283652305,False,False,0.0,False,8804.982870999323,False,False,0.0,False
1789638373.8844914,985.468,runtime,9.933591842651367,2499,251.46996570509995,0,0.0,0,0.0,0.0,True,good,当前QC指标正常。,58731.12126159652,False,False,0.0,False,18731.574253023056,False,False,0.0,False
1789638375.8923213,987.468,runtime,9.930385828018188,2494,251.0476474102446,0,0.0,0,0.0,0.0,True,good,当前QC指标正常。,59201.37095359379,False,False,0.0,False,27051.2166096919,False,False,0.0,False
1789638377.8994777,989.488,runtime,9.965695142745972,2499,250.6598851579655,0,0.0,0,0.0,0.0,True,good,当前QC指标正常。,59372.895244493084,False,False,0.0,False,28058.21080973247,False,False,0.0,False
1789638379.91883,991.488,runtime,9.9599609375,2495,250.40258848906757,0,0.0,0,0.0,0.0,True,good,当前QC指标正常。,59608.79461359005,False,False,0.0,False,24422.961420311985,False,False,0.0,False
1789638381.931772,993.528,runtime,9.989936828613281,2505,250.65223564057152,0,0.0,0,0.0,0.0,True,good,当前QC指标正常。,59808.545112784144,False,False,0.0,False,14448.825859711422,False,False,0.0,False
1789638383.9421773,995.508,runtime,9.990130424499512,2495,249.64639038983768,0,0.0,0,0.0,0.0,True,good,当前QC指标正常。,59724.78587480369,False,False,0.0,False,13183.64418609856,False,False,0.0,False
1789638385.9521463,997.508,runtime,9.990177869796753,2495,249.6452047705873,0,0.0,0,0.0,0.0,True,good,当前QC指标正常。,59657.905076986506,False,False,0.0,False,13182.388849113884,False,False,0.0,False
1789638387.9577703,999.528,runtime,9.959810256958008,2495,250.40637679394248,0,0.0,0,0.0,0.0,True,good,当前QC指标正常。,60678.24174461534,False,False,0.0,False,12280.653053365086,False,False,0.0,False
1789638389.9666092,1001.508,runtime,9.92765736579895,2490,250.7137291597787,0,0.0,0,0.0,0.0,True,good,当前QC指标正常。,64892.76604899015,False,False,0.0,False,12332.358972004495,False,False,0.0,False
1789638391.9733908,1003.548,runtime,9.959922790527344,2495,250.40354754275674,0,0.0,0,0.0,0.0,True,good,当前QC指标正常。,75721.57619709408,False,False,0.0,False,37606.43964572321,False,False,0.0,False
1789638393.992012,1005.588,runtime,9.990133285522461,2505,250.64730654082024,0,0.0,0,0.0,0.0,True,good,当前QC指标正常。,79246.82386001846,False,False,0.0,False,40248.124202242,False,False,0.0,False
1789638395.9978704,1007.568,runtime,9.952674627304077,2505,251.59066218547417,0,0.0,0,0.0,0.0,True,good,当前QC指标正常。,168707.01873078197,False,False,0.0,False,55789.613415207474,False,False,0.0,False
1789638398.0120761,1009.608,runtime,9.990611553192139,2510,251.1357774888505,0,0.0,0,0.0,0.0,True,good,当前QC指标正常。,217623.67038687985,False,False,0.0,False,83202.17188341777,False,False,0.0,False
1789638400.0226245,1011.608,runtime,9.991026163101196,2500,250.1244576086982,0,0.0,0,0.0,0.0,True,good,当前QC指标正常。,256552.46974926913,False,False,0.0,False,97324.35307394562,False,False,0.0,False
1789638402.0335937,1013.628,runtime,9.992045879364014,2505,250.59932972999698,0,0.0,0,0.0,0.0,True,good,当前QC指标正常。,263823.9998678892,False,False,0.0,False,114090.05217480741,False,False,0.0,False
1789638404.0428367,1015.628,runtime,9.991156339645386,2500,250.12119869287287,0,0.0,0,0.0,0.0,True,good,当前QC指标正常。,265378.9970540146,False,False,0.0,False,117199.94574766677,False,False,0.0,False
1789638406.0523136,1017.648,runtime,9.990608930587769,2505,250.63537341889375,0,0.0,0,0.0,0.0,True,good,当前QC指标正常。,174760.4414491806,False,False,0.0,False,110278.82101317632,False,False,0.0,False
1789638408.0582309,1019.628,runtime,9.962812423706055,2495,250.33092001869286,0,0.0,0,0.0,0.0,True,good,当前QC指标正常。,113511.63165170934,False,False,0.0,False,52931.4110228051,False,False,0.0,False
1789638410.0691104,1021.648,runtime,9.961764574050903,2500,250.85917072458918,0,0.0,0,0.0,0.0,True,good,当前QC指标正常。,88750.15562061773,False,False,0.0,False,39330.91384821309,False,False,0.0,False
1789638412.0773335,1023.648,runtime,9.96051573753357,2495,250.3886410823107,0,0.0,0,0.0,0.0,True,good,当前QC指标正常。,81525.24283764951,False,False,0.0,False,42058.62912293628,False,False,0.0,False
1789638414.0931537,1025.688,runtime,9.991164207458496,2505,250.62144390848275,0,0.0,0,0.0,0.0,True,good,当前QC指标正常。,143680.41866269516,False,False,0.0,False,47833.0779622927,False,False,0.0,False
1789638416.110616,1027.668,runtime,9.960224390029907,2495,250.3959652250878,0,0.0,0,0.0,0.0,True,good,当前QC指标正常。,248423.48116154713,False,False,0.0,False,61592.553444774916,False,False,0.0,False
1789638418.1317675,1029.708,runtime,9.961129426956177,2495,250.37321503432085,0,0.0,0,0.0,0.0,True,good,当前QC指标正常。,282082.16861174017,False,False,0.0,False,67051.7789285422,False,False,0.0,False
1789638420.1383464,1031.728,runtime,9.962121486663818,2505,251.35208432782886,0,0.0,0,0.0,0.0,True,good,当前QC指标正常。,279816.1393744472,False,False,0.0,False,92836.75508680912,False,False,0.0,False
1789638422.1465318,1033.728,runtime,9.960250616073608,2505,251.3992967164005,0,0.0,0,0.0,0.0,True,good,当前QC指标正常。,268718.858914965,False,False,0.0,False,108512.06765609114,False,False,0.0,False
1789638424.1612911,1035.748,runtime,9.961193323135376,2505,251.37550479864026,0,0.0,0,0.0,0.0,True,good,当前QC指标正常。,267011.9894462845,False,False,0.0,False,109480.65066116839,False,False,0.0,False
1789638426.1687195,1037.748,runtime,9.959452867507935,2495,250.4153624880853,0,0.0,0,0.0,0.0,True,good,当前QC指标正常。,299450.55274454184,False,False,0.0,False,81918.45009518434,False,False,0.0,False
1789638428.1826246,1039.768,runtime,9.961267948150635,2500,250.87167748197692,0,0.0,0,0.0,0.0,True,good,当前QC指标正常。,316529.9164978428,False,False,0.0,False,60370.05571753946,False,False,0.0,False
1789638430.2048273,1041.808,runtime,9.992589712142944,2505,250.58569121047287,0,0.0,0,0.0,0.0,True,good,当前QC指标正常。,280439.33902849193,False,False,0.0,False,55553.04139640279,False,False,0.0,False
1789638432.2179565,1043.788,runtime,9.963456392288208,2500,250.81657424969967,0,0.0,0,0.0,0.0,True,good,当前QC指标正常。,213041.22345570277,False,False,0.0,False,48641.13284232167,False,False,0.0,False
1789638434.2269154,1045.788,runtime,9.961288213729858,2495,250.36922398876743,0,0.0,0,0.0,0.0,True,good,当前QC指标正常。,130138.47845246946,False,False,0.0,False,45631.0046908513,False,False,0.0,False
1789638436.2520373,1047.828,runtime,9.96002197265625,2495,250.40105401844534,0,0.0,0,0.0,0.0,True,good,当前QC指标正常。,132657.53070186262,False,False,0.0,False,45900.76877278202,False,False,0.0,False
1789638438.2603447,1049.848,runtime,9.961633682250977,2500,250.86246691168375,0,0.0,0,0.0,0.0,True,good,当前QC指标正常。,111146.15457833296,False,False,0.0,False,57096.773163885875,False,False,0.0,False
1789638440.286142,1051.848,runtime,9.959208488464355,2495,250.4215071798902,0,0.0,0,0.0,0.0,True,good,当前QC指标正常。,122165.65299049926,False,False,0.0,False,62147.77019391508,False,False,0.0,False
1789638442.2923198,1053.888,runtime,9.990593433380127,2505,250.63576219944517,0,0.0,0,0.0,0.0,True,good,当前QC指标正常。,172824.3575943881,False,False,0.0,False,75189.3182176064,False,False,0.0,False
1789638444.3022254,1055.888,runtime,9.990429878234863,2510,251.14034436757362,0,0.0,0,0.0,0.0,True,good,当前QC指标正常。,186937.26242751683,False,False,0.0,False,84307.50700473496,False,False,0.0,False
1789638446.3117983,1057.888,runtime,9.963411092758179,2505,251.31955077312944,0,0.0,0,0.0,0.0,True,good,当前QC指标正常。,164221.66342518808,False,False,0.0,False,76406.18413687755,False,False,0.0,False
1789638448.3223538,1059.908,runtime,9.990002155303955,2500,250.15009618123207,0,0.0,0,0.0,0.0,True,good,当前QC指标正常。,90453.6321163052,False,False,0.0,False,28663.3459784759,False,False,0.0,False
1789638450.332348,1061.928,runtime,9.99074935913086,2505,250.63185052395653,0,0.0,0,0.0,0.0,True,good,当前QC指标正常。,70853.08153588069,False,False,0.0,False,19571.360514952878,False,False,0.0,False
1789638452.3411217,1063.908,runtime,9.96033000946045,2495,250.39331002398183,0,0.0,0,0.0,0.0,True,good,当前QC指标正常。,72358.0092370318,False,False,0.0,False,19816.991894179668,False,False,0.0,False
1789638454.347142,1065.928,runtime,9.964351415634155,2500,250.7940452681192,0,0.0,0,0.0,0.0,True,good,当前QC指标正常。,73657.4101723818,False,False,0.0,False,19809.941374675393,False,False,0.0,False
1789638456.3580663,1067.948,runtime,9.966303586959839,2500,250.74492044068919,0,0.0,0,0.0,0.0,True,good,当前QC指标正常。,71960.0004311005,False,False,0.0,False,19116.05870122318,False,False,0.0,False
1789638458.3714733,1069.948,runtime,9.957442045211792,2500,250.96806877241002,0,0.0,0,0.0,0.0,True,good,当前QC指标正常。,69633.95598453924,False,False,0.0,False,18373.22904491127,False,False,0.0,False
1789638460.3841376,1071.968,runtime,9.992363691329956,2510,251.0917414041861,0,0.0,0,0.0,0.0,True,good,当前QC指标正常。,68988.3531196872,False,False,0.0,False,18675.974544698885,False,False,0.0,False
1789638462.3921545,1073.988,runtime,9.99053955078125,2505,250.6371139689037,0,0.0,0,0.0,0.0,True,good,当前QC指标正常。,68318.78390219335,False,False,0.0,False,18384.718191255277,False,False,0.0,False
1789638464.401696,1075.968,runtime,9.961641550064087,2495,250.36034347009357,0,0.0,0,0.0,0.0,True,good,当前QC指标正常。,68337.7117679142,False,False,0.0,False,17733.033337185847,False,False,0.0,False
1789638466.407626,1077.988,runtime,9.955907821655273,2500,251.0067434096146,0,0.0,0,0.0,0.0,True,good,当前QC指标正常。,68403.4440728211,False,False,0.0,False,17013.31245666769,False,False,0.0,False
1789638468.4225664,1080.008,runtime,9.961173295974731,2500,250.87406129254225,0,0.0,0,0.0,0.0,True,good,当前QC指标正常。,67759.61462543017,False,False,0.0,False,16326.567964366983,False,False,0.0,False
1789638470.4319744,1082.028,runtime,9.960299491882324,2505,251.39806308442513,0,0.0,0,0.0,0.0,True,good,当前QC指标正常。,67499.38535628757,False,False,0.0,False,16323.046966935863,False,False,0.0,False
1789638472.443629,1084.008,runtime,9.934532880783081,2495,251.0435095367476,0,0.0,0,0.0,0.0,True,good,当前QC指标正常。,67325.31382016283,False,False,0.0,False,16243.736670674782,False,False,0.0,False
1789638474.453522,1086.048,runtime,9.991206169128418,2505,250.6203913334356,0,0.0,0,0.0,0.0,True,good,当前QC指标正常。,67215.37106943388,False,False,0.0,False,16757.988729174533,False,False,0.0,False
1789638476.4633555,1088.028,runtime,9.958110332489014,2495,250.4491230492953,0,0.0,0,0.0,0.0,True,good,当前QC指标正常。,67204.83572202644,False,False,0.0,False,17400.773179776967,False,False,0.0,False
1789638478.4719164,1090.028,runtime,9.990220785140991,2495,249.64413236086477,0,0.0,0,0.0,0.0,True,good,当前QC指标正常。,67221.6093817416,False,False,0.0,False,17420.418582884344,False,False,0.0,False
1789638480.4820056,1092.048,runtime,9.990317583084106,2495,249.641713514985,0,0.0,0,0.0,0.0,True,good,当前QC指标正常。,67288.2030904443,False,False,0.0,False,16922.926448971113,False,False,0.0,False
1789638482.4897575,1094.068,runtime,9.96551775932312,2500,250.76469284920904,0,0.0,0,0.0,0.0,True,good,当前QC指标正常。,67377.38088003895,False,False,0.0,False,15985.599183821838,False,False,0.0,False
1789638484.5024228,1096.088,runtime,9.991148471832275,2500,250.12139565790164,0,0.0,0,0.0,0.0,True,good,当前QC指标正常。,67330.06061587302,False,False,0.0,False,15658.295769457498,False,False,0.0,False
1789638486.5133946,1098.108,runtime,9.991920709609985,2505,250.60246901196024,0,0.0,0,0.0,0.0,True,good,当前QC指标正常。,67452.93894197908,False,False,0.0,False,15989.585922963606,False,False,0.0,False
1789638488.5237825,1100.088,runtime,9.955900430679321,2495,250.50471500444957,0,0.0,0,0.0,0.0,True,good,当前QC指标正常。,67554.98659240225,False,False,0.0,False,15956.783337660274,False,False,0.0,False
1789638490.5371592,1102.128,runtime,9.995203733444214,2510,251.02039607305053,0,0.0,0,0.0,0.0,True,good,当前QC指标正常。,67640.90543911631,False,False,0.0,False,15707.531075088711,False,False,0.0,False
1789638492.5442355,1104.128,runtime,9.991353988647461,2510,251.11711614369952,0,0.0,0,0.0,0.0,True,good,当前QC指标正常。,67534.65973280073,False,False,0.0,False,15398.514804647564,False,False,0.0,False
1789638494.551348,1106.148,runtime,9.988861083984375,2505,250.6792294884133,0,0.0,0,0.0,0.0,True,good,当前QC指标正常。,67620.04126221409,False,False,0.0,False,15283.712234429682,False,False,0.0,False
1789638496.5638878,1108.128,runtime,9.963496685028076,2495,250.31372808581128,0,0.0,0,0.0,0.0,True,good,当前QC指标正常。,68190.55496091908,False,False,0.0,False,15543.372375442936,False,False,0.0,False
1789638498.5723255,1110.168,runtime,9.990726947784424,2505,250.63241274503005,0,0.0,0,0.0,0.0,True,good,当前QC指标正常。,68568.60316778281,False,False,0.0,False,15559.581878935065,False,False,0.0,False
1789638500.5836318,1112.168,runtime,9.988187789916992,2500,250.19553622357037,0,0.0,0,0.0,0.0,True,good,当前QC指标正常。,68699.71306148848,False,False,0.0,False,15499.726059739849,False,False,0.0,False
1789638502.6027362,1114.168,runtime,9.963300943374634,2495,250.3186458157176,0,0.0,0,0.0,0.0,True,good,当前QC指标正常。,68807.28683312215,False,False,0.0,False,15640.114424110421,False,False,0.0,False
1789638504.608763,1116.168,runtime,9.960959911346436,2495,250.37747588554274,0,0.0,0,0.0,0.0,True,good,当前QC指标正常。,68951.54623370564,False,False,0.0,False,15832.637754804553,False,False,0.0,False
1789638506.6194737,1118.208,runtime,9.990099906921387,2505,250.64814399555377,0,0.0,0,0.0,0.0,True,good,当前QC指标正常。,69003.34535726177,False,False,0.0,False,15978.178476848596,False,False,0.0,False
1789638508.6364791,1120.228,runtime,9.959935665130615,2505,251.40724641087954,0,0.0,0,0.0,0.0,True,good,当前QC指标正常。,69097.59498758175,False,False,0.0,False,15790.139446824644,False,False,0.0,False
1789638510.6457891,1122.228,runtime,9.960899353027344,2495,250.37899808133457,0,0.0,0,0.0,0.0,True,good,当前QC指标正常。,69151.07052017465,False,False,0.0,False,15442.073281185792,False,False,0.0,False
1789638512.6669228,1124.248,runtime,9.96193265914917,2500,250.8549380430599,0,0.0,0,0.0,0.0,True,good,当前QC指标正常。,69235.62015200795,False,False,0.0,False,15275.705941901339,False,False,0.0,False
1789638514.6739638,1126.248,runtime,9.960768222808838,2500,250.88426355284741,0,0.0,0,0.0,0.0,True,good,当前QC指标正常。,69307.1805308124,False,False,0.0,False,15019.176204887357,False,False,0.0,False
1789638516.6828775,1128.268,runtime,9.96533727645874,2505,251.27097362928552,0,0.0,0,0.0,0.0,True,good,当前QC指标正常。,69408.47770831067,False,False,0.0,False,14962.734394287485,False,False,0.0,False
1789638518.700093,1130.268,runtime,9.957226514816284,2495,250.47135327181172,0,0.0,0,0.0,0.0,True,good,当前QC指标正常。,69527.10884904976,False,False,0.0,False,15010.52288422534,False,False,0.0,False
1789638520.7153242,1132.308,runtime,9.993223905563354,2505,250.5697884549541,0,0.0,0,0.0,0.0,True,good,当前QC指标正常。,69619.87502359775,False,False,0.0,False,15181.650640658463,False,False,0.0,False
1789638522.7218819,1134.308,runtime,9.989726781845093,2505,250.6575059240523,0,0.0,0,0.0,0.0,True,good,当前QC指标正常。,69686.85517516972,False,False,0.0,False,15376.160286885797,False,False,0.0,False
1789638524.7322793,1136.328,runtime,9.990457773208618,2505,250.63916557607297,0,0.0,0,0.0,0.0,True,good,当前QC指标正常。,69738.24905705979,False,False,0.0,False,15845.986373708532,False,False,0.0,False
1789638526.7514215,1138.328,runtime,9.965052366256714,2499,250.67605349056004,0,0.0,0,0.0,0.0,True,good,当前QC指标正常。,69775.38660260348,False,False,0.0,False,15748.878725206867,False,False,0.0,False
1789638528.7728481,1140.308,runtime,9.900609970092773,2495,251.9036713428506,0,0.0,0,0.0,0.0,True,good,当前QC指标正常。,69860.4193022021,False,False,0.0,False,15682.090301053717,False,False,0.0,False
1789638530.7912989,1142.388,runtime,9.989803552627563,2500,250.15506929990647,0,0.0,0,0.0,0.0,True,good,当前QC指标正常。,69911.65163687302,False,False,0.0,False,15325.030830313946,False,False,0.0,False
1789638532.801709,1144.388,runtime,9.988962888717651,2500,250.17612217005774,0,0.0,0,0.0,0.0,True,good,当前QC指标正常。,69947.24264403204,False,False,0.0,False,15033.6626409796,False,False,0.0,False
1789638534.8113446,1146.388,runtime,9.961446285247803,2500,250.8671861937199,0,0.0,0,0.0,0.0,True,good,当前QC指标正常。,69981.84044302111,False,False,0.0,False,15363.9034535621,False,False,0.0,False
1789638536.8220794,1148.408,runtime,9.991011619567871,2500,250.12482170530058,0,0.0,0,0.0,0.0,True,good,当前QC指标正常。,70011.64903131271,False,False,0.0,False,15232.797856398542,False,False,0.0,False
1789638538.8315396,1150.428,runtime,9.990340948104858,2510,251.1425799212539,0,0.0,0,0.0,0.0,True,good,当前QC指标正常。,70075.21830887554,False,False,0.0,False,15047.404688902556,False,False,0.0,False
1789638540.842197,1152.428,runtime,9.990836143493652,2510,251.13013204945213,0,0.0,0,0.0,0.0,True,good,当前QC指标正常。,70163.54330439189,False,False,0.0,False,15068.011933956826,False,False,0.0,False
1789638542.8513258,1154.444,runtime,9.93000340461731,2504,252.06436473487418,0,0.0,0,0.0,0.0,True,good,当前QC指标正常。,70168.2927681122,False,False,0.0,False,15069.636945874438,False,False,0.0,False
1789638544.8627312,1156.404,runtime,9.931928157806396,2489,250.50523528449577,0,0.0,0,0.0,0.0,True,good,当前QC指标正常。,70133.86825484318,False,False,0.0,False,15225.522374092416,False,False,0.0,False
1789638546.8711681,1158.464,runtime,9.98859190940857,2504,250.58587063130946,0,0.0,0,0.0,0.0,True,good,当前QC指标正常。,70123.06160738379,False,False,0.0,False,15274.526456543432,False,False,0.0,False
1789638548.8814363,1160.484,runtime,9.98950982093811,2504,250.56284491093723,0,0.0,0,0.0,0.0,True,good,当前QC指标正常。,69401.02699041573,False,False,0.0,False,14926.386817393386,False,False,0.0,False
1789638550.8997817,1162.464,runtime,9.969229221343994,2494,250.06948327183795,0,0.0,0,0.0,0.0,True,good,当前QC指标正常。,65906.17138351993,False,False,0.0,False,13546.929913106167,False,False,0.0,False
1789638552.9118805,1164.464,runtime,9.931487560272217,2490,250.61703847432275,0,0.0,0,0.0,0.0,True,good,当前QC指标正常。,62190.151558451784,False,False,0.0,False,12135.506936922658,False,False,0.0,False
1789638554.9225605,1166.504,runtime,9.989233016967773,2505,250.66989585153235,0,0.0,0,0.0,0.0,True,good,当前QC指标正常。,59932.146906220914,False,False,0.0,False,11097.28256914213,False,False,0.0,False
1789638556.9398708,1168.524,runtime,9.933534860610962,2500,251.57207731853663,0,0.0,0,0.0,0.0,True,good,当前QC指标正常。,60835.76536074045,False,False,0.0,False,11239.07083948522,False,False,0.0,False
1789638558.9619288,1170.524,runtime,9.960898160934448,2495,250.3790280460044,0,0.0,0,0.0,0.0,True,good,当前QC指标正常。,62904.68923156097,False,False,0.0,False,12057.342772482101,False,False,0.0,False
1789638560.9697099,1172.544,runtime,9.96171259880066,2500,250.86047958268412,0,0.0,0,0.0,0.0,True,good,当前QC指标正常。,67603.90152886783,False,False,0.0,False,13954.383682115433,False,False,0.0,False
1789638562.9755876,1174.544,runtime,9.960366249084473,2500,250.89438857026977,0,0.0,0,0.0,0.0,True,good,当前QC指标正常。,71517.57357234355,False,False,0.0,False,15405.897117170498,False,False,0.0,False
1789638564.992008,1176.524,runtime,9.989504098892212,2495,249.66204281117143,0,0.0,0,0.0,0.0,True,good,当前QC指标正常。,73367.21353257474,False,False,0.0,False,15807.022635102348,False,False,0.0,False
1789638566.9985886,1178.564,runtime,9.900718450546265,2495,251.90091127804928,0,0.0,0,0.0,0.0,True,good,当前QC指标正常。,73109.75804997835,False,False,0.0,False,15784.798672550709,False,False,0.0,False
1789638569.0171208,1180.584,runtime,9.962349653244019,2500,250.84443800727834,0,0.0,0,0.0,0.0,True,good,当前QC指标正常。,72984.9457632266,False,False,0.0,False,15795.093816622953,False,False,0.0,False
1789638571.0224574,1182.624,runtime,9.961141109466553,2505,251.37682244259426,0,0.0,0,0.0,0.0,True,good,当前QC指标正常。,72888.77349559662,False,False,0.0,False,15665.112681408928,False,False,0.0,False
1789638573.0312424,1184.624,runtime,9.98982548713684,2505,250.6550292819645,0,0.0,0,0.0,0.0,True,good,当前QC指标正常。,72859.37714088643,False,False,0.0,False,15650.328308091635,False,False,0.0,False
1789638575.0417593,1186.624,runtime,9.963126182556152,2500,250.8248871097659,0,0.0,0,0.0,0.0,True,good,当前QC指标正常。,72864.61222877633,False,False,0.0,False,15565.811876571039,False,False,0.0,False
1789638577.0623865,1188.624,runtime,9.957396507263184,2495,250.4670772305604,0,0.0,0,0.0,0.0,True,good,当前QC指标正常。,72854.69503732042,False,False,0.0,False,15769.505387994821,False,False,0.0,False
1789638579.07737,1190.664,runtime,9.963813304901123,2500,250.807589777978,0,0.0,0,0.0,0.0,True,good,当前QC指标正常。,72862.88404169536,False,False,0.0,False,15905.54867579698,False,False,0.0,False
1789638581.0842273,1192.664,runtime,9.958407402038574,2505,251.44582852549385,0,0.0,0,0.0,0.0,True,good,当前QC指标正常。,72885.67560939769,False,False,0.0,False,15845.484672638308,False,False,0.0,False
1789638583.0967228,1194.684,runtime,9.961836099624634,2500,250.85736956605453,0,0.0,0,0.0,0.0,True,good,当前QC指标正常。,72859.67411491064,False,False,0.0,False,15724.97924638376,False,False,0.0,False
1789638585.104756,1196.684,runtime,9.96111249923706,2495,250.37364051364943,0,0.0,0,0.0,0.0,True,good,当前QC指标正常。,72858.88600922478,False,False,0.0,False,15519.862879881632,False,False,0.0,False
1789638587.133049,1198.724,runtime,9.959396600723267,2510,251.92289257943526,0,0.0,0,0.0,0.0,True,good,当前QC指标正常。,72837.51711195635,False,False,0.0,False,15516.447717460376,False,False,0.0,False
1789638589.14173,1200.724,runtime,9.990320205688477,2510,251.1431013563888,0,0.0,0,0.0,0.0,True,good,当前QC指标正常。,72816.19807260482,False,False,0.0,False,15498.648492738408,False,False,0.0,False
1789638591.1511812,1202.744,runtime,9.98986554145813,2505,250.65402428174363,0,0.0,0,0.0,0.0,True,good,当前QC指标正常。,72801.26335855441,False,False,0.0,False,15524.547062896561,False,False,0.0,False
1789638593.1620975,1204.764,runtime,9.991175413131714,2505,250.62116282223556,0,0.0,0,0.0,0.0,True,good,当前QC指标正常。,72855.17845444937,False,False,0.0,False,15522.68896539135,False,False,0.0,False
1789638595.1686022,1206.744,runtime,9.949849843978882,2500,251.15956915794678,0,0.0,0,0.0,0.0,True,good,当前QC指标正常。,72896.24609150486,False,False,0.0,False,15548.317325351427,False,False,0.0,False
1789638597.1814392,1208.784,runtime,9.989930391311646,2510,251.15290114354605,0,0.0,0,0.0,0.0,True,good,当前QC指标正常。,72981.72637428038,False,False,0.0,False,15619.6400611515,False,False,0.0,False
1789638599.1956062,1210.704,runtime,9.902050733566284,2485,250.8571271584843,0,0.0,0,0.0,0.0,True,good,当前QC指标正常。,73170.58304350544,False,False,0.0,False,15820.808603093465,False,False,0.0,False
1789638601.2164607,1212.784,runtime,9.935073614120483,2490,250.52657853107837,0,0.0,0,0.0,0.0,True,good,当前QC指标正常。,73458.86749260711,False,False,0.0,False,16023.461190546437,False,False,0.0,False
1789638603.2289438,1214.824,runtime,9.966506958007812,2500,250.73980387804,0,0.0,0,0.0,0.0,True,good,当前QC指标正常。,73560.19109145887,False,False,0.0,False,16133.778965682113,False,False,0.0,False
1789638605.2460253,1216.824,runtime,9.95928955078125,2495,250.41946890723344,0,0.0,0,0.0,0.0,True,good,当前QC指标正常。,73567.82491870038,False,False,0.0,False,16033.422402039778,False,False,0.0,False
1789638607.2609262,1218.844,runtime,9.963985919952393,2500,250.8032448134913,0,0.0,0,0.0,0.0,True,good,当前QC指标正常。,72352.45277541006,False,False,0.0,False,15575.293764579497,False,False,0.0,False
1789638609.2711432,1220.864,runtime,9.989974975585938,2500,250.150776764426,0,0.0,0,0.0,0.0,True,good,当前QC指标正常。,68248.59097870592,False,False,0.0,False,14527.537869398155,False,False,0.0,False
1789638611.2811534,1222.884,runtime,9.989771127700806,2510,251.156905191026,0,0.0,0,0.0,0.0,True,good,当前QC指标正常。,64376.27762071255,False,False,0.0,False,13327.655990404768,False,False,0.0,False
1789638613.2914155,1224.884,runtime,9.990045547485352,2510,251.15000608095866,0,0.0,0,0.0,0.0,True,good,当前QC指标正常。,64836.87571180608,False,False,0.0,False,13286.405025555907,False,False,0.0,False
1789638615.3007622,1226.904,runtime,9.987828254699707,2505,250.7051519254708,0,0.0,0,0.0,0.0,True,good,当前QC指标正常。,65238.546911627964,False,False,0.0,False,13247.369098345553,False,False,0.0,False
1789638617.3117468,1228.904,runtime,9.990221500396729,2500,250.14460389099085,0,0.0,0,0.0,0.0,True,good,当前QC指标正常。,66940.4024079126,False,False,0.0,False,13650.878707093378,False,False,0.0,False
1789638619.3175185,1230.904,runtime,9.961997747421265,2500,250.85329904304427,0,0.0,0,0.0,0.0,True,good,当前QC指标正常。,71238.21971962648,False,False,0.0,False,15122.670569129516,False,False,0.0,False
1789638621.3314247,1232.924,runtime,9.990544080734253,2500,250.1365270805488,0,0.0,0,0.0,0.0,True,good,当前QC指标正常。,74790.42953181107,False,False,0.0,False,16244.589054544758,False,False,0.0,False
1789638623.3436258,1234.924,runtime,9.967965364456177,2500,250.7031183024519,0,0.0,0,0.0,0.0,True,good,当前QC指标正常。,74497.13896563092,False,False,0.0,False,16183.517329861546,False,False,0.0,False
1789638625.3495984,1236.924,runtime,9.956677913665771,2495,250.48515394647114,0,0.0,0,0.0,0.0,True,good,当前QC指标正常。,74336.12247971464,False,False,0.0,False,16160.847540766053,False,False,0.0,False
1789638627.366505,1238.944,runtime,9.961153745651245,2500,250.8745536721579,0,0.0,0,0.0,0.0,True,good,当前QC指标正常。,74319.92955734926,False,False,0.0,False,16233.46051332965,False,False,0.0,False
1789638629.372399,1240.984,runtime,9.991731882095337,2505,250.60720499186309,0,0.0,0,0.0,0.0,True,good,当前QC指标正常。,74331.13653307066,False,False,0.0,False,16279.679931261673,False,False,0.0,False
1789638631.3831954,1242.984,runtime,9.992112159729004,2505,250.59766743730296,0,0.0,0,0.0,0.0,True,good,当前QC指标正常。,74324.58581338568,False,False,0.0,False,16293.81086834822,False,False,0.0,False
1789638633.39092,1244.984,runtime,9.990419149398804,2500,250.13965506646267,0,0.0,0,0.0,0.0,True,good,当前QC指标正常。,74314.06955656194,False,False,0.0,False,16262.276154262681,False,False,0.0,False
1789638635.3995984,1246.984,runtime,9.930855512619019,2500,251.63995154541828,0,0.0,0,0.0,0.0,True,good,当前QC指标正常。,74314.5153940832,False,False,0.0,False,16177.548902995657,False,False,0.0,False
1789638637.4072976,1248.984,runtime,9.930176258087158,2495,251.15364875511457,0,0.0,0,0.0,0.0,True,good,当前QC指标正常。,74337.34853420217,False,False,0.0,False,16189.084366291412,False,False,0.0,False
1789638639.4211082,1251.024,runtime,9.990658044815063,2505,250.6341412915761,0,0.0,0,0.0,0.0,True,good,当前QC指标正常。,74342.43875265404,False,False,0.0,False,16263.545911967505,False,False,0.0,False
1789638641.4299955,1253.004,runtime,9.96024489402771,2495,250.39544976403485,0,0.0,0,0.0,0.0,True,good,当前QC指标正常。,74380.30084334532,False,False,0.0,False,16318.737078538674,False,False,0.0,False
1789638643.4423912,1255.044,runtime,9.991874694824219,2505,250.60362309157756,0,0.0,0,0.0,0.0,True,good,当前QC指标正常。,74426.85392867296,False,False,0.0,False,16433.74622487525,False,False,0.0,False
1789638645.467249,1257.064,runtime,9.959771871566772,2500,250.90936140155608,0,0.0,0,0.0,0.0,True,good,当前QC指标正常。,74470.86571080664,False,False,0.0,False,16602.75364788624,False,False,0.0,False
1789638647.4736457,1259.064,runtime,9.990062952041626,2499,250.04847436817147,0,0.0,0,0.0,0.0,True,good,当前QC指标正常。,74460.89631686741,False,False,0.0,False,16647.23016366292,False,False,0.0,False
1789638649.493011,1261.084,runtime,9.9617280960083,2500,250.86008932540108,0,0.0,0,0.0,0.0,True,good,当前QC指标正常。,74459.03682469107,False,False,0.0,False,16782.648511694457,False,False,0.0,False
1789638651.510702,1263.104,runtime,9.988609313964844,2500,250.184977853344,0,0.0,0,0.0,0.0,True,good,当前QC指标正常。,74463.69631761475,False,False,0.0,False,16641.40731552415,False,False,0.0,False
1789638653.5209162,1265.124,runtime,9.984965324401855,2505,250.77703513707505,0,0.0,0,0.0,0.0,True,good,当前QC指标正常。,74460.86761647993,False,False,0.0,False,16658.583259746196,False,False,0.0,False
1789638655.5285008,1267.104,runtime,9.95940351486206,2495,250.4166033917888,0,0.0,0,0.0,0.0,True,good,当前QC指标正常。,74462.76809654373,False,False,0.0,False,16648.309050461987,False,False,0.0,False
1789638657.543422,1269.144,runtime,9.992637395858765,2505,250.58449544438884,0,0.0,0,0.0,0.0,True,good,当前QC指标正常。,74486.21772152802,False,False,0.0,False,16759.66569159784,False,False,0.0,False
1789638659.5511165,1271.144,runtime,9.96064305305481,2500,250.8874162731478,0,0.0,0,0.0,0.0,True,good,当前QC指标正常。,74476.79117162924,False,False,0.0,False,16658.374260684504,False,False,0.0,False
1789638661.5608974,1273.164,runtime,9.95991587638855,2505,251.40774591641897,0,0.0,0,0.0,0.0,True,good,当前QC指标正常。,74481.61390591672,False,False,0.0,False,16546.7571234891,False,False,0.0,False
1789638663.5683255,1275.144,runtime,9.962473392486572,2495,250.33943898720042,0,0.0,0,0.0,0.0,True,good,当前QC指标正常。,74496.33252559743,False,False,0.0,False,16416.65839036966,False,False,0.0,False
1789638665.5814164,1277.184,runtime,9.987698078155518,2505,250.70841953829137,0,0.0,0,0.0,0.0,True,good,当前QC指标正常。,74513.76898213838,False,False,0.0,False,16422.908067705444,False,False,0.0,False
1789638667.5905914,1279.184,runtime,9.990203857421875,2500,250.14504565324307,0,0.0,0,0.0,0.0,True,good,当前QC指标正常。,74520.87523403093,False,False,0.0,False,16446.618178937362,False,False,0.0,False
1789638669.5982947,1281.144,runtime,9.931410312652588,2490,250.6189878016641,0,0.0,0,0.0,0.0,True,good,当前QC指标正常。,74560.12376132888,False,False,0.0,False,16536.594225072196,False,False,0.0,False
1789638671.6110756,1283.184,runtime,9.990500926971436,2495,249.63713213487907,0,0.0,0,0.0,0.0,True,good,当前QC指标正常。,74614.90876562241,False,False,0.0,False,16611.97036610223,False,False,0.0,False
1789638673.622179,1285.224,runtime,9.990882158279419,2505,250.62851911679707,0,0.0,0,0.0,0.0,True,good,当前QC指标正常。,74635.07797626713,False,False,0.0,False,16600.41997108785,False,False,0.0,False
1789638675.630246,1287.224,runtime,9.989445209503174,2500,250.16404290627148,0,0.0,0,0.0,0.0,True,good,当前QC指标正常。,74657.86418201319,False,False,0.0,False,16649.706457088545,False,False,0.0,False
1789638677.639531,1289.224,runtime,9.961972951889038,2500,250.85392342147722,0,0.0,0,0.0,0.0,True,good,当前QC指标正常。,74717.9890670701,False,False,0.0,False,16643.192472268915,False,False,0.0,False
1789638679.646504,1291.224,runtime,9.960919618606567,2495,250.37848868304445,0,0.0,0,0.0,0.0,True,good,当前QC指标正常。,74803.93764313772,False,False,0.0,False,16724.551190462822,False,False,0.0,False
1789638681.6623905,1293.264,runtime,9.991846799850464,2510,251.1047307127997,0,0.0,0,0.0,0.0,True,good,当前QC指标正常。,74830.09846231961,False,False,0.0,False,16801.25712573851,False,False,0.0,False
1789638683.670516,1295.264,runtime,9.990042924880981,2510,251.15007201331835,0,0.0,0,0.0,0.0,True,good,当前QC指标正常。,74872.84632447085,False,False,0.0,False,16864.163602635603,False,False,0.0,False
1789638685.680934,1297.284,runtime,9.989898443222046,2505,250.6531987518768,0,0.0,0,0.0,0.0,True,good,当前QC指标正常。,74915.98000328244,False,False,0.0,False,16986.491917571217,False,False,0.0,False
1789638687.6925077,1299.264,runtime,9.96395206451416,2495,250.30228807324224,0,0.0,0,0.0,0.0,True,good,当前QC指标正常。,74961.71269756739,False,False,0.0,False,17042.721297681546,False,False,0.0,False
1789638689.7003968,1301.304,runtime,9.989745855331421,2505,250.65702734205615,0,0.0,0,0.0,0.0,True,good,当前QC指标正常。,74985.1053835286,False,False,0.0,False,17146.135003735144,False,False,0.0,False
1789638691.7106223,1303.304,runtime,9.990031480789185,2500,250.14936187193936,0,0.0,0,0.0,0.0,True,good,当前QC指标正常。,75024.2370931356,False,False,0.0,False,17240.99959088156,False,False,0.0,False
1789638693.728038,1305.304,runtime,9.962295293807983,2500,250.84580674427923,0,0.0,0,0.0,0.0,True,good,当前QC指标正常。,75036.29510166807,False,False,0.0,False,17064.577598223033,False,False,0.0,False
1789638695.735622,1307.304,runtime,9.960756063461304,2495,250.38259988603212,0,0.0,0,0.0,0.0,True,good,当前QC指标正常。,75075.8493638528,False,False,0.0,False,17021.37292984443,False,False,0.0,False
1789638697.7408996,1309.344,runtime,9.990185499191284,2505,250.645996533568,0,0.0,0,0.0,0.0,True,good,当前QC指标正常。,75139.7049313382,False,False,0.0,False,17130.297537391572,False,False,0.0,False
1789638699.7522523,1311.344,runtime,9.990313291549683,2500,250.14230555850355,0,0.0,0,0.0,0.0,True,good,当前QC指标正常。,75213.32345618078,False,False,0.0,False,17288.96329091782,False,False,0.0,False
1789638701.7609963,1313.364,runtime,9.990338802337646,2505,250.64215033569104,0,0.0,0,0.0,0.0,True,good,当前QC指标正常。,75258.8278128579,False,False,0.0,False,17397.952260979037,False,False,0.0,False
1789638703.7716038,1315.364,runtime,9.991313219070435,2500,250.11727139433032,0,0.0,0,0.0,0.0,True,good,当前QC指标正常。,75281.59117107202,False,False,0.0,False,17434.47990924072,False,False,0.0,False
1789638705.779546,1317.364,runtime,9.931885719299316,2500,251.6138496382439,0,0.0,0,0.0,0.0,True,good,当前QC指标正常。,75292.42800742737,False,False,0.0,False,17568.947272336136,False,False,0.0,False
1789638707.7912564,1319.384,runtime,9.961092233657837,2500,250.8761028791655,0,0.0,0,0.0,0.0,True,good,当前QC指标正常。,75289.9428390414,False,False,0.0,False,17654.19228683307,False,False,0.0,False
1789638709.8009913,1321.404,runtime,9.9907386302948,2505,250.63211967202807,0,0.0,0,0.0,0.0,True,good,当前QC指标正常。,75295.55132265526,False,False,0.0,False,17618.1995092989,False,False,0.0,False
1789638711.8110318,1323.404,runtime,9.990549325942993,2500,250.13639575460712,0,0.0,0,0.0,0.0,True,good,当前QC指标正常。,75058.27499065246,False,False,0.0,False,17378.1018088881,False,False,0.0,False
1789638713.820492,1325.424,runtime,9.989655017852783,2505,250.65930660518643,0,0.0,0,0.0,0.0,True,good,当前QC指标正常。,71251.35590267334,False,False,0.0,False,16137.733399047163,False,False,0.0,False
1789638715.83187,1327.424,runtime,9.99015998840332,2500,250.14614409587682,0,0.0,0,0.0,0.0,True,good,当前QC指标正常。,69372.72941750166,False,False,0.0,False,15401.683049505004,False,False,0.0,False
1789638717.8411047,1329.4,runtime,9.990957021713257,2494,249.5256454994237,0,0.0,0,0.0,0.0,True,good,当前QC指标正常。,69665.40309332049,False,False,0.0,False,15557.11242151966,False,False,0.0,False
1789638719.850497,1331.42,runtime,9.960684776306152,2494,250.2839971334291,0,0.0,0,0.0,0.0,True,good,当前QC指标正常。,69901.10605045847,False,False,0.0,False,15578.184945876215,False,False,0.0,False
1789638721.8597908,1333.46,runtime,9.989774227142334,2504,250.5562130923159,0,0.0,0,0.0,0.0,True,good,当前QC指标正常。,70474.33627661297,False,False,0.0,False,15590.87757556735,False,False,0.0,False
1789638723.8714418,1335.44,runtime,9.963057279586792,2494,250.2243969938708,0,0.0,0,0.0,0.0,True,good,当前QC指标正常。,74642.45946619294,False,False,0.0,False,17140.37163317431,False,False,0.0,False
1789638725.880361,1337.48,runtime,9.983416080474854,2504,250.7157850402792,0,0.0,0,0.0,0.0,True,good,当前QC指标正常。,76539.93287189801,False,False,0.0,False,17670.036964342897,False,False,0.0,False
1789638727.8933723,1339.46,runtime,9.930031776428223,2505,252.16434915585688,0,0.0,0,0.0,0.0,True,good,当前QC指标正常。,76440.48558994032,False,False,0.0,False,17720.822134889593,False,False,0.0,False
1789638729.9005966,1341.5,runtime,9.99042296409607,2510,251.1405181759503,0,0.0,0,0.0,0.0,True,good,当前QC指标正常。,76365.12912217289,False,False,0.0,False,17741.177816681535,False,False,0.0,False
1789638731.910934,1343.5,runtime,9.991182327270508,2500,250.1205481136187,0,0.0,0,0.0,0.0,True,good,当前QC指标正常。,76451.45960537314,False,False,0.0,False,17809.463597368816,False,False,0.0,False
1789638733.921164,1345.52,runtime,9.990736246109009,2505,250.63217948278913,0,0.0,0,0.0,0.0,True,good,当前QC指标正常。,76475.68571987927,False,False,0.0,False,17889.93207294289,False,False,0.0,False
1789638735.931649,1347.54,runtime,9.990558862686157,2515,251.63757448940768,0,0.0,0,0.0,0.0,True,good,当前QC指标正常。,76473.69433592449,False,False,0.0,False,17897.782330348335,False,False,0.0,False
1789638737.940737,1349.54,runtime,9.99015188217163,2505,250.64683996132476,0,0.0,0,0.0,0.0,True,good,当前QC指标正常。,76510.22805695713,False,False,0.0,False,17953.59005259363,False,False,0.0,False
1789638739.958112,1351.52,runtime,9.964333057403564,2495,250.29271759909128,0,0.0,0,0.0,0.0,True,good,当前QC指标正常。,76635.6680758123,False,False,0.0,False,17852.70304060114,False,False,0.0,False
1789638741.9672682,1353.54,runtime,9.960681438446045,2500,250.88644943049863,0,0.0,0,0.0,0.0,True,good,当前QC指标正常。,76652.24235305979,False,False,0.0,False,17834.557574922124,False,False,0.0,False
1789638743.9853792,1355.58,runtime,9.961306810379028,2500,250.87069875171457,0,0.0,0,0.0,0.0,True,good,当前QC指标正常。,76676.94404094233,False,False,0.0,False,17858.531692841116,False,False,0.0,False
1789638745.9941208,1357.58,runtime,9.962532997131348,2495,250.3379412362431,0,0.0,0,0.0,0.0,True,good,当前QC指标正常。,76722.80339390591,False,False,0.0,False,17919.377028157203,False,False,0.0,False
1789638748.0049691,1359.56,runtime,9.923680067062378,2490,250.8142123869172,0,0.0,0,0.0,0.0,True,good,当前QC指标正常。,76755.89431802573,False,False,0.0,False,17955.120533630234,False,False,0.0,False
1789638750.02784,1361.6,runtime,9.95818543434143,2500,250.94933373926145,0,0.0,0,0.0,0.0,True,good,当前QC指标正常。,76747.1434403812,False,False,0.0,False,18031.37508117938,False,False,0.0,False
1789638752.040538,1363.64,runtime,9.9904146194458,2510,251.14072794500115,0,0.0,0,0.0,0.0,True,good,当前QC指标正常。,76755.6645841981,False,False,0.0,False,18121.041491047126,False,False,0.0,False
1789638754.0511637,1365.64,runtime,9.991363286972046,2510,251.11688244501522,0,0.0,0,0.0,0.0,True,good,当前QC指标正常。,76755.28002651915,False,False,0.0,False,18288.739865481602,False,False,0.0,False
1789638756.062052,1367.66,runtime,9.991640567779541,2505,250.6094953089839,0,0.0,0,0.0,0.0,True,good,当前QC指标正常。,76772.38929162693,False,False,0.0,False,18422.672179301368,False,False,0.0,False
1789638758.0678713,1369.64,runtime,9.962133407592773,2495,250.34798250133494,0,0.0,0,0.0,0.0,True,good,当前QC指标正常。,76789.75991757416,False,False,0.0,False,18536.2521144103,False,False,0.0,False
1789638760.076858,1371.66,runtime,9.958658933639526,2500,250.93740197875286,0,0.0,0,0.0,0.0,True,good,当前QC指标正常。,76829.66163787548,False,False,0.0,False,18524.547339942746,False,False,0.0,False
1789638762.0903692,1373.66,runtime,9.963614702224731,2495,250.31076316541282,0,0.0,0,0.0,0.0,True,good,当前QC指标正常。,76876.95238326656,False,False,0.0,False,18314.825936696994,False,False,0.0,False
1789638764.099387,1375.68,runtime,9.96366572380066,2500,250.8113047219685,0,0.0,0,0.0,0.0,True,good,当前QC指标正常。,76971.68688169887,False,False,0.0,False,18333.745980328084,False,False,0.0,False
1789638766.1175225,1377.68,runtime,9.960433721542358,2495,250.39070282712626,0,0.0,0,0.0,0.0,True,good,当前QC指标正常。,77030.52666300119,False,False,0.0,False,18315.593094292115,False,False,0.0,False
1789638768.1381707,1379.72,runtime,9.959932565689087,2495,250.4033017845488,0,0.0,0,0.0,0.0,True,good,当前QC指标正常。,77065.94418855419,False,False,0.0,False,18401.84148849312,False,False,0.0,False
1789638770.1531038,1381.74,runtime,9.961521863937378,2500,250.865282848684,0,0.0,0,0.0,0.0,True,good,当前QC指标正常。,77062.38835484242,False,False,0.0,False,18565.531721809977,False,False,0.0,False
1789638772.1709015,1383.76,runtime,9.990947484970093,2500,250.126427324273,0,0.0,0,0.0,0.0,True,good,当前QC指标正常。,77016.30269430729,False,False,0.0,False,18547.18303378242,False,False,0.0,False
1789638774.1928427,1385.76,runtime,9.956995725631714,2495,250.4771588462011,0,0.0,0,0.0,0.0,True,good,当前QC指标正常。,76945.9557429012,False,False,0.0,False,18451.982138704498,False,False,0.0,False
1789638776.2080786,1387.8,runtime,9.962429761886597,2500,250.84242094839738,0,0.0,0,0.0,0.0,True,good,当前QC指标正常。,76965.19519917219,False,False,0.0,False,18407.30970577752,False,False,0.0,False
1789638778.2252688,1389.8,runtime,9.899853229522705,2495,251.92292675234353,0,0.0,0,0.0,0.0,True,good,当前QC指标正常。,77010.75840145543,False,False,0.0,False,18453.87296402139,False,False,0.0,False
1789638780.235836,1391.82,runtime,9.931482315063477,2500,251.6240698742087,0,0.0,0,0.0,0.0,True,good,当前QC指标正常。,77029.82154469754,False,False,0.0,False,18592.96959051065,False,False,0.0,False
1789638782.2503276,1393.84,runtime,9.990731000900269,2500,250.1318471866387,0,0.0,0,0.0,0.0,True,good,当前QC指标正常。,77040.06310200831,False,False,0.0,False,18743.453730676105,False,False,0.0,False
1789638784.2671678,1395.84,runtime,9.961173295974731,2500,250.87406129254225,0,0.0,0,0.0,0.0,True,good,当前QC指标正常。,77044.92332077665,False,False,0.0,False,18713.62217605133,False,False,0.0,False
1789638786.277834,1397.88,runtime,9.989358186721802,2505,250.66675488004853,0,0.0,0,0.0,0.0,True,good,当前QC指标正常。,77022.94931446362,False,False,0.0,False,18685.2102302513,False,False,0.0,False
1789638788.296613,1399.88,runtime,9.961915493011475,2495,250.3534588051466,0,0.0,0,0.0,0.0,True,good,当前QC指标正常。,76994.35670354165,False,False,0.0,False,18697.74233642854,False,False,0.0,False
1789638790.3111231,1401.9,runtime,9.961240768432617,2500,250.87236199725078,0,0.0,0,0.0,0.0,True,good,当前QC指标正常。,77019.57958805334,False,False,0.0,False,18821.817944042446,False,False,0.0,False
1789638792.3228776,1403.9,runtime,9.956072807312012,2495,250.50037783656407,0,0.0,0,0.0,0.0,True,good,当前QC指标正常。,77074.67417901689,False,False,0.0,False,18985.266660049172,False,False,0.0,False
1789638794.341919,1405.92,runtime,9.964980840682983,2500,250.7782041885715,0,0.0,0,0.0,0.0,True,good,当前QC指标正常。,77140.23991931601,False,False,0.0,False,19066.48949494684,False,False,0.0,False
1789638796.3504055,1407.92,runtime,9.960472345352173,2495,250.38973188493097,0,0.0,0,0.0,0.0,True,good,当前QC指标正常。,77189.6309884082,False,False,0.0,False,18956.62085729572,False,False,0.0,False
1789638798.360831,1409.96,runtime,9.990517139434814,2505,250.63767621359156,0,0.0,0,0.0,0.0,True,good,当前QC指标正常。,77253.95538670299,False,False,0.0,False,18847.89152656558,False,False,0.0,False
1789638800.3700383,1411.96,runtime,9.990055322647095,2500,250.14876487569165,0,0.0,0,0.0,0.0,True,good,当前QC指标正常。,77310.91211093143,False,False,0.0,False,18895.730656146174,False,False,0.0,False
1789638802.3803601,1413.92,runtime,9.960346698760986,2485,249.3889093548316,0,0.0,0,0.0,0.0,True,good,当前QC指标正常。,77309.89550932014,False,False,0.0,False,18961.61374024925,False,False,0.0,False
1789638804.3903222,1415.98,runtime,9.960129022598267,2500,250.90036427541116,0,0.0,0,0.0,0.0,True,good,当前QC指标正常。,77294.28006635135,False,False,0.0,False,18993.09255840258,False,False,0.0,False
1789638806.3964875,1417.98,runtime,9.96163010597229,2500,250.8625569726561,0,0.0,0,0.0,0.0,True,good,当前QC指标正常。,77290.21244876251,False,False,0.0,False,18927.93783470322,False,False,0.0,False
1789638808.4129739,1420.02,runtime,9.963593006134033,2505,251.31496222882907,0,0.0,0,0.0,0.0,True,good,当前QC指标正常。,77301.03557945548,False,False,0.0,False,18895.69768276546,False,False,0.0,False
1789638810.419919,1422.02,runtime,9.989923477172852,2510,251.15307496930367,0,0.0,0,0.0,0.0,True,good,当前QC指标正常。,74901.04474622136,False,False,0.0,False,18042.83307358291,False,False,0.0,False
1789638812.431599,1424.02,runtime,9.991317749023438,2500,250.1171579939248,0,0.0,0,0.0,0.0,True,good,当前QC指标正常。,71140.7892592332,False,False,0.0,False,16823.598253979813,False,False,0.0,False
1789638814.4403808,1426.0,runtime,9.990515232086182,2495,249.6367746870661,0,0.0,0,0.0,0.0,True,good,当前QC指标正常。,69146.04376239702,False,False,0.0,False,16200.041742634477,False,False,0.0,False
1789638816.4515233,1428.06,runtime,9.991731405258179,2505,250.60721695163488,0,0.0,0,0.0,0.0,True,good,当前QC指标正常。,76247.39670885995,False,False,0.0,False,18347.656209288503,False,False,0.0,False
1789638818.4614825,1430.06,runtime,9.991060972213745,2505,250.62403351995383,0,0.0,0,0.0,0.0,True,good,当前QC指标正常。,79739.35543414844,False,False,0.0,False,19426.083796830597,False,False,0.0,False
1789638820.4712353,1432.06,runtime,9.990918159484863,2500,250.1271614989237,0,0.0,0,0.0,0.0,True,good,当前QC指标正常。,84875.91711483119,False,False,0.0,False,21471.592107549972,False,False,0.0,False
1789638822.4780405,1434.06,runtime,9.961924314498901,2500,250.85514817281597,0,0.0,0,0.0,0.0,True,good,当前QC指标正常。,88434.6703203329,False,False,0.0,False,23140.404648717304,False,False,0.0,False
1789638824.484001,1436.06,runtime,9.9604811668396,2500,250.891493908915,0,0.0,0,0.0,0.0,True,good,当前QC指标正常。,89613.56856427442,False,False,0.0,False,24035.48506709303,False,False,0.0,False
1789638826.500222,1438.1,runtime,9.990327835083008,2510,251.14290956390354,0,0.0,0,0.0,0.0,True,good,当前QC指标正常。,87247.74391269412,False,False,0.0,False,23129.47711708001,False,False,0.0,False
1789638828.5102868,1440.1,runtime,9.990367650985718,2500,250.14094448800708,0,0.0,0,0.0,0.0,True,good,当前QC指标正常。,86338.21037969897,False,False,0.0,False,23052.066748242425,False,False,0.0,False
1789638830.5182898,1442.1,runtime,9.963009357452393,2500,250.82782825359212,0,0.0,0,0.0,0.0,True,good,当前QC指标正常。,84441.37471315016,False,False,0.0,False,22604.710735160934,False,False,0.0,False
1789638832.5300899,1444.12,runtime,9.988525152206421,2510,251.18823467604454,0,0.0,0,0.0,0.0,True,good,当前QC指标正常。,83651.56492471411,False,False,0.0,False,22385.707030161582,False,False,0.0,False
1789638834.5401614,1446.14,runtime,9.99074387550354,2510,251.13245132345511,0,0.0,0,0.0,0.0,True,good,当前QC指标正常。,83148.60498077328,False,False,0.0,False,22228.696538296277,False,False,0.0,False
1789638836.5601025,1448.14,runtime,9.96420955657959,2496,250.3961790278182,0,0.0,0,0.0,0.0,True,good,当前QC指标正常。,82848.1068861201,False,False,0.0,False,22498.35084214843,False,False,0.0,False
1789638838.5742676,1450.14,runtime,9.93129825592041,2490,250.62181558349798,0,0.0,0,0.0,0.0,True,good,当前QC指标正常。,82577.16315474953,False,False,0.0,False,22612.508534332537,False,False,0.0,False
1789638840.587326,1452.18,runtime,9.958091020584106,2500,250.95171301752347,0,0.0,0,0.0,0.0,True,good,当前QC指标正常。,82282.14173766538,False,False,0.0,False,22519.228065930045,False,False,0.0,False
1789638842.5973687,1454.18,runtime,9.958507299423218,2495,250.4391396233097,0,0.0,0,0.0,0.0,True,good,当前QC指标正常。,82060.62082680341,False,False,0.0,False,22241.108816460463,False,False,0.0,False
1789638844.6111126,1456.2,runtime,9.961389303207397,2495,250.36668320923613,0,0.0,0,0.0,0.0,True,good,当前QC指标正常。,81870.63430068827,False,False,0.0,False,22009.022758902083,False,False,0.0,False
1789638846.6267836,1458.2,runtime,9.929636478424072,2495,251.1673015844203,0,0.0,0,0.0,0.0,True,good,当前QC指标正常。,81547.34449625187,False,False,0.0,False,21916.463042958352,False,False,0.0,False
1789638848.6402497,1460.24,runtime,9.989924192428589,2510,251.1530569873176,0,0.0,0,0.0,0.0,True,good,当前QC指标正常。,78972.42564618301,False,False,0.0,False,21153.51438731024,False,False,0.0,False
1789638850.6510782,1462.24,runtime,9.991188049316406,2510,251.12128683952304,0,0.0,0,0.0,0.0,True,good,当前QC指标正常。,77763.43035456388,False,False,0.0,False,22578.45706242513,False,False,0.0,False
1789638852.6636796,1464.26,runtime,9.989437818527222,2505,250.6647566648724,0,0.0,0,0.0,0.0,True,good,当前QC指标正常。,80338.92450449482,False,False,0.0,False,26588.518342025523,False,False,0.0,False
1789638854.6692827,1466.26,runtime,9.990002393722534,2500,250.15009021122043,0,0.0,0,0.0,0.0,True,good,当前QC指标正常。,84722.37794774826,False,False,0.0,False,38008.133145070096,False,False,0.0,False
1789638856.6795626,1468.28,runtime,9.987670660018921,2505,250.7091077826205,0,0.0,0,0.0,0.0,True,good,当前QC指标正常。,90431.70637615518,False,False,0.0,False,46768.41437274973,False,False,0.0,False
1789638858.6880112,1470.28,runtime,9.963204145431519,2500,250.82292438481048,0,0.0,0,0.0,0.0,True,good,当前QC指标正常。,96940.7929404132,False,False,0.0,False,49521.600297542995,False,False,0.0,False
1789638860.7040572,1472.28,runtime,9.962263107299805,2500,250.84661718770192,0,0.0,0,0.0,0.0,True,good,当前QC指标正常。,101493.11966318464,False,False,0.0,False,43439.588340188035,False,False,0.0,False
1789638862.7227058,1474.28,runtime,9.930272102355957,2490,250.64771381334907,0,0.0,0,0.0,0.0,True,good,当前QC指标正常。,103217.00443696257,False,False,0.0,False,34383.31679373557,False,False,0.0,False
1789638864.742166,1476.32,runtime,9.960658550262451,2495,250.38505109025007,0,0.0,0,0.0,0.0,True,good,当前QC指标正常。,102270.52531809041,False,False,0.0,False,34820.260399549676,False,False,0.0,False
1789638866.7497191,1478.34,runtime,9.962707996368408,2500,250.8354155226603,0,0.0,0,0.0,0.0,True,good,当前QC指标正常。,102053.20665647108,False,False,0.0,False,33353.188821184696,False,False,0.0,False
1789638868.758607,1480.3,runtime,9.937910556793213,2485,249.9519376638003,0,0.0,0,0.0,0.0,True,good,当前QC指标正常。,118367.86272791555,False,False,0.0,False,67338.90863691024,False,False,0.0,False
1789638870.7764513,1482.36,runtime,9.961505889892578,2500,250.86568513055894,0,0.0,0,0.0,0.0,True,good,当前QC指标正常。,112504.83218835577,False,False,0.0,False,81081.33047081452,False,False,0.0,False
1789638872.7871659,1484.36,runtime,9.95996379852295,2500,250.90452641711397,0,0.0,0,0.0,0.0,True,good,当前QC指标正常。,111616.3545427586,False,False,0.0,False,88119.28203937413,False,False,0.0,False
1789638874.7999115,1486.4,runtime,9.990898609161377,2510,251.12856191927688,0,0.0,0,0.0,0.0,True,good,当前QC指标正常。,159058.99039092445,False,False,0.0,False,84998.73111832669,False,False,0.0,False
1789638876.8100507,1488.4,runtime,9.99105453491211,2510,251.12464267237348,0,0.0,0,0.0,0.0,True,good,当前QC指标正常。,200982.5380783077,False,False,0.0,False,112725.43733390301,False,False,0.0,False
1789638878.817506,1490.4,runtime,9.929384708404541,2500,251.6772260706918,0,0.0,0,0.0,0.0,True,good,当前QC指标正常。,202370.3722647205,False,False,0.0,False,111963.21051193355,False,False,0.0,False
1789638880.8293505,1492.42,runtime,9.989033937454224,2510,251.1754405591134,0,0.0,0,0.0,0.0,True,good,当前QC指标正常。,205218.6932665149,False,False,0.0,False,102439.24046393468,False,False,0.0,False
1789638882.8394005,1494.42,runtime,9.988547801971436,2495,249.68594528903995,0,0.0,0,0.0,0.0,True,good,当前QC指标正常。,205097.2787575312,False,False,0.0,False,102501.7040951158,False,False,0.0,False
1789638884.8504508,1496.44,runtime,9.96485161781311,2500,250.7814562469553,0,0.0,0,0.0,0.0,True,good,当前QC指标正常。,171446.17112187544,False,False,0.0,False,109424.85878473877,False,False,0.0,False
1789638886.8580954,1498.44,runtime,9.930306434631348,2505,252.15737464731706,0,0.0,0,0.0,0.0,True,good,当前QC指标正常。,139157.19730611527,False,False,0.0,False,74590.00451343095,False,False,0.0,False
1789638888.8660731,1500.46,runtime,9.960675239562988,2500,250.88660556607408,0,0.0,0,0.0,0.0,True,good,当前QC指标正常。,159488.4562230293,False,False,0.0,False,86898.47870582544,False,False,0.0,False
1789638890.8793461,1502.476,runtime,9.987786531448364,2504,250.60607694396037,0,0.0,0,0.0,0.0,True,good,当前QC指标正常。,191801.0027515417,False,False,0.0,False,190412.07037173223,False,False,0.0,False
1789638892.884428,1504.436,runtime,9.93289852142334,2489,250.48076295492857,0,0.0,0,0.0,0.0,True,good,当前QC指标正常。,246405.57308615863,False,False,0.0,False,267695.98422095994,False,False,0.0,False
1789638894.9007213,1506.496,runtime,9.988892793655396,2499,250.07776653551076,0,0.0,0,0.0,0.0,True,good,当前QC指标正常。,307122.2246626085,False,False,0.0,False,278516.46044016216,False,False,0.0,False
1789638896.911289,1508.516,runtime,9.961920261383057,2504,251.2567792479497,0,0.0,0,0.0,0.0,True,good,当前QC指标正常。,318397.71235163556,False,False,0.0,False,226905.82824504582,False,False,0.0,False
1789638898.9191844,1510.516,runtime,9.959984540939331,2499,250.8036021273194,0,0.0,0,0.0,0.0,True,good,当前QC指标正常。,268236.14502430434,False,False,0.0,False,140898.37136382653,False,False,0.0,False
1789638900.9250095,1512.516,runtime,9.960827112197876,2500,250.8827803004193,0,0.0,0,0.0,0.0,True,good,当前QC指标正常。,195731.1145777858,False,False,0.0,False,107584.23719362004,False,False,0.0,False
1789638902.9369922,1514.516,runtime,9.962269067764282,2495,250.34457341350446,0,0.0,0,0.0,0.0,True,good,当前QC指标正常。,187147.5851787038,False,False,0.0,False,93435.59598317696,False,False,0.0,False
1789638904.949377,1516.556,runtime,9.990339994430542,2505,250.64212042792747,0,0.0,0,0.0,0.0,True,good,当前QC指标正常。,173096.39030574384,False,False,0.0,False,75162.45654257426,False,False,0.0,False
1789638906.965018,1518.456,runtime,9.871716737747192,2485,251.62796563051194,0,0.0,0,0.0,0.0,True,good,当前QC指标正常。,175453.3405227826,False,False,0.0,False,74292.72694434614,False,False,0.0,False
1789638908.9706469,1520.536,runtime,9.990340232849121,2500,250.14163099101143,0,0.0,0,0.0,0.0,True,good,当前QC指标正常。,136591.92699719395,False,False,0.0,False,75266.05385735862,False,False,0.0,False
1789638910.9806178,1522.576,runtime,9.99130630493164,2500,250.11744447935808,0,0.0,0,0.0,0.0,True,good,当前QC指标正常。,111972.44220845214,False,False,0.0,False,118935.87719888479,False,False,0.0,False
1789638912.9892685,1524.596,runtime,9.990931034088135,2505,250.6272930377142,0,0.0,0,0.0,0.0,True,good,当前QC指标正常。,115522.32669697703,False,False,0.0,False,103344.15880037159,False,False,0.0,False
1789638914.9992611,1526.596,runtime,9.9901442527771,2500,250.1465381048245,0,0.0,0,0.0,0.0,True,good,当前QC指标正常。,111544.10142265659,False,False,0.0,False,93795.40025928059,False,False,0.0,False
1789638917.0043492,1528.596,runtime,9.962945461273193,2505,251.33129652603827,0,0.0,0,0.0,0.0,True,good,当前QC指标正常。,101660.2258440305,False,False,0.0,False,88221.83362010984,False,False,0.0,False
1789638919.0143423,1530.596,runtime,9.96008849143982,2505,251.40338885061698,0,0.0,0,0.0,0.0,True,good,当前QC指标正常。,99626.3011073771,False,False,0.0,False,77787.47124663068,False,False,0.0,False
1789638921.0300438,1532.636,runtime,9.990206480026245,2510,251.14596029785048,0,0.0,0,0.0,0.0,True,good,当前QC指标正常。,96305.88126585707,False,False,0.0,False,63391.74970001092,False,False,0.0,False
1789638923.0397723,1534.64,runtime,9.990935564041138,2501,250.22681649533118,0,0.0,0,0.0,0.0,True,good,当前QC指标正常。,94697.58887584718,False,False,0.0,False,45469.26767265189,False,False,0.0,False
1789638925.0501566,1536.576,runtime,9.903767824172974,2485,250.81363417436833,0,0.0,0,0.0,0.0,True,good,当前QC指标正常。,92317.20983246466,False,False,0.0,False,41182.301259232554,False,False,0.0,False
1789638927.0613813,1538.636,runtime,9.961969137191772,2495,250.3521106774926,0,0.0,0,0.0,0.0,True,good,当前QC指标正常。,86900.94418151682,False,False,0.0,False,40831.6501375279,False,False,0.0,False
1789638929.069224,1540.676,runtime,9.989983558654785,2505,250.65106316723302,0,0.0,0,0.0,0.0,True,good,当前QC指标正常。,83941.30956447017,False,False,0.0,False,37261.504704608866,False,False,0.0,False
1789638931.082437,1542.656,runtime,9.96505880355835,2495,250.2744890084779,0,0.0,0,0.0,0.0,True,good,当前QC指标正常。,83443.72923748956,False,False,0.0,False,30197.725092037705,False,False,0.0,False
1789638933.1001039,1544.676,runtime,9.961641073226929,2494,250.2599703878338,0,0.0,0,0.0,0.0,True,good,当前QC指标正常。,83819.18991953836,False,False,0.004,False,28581.360186332025,False,False,0.0,False
1789638935.1126812,1546.696,runtime,9.973310470581055,2495,250.06741817140053,0,0.0,0,0.0,0.0,True,good,当前QC指标正常。,85586.48823215965,False,False,0.004,False,30987.244369348333,False,False,0.0,False
1789638937.1422758,1548.756,runtime,9.992092847824097,2505,250.5981517721062,0,0.0,0,0.0,0.0,True,good,当前QC指标正常。,88351.46333015563,False,False,0.004,False,34133.761375392816,False,False,0.0,False
1789638939.1502361,1550.756,runtime,9.990437269210815,2505,250.63967997847215,0,0.0,0,0.0,0.0,True,good,当前QC指标正常。,91633.94845891166,False,False,0.004,False,35509.405309013164,False,False,0.0,False
1789638941.1594636,1552.756,runtime,9.990466117858887,2500,250.13847907784856,0,0.0,0,0.0,0.0,True,good,当前QC指标正常。,94518.57180441769,False,False,0.004,False,35605.42167006654,False,False,0.0,False
1789638943.166529,1554.756,runtime,9.958591222763062,2505,251.4411872109409,0,0.0,0,0.0,0.0,True,good,当前QC指标正常。,96963.21507449946,False,False,0.0,False,34442.826915021,False,False,0.0,False
1789638945.1790624,1556.776,runtime,9.990059614181519,2510,251.14965244434742,0,0.0,0,0.0,0.0,True,good,当前QC指标正常。,100859.9228819842,False,False,0.0,False,33072.111314399655,False,False,0.0,False
1789638947.1907337,1558.776,runtime,9.963438510894775,2500,250.8170243904657,0,0.0,0,0.0,0.0,True,good,当前QC指标正常。,113675.2712473952,False,False,0.0,False,35557.40516784486,False,False,0.0,False
1789638949.2000697,1560.796,runtime,9.99080777168274,2500,250.12992513808487,0,0.0,0,0.0,0.0,True,good,当前QC指标正常。,126753.28080484312,False,False,0.0,False,36493.49198744682,False,False,0.0,False
1789638951.20834,1562.796,runtime,9.962840557098389,2500,250.83207802813791,0,0.0,0,0.0,0.0,True,good,当前QC指标正常。,132104.4758700684,False,False,0.0,False,34377.743494314265,False,False,0.0,False
1789638953.2206628,1564.816,runtime,9.992072820663452,2500,250.09825737379603,0,0.0,0,0.0,0.0,True,good,当前QC指标正常。,126110.97803010957,False,False,0.0,False,31926.952743753984,False,False,0.0,False
1789638955.232264,1566.816,runtime,9.967834234237671,2500,250.70641638645998,0,0.0,0,0.0,0.0,True,good,当前QC指标正常。,112695.39099357044,False,False,0.0,False,29971.75090574927,False,False,0.0,False
1789638957.2550998,1568.816,runtime,9.932195663452148,2490,250.59917105327085,0,0.0,0,0.0,0.0,True,good,当前QC指标正常。,106341.45154779371,False,False,0.0,False,29340.205176647072,False,False,0.0,False
1789638959.2674193,1570.836,runtime,9.93648624420166,2490,250.49096218016018,0,0.0,0,0.0,0.0,True,good,当前QC指标正常。,102317.41385541785,False,False,0.0,False,29003.192401778473,False,False,0.0,False
1789638961.2869036,1572.836,runtime,9.930315494537354,2490,250.64661856606608,0,0.0,0,0.0,0.0,True,good,当前QC指标正常。,100773.47959672012,False,False,0.0,False,31219.52709433759,False,False,0.0,False
1789638963.2958183,1574.876,runtime,9.934247255325317,2495,251.05072743816348,0,0.0,0,0.0,0.0,True,good,当前QC指标正常。,100462.29998874545,False,False,0.0,False,32438.507067621133,False,False,0.0,False
1789638965.3087983,1576.916,runtime,9.98678970336914,2505,250.7312233835515,0,0.0,0,0.0,0.0,True,good,当前QC指标正常。,100388.37780959989,False,False,0.0,False,32983.97652480704,False,False,0.0,False
1789638967.3227518,1578.896,runtime,9.96047592163086,2505,251.393610074609,0,0.0,0,0.0,0.0,True,good,当前QC指标正常。,100418.71269542538,False,False,0.0,False,32609.48112955139,False,False,0.0,False
1789638969.3433428,1580.936,runtime,9.931014776229858,2500,251.6359159973683,0,0.0,0,0.0,0.0,True,good,当前QC指标正常。,100297.41534206015,False,False,0.0,False,30986.965738251205,False,False,0.0,False
1789638971.3544528,1582.956,runtime,9.932112693786621,2500,251.60809961040178,0,0.0,0,0.0,0.0,True,good,当前QC指标正常。,99860.18027310536,False,False,0.0,False,30695.08698784605,False,False,0.0,False
1789638973.3673725,1584.956,runtime,9.958767890930176,2495,250.43258637159116,0,0.0,0,0.0,0.0,True,good,当前QC指标正常。,99649.23193100966,False,False,0.0,False,30650.509247751925,False,False,0.0,False
1789638975.3894687,1586.996,runtime,9.990456581115723,2505,250.63919548313137,0,0.0,0,0.0,0.0,True,good,当前QC指标正常。,99407.82820056946,False,False,0.0,False,30461.959720762654,False,False,0.0,False
1789638977.4012449,1589.016,runtime,9.962622880935669,2505,251.33943439649997,0,0.0,0,0.0,0.0,True,good,当前QC指标正常。,102159.93152074727,False,False,0.0,False,30296.046877488578,False,False,0.0,False
1789638979.4090223,1590.956,runtime,9.989534378051758,2490,249.1607622341879,0,0.0,0,0.0,0.0,True,good,当前QC指标正常。,103831.21175488975,False,False,0.0,False,30036.53677286826,False,False,0.0,False
1789638981.4217396,1593.016,runtime,9.992714166641235,2500,250.08220572769244,0,0.0,0,0.0,0.0,True,good,当前QC指标正常。,104868.88077388219,False,False,0.0,False,29785.15965301147,False,False,0.0,False
1789638983.4292684,1594.996,runtime,9.990378618240356,2495,249.64018835547174,0,0.0,0,0.0,0.0,True,good,当前QC指标正常。,105628.94675507059,False,False,0.0,False,29516.847716130524,False,False,0.0,False
1789638985.4416018,1597.056,runtime,9.992576837539673,2505,250.5860140692722,0,0.0,0,0.0,0.0,True,good,当前QC指标正常。,106191.43518002456,False,False,0.0,False,29188.61057518565,False,False,0.0,False
1789638987.448822,1599.056,runtime,9.989959239959717,2505,250.65167333056075,0,0.0,0,0.0,0.0,True,good,当前QC指标正常。,104237.71822219098,False,False,0.0,False,28733.90466359101,False,False,0.0,False
1789638989.459248,1601.056,runtime,9.987894296646118,2500,250.20288819427643,0,0.0,0,0.0,0.0,True,good,当前QC指标正常。,103060.52681882231,False,False,0.0,False,28567.43832473737,False,False,0.0,False
1789638991.4700813,1603.076,runtime,9.99094557762146,2510,251.12738133814523,0,0.0,0,0.0,0.0,True,good,当前QC指标正常。,102478.42804304356,False,False,0.0,False,28536.171415029872,False,False,0.0,False
1789638993.4789166,1605.076,runtime,9.990268468856812,2510,251.1444019569081,0,0.0,0,0.0,0.0,True,good,当前QC指标正常。,102058.13775043526,False,False,0.0,False,28561.598306308006,False,False,0.0,False
1789638995.489032,1607.096,runtime,9.985838174819946,2505,250.75511501017783,0,0.0,0,0.0,0.0,True,good,当前QC指标正常。,101712.27649580505,False,False,0.0,False,28691.61477578785,False,False,0.0,False
1789638997.4948142,1609.076,runtime,9.928968667984009,2495,251.18419479375646,0,0.0,0,0.0,0.0,True,good,当前QC指标正常。,101430.4356054441,False,False,0.0,False,28652.224636592684,False,False,0.0,False
1789638999.5055683,1611.096,runtime,9.95289134979248,2500,251.0828172611474,0,0.0,0,0.0,0.0,True,good,当前QC指标正常。,101114.23806286628,False,False,0.0,False,28412.9257441662,False,False,0.0,False
1789639001.5182176,1613.096,runtime,9.963249921798706,2495,250.3199276918016,0,0.0,0,0.0,0.0,True,good,当前QC指标正常。,99999.26943430807,False,False,0.0,False,27816.01958944181,False,False,0.0,False
1789639003.5268123,1615.116,runtime,9.96379566192627,2500,250.80803388503816,0,0.0,0,0.0,0.0,True,good,当前QC指标正常。,94941.27853913978,False,False,0.0,False,26365.566396380014,False,False,0.0,False
1789639005.5361357,1617.116,runtime,9.95980453491211,2495,250.40652065588037,0,0.0,0,0.0,0.0,True,good,当前QC指标正常。,89800.3437393025,False,False,0.0,False,25161.316970804794,False,False,0.0,False
1789639007.5430357,1619.136,runtime,9.961763143539429,2500,250.8592067480237,0,0.0,0,0.0,0.0,True,good,当前QC指标正常。,93398.31079723914,False,False,0.0,False,25182.60339060743,False,False,0.0,False
1789639009.5512528,1621.136,runtime,9.962701320648193,2495,250.33371168430605,0,0.0,0,0.0,0.0,True,good,当前QC指标正常。,105390.65200126696,False,False,0.0,False,25912.377684543884,False,False,0.0,False
1789639011.5658484,1623.156,runtime,9.959508180618286,2500,250.91600455363672,0,0.0,0,0.0,0.0,True,good,当前QC指标正常。,115596.5182725288,False,False,0.0,False,31059.39030361681,False,False,0.0,False
1789639013.5783448,1625.176,runtime,9.990188121795654,2500,250.1454396587304,0,0.0,0,0.0,0.0,True,good,当前QC指标正常。,121008.0240315766,False,False,0.0,False,32143.112823901025,False,False,0.0,False
1789639015.5892024,1627.196,runtime,9.958806276321411,2505,251.4357575117857,0,0.0,0,0.0,0.0,True,good,当前QC指标正常。,119101.29080167269,False,False,0.0,False,32255.05479997732,False,False,0.0,False
1789639017.599342,1629.196,runtime,9.959858894348145,2500,250.90716911843913,0,0.0,0,0.0,0.0,True,good,当前QC指标正常。,101845.86392085828,False,False,0.0,False,29437.11395502577,False,False,0.0,False
1789639019.6086893,1631.216,runtime,9.9900221824646,2505,250.6500940904065,0,0.0,0,0.0,0.0,True,good,当前QC指标正常。,96214.48803018505,False,False,0.0,False,28137.200870291035,False,False,0.004,False
1789639021.621664,1633.196,runtime,9.958468675613403,2495,250.44011094872266,0,0.0,0,0.0,0.0,True,good,当前QC指标正常。,95026.10913541657,False,False,0.0,False,26705.81532578179,False,False,0.004,False
1789639023.6302826,1635.236,runtime,9.991039991378784,2505,250.62455982166907,0,0.0,0,0.0,0.0,True,good,当前QC指标正常。,94418.29833338597,False,False,0.0,False,26630.43357857178,False,False,0.004,False
1789639025.6385837,1637.216,runtime,9.990137338638306,2495,249.64621761045197,0,0.0,0,0.0,0.0,True,good,当前QC指标正常。,96598.50877377059,False,False,0.0,False,26970.746446705336,False,False,0.004,False
1789639027.6503792,1639.216,runtime,9.961287260055542,2495,250.3692479586312,0,0.0,0,0.0,0.0,True,good,当前QC指标正常。,98958.79419105822,False,False,0.0,False,27850.06306875877,False,False,0.004,False
1789639029.659121,1641.256,runtime,9.987105369567871,2500,250.2226528634421,0,0.0,0,0.0,0.0,True,good,当前QC指标正常。,101486.620525258,False,False,0.0,False,28617.653342106398,False,False,0.0,False
1789639031.668444,1643.276,runtime,9.989688396453857,2505,250.65846907585933,0,0.0,0,0.0,0.0,True,good,当前QC指标正常。,102679.79803107884,False,False,0.0,False,27412.555316915412,False,False,0.0,False
1789639033.6803179,1645.276,runtime,9.991787910461426,2500,250.10538878467796,0,0.0,0,0.0,0.0,True,good,当前QC指标正常。,104907.28334780913,False,False,0.0,False,27541.763943097394,False,False,0.0,False
1789639035.689128,1647.296,runtime,9.990170955657959,2505,250.6463614200569,0,0.0,0,0.0,0.0,True,good,当前QC指标正常。,104766.70142924118,False,False,0.0,False,27474.242866904166,False,False,0.0,False
1789639037.700148,1649.276,runtime,9.964663982391357,2505,251.28795154807426,0,0.0,0,0.0,0.0,True,good,当前QC指标正常。,104518.24214123923,False,False,0.0,False,27907.611903726207,False,False,0.0,False
1789639039.7086813,1651.316,runtime,9.989994287490845,2510,251.15129476517225,0,0.0,0,0.0,0.0,True,good,当前QC指标正常。,104226.32090037777,False,False,0.0,False,28231.64537792311,False,False,0.0,False
1789639041.7182899,1653.296,runtime,9.960745811462402,2495,250.38285758984142,0,0.0,0,0.0,0.0,True,good,当前QC指标正常。,103966.51257861903,False,False,0.0,False,28055.213856814382,False,False,0.0,False
1789639043.7283077,1655.336,runtime,9.990562200546265,2505,250.63654574545225,0,0.0,0,0.0,0.0,True,good,当前QC指标正常。,103764.53964724448,False,False,0.0,False,27315.932626739985,False,False,0.0,False
1789639045.7387304,1657.336,runtime,9.98989725112915,2500,250.15272301399696,0,0.0,0,0.0,0.0,True,good,当前QC指标正常。,103520.51523232169,False,False,0.0,False,26742.225076444574,False,False,0.0,False
1789639047.7508504,1659.356,runtime,9.991352319717407,2505,250.61672533141365,0,0.0,0,0.0,0.0,True,good,当前QC指标正常。,103301.32086357575,False,False,0.0,False,26659.941783325638,False,False,0.0,False
1789639049.7597964,1661.336,runtime,9.965551614761353,2495,250.26211256643262,0,0.0,0,0.0,0.0,True,good,当前QC指标正常。,103130.83262693351,False,False,0.0,False,26749.41466475158,False,False,0.0,False
1789639051.7676508,1663.356,runtime,9.961697101593018,2500,250.8608698411814,0,0.0,0,0.0,0.0,True,good,当前QC指标正常。,102955.95276392828,False,False,0.0,False,26832.859869940097,False,False,0.0,False
1789639053.7808435,1665.396,runtime,9.992580652236938,2505,250.585918407319,0,0.0,0,0.0,0.0,True,good,当前QC指标正常。,103860.27796670079,False,False,0.0,False,27030.612115497537,False,False,0.0,False
1789639055.7885678,1667.396,runtime,9.989902019500732,2505,250.65310902069717,0,0.0,0,0.0,0.0,True,good,当前QC指标正常。,105395.51927709585,False,False,0.0,False,27877.656317080087,False,False,0.0,False
1789639057.7984865,1669.396,runtime,9.989638328552246,2500,250.15920675099846,0,0.0,0,0.0,0.0,True,good,当前QC指标正常。,106539.03973520655,False,False,0.0,False,27809.31093844409,False,False,0.0,False
1789639059.8081925,1671.396,runtime,9.965118885040283,2500,250.7747302193774,0,0.0,0,0.0,0.0,True,good,当前QC指标正常。,107303.29245278417,False,False,0.0,False,27897.373614295593,False,False,0.0,False
1789639061.8183963,1673.416,runtime,9.95978307723999,2500,250.90907910541677,0,0.0,0,0.0,0.0,True,good,当前QC指标正常。,107849.13941460106,False,False,0.0,False,28008.569902437845,False,False,0.0,False
1789639063.8294556,1675.436,runtime,9.96070408821106,2505,251.38785148367137,0,0.0,0,0.0,0.0,True,good,当前QC指标正常。,107133.40326829893,False,False,0.0,False,27893.902290985658,False,False,0.0,False
1789639065.839013,1677.432,runtime,9.990620851516724,2499,250.0345110805368,0,0.0,0,0.0,0.0,True,good,当前QC指标正常。,106340.40104237685,False,False,0.0,False,27697.411136547424,False,False,0.0,False
1789639067.8489072,1679.412,runtime,9.990847826004028,2494,249.5283727083959,0,0.0,0,0.0,0.0,True,good,当前QC指标正常。,105814.30641838157,False,False,0.0,False,27528.7364319146,False,False,0.0,False
1789639069.8569767,1681.432,runtime,9.9612877368927,2494,250.26884734660425,0,0.0,0,0.0,0.0,True,good,当前QC指标正常。,105378.12315099433,False,False,0.0,False,27653.677615135297,False,False,0.0,False
1789639071.8692396,1683.432,runtime,9.990211248397827,2494,249.54427268991066,0,0.0,0,0.0,0.0,True,good,当前QC指标正常。,104998.57109515787,False,False,0.0,False,27793.96899743185,False,False,0.0,False
1789639073.8792148,1685.452,runtime,9.99105167388916,2504,250.52417720362678,0,0.0,0,0.0,0.0,True,good,当前QC指标正常。,104697.41525791345,False,False,0.0,False,27425.471742198875,False,False,0.0,False
1789639075.8882287,1687.492,runtime,9.98890233039856,2505,250.67819437774898,0,0.0,0,0.0,0.0,True,good,当前QC指标正常。,104432.16868311702,False,False,0.0,False,27302.423107677765,False,False,0.0,False
1789639077.9004421,1689.492,runtime,9.99240756034851,2500,250.08987923155138,0,0.0,0,0.0,0.0,True,good,当前QC指标正常。,104229.19793435941,False,False,0.0,False,26931.43849230011,False,False,0.0,False
1789639079.9083889,1691.472,runtime,9.987120628356934,2495,249.72162576255067,0,0.0,0,0.0,0.0,True,good,当前QC指标正常。,106137.46967503418,False,False,0.0,False,27348.398904642196,False,False,0.0,False
1789639081.917956,1693.492,runtime,9.961965560913086,2495,250.35220055221782,0,0.0,0,0.0,0.0,True,good,当前QC指标正常。,108163.47317277212,False,False,0.0,False,27818.77029561802,False,False,0.0,False
1789639083.9291809,1695.532,runtime,9.99109172821045,2510,251.1237078242098,0,0.0,0,0.0,0.0,True,good,当前QC指标正常。,109381.3472608369,False,False,0.0,False,28335.461401225162,False,False,0.0,False
1789639085.9382355,1697.532,runtime,9.989915609359741,2510,251.15327277132056,0,0.0,0,0.0,0.0,True,good,当前QC指标正常。,110323.43452251474,False,False,0.0,False,28982.275228825074,False,False,0.0,False
1789639087.9450595,1699.532,runtime,9.962098598480225,2500,250.85075953587096,0,0.0,0,0.0,0.0,True,good,当前QC指标正常。,111149.67952318327,False,False,0.0,False,29624.367771434652,False,False,0.0,False
1789639089.9582393,1701.552,runtime,9.989917755126953,2500,250.1522095832552,0,0.0,0,0.0,0.0,True,good,当前QC指标正常。,109974.89575297153,False,False,0.0,False,29870.71837802423,False,False,0.0,False
1789639091.9682493,1703.532,runtime,9.989728450775146,2495,249.65643583700012,0,0.0,0,0.0,0.0,True,good,当前QC指标正常。,108592.99365340099,False,False,0.0,False,30278.75240849109,False,False,0.0,False
1789639093.9754825,1705.552,runtime,9.96337080001831,2495,250.31689074498928,0,0.0,0,0.0,0.0,True,good,当前QC指标正常。,107693.19049282063,False,False,0.0,False,29886.14310370858,False,False,0.0,False
1789639095.989821,1707.572,runtime,9.962794780731201,2500,250.83323053419258,0,0.0,0,0.0,0.0,True,good,当前QC指标正常。,107013.03107357603,False,False,0.0,False,29388.923646294763,False,False,0.0,False
1789639098.0117664,1709.572,runtime,9.93255352973938,2490,250.59014205638104,0,0.0,0,0.0,0.0,True,good,当前QC指标正常。,106485.05454415207,False,False,0.0,False,29194.92728393288,False,False,0.0,False
1789639100.030466,1711.612,runtime,9.960529565811157,2495,250.3882934658902,0,0.0,0,0.0,0.0,True,good,当前QC指标正常。,106035.08172715962,False,False,0.0,False,29204.510676118527,False,False,0.0,False
1789639102.05058,1713.632,runtime,9.962794303894043,2500,250.83324253951972,0,0.0,0,0.0,0.0,True,good,当前QC指标正常。,105626.40180538037,False,False,0.0,False,29140.933849886922,False,False,0.0,False
1789639104.0580862,1715.652,runtime,9.959803581237793,2500,250.90856256518938,0,0.0,0,0.0,0.0,True,good,当前QC指标正常。,105362.45632546871,False,False,0.0,False,29235.356682129208,False,False,0.0,False
1789639106.068251,1717.672,runtime,9.99019742012024,2505,250.64569744707433,0,0.0,0,0.0,0.0,True,good,当前QC指标正常。,105162.53853106481,False,False,0.0,False,29324.45574083559,False,False,0.0,False
1789639108.074302,1719.652,runtime,9.963063478469849,2515,252.33202673382004,0,0.0,0,0.0,0.0,True,good,当前QC指标正常。,104916.49706944886,False,False,0.0,False,29346.780782647755,False,False,0.0,False
1789639110.089481,1721.672,runtime,9.96474027633667,2505,251.28602758932556,0,0.0,0,0.0,0.0,True,good,当前QC指标正常。,104654.97685796427,False,False,0.0,False,29455.22978922769,False,False,0.0,False
1789639112.0950763,1723.672,runtime,9.959443807601929,2495,250.4155902859112,0,0.0,0,0.0,0.0,True,good,当前QC指标正常。,104376.22866255704,False,False,0.0,False,29475.150931500633,False,False,0.0,False
1789639114.1082304,1725.712,runtime,9.989437103271484,2505,250.66477461277114,0,0.0,0,0.0,0.0,True,good,当前QC指标正常。,99739.66843464934,False,False,0.0,False,28001.857568991414,False,False,0.0,False
1789639116.1257195,1727.732,runtime,9.996782541275024,2505,250.48059109632598,0,0.0,0,0.0,0.0,True,good,当前QC指标正常。,94571.58636755937,False,False,0.0,False,26622.422966421236,False,False,0.0,False
1789639118.1468337,1729.732,runtime,9.958609819412231,2495,250.43656145042127,0,0.0,0,0.0,0.0,True,good,当前QC指标正常。,91998.64323481295,False,False,0.0,False,25841.27327386313,False,False,0.0,False
1789639120.1667306,1731.732,runtime,9.904955387115479,2495,251.79315832600662,0,0.0,0,0.0,0.0,True,good,当前QC指标正常。,92167.71703966905,False,False,0.0,False,25794.86096621263,False,False,0.0,False
1789639122.1784928,1733.752,runtime,9.990403652191162,2495,249.63956280715436,0,0.0,0,0.0,0.0,True,good,当前QC指标正常。,92425.267066846,False,False,0.0,False,25815.140926053955,False,False,0.0,False
1789639124.1868372,1735.772,runtime,9.962061405181885,2500,250.85169608572332,0,0.0,0,0.0,0.0,True,good,当前QC指标正常。,97500.35581479849,False,False,0.0,False,27414.388211454672,False,False,0.0,False
1789639126.1944153,1737.772,runtime,9.960556030273438,2495,250.3876282026732,0,0.0,0,0.0,0.0,True,good,当前QC指标正常。,102364.85226713534,False,False,0.0,False,29155.014909565845,False,False,0.0,False
1789639128.208125,1739.812,runtime,9.990497350692749,2505,250.6381726657853,0,0.0,0,0.0,0.0,True,good,当前QC指标正常。,104282.14579031327,False,False,0.0,False,29931.89713458087,False,False,0.0,False
1789639130.2181082,1741.812,runtime,9.988513231277466,2510,251.18853446010957,0,0.0,0,0.0,0.0,True,good,当前QC指标正常。,103935.26664192267,False,False,0.0,False,29890.92212280046,False,False,0.0,False
1789639132.2278025,1743.832,runtime,9.989631414413452,2510,251.16041782882112,0,0.0,0,0.0,0.0,True,good,当前QC指标正常。,103704.45492164599,False,False,0.0,False,29926.955860697177,False,False,0.0,False
1789639134.23838,1745.832,runtime,9.988889455795288,2510,251.17907362007546,0,0.0,0,0.0,0.0,True,good,当前QC指标正常。,103453.84189597996,False,False,0.0,False,29935.843166843326,False,False,0.0,False
1789639136.2484996,1747.852,runtime,9.990925550460815,2505,250.62743059720898,0,0.0,0,0.0,0.0,True,good,当前QC指标正常。,103186.32793694061,False,False,0.0,False,30005.080970352563,False,False,0.0,False
1789639138.2604861,1749.852,runtime,9.990732431411743,2500,250.1318113717993,0,0.0,0,0.0,0.0,True,good,当前QC指标正常。,102967.5360488278,False,False,0.0,False,29965.267858821553,False,False,0.0,False
1789639140.2680428,1751.852,runtime,9.990306854248047,2500,250.1424667388853,0,0.0,0,0.0,0.0,True,good,当前QC指标正常。,102836.0580185505,False,False,0.0,False,29960.06161473664,False,False,0.0,False
1789639142.2779891,1753.892,runtime,9.990523338317871,2510,251.1379949813967,0,0.0,0,0.0,0.0,True,good,当前QC指标正常。,102711.65302780394,False,False,0.0,False,29924.18916989523,False,False,0.0,False
1789639144.292893,1755.872,runtime,9.96359395980835,2500,250.81311122076963,0,0.0,0,0.0,0.0,True,good,当前QC指标正常。,102569.95619955557,False,False,0.0,False,29836.785132432367,False,False,0.0,False
1789639146.2999074,1757.872,runtime,9.960334539413452,2495,250.39319614528404,0,0.0,0,0.0,0.0,True,good,当前QC指标正常。,102487.38309330761,False,False,0.0,False,29888.479723661847,False,False,0.0,False
1789639148.3085234,1759.912,runtime,9.99094009399414,2505,250.62706576583628,0,0.0,0,0.0,0.0,True,good,当前QC指标正常。,102371.49196379118,False,False,0.0,False,29871.02588574491,False,False,0.0,False
1789639150.3176699,1761.912,runtime,9.99016547203064,2500,250.14600679002004,0,0.0,0,0.0,0.0,True,good,当前QC指标正常。,102280.06900708644,False,False,0.0,False,29912.172363021065,False,False,0.0,False
1789639152.3279605,1763.932,runtime,9.990561962127686,2505,250.63655172673833,0,0.0,0,0.0,0.0,True,good,当前QC指标正常。,102115.06341117028,False,False,0.0,False,29962.20348530443,False,False,0.0,False
1789639154.338255,1765.932,runtime,9.990409851074219,2500,250.13988787770253,0,0.0,0,0.0,0.0,True,good,当前QC指标正常。,101955.78280533319,False,False,0.0,False,29988.163789354094,False,False,0.0,False
1789639156.349258,1767.892,runtime,9.900284767150879,2495,251.91194583362753,0,0.0,0,0.0,0.0,True,good,当前QC指标正常。,101738.27990824918,False,False,0.0,False,30004.819294812918,False,False,0.0,False
1789639158.358014,1769.952,runtime,9.960186958312988,2500,250.89890485582507,0,0.0,0,0.0,0.0,True,good,当前QC指标正常。,101546.86028873036,False,False,0.0,False,30071.97391979948,False,False,0.0,False
1789639160.367646,1771.972,runtime,9.990124702453613,2505,250.64752188578868,0,0.0,0,0.0,0.0,True,good,当前QC指标正常。,101333.08971866993,False,False,0.0,False,30060.598813994508,False,False,0.0,False
1789639162.3814456,1773.952,runtime,9.9607834815979,2495,250.38191068077654,0,0.0,0,0.0,0.0,True,good,当前QC指标正常。,101145.58895392032,False,False,0.0,False,30012.435381471172,False,False,0.0,False
1789639164.3886158,1775.992,runtime,9.98941159248352,2505,250.66541475617257,0,0.0,0,0.0,0.0,True,good,当前QC指标正常。,101009.93844287597,False,False,0.0,False,29990.396574222155,False,False,0.0,False
1789639166.3988273,1777.992,runtime,9.990912199020386,2500,250.12731072194072,0,0.0,0,0.0,0.0,True,good,当前QC指标正常。,100915.04482303877,False,False,0.0,False,30013.482587743933,False,False,0.0,False
1789639168.4079177,1779.972,runtime,9.989914655685425,2495,249.65178241844373,0,0.0,0,0.0,0.0,True,good,当前QC指标正常。,100870.62622883827,False,False,0.0,False,30055.493314073883,False,False,0.0,False
1789639170.4163346,1782.012,runtime,9.965338945388794,2500,250.7691924674924,0,0.0,0,0.0,0.0,True,good,当前QC指标正常。,100809.36522345913,False,False,0.0,False,30104.68186275736,False,False,0.0,False
1789639172.4236686,1784.012,runtime,9.961370706558228,2495,250.36715061292068,0,0.0,0,0.0,0.0,True,good,当前QC指标正常。,100758.24013906984,False,False,0.0,False,30137.89283005145,False,False,0.0,False
1789639174.4335582,1786.032,runtime,9.966471433639526,2500,250.74069761191527,0,0.0,0,0.0,0.0,True,good,当前QC指标正常。,100721.45736861666,False,False,0.0,False,30238.226447926554,False,False,0.0,False
1789639176.4487936,1788.032,runtime,9.99101996421814,2500,250.12461279728436,0,0.0,0,0.0,0.0,True,good,当前QC指标正常。,100724.82972389065,False,False,0.0,False,30374.805763686392,False,False,0.0,False
1789639178.4584627,1790.052,runtime,9.989815950393677,2505,250.6552685689192,0,0.0,0,0.0,0.0,True,good,当前QC指标正常。,100622.07148076837,False,False,0.0,False,30339.682049386996,False,False,0.0,False
1789639180.4676633,1792.072,runtime,9.989490032196045,2510,251.16397252647667,0,0.0,0,0.0,0.0,True,good,当前QC指标正常。,100534.64937123493,False,False,0.0,False,30378.149344238638,False,False,0.0,False
1789639182.478069,1794.092,runtime,9.99001955986023,2505,250.65015989168228,0,0.0,0,0.0,0.0,True,good,当前QC指标正常。,100422.91725412727,False,False,0.0,False,30316.233468288472,False,False,0.0,False
1789639184.486526,1796.072,runtime,9.957101583480835,2500,250.97665008720256,0,0.0,0,0.0,0.0,True,good,当前QC指标正常。,100367.37388835718,False,False,0.0,False,30297.667775447146,False,False,0.0,False
1789639186.498321,1798.112,runtime,9.990538358688354,2510,251.13761740557527,0,0.0,0,0.0,0.0,True,good,当前QC指标正常。,100307.2265965299,False,False,0.0,False,30332.928488861184,False,False,0.0,False
1789639188.507813,1800.092,runtime,9.966971158981323,2495,250.22646902641384,0,0.0,0,0.0,0.0,True,good,当前QC指标正常。,100299.86792649579,False,False,0.0,False,30415.480365292256,False,False,0.0,False
1789639190.5180075,1802.112,runtime,9.963281393051147,2500,250.8209796968013,0,0.0,0,0.0,0.0,True,good,当前QC指标正常。,97237.44781976311,False,False,0.0,False,29372.090961342295,False,False,0.0,False
1789639192.5240352,1804.112,runtime,9.96055555343628,2495,250.38764018936655,0,0.0,0,0.0,0.0,True,good,当前QC指标正常。,92820.86555627303,False,False,0.0,False,27764.104563778466,False,False,0.0,False
1789639194.5379746,1806.152,runtime,9.990507364273071,2505,250.63792144876678,0,0.0,0,0.0,0.0,True,good,当前QC指标正常。,89364.26475950591,False,False,0.0,False,26545.501828705692,False,False,0.0,False
1789639196.5464568,1808.132,runtime,9.964847087860107,2495,250.27980640449263,0,0.0,0,0.0,0.0,True,good,当前QC指标正常。,89372.1889802039,False,False,0.0,False,26486.76532789337,False,False,0.0,False
1789639198.5596588,1810.172,runtime,9.992522239685059,2505,250.58738323898095,0,0.0,0,0.0,0.0,True,good,当前QC指标正常。,89516.57155658053,False,False,0.0,False,26425.693423460685,False,False,0.0,False
1789639200.5678225,1812.172,runtime,9.990649461746216,2500,250.13388864943843,0,0.0,0,0.0,0.0,True,good,当前QC指标正常。,92959.98937168861,False,False,0.0,False,27731.686259510727,False,False,0.0,False
1789639202.578036,1814.192,runtime,9.958892822265625,2505,251.4335724551302,0,0.0,0,0.0,0.0,True,good,当前QC指标正常。,97461.11262202644,False,False,0.0,False,29528.140330411163,False,False,0.0,False
1789639204.587361,1816.192,runtime,9.958137512207031,2500,250.95054139758955,0,0.0,0,0.0,0.0,True,good,当前QC指标正常。,100537.55421290595,False,False,0.0,False,30855.168739414632,False,False,0.0,False
1789639206.6000135,1818.192,runtime,9.962366819381714,2500,250.84400577764444,0,0.0,0,0.0,0.0,True,good,当前QC指标正常。,100434.9182475323,False,False,0.0,False,30990.01517356983,False,False,0.0,False
1789639208.6085062,1820.212,runtime,9.99120306968689,2500,250.12002884636746,0,0.0,0,0.0,0.0,True,good,当前QC指标正常。,100301.9117946716,False,False,0.0,False,31051.281205780822,False,False,0.0,False
1789639210.6178238,1822.232,runtime,9.990576028823853,2505,250.63619883134857,0,0.0,0,0.0,0.0,True,good,当前QC指标正常。,100368.24390126353,False,False,0.0,False,31142.174776710577,False,False,0.0,False
1789639212.6291592,1824.212,runtime,9.961792469024658,2495,250.35655056606325,0,0.0,0,0.0,0.0,True,good,当前QC指标正常。,100553.30264496783,False,False,0.0,False,30967.376442549663,False,False,0.0,False
1789639214.6372716,1826.192,runtime,9.934889793395996,2495,251.034490755784,0,0.0,0,0.0,0.0,True,good,当前QC指标正常。,100714.87450314611,False,False,0.0,False,30881.076764689915,False,False,0.0,False
1789639216.6446471,1828.232,runtime,9.95995569229126,2495,250.4027203585142,0,0.0,0,0.0,0.0,True,good,当前QC指标正常。,100800.89374718063,False,False,0.0,False,30729.051523863847,False,False,0.0,False
1789639218.6550257,1830.252,runtime,9.966883897781372,2505,251.23198240097793,0,0.0,0,0.0,0.0,True,good,当前QC指标正常。,100777.8164235247,False,False,0.0,False,30473.309204970425,False,False,0.0,False
1789639220.667529,1832.272,runtime,9.98613691329956,2500,250.24691947411876,0,0.0,0,0.0,0.0,True,good,当前QC指标正常。,100647.73253047469,False,False,0.0,False,30425.889521599194,False,False,0.0,False
1789639222.6779854,1834.292,runtime,9.990431547164917,2505,250.6398235330069,0,0.0,0,0.0,0.0,True,good,当前QC指标正常。,100377.13148559335,False,False,0.0,False,30566.924234039016,False,False,0.0,False
1789639224.6874983,1836.292,runtime,9.990594863891602,2510,251.13619701146385,0,0.0,0,0.0,0.0,True,good,当前QC指标正常。,100101.7477965219,False,False,0.0,False,30578.386072912974,False,False,0.0,False
1789639226.6979432,1838.312,runtime,9.988983869552612,2510,251.1766995287353,0,0.0,0,0.0,0.0,True,good,当前QC指标正常。,99901.10785405098,False,False,0.0,False,30604.31968071224,False,False,0.0,False
1789639228.7079818,1840.312,runtime,9.988904476165771,2500,250.17758513586648,0,0.0,0,0.0,0.0,True,good,当前QC指标正常。,99828.07532121235,False,False,0.0,False,30690.78004547027,False,False,0.0,False
1789639230.7181594,1842.332,runtime,9.987303018569946,2505,250.71833660640655,0,0.0,0,0.0,0.0,True,good,当前QC指标正常。,99688.52520172624,False,False,0.0,False,30875.483925016746,False,False,0.0,False
1789639232.7290823,1844.332,runtime,9.99024510383606,2500,250.14401288717457,0,0.0,0,0.0,0.0,True,good,当前QC指标正常。,99579.17273649966,False,False,0.0,False,30865.752304495443,False,False,0.0,False
1789639234.737563,1846.352,runtime,9.99057650566101,2505,250.6361868688104,0,0.0,0,0.0,0.0,True,good,当前QC指标正常。,99521.60154855755,False,False,0.0,False,30792.884091757292,False,False,0.0,False
1789639236.743112,1848.332,runtime,9.963555097579956,2495,250.3122605911786,0,0.0,0,0.0,0.0,True,good,当前QC指标正常。,99461.18913750329,False,False,0.0,False,30802.159622712265,False,False,0.0,False
1789639238.762631,1850.352,runtime,9.962140321731567,2500,250.84970892737203,0,0.0,0,0.0,0.0,True,good,当前QC指标正常。,99346.68360604778,False,False,0.0,False,30783.943339379442,False,False,0.0,False
1789639240.7683055,1852.368,runtime,9.990609407424927,2499,250.03479749128317,0,0.0,0,0.0,0.0,True,good,当前QC指标正常。,99200.47009344683,False,False,0.0,False,30850.519537124277,False,False,0.0,False
1789639242.7773647,1854.388,runtime,9.960278272628784,2504,251.29819985836514,0,0.0,0,0.0,0.0,True,good,当前QC指标正常。,101610.06226236414,False,False,0.0,False,31842.090216669163,False,False,0.0,False
1789639244.7879465,1856.388,runtime,9.990931272506714,2499,250.02674243932162,0,0.0,0,0.0,0.0,True,good,当前QC指标正常。,103082.00961047498,False,False,0.0,False,32456.92283208304,False,False,0.0,False
1789639246.7980382,1858.408,runtime,9.989485502243042,2504,250.56345488844002,0,0.0,0,0.0,0.0,True,good,当前QC指标正常。,104110.45514454784,False,False,0.0,False,33103.60114306623,False,False,0.0,False
1789639248.8049378,1860.388,runtime,9.93035888671875,2494,251.0483285084727,0,0.0,0,0.0,0.0,True,good,当前QC指标正常。,103032.15481816113,False,False,0.0,False,32776.050651843776,False,False,0.0,False
1789639250.8244646,1862.428,runtime,9.959428071975708,2505,251.42005965642437,0,0.0,0,0.0,0.0,True,good,当前QC指标正常。,99390.19129067611,False,False,0.0,False,31315.536673663642,False,False,0.0,False
1789639252.8308287,1864.448,runtime,9.99195408821106,2505,250.60163186241294,0,0.0,0,0.0,0.0,True,good,当前QC指标正常。,96643.8284198545,False,False,0.0,False,30371.971724308052,False,False,0.0,False
1789639254.8375475,1866.448,runtime,9.990131378173828,2510,251.14784831374652,0,0.0,0,0.0,0.0,True,good,当前QC指标正常。,95894.0224126585,False,False,0.0,False,30531.727401835396,False,False,0.0,False
1789639256.8469627,1868.428,runtime,9.96472430229187,2495,250.2828903581792,0,0.0,0,0.0,0.0,True,good,当前QC指标正常。,95490.11823389049,False,False,0.0,False,30582.80404436891,False,False,0.0,False
1789639258.8582041,1870.428,runtime,9.991348028182983,2495,249.61596703118312,0,0.0,0,0.0,0.0,True,good,当前QC指标正常。,97501.27773267029,False,False,0.0,False,31479.265879960898,False,False,0.0,False
1789639260.8650527,1872.428,runtime,9.933568000793457,2490,250.564550401345,0,0.0,0,0.0,0.0,True,good,当前QC指标正常。,101788.56892200994,False,False,0.0,False,33289.13889087802,False,False,0.0,False
1789639262.87266,1874.468,runtime,9.961546182632446,2500,250.86467042203807,0,0.0,0,0.0,0.0,True,good,当前QC指标正常。,102171.91219863069,False,False,0.0,False,33500.52834857499,False,False,0.0,False
1789639264.8881931,1876.488,runtime,9.990200519561768,2500,250.14512923006092,0,0.0,0,0.0,0.0,True,good,当前QC指标正常。,101786.44461652328,False,False,0.0,False,33383.753084583885,False,False,0.0,False
1789639266.899503,1878.508,runtime,9.961768627166748,2505,251.36098756312603,0,0.0,0,0.0,0.0,True,good,当前QC指标正常。,101441.38325133336,False,False,0.0,False,33304.36514210136,False,False,0.0,False
1789639268.9069157,1880.508,runtime,9.989852905273438,2500,250.15383346443764,0,0.0,0,0.0,0.0,True,good,当前QC指标正常。,101149.84423803106,False,False,0.0,False,33264.543443870396,False,False,0.0,False
1789639270.9166536,1882.468,runtime,9.927127599716187,2495,251.23077898901013,0,0.0,0,0.0,0.0,True,good,当前QC指标正常。,100915.33053036277,False,False,0.0,False,33203.961285256235,False,False,0.0,False
1789639272.9284737,1884.528,runtime,9.99182677268982,2510,251.1052340156386,0,0.0,0,0.0,0.0,True,good,当前QC指标正常。,100784.42618140238,False,False,0.0,False,33163.89569675319,False,False,0.0,False
1789639274.9364798,1886.528,runtime,9.963292837142944,2500,250.82069159743864,0,0.0,0,0.0,0.0,True,good,当前QC指标正常。,100577.9185990995,False,False,0.0,False,33152.00675401694,False,False,0.0,False
1789639276.9426079,1888.528,runtime,9.95891809463501,2495,250.42880926428626,0,0.0,0,0.0,0.0,True,good,当前QC指标正常。,100367.1002271908,False,False,0.0,False,33197.677318149574,False,False,0.0,False
1789639278.957635,1890.568,runtime,9.990868091583252,2505,250.62887199056107,0,0.0,0,0.0,0.0,True,good,当前QC指标正常。,99877.76319555758,False,False,0.0,False,33104.49817057002,False,False,0.0,False
1789639280.9667332,1892.568,runtime,9.985097885131836,2500,250.27295963929402,0,0.0,0,0.0,0.0,True,good,当前QC指标正常。,98470.16947219179,False,False,0.0,False,32415.06044747698,False,False,0.0,False
1789639282.9769127,1894.548,runtime,9.990233659744263,2495,249.64381063974466,0,0.0,0,0.0,0.0,True,good,当前QC指标正常。,96570.68879398971,False,False,0.0,False,31858.407971259563,False,False,0.0,False
1789639284.9868932,1896.568,runtime,9.989910125732422,2495,249.65189562375062,0,0.0,0,0.0,0.0,True,good,当前QC指标正常。,90511.87920338844,False,False,0.0,False,29527.34310386759,False,False,0.0,False
1789639286.9970512,1898.608,runtime,9.989782810211182,2505,250.65610009463919,0,0.0,0,0.0,0.0,True,good,当前QC指标正常。,84031.01162892597,False,False,0.0,False,26943.444224822528,False,False,0.0,False
1789639289.0074813,1900.608,runtime,9.990663528442383,2510,251.13447098454844,0,0.0,0,0.0,0.0,True,good,当前QC指标正常。,77467.2975349639,False,False,0.0,False,24290.246002661566,False,False,0.0,False
1789639291.0247717,1902.628,runtime,9.99050235748291,2505,250.6380470572131,0,0.0,0,0.0,0.0,True,good,当前QC指标正常。,71373.03383890635,False,False,0.0,False,22018.86172893355,False,False,0.0,False
1789639293.0308027,1904.648,runtime,9.992194175720215,2505,250.59561053010836,0,0.0,0,0.0,0.0,True,good,当前QC指标正常。,66114.47476439076,False,False,0.0,False,19258.325651150746,False,False,0.0,False
1789639295.0367994,1906.648,runtime,9.990277290344238,2510,251.14418019457662,0,0.0,0,0.0,0.0,True,good,当前QC指标正常。,67091.58389545341,False,False,0.0,False,19720.19028063922,False,False,0.0,False
1789639297.0466874,1908.648,runtime,9.990293025970459,2510,251.1437846194982,0,0.0,0,0.0,0.0,True,good,当前QC指标正常。,67931.42464526747,False,False,0.0,False,19860.96853747347,False,False,0.0,False
1789639299.0594544,1910.648,runtime,9.96223759651184,2505,251.34915482007233,0,0.0,0,0.0,0.0,True,good,当前QC指标正常。,69043.37587041828,False,False,0.0,False,20304.959526532424,False,False,0.0,False
1789639301.0673306,1912.668,runtime,9.990924596786499,2500,250.12700033826533,0,0.0,0,0.0,0.0,True,good,当前QC指标正常。,70156.13608198726,False,False,0.0,False,20831.862404083007,False,False,0.0,False
1789639303.0769877,1914.688,runtime,9.990423440933228,2505,250.64002690221264,0,0.0,0,0.0,0.0,True,good,当前QC指标正常。,71148.44482624535,False,False,0.0,False,20893.25646088196,False,False,0.0,False
1789639305.086755,1916.688,runtime,9.99039363861084,2500,250.14029380602915,0,0.0,0,0.0,0.0,True,good,当前QC指标正常。,88947.13553471412,False,False,0.0,False,24693.650787950508,False,False,0.0,False
1789639307.097324,1918.688,runtime,9.964646816253662,2505,251.28838444285284,0,0.0,0,0.0,0.0,True,good,当前QC指标正常。,96235.90438033722,False,False,0.0,False,26403.47444284496,False,False,0.0,False
1789639309.1168897,1920.688,runtime,9.959667444229126,2492,250.10875252098364,0,0.0,0,0.0,0.0,True,good,当前QC指标正常。,93178.17214684036,False,False,0.0,False,26959.622720798317,False,False,0.0,False
1789639311.12826,1922.728,runtime,9.98856782913208,2498,249.98578802432456,0,0.0,0,0.0,0.0,True,good,当前QC指标正常。,90309.27149895014,False,False,0.0,False,27047.128091877126,False,False,0.0,False
1789639313.136335,1924.748,runtime,9.9911527633667,2505,250.62173097593916,0,0.0,0,0.0,0.0,True,good,当前QC指标正常。,86419.41710289042,False,False,0.0,False,26775.207473134826,False,False,0.0,False
1789639315.1465201,1926.748,runtime,9.988725900650024,2500,250.18205773745134,0,0.0,0,0.0,0.0,True,good,当前QC指标正常。,81281.01980101234,False,False,0.0,False,33554.649234305005,False,False,0.0,False
1789639317.167106,1928.768,runtime,9.963165283203125,2500,250.8239027423401,0,0.0,0,0.0,0.0,True,good,当前QC指标正常。,164729.57873714124,False,False,0.0,False,60285.32230146039,False,False,0.0,False
1789639319.1915534,1930.788,runtime,9.99354100227356,2510,251.06216099270472,0,0.0,0,0.0,0.0,True,good,当前QC指标正常。,200741.95694789966,False,False,0.0,False,65761.94841497879,False,False,0.0,False
1789639321.1997235,1932.808,runtime,9.992342233657837,2520,252.0930469650142,0,0.0,0,0.0,0.0,True,good,当前QC指标正常。,185797.2476583594,False,False,0.0,False,58315.54092811359,False,False,0.0,False
1789639323.2080688,1934.808,runtime,9.990728616714478,2500,250.1319068780605,0,0.0,0,0.0,0.0,True,good,当前QC指标正常。,144123.81936148467,False,False,0.0,False,39075.44155863396,False,False,0.0,False
1789639325.216884,1936.768,runtime,9.927423238754272,2490,250.71964195941024,0,0.0,0,0.0,0.0,True,good,当前QC指标正常。,93367.6201572137,False,False,0.0,False,29838.374899715793,False,False,0.0,False
1789639327.2267625,1938.808,runtime,9.990302085876465,2495,249.64210076548426,0,0.0,0,0.0,0.0,True,good,当前QC指标正常。,88997.96698172712,False,False,0.0,False,24831.893812494844,False,False,0.0,False
1789639329.236939,1940.788,runtime,9.95975947380066,2490,249.9056334188956,0,0.0,0,0.0,0.0,True,good,当前QC指标正常。,65393.223106372,False,False,0.0,False,16120.269865222463,False,False,0.0,False
1789639331.2455375,1942.828,runtime,9.933288097381592,2495,251.07496888743384,0,0.0,0,0.0,0.0,True,good,当前QC指标正常。,60746.06604428356,False,False,0.0,False,14326.511170767733,False,False,0.0,False
1789639333.2613583,1944.808,runtime,9.931143760681152,2490,250.62571441713635,0,0.0,0,0.0,0.0,True,good,当前QC指标正常。,60621.91426623702,False,False,0.0,False,14232.822946542768,False,False,0.0,False
1789639335.2752805,1946.848,runtime,9.960969686508179,2495,250.3772301785081,0,0.0,0,0.0,0.0,True,good,当前QC指标正常。,59449.483812398714,False,False,0.0,False,13237.001519044745,False,False,0.0,False
1789639337.2917666,1948.888,runtime,9.96305251121521,2495,250.324887597707,0,0.0,0,0.0,0.0,True,good,当前QC指标正常。,59485.20660567836,False,False,0.0,False,13081.8883966676,False,False,0.0,False
1789639339.3128932,1950.908,runtime,9.959505319595337,2505,251.4181095996181,0,0.0,0,0.0,0.0,True,good,当前QC指标正常。,59850.04871360032,False,False,0.0,False,13066.905253980522,False,False,0.0,False
1789639341.3286028,1952.928,runtime,9.991355180740356,2500,250.11622095240386,0,0.0,0,0.0,0.0,True,good,当前QC指标正常。,60064.40435682328,False,False,0.0,False,13211.477064077224,False,False,0.0,False
1789639343.3371694,1954.948,runtime,9.960594177246094,2510,251.89260352876747,0,0.0,0,0.0,0.0,True,good,当前QC指标正常。,58545.58916366807,False,False,0.0,False,14090.194779801244,False,False,0.0,False
1789639345.3443096,1956.928,runtime,9.958913326263428,2510,251.9351175979532,0,0.0,0,0.0,0.0,True,good,当前QC指标正常。,58064.60722697329,False,False,0.0,False,14588.837272662562,False,False,0.0,False
1789639347.3565571,1958.968,runtime,9.924775838851929,2505,252.29788971129608,0,0.0,0,0.0,0.0,True,good,当前QC指标正常。,60548.16711863413,False,False,0.0,False,16415.004068456055,False,False,0.0,False
1789639349.3662467,1960.968,runtime,9.98766565322876,2510,251.20985094138626,0,0.0,0,0.0,0.0,True,good,当前QC指标正常。,127327.75805777509,False,False,0.0,False,41617.59875402964,False,False,0.0,False
1789639351.3742006,1962.968,runtime,9.962673902511597,2500,250.8362739214018,0,0.0,0,0.0,0.0,True,good,当前QC指标正常。,136330.2157891861,False,False,0.0,False,127174.58561398662,False,False,0.0,False
1789639353.3859055,1964.968,runtime,9.964874982833862,2495,250.2791057887154,0,0.0,0,0.0,0.0,True,good,当前QC指标正常。,163309.6115026766,False,False,0.0,False,196036.4515955298,False,False,0.0,False
1789639355.416222,1966.988,runtime,9.933712005615234,2490,250.56091807302664,0,0.0,0,0.0,0.0,True,good,当前QC指标正常。,177543.7274894322,False,False,0.0,False,185465.49593373388,False,False,0.0,False
1789639357.4340475,1968.988,runtime,9.930668354034424,2490,250.63771251497099,0,0.0,0,0.0,0.0,True,good,当前QC指标正常。,179557.27120156452,False,False,0.0,False,146188.36738889714,False,False,0.0,False
1789639359.4402668,1971.028,runtime,9.9517502784729,2495,250.60918232593605,0,0.0,0,0.0,0.0,True,good,当前QC指标正常。,157872.05350329893,False,False,0.0,False,108454.84105286983,False,False,0.0,False
1789639361.4542117,1973.048,runtime,9.958505392074585,2500,250.94127096510022,0,0.0,0,0.0,0.0,True,good,当前QC指标正常。,154166.90167866956,False,False,0.0,False,97908.42155473868,False,False,0.0,False
1789639363.4641728,1975.048,runtime,9.961047649383545,2495,250.37527053234658,0,0.0,0,0.0,0.0,True,good,当前QC指标正常。,129808.92224149957,False,False,0.0,False,77583.98801003088,False,False,0.0,False
1789639365.476335,1977.088,runtime,9.990558624267578,2505,250.6366354647733,0,0.0,0,0.0,0.0,True,good,当前QC指标正常。,160132.725087551,False,False,0.0,False,74603.20361678045,False,False,0.0,False
1789639367.4874275,1979.088,runtime,9.961185455322266,2510,251.8776516362759,0,0.0,0,0.0,0.0,True,good,当前QC指标正常。,208541.2209994703,False,False,0.0,False,89164.68052249278,False,False,0.0,False
1789639369.4970043,1981.108,runtime,9.989055156707764,2510,251.17490699960527,0,0.0,0,0.0,0.0,True,good,当前QC指标正常。,232901.40626689835,False,False,0.0,False,90379.17015440179,False,False,0.0,False
1789639371.5067518,1983.088,runtime,9.962052822113037,2495,250.35000762734373,0,0.0,0,0.0,0.0,True,good,当前QC指标正常。,237671.33527246598,False,False,0.0,False,89210.82017861502,False,False,0.0,False
1789639373.5168827,1985.128,runtime,9.989818811416626,2505,250.65519678278483,0,0.0,0,0.0,0.0,True,good,当前QC指标正常。,173057.61025604495,False,False,0.0,False,65121.96179104031,False,False,0.0,False
1789639375.5266824,1987.108,runtime,9.962035417556763,2495,250.35044501093188,0,0.0,0,0.0,0.0,True,good,当前QC指标正常。,99688.95939854017,False,False,0.0,False,49275.23460385667,False,False,0.0,False
1789639377.5368023,1989.148,runtime,9.989974737167358,2505,250.65128450064583,0,0.0,0,0.0,0.0,True,good,当前QC指标正常。,97150.19732436659,False,False,0.0,False,36941.77604181911,False,False,0.0,False
1789639379.5478098,1991.148,runtime,9.965278387069702,2500,250.770716374822,0,0.0,0,0.0,0.0,True,good,当前QC指标正常。,94867.58466387869,False,False,0.0,False,34231.28609993589,False,False,0.0,False
1789639381.5608163,1993.148,runtime,9.961794137954712,2500,250.85842624259226,0,0.0,0,0.0,0.0,True,good,当前QC指标正常。,92761.62052877527,False,False,0.0,False,33066.09933988833,False,False,0.0,False
1789639383.5669303,1995.168,runtime,9.98888349533081,2500,250.17811061347638,0,0.0,0,0.0,0.0,True,good,当前QC指标正常。,90760.21252830184,False,False,0.0,False,32515.679494478387,False,False,0.0,False
1789639385.5761988,1997.188,runtime,9.988911867141724,2505,250.67795504702025,0,0.0,0,0.0,0.0,True,good,当前QC指标正常。,110208.69205933288,False,False,0.0,False,42039.271653849646,False,False,0.0,False
1789639387.5894063,1999.168,runtime,9.960817575454712,2495,250.38105367431638,0,0.0,0,0.0,0.0,True,good,当前QC指标正常。,142266.2777241578,False,False,0.0,False,49604.31811829455,False,False,0.0,False
1789639389.601495,2001.208,runtime,9.990232229232788,2505,250.64482411859785,0,0.0,0,0.0,0.0,True,good,当前QC指标正常。,161345.44419274703,False,False,0.0,False,52259.28681750298,False,False,0.0,False
1789639391.6218731,2003.208,runtime,9.935083150863647,2500,251.53287215142876,0,0.0,0,0.0,0.0,True,good,当前QC指标正常。,157448.29076480313,False,False,0.0,False,46827.32834959587,False,False,0.0,False
1789639393.629274,2005.228,runtime,9.959615468978882,2505,251.41532901538062,0,0.0,0,0.0,0.0,True,good,当前QC指标正常。,113326.09232186932,False,False,0.0,False,29953.595141179663,False,False,0.0,False
1789639395.6449966,2007.248,runtime,9.961258888244629,2505,251.3738502424621,0,0.0,0,0.0,0.0,True,good,当前QC指标正常。,95752.9053359404,False,False,0.0,False,26561.440834570385,False,False,0.0,False
1789639397.6637356,2009.248,runtime,9.775113821029663,2500,255.6491971094785,0,0.0,0,0.0,0.0,True,good,当前QC指标正常。,94004.84260049903,False,False,0.0,False,26782.72265816389,False,False,0.0,False
1789639399.6801114,2011.268,runtime,9.95942497253418,2500,250.91810088350195,0,0.0,0,0.0,0.0,True,good,当前QC指标正常。,96394.00021361932,False,False,0.0,False,27276.56337870074,False,False,0.0,False
1789639401.6862876,2013.288,runtime,9.989966869354248,2500,250.15097974609554,0,0.0,0,0.0,0.0,True,good,当前QC指标正常。,100086.84898419984,False,False,0.0,False,27988.780869070448,False,False,0.0,False
1789639403.704475,2015.288,runtime,9.964604616165161,2500,250.7876725932484,0,0.0,0,0.0,0.0,True,good,当前QC指标正常。,102659.43501240549,False,False,0.0,False,28636.218759505966,False,False,0.0,False
1789639405.7164073,2017.288,runtime,9.870762825012207,2490,252.15882947698339,0,0.0,0,0.0,0.0,True,good,当前QC指标正常。,104020.79268399523,False,False,0.0,False,29653.794261708517,False,False,0.0,False
1789639407.7351818,2019.328,runtime,9.96041226387024,2495,250.39124224271075,0,0.0,0,0.0,0.0,True,good,当前QC指标正常。,104540.9235292321,False,False,0.0,False,30633.432759176056,False,False,0.0,False
1789639409.7536392,2021.348,runtime,9.961690664291382,2500,250.86103194891413,0,0.0,0,0.0,0.0,True,good,当前QC指标正常。,105196.21161836524,False,False,0.0,False,30326.025851312337,False,False,0.0,False
1789639411.7675867,2023.368,runtime,9.989689111709595,2500,250.1579350523283,0,0.0,0,0.0,0.0,True,good,当前QC指标正常。,105509.72168285096,False,False,0.0,False,29212.896277257874,False,False,0.0,False
1789639413.7767043,2025.388,runtime,9.990556240081787,2505,250.63669527768968,0,0.0,0,0.0,0.0,True,good,当前QC指标正常。,106391.57695392924,False,False,0.0,False,28643.94050099133,False,False,0.0,False
1789639415.7864172,2027.384,runtime,9.990244626998901,2504,250.54441542257894,0,0.0,0,0.0,0.0,True,good,当前QC指标正常。,106804.34890925858,False,False,0.0,False,29250.30292766196,False,False,0.0,False
1789639417.7935996,2029.384,runtime,9.962074518203735,2504,251.25288868561051,0,0.0,0,0.0,0.0,True,good,当前QC指标正常。,107809.25828561313,False,False,0.0,False,30221.21904529994,False,False,0.0,False
1789639419.8061702,2031.404,runtime,9.989255905151367,2509,251.06975172261303,0,0.0,0,0.0,0.0,True,good,当前QC指标正常。,107812.07885322576,False,False,0.0,False,30691.56166531498,False,False,0.0,False
1789639421.8163583,2033.424,runtime,9.990397453308105,2504,250.54058276442098,0,0.0,0,0.0,0.0,True,good,当前QC指标正常。,105987.0039382583,False,False,0.0,False,28899.147082540432,False,False,0.0,False
1789639423.8242302,2035.404,runtime,9.96106767654419,2494,250.27437629706986,0,0.0,0,0.0,0.0,True,good,当前QC指标正常。,104042.7128529757,False,False,0.0,False,27643.550814071346,False,False,0.0,False
1789639425.8372207,2037.444,runtime,9.990804195404053,2505,250.6304748872853,0,0.0,0,0.0,0.0,True,good,当前QC指标正常。,102899.2721783555,False,False,0.0,False,27003.169175560884,False,False,0.0,False
1789639427.8578734,2039.444,runtime,9.935595035552979,2495,251.0166719834705,0,0.0,0,0.0,0.0,True,good,当前QC指标正常。,102119.24574582721,False,False,0.0,False,26921.719823391217,False,False,0.0,False
1789639429.8784692,2041.444,runtime,9.931941032409668,2490,250.60559581233474,0,0.0,0,0.0,0.0,True,good,当前QC指标正常。,101449.2936282666,False,False,0.0,False,26732.95159084052,False,False,0.0,False
1789639431.8941383,2043.484,runtime,9.96405291557312,2500,250.8015584797063,0,0.0,0,0.0,0.0,True,good,当前QC指标正常。,101010.62495757506,False,False,0.0,False,26253.263265375877,False,False,0.0,False
1789639433.908497,2045.508,runtime,9.967971324920654,2501,250.8032897074872,0,0.0,0,0.0,0.0,True,good,当前QC指标正常。,100752.88473569592,False,False,0.0,False,26170.728914583335,False,False,0.0,False
1789639435.916599,2047.524,runtime,9.990848064422607,2500,250.12891637286876,0,0.0,0,0.0,0.0,True,good,当前QC指标正常。,100429.05300013142,False,False,0.0,False,26048.153370276625,False,False,0.0,False
1789639437.926046,2049.524,runtime,9.98943543434143,2500,250.1642877042881,0,0.0,0,0.0,0.0,True,good,当前QC指标正常。,100064.04974023598,False,False,0.0,False,25888.104624009386,False,False,0.0,False
1789639439.936751,2051.544,runtime,9.990737199783325,2510,251.13261912788718,0,0.0,0,0.0,0.0,True,good,当前QC指标正常。,99740.1576732941,False,False,0.0,False,25751.0155623772,False,False,0.0,False
1789639441.946256,2053.544,runtime,9.988885164260864,2510,251.17918153438453,0,0.0,0,0.0,0.0,True,good,当前QC指标正常。,99393.72004061523,False,False,0.0,False,25608.584080772547,False,False,0.0,False
1789639443.9561424,2055.544,runtime,9.962389469146729,2500,250.8434354769346,0,0.0,0,0.0,0.0,True,good,当前QC指标正常。,99172.02876184342,False,False,0.0,False,25638.84361540286,False,False,0.0,False
1789639445.9668045,2057.564,runtime,9.990277767181396,2500,250.14319503801488,0,0.0,0,0.0,0.0,True,good,当前QC指标正常。,99015.3741500528,False,False,0.0,False,25920.83023169397,False,False,0.0,False
1789639447.9776752,2059.584,runtime,9.991894245147705,2505,250.60313275593367,0,0.0,0,0.0,0.0,True,good,当前QC指标正常。,98923.34990022964,False,False,0.0,False,26368.27613965894,False,False,0.0,False
1789639449.9867523,2061.604,runtime,9.990681409835815,2505,250.6335551381725,0,0.0,0,0.0,0.0,True,good,当前QC指标正常。,98839.99084868951,False,False,0.0,False,26396.774846587454,False,False,0.0,False
1789639452.0026994,2063.584,runtime,9.963135957717896,2500,250.82464101718512,0,0.0,0,0.0,0.0,True,good,当前QC指标正常。,98722.89051670203,False,False,0.0,False,26068.118567187455,False,False,0.0,False
1789639454.0258632,2065.584,runtime,9.929995775222778,2490,250.65468871704124,0,0.0,0,0.0,0.0,True,good,当前QC指标正常。,98537.4269794027,False,False,0.0,False,25683.8679255694,False,False,0.0,False
1789639456.0392122,2067.624,runtime,9.959963083267212,2495,250.40253454251578,0,0.0,0,0.0,0.0,True,good,当前QC指标正常。,98357.67459194132,False,False,0.0,False,25455.81041645083,False,False,0.0,False
1789639458.0595345,2069.644,runtime,9.96186876296997,2500,250.85654704559303,0,0.0,0,0.0,0.0,True,good,当前QC指标正常。,98238.63074348294,False,False,0.0,False,25372.4420702069,False,False,0.0,False
1789639460.0663552,2071.644,runtime,9.989919662475586,2495,249.6516572969082,0,0.0,0,0.0,0.0,True,good,当前QC指标正常。,98138.80895707241,False,False,0.0,False,25402.070793515242,False,False,0.0,False
1789639462.0794275,2073.624,runtime,9.93177056312561,2490,250.60989721622116,0,0.0,0,0.0,0.0,True,good,当前QC指标正常。,98065.12506972492,False,False,0.0,False,25399.085416477945,False,False,0.0,False
1789639464.0867558,2075.684,runtime,9.990646362304688,2505,250.634434369306,0,0.0,0,0.0,0.0,True,good,当前QC指标正常。,97988.95716003444,False,False,0.0,False,25449.458239492345,False,False,0.0,False
1789639466.0950398,2077.704,runtime,9.989282608032227,2510,251.16918786365622,0,0.0,0,0.0,0.0,True,good,当前QC指标正常。,97903.28951613144,False,False,0.0,False,25892.29695282641,False,False,0.0,False
1789639468.1059692,2079.704,runtime,9.990305423736572,2510,251.1434729551626,0,0.0,0,0.0,0.0,True,good,当前QC指标正常。,97802.16858948363,False,False,0.0,False,25684.453737726744,False,False,0.0,False
1789639470.1160796,2081.724,runtime,9.99042272567749,2505,250.64004484657016,0,0.0,0,0.0,0.0,True,good,当前QC指标正常。,95154.04917150836,False,False,0.0,False,24996.301726985523,False,False,0.0,False
1789639472.123967,2083.704,runtime,9.959709644317627,2495,250.40890639045054,0,0.0,0,0.0,0.0,True,good,当前QC指标正常。,90603.96183342386,False,False,0.0,False,23658.624541346424,False,False,0.0,False
1789639474.1369247,2085.724,runtime,9.964246988296509,2500,250.7966736407876,0,0.0,0,0.0,0.0,True,good,当前QC指标正常。,86658.5869752734,False,False,0.0,False,22281.78609597636,False,False,0.0,False
1789639476.142587,2087.744,runtime,9.966147184371948,2500,250.74885547734195,0,0.0,0,0.0,0.0,True,good,当前QC指标正常。,87328.71774773076,False,False,0.0,False,22456.834368126543,False,False,0.0,False
1789639478.1545935,2089.744,runtime,9.961110830307007,2500,250.87563451223838,0,0.0,0,0.0,0.0,True,good,当前QC指标正常。,88347.72468028842,False,False,0.0,False,22908.67620001016,False,False,0.0,False
1789639480.1635427,2091.764,runtime,9.961038827896118,2500,250.87744794262753,0,0.0,0,0.0,0.0,True,good,当前QC指标正常。,91981.87157900019,False,False,0.0,False,23943.90124193424,False,False,0.0,False
1789639482.1755452,2093.784,runtime,9.989835500717163,2500,250.15426928907874,0,0.0,0,0.0,0.0,True,good,当前QC指标正常。,96788.16345045288,False,False,0.0,False,25617.18449508267,False,False,0.0,False
1789639484.1874611,2095.804,runtime,9.991568088531494,2505,250.6113132406251,0,0.0,0,0.0,0.0,True,good,当前QC指标正常。,100099.37789630303,False,False,0.0,False,26641.97531380563,False,False,0.0,False
1789639486.1961563,2097.804,runtime,9.986708164215088,2500,250.2326050694614,0,0.0,0,0.0,0.0,True,good,当前QC指标正常。,99289.27892216884,False,False,0.0,False,26158.703593312384,False,False,0.0,False
1789639488.20363,2099.804,runtime,9.931796550750732,2500,251.6161086496585,0,0.0,0,0.0,0.0,True,good,当前QC指标正常。,98900.37738383115,False,False,0.0,False,26014.45007863986,False,False,0.0,False
1789639490.2161741,2101.824,runtime,9.959672212600708,2500,250.91187206325253,0,0.0,0,0.0,0.0,True,good,当前QC指标正常。,98668.90495605112,False,False,0.0,False,25991.226720861327,False,False,0.0,False
1789639492.2259057,2103.844,runtime,9.99019169807434,2505,250.6458410085022,0,0.0,0,0.0,0.0,True,good,当前QC指标正常。,98512.52068282913,False,False,0.0,False,25982.110395465435,False,False,0.0,False
1789639494.2361405,2105.844,runtime,9.990855693817139,2510,251.1296406325536,0,0.0,0,0.0,0.0,True,good,当前QC指标正常。,98428.41546083416,False,False,0.0,False,26010.49566585702,False,False,0.0,False
1789639496.2461467,2107.864,runtime,9.990565299987793,2505,250.6364679887593,0,0.0,0,0.0,0.0,True,good,当前QC指标正常。,98370.4028226657,False,False,0.0,False,25984.417119800273,False,False,0.0,False
1789639498.2578049,2109.824,runtime,9.933542013168335,2490,250.56520591552072,0,0.0,0,0.0,0.0,True,good,当前QC指标正常。,98369.83063707437,False,False,0.0,False,25921.518294985985,False,False,0.0,False
1789639500.2661479,2111.844,runtime,9.960060834884644,2495,250.40007700202818,0,0.0,0,0.0,0.0,True,good,当前QC指标正常。,98390.2916778067,False,False,0.0,False,25888.488690404338,False,False,0.0,False
1789639502.276733,2113.884,runtime,9.990830659866333,2500,250.12935211069166,0,0.0,0,0.0,0.0,True,good,当前QC指标正常。,98347.42395079232,False,False,0.0,False,25907.38708930496,False,False,0.0,False
1789639504.2864034,2115.904,runtime,9.990900993347168,2505,250.62804662636395,0,0.0,0,0.0,0.0,True,good,当前QC指标正常。,98298.58345281369,False,False,0.0,False,26151.87108693933,False,False,0.0,False
1789639506.2955806,2117.904,runtime,9.99001669883728,2500,250.149732011044,0,0.0,0,0.0,0.0,True,good,当前QC指标正常。,98281.39390687601,False,False,0.0,False,26235.472885002262,False,False,0.0,False
1789639508.3061588,2119.924,runtime,9.990101099014282,2505,250.64811408635978,0,0.0,0,0.0,0.0,True,good,当前QC指标正常。,98240.96152280069,False,False,0.0,False,26239.529547498558,False,False,0.0,False
1789639510.3163612,2121.924,runtime,9.958325147628784,2510,251.94999789672744,0,0.0,0,0.0,0.0,True,good,当前QC指标正常。,98207.73621008996,False,False,0.0,False,26258.896382122493,False,False,0.0,False
1789639512.3258123,2123.944,runtime,9.989883661270142,2510,251.1540759705903,0,0.0,0,0.0,0.0,True,good,当前QC指标正常。,98199.5270681687,False,False,0.0,False,26213.910474037504,False,False,0.0,False
1789639514.3427174,2125.924,runtime,9.960644960403442,2495,250.38539270442823,0,0.0,0,0.0,0.0,True,good,当前QC指标正常。,98166.28365638891,False,False,0.0,False,26132.689250743184,False,False,0.0,False
1789639516.363546,2127.964,runtime,9.980254411697388,2505,250.8954077428306,0,0.0,0,0.0,0.0,True,good,当前QC指标正常。,98076.10609412265,False,False,0.0,False,26094.10600542029,False,False,0.0,False
1789639518.3830993,2129.984,runtime,9.96172833442688,2500,250.86008332145238,0,0.0,0,0.0,0.0,True,good,当前QC指标正常。,98011.11893788831,False,False,0.0,False,26083.90762573386,False,False,0.0,False
1789639520.3963096,2132.004,runtime,9.990588188171387,2500,250.13542275306224,0,0.0,0,0.0,0.0,True,good,当前QC指标正常。,97888.31818623604,False,False,0.0,False,26048.2710401076,False,False,0.0,False
1789639522.407291,2133.984,runtime,9.989672660827637,2495,249.65783010885704,0,0.0,0,0.0,0.0,True,good,当前QC指标正常。,97725.19876402353,False,False,0.0,False,26023.190130827446,False,False,0.0,False
1789639524.4164715,2136.004,runtime,9.990949392318726,2495,249.6259266329029,0,0.0,0,0.0,0.0,True,good,当前QC指标正常。,97615.81447948997,False,False,0.0,False,26020.40245139357,False,False,0.0,False
1789639526.4254878,2138.044,runtime,9.990159511566162,2505,250.64664854459832,0,0.0,0,0.0,0.0,True,good,当前QC指标正常。,97588.14663230244,False,False,0.0,False,25962.90049840765,False,False,0.0,False
1789639528.435516,2140.044,runtime,9.988588094711304,2510,251.18665182804463,0,0.0,0,0.0,0.0,True,good,当前QC指标正常。,97617.43616972826,False,False,0.0,False,25963.726246551614,False,False,0.0,False
1789639530.4455082,2142.064,runtime,9.989888429641724,2505,250.65344999952148,0,0.0,0,0.0,0.0,True,good,当前QC指标正常。,97721.11351648129,False,False,0.0,False,26006.615171072037,False,False,0.0,False
1789639532.4573972,2144.084,runtime,9.991929292678833,2505,250.60225374439958,0,0.0,0,0.0,0.0,True,good,当前QC指标正常。,97867.3474014549,False,False,0.0,False,26072.0843661018,False,False,0.0,False
1789639534.4708364,2146.064,runtime,9.965138912200928,2510,251.77772453609032,0,0.0,0,0.0,0.0,True,good,当前QC指标正常。,98005.31297707613,False,False,0.0,False,26128.70460242377,False,False,0.0,False
1789639536.492726,2148.104,runtime,9.932029008865356,2500,251.6102196005857,0,0.0,0,0.0,0.0,True,good,当前QC指标正常。,98076.52835152746,False,False,0.0,False,26250.849135757493,False,False,0.0,False
1789639538.5088346,2150.104,runtime,9.930133819580078,2495,251.15472211284515,0,0.0,0,0.0,0.0,True,good,当前QC指标正常。,98030.55092719215,False,False,0.0,False,26341.663514035085,False,False,0.0,False
1789639540.5258002,2152.144,runtime,9.99020004272461,2505,250.64563164814152,0,0.0,0,0.0,0.0,True,good,当前QC指标正常。,97927.5706744193,False,False,0.0,False,26496.67885459872,False,False,0.0,False
1789639542.5356743,2154.144,runtime,9.990452289581299,2500,250.13882530685038,0,0.0,0,0.0,0.0,True,good,当前QC指标正常。,97829.34584930389,False,False,0.0,False,26519.772867802752,False,False,0.0,False
1789639544.5462513,2156.164,runtime,9.99020528793335,2505,250.6455000503795,0,0.0,0,0.0,0.0,True,good,当前QC指标正常。,97759.92819093076,False,False,0.0,False,26443.469193145378,False,False,0.0,False
1789639546.5566425,2158.144,runtime,9.990868330001831,2495,249.6279520080056,0,0.0,0,0.0,0.0,True,good,当前QC指标正常。,97674.96808602301,False,False,0.0,False,26489.667661793497,False,False,0.0,False
1789639548.565672,2160.144,runtime,9.959769248962402,2495,250.40740780815,0,0.0,0,0.0,0.0,True,good,当前QC指标正常。,97678.48597945906,False,False,0.0,False,26432.252678956633,False,False,0.0,False
1789639550.5759535,2162.184,runtime,9.99030327796936,2500,250.1425562836316,0,0.0,0,0.0,0.0,True,good,当前QC指标正常。,97683.86346582409,False,False,0.0,False,26454.516131841276,False,False,0.0,False
1789639552.5861082,2164.204,runtime,9.990713357925415,2505,250.6327536675478,0,0.0,0,0.0,0.0,True,good,当前QC指标正常。,97686.27816644266,False,False,0.0,False,26353.106956846386,False,False,0.0,False
1789639554.5954912,2166.204,runtime,9.989287614822388,2500,250.1679895863558,0,0.0,0,0.0,0.0,True,good,当前QC指标正常。,97662.72372279994,False,False,0.0,False,26310.11518847692,False,False,0.0,False
1789639556.6075947,2168.204,runtime,9.962255477905273,2500,250.8468092935773,0,0.0,0,0.0,0.0,True,good,当前QC指标正常。,97656.01272238686,False,False,0.0,False,26321.601571263982,False,False,0.0,False
1789639558.6158297,2170.224,runtime,9.99014925956726,2510,251.14739878357747,0,0.0,0,0.0,0.0,True,good,当前QC指标正常。,97017.8323833505,False,False,0.0,False,26040.385328193322,False,False,0.0,False
1789639560.629593,2172.244,runtime,9.993980169296265,2510,251.05112852917273,0,0.0,0,0.0,0.0,True,good,当前QC指标正常。,92737.88307457216,False,False,0.0,False,24468.169134449778,False,False,0.0,False
1789639562.653905,2174.264,runtime,9.92904281616211,2500,251.68589221231124,0,0.0,0,0.0,0.0,True,good,当前QC指标正常。,91459.18603889649,False,False,0.0,False,24124.50431321836,False,False,0.0,False
1789639564.6766176,2176.284,runtime,9.99047040939331,2500,250.13837162766356,0,0.0,0,0.0,0.0,True,good,当前QC指标正常。,91686.13898681459,False,False,0.0,False,24246.65054735751,False,False,0.0,False
1789639566.6861722,2178.304,runtime,9.99032711982727,2505,250.64244343215194,0,0.0,0,0.0,0.0,True,good,当前QC指标正常。,91334.94961284845,False,False,0.0,False,24453.135873086656,False,False,0.0,False
1789639568.6974037,2180.304,runtime,9.992323637008667,2500,250.0919796817258,0,0.0,0,0.0,0.0,True,good,当前QC指标正常。,91458.65281606992,False,False,0.0,False,24650.45396213254,False,False,0.0,False
1789639570.7094088,2182.324,runtime,9.994009971618652,2510,251.05037989006897,0,0.0,0,0.0,0.0,True,good,当前QC指标正常。,95409.50626743816,False,False,0.0,False,26068.250629853035,False,False,0.0,False
1789639572.7356544,2184.344,runtime,9.962076187133789,2500,250.8513238663549,0,0.0,0,0.0,0.0,True,good,当前QC指标正常。,95955.19566192702,False,False,0.0,False,26289.804390713463,False,False,0.0,False
1789639574.7483115,2186.344,runtime,9.959685325622559,2495,250.40951781718118,0,0.0,0,0.0,0.0,True,good,当前QC指标正常。,95117.44423702432,False,False,0.0,False,26101.383277960464,False,False,0.0,False
1789639576.756688,2188.364,runtime,9.930999517440796,2500,251.63630263109596,0,0.0,0,0.0,0.0,True,good,当前QC指标正常。,94654.29223511985,False,False,0.0,False,25946.72707401101,False,False,0.0,False
1789639578.7928667,2190.364,runtime,9.950599670410156,2495,250.63816077500778,0,0.0,0,0.0,0.0,True,good,当前QC指标正常。,94851.02891791362,False,False,0.0,False,26108.747885684465,False,False,0.0,False
1789639580.839144,2192.444,runtime,9.961539268493652,2500,250.86484454303513,0,0.0,0,0.0,0.0,True,good,当前QC指标正常。,95264.08663632597,False,False,0.0,False,26371.08828070296,False,False,0.0,False
1789639582.857364,2194.484,runtime,9.992467403411865,2505,250.58875840265688,0,0.0,0,0.0,0.0,True,good,当前QC指标正常。,95510.46309643963,False,False,0.0,False,26294.729678754637,False,False,0.0,False
1789639584.8651671,2196.484,runtime,9.989054203033447,2505,250.67438309020213,0,0.0,0,0.0,0.0,True,good,当前QC指标正常。,95746.94593544393,False,False,0.0,False,26195.138573267384,False,False,0.0,False
1789639586.8768463,2198.504,runtime,9.961888790130615,2505,251.3579555797439,0,0.0,0,0.0,0.0,True,good,当前QC指标正常。,96187.22469330441,False,False,0.0,False,26269.43436767392,False,False,0.0,False
1789639588.88537,2200.5,runtime,9.96061372756958,2504,251.28973660247937,0,0.0,0,0.0,0.0,True,good,当前QC指标正常。,96355.47862823957,False,False,0.0,False,26238.275318705644,False,False,0.0,False
1789639590.8913572,2202.46,runtime,9.932027339935303,2489,250.50273371641836,0,0.0,0,0.0,0.0,True,good,当前QC指标正常。,96347.70054681672,False,False,0.0,False,26263.368008982106,False,False,0.0,False
1789639592.9069915,2204.52,runtime,9.991639375686646,2504,250.50944153276038,0,0.0,0,0.0,0.0,True,good,当前QC指标正常。,96335.6455230052,False,False,0.0,False,26277.454772307028,False,False,0.0,False
1789639594.9160106,2206.5,runtime,9.963411808013916,2494,250.21549325049418,0,0.0,0,0.0,0.0,True,good,当前QC指标正常。,96390.29179331611,False,False,0.0,False,26521.864553086245,False,False,0.0,False
1789639596.9241843,2208.48,runtime,9.933819055557251,2489,250.45755173164187,0,0.0,0,0.0,0.0,True,good,当前QC指标正常。,96419.97844587915,False,False,0.0,False,26725.24320677525,False,False,0.0,False
1789639598.9358208,2210.52,runtime,9.990703821182251,2495,249.63206242909843,0,0.0,0,0.0,0.0,True,good,当前QC指标正常。,96389.73251438457,False,False,0.0,False,26831.4269558655,False,False,0.0,False
1789639600.9457343,2212.56,runtime,9.989771366119385,2505,250.6563872414931,0,0.0,0,0.0,0.0,True,good,当前QC指标正常。,96346.79261446062,False,False,0.0,False,26845.922545408674,False,False,0.0,False
1789639602.9552948,2214.56,runtime,9.990432262420654,2500,250.13932674365574,0,0.0,0,0.0,0.0,True,good,当前QC指标正常。,96365.72971737162,False,False,0.0,False,26601.202537526606,False,False,0.0,False
1789639604.9621375,2216.56,runtime,9.962021112442017,2505,251.3546168731405,0,0.0,0,0.0,0.0,True,good,当前QC指标正常。,96362.62297066484,False,False,0.0,False,26577.84492226612,False,False,0.0,False
1789639606.9718347,2218.56,runtime,9.959912300109863,2495,250.40381128380918,0,0.0,0,0.0,0.0,True,good,当前QC指标正常。,96292.49112549794,False,False,0.0,False,26584.624724102378,False,False,0.0,False
1789639608.9857745,2220.6,runtime,9.99079966545105,2510,251.13104896661216,0,0.0,0,0.0,0.0,True,good,当前QC指标正常。,96277.08028461413,False,False,0.0,False,26570.206211579283,False,False,0.0,False
1789639610.995887,2222.6,runtime,9.989280939102173,2510,251.1692298270176,0,0.0,0,0.0,0.0,True,good,当前QC指标正常。,96262.84085261542,False,False,0.0,False,26547.53290363724,False,False,0.0,False
1789639613.0045884,2224.6,runtime,9.961227416992188,2500,250.87269825173593,0,0.0,0,0.0,0.0,True,good,当前QC指标正常。,96230.89779536019,False,False,0.0,False,26550.305357834524,False,False,0.0,False
1789639615.015299,2226.62,runtime,9.988393783569336,2500,250.19037636569695,0,0.0,0,0.0,0.0,True,good,当前QC指标正常。,96109.89907474065,False,False,0.0,False,26543.505810748047,False,False,0.0,False
1789639617.025661,2228.64,runtime,9.990293979644775,2505,250.64327487278155,0,0.0,0,0.0,0.0,True,good,当前QC指标正常。,95997.9410256911,False,False,0.0,False,26525.486082455664,False,False,0.0,False
1789639619.0357828,2230.644,runtime,9.99101185798645,2501,250.22490569877476,0,0.0,0,0.0,0.0,True,good,当前QC指标正常。,95913.50972023264,False,False,0.0,False,26577.97162678572,False,False,0.0,False
1789639621.0454388,2232.64,runtime,9.96371078491211,2500,250.8101704220677,0,0.0,0,0.0,0.0,True,good,当前QC指标正常。,95881.07782472129,False,False,0.0,False,26516.314840482013,False,False,0.0,False
1789639623.0601964,2234.62,runtime,9.930492639541626,2490,250.64214740859904,0,0.0,0,0.0,0.0,True,good,当前QC指标正常。,95779.137625589,False,False,0.0,False,26426.01755394868,False,False,0.0,False
1789639625.0656667,2236.68,runtime,9.989558219909668,2505,250.66173547188583,0,0.0,0,0.0,0.0,True,good,当前QC指标正常。,95713.47272140873,False,False,0.0,False,26503.6876096147,False,False,0.0,False
1789639627.0781944,2238.7,runtime,9.993144035339355,2505,250.57179113449726,0,0.0,0,0.0,0.0,True,good,当前QC指标正常。,95703.81885272494,False,False,0.0,False,26512.32786338301,False,False,0.0,False
1789639629.0854585,2240.7,runtime,9.989322185516357,2510,251.16819273662335,0,0.0,0,0.0,0.0,True,good,当前QC指标正常。,95653.87259120746,False,False,0.0,False,26479.79053176773,False,False,0.0,False
1789639631.0952184,2242.7,runtime,9.988676071166992,2500,250.18330579500292,0,0.0,0,0.0,0.0,True,good,当前QC指标正常。,95618.83177975747,False,False,0.0,False,26552.926875861307,False,False,0.0,False
1789639633.1067214,2244.72,runtime,9.960928678512573,2500,250.8802221815693,0,0.0,0,0.0,0.0,True,good,当前QC指标正常。,95598.8225220308,False,False,0.0,False,26596.792306016003,False,False,0.0,False
1789639635.1154988,2246.72,runtime,9.898597717285156,2500,252.46000205020852,0,0.0,0,0.0,0.0,True,good,当前QC指标正常。,95624.03140018795,False,False,0.0,False,26609.171201158315,False,False,0.0,False
1789639637.1249638,2248.74,runtime,9.98694920539856,2505,250.72721894354225,0,0.0,0,0.0,0.0,True,good,当前QC指标正常。,95650.51981342233,False,False,0.0,False,26619.967101228925,False,False,0.0,False
1789639639.1355214,2250.74,runtime,9.990577220916748,2500,250.1356973416886,0,0.0,0,0.0,0.0,True,good,当前QC指标正常。,95680.63922947778,False,False,0.0,False,26650.856348596713,False,False,0.0,False
1789639641.1462371,2252.76,runtime,9.986214399337769,2510,251.24635819619326,0,0.0,0,0.0,0.0,True,good,当前QC指标正常。,95706.04009382035,False,False,0.0,False,26765.45146663959,False,False,0.0,False
1789639643.1562226,2254.72,runtime,9.934832572937012,2490,250.53265686431016,0,0.0,0,0.0,0.0,True,good,当前QC指标正常。,95737.61314728059,False,False,0.0,False,26827.174570011077,False,False,0.0,False
1789639645.1649005,2256.74,runtime,9.990451574325562,2495,249.63836533769154,0,0.0,0,0.0,0.0,True,good,当前QC指标正常。,95727.90071289962,False,False,0.0,False,26884.231443289063,False,False,0.0,False
1789639647.1703417,2258.76,runtime,9.960165023803711,2495,250.39745767661594,0,0.0,0,0.0,0.0,True,good,当前QC指标正常。,95738.17692733674,False,False,0.0,False,26840.553096551113,False,False,0.0,False
1789639649.1758509,2260.78,runtime,9.961589813232422,2500,250.8635716640799,0,0.0,0,0.0,0.0,True,good,当前QC指标正常。,95739.76365956303,False,False,0.0,False,26896.276964245993,False,False,0.0,False
1789639651.187695,2262.78,runtime,9.960531949996948,2495,250.38823353212217,0,0.0,0,0.0,0.0,True,good,当前QC指标正常。,95725.55740161546,False,False,0.0,False,26922.586548716274,False,False,0.0,False
1789639653.2064652,2264.82,runtime,9.991403579711914,2505,250.61543956491835,0,0.0,0,0.0,0.0,True,good,当前QC指标正常。,95882.40538451166,False,False,0.0,False,27065.05583150631,False,False,0.0,False
1789639655.2147467,2266.82,runtime,9.990089893341064,2510,251.1488912299362,0,0.0,0,0.0,0.0,True,good,当前QC指标正常。,97476.56164939966,False,False,0.0,False,28390.05610425014,False,False,0.0,False
1789639657.2237055,2268.8,runtime,9.988704681396484,2500,250.18258920541277,0,0.0,0,0.0,0.0,True,good,当前QC指标正常。,95390.13983444232,False,False,0.0,False,27963.19341560514,False,False,0.0,False
1789639659.2348158,2270.84,runtime,9.989771842956543,2500,250.155863345564,0,0.0,0,0.0,0.0,True,good,当前QC指标正常。,91160.95639886564,False,False,0.0,False,26344.353487621414,False,False,0.0,False
1789639661.2453513,2272.86,runtime,9.990554094314575,2505,250.63674910933884,0,0.0,0,0.0,0.0,True,good,当前QC指标正常。,87705.62082551917,False,False,0.0,False,25194.97419465997,False,False,0.0,False
1789639663.2545316,2274.86,runtime,9.9881432056427,2500,250.19665302638185,0,0.0,0,0.0,0.0,True,good,当前QC指标正常。,87984.16817485601,False,False,0.0,False,26793.923959410375,False,False,0.0,False
1789639665.2646077,2276.88,runtime,9.960123062133789,2505,251.402516251999,0,0.0,0,0.0,0.0,True,good,当前QC指标正常。,90230.85360039932,False,False,0.0,False,28721.388266666872,False,False,0.0,False
1789639667.287162,2278.86,runtime,9.931712627410889,2490,250.6113591255671,0,0.0,0,0.0,0.0,True,good,当前QC指标正常。,100396.43538710849,False,False,0.0,False,29742.40781886108,False,False,0.0,False
1789639669.3024154,2280.88,runtime,9.934873104095459,2490,250.53163476984503,0,0.0,0,0.0,0.0,True,good,当前QC指标正常。,107392.1646408496,False,False,0.0,False,32282.910826828986,False,False,0.0,False
1789639671.3212352,2282.92,runtime,9.961285829544067,2500,250.8712271450181,0,0.0,0,0.0,0.0,True,good,当前QC指标正常。,110551.75311022406,False,False,0.0,False,33707.99193257979,False,False,0.0,False
1789639673.3327157,2284.92,runtime,9.962241411209106,2495,250.3452684045433,0,0.0,0,0.0,0.0,True,good,当前QC指标正常。,110640.97497025668,False,False,0.0,False,33143.34184600894,False,False,0.0,False
1789639675.3448048,2286.94,runtime,9.960890531539917,2500,250.8811829712643,0,0.0,0,0.0,0.0,True,good,当前QC指标正常。,110746.87844411873,False,False,0.0,False,31753.300886136218,False,False,0.0,False
1789639677.3551521,2288.96,runtime,9.983722925186157,2500,250.30742727201672,0,0.0,0,0.0,0.0,True,good,当前QC指标正常。,108016.87116101028,False,False,0.0,False,31006.412164883874,False,False,0.0,False
1789639679.3634353,2290.94,runtime,9.96436071395874,2500,250.79381123760749,0,0.0,0,0.0,0.0,True,good,当前QC指标正常。,106501.85493491428,False,False,0.0,False,30331.40043980562,False,False,0.0,False
1789639681.3711748,2292.96,runtime,9.962830066680908,2505,251.33420757363186,0,0.0,0,0.0,0.0,True,good,当前QC指标正常。,105255.23664221194,False,False,0.0,False,29950.16620102568,False,False,0.0,False
1789639683.3783674,2294.98,runtime,9.961196660995483,2500,250.87347284139048,0,0.0,0,0.0,0.0,True,good,当前QC指标正常。,104247.56322849866,False,False,0.0,False,29843.9036724921,False,False,0.0,False
1789639685.3875642,2296.98,runtime,9.957654476165771,2495,250.46058848190955,0,0.0,0,0.0,0.0,True,good,当前QC指标正常。,103526.0255547315,False,False,0.0,False,29695.405879644117,False,False,0.0,False
1789639687.4004135,2299.0,runtime,9.96190357208252,2505,251.35758260271365,0,0.0,0,0.0,0.0,True,good,当前QC指标正常。,102971.26955233472,False,False,0.0,False,29626.488746206298,False,False,0.0,False
1789639689.4154468,2301.02,runtime,9.988433837890625,2500,250.18937308471408,0,0.0,0,0.0,0.0,True,good,当前QC指标正常。,102633.97533383552,False,False,0.0,False,29641.73912374747,False,False,0.0,False
1789639691.425638,2303.02,runtime,9.96052098274231,2500,250.89049100240746,0,0.0,0,0.0,0.0,True,good,当前QC指标正常。,102338.64156168772,False,False,0.0,False,29557.949610866286,False,False,0.0,False
1789639693.4420712,2305.02,runtime,9.958187818527222,2495,250.44717426999213,0,0.0,0,0.0,0.0,True,good,当前QC指标正常。,102035.56588001594,False,False,0.0,False,29562.24161024397,False,False,0.0,False
1789639695.4611886,2307.06,runtime,9.955600500106812,2495,250.51226191461203,0,0.0,0,0.0,0.0,True,good,当前QC指标正常。,101858.26247799268,False,False,0.0,False,29680.551575569738,False,False,0.0,False
1789639697.469533,2309.08,runtime,9.962305307388306,2500,250.84555460739358,0,0.0,0,0.0,0.0,True,good,当前QC指标正常。,101688.28987474566,False,False,0.0,False,29679.334221405556,False,False,0.0,False
1789639699.4758155,2311.08,runtime,9.958889484405518,2505,251.4336567265836,0,0.0,0,0.0,0.0,True,good,当前QC指标正常。,101512.25189966656,False,False,0.0,False,29652.202957726087,False,False,0.0,False
1789639701.4834056,2313.1,runtime,9.991569995880127,2520,252.11253096747274,0,0.0,0,0.0,0.0,True,good,当前QC指标正常。,101319.2042150494,False,False,0.0,False,29628.830478786705,False,False,0.0,False
1789639703.5045009,2315.1,runtime,9.960179328918457,2500,250.89909704179576,0,0.0,0,0.0,0.0,True,good,当前QC指标正常。,101130.08628648585,False,False,0.0,False,29703.701834588297,False,False,0.0,False
1789639705.5258882,2317.12,runtime,9.905094146728516,2515,253.80879401639322,0,0.0,0,0.0,0.0,True,good,当前QC指标正常。,100985.63389368715,False,False,0.0,False,29697.863698782734,False,False,0.0,False
1789639707.5321834,2319.12,runtime,9.960416078567505,2495,250.39114634643698,0,0.0,0,0.0,0.0,True,good,当前QC指标正常。,100826.5876391447,False,False,0.0,False,29676.028085602527,False,False,0.0,False
1789639709.541043,2321.14,runtime,9.960426092147827,2500,250.8928811760427,0,0.0,0,0.0,0.0,True,good,当前QC指标正常。,100086.97761745416,False,False,0.0,False,29421.32870618015,False,False,0.0,False
1789639711.5545356,2323.16,runtime,9.990175008773804,2510,251.14675146296113,0,0.0,0,0.0,0.0,True,good,当前QC指标正常。,95481.84853335224,False,False,0.0,False,27623.63258638551,False,False,0.0,False
1789639713.5614378,2325.16,runtime,9.965705633163452,2500,250.75996542421782,0,0.0,0,0.0,0.0,True,good,当前QC指标正常。,90486.59915458983,False,False,0.0,False,25721.3122615582,False,False,0.0,False
1789639715.5807009,2327.18,runtime,9.96566653251648,2500,250.76094928985802,0,0.0,0,0.0,0.0,True,good,当前QC指标正常。,89826.71461132684,False,False,0.0,False,25642.936936052705,False,False,0.0,False
1789639717.6002798,2329.18,runtime,9.934077739715576,2490,250.55169339466664,0,0.0,0,0.0,0.0,True,good,当前QC指标正常。,90026.84594039073,False,False,0.0,False,26161.81276702607,False,False,0.0,False
1789639719.6077406,2331.22,runtime,9.955855369567871,2500,251.00806583015557,0,0.0,0,0.0,0.0,True,good,当前QC指标正常。,91043.9687554454,False,False,0.0,False,26861.20185944919,False,False,0.0,False
1789639721.6172397,2333.22,runtime,9.984845399856567,2500,250.27928825376688,0,0.0,0,0.0,0.0,True,good,当前QC指标正常。,96140.80567159162,False,False,0.0,False,28853.239301623562,False,False,0.0,False
1789639723.635588,2335.24,runtime,9.961496353149414,2500,250.8659252994576,0,0.0,0,0.0,0.0,True,good,当前QC指标正常。,100726.07212503138,False,False,0.0,False,30501.725552276155,False,False,0.0,False
1789639725.6532788,2337.24,runtime,9.960487842559814,2495,250.38934231147556,0,0.0,0,0.0,0.0,True,good,当前QC指标正常。,100808.77748540018,False,False,0.0,False,30329.174334972264,False,False,0.0,False
1789639727.6706011,2339.26,runtime,9.9625403881073,2505,251.34151556254963,0,0.0,0,0.0,0.0,True,good,当前QC指标正常。,100141.07363886865,False,False,0.0,False,30044.132615786148,False,False,0.0,False
1789639729.6908433,2341.3,runtime,9.93158769607544,2495,251.11795579125055,0,0.0,0,0.0,0.0,True,good,当前QC指标正常。,99680.59758597371,False,False,0.0,False,30013.533208702233,False,False,0.0,False
1789639731.7093143,2343.32,runtime,9.976662158966064,2510,251.48691616716238,0,0.0,0,0.0,0.0,True,good,当前QC指标正常。,99348.87744650774,False,False,0.0,False,30094.626510287497,False,False,0.0,False
1789639733.7244627,2345.34,runtime,9.989869356155396,2505,250.65392856785718,0,0.0,0,0.0,0.0,True,good,当前QC指标正常。,99158.261440689,False,False,0.0,False,30315.27448278844,False,False,0.0,False
1789639735.736561,2347.32,runtime,9.963018655776978,2495,250.32573822933412,0,0.0,0,0.0,0.0,True,good,当前QC指标正常。,98982.64774278509,False,False,0.0,False,30221.31822494025,False,False,0.0,False
1789639737.7446814,2349.36,runtime,9.990565538406372,2505,250.63646200747723,0,0.0,0,0.0,0.0,True,good,当前QC指标正常。,98747.69758192763,False,False,0.0,False,30063.08621068823,False,False,0.0,False
1789639739.7557452,2351.34,runtime,9.989220380783081,2495,249.66913381927898,0,0.0,0,0.0,0.0,True,good,当前QC指标正常。,98571.13929601255,False,False,0.0,False,29859.469865181847,False,False,0.0,False
1789639741.7654426,2353.34,runtime,9.98928165435791,2495,249.66760236577883,0,0.0,0,0.0,0.0,True,good,当前QC指标正常。,98379.73846245877,False,False,0.0,False,29778.024311954105,False,False,0.0,False
1789639743.7747335,2355.38,runtime,9.989758729934692,2500,250.15619171178292,0,0.0,0,0.0,0.0,True,good,当前QC指标正常。,98209.14310703473,False,False,0.0,False,29812.069888859594,False,False,0.0,False
1789639745.7874222,2357.38,runtime,9.962430477142334,2505,251.3442884991914,0,0.0,0,0.0,0.0,True,good,当前QC指标正常。,97970.93163068566,False,False,0.0,False,29757.412690214303,False,False,0.0,False
1789639747.7947662,2359.4,runtime,9.958857774734497,2500,250.9323916985674,0,0.0,0,0.0,0.0,True,good,当前QC指标正常。,94729.99254300859,False,False,0.0,False,28961.29262905743,False,False,0.0,False
1789639749.8043308,2361.42,runtime,9.989611625671387,2500,250.15987544280992,0,0.0,0,0.0,0.0,True,good,当前QC指标正常。,139750.24965547852,False,False,0.0,False,33805.880568806744,False,False,0.0,False
1789639751.8146276,2363.4,runtime,9.960259437561035,2500,250.8970791037878,0,0.0,0,0.0,0.0,True,good,当前QC指标正常。,172686.77636304044,False,False,0.0,False,98619.2630747384,False,False,0.0,False
1789639753.8245897,2365.44,runtime,9.988977432250977,2510,251.17686139717375,0,0.0,0,0.0,0.0,True,good,当前QC指标正常。,225117.06659052995,False,False,0.0,False,259071.8323035493,False,False,0.0,False
1789639755.8359246,2367.42,runtime,9.960532665252686,2495,250.38821555199735,0,0.0,0,0.0,0.0,True,good,当前QC指标正常。,271178.4118572841,False,False,0.0,False,291725.69901354756,False,False,0.0,False
1789639757.8442504,2369.46,runtime,9.988476276397705,2505,250.68888694433133,0,0.0,0,0.0,0.0,True,good,当前QC指标正常。,254799.05692790012,False,False,0.0,False,269735.4194552519,False,False,0.0,False
1789639759.8538043,2371.44,runtime,9.960440158843994,2495,250.39054100290411,0,0.0,0,0.0,0.0,True,good,当前QC指标正常。,265891.5753708246,False,False,0.0,False,254975.09306729492,False,False,0.0,False
1789639761.8604944,2373.4,runtime,9.904033184051514,2485,250.8069140963694,0,0.0,0,0.0,0.0,True,good,当前QC指标正常。,273017.0379903459,False,False,0.0,False,249556.97528022964,False,False,0.0,False
1789639763.8663974,2375.476,runtime,9.93456482887268,2499,251.44533686469074,0,0.0,0,0.0,0.0,True,good,当前QC指标正常。,262189.96174340247,False,False,0.0,False,198710.4692332048,False,False,0.0,False
1789639765.8869581,2377.476,runtime,9.962625980377197,2499,250.7371053495499,0,0.0,0,0.0,0.0,True,good,当前QC指标正常。,228960.17720427518,False,False,0.0,False,115146.59836009353,False,False,0.0,False
1789639767.8939023,2379.476,runtime,9.989531993865967,2494,249.56124086001395,0,0.0,0,0.0,0.0,True,good,当前QC指标正常。,212377.12000469444,False,False,0.0,False,106860.40542820732,False,False,0.0,False
1789639769.9040725,2381.516,runtime,9.989436388015747,2504,250.56468681284468,0,0.0,0,0.0,0.0,True,good,当前QC指标正常。,202877.8584399205,False,False,0.0,False,103453.60890083949,False,False,0.0,False
1789639771.9148297,2383.516,runtime,9.990442991256714,2499,250.0389624550345,0,0.0,0,0.0,0.0,True,good,当前QC指标正常。,205589.33910540986,False,False,0.0,False,105793.07821886553,False,False,0.0,False
1789639773.9243352,2385.536,runtime,9.990237951278687,2515,251.64565771711415,0,0.0,0,0.0,0.0,True,good,当前QC指标正常。,208820.16198482242,False,False,0.0,False,108633.59762255014,False,False,0.0,False
1789639775.9345512,2387.556,runtime,9.960405111312866,2505,251.3953972771647,0,0.0,0,0.0,0.0,True,good,当前QC指标正常。,208248.00481954784,False,False,0.0,False,109358.13380958853,False,False,0.0,False
1789639777.9445536,2389.556,runtime,9.900636196136475,2515,253.9230762747386,0,0.0,0,0.0,0.0,True,good,当前QC指标正常。,208505.63144102928,False,False,0.0,False,110254.26487975879,False,False,0.0,False
1789639779.9541893,2391.576,runtime,9.96021819114685,2505,251.40011513258642,0,0.0,0,0.0,0.0,True,good,当前QC指标正常。,213890.3650027245,False,False,0.0,False,113660.02233924714,False,False,0.0,False
1789639781.9645016,2393.556,runtime,9.962775468826294,2500,250.8337167508609,0,0.0,0,0.0,0.0,True,good,当前QC指标正常。,291738.2764444167,False,False,0.0,False,132964.5578962936,False,False,0.0,False
1789639783.9726417,2395.576,runtime,9.930848121643066,2500,251.6401388269886,0,0.0,0,0.0,0.0,True,good,当前QC指标正常。,330211.22258318774,False,False,0.0,False,143424.29940360948,False,False,0.0,False
1789639785.9794638,2397.556,runtime,9.90346908569336,2500,252.33582074892098,0,0.0,0,0.0,0.0,True,good,当前QC指标正常。,342427.3678283921,False,False,0.0,False,148747.66692636686,False,False,0.0,False
1789639787.995987,2399.576,runtime,9.991158485412598,2495,249.62070250825442,0,0.0,0,0.0,0.0,True,good,当前QC指标正常。,339947.1795526931,False,False,0.0,False,150888.80707874417,False,False,0.0,False
1789639790.0053601,2401.636,runtime,9.991132259368896,2505,250.62224530677653,0,0.0,0,0.0,0.0,True,good,当前QC指标正常。,321569.5650347948,False,False,0.0,False,148586.24324042193,False,False,0.0,False
1789639792.0188267,2403.616,runtime,9.960537910461426,2500,250.8900646194351,0,0.0,0,0.0,0.0,True,good,当前QC指标正常。,287942.14978027163,False,False,0.0,False,138102.2251317239,False,False,0.0,False
1789639794.0252779,2405.656,runtime,9.990697622299194,2505,250.6331484210955,0,0.0,0,0.0,0.0,True,good,当前QC指标正常。,299335.2870896001,False,False,0.0,False,155903.36165399637,False,False,0.0,False
1789639796.0339057,2407.656,runtime,9.989766836166382,2505,250.6565009039712,0,0.0,0,0.0,0.0,True,good,当前QC指标正常。,307522.245479045,False,False,0.0,False,166874.60586441803,False,False,0.0,False
1789639798.0442662,2409.656,runtime,9.990631103515625,2510,251.1352860498575,0,0.0,0,0.0,0.0,True,good,当前QC指标正常。,335921.55346163217,False,False,0.0,False,183556.80064189932,False,False,0.0,False
1789639800.054362,2411.636,runtime,9.987911701202393,2500,250.20245220020902,0,0.0,0,0.0,0.0,True,good,当前QC指标正常。,359508.376770821,False,False,0.0,False,208736.62928084607,False,False,0.0,False
1789639802.0645485,2413.676,runtime,9.990296840667725,2500,250.14271746433647,0,0.0,0,0.0,0.0,True,good,当前QC指标正常。,347135.6432456439,False,False,0.0,False,215267.4634725558,False,False,0.0,False
1789639804.074467,2415.696,runtime,9.9900541305542,2505,250.64929251400267,0,0.0,0,0.0,0.0,True,good,当前QC指标正常。,375496.6066246356,False,False,0.0,False,199094.45707127152,False,False,0.0,False
1789639806.0847228,2417.696,runtime,9.991116762161255,2510,251.1230786034032,0,0.0,0,0.0,0.0,True,good,当前QC指标正常。,373695.30883470416,False,False,0.0,False,184460.52653493205,False,False,0.0,False
1789639808.0939279,2419.716,runtime,9.960192680358887,2505,251.40075903730164,0,0.0,0,0.0,0.0,True,good,当前QC指标正常。,349367.6851924642,False,False,0.0,False,165268.13447405514,False,False,0.0,False
1789639810.1053526,2421.696,runtime,9.962709903717041,2495,250.33349601693212,0,0.0,0,0.0,0.0,True,good,当前QC指标正常。,308320.1215280204,False,False,0.0,False,151006.19476100593,False,False,0.0,False
1789639812.123159,2423.716,runtime,9.960758686065674,2505,251.38647355275268,0,0.0,0,0.0,0.0,True,good,当前QC指标正常。,307557.4672981615,False,False,0.0,False,157586.45398636654,False,False,0.0,False
1789639814.1429992,2425.756,runtime,9.96100640296936,2500,250.87826459533767,0,0.0,0,0.0,0.0,True,good,当前QC指标正常。,260742.40650383694,False,False,0.0,False,162256.91346001544,False,False,0.0,False
1789639816.1634123,2427.756,runtime,9.958025932312012,2495,250.4512457541827,0,0.0,0,0.0,0.0,True,good,当前QC指标正常。,238006.29016736097,False,False,0.0,False,105229.98518325882,False,False,0.0,False
1789639818.1965048,2429.796,runtime,9.960242748260498,2495,250.39550370753398,0,0.0,0,0.0,0.0,True,good,当前QC指标正常。,217258.1931292968,False,False,0.0,False,92966.10511924721,False,False,0.0,False
1789639820.2151484,2431.816,runtime,9.963313341140747,2500,250.82017542106908,0,0.0,0,0.0,0.0,True,good,当前QC指标正常。,216010.16827973598,False,False,0.0,False,88655.0732503046,False,False,0.0,False
1789639822.2241874,2433.836,runtime,9.989908695220947,2500,250.15243644774168,0,0.0,0,0.0,0.0,True,good,当前QC指标正常。,196191.46902295103,False,False,0.0,False,72644.27939895148,False,False,0.0,False
1789639824.2348993,2435.856,runtime,9.960667133331299,2505,251.38878415290932,0,0.0,0,0.0,0.0,True,good,当前QC指标正常。,190630.8376560356,False,False,0.0,False,66903.73806175862,False,False,0.0,False
1789639826.241378,2437.836,runtime,9.929638862609863,2495,251.16724127714025,0,0.0,0,0.0,0.0,True,good,当前QC指标正常。,184273.07673185758,False,False,0.0,False,64988.20312057354,False,False,0.0,False
1789639828.2517436,2439.856,runtime,9.961514472961426,2500,250.86546897894337,0,0.0,0,0.0,0.0,True,good,当前QC指标正常。,177365.17814615846,False,False,0.0,False,63934.06405048558,False,False,0.0,False
1789639830.2600799,2441.836,runtime,9.930715084075928,2490,250.6365331124195,0,0.0,0,0.0,0.0,True,good,当前QC指标正常。,170232.22067739847,False,False,0.0,False,60282.67347855369,False,False,0.0,False
1789639832.2667167,2443.876,runtime,9.959461450576782,2505,251.41921703557435,0,0.0,0,0.0,0.0,True,good,当前QC指标正常。,162894.38440535613,False,False,0.0,False,58293.0791670444,False,False,0.0,False
1789639834.2834775,2445.856,runtime,9.930974245071411,2495,251.1334677197188,0,0.0,0,0.0,0.0,True,good,当前QC指标正常。,160169.01753693837,False,False,0.0,False,56231.42854369786,False,False,0.0,False
1789639836.2935216,2447.876,runtime,9.98671579360962,2495,249.7317488093414,0,0.0,0,0.0,0.0,True,good,当前QC指标正常。,158245.69464297668,False,False,0.0,False,55145.43191687659,False,False,0.0,False
1789639838.3040078,2449.896,runtime,9.960041284561157,2495,250.40056850626664,0,0.0,0,0.0,0.0,True,good,当前QC指标正常。,157151.90449214485,False,False,0.0,False,54054.485963749015,False,False,0.0,False
1789639840.3143728,2451.936,runtime,9.989856481552124,2505,250.65425160251687,0,0.0,0,0.0,0.0,True,good,当前QC指标正常。,163154.07822432002,False,False,0.0,False,56787.78378213336,False,False,0.0,False
1789639842.3237083,2453.936,runtime,9.989935398101807,2505,250.65227153278553,0,0.0,0,0.0,0.0,True,good,当前QC指标正常。,173009.36491281498,False,False,0.0,False,69630.4350634013,False,False,0.0,False
1789639844.334007,2455.956,runtime,9.989139556884766,2505,250.67224116157035,0,0.0,0,0.0,0.0,True,good,当前QC指标正常。,178741.76866517984,False,False,0.0,False,72878.23971250886,False,False,0.0,False
1789639846.3439748,2457.956,runtime,9.99028730392456,2510,251.14392846483707,0,0.0,0,0.0,0.0,True,good,当前QC指标正常。,184079.9586784838,False,False,0.0,False,71451.1350270137,False,False,0.0,False
1789639848.3629217,2459.976,runtime,9.989335298538208,2510,251.16786302759857,0,0.0,0,0.0,0.0,True,good,当前QC指标正常。,187905.69413036926,False,False,0.0,False,72267.02556780321,False,False,0.0,False
1789639850.375085,2461.996,runtime,9.93239164352417,2500,251.60103323446026,0,0.0,0,0.0,0.0,True,good,当前QC指标正常。,184943.63262839193,False,False,0.0,False,76031.47172568634,False,False,0.0,False
1789639852.3827698,2463.996,runtime,9.990400314331055,2505,250.6406071044076,0,0.0,0,0.0,0.0,True,good,当前QC指标正常。,183736.78487781715,False,False,0.0,False,73111.05573216647,False,False,0.0,False
1789639854.400501,2466.016,runtime,9.963571310043335,2505,251.3155094776061,0,0.0,0,0.0,0.0,True,good,当前QC指标正常。,182315.68837011096,False,False,0.0,False,64382.88042916499,False,False,0.0,False
1789639856.4216716,2468.016,runtime,9.96010422706604,2495,250.39898610927094,0,0.0,0,0.0,0.0,True,good,当前QC指标正常。,178324.58851735567,False,False,0.0,False,62572.13227585871,False,False,0.0,False
1789639858.434809,2470.016,runtime,9.99146842956543,2495,249.6129590541552,0,0.0,0,0.0,0.0,True,good,当前QC指标正常。,174648.77636562323,False,False,0.0,False,61780.28795256132,False,False,0.0,False
1789639860.4447641,2472.016,runtime,9.930684566497803,2490,250.6373033332365,0,0.0,0,0.0,0.0,True,good,当前QC指标正常。,172745.40892794885,False,False,0.0,False,61251.8295246863,False,False,0.0,False
1789639862.4538507,2474.076,runtime,9.990377426147461,2505,250.64118132778142,0,0.0,0,0.0,0.0,True,good,当前QC指标正常。,170860.35054048026,False,False,0.0,False,61156.74556895022,False,False,0.0,False
1789639864.465475,2476.056,runtime,9.960977792739868,2495,250.37702642182077,0,0.0,0,0.0,0.0,True,good,当前QC指标正常。,169092.3754772403,False,False,0.0,False,60977.14755336314,False,False,0.0,False
1789639866.4737577,2478.096,runtime,9.990600109100342,2505,250.6355947245982,0,0.0,0,0.0,0.0,True,good,当前QC指标正常。,167363.26471303587,False,False,0.0,False,61001.77607796452,False,False,0.0,False
1789639868.4830778,2480.096,runtime,9.98995304107666,2500,250.15132600970384,0,0.0,0,0.0,0.0,True,good,当前QC指标正常。,165730.44913337985,False,False,0.0,False,61022.4016518324,False,False,0.0,False
1789639870.4897175,2482.096,runtime,9.961283445358276,2505,251.37323054157295,0,0.0,0,0.0,0.0,True,good,当前QC指标正常。,164204.210238877,False,False,0.0,False,61262.96053459516,False,False,0.0,False
1789639872.501363,2484.096,runtime,9.957261800765991,2505,251.4747578302473,0,0.0,0,0.0,0.0,True,good,当前QC指标正常。,162912.36661584792,False,False,0.0,False,61497.99766023409,False,False,0.0,False
1789639874.520857,2486.116,runtime,9.961334466934204,2500,250.87000223666982,0,0.0,0,0.0,0.0,True,good,当前QC指标正常。,161829.0329403792,False,False,0.0,False,61653.86327235357,False,False,0.0,False
1789639876.5301676,2488.156,runtime,9.99092173576355,2505,250.62752629085963,0,0.0,0,0.0,0.0,True,good,当前QC指标正常。,160818.42779123242,False,False,0.0,False,61691.24575684966,False,False,0.0,False
1789639878.545441,2490.156,runtime,9.960960865020752,2505,251.38137112787294,0,0.0,0,0.0,0.0,True,good,当前QC指标正常。,159777.0834473565,False,False,0.0,False,61612.9063981725,False,False,0.0,False
1789639880.5660427,2492.136,runtime,9.93067479133606,2490,250.63755004559295,0,0.0,0,0.0,0.0,True,good,当前QC指标正常。,158783.3286788585,False,False,0.0,False,61613.463122200854,False,False,0.0,False
1789639882.5995967,2494.116,runtime,9.868767738342285,2475,250.68985972665845,0,0.0,0,0.0,0.0,True,good,当前QC指标正常。,157998.9474586884,False,False,0.0,False,61687.116177318734,False,False,0.0,False
1789639884.6197772,2496.216,runtime,9.959341049194336,2495,250.41817402183983,0,0.0,0,0.0,0.0,True,good,当前QC指标正常。,157177.33540541513,False,False,0.0,False,61490.27839631184,False,False,0.0,False
1789639886.632954,2498.256,runtime,9.98978328704834,2505,250.65608813020123,0,0.0,0,0.0,0.0,True,good,当前QC指标正常。,156429.5089958646,False,False,0.0,False,61347.74099945932,False,False,0.0,False
1789639888.6433494,2500.256,runtime,9.990169048309326,2500,250.14591724280334,0,0.0,0,0.0,0.0,True,good,当前QC指标正常。,155737.4231504362,False,False,0.0,False,61226.585405175516,False,False,0.0,False
1789639890.6506953,2502.256,runtime,9.961564302444458,2500,250.86421410608904,0,0.0,0,0.0,0.0,True,good,当前QC指标正常。,155086.57316697235,False,False,0.0,False,61383.99100340616,False,False,0.0,False
1789639892.6623461,2504.256,runtime,9.964161396026611,2495,250.297029611998,0,0.0,0,0.0,0.0,True,good,当前QC指标正常。,154391.93098763697,False,False,0.0,False,61553.947110604044,False,False,0.0,False
1789639894.6905348,2506.296,runtime,9.960817337036133,2505,251.38499334684835,0,0.0,0,0.0,0.0,True,good,当前QC指标正常。,153744.7241553628,False,False,0.0,False,61647.44726206044,False,False,0.0,False
1789639896.706347,2508.316,runtime,9.961631536483765,2505,251.36444676048083,0,0.0,0,0.0,0.0,True,good,当前QC指标正常。,153130.1396849924,False,False,0.0,False,61368.902262136085,False,False,0.0,False
1789639898.72346,2510.336,runtime,9.930095434188843,2500,251.6592128003184,0,0.0,0,0.0,0.0,True,good,当前QC指标正常。,152552.192319456,False,False,0.0,False,61212.26358985612,False,False,0.0,False
1789639900.7336428,2512.356,runtime,9.990188598632812,2505,250.645918771011,0,0.0,0,0.0,0.0,True,good,当前QC指标正常。,152014.20021584874,False,False,0.0,False,61227.89338680456,False,False,0.0,False
1789639902.7438347,2514.356,runtime,9.9904146194458,2500,250.13976848726898,0,0.0,0,0.0,0.0,True,good,当前QC指标正常。,151404.7286985245,False,False,0.0,False,61186.493844912504,False,False,0.0,False
1789639904.7586684,2516.356,runtime,9.963632822036743,2500,250.8121329474243,0,0.0,0,0.0,0.0,True,good,当前QC指标正常。,150831.3906157761,False,False,0.0,False,61227.20763037727,False,False,0.0,False
1789639906.7771363,2518.356,runtime,9.93281102180481,2490,250.58364591212612,0,0.0,0,0.0,0.0,True,good,当前QC指标正常。,150193.13190053712,False,False,0.0,False,61192.58092841417,False,False,0.0,False
1789639908.7936046,2520.376,runtime,9.93120789527893,2490,250.6240959051128,0,0.0,0,0.0,0.0,True,good,当前QC指标正常。,149523.78816149497,False,False,0.0,False,61110.36060742603,False,False,0.0,False
1789639910.811499,2522.396,runtime,9.959243774414062,2495,250.42061992771443,0,0.0,0,0.0,0.0,True,good,当前QC指标正常。,144817.01558780632,False,False,0.0,False,59078.486550419584,False,False,0.0,False
1789639912.833355,2524.416,runtime,9.963160991668701,2494,250.22179226900704,0,0.0,0,0.0,0.0,True,good,当前QC指标正常。,137423.94697267943,False,False,0.0,False,55438.36531947242,False,False,0.0,False
1789639914.8506567,2526.456,runtime,9.960134029388428,2495,250.3982368752458,0,0.0,0,0.0,0.0,True,good,当前QC指标正常。,139394.78999848035,False,False,0.0,False,55260.34140138498,False,False,0.0,False
1789639916.871142,2528.476,runtime,9.930574893951416,2500,251.64706239938923,0,0.0,0,0.0,0.0,True,good,当前QC指标正常。,142652.70806043386,False,False,0.0,False,55418.76303933358,False,False,0.0,False
1789639918.8831964,2530.496,runtime,9.990051984786987,2515,251.65034214320005,0,0.0,0,0.0,0.0,True,good,当前QC指标正常。,144320.22352669179,False,False,0.0,False,55653.3009399749,False,False,0.0,False
1789639920.893466,2532.516,runtime,9.95170545578003,2505,251.61516396625836,0,0.0,0,0.0,0.0,True,good,当前QC指标正常。,150110.31244542034,False,False,0.0,False,58420.55144226046,False,False,0.0,False
1789639922.9017553,2534.496,runtime,9.93128514289856,2495,251.12560601317077,0,0.0,0,0.0,0.0,True,good,当前QC指标正常。,157291.39472049708,False,False,0.0,False,62069.190810925465,False,False,0.0,False
1789639924.9140074,2536.536,runtime,9.990864038467407,2505,250.6289736662368,0,0.0,0,0.0,0.0,True,good,当前QC指标正常。,154580.5402851252,False,False,0.0,False,62244.629302475034,False,False,0.0,False
1789639926.9230003,2538.536,runtime,9.989643812179565,2500,250.15906943080105,0,0.0,0,0.0,0.0,True,good,当前QC指标正常。,152176.91954851136,False,False,0.0,False,62112.15128150482,False,False,0.0,False
1789639928.9337425,2540.556,runtime,9.990478515625,2505,250.63864519439898,0,0.0,0,0.0,0.0,True,good,当前QC指标正常。,150518.27842297798,False,False,0.0,False,61821.27696255153,False,False,0.0,False
1789639930.9440982,2542.536,runtime,9.991281986236572,2495,249.61761698204435,0,0.0,0,0.0,0.0,True,good,当前QC指标正常。,149232.18559407335,False,False,0.0,False,61438.084876214976,False,False,0.0,False
1789639932.9529035,2544.536,runtime,9.989752769470215,2495,249.65582808234643,0,0.0,0,0.0,0.0,True,good,当前QC指标正常。,148191.98719954139,False,False,0.0,False,61433.6328111429,False,False,0.0,False
1789639934.963251,2546.576,runtime,9.990195035934448,2500,250.14526653495432,0,0.0,0,0.0,0.0,True,good,当前QC指标正常。,147137.66939114124,False,False,0.0,False,61312.40135510596,False,False,0.0,False
1789639936.9732974,2548.592,runtime,9.98771858215332,2504,250.60778188850023,0,0.0,0,0.0,0.0,True,good,当前QC指标正常。,146312.19236037636,False,False,0.0,False,61168.900442736725,False,False,0.0,False
1789639938.9815254,2550.572,runtime,9.959889888763428,2494,250.30397201605197,0,0.0,0,0.0,0.0,True,good,当前QC指标正常。,145542.5919162667,False,False,0.0,False,60978.429090208185,False,False,0.0,False
1789639940.9894211,2552.592,runtime,9.963380813598633,2499,250.71810931793118,0,0.0,0,0.0,0.0,True,good,当前QC指标正常。,144881.89744287843,False,False,0.0,False,60816.45994237959,False,False,0.0,False
1789639943.0037327,2554.612,runtime,9.98725938796997,2509,251.1199421756263,0,0.0,0,0.0,0.0,True,good,当前QC指标正常。,144404.58418683708,False,False,0.0,False,60757.842508992515,False,False,0.0,False
1789639945.0151718,2556.632,runtime,9.992835521697998,2509,250.9798139431236,0,0.0,0,0.0,0.0,True,good,当前QC指标正常。,143821.71406303247,False,False,0.0,False,60590.55778659689,False,False,0.0,False
1789639947.0233774,2558.632,runtime,9.990265846252441,2500,250.14349352248993,0,0.0,0,0.0,0.0,True,good,当前QC指标正常。,143220.8359822929,False,False,0.0,False,60433.78848675631,False,False,0.0,False
1789639949.0321498,2560.632,runtime,9.96008849143982,2505,251.40338885061698,0,0.0,0,0.0,0.0,True,good,当前QC指标正常。,142647.66079466388,False,False,0.0,False,60304.68293163577,False,False,0.0,False
1789639951.0441663,2562.652,runtime,9.98867654800415,2500,250.18329385180945,0,0.0,0,0.0,0.0,True,good,当前QC指标正常。,142080.10365046986,False,False,0.0,False,60254.58209105229,False,False,0.0,False
1789639953.0534775,2564.672,runtime,9.990363121032715,2505,250.6415402187262,0,0.0,0,0.0,0.0,True,good,当前QC指标正常。,141518.5092971619,False,False,0.0,False,60138.05914174102,False,False,0.0,False
1789639955.070986,2566.652,runtime,9.964723825454712,2495,250.28290233484654,0,0.0,0,0.0,0.0,True,good,当前QC指标正常。,142210.1442716679,False,False,0.0,False,60834.588633488755,False,False,0.0,False
1789639957.0820146,2568.672,runtime,9.961938619613647,2500,250.85478795059254,0,0.0,0,0.0,0.0,True,good,当前QC指标正常。,144424.07672461699,False,False,0.0,False,61191.357875970105,False,False,0.0,False
1789639959.0907774,2570.672,runtime,9.959384202957153,2495,250.41708896615097,0,0.0,0,0.0,0.0,True,good,当前QC指标正常。,145424.38625701738,False,False,0.0,False,63058.357632478015,False,False,0.0,False
1789639961.1064491,2572.712,runtime,9.960272789001465,2495,250.39474850066108,0,0.0,0,0.0,0.0,True,good,当前QC指标正常。,142720.52990402267,False,False,0.0,False,62197.566725116994,False,False,0.0,False
1789639963.1171176,2574.732,runtime,9.932312726974487,2500,251.60303231423,0,0.0,0,0.0,0.0,True,good,当前QC指标正常。,140120.63785414674,False,False,0.0,False,60561.084161068924,False,False,0.0,False
1789639965.1264448,2576.732,runtime,9.963907957077026,2495,250.30339609155024,0,0.0,0,0.0,0.0,True,good,当前QC指标正常。,135841.81939341224,False,False,0.0,False,58264.097974063814,False,False,0.0,False
1789639967.1444876,2578.732,runtime,9.956236124038696,2500,250.99846657576995,0,0.0,0,0.0,0.0,True,good,当前QC指标正常。,130172.20513340506,False,False,0.0,False,56050.899611290646,False,False,0.0,False
1789639969.1572647,2580.752,runtime,9.960395097732544,2505,251.39565001493048,0,0.0,0,0.0,0.0,True,good,当前QC指标正常。,125546.70014096444,False,False,0.0,False,52757.63498581349,False,False,0.0,False
1789639971.1651447,2582.772,runtime,9.961357593536377,2500,250.8694198089551,0,0.0,0,0.0,0.0,True,good,当前QC指标正常。,124077.56438813712,False,False,0.0,False,51614.90253545633,False,False,0.0,False
1789639973.18227,2584.772,runtime,9.961746215820312,2495,250.3577129920518,0,0.0,0,0.0,0.0,True,good,当前QC指标正常。,122440.43053816796,False,False,0.0,False,51334.709107735616,False,False,0.0,False
1789639975.1885495,2586.792,runtime,9.961280822753906,2500,250.87135323920361,0,0.0,0,0.0,0.0,True,good,当前QC指标正常。,121108.47706829372,False,False,0.0,False,51126.54653555964,False,False,0.0,False
1789639977.2020156,2588.792,runtime,9.959963083267212,2495,250.40253454251578,0,0.0,0,0.0,0.0,True,good,当前QC指标正常。,120025.57600962486,False,False,0.0,False,50915.39612142721,False,False,0.0,False
1789639979.2175863,2590.812,runtime,9.968401908874512,2500,250.69213930622416,0,0.0,0,0.0,0.0,True,good,当前QC指标正常。,119179.29100908106,False,False,0.0,False,50646.34574720237,False,False,0.0,False
1789639981.2332785,2592.812,runtime,9.959949731826782,2491,250.00126175770387,0,0.0,0,0.0,0.0,True,good,当前QC指标正常。,118446.71989606424,False,False,0.0,False,50461.136674314446,False,False,0.0,False
1789639983.2402215,2594.852,runtime,9.990314722061157,2505,250.6427544740438,0,0.0,0,0.0,0.0,True,good,当前QC指标正常。,118028.84681188298,False,False,0.0,False,50263.51737908362,False,False,0.0,False
1789639985.2558203,2596.872,runtime,9.960968494415283,2500,250.87921936517412,0,0.0,0,0.0,0.0,True,good,当前QC指标正常。,117663.47512399127,False,False,0.0,False,50245.03245842898,False,False,0.0,False
1789639987.2714586,2598.872,runtime,9.958427667617798,2495,250.44114224074104,0,0.0,0,0.0,0.0,True,good,当前QC指标正常。,117338.91732377866,False,False,0.0,False,50270.932610352145,False,False,0.0,False
1789639989.286004,2600.852,runtime,9.930364608764648,2490,250.64537890211818,0,0.0,0,0.0,0.0,True,good,当前QC指标正常。,115546.74308534898,False,False,0.0,False,49428.273519474555,False,False,0.0,False
1789639991.3026495,2602.912,runtime,9.986279010772705,2505,250.74404563489648,0,0.0,0,0.0,0.0,True,good,当前QC指标正常。,109104.23564475194,False,False,0.0,False,46287.765362208236,False,False,0.0,False
1789639993.3229997,2604.932,runtime,9.989272594451904,2505,250.66890269775348,0,0.0,0,0.0,0.0,True,good,当前QC指标正常。,105476.35063170861,False,False,0.0,False,44330.75851941459,False,False,0.0,False
1789639995.3360105,2606.952,runtime,9.931889057159424,2505,252.1171939788218,0,0.0,0,0.0,0.0,True,good,当前QC指标正常。,105233.02836312236,False,False,0.0,False,44299.320644382584,False,False,0.0,False
1789639997.3446321,2608.952,runtime,9.961735963821411,2495,250.35797064463443,0,0.0,0,0.0,0.0,True,good,当前QC指标正常。,105807.63295074782,False,False,0.0,False,44338.71315570108,False,False,0.0,False
1789639999.3678174,2610.972,runtime,9.961462259292603,2500,250.8667839070308,0,0.0,0,0.0,0.0,True,good,当前QC指标正常。,108290.71033025204,False,False,0.0,False,45864.703211886954,False,False,0.0,False
1789640001.3736324,2612.972,runtime,9.960705995559692,2495,250.38385844455016,0,0.0,0,0.0,0.0,True,good,当前QC指标正常。,114465.1144465805,False,False,0.0,False,49568.5696781017,False,False,0.0,False
1789640003.384546,2614.972,runtime,9.935240268707275,2495,251.02563526875903,0,0.0,0,0.0,0.0,True,good,当前QC指标正常。,116699.11569932388,False,False,0.0,False,51265.44084803635,False,False,0.0,False
1789640005.4033797,2616.992,runtime,9.990012407302856,2495,249.64933959209569,0,0.0,0,0.0,0.0,True,good,当前QC指标正常。,116058.32431330654,False,False,0.0,False,51223.524345807564,False,False,0.0,False
1789640007.4125376,2619.012,runtime,9.964262247085571,2500,250.79628958289692,0,0.0,0,0.0,0.0,True,good,当前QC指标正常。,115120.89441700974,False,False,0.0,False,50880.15745212568,False,False,0.0,False
1789640009.4328938,2621.012,runtime,9.959421396255493,2495,250.41615378757695,0,0.0,0,0.0,0.0,True,good,当前QC指标正常。,114264.49818327562,False,False,0.0,False,50453.68083055686,False,False,0.0,False
1789640011.4436762,2623.052,runtime,9.989326000213623,2500,250.16702828064263,0,0.0,0,0.0,0.0,True,good,当前QC指标正常。,113700.05861977393,False,False,0.0,False,50207.66319376771,False,False,0.0,False
1789640013.4656074,2625.072,runtime,9.96162462234497,2500,250.86269506627266,0,0.0,0,0.0,0.0,True,good,当前QC指标正常。,113245.24030306599,False,False,0.0,False,50000.68430406172,False,False,0.0,False
1789640015.479648,2627.072,runtime,9.959267139434814,2495,250.4200324263552,0,0.0,0,0.0,0.0,True,good,当前QC指标正常。,112830.86860810399,False,False,0.0,False,49806.085727364494,False,False,0.0,False
1789640017.4870703,2629.092,runtime,9.931139469146729,2495,251.12928961960108,0,0.0,0,0.0,0.0,True,good,当前QC指标正常。,112426.92080203792,False,False,0.0,False,49634.04780256794,False,False,0.0,False
1789640019.503067,2631.112,runtime,9.900551080703735,2500,252.41019208219367,0,0.0,0,0.0,0.0,True,good,当前QC指标正常。,112070.9724769033,False,False,0.0,False,49540.438161014274,False,False,0.0,False
1789640021.5142033,2633.132,runtime,9.99053144454956,2505,250.63731733371236,0,0.0,0,0.0,0.0,True,good,当前QC指标正常。,111706.11771618751,False,False,0.0,False,49444.08086551938,False,False,0.0,False
1789640023.522479,2635.152,runtime,9.989818572998047,2505,250.65520276496113,0,0.0,0,0.0,0.0,True,good,当前QC指标正常。,111313.5009088698,False,False,0.0,False,49287.65643549933,False,False,0.0,False
1789640025.532786,2637.152,runtime,9.990436792373657,2505,250.63969194134376,0,0.0,0,0.0,0.0,True,good,当前QC指标正常。,110944.10785700573,False,False,0.0,False,49196.80727812124,False,False,0.0,False
1789640027.5443077,2639.132,runtime,9.990907192230225,2495,249.6269810152521,0,0.0,0,0.0,0.0,True,good,当前QC指标正常。,110620.66436847793,False,False,0.0,False,49088.29877167687,False,False,0.0,False
1789640029.5528576,2641.152,runtime,9.990456342697144,2500,250.13872382583676,0,0.0,0,0.0,0.0,True,good,当前QC指标正常。,110318.8977064512,False,False,0.0,False,49072.23125144549,False,False,0.0,False
1789640031.563034,2643.172,runtime,9.990588665008545,2500,250.13541081443998,0,0.0,0,0.0,0.0,True,good,当前QC指标正常。,109975.21907650358,False,False,0.0,False,49068.474177521166,False,False,0.0,False
1789640033.5726292,2645.192,runtime,9.990271091461182,2505,250.64384910837927,0,0.0,0,0.0,0.0,True,good,当前QC指标正常。,109677.03680713102,False,False,0.0,False,49006.527405806184,False,False,0.0,False
1789640035.5826156,2647.192,runtime,9.989702939987183,2500,250.15758877042308,0,0.0,0,0.0,0.0,True,good,当前QC指标正常。,109370.08746315683,False,False,0.0,False,48923.62751050134,False,False,0.0,False
1789640037.5895762,2649.192,runtime,9.963975667953491,2500,250.8035028665693,0,0.0,0,0.0,0.0,True,good,当前QC指标正常。,109059.56937886693,False,False,0.0,False,48882.97991488326,False,False,0.0,False
1789640039.601787,2651.192,runtime,9.962663650512695,2500,250.83653204245203,0,0.0,0,0.0,0.0,True,good,当前QC指标正常。,108696.57937966638,False,False,0.0,False,48727.71005639725,False,False,0.0,False
1789640041.6124237,2653.232,runtime,9.98989725112915,2510,251.15373431057156,0,0.0,0,0.0,0.0,True,good,当前QC指标正常。,108404.61472885824,False,False,0.0,False,48544.179320852876,False,False,0.0,False
1789640043.6230342,2655.232,runtime,9.990705728530884,2500,250.13247991715934,0,0.0,0,0.0,0.0,True,good,当前QC指标正常。,108037.45687104276,False,False,0.0,False,48285.368523385056,False,False,0.0,False
1789640045.6330123,2657.252,runtime,9.989258289337158,2505,250.66926166809068,0,0.0,0,0.0,0.0,True,good,当前QC指标正常。,107750.58621581904,False,False,0.0,False,48003.98480486566,False,False,0.0,False
1789640047.6427577,2659.252,runtime,9.989983320236206,2500,250.15056781305145,0,0.0,0,0.0,0.0,True,good,当前QC指标正常。,107550.05988149226,False,False,0.0,False,47804.53581695068,False,False,0.0,False
1789640049.6529236,2661.272,runtime,9.990610837936401,2505,250.63532556906307,0,0.0,0,0.0,0.0,True,good,当前QC指标正常。,107702.36229451282,False,False,0.0,False,47650.16622920417,False,False,0.0,False
1789640051.6732283,2663.272,runtime,9.963431119918823,2500,250.81721044912092,0,0.0,0,0.0,0.0,True,good,当前QC指标正常。,107798.36510485434,False,False,0.0,False,47495.33606950101,False,False,0.0,False
1789640053.6842575,2665.272,runtime,9.937098026275635,2490,250.4755405872616,0,0.0,0,0.0,0.0,True,good,当前QC指标正常。,107856.02904581167,False,False,0.0,False,47422.53043641827,False,False,0.0,False
1789640055.7015738,2667.312,runtime,9.96134901046753,2500,250.869635967379,0,0.0,0,0.0,0.0,True,good,当前QC指标正常。,107829.76617828262,False,False,0.0,False,47342.63568140473,False,False,0.0,False
1789640057.7177904,2669.312,runtime,9.955957174301147,2495,250.50328726178606,0,0.0,0,0.0,0.0,True,good,当前QC指标正常。,107600.32677964352,False,False,0.0,False,47246.64541644506,False,False,0.0,False
1789640059.7322907,2671.352,runtime,9.990167379379272,2500,250.1459590314965,0,0.0,0,0.0,0.0,True,good,当前QC指标正常。,107120.49197633103,False,False,0.0,False,47287.575959501,False,False,0.0,False
1789640061.7432406,2673.352,runtime,9.99168872833252,2500,250.10787144657678,0,0.0,0,0.0,0.0,True,good,当前QC指标正常。,106830.8971101671,False,False,0.0,False,47325.51483486309,False,False,0.0,False
1789640063.7527146,2675.372,runtime,9.988194704055786,2510,251.19654495533618,0,0.0,0,0.0,0.0,True,good,当前QC指标正常。,106568.82226437225,False,False,0.0,False,47312.699617233025,False,False,0.0,False
1789640065.7621408,2677.352,runtime,9.959765195846558,2505,251.41154944538485,0,0.0,0,0.0,0.0,True,good,当前QC指标正常。,106333.56092947218,False,False,0.0,False,47231.34787588231,False,False,0.0,False
1789640067.772308,2679.392,runtime,9.987032413482666,2505,250.7251299815105,0,0.0,0,0.0,0.0,True,good,当前QC指标正常。,106138.76499851006,False,False,0.0,False,47140.80447776144,False,False,0.0,False
1789640069.782983,2681.412,runtime,9.991074562072754,2505,250.62369262115874,0,0.0,0,0.0,0.0,True,good,当前QC指标正常。,105919.01258359417,False,False,0.0,False,47053.18383256119,False,False,0.0,False
1789640071.7956266,2683.412,runtime,9.993366718292236,2505,250.5662076241617,0,0.0,0,0.0,0.0,True,good,当前QC指标正常。,105695.76643817974,False,False,0.0,False,47010.34109361372,False,False,0.0,False
1789640073.8038135,2685.432,runtime,9.991523265838623,2505,250.6124375010231,0,0.0,0,0.0,0.0,True,good,当前QC指标正常。,105477.76569310436,False,False,0.0,False,46970.15740173847,False,False,0.0,False
1789640075.815942,2687.412,runtime,9.963322162628174,2500,250.81995334584278,0,0.0,0,0.0,0.0,True,good,当前QC指标正常。,105261.33918240873,False,False,0.0,False,46941.97758744895,False,False,0.0,False
1789640077.8284526,2689.432,runtime,9.963196277618408,2500,250.82312245657758,0,0.0,0,0.0,0.0,True,good,当前QC指标正常。,105099.48795944624,False,False,0.0,False,46942.55062215826,False,False,0.0,False
1789640079.8356361,2691.472,runtime,9.992995500564575,2510,251.07586607621798,0,0.0,0,0.0,0.0,True,good,当前QC指标正常。,104982.16321022873,False,False,0.0,False,46953.50194400614,False,False,0.0,False
1789640081.8477113,2693.452,runtime,9.96392560005188,2500,250.80476313341683,0,0.0,0,0.0,0.0,True,good,当前QC指标正常。,104893.5984132472,False,False,0.0,False,46963.843293243255,False,False,0.0,False
1789640083.8774338,2695.492,runtime,9.962061882019043,2500,250.8516840786297,0,0.0,0,0.0,0.0,True,good,当前QC指标正常。,103553.53820471077,False,False,0.0,False,46222.902687720765,False,False,0.0,False
1789640085.8930295,2697.512,runtime,9.990385055541992,2500,250.14050870979426,0,0.0,0,0.0,0.0,True,good,当前QC指标正常。,100126.99256691664,False,False,0.0,False,44242.755365685065,False,False,0.0,False
1789640087.9027078,2699.532,runtime,9.989473819732666,2510,251.16438015422366,0,0.0,0,0.0,0.0,True,good,当前QC指标正常。,99365.50400557689,False,False,0.0,False,43418.611468162235,False,False,0.0,False
1789640089.9124238,2701.532,runtime,9.990285396575928,2510,251.14397641332,0,0.0,0,0.0,0.0,True,good,当前QC指标正常。,101963.370533562,False,False,0.0,False,44572.7303579928,False,False,0.0,False
1789640091.92269,2703.532,runtime,9.963456153869629,2500,250.8165802515659,0,0.0,0,0.0,0.0,True,good,当前QC指标正常。,103275.69928491402,False,False,0.0,False,45383.16792991675,False,False,0.0,False
1789640093.932521,2705.552,runtime,9.990293979644775,2500,250.14278910027198,0,0.0,0,0.0,0.0,True,good,当前QC指标正常。,105166.33345833578,False,False,0.0,False,46969.27346583598,False,False,0.0,False
1789640095.943554,2707.572,runtime,9.990930080413818,2505,250.62731696109375,0,0.0,0,0.0,0.0,True,good,当前QC指标正常。,110560.65717227494,False,False,0.0,False,49913.8327821782,False,False,0.0,False
1789640097.9525263,2709.532,runtime,9.990728855133057,2490,249.13097293409146,0,0.0,0,0.0,0.0,True,good,当前QC指标正常。,112627.82842163068,False,False,0.0,False,51036.68361872958,False,False,0.0,False
1789640099.9606795,2711.572,runtime,9.963965892791748,2500,250.8037489176731,0,0.0,0,0.0,0.0,True,good,当前QC指标正常。,110650.6866042802,False,False,0.0,False,50228.69983619442,False,False,0.0,False
1789640101.9733772,2713.572,runtime,9.96122932434082,2495,250.37070413646353,0,0.0,0,0.0,0.0,True,good,当前QC指标正常。,109197.38487999588,False,False,0.0,False,49583.4484810935,False,False,0.0,False
1789640103.9957333,2715.612,runtime,9.96460747718811,2495,250.28582467593355,0,0.0,0,0.0,0.0,True,good,当前QC指标正常。,108162.10178980336,False,False,0.0,False,49096.235436324816,False,False,0.0,False
1789640106.0169075,2717.632,runtime,9.962026357650757,2500,250.85257861025312,0,0.0,0,0.0,0.0,True,good,当前QC指标正常。,107470.3562058534,False,False,0.0,False,48779.3641419748,False,False,0.0,False
1789640108.0286689,2719.632,runtime,9.959955930709839,2500,250.90472461778234,0,0.0,0,0.0,0.0,True,good,当前QC指标正常。,106954.00999693059,False,False,0.0,False,48549.28028293577,False,False,0.0,False
1789640110.0426095,2721.672,runtime,9.990050554275513,2505,250.64938224244975,0,0.0,0,0.0,0.0,True,good,当前QC指标正常。,106552.50042631567,False,False,0.0,False,48307.647219206745,False,False,0.0,False
1789640112.0508392,2723.648,runtime,9.96074366569519,2504,251.2864585222019,0,0.0,0,0.0,0.0,True,good,当前QC指标正常。,106165.7523922314,False,False,0.0,False,48178.96264375873,False,False,0.0,False
1789640114.0626311,2725.688,runtime,9.982537269592285,2509,251.23873142348245,0,0.0,0,0.0,0.0,True,good,当前QC指标正常。,107395.27081312476,False,False,0.0,False,48805.336568011866,False,False,0.0,False
1789640116.0728683,2727.708,runtime,9.988964319229126,2504,250.5765282574523,0,0.0,0,0.0,0.0,True,good,当前QC指标正常。,109157.90195439626,False,False,0.0,False,49666.916829268586,False,False,0.0,False
1789640118.0820074,2729.708,runtime,9.990116357803345,2509,251.04812698612713,0,0.0,0,0.0,0.0,True,good,当前QC指标正常。,110667.81888620608,False,False,0.0,False,50433.20042937855,False,False,0.0,False
1789640120.092188,2731.708,runtime,9.990110874176025,2499,250.0472748963392,0,0.0,0,0.0,0.0,True,good,当前QC指标正常。,112153.15833005328,False,False,0.0,False,51227.894686047315,False,False,0.0,False
1789640122.1042044,2733.728,runtime,9.989772319793701,2505,250.65636331256349,0,0.0,0,0.0,0.0,True,good,当前QC指标正常。,113568.11550862425,False,False,0.0,False,51958.929685433024,False,False,0.0,False
1789640124.120895,2735.708,runtime,9.963356733322144,2495,250.31724415315702,0,0.0,0,0.0,0.0,True,good,当前QC指标正常。,113474.7823385215,False,False,0.0,False,52017.2380940666,False,False,0.0,False
1789640126.128923,2737.728,runtime,9.962097644805908,2500,250.85078354988238,0,0.0,0,0.0,0.0,True,good,当前QC指标正常。,112940.51936545096,False,False,0.0,False,51870.728420422245,False,False,0.0,False
1789640128.1349964,2739.768,runtime,9.992902994155884,2505,250.57783523610766,0,0.0,0,0.0,0.0,True,good,当前QC指标正常。,112623.80129611297,False,False,0.0,False,51830.222531860076,False,False,0.0,False
1789640130.1445248,2741.768,runtime,9.991101741790771,2505,250.6230108263507,0,0.0,0,0.0,0.0,True,good,当前QC指标正常。,112382.06895775351,False,False,0.0,False,51756.67458473142,False,False,0.0,False
1789640132.1551218,2743.788,runtime,9.990679740905762,2505,250.63359700618184,0,0.0,0,0.0,0.0,True,good,当前QC指标正常。,112190.89593310542,False,False,0.0,False,51700.64420563172,False,False,0.0,False
1789640134.1625478,2745.788,runtime,9.99088168144226,2505,250.6285310786033,0,0.0,0,0.0,0.0,True,good,当前QC指标正常。,111997.66634590349,False,False,0.0,False,51683.48798528435,False,False,0.0,False
1789640136.1721494,2747.788,runtime,9.96050500869751,2500,250.890893365133,0,0.0,0,0.0,0.0,True,good,当前QC指标正常。,111820.5702623623,False,False,0.0,False,51614.870046683915,False,False,0.0,False
1789640138.194802,2749.788,runtime,9.949354648590088,2500,251.17206977380494,0,0.0,0,0.0,0.0,True,good,当前QC指标正常。,108854.59046929433,False,False,0.0,False,49746.23043632625,False,False,0.0,False
1789640140.2124012,2751.828,runtime,9.961506366729736,2500,250.86567312212608,0,0.0,0,0.0,0.0,True,good,当前QC指标正常。,102868.90130040725,False,False,0.0,False,46486.23314555746,False,False,0.0,False
1789640142.2284293,2753.828,runtime,9.959033250808716,2495,250.4259135591777,0,0.0,0,0.0,0.0,True,good,当前QC指标正常。,102372.74280760702,False,False,0.0,False,46311.97901908769,False,False,0.0,False
1789640144.2424185,2755.868,runtime,9.989518880844116,2505,250.66272258633657,0,0.0,0,0.0,0.0,True,good,当前QC指标正常。,102210.84071310284,False,False,0.0,False,46494.40103894234,False,False,0.0,False
1789640146.2522652,2757.868,runtime,9.989466190338135,2500,250.16351748775588,0,0.0,0,0.0,0.0,True,good,当前QC指标正常。,101995.00443253042,False,False,0.0,False,46588.13546928189,False,False,0.0,False
1789640148.2613797,2759.868,runtime,9.964770317077637,2500,250.7835023269137,0,0.0,0,0.0,0.0,True,good,当前QC指标正常。,105242.32647103442,False,False,0.0,False,48608.80031844573,False,False,0.0,False
1789640150.279264,2761.868,runtime,9.933011770248413,2495,251.08195355914975,0,0.0,0,0.0,0.0,True,good,当前QC指标正常。,110495.77747780207,False,False,0.0,False,51712.68539015676,False,False,0.0,False
1789640152.2967534,2763.908,runtime,9.961608171463013,2495,250.36118235854266,0,0.0,0,0.0,0.0,True,good,当前QC指标正常。,110252.17202318464,False,False,0.0,False,51660.34291510322,False,False,0.0,False
1789640154.3135471,2765.928,runtime,9.96128225326538,2500,250.87131721228053,0,0.0,0,0.0,0.0,True,good,当前QC指标正常。,109825.574517433,False,False,0.0,False,51433.21524951514,False,False,0.0,False
1789640156.3313346,2767.928,runtime,9.958431005477905,2495,250.44105829804994,0,0.0,0,0.0,0.0,True,good,当前QC指标正常。,109433.65820729673,False,False,0.0,False,51205.746161054136,False,False,0.0,False
1789640158.3381455,2769.948,runtime,9.962622165679932,2500,250.83757653770738,0,0.0,0,0.0,0.0,True,good,当前QC指标正常。,109088.19085639261,False,False,0.0,False,51066.17598487134,False,False,0.0,False
1789640160.3522608,2771.968,runtime,9.989290714263916,2510,251.16898404181458,0,0.0,0,0.0,0.0,True,good,当前QC指标正常。,108735.10979044855,False,False,0.0,False,50851.49687133749,False,False,0.0,False
1789640162.3615289,2773.988,runtime,9.989377975463867,2510,251.16678998058356,0,0.0,0,0.0,0.0,True,good,当前QC指标正常。,108403.61949165259,False,False,0.0,False,50695.07136380104,False,False,0.0,False
1789640164.3738537,2775.988,runtime,9.992210149765015,2500,250.09482011932752,0,0.0,0,0.0,0.0,True,good,当前QC指标正常。,108132.81169642904,False,False,0.0,False,50556.865127613375,False,False,0.0,False
1789640166.3948412,2777.988,runtime,9.957489013671875,2495,250.4647503578138,0,0.0,0,0.0,0.0,True,good,当前QC指标正常。,107908.50408027403,False,False,0.0,False,50294.655934010596,False,False,0.0,False
1789640168.4125874,2780.028,runtime,9.962068796157837,2505,251.35341375736542,0,0.0,0,0.0,0.0,True,good,当前QC指标正常。,113460.48697409614,False,False,0.0,False,51388.53582323889,False,False,0.0,False
1789640170.421904,2782.028,runtime,9.95982313156128,2495,250.40605310518663,0,0.0,0,0.0,0.0,True,good,当前QC指标正常。,130378.50560777863,False,False,0.0,False,55784.21867547651,False,False,0.0,False
1789640172.4437072,2784.028,runtime,9.992187738418579,2500,250.09538105370967,0,0.0,0,0.0,0.0,True,good,当前QC指标正常。,132728.21836410937,False,False,0.0,False,55017.35778194991,False,False,0.0,False
1789640174.452305,2786.048,runtime,9.98647165298462,2495,249.73785403522652,0,0.0,0,0.0,0.0,True,good,当前QC指标正常。,129258.70831770045,False,False,0.0,False,51847.898438379634,False,False,0.0,False
1789640176.4617767,2788.088,runtime,9.990546703338623,2505,250.63693452964068,0,0.0,0,0.0,0.0,True,good,当前QC指标正常。,120686.87983471253,False,False,0.0,False,49013.41902066666,False,False,0.0,False
1789640178.4719682,2790.088,runtime,9.990707397460938,2500,250.13243813296964,0,0.0,0,0.0,0.0,True,good,当前QC指标正常。,106523.55069898638,False,False,0.0,False,43974.41891378991,False,False,0.0,False
1789640180.481603,2792.108,runtime,9.989880084991455,2505,250.6536593729435,0,0.0,0,0.0,0.0,True,good,当前QC指标正常。,92919.89138780793,False,False,0.0,False,36099.445837313106,False,False,0.0,False
1789640182.4884076,2794.088,runtime,9.960099458694458,2495,250.39910598713104,0,0.0,0,0.0,0.0,True,good,当前QC指标正常。,89812.46370138582,False,False,0.0,False,33382.70643545885,False,False,0.0,False
1789640184.5002327,2796.108,runtime,9.961224555969238,2505,251.37471662552616,0,0.0,0,0.0,0.0,True,good,当前QC指标正常。,89376.55551391609,False,False,0.0,False,33375.39777050059,False,False,0.0,False
1789640186.5075552,2798.108,runtime,9.96019434928894,2505,251.40071691259325,0,0.0,0,0.0,0.0,True,good,当前QC指标正常。,88422.23891559093,False,False,0.0,False,32382.240788718693,False,False,0.0,False
1789640188.5165336,2800.128,runtime,9.961933374404907,2500,250.85492003195432,0,0.0,0,0.0,0.0,True,good,当前QC指标正常。,88746.82699338293,False,False,0.0,False,32903.42933537229,False,False,0.0,False
1789640190.5256426,2802.128,runtime,9.960249423980713,2495,250.39533588339077,0,0.0,0,0.0,0.0,True,good,当前QC指标正常。,87799.01911321477,False,False,0.0,False,32756.303613123655,False,False,0.0,False
1789640192.5307164,2804.148,runtime,9.975852251052856,2500,250.50491297485428,0,0.0,0,0.0,0.0,True,good,当前QC指标正常。,87122.49798398877,False,False,0.0,False,32591.440627971933,False,False,0.0,False
1789640194.5717726,2806.188,runtime,9.961678743362427,2500,250.86133214897242,0,0.0,0,0.0,0.0,True,good,当前QC指标正常。,86754.26379588094,False,False,0.0,False,32410.332478730787,False,False,0.0,False
1789640196.5786676,2808.168,runtime,9.937088012695312,2490,250.47579299087735,0,0.0,0,0.0,0.0,True,good,当前QC指标正常。,87136.2816496843,False,False,0.0,False,32686.08489108193,False,False,0.0,False
1789640198.5933692,2810.168,runtime,9.935965776443481,2490,250.50408344813385,0,0.0,0,0.0,0.0,True,good,当前QC指标正常。,88309.49914803024,False,False,0.0,False,33465.917112552226,False,False,0.0,False
1789640200.6114872,2812.228,runtime,9.990238666534424,2500,250.14417406975662,0,0.0,0,0.0,0.0,True,good,当前QC指标正常。,90968.19287943274,False,False,0.0,False,34445.864813046835,False,False,0.0,False
1789640202.6194916,2814.228,runtime,9.921314716339111,2500,251.88194019130074,0,0.0,0,0.0,0.0,True,good,当前QC指标正常。,92924.97465917007,False,False,0.0,False,35296.08858296024,False,False,0.0,False
1789640204.6324198,2816.248,runtime,9.991129636764526,2500,250.1218671815035,0,0.0,0,0.0,0.0,True,good,当前QC指标正常。,94047.15795704907,False,False,0.0,False,36144.312562088715,False,False,0.0,False
1789640206.6420734,2818.268,runtime,9.990771770477295,2505,250.63128830540535,0,0.0,0,0.0,0.0,True,good,当前QC指标正常。,94194.24664785858,False,False,0.0,False,36498.308282858314,False,False,0.0,False
1789640208.6530452,2820.208,runtime,9.930768489837646,2495,251.13867094496865,0,0.0,0,0.0,0.0,True,good,当前QC指标正常。,93710.53681427591,False,False,0.0,False,36236.6758423728,False,False,0.0,False
1789640210.661275,2822.288,runtime,9.990050315856934,2510,251.1498862040297,0,0.0,0,0.0,0.0,True,good,当前QC指标正常。,94450.60827965949,False,False,0.0,False,36376.68450656488,False,False,0.0,False
1789640212.6709793,2824.288,runtime,9.988333463668823,2500,250.1918872742651,0,0.0,0,0.0,0.0,True,good,当前QC指标正常。,94929.19792304304,False,False,0.0,False,36826.95490608518,False,False,0.0,False
1789640214.6796682,2826.288,runtime,9.959698915481567,2500,250.911199345143,0,0.0,0,0.0,0.0,True,good,当前QC指标正常。,96532.95025144756,False,False,0.0,False,40005.917714070994,False,False,0.0,False
1789640216.687162,2828.288,runtime,9.963235855102539,2495,250.32028110854478,0,0.0,0,0.0,0.0,True,good,当前QC指标正常。,98568.90973645807,False,False,0.0,False,42445.297909662535,False,False,0.0,False
1789640218.7013953,2830.328,runtime,9.989562749862671,2505,250.66162180466037,0,0.0,0,0.0,0.0,True,good,当前QC指标正常。,101125.7961230221,False,False,0.0,False,45536.18860325238,False,False,0.004,False
1789640220.7087076,2832.308,runtime,9.963082790374756,2495,250.32412682643076,0,0.0,0,0.0,0.0,True,good,当前QC指标正常。,103492.30370820753,False,False,0.0,False,48896.8218990411,False,False,0.004,False
1789640222.7261968,2834.328,runtime,9.961787700653076,2500,250.85858834716686,0,0.0,0,0.0,0.0,True,good,当前QC指标正常。,106042.71264145138,False,False,0.0,False,51682.4471184188,False,False,0.004,False
1789640224.7447355,2836.368,runtime,9.963622570037842,2500,250.81239101879277,0,0.0,0,0.0,0.0,True,good,当前QC指标正常。,106950.6355132214,False,False,0.0,False,51973.37933171835,False,False,0.004,False
1789640226.7537513,2838.368,runtime,9.96009635925293,2495,250.39918390780164,0,0.0,0,0.0,0.0,True,good,当前QC指标正常。,108197.4333293934,False,False,0.0,False,52927.21039564337,False,False,0.004,False
1789640228.7716436,2840.388,runtime,9.961133480072021,2500,250.87506406770203,0,0.0,0,0.0,0.0,True,good,当前QC指标正常。,108395.9457196311,False,False,0.0,False,53304.460952981564,False,False,0.0,False
1789640230.783134,2842.388,runtime,9.963126420974731,2495,250.32303060508613,0,0.0,0,0.0,0.0,True,good,当前QC指标正常。,108386.34242220377,False,False,0.0,False,53030.786980206125,False,False,0.0,False
1789640232.7976925,2844.408,runtime,9.961817502975464,2505,251.35975430709186,0,0.0,0,0.0,0.0,True,good,当前QC指标正常。,108559.8827950956,False,False,0.0,False,52893.84938199296,False,False,0.0,False
1789640234.809268,2846.408,runtime,9.959888458251953,2505,251.40843800568763,0,0.0,0,0.0,0.0,True,good,当前QC指标正常。,109142.24507769875,False,False,0.0,False,52970.010517680814,False,False,0.0,False
1789640236.8214626,2848.388,runtime,9.989534378051758,2490,249.1607622341879,0,0.0,0,0.0,0.0,True,good,当前QC指标正常。,109312.54029300607,False,False,0.0,False,52726.564425721524,False,False,0.0,False
