event_id,event_name,event_timestamp,sample_time_sec,received_order,block_id,block_order,group_id,session_half,counterbalance_group,condition,condition_type,event_type,event_value,duration_sec,exclude_before_sec,exclude_after_sec,trial_id,question_id,correct_answer,participant_answer,is_correct,reaction_time_ms,notes,run_id,subject_id,session_id,client_event_id,client_id,received_timestamp,client_timestamp,client_monotonic_ms,source_client,timestamp_source,clock_offset_sec,clock_round_trip_ms,eeg_received_order,eeg_sample_number,eeg_stream_segment,alignment_error_ms,alignment_status,identity_status,context_matches_current,state_applied,start_number,generated_timestamp,displayed_timestamp,hidden_timestamp,after_block_id,affected_block_id,planned_duration,actual_duration,is_formal_experiment,operator_id,override_reason,sensitivity_exclude_before_sec,course_attention_rating,mental_effort,video_interest,video_difficulty,subtraction_compliance,subtraction_compliance_low_pct,subtraction_compliance_high_pct,subtraction_difficulty,reported_final_number,rating_item,rating_value,quiz_score,quiz_total,question_text,response_index,response_text,video_id,condition_label,video_time_sec,browser_timestamp,recorder_timestamp,device_sample_number,probe_id,probe_index,probe_schedule_id,probe_planned_time_sec,response,response_label,response_time_ms,confidence,probe_attention,pause_reason
c26c785e-ac19-4955-b51a-c2f5a2a95263,session_start,1789637281.8093517,,0,,,,,G05,,,session_start,online_learning_focused_vs_bbbd_subtraction,,0.0,0.0,,,,,,,,2c45acad-6db6-41d5-89db-d3b3e344aa65,sub-005,ses-001,,,1789637281.8093517,,,recorder,server,,,,,,,no_eeg,,,,,,,,,,,,0,,,,,,,,,,,,,,,,,,,,,,,,1789637281.8093517,,,,,,,,,,,
4a62534d-1afb-430e-8179-989533518cb2,subtraction_practice_start,1789637282.287827,,0,,,,,G05,,,subtraction_practice_start,100,,0.0,0.0,,,,,,,"{""client_event_id"":""4a62534d-1afb-430e-8179-989533518cb2"",""recorder_run_id"":""2c45acad-6db6-41d5-89db-d3b3e344aa65"",""client_id"":""68e07060-2057-490d-865c-e3c07c73e2ab"",""client_timestamp"":1789637282.2767,""client_monotonic_ms"":97793.20000000298,""event_timestamp"":1789637282.287827,""clock_offset_sec"":0.011126995086669922,""clock_round_trip_ms"":33.299922943115234,""subject_id"":""sub-005"",""session_id"":""ses-001"",""block_id"":"""",""counterbalance_group"":""G05"",""block_order"":""Block 1"",""condition"":"""",""condition_type"":"""",""topic_key"":"""",""topic_name"":"""",""event_type"":""subtraction_practice_start"",""iso_time"":""2026-09-17T09:28:02.276Z"",""relative_ms"":"""",""video_time_sec"":0,""practice_number"":100,""is_formal_experiment"":0}",2c45acad-6db6-41d5-89db-d3b3e344aa65,sub-005,ses-001,4a62534d-1afb-430e-8179-989533518cb2,68e07060-2057-490d-865c-e3c07c73e2ab,1789637282.3058152,1789637282.2767,97793.20000000298,68e07060-2057-490d-865c-e3c07c73e2ab,browser_calibrated,0.011126995086669922,33.299922943115234,,,,,no_eeg,verified,1,1,,,,,,,,,0,,,,,,,,,,,,,,,,,,,,,,0,1789637282.2767,1789637282.305932,,,,,,,,,,,
7974ec34-8709-4f43-a34a-3433da470513,eeg_dropout,1789637284.1113095,,0,,,,,G05,,,eeg_dropout,signal_lost,,0.0,0.0,,,,,,,absence_threshold_sec=2,2c45acad-6db6-41d5-89db-d3b3e344aa65,sub-005,ses-001,,,1789637284.1113095,,,recorder,server,,,,,,,no_eeg,,,,,,,,,,,,0,,,,,,,,,,,,,,,,,,,,,,,,1789637284.1113095,,,,,,,,,,,eeg_dropout
50f90de9-a7b2-47c5-b547-0314eef4a4ba,qc_status_change,1789637284.112165,,0,,,,,G05,,,qc_status_change,bad,,0.0,0.0,,,,,,,已连续 2.3 秒没有EEG，请立即重新连接耳机。,2c45acad-6db6-41d5-89db-d3b3e344aa65,sub-005,ses-001,,,1789637284.112165,,,recorder,server,,,,,,,no_eeg,,,,,,,,,,,,0,,,,,,,,,,,,,,,,,,,,,,,,1789637284.112165,,,,,,,,,,,
3f2e80e8-2656-4b24-8c58-bc3b16120e6b,device_error,1789637311.100233,,0,,,,,G05,,,device_error,,,0.0,0.0,,,,,,,,2c45acad-6db6-41d5-89db-d3b3e344aa65,sub-005,ses-001,,,1789637311.100233,,,recorder,server,,,,,,,no_eeg,,,,,,,,,,,,0,,,,,,,,,,,,,,,,,,,,,,,,1789637311.100233,,,,,,,,,,,
fd900eb9-93f3-41a1-8c37-b1ee03510f1e,device_error,1789637322.3260193,,0,,,,,G05,,,device_error,[WinError -2147483629] 该对象已关闭。,,0.0,0.0,,,,,,,,2c45acad-6db6-41d5-89db-d3b3e344aa65,sub-005,ses-001,,,1789637322.3260193,,,recorder,server,,,,,,,no_eeg,,,,,,,,,,,,0,,,,,,,,,,,,,,,,,,,,,,,,1789637322.3260193,,,,,,,,,,,
12e37bc6-8071-48ad-bb4d-e5c68531c4ce,device_connected,1789637327.3498101,,0,,,,,G05,,,device_connected,74:4D:BD:62:FD:8D,,0.0,0.0,,,,,,,,2c45acad-6db6-41d5-89db-d3b3e344aa65,sub-005,ses-001,,,1789637327.3498101,,,recorder,server,,,,,,,no_eeg,,,,,,,,,,,,0,,,,,,,,,,,,,,,,,,,,,,,,1789637327.3498101,,,,,,,,,,,
3ce9ca6f-d31f-46f6-b6e6-4839f786910e,device_disconnected,1789637333.5257478,,0,,,,,G05,,,device_disconnected,,,0,0,,,,,,,,2c45acad-6db6-41d5-89db-d3b3e344aa65,sub-005,ses-001,,,1789637333.5257478,,,recorder,server,,,,,,,no_eeg,,,,,,,,,,,,0,,,,,,,,,,,,,,,,,,,,,,,,1789637333.5257478,,,,,,,,,,,
007423ca-113f-4046-a4e3-2a3902f646dd,device_error,1789637342.2483256,,0,,,,,G05,,,device_error,[WinError -2147023673] 操作已被用户取消。,,0.0,0.0,,,,,,,,2c45acad-6db6-41d5-89db-d3b3e344aa65,sub-005,ses-001,,,1789637342.2483256,,,recorder,server,,,,,,,no_eeg,,,,,,,,,,,,0,,,,,,,,,,,,,,,,,,,,,,,,1789637342.2483256,,,,,,,,,,,
3d8de131-054c-491c-9753-f125f0528d70,device_disconnected,1789637342.2486014,,0,,,,,G05,,,device_disconnected,,,0,0,,,,,,,,2c45acad-6db6-41d5-89db-d3b3e344aa65,sub-005,ses-001,,,1789637342.2486014,,,recorder,server,,,,,,,no_eeg,,,,,,,,,,,,0,,,,,,,,,,,,,,,,,,,,,,,,1789637342.2486014,,,,,,,,,,,
fd3dbf72-f5b6-4bef-bd7e-cc97a929ddfe,device_reconnected,1789637367.3385992,,0,,,,,G05,,,device_reconnected,74:4D:BD:62:FD:8D,,0.0,0.0,,,,,,,,2c45acad-6db6-41d5-89db-d3b3e344aa65,sub-005,ses-001,,,1789637367.3385992,,,recorder,server,,,,,,,no_eeg,,,,,,,,,,,,0,,,,,,,,,,,,,,,,,,,,,,,,1789637367.3385992,,,,,,,,,,,
da5c0b3b-e213-4f1f-9d7d-827e2a1ea6dc,eeg_recovery,1789637388.5183547,0.0,0,,,,,G05,,,eeg_recovery,signal_recovered,106.71358561515808,0.0,0.0,,,,,,,等待实验员重新确认同步后恢复视频,2c45acad-6db6-41d5-89db-d3b3e344aa65,sub-005,ses-001,,,1789637388.5183547,,,recorder,server,,,0,0,0,-0.03409385681152344,host_receive_nearest,,,,,,,,,,,,0,,,,,,,,,,,,,,,,,,,,,,,,1789637388.5183547,0,,,,,,,,,,eeg_dropout
d5837a7a-8457-4f6e-8e75-7d0ace1ec810,qc_status_change,1789637388.522726,0.056,15,,,,,G05,,,qc_status_change,waiting,,0.0,0.0,,,,,,,等待至少2秒EEG数据。,2c45acad-6db6-41d5-89db-d3b3e344aa65,sub-005,ses-001,,,1789637388.522726,,,recorder,server,,,14,14,0,-1.7211437225341797,host_receive_nearest,,,,,,,,,,,,0,,,,,,,,,,,,,,,,,,,,,,,,1789637388.522726,14,,,,,,,,,,
3281be94-6daf-40d0-b3b3-073c14f9d499,qc_status_change,1789637390.5258214,2.072,519,,,,,G05,,,qc_status_change,good,,0.0,0.0,,,,,,,当前QC指标正常。,2c45acad-6db6-41d5-89db-d3b3e344aa65,sub-005,ses-001,,,1789637390.5258214,,,recorder,server,,,518,518,0,-28.187274932861328,host_receive_nearest,,,,,,,,,,,,0,,,,,,,,,,,,,,,,,,,,,,,,1789637390.5258214,518,,,,,,,,,,
381a8d28-a54b-4b39-8f9c-91e62e3ea30e,subtraction_practice_end,1789637443.7551596,55.332,13834,,,,,G05,,,subtraction_practice_end,100,,0.0,0.0,,,,,,,"{""client_event_id"":""381a8d28-a54b-4b39-8f9c-91e62e3ea30e"",""recorder_run_id"":""2c45acad-6db6-41d5-89db-d3b3e344aa65"",""client_id"":""68e07060-2057-490d-865c-e3c07c73e2ab"",""client_timestamp"":1789637443.7535,""client_monotonic_ms"":259270,""event_timestamp"":1789637443.7551596,""clock_offset_sec"":0.0016596317291259766,""clock_round_trip_ms"":7.000207901000977,""subject_id"":""sub-005"",""session_id"":""ses-001"",""block_id"":"""",""counterbalance_group"":""G05"",""block_order"":""Block 1"",""condition"":"""",""condition_type"":"""",""topic_key"":"""",""topic_name"":"""",""event_type"":""subtraction_practice_end"",""iso_time"":""2026-09-17T09:30:43.753Z"",""relative_ms"":"""",""video_time_sec"":0,""practice_number"":100,""is_formal_experiment"":0}",2c45acad-6db6-41d5-89db-d3b3e344aa65,sub-005,ses-001,381a8d28-a54b-4b39-8f9c-91e62e3ea30e,68e07060-2057-490d-865c-e3c07c73e2ab,1789637443.7625685,1789637443.7535,259270,68e07060-2057-490d-865c-e3c07c73e2ab,browser_calibrated,0.0016596317291259766,7.000207901000977,13833,13833,0,-8.155107498168945,host_receive_nearest,verified,1,1,,,,,,,,,0,,,,,,,,,,,,,,,,,,,,,,0,1789637443.7535,1789637443.762686,13833,,,,,,,,,,
5a3bedef-6fad-4ef2-9d84-9b71850d03fb,practice_confirmed,1789637443.7571597,55.332,13849,,,,,G05,,,practice_confirmed,100,,0.0,0.0,,,,,,,"{""client_event_id"":""5a3bedef-6fad-4ef2-9d84-9b71850d03fb"",""recorder_run_id"":""2c45acad-6db6-41d5-89db-d3b3e344aa65"",""client_id"":""68e07060-2057-490d-865c-e3c07c73e2ab"",""client_timestamp"":1789637443.7555,""client_monotonic_ms"":259272,""event_timestamp"":1789637443.7571597,""clock_offset_sec"":0.0016596317291259766,""clock_round_trip_ms"":7.000207901000977,""subject_id"":""sub-005"",""session_id"":""ses-001"",""block_id"":"""",""counterbalance_group"":""G05"",""block_order"":""Block 1"",""condition"":"""",""condition_type"":"""",""topic_key"":"""",""topic_name"":"""",""event_type"":""practice_confirmed"",""iso_time"":""2026-09-17T09:30:43.755Z"",""relative_ms"":"""",""video_time_sec"":0,""practice_number"":100,""is_formal_experiment"":0}",2c45acad-6db6-41d5-89db-d3b3e344aa65,sub-005,ses-001,5a3bedef-6fad-4ef2-9d84-9b71850d03fb,68e07060-2057-490d-865c-e3c07c73e2ab,1789637443.8130796,1789637443.7555,259272,68e07060-2057-490d-865c-e3c07c73e2ab,browser_calibrated,0.0016596317291259766,7.000207901000977,13833,13833,0,-10.155200958251953,host_receive_nearest,verified,1,1,,,,,,,,,0,,,,,,,,,,,,,,,,,,,,,,0,1789637443.7555,1789637443.813191,13833,,,,,,,,,,
669030d7-d5b1-434c-978a-7951a3c75f16,baseline_start,1789637458.2112136,69.772,17444,,,,,G05,,,baseline_start,,30.0,0.0,0.0,,,,,,,,2c45acad-6db6-41d5-89db-d3b3e344aa65,sub-005,ses-001,,,1789637458.2112136,,,recorder,server,,,17443,17443,0,-32.26780891418457,host_receive_nearest,,,,,,,,,,,,0,,,,,,,,,,,,,,,,,,,,,,,,1789637458.2112136,17443,,,,,,,,,,
6c662556-cece-472b-8bf7-86d963bb1989,qc_status_change,1789637458.8696764,70.452,17614,,,,,G05,,,qc_status_change,waiting,,0.0,0.0,,,,,,,等待至少2秒EEG数据。,2c45acad-6db6-41d5-89db-d3b3e344aa65,sub-005,ses-001,,,1789637458.8696764,,,recorder,server,,,17613,17613,0,-1.3298988342285156,host_receive_nearest,,,,,,,,,,,,0,,,,,,,,,,,,,,,,,,,,,,,,1789637458.8696764,17613,,,,,,,,,,
85c4d8e5-0a5e-46a9-b74d-f28f04981419,qc_status_change,1789637460.8743627,72.432,18109,,,,,G05,,,qc_status_change,good,,0.0,0.0,,,,,,,当前QC指标正常。,2c45acad-6db6-41d5-89db-d3b3e344aa65,sub-005,ses-001,,,1789637460.8743627,,,recorder,server,,,18108,18108,0,-27.289390563964844,host_receive_nearest,,,,,,,,,,,,0,,,,,,,,,,,,,,,,,,,,,,,,1789637460.8743627,18108,,,,,,,,,,
66a569b0-81d6-4311-b18a-184437e26242,baseline_end,1789637489.0214782,100.572,25144,,,,,G05,,,baseline_end,data_present,30.779849767684937,0.0,0.0,,,,,,,当前QC指标正常。,2c45acad-6db6-41d5-89db-d3b3e344aa65,sub-005,ses-001,,,1789637489.0214782,,,recorder,server,,,25143,25143,0,-4.579782485961914,host_receive_nearest,,,,,,,,,,,,0,,,,,,,,,,,,,,,,,,,,,,,,1789637489.0214782,25143,,,,,,,,,,
5f9edf6f-c12e-48c9-baea-61480e0d2912,block_start,1789637507.9570556,119.528,29883,1,1,,1,G05,A,focused,block_start,V3,,0.0,0.0,,,,,,,condition=A; condition_type=focused,2c45acad-6db6-41d5-89db-d3b3e344aa65,sub-005,ses-001,5f9edf6f-c12e-48c9-baea-61480e0d2912,68e07060-2057-490d-865c-e3c07c73e2ab,1789637507.967347,1789637507.9563,323472.799999997,68e07060-2057-490d-865c-e3c07c73e2ab,browser_calibrated,0.0007555484771728516,6.899833679199219,29882,29882,0,-8.038043975830078,host_receive_nearest,verified,0,1,,,,,,,,,1,,,,,,,,,,,,,,,,,,,,V3,A,0,1789637507.9563,1789637507.96792,29882,,,,,,,,,,
5f9edf6f-c12e-48c9-baea-61480e0d2912,condition_prompt_start,1789637507.9570556,119.528,29883,1,1,,1,G05,A,focused,condition_prompt_start,A,,0.0,0.0,,,,,,,,2c45acad-6db6-41d5-89db-d3b3e344aa65,sub-005,ses-001,5f9edf6f-c12e-48c9-baea-61480e0d2912,68e07060-2057-490d-865c-e3c07c73e2ab,1789637507.967347,1789637507.9563,323472.799999997,68e07060-2057-490d-865c-e3c07c73e2ab,browser_calibrated,0.0007555484771728516,6.899833679199219,29882,29882,0,-8.038043975830078,host_receive_nearest,verified,0,1,,,,,,,,,1,,,,,,,,,,,,,,,,,,,,V3,A,0,1789637507.9563,1789637507.9683225,29882,,,,,,,,,,
5f9edf6f-c12e-48c9-baea-61480e0d2912,browser_block_config,1789637507.9570556,119.528,29883,1,1,,1,G05,A,focused,browser_block_config,V3,,0.0,0.0,,,,,,,"{""client_event_id"":""5f9edf6f-c12e-48c9-baea-61480e0d2912"",""recorder_run_id"":""2c45acad-6db6-41d5-89db-d3b3e344aa65"",""client_id"":""68e07060-2057-490d-865c-e3c07c73e2ab"",""client_timestamp"":1789637507.9563,""client_monotonic_ms"":323472.799999997,""event_timestamp"":1789637507.9570556,""clock_offset_sec"":0.0007555484771728516,""clock_round_trip_ms"":6.899833679199219,""subject_id"":""sub-005"",""session_id"":""ses-001"",""block_id"":""Block 1"",""counterbalance_group"":""G05"",""block_order"":""Block 1"",""condition"":""A"",""condition_type"":""focused"",""topic_key"":""V3"",""topic_name"":""道德经主要讲的是什么"",""event_type"":""block_start"",""iso_time"":""2026-09-17T09:31:47.956Z"",""relative_ms"":0,""video_time_sec"":0,""block_start_iso"":""2026-09-17T09:31:47.956Z"",""config_json"":""{\""recorder_run_id\"":\""2c45acad-6db6-41d5-89db-d3b3e344aa65\"",\""subject_id\"":\""sub-005\"",\""session_id\"":\""ses-001\"",\""block_id\"":\""Block 1\"",\""counterbalance_group\"":\""G05\"",\""condition\"":\""A\"",\""condition_type\"":\""focused\"",\""topic_key\"":\""V3\"",\""topic_name\"":\""道德经主要讲的是什么\"",\""video_file\"":\""视频3-混知漫画｜《道德经》主要讲的啥呢？老子（下）-480P 标清-AVC.mp4\"",\""start_number\"":\""\"",\""generated_timestamp\"":\""\""}""}",2c45acad-6db6-41d5-89db-d3b3e344aa65,sub-005,ses-001,5f9edf6f-c12e-48c9-baea-61480e0d2912,68e07060-2057-490d-865c-e3c07c73e2ab,1789637507.967347,1789637507.9563,323472.799999997,68e07060-2057-490d-865c-e3c07c73e2ab,browser_calibrated,0.0007555484771728516,6.899833679199219,29882,29882,0,-8.038043975830078,host_receive_nearest,verified,0,1,,,,,,,,,1,,,,,,,,,,,,,,,,,,,,V3,A,0,1789637507.9563,1789637507.968554,29882,,,,,,,,,,
98fa6eeb-cb00-41f9-9a96-4137c739859a,probe_schedule,1789637508.0109556,119.588,29898,1,1,,1,G05,A,focused,probe_schedule,"61.442,123.611,212.293,273.647",,0.0,0.0,,,,,,,"{""client_event_id"":""98fa6eeb-cb00-41f9-9a96-4137c739859a"",""recorder_run_id"":""2c45acad-6db6-41d5-89db-d3b3e344aa65"",""client_id"":""68e07060-2057-490d-865c-e3c07c73e2ab"",""client_timestamp"":1789637508.0102,""client_monotonic_ms"":323526.799999997,""event_timestamp"":1789637508.0109556,""clock_offset_sec"":0.0007555484771728516,""clock_round_trip_ms"":6.899833679199219,""subject_id"":""sub-005"",""session_id"":""ses-001"",""block_id"":""Block 1"",""counterbalance_group"":""G05"",""block_order"":""Block 1"",""condition"":""A"",""condition_type"":""focused"",""topic_key"":""V3"",""topic_name"":""道德经主要讲的是什么"",""event_type"":""probe_schedule"",""iso_time"":""2026-09-17T09:31:48.010Z"",""relative_ms"":54,""video_time_sec"":0,""probe_schedule_id"":""05e8576f-3e6b-42aa-859e-d6a1ffdad169"",""probe_times"":[61.442,123.611,212.293,273.647],""probe_config"":{""probes_per_block"":4,""min_first_onset_sec"":45,""min_end_margin_sec"":30,""min_gap_sec"":45},""video_duration_sec"":326.241,""video_id"":""V3"",""debug_fast"":false}",2c45acad-6db6-41d5-89db-d3b3e344aa65,sub-005,ses-001,98fa6eeb-cb00-41f9-9a96-4137c739859a,68e07060-2057-490d-865c-e3c07c73e2ab,1789637508.0248833,1789637508.0102,323526.799999997,68e07060-2057-490d-865c-e3c07c73e2ab,browser_calibrated,0.0007555484771728516,6.899833679199219,29897,29897,0,-3.7064552307128906,host_receive_nearest,verified,1,1,,,,,,,,,1,,,,,,,,,,,,,,,,,,,,V3,A,0,1789637508.0102,1789637508.0251522,29897,,4,05e8576f-3e6b-42aa-859e-d6a1ffdad169,,,,,,,
951762de-d650-44f4-ae31-6c8fc329855d,condition_prompt_end,1789637513.0415,124.612,31158,1,1,,1,G05,A,focused,condition_prompt_end,0,,0.0,0.0,,,,,,,"{""client_event_id"":""951762de-d650-44f4-ae31-6c8fc329855d"",""recorder_run_id"":""2c45acad-6db6-41d5-89db-d3b3e344aa65"",""client_id"":""68e07060-2057-490d-865c-e3c07c73e2ab"",""client_timestamp"":1789637513.0416,""client_monotonic_ms"":328558.200000003,""event_timestamp"":1789637513.0415,""clock_offset_sec"":0.0007555484771728516,""clock_round_trip_ms"":6.899833679199219,""subject_id"":""sub-005"",""session_id"":""ses-001"",""block_id"":""Block 1"",""counterbalance_group"":""G05"",""block_order"":""Block 1"",""condition"":""A"",""condition_type"":""focused"",""topic_key"":""V3"",""topic_name"":""道德经主要讲的是什么"",""event_type"":""condition_prompt_end"",""iso_time"":""2026-09-17T09:31:53.041Z"",""relative_ms"":5086,""video_time_sec"":0}",2c45acad-6db6-41d5-89db-d3b3e344aa65,sub-005,ses-001,951762de-d650-44f4-ae31-6c8fc329855d,68e07060-2057-490d-865c-e3c07c73e2ab,1789637513.0997133,1789637513.0416,328558.200000003,68e07060-2057-490d-865c-e3c07c73e2ab,browser_calibrated,0.0007555484771728516,6.899833679199219,31153,31153,0,18.95427703857422,host_receive_nearest,verified,1,0,,,,,,,,,1,,,,,,,,,,,,,,,,,,,,V3,A,0,1789637513.0416,1789637513.0998242,31153,,,,,,,,,,
ac68ac1a-282f-4578-86c6-e2dadae43292,video_start,1789637513.0415,124.612,31173,1,1,,1,G05,A,focused,video_start,V3,,0.0,0.0,,,,,,,,2c45acad-6db6-41d5-89db-d3b3e344aa65,sub-005,ses-001,ac68ac1a-282f-4578-86c6-e2dadae43292,68e07060-2057-490d-865c-e3c07c73e2ab,1789637513.1116838,1789637513.0458999,328562.39999999106,68e07060-2057-490d-865c-e3c07c73e2ab,browser_calibrated,0.0007555484771728516,6.899833679199219,31153,31153,0,18.95427703857422,host_receive_nearest,verified,1,1,,,,,,,,,1,,,,,,,,,,,,,,,,,,,,V3,A,0,1789637513.0458999,1789637513.1118066,31153,,,,,,,,,,
ac68ac1a-282f-4578-86c6-e2dadae43292,video_play,1789637513.0415,124.612,31173,1,1,,1,G05,A,focused,video_play,0,,0.0,0.0,,,,,,,"{""client_event_id"":""ac68ac1a-282f-4578-86c6-e2dadae43292"",""recorder_run_id"":""2c45acad-6db6-41d5-89db-d3b3e344aa65"",""client_id"":""68e07060-2057-490d-865c-e3c07c73e2ab"",""client_timestamp"":1789637513.0458999,""client_monotonic_ms"":328562.39999999106,""event_timestamp"":1789637513.0415,""clock_offset_sec"":0.0007555484771728516,""clock_round_trip_ms"":6.899833679199219,""subject_id"":""sub-005"",""session_id"":""ses-001"",""block_id"":""Block 1"",""counterbalance_group"":""G05"",""block_order"":""Block 1"",""condition"":""A"",""condition_type"":""focused"",""topic_key"":""V3"",""topic_name"":""道德经主要讲的是什么"",""event_type"":""video_play"",""iso_time"":""2026-09-17T09:31:53.045Z"",""relative_ms"":5090,""video_time_sec"":0}",2c45acad-6db6-41d5-89db-d3b3e344aa65,sub-005,ses-001,ac68ac1a-282f-4578-86c6-e2dadae43292,68e07060-2057-490d-865c-e3c07c73e2ab,1789637513.1116838,1789637513.0458999,328562.39999999106,68e07060-2057-490d-865c-e3c07c73e2ab,browser_calibrated,0.0007555484771728516,6.899833679199219,31153,31153,0,18.95427703857422,host_receive_nearest,verified,1,1,,,,,,,,,1,,,,,,,,,,,,,,,,,,,,V3,A,0,1789637513.0458999,1789637513.1120918,31153,,,,,,,,,,
1d40844e-2409-4e1b-8882-48c8b3b4accd,probe_onset,1789637574.7382133,186.308,46578,1,1,,1,G05,A,focused,probe_onset,Block 1_1_05e8576f,,0.0,0.0,,,,,,,"{""client_event_id"":""1d40844e-2409-4e1b-8882-48c8b3b4accd"",""recorder_run_id"":""2c45acad-6db6-41d5-89db-d3b3e344aa65"",""client_id"":""68e07060-2057-490d-865c-e3c07c73e2ab"",""client_timestamp"":1789637574.7381,""client_monotonic_ms"":390254.59999999404,""event_timestamp"":1789637574.7382133,""clock_offset_sec"":0.00011324882507324219,""clock_round_trip_ms"":4.699945449829102,""subject_id"":""sub-005"",""session_id"":""ses-001"",""block_id"":""Block 1"",""counterbalance_group"":""G05"",""block_order"":""Block 1"",""condition"":""A"",""condition_type"":""focused"",""topic_key"":""V3"",""topic_name"":""道德经主要讲的是什么"",""event_type"":""probe_onset"",""iso_time"":""2026-09-17T09:32:54.738Z"",""relative_ms"":66782,""video_time_sec"":61.64,""probe_id"":""Block 1_1_05e8576f"",""probe_index"":1,""probe_schedule_id"":""05e8576f-3e6b-42aa-859e-d6a1ffdad169"",""probe_planned_time_sec"":61.442,""video_id"":""V3"",""pause_reason"":""thought_probe"",""forced"":false}",2c45acad-6db6-41d5-89db-d3b3e344aa65,sub-005,ses-001,1d40844e-2409-4e1b-8882-48c8b3b4accd,68e07060-2057-490d-865c-e3c07c73e2ab,1789637574.7595541,1789637574.7381,390254.59999999404,68e07060-2057-490d-865c-e3c07c73e2ab,browser_calibrated,0.00011324882507324219,4.699945449829102,46577,46577,0,-11.547327041625977,host_receive_nearest,verified,1,1,,,,,,,,,1,,,,,,,,,,,,,,,,,,,,V3,A,61.64,1789637574.7381,1789637574.7596922,46577,Block 1_1_05e8576f,1,05e8576f-3e6b-42aa-859e-d6a1ffdad169,61.442,,,,,,thought_probe
81485481-c17e-42b9-acf8-5cff6e12fe39,attention_response,1789637586.4023132,197.988,49498,1,1,,1,G05,A,focused,attention_response,1,,0.0,0.0,,,,,,,"{""client_event_id"":""81485481-c17e-42b9-acf8-5cff6e12fe39"",""recorder_run_id"":""2c45acad-6db6-41d5-89db-d3b3e344aa65"",""client_id"":""68e07060-2057-490d-865c-e3c07c73e2ab"",""client_timestamp"":1789637586.4022,""client_monotonic_ms"":401918.700000003,""event_timestamp"":1789637586.4023132,""clock_offset_sec"":0.00011324882507324219,""clock_round_trip_ms"":4.699945449829102,""subject_id"":""sub-005"",""session_id"":""ses-001"",""block_id"":""Block 1"",""counterbalance_group"":""G05"",""block_order"":""Block 1"",""condition"":""A"",""condition_type"":""focused"",""topic_key"":""V3"",""topic_name"":""道德经主要讲的是什么"",""event_type"":""attention_response"",""iso_time"":""2026-09-17T09:33:06.402Z"",""relative_ms"":78446,""video_time_sec"":61.64,""probe_id"":""Block 1_1_05e8576f"",""probe_index"":1,""probe_schedule_id"":""05e8576f-3e6b-42aa-859e-d6a1ffdad169"",""probe_planned_time_sec"":61.442,""video_id"":""V3"",""response"":1,""response_label"":""课程内容"",""probe_attention"":""ON"",""response_time_ms"":11665}",2c45acad-6db6-41d5-89db-d3b3e344aa65,sub-005,ses-001,81485481-c17e-42b9-acf8-5cff6e12fe39,68e07060-2057-490d-865c-e3c07c73e2ab,1789637586.4112241,1789637586.4022,401918.700000003,68e07060-2057-490d-865c-e3c07c73e2ab,browser_calibrated,0.00011324882507324219,4.699945449829102,49497,49497,0,-3.038644790649414,host_receive_nearest,verified,1,1,,,,,,,,,1,,,,,,,,,,,,,,,,,,,,V3,A,61.64,1789637586.4022,1789637586.4444637,49497,Block 1_1_05e8576f,1,05e8576f-3e6b-42aa-859e-d6a1ffdad169,61.442,1,课程内容,11665,,ON,
bab6c6dd-056a-44e8-89a4-cd6fb5d00ab2,confidence_response,1789637592.0894134,203.652,50923,1,1,,1,G05,A,focused,confidence_response,4,,0.0,0.0,,,,,,,"{""client_event_id"":""bab6c6dd-056a-44e8-89a4-cd6fb5d00ab2"",""recorder_run_id"":""2c45acad-6db6-41d5-89db-d3b3e344aa65"",""client_id"":""68e07060-2057-490d-865c-e3c07c73e2ab"",""client_timestamp"":1789637592.0893002,""client_monotonic_ms"":407605.89999999106,""event_timestamp"":1789637592.0894134,""clock_offset_sec"":0.00011324882507324219,""clock_round_trip_ms"":4.699945449829102,""subject_id"":""sub-005"",""session_id"":""ses-001"",""block_id"":""Block 1"",""counterbalance_group"":""G05"",""block_order"":""Block 1"",""condition"":""A"",""condition_type"":""focused"",""topic_key"":""V3"",""topic_name"":""道德经主要讲的是什么"",""event_type"":""confidence_response"",""iso_time"":""2026-09-17T09:33:12.089Z"",""relative_ms"":84133,""video_time_sec"":61.64,""probe_id"":""Block 1_1_05e8576f"",""probe_index"":1,""probe_schedule_id"":""05e8576f-3e6b-42aa-859e-d6a1ffdad169"",""probe_planned_time_sec"":61.442,""video_id"":""V3"",""response"":1,""confidence"":4,""response_time_ms"":5687}",2c45acad-6db6-41d5-89db-d3b3e344aa65,sub-005,ses-001,bab6c6dd-056a-44e8-89a4-cd6fb5d00ab2,68e07060-2057-490d-865c-e3c07c73e2ab,1789637592.1030757,1789637592.0893002,407605.89999999106,68e07060-2057-490d-865c-e3c07c73e2ab,browser_calibrated,0.00011324882507324219,4.699945449829102,50913,50913,0,8.835792541503906,host_receive_nearest,verified,1,1,,,,,,,,,1,,,,,,,,,,,,,,,,,,,,V3,A,61.64,1789637592.0893002,1789637592.1369548,50913,Block 1_1_05e8576f,1,05e8576f-3e6b-42aa-859e-d6a1ffdad169,61.442,,,5687,4,,
fb82ebcb-edf8-4b16-aa21-0b7bb652ae23,phase_change,1789637592.095513,203.652,50928,1,1,,1,G05,A,focused,phase_change,video,,0.0,0.0,,,,,,,,2c45acad-6db6-41d5-89db-d3b3e344aa65,sub-005,ses-001,fb82ebcb-edf8-4b16-aa21-0b7bb652ae23,68e07060-2057-490d-865c-e3c07c73e2ab,1789637592.1567268,1789637592.0953999,407612,68e07060-2057-490d-865c-e3c07c73e2ab,browser_calibrated,0.00011324882507324219,4.699945449829102,50913,50913,0,2.7360916137695312,host_receive_nearest,verified,1,1,,,,,,,,,1,,,,,,,,,,,,,,,,,,,,V3,A,61.64,1789637592.0953999,1789637592.1568706,50913,,,,,,,,,,
fb82ebcb-edf8-4b16-aa21-0b7bb652ae23,video_resume,1789637592.095513,203.652,50928,1,1,,1,G05,A,focused,video_resume,61.64,,0.0,0.0,,,,,,,"{""client_event_id"":""fb82ebcb-edf8-4b16-aa21-0b7bb652ae23"",""recorder_run_id"":""2c45acad-6db6-41d5-89db-d3b3e344aa65"",""client_id"":""68e07060-2057-490d-865c-e3c07c73e2ab"",""client_timestamp"":1789637592.0953999,""client_monotonic_ms"":407612,""event_timestamp"":1789637592.095513,""clock_offset_sec"":0.00011324882507324219,""clock_round_trip_ms"":4.699945449829102,""subject_id"":""sub-005"",""session_id"":""ses-001"",""block_id"":""Block 1"",""counterbalance_group"":""G05"",""block_order"":""Block 1"",""condition"":""A"",""condition_type"":""focused"",""topic_key"":""V3"",""topic_name"":""道德经主要讲的是什么"",""event_type"":""video_resume"",""iso_time"":""2026-09-17T09:33:12.095Z"",""relative_ms"":84139,""video_time_sec"":61.64,""probe_id"":""Block 1_1_05e8576f"",""probe_index"":1,""probe_schedule_id"":""05e8576f-3e6b-42aa-859e-d6a1ffdad169"",""probe_planned_time_sec"":61.442,""video_id"":""V3"",""pause_reason"":""thought_probe"",""resume_status"":""playing""}",2c45acad-6db6-41d5-89db-d3b3e344aa65,sub-005,ses-001,fb82ebcb-edf8-4b16-aa21-0b7bb652ae23,68e07060-2057-490d-865c-e3c07c73e2ab,1789637592.1567268,1789637592.0953999,407612,68e07060-2057-490d-865c-e3c07c73e2ab,browser_calibrated,0.00011324882507324219,4.699945449829102,50913,50913,0,2.7360916137695312,host_receive_nearest,verified,1,1,,,,,,,,,1,,,,,,,,,,,,,,,,,,,,V3,A,61.64,1789637592.0953999,1789637592.1573768,50913,Block 1_1_05e8576f,,,,,,,,,thought_probe
c522e1e6-5438-4264-8dfc-bed9a9071c14,probe_onset,1789637654.3293195,265.908,66478,1,1,,1,G05,A,focused,probe_onset,Block 1_2_05e8576f,,0.0,0.0,,,,,,,"{""client_event_id"":""c522e1e6-5438-4264-8dfc-bed9a9071c14"",""recorder_run_id"":""2c45acad-6db6-41d5-89db-d3b3e344aa65"",""client_id"":""68e07060-2057-490d-865c-e3c07c73e2ab"",""client_timestamp"":1789637654.3293998,""client_monotonic_ms"":469845.89999999106,""event_timestamp"":1789637654.3293195,""clock_offset_sec"":-8.034706115722656e-05,""clock_round_trip_ms"":6.200075149536133,""subject_id"":""sub-005"",""session_id"":""ses-001"",""block_id"":""Block 1"",""counterbalance_group"":""G05"",""block_order"":""Block 1"",""condition"":""A"",""condition_type"":""focused"",""topic_key"":""V3"",""topic_name"":""道德经主要讲的是什么"",""event_type"":""probe_onset"",""iso_time"":""2026-09-17T09:34:14.329Z"",""relative_ms"":146373,""video_time_sec"":123.631,""probe_id"":""Block 1_2_05e8576f"",""probe_index"":2,""probe_schedule_id"":""05e8576f-3e6b-42aa-859e-d6a1ffdad169"",""probe_planned_time_sec"":123.611,""video_id"":""V3"",""pause_reason"":""thought_probe"",""forced"":false}",2c45acad-6db6-41d5-89db-d3b3e344aa65,sub-005,ses-001,c522e1e6-5438-4264-8dfc-bed9a9071c14,68e07060-2057-490d-865c-e3c07c73e2ab,1789637654.3479428,1789637654.3293998,469845.89999999106,68e07060-2057-490d-865c-e3c07c73e2ab,browser_calibrated,-8.034706115722656e-05,6.200075149536133,66477,66477,0,-11.248350143432617,host_receive_nearest,verified,1,1,,,,,,,,,1,,,,,,,,,,,,,,,,,,,,V3,A,123.631,1789637654.3293998,1789637654.3480787,66477,Block 1_2_05e8576f,2,05e8576f-3e6b-42aa-859e-d6a1ffdad169,123.611,,,,,,thought_probe
f68bd256-f057-40cd-8e6e-aa0a4159d6da,attention_response,1789637658.0372198,269.608,67403,1,1,,1,G05,A,focused,attention_response,1,,0.0,0.0,,,,,,,"{""client_event_id"":""f68bd256-f057-40cd-8e6e-aa0a4159d6da"",""recorder_run_id"":""2c45acad-6db6-41d5-89db-d3b3e344aa65"",""client_id"":""68e07060-2057-490d-865c-e3c07c73e2ab"",""client_timestamp"":1789637658.0373,""client_monotonic_ms"":473553.799999997,""event_timestamp"":1789637658.0372198,""clock_offset_sec"":-8.034706115722656e-05,""clock_round_trip_ms"":6.200075149536133,""subject_id"":""sub-005"",""session_id"":""ses-001"",""block_id"":""Block 1"",""counterbalance_group"":""G05"",""block_order"":""Block 1"",""condition"":""A"",""condition_type"":""focused"",""topic_key"":""V3"",""topic_name"":""道德经主要讲的是什么"",""event_type"":""attention_response"",""iso_time"":""2026-09-17T09:34:18.037Z"",""relative_ms"":150081,""video_time_sec"":123.631,""probe_id"":""Block 1_2_05e8576f"",""probe_index"":2,""probe_schedule_id"":""05e8576f-3e6b-42aa-859e-d6a1ffdad169"",""probe_planned_time_sec"":123.611,""video_id"":""V3"",""response"":1,""response_label"":""课程内容"",""probe_attention"":""ON"",""response_time_ms"":3708}",2c45acad-6db6-41d5-89db-d3b3e344aa65,sub-005,ses-001,f68bd256-f057-40cd-8e6e-aa0a4159d6da,68e07060-2057-490d-865c-e3c07c73e2ab,1789637658.0469143,1789637658.0373,473553.799999997,68e07060-2057-490d-865c-e3c07c73e2ab,browser_calibrated,-8.034706115722656e-05,6.200075149536133,67402,67402,0,-25.67768096923828,host_receive_nearest,verified,1,1,,,,,,,,,1,,,,,,,,,,,,,,,,,,,,V3,A,123.631,1789637658.0373,1789637658.0817523,67402,Block 1_2_05e8576f,2,05e8576f-3e6b-42aa-859e-d6a1ffdad169,123.611,1,课程内容,3708,,ON,
abca96c5-3069-4667-9cde-ab8ed08cdb3e,confidence_response,1789637660.6540198,272.228,68058,1,1,,1,G05,A,focused,confidence_response,4,,0.0,0.0,,,,,,,"{""client_event_id"":""abca96c5-3069-4667-9cde-ab8ed08cdb3e"",""recorder_run_id"":""2c45acad-6db6-41d5-89db-d3b3e344aa65"",""client_id"":""68e07060-2057-490d-865c-e3c07c73e2ab"",""client_timestamp"":1789637660.6541002,""client_monotonic_ms"":476170.59999999404,""event_timestamp"":1789637660.6540198,""clock_offset_sec"":-8.034706115722656e-05,""clock_round_trip_ms"":6.200075149536133,""subject_id"":""sub-005"",""session_id"":""ses-001"",""block_id"":""Block 1"",""counterbalance_group"":""G05"",""block_order"":""Block 1"",""condition"":""A"",""condition_type"":""focused"",""topic_key"":""V3"",""topic_name"":""道德经主要讲的是什么"",""event_type"":""confidence_response"",""iso_time"":""2026-09-17T09:34:20.654Z"",""relative_ms"":152698,""video_time_sec"":123.631,""probe_id"":""Block 1_2_05e8576f"",""probe_index"":2,""probe_schedule_id"":""05e8576f-3e6b-42aa-859e-d6a1ffdad169"",""probe_planned_time_sec"":123.611,""video_id"":""V3"",""response"":1,""confidence"":4,""response_time_ms"":2617}",2c45acad-6db6-41d5-89db-d3b3e344aa65,sub-005,ses-001,abca96c5-3069-4667-9cde-ab8ed08cdb3e,68e07060-2057-490d-865c-e3c07c73e2ab,1789637660.6644177,1789637660.6541002,476170.59999999404,68e07060-2057-490d-865c-e3c07c73e2ab,browser_calibrated,-8.034706115722656e-05,6.200075149536133,68057,68057,0,-5.454778671264648,host_receive_nearest,verified,1,1,,,,,,,,,1,,,,,,,,,,,,,,,,,,,,V3,A,123.631,1789637660.6541002,1789637660.6785192,68057,Block 1_2_05e8576f,2,05e8576f-3e6b-42aa-859e-d6a1ffdad169,123.611,,,2617,4,,
e6e7b765-4b30-4738-8d36-36ac914fa4b5,phase_change,1789637660.6643195,272.228,68068,1,1,,1,G05,A,focused,phase_change,video,,0.0,0.0,,,,,,,,2c45acad-6db6-41d5-89db-d3b3e344aa65,sub-005,ses-001,e6e7b765-4b30-4738-8d36-36ac914fa4b5,68e07060-2057-490d-865c-e3c07c73e2ab,1789637660.7007878,1789637660.6643999,476180.89999999106,68e07060-2057-490d-865c-e3c07c73e2ab,browser_calibrated,-8.034706115722656e-05,6.200075149536133,68057,68057,0,-15.754461288452148,host_receive_nearest,verified,1,1,,,,,,,,,1,,,,,,,,,,,,,,,,,,,,V3,A,123.684,1789637660.6643999,1789637660.7009556,68057,,,,,,,,,,
e6e7b765-4b30-4738-8d36-36ac914fa4b5,video_resume,1789637660.6643195,272.228,68068,1,1,,1,G05,A,focused,video_resume,123.684,,0.0,0.0,,,,,,,"{""client_event_id"":""e6e7b765-4b30-4738-8d36-36ac914fa4b5"",""recorder_run_id"":""2c45acad-6db6-41d5-89db-d3b3e344aa65"",""client_id"":""68e07060-2057-490d-865c-e3c07c73e2ab"",""client_timestamp"":1789637660.6643999,""client_monotonic_ms"":476180.89999999106,""event_timestamp"":1789637660.6643195,""clock_offset_sec"":-8.034706115722656e-05,""clock_round_trip_ms"":6.200075149536133,""subject_id"":""sub-005"",""session_id"":""ses-001"",""block_id"":""Block 1"",""counterbalance_group"":""G05"",""block_order"":""Block 1"",""condition"":""A"",""condition_type"":""focused"",""topic_key"":""V3"",""topic_name"":""道德经主要讲的是什么"",""event_type"":""video_resume"",""iso_time"":""2026-09-17T09:34:20.664Z"",""relative_ms"":152708,""video_time_sec"":123.684,""probe_id"":""Block 1_2_05e8576f"",""probe_index"":2,""probe_schedule_id"":""05e8576f-3e6b-42aa-859e-d6a1ffdad169"",""probe_planned_time_sec"":123.611,""video_id"":""V3"",""pause_reason"":""thought_probe"",""resume_status"":""playing""}",2c45acad-6db6-41d5-89db-d3b3e344aa65,sub-005,ses-001,e6e7b765-4b30-4738-8d36-36ac914fa4b5,68e07060-2057-490d-865c-e3c07c73e2ab,1789637660.7007878,1789637660.6643999,476180.89999999106,68e07060-2057-490d-865c-e3c07c73e2ab,browser_calibrated,-8.034706115722656e-05,6.200075149536133,68057,68057,0,-15.754461288452148,host_receive_nearest,verified,1,1,,,,,,,,,1,,,,,,,,,,,,,,,,,,,,V3,A,123.684,1789637660.6643999,1789637660.7013423,68057,Block 1_2_05e8576f,,,,,,,,,thought_probe
cb15ebed-bc27-4fde-9e28-f36f92882211,probe_onset,1789637749.5015929,361.064,90267,1,1,,1,G05,A,focused,probe_onset,Block 1_3_05e8576f,,0.0,0.0,,,,,,,"{""client_event_id"":""cb15ebed-bc27-4fde-9e28-f36f92882211"",""recorder_run_id"":""2c45acad-6db6-41d5-89db-d3b3e344aa65"",""client_id"":""68e07060-2057-490d-865c-e3c07c73e2ab"",""client_timestamp"":1789637749.5014,""client_monotonic_ms"":565017.8999999911,""event_timestamp"":1789637749.5015929,""clock_offset_sec"":0.00019288063049316406,""clock_round_trip_ms"":4.499912261962891,""subject_id"":""sub-005"",""session_id"":""ses-001"",""block_id"":""Block 1"",""counterbalance_group"":""G05"",""block_order"":""Block 1"",""condition"":""A"",""condition_type"":""focused"",""topic_key"":""V3"",""topic_name"":""道德经主要讲的是什么"",""event_type"":""probe_onset"",""iso_time"":""2026-09-17T09:35:49.501Z"",""relative_ms"":241545,""video_time_sec"":212.463,""probe_id"":""Block 1_3_05e8576f"",""probe_index"":3,""probe_schedule_id"":""05e8576f-3e6b-42aa-859e-d6a1ffdad169"",""probe_planned_time_sec"":212.293,""video_id"":""V3"",""pause_reason"":""thought_probe"",""forced"":false}",2c45acad-6db6-41d5-89db-d3b3e344aa65,sub-005,ses-001,cb15ebed-bc27-4fde-9e28-f36f92882211,68e07060-2057-490d-865c-e3c07c73e2ab,1789637749.5219333,1789637749.5014,565017.8999999911,68e07060-2057-490d-865c-e3c07c73e2ab,browser_calibrated,0.00019288063049316406,4.499912261962891,90266,90266,0,-25.643110275268555,host_receive_nearest,verified,1,1,,,,,,,,,1,,,,,,,,,,,,,,,,,,,,V3,A,212.463,1789637749.5014,1789637749.5220883,90266,Block 1_3_05e8576f,3,05e8576f-3e6b-42aa-859e-d6a1ffdad169,212.293,,,,,,thought_probe
b2107200-02cc-4287-aec0-8a0f1dbc7268,attention_response,1789637753.2729928,364.824,91207,1,1,,1,G05,A,focused,attention_response,1,,0.0,0.0,,,,,,,"{""client_event_id"":""b2107200-02cc-4287-aec0-8a0f1dbc7268"",""recorder_run_id"":""2c45acad-6db6-41d5-89db-d3b3e344aa65"",""client_id"":""68e07060-2057-490d-865c-e3c07c73e2ab"",""client_timestamp"":1789637753.2728,""client_monotonic_ms"":568789.299999997,""event_timestamp"":1789637753.2729928,""clock_offset_sec"":0.00019288063049316406,""clock_round_trip_ms"":4.499912261962891,""subject_id"":""sub-005"",""session_id"":""ses-001"",""block_id"":""Block 1"",""counterbalance_group"":""G05"",""block_order"":""Block 1"",""condition"":""A"",""condition_type"":""focused"",""topic_key"":""V3"",""topic_name"":""道德经主要讲的是什么"",""event_type"":""attention_response"",""iso_time"":""2026-09-17T09:35:53.272Z"",""relative_ms"":245317,""video_time_sec"":212.463,""probe_id"":""Block 1_3_05e8576f"",""probe_index"":3,""probe_schedule_id"":""05e8576f-3e6b-42aa-859e-d6a1ffdad169"",""probe_planned_time_sec"":212.293,""video_id"":""V3"",""response"":1,""response_label"":""课程内容"",""probe_attention"":""ON"",""response_time_ms"":3772}",2c45acad-6db6-41d5-89db-d3b3e344aa65,sub-005,ses-001,b2107200-02cc-4287-aec0-8a0f1dbc7268,68e07060-2057-490d-865c-e3c07c73e2ab,1789637753.2819364,1789637753.2728,568789.299999997,68e07060-2057-490d-865c-e3c07c73e2ab,browser_calibrated,0.00019288063049316406,4.499912261962891,91206,91206,0,-43.929338455200195,host_receive_nearest,verified,1,1,,,,,,,,,1,,,,,,,,,,,,,,,,,,,,V3,A,212.463,1789637753.2728,1789637753.294661,91206,Block 1_3_05e8576f,3,05e8576f-3e6b-42aa-859e-d6a1ffdad169,212.293,1,课程内容,3772,,ON,
c3364981-f0be-4ca2-ab1d-613dc5e200ca,confidence_response,1789637754.777793,366.348,91597,1,1,,1,G05,A,focused,confidence_response,4,,0.0,0.0,,,,,,,"{""client_event_id"":""c3364981-f0be-4ca2-ab1d-613dc5e200ca"",""recorder_run_id"":""2c45acad-6db6-41d5-89db-d3b3e344aa65"",""client_id"":""68e07060-2057-490d-865c-e3c07c73e2ab"",""client_timestamp"":1789637754.7776,""client_monotonic_ms"":570294.099999994,""event_timestamp"":1789637754.777793,""clock_offset_sec"":0.00019288063049316406,""clock_round_trip_ms"":4.499912261962891,""subject_id"":""sub-005"",""session_id"":""ses-001"",""block_id"":""Block 1"",""counterbalance_group"":""G05"",""block_order"":""Block 1"",""condition"":""A"",""condition_type"":""focused"",""topic_key"":""V3"",""topic_name"":""道德经主要讲的是什么"",""event_type"":""confidence_response"",""iso_time"":""2026-09-17T09:35:54.777Z"",""relative_ms"":246822,""video_time_sec"":212.463,""probe_id"":""Block 1_3_05e8576f"",""probe_index"":3,""probe_schedule_id"":""05e8576f-3e6b-42aa-859e-d6a1ffdad169"",""probe_planned_time_sec"":212.293,""video_id"":""V3"",""response"":1,""confidence"":4,""response_time_ms"":1505}",2c45acad-6db6-41d5-89db-d3b3e344aa65,sub-005,ses-001,c3364981-f0be-4ca2-ab1d-613dc5e200ca,68e07060-2057-490d-865c-e3c07c73e2ab,1789637754.7902415,1789637754.7776,570294.099999994,68e07060-2057-490d-865c-e3c07c73e2ab,browser_calibrated,0.00019288063049316406,4.499912261962891,91587,91587,0,8.646011352539062,host_receive_nearest,verified,1,1,,,,,,,,,1,,,,,,,,,,,,,,,,,,,,V3,A,212.463,1789637754.7776,1789637754.822865,91587,Block 1_3_05e8576f,3,05e8576f-3e6b-42aa-859e-d6a1ffdad169,212.293,,,1505,4,,
392882e6-d88b-41a0-85da-cbb053dd4ca3,phase_change,1789637754.7824929,366.348,91602,1,1,,1,G05,A,focused,phase_change,video,,0.0,0.0,,,,,,,,2c45acad-6db6-41d5-89db-d3b3e344aa65,sub-005,ses-001,392882e6-d88b-41a0-85da-cbb053dd4ca3,68e07060-2057-490d-865c-e3c07c73e2ab,1789637754.8438973,1789637754.7823,570298.799999997,68e07060-2057-490d-865c-e3c07c73e2ab,browser_calibrated,0.00019288063049316406,4.499912261962891,91587,91587,0,3.946065902709961,host_receive_nearest,verified,1,1,,,,,,,,,1,,,,,,,,,,,,,,,,,,,,V3,A,212.535,1789637754.7823,1789637754.844045,91587,,,,,,,,,,
392882e6-d88b-41a0-85da-cbb053dd4ca3,video_resume,1789637754.7824929,366.348,91602,1,1,,1,G05,A,focused,video_resume,212.535,,0.0,0.0,,,,,,,"{""client_event_id"":""392882e6-d88b-41a0-85da-cbb053dd4ca3"",""recorder_run_id"":""2c45acad-6db6-41d5-89db-d3b3e344aa65"",""client_id"":""68e07060-2057-490d-865c-e3c07c73e2ab"",""client_timestamp"":1789637754.7823,""client_monotonic_ms"":570298.799999997,""event_timestamp"":1789637754.7824929,""clock_offset_sec"":0.00019288063049316406,""clock_round_trip_ms"":4.499912261962891,""subject_id"":""sub-005"",""session_id"":""ses-001"",""block_id"":""Block 1"",""counterbalance_group"":""G05"",""block_order"":""Block 1"",""condition"":""A"",""condition_type"":""focused"",""topic_key"":""V3"",""topic_name"":""道德经主要讲的是什么"",""event_type"":""video_resume"",""iso_time"":""2026-09-17T09:35:54.782Z"",""relative_ms"":246826,""video_time_sec"":212.535,""probe_id"":""Block 1_3_05e8576f"",""probe_index"":3,""probe_schedule_id"":""05e8576f-3e6b-42aa-859e-d6a1ffdad169"",""probe_planned_time_sec"":212.293,""video_id"":""V3"",""pause_reason"":""thought_probe"",""resume_status"":""playing""}",2c45acad-6db6-41d5-89db-d3b3e344aa65,sub-005,ses-001,392882e6-d88b-41a0-85da-cbb053dd4ca3,68e07060-2057-490d-865c-e3c07c73e2ab,1789637754.8438973,1789637754.7823,570298.799999997,68e07060-2057-490d-865c-e3c07c73e2ab,browser_calibrated,0.00019288063049316406,4.499912261962891,91587,91587,0,3.946065902709961,host_receive_nearest,verified,1,1,,,,,,,,,1,,,,,,,,,,,,,,,,,,,,V3,A,212.535,1789637754.7823,1789637754.844585,91587,Block 1_3_05e8576f,,,,,,,,,thought_probe
1c7acc30-4d61-430f-8619-32d9091d4c88,probe_onset,1789637816.0015287,427.544,106887,1,1,,1,G05,A,focused,probe_onset,Block 1_4_05e8576f,,0.0,0.0,,,,,,,"{""client_event_id"":""1c7acc30-4d61-430f-8619-32d9091d4c88"",""recorder_run_id"":""2c45acad-6db6-41d5-89db-d3b3e344aa65"",""client_id"":""68e07060-2057-490d-865c-e3c07c73e2ab"",""client_timestamp"":1789637816.0013,""client_monotonic_ms"":631517.799999997,""event_timestamp"":1789637816.0015287,""clock_offset_sec"":0.00022864341735839844,""clock_round_trip_ms"":4.10008430480957,""subject_id"":""sub-005"",""session_id"":""ses-001"",""block_id"":""Block 1"",""counterbalance_group"":""G05"",""block_order"":""Block 1"",""condition"":""A"",""condition_type"":""focused"",""topic_key"":""V3"",""topic_name"":""道德经主要讲的是什么"",""event_type"":""probe_onset"",""iso_time"":""2026-09-17T09:36:56.001Z"",""relative_ms"":308045,""video_time_sec"":273.693,""probe_id"":""Block 1_4_05e8576f"",""probe_index"":4,""probe_schedule_id"":""05e8576f-3e6b-42aa-859e-d6a1ffdad169"",""probe_planned_time_sec"":273.647,""video_id"":""V3"",""pause_reason"":""thought_probe"",""forced"":false}",2c45acad-6db6-41d5-89db-d3b3e344aa65,sub-005,ses-001,1c7acc30-4d61-430f-8619-32d9091d4c88,68e07060-2057-490d-865c-e3c07c73e2ab,1789637816.009427,1789637816.0013,631517.799999997,68e07060-2057-490d-865c-e3c07c73e2ab,browser_calibrated,0.00022864341735839844,4.10008430480957,106886,106886,0,-44.52061653137207,host_receive_nearest,verified,1,1,,,,,,,,,1,,,,,,,,,,,,,,,,,,,,V3,A,273.693,1789637816.0013,1789637816.0095494,106886,Block 1_4_05e8576f,4,05e8576f-3e6b-42aa-859e-d6a1ffdad169,273.647,,,,,,thought_probe
7ea77052-2ac8-42d0-b747-fa3090ed0d28,attention_response,1789637819.3669808,430.948,107742,1,1,,1,G05,A,focused,attention_response,1,,0.0,0.0,,,,,,,"{""client_event_id"":""7ea77052-2ac8-42d0-b747-fa3090ed0d28"",""recorder_run_id"":""2c45acad-6db6-41d5-89db-d3b3e344aa65"",""client_id"":""68e07060-2057-490d-865c-e3c07c73e2ab"",""client_timestamp"":1789637819.3671,""client_monotonic_ms"":634883.599999994,""event_timestamp"":1789637819.3669808,""clock_offset_sec"":-0.00011920928955078125,""clock_round_trip_ms"":4.200220108032227,""subject_id"":""sub-005"",""session_id"":""ses-001"",""block_id"":""Block 1"",""counterbalance_group"":""G05"",""block_order"":""Block 1"",""condition"":""A"",""condition_type"":""focused"",""topic_key"":""V3"",""topic_name"":""道德经主要讲的是什么"",""event_type"":""attention_response"",""iso_time"":""2026-09-17T09:36:59.367Z"",""relative_ms"":311411,""video_time_sec"":273.693,""probe_id"":""Block 1_4_05e8576f"",""probe_index"":4,""probe_schedule_id"":""05e8576f-3e6b-42aa-859e-d6a1ffdad169"",""probe_planned_time_sec"":273.647,""video_id"":""V3"",""response"":1,""response_label"":""课程内容"",""probe_attention"":""ON"",""response_time_ms"":3366}",2c45acad-6db6-41d5-89db-d3b3e344aa65,sub-005,ses-001,7ea77052-2ac8-42d0-b747-fa3090ed0d28,68e07060-2057-490d-865c-e3c07c73e2ab,1789637819.377184,1789637819.3671,634883.599999994,68e07060-2057-490d-865c-e3c07c73e2ab,browser_calibrated,-0.00011920928955078125,4.200220108032227,107737,107737,0,8.433818817138672,host_receive_nearest,verified,1,1,,,,,,,,,1,,,,,,,,,,,,,,,,,,,,V3,A,273.693,1789637819.3671,1789637819.4113047,107737,Block 1_4_05e8576f,4,05e8576f-3e6b-42aa-859e-d6a1ffdad169,273.647,1,课程内容,3366,,ON,
04ebe350-030a-41b3-b055-d3d20163c661,confidence_response,1789637820.515941,432.104,108027,1,1,,1,G05,A,focused,confidence_response,4,,0.0,0.0,,,,,,,"{""client_event_id"":""04ebe350-030a-41b3-b055-d3d20163c661"",""recorder_run_id"":""2c45acad-6db6-41d5-89db-d3b3e344aa65"",""client_id"":""68e07060-2057-490d-865c-e3c07c73e2ab"",""client_timestamp"":1789637820.5158,""client_monotonic_ms"":636032.299999997,""event_timestamp"":1789637820.515941,""clock_offset_sec"":0.00014090538024902344,""clock_round_trip_ms"":4.8999786376953125,""subject_id"":""sub-005"",""session_id"":""ses-001"",""block_id"":""Block 1"",""counterbalance_group"":""G05"",""block_order"":""Block 1"",""condition"":""A"",""condition_type"":""focused"",""topic_key"":""V3"",""topic_name"":""道德经主要讲的是什么"",""event_type"":""confidence_response"",""iso_time"":""2026-09-17T09:37:00.515Z"",""relative_ms"":312560,""video_time_sec"":273.693,""probe_id"":""Block 1_4_05e8576f"",""probe_index"":4,""probe_schedule_id"":""05e8576f-3e6b-42aa-859e-d6a1ffdad169"",""probe_planned_time_sec"":273.647,""video_id"":""V3"",""response"":1,""confidence"":4,""response_time_ms"":1149}",2c45acad-6db6-41d5-89db-d3b3e344aa65,sub-005,ses-001,04ebe350-030a-41b3-b055-d3d20163c661,68e07060-2057-490d-865c-e3c07c73e2ab,1789637820.5273652,1789637820.5158,636032.299999997,68e07060-2057-490d-865c-e3c07c73e2ab,browser_calibrated,0.00014090538024902344,4.8999786376953125,108026,108026,0,-0.5850791931152344,host_receive_nearest,verified,1,1,,,,,,,,,1,,,,,,,,,,,,,,,,,,,,V3,A,273.693,1789637820.5158,1789637820.56671,108026,Block 1_4_05e8576f,4,05e8576f-3e6b-42aa-859e-d6a1ffdad169,273.647,,,1149,4,,
56b2b65c-c760-44d6-9e90-abca1ce21f5f,phase_change,1789637820.5211408,432.104,108042,1,1,,1,G05,A,focused,phase_change,video,,0.0,0.0,,,,,,,,2c45acad-6db6-41d5-89db-d3b3e344aa65,sub-005,ses-001,56b2b65c-c760-44d6-9e90-abca1ce21f5f,68e07060-2057-490d-865c-e3c07c73e2ab,1789637820.589502,1789637820.521,636037.5,68e07060-2057-490d-865c-e3c07c73e2ab,browser_calibrated,0.00014090538024902344,4.8999786376953125,108026,108026,0,-5.7849884033203125,host_receive_nearest,verified,1,1,,,,,,,,,1,,,,,,,,,,,,,,,,,,,,V3,A,273.766,1789637820.521,1789637820.5896542,108026,,,,,,,,,,
56b2b65c-c760-44d6-9e90-abca1ce21f5f,video_resume,1789637820.5211408,432.104,108042,1,1,,1,G05,A,focused,video_resume,273.766,,0.0,0.0,,,,,,,"{""client_event_id"":""56b2b65c-c760-44d6-9e90-abca1ce21f5f"",""recorder_run_id"":""2c45acad-6db6-41d5-89db-d3b3e344aa65"",""client_id"":""68e07060-2057-490d-865c-e3c07c73e2ab"",""client_timestamp"":1789637820.521,""client_monotonic_ms"":636037.5,""event_timestamp"":1789637820.5211408,""clock_offset_sec"":0.00014090538024902344,""clock_round_trip_ms"":4.8999786376953125,""subject_id"":""sub-005"",""session_id"":""ses-001"",""block_id"":""Block 1"",""counterbalance_group"":""G05"",""block_order"":""Block 1"",""condition"":""A"",""condition_type"":""focused"",""topic_key"":""V3"",""topic_name"":""道德经主要讲的是什么"",""event_type"":""video_resume"",""iso_time"":""2026-09-17T09:37:00.520Z"",""relative_ms"":312565,""video_time_sec"":273.766,""probe_id"":""Block 1_4_05e8576f"",""probe_index"":4,""probe_schedule_id"":""05e8576f-3e6b-42aa-859e-d6a1ffdad169"",""probe_planned_time_sec"":273.647,""video_id"":""V3"",""pause_reason"":""thought_probe"",""resume_status"":""playing""}",2c45acad-6db6-41d5-89db-d3b3e344aa65,sub-005,ses-001,56b2b65c-c760-44d6-9e90-abca1ce21f5f,68e07060-2057-490d-865c-e3c07c73e2ab,1789637820.589502,1789637820.521,636037.5,68e07060-2057-490d-865c-e3c07c73e2ab,browser_calibrated,0.00014090538024902344,4.8999786376953125,108026,108026,0,-5.7849884033203125,host_receive_nearest,verified,1,1,,,,,,,,,1,,,,,,,,,,,,,,,,,,,,V3,A,273.766,1789637820.521,1789637820.5900626,108026,Block 1_4_05e8576f,,,,,,,,,thought_probe
e7d5cc73-46e8-4506-a44a-56f29c58715c,manual_anomaly_marker,1789637834.034523,445.604,111402,1,1,,1,G05,A,focused,manual_anomaly_marker,其他运动,,0.0,0.0,,,,,,,,2c45acad-6db6-41d5-89db-d3b3e344aa65,sub-005,ses-001,,,1789637834.034523,,,recorder,server,,,111401,111401,0,-9.690284729003906,host_receive_nearest,,,,,,,,,,,,1,,,,,,,,,,,,,,,,,,,,V3,A,,,1789637834.034523,111401,,,,,,,,,,
5f8aafbb-7d33-4c02-b93a-a3f84caf26ea,video_end,1789637873.076181,484.64,121161,1,1,,1,G05,A,focused,video_end,V3,,0.0,0.0,,,,,,,,2c45acad-6db6-41d5-89db-d3b3e344aa65,sub-005,ses-001,5f8aafbb-7d33-4c02-b93a-a3f84caf26ea,68e07060-2057-490d-865c-e3c07c73e2ab,1789637873.0928173,1789637873.076,688592.5,68e07060-2057-490d-865c-e3c07c73e2ab,browser_calibrated,0.00018095970153808594,5.100011825561523,121160,121160,0,-29.51955795288086,host_receive_nearest,verified,1,1,,,,,,,,,1,,,,,,,,,,,,,,,,,,,,V3,A,326.241,1789637873.076,1789637873.0928652,121160,,,,,,,,,,
5f8aafbb-7d33-4c02-b93a-a3f84caf26ea,browser_video_ended,1789637873.076181,484.64,121161,1,1,,1,G05,A,focused,browser_video_ended,,,0.0,0.0,,,,,,,"{""client_event_id"":""5f8aafbb-7d33-4c02-b93a-a3f84caf26ea"",""recorder_run_id"":""2c45acad-6db6-41d5-89db-d3b3e344aa65"",""client_id"":""68e07060-2057-490d-865c-e3c07c73e2ab"",""client_timestamp"":1789637873.076,""client_monotonic_ms"":688592.5,""event_timestamp"":1789637873.076181,""clock_offset_sec"":0.00018095970153808594,""clock_round_trip_ms"":5.100011825561523,""subject_id"":""sub-005"",""session_id"":""ses-001"",""block_id"":""Block 1"",""counterbalance_group"":""G05"",""block_order"":""Block 1"",""condition"":""A"",""condition_type"":""focused"",""topic_key"":""V3"",""topic_name"":""道德经主要讲的是什么"",""event_type"":""video_ended"",""iso_time"":""2026-09-17T09:37:53.075Z"",""relative_ms"":365120,""video_time_sec"":326.241}",2c45acad-6db6-41d5-89db-d3b3e344aa65,sub-005,ses-001,5f8aafbb-7d33-4c02-b93a-a3f84caf26ea,68e07060-2057-490d-865c-e3c07c73e2ab,1789637873.0928173,1789637873.076,688592.5,68e07060-2057-490d-865c-e3c07c73e2ab,browser_calibrated,0.00018095970153808594,5.100011825561523,121160,121160,0,-29.51955795288086,host_receive_nearest,verified,1,1,,,,,,,,,1,,,,,,,,,,,,,,,,,,,,V3,A,326.241,1789637873.076,1789637873.093037,121160,,,,,,,,,,
d5c08185-92ef-4470-a150-2fdef06e5534,browser_block_end,1789637873.081181,484.644,121166,1,1,,1,G05,A,focused,browser_block_end,视频自然播放结束,,0.0,0.0,,,,,,,"{""client_event_id"":""d5c08185-92ef-4470-a150-2fdef06e5534"",""recorder_run_id"":""2c45acad-6db6-41d5-89db-d3b3e344aa65"",""client_id"":""68e07060-2057-490d-865c-e3c07c73e2ab"",""client_timestamp"":1789637873.081,""client_monotonic_ms"":688597.5,""event_timestamp"":1789637873.081181,""clock_offset_sec"":0.00018095970153808594,""clock_round_trip_ms"":5.100011825561523,""subject_id"":""sub-005"",""session_id"":""ses-001"",""block_id"":""Block 1"",""counterbalance_group"":""G05"",""block_order"":""Block 1"",""condition"":""A"",""condition_type"":""focused"",""topic_key"":""V3"",""topic_name"":""道德经主要讲的是什么"",""event_type"":""block_end"",""iso_time"":""2026-09-17T09:37:53.081Z"",""relative_ms"":365125,""video_time_sec"":326.241,""reason"":""视频自然播放结束""}",2c45acad-6db6-41d5-89db-d3b3e344aa65,sub-005,ses-001,d5c08185-92ef-4470-a150-2fdef06e5534,68e07060-2057-490d-865c-e3c07c73e2ab,1789637873.1085699,1789637873.081,688597.5,68e07060-2057-490d-865c-e3c07c73e2ab,browser_calibrated,0.00018095970153808594,5.100011825561523,121161,121161,0,17.321348190307617,host_receive_nearest,verified,1,1,,,,,,,,,1,,,,,,,,,,,,,,,,,,,,V3,A,326.241,1789637873.081,1789637873.1086133,121161,,,,,,,,,,
c315a251-6bee-414f-92c9-bb16a0a4264b,rating_start,1789637873.083581,484.644,121166,1,1,,1,G05,A,focused,rating_start,,,0.0,0.0,,,,,,,"{""client_event_id"":""c315a251-6bee-414f-92c9-bb16a0a4264b"",""recorder_run_id"":""2c45acad-6db6-41d5-89db-d3b3e344aa65"",""client_id"":""68e07060-2057-490d-865c-e3c07c73e2ab"",""client_timestamp"":1789637873.0834,""client_monotonic_ms"":688599.8999999911,""event_timestamp"":1789637873.083581,""clock_offset_sec"":0.00018095970153808594,""clock_round_trip_ms"":5.100011825561523,""subject_id"":""sub-005"",""session_id"":""ses-001"",""block_id"":""Block 1"",""counterbalance_group"":""G05"",""block_order"":""Block 1"",""condition"":""A"",""condition_type"":""focused"",""topic_key"":""V3"",""topic_name"":""道德经主要讲的是什么"",""event_type"":""rating_start"",""iso_time"":""2026-09-17T09:37:53.083Z"",""relative_ms"":365127,""video_time_sec"":326.241}",2c45acad-6db6-41d5-89db-d3b3e344aa65,sub-005,ses-001,c315a251-6bee-414f-92c9-bb16a0a4264b,68e07060-2057-490d-865c-e3c07c73e2ab,1789637873.119535,1789637873.0834,688599.8999999911,68e07060-2057-490d-865c-e3c07c73e2ab,browser_calibrated,0.00018095970153808594,5.100011825561523,121161,121161,0,14.921426773071289,host_receive_nearest,verified,1,1,,,,,,,,,1,,,,,,,,,,,,,,,,,,,,V3,A,326.241,1789637873.0834,1789637873.1196337,121161,,,,,,,,,,
1a7d78c4-c297-43db-9e1a-6a9313159aa9,rating_item_response,1789637887.194716,498.764,124706,1,1,,1,G05,A,focused,rating_item_response,5,,0.0,0.0,,,,,,,"{""client_event_id"":""1a7d78c4-c297-43db-9e1a-6a9313159aa9"",""recorder_run_id"":""2c45acad-6db6-41d5-89db-d3b3e344aa65"",""client_id"":""68e07060-2057-490d-865c-e3c07c73e2ab"",""client_timestamp"":1789637887.1942,""client_monotonic_ms"":702710.700000003,""event_timestamp"":1789637887.194716,""clock_offset_sec"":0.0005159378051757812,""clock_round_trip_ms"":5.899906158447266,""subject_id"":""sub-005"",""session_id"":""ses-001"",""block_id"":""Block 1"",""counterbalance_group"":""G05"",""block_order"":""Block 1"",""condition"":""A"",""condition_type"":""focused"",""topic_key"":""V3"",""topic_name"":""道德经主要讲的是什么"",""event_type"":""rating_item_response"",""iso_time"":""2026-09-17T09:38:07.194Z"",""relative_ms"":379238,""video_time_sec"":326.241,""rating_item"":""course_attention_rating"",""rating_value"":""5"",""response_time_ms"":14111}",2c45acad-6db6-41d5-89db-d3b3e344aa65,sub-005,ses-001,1a7d78c4-c297-43db-9e1a-6a9313159aa9,68e07060-2057-490d-865c-e3c07c73e2ab,1789637887.2507002,1789637887.1942,702710.700000003,68e07060-2057-490d-865c-e3c07c73e2ab,browser_calibrated,0.0005159378051757812,5.899906158447266,124691,124691,0,10.196685791015625,host_receive_nearest,verified,1,1,,,,,,,,,1,,,,,,,,,,,,,course_attention_rating,5,,,,,,V3,A,326.241,1789637887.1942,1789637887.250834,124691,,,,,,,14111,,,
a923f42a-9e05-4b72-8191-033b6c5b71d1,rating_item_response,1789637895.317216,506.9,126726,1,1,,1,G05,A,focused,rating_item_response,6,,0.0,0.0,,,,,,,"{""client_event_id"":""a923f42a-9e05-4b72-8191-033b6c5b71d1"",""recorder_run_id"":""2c45acad-6db6-41d5-89db-d3b3e344aa65"",""client_id"":""68e07060-2057-490d-865c-e3c07c73e2ab"",""client_timestamp"":1789637895.3167,""client_monotonic_ms"":710833.200000003,""event_timestamp"":1789637895.317216,""clock_offset_sec"":0.0005159378051757812,""clock_round_trip_ms"":5.899906158447266,""subject_id"":""sub-005"",""session_id"":""ses-001"",""block_id"":""Block 1"",""counterbalance_group"":""G05"",""block_order"":""Block 1"",""condition"":""A"",""condition_type"":""focused"",""topic_key"":""V3"",""topic_name"":""道德经主要讲的是什么"",""event_type"":""rating_item_response"",""iso_time"":""2026-09-17T09:38:15.316Z"",""relative_ms"":387361,""video_time_sec"":326.241,""rating_item"":""mental_effort"",""rating_value"":""6"",""response_time_ms"":22233}",2c45acad-6db6-41d5-89db-d3b3e344aa65,sub-005,ses-001,a923f42a-9e05-4b72-8191-033b6c5b71d1,68e07060-2057-490d-865c-e3c07c73e2ab,1789637895.3505743,1789637895.3167,710833.200000003,68e07060-2057-490d-865c-e3c07c73e2ab,browser_calibrated,0.0005159378051757812,5.899906158447266,126725,126725,0,-11.044502258300781,host_receive_nearest,verified,1,1,,,,,,,,,1,,,,,,,,,,,,,mental_effort,6,,,,,,V3,A,326.241,1789637895.3167,1789637895.3507087,126725,,,,,,,22233,,,
c71e9f89-a393-402a-8229-1b1b1fcf59f7,rating_item_response,1789637898.682916,510.264,127571,1,1,,1,G05,A,focused,rating_item_response,1,,0.0,0.0,,,,,,,"{""client_event_id"":""c71e9f89-a393-402a-8229-1b1b1fcf59f7"",""recorder_run_id"":""2c45acad-6db6-41d5-89db-d3b3e344aa65"",""client_id"":""68e07060-2057-490d-865c-e3c07c73e2ab"",""client_timestamp"":1789637898.6824,""client_monotonic_ms"":714198.8999999911,""event_timestamp"":1789637898.682916,""clock_offset_sec"":0.0005159378051757812,""clock_round_trip_ms"":5.899906158447266,""subject_id"":""sub-005"",""session_id"":""ses-001"",""block_id"":""Block 1"",""counterbalance_group"":""G05"",""block_order"":""Block 1"",""condition"":""A"",""condition_type"":""focused"",""topic_key"":""V3"",""topic_name"":""道德经主要讲的是什么"",""event_type"":""rating_item_response"",""iso_time"":""2026-09-17T09:38:18.682Z"",""relative_ms"":390726,""video_time_sec"":326.241,""rating_item"":""video_interest"",""rating_value"":""1"",""response_time_ms"":25599}",2c45acad-6db6-41d5-89db-d3b3e344aa65,sub-005,ses-001,c71e9f89-a393-402a-8229-1b1b1fcf59f7,68e07060-2057-490d-865c-e3c07c73e2ab,1789637898.7231126,1789637898.6824,714198.8999999911,68e07060-2057-490d-865c-e3c07c73e2ab,browser_calibrated,0.0005159378051757812,5.899906158447266,127566,127566,0,11.715173721313477,host_receive_nearest,verified,1,1,,,,,,,,,1,,,,,,,,,,,,,video_interest,1,,,,,,V3,A,326.241,1789637898.6824,1789637898.7232437,127566,,,,,,,25599,,,
96edb0b0-5706-4e2b-b3f8-8d30f7ffea7c,rating_item_response,1789637901.8029158,513.384,128351,1,1,,1,G05,A,focused,rating_item_response,1,,0.0,0.0,,,,,,,"{""client_event_id"":""96edb0b0-5706-4e2b-b3f8-8d30f7ffea7c"",""recorder_run_id"":""2c45acad-6db6-41d5-89db-d3b3e344aa65"",""client_id"":""68e07060-2057-490d-865c-e3c07c73e2ab"",""client_timestamp"":1789637901.8023999,""client_monotonic_ms"":717318.8999999911,""event_timestamp"":1789637901.8029158,""clock_offset_sec"":0.0005159378051757812,""clock_round_trip_ms"":5.899906158447266,""subject_id"":""sub-005"",""session_id"":""ses-001"",""block_id"":""Block 1"",""counterbalance_group"":""G05"",""block_order"":""Block 1"",""condition"":""A"",""condition_type"":""focused"",""topic_key"":""V3"",""topic_name"":""道德经主要讲的是什么"",""event_type"":""rating_item_response"",""iso_time"":""2026-09-17T09:38:21.802Z"",""relative_ms"":393846,""video_time_sec"":326.241,""rating_item"":""video_difficulty"",""rating_value"":""1"",""response_time_ms"":28719}",2c45acad-6db6-41d5-89db-d3b3e344aa65,sub-005,ses-001,96edb0b0-5706-4e2b-b3f8-8d30f7ffea7c,68e07060-2057-490d-865c-e3c07c73e2ab,1789637901.8267212,1789637901.8023999,717318.8999999911,68e07060-2057-490d-865c-e3c07c73e2ab,browser_calibrated,0.0005159378051757812,5.899906158447266,128346,128346,0,11.832475662231445,host_receive_nearest,verified,1,1,,,,,,,,,1,,,,,,,,,,,,,video_difficulty,1,,,,,,V3,A,326.241,1789637901.8023999,1789637901.826858,128346,,,,,,,28719,,,
5be416b5-c7be-46b0-92b7-79b3b9877aa8,rating_end,1789637903.1107159,514.7,128676,1,1,,1,G05,A,focused,rating_end,,30.027,0.0,0.0,,,,,,,"{""client_event_id"":""5be416b5-c7be-46b0-92b7-79b3b9877aa8"",""recorder_run_id"":""2c45acad-6db6-41d5-89db-d3b3e344aa65"",""client_id"":""68e07060-2057-490d-865c-e3c07c73e2ab"",""client_timestamp"":1789637903.1102,""client_monotonic_ms"":718626.700000003,""event_timestamp"":1789637903.1107159,""clock_offset_sec"":0.0005159378051757812,""clock_round_trip_ms"":5.899906158447266,""subject_id"":""sub-005"",""session_id"":""ses-001"",""block_id"":""Block 1"",""counterbalance_group"":""G05"",""block_order"":""Block 1"",""condition"":""A"",""condition_type"":""focused"",""topic_key"":""V3"",""topic_name"":""道德经主要讲的是什么"",""event_type"":""rating_end"",""iso_time"":""2026-09-17T09:38:23.110Z"",""relative_ms"":395154,""video_time_sec"":326.241,""video_id"":""V3"",""course_attention_rating"":5,""mental_effort"":6,""video_interest"":1,""video_difficulty"":1,""subtraction_compliance"":"""",""subtraction_difficulty"":"""",""reported_final_number"":"""",""duration_sec"":30.027,""submitted_iso"":""2026-09-17T09:38:23.110Z"",""submitted_relative_ms"":395154}",2c45acad-6db6-41d5-89db-d3b3e344aa65,sub-005,ses-001,5be416b5-c7be-46b0-92b7-79b3b9877aa8,68e07060-2057-490d-865c-e3c07c73e2ab,1789637903.1193836,1789637903.1102,718626.700000003,68e07060-2057-490d-865c-e3c07c73e2ab,browser_calibrated,0.0005159378051757812,5.899906158447266,128675,128675,0,-4.089832305908203,host_receive_nearest,verified,1,1,,,,,,,,,1,,,,5,6,1,1,,,,,,,,,,,,,V3,A,326.241,1789637903.1102,1789637903.1195467,128675,,,,,,,,,,
556f7b8d-40f5-42e4-a7e7-4c25f0d8ed25,quiz_start,1789637903.113916,514.7,128681,1,1,,1,G05,A,focused,quiz_start,,,0.0,0.0,,,,,,,"{""client_event_id"":""556f7b8d-40f5-42e4-a7e7-4c25f0d8ed25"",""recorder_run_id"":""2c45acad-6db6-41d5-89db-d3b3e344aa65"",""client_id"":""68e07060-2057-490d-865c-e3c07c73e2ab"",""client_timestamp"":1789637903.1134,""client_monotonic_ms"":718629.8999999911,""event_timestamp"":1789637903.113916,""clock_offset_sec"":0.0005159378051757812,""clock_round_trip_ms"":5.899906158447266,""subject_id"":""sub-005"",""session_id"":""ses-001"",""block_id"":""Block 1"",""counterbalance_group"":""G05"",""block_order"":""Block 1"",""condition"":""A"",""condition_type"":""focused"",""topic_key"":""V3"",""topic_name"":""道德经主要讲的是什么"",""event_type"":""quiz_start"",""iso_time"":""2026-09-17T09:38:23.113Z"",""relative_ms"":395157,""video_time_sec"":326.241}",2c45acad-6db6-41d5-89db-d3b3e344aa65,sub-005,ses-001,556f7b8d-40f5-42e4-a7e7-4c25f0d8ed25,68e07060-2057-490d-865c-e3c07c73e2ab,1789637903.147104,1789637903.1134,718629.8999999911,68e07060-2057-490d-865c-e3c07c73e2ab,browser_calibrated,0.0005159378051757812,5.899906158447266,128675,128675,0,-7.289886474609375,host_receive_nearest,verified,1,1,,,,,,,,,1,,,,,,,,,,,,,,,,,,,,V3,A,326.241,1789637903.1134,1789637903.1472363,128675,,,,,,,,,,
2dc0c357-e912-4a45-af84-677e36cb2db6,quiz_item_response,1789637916.5575159,528.14,132036,1,1,,1,G05,A,focused,quiz_item_response,《道德经》的作者是？,,0.0,0.0,,V3Q1,C,C,True,2114,"{""client_event_id"":""2dc0c357-e912-4a45-af84-677e36cb2db6"",""recorder_run_id"":""2c45acad-6db6-41d5-89db-d3b3e344aa65"",""client_id"":""68e07060-2057-490d-865c-e3c07c73e2ab"",""client_timestamp"":1789637916.557,""client_monotonic_ms"":732073.599999994,""event_timestamp"":1789637916.5575159,""clock_offset_sec"":0.0005159378051757812,""clock_round_trip_ms"":5.899906158447266,""subject_id"":""sub-005"",""session_id"":""ses-001"",""block_id"":""Block 1"",""counterbalance_group"":""G05"",""block_order"":""Block 1"",""condition"":""A"",""condition_type"":""focused"",""topic_key"":""V3"",""topic_name"":""道德经主要讲的是什么"",""event_type"":""quiz_item_response"",""iso_time"":""2026-09-17T09:38:36.557Z"",""relative_ms"":408601,""video_time_sec"":326.241,""video_id"":""V3"",""question_id"":""V3Q1"",""question_text"":""《道德经》的作者是？"",""response_index"":2,""response_letter"":""C"",""response_text"":""老子"",""correct_index"":2,""correct_letter"":""C"",""correct_text"":""老子"",""is_correct"":true,""reaction_time_ms"":2114,""submitted_iso"":""2026-09-17T09:38:36.556Z"",""submitted_relative_ms"":408601}",2c45acad-6db6-41d5-89db-d3b3e344aa65,sub-005,ses-001,2dc0c357-e912-4a45-af84-677e36cb2db6,68e07060-2057-490d-865c-e3c07c73e2ab,1789637916.5722377,1789637916.557,732073.599999994,68e07060-2057-490d-865c-e3c07c73e2ab,browser_calibrated,0.0005159378051757812,5.899906158447266,132035,132035,0,-11.369705200195312,host_receive_nearest,verified,1,1,,,,,,,,,1,,,,,,,,,,,,,,,,,《道德经》的作者是？,2,老子,V3,A,326.241,1789637916.557,1789637916.5723774,132035,,,,,,,,,,
0af4f828-43d9-4c77-8654-e97bb7f0452f,quiz_item_response,1789637916.5604157,528.144,132041,1,1,,1,G05,A,focused,quiz_item_response,《道德经》的核心思想是？,,0.0,0.0,,V3Q2,C,C,True,7281,"{""client_event_id"":""0af4f828-43d9-4c77-8654-e97bb7f0452f"",""recorder_run_id"":""2c45acad-6db6-41d5-89db-d3b3e344aa65"",""client_id"":""68e07060-2057-490d-865c-e3c07c73e2ab"",""client_timestamp"":1789637916.5598998,""client_monotonic_ms"":732076.3999999911,""event_timestamp"":1789637916.5604157,""clock_offset_sec"":0.0005159378051757812,""clock_round_trip_ms"":5.899906158447266,""subject_id"":""sub-005"",""session_id"":""ses-001"",""block_id"":""Block 1"",""counterbalance_group"":""G05"",""block_order"":""Block 1"",""condition"":""A"",""condition_type"":""focused"",""topic_key"":""V3"",""topic_name"":""道德经主要讲的是什么"",""event_type"":""quiz_item_response"",""iso_time"":""2026-09-17T09:38:36.559Z"",""relative_ms"":408604,""video_time_sec"":326.241,""video_id"":""V3"",""question_id"":""V3Q2"",""question_text"":""《道德经》的核心思想是？"",""response_index"":2,""response_letter"":""C"",""response_text"":""道法自然"",""correct_index"":2,""correct_letter"":""C"",""correct_text"":""道法自然"",""is_correct"":true,""reaction_time_ms"":7281,""submitted_iso"":""2026-09-17T09:38:36.559Z"",""submitted_relative_ms"":408604}",2c45acad-6db6-41d5-89db-d3b3e344aa65,sub-005,ses-001,0af4f828-43d9-4c77-8654-e97bb7f0452f,68e07060-2057-490d-865c-e3c07c73e2ab,1789637916.6045475,1789637916.5598998,732076.3999999911,68e07060-2057-490d-865c-e3c07c73e2ab,browser_calibrated,0.0005159378051757812,5.899906158447266,132036,132036,0,14.078617095947266,host_receive_nearest,verified,1,1,,,,,,,,,1,,,,,,,,,,,,,,,,,《道德经》的核心思想是？,2,道法自然,V3,A,326.241,1789637916.5598998,1789637916.6046894,132036,,,,,,,,,,
02226f86-a018-4a91-aa2c-2e47a045abdb,quiz_item_response,1789637916.562616,528.144,132051,1,1,,1,G05,A,focused,quiz_item_response,“无为而治”是哪个学派的政治主张？,,0.0,0.0,,V3Q3,B,B,True,9632,"{""client_event_id"":""02226f86-a018-4a91-aa2c-2e47a045abdb"",""recorder_run_id"":""2c45acad-6db6-41d5-89db-d3b3e344aa65"",""client_id"":""68e07060-2057-490d-865c-e3c07c73e2ab"",""client_timestamp"":1789637916.5621002,""client_monotonic_ms"":732078.599999994,""event_timestamp"":1789637916.562616,""clock_offset_sec"":0.0005159378051757812,""clock_round_trip_ms"":5.899906158447266,""subject_id"":""sub-005"",""session_id"":""ses-001"",""block_id"":""Block 1"",""counterbalance_group"":""G05"",""block_order"":""Block 1"",""condition"":""A"",""condition_type"":""focused"",""topic_key"":""V3"",""topic_name"":""道德经主要讲的是什么"",""event_type"":""quiz_item_response"",""iso_time"":""2026-09-17T09:38:36.562Z"",""relative_ms"":408606,""video_time_sec"":326.241,""video_id"":""V3"",""question_id"":""V3Q3"",""question_text"":""“无为而治”是哪个学派的政治主张？"",""response_index"":1,""response_letter"":""B"",""response_text"":""道家"",""correct_index"":1,""correct_letter"":""B"",""correct_text"":""道家"",""is_correct"":true,""reaction_time_ms"":9632,""submitted_iso"":""2026-09-17T09:38:36.562Z"",""submitted_relative_ms"":408606}",2c45acad-6db6-41d5-89db-d3b3e344aa65,sub-005,ses-001,02226f86-a018-4a91-aa2c-2e47a045abdb,68e07060-2057-490d-865c-e3c07c73e2ab,1789637916.6206667,1789637916.5621002,732078.599999994,68e07060-2057-490d-865c-e3c07c73e2ab,browser_calibrated,0.0005159378051757812,5.899906158447266,132036,132036,0,11.878252029418945,host_receive_nearest,verified,1,1,,,,,,,,,1,,,,,,,,,,,,,,,,,“无为而治”是哪个学派的政治主张？,1,道家,V3,A,326.241,1789637916.5621002,1789637916.6208866,132036,,,,,,,,,,
bf3215c5-b920-4be5-9a92-83448b3bb51b,quiz_item_response,1789637916.564616,528.144,132056,1,1,,1,G05,A,focused,quiz_item_response,老子认为，世间万物运行的根本规律是什么？,,0.0,0.0,,V3Q4,C,C,True,12561,"{""client_event_id"":""bf3215c5-b920-4be5-9a92-83448b3bb51b"",""recorder_run_id"":""2c45acad-6db6-41d5-89db-d3b3e344aa65"",""client_id"":""68e07060-2057-490d-865c-e3c07c73e2ab"",""client_timestamp"":1789637916.5641,""client_monotonic_ms"":732080.599999994,""event_timestamp"":1789637916.564616,""clock_offset_sec"":0.0005159378051757812,""clock_round_trip_ms"":5.899906158447266,""subject_id"":""sub-005"",""session_id"":""ses-001"",""block_id"":""Block 1"",""counterbalance_group"":""G05"",""block_order"":""Block 1"",""condition"":""A"",""condition_type"":""focused"",""topic_key"":""V3"",""topic_name"":""道德经主要讲的是什么"",""event_type"":""quiz_item_response"",""iso_time"":""2026-09-17T09:38:36.564Z"",""relative_ms"":408608,""video_time_sec"":326.241,""video_id"":""V3"",""question_id"":""V3Q4"",""question_text"":""老子认为，世间万物运行的根本规律是什么？"",""response_index"":2,""response_letter"":""C"",""response_text"":""道"",""correct_index"":2,""correct_letter"":""C"",""correct_text"":""道"",""is_correct"":true,""reaction_time_ms"":12561,""submitted_iso"":""2026-09-17T09:38:36.564Z"",""submitted_relative_ms"":408608}",2c45acad-6db6-41d5-89db-d3b3e344aa65,sub-005,ses-001,bf3215c5-b920-4be5-9a92-83448b3bb51b,68e07060-2057-490d-865c-e3c07c73e2ab,1789637916.637216,1789637916.5641,732080.599999994,68e07060-2057-490d-865c-e3c07c73e2ab,browser_calibrated,0.0005159378051757812,5.899906158447266,132036,132036,0,9.878396987915039,host_receive_nearest,verified,1,1,,,,,,,,,1,,,,,,,,,,,,,,,,,老子认为，世间万物运行的根本规律是什么？,2,道,V3,A,326.241,1789637916.5641,1789637916.6373491,132036,,,,,,,,,,
d81f6f4c-b59f-4407-8d38-0389b54c531c,quiz_end,1789637916.566316,528.144,132056,1,1,,1,G05,A,focused,quiz_end,4/4,13.453,0.0,0.0,,,,,,,"{""client_event_id"":""d81f6f4c-b59f-4407-8d38-0389b54c531c"",""recorder_run_id"":""2c45acad-6db6-41d5-89db-d3b3e344aa65"",""client_id"":""68e07060-2057-490d-865c-e3c07c73e2ab"",""client_timestamp"":1789637916.5658,""client_monotonic_ms"":732082.299999997,""event_timestamp"":1789637916.566316,""clock_offset_sec"":0.0005159378051757812,""clock_round_trip_ms"":5.899906158447266,""subject_id"":""sub-005"",""session_id"":""ses-001"",""block_id"":""Block 1"",""counterbalance_group"":""G05"",""block_order"":""Block 1"",""condition"":""A"",""condition_type"":""focused"",""topic_key"":""V3"",""topic_name"":""道德经主要讲的是什么"",""event_type"":""quiz_end"",""iso_time"":""2026-09-17T09:38:36.565Z"",""relative_ms"":408610,""video_time_sec"":326.241,""score"":4,""total"":4,""duration_sec"":13.453}",2c45acad-6db6-41d5-89db-d3b3e344aa65,sub-005,ses-001,d81f6f4c-b59f-4407-8d38-0389b54c531c,68e07060-2057-490d-865c-e3c07c73e2ab,1789637916.6538432,1789637916.5658,732082.299999997,68e07060-2057-490d-865c-e3c07c73e2ab,browser_calibrated,0.0005159378051757812,5.899906158447266,132036,132036,0,8.178472518920898,host_receive_nearest,verified,1,1,,,,,,,,,1,,,,,,,,,,,,,,,4,4,,,,V3,A,326.241,1789637916.5658,1789637916.6539845,132036,,,,,,,,,,
d81f6f4c-b59f-4407-8d38-0389b54c531c,block_end,1789637916.566316,528.144,132056,1,1,,1,G05,A,focused,block_end,V3,,0.0,0.0,,,,,,,,2c45acad-6db6-41d5-89db-d3b3e344aa65,sub-005,ses-001,d81f6f4c-b59f-4407-8d38-0389b54c531c,68e07060-2057-490d-865c-e3c07c73e2ab,1789637916.6538432,1789637916.5658,732082.299999997,68e07060-2057-490d-865c-e3c07c73e2ab,browser_calibrated,0.0005159378051757812,5.899906158447266,132036,132036,0,8.178472518920898,host_receive_nearest,verified,1,1,,,,,,,,,1,,,,,,,,,,,,,,,,,,,,V3,A,326.241,1789637916.5658,1789637916.6544137,132036,,,,,,,,,,
fbff306d-5f75-4e58-864f-905bc663e346,rest_start,1789637916.574916,528.16,132066,1,1,,1,G05,A,focused,rest_start,after-block-1,,0.0,0.0,,,,,,,"{""client_event_id"":""fbff306d-5f75-4e58-864f-905bc663e346"",""recorder_run_id"":""2c45acad-6db6-41d5-89db-d3b3e344aa65"",""client_id"":""68e07060-2057-490d-865c-e3c07c73e2ab"",""client_timestamp"":1789637916.5744,""client_monotonic_ms"":732090.8999999911,""event_timestamp"":1789637916.574916,""clock_offset_sec"":0.0005159378051757812,""clock_round_trip_ms"":5.899906158447266,""subject_id"":""sub-005"",""session_id"":""ses-001"",""block_id"":""Block 1"",""counterbalance_group"":""G05"",""block_order"":""Block 1"",""condition"":""A"",""condition_type"":""focused"",""topic_key"":""V3"",""topic_name"":""道德经主要讲的是什么"",""event_type"":""rest_start"",""iso_time"":""2026-09-17T09:38:36.574Z"",""relative_ms"":408618,""video_time_sec"":326.241,""after_block_id"":1,""planned_duration"":30,""actual_duration"":"""",""is_formal_experiment"":0}",2c45acad-6db6-41d5-89db-d3b3e344aa65,sub-005,ses-001,fbff306d-5f75-4e58-864f-905bc663e346,68e07060-2057-490d-865c-e3c07c73e2ab,1789637916.6850886,1789637916.5744,732090.8999999911,68e07060-2057-490d-865c-e3c07c73e2ab,browser_calibrated,0.0005159378051757812,5.899906158447266,132040,132040,0,-0.010728836059570312,host_receive_nearest,verified,0,1,,,,,1,,30,,0,,,,,,,,,,,,,,,,,,,,V3,A,326.241,1789637916.5744,1789637916.6852305,132040,,,,,,,,,,
517d4a43-98ef-4842-b219-30136cadc487,export_csv,1789637920.1172159,531.7,132936,1,1,,1,G05,A,focused,export_csv,326.241,,0.0,0.0,,,,,,,"{""client_event_id"":""517d4a43-98ef-4842-b219-30136cadc487"",""recorder_run_id"":""2c45acad-6db6-41d5-89db-d3b3e344aa65"",""client_id"":""68e07060-2057-490d-865c-e3c07c73e2ab"",""client_timestamp"":1789637920.1167,""client_monotonic_ms"":735633.200000003,""event_timestamp"":1789637920.1172159,""clock_offset_sec"":0.0005159378051757812,""clock_round_trip_ms"":5.899906158447266,""subject_id"":""sub-005"",""session_id"":""ses-001"",""block_id"":""Block 1"",""counterbalance_group"":""G05"",""block_order"":""Block 1"",""condition"":""A"",""condition_type"":""focused"",""topic_key"":""V3"",""topic_name"":""道德经主要讲的是什么"",""event_type"":""export_csv"",""iso_time"":""2026-09-17T09:38:40.116Z"",""relative_ms"":412161,""video_time_sec"":326.241}",2c45acad-6db6-41d5-89db-d3b3e344aa65,sub-005,ses-001,517d4a43-98ef-4842-b219-30136cadc487,68e07060-2057-490d-865c-e3c07c73e2ab,1789637920.1828241,1789637920.1167,735633.200000003,68e07060-2057-490d-865c-e3c07c73e2ab,browser_calibrated,0.0005159378051757812,5.899906158447266,132925,132925,0,-2.2907257080078125,host_receive_nearest,verified,0,0,,,,,,,,,1,,,,,,,,,,,,,,,,,,,,V3,A,326.241,1789637920.1167,1789637920.1829548,132925,,,,,,,,,,
2fb0bd49-8473-4a51-9e74-d82801e9b586,export_json,1789637923.425816,535.0,133761,1,1,,1,G05,A,focused,export_json,326.241,,0.0,0.0,,,,,,,"{""client_event_id"":""2fb0bd49-8473-4a51-9e74-d82801e9b586"",""recorder_run_id"":""2c45acad-6db6-41d5-89db-d3b3e344aa65"",""client_id"":""68e07060-2057-490d-865c-e3c07c73e2ab"",""client_timestamp"":1789637923.4253001,""client_monotonic_ms"":738941.799999997,""event_timestamp"":1789637923.425816,""clock_offset_sec"":0.0005159378051757812,""clock_round_trip_ms"":5.899906158447266,""subject_id"":""sub-005"",""session_id"":""ses-001"",""block_id"":""Block 1"",""counterbalance_group"":""G05"",""block_order"":""Block 1"",""condition"":""A"",""condition_type"":""focused"",""topic_key"":""V3"",""topic_name"":""道德经主要讲的是什么"",""event_type"":""export_json"",""iso_time"":""2026-09-17T09:38:43.425Z"",""relative_ms"":415469,""video_time_sec"":326.241}",2c45acad-6db6-41d5-89db-d3b3e344aa65,sub-005,ses-001,2fb0bd49-8473-4a51-9e74-d82801e9b586,68e07060-2057-490d-865c-e3c07c73e2ab,1789637923.4519079,1789637923.4253001,738941.799999997,68e07060-2057-490d-865c-e3c07c73e2ab,browser_calibrated,0.0005159378051757812,5.899906158447266,133750,133750,0,-10.63394546508789,host_receive_nearest,verified,0,0,,,,,,,,,1,,,,,,,,,,,,,,,,,,,,V3,A,326.241,1789637923.4253001,1789637923.4520354,133750,,,,,,,,,,
d5ce2739-62c9-4d9b-a88d-a1b51d04e3c9,manual_anomaly_marker,1789637929.6274068,541.22,135306,,,,,G05,,,manual_anomaly_marker,说话,,0.0,0.0,,,,,,,,2c45acad-6db6-41d5-89db-d3b3e344aa65,sub-005,ses-001,,,1789637929.6274068,,,recorder,server,,,135305,135305,0,-1.8439292907714844,host_receive_nearest,,,,,,,,,,,,0,,,,,,,,,,,,,,,,,,,,,,,,1789637929.6274068,135305,,,,,,,,,,
3c3929e4-ffa5-4153-a10a-02cf1b0016db,manual_anomaly_marker,1789637943.5233543,555.08,138771,,,,,G05,,,manual_anomaly_marker,转头,,0.0,0.0,,,,,,,,2c45acad-6db6-41d5-89db-d3b3e344aa65,sub-005,ses-001,,,1789637943.5233543,,,recorder,server,,,138770,138770,0,-37.265777587890625,host_receive_nearest,,,,,,,,,,,,0,,,,,,,,,,,,,,,,,,,,,,,,1789637943.5233543,138770,,,,,,,,,,
d3d8220b-1003-488a-ac0b-55d1a709c341,rest_end,1789637956.5786078,568.12,142031,1,1,,1,G05,A,focused,rest_end,after-block-1,40.004,0.0,0.0,,,,,,,"{""client_event_id"":""d3d8220b-1003-488a-ac0b-55d1a709c341"",""recorder_run_id"":""2c45acad-6db6-41d5-89db-d3b3e344aa65"",""client_id"":""68e07060-2057-490d-865c-e3c07c73e2ab"",""client_timestamp"":1789637956.5781002,""client_monotonic_ms"":772094.599999994,""event_timestamp"":1789637956.5786078,""clock_offset_sec"":0.0005075931549072266,""clock_round_trip_ms"":6.299734115600586,""subject_id"":""sub-005"",""session_id"":""ses-001"",""block_id"":""Block 1"",""counterbalance_group"":""G05"",""block_order"":""Block 1"",""condition"":""A"",""condition_type"":""focused"",""topic_key"":""V3"",""topic_name"":""道德经主要讲的是什么"",""event_type"":""rest_end"",""iso_time"":""2026-09-17T09:39:16.578Z"",""relative_ms"":448622,""video_time_sec"":326.241,""after_block_id"":1,""planned_duration"":30,""actual_duration"":40.004,""duration_sec"":40.004,""is_formal_experiment"":0,""debug_early"":false}",2c45acad-6db6-41d5-89db-d3b3e344aa65,sub-005,ses-001,d3d8220b-1003-488a-ac0b-55d1a709c341,68e07060-2057-490d-865c-e3c07c73e2ab,1789637956.589083,1789637956.5781002,772094.599999994,68e07060-2057-490d-865c-e3c07c73e2ab,browser_calibrated,0.0005075931549072266,6.299734115600586,142030,142030,0,-42.65618324279785,host_receive_nearest,verified,0,1,,,,,1,,30,40.004,0,,,,,,,,,,,,,,,,,,,,V3,A,326.241,1789637956.5781002,1789637956.5892177,142030,,,,,,,,,,
a7c7545d-918d-45a5-a468-efdde039da44,block_start,1789637968.0504625,579.624,144911,2,2,,1,G05,B,bbbd_subtraction,block_start,V4,,0.0,0.0,,,,,,,condition=B; condition_type=bbbd_subtraction,2c45acad-6db6-41d5-89db-d3b3e344aa65,sub-005,ses-001,a7c7545d-918d-45a5-a468-efdde039da44,68e07060-2057-490d-865c-e3c07c73e2ab,1789637968.0654268,1789637968.0503001,783566.8999999911,68e07060-2057-490d-865c-e3c07c73e2ab,browser_calibrated,0.00016236305236816406,8.900165557861328,144906,144906,0,3.981351852416992,host_receive_nearest,verified,0,1,823,1789637281.7896738,,,,,,,1,,,,,,,,,,,,,,,,,,,,V4,B,0,1789637968.0503001,1789637968.0657794,144906,,,,,,,,,,
a7c7545d-918d-45a5-a468-efdde039da44,condition_prompt_start,1789637968.0504625,579.624,144911,2,2,,1,G05,B,bbbd_subtraction,condition_prompt_start,B,,0.0,0.0,,,,,,,,2c45acad-6db6-41d5-89db-d3b3e344aa65,sub-005,ses-001,a7c7545d-918d-45a5-a468-efdde039da44,68e07060-2057-490d-865c-e3c07c73e2ab,1789637968.0654268,1789637968.0503001,783566.8999999911,68e07060-2057-490d-865c-e3c07c73e2ab,browser_calibrated,0.00016236305236816406,8.900165557861328,144906,144906,0,3.981351852416992,host_receive_nearest,verified,0,1,,,,,,,,,1,,,,,,,,,,,,,,,,,,,,V4,B,0,1789637968.0503001,1789637968.066179,144906,,,,,,,,,,
a7c7545d-918d-45a5-a468-efdde039da44,browser_block_config,1789637968.0504625,579.624,144911,2,2,,1,G05,B,bbbd_subtraction,browser_block_config,V4,,0.0,0.0,,,,,,,"{""client_event_id"":""a7c7545d-918d-45a5-a468-efdde039da44"",""recorder_run_id"":""2c45acad-6db6-41d5-89db-d3b3e344aa65"",""client_id"":""68e07060-2057-490d-865c-e3c07c73e2ab"",""client_timestamp"":1789637968.0503001,""client_monotonic_ms"":783566.8999999911,""event_timestamp"":1789637968.0504625,""clock_offset_sec"":0.00016236305236816406,""clock_round_trip_ms"":8.900165557861328,""subject_id"":""sub-005"",""session_id"":""ses-001"",""block_id"":""Block 2"",""counterbalance_group"":""G05"",""block_order"":""Block 2"",""condition"":""B"",""condition_type"":""bbbd_subtraction"",""topic_key"":""V4"",""topic_name"":""中国古代最大的歼灭战 长平之战"",""event_type"":""block_start"",""iso_time"":""2026-09-17T09:39:28.050Z"",""relative_ms"":0,""video_time_sec"":0,""block_start_iso"":""2026-09-17T09:39:28.050Z"",""config_json"":""{\""recorder_run_id\"":\""2c45acad-6db6-41d5-89db-d3b3e344aa65\"",\""subject_id\"":\""sub-005\"",\""session_id\"":\""ses-001\"",\""block_id\"":\""Block 2\"",\""counterbalance_group\"":\""G05\"",\""condition\"":\""B\"",\""condition_type\"":\""bbbd_subtraction\"",\""topic_key\"":\""V4\"",\""topic_name\"":\""中国古代最大的歼灭战 长平之战\"",\""video_file\"":\""视频4-混知漫画｜中国古代最大的歼灭战——长平之战！-480P 标清-AVC.mp4\"",\""start_number\"":823,\""generated_timestamp\"":1789637281.7896738}""}",2c45acad-6db6-41d5-89db-d3b3e344aa65,sub-005,ses-001,a7c7545d-918d-45a5-a468-efdde039da44,68e07060-2057-490d-865c-e3c07c73e2ab,1789637968.0654268,1789637968.0503001,783566.8999999911,68e07060-2057-490d-865c-e3c07c73e2ab,browser_calibrated,0.00016236305236816406,8.900165557861328,144906,144906,0,3.981351852416992,host_receive_nearest,verified,0,1,,,,,,,,,1,,,,,,,,,,,,,,,,,,,,V4,B,0,1789637968.0503001,1789637968.0664022,144906,,,,,,,,,,
e8d1c6ed-7de6-42f9-9551-8b5490b21e2f,probe_schedule,1789637968.1155622,579.7,144926,2,2,,1,G05,B,bbbd_subtraction,probe_schedule,"45.466,95.408,174.134,281.946",,0.0,0.0,,,,,,,"{""client_event_id"":""e8d1c6ed-7de6-42f9-9551-8b5490b21e2f"",""recorder_run_id"":""2c45acad-6db6-41d5-89db-d3b3e344aa65"",""client_id"":""68e07060-2057-490d-865c-e3c07c73e2ab"",""client_timestamp"":1789637968.1153998,""client_monotonic_ms"":783631.8999999911,""event_timestamp"":1789637968.1155622,""clock_offset_sec"":0.00016236305236816406,""clock_round_trip_ms"":8.900165557861328,""subject_id"":""sub-005"",""session_id"":""ses-001"",""block_id"":""Block 2"",""counterbalance_group"":""G05"",""block_order"":""Block 2"",""condition"":""B"",""condition_type"":""bbbd_subtraction"",""topic_key"":""V4"",""topic_name"":""中国古代最大的歼灭战 长平之战"",""event_type"":""probe_schedule"",""iso_time"":""2026-09-17T09:39:28.115Z"",""relative_ms"":65,""video_time_sec"":0,""probe_schedule_id"":""7a7e9abe-c376-4198-ba94-597ab1235988"",""probe_times"":[45.466,95.408,174.134,281.946],""probe_config"":{""probes_per_block"":4,""min_first_onset_sec"":45,""min_end_margin_sec"":30,""min_gap_sec"":45},""video_duration_sec"":313.818,""video_id"":""V4"",""debug_fast"":false}",2c45acad-6db6-41d5-89db-d3b3e344aa65,sub-005,ses-001,e8d1c6ed-7de6-42f9-9551-8b5490b21e2f,68e07060-2057-490d-865c-e3c07c73e2ab,1789637968.13086,1789637968.1153998,783631.8999999911,68e07060-2057-490d-865c-e3c07c73e2ab,browser_calibrated,0.00016236305236816406,8.900165557861328,144925,144925,0,-0.5998611450195312,host_receive_nearest,verified,1,1,,,,,,,,,1,,,,,,,,,,,,,,,,,,,,V4,B,0,1789637968.1153998,1789637968.1310768,144925,,4,7a7e9abe-c376-4198-ba94-597ab1235988,,,,,,,
ffd8204a-eb46-466c-9510-8c5bd5b65c26,subtraction_start_number_displayed,1789637968.1193624,579.7,144941,2,2,,1,G05,B,bbbd_subtraction,subtraction_start_number_displayed,823,,0.0,0.0,,,,,,,"{""client_event_id"":""ffd8204a-eb46-466c-9510-8c5bd5b65c26"",""recorder_run_id"":""2c45acad-6db6-41d5-89db-d3b3e344aa65"",""client_id"":""68e07060-2057-490d-865c-e3c07c73e2ab"",""client_timestamp"":1789637968.1192,""client_monotonic_ms"":783635.700000003,""event_timestamp"":1789637968.1193624,""clock_offset_sec"":0.00016236305236816406,""clock_round_trip_ms"":8.900165557861328,""subject_id"":""sub-005"",""session_id"":""ses-001"",""block_id"":""Block 2"",""counterbalance_group"":""G05"",""block_order"":""Block 2"",""condition"":""B"",""condition_type"":""bbbd_subtraction"",""topic_key"":""V4"",""topic_name"":""中国古代最大的歼灭战 长平之战"",""event_type"":""subtraction_start_number_displayed"",""iso_time"":""2026-09-17T09:39:28.119Z"",""relative_ms"":69,""video_time_sec"":0,""start_number"":823,""generated_timestamp"":1789637281.7896738,""displayed_timestamp"":1789637968.1192}",2c45acad-6db6-41d5-89db-d3b3e344aa65,sub-005,ses-001,ffd8204a-eb46-466c-9510-8c5bd5b65c26,68e07060-2057-490d-865c-e3c07c73e2ab,1789637968.1868827,1789637968.1192,783635.700000003,68e07060-2057-490d-865c-e3c07c73e2ab,browser_calibrated,0.00016236305236816406,8.900165557861328,144925,144925,0,-4.400014877319336,host_receive_nearest,verified,1,0,823,1789637281.7896738,1789637968.1192,,,,,,1,,,,,,,,,,,,,,,,,,,,V4,B,0,1789637968.1192,1789637968.186993,144925,,,,,,,,,,
456e7fa7-94b6-4399-a51d-24b1ab205329,condition_prompt_end,1789637973.1476002,584.684,146176,2,2,,1,G05,B,bbbd_subtraction,condition_prompt_end,0,,0.0,0.0,,,,,,,"{""client_event_id"":""456e7fa7-94b6-4399-a51d-24b1ab205329"",""recorder_run_id"":""2c45acad-6db6-41d5-89db-d3b3e344aa65"",""client_id"":""68e07060-2057-490d-865c-e3c07c73e2ab"",""client_timestamp"":1789637973.1476998,""client_monotonic_ms"":788664.200000003,""event_timestamp"":1789637973.1476002,""clock_offset_sec"":0.00016236305236816406,""clock_round_trip_ms"":8.900165557861328,""subject_id"":""sub-005"",""session_id"":""ses-001"",""block_id"":""Block 2"",""counterbalance_group"":""G05"",""block_order"":""Block 2"",""condition"":""B"",""condition_type"":""bbbd_subtraction"",""topic_key"":""V4"",""topic_name"":""中国古代最大的歼灭战 长平之战"",""event_type"":""condition_prompt_end"",""iso_time"":""2026-09-17T09:39:33.147Z"",""relative_ms"":5097,""video_time_sec"":0}",2c45acad-6db6-41d5-89db-d3b3e344aa65,sub-005,ses-001,456e7fa7-94b6-4399-a51d-24b1ab205329,68e07060-2057-490d-865c-e3c07c73e2ab,1789637973.174851,1789637973.1476998,788664.200000003,68e07060-2057-490d-865c-e3c07c73e2ab,browser_calibrated,0.00016236305236816406,8.900165557861328,146171,146171,0,7.513999938964844,host_receive_nearest,verified,1,0,,,,,,,,,1,,,,,,,,,,,,,,,,,,,,V4,B,0,1789637973.1476998,1789637973.1749623,146171,,,,,,,,,,
430b8f89-95df-4b50-86a7-b07cbeacb358,video_start,1789637973.1476002,584.684,146196,2,2,,1,G05,B,bbbd_subtraction,video_start,V4,,0.0,0.0,,,,,,,,2c45acad-6db6-41d5-89db-d3b3e344aa65,sub-005,ses-001,430b8f89-95df-4b50-86a7-b07cbeacb358,68e07060-2057-490d-865c-e3c07c73e2ab,1789637973.1948266,1789637973.1531,788669.700000003,68e07060-2057-490d-865c-e3c07c73e2ab,browser_calibrated,0.00016236305236816406,8.900165557861328,146171,146171,0,7.513999938964844,host_receive_nearest,verified,1,1,,,,,,,,,1,,,,,,,,,,,,,,,,,,,,V4,B,0,1789637973.1531,1789637973.194931,146171,,,,,,,,,,
430b8f89-95df-4b50-86a7-b07cbeacb358,video_play,1789637973.1476002,584.684,146196,2,2,,1,G05,B,bbbd_subtraction,video_play,0,,0.0,0.0,,,,,,,"{""client_event_id"":""430b8f89-95df-4b50-86a7-b07cbeacb358"",""recorder_run_id"":""2c45acad-6db6-41d5-89db-d3b3e344aa65"",""client_id"":""68e07060-2057-490d-865c-e3c07c73e2ab"",""client_timestamp"":1789637973.1531,""client_monotonic_ms"":788669.700000003,""event_timestamp"":1789637973.1476002,""clock_offset_sec"":0.00016236305236816406,""clock_round_trip_ms"":8.900165557861328,""subject_id"":""sub-005"",""session_id"":""ses-001"",""block_id"":""Block 2"",""counterbalance_group"":""G05"",""block_order"":""Block 2"",""condition"":""B"",""condition_type"":""bbbd_subtraction"",""topic_key"":""V4"",""topic_name"":""中国古代最大的歼灭战 长平之战"",""event_type"":""video_play"",""iso_time"":""2026-09-17T09:39:33.153Z"",""relative_ms"":5103,""video_time_sec"":0}",2c45acad-6db6-41d5-89db-d3b3e344aa65,sub-005,ses-001,430b8f89-95df-4b50-86a7-b07cbeacb358,68e07060-2057-490d-865c-e3c07c73e2ab,1789637973.1948266,1789637973.1531,788669.700000003,68e07060-2057-490d-865c-e3c07c73e2ab,browser_calibrated,0.00016236305236816406,8.900165557861328,146171,146171,0,7.513999938964844,host_receive_nearest,verified,1,1,,,,,,,,,1,,,,,,,,,,,,,,,,,,,,V4,B,0,1789637973.1531,1789637973.1952403,146171,,,,,,,,,,
88080922-24d7-4770-972b-1a4a2529e12d,subtraction_start_number_hidden,1789637973.1476002,584.684,146196,2,2,,1,G05,B,bbbd_subtraction,subtraction_start_number_hidden,823,,0.0,0.0,,,,,,,"{""client_event_id"":""88080922-24d7-4770-972b-1a4a2529e12d"",""recorder_run_id"":""2c45acad-6db6-41d5-89db-d3b3e344aa65"",""client_id"":""68e07060-2057-490d-865c-e3c07c73e2ab"",""client_timestamp"":1789637973.1559,""client_monotonic_ms"":788672.3999999911,""event_timestamp"":1789637973.1476002,""clock_offset_sec"":0.00016236305236816406,""clock_round_trip_ms"":8.900165557861328,""subject_id"":""sub-005"",""session_id"":""ses-001"",""block_id"":""Block 2"",""counterbalance_group"":""G05"",""block_order"":""Block 2"",""condition"":""B"",""condition_type"":""bbbd_subtraction"",""topic_key"":""V4"",""topic_name"":""中国古代最大的歼灭战 长平之战"",""event_type"":""subtraction_start_number_hidden"",""iso_time"":""2026-09-17T09:39:33.155Z"",""relative_ms"":5106,""video_time_sec"":0,""start_number"":823,""generated_timestamp"":1789637281.7896738,""displayed_timestamp"":1789637968.1192,""hidden_timestamp"":1789637973.1476002}",2c45acad-6db6-41d5-89db-d3b3e344aa65,sub-005,ses-001,88080922-24d7-4770-972b-1a4a2529e12d,68e07060-2057-490d-865c-e3c07c73e2ab,1789637973.2062604,1789637973.1559,788672.3999999911,68e07060-2057-490d-865c-e3c07c73e2ab,browser_calibrated,0.00016236305236816406,8.900165557861328,146171,146171,0,7.513999938964844,host_receive_nearest,verified,1,0,823,1789637281.7896738,1789637968.1192,1789637973.1476002,,,,,1,,,,,,,,,,,,,,,,,,,,V4,B,0,1789637973.1559,1789637973.2063293,146171,,,,,,,,,,
4464d39c-1608-49f5-a4b7-56311b7bbbad,probe_onset,1789638018.8394115,630.42,157606,2,2,,1,G05,B,bbbd_subtraction,probe_onset,Block 2_1_7a7e9abe,,0.0,0.0,,,,,,,"{""client_event_id"":""4464d39c-1608-49f5-a4b7-56311b7bbbad"",""recorder_run_id"":""2c45acad-6db6-41d5-89db-d3b3e344aa65"",""client_id"":""68e07060-2057-490d-865c-e3c07c73e2ab"",""client_timestamp"":1789638018.8393002,""client_monotonic_ms"":834355.8999999911,""event_timestamp"":1789638018.8394115,""clock_offset_sec"":0.00011134147644042969,""clock_round_trip_ms"":4.900217056274414,""subject_id"":""sub-005"",""session_id"":""ses-001"",""block_id"":""Block 2"",""counterbalance_group"":""G05"",""block_order"":""Block 2"",""condition"":""B"",""condition_type"":""bbbd_subtraction"",""topic_key"":""V4"",""topic_name"":""中国古代最大的歼灭战 长平之战"",""event_type"":""probe_onset"",""iso_time"":""2026-09-17T09:40:18.839Z"",""relative_ms"":50789,""video_time_sec"":45.63,""probe_id"":""Block 2_1_7a7e9abe"",""probe_index"":1,""probe_schedule_id"":""7a7e9abe-c376-4198-ba94-597ab1235988"",""probe_planned_time_sec"":45.466,""video_id"":""V4"",""pause_reason"":""thought_probe"",""forced"":false}",2c45acad-6db6-41d5-89db-d3b3e344aa65,sub-005,ses-001,4464d39c-1608-49f5-a4b7-56311b7bbbad,68e07060-2057-490d-865c-e3c07c73e2ab,1789638018.863343,1789638018.8393002,834355.8999999911,68e07060-2057-490d-865c-e3c07c73e2ab,browser_calibrated,0.00011134147644042969,4.900217056274414,157605,157605,0,-23.707151412963867,host_receive_nearest,verified,1,1,,,,,,,,,1,,,,,,,,,,,,,,,,,,,,V4,B,45.63,1789638018.8393002,1789638018.8634815,157605,Block 2_1_7a7e9abe,1,7a7e9abe-c376-4198-ba94-597ab1235988,45.466,,,,,,thought_probe
8431c754-30a3-43aa-80ef-a59a059edddd,attention_response,1789638022.7937114,634.38,158600,2,2,,1,G05,B,bbbd_subtraction,attention_response,2,,0.0,0.0,,,,,,,"{""client_event_id"":""8431c754-30a3-43aa-80ef-a59a059edddd"",""recorder_run_id"":""2c45acad-6db6-41d5-89db-d3b3e344aa65"",""client_id"":""68e07060-2057-490d-865c-e3c07c73e2ab"",""client_timestamp"":1789638022.7936,""client_monotonic_ms"":838310.200000003,""event_timestamp"":1789638022.7937114,""clock_offset_sec"":0.00011134147644042969,""clock_round_trip_ms"":4.900217056274414,""subject_id"":""sub-005"",""session_id"":""ses-001"",""block_id"":""Block 2"",""counterbalance_group"":""G05"",""block_order"":""Block 2"",""condition"":""B"",""condition_type"":""bbbd_subtraction"",""topic_key"":""V4"",""topic_name"":""中国古代最大的歼灭战 长平之战"",""event_type"":""attention_response"",""iso_time"":""2026-09-17T09:40:22.793Z"",""relative_ms"":54743,""video_time_sec"":45.63,""probe_id"":""Block 2_1_7a7e9abe"",""probe_index"":1,""probe_schedule_id"":""7a7e9abe-c376-4198-ba94-597ab1235988"",""probe_planned_time_sec"":45.466,""video_id"":""V4"",""response"":2,""response_label"":""连续减7心算任务"",""probe_attention"":""OFF"",""response_time_ms"":3955}",2c45acad-6db6-41d5-89db-d3b3e344aa65,sub-005,ses-001,8431c754-30a3-43aa-80ef-a59a059edddd,68e07060-2057-490d-865c-e3c07c73e2ab,1789638022.8056202,1789638022.7936,838310.200000003,68e07060-2057-490d-865c-e3c07c73e2ab,browser_calibrated,0.00011134147644042969,4.900217056274414,158595,158595,0,10.164499282836914,host_receive_nearest,verified,1,1,,,,,,,,,1,,,,,,,,,,,,,,,,,,,,V4,B,45.63,1789638022.7936,1789638022.8385975,158595,Block 2_1_7a7e9abe,1,7a7e9abe-c376-4198-ba94-597ab1235988,45.466,2,连续减7心算任务,3955,,OFF,
5b8a9c2e-6472-4825-9ec2-0f169c9cb01c,confidence_response,1789638024.3713112,635.94,159000,2,2,,1,G05,B,bbbd_subtraction,confidence_response,4,,0.0,0.0,,,,,,,"{""client_event_id"":""5b8a9c2e-6472-4825-9ec2-0f169c9cb01c"",""recorder_run_id"":""2c45acad-6db6-41d5-89db-d3b3e344aa65"",""client_id"":""68e07060-2057-490d-865c-e3c07c73e2ab"",""client_timestamp"":1789638024.3711998,""client_monotonic_ms"":839887.700000003,""event_timestamp"":1789638024.3713112,""clock_offset_sec"":0.00011134147644042969,""clock_round_trip_ms"":4.900217056274414,""subject_id"":""sub-005"",""session_id"":""ses-001"",""block_id"":""Block 2"",""counterbalance_group"":""G05"",""block_order"":""Block 2"",""condition"":""B"",""condition_type"":""bbbd_subtraction"",""topic_key"":""V4"",""topic_name"":""中国古代最大的歼灭战 长平之战"",""event_type"":""confidence_response"",""iso_time"":""2026-09-17T09:40:24.371Z"",""relative_ms"":56321,""video_time_sec"":45.63,""probe_id"":""Block 2_1_7a7e9abe"",""probe_index"":1,""probe_schedule_id"":""7a7e9abe-c376-4198-ba94-597ab1235988"",""probe_planned_time_sec"":45.466,""video_id"":""V4"",""response"":2,""confidence"":4,""response_time_ms"":1578}",2c45acad-6db6-41d5-89db-d3b3e344aa65,sub-005,ses-001,5b8a9c2e-6472-4825-9ec2-0f169c9cb01c,68e07060-2057-490d-865c-e3c07c73e2ab,1789638024.4422593,1789638024.3711998,839887.700000003,68e07060-2057-490d-865c-e3c07c73e2ab,browser_calibrated,0.00011134147644042969,4.900217056274414,158985,158985,0,22.59206771850586,host_receive_nearest,verified,1,1,,,,,,,,,1,,,,,,,,,,,,,,,,,,,,V4,B,45.63,1789638024.3711998,1789638024.4929814,158985,Block 2_1_7a7e9abe,1,7a7e9abe-c376-4198-ba94-597ab1235988,45.466,,,1578,4,,
4d72fd06-24a3-4759-b5b4-b5cb21bc5cf5,phase_change,1789638024.3763113,635.94,159030,2,2,,1,G05,B,bbbd_subtraction,phase_change,video,,0.0,0.0,,,,,,,,2c45acad-6db6-41d5-89db-d3b3e344aa65,sub-005,ses-001,4d72fd06-24a3-4759-b5b4-b5cb21bc5cf5,68e07060-2057-490d-865c-e3c07c73e2ab,1789638024.5296204,1789638024.3762,839892.700000003,68e07060-2057-490d-865c-e3c07c73e2ab,browser_calibrated,0.00011134147644042969,4.900217056274414,158985,158985,0,17.59195327758789,host_receive_nearest,verified,1,1,,,,,,,,,1,,,,,,,,,,,,,,,,,,,,V4,B,45.708,1789638024.3762,1789638024.529704,158985,,,,,,,,,,
4d72fd06-24a3-4759-b5b4-b5cb21bc5cf5,video_resume,1789638024.3763113,635.94,159030,2,2,,1,G05,B,bbbd_subtraction,video_resume,45.708,,0.0,0.0,,,,,,,"{""client_event_id"":""4d72fd06-24a3-4759-b5b4-b5cb21bc5cf5"",""recorder_run_id"":""2c45acad-6db6-41d5-89db-d3b3e344aa65"",""client_id"":""68e07060-2057-490d-865c-e3c07c73e2ab"",""client_timestamp"":1789638024.3762,""client_monotonic_ms"":839892.700000003,""event_timestamp"":1789638024.3763113,""clock_offset_sec"":0.00011134147644042969,""clock_round_trip_ms"":4.900217056274414,""subject_id"":""sub-005"",""session_id"":""ses-001"",""block_id"":""Block 2"",""counterbalance_group"":""G05"",""block_order"":""Block 2"",""condition"":""B"",""condition_type"":""bbbd_subtraction"",""topic_key"":""V4"",""topic_name"":""中国古代最大的歼灭战 长平之战"",""event_type"":""video_resume"",""iso_time"":""2026-09-17T09:40:24.376Z"",""relative_ms"":56326,""video_time_sec"":45.708,""probe_id"":""Block 2_1_7a7e9abe"",""probe_index"":1,""probe_schedule_id"":""7a7e9abe-c376-4198-ba94-597ab1235988"",""probe_planned_time_sec"":45.466,""video_id"":""V4"",""pause_reason"":""thought_probe"",""resume_status"":""playing""}",2c45acad-6db6-41d5-89db-d3b3e344aa65,sub-005,ses-001,4d72fd06-24a3-4759-b5b4-b5cb21bc5cf5,68e07060-2057-490d-865c-e3c07c73e2ab,1789638024.5296204,1789638024.3762,839892.700000003,68e07060-2057-490d-865c-e3c07c73e2ab,browser_calibrated,0.00011134147644042969,4.900217056274414,158985,158985,0,17.59195327758789,host_receive_nearest,verified,1,1,,,,,,,,,1,,,,,,,,,,,,,,,,,,,,V4,B,45.708,1789638024.3762,1789638024.5299041,158985,Block 2_1_7a7e9abe,,,,,,,,,thought_probe
78863b89-bb47-40c1-962c-ad5bdf413564,probe_onset,1789638074.3593636,685.936,171485,2,2,,1,G05,B,bbbd_subtraction,probe_onset,Block 2_2_7a7e9abe,,0.0,0.0,,,,,,,"{""client_event_id"":""78863b89-bb47-40c1-962c-ad5bdf413564"",""recorder_run_id"":""2c45acad-6db6-41d5-89db-d3b3e344aa65"",""client_id"":""68e07060-2057-490d-865c-e3c07c73e2ab"",""client_timestamp"":1789638074.3588,""client_monotonic_ms"":889875.299999997,""event_timestamp"":1789638074.3593636,""clock_offset_sec"":0.0005636215209960938,""clock_round_trip_ms"":6.799936294555664,""subject_id"":""sub-005"",""session_id"":""ses-001"",""block_id"":""Block 2"",""counterbalance_group"":""G05"",""block_order"":""Block 2"",""condition"":""B"",""condition_type"":""bbbd_subtraction"",""topic_key"":""V4"",""topic_name"":""中国古代最大的歼灭战 长平之战"",""event_type"":""probe_onset"",""iso_time"":""2026-09-17T09:41:14.358Z"",""relative_ms"":106309,""video_time_sec"":95.645,""probe_id"":""Block 2_2_7a7e9abe"",""probe_index"":2,""probe_schedule_id"":""7a7e9abe-c376-4198-ba94-597ab1235988"",""probe_planned_time_sec"":95.408,""video_id"":""V4"",""pause_reason"":""thought_probe"",""forced"":false}",2c45acad-6db6-41d5-89db-d3b3e344aa65,sub-005,ses-001,78863b89-bb47-40c1-962c-ad5bdf413564,68e07060-2057-490d-865c-e3c07c73e2ab,1789638074.3809466,1789638074.3588,889875.299999997,68e07060-2057-490d-865c-e3c07c73e2ab,browser_calibrated,0.0005636215209960938,6.799936294555664,171484,171484,0,-15.358924865722656,host_receive_nearest,verified,1,1,,,,,,,,,1,,,,,,,,,,,,,,,,,,,,V4,B,95.645,1789638074.3588,1789638074.381073,171484,Block 2_2_7a7e9abe,2,7a7e9abe-c376-4198-ba94-597ab1235988,95.408,,,,,,thought_probe
0cfb300a-9c9a-479a-b99e-6b6231f131e2,attention_response,1789638077.6097636,689.18,172305,2,2,,1,G05,B,bbbd_subtraction,attention_response,2,,0.0,0.0,,,,,,,"{""client_event_id"":""0cfb300a-9c9a-479a-b99e-6b6231f131e2"",""recorder_run_id"":""2c45acad-6db6-41d5-89db-d3b3e344aa65"",""client_id"":""68e07060-2057-490d-865c-e3c07c73e2ab"",""client_timestamp"":1789638077.6092,""client_monotonic_ms"":893125.700000003,""event_timestamp"":1789638077.6097636,""clock_offset_sec"":0.0005636215209960938,""clock_round_trip_ms"":6.799936294555664,""subject_id"":""sub-005"",""session_id"":""ses-001"",""block_id"":""Block 2"",""counterbalance_group"":""G05"",""block_order"":""Block 2"",""condition"":""B"",""condition_type"":""bbbd_subtraction"",""topic_key"":""V4"",""topic_name"":""中国古代最大的歼灭战 长平之战"",""event_type"":""attention_response"",""iso_time"":""2026-09-17T09:41:17.609Z"",""relative_ms"":109559,""video_time_sec"":95.645,""probe_id"":""Block 2_2_7a7e9abe"",""probe_index"":2,""probe_schedule_id"":""7a7e9abe-c376-4198-ba94-597ab1235988"",""probe_planned_time_sec"":95.408,""video_id"":""V4"",""response"":2,""response_label"":""连续减7心算任务"",""probe_attention"":""OFF"",""response_time_ms"":3251}",2c45acad-6db6-41d5-89db-d3b3e344aa65,sub-005,ses-001,0cfb300a-9c9a-479a-b99e-6b6231f131e2,68e07060-2057-490d-865c-e3c07c73e2ab,1789638077.6193287,1789638077.6092,893125.700000003,68e07060-2057-490d-865c-e3c07c73e2ab,browser_calibrated,0.0005636215209960938,6.799936294555664,172295,172295,0,4.645824432373047,host_receive_nearest,verified,1,1,,,,,,,,,1,,,,,,,,,,,,,,,,,,,,V4,B,95.645,1789638077.6092,1789638077.6523778,172295,Block 2_2_7a7e9abe,2,7a7e9abe-c376-4198-ba94-597ab1235988,95.408,2,连续减7心算任务,3251,,OFF,
913b1295-a09c-4f4c-9efa-72f90266a46c,confidence_response,1789638079.1160636,690.716,172680,2,2,,1,G05,B,bbbd_subtraction,confidence_response,3,,0.0,0.0,,,,,,,"{""client_event_id"":""913b1295-a09c-4f4c-9efa-72f90266a46c"",""recorder_run_id"":""2c45acad-6db6-41d5-89db-d3b3e344aa65"",""client_id"":""68e07060-2057-490d-865c-e3c07c73e2ab"",""client_timestamp"":1789638079.1155,""client_monotonic_ms"":894632,""event_timestamp"":1789638079.1160636,""clock_offset_sec"":0.0005636215209960938,""clock_round_trip_ms"":6.799936294555664,""subject_id"":""sub-005"",""session_id"":""ses-001"",""block_id"":""Block 2"",""counterbalance_group"":""G05"",""block_order"":""Block 2"",""condition"":""B"",""condition_type"":""bbbd_subtraction"",""topic_key"":""V4"",""topic_name"":""中国古代最大的歼灭战 长平之战"",""event_type"":""confidence_response"",""iso_time"":""2026-09-17T09:41:19.115Z"",""relative_ms"":111065,""video_time_sec"":95.645,""probe_id"":""Block 2_2_7a7e9abe"",""probe_index"":2,""probe_schedule_id"":""7a7e9abe-c376-4198-ba94-597ab1235988"",""probe_planned_time_sec"":95.408,""video_id"":""V4"",""response"":2,""confidence"":3,""response_time_ms"":1506}",2c45acad-6db6-41d5-89db-d3b3e344aa65,sub-005,ses-001,913b1295-a09c-4f4c-9efa-72f90266a46c,68e07060-2057-490d-865c-e3c07c73e2ab,1789638079.1289012,1789638079.1155,894632,68e07060-2057-490d-865c-e3c07c73e2ab,browser_calibrated,0.0005636215209960938,6.799936294555664,172679,172679,0,-0.8158683776855469,host_receive_nearest,verified,1,1,,,,,,,,,1,,,,,,,,,,,,,,,,,,,,V4,B,95.645,1789638079.1155,1789638079.142444,172679,Block 2_2_7a7e9abe,2,7a7e9abe-c376-4198-ba94-597ab1235988,95.408,,,1506,3,,
b6a1873c-a711-4141-adae-6b6b8e1dd7e4,phase_change,1789638079.1223636,690.716,172710,2,2,,1,G05,B,bbbd_subtraction,phase_change,video,,0.0,0.0,,,,,,,,2c45acad-6db6-41d5-89db-d3b3e344aa65,sub-005,ses-001,b6a1873c-a711-4141-adae-6b6b8e1dd7e4,68e07060-2057-490d-865c-e3c07c73e2ab,1789638079.2552664,1789638079.1218,894638.299999997,68e07060-2057-490d-865c-e3c07c73e2ab,browser_calibrated,0.0005636215209960938,6.799936294555664,172679,172679,0,-7.115840911865234,host_receive_nearest,verified,1,1,,,,,,,,,1,,,,,,,,,,,,,,,,,,,,V4,B,95.692,1789638079.1218,1789638079.255406,172679,,,,,,,,,,
b6a1873c-a711-4141-adae-6b6b8e1dd7e4,video_resume,1789638079.1223636,690.716,172710,2,2,,1,G05,B,bbbd_subtraction,video_resume,95.692,,0.0,0.0,,,,,,,"{""client_event_id"":""b6a1873c-a711-4141-adae-6b6b8e1dd7e4"",""recorder_run_id"":""2c45acad-6db6-41d5-89db-d3b3e344aa65"",""client_id"":""68e07060-2057-490d-865c-e3c07c73e2ab"",""client_timestamp"":1789638079.1218,""client_monotonic_ms"":894638.299999997,""event_timestamp"":1789638079.1223636,""clock_offset_sec"":0.0005636215209960938,""clock_round_trip_ms"":6.799936294555664,""subject_id"":""sub-005"",""session_id"":""ses-001"",""block_id"":""Block 2"",""counterbalance_group"":""G05"",""block_order"":""Block 2"",""condition"":""B"",""condition_type"":""bbbd_subtraction"",""topic_key"":""V4"",""topic_name"":""中国古代最大的歼灭战 长平之战"",""event_type"":""video_resume"",""iso_time"":""2026-09-17T09:41:19.121Z"",""relative_ms"":111072,""video_time_sec"":95.692,""probe_id"":""Block 2_2_7a7e9abe"",""probe_index"":2,""probe_schedule_id"":""7a7e9abe-c376-4198-ba94-597ab1235988"",""probe_planned_time_sec"":95.408,""video_id"":""V4"",""pause_reason"":""thought_probe"",""resume_status"":""playing""}",2c45acad-6db6-41d5-89db-d3b3e344aa65,sub-005,ses-001,b6a1873c-a711-4141-adae-6b6b8e1dd7e4,68e07060-2057-490d-865c-e3c07c73e2ab,1789638079.2552664,1789638079.1218,894638.299999997,68e07060-2057-490d-865c-e3c07c73e2ab,browser_calibrated,0.0005636215209960938,6.799936294555664,172679,172679,0,-7.115840911865234,host_receive_nearest,verified,1,1,,,,,,,,,1,,,,,,,,,,,,,,,,,,,,V4,B,95.692,1789638079.1218,1789638079.2558188,172679,Block 2_2_7a7e9abe,,,,,,,,,thought_probe
d0e21d05-6c35-40a4-a781-de4b43707825,probe_onset,1789638157.838837,769.396,192350,2,2,,1,G05,B,bbbd_subtraction,probe_onset,Block 2_3_7a7e9abe,,0.0,0.0,,,,,,,"{""client_event_id"":""d0e21d05-6c35-40a4-a781-de4b43707825"",""recorder_run_id"":""2c45acad-6db6-41d5-89db-d3b3e344aa65"",""client_id"":""68e07060-2057-490d-865c-e3c07c73e2ab"",""client_timestamp"":1789638157.8388,""client_monotonic_ms"":973355.299999997,""event_timestamp"":1789638157.838837,""clock_offset_sec"":3.695487976074219e-05,""clock_round_trip_ms"":7.2002410888671875,""subject_id"":""sub-005"",""session_id"":""ses-001"",""block_id"":""Block 2"",""counterbalance_group"":""G05"",""block_order"":""Block 2"",""condition"":""B"",""condition_type"":""bbbd_subtraction"",""topic_key"":""V4"",""topic_name"":""中国古代最大的歼灭战 长平之战"",""event_type"":""probe_onset"",""iso_time"":""2026-09-17T09:42:37.838Z"",""relative_ms"":189789,""video_time_sec"":174.361,""probe_id"":""Block 2_3_7a7e9abe"",""probe_index"":3,""probe_schedule_id"":""7a7e9abe-c376-4198-ba94-597ab1235988"",""probe_planned_time_sec"":174.134,""video_id"":""V4"",""pause_reason"":""thought_probe"",""forced"":false}",2c45acad-6db6-41d5-89db-d3b3e344aa65,sub-005,ses-001,d0e21d05-6c35-40a4-a781-de4b43707825,68e07060-2057-490d-865c-e3c07c73e2ab,1789638157.8673863,1789638157.8388,973355.299999997,68e07060-2057-490d-865c-e3c07c73e2ab,browser_calibrated,3.695487976074219e-05,7.2002410888671875,192349,192349,0,-34.13748741149902,host_receive_nearest,verified,1,1,,,,,,,,,1,,,,,,,,,,,,,,,,,,,,V4,B,174.361,1789638157.8388,1789638157.8675213,192349,Block 2_3_7a7e9abe,3,7a7e9abe-c376-4198-ba94-597ab1235988,174.134,,,,,,thought_probe
ed40913d-5c3b-4d25-9e22-a4740d9d1d6e,attention_response,1789638160.8895369,772.46,193125,2,2,,1,G05,B,bbbd_subtraction,attention_response,2,,0.0,0.0,,,,,,,"{""client_event_id"":""ed40913d-5c3b-4d25-9e22-a4740d9d1d6e"",""recorder_run_id"":""2c45acad-6db6-41d5-89db-d3b3e344aa65"",""client_id"":""68e07060-2057-490d-865c-e3c07c73e2ab"",""client_timestamp"":1789638160.8895,""client_monotonic_ms"":976406.099999994,""event_timestamp"":1789638160.8895369,""clock_offset_sec"":3.695487976074219e-05,""clock_round_trip_ms"":7.2002410888671875,""subject_id"":""sub-005"",""session_id"":""ses-001"",""block_id"":""Block 2"",""counterbalance_group"":""G05"",""block_order"":""Block 2"",""condition"":""B"",""condition_type"":""bbbd_subtraction"",""topic_key"":""V4"",""topic_name"":""中国古代最大的歼灭战 长平之战"",""event_type"":""attention_response"",""iso_time"":""2026-09-17T09:42:40.889Z"",""relative_ms"":192839,""video_time_sec"":174.361,""probe_id"":""Block 2_3_7a7e9abe"",""probe_index"":3,""probe_schedule_id"":""7a7e9abe-c376-4198-ba94-597ab1235988"",""probe_planned_time_sec"":174.134,""video_id"":""V4"",""response"":2,""response_label"":""连续减7心算任务"",""probe_attention"":""OFF"",""response_time_ms"":3051}",2c45acad-6db6-41d5-89db-d3b3e344aa65,sub-005,ses-001,ed40913d-5c3b-4d25-9e22-a4740d9d1d6e,68e07060-2057-490d-865c-e3c07c73e2ab,1789638160.899773,1789638160.8895,976406.099999994,68e07060-2057-490d-865c-e3c07c73e2ab,browser_calibrated,3.695487976074219e-05,7.2002410888671875,193115,193115,0,3.854036331176758,host_receive_nearest,verified,1,1,,,,,,,,,1,,,,,,,,,,,,,,,,,,,,V4,B,174.361,1789638160.8895,1789638160.9116895,193115,Block 2_3_7a7e9abe,3,7a7e9abe-c376-4198-ba94-597ab1235988,174.134,2,连续减7心算任务,3051,,OFF,
2e86fdcf-986c-463e-a7a8-acdae22ad02a,confidence_response,1789638162.065637,773.656,193415,2,2,,1,G05,B,bbbd_subtraction,confidence_response,4,,0.0,0.0,,,,,,,"{""client_event_id"":""2e86fdcf-986c-463e-a7a8-acdae22ad02a"",""recorder_run_id"":""2c45acad-6db6-41d5-89db-d3b3e344aa65"",""client_id"":""68e07060-2057-490d-865c-e3c07c73e2ab"",""client_timestamp"":1789638162.0656002,""client_monotonic_ms"":977582.099999994,""event_timestamp"":1789638162.065637,""clock_offset_sec"":3.695487976074219e-05,""clock_round_trip_ms"":7.2002410888671875,""subject_id"":""sub-005"",""session_id"":""ses-001"",""block_id"":""Block 2"",""counterbalance_group"":""G05"",""block_order"":""Block 2"",""condition"":""B"",""condition_type"":""bbbd_subtraction"",""topic_key"":""V4"",""topic_name"":""中国古代最大的歼灭战 长平之战"",""event_type"":""confidence_response"",""iso_time"":""2026-09-17T09:42:42.065Z"",""relative_ms"":194015,""video_time_sec"":174.361,""probe_id"":""Block 2_3_7a7e9abe"",""probe_index"":3,""probe_schedule_id"":""7a7e9abe-c376-4198-ba94-597ab1235988"",""probe_planned_time_sec"":174.134,""video_id"":""V4"",""response"":2,""confidence"":4,""response_time_ms"":1176}",2c45acad-6db6-41d5-89db-d3b3e344aa65,sub-005,ses-001,2e86fdcf-986c-463e-a7a8-acdae22ad02a,68e07060-2057-490d-865c-e3c07c73e2ab,1789638162.0835383,1789638162.0656002,977582.099999994,68e07060-2057-490d-865c-e3c07c73e2ab,browser_calibrated,3.695487976074219e-05,7.2002410888671875,193414,193414,0,-2.446889877319336,host_receive_nearest,verified,1,1,,,,,,,,,1,,,,,,,,,,,,,,,,,,,,V4,B,174.361,1789638162.0656002,1789638162.0954049,193414,Block 2_3_7a7e9abe,3,7a7e9abe-c376-4198-ba94-597ab1235988,174.134,,,1176,4,,
c25fa0ad-e5d6-449c-95ec-9320d6bfc4fb,phase_change,1789638162.070437,773.656,193430,2,2,,1,G05,B,bbbd_subtraction,phase_change,video,,0.0,0.0,,,,,,,,2c45acad-6db6-41d5-89db-d3b3e344aa65,sub-005,ses-001,c25fa0ad-e5d6-449c-95ec-9320d6bfc4fb,68e07060-2057-490d-865c-e3c07c73e2ab,1789638162.146313,1789638162.0704,977586.8999999911,68e07060-2057-490d-865c-e3c07c73e2ab,browser_calibrated,3.695487976074219e-05,7.2002410888671875,193414,193414,0,-7.246732711791992,host_receive_nearest,verified,1,1,,,,,,,,,1,,,,,,,,,,,,,,,,,,,,V4,B,174.417,1789638162.0704,1789638162.146461,193414,,,,,,,,,,
c25fa0ad-e5d6-449c-95ec-9320d6bfc4fb,video_resume,1789638162.070437,773.656,193430,2,2,,1,G05,B,bbbd_subtraction,video_resume,174.417,,0.0,0.0,,,,,,,"{""client_event_id"":""c25fa0ad-e5d6-449c-95ec-9320d6bfc4fb"",""recorder_run_id"":""2c45acad-6db6-41d5-89db-d3b3e344aa65"",""client_id"":""68e07060-2057-490d-865c-e3c07c73e2ab"",""client_timestamp"":1789638162.0704,""client_monotonic_ms"":977586.8999999911,""event_timestamp"":1789638162.070437,""clock_offset_sec"":3.695487976074219e-05,""clock_round_trip_ms"":7.2002410888671875,""subject_id"":""sub-005"",""session_id"":""ses-001"",""block_id"":""Block 2"",""counterbalance_group"":""G05"",""block_order"":""Block 2"",""condition"":""B"",""condition_type"":""bbbd_subtraction"",""topic_key"":""V4"",""topic_name"":""中国古代最大的歼灭战 长平之战"",""event_type"":""video_resume"",""iso_time"":""2026-09-17T09:42:42.070Z"",""relative_ms"":194020,""video_time_sec"":174.417,""probe_id"":""Block 2_3_7a7e9abe"",""probe_index"":3,""probe_schedule_id"":""7a7e9abe-c376-4198-ba94-597ab1235988"",""probe_planned_time_sec"":174.134,""video_id"":""V4"",""pause_reason"":""thought_probe"",""resume_status"":""playing""}",2c45acad-6db6-41d5-89db-d3b3e344aa65,sub-005,ses-001,c25fa0ad-e5d6-449c-95ec-9320d6bfc4fb,68e07060-2057-490d-865c-e3c07c73e2ab,1789638162.146313,1789638162.0704,977586.8999999911,68e07060-2057-490d-865c-e3c07c73e2ab,browser_calibrated,3.695487976074219e-05,7.2002410888671875,193414,193414,0,-7.246732711791992,host_receive_nearest,verified,1,1,,,,,,,,,1,,,,,,,,,,,,,,,,,,,,V4,B,174.417,1789638162.0704,1789638162.1469028,193414,Block 2_3_7a7e9abe,,,,,,,,,thought_probe
e123a3dd-1b9f-4660-a7a3-3ac6dd77f007,probe_onset,1789638269.7296026,881.292,220324,2,2,,1,G05,B,bbbd_subtraction,probe_onset,Block 2_4_7a7e9abe,,0.0,0.0,,,,,,,"{""client_event_id"":""e123a3dd-1b9f-4660-a7a3-3ac6dd77f007"",""recorder_run_id"":""2c45acad-6db6-41d5-89db-d3b3e344aa65"",""client_id"":""68e07060-2057-490d-865c-e3c07c73e2ab"",""client_timestamp"":1789638269.7294,""client_monotonic_ms"":1085246,""event_timestamp"":1789638269.7296026,""clock_offset_sec"":0.00020265579223632812,""clock_round_trip_ms"":6.2999725341796875,""subject_id"":""sub-005"",""session_id"":""ses-001"",""block_id"":""Block 2"",""counterbalance_group"":""G05"",""block_order"":""Block 2"",""condition"":""B"",""condition_type"":""bbbd_subtraction"",""topic_key"":""V4"",""topic_name"":""中国古代最大的歼灭战 长平之战"",""event_type"":""probe_onset"",""iso_time"":""2026-09-17T09:44:29.729Z"",""relative_ms"":301679,""video_time_sec"":282.023,""probe_id"":""Block 2_4_7a7e9abe"",""probe_index"":4,""probe_schedule_id"":""7a7e9abe-c376-4198-ba94-597ab1235988"",""probe_planned_time_sec"":281.946,""video_id"":""V4"",""pause_reason"":""thought_probe"",""forced"":false}",2c45acad-6db6-41d5-89db-d3b3e344aa65,sub-005,ses-001,e123a3dd-1b9f-4660-a7a3-3ac6dd77f007,68e07060-2057-490d-865c-e3c07c73e2ab,1789638269.7422338,1789638269.7294,1085246,68e07060-2057-490d-865c-e3c07c73e2ab,browser_calibrated,0.00020265579223632812,6.2999725341796875,220323,220323,0,-22.816181182861328,host_receive_nearest,verified,1,1,,,,,,,,,1,,,,,,,,,,,,,,,,,,,,V4,B,282.023,1789638269.7294,1789638269.7423673,220323,Block 2_4_7a7e9abe,4,7a7e9abe-c376-4198-ba94-597ab1235988,281.946,,,,,,thought_probe
d2e6fdae-d21e-4aeb-b171-120934e26e5b,attention_response,1789638272.2418027,883.812,220954,2,2,,1,G05,B,bbbd_subtraction,attention_response,2,,0.0,0.0,,,,,,,"{""client_event_id"":""d2e6fdae-d21e-4aeb-b171-120934e26e5b"",""recorder_run_id"":""2c45acad-6db6-41d5-89db-d3b3e344aa65"",""client_id"":""68e07060-2057-490d-865c-e3c07c73e2ab"",""client_timestamp"":1789638272.2416,""client_monotonic_ms"":1087758.099999994,""event_timestamp"":1789638272.2418027,""clock_offset_sec"":0.00020265579223632812,""clock_round_trip_ms"":6.2999725341796875,""subject_id"":""sub-005"",""session_id"":""ses-001"",""block_id"":""Block 2"",""counterbalance_group"":""G05"",""block_order"":""Block 2"",""condition"":""B"",""condition_type"":""bbbd_subtraction"",""topic_key"":""V4"",""topic_name"":""中国古代最大的歼灭战 长平之战"",""event_type"":""attention_response"",""iso_time"":""2026-09-17T09:44:32.241Z"",""relative_ms"":304191,""video_time_sec"":282.023,""probe_id"":""Block 2_4_7a7e9abe"",""probe_index"":4,""probe_schedule_id"":""7a7e9abe-c376-4198-ba94-597ab1235988"",""probe_planned_time_sec"":281.946,""video_id"":""V4"",""response"":2,""response_label"":""连续减7心算任务"",""probe_attention"":""OFF"",""response_time_ms"":2512}",2c45acad-6db6-41d5-89db-d3b3e344aa65,sub-005,ses-001,d2e6fdae-d21e-4aeb-b171-120934e26e5b,68e07060-2057-490d-865c-e3c07c73e2ab,1789638272.2535558,1789638272.2416,1087758.099999994,68e07060-2057-490d-865c-e3c07c73e2ab,browser_calibrated,0.00020265579223632812,6.2999725341796875,220953,220953,0,-14.953374862670898,host_receive_nearest,verified,1,1,,,,,,,,,1,,,,,,,,,,,,,,,,,,,,V4,B,282.023,1789638272.2416,1789638272.264682,220953,Block 2_4_7a7e9abe,4,7a7e9abe-c376-4198-ba94-597ab1235988,281.946,2,连续减7心算任务,2512,,OFF,
6985c65e-e2dd-4651-9e16-c8153b0300fe,confidence_response,1789638273.0579026,884.636,221164,2,2,,1,G05,B,bbbd_subtraction,confidence_response,4,,0.0,0.0,,,,,,,"{""client_event_id"":""6985c65e-e2dd-4651-9e16-c8153b0300fe"",""recorder_run_id"":""2c45acad-6db6-41d5-89db-d3b3e344aa65"",""client_id"":""68e07060-2057-490d-865c-e3c07c73e2ab"",""client_timestamp"":1789638273.0577,""client_monotonic_ms"":1088574.299999997,""event_timestamp"":1789638273.0579026,""clock_offset_sec"":0.00020265579223632812,""clock_round_trip_ms"":6.2999725341796875,""subject_id"":""sub-005"",""session_id"":""ses-001"",""block_id"":""Block 2"",""counterbalance_group"":""G05"",""block_order"":""Block 2"",""condition"":""B"",""condition_type"":""bbbd_subtraction"",""topic_key"":""V4"",""topic_name"":""中国古代最大的歼灭战 长平之战"",""event_type"":""confidence_response"",""iso_time"":""2026-09-17T09:44:33.057Z"",""relative_ms"":305008,""video_time_sec"":282.023,""probe_id"":""Block 2_4_7a7e9abe"",""probe_index"":4,""probe_schedule_id"":""7a7e9abe-c376-4198-ba94-597ab1235988"",""probe_planned_time_sec"":281.946,""video_id"":""V4"",""response"":2,""confidence"":4,""response_time_ms"":816}",2c45acad-6db6-41d5-89db-d3b3e344aa65,sub-005,ses-001,6985c65e-e2dd-4651-9e16-c8153b0300fe,68e07060-2057-490d-865c-e3c07c73e2ab,1789638273.072396,1789638273.0577,1088574.299999997,68e07060-2057-490d-865c-e3c07c73e2ab,browser_calibrated,0.00020265579223632812,6.2999725341796875,221159,221159,0,4.808902740478516,host_receive_nearest,verified,1,1,,,,,,,,,1,,,,,,,,,,,,,,,,,,,,V4,B,282.023,1789638273.0577,1789638273.10643,221159,Block 2_4_7a7e9abe,4,7a7e9abe-c376-4198-ba94-597ab1235988,281.946,,,816,4,,
fb871287-7f2d-420e-aec0-b620f641caca,phase_change,1789638273.0677028,884.652,221194,2,2,,1,G05,B,bbbd_subtraction,phase_change,video,,0.0,0.0,,,,,,,,2c45acad-6db6-41d5-89db-d3b3e344aa65,sub-005,ses-001,fb871287-7f2d-420e-aec0-b620f641caca,68e07060-2057-490d-865c-e3c07c73e2ab,1789638273.1947477,1789638273.0675,1088584.099999994,68e07060-2057-490d-865c-e3c07c73e2ab,browser_calibrated,0.00020265579223632812,6.2999725341796875,221163,221163,0,-4.499912261962891,host_receive_nearest,verified,1,1,,,,,,,,,1,,,,,,,,,,,,,,,,,,,,V4,B,282.088,1789638273.0675,1789638273.194881,221163,,,,,,,,,,
fb871287-7f2d-420e-aec0-b620f641caca,video_resume,1789638273.0677028,884.652,221194,2,2,,1,G05,B,bbbd_subtraction,video_resume,282.088,,0.0,0.0,,,,,,,"{""client_event_id"":""fb871287-7f2d-420e-aec0-b620f641caca"",""recorder_run_id"":""2c45acad-6db6-41d5-89db-d3b3e344aa65"",""client_id"":""68e07060-2057-490d-865c-e3c07c73e2ab"",""client_timestamp"":1789638273.0675,""client_monotonic_ms"":1088584.099999994,""event_timestamp"":1789638273.0677028,""clock_offset_sec"":0.00020265579223632812,""clock_round_trip_ms"":6.2999725341796875,""subject_id"":""sub-005"",""session_id"":""ses-001"",""block_id"":""Block 2"",""counterbalance_group"":""G05"",""block_order"":""Block 2"",""condition"":""B"",""condition_type"":""bbbd_subtraction"",""topic_key"":""V4"",""topic_name"":""中国古代最大的歼灭战 长平之战"",""event_type"":""video_resume"",""iso_time"":""2026-09-17T09:44:33.067Z"",""relative_ms"":305017,""video_time_sec"":282.088,""probe_id"":""Block 2_4_7a7e9abe"",""probe_index"":4,""probe_schedule_id"":""7a7e9abe-c376-4198-ba94-597ab1235988"",""probe_planned_time_sec"":281.946,""video_id"":""V4"",""pause_reason"":""thought_probe"",""resume_status"":""playing""}",2c45acad-6db6-41d5-89db-d3b3e344aa65,sub-005,ses-001,fb871287-7f2d-420e-aec0-b620f641caca,68e07060-2057-490d-865c-e3c07c73e2ab,1789638273.1947477,1789638273.0675,1088584.099999994,68e07060-2057-490d-865c-e3c07c73e2ab,browser_calibrated,0.00020265579223632812,6.2999725341796875,221163,221163,0,-4.499912261962891,host_receive_nearest,verified,1,1,,,,,,,,,1,,,,,,,,,,,,,,,,,,,,V4,B,282.088,1789638273.0675,1789638273.1952045,221163,Block 2_4_7a7e9abe,,,,,,,,,thought_probe
6f3f7311-e70f-4544-8787-e86c4fa2a911,video_end,1789638304.8600965,916.436,229119,2,2,,1,G05,B,bbbd_subtraction,video_end,V4,,0.0,0.0,,,,,,,,2c45acad-6db6-41d5-89db-d3b3e344aa65,sub-005,ses-001,6f3f7311-e70f-4544-8787-e86c4fa2a911,68e07060-2057-490d-865c-e3c07c73e2ab,1789638304.8743746,1789638304.8599,1120376.399999991,68e07060-2057-490d-865c-e3c07c73e2ab,browser_calibrated,0.0001964569091796875,5.500078201293945,229109,229109,0,2.641439437866211,host_receive_nearest,verified,1,1,,,,,,,,,1,,,,,,,,,,,,,,,,,,,,V4,B,313.818,1789638304.8599,1789638304.874459,229109,,,,,,,,,,
6f3f7311-e70f-4544-8787-e86c4fa2a911,browser_video_ended,1789638304.8600965,916.436,229119,2,2,,1,G05,B,bbbd_subtraction,browser_video_ended,,,0.0,0.0,,,,,,,"{""client_event_id"":""6f3f7311-e70f-4544-8787-e86c4fa2a911"",""recorder_run_id"":""2c45acad-6db6-41d5-89db-d3b3e344aa65"",""client_id"":""68e07060-2057-490d-865c-e3c07c73e2ab"",""client_timestamp"":1789638304.8599,""client_monotonic_ms"":1120376.399999991,""event_timestamp"":1789638304.8600965,""clock_offset_sec"":0.0001964569091796875,""clock_round_trip_ms"":5.500078201293945,""subject_id"":""sub-005"",""session_id"":""ses-001"",""block_id"":""Block 2"",""counterbalance_group"":""G05"",""block_order"":""Block 2"",""condition"":""B"",""condition_type"":""bbbd_subtraction"",""topic_key"":""V4"",""topic_name"":""中国古代最大的歼灭战 长平之战"",""event_type"":""video_ended"",""iso_time"":""2026-09-17T09:45:04.859Z"",""relative_ms"":336810,""video_time_sec"":313.818}",2c45acad-6db6-41d5-89db-d3b3e344aa65,sub-005,ses-001,6f3f7311-e70f-4544-8787-e86c4fa2a911,68e07060-2057-490d-865c-e3c07c73e2ab,1789638304.8743746,1789638304.8599,1120376.399999991,68e07060-2057-490d-865c-e3c07c73e2ab,browser_calibrated,0.0001964569091796875,5.500078201293945,229109,229109,0,2.641439437866211,host_receive_nearest,verified,1,1,,,,,,,,,1,,,,,,,,,,,,,,,,,,,,V4,B,313.818,1789638304.8599,1789638304.8749201,229109,,,,,,,,,,
a87afec2-5d50-47d9-8e72-cb91734234e0,browser_block_end,1789638304.8650963,916.472,229119,2,2,,1,G05,B,bbbd_subtraction,browser_block_end,视频自然播放结束,,0.0,0.0,,,,,,,"{""client_event_id"":""a87afec2-5d50-47d9-8e72-cb91734234e0"",""recorder_run_id"":""2c45acad-6db6-41d5-89db-d3b3e344aa65"",""client_id"":""68e07060-2057-490d-865c-e3c07c73e2ab"",""client_timestamp"":1789638304.8648999,""client_monotonic_ms"":1120381.399999991,""event_timestamp"":1789638304.8650963,""clock_offset_sec"":0.0001964569091796875,""clock_round_trip_ms"":5.500078201293945,""subject_id"":""sub-005"",""session_id"":""ses-001"",""block_id"":""Block 2"",""counterbalance_group"":""G05"",""block_order"":""Block 2"",""condition"":""B"",""condition_type"":""bbbd_subtraction"",""topic_key"":""V4"",""topic_name"":""中国古代最大的歼灭战 长平之战"",""event_type"":""block_end"",""iso_time"":""2026-09-17T09:45:04.864Z"",""relative_ms"":336815,""video_time_sec"":313.818,""reason"":""视频自然播放结束""}",2c45acad-6db6-41d5-89db-d3b3e344aa65,sub-005,ses-001,a87afec2-5d50-47d9-8e72-cb91734234e0,68e07060-2057-490d-865c-e3c07c73e2ab,1789638304.8915987,1789638304.8648999,1120381.399999991,68e07060-2057-490d-865c-e3c07c73e2ab,browser_calibrated,0.0001964569091796875,5.500078201293945,229118,229118,0,-1.154184341430664,host_receive_nearest,verified,1,1,,,,,,,,,1,,,,,,,,,,,,,,,,,,,,V4,B,313.818,1789638304.8648999,1789638304.8917296,229118,,,,,,,,,,
89bea73c-de96-4b58-ab25-78f0f1babe9f,rating_start,1789638304.8675964,916.472,229124,2,2,,1,G05,B,bbbd_subtraction,rating_start,,,0.0,0.0,,,,,,,"{""client_event_id"":""89bea73c-de96-4b58-ab25-78f0f1babe9f"",""recorder_run_id"":""2c45acad-6db6-41d5-89db-d3b3e344aa65"",""client_id"":""68e07060-2057-490d-865c-e3c07c73e2ab"",""client_timestamp"":1789638304.8674,""client_monotonic_ms"":1120383.899999991,""event_timestamp"":1789638304.8675964,""clock_offset_sec"":0.0001964569091796875,""clock_round_trip_ms"":5.500078201293945,""subject_id"":""sub-005"",""session_id"":""ses-001"",""block_id"":""Block 2"",""counterbalance_group"":""G05"",""block_order"":""Block 2"",""condition"":""B"",""condition_type"":""bbbd_subtraction"",""topic_key"":""V4"",""topic_name"":""中国古代最大的歼灭战 长平之战"",""event_type"":""rating_start"",""iso_time"":""2026-09-17T09:45:04.867Z"",""relative_ms"":336817,""video_time_sec"":313.818}",2c45acad-6db6-41d5-89db-d3b3e344aa65,sub-005,ses-001,89bea73c-de96-4b58-ab25-78f0f1babe9f,68e07060-2057-490d-865c-e3c07c73e2ab,1789638304.9068842,1789638304.8674,1120383.899999991,68e07060-2057-490d-865c-e3c07c73e2ab,browser_calibrated,0.0001964569091796875,5.500078201293945,229118,229118,0,-3.6542415618896484,host_receive_nearest,verified,1,1,,,,,,,,,1,,,,,,,,,,,,,,,,,,,,V4,B,313.818,1789638304.8674,1789638304.9070046,229118,,,,,,,,,,
e056cc69-1b1b-448a-ac05-e44f295e844b,rating_item_response,1789638309.0500963,920.616,230169,2,2,,1,G05,B,bbbd_subtraction,rating_item_response,2,,0.0,0.0,,,,,,,"{""client_event_id"":""e056cc69-1b1b-448a-ac05-e44f295e844b"",""recorder_run_id"":""2c45acad-6db6-41d5-89db-d3b3e344aa65"",""client_id"":""68e07060-2057-490d-865c-e3c07c73e2ab"",""client_timestamp"":1789638309.0498998,""client_monotonic_ms"":1124566.399999991,""event_timestamp"":1789638309.0500963,""clock_offset_sec"":0.0001964569091796875,""clock_round_trip_ms"":5.500078201293945,""subject_id"":""sub-005"",""session_id"":""ses-001"",""block_id"":""Block 2"",""counterbalance_group"":""G05"",""block_order"":""Block 2"",""condition"":""B"",""condition_type"":""bbbd_subtraction"",""topic_key"":""V4"",""topic_name"":""中国古代最大的歼灭战 长平之战"",""event_type"":""rating_item_response"",""iso_time"":""2026-09-17T09:45:09.049Z"",""relative_ms"":341000,""video_time_sec"":313.818,""rating_item"":""course_attention_rating"",""rating_value"":""2"",""response_time_ms"":4183}",2c45acad-6db6-41d5-89db-d3b3e344aa65,sub-005,ses-001,e056cc69-1b1b-448a-ac05-e44f295e844b,68e07060-2057-490d-865c-e3c07c73e2ab,1789638309.0839825,1789638309.0498998,1124566.399999991,68e07060-2057-490d-865c-e3c07c73e2ab,browser_calibrated,0.0001964569091796875,5.500078201293945,230154,230154,0,12.308835983276367,host_receive_nearest,verified,1,1,,,,,,,,,1,,,,,,,,,,,,,course_attention_rating,2,,,,,,V4,B,313.818,1789638309.0498998,1789638309.0841117,230154,,,,,,,4183,,,
af1e0ed8-6795-48a6-a3ac-7a21d3d53685,rating_item_response,1789638315.0105963,926.612,231659,2,2,,1,G05,B,bbbd_subtraction,rating_item_response,3,,0.0,0.0,,,,,,,"{""client_event_id"":""af1e0ed8-6795-48a6-a3ac-7a21d3d53685"",""recorder_run_id"":""2c45acad-6db6-41d5-89db-d3b3e344aa65"",""client_id"":""68e07060-2057-490d-865c-e3c07c73e2ab"",""client_timestamp"":1789638315.0103998,""client_monotonic_ms"":1130526.899999991,""event_timestamp"":1789638315.0105963,""clock_offset_sec"":0.0001964569091796875,""clock_round_trip_ms"":5.500078201293945,""subject_id"":""sub-005"",""session_id"":""ses-001"",""block_id"":""Block 2"",""counterbalance_group"":""G05"",""block_order"":""Block 2"",""condition"":""B"",""condition_type"":""bbbd_subtraction"",""topic_key"":""V4"",""topic_name"":""中国古代最大的歼灭战 长平之战"",""event_type"":""rating_item_response"",""iso_time"":""2026-09-17T09:45:15.010Z"",""relative_ms"":346960,""video_time_sec"":313.818,""rating_item"":""mental_effort"",""rating_value"":""3"",""response_time_ms"":10143}",2c45acad-6db6-41d5-89db-d3b3e344aa65,sub-005,ses-001,af1e0ed8-6795-48a6-a3ac-7a21d3d53685,68e07060-2057-490d-865c-e3c07c73e2ab,1789638315.0362725,1789638315.0103998,1130526.899999991,68e07060-2057-490d-865c-e3c07c73e2ab,browser_calibrated,0.0001964569091796875,5.500078201293945,231653,231653,0,-6.675481796264648,host_receive_nearest,verified,1,1,,,,,,,,,1,,,,,,,,,,,,,mental_effort,3,,,,,,V4,B,313.818,1789638315.0103998,1789638315.0364375,231653,,,,,,,10143,,,
53cb6606-8ac2-4250-b42f-715c114c8cd4,rating_item_response,1789638317.9393964,929.516,232389,2,2,,1,G05,B,bbbd_subtraction,rating_item_response,1,,0.0,0.0,,,,,,,"{""client_event_id"":""53cb6606-8ac2-4250-b42f-715c114c8cd4"",""recorder_run_id"":""2c45acad-6db6-41d5-89db-d3b3e344aa65"",""client_id"":""68e07060-2057-490d-865c-e3c07c73e2ab"",""client_timestamp"":1789638317.9392,""client_monotonic_ms"":1133455.799999997,""event_timestamp"":1789638317.9393964,""clock_offset_sec"":0.0001964569091796875,""clock_round_trip_ms"":5.500078201293945,""subject_id"":""sub-005"",""session_id"":""ses-001"",""block_id"":""Block 2"",""counterbalance_group"":""G05"",""block_order"":""Block 2"",""condition"":""B"",""condition_type"":""bbbd_subtraction"",""topic_key"":""V4"",""topic_name"":""中国古代最大的歼灭战 长平之战"",""event_type"":""rating_item_response"",""iso_time"":""2026-09-17T09:45:17.939Z"",""relative_ms"":349889,""video_time_sec"":313.818,""rating_item"":""video_interest"",""rating_value"":""1"",""response_time_ms"":13072}",2c45acad-6db6-41d5-89db-d3b3e344aa65,sub-005,ses-001,53cb6606-8ac2-4250-b42f-715c114c8cd4,68e07060-2057-490d-865c-e3c07c73e2ab,1789638317.9674494,1789638317.9392,1133455.799999997,68e07060-2057-490d-865c-e3c07c73e2ab,browser_calibrated,0.0001964569091796875,5.500078201293945,232379,232379,0,2.9358863830566406,host_receive_nearest,verified,1,1,,,,,,,,,1,,,,,,,,,,,,,video_interest,1,,,,,,V4,B,313.818,1789638317.9392,1789638317.967579,232379,,,,,,,13072,,,
f0807207-ee68-4221-aeff-afab7bc77da3,rating_item_response,1789638322.8829296,934.476,233624,2,2,,1,G05,B,bbbd_subtraction,rating_item_response,1,,0.0,0.0,,,,,,,"{""client_event_id"":""f0807207-ee68-4221-aeff-afab7bc77da3"",""recorder_run_id"":""2c45acad-6db6-41d5-89db-d3b3e344aa65"",""client_id"":""68e07060-2057-490d-865c-e3c07c73e2ab"",""client_timestamp"":1789638322.8831,""client_monotonic_ms"":1138399.599999994,""event_timestamp"":1789638322.8829296,""clock_offset_sec"":-0.0001704692840576172,""clock_round_trip_ms"":7.09986686706543,""subject_id"":""sub-005"",""session_id"":""ses-001"",""block_id"":""Block 2"",""counterbalance_group"":""G05"",""block_order"":""Block 2"",""condition"":""B"",""condition_type"":""bbbd_subtraction"",""topic_key"":""V4"",""topic_name"":""中国古代最大的歼灭战 长平之战"",""event_type"":""rating_item_response"",""iso_time"":""2026-09-17T09:45:22.883Z"",""relative_ms"":354833,""video_time_sec"":313.818,""rating_item"":""video_difficulty"",""rating_value"":""1"",""response_time_ms"":18016}",2c45acad-6db6-41d5-89db-d3b3e344aa65,sub-005,ses-001,f0807207-ee68-4221-aeff-afab7bc77da3,68e07060-2057-490d-865c-e3c07c73e2ab,1789638322.91916,1789638322.8831,1138399.599999994,68e07060-2057-490d-865c-e3c07c73e2ab,browser_calibrated,-0.0001704692840576172,7.09986686706543,233619,233619,0,9.440898895263672,host_receive_nearest,verified,1,1,,,,,,,,,1,,,,,,,,,,,,,video_difficulty,1,,,,,,V4,B,313.818,1789638322.8831,1789638322.919296,233619,,,,,,,18016,,,
5b325c27-941e-4661-9964-81bd2b9df2f3,rating_item_response,1789638329.1716297,940.772,235199,2,2,,1,G05,B,bbbd_subtraction,rating_item_response,80-90%,,0.0,0.0,,,,,,,"{""client_event_id"":""5b325c27-941e-4661-9964-81bd2b9df2f3"",""recorder_run_id"":""2c45acad-6db6-41d5-89db-d3b3e344aa65"",""client_id"":""68e07060-2057-490d-865c-e3c07c73e2ab"",""client_timestamp"":1789638329.1718001,""client_monotonic_ms"":1144688.299999997,""event_timestamp"":1789638329.1716297,""clock_offset_sec"":-0.0001704692840576172,""clock_round_trip_ms"":7.09986686706543,""subject_id"":""sub-005"",""session_id"":""ses-001"",""block_id"":""Block 2"",""counterbalance_group"":""G05"",""block_order"":""Block 2"",""condition"":""B"",""condition_type"":""bbbd_subtraction"",""topic_key"":""V4"",""topic_name"":""中国古代最大的歼灭战 长平之战"",""event_type"":""rating_item_response"",""iso_time"":""2026-09-17T09:45:29.171Z"",""relative_ms"":361122,""video_time_sec"":313.818,""rating_item"":""subtraction_compliance"",""rating_value"":""80-90%"",""response_time_ms"":24304}",2c45acad-6db6-41d5-89db-d3b3e344aa65,sub-005,ses-001,5b325c27-941e-4661-9964-81bd2b9df2f3,68e07060-2057-490d-865c-e3c07c73e2ab,1789638329.2115638,1789638329.1718001,1144688.299999997,68e07060-2057-490d-865c-e3c07c73e2ab,browser_calibrated,-0.0001704692840576172,7.09986686706543,235193,235193,0,-7.109880447387695,host_receive_nearest,verified,1,1,,,,,,,,,1,,,,,,,,,,,,,subtraction_compliance,80-90%,,,,,,V4,B,313.818,1789638329.1718001,1789638329.211698,235193,,,,,,,24304,,,
ba23da3a-e374-467f-96cd-8a2d3fe6a8fc,rating_item_response,1789638332.5865295,944.192,236054,2,2,,1,G05,B,bbbd_subtraction,rating_item_response,2,,0.0,0.0,,,,,,,"{""client_event_id"":""ba23da3a-e374-467f-96cd-8a2d3fe6a8fc"",""recorder_run_id"":""2c45acad-6db6-41d5-89db-d3b3e344aa65"",""client_id"":""68e07060-2057-490d-865c-e3c07c73e2ab"",""client_timestamp"":1789638332.5867,""client_monotonic_ms"":1148103.200000003,""event_timestamp"":1789638332.5865295,""clock_offset_sec"":-0.0001704692840576172,""clock_round_trip_ms"":7.09986686706543,""subject_id"":""sub-005"",""session_id"":""ses-001"",""block_id"":""Block 2"",""counterbalance_group"":""G05"",""block_order"":""Block 2"",""condition"":""B"",""condition_type"":""bbbd_subtraction"",""topic_key"":""V4"",""topic_name"":""中国古代最大的歼灭战 长平之战"",""event_type"":""rating_item_response"",""iso_time"":""2026-09-17T09:45:32.586Z"",""relative_ms"":364536,""video_time_sec"":313.818,""rating_item"":""subtraction_difficulty"",""rating_value"":""2"",""response_time_ms"":27719}",2c45acad-6db6-41d5-89db-d3b3e344aa65,sub-005,ses-001,ba23da3a-e374-467f-96cd-8a2d3fe6a8fc,68e07060-2057-490d-865c-e3c07c73e2ab,1789638332.6206505,1789638332.5867,1148103.200000003,68e07060-2057-490d-865c-e3c07c73e2ab,browser_calibrated,-0.0001704692840576172,7.09986686706543,236048,236048,0,-2.8917789459228516,host_receive_nearest,verified,1,1,,,,,,,,,1,,,,,,,,,,,,,subtraction_difficulty,2,,,,,,V4,B,313.818,1789638332.5867,1789638332.6207833,236048,,,,,,,27719,,,
70de403e-24d3-4b5c-a5a7-783cc6f39966,rating_item_response,1789638365.7365243,977.332,244334,2,2,,1,G05,B,bbbd_subtraction,rating_item_response,457,,0.0,0.0,,,,,,,"{""client_event_id"":""70de403e-24d3-4b5c-a5a7-783cc6f39966"",""recorder_run_id"":""2c45acad-6db6-41d5-89db-d3b3e344aa65"",""client_id"":""68e07060-2057-490d-865c-e3c07c73e2ab"",""client_timestamp"":1789638365.7361002,""client_monotonic_ms"":1181252.599999994,""event_timestamp"":1789638365.7365243,""clock_offset_sec"":0.0004241466522216797,""clock_round_trip_ms"":8.79979133605957,""subject_id"":""sub-005"",""session_id"":""ses-001"",""block_id"":""Block 2"",""counterbalance_group"":""G05"",""block_order"":""Block 2"",""condition"":""B"",""condition_type"":""bbbd_subtraction"",""topic_key"":""V4"",""topic_name"":""中国古代最大的歼灭战 长平之战"",""event_type"":""rating_item_response"",""iso_time"":""2026-09-17T09:46:05.736Z"",""relative_ms"":397686,""video_time_sec"":313.818,""rating_item"":""reported_final_number"",""rating_value"":""457"",""response_time_ms"":60869}",2c45acad-6db6-41d5-89db-d3b3e344aa65,sub-005,ses-001,70de403e-24d3-4b5c-a5a7-783cc6f39966,68e07060-2057-490d-865c-e3c07c73e2ab,1789638365.7657726,1789638365.7361002,1181252.599999994,68e07060-2057-490d-865c-e3c07c73e2ab,browser_calibrated,0.0004241466522216797,8.79979133605957,244333,244333,0,-1.97601318359375,host_receive_nearest,verified,1,1,,,,,,,,,1,,,,,,,,,,,,,reported_final_number,457,,,,,,V4,B,313.818,1789638365.7361002,1789638365.7658918,244333,,,,,,,60869,,,
4050f49d-a0a3-48fb-a849-a0a15c58889a,rating_end,1789638365.8020802,977.392,244349,2,2,,1,G05,B,bbbd_subtraction,rating_end,,60.935,0.0,0.0,,,,,,,"{""client_event_id"":""4050f49d-a0a3-48fb-a849-a0a15c58889a"",""recorder_run_id"":""2c45acad-6db6-41d5-89db-d3b3e344aa65"",""client_id"":""68e07060-2057-490d-865c-e3c07c73e2ab"",""client_timestamp"":1789638365.8021998,""client_monotonic_ms"":1181318.700000003,""event_timestamp"":1789638365.8020802,""clock_offset_sec"":-0.00011968612670898438,""clock_round_trip_ms"":8.39996337890625,""subject_id"":""sub-005"",""session_id"":""ses-001"",""block_id"":""Block 2"",""counterbalance_group"":""G05"",""block_order"":""Block 2"",""condition"":""B"",""condition_type"":""bbbd_subtraction"",""topic_key"":""V4"",""topic_name"":""中国古代最大的歼灭战 长平之战"",""event_type"":""rating_end"",""iso_time"":""2026-09-17T09:46:05.802Z"",""relative_ms"":397752,""video_time_sec"":313.818,""video_id"":""V4"",""course_attention_rating"":2,""mental_effort"":3,""video_interest"":1,""video_difficulty"":1,""subtraction_compliance"":""80-90%"",""subtraction_difficulty"":2,""reported_final_number"":457,""duration_sec"":60.935,""submitted_iso"":""2026-09-17T09:46:05.802Z"",""submitted_relative_ms"":397752}",2c45acad-6db6-41d5-89db-d3b3e344aa65,sub-005,ses-001,4050f49d-a0a3-48fb-a849-a0a15c58889a,68e07060-2057-490d-865c-e3c07c73e2ab,1789638365.8138952,1789638365.8021998,1181318.700000003,68e07060-2057-490d-865c-e3c07c73e2ab,browser_calibrated,-0.00011968612670898438,8.39996337890625,244348,244348,0,-9.905815124511719,host_receive_nearest,verified,1,1,,,,,,,,,1,,,,2,3,1,1,80-90%,80,90,2,457,,,,,,,,V4,B,313.818,1789638365.8021998,1789638365.8142395,244348,,,,,,,,,,
4841d0a7-a802-4b97-ba53-4789ede36ddb,quiz_start,1789638365.8049805,977.392,244364,2,2,,1,G05,B,bbbd_subtraction,quiz_start,,,0.0,0.0,,,,,,,"{""client_event_id"":""4841d0a7-a802-4b97-ba53-4789ede36ddb"",""recorder_run_id"":""2c45acad-6db6-41d5-89db-d3b3e344aa65"",""client_id"":""68e07060-2057-490d-865c-e3c07c73e2ab"",""client_timestamp"":1789638365.8051002,""client_monotonic_ms"":1181321.599999994,""event_timestamp"":1789638365.8049805,""clock_offset_sec"":-0.00011968612670898438,""clock_round_trip_ms"":8.39996337890625,""subject_id"":""sub-005"",""session_id"":""ses-001"",""block_id"":""Block 2"",""counterbalance_group"":""G05"",""block_order"":""Block 2"",""condition"":""B"",""condition_type"":""bbbd_subtraction"",""topic_key"":""V4"",""topic_name"":""中国古代最大的歼灭战 长平之战"",""event_type"":""quiz_start"",""iso_time"":""2026-09-17T09:46:05.805Z"",""relative_ms"":397755,""video_time_sec"":313.818}",2c45acad-6db6-41d5-89db-d3b3e344aa65,sub-005,ses-001,4841d0a7-a802-4b97-ba53-4789ede36ddb,68e07060-2057-490d-865c-e3c07c73e2ab,1789638365.8722467,1789638365.8051002,1181321.599999994,68e07060-2057-490d-865c-e3c07c73e2ab,browser_calibrated,-0.00011968612670898438,8.39996337890625,244348,244348,0,-12.806177139282227,host_receive_nearest,verified,1,1,,,,,,,,,1,,,,,,,,,,,,,,,,,,,,V4,B,313.818,1789638365.8051002,1789638365.8723657,244348,,,,,,,,,,
4b1dee55-82bd-4534-b0eb-10d6294022c2,quiz_item_response,1789638393.6532452,1005.228,251308,2,2,,1,G05,B,bbbd_subtraction,quiz_item_response,长平之战发生在哪两个国家之间？,,0.0,0.0,,V4Q1,B,B,True,9678,"{""client_event_id"":""4b1dee55-82bd-4534-b0eb-10d6294022c2"",""recorder_run_id"":""2c45acad-6db6-41d5-89db-d3b3e344aa65"",""client_id"":""68e07060-2057-490d-865c-e3c07c73e2ab"",""client_timestamp"":1789638393.6532,""client_monotonic_ms"":1209169.700000003,""event_timestamp"":1789638393.6532452,""clock_offset_sec"":4.5299530029296875e-05,""clock_round_trip_ms"":5.300045013427734,""subject_id"":""sub-005"",""session_id"":""ses-001"",""block_id"":""Block 2"",""counterbalance_group"":""G05"",""block_order"":""Block 2"",""condition"":""B"",""condition_type"":""bbbd_subtraction"",""topic_key"":""V4"",""topic_name"":""中国古代最大的歼灭战 长平之战"",""event_type"":""quiz_item_response"",""iso_time"":""2026-09-17T09:46:33.653Z"",""relative_ms"":425603,""video_time_sec"":313.818,""video_id"":""V4"",""question_id"":""V4Q1"",""question_text"":""长平之战发生在哪两个国家之间？"",""response_index"":1,""response_letter"":""B"",""response_text"":""秦与赵"",""correct_index"":1,""correct_letter"":""B"",""correct_text"":""秦与赵"",""is_correct"":true,""reaction_time_ms"":9678,""submitted_iso"":""2026-09-17T09:46:33.653Z"",""submitted_relative_ms"":425603}",2c45acad-6db6-41d5-89db-d3b3e344aa65,sub-005,ses-001,4b1dee55-82bd-4534-b0eb-10d6294022c2,68e07060-2057-490d-865c-e3c07c73e2ab,1789638393.6610951,1789638393.6532,1209169.700000003,68e07060-2057-490d-865c-e3c07c73e2ab,browser_calibrated,4.5299530029296875e-05,5.300045013427734,251307,251307,0,-19.327878952026367,host_receive_nearest,verified,1,1,,,,,,,,,1,,,,,,,,,,,,,,,,,长平之战发生在哪两个国家之间？,1,秦与赵,V4,B,313.818,1789638393.6532,1789638393.6612365,251307,,,,,,,,,,
f7c39fca-3445-4f94-880c-74853db1c75b,quiz_item_response,1789638393.6561453,1005.232,251318,2,2,,1,G05,B,bbbd_subtraction,quiz_item_response,长平之战中，赵国最初的将领是谁？,,0.0,0.0,,V4Q2,A,A,True,15565,"{""client_event_id"":""f7c39fca-3445-4f94-880c-74853db1c75b"",""recorder_run_id"":""2c45acad-6db6-41d5-89db-d3b3e344aa65"",""client_id"":""68e07060-2057-490d-865c-e3c07c73e2ab"",""client_timestamp"":1789638393.6561,""client_monotonic_ms"":1209172.599999994,""event_timestamp"":1789638393.6561453,""clock_offset_sec"":4.5299530029296875e-05,""clock_round_trip_ms"":5.300045013427734,""subject_id"":""sub-005"",""session_id"":""ses-001"",""block_id"":""Block 2"",""counterbalance_group"":""G05"",""block_order"":""Block 2"",""condition"":""B"",""condition_type"":""bbbd_subtraction"",""topic_key"":""V4"",""topic_name"":""中国古代最大的歼灭战 长平之战"",""event_type"":""quiz_item_response"",""iso_time"":""2026-09-17T09:46:33.656Z"",""relative_ms"":425606,""video_time_sec"":313.818,""video_id"":""V4"",""question_id"":""V4Q2"",""question_text"":""长平之战中，赵国最初的将领是谁？"",""response_index"":0,""response_letter"":""A"",""response_text"":""廉颇"",""correct_index"":0,""correct_letter"":""A"",""correct_text"":""廉颇"",""is_correct"":true,""reaction_time_ms"":15565,""submitted_iso"":""2026-09-17T09:46:33.656Z"",""submitted_relative_ms"":425606}",2c45acad-6db6-41d5-89db-d3b3e344aa65,sub-005,ses-001,f7c39fca-3445-4f94-880c-74853db1c75b,68e07060-2057-490d-865c-e3c07c73e2ab,1789638393.694191,1789638393.6561,1209172.599999994,68e07060-2057-490d-865c-e3c07c73e2ab,browser_calibrated,4.5299530029296875e-05,5.300045013427734,251308,251308,0,5.979299545288086,host_receive_nearest,verified,1,1,,,,,,,,,1,,,,,,,,,,,,,,,,,长平之战中，赵国最初的将领是谁？,0,廉颇,V4,B,313.818,1789638393.6561,1789638393.6943302,251308,,,,,,,,,,
9946f491-79e1-449c-a373-d516bb813892,quiz_item_response,1789638393.6580453,1005.232,251318,2,2,,1,G05,B,bbbd_subtraction,quiz_item_response,长平之战中，秦国的主将是谁？,,0.0,0.0,,V4Q3,B,B,True,21997,"{""client_event_id"":""9946f491-79e1-449c-a373-d516bb813892"",""recorder_run_id"":""2c45acad-6db6-41d5-89db-d3b3e344aa65"",""client_id"":""68e07060-2057-490d-865c-e3c07c73e2ab"",""client_timestamp"":1789638393.658,""client_monotonic_ms"":1209174.5,""event_timestamp"":1789638393.6580453,""clock_offset_sec"":4.5299530029296875e-05,""clock_round_trip_ms"":5.300045013427734,""subject_id"":""sub-005"",""session_id"":""ses-001"",""block_id"":""Block 2"",""counterbalance_group"":""G05"",""block_order"":""Block 2"",""condition"":""B"",""condition_type"":""bbbd_subtraction"",""topic_key"":""V4"",""topic_name"":""中国古代最大的歼灭战 长平之战"",""event_type"":""quiz_item_response"",""iso_time"":""2026-09-17T09:46:33.657Z"",""relative_ms"":425608,""video_time_sec"":313.818,""video_id"":""V4"",""question_id"":""V4Q3"",""question_text"":""长平之战中，秦国的主将是谁？"",""response_index"":1,""response_letter"":""B"",""response_text"":""白起"",""correct_index"":1,""correct_letter"":""B"",""correct_text"":""白起"",""is_correct"":true,""reaction_time_ms"":21997,""submitted_iso"":""2026-09-17T09:46:33.657Z"",""submitted_relative_ms"":425608}",2c45acad-6db6-41d5-89db-d3b3e344aa65,sub-005,ses-001,9946f491-79e1-449c-a373-d516bb813892,68e07060-2057-490d-865c-e3c07c73e2ab,1789638393.7060263,1789638393.658,1209174.5,68e07060-2057-490d-865c-e3c07c73e2ab,browser_calibrated,4.5299530029296875e-05,5.300045013427734,251308,251308,0,4.079341888427734,host_receive_nearest,verified,1,1,,,,,,,,,1,,,,,,,,,,,,,,,,,长平之战中，秦国的主将是谁？,1,白起,V4,B,313.818,1789638393.658,1789638393.7061648,251308,,,,,,,,,,
bb8c7959-7927-4a96-9e1b-572d7bf22f2c,quiz_item_response,1789638393.6598454,1005.232,251318,2,2,,1,G05,B,bbbd_subtraction,quiz_item_response,长平之战对战国局势的影响是？,,0.0,0.0,,V4Q4,B,B,True,26909,"{""client_event_id"":""bb8c7959-7927-4a96-9e1b-572d7bf22f2c"",""recorder_run_id"":""2c45acad-6db6-41d5-89db-d3b3e344aa65"",""client_id"":""68e07060-2057-490d-865c-e3c07c73e2ab"",""client_timestamp"":1789638393.6598,""client_monotonic_ms"":1209176.299999997,""event_timestamp"":1789638393.6598454,""clock_offset_sec"":4.5299530029296875e-05,""clock_round_trip_ms"":5.300045013427734,""subject_id"":""sub-005"",""session_id"":""ses-001"",""block_id"":""Block 2"",""counterbalance_group"":""G05"",""block_order"":""Block 2"",""condition"":""B"",""condition_type"":""bbbd_subtraction"",""topic_key"":""V4"",""topic_name"":""中国古代最大的歼灭战 长平之战"",""event_type"":""quiz_item_response"",""iso_time"":""2026-09-17T09:46:33.659Z"",""relative_ms"":425610,""video_time_sec"":313.818,""video_id"":""V4"",""question_id"":""V4Q4"",""question_text"":""长平之战对战国局势的影响是？"",""response_index"":1,""response_letter"":""B"",""response_text"":""赵国元气大伤，秦国统一趋势加强"",""correct_index"":1,""correct_letter"":""B"",""correct_text"":""赵国元气大伤，秦国统一趋势加强"",""is_correct"":true,""reaction_time_ms"":26909,""submitted_iso"":""2026-09-17T09:46:33.659Z"",""submitted_relative_ms"":425610}",2c45acad-6db6-41d5-89db-d3b3e344aa65,sub-005,ses-001,bb8c7959-7927-4a96-9e1b-572d7bf22f2c,68e07060-2057-490d-865c-e3c07c73e2ab,1789638393.7165668,1789638393.6598,1209176.299999997,68e07060-2057-490d-865c-e3c07c73e2ab,browser_calibrated,4.5299530029296875e-05,5.300045013427734,251308,251308,0,2.2792816162109375,host_receive_nearest,verified,1,1,,,,,,,,,1,,,,,,,,,,,,,,,,,长平之战对战国局势的影响是？,1,赵国元气大伤，秦国统一趋势加强,V4,B,313.818,1789638393.6598,1789638393.716697,251308,,,,,,,,,,
2ad9d0f5-e6d1-40fb-9a2f-52446fedb95a,quiz_end,1789638393.6617453,1005.232,251333,2,2,,1,G05,B,bbbd_subtraction,quiz_end,4/4,27.857,0.0,0.0,,,,,,,"{""client_event_id"":""2ad9d0f5-e6d1-40fb-9a2f-52446fedb95a"",""recorder_run_id"":""2c45acad-6db6-41d5-89db-d3b3e344aa65"",""client_id"":""68e07060-2057-490d-865c-e3c07c73e2ab"",""client_timestamp"":1789638393.6617,""client_monotonic_ms"":1209178.200000003,""event_timestamp"":1789638393.6617453,""clock_offset_sec"":4.5299530029296875e-05,""clock_round_trip_ms"":5.300045013427734,""subject_id"":""sub-005"",""session_id"":""ses-001"",""block_id"":""Block 2"",""counterbalance_group"":""G05"",""block_order"":""Block 2"",""condition"":""B"",""condition_type"":""bbbd_subtraction"",""topic_key"":""V4"",""topic_name"":""中国古代最大的歼灭战 长平之战"",""event_type"":""quiz_end"",""iso_time"":""2026-09-17T09:46:33.661Z"",""relative_ms"":425611,""video_time_sec"":313.818,""score"":4,""total"":4,""duration_sec"":27.857}",2c45acad-6db6-41d5-89db-d3b3e344aa65,sub-005,ses-001,2ad9d0f5-e6d1-40fb-9a2f-52446fedb95a,68e07060-2057-490d-865c-e3c07c73e2ab,1789638393.7268796,1789638393.6617,1209178.200000003,68e07060-2057-490d-865c-e3c07c73e2ab,browser_calibrated,4.5299530029296875e-05,5.300045013427734,251308,251308,0,0.37932395935058594,host_receive_nearest,verified,1,1,,,,,,,,,1,,,,,,,,,,,,,,,4,4,,,,V4,B,313.818,1789638393.6617,1789638393.727094,251308,,,,,,,,,,
2ad9d0f5-e6d1-40fb-9a2f-52446fedb95a,block_end,1789638393.6617453,1005.232,251333,2,2,,1,G05,B,bbbd_subtraction,block_end,V4,,0.0,0.0,,,,,,,,2c45acad-6db6-41d5-89db-d3b3e344aa65,sub-005,ses-001,2ad9d0f5-e6d1-40fb-9a2f-52446fedb95a,68e07060-2057-490d-865c-e3c07c73e2ab,1789638393.7268796,1789638393.6617,1209178.200000003,68e07060-2057-490d-865c-e3c07c73e2ab,browser_calibrated,4.5299530029296875e-05,5.300045013427734,251308,251308,0,0.37932395935058594,host_receive_nearest,verified,1,1,,,,,,,,,1,,,,,,,,,,,,,,,,,,,,V4,B,313.818,1789638393.6617,1789638393.7275171,251308,,,,,,,,,,
cc0cb707-65a2-4181-ae7a-2bdd2fe29c3d,rest_start,1789638393.6679451,1005.268,251338,2,2,,1,G05,B,bbbd_subtraction,rest_start,after-block-2,,0.0,0.0,,,,,,,"{""client_event_id"":""cc0cb707-65a2-4181-ae7a-2bdd2fe29c3d"",""recorder_run_id"":""2c45acad-6db6-41d5-89db-d3b3e344aa65"",""client_id"":""68e07060-2057-490d-865c-e3c07c73e2ab"",""client_timestamp"":1789638393.6678998,""client_monotonic_ms"":1209184.399999991,""event_timestamp"":1789638393.6679451,""clock_offset_sec"":4.5299530029296875e-05,""clock_round_trip_ms"":5.300045013427734,""subject_id"":""sub-005"",""session_id"":""ses-001"",""block_id"":""Block 2"",""counterbalance_group"":""G05"",""block_order"":""Block 2"",""condition"":""B"",""condition_type"":""bbbd_subtraction"",""topic_key"":""V4"",""topic_name"":""中国古代最大的歼灭战 长平之战"",""event_type"":""rest_start"",""iso_time"":""2026-09-17T09:46:33.667Z"",""relative_ms"":425618,""video_time_sec"":313.818,""after_block_id"":2,""planned_duration"":30,""actual_duration"":"""",""is_formal_experiment"":0}",2c45acad-6db6-41d5-89db-d3b3e344aa65,sub-005,ses-001,cc0cb707-65a2-4181-ae7a-2bdd2fe29c3d,68e07060-2057-490d-865c-e3c07c73e2ab,1789638393.7664983,1789638393.6678998,1209184.399999991,68e07060-2057-490d-865c-e3c07c73e2ab,browser_calibrated,4.5299530029296875e-05,5.300045013427734,251317,251317,0,-4.488706588745117,host_receive_nearest,verified,0,1,,,,,2,,30,,0,,,,,,,,,,,,,,,,,,,,V4,B,313.818,1789638393.6678998,1789638393.766637,251317,,,,,,,,,,
e13a69eb-a3df-49eb-8118-b7b3b0dd17d0,export_csv,1789638396.2755454,1007.848,251963,2,2,,1,G05,B,bbbd_subtraction,export_csv,313.818,,0.0,0.0,,,,,,,"{""client_event_id"":""e13a69eb-a3df-49eb-8118-b7b3b0dd17d0"",""recorder_run_id"":""2c45acad-6db6-41d5-89db-d3b3e344aa65"",""client_id"":""68e07060-2057-490d-865c-e3c07c73e2ab"",""client_timestamp"":1789638396.2755,""client_monotonic_ms"":1211792,""event_timestamp"":1789638396.2755454,""clock_offset_sec"":4.5299530029296875e-05,""clock_round_trip_ms"":5.300045013427734,""subject_id"":""sub-005"",""session_id"":""ses-001"",""block_id"":""Block 2"",""counterbalance_group"":""G05"",""block_order"":""Block 2"",""condition"":""B"",""condition_type"":""bbbd_subtraction"",""topic_key"":""V4"",""topic_name"":""中国古代最大的歼灭战 长平之战"",""event_type"":""export_csv"",""iso_time"":""2026-09-17T09:46:36.275Z"",""relative_ms"":428225,""video_time_sec"":313.818}",2c45acad-6db6-41d5-89db-d3b3e344aa65,sub-005,ses-001,e13a69eb-a3df-49eb-8118-b7b3b0dd17d0,68e07060-2057-490d-865c-e3c07c73e2ab,1789638396.2890441,1789638396.2755,1211792,68e07060-2057-490d-865c-e3c07c73e2ab,browser_calibrated,4.5299530029296875e-05,5.300045013427734,251962,251962,0,-30.568361282348633,host_receive_nearest,verified,0,0,,,,,,,,,1,,,,,,,,,,,,,,,,,,,,V4,B,313.818,1789638396.2755,1789638396.2891617,251962,,,,,,,,,,
74efd085-3a63-43a3-8a6b-f3f0ac7afea3,export_json,1789638399.0714772,1010.668,252668,2,2,,1,G05,B,bbbd_subtraction,export_json,313.818,,0.0,0.0,,,,,,,"{""client_event_id"":""74efd085-3a63-43a3-8a6b-f3f0ac7afea3"",""recorder_run_id"":""2c45acad-6db6-41d5-89db-d3b3e344aa65"",""client_id"":""68e07060-2057-490d-865c-e3c07c73e2ab"",""client_timestamp"":1789638399.0713,""client_monotonic_ms"":1214587.899999991,""event_timestamp"":1789638399.0714772,""clock_offset_sec"":0.00017714500427246094,""clock_round_trip_ms"":4.699945449829102,""subject_id"":""sub-005"",""session_id"":""ses-001"",""block_id"":""Block 2"",""counterbalance_group"":""G05"",""block_order"":""Block 2"",""condition"":""B"",""condition_type"":""bbbd_subtraction"",""topic_key"":""V4"",""topic_name"":""中国古代最大的歼灭战 长平之战"",""event_type"":""export_json"",""iso_time"":""2026-09-17T09:46:39.071Z"",""relative_ms"":431021,""video_time_sec"":313.818}",2c45acad-6db6-41d5-89db-d3b3e344aa65,sub-005,ses-001,74efd085-3a63-43a3-8a6b-f3f0ac7afea3,68e07060-2057-490d-865c-e3c07c73e2ab,1789638399.085442,1789638399.0713,1214587.899999991,68e07060-2057-490d-865c-e3c07c73e2ab,browser_calibrated,0.00017714500427246094,4.699945449829102,252667,252667,0,-6.147861480712891,host_receive_nearest,verified,0,0,,,,,,,,,1,,,,,,,,,,,,,,,,,,,,V4,B,313.818,1789638399.0713,1789638399.0855753,252667,,,,,,,,,,
d0224691-d2cc-4e93-b4f8-d93d3890e317,manual_anomaly_marker,1789638406.3153787,1017.888,254473,,,,,G05,,,manual_anomaly_marker,说话,,0.0,0.0,,,,,,,,2c45acad-6db6-41d5-89db-d3b3e344aa65,sub-005,ses-001,,,1789638406.3153787,,,recorder,server,,,254472,254472,0,-21.702289581298828,host_receive_nearest,,,,,,,,,,,,0,,,,,,,,,,,,,,,,,,,,,,,,1789638406.3153787,254472,,,,,,,,,,
eb30efb5-a0a0-4b7d-84c7-a8e8f9dee86e,manual_anomaly_marker,1789638407.6021166,1019.188,254798,,,,,G05,,,manual_anomaly_marker,其他运动,,0.0,0.0,,,,,,,,2c45acad-6db6-41d5-89db-d3b3e344aa65,sub-005,ses-001,,,1789638407.6021166,,,recorder,server,,,254797,254797,0,-18.985748291015625,host_receive_nearest,,,,,,,,,,,,0,,,,,,,,,,,,,,,,,,,,,,,,1789638407.6021166,254797,,,,,,,,,,
d7b9bd36-62c0-4bdc-81f1-b27f186c472a,rest_end,1789638431.298037,1042.888,260723,2,2,,1,G05,B,bbbd_subtraction,rest_end,after-block-2,37.63,0.0,0.0,,,,,,,"{""client_event_id"":""d7b9bd36-62c0-4bdc-81f1-b27f186c472a"",""recorder_run_id"":""2c45acad-6db6-41d5-89db-d3b3e344aa65"",""client_id"":""68e07060-2057-490d-865c-e3c07c73e2ab"",""client_timestamp"":1789638431.2982,""client_monotonic_ms"":1246814.700000003,""event_timestamp"":1789638431.298037,""clock_offset_sec"":-0.0001628398895263672,""clock_round_trip_ms"":4.200220108032227,""subject_id"":""sub-005"",""session_id"":""ses-001"",""block_id"":""Block 2"",""counterbalance_group"":""G05"",""block_order"":""Block 2"",""condition"":""B"",""condition_type"":""bbbd_subtraction"",""topic_key"":""V4"",""topic_name"":""中国古代最大的歼灭战 长平之战"",""event_type"":""rest_end"",""iso_time"":""2026-09-17T09:47:11.298Z"",""relative_ms"":463248,""video_time_sec"":313.818,""after_block_id"":2,""planned_duration"":30,""actual_duration"":37.63,""duration_sec"":37.63,""is_formal_experiment"":0,""debug_early"":false}",2c45acad-6db6-41d5-89db-d3b3e344aa65,sub-005,ses-001,d7b9bd36-62c0-4bdc-81f1-b27f186c472a,68e07060-2057-490d-865c-e3c07c73e2ab,1789638431.3085043,1789638431.2982,1246814.700000003,68e07060-2057-490d-865c-e3c07c73e2ab,browser_calibrated,-0.0001628398895263672,4.200220108032227,260722,260722,0,-14.585494995117188,host_receive_nearest,verified,0,1,,,,,2,,30,37.63,0,,,,,,,,,,,,,,,,,,,,V4,B,313.818,1789638431.2982,1789638431.3086348,260722,,,,,,,,,,
1a9e18a5-47f4-4437-9873-33f6428df544,block_start,1789638434.0664372,1045.652,261418,3,3,,1,G05,A,focused,block_start,V5,,0.0,0.0,,,,,,,condition=A; condition_type=focused,2c45acad-6db6-41d5-89db-d3b3e344aa65,sub-005,ses-001,1a9e18a5-47f4-4437-9873-33f6428df544,68e07060-2057-490d-865c-e3c07c73e2ab,1789638434.0770552,1789638434.0666,1249583.200000003,68e07060-2057-490d-865c-e3c07c73e2ab,browser_calibrated,-0.0001628398895263672,4.200220108032227,261413,261413,0,5.591392517089844,host_receive_nearest,verified,0,1,,,,,,,,,1,,,,,,,,,,,,,,,,,,,,V5,A,0,1789638434.0666,1789638434.0773678,261413,,,,,,,,,,
1a9e18a5-47f4-4437-9873-33f6428df544,condition_prompt_start,1789638434.0664372,1045.652,261418,3,3,,1,G05,A,focused,condition_prompt_start,A,,0.0,0.0,,,,,,,,2c45acad-6db6-41d5-89db-d3b3e344aa65,sub-005,ses-001,1a9e18a5-47f4-4437-9873-33f6428df544,68e07060-2057-490d-865c-e3c07c73e2ab,1789638434.0770552,1789638434.0666,1249583.200000003,68e07060-2057-490d-865c-e3c07c73e2ab,browser_calibrated,-0.0001628398895263672,4.200220108032227,261413,261413,0,5.591392517089844,host_receive_nearest,verified,0,1,,,,,,,,,1,,,,,,,,,,,,,,,,,,,,V5,A,0,1789638434.0666,1789638434.0777292,261413,,,,,,,,,,
1a9e18a5-47f4-4437-9873-33f6428df544,browser_block_config,1789638434.0664372,1045.652,261418,3,3,,1,G05,A,focused,browser_block_config,V5,,0.0,0.0,,,,,,,"{""client_event_id"":""1a9e18a5-47f4-4437-9873-33f6428df544"",""recorder_run_id"":""2c45acad-6db6-41d5-89db-d3b3e344aa65"",""client_id"":""68e07060-2057-490d-865c-e3c07c73e2ab"",""client_timestamp"":1789638434.0666,""client_monotonic_ms"":1249583.200000003,""event_timestamp"":1789638434.0664372,""clock_offset_sec"":-0.0001628398895263672,""clock_round_trip_ms"":4.200220108032227,""subject_id"":""sub-005"",""session_id"":""ses-001"",""block_id"":""Block 3"",""counterbalance_group"":""G05"",""block_order"":""Block 3"",""condition"":""A"",""condition_type"":""focused"",""topic_key"":""V5"",""topic_name"":""千古一帝秦始皇都做了什么"",""event_type"":""block_start"",""iso_time"":""2026-09-17T09:47:14.066Z"",""relative_ms"":0,""video_time_sec"":0,""block_start_iso"":""2026-09-17T09:47:14.066Z"",""config_json"":""{\""recorder_run_id\"":\""2c45acad-6db6-41d5-89db-d3b3e344aa65\"",\""subject_id\"":\""sub-005\"",\""session_id\"":\""ses-001\"",\""block_id\"":\""Block 3\"",\""counterbalance_group\"":\""G05\"",\""condition\"":\""A\"",\""condition_type\"":\""focused\"",\""topic_key\"":\""V5\"",\""topic_name\"":\""千古一帝秦始皇都做了什么\"",\""video_file\"":\""视频5-混知漫画｜千古一帝秦始皇都干了啥？-480P 标清-AVC.mp4\"",\""start_number\"":\""\"",\""generated_timestamp\"":\""\""}""}",2c45acad-6db6-41d5-89db-d3b3e344aa65,sub-005,ses-001,1a9e18a5-47f4-4437-9873-33f6428df544,68e07060-2057-490d-865c-e3c07c73e2ab,1789638434.0770552,1789638434.0666,1249583.200000003,68e07060-2057-490d-865c-e3c07c73e2ab,browser_calibrated,-0.0001628398895263672,4.200220108032227,261413,261413,0,5.591392517089844,host_receive_nearest,verified,0,1,,,,,,,,,1,,,,,,,,,,,,,,,,,,,,V5,A,0,1789638434.0666,1789638434.0779545,261413,,,,,,,,,,
8b0f9f46-b23e-4208-90c1-e97c6bde3973,probe_schedule,1789638434.131037,1045.712,261433,3,3,,1,G05,A,focused,probe_schedule,"107.445,159.575,260.013,353.465",,0.0,0.0,,,,,,,"{""client_event_id"":""8b0f9f46-b23e-4208-90c1-e97c6bde3973"",""recorder_run_id"":""2c45acad-6db6-41d5-89db-d3b3e344aa65"",""client_id"":""68e07060-2057-490d-865c-e3c07c73e2ab"",""client_timestamp"":1789638434.1311998,""client_monotonic_ms"":1249647.799999997,""event_timestamp"":1789638434.131037,""clock_offset_sec"":-0.0001628398895263672,""clock_round_trip_ms"":4.200220108032227,""subject_id"":""sub-005"",""session_id"":""ses-001"",""block_id"":""Block 3"",""counterbalance_group"":""G05"",""block_order"":""Block 3"",""condition"":""A"",""condition_type"":""focused"",""topic_key"":""V5"",""topic_name"":""千古一帝秦始皇都做了什么"",""event_type"":""probe_schedule"",""iso_time"":""2026-09-17T09:47:14.131Z"",""relative_ms"":65,""video_time_sec"":0,""probe_schedule_id"":""45e10d7a-49cf-46a0-9b5a-4fc63b4e912b"",""probe_times"":[107.445,159.575,260.013,353.465],""probe_config"":{""probes_per_block"":4,""min_first_onset_sec"":45,""min_end_margin_sec"":30,""min_gap_sec"":45},""video_duration_sec"":391.048,""video_id"":""V5"",""debug_fast"":false}",2c45acad-6db6-41d5-89db-d3b3e344aa65,sub-005,ses-001,8b0f9f46-b23e-4208-90c1-e97c6bde3973,68e07060-2057-490d-865c-e3c07c73e2ab,1789638434.143986,1789638434.1311998,1249647.799999997,68e07060-2057-490d-865c-e3c07c73e2ab,browser_calibrated,-0.0001628398895263672,4.200220108032227,261428,261428,0,1.0902881622314453,host_receive_nearest,verified,1,1,,,,,,,,,1,,,,,,,,,,,,,,,,,,,,V5,A,0,1789638434.1311998,1789638434.1441891,261428,,4,45e10d7a-49cf-46a0-9b5a-4fc63b4e912b,,,,,,,
a7b70ae0-d18f-45f6-9cea-16c9535ed718,condition_prompt_end,1789638439.1476998,1050.728,262683,3,3,,1,G05,A,focused,condition_prompt_end,0,,0.0,0.0,,,,,,,"{""client_event_id"":""a7b70ae0-d18f-45f6-9cea-16c9535ed718"",""recorder_run_id"":""2c45acad-6db6-41d5-89db-d3b3e344aa65"",""client_id"":""68e07060-2057-490d-865c-e3c07c73e2ab"",""client_timestamp"":1789638439.1476998,""client_monotonic_ms"":1254664.200000003,""event_timestamp"":1789638439.1476998,""clock_offset_sec"":-0.0001628398895263672,""clock_round_trip_ms"":4.200220108032227,""subject_id"":""sub-005"",""session_id"":""ses-001"",""block_id"":""Block 3"",""counterbalance_group"":""G05"",""block_order"":""Block 3"",""condition"":""A"",""condition_type"":""focused"",""topic_key"":""V5"",""topic_name"":""千古一帝秦始皇都做了什么"",""event_type"":""condition_prompt_end"",""iso_time"":""2026-09-17T09:47:19.147Z"",""relative_ms"":5081,""video_time_sec"":0}",2c45acad-6db6-41d5-89db-d3b3e344aa65,sub-005,ses-001,a7b70ae0-d18f-45f6-9cea-16c9535ed718,68e07060-2057-490d-865c-e3c07c73e2ab,1789638439.1743445,1789638439.1476998,1254664.200000003,68e07060-2057-490d-865c-e3c07c73e2ab,browser_calibrated,-0.0001628398895263672,4.200220108032227,262682,262682,0,-4.453897476196289,host_receive_nearest,verified,1,0,,,,,,,,,1,,,,,,,,,,,,,,,,,,,,V5,A,0,1789638439.1476998,1789638439.174424,262682,,,,,,,,,,
d0ff5c89-72db-4099-9078-bce110156582,video_start,1789638439.1476998,1050.728,262688,3,3,,1,G05,A,focused,video_start,V5,,0.0,0.0,,,,,,,,2c45acad-6db6-41d5-89db-d3b3e344aa65,sub-005,ses-001,d0ff5c89-72db-4099-9078-bce110156582,68e07060-2057-490d-865c-e3c07c73e2ab,1789638439.1876864,1789638439.1524,1254669,68e07060-2057-490d-865c-e3c07c73e2ab,browser_calibrated,-0.0001628398895263672,4.200220108032227,262682,262682,0,-4.453897476196289,host_receive_nearest,verified,1,1,,,,,,,,,1,,,,,,,,,,,,,,,,,,,,V5,A,0,1789638439.1524,1789638439.1877315,262682,,,,,,,,,,
d0ff5c89-72db-4099-9078-bce110156582,video_play,1789638439.1476998,1050.728,262688,3,3,,1,G05,A,focused,video_play,0,,0.0,0.0,,,,,,,"{""client_event_id"":""d0ff5c89-72db-4099-9078-bce110156582"",""recorder_run_id"":""2c45acad-6db6-41d5-89db-d3b3e344aa65"",""client_id"":""68e07060-2057-490d-865c-e3c07c73e2ab"",""client_timestamp"":1789638439.1524,""client_monotonic_ms"":1254669,""event_timestamp"":1789638439.1476998,""clock_offset_sec"":-0.0001628398895263672,""clock_round_trip_ms"":4.200220108032227,""subject_id"":""sub-005"",""session_id"":""ses-001"",""block_id"":""Block 3"",""counterbalance_group"":""G05"",""block_order"":""Block 3"",""condition"":""A"",""condition_type"":""focused"",""topic_key"":""V5"",""topic_name"":""千古一帝秦始皇都做了什么"",""event_type"":""video_play"",""iso_time"":""2026-09-17T09:47:19.152Z"",""relative_ms"":5086,""video_time_sec"":0}",2c45acad-6db6-41d5-89db-d3b3e344aa65,sub-005,ses-001,d0ff5c89-72db-4099-9078-bce110156582,68e07060-2057-490d-865c-e3c07c73e2ab,1789638439.1876864,1789638439.1524,1254669,68e07060-2057-490d-865c-e3c07c73e2ab,browser_calibrated,-0.0001628398895263672,4.200220108032227,262682,262682,0,-4.453897476196289,host_receive_nearest,verified,1,1,,,,,,,,,1,,,,,,,,,,,,,,,,,,,,V5,A,0,1789638439.1524,1789638439.187858,262682,,,,,,,,,,
7f26baf0-6d0a-4c3b-8520-627dc8cfac7a,probe_onset,1789638546.8247097,1158.404,289602,3,3,,1,G05,A,focused,probe_onset,Block 3_1_45e10d7a,,0.0,0.0,,,,,,,"{""client_event_id"":""7f26baf0-6d0a-4c3b-8520-627dc8cfac7a"",""recorder_run_id"":""2c45acad-6db6-41d5-89db-d3b3e344aa65"",""client_id"":""68e07060-2057-490d-865c-e3c07c73e2ab"",""client_timestamp"":1789638546.8255,""client_monotonic_ms"":1362342,""event_timestamp"":1789638546.8247097,""clock_offset_sec"":-0.0007903575897216797,""clock_round_trip_ms"":8.59975814819336,""subject_id"":""sub-005"",""session_id"":""ses-001"",""block_id"":""Block 3"",""counterbalance_group"":""G05"",""block_order"":""Block 3"",""condition"":""A"",""condition_type"":""focused"",""topic_key"":""V5"",""topic_name"":""千古一帝秦始皇都做了什么"",""event_type"":""probe_onset"",""iso_time"":""2026-09-17T09:49:06.825Z"",""relative_ms"":112759,""video_time_sec"":107.632,""probe_id"":""Block 3_1_45e10d7a"",""probe_index"":1,""probe_schedule_id"":""45e10d7a-49cf-46a0-9b5a-4fc63b4e912b"",""probe_planned_time_sec"":107.445,""video_id"":""V5"",""pause_reason"":""thought_probe"",""forced"":false}",2c45acad-6db6-41d5-89db-d3b3e344aa65,sub-005,ses-001,7f26baf0-6d0a-4c3b-8520-627dc8cfac7a,68e07060-2057-490d-865c-e3c07c73e2ab,1789638546.8500476,1789638546.8255,1362342,68e07060-2057-490d-865c-e3c07c73e2ab,browser_calibrated,-0.0007903575897216797,8.59975814819336,289601,289601,0,-9.134531021118164,host_receive_nearest,verified,1,1,,,,,,,,,1,,,,,,,,,,,,,,,,,,,,V5,A,107.632,1789638546.8255,1789638546.8501763,289601,Block 3_1_45e10d7a,1,45e10d7a-49cf-46a0-9b5a-4fc63b4e912b,107.445,,,,,,thought_probe
409cc88c-4ade-4495-aa8f-1ab2008379ac,attention_response,1789638549.9293098,1161.508,290382,3,3,,1,G05,A,focused,attention_response,1,,0.0,0.0,,,,,,,"{""client_event_id"":""409cc88c-4ade-4495-aa8f-1ab2008379ac"",""recorder_run_id"":""2c45acad-6db6-41d5-89db-d3b3e344aa65"",""client_id"":""68e07060-2057-490d-865c-e3c07c73e2ab"",""client_timestamp"":1789638549.9301002,""client_monotonic_ms"":1365446.599999994,""event_timestamp"":1789638549.9293098,""clock_offset_sec"":-0.0007903575897216797,""clock_round_trip_ms"":8.59975814819336,""subject_id"":""sub-005"",""session_id"":""ses-001"",""block_id"":""Block 3"",""counterbalance_group"":""G05"",""block_order"":""Block 3"",""condition"":""A"",""condition_type"":""focused"",""topic_key"":""V5"",""topic_name"":""千古一帝秦始皇都做了什么"",""event_type"":""attention_response"",""iso_time"":""2026-09-17T09:49:09.930Z"",""relative_ms"":115864,""video_time_sec"":107.632,""probe_id"":""Block 3_1_45e10d7a"",""probe_index"":1,""probe_schedule_id"":""45e10d7a-49cf-46a0-9b5a-4fc63b4e912b"",""probe_planned_time_sec"":107.445,""video_id"":""V5"",""response"":1,""response_label"":""课程内容"",""probe_attention"":""ON"",""response_time_ms"":3105}",2c45acad-6db6-41d5-89db-d3b3e344aa65,sub-005,ses-001,409cc88c-4ade-4495-aa8f-1ab2008379ac,68e07060-2057-490d-865c-e3c07c73e2ab,1789638549.9406767,1789638549.9301002,1365446.599999994,68e07060-2057-490d-865c-e3c07c73e2ab,browser_calibrated,-0.0007903575897216797,8.59975814819336,290377,290377,0,1.6949176788330078,host_receive_nearest,verified,1,1,,,,,,,,,1,,,,,,,,,,,,,,,,,,,,V5,A,107.632,1789638549.9301002,1789638549.974,290377,Block 3_1_45e10d7a,1,45e10d7a-49cf-46a0-9b5a-4fc63b4e912b,107.445,1,课程内容,3105,,ON,
16db988d-1e14-4210-ae82-eb0194749b18,confidence_response,1789638553.1465106,1164.744,291187,3,3,,1,G05,A,focused,confidence_response,4,,0.0,0.0,,,,,,,"{""client_event_id"":""16db988d-1e14-4210-ae82-eb0194749b18"",""recorder_run_id"":""2c45acad-6db6-41d5-89db-d3b3e344aa65"",""client_id"":""68e07060-2057-490d-865c-e3c07c73e2ab"",""client_timestamp"":1789638553.1471999,""client_monotonic_ms"":1368663.700000003,""event_timestamp"":1789638553.1465106,""clock_offset_sec"":-0.0006892681121826172,""clock_round_trip_ms"":8.800029754638672,""subject_id"":""sub-005"",""session_id"":""ses-001"",""block_id"":""Block 3"",""counterbalance_group"":""G05"",""block_order"":""Block 3"",""condition"":""A"",""condition_type"":""focused"",""topic_key"":""V5"",""topic_name"":""千古一帝秦始皇都做了什么"",""event_type"":""confidence_response"",""iso_time"":""2026-09-17T09:49:13.147Z"",""relative_ms"":119081,""video_time_sec"":107.632,""probe_id"":""Block 3_1_45e10d7a"",""probe_index"":1,""probe_schedule_id"":""45e10d7a-49cf-46a0-9b5a-4fc63b4e912b"",""probe_planned_time_sec"":107.445,""video_id"":""V5"",""response"":1,""confidence"":4,""response_time_ms"":3217}",2c45acad-6db6-41d5-89db-d3b3e344aa65,sub-005,ses-001,16db988d-1e14-4210-ae82-eb0194749b18,68e07060-2057-490d-865c-e3c07c73e2ab,1789638553.1577375,1789638553.1471999,1368663.700000003,68e07060-2057-490d-865c-e3c07c73e2ab,browser_calibrated,-0.0006892681121826172,8.800029754638672,291186,291186,0,-0.9028911590576172,host_receive_nearest,verified,1,1,,,,,,,,,1,,,,,,,,,,,,,,,,,,,,V5,A,107.632,1789638553.1471999,1789638553.191598,291186,Block 3_1_45e10d7a,1,45e10d7a-49cf-46a0-9b5a-4fc63b4e912b,107.445,,,3217,4,,
c31d7f8d-d135-4408-8153-32155fca767c,phase_change,1789638553.1520107,1164.744,291202,3,3,,1,G05,A,focused,phase_change,video,,0.0,0.0,,,,,,,,2c45acad-6db6-41d5-89db-d3b3e344aa65,sub-005,ses-001,c31d7f8d-d135-4408-8153-32155fca767c,68e07060-2057-490d-865c-e3c07c73e2ab,1789638553.218618,1789638553.1527,1368669.299999997,68e07060-2057-490d-865c-e3c07c73e2ab,browser_calibrated,-0.0006892681121826172,8.800029754638672,291186,291186,0,-6.4029693603515625,host_receive_nearest,verified,1,1,,,,,,,,,1,,,,,,,,,,,,,,,,,,,,V5,A,107.683,1789638553.1527,1789638553.218756,291186,,,,,,,,,,
c31d7f8d-d135-4408-8153-32155fca767c,video_resume,1789638553.1520107,1164.744,291202,3,3,,1,G05,A,focused,video_resume,107.683,,0.0,0.0,,,,,,,"{""client_event_id"":""c31d7f8d-d135-4408-8153-32155fca767c"",""recorder_run_id"":""2c45acad-6db6-41d5-89db-d3b3e344aa65"",""client_id"":""68e07060-2057-490d-865c-e3c07c73e2ab"",""client_timestamp"":1789638553.1527,""client_monotonic_ms"":1368669.299999997,""event_timestamp"":1789638553.1520107,""clock_offset_sec"":-0.0006892681121826172,""clock_round_trip_ms"":8.800029754638672,""subject_id"":""sub-005"",""session_id"":""ses-001"",""block_id"":""Block 3"",""counterbalance_group"":""G05"",""block_order"":""Block 3"",""condition"":""A"",""condition_type"":""focused"",""topic_key"":""V5"",""topic_name"":""千古一帝秦始皇都做了什么"",""event_type"":""video_resume"",""iso_time"":""2026-09-17T09:49:13.152Z"",""relative_ms"":119086,""video_time_sec"":107.683,""probe_id"":""Block 3_1_45e10d7a"",""probe_index"":1,""probe_schedule_id"":""45e10d7a-49cf-46a0-9b5a-4fc63b4e912b"",""probe_planned_time_sec"":107.445,""video_id"":""V5"",""pause_reason"":""thought_probe"",""resume_status"":""playing""}",2c45acad-6db6-41d5-89db-d3b3e344aa65,sub-005,ses-001,c31d7f8d-d135-4408-8153-32155fca767c,68e07060-2057-490d-865c-e3c07c73e2ab,1789638553.218618,1789638553.1527,1368669.299999997,68e07060-2057-490d-865c-e3c07c73e2ab,browser_calibrated,-0.0006892681121826172,8.800029754638672,291186,291186,0,-6.4029693603515625,host_receive_nearest,verified,1,1,,,,,,,,,1,,,,,,,,,,,,,,,,,,,,V5,A,107.683,1789638553.1527,1789638553.2196167,291186,Block 3_1_45e10d7a,,,,,,,,,thought_probe
f8aeeb10-72d5-4a33-a91f-9693e868e945,probe_onset,1789638605.2616405,1216.864,304217,3,3,,1,G05,A,focused,probe_onset,Block 3_2_45e10d7a,,0.0,0.0,,,,,,,"{""client_event_id"":""f8aeeb10-72d5-4a33-a91f-9693e868e945"",""recorder_run_id"":""2c45acad-6db6-41d5-89db-d3b3e344aa65"",""client_id"":""68e07060-2057-490d-865c-e3c07c73e2ab"",""client_timestamp"":1789638605.2617,""client_monotonic_ms"":1420778.200000003,""event_timestamp"":1789638605.2616405,""clock_offset_sec"":-5.936622619628906e-05,""clock_round_trip_ms"":5.299806594848633,""subject_id"":""sub-005"",""session_id"":""ses-001"",""block_id"":""Block 3"",""counterbalance_group"":""G05"",""block_order"":""Block 3"",""condition"":""A"",""condition_type"":""focused"",""topic_key"":""V5"",""topic_name"":""千古一帝秦始皇都做了什么"",""event_type"":""probe_onset"",""iso_time"":""2026-09-17T09:50:05.261Z"",""relative_ms"":171195,""video_time_sec"":159.746,""probe_id"":""Block 3_2_45e10d7a"",""probe_index"":2,""probe_schedule_id"":""45e10d7a-49cf-46a0-9b5a-4fc63b4e912b"",""probe_planned_time_sec"":159.575,""video_id"":""V5"",""pause_reason"":""thought_probe"",""forced"":false}",2c45acad-6db6-41d5-89db-d3b3e344aa65,sub-005,ses-001,f8aeeb10-72d5-4a33-a91f-9693e868e945,68e07060-2057-490d-865c-e3c07c73e2ab,1789638605.2691169,1789638605.2617,1420778.200000003,68e07060-2057-490d-865c-e3c07c73e2ab,browser_calibrated,-5.936622619628906e-05,5.299806594848633,304216,304216,0,-9.563207626342773,host_receive_nearest,verified,1,1,,,,,,,,,1,,,,,,,,,,,,,,,,,,,,V5,A,159.746,1789638605.2617,1789638605.269242,304216,Block 3_2_45e10d7a,2,45e10d7a-49cf-46a0-9b5a-4fc63b4e912b,159.575,,,,,,thought_probe
bc781486-c46e-4950-950f-9a2ec7f25f5d,attention_response,1789638608.7617407,1220.364,305092,3,3,,1,G05,A,focused,attention_response,1,,0.0,0.0,,,,,,,"{""client_event_id"":""bc781486-c46e-4950-950f-9a2ec7f25f5d"",""recorder_run_id"":""2c45acad-6db6-41d5-89db-d3b3e344aa65"",""client_id"":""68e07060-2057-490d-865c-e3c07c73e2ab"",""client_timestamp"":1789638608.7618,""client_monotonic_ms"":1424278.399999991,""event_timestamp"":1789638608.7617407,""clock_offset_sec"":-5.936622619628906e-05,""clock_round_trip_ms"":5.299806594848633,""subject_id"":""sub-005"",""session_id"":""ses-001"",""block_id"":""Block 3"",""counterbalance_group"":""G05"",""block_order"":""Block 3"",""condition"":""A"",""condition_type"":""focused"",""topic_key"":""V5"",""topic_name"":""千古一帝秦始皇都做了什么"",""event_type"":""attention_response"",""iso_time"":""2026-09-17T09:50:08.761Z"",""relative_ms"":174695,""video_time_sec"":159.746,""probe_id"":""Block 3_2_45e10d7a"",""probe_index"":2,""probe_schedule_id"":""45e10d7a-49cf-46a0-9b5a-4fc63b4e912b"",""probe_planned_time_sec"":159.575,""video_id"":""V5"",""response"":1,""response_label"":""课程内容"",""probe_attention"":""ON"",""response_time_ms"":3500}",2c45acad-6db6-41d5-89db-d3b3e344aa65,sub-005,ses-001,bc781486-c46e-4950-950f-9a2ec7f25f5d,68e07060-2057-490d-865c-e3c07c73e2ab,1789638608.7723005,1789638608.7618,1424278.399999991,68e07060-2057-490d-865c-e3c07c73e2ab,browser_calibrated,-5.936622619628906e-05,5.299806594848633,305091,305091,0,-0.4096031188964844,host_receive_nearest,verified,1,1,,,,,,,,,1,,,,,,,,,,,,,,,,,,,,V5,A,159.746,1789638608.7618,1789638608.804842,305091,Block 3_2_45e10d7a,2,45e10d7a-49cf-46a0-9b5a-4fc63b4e912b,159.575,1,课程内容,3500,,ON,
36c2a228-779a-4c76-9e2d-ec199a17cdd6,confidence_response,1789638610.1016407,1221.688,305432,3,3,,1,G05,A,focused,confidence_response,4,,0.0,0.0,,,,,,,"{""client_event_id"":""36c2a228-779a-4c76-9e2d-ec199a17cdd6"",""recorder_run_id"":""2c45acad-6db6-41d5-89db-d3b3e344aa65"",""client_id"":""68e07060-2057-490d-865c-e3c07c73e2ab"",""client_timestamp"":1789638610.1017,""client_monotonic_ms"":1425618.200000003,""event_timestamp"":1789638610.1016407,""clock_offset_sec"":-5.936622619628906e-05,""clock_round_trip_ms"":5.299806594848633,""subject_id"":""sub-005"",""session_id"":""ses-001"",""block_id"":""Block 3"",""counterbalance_group"":""G05"",""block_order"":""Block 3"",""condition"":""A"",""condition_type"":""focused"",""topic_key"":""V5"",""topic_name"":""千古一帝秦始皇都做了什么"",""event_type"":""confidence_response"",""iso_time"":""2026-09-17T09:50:10.101Z"",""relative_ms"":176035,""video_time_sec"":159.746,""probe_id"":""Block 3_2_45e10d7a"",""probe_index"":2,""probe_schedule_id"":""45e10d7a-49cf-46a0-9b5a-4fc63b4e912b"",""probe_planned_time_sec"":159.575,""video_id"":""V5"",""response"":1,""confidence"":4,""response_time_ms"":1340}",2c45acad-6db6-41d5-89db-d3b3e344aa65,sub-005,ses-001,36c2a228-779a-4c76-9e2d-ec199a17cdd6,68e07060-2057-490d-865c-e3c07c73e2ab,1789638610.1172137,1789638610.1017,1425618.200000003,68e07060-2057-490d-865c-e3c07c73e2ab,browser_calibrated,-5.936622619628906e-05,5.299806594848633,305422,305422,0,9.499073028564453,host_receive_nearest,verified,1,1,,,,,,,,,1,,,,,,,,,,,,,,,,,,,,V5,A,159.746,1789638610.1017,1789638610.1494546,305422,Block 3_2_45e10d7a,2,45e10d7a-49cf-46a0-9b5a-4fc63b4e912b,159.575,,,1340,4,,
6283f33b-cdf5-4285-a0cd-4f32d6822660,phase_change,1789638610.1070406,1221.688,305437,3,3,,1,G05,A,focused,phase_change,video,,0.0,0.0,,,,,,,,2c45acad-6db6-41d5-89db-d3b3e344aa65,sub-005,ses-001,6283f33b-cdf5-4285-a0cd-4f32d6822660,68e07060-2057-490d-865c-e3c07c73e2ab,1789638610.1698184,1789638610.1071,1425623.599999994,68e07060-2057-490d-865c-e3c07c73e2ab,browser_calibrated,-5.936622619628906e-05,5.299806594848633,305422,305422,0,4.099130630493164,host_receive_nearest,verified,1,1,,,,,,,,,1,,,,,,,,,,,,,,,,,,,,V5,A,159.811,1789638610.1071,1789638610.1699474,305422,,,,,,,,,,
6283f33b-cdf5-4285-a0cd-4f32d6822660,video_resume,1789638610.1070406,1221.688,305437,3,3,,1,G05,A,focused,video_resume,159.811,,0.0,0.0,,,,,,,"{""client_event_id"":""6283f33b-cdf5-4285-a0cd-4f32d6822660"",""recorder_run_id"":""2c45acad-6db6-41d5-89db-d3b3e344aa65"",""client_id"":""68e07060-2057-490d-865c-e3c07c73e2ab"",""client_timestamp"":1789638610.1071,""client_monotonic_ms"":1425623.599999994,""event_timestamp"":1789638610.1070406,""clock_offset_sec"":-5.936622619628906e-05,""clock_round_trip_ms"":5.299806594848633,""subject_id"":""sub-005"",""session_id"":""ses-001"",""block_id"":""Block 3"",""counterbalance_group"":""G05"",""block_order"":""Block 3"",""condition"":""A"",""condition_type"":""focused"",""topic_key"":""V5"",""topic_name"":""千古一帝秦始皇都做了什么"",""event_type"":""video_resume"",""iso_time"":""2026-09-17T09:50:10.107Z"",""relative_ms"":176041,""video_time_sec"":159.811,""probe_id"":""Block 3_2_45e10d7a"",""probe_index"":2,""probe_schedule_id"":""45e10d7a-49cf-46a0-9b5a-4fc63b4e912b"",""probe_planned_time_sec"":159.575,""video_id"":""V5"",""pause_reason"":""thought_probe"",""resume_status"":""playing""}",2c45acad-6db6-41d5-89db-d3b3e344aa65,sub-005,ses-001,6283f33b-cdf5-4285-a0cd-4f32d6822660,68e07060-2057-490d-865c-e3c07c73e2ab,1789638610.1698184,1789638610.1071,1425623.599999994,68e07060-2057-490d-865c-e3c07c73e2ab,browser_calibrated,-5.936622619628906e-05,5.299806594848633,305422,305422,0,4.099130630493164,host_receive_nearest,verified,1,1,,,,,,,,,1,,,,,,,,,,,,,,,,,,,,V5,A,159.811,1789638610.1071,1789638610.1703212,305422,Block 3_2_45e10d7a,,,,,,,,,thought_probe
11352a38-cf10-42e1-8d9d-7d2b83ff558e,probe_onset,1789638710.4312923,1322.008,330512,3,3,,1,G05,A,focused,probe_onset,Block 3_3_45e10d7a,,0.0,0.0,,,,,,,"{""client_event_id"":""11352a38-cf10-42e1-8d9d-7d2b83ff558e"",""recorder_run_id"":""2c45acad-6db6-41d5-89db-d3b3e344aa65"",""client_id"":""68e07060-2057-490d-865c-e3c07c73e2ab"",""client_timestamp"":1789638710.4313998,""client_monotonic_ms"":1525947.899999991,""event_timestamp"":1789638710.4312923,""clock_offset_sec"":-0.00010752677917480469,""clock_round_trip_ms"":5.8002471923828125,""subject_id"":""sub-005"",""session_id"":""ses-001"",""block_id"":""Block 3"",""counterbalance_group"":""G05"",""block_order"":""Block 3"",""condition"":""A"",""condition_type"":""focused"",""topic_key"":""V5"",""topic_name"":""千古一帝秦始皇都做了什么"",""event_type"":""probe_onset"",""iso_time"":""2026-09-17T09:51:50.431Z"",""relative_ms"":276365,""video_time_sec"":260.088,""probe_id"":""Block 3_3_45e10d7a"",""probe_index"":3,""probe_schedule_id"":""45e10d7a-49cf-46a0-9b5a-4fc63b4e912b"",""probe_planned_time_sec"":260.013,""video_id"":""V5"",""pause_reason"":""thought_probe"",""forced"":false}",2c45acad-6db6-41d5-89db-d3b3e344aa65,sub-005,ses-001,11352a38-cf10-42e1-8d9d-7d2b83ff558e,68e07060-2057-490d-865c-e3c07c73e2ab,1789638710.449929,1789638710.4313998,1525947.899999991,68e07060-2057-490d-865c-e3c07c73e2ab,browser_calibrated,-0.00010752677917480469,5.8002471923828125,330502,330502,0,2.2547245025634766,host_receive_nearest,verified,1,1,,,,,,,,,1,,,,,,,,,,,,,,,,,,,,V5,A,260.088,1789638710.4313998,1789638710.450073,330502,Block 3_3_45e10d7a,3,45e10d7a-49cf-46a0-9b5a-4fc63b4e912b,260.013,,,,,,thought_probe
85a12d8b-2a35-4fe6-8d05-9d4ae3a5a901,attention_response,1789638712.6020925,1324.204,331052,3,3,,1,G05,A,focused,attention_response,1,,0.0,0.0,,,,,,,"{""client_event_id"":""85a12d8b-2a35-4fe6-8d05-9d4ae3a5a901"",""recorder_run_id"":""2c45acad-6db6-41d5-89db-d3b3e344aa65"",""client_id"":""68e07060-2057-490d-865c-e3c07c73e2ab"",""client_timestamp"":1789638712.6022,""client_monotonic_ms"":1528118.700000003,""event_timestamp"":1789638712.6020925,""clock_offset_sec"":-0.00010752677917480469,""clock_round_trip_ms"":5.8002471923828125,""subject_id"":""sub-005"",""session_id"":""ses-001"",""block_id"":""Block 3"",""counterbalance_group"":""G05"",""block_order"":""Block 3"",""condition"":""A"",""condition_type"":""focused"",""topic_key"":""V5"",""topic_name"":""千古一帝秦始皇都做了什么"",""event_type"":""attention_response"",""iso_time"":""2026-09-17T09:51:52.602Z"",""relative_ms"":278536,""video_time_sec"":260.088,""probe_id"":""Block 3_3_45e10d7a"",""probe_index"":3,""probe_schedule_id"":""45e10d7a-49cf-46a0-9b5a-4fc63b4e912b"",""probe_planned_time_sec"":260.013,""video_id"":""V5"",""response"":1,""response_label"":""课程内容"",""probe_attention"":""ON"",""response_time_ms"":2171}",2c45acad-6db6-41d5-89db-d3b3e344aa65,sub-005,ses-001,85a12d8b-2a35-4fe6-8d05-9d4ae3a5a901,68e07060-2057-490d-865c-e3c07c73e2ab,1789638712.6188161,1789638712.6022,1528118.700000003,68e07060-2057-490d-865c-e3c07c73e2ab,browser_calibrated,-0.00010752677917480469,5.8002471923828125,331051,331051,0,-6.351709365844727,host_receive_nearest,verified,1,1,,,,,,,,,1,,,,,,,,,,,,,,,,,,,,V5,A,260.088,1789638712.6022,1789638712.6523466,331051,Block 3_3_45e10d7a,3,45e10d7a-49cf-46a0-9b5a-4fc63b4e912b,260.013,1,课程内容,2171,,ON,
36eeb2d5-c064-40ce-a456-255ed6e75603,confidence_response,1789638714.2661924,1325.848,331472,3,3,,1,G05,A,focused,confidence_response,4,,0.0,0.0,,,,,,,"{""client_event_id"":""36eeb2d5-c064-40ce-a456-255ed6e75603"",""recorder_run_id"":""2c45acad-6db6-41d5-89db-d3b3e344aa65"",""client_id"":""68e07060-2057-490d-865c-e3c07c73e2ab"",""client_timestamp"":1789638714.2663,""client_monotonic_ms"":1529782.799999997,""event_timestamp"":1789638714.2661924,""clock_offset_sec"":-0.00010752677917480469,""clock_round_trip_ms"":5.8002471923828125,""subject_id"":""sub-005"",""session_id"":""ses-001"",""block_id"":""Block 3"",""counterbalance_group"":""G05"",""block_order"":""Block 3"",""condition"":""A"",""condition_type"":""focused"",""topic_key"":""V5"",""topic_name"":""千古一帝秦始皇都做了什么"",""event_type"":""confidence_response"",""iso_time"":""2026-09-17T09:51:54.266Z"",""relative_ms"":280200,""video_time_sec"":260.088,""probe_id"":""Block 3_3_45e10d7a"",""probe_index"":3,""probe_schedule_id"":""45e10d7a-49cf-46a0-9b5a-4fc63b4e912b"",""probe_planned_time_sec"":260.013,""video_id"":""V5"",""response"":1,""confidence"":4,""response_time_ms"":1664}",2c45acad-6db6-41d5-89db-d3b3e344aa65,sub-005,ses-001,36eeb2d5-c064-40ce-a456-255ed6e75603,68e07060-2057-490d-865c-e3c07c73e2ab,1789638714.278532,1789638714.2663,1529782.799999997,68e07060-2057-490d-865c-e3c07c73e2ab,browser_calibrated,-0.00010752677917480469,5.8002471923828125,331462,331462,0,3.9391517639160156,host_receive_nearest,verified,1,1,,,,,,,,,1,,,,,,,,,,,,,,,,,,,,V5,A,260.088,1789638714.2663,1789638714.3115172,331462,Block 3_3_45e10d7a,3,45e10d7a-49cf-46a0-9b5a-4fc63b4e912b,260.013,,,1664,4,,
d17a7aa6-bccc-4630-acf7-bc231e7b72bb,phase_change,1789638714.2711926,1325.868,331487,3,3,,1,G05,A,focused,phase_change,video,,0.0,0.0,,,,,,,,2c45acad-6db6-41d5-89db-d3b3e344aa65,sub-005,ses-001,d17a7aa6-bccc-4630-acf7-bc231e7b72bb,68e07060-2057-490d-865c-e3c07c73e2ab,1789638714.3382032,1789638714.2713,1529787.799999997,68e07060-2057-490d-865c-e3c07c73e2ab,browser_calibrated,-0.00010752677917480469,5.8002471923828125,331467,331467,0,0.29206275939941406,host_receive_nearest,verified,1,1,,,,,,,,,1,,,,,,,,,,,,,,,,,,,,V5,A,260.133,1789638714.2713,1789638714.33835,331467,,,,,,,,,,
d17a7aa6-bccc-4630-acf7-bc231e7b72bb,video_resume,1789638714.2711926,1325.868,331487,3,3,,1,G05,A,focused,video_resume,260.133,,0.0,0.0,,,,,,,"{""client_event_id"":""d17a7aa6-bccc-4630-acf7-bc231e7b72bb"",""recorder_run_id"":""2c45acad-6db6-41d5-89db-d3b3e344aa65"",""client_id"":""68e07060-2057-490d-865c-e3c07c73e2ab"",""client_timestamp"":1789638714.2713,""client_monotonic_ms"":1529787.799999997,""event_timestamp"":1789638714.2711926,""clock_offset_sec"":-0.00010752677917480469,""clock_round_trip_ms"":5.8002471923828125,""subject_id"":""sub-005"",""session_id"":""ses-001"",""block_id"":""Block 3"",""counterbalance_group"":""G05"",""block_order"":""Block 3"",""condition"":""A"",""condition_type"":""focused"",""topic_key"":""V5"",""topic_name"":""千古一帝秦始皇都做了什么"",""event_type"":""video_resume"",""iso_time"":""2026-09-17T09:51:54.271Z"",""relative_ms"":280205,""video_time_sec"":260.133,""probe_id"":""Block 3_3_45e10d7a"",""probe_index"":3,""probe_schedule_id"":""45e10d7a-49cf-46a0-9b5a-4fc63b4e912b"",""probe_planned_time_sec"":260.013,""video_id"":""V5"",""pause_reason"":""thought_probe"",""resume_status"":""playing""}",2c45acad-6db6-41d5-89db-d3b3e344aa65,sub-005,ses-001,d17a7aa6-bccc-4630-acf7-bc231e7b72bb,68e07060-2057-490d-865c-e3c07c73e2ab,1789638714.3382032,1789638714.2713,1529787.799999997,68e07060-2057-490d-865c-e3c07c73e2ab,browser_calibrated,-0.00010752677917480469,5.8002471923828125,331467,331467,0,0.29206275939941406,host_receive_nearest,verified,1,1,,,,,,,,,1,,,,,,,,,,,,,,,,,,,,V5,A,260.133,1789638714.2713,1789638714.3387644,331467,Block 3_3_45e10d7a,,,,,,,,,thought_probe
5e17ce70-1bdb-4455-8b7d-d95a2b524e8c,probe_onset,1789638807.82467,1419.42,354856,3,3,,1,G05,A,focused,probe_onset,Block 3_4_45e10d7a,,0.0,0.0,,,,,,,"{""client_event_id"":""5e17ce70-1bdb-4455-8b7d-d95a2b524e8c"",""recorder_run_id"":""2c45acad-6db6-41d5-89db-d3b3e344aa65"",""client_id"":""68e07060-2057-490d-865c-e3c07c73e2ab"",""client_timestamp"":1789638807.8246,""client_monotonic_ms"":1623341.200000003,""event_timestamp"":1789638807.82467,""clock_offset_sec"":7.009506225585938e-05,""clock_round_trip_ms"":4.799842834472656,""subject_id"":""sub-005"",""session_id"":""ses-001"",""block_id"":""Block 3"",""counterbalance_group"":""G05"",""block_order"":""Block 3"",""condition"":""A"",""condition_type"":""focused"",""topic_key"":""V5"",""topic_name"":""千古一帝秦始皇都做了什么"",""event_type"":""probe_onset"",""iso_time"":""2026-09-17T09:53:27.824Z"",""relative_ms"":373758,""video_time_sec"":353.634,""probe_id"":""Block 3_4_45e10d7a"",""probe_index"":4,""probe_schedule_id"":""45e10d7a-49cf-46a0-9b5a-4fc63b4e912b"",""probe_planned_time_sec"":353.465,""video_id"":""V5"",""pause_reason"":""thought_probe"",""forced"":false}",2c45acad-6db6-41d5-89db-d3b3e344aa65,sub-005,ses-001,5e17ce70-1bdb-4455-8b7d-d95a2b524e8c,68e07060-2057-490d-865c-e3c07c73e2ab,1789638807.8431692,1789638807.8246,1623341.200000003,68e07060-2057-490d-865c-e3c07c73e2ab,browser_calibrated,7.009506225585938e-05,4.799842834472656,354855,354855,0,-13.199567794799805,host_receive_nearest,verified,1,1,,,,,,,,,1,,,,,,,,,,,,,,,,,,,,V5,A,353.634,1789638807.8246,1789638807.8434677,354855,Block 3_4_45e10d7a,4,45e10d7a-49cf-46a0-9b5a-4fc63b4e912b,353.465,,,,,,thought_probe
fffff886-0624-442d-87bb-7e3e0951e493,attention_response,1789638810.21877,1421.82,355456,3,3,,1,G05,A,focused,attention_response,1,,0.0,0.0,,,,,,,"{""client_event_id"":""fffff886-0624-442d-87bb-7e3e0951e493"",""recorder_run_id"":""2c45acad-6db6-41d5-89db-d3b3e344aa65"",""client_id"":""68e07060-2057-490d-865c-e3c07c73e2ab"",""client_timestamp"":1789638810.2187,""client_monotonic_ms"":1625735.200000003,""event_timestamp"":1789638810.21877,""clock_offset_sec"":7.009506225585938e-05,""clock_round_trip_ms"":4.799842834472656,""subject_id"":""sub-005"",""session_id"":""ses-001"",""block_id"":""Block 3"",""counterbalance_group"":""G05"",""block_order"":""Block 3"",""condition"":""A"",""condition_type"":""focused"",""topic_key"":""V5"",""topic_name"":""千古一帝秦始皇都做了什么"",""event_type"":""attention_response"",""iso_time"":""2026-09-17T09:53:30.218Z"",""relative_ms"":376152,""video_time_sec"":353.634,""probe_id"":""Block 3_4_45e10d7a"",""probe_index"":4,""probe_schedule_id"":""45e10d7a-49cf-46a0-9b5a-4fc63b4e912b"",""probe_planned_time_sec"":353.465,""video_id"":""V5"",""response"":1,""response_label"":""课程内容"",""probe_attention"":""ON"",""response_time_ms"":2394}",2c45acad-6db6-41d5-89db-d3b3e344aa65,sub-005,ses-001,fffff886-0624-442d-87bb-7e3e0951e493,68e07060-2057-490d-865c-e3c07c73e2ab,1789638810.2318184,1789638810.2187,1625735.200000003,68e07060-2057-490d-865c-e3c07c73e2ab,browser_calibrated,7.009506225585938e-05,4.799842834472656,355455,355455,0,-4.457712173461914,host_receive_nearest,verified,1,1,,,,,,,,,1,,,,,,,,,,,,,,,,,,,,V5,A,353.634,1789638810.2187,1789638810.2666023,355455,Block 3_4_45e10d7a,4,45e10d7a-49cf-46a0-9b5a-4fc63b4e912b,353.465,1,课程内容,2394,,ON,
19a2672f-1cd2-493d-b10f-6a1aaa5eb053,confidence_response,1789638812.66677,1424.244,356071,3,3,,1,G05,A,focused,confidence_response,4,,0.0,0.0,,,,,,,"{""client_event_id"":""19a2672f-1cd2-493d-b10f-6a1aaa5eb053"",""recorder_run_id"":""2c45acad-6db6-41d5-89db-d3b3e344aa65"",""client_id"":""68e07060-2057-490d-865c-e3c07c73e2ab"",""client_timestamp"":1789638812.6667,""client_monotonic_ms"":1628183.200000003,""event_timestamp"":1789638812.66677,""clock_offset_sec"":7.009506225585938e-05,""clock_round_trip_ms"":4.799842834472656,""subject_id"":""sub-005"",""session_id"":""ses-001"",""block_id"":""Block 3"",""counterbalance_group"":""G05"",""block_order"":""Block 3"",""condition"":""A"",""condition_type"":""focused"",""topic_key"":""V5"",""topic_name"":""千古一帝秦始皇都做了什么"",""event_type"":""confidence_response"",""iso_time"":""2026-09-17T09:53:32.666Z"",""relative_ms"":378600,""video_time_sec"":353.634,""probe_id"":""Block 3_4_45e10d7a"",""probe_index"":4,""probe_schedule_id"":""45e10d7a-49cf-46a0-9b5a-4fc63b4e912b"",""probe_planned_time_sec"":353.465,""video_id"":""V5"",""response"":1,""confidence"":4,""response_time_ms"":2448}",2c45acad-6db6-41d5-89db-d3b3e344aa65,sub-005,ses-001,19a2672f-1cd2-493d-b10f-6a1aaa5eb053,68e07060-2057-490d-865c-e3c07c73e2ab,1789638812.6829975,1789638812.6667,1628183.200000003,68e07060-2057-490d-865c-e3c07c73e2ab,browser_calibrated,7.009506225585938e-05,4.799842834472656,356061,356061,0,2.810955047607422,host_receive_nearest,verified,1,1,,,,,,,,,1,,,,,,,,,,,,,,,,,,,,V5,A,353.634,1789638812.6667,1789638812.6950135,356061,Block 3_4_45e10d7a,4,45e10d7a-49cf-46a0-9b5a-4fc63b4e912b,353.465,,,2448,4,,
b1f67a93-8c21-4795-bf9a-e3495806a212,phase_change,1789638812.67317,1424.28,356076,3,3,,1,G05,A,focused,phase_change,video,,0.0,0.0,,,,,,,,2c45acad-6db6-41d5-89db-d3b3e344aa65,sub-005,ses-001,b1f67a93-8c21-4795-bf9a-e3495806a212,68e07060-2057-490d-865c-e3c07c73e2ab,1789638812.7118068,1789638812.6731,1628189.600000009,68e07060-2057-490d-865c-e3c07c73e2ab,browser_calibrated,7.009506225585938e-05,4.799842834472656,356070,356070,0,-2.095460891723633,host_receive_nearest,verified,1,1,,,,,,,,,1,,,,,,,,,,,,,,,,,,,,V5,A,353.699,1789638812.6731,1789638812.7119389,356070,,,,,,,,,,
b1f67a93-8c21-4795-bf9a-e3495806a212,video_resume,1789638812.67317,1424.28,356076,3,3,,1,G05,A,focused,video_resume,353.699,,0.0,0.0,,,,,,,"{""client_event_id"":""b1f67a93-8c21-4795-bf9a-e3495806a212"",""recorder_run_id"":""2c45acad-6db6-41d5-89db-d3b3e344aa65"",""client_id"":""68e07060-2057-490d-865c-e3c07c73e2ab"",""client_timestamp"":1789638812.6731,""client_monotonic_ms"":1628189.600000009,""event_timestamp"":1789638812.67317,""clock_offset_sec"":7.009506225585938e-05,""clock_round_trip_ms"":4.799842834472656,""subject_id"":""sub-005"",""session_id"":""ses-001"",""block_id"":""Block 3"",""counterbalance_group"":""G05"",""block_order"":""Block 3"",""condition"":""A"",""condition_type"":""focused"",""topic_key"":""V5"",""topic_name"":""千古一帝秦始皇都做了什么"",""event_type"":""video_resume"",""iso_time"":""2026-09-17T09:53:32.673Z"",""relative_ms"":378607,""video_time_sec"":353.699,""probe_id"":""Block 3_4_45e10d7a"",""probe_index"":4,""probe_schedule_id"":""45e10d7a-49cf-46a0-9b5a-4fc63b4e912b"",""probe_planned_time_sec"":353.465,""video_id"":""V5"",""pause_reason"":""thought_probe"",""resume_status"":""playing""}",2c45acad-6db6-41d5-89db-d3b3e344aa65,sub-005,ses-001,b1f67a93-8c21-4795-bf9a-e3495806a212,68e07060-2057-490d-865c-e3c07c73e2ab,1789638812.7118068,1789638812.6731,1628189.600000009,68e07060-2057-490d-865c-e3c07c73e2ab,browser_calibrated,7.009506225585938e-05,4.799842834472656,356070,356070,0,-2.095460891723633,host_receive_nearest,verified,1,1,,,,,,,,,1,,,,,,,,,,,,,,,,,,,,V5,A,353.699,1789638812.6731,1789638812.7123315,356070,Block 3_4_45e10d7a,,,,,,,,,thought_probe
49467ddc-f4f1-430e-b5cb-a586d8218ee2,video_end,1789638850.0734482,1461.66,365416,3,3,,1,G05,A,focused,video_end,V5,,0.0,0.0,,,,,,,,2c45acad-6db6-41d5-89db-d3b3e344aa65,sub-005,ses-001,49467ddc-f4f1-430e-b5cb-a586d8218ee2,68e07060-2057-490d-865c-e3c07c73e2ab,1789638850.0994844,1789638850.073,1665589.499999985,68e07060-2057-490d-865c-e3c07c73e2ab,browser_calibrated,0.0004482269287109375,7.2002410888671875,365415,365415,0,-22.253036499023438,host_receive_nearest,verified,1,1,,,,,,,,,1,,,,,,,,,,,,,,,,,,,,V5,A,391.048,1789638850.073,1789638850.0995972,365415,,,,,,,,,,
49467ddc-f4f1-430e-b5cb-a586d8218ee2,browser_video_ended,1789638850.0734482,1461.66,365416,3,3,,1,G05,A,focused,browser_video_ended,,,0.0,0.0,,,,,,,"{""client_event_id"":""49467ddc-f4f1-430e-b5cb-a586d8218ee2"",""recorder_run_id"":""2c45acad-6db6-41d5-89db-d3b3e344aa65"",""client_id"":""68e07060-2057-490d-865c-e3c07c73e2ab"",""client_timestamp"":1789638850.073,""client_monotonic_ms"":1665589.499999985,""event_timestamp"":1789638850.0734482,""clock_offset_sec"":0.0004482269287109375,""clock_round_trip_ms"":7.2002410888671875,""subject_id"":""sub-005"",""session_id"":""ses-001"",""block_id"":""Block 3"",""counterbalance_group"":""G05"",""block_order"":""Block 3"",""condition"":""A"",""condition_type"":""focused"",""topic_key"":""V5"",""topic_name"":""千古一帝秦始皇都做了什么"",""event_type"":""video_ended"",""iso_time"":""2026-09-17T09:54:10.072Z"",""relative_ms"":416006,""video_time_sec"":391.048}",2c45acad-6db6-41d5-89db-d3b3e344aa65,sub-005,ses-001,49467ddc-f4f1-430e-b5cb-a586d8218ee2,68e07060-2057-490d-865c-e3c07c73e2ab,1789638850.0994844,1789638850.073,1665589.499999985,68e07060-2057-490d-865c-e3c07c73e2ab,browser_calibrated,0.0004482269287109375,7.2002410888671875,365415,365415,0,-22.253036499023438,host_receive_nearest,verified,1,1,,,,,,,,,1,,,,,,,,,,,,,,,,,,,,V5,A,391.048,1789638850.073,1789638850.0999434,365415,,,,,,,,,,
3fb6a05d-bb3c-42ff-a5fa-98b3d2891476,browser_block_end,1789638850.0787482,1461.66,365431,3,3,,1,G05,A,focused,browser_block_end,视频自然播放结束,,0.0,0.0,,,,,,,"{""client_event_id"":""3fb6a05d-bb3c-42ff-a5fa-98b3d2891476"",""recorder_run_id"":""2c45acad-6db6-41d5-89db-d3b3e344aa65"",""client_id"":""68e07060-2057-490d-865c-e3c07c73e2ab"",""client_timestamp"":1789638850.0783,""client_monotonic_ms"":1665594.799999997,""event_timestamp"":1789638850.0787482,""clock_offset_sec"":0.0004482269287109375,""clock_round_trip_ms"":7.2002410888671875,""subject_id"":""sub-005"",""session_id"":""ses-001"",""block_id"":""Block 3"",""counterbalance_group"":""G05"",""block_order"":""Block 3"",""condition"":""A"",""condition_type"":""focused"",""topic_key"":""V5"",""topic_name"":""千古一帝秦始皇都做了什么"",""event_type"":""block_end"",""iso_time"":""2026-09-17T09:54:10.078Z"",""relative_ms"":416012,""video_time_sec"":391.048,""reason"":""视频自然播放结束""}",2c45acad-6db6-41d5-89db-d3b3e344aa65,sub-005,ses-001,3fb6a05d-bb3c-42ff-a5fa-98b3d2891476,68e07060-2057-490d-865c-e3c07c73e2ab,1789638850.1192665,1789638850.0783,1665594.799999997,68e07060-2057-490d-865c-e3c07c73e2ab,browser_calibrated,0.0004482269287109375,7.2002410888671875,365415,365415,0,-27.553081512451172,host_receive_nearest,verified,1,1,,,,,,,,,1,,,,,,,,,,,,,,,,,,,,V5,A,391.048,1789638850.0783,1789638850.1193714,365415,,,,,,,,,,
87fe85f2-6019-4d9f-9c05-830914bc5212,rating_start,1789638850.0850484,1461.664,365431,3,3,,1,G05,A,focused,rating_start,,,0.0,0.0,,,,,,,"{""client_event_id"":""87fe85f2-6019-4d9f-9c05-830914bc5212"",""recorder_run_id"":""2c45acad-6db6-41d5-89db-d3b3e344aa65"",""client_id"":""68e07060-2057-490d-865c-e3c07c73e2ab"",""client_timestamp"":1789638850.0846002,""client_monotonic_ms"":1665601.100000009,""event_timestamp"":1789638850.0850484,""clock_offset_sec"":0.0004482269287109375,""clock_round_trip_ms"":7.2002410888671875,""subject_id"":""sub-005"",""session_id"":""ses-001"",""block_id"":""Block 3"",""counterbalance_group"":""G05"",""block_order"":""Block 3"",""condition"":""A"",""condition_type"":""focused"",""topic_key"":""V5"",""topic_name"":""千古一帝秦始皇都做了什么"",""event_type"":""rating_start"",""iso_time"":""2026-09-17T09:54:10.084Z"",""relative_ms"":416018,""video_time_sec"":391.048}",2c45acad-6db6-41d5-89db-d3b3e344aa65,sub-005,ses-001,87fe85f2-6019-4d9f-9c05-830914bc5212,68e07060-2057-490d-865c-e3c07c73e2ab,1789638850.1318922,1789638850.0846002,1665601.100000009,68e07060-2057-490d-865c-e3c07c73e2ab,browser_calibrated,0.0004482269287109375,7.2002410888671875,365416,365416,0,22.254467010498047,host_receive_nearest,verified,1,1,,,,,,,,,1,,,,,,,,,,,,,,,,,,,,V5,A,391.048,1789638850.0846002,1789638850.1319938,365416,,,,,,,,,,
285358f6-dc71-4689-b29a-ef5935498b86,rating_item_response,1789638853.986148,1465.58,366411,3,3,,1,G05,A,focused,rating_item_response,5,,0.0,0.0,,,,,,,"{""client_event_id"":""285358f6-dc71-4689-b29a-ef5935498b86"",""recorder_run_id"":""2c45acad-6db6-41d5-89db-d3b3e344aa65"",""client_id"":""68e07060-2057-490d-865c-e3c07c73e2ab"",""client_timestamp"":1789638853.9857,""client_monotonic_ms"":1669502.200000003,""event_timestamp"":1789638853.986148,""clock_offset_sec"":0.0004482269287109375,""clock_round_trip_ms"":7.2002410888671875,""subject_id"":""sub-005"",""session_id"":""ses-001"",""block_id"":""Block 3"",""counterbalance_group"":""G05"",""block_order"":""Block 3"",""condition"":""A"",""condition_type"":""focused"",""topic_key"":""V5"",""topic_name"":""千古一帝秦始皇都做了什么"",""event_type"":""rating_item_response"",""iso_time"":""2026-09-17T09:54:13.985Z"",""relative_ms"":419919,""video_time_sec"":391.048,""rating_item"":""course_attention_rating"",""rating_value"":""5"",""response_time_ms"":3901}",2c45acad-6db6-41d5-89db-d3b3e344aa65,sub-005,ses-001,285358f6-dc71-4689-b29a-ef5935498b86,68e07060-2057-490d-865c-e3c07c73e2ab,1789638854.059953,1789638853.9857,1669502.200000003,68e07060-2057-490d-865c-e3c07c73e2ab,browser_calibrated,0.0004482269287109375,7.2002410888671875,366395,366395,0,-6.284475326538086,host_receive_nearest,verified,1,1,,,,,,,,,1,,,,,,,,,,,,,course_attention_rating,5,,,,,,V5,A,391.048,1789638853.9857,1789638854.0600767,366395,,,,,,,3901,,,
2600e9fb-2e15-4768-a1f1-60be8f3b928c,rating_item_response,1789638856.5070484,1468.08,367021,3,3,,1,G05,A,focused,rating_item_response,6,,0.0,0.0,,,,,,,"{""client_event_id"":""2600e9fb-2e15-4768-a1f1-60be8f3b928c"",""recorder_run_id"":""2c45acad-6db6-41d5-89db-d3b3e344aa65"",""client_id"":""68e07060-2057-490d-865c-e3c07c73e2ab"",""client_timestamp"":1789638856.5066001,""client_monotonic_ms"":1672023.100000009,""event_timestamp"":1789638856.5070484,""clock_offset_sec"":0.0004482269287109375,""clock_round_trip_ms"":7.2002410888671875,""subject_id"":""sub-005"",""session_id"":""ses-001"",""block_id"":""Block 3"",""counterbalance_group"":""G05"",""block_order"":""Block 3"",""condition"":""A"",""condition_type"":""focused"",""topic_key"":""V5"",""topic_name"":""千古一帝秦始皇都做了什么"",""event_type"":""rating_item_response"",""iso_time"":""2026-09-17T09:54:16.506Z"",""relative_ms"":422440,""video_time_sec"":391.048,""rating_item"":""mental_effort"",""rating_value"":""6"",""response_time_ms"":6422}",2c45acad-6db6-41d5-89db-d3b3e344aa65,sub-005,ses-001,2600e9fb-2e15-4768-a1f1-60be8f3b928c,68e07060-2057-490d-865c-e3c07c73e2ab,1789638856.525545,1789638856.5066001,1672023.100000009,68e07060-2057-490d-865c-e3c07c73e2ab,browser_calibrated,0.0004482269287109375,7.2002410888671875,367020,367020,0,-36.34285926818848,host_receive_nearest,verified,1,1,,,,,,,,,1,,,,,,,,,,,,,mental_effort,6,,,,,,V5,A,391.048,1789638856.5066001,1789638856.5256886,367020,,,,,,,6422,,,
f3fe8175-0b1d-412a-bd0d-a69d807415a8,rating_item_response,1789638858.8355484,1470.424,367621,3,3,,1,G05,A,focused,rating_item_response,1,,0.0,0.0,,,,,,,"{""client_event_id"":""f3fe8175-0b1d-412a-bd0d-a69d807415a8"",""recorder_run_id"":""2c45acad-6db6-41d5-89db-d3b3e344aa65"",""client_id"":""68e07060-2057-490d-865c-e3c07c73e2ab"",""client_timestamp"":1789638858.8351002,""client_monotonic_ms"":1674351.600000009,""event_timestamp"":1789638858.8355484,""clock_offset_sec"":0.0004482269287109375,""clock_round_trip_ms"":7.2002410888671875,""subject_id"":""sub-005"",""session_id"":""ses-001"",""block_id"":""Block 3"",""counterbalance_group"":""G05"",""block_order"":""Block 3"",""condition"":""A"",""condition_type"":""focused"",""topic_key"":""V5"",""topic_name"":""千古一帝秦始皇都做了什么"",""event_type"":""rating_item_response"",""iso_time"":""2026-09-17T09:54:18.835Z"",""relative_ms"":424769,""video_time_sec"":391.048,""rating_item"":""video_interest"",""rating_value"":""1"",""response_time_ms"":8751}",2c45acad-6db6-41d5-89db-d3b3e344aa65,sub-005,ses-001,f3fe8175-0b1d-412a-bd0d-a69d807415a8,68e07060-2057-490d-865c-e3c07c73e2ab,1789638858.872494,1789638858.8351002,1674351.600000009,68e07060-2057-490d-865c-e3c07c73e2ab,browser_calibrated,0.0004482269287109375,7.2002410888671875,367606,367606,0,3.7164688110351562,host_receive_nearest,verified,1,1,,,,,,,,,1,,,,,,,,,,,,,video_interest,1,,,,,,V5,A,391.048,1789638858.8351002,1789638858.8726206,367606,,,,,,,8751,,,
3c7766ee-197d-4dac-ae3e-4f858573bab1,rating_item_response,1789638861.7371483,1473.324,368341,3,3,,1,G05,A,focused,rating_item_response,1,,0.0,0.0,,,,,,,"{""client_event_id"":""3c7766ee-197d-4dac-ae3e-4f858573bab1"",""recorder_run_id"":""2c45acad-6db6-41d5-89db-d3b3e344aa65"",""client_id"":""68e07060-2057-490d-865c-e3c07c73e2ab"",""client_timestamp"":1789638861.7367,""client_monotonic_ms"":1677253.299999997,""event_timestamp"":1789638861.7371483,""clock_offset_sec"":0.0004482269287109375,""clock_round_trip_ms"":7.2002410888671875,""subject_id"":""sub-005"",""session_id"":""ses-001"",""block_id"":""Block 3"",""counterbalance_group"":""G05"",""block_order"":""Block 3"",""condition"":""A"",""condition_type"":""focused"",""topic_key"":""V5"",""topic_name"":""千古一帝秦始皇都做了什么"",""event_type"":""rating_item_response"",""iso_time"":""2026-09-17T09:54:21.736Z"",""relative_ms"":427670,""video_time_sec"":391.048,""rating_item"":""video_difficulty"",""rating_value"":""1"",""response_time_ms"":11652}",2c45acad-6db6-41d5-89db-d3b3e344aa65,sub-005,ses-001,3c7766ee-197d-4dac-ae3e-4f858573bab1,68e07060-2057-490d-865c-e3c07c73e2ab,1789638861.770763,1789638861.7367,1677253.299999997,68e07060-2057-490d-865c-e3c07c73e2ab,browser_calibrated,0.0004482269287109375,7.2002410888671875,368331,368331,0,12.026309967041016,host_receive_nearest,verified,1,1,,,,,,,,,1,,,,,,,,,,,,,video_difficulty,1,,,,,,V5,A,391.048,1789638861.7367,1789638861.7709064,368331,,,,,,,11652,,,
61025a45-9ad5-4494-b544-2ecd8f84c6c7,rating_end,1789638864.378348,1475.96,368991,3,3,,1,G05,A,focused,rating_end,,14.293,0.0,0.0,,,,,,,"{""client_event_id"":""61025a45-9ad5-4494-b544-2ecd8f84c6c7"",""recorder_run_id"":""2c45acad-6db6-41d5-89db-d3b3e344aa65"",""client_id"":""68e07060-2057-490d-865c-e3c07c73e2ab"",""client_timestamp"":1789638864.3779,""client_monotonic_ms"":1679894.399999991,""event_timestamp"":1789638864.378348,""clock_offset_sec"":0.0004482269287109375,""clock_round_trip_ms"":7.2002410888671875,""subject_id"":""sub-005"",""session_id"":""ses-001"",""block_id"":""Block 3"",""counterbalance_group"":""G05"",""block_order"":""Block 3"",""condition"":""A"",""condition_type"":""focused"",""topic_key"":""V5"",""topic_name"":""千古一帝秦始皇都做了什么"",""event_type"":""rating_end"",""iso_time"":""2026-09-17T09:54:24.377Z"",""relative_ms"":430311,""video_time_sec"":391.048,""video_id"":""V5"",""course_attention_rating"":5,""mental_effort"":6,""video_interest"":1,""video_difficulty"":1,""subtraction_compliance"":"""",""subtraction_difficulty"":"""",""reported_final_number"":"""",""duration_sec"":14.293,""submitted_iso"":""2026-09-17T09:54:24.377Z"",""submitted_relative_ms"":430311}",2c45acad-6db6-41d5-89db-d3b3e344aa65,sub-005,ses-001,61025a45-9ad5-4494-b544-2ecd8f84c6c7,68e07060-2057-490d-865c-e3c07c73e2ab,1789638864.3901424,1789638864.3779,1679894.399999991,68e07060-2057-490d-865c-e3c07c73e2ab,browser_calibrated,0.0004482269287109375,7.2002410888671875,368990,368990,0,-18.921613693237305,host_receive_nearest,verified,1,1,,,,,,,,,1,,,,5,6,1,1,,,,,,,,,,,,,V5,A,391.048,1789638864.3779,1789638864.3902936,368990,,,,,,,,,,
36de5ca5-e566-40cb-8a73-d42756cd43f4,quiz_start,1789638864.3827484,1475.964,369006,3,3,,1,G05,A,focused,quiz_start,,,0.0,0.0,,,,,,,"{""client_event_id"":""36de5ca5-e566-40cb-8a73-d42756cd43f4"",""recorder_run_id"":""2c45acad-6db6-41d5-89db-d3b3e344aa65"",""client_id"":""68e07060-2057-490d-865c-e3c07c73e2ab"",""client_timestamp"":1789638864.3823001,""client_monotonic_ms"":1679898.799999997,""event_timestamp"":1789638864.3827484,""clock_offset_sec"":0.0004482269287109375,""clock_round_trip_ms"":7.2002410888671875,""subject_id"":""sub-005"",""session_id"":""ses-001"",""block_id"":""Block 3"",""counterbalance_group"":""G05"",""block_order"":""Block 3"",""condition"":""A"",""condition_type"":""focused"",""topic_key"":""V5"",""topic_name"":""千古一帝秦始皇都做了什么"",""event_type"":""quiz_start"",""iso_time"":""2026-09-17T09:54:24.382Z"",""relative_ms"":430316,""video_time_sec"":391.048}",2c45acad-6db6-41d5-89db-d3b3e344aa65,sub-005,ses-001,36de5ca5-e566-40cb-8a73-d42756cd43f4,68e07060-2057-490d-865c-e3c07c73e2ab,1789638864.4215329,1789638864.3823001,1679898.799999997,68e07060-2057-490d-865c-e3c07c73e2ab,browser_calibrated,0.0004482269287109375,7.2002410888671875,368991,368991,0,8.402109146118164,host_receive_nearest,verified,1,1,,,,,,,,,1,,,,,,,,,,,,,,,,,,,,V5,A,391.048,1789638864.3823001,1789638864.421653,368991,,,,,,,,,,
31ebba41-69ff-4341-a073-5c2a4faccc0b,quiz_item_response,1789638886.7949727,1498.384,374606,3,3,,1,G05,A,focused,quiz_item_response,秦朝什么时候建立的？,,0.0,0.0,,V5Q1,B,B,True,9580,"{""client_event_id"":""31ebba41-69ff-4341-a073-5c2a4faccc0b"",""recorder_run_id"":""2c45acad-6db6-41d5-89db-d3b3e344aa65"",""client_id"":""68e07060-2057-490d-865c-e3c07c73e2ab"",""client_timestamp"":1789638886.7943,""client_monotonic_ms"":1702310.799999997,""event_timestamp"":1789638886.7949727,""clock_offset_sec"":0.0006725788116455078,""clock_round_trip_ms"":6.2999725341796875,""subject_id"":""sub-005"",""session_id"":""ses-001"",""block_id"":""Block 3"",""counterbalance_group"":""G05"",""block_order"":""Block 3"",""condition"":""A"",""condition_type"":""focused"",""topic_key"":""V5"",""topic_name"":""千古一帝秦始皇都做了什么"",""event_type"":""quiz_item_response"",""iso_time"":""2026-09-17T09:54:46.794Z"",""relative_ms"":452728,""video_time_sec"":391.048,""video_id"":""V5"",""question_id"":""V5Q1"",""question_text"":""秦朝什么时候建立的？"",""response_index"":1,""response_letter"":""B"",""response_text"":""公元前221年"",""correct_index"":1,""correct_letter"":""B"",""correct_text"":""公元前221年"",""is_correct"":true,""reaction_time_ms"":9580,""submitted_iso"":""2026-09-17T09:54:46.794Z"",""submitted_relative_ms"":452728}",2c45acad-6db6-41d5-89db-d3b3e344aa65,sub-005,ses-001,31ebba41-69ff-4341-a073-5c2a4faccc0b,68e07060-2057-490d-865c-e3c07c73e2ab,1789638886.8073313,1789638886.7943,1702310.799999997,68e07060-2057-490d-865c-e3c07c73e2ab,browser_calibrated,0.0006725788116455078,6.2999725341796875,374596,374596,0,4.148721694946289,host_receive_nearest,verified,1,1,,,,,,,,,1,,,,,,,,,,,,,,,,,秦朝什么时候建立的？,1,公元前221年,V5,A,391.048,1789638886.7943,1789638886.807504,374596,,,,,,,,,,
34a3c2ea-0a36-4129-8400-a3cd44ca99a0,quiz_item_response,1789638886.7985725,1498.384,374611,3,3,,1,G05,A,focused,quiz_item_response,秦始皇统一六国后，在地方上推行了什么制度来取代分封制？,,0.0,0.0,,V5Q2,B,B,True,13973,"{""client_event_id"":""34a3c2ea-0a36-4129-8400-a3cd44ca99a0"",""recorder_run_id"":""2c45acad-6db6-41d5-89db-d3b3e344aa65"",""client_id"":""68e07060-2057-490d-865c-e3c07c73e2ab"",""client_timestamp"":1789638886.7979,""client_monotonic_ms"":1702314.399999991,""event_timestamp"":1789638886.7985725,""clock_offset_sec"":0.0006725788116455078,""clock_round_trip_ms"":6.2999725341796875,""subject_id"":""sub-005"",""session_id"":""ses-001"",""block_id"":""Block 3"",""counterbalance_group"":""G05"",""block_order"":""Block 3"",""condition"":""A"",""condition_type"":""focused"",""topic_key"":""V5"",""topic_name"":""千古一帝秦始皇都做了什么"",""event_type"":""quiz_item_response"",""iso_time"":""2026-09-17T09:54:46.797Z"",""relative_ms"":452731,""video_time_sec"":391.048,""video_id"":""V5"",""question_id"":""V5Q2"",""question_text"":""秦始皇统一六国后，在地方上推行了什么制度来取代分封制？"",""response_index"":1,""response_letter"":""B"",""response_text"":""郡县制"",""correct_index"":1,""correct_letter"":""B"",""correct_text"":""郡县制"",""is_correct"":true,""reaction_time_ms"":13973,""submitted_iso"":""2026-09-17T09:54:46.797Z"",""submitted_relative_ms"":452731}",2c45acad-6db6-41d5-89db-d3b3e344aa65,sub-005,ses-001,34a3c2ea-0a36-4129-8400-a3cd44ca99a0,68e07060-2057-490d-865c-e3c07c73e2ab,1789638886.843532,1789638886.7979,1702314.399999991,68e07060-2057-490d-865c-e3c07c73e2ab,browser_calibrated,0.0006725788116455078,6.2999725341796875,374596,374596,0,0.5488395690917969,host_receive_nearest,verified,1,1,,,,,,,,,1,,,,,,,,,,,,,,,,,秦始皇统一六国后，在地方上推行了什么制度来取代分封制？,1,郡县制,V5,A,391.048,1789638886.7979,1789638886.8436913,374596,,,,,,,,,,
5a231633-d15f-493a-94f1-a835aff62abe,quiz_item_response,1789638886.8010726,1498.42,374611,3,3,,1,G05,A,focused,quiz_item_response,秦始皇统一后，规定全国通行的标准文字是什么？,,0.0,0.0,,V5Q3,C,C,True,16567,"{""client_event_id"":""5a231633-d15f-493a-94f1-a835aff62abe"",""recorder_run_id"":""2c45acad-6db6-41d5-89db-d3b3e344aa65"",""client_id"":""68e07060-2057-490d-865c-e3c07c73e2ab"",""client_timestamp"":1789638886.8004,""client_monotonic_ms"":1702316.899999991,""event_timestamp"":1789638886.8010726,""clock_offset_sec"":0.0006725788116455078,""clock_round_trip_ms"":6.2999725341796875,""subject_id"":""sub-005"",""session_id"":""ses-001"",""block_id"":""Block 3"",""counterbalance_group"":""G05"",""block_order"":""Block 3"",""condition"":""A"",""condition_type"":""focused"",""topic_key"":""V5"",""topic_name"":""千古一帝秦始皇都做了什么"",""event_type"":""quiz_item_response"",""iso_time"":""2026-09-17T09:54:46.800Z"",""relative_ms"":452734,""video_time_sec"":391.048,""video_id"":""V5"",""question_id"":""V5Q3"",""question_text"":""秦始皇统一后，规定全国通行的标准文字是什么？"",""response_index"":2,""response_letter"":""C"",""response_text"":""小篆"",""correct_index"":2,""correct_letter"":""C"",""correct_text"":""小篆"",""is_correct"":true,""reaction_time_ms"":16567,""submitted_iso"":""2026-09-17T09:54:46.800Z"",""submitted_relative_ms"":452734}",2c45acad-6db6-41d5-89db-d3b3e344aa65,sub-005,ses-001,5a231633-d15f-493a-94f1-a835aff62abe,68e07060-2057-490d-865c-e3c07c73e2ab,1789638886.855058,1789638886.8004,1702316.899999991,68e07060-2057-490d-865c-e3c07c73e2ab,browser_calibrated,0.0006725788116455078,6.2999725341796875,374605,374605,0,-0.4668235778808594,host_receive_nearest,verified,1,1,,,,,,,,,1,,,,,,,,,,,,,,,,,秦始皇统一后，规定全国通行的标准文字是什么？,2,小篆,V5,A,391.048,1789638886.8004,1789638886.8552032,374605,,,,,,,,,,
1294c4af-dd3b-431a-b0ca-2c163eabcd66,quiz_item_response,1789638886.8035724,1498.42,374611,3,3,,1,G05,A,focused,quiz_item_response,秦始皇为促进各地经济交流，统一了以下哪一项？,,0.0,0.0,,V5Q4,A,A,True,21180,"{""client_event_id"":""1294c4af-dd3b-431a-b0ca-2c163eabcd66"",""recorder_run_id"":""2c45acad-6db6-41d5-89db-d3b3e344aa65"",""client_id"":""68e07060-2057-490d-865c-e3c07c73e2ab"",""client_timestamp"":1789638886.8028998,""client_monotonic_ms"":1702319.399999991,""event_timestamp"":1789638886.8035724,""clock_offset_sec"":0.0006725788116455078,""clock_round_trip_ms"":6.2999725341796875,""subject_id"":""sub-005"",""session_id"":""ses-001"",""block_id"":""Block 3"",""counterbalance_group"":""G05"",""block_order"":""Block 3"",""condition"":""A"",""condition_type"":""focused"",""topic_key"":""V5"",""topic_name"":""千古一帝秦始皇都做了什么"",""event_type"":""quiz_item_response"",""iso_time"":""2026-09-17T09:54:46.802Z"",""relative_ms"":452736,""video_time_sec"":391.048,""video_id"":""V5"",""question_id"":""V5Q4"",""question_text"":""秦始皇为促进各地经济交流，统一了以下哪一项？"",""response_index"":0,""response_letter"":""A"",""response_text"":""统一货币为半两钱"",""correct_index"":0,""correct_letter"":""A"",""correct_text"":""统一货币为半两钱"",""is_correct"":true,""reaction_time_ms"":21180,""submitted_iso"":""2026-09-17T09:54:46.802Z"",""submitted_relative_ms"":452736}",2c45acad-6db6-41d5-89db-d3b3e344aa65,sub-005,ses-001,1294c4af-dd3b-431a-b0ca-2c163eabcd66,68e07060-2057-490d-865c-e3c07c73e2ab,1789638886.8689425,1789638886.8028998,1702319.399999991,68e07060-2057-490d-865c-e3c07c73e2ab,browser_calibrated,0.0006725788116455078,6.2999725341796875,374605,374605,0,-2.966642379760742,host_receive_nearest,verified,1,1,,,,,,,,,1,,,,,,,,,,,,,,,,,秦始皇为促进各地经济交流，统一了以下哪一项？,0,统一货币为半两钱,V5,A,391.048,1789638886.8028998,1789638886.8690648,374605,,,,,,,,,,
e0c107b9-0978-4f80-a08a-8cb36e4dde97,quiz_end,1789638886.8060725,1498.42,374611,3,3,,1,G05,A,focused,quiz_end,4/4,22.423,0.0,0.0,,,,,,,"{""client_event_id"":""e0c107b9-0978-4f80-a08a-8cb36e4dde97"",""recorder_run_id"":""2c45acad-6db6-41d5-89db-d3b3e344aa65"",""client_id"":""68e07060-2057-490d-865c-e3c07c73e2ab"",""client_timestamp"":1789638886.8054,""client_monotonic_ms"":1702321.899999991,""event_timestamp"":1789638886.8060725,""clock_offset_sec"":0.0006725788116455078,""clock_round_trip_ms"":6.2999725341796875,""subject_id"":""sub-005"",""session_id"":""ses-001"",""block_id"":""Block 3"",""counterbalance_group"":""G05"",""block_order"":""Block 3"",""condition"":""A"",""condition_type"":""focused"",""topic_key"":""V5"",""topic_name"":""千古一帝秦始皇都做了什么"",""event_type"":""quiz_end"",""iso_time"":""2026-09-17T09:54:46.805Z"",""relative_ms"":452739,""video_time_sec"":391.048,""score"":4,""total"":4,""duration_sec"":22.423}",2c45acad-6db6-41d5-89db-d3b3e344aa65,sub-005,ses-001,e0c107b9-0978-4f80-a08a-8cb36e4dde97,68e07060-2057-490d-865c-e3c07c73e2ab,1789638886.8834934,1789638886.8054,1702321.899999991,68e07060-2057-490d-865c-e3c07c73e2ab,browser_calibrated,0.0006725788116455078,6.2999725341796875,374605,374605,0,-5.466699600219727,host_receive_nearest,verified,1,1,,,,,,,,,1,,,,,,,,,,,,,,,4,4,,,,V5,A,391.048,1789638886.8054,1789638886.8836238,374605,,,,,,,,,,
e0c107b9-0978-4f80-a08a-8cb36e4dde97,block_end,1789638886.8060725,1498.42,374611,3,3,,1,G05,A,focused,block_end,V5,,0.0,0.0,,,,,,,,2c45acad-6db6-41d5-89db-d3b3e344aa65,sub-005,ses-001,e0c107b9-0978-4f80-a08a-8cb36e4dde97,68e07060-2057-490d-865c-e3c07c73e2ab,1789638886.8834934,1789638886.8054,1702321.899999991,68e07060-2057-490d-865c-e3c07c73e2ab,browser_calibrated,0.0006725788116455078,6.2999725341796875,374605,374605,0,-5.466699600219727,host_receive_nearest,verified,1,1,,,,,,,,,1,,,,,,,,,,,,,,,,,,,,V5,A,391.048,1789638886.8054,1789638886.8840535,374605,,,,,,,,,,
9f5cea96-25c3-4d67-9a31-f947c57cc78d,rest_start,1789638886.8128726,1498.42,374626,3,3,,1,G05,A,focused,rest_start,after-block-3,,0.0,0.0,,,,,,,"{""client_event_id"":""9f5cea96-25c3-4d67-9a31-f947c57cc78d"",""recorder_run_id"":""2c45acad-6db6-41d5-89db-d3b3e344aa65"",""client_id"":""68e07060-2057-490d-865c-e3c07c73e2ab"",""client_timestamp"":1789638886.8122,""client_monotonic_ms"":1702328.700000003,""event_timestamp"":1789638886.8128726,""clock_offset_sec"":0.0006725788116455078,""clock_round_trip_ms"":6.2999725341796875,""subject_id"":""sub-005"",""session_id"":""ses-001"",""block_id"":""Block 3"",""counterbalance_group"":""G05"",""block_order"":""Block 3"",""condition"":""A"",""condition_type"":""focused"",""topic_key"":""V5"",""topic_name"":""千古一帝秦始皇都做了什么"",""event_type"":""rest_start"",""iso_time"":""2026-09-17T09:54:46.812Z"",""relative_ms"":452746,""video_time_sec"":391.048,""after_block_id"":3,""planned_duration"":30,""actual_duration"":"""",""is_formal_experiment"":0}",2c45acad-6db6-41d5-89db-d3b3e344aa65,sub-005,ses-001,9f5cea96-25c3-4d67-9a31-f947c57cc78d,68e07060-2057-490d-865c-e3c07c73e2ab,1789638886.9297557,1789638886.8122,1702328.700000003,68e07060-2057-490d-865c-e3c07c73e2ab,browser_calibrated,0.0006725788116455078,6.2999725341796875,374605,374605,0,-12.266874313354492,host_receive_nearest,verified,0,1,,,,,3,,30,,0,,,,,,,,,,,,,,,,,,,,V5,A,391.048,1789638886.8122,1789638886.9299014,374605,,,,,,,,,,
00c5a8f1-91cb-4da7-9024-bdd0dca3c833,export_csv,1789638889.6381726,1501.204,375316,3,3,,1,G05,A,focused,export_csv,391.048,,0.0,0.0,,,,,,,"{""client_event_id"":""00c5a8f1-91cb-4da7-9024-bdd0dca3c833"",""recorder_run_id"":""2c45acad-6db6-41d5-89db-d3b3e344aa65"",""client_id"":""68e07060-2057-490d-865c-e3c07c73e2ab"",""client_timestamp"":1789638889.6375,""client_monotonic_ms"":1705153.999999985,""event_timestamp"":1789638889.6381726,""clock_offset_sec"":0.0006725788116455078,""clock_round_trip_ms"":6.2999725341796875,""subject_id"":""sub-005"",""session_id"":""ses-001"",""block_id"":""Block 3"",""counterbalance_group"":""G05"",""block_order"":""Block 3"",""condition"":""A"",""condition_type"":""focused"",""topic_key"":""V5"",""topic_name"":""千古一帝秦始皇都做了什么"",""event_type"":""export_csv"",""iso_time"":""2026-09-17T09:54:49.637Z"",""relative_ms"":455571,""video_time_sec"":391.048}",2c45acad-6db6-41d5-89db-d3b3e344aa65,sub-005,ses-001,00c5a8f1-91cb-4da7-9024-bdd0dca3c833,68e07060-2057-490d-865c-e3c07c73e2ab,1789638889.66831,1789638889.6375,1705153.999999985,68e07060-2057-490d-865c-e3c07c73e2ab,browser_calibrated,0.0006725788116455078,6.2999725341796875,375301,375301,0,10.93912124633789,host_receive_nearest,verified,0,0,,,,,,,,,1,,,,,,,,,,,,,,,,,,,,V5,A,391.048,1789638889.6375,1789638889.6684427,375301,,,,,,,,,,
7306221d-6408-499f-9dc4-7b0ba85f38ed,export_json,1789638892.8756726,1504.44,376125,3,3,,1,G05,A,focused,export_json,391.048,,0.0,0.0,,,,,,,"{""client_event_id"":""7306221d-6408-499f-9dc4-7b0ba85f38ed"",""recorder_run_id"":""2c45acad-6db6-41d5-89db-d3b3e344aa65"",""client_id"":""68e07060-2057-490d-865c-e3c07c73e2ab"",""client_timestamp"":1789638892.875,""client_monotonic_ms"":1708391.499999985,""event_timestamp"":1789638892.8756726,""clock_offset_sec"":0.0006725788116455078,""clock_round_trip_ms"":6.2999725341796875,""subject_id"":""sub-005"",""session_id"":""ses-001"",""block_id"":""Block 3"",""counterbalance_group"":""G05"",""block_order"":""Block 3"",""condition"":""A"",""condition_type"":""focused"",""topic_key"":""V5"",""topic_name"":""千古一帝秦始皇都做了什么"",""event_type"":""export_json"",""iso_time"":""2026-09-17T09:54:52.874Z"",""relative_ms"":458808,""video_time_sec"":391.048}",2c45acad-6db6-41d5-89db-d3b3e344aa65,sub-005,ses-001,7306221d-6408-499f-9dc4-7b0ba85f38ed,68e07060-2057-490d-865c-e3c07c73e2ab,1789638892.899726,1789638892.875,1708391.499999985,68e07060-2057-490d-865c-e3c07c73e2ab,browser_calibrated,0.0006725788116455078,6.2999725341796875,376110,376110,0,18.399953842163086,host_receive_nearest,verified,0,0,,,,,,,,,1,,,,,,,,,,,,,,,,,,,,V5,A,391.048,1789638892.875,1789638892.8998525,376110,,,,,,,,,,
3fbd5f42-592d-4920-87b5-55ee49737130,manual_anomaly_marker,1789638902.347837,1513.956,378490,,,,,G05,,,manual_anomaly_marker,说话,,0.0,0.0,,,,,,,,2c45acad-6db6-41d5-89db-d3b3e344aa65,sub-005,ses-001,,,1789638902.347837,,,recorder,server,,,378489,378489,0,-8.133649826049805,host_receive_nearest,,,,,,,,,,,,0,,,,,,,,,,,,,,,,,,,,,,,,1789638902.347837,378489,,,,,,,,,,
33c125d9-7c23-4c23-a018-8b4d80341500,rest_end,1789638927.3907442,1538.996,384750,3,3,,1,G05,A,focused,rest_end,after-block-3,40.578,0.0,0.0,,,,,,,"{""client_event_id"":""33c125d9-7c23-4c23-a018-8b4d80341500"",""recorder_run_id"":""2c45acad-6db6-41d5-89db-d3b3e344aa65"",""client_id"":""68e07060-2057-490d-865c-e3c07c73e2ab"",""client_timestamp"":1789638927.3906999,""client_monotonic_ms"":1742907.200000003,""event_timestamp"":1789638927.3907442,""clock_offset_sec"":4.4345855712890625e-05,""clock_round_trip_ms"":4.300117492675781,""subject_id"":""sub-005"",""session_id"":""ses-001"",""block_id"":""Block 3"",""counterbalance_group"":""G05"",""block_order"":""Block 3"",""condition"":""A"",""condition_type"":""focused"",""topic_key"":""V5"",""topic_name"":""千古一帝秦始皇都做了什么"",""event_type"":""rest_end"",""iso_time"":""2026-09-17T09:55:27.390Z"",""relative_ms"":493324,""video_time_sec"":391.048,""after_block_id"":3,""planned_duration"":30,""actual_duration"":40.578,""duration_sec"":40.578,""is_formal_experiment"":0,""debug_early"":false}",2c45acad-6db6-41d5-89db-d3b3e344aa65,sub-005,ses-001,33c125d9-7c23-4c23-a018-8b4d80341500,68e07060-2057-490d-865c-e3c07c73e2ab,1789638927.3992946,1789638927.3906999,1742907.200000003,68e07060-2057-490d-865c-e3c07c73e2ab,browser_calibrated,4.4345855712890625e-05,4.300117492675781,384749,384749,0,-1.8808841705322266,host_receive_nearest,verified,0,1,,,,,3,,30,40.578,0,,,,,,,,,,,,,,,,,,,,V5,A,391.048,1789638927.3906999,1789638927.3994336,384749,,,,,,,,,,
efb377f3-d8e5-4655-bf93-65f80a0ec88d,block_start,1789638929.6516445,1541.216,385305,4,4,,2,G05,B,bbbd_subtraction,block_start,V6,,0.0,0.0,,,,,,,condition=B; condition_type=bbbd_subtraction,2c45acad-6db6-41d5-89db-d3b3e344aa65,sub-005,ses-001,efb377f3-d8e5-4655-bf93-65f80a0ec88d,68e07060-2057-490d-865c-e3c07c73e2ab,1789638929.6654308,1789638929.6516001,1745168.100000009,68e07060-2057-490d-865c-e3c07c73e2ab,browser_calibrated,4.4345855712890625e-05,4.300117492675781,385304,385304,0,-38.47813606262207,host_receive_nearest,verified,0,1,877,1789637281.7896738,,,,,,,1,,,,,,,,,,,,,,,,,,,,V6,B,0,1789638929.6516001,1789638929.6657696,385304,,,,,,,,,,
efb377f3-d8e5-4655-bf93-65f80a0ec88d,condition_prompt_start,1789638929.6516445,1541.216,385305,4,4,,2,G05,B,bbbd_subtraction,condition_prompt_start,B,,0.0,0.0,,,,,,,,2c45acad-6db6-41d5-89db-d3b3e344aa65,sub-005,ses-001,efb377f3-d8e5-4655-bf93-65f80a0ec88d,68e07060-2057-490d-865c-e3c07c73e2ab,1789638929.6654308,1789638929.6516001,1745168.100000009,68e07060-2057-490d-865c-e3c07c73e2ab,browser_calibrated,4.4345855712890625e-05,4.300117492675781,385304,385304,0,-38.47813606262207,host_receive_nearest,verified,0,1,,,,,,,,,1,,,,,,,,,,,,,,,,,,,,V6,B,0,1789638929.6516001,1789638929.6661668,385304,,,,,,,,,,
efb377f3-d8e5-4655-bf93-65f80a0ec88d,browser_block_config,1789638929.6516445,1541.216,385305,4,4,,2,G05,B,bbbd_subtraction,browser_block_config,V6,,0.0,0.0,,,,,,,"{""client_event_id"":""efb377f3-d8e5-4655-bf93-65f80a0ec88d"",""recorder_run_id"":""2c45acad-6db6-41d5-89db-d3b3e344aa65"",""client_id"":""68e07060-2057-490d-865c-e3c07c73e2ab"",""client_timestamp"":1789638929.6516001,""client_monotonic_ms"":1745168.100000009,""event_timestamp"":1789638929.6516445,""clock_offset_sec"":4.4345855712890625e-05,""clock_round_trip_ms"":4.300117492675781,""subject_id"":""sub-005"",""session_id"":""ses-001"",""block_id"":""Block 4"",""counterbalance_group"":""G05"",""block_order"":""Block 4"",""condition"":""B"",""condition_type"":""bbbd_subtraction"",""topic_key"":""V6"",""topic_name"":""孔子的救世秘籍 仁爱 礼治 德治 中庸"",""event_type"":""block_start"",""iso_time"":""2026-09-17T09:55:29.651Z"",""relative_ms"":0,""video_time_sec"":0,""block_start_iso"":""2026-09-17T09:55:29.651Z"",""config_json"":""{\""recorder_run_id\"":\""2c45acad-6db6-41d5-89db-d3b3e344aa65\"",\""subject_id\"":\""sub-005\"",\""session_id\"":\""ses-001\"",\""block_id\"":\""Block 4\"",\""counterbalance_group\"":\""G05\"",\""condition\"":\""B\"",\""condition_type\"":\""bbbd_subtraction\"",\""topic_key\"":\""V6\"",\""topic_name\"":\""孔子的救世秘籍 仁爱 礼治 德治 中庸\"",\""video_file\"":\""视频6-混知漫画｜孔子的救世秘籍！仁爱，礼治，德治，中庸~孔子（下）-480P 标清-AVC.mp4\"",\""start_number\"":877,\""generated_timestamp\"":1789637281.7896738}""}",2c45acad-6db6-41d5-89db-d3b3e344aa65,sub-005,ses-001,efb377f3-d8e5-4655-bf93-65f80a0ec88d,68e07060-2057-490d-865c-e3c07c73e2ab,1789638929.6654308,1789638929.6516001,1745168.100000009,68e07060-2057-490d-865c-e3c07c73e2ab,browser_calibrated,4.4345855712890625e-05,4.300117492675781,385304,385304,0,-38.47813606262207,host_receive_nearest,verified,0,1,,,,,,,,,1,,,,,,,,,,,,,,,,,,,,V6,B,0,1789638929.6516001,1789638929.6663961,385304,,,,,,,,,,
f9a916be-a5a5-4017-89ed-e51f03e92ac6,probe_schedule,1789638929.7172444,1541.276,385320,4,4,,2,G05,B,bbbd_subtraction,probe_schedule,"64.828,170.331,241.876,295.044",,0.0,0.0,,,,,,,"{""client_event_id"":""f9a916be-a5a5-4017-89ed-e51f03e92ac6"",""recorder_run_id"":""2c45acad-6db6-41d5-89db-d3b3e344aa65"",""client_id"":""68e07060-2057-490d-865c-e3c07c73e2ab"",""client_timestamp"":1789638929.7172,""client_monotonic_ms"":1745233.799999997,""event_timestamp"":1789638929.7172444,""clock_offset_sec"":4.4345855712890625e-05,""clock_round_trip_ms"":4.300117492675781,""subject_id"":""sub-005"",""session_id"":""ses-001"",""block_id"":""Block 4"",""counterbalance_group"":""G05"",""block_order"":""Block 4"",""condition"":""B"",""condition_type"":""bbbd_subtraction"",""topic_key"":""V6"",""topic_name"":""孔子的救世秘籍 仁爱 礼治 德治 中庸"",""event_type"":""probe_schedule"",""iso_time"":""2026-09-17T09:55:29.717Z"",""relative_ms"":66,""video_time_sec"":0,""probe_schedule_id"":""c363c312-9992-49e5-b155-9d49ac6d8c23"",""probe_times"":[64.828,170.331,241.876,295.044],""probe_config"":{""probes_per_block"":4,""min_first_onset_sec"":45,""min_end_margin_sec"":30,""min_gap_sec"":45},""video_duration_sec"":325.753,""video_id"":""V6"",""debug_fast"":false}",2c45acad-6db6-41d5-89db-d3b3e344aa65,sub-005,ses-001,f9a916be-a5a5-4017-89ed-e51f03e92ac6,68e07060-2057-490d-865c-e3c07c73e2ab,1789638929.7298174,1789638929.7172,1745233.799999997,68e07060-2057-490d-865c-e3c07c73e2ab,browser_calibrated,4.4345855712890625e-05,4.300117492675781,385319,385319,0,-44.85511779785156,host_receive_nearest,verified,1,1,,,,,,,,,1,,,,,,,,,,,,,,,,,,,,V6,B,0,1789638929.7172,1789638929.7300372,385319,,4,c363c312-9992-49e5-b155-9d49ac6d8c23,,,,,,,
918b26b5-9a04-48e4-bdd9-9972942f4bf2,subtraction_start_number_displayed,1789638929.7216444,1541.276,385335,4,4,,2,G05,B,bbbd_subtraction,subtraction_start_number_displayed,877,,0.0,0.0,,,,,,,"{""client_event_id"":""918b26b5-9a04-48e4-bdd9-9972942f4bf2"",""recorder_run_id"":""2c45acad-6db6-41d5-89db-d3b3e344aa65"",""client_id"":""68e07060-2057-490d-865c-e3c07c73e2ab"",""client_timestamp"":1789638929.7216,""client_monotonic_ms"":1745238.100000009,""event_timestamp"":1789638929.7216444,""clock_offset_sec"":4.4345855712890625e-05,""clock_round_trip_ms"":4.300117492675781,""subject_id"":""sub-005"",""session_id"":""ses-001"",""block_id"":""Block 4"",""counterbalance_group"":""G05"",""block_order"":""Block 4"",""condition"":""B"",""condition_type"":""bbbd_subtraction"",""topic_key"":""V6"",""topic_name"":""孔子的救世秘籍 仁爱 礼治 德治 中庸"",""event_type"":""subtraction_start_number_displayed"",""iso_time"":""2026-09-17T09:55:29.721Z"",""relative_ms"":70,""video_time_sec"":0,""start_number"":877,""generated_timestamp"":1789637281.7896738,""displayed_timestamp"":1789638929.7216}",2c45acad-6db6-41d5-89db-d3b3e344aa65,sub-005,ses-001,918b26b5-9a04-48e4-bdd9-9972942f4bf2,68e07060-2057-490d-865c-e3c07c73e2ab,1789638929.7931423,1789638929.7216,1745238.100000009,68e07060-2057-490d-865c-e3c07c73e2ab,browser_calibrated,4.4345855712890625e-05,4.300117492675781,385319,385319,0,-49.2551326751709,host_receive_nearest,verified,1,0,877,1789637281.7896738,1789638929.7216,,,,,,1,,,,,,,,,,,,,,,,,,,,V6,B,0,1789638929.7216,1789638929.7932715,385319,,,,,,,,,,
5fef8d9b-a6b6-4ab9-9785-eaae5b761f90,condition_prompt_end,1789638934.7453,1546.316,386580,4,4,,2,G05,B,bbbd_subtraction,condition_prompt_end,0,,0.0,0.0,,,,,,,"{""client_event_id"":""5fef8d9b-a6b6-4ab9-9785-eaae5b761f90"",""recorder_run_id"":""2c45acad-6db6-41d5-89db-d3b3e344aa65"",""client_id"":""68e07060-2057-490d-865c-e3c07c73e2ab"",""client_timestamp"":1789638934.7453,""client_monotonic_ms"":1750261.799999997,""event_timestamp"":1789638934.7453,""clock_offset_sec"":4.4345855712890625e-05,""clock_round_trip_ms"":4.300117492675781,""subject_id"":""sub-005"",""session_id"":""ses-001"",""block_id"":""Block 4"",""counterbalance_group"":""G05"",""block_order"":""Block 4"",""condition"":""B"",""condition_type"":""bbbd_subtraction"",""topic_key"":""V6"",""topic_name"":""孔子的救世秘籍 仁爱 礼治 德治 中庸"",""event_type"":""condition_prompt_end"",""iso_time"":""2026-09-17T09:55:34.745Z"",""relative_ms"":5094,""video_time_sec"":0}",2c45acad-6db6-41d5-89db-d3b3e344aa65,sub-005,ses-001,5fef8d9b-a6b6-4ab9-9785-eaae5b761f90,68e07060-2057-490d-865c-e3c07c73e2ab,1789638934.7866857,1789638934.7453,1750261.799999997,68e07060-2057-490d-865c-e3c07c73e2ab,browser_calibrated,4.4345855712890625e-05,4.300117492675781,386579,386579,0,-35.61711311340332,host_receive_nearest,verified,1,0,,,,,,,,,1,,,,,,,,,,,,,,,,,,,,V6,B,0,1789638934.7453,1789638934.7867339,386579,,,,,,,,,,
21fd73c7-801a-4241-9a0d-09b99007dd67,video_start,1789638934.7453,1546.316,386595,4,4,,2,G05,B,bbbd_subtraction,video_start,V6,,0.0,0.0,,,,,,,,2c45acad-6db6-41d5-89db-d3b3e344aa65,sub-005,ses-001,21fd73c7-801a-4241-9a0d-09b99007dd67,68e07060-2057-490d-865c-e3c07c73e2ab,1789638934.7970803,1789638934.7513,1750267.899999991,68e07060-2057-490d-865c-e3c07c73e2ab,browser_calibrated,4.4345855712890625e-05,4.300117492675781,386579,386579,0,-35.61711311340332,host_receive_nearest,verified,1,1,,,,,,,,,1,,,,,,,,,,,,,,,,,,,,V6,B,0,1789638934.7513,1789638934.7971199,386579,,,,,,,,,,
21fd73c7-801a-4241-9a0d-09b99007dd67,video_play,1789638934.7453,1546.316,386595,4,4,,2,G05,B,bbbd_subtraction,video_play,0,,0.0,0.0,,,,,,,"{""client_event_id"":""21fd73c7-801a-4241-9a0d-09b99007dd67"",""recorder_run_id"":""2c45acad-6db6-41d5-89db-d3b3e344aa65"",""client_id"":""68e07060-2057-490d-865c-e3c07c73e2ab"",""client_timestamp"":1789638934.7513,""client_monotonic_ms"":1750267.899999991,""event_timestamp"":1789638934.7453,""clock_offset_sec"":4.4345855712890625e-05,""clock_round_trip_ms"":4.300117492675781,""subject_id"":""sub-005"",""session_id"":""ses-001"",""block_id"":""Block 4"",""counterbalance_group"":""G05"",""block_order"":""Block 4"",""condition"":""B"",""condition_type"":""bbbd_subtraction"",""topic_key"":""V6"",""topic_name"":""孔子的救世秘籍 仁爱 礼治 德治 中庸"",""event_type"":""video_play"",""iso_time"":""2026-09-17T09:55:34.751Z"",""relative_ms"":5100,""video_time_sec"":0}",2c45acad-6db6-41d5-89db-d3b3e344aa65,sub-005,ses-001,21fd73c7-801a-4241-9a0d-09b99007dd67,68e07060-2057-490d-865c-e3c07c73e2ab,1789638934.7970803,1789638934.7513,1750267.899999991,68e07060-2057-490d-865c-e3c07c73e2ab,browser_calibrated,4.4345855712890625e-05,4.300117492675781,386579,386579,0,-35.61711311340332,host_receive_nearest,verified,1,1,,,,,,,,,1,,,,,,,,,,,,,,,,,,,,V6,B,0,1789638934.7513,1789638934.7973807,386579,,,,,,,,,,
f32d06de-414b-4773-a4e6-bdf593ae6392,subtraction_start_number_hidden,1789638934.7453,1546.316,386605,4,4,,2,G05,B,bbbd_subtraction,subtraction_start_number_hidden,877,,0.0,0.0,,,,,,,"{""client_event_id"":""f32d06de-414b-4773-a4e6-bdf593ae6392"",""recorder_run_id"":""2c45acad-6db6-41d5-89db-d3b3e344aa65"",""client_id"":""68e07060-2057-490d-865c-e3c07c73e2ab"",""client_timestamp"":1789638934.7548,""client_monotonic_ms"":1750271.299999997,""event_timestamp"":1789638934.7453,""clock_offset_sec"":4.4345855712890625e-05,""clock_round_trip_ms"":4.300117492675781,""subject_id"":""sub-005"",""session_id"":""ses-001"",""block_id"":""Block 4"",""counterbalance_group"":""G05"",""block_order"":""Block 4"",""condition"":""B"",""condition_type"":""bbbd_subtraction"",""topic_key"":""V6"",""topic_name"":""孔子的救世秘籍 仁爱 礼治 德治 中庸"",""event_type"":""subtraction_start_number_hidden"",""iso_time"":""2026-09-17T09:55:34.754Z"",""relative_ms"":5103,""video_time_sec"":0,""start_number"":877,""generated_timestamp"":1789637281.7896738,""displayed_timestamp"":1789638929.7216,""hidden_timestamp"":1789638934.7453}",2c45acad-6db6-41d5-89db-d3b3e344aa65,sub-005,ses-001,f32d06de-414b-4773-a4e6-bdf593ae6392,68e07060-2057-490d-865c-e3c07c73e2ab,1789638934.8067496,1789638934.7548,1750271.299999997,68e07060-2057-490d-865c-e3c07c73e2ab,browser_calibrated,4.4345855712890625e-05,4.300117492675781,386579,386579,0,-35.61711311340332,host_receive_nearest,verified,1,0,877,1789637281.7896738,1789638929.7216,1789638934.7453,,,,,1,,,,,,,,,,,,,,,,,,,,V6,B,0,1789638934.7548,1789638934.8068898,386579,,,,,,,,,,
48162c74-3b2d-4097-8d00-011d3d8157d6,probe_onset,1789638999.8470936,1611.456,402865,4,4,,2,G05,B,bbbd_subtraction,probe_onset,Block 4_1_c363c312,,0.0,0.0,,,,,,,"{""client_event_id"":""48162c74-3b2d-4097-8d00-011d3d8157d6"",""recorder_run_id"":""2c45acad-6db6-41d5-89db-d3b3e344aa65"",""client_id"":""68e07060-2057-490d-865c-e3c07c73e2ab"",""client_timestamp"":1789638999.8468,""client_monotonic_ms"":1815363.299999997,""event_timestamp"":1789638999.8470936,""clock_offset_sec"":0.00029349327087402344,""clock_round_trip_ms"":4.999876022338867,""subject_id"":""sub-005"",""session_id"":""ses-001"",""block_id"":""Block 4"",""counterbalance_group"":""G05"",""block_order"":""Block 4"",""condition"":""B"",""condition_type"":""bbbd_subtraction"",""topic_key"":""V6"",""topic_name"":""孔子的救世秘籍 仁爱 礼治 德治 中庸"",""event_type"":""probe_onset"",""iso_time"":""2026-09-17T09:56:39.846Z"",""relative_ms"":70195,""video_time_sec"":65.05,""probe_id"":""Block 4_1_c363c312"",""probe_index"":1,""probe_schedule_id"":""c363c312-9992-49e5-b155-9d49ac6d8c23"",""probe_planned_time_sec"":64.828,""video_id"":""V6"",""pause_reason"":""thought_probe"",""forced"":false}",2c45acad-6db6-41d5-89db-d3b3e344aa65,sub-005,ses-001,48162c74-3b2d-4097-8d00-011d3d8157d6,68e07060-2057-490d-865c-e3c07c73e2ab,1789638999.8768592,1789638999.8468,1815363.299999997,68e07060-2057-490d-865c-e3c07c73e2ab,browser_calibrated,0.00029349327087402344,4.999876022338867,402864,402864,0,-7.032871246337891,host_receive_nearest,verified,1,1,,,,,,,,,1,,,,,,,,,,,,,,,,,,,,V6,B,65.05,1789638999.8468,1789638999.8770285,402864,Block 4_1_c363c312,1,c363c312-9992-49e5-b155-9d49ac6d8c23,64.828,,,,,,thought_probe
68b178d6-3e43-4e7e-8bab-2944e7fa0710,attention_response,1789639003.1769934,1614.776,403695,4,4,,2,G05,B,bbbd_subtraction,attention_response,2,,0.0,0.0,,,,,,,"{""client_event_id"":""68b178d6-3e43-4e7e-8bab-2944e7fa0710"",""recorder_run_id"":""2c45acad-6db6-41d5-89db-d3b3e344aa65"",""client_id"":""68e07060-2057-490d-865c-e3c07c73e2ab"",""client_timestamp"":1789639003.1766999,""client_monotonic_ms"":1818693.200000003,""event_timestamp"":1789639003.1769934,""clock_offset_sec"":0.00029349327087402344,""clock_round_trip_ms"":4.999876022338867,""subject_id"":""sub-005"",""session_id"":""ses-001"",""block_id"":""Block 4"",""counterbalance_group"":""G05"",""block_order"":""Block 4"",""condition"":""B"",""condition_type"":""bbbd_subtraction"",""topic_key"":""V6"",""topic_name"":""孔子的救世秘籍 仁爱 礼治 德治 中庸"",""event_type"":""attention_response"",""iso_time"":""2026-09-17T09:56:43.176Z"",""relative_ms"":73525,""video_time_sec"":65.05,""probe_id"":""Block 4_1_c363c312"",""probe_index"":1,""probe_schedule_id"":""c363c312-9992-49e5-b155-9d49ac6d8c23"",""probe_planned_time_sec"":64.828,""video_id"":""V6"",""response"":2,""response_label"":""连续减7心算任务"",""probe_attention"":""OFF"",""response_time_ms"":3330}",2c45acad-6db6-41d5-89db-d3b3e344aa65,sub-005,ses-001,68b178d6-3e43-4e7e-8bab-2944e7fa0710,68e07060-2057-490d-865c-e3c07c73e2ab,1789639003.197382,1789639003.1766999,1818693.200000003,68e07060-2057-490d-865c-e3c07c73e2ab,browser_calibrated,0.00029349327087402344,4.999876022338867,403694,403694,0,-8.191347122192383,host_receive_nearest,verified,1,1,,,,,,,,,1,,,,,,,,,,,,,,,,,,,,V6,B,65.05,1789639003.1766999,1789639003.2338288,403694,Block 4_1_c363c312,1,c363c312-9992-49e5-b155-9d49ac6d8c23,64.828,2,连续减7心算任务,3330,,OFF,
62641c4c-11fd-4c17-9b44-fc1e2c65b358,confidence_response,1789639005.0026934,1616.616,404155,4,4,,2,G05,B,bbbd_subtraction,confidence_response,4,,0.0,0.0,,,,,,,"{""client_event_id"":""62641c4c-11fd-4c17-9b44-fc1e2c65b358"",""recorder_run_id"":""2c45acad-6db6-41d5-89db-d3b3e344aa65"",""client_id"":""68e07060-2057-490d-865c-e3c07c73e2ab"",""client_timestamp"":1789639005.0024,""client_monotonic_ms"":1820518.899999991,""event_timestamp"":1789639005.0026934,""clock_offset_sec"":0.00029349327087402344,""clock_round_trip_ms"":4.999876022338867,""subject_id"":""sub-005"",""session_id"":""ses-001"",""block_id"":""Block 4"",""counterbalance_group"":""G05"",""block_order"":""Block 4"",""condition"":""B"",""condition_type"":""bbbd_subtraction"",""topic_key"":""V6"",""topic_name"":""孔子的救世秘籍 仁爱 礼治 德治 中庸"",""event_type"":""confidence_response"",""iso_time"":""2026-09-17T09:56:45.002Z"",""relative_ms"":75351,""video_time_sec"":65.05,""probe_id"":""Block 4_1_c363c312"",""probe_index"":1,""probe_schedule_id"":""c363c312-9992-49e5-b155-9d49ac6d8c23"",""probe_planned_time_sec"":64.828,""video_id"":""V6"",""response"":2,""confidence"":4,""response_time_ms"":1826}",2c45acad-6db6-41d5-89db-d3b3e344aa65,sub-005,ses-001,62641c4c-11fd-4c17-9b44-fc1e2c65b358,68e07060-2057-490d-865c-e3c07c73e2ab,1789639005.0135908,1789639005.0024,1820518.899999991,68e07060-2057-490d-865c-e3c07c73e2ab,browser_calibrated,0.00029349327087402344,4.999876022338867,404154,404154,0,-2.563953399658203,host_receive_nearest,verified,1,1,,,,,,,,,1,,,,,,,,,,,,,,,,,,,,V6,B,65.05,1789639005.0024,1789639005.1254056,404154,Block 4_1_c363c312,1,c363c312-9992-49e5-b155-9d49ac6d8c23,64.828,,,1826,4,,
b019fb8b-f61a-49a1-ab8d-a4d466eea55b,phase_change,1789639005.0102935,1616.616,404190,4,4,,2,G05,B,bbbd_subtraction,phase_change,video,,0.0,0.0,,,,,,,,2c45acad-6db6-41d5-89db-d3b3e344aa65,sub-005,ses-001,b019fb8b-f61a-49a1-ab8d-a4d466eea55b,68e07060-2057-490d-865c-e3c07c73e2ab,1789639005.1795344,1789639005.01,1820526.499999985,68e07060-2057-490d-865c-e3c07c73e2ab,browser_calibrated,0.00029349327087402344,4.999876022338867,404154,404154,0,-10.164022445678711,host_receive_nearest,verified,1,1,,,,,,,,,1,,,,,,,,,,,,,,,,,,,,V6,B,65.109,1789639005.01,1789639005.1796584,404154,,,,,,,,,,
b019fb8b-f61a-49a1-ab8d-a4d466eea55b,video_resume,1789639005.0102935,1616.616,404190,4,4,,2,G05,B,bbbd_subtraction,video_resume,65.109,,0.0,0.0,,,,,,,"{""client_event_id"":""b019fb8b-f61a-49a1-ab8d-a4d466eea55b"",""recorder_run_id"":""2c45acad-6db6-41d5-89db-d3b3e344aa65"",""client_id"":""68e07060-2057-490d-865c-e3c07c73e2ab"",""client_timestamp"":1789639005.01,""client_monotonic_ms"":1820526.499999985,""event_timestamp"":1789639005.0102935,""clock_offset_sec"":0.00029349327087402344,""clock_round_trip_ms"":4.999876022338867,""subject_id"":""sub-005"",""session_id"":""ses-001"",""block_id"":""Block 4"",""counterbalance_group"":""G05"",""block_order"":""Block 4"",""condition"":""B"",""condition_type"":""bbbd_subtraction"",""topic_key"":""V6"",""topic_name"":""孔子的救世秘籍 仁爱 礼治 德治 中庸"",""event_type"":""video_resume"",""iso_time"":""2026-09-17T09:56:45.009Z"",""relative_ms"":75359,""video_time_sec"":65.109,""probe_id"":""Block 4_1_c363c312"",""probe_index"":1,""probe_schedule_id"":""c363c312-9992-49e5-b155-9d49ac6d8c23"",""probe_planned_time_sec"":64.828,""video_id"":""V6"",""pause_reason"":""thought_probe"",""resume_status"":""playing""}",2c45acad-6db6-41d5-89db-d3b3e344aa65,sub-005,ses-001,b019fb8b-f61a-49a1-ab8d-a4d466eea55b,68e07060-2057-490d-865c-e3c07c73e2ab,1789639005.1795344,1789639005.01,1820526.499999985,68e07060-2057-490d-865c-e3c07c73e2ab,browser_calibrated,0.00029349327087402344,4.999876022338867,404154,404154,0,-10.164022445678711,host_receive_nearest,verified,1,1,,,,,,,,,1,,,,,,,,,,,,,,,,,,,,V6,B,65.109,1789639005.01,1789639005.1799672,404154,Block 4_1_c363c312,,,,,,,,,thought_probe
835d64f1-78e2-4dca-bc89-3a1b0605d416,probe_onset,1789639110.321849,1721.912,430479,4,4,,2,G05,B,bbbd_subtraction,probe_onset,Block 4_2_c363c312,,0.0,0.0,,,,,,,"{""client_event_id"":""835d64f1-78e2-4dca-bc89-3a1b0605d416"",""recorder_run_id"":""2c45acad-6db6-41d5-89db-d3b3e344aa65"",""client_id"":""68e07060-2057-490d-865c-e3c07c73e2ab"",""client_timestamp"":1789639110.3219,""client_monotonic_ms"":1925838.700000003,""event_timestamp"":1789639110.321849,""clock_offset_sec"":-5.078315734863281e-05,""clock_round_trip_ms"":5.200386047363281,""subject_id"":""sub-005"",""session_id"":""ses-001"",""block_id"":""Block 4"",""counterbalance_group"":""G05"",""block_order"":""Block 4"",""condition"":""B"",""condition_type"":""bbbd_subtraction"",""topic_key"":""V6"",""topic_name"":""孔子的救世秘籍 仁爱 礼治 德治 中庸"",""event_type"":""probe_onset"",""iso_time"":""2026-09-17T09:58:30.322Z"",""relative_ms"":180671,""video_time_sec"":170.371,""probe_id"":""Block 4_2_c363c312"",""probe_index"":2,""probe_schedule_id"":""c363c312-9992-49e5-b155-9d49ac6d8c23"",""probe_planned_time_sec"":170.331,""video_id"":""V6"",""pause_reason"":""thought_probe"",""forced"":false}",2c45acad-6db6-41d5-89db-d3b3e344aa65,sub-005,ses-001,835d64f1-78e2-4dca-bc89-3a1b0605d416,68e07060-2057-490d-865c-e3c07c73e2ab,1789639110.3470404,1789639110.3219,1925838.700000003,68e07060-2057-490d-865c-e3c07c73e2ab,browser_calibrated,-5.078315734863281e-05,5.200386047363281,430478,430478,0,-22.188663482666016,host_receive_nearest,verified,1,1,,,,,,,,,1,,,,,,,,,,,,,,,,,,,,V6,B,170.371,1789639110.3219,1789639110.3471484,430478,Block 4_2_c363c312,2,c363c312-9992-49e5-b155-9d49ac6d8c23,170.331,,,,,,thought_probe
16043c99-bd01-40b1-b76c-724fe789653e,attention_response,1789639113.9705493,1725.572,431394,4,4,,2,G05,B,bbbd_subtraction,attention_response,2,,0.0,0.0,,,,,,,"{""client_event_id"":""16043c99-bd01-40b1-b76c-724fe789653e"",""recorder_run_id"":""2c45acad-6db6-41d5-89db-d3b3e344aa65"",""client_id"":""68e07060-2057-490d-865c-e3c07c73e2ab"",""client_timestamp"":1789639113.9706001,""client_monotonic_ms"":1929487.100000009,""event_timestamp"":1789639113.9705493,""clock_offset_sec"":-5.078315734863281e-05,""clock_round_trip_ms"":5.200386047363281,""subject_id"":""sub-005"",""session_id"":""ses-001"",""block_id"":""Block 4"",""counterbalance_group"":""G05"",""block_order"":""Block 4"",""condition"":""B"",""condition_type"":""bbbd_subtraction"",""topic_key"":""V6"",""topic_name"":""孔子的救世秘籍 仁爱 礼治 德治 中庸"",""event_type"":""attention_response"",""iso_time"":""2026-09-17T09:58:33.970Z"",""relative_ms"":184319,""video_time_sec"":170.371,""probe_id"":""Block 4_2_c363c312"",""probe_index"":2,""probe_schedule_id"":""c363c312-9992-49e5-b155-9d49ac6d8c23"",""probe_planned_time_sec"":170.331,""video_id"":""V6"",""response"":2,""response_label"":""连续减7心算任务"",""probe_attention"":""OFF"",""response_time_ms"":3649}",2c45acad-6db6-41d5-89db-d3b3e344aa65,sub-005,ses-001,16043c99-bd01-40b1-b76c-724fe789653e,68e07060-2057-490d-865c-e3c07c73e2ab,1789639113.9864266,1789639113.9706001,1929487.100000009,68e07060-2057-490d-865c-e3c07c73e2ab,browser_calibrated,-5.078315734863281e-05,5.200386047363281,431393,431393,0,-9.308099746704102,host_receive_nearest,verified,1,1,,,,,,,,,1,,,,,,,,,,,,,,,,,,,,V6,B,170.371,1789639113.9706001,1789639114.021591,431393,Block 4_2_c363c312,2,c363c312-9992-49e5-b155-9d49ac6d8c23,170.331,2,连续减7心算任务,3649,,OFF,
7133c1b9-902d-4903-bb5c-4992b1922d99,confidence_response,1789639116.0747492,1727.676,431924,4,4,,2,G05,B,bbbd_subtraction,confidence_response,4,,0.0,0.0,,,,,,,"{""client_event_id"":""7133c1b9-902d-4903-bb5c-4992b1922d99"",""recorder_run_id"":""2c45acad-6db6-41d5-89db-d3b3e344aa65"",""client_id"":""68e07060-2057-490d-865c-e3c07c73e2ab"",""client_timestamp"":1789639116.0748,""client_monotonic_ms"":1931591.299999997,""event_timestamp"":1789639116.0747492,""clock_offset_sec"":-5.078315734863281e-05,""clock_round_trip_ms"":5.200386047363281,""subject_id"":""sub-005"",""session_id"":""ses-001"",""block_id"":""Block 4"",""counterbalance_group"":""G05"",""block_order"":""Block 4"",""condition"":""B"",""condition_type"":""bbbd_subtraction"",""topic_key"":""V6"",""topic_name"":""孔子的救世秘籍 仁爱 礼治 德治 中庸"",""event_type"":""confidence_response"",""iso_time"":""2026-09-17T09:58:36.074Z"",""relative_ms"":186423,""video_time_sec"":170.371,""probe_id"":""Block 4_2_c363c312"",""probe_index"":2,""probe_schedule_id"":""c363c312-9992-49e5-b155-9d49ac6d8c23"",""probe_planned_time_sec"":170.331,""video_id"":""V6"",""response"":2,""confidence"":4,""response_time_ms"":2104}",2c45acad-6db6-41d5-89db-d3b3e344aa65,sub-005,ses-001,7133c1b9-902d-4903-bb5c-4992b1922d99,68e07060-2057-490d-865c-e3c07c73e2ab,1789639116.089617,1789639116.0748,1931591.299999997,68e07060-2057-490d-865c-e3c07c73e2ab,browser_calibrated,-5.078315734863281e-05,5.200386047363281,431919,431919,0,13.209342956542969,host_receive_nearest,verified,1,1,,,,,,,,,1,,,,,,,,,,,,,,,,,,,,V6,B,170.371,1789639116.0748,1789639116.1228986,431919,Block 4_2_c363c312,2,c363c312-9992-49e5-b155-9d49ac6d8c23,170.331,,,2104,4,,
a5757c3a-f284-4640-8f31-40bda837f3c1,phase_change,1789639116.0815494,1727.676,431939,4,4,,2,G05,B,bbbd_subtraction,phase_change,video,,0.0,0.0,,,,,,,,2c45acad-6db6-41d5-89db-d3b3e344aa65,sub-005,ses-001,a5757c3a-f284-4640-8f31-40bda837f3c1,68e07060-2057-490d-865c-e3c07c73e2ab,1789639116.1517813,1789639116.0816002,1931598.200000003,68e07060-2057-490d-865c-e3c07c73e2ab,browser_calibrated,-5.078315734863281e-05,5.200386047363281,431919,431919,0,6.409168243408203,host_receive_nearest,verified,1,1,,,,,,,,,1,,,,,,,,,,,,,,,,,,,,V6,B,170.434,1789639116.0816002,1789639116.1519375,431919,,,,,,,,,,
a5757c3a-f284-4640-8f31-40bda837f3c1,video_resume,1789639116.0815494,1727.676,431939,4,4,,2,G05,B,bbbd_subtraction,video_resume,170.434,,0.0,0.0,,,,,,,"{""client_event_id"":""a5757c3a-f284-4640-8f31-40bda837f3c1"",""recorder_run_id"":""2c45acad-6db6-41d5-89db-d3b3e344aa65"",""client_id"":""68e07060-2057-490d-865c-e3c07c73e2ab"",""client_timestamp"":1789639116.0816002,""client_monotonic_ms"":1931598.200000003,""event_timestamp"":1789639116.0815494,""clock_offset_sec"":-5.078315734863281e-05,""clock_round_trip_ms"":5.200386047363281,""subject_id"":""sub-005"",""session_id"":""ses-001"",""block_id"":""Block 4"",""counterbalance_group"":""G05"",""block_order"":""Block 4"",""condition"":""B"",""condition_type"":""bbbd_subtraction"",""topic_key"":""V6"",""topic_name"":""孔子的救世秘籍 仁爱 礼治 德治 中庸"",""event_type"":""video_resume"",""iso_time"":""2026-09-17T09:58:36.081Z"",""relative_ms"":186430,""video_time_sec"":170.434,""probe_id"":""Block 4_2_c363c312"",""probe_index"":2,""probe_schedule_id"":""c363c312-9992-49e5-b155-9d49ac6d8c23"",""probe_planned_time_sec"":170.331,""video_id"":""V6"",""pause_reason"":""thought_probe"",""resume_status"":""playing""}",2c45acad-6db6-41d5-89db-d3b3e344aa65,sub-005,ses-001,a5757c3a-f284-4640-8f31-40bda837f3c1,68e07060-2057-490d-865c-e3c07c73e2ab,1789639116.1517813,1789639116.0816002,1931598.200000003,68e07060-2057-490d-865c-e3c07c73e2ab,browser_calibrated,-5.078315734863281e-05,5.200386047363281,431919,431919,0,6.409168243408203,host_receive_nearest,verified,1,1,,,,,,,,,1,,,,,,,,,,,,,,,,,,,,V6,B,170.434,1789639116.0816002,1789639116.152363,431919,Block 4_2_c363c312,,,,,,,,,thought_probe
d7748634-e861-4e40-8f35-a2ff48977a4a,probe_onset,1789639187.6348655,1799.232,449809,4,4,,2,G05,B,bbbd_subtraction,probe_onset,Block 4_3_c363c312,,0.0,0.0,,,,,,,"{""client_event_id"":""d7748634-e861-4e40-8f35-a2ff48977a4a"",""recorder_run_id"":""2c45acad-6db6-41d5-89db-d3b3e344aa65"",""client_id"":""68e07060-2057-490d-865c-e3c07c73e2ab"",""client_timestamp"":1789639187.6353998,""client_monotonic_ms"":2003151.899999991,""event_timestamp"":1789639187.6348655,""clock_offset_sec"":-0.0005342960357666016,""clock_round_trip_ms"":7.200002670288086,""subject_id"":""sub-005"",""session_id"":""ses-001"",""block_id"":""Block 4"",""counterbalance_group"":""G05"",""block_order"":""Block 4"",""condition"":""B"",""condition_type"":""bbbd_subtraction"",""topic_key"":""V6"",""topic_name"":""孔子的救世秘籍 仁爱 礼治 德治 中庸"",""event_type"":""probe_onset"",""iso_time"":""2026-09-17T09:59:47.635Z"",""relative_ms"":257984,""video_time_sec"":241.94,""probe_id"":""Block 4_3_c363c312"",""probe_index"":3,""probe_schedule_id"":""c363c312-9992-49e5-b155-9d49ac6d8c23"",""probe_planned_time_sec"":241.876,""video_id"":""V6"",""pause_reason"":""thought_probe"",""forced"":false}",2c45acad-6db6-41d5-89db-d3b3e344aa65,sub-005,ses-001,d7748634-e861-4e40-8f35-a2ff48977a4a,68e07060-2057-490d-865c-e3c07c73e2ab,1789639187.657855,1789639187.6353998,2003151.899999991,68e07060-2057-490d-865c-e3c07c73e2ab,browser_calibrated,-0.0005342960357666016,7.200002670288086,449808,449808,0,-25.476932525634766,host_receive_nearest,verified,1,1,,,,,,,,,1,,,,,,,,,,,,,,,,,,,,V6,B,241.94,1789639187.6353998,1789639187.6579802,449808,Block 4_3_c363c312,3,c363c312-9992-49e5-b155-9d49ac6d8c23,241.876,,,,,,thought_probe
d3f9ad9f-ab40-4272-9129-902e215ca6c4,attention_response,1789639191.707223,1803.316,450834,4,4,,2,G05,B,bbbd_subtraction,attention_response,2,,0.0,0.0,,,,,,,"{""client_event_id"":""d3f9ad9f-ab40-4272-9129-902e215ca6c4"",""recorder_run_id"":""2c45acad-6db6-41d5-89db-d3b3e344aa65"",""client_id"":""68e07060-2057-490d-865c-e3c07c73e2ab"",""client_timestamp"":1789639191.707,""client_monotonic_ms"":2007223.499999985,""event_timestamp"":1789639191.707223,""clock_offset_sec"":0.00022292137145996094,""clock_round_trip_ms"":8.800268173217773,""subject_id"":""sub-005"",""session_id"":""ses-001"",""block_id"":""Block 4"",""counterbalance_group"":""G05"",""block_order"":""Block 4"",""condition"":""B"",""condition_type"":""bbbd_subtraction"",""topic_key"":""V6"",""topic_name"":""孔子的救世秘籍 仁爱 礼治 德治 中庸"",""event_type"":""attention_response"",""iso_time"":""2026-09-17T09:59:51.707Z"",""relative_ms"":262056,""video_time_sec"":241.94,""probe_id"":""Block 4_3_c363c312"",""probe_index"":3,""probe_schedule_id"":""c363c312-9992-49e5-b155-9d49ac6d8c23"",""probe_planned_time_sec"":241.876,""video_id"":""V6"",""response"":2,""response_label"":""连续减7心算任务"",""probe_attention"":""OFF"",""response_time_ms"":4072}",2c45acad-6db6-41d5-89db-d3b3e344aa65,sub-005,ses-001,d3f9ad9f-ab40-4272-9129-902e215ca6c4,68e07060-2057-490d-865c-e3c07c73e2ab,1789639191.722512,1789639191.707,2007223.499999985,68e07060-2057-490d-865c-e3c07c73e2ab,browser_calibrated,0.00022292137145996094,8.800268173217773,450829,450829,0,10.422468185424805,host_receive_nearest,verified,1,1,,,,,,,,,1,,,,,,,,,,,,,,,,,,,,V6,B,241.94,1789639191.707,1789639191.7551138,450829,Block 4_3_c363c312,3,c363c312-9992-49e5-b155-9d49ac6d8c23,241.876,2,连续减7心算任务,4072,,OFF,
0de739ac-f2d3-4d21-8608-ae69fe88b707,confidence_response,1789639193.234468,1804.816,451214,4,4,,2,G05,B,bbbd_subtraction,confidence_response,4,,0.0,0.0,,,,,,,"{""client_event_id"":""0de739ac-f2d3-4d21-8608-ae69fe88b707"",""recorder_run_id"":""2c45acad-6db6-41d5-89db-d3b3e344aa65"",""client_id"":""68e07060-2057-490d-865c-e3c07c73e2ab"",""client_timestamp"":1789639193.2351,""client_monotonic_ms"":2008751.600000009,""event_timestamp"":1789639193.234468,""clock_offset_sec"":-0.0006320476531982422,""clock_round_trip_ms"":5.899906158447266,""subject_id"":""sub-005"",""session_id"":""ses-001"",""block_id"":""Block 4"",""counterbalance_group"":""G05"",""block_order"":""Block 4"",""condition"":""B"",""condition_type"":""bbbd_subtraction"",""topic_key"":""V6"",""topic_name"":""孔子的救世秘籍 仁爱 礼治 德治 中庸"",""event_type"":""confidence_response"",""iso_time"":""2026-09-17T09:59:53.235Z"",""relative_ms"":263584,""video_time_sec"":241.94,""probe_id"":""Block 4_3_c363c312"",""probe_index"":3,""probe_schedule_id"":""c363c312-9992-49e5-b155-9d49ac6d8c23"",""probe_planned_time_sec"":241.876,""video_id"":""V6"",""response"":2,""confidence"":4,""response_time_ms"":1528}",2c45acad-6db6-41d5-89db-d3b3e344aa65,sub-005,ses-001,0de739ac-f2d3-4d21-8608-ae69fe88b707,68e07060-2057-490d-865c-e3c07c73e2ab,1789639193.2508001,1789639193.2351,2008751.600000009,68e07060-2057-490d-865c-e3c07c73e2ab,browser_calibrated,-0.0006320476531982422,5.899906158447266,451204,451204,0,12.999296188354492,host_receive_nearest,verified,1,1,,,,,,,,,1,,,,,,,,,,,,,,,,,,,,V6,B,241.94,1789639193.2351,1789639193.2639515,451204,Block 4_3_c363c312,3,c363c312-9992-49e5-b155-9d49ac6d8c23,241.876,,,1528,4,,
8a2ddf4c-141d-40c1-bfe7-637bea7102a5,phase_change,1789639193.240768,1804.816,451219,4,4,,2,G05,B,bbbd_subtraction,phase_change,video,,0.0,0.0,,,,,,,,2c45acad-6db6-41d5-89db-d3b3e344aa65,sub-005,ses-001,8a2ddf4c-141d-40c1-bfe7-637bea7102a5,68e07060-2057-490d-865c-e3c07c73e2ab,1789639193.2859268,1789639193.2414,2008757.899999991,68e07060-2057-490d-865c-e3c07c73e2ab,browser_calibrated,-0.0006320476531982422,5.899906158447266,451204,451204,0,6.699323654174805,host_receive_nearest,verified,1,1,,,,,,,,,1,,,,,,,,,,,,,,,,,,,,V6,B,241.998,1789639193.2414,1789639193.2860646,451204,,,,,,,,,,
8a2ddf4c-141d-40c1-bfe7-637bea7102a5,video_resume,1789639193.240768,1804.816,451219,4,4,,2,G05,B,bbbd_subtraction,video_resume,241.998,,0.0,0.0,,,,,,,"{""client_event_id"":""8a2ddf4c-141d-40c1-bfe7-637bea7102a5"",""recorder_run_id"":""2c45acad-6db6-41d5-89db-d3b3e344aa65"",""client_id"":""68e07060-2057-490d-865c-e3c07c73e2ab"",""client_timestamp"":1789639193.2414,""client_monotonic_ms"":2008757.899999991,""event_timestamp"":1789639193.240768,""clock_offset_sec"":-0.0006320476531982422,""clock_round_trip_ms"":5.899906158447266,""subject_id"":""sub-005"",""session_id"":""ses-001"",""block_id"":""Block 4"",""counterbalance_group"":""G05"",""block_order"":""Block 4"",""condition"":""B"",""condition_type"":""bbbd_subtraction"",""topic_key"":""V6"",""topic_name"":""孔子的救世秘籍 仁爱 礼治 德治 中庸"",""event_type"":""video_resume"",""iso_time"":""2026-09-17T09:59:53.241Z"",""relative_ms"":263590,""video_time_sec"":241.998,""probe_id"":""Block 4_3_c363c312"",""probe_index"":3,""probe_schedule_id"":""c363c312-9992-49e5-b155-9d49ac6d8c23"",""probe_planned_time_sec"":241.876,""video_id"":""V6"",""pause_reason"":""thought_probe"",""resume_status"":""playing""}",2c45acad-6db6-41d5-89db-d3b3e344aa65,sub-005,ses-001,8a2ddf4c-141d-40c1-bfe7-637bea7102a5,68e07060-2057-490d-865c-e3c07c73e2ab,1789639193.2859268,1789639193.2414,2008757.899999991,68e07060-2057-490d-865c-e3c07c73e2ab,browser_calibrated,-0.0006320476531982422,5.899906158447266,451204,451204,0,6.699323654174805,host_receive_nearest,verified,1,1,,,,,,,,,1,,,,,,,,,,,,,,,,,,,,V6,B,241.998,1789639193.2414,1789639193.2864294,451204,Block 4_3_c363c312,,,,,,,,,thought_probe
ba76dc7f-c05e-4c00-a1b4-03b6b115f751,probe_onset,1789639246.4415731,1858.032,464513,4,4,,2,G05,B,bbbd_subtraction,probe_onset,Block 4_4_c363c312,,0.0,0.0,,,,,,,"{""client_event_id"":""ba76dc7f-c05e-4c00-a1b4-03b6b115f751"",""recorder_run_id"":""2c45acad-6db6-41d5-89db-d3b3e344aa65"",""client_id"":""68e07060-2057-490d-865c-e3c07c73e2ab"",""client_timestamp"":1789639246.441,""client_monotonic_ms"":2061957.499999985,""event_timestamp"":1789639246.4415731,""clock_offset_sec"":0.0005731582641601562,""clock_round_trip_ms"":6.599903106689453,""subject_id"":""sub-005"",""session_id"":""ses-001"",""block_id"":""Block 4"",""counterbalance_group"":""G05"",""block_order"":""Block 4"",""condition"":""B"",""condition_type"":""bbbd_subtraction"",""topic_key"":""V6"",""topic_name"":""孔子的救世秘籍 仁爱 礼治 德治 中庸"",""event_type"":""probe_onset"",""iso_time"":""2026-09-17T10:00:46.441Z"",""relative_ms"":316790,""video_time_sec"":295.142,""probe_id"":""Block 4_4_c363c312"",""probe_index"":4,""probe_schedule_id"":""c363c312-9992-49e5-b155-9d49ac6d8c23"",""probe_planned_time_sec"":295.044,""video_id"":""V6"",""pause_reason"":""thought_probe"",""forced"":false}",2c45acad-6db6-41d5-89db-d3b3e344aa65,sub-005,ses-001,ba76dc7f-c05e-4c00-a1b4-03b6b115f751,68e07060-2057-490d-865c-e3c07c73e2ab,1789639246.4739552,1789639246.441,2061957.499999985,68e07060-2057-490d-865c-e3c07c73e2ab,browser_calibrated,0.0005731582641601562,6.599903106689453,464508,464508,0,-0.9527206420898438,host_receive_nearest,verified,1,1,,,,,,,,,1,,,,,,,,,,,,,,,,,,,,V6,B,295.142,1789639246.441,1789639246.4745347,464508,Block 4_4_c363c312,4,c363c312-9992-49e5-b155-9d49ac6d8c23,295.044,,,,,,thought_probe
8e9f8814-518e-42fb-bd14-2fe49b0398e9,attention_response,1789639249.250873,1860.852,465218,4,4,,2,G05,B,bbbd_subtraction,attention_response,2,,0.0,0.0,,,,,,,"{""client_event_id"":""8e9f8814-518e-42fb-bd14-2fe49b0398e9"",""recorder_run_id"":""2c45acad-6db6-41d5-89db-d3b3e344aa65"",""client_id"":""68e07060-2057-490d-865c-e3c07c73e2ab"",""client_timestamp"":1789639249.2503,""client_monotonic_ms"":2064766.899999991,""event_timestamp"":1789639249.250873,""clock_offset_sec"":0.0005731582641601562,""clock_round_trip_ms"":6.599903106689453,""subject_id"":""sub-005"",""session_id"":""ses-001"",""block_id"":""Block 4"",""counterbalance_group"":""G05"",""block_order"":""Block 4"",""condition"":""B"",""condition_type"":""bbbd_subtraction"",""topic_key"":""V6"",""topic_name"":""孔子的救世秘籍 仁爱 礼治 德治 中庸"",""event_type"":""attention_response"",""iso_time"":""2026-09-17T10:00:49.250Z"",""relative_ms"":319599,""video_time_sec"":295.142,""probe_id"":""Block 4_4_c363c312"",""probe_index"":4,""probe_schedule_id"":""c363c312-9992-49e5-b155-9d49ac6d8c23"",""probe_planned_time_sec"":295.044,""video_id"":""V6"",""response"":2,""response_label"":""连续减7心算任务"",""probe_attention"":""OFF"",""response_time_ms"":2809}",2c45acad-6db6-41d5-89db-d3b3e344aa65,sub-005,ses-001,8e9f8814-518e-42fb-bd14-2fe49b0398e9,68e07060-2057-490d-865c-e3c07c73e2ab,1789639249.2635307,1789639249.2503,2064766.899999991,68e07060-2057-490d-865c-e3c07c73e2ab,browser_calibrated,0.0005731582641601562,6.599903106689453,465213,465213,0,6.630420684814453,host_receive_nearest,verified,1,1,,,,,,,,,1,,,,,,,,,,,,,,,,,,,,V6,B,295.142,1789639249.2503,1789639249.296536,465213,Block 4_4_c363c312,4,c363c312-9992-49e5-b155-9d49ac6d8c23,295.044,2,连续减7心算任务,2809,,OFF,
9ef84dfe-80d4-47c6-835a-7c749e72c076,confidence_response,1789639250.474473,1862.068,465518,4,4,,2,G05,B,bbbd_subtraction,confidence_response,4,,0.0,0.0,,,,,,,"{""client_event_id"":""9ef84dfe-80d4-47c6-835a-7c749e72c076"",""recorder_run_id"":""2c45acad-6db6-41d5-89db-d3b3e344aa65"",""client_id"":""68e07060-2057-490d-865c-e3c07c73e2ab"",""client_timestamp"":1789639250.4738998,""client_monotonic_ms"":2065990.399999991,""event_timestamp"":1789639250.474473,""clock_offset_sec"":0.0005731582641601562,""clock_round_trip_ms"":6.599903106689453,""subject_id"":""sub-005"",""session_id"":""ses-001"",""block_id"":""Block 4"",""counterbalance_group"":""G05"",""block_order"":""Block 4"",""condition"":""B"",""condition_type"":""bbbd_subtraction"",""topic_key"":""V6"",""topic_name"":""孔子的救世秘籍 仁爱 礼治 德治 中庸"",""event_type"":""confidence_response"",""iso_time"":""2026-09-17T10:00:50.473Z"",""relative_ms"":320822,""video_time_sec"":295.142,""probe_id"":""Block 4_4_c363c312"",""probe_index"":4,""probe_schedule_id"":""c363c312-9992-49e5-b155-9d49ac6d8c23"",""probe_planned_time_sec"":295.044,""video_id"":""V6"",""response"":2,""confidence"":4,""response_time_ms"":1224}",2c45acad-6db6-41d5-89db-d3b3e344aa65,sub-005,ses-001,9ef84dfe-80d4-47c6-835a-7c749e72c076,68e07060-2057-490d-865c-e3c07c73e2ab,1789639250.486638,1789639250.4738998,2065990.399999991,68e07060-2057-490d-865c-e3c07c73e2ab,browser_calibrated,0.0005731582641601562,6.599903106689453,465517,465517,0,-17.5931453704834,host_receive_nearest,verified,1,1,,,,,,,,,1,,,,,,,,,,,,,,,,,,,,V6,B,295.142,1789639250.4738998,1789639250.5219502,465517,Block 4_4_c363c312,4,c363c312-9992-49e5-b155-9d49ac6d8c23,295.044,,,1224,4,,
5126e8c6-0f35-4d94-b2f5-13f58710d7dc,phase_change,1789639250.4812732,1862.068,465533,4,4,,2,G05,B,bbbd_subtraction,phase_change,video,,0.0,0.0,,,,,,,,2c45acad-6db6-41d5-89db-d3b3e344aa65,sub-005,ses-001,5126e8c6-0f35-4d94-b2f5-13f58710d7dc,68e07060-2057-490d-865c-e3c07c73e2ab,1789639250.5463154,1789639250.4807,2065997.200000003,68e07060-2057-490d-865c-e3c07c73e2ab,browser_calibrated,0.0005731582641601562,6.599903106689453,465517,465517,0,-24.393320083618164,host_receive_nearest,verified,1,1,,,,,,,,,1,,,,,,,,,,,,,,,,,,,,V6,B,295.207,1789639250.4807,1789639250.5464585,465517,,,,,,,,,,
5126e8c6-0f35-4d94-b2f5-13f58710d7dc,video_resume,1789639250.4812732,1862.068,465533,4,4,,2,G05,B,bbbd_subtraction,video_resume,295.207,,0.0,0.0,,,,,,,"{""client_event_id"":""5126e8c6-0f35-4d94-b2f5-13f58710d7dc"",""recorder_run_id"":""2c45acad-6db6-41d5-89db-d3b3e344aa65"",""client_id"":""68e07060-2057-490d-865c-e3c07c73e2ab"",""client_timestamp"":1789639250.4807,""client_monotonic_ms"":2065997.200000003,""event_timestamp"":1789639250.4812732,""clock_offset_sec"":0.0005731582641601562,""clock_round_trip_ms"":6.599903106689453,""subject_id"":""sub-005"",""session_id"":""ses-001"",""block_id"":""Block 4"",""counterbalance_group"":""G05"",""block_order"":""Block 4"",""condition"":""B"",""condition_type"":""bbbd_subtraction"",""topic_key"":""V6"",""topic_name"":""孔子的救世秘籍 仁爱 礼治 德治 中庸"",""event_type"":""video_resume"",""iso_time"":""2026-09-17T10:00:50.480Z"",""relative_ms"":320829,""video_time_sec"":295.207,""probe_id"":""Block 4_4_c363c312"",""probe_index"":4,""probe_schedule_id"":""c363c312-9992-49e5-b155-9d49ac6d8c23"",""probe_planned_time_sec"":295.044,""video_id"":""V6"",""pause_reason"":""thought_probe"",""resume_status"":""playing""}",2c45acad-6db6-41d5-89db-d3b3e344aa65,sub-005,ses-001,5126e8c6-0f35-4d94-b2f5-13f58710d7dc,68e07060-2057-490d-865c-e3c07c73e2ab,1789639250.5463154,1789639250.4807,2065997.200000003,68e07060-2057-490d-865c-e3c07c73e2ab,browser_calibrated,0.0005731582641601562,6.599903106689453,465517,465517,0,-24.393320083618164,host_receive_nearest,verified,1,1,,,,,,,,,1,,,,,,,,,,,,,,,,,,,,V6,B,295.207,1789639250.4807,1789639250.546885,465517,Block 4_4_c363c312,,,,,,,,,thought_probe
cd6288bc-bfb7-4435-80de-4799d3f5074c,video_end,1789639281.090979,1892.708,473178,4,4,,2,G05,B,bbbd_subtraction,video_end,V6,,0.0,0.0,,,,,,,,2c45acad-6db6-41d5-89db-d3b3e344aa65,sub-005,ses-001,cd6288bc-bfb7-4435-80de-4799d3f5074c,68e07060-2057-490d-865c-e3c07c73e2ab,1789639281.1054788,1789639281.0905,2096606.999999985,68e07060-2057-490d-865c-e3c07c73e2ab,browser_calibrated,0.00047898292541503906,4.500150680541992,473177,473177,0,-1.1136531829833984,host_receive_nearest,verified,1,1,,,,,,,,,1,,,,,,,,,,,,,,,,,,,,V6,B,325.753,1789639281.0905,1789639281.105524,473177,,,,,,,,,,
cd6288bc-bfb7-4435-80de-4799d3f5074c,browser_video_ended,1789639281.090979,1892.708,473178,4,4,,2,G05,B,bbbd_subtraction,browser_video_ended,,,0.0,0.0,,,,,,,"{""client_event_id"":""cd6288bc-bfb7-4435-80de-4799d3f5074c"",""recorder_run_id"":""2c45acad-6db6-41d5-89db-d3b3e344aa65"",""client_id"":""68e07060-2057-490d-865c-e3c07c73e2ab"",""client_timestamp"":1789639281.0905,""client_monotonic_ms"":2096606.999999985,""event_timestamp"":1789639281.090979,""clock_offset_sec"":0.00047898292541503906,""clock_round_trip_ms"":4.500150680541992,""subject_id"":""sub-005"",""session_id"":""ses-001"",""block_id"":""Block 4"",""counterbalance_group"":""G05"",""block_order"":""Block 4"",""condition"":""B"",""condition_type"":""bbbd_subtraction"",""topic_key"":""V6"",""topic_name"":""孔子的救世秘籍 仁爱 礼治 德治 中庸"",""event_type"":""video_ended"",""iso_time"":""2026-09-17T10:01:21.090Z"",""relative_ms"":351439,""video_time_sec"":325.753}",2c45acad-6db6-41d5-89db-d3b3e344aa65,sub-005,ses-001,cd6288bc-bfb7-4435-80de-4799d3f5074c,68e07060-2057-490d-865c-e3c07c73e2ab,1789639281.1054788,1789639281.0905,2096606.999999985,68e07060-2057-490d-865c-e3c07c73e2ab,browser_calibrated,0.00047898292541503906,4.500150680541992,473177,473177,0,-1.1136531829833984,host_receive_nearest,verified,1,1,,,,,,,,,1,,,,,,,,,,,,,,,,,,,,V6,B,325.753,1789639281.0905,1789639281.1056497,473177,,,,,,,,,,
faf0233b-ccb9-4c11-b43f-e956b22736ac,browser_block_end,1789639281.095979,1892.708,473178,4,4,,2,G05,B,bbbd_subtraction,browser_block_end,视频自然播放结束,,0.0,0.0,,,,,,,"{""client_event_id"":""faf0233b-ccb9-4c11-b43f-e956b22736ac"",""recorder_run_id"":""2c45acad-6db6-41d5-89db-d3b3e344aa65"",""client_id"":""68e07060-2057-490d-865c-e3c07c73e2ab"",""client_timestamp"":1789639281.0955,""client_monotonic_ms"":2096611.999999985,""event_timestamp"":1789639281.095979,""clock_offset_sec"":0.00047898292541503906,""clock_round_trip_ms"":4.500150680541992,""subject_id"":""sub-005"",""session_id"":""ses-001"",""block_id"":""Block 4"",""counterbalance_group"":""G05"",""block_order"":""Block 4"",""condition"":""B"",""condition_type"":""bbbd_subtraction"",""topic_key"":""V6"",""topic_name"":""孔子的救世秘籍 仁爱 礼治 德治 中庸"",""event_type"":""block_end"",""iso_time"":""2026-09-17T10:01:21.095Z"",""relative_ms"":351444,""video_time_sec"":325.753,""reason"":""视频自然播放结束""}",2c45acad-6db6-41d5-89db-d3b3e344aa65,sub-005,ses-001,faf0233b-ccb9-4c11-b43f-e956b22736ac,68e07060-2057-490d-865c-e3c07c73e2ab,1789639281.1221833,1789639281.0955,2096611.999999985,68e07060-2057-490d-865c-e3c07c73e2ab,browser_calibrated,0.00047898292541503906,4.500150680541992,473177,473177,0,-6.113529205322266,host_receive_nearest,verified,1,1,,,,,,,,,1,,,,,,,,,,,,,,,,,,,,V6,B,325.753,1789639281.0955,1789639281.1222827,473177,,,,,,,,,,
f8265592-1b3c-4a9e-b77a-899dc1b9a731,rating_start,1789639281.099179,1892.708,473183,4,4,,2,G05,B,bbbd_subtraction,rating_start,,,0.0,0.0,,,,,,,"{""client_event_id"":""f8265592-1b3c-4a9e-b77a-899dc1b9a731"",""recorder_run_id"":""2c45acad-6db6-41d5-89db-d3b3e344aa65"",""client_id"":""68e07060-2057-490d-865c-e3c07c73e2ab"",""client_timestamp"":1789639281.0987,""client_monotonic_ms"":2096615.299999997,""event_timestamp"":1789639281.099179,""clock_offset_sec"":0.00047898292541503906,""clock_round_trip_ms"":4.500150680541992,""subject_id"":""sub-005"",""session_id"":""ses-001"",""block_id"":""Block 4"",""counterbalance_group"":""G05"",""block_order"":""Block 4"",""condition"":""B"",""condition_type"":""bbbd_subtraction"",""topic_key"":""V6"",""topic_name"":""孔子的救世秘籍 仁爱 礼治 德治 中庸"",""event_type"":""rating_start"",""iso_time"":""2026-09-17T10:01:21.098Z"",""relative_ms"":351447,""video_time_sec"":325.753}",2c45acad-6db6-41d5-89db-d3b3e344aa65,sub-005,ses-001,f8265592-1b3c-4a9e-b77a-899dc1b9a731,68e07060-2057-490d-865c-e3c07c73e2ab,1789639281.1343224,1789639281.0987,2096615.299999997,68e07060-2057-490d-865c-e3c07c73e2ab,browser_calibrated,0.00047898292541503906,4.500150680541992,473177,473177,0,-9.313583374023438,host_receive_nearest,verified,1,1,,,,,,,,,1,,,,,,,,,,,,,,,,,,,,V6,B,325.753,1789639281.0987,1789639281.1343596,473177,,,,,,,,,,
0293b43f-88cc-4655-9252-ebade023de64,rating_item_response,1789639288.131273,1899.732,474938,4,4,,2,G05,B,bbbd_subtraction,rating_item_response,1,,0.0,0.0,,,,,,,"{""client_event_id"":""0293b43f-88cc-4655-9252-ebade023de64"",""recorder_run_id"":""2c45acad-6db6-41d5-89db-d3b3e344aa65"",""client_id"":""68e07060-2057-490d-865c-e3c07c73e2ab"",""client_timestamp"":1789639288.1313999,""client_monotonic_ms"":2103647.999999985,""event_timestamp"":1789639288.131273,""clock_offset_sec"":-0.00012683868408203125,""clock_round_trip_ms"":4.199743270874023,""subject_id"":""sub-005"",""session_id"":""ses-001"",""block_id"":""Block 4"",""counterbalance_group"":""G05"",""block_order"":""Block 4"",""condition"":""B"",""condition_type"":""bbbd_subtraction"",""topic_key"":""V6"",""topic_name"":""孔子的救世秘籍 仁爱 礼治 德治 中庸"",""event_type"":""rating_item_response"",""iso_time"":""2026-09-17T10:01:28.131Z"",""relative_ms"":358480,""video_time_sec"":325.753,""rating_item"":""course_attention_rating"",""rating_value"":""1"",""response_time_ms"":7033}",2c45acad-6db6-41d5-89db-d3b3e344aa65,sub-005,ses-001,0293b43f-88cc-4655-9252-ebade023de64,68e07060-2057-490d-865c-e3c07c73e2ab,1789639288.1606164,1789639288.1313999,2103647.999999985,68e07060-2057-490d-865c-e3c07c73e2ab,browser_calibrated,-0.00012683868408203125,4.199743270874023,474933,474933,0,5.220174789428711,host_receive_nearest,verified,1,1,,,,,,,,,1,,,,,,,,,,,,,course_attention_rating,1,,,,,,V6,B,325.753,1789639288.1313999,1789639288.160746,474933,,,,,,,7033,,,
7d84e20e-93d9-4559-be65-5a263bff62c7,rating_item_response,1789639290.6909733,1902.308,475583,4,4,,2,G05,B,bbbd_subtraction,rating_item_response,1,,0.0,0.0,,,,,,,"{""client_event_id"":""7d84e20e-93d9-4559-be65-5a263bff62c7"",""recorder_run_id"":""2c45acad-6db6-41d5-89db-d3b3e344aa65"",""client_id"":""68e07060-2057-490d-865c-e3c07c73e2ab"",""client_timestamp"":1789639290.6911001,""client_monotonic_ms"":2106207.600000009,""event_timestamp"":1789639290.6909733,""clock_offset_sec"":-0.00012683868408203125,""clock_round_trip_ms"":4.199743270874023,""subject_id"":""sub-005"",""session_id"":""ses-001"",""block_id"":""Block 4"",""counterbalance_group"":""G05"",""block_order"":""Block 4"",""condition"":""B"",""condition_type"":""bbbd_subtraction"",""topic_key"":""V6"",""topic_name"":""孔子的救世秘籍 仁爱 礼治 德治 中庸"",""event_type"":""rating_item_response"",""iso_time"":""2026-09-17T10:01:30.691Z"",""relative_ms"":361040,""video_time_sec"":325.753,""rating_item"":""mental_effort"",""rating_value"":""1"",""response_time_ms"":9592}",2c45acad-6db6-41d5-89db-d3b3e344aa65,sub-005,ses-001,7d84e20e-93d9-4559-be65-5a263bff62c7,68e07060-2057-490d-865c-e3c07c73e2ab,1789639290.7193847,1789639290.6911001,2106207.600000009,68e07060-2057-490d-865c-e3c07c73e2ab,browser_calibrated,-0.00012683868408203125,4.199743270874023,475577,475577,0,-2.8612613677978516,host_receive_nearest,verified,1,1,,,,,,,,,1,,,,,,,,,,,,,mental_effort,1,,,,,,V6,B,325.753,1789639290.6911001,1789639290.7195127,475577,,,,,,,9592,,,
b49bd136-c502-4865-abd6-f3231d1a3a44,rating_item_response,1789639292.387273,1903.988,476003,4,4,,2,G05,B,bbbd_subtraction,rating_item_response,1,,0.0,0.0,,,,,,,"{""client_event_id"":""b49bd136-c502-4865-abd6-f3231d1a3a44"",""recorder_run_id"":""2c45acad-6db6-41d5-89db-d3b3e344aa65"",""client_id"":""68e07060-2057-490d-865c-e3c07c73e2ab"",""client_timestamp"":1789639292.3874,""client_monotonic_ms"":2107903.899999991,""event_timestamp"":1789639292.387273,""clock_offset_sec"":-0.00012683868408203125,""clock_round_trip_ms"":4.199743270874023,""subject_id"":""sub-005"",""session_id"":""ses-001"",""block_id"":""Block 4"",""counterbalance_group"":""G05"",""block_order"":""Block 4"",""condition"":""B"",""condition_type"":""bbbd_subtraction"",""topic_key"":""V6"",""topic_name"":""孔子的救世秘籍 仁爱 礼治 德治 中庸"",""event_type"":""rating_item_response"",""iso_time"":""2026-09-17T10:01:32.387Z"",""relative_ms"":362736,""video_time_sec"":325.753,""rating_item"":""video_interest"",""rating_value"":""1"",""response_time_ms"":11289}",2c45acad-6db6-41d5-89db-d3b3e344aa65,sub-005,ses-001,b49bd136-c502-4865-abd6-f3231d1a3a44,68e07060-2057-490d-865c-e3c07c73e2ab,1789639292.4217007,1789639292.3874,2107903.899999991,68e07060-2057-490d-865c-e3c07c73e2ab,browser_calibrated,-0.00012683868408203125,4.199743270874023,475997,475997,0,-5.793571472167969,host_receive_nearest,verified,1,1,,,,,,,,,1,,,,,,,,,,,,,video_interest,1,,,,,,V6,B,325.753,1789639292.3874,1789639292.4219043,475997,,,,,,,11289,,,
53749f47-0c36-4576-9731-332b1566debc,rating_item_response,1789639293.730773,1905.328,476343,4,4,,2,G05,B,bbbd_subtraction,rating_item_response,1,,0.0,0.0,,,,,,,"{""client_event_id"":""53749f47-0c36-4576-9731-332b1566debc"",""recorder_run_id"":""2c45acad-6db6-41d5-89db-d3b3e344aa65"",""client_id"":""68e07060-2057-490d-865c-e3c07c73e2ab"",""client_timestamp"":1789639293.7308998,""client_monotonic_ms"":2109247.399999991,""event_timestamp"":1789639293.730773,""clock_offset_sec"":-0.00012683868408203125,""clock_round_trip_ms"":4.199743270874023,""subject_id"":""sub-005"",""session_id"":""ses-001"",""block_id"":""Block 4"",""counterbalance_group"":""G05"",""block_order"":""Block 4"",""condition"":""B"",""condition_type"":""bbbd_subtraction"",""topic_key"":""V6"",""topic_name"":""孔子的救世秘籍 仁爱 礼治 德治 中庸"",""event_type"":""rating_item_response"",""iso_time"":""2026-09-17T10:01:33.730Z"",""relative_ms"":364079,""video_time_sec"":325.753,""rating_item"":""video_difficulty"",""rating_value"":""1"",""response_time_ms"":12632}",2c45acad-6db6-41d5-89db-d3b3e344aa65,sub-005,ses-001,53749f47-0c36-4576-9731-332b1566debc,68e07060-2057-490d-865c-e3c07c73e2ab,1789639293.7695456,1789639293.7308998,2109247.399999991,68e07060-2057-490d-865c-e3c07c73e2ab,browser_calibrated,-0.00012683868408203125,4.199743270874023,476332,476332,0,-14.154434204101562,host_receive_nearest,verified,1,1,,,,,,,,,1,,,,,,,,,,,,,video_difficulty,1,,,,,,V6,B,325.753,1789639293.7308998,1789639293.7696831,476332,,,,,,,12632,,,
c909b53e-f9d4-439a-acfc-c8e9bf209f2a,rating_item_response,1789639296.2666733,1907.868,476973,4,4,,2,G05,B,bbbd_subtraction,rating_item_response,90-100%,,0.0,0.0,,,,,,,"{""client_event_id"":""c909b53e-f9d4-439a-acfc-c8e9bf209f2a"",""recorder_run_id"":""2c45acad-6db6-41d5-89db-d3b3e344aa65"",""client_id"":""68e07060-2057-490d-865c-e3c07c73e2ab"",""client_timestamp"":1789639296.2668002,""client_monotonic_ms"":2111783.299999997,""event_timestamp"":1789639296.2666733,""clock_offset_sec"":-0.00012683868408203125,""clock_round_trip_ms"":4.199743270874023,""subject_id"":""sub-005"",""session_id"":""ses-001"",""block_id"":""Block 4"",""counterbalance_group"":""G05"",""block_order"":""Block 4"",""condition"":""B"",""condition_type"":""bbbd_subtraction"",""topic_key"":""V6"",""topic_name"":""孔子的救世秘籍 仁爱 礼治 德治 中庸"",""event_type"":""rating_item_response"",""iso_time"":""2026-09-17T10:01:36.266Z"",""relative_ms"":366615,""video_time_sec"":325.753,""rating_item"":""subtraction_compliance"",""rating_value"":""90-100%"",""response_time_ms"":15168}",2c45acad-6db6-41d5-89db-d3b3e344aa65,sub-005,ses-001,c909b53e-f9d4-439a-acfc-c8e9bf209f2a,68e07060-2057-490d-865c-e3c07c73e2ab,1789639296.2915003,1789639296.2668002,2111783.299999997,68e07060-2057-490d-865c-e3c07c73e2ab,browser_calibrated,-0.00012683868408203125,4.199743270874023,476967,476967,0,-0.3020763397216797,host_receive_nearest,verified,1,1,,,,,,,,,1,,,,,,,,,,,,,subtraction_compliance,90-100%,,,,,,V6,B,325.753,1789639296.2668002,1789639296.2916286,476967,,,,,,,15168,,,
3ef04865-aafd-414c-a673-85bcd6125504,rating_item_response,1789639298.947273,1910.532,477648,4,4,,2,G05,B,bbbd_subtraction,rating_item_response,3,,0.0,0.0,,,,,,,"{""client_event_id"":""3ef04865-aafd-414c-a673-85bcd6125504"",""recorder_run_id"":""2c45acad-6db6-41d5-89db-d3b3e344aa65"",""client_id"":""68e07060-2057-490d-865c-e3c07c73e2ab"",""client_timestamp"":1789639298.9473999,""client_monotonic_ms"":2114463.899999991,""event_timestamp"":1789639298.947273,""clock_offset_sec"":-0.00012683868408203125,""clock_round_trip_ms"":4.199743270874023,""subject_id"":""sub-005"",""session_id"":""ses-001"",""block_id"":""Block 4"",""counterbalance_group"":""G05"",""block_order"":""Block 4"",""condition"":""B"",""condition_type"":""bbbd_subtraction"",""topic_key"":""V6"",""topic_name"":""孔子的救世秘籍 仁爱 礼治 德治 中庸"",""event_type"":""rating_item_response"",""iso_time"":""2026-09-17T10:01:38.947Z"",""relative_ms"":369296,""video_time_sec"":325.753,""rating_item"":""subtraction_difficulty"",""rating_value"":""3"",""response_time_ms"":17849}",2c45acad-6db6-41d5-89db-d3b3e344aa65,sub-005,ses-001,3ef04865-aafd-414c-a673-85bcd6125504,68e07060-2057-490d-865c-e3c07c73e2ab,1789639298.9886596,1789639298.9473999,2114463.899999991,68e07060-2057-490d-865c-e3c07c73e2ab,browser_calibrated,-0.00012683868408203125,4.199743270874023,477633,477633,0,19.561290740966797,host_receive_nearest,verified,1,1,,,,,,,,,1,,,,,,,,,,,,,subtraction_difficulty,3,,,,,,V6,B,325.753,1789639298.9473999,1789639298.98879,477633,,,,,,,17849,,,
9c7bc00b-3a19-4e5a-a8ac-d71ed73f08c1,rating_item_response,1789639312.076273,1923.672,480923,4,4,,2,G05,B,bbbd_subtraction,rating_item_response,366,,0.0,0.0,,,,,,,"{""client_event_id"":""9c7bc00b-3a19-4e5a-a8ac-d71ed73f08c1"",""recorder_run_id"":""2c45acad-6db6-41d5-89db-d3b3e344aa65"",""client_id"":""68e07060-2057-490d-865c-e3c07c73e2ab"",""client_timestamp"":1789639312.0763998,""client_monotonic_ms"":2127592.899999991,""event_timestamp"":1789639312.076273,""clock_offset_sec"":-0.00012683868408203125,""clock_round_trip_ms"":4.199743270874023,""subject_id"":""sub-005"",""session_id"":""ses-001"",""block_id"":""Block 4"",""counterbalance_group"":""G05"",""block_order"":""Block 4"",""condition"":""B"",""condition_type"":""bbbd_subtraction"",""topic_key"":""V6"",""topic_name"":""孔子的救世秘籍 仁爱 礼治 德治 中庸"",""event_type"":""rating_item_response"",""iso_time"":""2026-09-17T10:01:52.076Z"",""relative_ms"":382425,""video_time_sec"":325.753,""rating_item"":""reported_final_number"",""rating_value"":""366"",""response_time_ms"":30978}",2c45acad-6db6-41d5-89db-d3b3e344aa65,sub-005,ses-001,9c7bc00b-3a19-4e5a-a8ac-d71ed73f08c1,68e07060-2057-490d-865c-e3c07c73e2ab,1789639312.1002293,1789639312.0763998,2127592.899999991,68e07060-2057-490d-865c-e3c07c73e2ab,browser_calibrated,-0.00012683868408203125,4.199743270874023,480918,480918,0,2.301931381225586,host_receive_nearest,verified,1,1,,,,,,,,,1,,,,,,,,,,,,,reported_final_number,366,,,,,,V6,B,325.753,1789639312.0763998,1789639312.100274,480918,,,,,,,30978,,,
3350523e-4bc9-4f05-9702-ae64febf594c,rating_end,1789639312.122373,1923.728,480933,4,4,,2,G05,B,bbbd_subtraction,rating_end,,31.024,0.0,0.0,,,,,,,"{""client_event_id"":""3350523e-4bc9-4f05-9702-ae64febf594c"",""recorder_run_id"":""2c45acad-6db6-41d5-89db-d3b3e344aa65"",""client_id"":""68e07060-2057-490d-865c-e3c07c73e2ab"",""client_timestamp"":1789639312.1225,""client_monotonic_ms"":2127638.999999985,""event_timestamp"":1789639312.122373,""clock_offset_sec"":-0.00012683868408203125,""clock_round_trip_ms"":4.199743270874023,""subject_id"":""sub-005"",""session_id"":""ses-001"",""block_id"":""Block 4"",""counterbalance_group"":""G05"",""block_order"":""Block 4"",""condition"":""B"",""condition_type"":""bbbd_subtraction"",""topic_key"":""V6"",""topic_name"":""孔子的救世秘籍 仁爱 礼治 德治 中庸"",""event_type"":""rating_end"",""iso_time"":""2026-09-17T10:01:52.122Z"",""relative_ms"":382471,""video_time_sec"":325.753,""video_id"":""V6"",""course_attention_rating"":1,""mental_effort"":1,""video_interest"":1,""video_difficulty"":1,""subtraction_compliance"":""90-100%"",""subtraction_difficulty"":3,""reported_final_number"":366,""duration_sec"":31.024,""submitted_iso"":""2026-09-17T10:01:52.122Z"",""submitted_relative_ms"":382471}",2c45acad-6db6-41d5-89db-d3b3e344aa65,sub-005,ses-001,3350523e-4bc9-4f05-9702-ae64febf594c,68e07060-2057-490d-865c-e3c07c73e2ab,1789639312.1337686,1789639312.1225,2127638.999999985,68e07060-2057-490d-865c-e3c07c73e2ab,browser_calibrated,-0.00012683868408203125,4.199743270874023,480932,480932,0,-14.356374740600586,host_receive_nearest,verified,1,1,,,,,,,,,1,,,,1,1,1,1,90-100%,90,100,3,366,,,,,,,,V6,B,325.753,1789639312.1225,1789639312.1339517,480932,,,,,,,,,,
d51e1b4b-92f7-4944-891f-f5c84709afaf,quiz_start,1789639312.1264732,1923.732,480938,4,4,,2,G05,B,bbbd_subtraction,quiz_start,,,0.0,0.0,,,,,,,"{""client_event_id"":""d51e1b4b-92f7-4944-891f-f5c84709afaf"",""recorder_run_id"":""2c45acad-6db6-41d5-89db-d3b3e344aa65"",""client_id"":""68e07060-2057-490d-865c-e3c07c73e2ab"",""client_timestamp"":1789639312.1266,""client_monotonic_ms"":2127643.100000009,""event_timestamp"":1789639312.1264732,""clock_offset_sec"":-0.00012683868408203125,""clock_round_trip_ms"":4.199743270874023,""subject_id"":""sub-005"",""session_id"":""ses-001"",""block_id"":""Block 4"",""counterbalance_group"":""G05"",""block_order"":""Block 4"",""condition"":""B"",""condition_type"":""bbbd_subtraction"",""topic_key"":""V6"",""topic_name"":""孔子的救世秘籍 仁爱 礼治 德治 中庸"",""event_type"":""quiz_start"",""iso_time"":""2026-09-17T10:01:52.126Z"",""relative_ms"":382475,""video_time_sec"":325.753}",2c45acad-6db6-41d5-89db-d3b3e344aa65,sub-005,ses-001,d51e1b4b-92f7-4944-891f-f5c84709afaf,68e07060-2057-490d-865c-e3c07c73e2ab,1789639312.1641245,1789639312.1266,2127643.100000009,68e07060-2057-490d-865c-e3c07c73e2ab,browser_calibrated,-0.00012683868408203125,4.199743270874023,480933,480933,0,10.07223129272461,host_receive_nearest,verified,1,1,,,,,,,,,1,,,,,,,,,,,,,,,,,,,,V6,B,325.753,1789639312.1266,1789639312.1642456,480933,,,,,,,,,,
ab0d35c8-4056-490e-bb6d-6a4184832cea,quiz_item_response,1789639344.32263,1955.892,488988,4,4,,2,G05,B,bbbd_subtraction,quiz_item_response,孔子思想的核心是“仁”，根据孔子的解释，“仁”的实质是什么？,,0.0,0.0,,V6Q1,B,B,True,9124,"{""client_event_id"":""ab0d35c8-4056-490e-bb6d-6a4184832cea"",""recorder_run_id"":""2c45acad-6db6-41d5-89db-d3b3e344aa65"",""client_id"":""68e07060-2057-490d-865c-e3c07c73e2ab"",""client_timestamp"":1789639344.3227,""client_monotonic_ms"":2159839.200000003,""event_timestamp"":1789639344.32263,""clock_offset_sec"":-7.009506225585938e-05,""clock_round_trip_ms"":5.300045013427734,""subject_id"":""sub-005"",""session_id"":""ses-001"",""block_id"":""Block 4"",""counterbalance_group"":""G05"",""block_order"":""Block 4"",""condition"":""B"",""condition_type"":""bbbd_subtraction"",""topic_key"":""V6"",""topic_name"":""孔子的救世秘籍 仁爱 礼治 德治 中庸"",""event_type"":""quiz_item_response"",""iso_time"":""2026-09-17T10:02:24.322Z"",""relative_ms"":414671,""video_time_sec"":325.753,""video_id"":""V6"",""question_id"":""V6Q1"",""question_text"":""孔子思想的核心是“仁”，根据孔子的解释，“仁”的实质是什么？"",""response_index"":1,""response_letter"":""B"",""response_text"":""关爱他人"",""correct_index"":1,""correct_letter"":""B"",""correct_text"":""关爱他人"",""is_correct"":true,""reaction_time_ms"":9124,""submitted_iso"":""2026-09-17T10:02:24.322Z"",""submitted_relative_ms"":414671}",2c45acad-6db6-41d5-89db-d3b3e344aa65,sub-005,ses-001,ab0d35c8-4056-490e-bb6d-6a4184832cea,68e07060-2057-490d-865c-e3c07c73e2ab,1789639344.3324711,1789639344.3227,2159839.200000003,68e07060-2057-490d-865c-e3c07c73e2ab,browser_calibrated,-7.009506225585938e-05,5.300045013427734,488973,488973,0,3.649473190307617,host_receive_nearest,verified,1,1,,,,,,,,,1,,,,,,,,,,,,,,,,,孔子思想的核心是“仁”，根据孔子的解释，“仁”的实质是什么？,1,关爱他人,V6,B,325.753,1789639344.3227,1789639344.3326077,488973,,,,,,,,,,
76863281-ae10-4773-ac63-67d3e09619f3,quiz_item_response,1789639344.32703,1955.908,488988,4,4,,2,G05,B,bbbd_subtraction,quiz_item_response,孔子主张“为政以德”，他认为治理国家应该以什么为主？,,0.0,0.0,,V6Q2,B,B,True,17636,"{""client_event_id"":""76863281-ae10-4773-ac63-67d3e09619f3"",""recorder_run_id"":""2c45acad-6db6-41d5-89db-d3b3e344aa65"",""client_id"":""68e07060-2057-490d-865c-e3c07c73e2ab"",""client_timestamp"":1789639344.3271,""client_monotonic_ms"":2159843.600000009,""event_timestamp"":1789639344.32703,""clock_offset_sec"":-7.009506225585938e-05,""clock_round_trip_ms"":5.300045013427734,""subject_id"":""sub-005"",""session_id"":""ses-001"",""block_id"":""Block 4"",""counterbalance_group"":""G05"",""block_order"":""Block 4"",""condition"":""B"",""condition_type"":""bbbd_subtraction"",""topic_key"":""V6"",""topic_name"":""孔子的救世秘籍 仁爱 礼治 德治 中庸"",""event_type"":""quiz_item_response"",""iso_time"":""2026-09-17T10:02:24.327Z"",""relative_ms"":414676,""video_time_sec"":325.753,""video_id"":""V6"",""question_id"":""V6Q2"",""question_text"":""孔子主张“为政以德”，他认为治理国家应该以什么为主？"",""response_index"":1,""response_letter"":""B"",""response_text"":""以道德教化为主要手段"",""correct_index"":1,""correct_letter"":""B"",""correct_text"":""以道德教化为主要手段"",""is_correct"":true,""reaction_time_ms"":17636,""submitted_iso"":""2026-09-17T10:02:24.327Z"",""submitted_relative_ms"":414676}",2c45acad-6db6-41d5-89db-d3b3e344aa65,sub-005,ses-001,76863281-ae10-4773-ac63-67d3e09619f3,68e07060-2057-490d-865c-e3c07c73e2ab,1789639344.3764234,1789639344.3271,2159843.600000009,68e07060-2057-490d-865c-e3c07c73e2ab,browser_calibrated,-7.009506225585938e-05,5.300045013427734,488977,488977,0,-0.4127025604248047,host_receive_nearest,verified,1,1,,,,,,,,,1,,,,,,,,,,,,,,,,,孔子主张“为政以德”，他认为治理国家应该以什么为主？,1,以道德教化为主要手段,V6,B,325.753,1789639344.3271,1789639344.3765678,488977,,,,,,,,,,
723a0b8a-318a-4257-a28b-7e92700f8f39,quiz_item_response,1789639344.3308299,1955.948,489003,4,4,,2,G05,B,bbbd_subtraction,quiz_item_response,针对当时“礼崩乐坏”的社会环境，孔子提出了什么治国方案？,,0.0,0.0,,V6Q3,B,B,True,21524,"{""client_event_id"":""723a0b8a-318a-4257-a28b-7e92700f8f39"",""recorder_run_id"":""2c45acad-6db6-41d5-89db-d3b3e344aa65"",""client_id"":""68e07060-2057-490d-865c-e3c07c73e2ab"",""client_timestamp"":1789639344.3309,""client_monotonic_ms"":2159847.399999991,""event_timestamp"":1789639344.3308299,""clock_offset_sec"":-7.009506225585938e-05,""clock_round_trip_ms"":5.300045013427734,""subject_id"":""sub-005"",""session_id"":""ses-001"",""block_id"":""Block 4"",""counterbalance_group"":""G05"",""block_order"":""Block 4"",""condition"":""B"",""condition_type"":""bbbd_subtraction"",""topic_key"":""V6"",""topic_name"":""孔子的救世秘籍 仁爱 礼治 德治 中庸"",""event_type"":""quiz_item_response"",""iso_time"":""2026-09-17T10:02:24.330Z"",""relative_ms"":414679,""video_time_sec"":325.753,""video_id"":""V6"",""question_id"":""V6Q3"",""question_text"":""针对当时“礼崩乐坏”的社会环境，孔子提出了什么治国方案？"",""response_index"":1,""response_letter"":""B"",""response_text"":""礼治"",""correct_index"":1,""correct_letter"":""B"",""correct_text"":""礼治"",""is_correct"":true,""reaction_time_ms"":21524,""submitted_iso"":""2026-09-17T10:02:24.330Z"",""submitted_relative_ms"":414679}",2c45acad-6db6-41d5-89db-d3b3e344aa65,sub-005,ses-001,723a0b8a-318a-4257-a28b-7e92700f8f39,68e07060-2057-490d-865c-e3c07c73e2ab,1789639344.3955274,1789639344.3309,2159847.399999991,68e07060-2057-490d-865c-e3c07c73e2ab,browser_calibrated,-7.009506225585938e-05,5.300045013427734,488987,488987,0,-1.0557174682617188,host_receive_nearest,verified,1,1,,,,,,,,,1,,,,,,,,,,,,,,,,,针对当时“礼崩乐坏”的社会环境，孔子提出了什么治国方案？,1,礼治,V6,B,325.753,1789639344.3309,1789639344.395685,488987,,,,,,,,,,
d7c8b4d7-864c-4f9e-8932-43dc7313b237,quiz_item_response,1789639344.33473,1955.948,489003,4,4,,2,G05,B,bbbd_subtraction,quiz_item_response,孔子提出的“中庸”思想，其核心含义是什么？,,0.0,0.0,,V6Q4,B,B,True,27412,"{""client_event_id"":""d7c8b4d7-864c-4f9e-8932-43dc7313b237"",""recorder_run_id"":""2c45acad-6db6-41d5-89db-d3b3e344aa65"",""client_id"":""68e07060-2057-490d-865c-e3c07c73e2ab"",""client_timestamp"":1789639344.3348,""client_monotonic_ms"":2159851.299999997,""event_timestamp"":1789639344.33473,""clock_offset_sec"":-7.009506225585938e-05,""clock_round_trip_ms"":5.300045013427734,""subject_id"":""sub-005"",""session_id"":""ses-001"",""block_id"":""Block 4"",""counterbalance_group"":""G05"",""block_order"":""Block 4"",""condition"":""B"",""condition_type"":""bbbd_subtraction"",""topic_key"":""V6"",""topic_name"":""孔子的救世秘籍 仁爱 礼治 德治 中庸"",""event_type"":""quiz_item_response"",""iso_time"":""2026-09-17T10:02:24.334Z"",""relative_ms"":414683,""video_time_sec"":325.753,""video_id"":""V6"",""question_id"":""V6Q4"",""question_text"":""孔子提出的“中庸”思想，其核心含义是什么？"",""response_index"":1,""response_letter"":""B"",""response_text"":""做事恰到好处，不走极端"",""correct_index"":1,""correct_letter"":""B"",""correct_text"":""做事恰到好处，不走极端"",""is_correct"":true,""reaction_time_ms"":27412,""submitted_iso"":""2026-09-17T10:02:24.334Z"",""submitted_relative_ms"":414683}",2c45acad-6db6-41d5-89db-d3b3e344aa65,sub-005,ses-001,d7c8b4d7-864c-4f9e-8932-43dc7313b237,68e07060-2057-490d-865c-e3c07c73e2ab,1789639344.4141326,1789639344.3348,2159851.299999997,68e07060-2057-490d-865c-e3c07c73e2ab,browser_calibrated,-7.009506225585938e-05,5.300045013427734,488987,488987,0,-4.955768585205078,host_receive_nearest,verified,1,1,,,,,,,,,1,,,,,,,,,,,,,,,,,孔子提出的“中庸”思想，其核心含义是什么？,1,做事恰到好处，不走极端,V6,B,325.753,1789639344.3348,1789639344.4142995,488987,,,,,,,,,,
16928349-ba40-48ad-919e-a1b3045c5014,quiz_end,1789639344.33843,1955.948,489008,4,4,,2,G05,B,bbbd_subtraction,quiz_end,4/4,32.212,0.0,0.0,,,,,,,"{""client_event_id"":""16928349-ba40-48ad-919e-a1b3045c5014"",""recorder_run_id"":""2c45acad-6db6-41d5-89db-d3b3e344aa65"",""client_id"":""68e07060-2057-490d-865c-e3c07c73e2ab"",""client_timestamp"":1789639344.3385,""client_monotonic_ms"":2159854.999999985,""event_timestamp"":1789639344.33843,""clock_offset_sec"":-7.009506225585938e-05,""clock_round_trip_ms"":5.300045013427734,""subject_id"":""sub-005"",""session_id"":""ses-001"",""block_id"":""Block 4"",""counterbalance_group"":""G05"",""block_order"":""Block 4"",""condition"":""B"",""condition_type"":""bbbd_subtraction"",""topic_key"":""V6"",""topic_name"":""孔子的救世秘籍 仁爱 礼治 德治 中庸"",""event_type"":""quiz_end"",""iso_time"":""2026-09-17T10:02:24.338Z"",""relative_ms"":414687,""video_time_sec"":325.753,""score"":4,""total"":4,""duration_sec"":32.212}",2c45acad-6db6-41d5-89db-d3b3e344aa65,sub-005,ses-001,16928349-ba40-48ad-919e-a1b3045c5014,68e07060-2057-490d-865c-e3c07c73e2ab,1789639344.4371662,1789639344.3385,2159854.999999985,68e07060-2057-490d-865c-e3c07c73e2ab,browser_calibrated,-7.009506225585938e-05,5.300045013427734,488987,488987,0,-8.655786514282227,host_receive_nearest,verified,1,1,,,,,,,,,1,,,,,,,,,,,,,,,4,4,,,,V6,B,325.753,1789639344.3385,1789639344.4373162,488987,,,,,,,,,,
16928349-ba40-48ad-919e-a1b3045c5014,block_end,1789639344.33843,1955.948,489008,4,4,,2,G05,B,bbbd_subtraction,block_end,V6,,0.0,0.0,,,,,,,,2c45acad-6db6-41d5-89db-d3b3e344aa65,sub-005,ses-001,16928349-ba40-48ad-919e-a1b3045c5014,68e07060-2057-490d-865c-e3c07c73e2ab,1789639344.4371662,1789639344.3385,2159854.999999985,68e07060-2057-490d-865c-e3c07c73e2ab,browser_calibrated,-7.009506225585938e-05,5.300045013427734,488987,488987,0,-8.655786514282227,host_receive_nearest,verified,1,1,,,,,,,,,1,,,,,,,,,,,,,,,,,,,,V6,B,325.753,1789639344.3385,1789639344.4377508,488987,,,,,,,,,,
579f5a43-6151-4b9b-a1a0-cbf521867cc4,rest_start,1789639344.3469298,1955.948,489023,4,4,,2,G05,B,bbbd_subtraction,rest_start,after-block-4,,0.0,0.0,,,,,,,"{""client_event_id"":""579f5a43-6151-4b9b-a1a0-cbf521867cc4"",""recorder_run_id"":""2c45acad-6db6-41d5-89db-d3b3e344aa65"",""client_id"":""68e07060-2057-490d-865c-e3c07c73e2ab"",""client_timestamp"":1789639344.347,""client_monotonic_ms"":2159863.499999985,""event_timestamp"":1789639344.3469298,""clock_offset_sec"":-7.009506225585938e-05,""clock_round_trip_ms"":5.300045013427734,""subject_id"":""sub-005"",""session_id"":""ses-001"",""block_id"":""Block 4"",""counterbalance_group"":""G05"",""block_order"":""Block 4"",""condition"":""B"",""condition_type"":""bbbd_subtraction"",""topic_key"":""V6"",""topic_name"":""孔子的救世秘籍 仁爱 礼治 德治 中庸"",""event_type"":""rest_start"",""iso_time"":""2026-09-17T10:02:24.347Z"",""relative_ms"":414696,""video_time_sec"":325.753,""after_block_id"":4,""planned_duration"":30,""actual_duration"":"""",""is_formal_experiment"":0}",2c45acad-6db6-41d5-89db-d3b3e344aa65,sub-005,ses-001,579f5a43-6151-4b9b-a1a0-cbf521867cc4,68e07060-2057-490d-865c-e3c07c73e2ab,1789639344.4934115,1789639344.347,2159863.499999985,68e07060-2057-490d-865c-e3c07c73e2ab,browser_calibrated,-7.009506225585938e-05,5.300045013427734,488987,488987,0,-17.15564727783203,host_receive_nearest,verified,0,1,,,,,4,,30,,0,,,,,,,,,,,,,,,,,,,,V6,B,325.753,1789639344.347,1789639344.4935353,488987,,,,,,,,,,
00e7a44d-e54d-4c53-951a-91ef86af8ca2,export_csv,1789639346.2551298,1957.868,489468,4,4,,2,G05,B,bbbd_subtraction,export_csv,325.753,,0.0,0.0,,,,,,,"{""client_event_id"":""00e7a44d-e54d-4c53-951a-91ef86af8ca2"",""recorder_run_id"":""2c45acad-6db6-41d5-89db-d3b3e344aa65"",""client_id"":""68e07060-2057-490d-865c-e3c07c73e2ab"",""client_timestamp"":1789639346.2552,""client_monotonic_ms"":2161771.700000003,""event_timestamp"":1789639346.2551298,""clock_offset_sec"":-7.009506225585938e-05,""clock_round_trip_ms"":5.300045013427734,""subject_id"":""sub-005"",""session_id"":""ses-001"",""block_id"":""Block 4"",""counterbalance_group"":""G05"",""block_order"":""Block 4"",""condition"":""B"",""condition_type"":""bbbd_subtraction"",""topic_key"":""V6"",""topic_name"":""孔子的救世秘籍 仁爱 礼治 德治 中庸"",""event_type"":""export_csv"",""iso_time"":""2026-09-17T10:02:26.255Z"",""relative_ms"":416604,""video_time_sec"":325.753}",2c45acad-6db6-41d5-89db-d3b3e344aa65,sub-005,ses-001,00e7a44d-e54d-4c53-951a-91ef86af8ca2,68e07060-2057-490d-865c-e3c07c73e2ab,1789639346.2713943,1789639346.2552,2161771.700000003,68e07060-2057-490d-865c-e3c07c73e2ab,browser_calibrated,-7.009506225585938e-05,5.300045013427734,489467,489467,0,-5.362987518310547,host_receive_nearest,verified,0,0,,,,,,,,,1,,,,,,,,,,,,,,,,,,,,V6,B,325.753,1789639346.2552,1789639346.271521,489467,,,,,,,,,,
b6fd152c-708e-469e-846c-c605d39c4e12,export_json,1789639349.18873,1960.708,490178,4,4,,2,G05,B,bbbd_subtraction,export_json,325.753,,0.0,0.0,,,,,,,"{""client_event_id"":""b6fd152c-708e-469e-846c-c605d39c4e12"",""recorder_run_id"":""2c45acad-6db6-41d5-89db-d3b3e344aa65"",""client_id"":""68e07060-2057-490d-865c-e3c07c73e2ab"",""client_timestamp"":1789639349.1888,""client_monotonic_ms"":2164705.299999997,""event_timestamp"":1789639349.18873,""clock_offset_sec"":-7.009506225585938e-05,""clock_round_trip_ms"":5.300045013427734,""subject_id"":""sub-005"",""session_id"":""ses-001"",""block_id"":""Block 4"",""counterbalance_group"":""G05"",""block_order"":""Block 4"",""condition"":""B"",""condition_type"":""bbbd_subtraction"",""topic_key"":""V6"",""topic_name"":""孔子的救世秘籍 仁爱 礼治 德治 中庸"",""event_type"":""export_json"",""iso_time"":""2026-09-17T10:02:29.188Z"",""relative_ms"":419537,""video_time_sec"":325.753}",2c45acad-6db6-41d5-89db-d3b3e344aa65,sub-005,ses-001,b6fd152c-708e-469e-846c-c605d39c4e12,68e07060-2057-490d-865c-e3c07c73e2ab,1789639349.2117171,1789639349.1888,2164705.299999997,68e07060-2057-490d-865c-e3c07c73e2ab,browser_calibrated,-7.009506225585938e-05,5.300045013427734,490177,490177,0,-92.36264228820801,host_receive_nearest,verified,0,0,,,,,,,,,1,,,,,,,,,,,,,,,,,,,,V6,B,325.753,1789639349.1888,1789639349.2118413,490177,,,,,,,,,,
4c145457-cfae-4be7-a13a-5d2b0b48b3b3,manual_anomaly_marker,1789639357.4754286,1969.048,492263,,,,,G05,,,manual_anomaly_marker,说话,,0.0,0.0,,,,,,,,2c45acad-6db6-41d5-89db-d3b3e344aa65,sub-005,ses-001,,,1789639357.4754286,,,recorder,server,,,492262,492262,0,-36.22007369995117,host_receive_nearest,,,,,,,,,,,,0,,,,,,,,,,,,,,,,,,,,,,,,1789639357.4754286,492262,,,,,,,,,,
a85b1951-9cba-40c3-8398-04dc6b90c457,rest_end,1789639377.4747941,1989.068,497268,4,4,,2,G05,B,bbbd_subtraction,rest_end,after-block-4,33.128,0.0,0.0,,,,,,,"{""client_event_id"":""a85b1951-9cba-40c3-8398-04dc6b90c457"",""recorder_run_id"":""2c45acad-6db6-41d5-89db-d3b3e344aa65"",""client_id"":""68e07060-2057-490d-865c-e3c07c73e2ab"",""client_timestamp"":1789639377.4749,""client_monotonic_ms"":2192991.499999985,""event_timestamp"":1789639377.4747941,""clock_offset_sec"":-0.00010585784912109375,""clock_round_trip_ms"":5.500078201293945,""subject_id"":""sub-005"",""session_id"":""ses-001"",""block_id"":""Block 4"",""counterbalance_group"":""G05"",""block_order"":""Block 4"",""condition"":""B"",""condition_type"":""bbbd_subtraction"",""topic_key"":""V6"",""topic_name"":""孔子的救世秘籍 仁爱 礼治 德治 中庸"",""event_type"":""rest_end"",""iso_time"":""2026-09-17T10:02:57.474Z"",""relative_ms"":447824,""video_time_sec"":325.753,""after_block_id"":4,""planned_duration"":30,""actual_duration"":33.128,""duration_sec"":33.128,""is_formal_experiment"":0,""debug_early"":false}",2c45acad-6db6-41d5-89db-d3b3e344aa65,sub-005,ses-001,a85b1951-9cba-40c3-8398-04dc6b90c457,68e07060-2057-490d-865c-e3c07c73e2ab,1789639377.484657,1789639377.4749,2192991.499999985,68e07060-2057-490d-865c-e3c07c73e2ab,browser_calibrated,-0.00010585784912109375,5.500078201293945,497267,497267,0,-25.181055068969727,host_receive_nearest,verified,0,1,,,,,4,,30,33.128,0,,,,,,,,,,,,,,,,,,,,V6,B,325.753,1789639377.4749,1789639377.4847977,497267,,,,,,,,,,
f94890f3-69b4-4568-9d86-528aa172d93e,block_start,1789639379.795794,1991.408,497853,5,5,,2,G05,A,focused,block_start,V1,,0.0,0.0,,,,,,,condition=A; condition_type=focused,2c45acad-6db6-41d5-89db-d3b3e344aa65,sub-005,ses-001,f94890f3-69b4-4568-9d86-528aa172d93e,68e07060-2057-490d-865c-e3c07c73e2ab,1789639379.8069448,1789639379.7958999,2195312.399999991,68e07060-2057-490d-865c-e3c07c73e2ab,browser_calibrated,-0.00010585784912109375,5.500078201293945,497852,497852,0,-7.940769195556641,host_receive_nearest,verified,0,1,,,,,,,,,1,,,,,,,,,,,,,,,,,,,,V1,A,0,1789639379.7958999,1789639379.8072703,497852,,,,,,,,,,
f94890f3-69b4-4568-9d86-528aa172d93e,condition_prompt_start,1789639379.795794,1991.408,497853,5,5,,2,G05,A,focused,condition_prompt_start,A,,0.0,0.0,,,,,,,,2c45acad-6db6-41d5-89db-d3b3e344aa65,sub-005,ses-001,f94890f3-69b4-4568-9d86-528aa172d93e,68e07060-2057-490d-865c-e3c07c73e2ab,1789639379.8069448,1789639379.7958999,2195312.399999991,68e07060-2057-490d-865c-e3c07c73e2ab,browser_calibrated,-0.00010585784912109375,5.500078201293945,497852,497852,0,-7.940769195556641,host_receive_nearest,verified,0,1,,,,,,,,,1,,,,,,,,,,,,,,,,,,,,V1,A,0,1789639379.7958999,1789639379.8076515,497852,,,,,,,,,,
f94890f3-69b4-4568-9d86-528aa172d93e,browser_block_config,1789639379.795794,1991.408,497853,5,5,,2,G05,A,focused,browser_block_config,V1,,0.0,0.0,,,,,,,"{""client_event_id"":""f94890f3-69b4-4568-9d86-528aa172d93e"",""recorder_run_id"":""2c45acad-6db6-41d5-89db-d3b3e344aa65"",""client_id"":""68e07060-2057-490d-865c-e3c07c73e2ab"",""client_timestamp"":1789639379.7958999,""client_monotonic_ms"":2195312.399999991,""event_timestamp"":1789639379.795794,""clock_offset_sec"":-0.00010585784912109375,""clock_round_trip_ms"":5.500078201293945,""subject_id"":""sub-005"",""session_id"":""ses-001"",""block_id"":""Block 5"",""counterbalance_group"":""G05"",""block_order"":""Block 5"",""condition"":""A"",""condition_type"":""focused"",""topic_key"":""V1"",""topic_name"":""商鞅 一个改变秦国命运的男人"",""event_type"":""block_start"",""iso_time"":""2026-09-17T10:02:59.795Z"",""relative_ms"":0,""video_time_sec"":0,""block_start_iso"":""2026-09-17T10:02:59.795Z"",""config_json"":""{\""recorder_run_id\"":\""2c45acad-6db6-41d5-89db-d3b3e344aa65\"",\""subject_id\"":\""sub-005\"",\""session_id\"":\""ses-001\"",\""block_id\"":\""Block 5\"",\""counterbalance_group\"":\""G05\"",\""condition\"":\""A\"",\""condition_type\"":\""focused\"",\""topic_key\"":\""V1\"",\""topic_name\"":\""商鞅 一个改变秦国命运的男人\"",\""video_file\"":\""视频1-混知漫画｜商鞅！一个改变秦国命运的男人！-480P 标清-AVC.mp4\"",\""start_number\"":\""\"",\""generated_timestamp\"":\""\""}""}",2c45acad-6db6-41d5-89db-d3b3e344aa65,sub-005,ses-001,f94890f3-69b4-4568-9d86-528aa172d93e,68e07060-2057-490d-865c-e3c07c73e2ab,1789639379.8069448,1789639379.7958999,2195312.399999991,68e07060-2057-490d-865c-e3c07c73e2ab,browser_calibrated,-0.00010585784912109375,5.500078201293945,497852,497852,0,-7.940769195556641,host_receive_nearest,verified,0,1,,,,,,,,,1,,,,,,,,,,,,,,,,,,,,V1,A,0,1789639379.7958999,1789639379.8078623,497852,,,,,,,,,,
c1654953-3437-4216-8896-e7f8611252d4,probe_schedule,1789639379.858694,1991.468,497868,5,5,,2,G05,A,focused,probe_schedule,"82.486,166.932,261.134,309.833",,0.0,0.0,,,,,,,"{""client_event_id"":""c1654953-3437-4216-8896-e7f8611252d4"",""recorder_run_id"":""2c45acad-6db6-41d5-89db-d3b3e344aa65"",""client_id"":""68e07060-2057-490d-865c-e3c07c73e2ab"",""client_timestamp"":1789639379.8588,""client_monotonic_ms"":2195375.299999997,""event_timestamp"":1789639379.858694,""clock_offset_sec"":-0.00010585784912109375,""clock_round_trip_ms"":5.500078201293945,""subject_id"":""sub-005"",""session_id"":""ses-001"",""block_id"":""Block 5"",""counterbalance_group"":""G05"",""block_order"":""Block 5"",""condition"":""A"",""condition_type"":""focused"",""topic_key"":""V1"",""topic_name"":""商鞅 一个改变秦国命运的男人"",""event_type"":""probe_schedule"",""iso_time"":""2026-09-17T10:02:59.858Z"",""relative_ms"":63,""video_time_sec"":0,""probe_schedule_id"":""ae118653-b181-481d-af76-ef3bc7057d00"",""probe_times"":[82.486,166.932,261.134,309.833],""probe_config"":{""probes_per_block"":4,""min_first_onset_sec"":45,""min_end_margin_sec"":30,""min_gap_sec"":45},""video_duration_sec"":346.795,""video_id"":""V1"",""debug_fast"":false}",2c45acad-6db6-41d5-89db-d3b3e344aa65,sub-005,ses-001,c1654953-3437-4216-8896-e7f8611252d4,68e07060-2057-490d-865c-e3c07c73e2ab,1789639379.8718383,1789639379.8588,2195375.299999997,68e07060-2057-490d-865c-e3c07c73e2ab,browser_calibrated,-0.00010585784912109375,5.500078201293945,497867,497867,0,-10.55908203125,host_receive_nearest,verified,1,1,,,,,,,,,1,,,,,,,,,,,,,,,,,,,,V1,A,0,1789639379.8588,1789639379.8720324,497867,,4,ae118653-b181-481d-af76-ef3bc7057d00,,,,,,,
d31ee842-4584-4a4c-bc5c-eeefba9fdc5d,condition_prompt_end,1789639384.8739,1996.468,499123,5,5,,2,G05,A,focused,condition_prompt_end,0,,0.0,0.0,,,,,,,"{""client_event_id"":""d31ee842-4584-4a4c-bc5c-eeefba9fdc5d"",""recorder_run_id"":""2c45acad-6db6-41d5-89db-d3b3e344aa65"",""client_id"":""68e07060-2057-490d-865c-e3c07c73e2ab"",""client_timestamp"":1789639384.8739,""client_monotonic_ms"":2200390.399999991,""event_timestamp"":1789639384.8739,""clock_offset_sec"":-0.00010585784912109375,""clock_round_trip_ms"":5.500078201293945,""subject_id"":""sub-005"",""session_id"":""ses-001"",""block_id"":""Block 5"",""counterbalance_group"":""G05"",""block_order"":""Block 5"",""condition"":""A"",""condition_type"":""focused"",""topic_key"":""V1"",""topic_name"":""商鞅 一个改变秦国命运的男人"",""event_type"":""condition_prompt_end"",""iso_time"":""2026-09-17T10:03:04.873Z"",""relative_ms"":5078,""video_time_sec"":0}",2c45acad-6db6-41d5-89db-d3b3e344aa65,sub-005,ses-001,d31ee842-4584-4a4c-bc5c-eeefba9fdc5d,68e07060-2057-490d-865c-e3c07c73e2ab,1789639384.9168684,1789639384.8739,2200390.399999991,68e07060-2057-490d-865c-e3c07c73e2ab,browser_calibrated,-0.00010585784912109375,5.500078201293945,499117,499117,0,-17.302989959716797,host_receive_nearest,verified,1,0,,,,,,,,,1,,,,,,,,,,,,,,,,,,,,V1,A,0,1789639384.8739,1789639384.9169657,499117,,,,,,,,,,
82e73b0d-107d-4b17-bbd4-59c819cab46b,video_start,1789639384.8739,1996.468,499138,5,5,,2,G05,A,focused,video_start,V1,,0.0,0.0,,,,,,,,2c45acad-6db6-41d5-89db-d3b3e344aa65,sub-005,ses-001,82e73b0d-107d-4b17-bbd4-59c819cab46b,68e07060-2057-490d-865c-e3c07c73e2ab,1789639384.92928,1789639384.8817,2200398.299999997,68e07060-2057-490d-865c-e3c07c73e2ab,browser_calibrated,-0.00010585784912109375,5.500078201293945,499117,499117,0,-17.302989959716797,host_receive_nearest,verified,1,1,,,,,,,,,1,,,,,,,,,,,,,,,,,,,,V1,A,0,1789639384.8817,1789639384.9293728,499117,,,,,,,,,,
82e73b0d-107d-4b17-bbd4-59c819cab46b,video_play,1789639384.8739,1996.468,499138,5,5,,2,G05,A,focused,video_play,0,,0.0,0.0,,,,,,,"{""client_event_id"":""82e73b0d-107d-4b17-bbd4-59c819cab46b"",""recorder_run_id"":""2c45acad-6db6-41d5-89db-d3b3e344aa65"",""client_id"":""68e07060-2057-490d-865c-e3c07c73e2ab"",""client_timestamp"":1789639384.8817,""client_monotonic_ms"":2200398.299999997,""event_timestamp"":1789639384.8739,""clock_offset_sec"":-0.00010585784912109375,""clock_round_trip_ms"":5.500078201293945,""subject_id"":""sub-005"",""session_id"":""ses-001"",""block_id"":""Block 5"",""counterbalance_group"":""G05"",""block_order"":""Block 5"",""condition"":""A"",""condition_type"":""focused"",""topic_key"":""V1"",""topic_name"":""商鞅 一个改变秦国命运的男人"",""event_type"":""video_play"",""iso_time"":""2026-09-17T10:03:04.881Z"",""relative_ms"":5086,""video_time_sec"":0}",2c45acad-6db6-41d5-89db-d3b3e344aa65,sub-005,ses-001,82e73b0d-107d-4b17-bbd4-59c819cab46b,68e07060-2057-490d-865c-e3c07c73e2ab,1789639384.92928,1789639384.8817,2200398.299999997,68e07060-2057-490d-865c-e3c07c73e2ab,browser_calibrated,-0.00010585784912109375,5.500078201293945,499117,499117,0,-17.302989959716797,host_receive_nearest,verified,1,1,,,,,,,,,1,,,,,,,,,,,,,,,,,,,,V1,A,0,1789639384.8817,1789639384.9296741,499117,,,,,,,,,,
575552bd-55f2-45be-a597-af6152d5612e,probe_onset,1789639467.541385,2079.144,519787,5,5,,2,G05,A,focused,probe_onset,Block 5_1_ae118653,,0.0,0.0,,,,,,,"{""client_event_id"":""575552bd-55f2-45be-a597-af6152d5612e"",""recorder_run_id"":""2c45acad-6db6-41d5-89db-d3b3e344aa65"",""client_id"":""68e07060-2057-490d-865c-e3c07c73e2ab"",""client_timestamp"":1789639467.5412,""client_monotonic_ms"":2283057.700000003,""event_timestamp"":1789639467.541385,""clock_offset_sec"":0.0001850128173828125,""clock_round_trip_ms"":5.000114440917969,""subject_id"":""sub-005"",""session_id"":""ses-001"",""block_id"":""Block 5"",""counterbalance_group"":""G05"",""block_order"":""Block 5"",""condition"":""A"",""condition_type"":""focused"",""topic_key"":""V1"",""topic_name"":""商鞅 一个改变秦国命运的男人"",""event_type"":""probe_onset"",""iso_time"":""2026-09-17T10:04:27.541Z"",""relative_ms"":87746,""video_time_sec"":82.605,""probe_id"":""Block 5_1_ae118653"",""probe_index"":1,""probe_schedule_id"":""ae118653-b181-481d-af76-ef3bc7057d00"",""probe_planned_time_sec"":82.486,""video_id"":""V1"",""pause_reason"":""thought_probe"",""forced"":false}",2c45acad-6db6-41d5-89db-d3b3e344aa65,sub-005,ses-001,575552bd-55f2-45be-a597-af6152d5612e,68e07060-2057-490d-865c-e3c07c73e2ab,1789639467.5753157,1789639467.5412,2283057.700000003,68e07060-2057-490d-865c-e3c07c73e2ab,browser_calibrated,0.0001850128173828125,5.000114440917969,519786,519786,0,-5.306720733642578,host_receive_nearest,verified,1,1,,,,,,,,,1,,,,,,,,,,,,,,,,,,,,V1,A,82.605,1789639467.5412,1789639467.5754538,519786,Block 5_1_ae118653,1,ae118653-b181-481d-af76-ef3bc7057d00,82.486,,,,,,thought_probe
6a4f9f53-8b73-43e2-b50e-d9a1a75ea62e,attention_response,1789639470.2428849,2081.844,520462,5,5,,2,G05,A,focused,attention_response,1,,0.0,0.0,,,,,,,"{""client_event_id"":""6a4f9f53-8b73-43e2-b50e-d9a1a75ea62e"",""recorder_run_id"":""2c45acad-6db6-41d5-89db-d3b3e344aa65"",""client_id"":""68e07060-2057-490d-865c-e3c07c73e2ab"",""client_timestamp"":1789639470.2426999,""client_monotonic_ms"":2285759.200000003,""event_timestamp"":1789639470.2428849,""clock_offset_sec"":0.0001850128173828125,""clock_round_trip_ms"":5.000114440917969,""subject_id"":""sub-005"",""session_id"":""ses-001"",""block_id"":""Block 5"",""counterbalance_group"":""G05"",""block_order"":""Block 5"",""condition"":""A"",""condition_type"":""focused"",""topic_key"":""V1"",""topic_name"":""商鞅 一个改变秦国命运的男人"",""event_type"":""attention_response"",""iso_time"":""2026-09-17T10:04:30.242Z"",""relative_ms"":90447,""video_time_sec"":82.605,""probe_id"":""Block 5_1_ae118653"",""probe_index"":1,""probe_schedule_id"":""ae118653-b181-481d-af76-ef3bc7057d00"",""probe_planned_time_sec"":82.486,""video_id"":""V1"",""response"":1,""response_label"":""课程内容"",""probe_attention"":""ON"",""response_time_ms"":2702}",2c45acad-6db6-41d5-89db-d3b3e344aa65,sub-005,ses-001,6a4f9f53-8b73-43e2-b50e-d9a1a75ea62e,68e07060-2057-490d-865c-e3c07c73e2ab,1789639470.251653,1789639470.2426999,2285759.200000003,68e07060-2057-490d-865c-e3c07c73e2ab,browser_calibrated,0.0001850128173828125,5.000114440917969,520461,520461,0,-7.375240325927734,host_receive_nearest,verified,1,1,,,,,,,,,1,,,,,,,,,,,,,,,,,,,,V1,A,82.605,1789639470.2426999,1789639470.2844412,520461,Block 5_1_ae118653,1,ae118653-b181-481d-af76-ef3bc7057d00,82.486,1,课程内容,2702,,ON,
d221c021-827e-41e9-b1b7-400e0ab40d01,confidence_response,1789639472.5866287,2084.184,521052,5,5,,2,G05,A,focused,confidence_response,4,,0.0,0.0,,,,,,,"{""client_event_id"":""d221c021-827e-41e9-b1b7-400e0ab40d01"",""recorder_run_id"":""2c45acad-6db6-41d5-89db-d3b3e344aa65"",""client_id"":""68e07060-2057-490d-865c-e3c07c73e2ab"",""client_timestamp"":1789639472.5866,""client_monotonic_ms"":2288103.100000009,""event_timestamp"":1789639472.5866287,""clock_offset_sec"":2.86102294921875e-05,""clock_round_trip_ms"":3.9000511169433594,""subject_id"":""sub-005"",""session_id"":""ses-001"",""block_id"":""Block 5"",""counterbalance_group"":""G05"",""block_order"":""Block 5"",""condition"":""A"",""condition_type"":""focused"",""topic_key"":""V1"",""topic_name"":""商鞅 一个改变秦国命运的男人"",""event_type"":""confidence_response"",""iso_time"":""2026-09-17T10:04:32.586Z"",""relative_ms"":92791,""video_time_sec"":82.605,""probe_id"":""Block 5_1_ae118653"",""probe_index"":1,""probe_schedule_id"":""ae118653-b181-481d-af76-ef3bc7057d00"",""probe_planned_time_sec"":82.486,""video_id"":""V1"",""response"":1,""confidence"":4,""response_time_ms"":2344}",2c45acad-6db6-41d5-89db-d3b3e344aa65,sub-005,ses-001,d221c021-827e-41e9-b1b7-400e0ab40d01,68e07060-2057-490d-865c-e3c07c73e2ab,1789639472.6073823,1789639472.5866,2288103.100000009,68e07060-2057-490d-865c-e3c07c73e2ab,browser_calibrated,2.86102294921875e-05,3.9000511169433594,521046,521046,0,-2.776622772216797,host_receive_nearest,verified,1,1,,,,,,,,,1,,,,,,,,,,,,,,,,,,,,V1,A,82.605,1789639472.5866,1789639472.6183634,521046,Block 5_1_ae118653,1,ae118653-b181-481d-af76-ef3bc7057d00,82.486,,,2344,4,,
8b111e10-aa70-4310-bdf7-0ef51594474f,phase_change,1789639472.5940287,2084.184,521057,5,5,,2,G05,A,focused,phase_change,video,,0.0,0.0,,,,,,,,2c45acad-6db6-41d5-89db-d3b3e344aa65,sub-005,ses-001,8b111e10-aa70-4310-bdf7-0ef51594474f,68e07060-2057-490d-865c-e3c07c73e2ab,1789639472.66084,1789639472.594,2288110.600000009,68e07060-2057-490d-865c-e3c07c73e2ab,browser_calibrated,2.86102294921875e-05,3.9000511169433594,521046,521046,0,-10.176658630371094,host_receive_nearest,verified,1,1,,,,,,,,,1,,,,,,,,,,,,,,,,,,,,V1,A,82.66,1789639472.594,1789639472.6609774,521046,,,,,,,,,,
8b111e10-aa70-4310-bdf7-0ef51594474f,video_resume,1789639472.5940287,2084.184,521057,5,5,,2,G05,A,focused,video_resume,82.66,,0.0,0.0,,,,,,,"{""client_event_id"":""8b111e10-aa70-4310-bdf7-0ef51594474f"",""recorder_run_id"":""2c45acad-6db6-41d5-89db-d3b3e344aa65"",""client_id"":""68e07060-2057-490d-865c-e3c07c73e2ab"",""client_timestamp"":1789639472.594,""client_monotonic_ms"":2288110.600000009,""event_timestamp"":1789639472.5940287,""clock_offset_sec"":2.86102294921875e-05,""clock_round_trip_ms"":3.9000511169433594,""subject_id"":""sub-005"",""session_id"":""ses-001"",""block_id"":""Block 5"",""counterbalance_group"":""G05"",""block_order"":""Block 5"",""condition"":""A"",""condition_type"":""focused"",""topic_key"":""V1"",""topic_name"":""商鞅 一个改变秦国命运的男人"",""event_type"":""video_resume"",""iso_time"":""2026-09-17T10:04:32.594Z"",""relative_ms"":92799,""video_time_sec"":82.66,""probe_id"":""Block 5_1_ae118653"",""probe_index"":1,""probe_schedule_id"":""ae118653-b181-481d-af76-ef3bc7057d00"",""probe_planned_time_sec"":82.486,""video_id"":""V1"",""pause_reason"":""thought_probe"",""resume_status"":""playing""}",2c45acad-6db6-41d5-89db-d3b3e344aa65,sub-005,ses-001,8b111e10-aa70-4310-bdf7-0ef51594474f,68e07060-2057-490d-865c-e3c07c73e2ab,1789639472.66084,1789639472.594,2288110.600000009,68e07060-2057-490d-865c-e3c07c73e2ab,browser_calibrated,2.86102294921875e-05,3.9000511169433594,521046,521046,0,-10.176658630371094,host_receive_nearest,verified,1,1,,,,,,,,,1,,,,,,,,,,,,,,,,,,,,V1,A,82.66,1789639472.594,1789639472.6613407,521046,Block 5_1_ae118653,,,,,,,,,thought_probe
edd94dcc-d62d-483b-88f7-cf188cd83af0,probe_onset,1789639557.1375294,2168.748,542192,5,5,,2,G05,A,focused,probe_onset,Block 5_2_ae118653,,0.0,0.0,,,,,,,"{""client_event_id"":""edd94dcc-d62d-483b-88f7-cf188cd83af0"",""recorder_run_id"":""2c45acad-6db6-41d5-89db-d3b3e344aa65"",""client_id"":""68e07060-2057-490d-865c-e3c07c73e2ab"",""client_timestamp"":1789639557.1376002,""client_monotonic_ms"":2372654.100000009,""event_timestamp"":1789639557.1375294,""clock_offset_sec"":-7.081031799316406e-05,""clock_round_trip_ms"":6.400346755981445,""subject_id"":""sub-005"",""session_id"":""ses-001"",""block_id"":""Block 5"",""counterbalance_group"":""G05"",""block_order"":""Block 5"",""condition"":""A"",""condition_type"":""focused"",""topic_key"":""V1"",""topic_name"":""商鞅 一个改变秦国命运的男人"",""event_type"":""probe_onset"",""iso_time"":""2026-09-17T10:05:57.137Z"",""relative_ms"":177342,""video_time_sec"":167.141,""probe_id"":""Block 5_2_ae118653"",""probe_index"":2,""probe_schedule_id"":""ae118653-b181-481d-af76-ef3bc7057d00"",""probe_planned_time_sec"":166.932,""video_id"":""V1"",""pause_reason"":""thought_probe"",""forced"":false}",2c45acad-6db6-41d5-89db-d3b3e344aa65,sub-005,ses-001,edd94dcc-d62d-483b-88f7-cf188cd83af0,68e07060-2057-490d-865c-e3c07c73e2ab,1789639557.1526399,1789639557.1376002,2372654.100000009,68e07060-2057-490d-865c-e3c07c73e2ab,browser_calibrated,-7.081031799316406e-05,6.400346755981445,542187,542187,0,7.879018783569336,host_receive_nearest,verified,1,1,,,,,,,,,1,,,,,,,,,,,,,,,,,,,,V1,A,167.141,1789639557.1376002,1789639557.1527855,542187,Block 5_2_ae118653,2,ae118653-b181-481d-af76-ef3bc7057d00,166.932,,,,,,thought_probe
307e637b-3efb-4bc2-b43f-ff701a3f2a54,attention_response,1789639559.5160294,2171.128,542787,5,5,,2,G05,A,focused,attention_response,1,,0.0,0.0,,,,,,,"{""client_event_id"":""307e637b-3efb-4bc2-b43f-ff701a3f2a54"",""recorder_run_id"":""2c45acad-6db6-41d5-89db-d3b3e344aa65"",""client_id"":""68e07060-2057-490d-865c-e3c07c73e2ab"",""client_timestamp"":1789639559.5161002,""client_monotonic_ms"":2375032.600000009,""event_timestamp"":1789639559.5160294,""clock_offset_sec"":-7.081031799316406e-05,""clock_round_trip_ms"":6.400346755981445,""subject_id"":""sub-005"",""session_id"":""ses-001"",""block_id"":""Block 5"",""counterbalance_group"":""G05"",""block_order"":""Block 5"",""condition"":""A"",""condition_type"":""focused"",""topic_key"":""V1"",""topic_name"":""商鞅 一个改变秦国命运的男人"",""event_type"":""attention_response"",""iso_time"":""2026-09-17T10:05:59.516Z"",""relative_ms"":179721,""video_time_sec"":167.141,""probe_id"":""Block 5_2_ae118653"",""probe_index"":2,""probe_schedule_id"":""ae118653-b181-481d-af76-ef3bc7057d00"",""probe_planned_time_sec"":166.932,""video_id"":""V1"",""response"":1,""response_label"":""课程内容"",""probe_attention"":""ON"",""response_time_ms"":2379}",2c45acad-6db6-41d5-89db-d3b3e344aa65,sub-005,ses-001,307e637b-3efb-4bc2-b43f-ff701a3f2a54,68e07060-2057-490d-865c-e3c07c73e2ab,1789639559.5366883,1789639559.5161002,2375032.600000009,68e07060-2057-490d-865c-e3c07c73e2ab,browser_calibrated,-7.081031799316406e-05,6.400346755981445,542782,542782,0,0.3235340118408203,host_receive_nearest,verified,1,1,,,,,,,,,1,,,,,,,,,,,,,,,,,,,,V1,A,167.141,1789639559.5161002,1789639559.5588307,542782,Block 5_2_ae118653,2,ae118653-b181-481d-af76-ef3bc7057d00,166.932,1,课程内容,2379,,ON,
435d1d71-19a4-40fe-b33b-533f255eeec3,confidence_response,1789639560.4913292,2172.104,543027,5,5,,2,G05,A,focused,confidence_response,4,,0.0,0.0,,,,,,,"{""client_event_id"":""435d1d71-19a4-40fe-b33b-533f255eeec3"",""recorder_run_id"":""2c45acad-6db6-41d5-89db-d3b3e344aa65"",""client_id"":""68e07060-2057-490d-865c-e3c07c73e2ab"",""client_timestamp"":1789639560.4914,""client_monotonic_ms"":2376007.899999991,""event_timestamp"":1789639560.4913292,""clock_offset_sec"":-7.081031799316406e-05,""clock_round_trip_ms"":6.400346755981445,""subject_id"":""sub-005"",""session_id"":""ses-001"",""block_id"":""Block 5"",""counterbalance_group"":""G05"",""block_order"":""Block 5"",""condition"":""A"",""condition_type"":""focused"",""topic_key"":""V1"",""topic_name"":""商鞅 一个改变秦国命运的男人"",""event_type"":""confidence_response"",""iso_time"":""2026-09-17T10:06:00.491Z"",""relative_ms"":180696,""video_time_sec"":167.141,""probe_id"":""Block 5_2_ae118653"",""probe_index"":2,""probe_schedule_id"":""ae118653-b181-481d-af76-ef3bc7057d00"",""probe_planned_time_sec"":166.932,""video_id"":""V1"",""response"":1,""confidence"":4,""response_time_ms"":975}",2c45acad-6db6-41d5-89db-d3b3e344aa65,sub-005,ses-001,435d1d71-19a4-40fe-b33b-533f255eeec3,68e07060-2057-490d-865c-e3c07c73e2ab,1789639560.5014932,1789639560.4914,2376007.899999991,68e07060-2057-490d-865c-e3c07c73e2ab,browser_calibrated,-7.081031799316406e-05,6.400346755981445,543026,543026,0,-14.733314514160156,host_receive_nearest,verified,1,1,,,,,,,,,1,,,,,,,,,,,,,,,,,,,,V1,A,167.141,1789639560.4914,1789639560.5364373,543026,Block 5_2_ae118653,2,ae118653-b181-481d-af76-ef3bc7057d00,166.932,,,975,4,,
45c0e35c-72a5-45cc-ad42-c4dd2b94a80f,phase_change,1789639560.507329,2172.104,543042,5,5,,2,G05,A,focused,phase_change,video,,0.0,0.0,,,,,,,,2c45acad-6db6-41d5-89db-d3b3e344aa65,sub-005,ses-001,45c0e35c-72a5-45cc-ad42-c4dd2b94a80f,68e07060-2057-490d-865c-e3c07c73e2ab,1789639560.5629516,1789639560.5073998,2376023.999999985,68e07060-2057-490d-865c-e3c07c73e2ab,browser_calibrated,-7.081031799316406e-05,6.400346755981445,543026,543026,0,-30.733108520507812,host_receive_nearest,verified,1,1,,,,,,,,,1,,,,,,,,,,,,,,,,,,,,V1,A,167.203,1789639560.5073998,1789639560.563113,543026,,,,,,,,,,
45c0e35c-72a5-45cc-ad42-c4dd2b94a80f,video_resume,1789639560.507329,2172.104,543042,5,5,,2,G05,A,focused,video_resume,167.203,,0.0,0.0,,,,,,,"{""client_event_id"":""45c0e35c-72a5-45cc-ad42-c4dd2b94a80f"",""recorder_run_id"":""2c45acad-6db6-41d5-89db-d3b3e344aa65"",""client_id"":""68e07060-2057-490d-865c-e3c07c73e2ab"",""client_timestamp"":1789639560.5073998,""client_monotonic_ms"":2376023.999999985,""event_timestamp"":1789639560.507329,""clock_offset_sec"":-7.081031799316406e-05,""clock_round_trip_ms"":6.400346755981445,""subject_id"":""sub-005"",""session_id"":""ses-001"",""block_id"":""Block 5"",""counterbalance_group"":""G05"",""block_order"":""Block 5"",""condition"":""A"",""condition_type"":""focused"",""topic_key"":""V1"",""topic_name"":""商鞅 一个改变秦国命运的男人"",""event_type"":""video_resume"",""iso_time"":""2026-09-17T10:06:00.507Z"",""relative_ms"":180712,""video_time_sec"":167.203,""probe_id"":""Block 5_2_ae118653"",""probe_index"":2,""probe_schedule_id"":""ae118653-b181-481d-af76-ef3bc7057d00"",""probe_planned_time_sec"":166.932,""video_id"":""V1"",""pause_reason"":""thought_probe"",""resume_status"":""playing""}",2c45acad-6db6-41d5-89db-d3b3e344aa65,sub-005,ses-001,45c0e35c-72a5-45cc-ad42-c4dd2b94a80f,68e07060-2057-490d-865c-e3c07c73e2ab,1789639560.5629516,1789639560.5073998,2376023.999999985,68e07060-2057-490d-865c-e3c07c73e2ab,browser_calibrated,-7.081031799316406e-05,6.400346755981445,543026,543026,0,-30.733108520507812,host_receive_nearest,verified,1,1,,,,,,,,,1,,,,,,,,,,,,,,,,,,,,V1,A,167.203,1789639560.5073998,1789639560.5634885,543026,Block 5_2_ae118653,,,,,,,,,thought_probe
5ced41d0-7567-4272-b5e5-cade3bc8fbdd,probe_onset,1789639654.6629462,2266.26,566566,5,5,,2,G05,A,focused,probe_onset,Block 5_3_ae118653,,0.0,0.0,,,,,,,"{""client_event_id"":""5ced41d0-7567-4272-b5e5-cade3bc8fbdd"",""recorder_run_id"":""2c45acad-6db6-41d5-89db-d3b3e344aa65"",""client_id"":""68e07060-2057-490d-865c-e3c07c73e2ab"",""client_timestamp"":1789639654.6625,""client_monotonic_ms"":2470179.100000009,""event_timestamp"":1789639654.6629462,""clock_offset_sec"":0.000446319580078125,""clock_round_trip_ms"":8.500099182128906,""subject_id"":""sub-005"",""session_id"":""ses-001"",""block_id"":""Block 5"",""counterbalance_group"":""G05"",""block_order"":""Block 5"",""condition"":""A"",""condition_type"":""focused"",""topic_key"":""V1"",""topic_name"":""商鞅 一个改变秦国命运的男人"",""event_type"":""probe_onset"",""iso_time"":""2026-09-17T10:07:34.662Z"",""relative_ms"":274867,""video_time_sec"":261.306,""probe_id"":""Block 5_3_ae118653"",""probe_index"":3,""probe_schedule_id"":""ae118653-b181-481d-af76-ef3bc7057d00"",""probe_planned_time_sec"":261.134,""video_id"":""V1"",""pause_reason"":""thought_probe"",""forced"":false}",2c45acad-6db6-41d5-89db-d3b3e344aa65,sub-005,ses-001,5ced41d0-7567-4272-b5e5-cade3bc8fbdd,68e07060-2057-490d-865c-e3c07c73e2ab,1789639654.6790895,1789639654.6625,2470179.100000009,68e07060-2057-490d-865c-e3c07c73e2ab,browser_calibrated,0.000446319580078125,8.500099182128906,566565,566565,0,-17.786502838134766,host_receive_nearest,verified,1,1,,,,,,,,,1,,,,,,,,,,,,,,,,,,,,V1,A,261.306,1789639654.6625,1789639654.679237,566565,Block 5_3_ae118653,3,ae118653-b181-481d-af76-ef3bc7057d00,261.134,,,,,,thought_probe
32aa0403-3fec-4663-a37e-f925d2b74cf0,attention_response,1789639658.1952646,2269.78,567446,5,5,,2,G05,A,focused,attention_response,1,,0.0,0.0,,,,,,,"{""client_event_id"":""32aa0403-3fec-4663-a37e-f925d2b74cf0"",""recorder_run_id"":""2c45acad-6db6-41d5-89db-d3b3e344aa65"",""client_id"":""68e07060-2057-490d-865c-e3c07c73e2ab"",""client_timestamp"":1789639658.1948998,""client_monotonic_ms"":2473711.399999991,""event_timestamp"":1789639658.1952646,""clock_offset_sec"":0.0003647804260253906,""clock_round_trip_ms"":8.59975814819336,""subject_id"":""sub-005"",""session_id"":""ses-001"",""block_id"":""Block 5"",""counterbalance_group"":""G05"",""block_order"":""Block 5"",""condition"":""A"",""condition_type"":""focused"",""topic_key"":""V1"",""topic_name"":""商鞅 一个改变秦国命运的男人"",""event_type"":""attention_response"",""iso_time"":""2026-09-17T10:07:38.194Z"",""relative_ms"":278399,""video_time_sec"":261.306,""probe_id"":""Block 5_3_ae118653"",""probe_index"":3,""probe_schedule_id"":""ae118653-b181-481d-af76-ef3bc7057d00"",""probe_planned_time_sec"":261.134,""video_id"":""V1"",""response"":1,""response_label"":""课程内容"",""probe_attention"":""ON"",""response_time_ms"":3533}",2c45acad-6db6-41d5-89db-d3b3e344aa65,sub-005,ses-001,32aa0403-3fec-4663-a37e-f925d2b74cf0,68e07060-2057-490d-865c-e3c07c73e2ab,1789639658.2047555,1789639658.1948998,2473711.399999991,68e07060-2057-490d-865c-e3c07c73e2ab,browser_calibrated,0.0003647804260253906,8.59975814819336,567445,567445,0,-39.50643539428711,host_receive_nearest,verified,1,1,,,,,,,,,1,,,,,,,,,,,,,,,,,,,,V1,A,261.306,1789639658.1948998,1789639658.2386303,567445,Block 5_3_ae118653,3,ae118653-b181-481d-af76-ef3bc7057d00,261.134,1,课程内容,3533,,ON,
12398514-1fec-4039-a8df-13d7cc25fb84,confidence_response,1789639659.419165,2271.04,567761,5,5,,2,G05,A,focused,confidence_response,4,,0.0,0.0,,,,,,,"{""client_event_id"":""12398514-1fec-4039-a8df-13d7cc25fb84"",""recorder_run_id"":""2c45acad-6db6-41d5-89db-d3b3e344aa65"",""client_id"":""68e07060-2057-490d-865c-e3c07c73e2ab"",""client_timestamp"":1789639659.4188,""client_monotonic_ms"":2474935.299999997,""event_timestamp"":1789639659.419165,""clock_offset_sec"":0.0003647804260253906,""clock_round_trip_ms"":8.59975814819336,""subject_id"":""sub-005"",""session_id"":""ses-001"",""block_id"":""Block 5"",""counterbalance_group"":""G05"",""block_order"":""Block 5"",""condition"":""A"",""condition_type"":""focused"",""topic_key"":""V1"",""topic_name"":""商鞅 一个改变秦国命运的男人"",""event_type"":""confidence_response"",""iso_time"":""2026-09-17T10:07:39.418Z"",""relative_ms"":279623,""video_time_sec"":261.306,""probe_id"":""Block 5_3_ae118653"",""probe_index"":3,""probe_schedule_id"":""ae118653-b181-481d-af76-ef3bc7057d00"",""probe_planned_time_sec"":261.134,""video_id"":""V1"",""response"":1,""confidence"":4,""response_time_ms"":1224}",2c45acad-6db6-41d5-89db-d3b3e344aa65,sub-005,ses-001,12398514-1fec-4039-a8df-13d7cc25fb84,68e07060-2057-490d-865c-e3c07c73e2ab,1789639659.4284503,1789639659.4188,2474935.299999997,68e07060-2057-490d-865c-e3c07c73e2ab,browser_calibrated,0.0003647804260253906,8.59975814819336,567760,567760,0,-2.9523372650146484,host_receive_nearest,verified,1,1,,,,,,,,,1,,,,,,,,,,,,,,,,,,,,V1,A,261.306,1789639659.4188,1789639659.4607484,567760,Block 5_3_ae118653,3,ae118653-b181-481d-af76-ef3bc7057d00,261.134,,,1224,4,,
afdcfe5d-65ee-4490-b053-698a6be77159,phase_change,1789639659.4255648,2271.04,567776,5,5,,2,G05,A,focused,phase_change,video,,0.0,0.0,,,,,,,,2c45acad-6db6-41d5-89db-d3b3e344aa65,sub-005,ses-001,afdcfe5d-65ee-4490-b053-698a6be77159,68e07060-2057-490d-865c-e3c07c73e2ab,1789639659.483091,1789639659.4252,2474941.700000003,68e07060-2057-490d-865c-e3c07c73e2ab,browser_calibrated,0.0003647804260253906,8.59975814819336,567760,567760,0,-9.35220718383789,host_receive_nearest,verified,1,1,,,,,,,,,1,,,,,,,,,,,,,,,,,,,,V1,A,261.361,1789639659.4252,1789639659.483217,567760,,,,,,,,,,
afdcfe5d-65ee-4490-b053-698a6be77159,video_resume,1789639659.4255648,2271.04,567776,5,5,,2,G05,A,focused,video_resume,261.361,,0.0,0.0,,,,,,,"{""client_event_id"":""afdcfe5d-65ee-4490-b053-698a6be77159"",""recorder_run_id"":""2c45acad-6db6-41d5-89db-d3b3e344aa65"",""client_id"":""68e07060-2057-490d-865c-e3c07c73e2ab"",""client_timestamp"":1789639659.4252,""client_monotonic_ms"":2474941.700000003,""event_timestamp"":1789639659.4255648,""clock_offset_sec"":0.0003647804260253906,""clock_round_trip_ms"":8.59975814819336,""subject_id"":""sub-005"",""session_id"":""ses-001"",""block_id"":""Block 5"",""counterbalance_group"":""G05"",""block_order"":""Block 5"",""condition"":""A"",""condition_type"":""focused"",""topic_key"":""V1"",""topic_name"":""商鞅 一个改变秦国命运的男人"",""event_type"":""video_resume"",""iso_time"":""2026-09-17T10:07:39.425Z"",""relative_ms"":279630,""video_time_sec"":261.361,""probe_id"":""Block 5_3_ae118653"",""probe_index"":3,""probe_schedule_id"":""ae118653-b181-481d-af76-ef3bc7057d00"",""probe_planned_time_sec"":261.134,""video_id"":""V1"",""pause_reason"":""thought_probe"",""resume_status"":""playing""}",2c45acad-6db6-41d5-89db-d3b3e344aa65,sub-005,ses-001,afdcfe5d-65ee-4490-b053-698a6be77159,68e07060-2057-490d-865c-e3c07c73e2ab,1789639659.483091,1789639659.4252,2474941.700000003,68e07060-2057-490d-865c-e3c07c73e2ab,browser_calibrated,0.0003647804260253906,8.59975814819336,567760,567760,0,-9.35220718383789,host_receive_nearest,verified,1,1,,,,,,,,,1,,,,,,,,,,,,,,,,,,,,V1,A,261.361,1789639659.4252,1789639659.4835482,567760,Block 5_3_ae118653,,,,,,,,,thought_probe
0f9a1ae7-1751-420a-92ef-8723bee9f538,probe_onset,1789639708.0782406,2319.6,579921,5,5,,2,G05,A,focused,probe_onset,Block 5_4_ae118653,,0.0,0.0,,,,,,,"{""client_event_id"":""0f9a1ae7-1751-420a-92ef-8723bee9f538"",""recorder_run_id"":""2c45acad-6db6-41d5-89db-d3b3e344aa65"",""client_id"":""68e07060-2057-490d-865c-e3c07c73e2ab"",""client_timestamp"":1789639708.0777,""client_monotonic_ms"":2523594.200000003,""event_timestamp"":1789639708.0782406,""clock_offset_sec"":0.0005407333374023438,""clock_round_trip_ms"":7.999897003173828,""subject_id"":""sub-005"",""session_id"":""ses-001"",""block_id"":""Block 5"",""counterbalance_group"":""G05"",""block_order"":""Block 5"",""condition"":""A"",""condition_type"":""focused"",""topic_key"":""V1"",""topic_name"":""商鞅 一个改变秦国命运的男人"",""event_type"":""probe_onset"",""iso_time"":""2026-09-17T10:08:28.077Z"",""relative_ms"":328282,""video_time_sec"":309.961,""probe_id"":""Block 5_4_ae118653"",""probe_index"":4,""probe_schedule_id"":""ae118653-b181-481d-af76-ef3bc7057d00"",""probe_planned_time_sec"":309.833,""video_id"":""V1"",""pause_reason"":""thought_probe"",""forced"":false}",2c45acad-6db6-41d5-89db-d3b3e344aa65,sub-005,ses-001,0f9a1ae7-1751-420a-92ef-8723bee9f538,68e07060-2057-490d-865c-e3c07c73e2ab,1789639708.0982854,1789639708.0777,2523594.200000003,68e07060-2057-490d-865c-e3c07c73e2ab,browser_calibrated,0.0005407333374023438,7.999897003173828,579900,579900,0,-2.5625228881835938,host_receive_nearest,verified,1,1,,,,,,,,,1,,,,,,,,,,,,,,,,,,,,V1,A,309.961,1789639708.0777,1789639708.0984187,579900,Block 5_4_ae118653,4,ae118653-b181-481d-af76-ef3bc7057d00,309.833,,,,,,thought_probe
8c0f7c29-432b-461e-ad3f-f7ae9f8bc623,attention_response,1789639710.7955408,2322.404,580606,5,5,,2,G05,A,focused,attention_response,1,,0.0,0.0,,,,,,,"{""client_event_id"":""8c0f7c29-432b-461e-ad3f-f7ae9f8bc623"",""recorder_run_id"":""2c45acad-6db6-41d5-89db-d3b3e344aa65"",""client_id"":""68e07060-2057-490d-865c-e3c07c73e2ab"",""client_timestamp"":1789639710.795,""client_monotonic_ms"":2526311.499999985,""event_timestamp"":1789639710.7955408,""clock_offset_sec"":0.0005407333374023438,""clock_round_trip_ms"":7.999897003173828,""subject_id"":""sub-005"",""session_id"":""ses-001"",""block_id"":""Block 5"",""counterbalance_group"":""G05"",""block_order"":""Block 5"",""condition"":""A"",""condition_type"":""focused"",""topic_key"":""V1"",""topic_name"":""商鞅 一个改变秦国命运的男人"",""event_type"":""attention_response"",""iso_time"":""2026-09-17T10:08:30.795Z"",""relative_ms"":330999,""video_time_sec"":309.961,""probe_id"":""Block 5_4_ae118653"",""probe_index"":4,""probe_schedule_id"":""ae118653-b181-481d-af76-ef3bc7057d00"",""probe_planned_time_sec"":309.833,""video_id"":""V1"",""response"":1,""response_label"":""课程内容"",""probe_attention"":""ON"",""response_time_ms"":2718}",2c45acad-6db6-41d5-89db-d3b3e344aa65,sub-005,ses-001,8c0f7c29-432b-461e-ad3f-f7ae9f8bc623,68e07060-2057-490d-865c-e3c07c73e2ab,1789639710.80858,1789639710.795,2526311.499999985,68e07060-2057-490d-865c-e3c07c73e2ab,browser_calibrated,0.0005407333374023438,7.999897003173828,580601,580601,0,9.540319442749023,host_receive_nearest,verified,1,1,,,,,,,,,1,,,,,,,,,,,,,,,,,,,,V1,A,309.961,1789639710.795,1789639710.847627,580601,Block 5_4_ae118653,4,ae118653-b181-481d-af76-ef3bc7057d00,309.833,1,课程内容,2718,,ON,
880f2460-6dab-4a8d-83bb-5a5ee501f615,confidence_response,1789639712.3959405,2324.02,581006,5,5,,2,G05,A,focused,confidence_response,4,,0.0,0.0,,,,,,,"{""client_event_id"":""880f2460-6dab-4a8d-83bb-5a5ee501f615"",""recorder_run_id"":""2c45acad-6db6-41d5-89db-d3b3e344aa65"",""client_id"":""68e07060-2057-490d-865c-e3c07c73e2ab"",""client_timestamp"":1789639712.3953998,""client_monotonic_ms"":2527911.899999991,""event_timestamp"":1789639712.3959405,""clock_offset_sec"":0.0005407333374023438,""clock_round_trip_ms"":7.999897003173828,""subject_id"":""sub-005"",""session_id"":""ses-001"",""block_id"":""Block 5"",""counterbalance_group"":""G05"",""block_order"":""Block 5"",""condition"":""A"",""condition_type"":""focused"",""topic_key"":""V1"",""topic_name"":""商鞅 一个改变秦国命运的男人"",""event_type"":""confidence_response"",""iso_time"":""2026-09-17T10:08:32.395Z"",""relative_ms"":332600,""video_time_sec"":309.961,""probe_id"":""Block 5_4_ae118653"",""probe_index"":4,""probe_schedule_id"":""ae118653-b181-481d-af76-ef3bc7057d00"",""probe_planned_time_sec"":309.833,""video_id"":""V1"",""response"":1,""confidence"":4,""response_time_ms"":1600}",2c45acad-6db6-41d5-89db-d3b3e344aa65,sub-005,ses-001,880f2460-6dab-4a8d-83bb-5a5ee501f615,68e07060-2057-490d-865c-e3c07c73e2ab,1789639712.412077,1789639712.3953998,2527911.899999991,68e07060-2057-490d-865c-e3c07c73e2ab,browser_calibrated,0.0005407333374023438,7.999897003173828,581005,581005,0,0.014543533325195312,host_receive_nearest,verified,1,1,,,,,,,,,1,,,,,,,,,,,,,,,,,,,,V1,A,309.961,1789639712.3953998,1789639712.43832,581005,Block 5_4_ae118653,4,ae118653-b181-481d-af76-ef3bc7057d00,309.833,,,1600,4,,
4786b334-d6a8-4c0b-9066-0302ff2d68ff,phase_change,1789639712.4027407,2324.02,581031,5,5,,2,G05,A,focused,phase_change,video,,0.0,0.0,,,,,,,,2c45acad-6db6-41d5-89db-d3b3e344aa65,sub-005,ses-001,4786b334-d6a8-4c0b-9066-0302ff2d68ff,68e07060-2057-490d-865c-e3c07c73e2ab,1789639712.5400267,1789639712.4022,2527918.700000003,68e07060-2057-490d-865c-e3c07c73e2ab,browser_calibrated,0.0005407333374023438,7.999897003173828,581005,581005,0,-6.78563117980957,host_receive_nearest,verified,1,1,,,,,,,,,1,,,,,,,,,,,,,,,,,,,,V1,A,310.02,1789639712.4022,1789639712.540187,581005,,,,,,,,,,
4786b334-d6a8-4c0b-9066-0302ff2d68ff,video_resume,1789639712.4027407,2324.02,581031,5,5,,2,G05,A,focused,video_resume,310.02,,0.0,0.0,,,,,,,"{""client_event_id"":""4786b334-d6a8-4c0b-9066-0302ff2d68ff"",""recorder_run_id"":""2c45acad-6db6-41d5-89db-d3b3e344aa65"",""client_id"":""68e07060-2057-490d-865c-e3c07c73e2ab"",""client_timestamp"":1789639712.4022,""client_monotonic_ms"":2527918.700000003,""event_timestamp"":1789639712.4027407,""clock_offset_sec"":0.0005407333374023438,""clock_round_trip_ms"":7.999897003173828,""subject_id"":""sub-005"",""session_id"":""ses-001"",""block_id"":""Block 5"",""counterbalance_group"":""G05"",""block_order"":""Block 5"",""condition"":""A"",""condition_type"":""focused"",""topic_key"":""V1"",""topic_name"":""商鞅 一个改变秦国命运的男人"",""event_type"":""video_resume"",""iso_time"":""2026-09-17T10:08:32.402Z"",""relative_ms"":332607,""video_time_sec"":310.02,""probe_id"":""Block 5_4_ae118653"",""probe_index"":4,""probe_schedule_id"":""ae118653-b181-481d-af76-ef3bc7057d00"",""probe_planned_time_sec"":309.833,""video_id"":""V1"",""pause_reason"":""thought_probe"",""resume_status"":""playing""}",2c45acad-6db6-41d5-89db-d3b3e344aa65,sub-005,ses-001,4786b334-d6a8-4c0b-9066-0302ff2d68ff,68e07060-2057-490d-865c-e3c07c73e2ab,1789639712.5400267,1789639712.4022,2527918.700000003,68e07060-2057-490d-865c-e3c07c73e2ab,browser_calibrated,0.0005407333374023438,7.999897003173828,581005,581005,0,-6.78563117980957,host_receive_nearest,verified,1,1,,,,,,,,,1,,,,,,,,,,,,,,,,,,,,V1,A,310.02,1789639712.4022,1789639712.540615,581005,Block 5_4_ae118653,,,,,,,,,thought_probe
7a065283-5ff2-4ae6-a15f-8d6bccfac305,video_end,1789639749.2457466,2360.86,590216,5,5,,2,G05,A,focused,video_end,V1,,0.0,0.0,,,,,,,,2c45acad-6db6-41d5-89db-d3b3e344aa65,sub-005,ses-001,7a065283-5ff2-4ae6-a15f-8d6bccfac305,68e07060-2057-490d-865c-e3c07c73e2ab,1789639749.272915,1789639749.2452,2564761.700000003,68e07060-2057-490d-865c-e3c07c73e2ab,browser_calibrated,0.0005466938018798828,7.999897003173828,590215,590215,0,-8.729696273803711,host_receive_nearest,verified,1,1,,,,,,,,,1,,,,,,,,,,,,,,,,,,,,V1,A,346.795,1789639749.2452,1789639749.273028,590215,,,,,,,,,,
7a065283-5ff2-4ae6-a15f-8d6bccfac305,browser_video_ended,1789639749.2457466,2360.86,590216,5,5,,2,G05,A,focused,browser_video_ended,,,0.0,0.0,,,,,,,"{""client_event_id"":""7a065283-5ff2-4ae6-a15f-8d6bccfac305"",""recorder_run_id"":""2c45acad-6db6-41d5-89db-d3b3e344aa65"",""client_id"":""68e07060-2057-490d-865c-e3c07c73e2ab"",""client_timestamp"":1789639749.2452,""client_monotonic_ms"":2564761.700000003,""event_timestamp"":1789639749.2457466,""clock_offset_sec"":0.0005466938018798828,""clock_round_trip_ms"":7.999897003173828,""subject_id"":""sub-005"",""session_id"":""ses-001"",""block_id"":""Block 5"",""counterbalance_group"":""G05"",""block_order"":""Block 5"",""condition"":""A"",""condition_type"":""focused"",""topic_key"":""V1"",""topic_name"":""商鞅 一个改变秦国命运的男人"",""event_type"":""video_ended"",""iso_time"":""2026-09-17T10:09:09.245Z"",""relative_ms"":369450,""video_time_sec"":346.795}",2c45acad-6db6-41d5-89db-d3b3e344aa65,sub-005,ses-001,7a065283-5ff2-4ae6-a15f-8d6bccfac305,68e07060-2057-490d-865c-e3c07c73e2ab,1789639749.272915,1789639749.2452,2564761.700000003,68e07060-2057-490d-865c-e3c07c73e2ab,browser_calibrated,0.0005466938018798828,7.999897003173828,590215,590215,0,-8.729696273803711,host_receive_nearest,verified,1,1,,,,,,,,,1,,,,,,,,,,,,,,,,,,,,V1,A,346.795,1789639749.2452,1789639749.2733667,590215,,,,,,,,,,
b9e26b32-3f0b-4bbd-8e9b-152f9b53ffff,browser_block_end,1789639749.2552466,2360.86,590221,5,5,,2,G05,A,focused,browser_block_end,视频自然播放结束,,0.0,0.0,,,,,,,"{""client_event_id"":""b9e26b32-3f0b-4bbd-8e9b-152f9b53ffff"",""recorder_run_id"":""2c45acad-6db6-41d5-89db-d3b3e344aa65"",""client_id"":""68e07060-2057-490d-865c-e3c07c73e2ab"",""client_timestamp"":1789639749.2547,""client_monotonic_ms"":2564771.200000003,""event_timestamp"":1789639749.2552466,""clock_offset_sec"":0.0005466938018798828,""clock_round_trip_ms"":7.999897003173828,""subject_id"":""sub-005"",""session_id"":""ses-001"",""block_id"":""Block 5"",""counterbalance_group"":""G05"",""block_order"":""Block 5"",""condition"":""A"",""condition_type"":""focused"",""topic_key"":""V1"",""topic_name"":""商鞅 一个改变秦国命运的男人"",""event_type"":""block_end"",""iso_time"":""2026-09-17T10:09:09.254Z"",""relative_ms"":369459,""video_time_sec"":346.795,""reason"":""视频自然播放结束""}",2c45acad-6db6-41d5-89db-d3b3e344aa65,sub-005,ses-001,b9e26b32-3f0b-4bbd-8e9b-152f9b53ffff,68e07060-2057-490d-865c-e3c07c73e2ab,1789639749.300355,1789639749.2547,2564771.200000003,68e07060-2057-490d-865c-e3c07c73e2ab,browser_calibrated,0.0005466938018798828,7.999897003173828,590215,590215,0,-18.22972297668457,host_receive_nearest,verified,1,1,,,,,,,,,1,,,,,,,,,,,,,,,,,,,,V1,A,346.795,1789639749.2547,1789639749.3004057,590215,,,,,,,,,,
36acca8d-a31c-43c3-8618-58ca4f818c2a,rating_start,1789639749.2620466,2360.864,590231,5,5,,2,G05,A,focused,rating_start,,,0.0,0.0,,,,,,,"{""client_event_id"":""36acca8d-a31c-43c3-8618-58ca4f818c2a"",""recorder_run_id"":""2c45acad-6db6-41d5-89db-d3b3e344aa65"",""client_id"":""68e07060-2057-490d-865c-e3c07c73e2ab"",""client_timestamp"":1789639749.2615,""client_monotonic_ms"":2564777.999999985,""event_timestamp"":1789639749.2620466,""clock_offset_sec"":0.0005466938018798828,""clock_round_trip_ms"":7.999897003173828,""subject_id"":""sub-005"",""session_id"":""ses-001"",""block_id"":""Block 5"",""counterbalance_group"":""G05"",""block_order"":""Block 5"",""condition"":""A"",""condition_type"":""focused"",""topic_key"":""V1"",""topic_name"":""商鞅 一个改变秦国命运的男人"",""event_type"":""rating_start"",""iso_time"":""2026-09-17T10:09:09.261Z"",""relative_ms"":369466,""video_time_sec"":346.795}",2c45acad-6db6-41d5-89db-d3b3e344aa65,sub-005,ses-001,36acca8d-a31c-43c3-8618-58ca4f818c2a,68e07060-2057-490d-865c-e3c07c73e2ab,1789639749.3108985,1789639749.2615,2564777.999999985,68e07060-2057-490d-865c-e3c07c73e2ab,browser_calibrated,0.0005466938018798828,7.999897003173828,590216,590216,0,19.56343650817871,host_receive_nearest,verified,1,1,,,,,,,,,1,,,,,,,,,,,,,,,,,,,,V1,A,346.795,1789639749.2615,1789639749.310938,590216,,,,,,,,,,
4e3a647e-035b-4680-8cac-3c526a7d45eb,rating_item_response,1789639752.7799072,2364.364,591111,5,5,,2,G05,A,focused,rating_item_response,5,,0.0,0.0,,,,,,,"{""client_event_id"":""4e3a647e-035b-4680-8cac-3c526a7d45eb"",""recorder_run_id"":""2c45acad-6db6-41d5-89db-d3b3e344aa65"",""client_id"":""68e07060-2057-490d-865c-e3c07c73e2ab"",""client_timestamp"":1789639752.7795,""client_monotonic_ms"":2568296.100000009,""event_timestamp"":1789639752.7799072,""clock_offset_sec"":0.00040721893310546875,""clock_round_trip_ms"":8.600234985351562,""subject_id"":""sub-005"",""session_id"":""ses-001"",""block_id"":""Block 5"",""counterbalance_group"":""G05"",""block_order"":""Block 5"",""condition"":""A"",""condition_type"":""focused"",""topic_key"":""V1"",""topic_name"":""商鞅 一个改变秦国命运的男人"",""event_type"":""rating_item_response"",""iso_time"":""2026-09-17T10:09:12.779Z"",""relative_ms"":372984,""video_time_sec"":346.795,""rating_item"":""course_attention_rating"",""rating_value"":""5"",""response_time_ms"":3518}",2c45acad-6db6-41d5-89db-d3b3e344aa65,sub-005,ses-001,4e3a647e-035b-4680-8cac-3c526a7d45eb,68e07060-2057-490d-865c-e3c07c73e2ab,1789639752.8187945,1789639752.7795,2568296.100000009,68e07060-2057-490d-865c-e3c07c73e2ab,browser_calibrated,0.00040721893310546875,8.600234985351562,591091,591091,0,23.879528045654297,host_receive_nearest,verified,1,1,,,,,,,,,1,,,,,,,,,,,,,course_attention_rating,5,,,,,,V1,A,346.795,1789639752.7795,1789639752.8189268,591091,,,,,,,3518,,,
465378e0-1550-4122-ba16-c2d1fa7036a6,rating_item_response,1789639754.5086071,2366.104,591536,5,5,,2,G05,A,focused,rating_item_response,5,,0.0,0.0,,,,,,,"{""client_event_id"":""465378e0-1550-4122-ba16-c2d1fa7036a6"",""recorder_run_id"":""2c45acad-6db6-41d5-89db-d3b3e344aa65"",""client_id"":""68e07060-2057-490d-865c-e3c07c73e2ab"",""client_timestamp"":1789639754.5082,""client_monotonic_ms"":2570024.799999997,""event_timestamp"":1789639754.5086071,""clock_offset_sec"":0.00040721893310546875,""clock_round_trip_ms"":8.600234985351562,""subject_id"":""sub-005"",""session_id"":""ses-001"",""block_id"":""Block 5"",""counterbalance_group"":""G05"",""block_order"":""Block 5"",""condition"":""A"",""condition_type"":""focused"",""topic_key"":""V1"",""topic_name"":""商鞅 一个改变秦国命运的男人"",""event_type"":""rating_item_response"",""iso_time"":""2026-09-17T10:09:14.508Z"",""relative_ms"":374713,""video_time_sec"":346.795,""rating_item"":""mental_effort"",""rating_value"":""5"",""response_time_ms"":5247}",2c45acad-6db6-41d5-89db-d3b3e344aa65,sub-005,ses-001,465378e0-1550-4122-ba16-c2d1fa7036a6,68e07060-2057-490d-865c-e3c07c73e2ab,1789639754.5449307,1789639754.5082,2570024.799999997,68e07060-2057-490d-865c-e3c07c73e2ab,browser_calibrated,0.00040721893310546875,8.600234985351562,591526,591526,0,5.255699157714844,host_receive_nearest,verified,1,1,,,,,,,,,1,,,,,,,,,,,,,mental_effort,5,,,,,,V1,A,346.795,1789639754.5082,1789639754.545073,591526,,,,,,,5247,,,
b38642ee-7c1c-41aa-9dc2-b9102d051e31,rating_item_response,1789639755.9857073,2367.6,591911,5,5,,2,G05,A,focused,rating_item_response,1,,0.0,0.0,,,,,,,"{""client_event_id"":""b38642ee-7c1c-41aa-9dc2-b9102d051e31"",""recorder_run_id"":""2c45acad-6db6-41d5-89db-d3b3e344aa65"",""client_id"":""68e07060-2057-490d-865c-e3c07c73e2ab"",""client_timestamp"":1789639755.9853,""client_monotonic_ms"":2571501.799999997,""event_timestamp"":1789639755.9857073,""clock_offset_sec"":0.00040721893310546875,""clock_round_trip_ms"":8.600234985351562,""subject_id"":""sub-005"",""session_id"":""ses-001"",""block_id"":""Block 5"",""counterbalance_group"":""G05"",""block_order"":""Block 5"",""condition"":""A"",""condition_type"":""focused"",""topic_key"":""V1"",""topic_name"":""商鞅 一个改变秦国命运的男人"",""event_type"":""rating_item_response"",""iso_time"":""2026-09-17T10:09:15.985Z"",""relative_ms"":376190,""video_time_sec"":346.795,""rating_item"":""video_interest"",""rating_value"":""1"",""response_time_ms"":6724}",2c45acad-6db6-41d5-89db-d3b3e344aa65,sub-005,ses-001,b38642ee-7c1c-41aa-9dc2-b9102d051e31,68e07060-2057-490d-865c-e3c07c73e2ab,1789639756.0168028,1789639755.9853,2571501.799999997,68e07060-2057-490d-865c-e3c07c73e2ab,browser_calibrated,0.00040721893310546875,8.600234985351562,591900,591900,0,-1.4495849609375,host_receive_nearest,verified,1,1,,,,,,,,,1,,,,,,,,,,,,,video_interest,1,,,,,,V1,A,346.795,1789639755.9853,1789639756.0169275,591900,,,,,,,6724,,,
7dfd38cc-e3b4-43c6-a85a-6d05727208f5,rating_item_response,1789639763.6928608,2375.28,593835,5,5,,2,G05,A,focused,rating_item_response,1,,0.0,0.0,,,,,,,"{""client_event_id"":""7dfd38cc-e3b4-43c6-a85a-6d05727208f5"",""recorder_run_id"":""2c45acad-6db6-41d5-89db-d3b3e344aa65"",""client_id"":""68e07060-2057-490d-865c-e3c07c73e2ab"",""client_timestamp"":1789639763.6923,""client_monotonic_ms"":2579208.799999997,""event_timestamp"":1789639763.6928608,""clock_offset_sec"":0.000560760498046875,""clock_round_trip_ms"":8.00013542175293,""subject_id"":""sub-005"",""session_id"":""ses-001"",""block_id"":""Block 5"",""counterbalance_group"":""G05"",""block_order"":""Block 5"",""condition"":""A"",""condition_type"":""focused"",""topic_key"":""V1"",""topic_name"":""商鞅 一个改变秦国命运的男人"",""event_type"":""rating_item_response"",""iso_time"":""2026-09-17T10:09:23.692Z"",""relative_ms"":383897,""video_time_sec"":346.795,""rating_item"":""video_difficulty"",""rating_value"":""1"",""response_time_ms"":14431}",2c45acad-6db6-41d5-89db-d3b3e344aa65,sub-005,ses-001,7dfd38cc-e3b4-43c6-a85a-6d05727208f5,68e07060-2057-490d-865c-e3c07c73e2ab,1789639763.7460775,1789639763.6923,2579208.799999997,68e07060-2057-490d-865c-e3c07c73e2ab,browser_calibrated,0.000560760498046875,8.00013542175293,593820,593820,0,1.0857582092285156,host_receive_nearest,verified,1,1,,,,,,,,,1,,,,,,,,,,,,,video_difficulty,1,,,,,,V1,A,346.795,1789639763.6923,1789639763.7462308,593820,,,,,,,14431,,,
e943138a-e4d1-4d1c-84d3-b169150face5,rating_end,1789639764.260161,2375.86,593970,5,5,,2,G05,A,focused,rating_end,,14.998,0.0,0.0,,,,,,,"{""client_event_id"":""e943138a-e4d1-4d1c-84d3-b169150face5"",""recorder_run_id"":""2c45acad-6db6-41d5-89db-d3b3e344aa65"",""client_id"":""68e07060-2057-490d-865c-e3c07c73e2ab"",""client_timestamp"":1789639764.2596002,""client_monotonic_ms"":2579776.100000009,""event_timestamp"":1789639764.260161,""clock_offset_sec"":0.000560760498046875,""clock_round_trip_ms"":8.00013542175293,""subject_id"":""sub-005"",""session_id"":""ses-001"",""block_id"":""Block 5"",""counterbalance_group"":""G05"",""block_order"":""Block 5"",""condition"":""A"",""condition_type"":""focused"",""topic_key"":""V1"",""topic_name"":""商鞅 一个改变秦国命运的男人"",""event_type"":""rating_end"",""iso_time"":""2026-09-17T10:09:24.259Z"",""relative_ms"":384464,""video_time_sec"":346.795,""video_id"":""V1"",""course_attention_rating"":5,""mental_effort"":5,""video_interest"":1,""video_difficulty"":1,""subtraction_compliance"":"""",""subtraction_difficulty"":"""",""reported_final_number"":"""",""duration_sec"":14.998,""submitted_iso"":""2026-09-17T10:09:24.259Z"",""submitted_relative_ms"":384464}",2c45acad-6db6-41d5-89db-d3b3e344aa65,sub-005,ses-001,e943138a-e4d1-4d1c-84d3-b169150face5,68e07060-2057-490d-865c-e3c07c73e2ab,1789639764.2692738,1789639764.2596002,2579776.100000009,68e07060-2057-490d-865c-e3c07c73e2ab,browser_calibrated,0.000560760498046875,8.00013542175293,593965,593965,0,4.829645156860352,host_receive_nearest,verified,1,1,,,,,,,,,1,,,,5,5,1,1,,,,,,,,,,,,,V1,A,346.795,1789639764.2596002,1789639764.2694123,593965,,,,,,,,,,
97eb96d9-64f1-4c07-ad78-d36967643db8,quiz_start,1789639764.2648609,2375.86,593980,5,5,,2,G05,A,focused,quiz_start,,,0.0,0.0,,,,,,,"{""client_event_id"":""97eb96d9-64f1-4c07-ad78-d36967643db8"",""recorder_run_id"":""2c45acad-6db6-41d5-89db-d3b3e344aa65"",""client_id"":""68e07060-2057-490d-865c-e3c07c73e2ab"",""client_timestamp"":1789639764.2643,""client_monotonic_ms"":2579780.799999997,""event_timestamp"":1789639764.2648609,""clock_offset_sec"":0.000560760498046875,""clock_round_trip_ms"":8.00013542175293,""subject_id"":""sub-005"",""session_id"":""ses-001"",""block_id"":""Block 5"",""counterbalance_group"":""G05"",""block_order"":""Block 5"",""condition"":""A"",""condition_type"":""focused"",""topic_key"":""V1"",""topic_name"":""商鞅 一个改变秦国命运的男人"",""event_type"":""quiz_start"",""iso_time"":""2026-09-17T10:09:24.264Z"",""relative_ms"":384469,""video_time_sec"":346.795}",2c45acad-6db6-41d5-89db-d3b3e344aa65,sub-005,ses-001,97eb96d9-64f1-4c07-ad78-d36967643db8,68e07060-2057-490d-865c-e3c07c73e2ab,1789639764.310175,1789639764.2643,2579780.799999997,68e07060-2057-490d-865c-e3c07c73e2ab,browser_calibrated,0.000560760498046875,8.00013542175293,593965,593965,0,0.12969970703125,host_receive_nearest,verified,1,1,,,,,,,,,1,,,,,,,,,,,,,,,,,,,,V1,A,346.795,1789639764.2643,1789639764.3103046,593965,,,,,,,,,,
f350a809-2f7c-4642-bf92-b0d23a89a1d6,quiz_item_response,1789639790.2401688,2401.84,600470,5,5,,2,G05,A,focused,quiz_item_response,商鞅变法发生在哪个国家？,,0.0,0.0,,V1Q1,C,C,True,2212,"{""client_event_id"":""f350a809-2f7c-4642-bf92-b0d23a89a1d6"",""recorder_run_id"":""2c45acad-6db6-41d5-89db-d3b3e344aa65"",""client_id"":""68e07060-2057-490d-865c-e3c07c73e2ab"",""client_timestamp"":1789639790.2402,""client_monotonic_ms"":2605756.700000003,""event_timestamp"":1789639790.2401688,""clock_offset_sec"":-3.123283386230469e-05,""clock_round_trip_ms"":3.999948501586914,""subject_id"":""sub-005"",""session_id"":""ses-001"",""block_id"":""Block 5"",""counterbalance_group"":""G05"",""block_order"":""Block 5"",""condition"":""A"",""condition_type"":""focused"",""topic_key"":""V1"",""topic_name"":""商鞅 一个改变秦国命运的男人"",""event_type"":""quiz_item_response"",""iso_time"":""2026-09-17T10:09:50.240Z"",""relative_ms"":410445,""video_time_sec"":346.795,""video_id"":""V1"",""question_id"":""V1Q1"",""question_text"":""商鞅变法发生在哪个国家？"",""response_index"":2,""response_letter"":""C"",""response_text"":""秦国"",""correct_index"":2,""correct_letter"":""C"",""correct_text"":""秦国"",""is_correct"":true,""reaction_time_ms"":2212,""submitted_iso"":""2026-09-17T10:09:50.240Z"",""submitted_relative_ms"":410445}",2c45acad-6db6-41d5-89db-d3b3e344aa65,sub-005,ses-001,f350a809-2f7c-4642-bf92-b0d23a89a1d6,68e07060-2057-490d-865c-e3c07c73e2ab,1789639790.2516844,1789639790.2402,2605756.700000003,68e07060-2057-490d-865c-e3c07c73e2ab,browser_calibrated,-3.123283386230469e-05,3.999948501586914,600460,600460,0,3.3817291259765625,host_receive_nearest,verified,1,1,,,,,,,,,1,,,,,,,,,,,,,,,,,商鞅变法发生在哪个国家？,2,秦国,V1,A,346.795,1789639790.2402,1789639790.2518287,600460,,,,,,,,,,
8fa32b01-fc16-40c9-a51b-c9eb64bcd313,quiz_item_response,1789639790.2461686,2401.876,600475,5,5,,2,G05,A,focused,quiz_item_response,商鞅变法中，商鞅通过采取什么方法提升参军人数？,,0.0,0.0,,V1Q2,B,A,False,9611,"{""client_event_id"":""8fa32b01-fc16-40c9-a51b-c9eb64bcd313"",""recorder_run_id"":""2c45acad-6db6-41d5-89db-d3b3e344aa65"",""client_id"":""68e07060-2057-490d-865c-e3c07c73e2ab"",""client_timestamp"":1789639790.2461998,""client_monotonic_ms"":2605762.700000003,""event_timestamp"":1789639790.2461686,""clock_offset_sec"":-3.123283386230469e-05,""clock_round_trip_ms"":3.999948501586914,""subject_id"":""sub-005"",""session_id"":""ses-001"",""block_id"":""Block 5"",""counterbalance_group"":""G05"",""block_order"":""Block 5"",""condition"":""A"",""condition_type"":""focused"",""topic_key"":""V1"",""topic_name"":""商鞅 一个改变秦国命运的男人"",""event_type"":""quiz_item_response"",""iso_time"":""2026-09-17T10:09:50.246Z"",""relative_ms"":410451,""video_time_sec"":346.795,""video_id"":""V1"",""question_id"":""V1Q2"",""question_text"":""商鞅变法中，商鞅通过采取什么方法提升参军人数？"",""response_index"":0,""response_letter"":""A"",""response_text"":""采取军功爵位制"",""correct_index"":1,""correct_letter"":""B"",""correct_text"":""采取户籍制"",""is_correct"":false,""reaction_time_ms"":9611,""submitted_iso"":""2026-09-17T10:09:50.246Z"",""submitted_relative_ms"":410451}",2c45acad-6db6-41d5-89db-d3b3e344aa65,sub-005,ses-001,8fa32b01-fc16-40c9-a51b-c9eb64bcd313,68e07060-2057-490d-865c-e3c07c73e2ab,1789639790.2961206,1789639790.2461998,2605762.700000003,68e07060-2057-490d-865c-e3c07c73e2ab,browser_calibrated,-3.123283386230469e-05,3.999948501586914,600469,600469,0,-0.8749961853027344,host_receive_nearest,verified,1,1,,,,,,,,,1,,,,,,,,,,,,,,,,,商鞅变法中，商鞅通过采取什么方法提升参军人数？,0,采取军功爵位制,V1,A,346.795,1789639790.2461998,1789639790.2962706,600469,,,,,,,,,,
735ed0c8-b90f-459a-8a80-960c4a9eb4b9,quiz_item_response,1789639790.2509687,2401.876,600485,5,5,,2,G05,A,focused,quiz_item_response,商鞅变法使秦国发生了怎样的变化？,,0.0,0.0,,V1Q3,B,B,True,19515,"{""client_event_id"":""735ed0c8-b90f-459a-8a80-960c4a9eb4b9"",""recorder_run_id"":""2c45acad-6db6-41d5-89db-d3b3e344aa65"",""client_id"":""68e07060-2057-490d-865c-e3c07c73e2ab"",""client_timestamp"":1789639790.251,""client_monotonic_ms"":2605767.499999985,""event_timestamp"":1789639790.2509687,""clock_offset_sec"":-3.123283386230469e-05,""clock_round_trip_ms"":3.999948501586914,""subject_id"":""sub-005"",""session_id"":""ses-001"",""block_id"":""Block 5"",""counterbalance_group"":""G05"",""block_order"":""Block 5"",""condition"":""A"",""condition_type"":""focused"",""topic_key"":""V1"",""topic_name"":""商鞅 一个改变秦国命运的男人"",""event_type"":""quiz_item_response"",""iso_time"":""2026-09-17T10:09:50.251Z"",""relative_ms"":410455,""video_time_sec"":346.795,""video_id"":""V1"",""question_id"":""V1Q3"",""question_text"":""商鞅变法使秦国发生了怎样的变化？"",""response_index"":1,""response_letter"":""B"",""response_text"":""国力大增，为统一六国奠定基础"",""correct_index"":1,""correct_letter"":""B"",""correct_text"":""国力大增，为统一六国奠定基础"",""is_correct"":true,""reaction_time_ms"":19515,""submitted_iso"":""2026-09-17T10:09:50.250Z"",""submitted_relative_ms"":410455}",2c45acad-6db6-41d5-89db-d3b3e344aa65,sub-005,ses-001,735ed0c8-b90f-459a-8a80-960c4a9eb4b9,68e07060-2057-490d-865c-e3c07c73e2ab,1789639790.3166916,1789639790.251,2605767.499999985,68e07060-2057-490d-865c-e3c07c73e2ab,browser_calibrated,-3.123283386230469e-05,3.999948501586914,600469,600469,0,-5.675077438354492,host_receive_nearest,verified,1,1,,,,,,,,,1,,,,,,,,,,,,,,,,,商鞅变法使秦国发生了怎样的变化？,1,国力大增，为统一六国奠定基础,V1,A,346.795,1789639790.251,1789639790.3168325,600469,,,,,,,,,,
605aeb58-f533-46d4-b0e7-d6c5303b12f4,quiz_item_response,1789639790.2551687,2401.876,600485,5,5,,2,G05,A,focused,quiz_item_response,商鞅变法能够成功推行，离不开哪位国君的支持？,,0.0,0.0,,V1Q4,B,B,True,24346,"{""client_event_id"":""605aeb58-f533-46d4-b0e7-d6c5303b12f4"",""recorder_run_id"":""2c45acad-6db6-41d5-89db-d3b3e344aa65"",""client_id"":""68e07060-2057-490d-865c-e3c07c73e2ab"",""client_timestamp"":1789639790.2552,""client_monotonic_ms"":2605771.700000003,""event_timestamp"":1789639790.2551687,""clock_offset_sec"":-3.123283386230469e-05,""clock_round_trip_ms"":3.999948501586914,""subject_id"":""sub-005"",""session_id"":""ses-001"",""block_id"":""Block 5"",""counterbalance_group"":""G05"",""block_order"":""Block 5"",""condition"":""A"",""condition_type"":""focused"",""topic_key"":""V1"",""topic_name"":""商鞅 一个改变秦国命运的男人"",""event_type"":""quiz_item_response"",""iso_time"":""2026-09-17T10:09:50.255Z"",""relative_ms"":410460,""video_time_sec"":346.795,""video_id"":""V1"",""question_id"":""V1Q4"",""question_text"":""商鞅变法能够成功推行，离不开哪位国君的支持？"",""response_index"":1,""response_letter"":""B"",""response_text"":""秦孝公"",""correct_index"":1,""correct_letter"":""B"",""correct_text"":""秦孝公"",""is_correct"":true,""reaction_time_ms"":24346,""submitted_iso"":""2026-09-17T10:09:50.255Z"",""submitted_relative_ms"":410460}",2c45acad-6db6-41d5-89db-d3b3e344aa65,sub-005,ses-001,605aeb58-f533-46d4-b0e7-d6c5303b12f4,68e07060-2057-490d-865c-e3c07c73e2ab,1789639790.3296316,1789639790.2552,2605771.700000003,68e07060-2057-490d-865c-e3c07c73e2ab,browser_calibrated,-3.123283386230469e-05,3.999948501586914,600469,600469,0,-9.875059127807617,host_receive_nearest,verified,1,1,,,,,,,,,1,,,,,,,,,,,,,,,,,商鞅变法能够成功推行，离不开哪位国君的支持？,1,秦孝公,V1,A,346.795,1789639790.2552,1789639790.329771,600469,,,,,,,,,,
0a2d4af1-cac0-4d21-b932-bf9e21d4afb8,quiz_end,1789639790.2587688,2401.876,600490,5,5,,2,G05,A,focused,quiz_end,3/4,25.994,0.0,0.0,,,,,,,"{""client_event_id"":""0a2d4af1-cac0-4d21-b932-bf9e21d4afb8"",""recorder_run_id"":""2c45acad-6db6-41d5-89db-d3b3e344aa65"",""client_id"":""68e07060-2057-490d-865c-e3c07c73e2ab"",""client_timestamp"":1789639790.2588,""client_monotonic_ms"":2605775.399999991,""event_timestamp"":1789639790.2587688,""clock_offset_sec"":-3.123283386230469e-05,""clock_round_trip_ms"":3.999948501586914,""subject_id"":""sub-005"",""session_id"":""ses-001"",""block_id"":""Block 5"",""counterbalance_group"":""G05"",""block_order"":""Block 5"",""condition"":""A"",""condition_type"":""focused"",""topic_key"":""V1"",""topic_name"":""商鞅 一个改变秦国命运的男人"",""event_type"":""quiz_end"",""iso_time"":""2026-09-17T10:09:50.258Z"",""relative_ms"":410463,""video_time_sec"":346.795,""score"":3,""total"":4,""duration_sec"":25.994}",2c45acad-6db6-41d5-89db-d3b3e344aa65,sub-005,ses-001,0a2d4af1-cac0-4d21-b932-bf9e21d4afb8,68e07060-2057-490d-865c-e3c07c73e2ab,1789639790.3416522,1789639790.2588,2605775.399999991,68e07060-2057-490d-865c-e3c07c73e2ab,browser_calibrated,-3.123283386230469e-05,3.999948501586914,600469,600469,0,-13.475179672241211,host_receive_nearest,verified,1,1,,,,,,,,,1,,,,,,,,,,,,,,,3,4,,,,V1,A,346.795,1789639790.2588,1789639790.3417773,600469,,,,,,,,,,
0a2d4af1-cac0-4d21-b932-bf9e21d4afb8,block_end,1789639790.2587688,2401.876,600490,5,5,,2,G05,A,focused,block_end,V1,,0.0,0.0,,,,,,,,2c45acad-6db6-41d5-89db-d3b3e344aa65,sub-005,ses-001,0a2d4af1-cac0-4d21-b932-bf9e21d4afb8,68e07060-2057-490d-865c-e3c07c73e2ab,1789639790.3416522,1789639790.2588,2605775.399999991,68e07060-2057-490d-865c-e3c07c73e2ab,browser_calibrated,-3.123283386230469e-05,3.999948501586914,600469,600469,0,-13.475179672241211,host_receive_nearest,verified,1,1,,,,,,,,,1,,,,,,,,,,,,,,,,,,,,V1,A,346.795,1789639790.2588,1789639790.343852,600469,,,,,,,,,,
7368bae4-efd4-4dd0-97bc-8cf81c47b192,rest_start,1789639790.2668686,2401.88,600505,5,5,,2,G05,A,focused,rest_start,after-block-5,,0.0,0.0,,,,,,,"{""client_event_id"":""7368bae4-efd4-4dd0-97bc-8cf81c47b192"",""recorder_run_id"":""2c45acad-6db6-41d5-89db-d3b3e344aa65"",""client_id"":""68e07060-2057-490d-865c-e3c07c73e2ab"",""client_timestamp"":1789639790.2668998,""client_monotonic_ms"":2605783.499999985,""event_timestamp"":1789639790.2668686,""clock_offset_sec"":-3.123283386230469e-05,""clock_round_trip_ms"":3.999948501586914,""subject_id"":""sub-005"",""session_id"":""ses-001"",""block_id"":""Block 5"",""counterbalance_group"":""G05"",""block_order"":""Block 5"",""condition"":""A"",""condition_type"":""focused"",""topic_key"":""V1"",""topic_name"":""商鞅 一个改变秦国命运的男人"",""event_type"":""rest_start"",""iso_time"":""2026-09-17T10:09:50.267Z"",""relative_ms"":410472,""video_time_sec"":346.795,""after_block_id"":5,""planned_duration"":30,""actual_duration"":"""",""is_formal_experiment"":0}",2c45acad-6db6-41d5-89db-d3b3e344aa65,sub-005,ses-001,7368bae4-efd4-4dd0-97bc-8cf81c47b192,68e07060-2057-490d-865c-e3c07c73e2ab,1789639790.4006083,1789639790.2668998,2605783.499999985,68e07060-2057-490d-865c-e3c07c73e2ab,browser_calibrated,-3.123283386230469e-05,3.999948501586914,600470,600470,0,6.584405899047852,host_receive_nearest,verified,0,1,,,,,5,,30,,0,,,,,,,,,,,,,,,,,,,,V1,A,346.795,1789639790.2668998,1789639790.400746,600470,,,,,,,,,,
fe8e7b7e-efe2-4172-ac73-07829e8f9168,export_csv,1789639792.6300688,2404.24,601070,5,5,,2,G05,A,focused,export_csv,346.795,,0.0,0.0,,,,,,,"{""client_event_id"":""fe8e7b7e-efe2-4172-ac73-07829e8f9168"",""recorder_run_id"":""2c45acad-6db6-41d5-89db-d3b3e344aa65"",""client_id"":""68e07060-2057-490d-865c-e3c07c73e2ab"",""client_timestamp"":1789639792.6301,""client_monotonic_ms"":2608146.600000009,""event_timestamp"":1789639792.6300688,""clock_offset_sec"":-3.123283386230469e-05,""clock_round_trip_ms"":3.999948501586914,""subject_id"":""sub-005"",""session_id"":""ses-001"",""block_id"":""Block 5"",""counterbalance_group"":""G05"",""block_order"":""Block 5"",""condition"":""A"",""condition_type"":""focused"",""topic_key"":""V1"",""topic_name"":""商鞅 一个改变秦国命运的男人"",""event_type"":""export_csv"",""iso_time"":""2026-09-17T10:09:52.630Z"",""relative_ms"":412835,""video_time_sec"":346.795}",2c45acad-6db6-41d5-89db-d3b3e344aa65,sub-005,ses-001,fe8e7b7e-efe2-4172-ac73-07829e8f9168,68e07060-2057-490d-865c-e3c07c73e2ab,1789639792.651227,1789639792.6301,2608146.600000009,68e07060-2057-490d-865c-e3c07c73e2ab,browser_calibrated,-3.123283386230469e-05,3.999948501586914,601060,601060,0,14.26076889038086,host_receive_nearest,verified,0,0,,,,,,,,,1,,,,,,,,,,,,,,,,,,,,V1,A,346.795,1789639792.6301,1789639792.6513615,601060,,,,,,,,,,
ad163547-6f7d-4e7a-b5e4-f6073cc33654,export_json,1789639795.2137687,2406.82,601715,5,5,,2,G05,A,focused,export_json,346.795,,0.0,0.0,,,,,,,"{""client_event_id"":""ad163547-6f7d-4e7a-b5e4-f6073cc33654"",""recorder_run_id"":""2c45acad-6db6-41d5-89db-d3b3e344aa65"",""client_id"":""68e07060-2057-490d-865c-e3c07c73e2ab"",""client_timestamp"":1789639795.2138,""client_monotonic_ms"":2610730.299999997,""event_timestamp"":1789639795.2137687,""clock_offset_sec"":-3.123283386230469e-05,""clock_round_trip_ms"":3.999948501586914,""subject_id"":""sub-005"",""session_id"":""ses-001"",""block_id"":""Block 5"",""counterbalance_group"":""G05"",""block_order"":""Block 5"",""condition"":""A"",""condition_type"":""focused"",""topic_key"":""V1"",""topic_name"":""商鞅 一个改变秦国命运的男人"",""event_type"":""export_json"",""iso_time"":""2026-09-17T10:09:55.213Z"",""relative_ms"":415418,""video_time_sec"":346.795}",2c45acad-6db6-41d5-89db-d3b3e344aa65,sub-005,ses-001,ad163547-6f7d-4e7a-b5e4-f6073cc33654,68e07060-2057-490d-865c-e3c07c73e2ab,1789639795.2318733,1789639795.2138,2610730.299999997,68e07060-2057-490d-865c-e3c07c73e2ab,browser_calibrated,-3.123283386230469e-05,3.999948501586914,601705,601705,0,9.982585906982422,host_receive_nearest,verified,0,0,,,,,,,,,1,,,,,,,,,,,,,,,,,,,,V1,A,346.795,1789639795.2138,1789639795.2319999,601705,,,,,,,,,,
c7f20dfe-6420-4a56-8589-6bf488e2a065,manual_anomaly_marker,1789639810.1646981,2421.756,605440,,,,,G05,,,manual_anomaly_marker,说话,,0.0,0.0,,,,,,,,2c45acad-6db6-41d5-89db-d3b3e344aa65,sub-005,ses-001,,,1789639810.1646981,,,recorder,server,,,605439,605439,0,-24.927139282226562,host_receive_nearest,,,,,,,,,,,,0,,,,,,,,,,,,,,,,,,,,,,,,1789639810.1646981,605439,,,,,,,,,,
b4451fa8-4433-4533-aa92-3122e6d8474b,manual_anomaly_marker,1789639812.7881489,2424.396,606100,,,,,G05,,,manual_anomaly_marker,其他运动,,0.0,0.0,,,,,,,,2c45acad-6db6-41d5-89db-d3b3e344aa65,sub-005,ses-001,,,1789639812.7881489,,,recorder,server,,,606099,606099,0,-14.240264892578125,host_receive_nearest,,,,,,,,,,,,0,,,,,,,,,,,,,,,,,,,,,,,,1789639812.7881489,606099,,,,,,,,,,
dc49d867-720a-4e33-a625-6d586f2fd05e,rest_end,1789639829.8201494,2441.436,610360,5,5,,2,G05,A,focused,rest_end,after-block-5,39.553,0.0,0.0,,,,,,,"{""client_event_id"":""dc49d867-720a-4e33-a625-6d586f2fd05e"",""recorder_run_id"":""2c45acad-6db6-41d5-89db-d3b3e344aa65"",""client_id"":""68e07060-2057-490d-865c-e3c07c73e2ab"",""client_timestamp"":1789639829.8197,""client_monotonic_ms"":2645336.200000003,""event_timestamp"":1789639829.8201494,""clock_offset_sec"":0.0004494190216064453,""clock_round_trip_ms"":5.699872970581055,""subject_id"":""sub-005"",""session_id"":""ses-001"",""block_id"":""Block 5"",""counterbalance_group"":""G05"",""block_order"":""Block 5"",""condition"":""A"",""condition_type"":""focused"",""topic_key"":""V1"",""topic_name"":""商鞅 一个改变秦国命运的男人"",""event_type"":""rest_end"",""iso_time"":""2026-09-17T10:10:29.819Z"",""relative_ms"":450024,""video_time_sec"":346.795,""after_block_id"":5,""planned_duration"":30,""actual_duration"":39.553,""duration_sec"":39.553,""is_formal_experiment"":0,""debug_early"":false}",2c45acad-6db6-41d5-89db-d3b3e344aa65,sub-005,ses-001,dc49d867-720a-4e33-a625-6d586f2fd05e,68e07060-2057-490d-865c-e3c07c73e2ab,1789639829.8311837,1789639829.8197,2645336.200000003,68e07060-2057-490d-865c-e3c07c73e2ab,browser_calibrated,0.0004494190216064453,5.699872970581055,610359,610359,0,-5.784273147583008,host_receive_nearest,verified,0,1,,,,,5,,30,39.553,0,,,,,,,,,,,,,,,,,,,,V1,A,346.795,1789639829.8197,1789639829.8313062,610359,,,,,,,,,,
195986c2-4662-44d6-87c5-fa4181dba423,block_start,1789639836.0445495,2447.62,611920,6,6,,2,G05,B,bbbd_subtraction,block_start,V2,,0.0,0.0,,,,,,,condition=B; condition_type=bbbd_subtraction,2c45acad-6db6-41d5-89db-d3b3e344aa65,sub-005,ses-001,195986c2-4662-44d6-87c5-fa4181dba423,68e07060-2057-490d-865c-e3c07c73e2ab,1789639836.0609193,1789639836.0441,2651560.600000009,68e07060-2057-490d-865c-e3c07c73e2ab,browser_calibrated,0.0004494190216064453,5.699872970581055,611905,611905,0,8.619070053100586,host_receive_nearest,verified,0,1,941,1789637281.7896738,,,,,,,1,,,,,,,,,,,,,,,,,,,,V2,B,0,1789639836.0441,1789639836.0612419,611905,,,,,,,,,,
195986c2-4662-44d6-87c5-fa4181dba423,condition_prompt_start,1789639836.0445495,2447.62,611920,6,6,,2,G05,B,bbbd_subtraction,condition_prompt_start,B,,0.0,0.0,,,,,,,,2c45acad-6db6-41d5-89db-d3b3e344aa65,sub-005,ses-001,195986c2-4662-44d6-87c5-fa4181dba423,68e07060-2057-490d-865c-e3c07c73e2ab,1789639836.0609193,1789639836.0441,2651560.600000009,68e07060-2057-490d-865c-e3c07c73e2ab,browser_calibrated,0.0004494190216064453,5.699872970581055,611905,611905,0,8.619070053100586,host_receive_nearest,verified,0,1,,,,,,,,,1,,,,,,,,,,,,,,,,,,,,V2,B,0,1789639836.0441,1789639836.0616295,611905,,,,,,,,,,
195986c2-4662-44d6-87c5-fa4181dba423,browser_block_config,1789639836.0445495,2447.62,611920,6,6,,2,G05,B,bbbd_subtraction,browser_block_config,V2,,0.0,0.0,,,,,,,"{""client_event_id"":""195986c2-4662-44d6-87c5-fa4181dba423"",""recorder_run_id"":""2c45acad-6db6-41d5-89db-d3b3e344aa65"",""client_id"":""68e07060-2057-490d-865c-e3c07c73e2ab"",""client_timestamp"":1789639836.0441,""client_monotonic_ms"":2651560.600000009,""event_timestamp"":1789639836.0445495,""clock_offset_sec"":0.0004494190216064453,""clock_round_trip_ms"":5.699872970581055,""subject_id"":""sub-005"",""session_id"":""ses-001"",""block_id"":""Block 6"",""counterbalance_group"":""G05"",""block_order"":""Block 6"",""condition"":""B"",""condition_type"":""bbbd_subtraction"",""topic_key"":""V2"",""topic_name"":""百家争鸣 到底是哪百家"",""event_type"":""block_start"",""iso_time"":""2026-09-17T10:10:36.044Z"",""relative_ms"":0,""video_time_sec"":0,""block_start_iso"":""2026-09-17T10:10:36.043Z"",""config_json"":""{\""recorder_run_id\"":\""2c45acad-6db6-41d5-89db-d3b3e344aa65\"",\""subject_id\"":\""sub-005\"",\""session_id\"":\""ses-001\"",\""block_id\"":\""Block 6\"",\""counterbalance_group\"":\""G05\"",\""condition\"":\""B\"",\""condition_type\"":\""bbbd_subtraction\"",\""topic_key\"":\""V2\"",\""topic_name\"":\""百家争鸣 到底是哪百家\"",\""video_file\"":\""视频2-混知漫画｜百家争鸣，到底是哪百家？-480P 标清-AVC.mp4\"",\""start_number\"":941,\""generated_timestamp\"":1789637281.7896738}""}",2c45acad-6db6-41d5-89db-d3b3e344aa65,sub-005,ses-001,195986c2-4662-44d6-87c5-fa4181dba423,68e07060-2057-490d-865c-e3c07c73e2ab,1789639836.0609193,1789639836.0441,2651560.600000009,68e07060-2057-490d-865c-e3c07c73e2ab,browser_calibrated,0.0004494190216064453,5.699872970581055,611905,611905,0,8.619070053100586,host_receive_nearest,verified,0,1,,,,,,,,,1,,,,,,,,,,,,,,,,,,,,V2,B,0,1789639836.0441,1789639836.0618675,611905,,,,,,,,,,
c7cb8ecf-39e3-4259-97b4-ca9abca68a74,probe_schedule,1789639836.1111493,2447.72,611935,6,6,,2,G05,B,bbbd_subtraction,probe_schedule,"66.813,142.064,232.389,282.099",,0.0,0.0,,,,,,,"{""client_event_id"":""c7cb8ecf-39e3-4259-97b4-ca9abca68a74"",""recorder_run_id"":""2c45acad-6db6-41d5-89db-d3b3e344aa65"",""client_id"":""68e07060-2057-490d-865c-e3c07c73e2ab"",""client_timestamp"":1789639836.1107,""client_monotonic_ms"":2651627.200000003,""event_timestamp"":1789639836.1111493,""clock_offset_sec"":0.0004494190216064453,""clock_round_trip_ms"":5.699872970581055,""subject_id"":""sub-005"",""session_id"":""ses-001"",""block_id"":""Block 6"",""counterbalance_group"":""G05"",""block_order"":""Block 6"",""condition"":""B"",""condition_type"":""bbbd_subtraction"",""topic_key"":""V2"",""topic_name"":""百家争鸣 到底是哪百家"",""event_type"":""probe_schedule"",""iso_time"":""2026-09-17T10:10:36.110Z"",""relative_ms"":67,""video_time_sec"":0,""probe_schedule_id"":""1c4d03d0-259a-4a05-8d2b-75f4ec7d531c"",""probe_times"":[66.813,142.064,232.389,282.099],""probe_config"":{""probes_per_block"":4,""min_first_onset_sec"":45,""min_end_margin_sec"":30,""min_gap_sec"":45},""video_duration_sec"":312.773,""video_id"":""V2"",""debug_fast"":false}",2c45acad-6db6-41d5-89db-d3b3e344aa65,sub-005,ses-001,c7cb8ecf-39e3-4259-97b4-ca9abca68a74,68e07060-2057-490d-865c-e3c07c73e2ab,1789639836.1223388,1789639836.1107,2651627.200000003,68e07060-2057-490d-865c-e3c07c73e2ab,browser_calibrated,0.0004494190216064453,5.699872970581055,611930,611930,0,3.8309097290039062,host_receive_nearest,verified,1,1,,,,,,,,,1,,,,,,,,,,,,,,,,,,,,V2,B,0,1789639836.1107,1789639836.1225069,611930,,4,1c4d03d0-259a-4a05-8d2b-75f4ec7d531c,,,,,,,
961b2c74-2d4c-4a29-bd90-d64f9ec0a965,subtraction_start_number_displayed,1789639836.1192496,2447.736,611950,6,6,,2,G05,B,bbbd_subtraction,subtraction_start_number_displayed,941,,0.0,0.0,,,,,,,"{""client_event_id"":""961b2c74-2d4c-4a29-bd90-d64f9ec0a965"",""recorder_run_id"":""2c45acad-6db6-41d5-89db-d3b3e344aa65"",""client_id"":""68e07060-2057-490d-865c-e3c07c73e2ab"",""client_timestamp"":1789639836.1188002,""client_monotonic_ms"":2651635.299999997,""event_timestamp"":1789639836.1192496,""clock_offset_sec"":0.0004494190216064453,""clock_round_trip_ms"":5.699872970581055,""subject_id"":""sub-005"",""session_id"":""ses-001"",""block_id"":""Block 6"",""counterbalance_group"":""G05"",""block_order"":""Block 6"",""condition"":""B"",""condition_type"":""bbbd_subtraction"",""topic_key"":""V2"",""topic_name"":""百家争鸣 到底是哪百家"",""event_type"":""subtraction_start_number_displayed"",""iso_time"":""2026-09-17T10:10:36.118Z"",""relative_ms"":75,""video_time_sec"":0,""start_number"":941,""generated_timestamp"":1789637281.7896738,""displayed_timestamp"":1789639836.1188002}",2c45acad-6db6-41d5-89db-d3b3e344aa65,sub-005,ses-001,961b2c74-2d4c-4a29-bd90-d64f9ec0a965,68e07060-2057-490d-865c-e3c07c73e2ab,1789639836.1754043,1789639836.1188002,2651635.299999997,68e07060-2057-490d-865c-e3c07c73e2ab,browser_calibrated,0.0004494190216064453,5.699872970581055,611934,611934,0,-4.022121429443359,host_receive_nearest,verified,1,0,941,1789637281.7896738,1789639836.1188002,,,,,,1,,,,,,,,,,,,,,,,,,,,V2,B,0,1789639836.1188002,1789639836.175515,611934,,,,,,,,,,
582504c4-ba83-4b9c-adc8-766ccecdc11f,condition_prompt_end,1789639841.1421,2452.756,613190,6,6,,2,G05,B,bbbd_subtraction,condition_prompt_end,0.002,,0.0,0.0,,,,,,,"{""client_event_id"":""582504c4-ba83-4b9c-adc8-766ccecdc11f"",""recorder_run_id"":""2c45acad-6db6-41d5-89db-d3b3e344aa65"",""client_id"":""68e07060-2057-490d-865c-e3c07c73e2ab"",""client_timestamp"":1789639841.1422,""client_monotonic_ms"":2656658.700000003,""event_timestamp"":1789639841.1421,""clock_offset_sec"":0.0004494190216064453,""clock_round_trip_ms"":5.699872970581055,""subject_id"":""sub-005"",""session_id"":""ses-001"",""block_id"":""Block 6"",""counterbalance_group"":""G05"",""block_order"":""Block 6"",""condition"":""B"",""condition_type"":""bbbd_subtraction"",""topic_key"":""V2"",""topic_name"":""百家争鸣 到底是哪百家"",""event_type"":""condition_prompt_end"",""iso_time"":""2026-09-17T10:10:41.142Z"",""relative_ms"":5098,""video_time_sec"":0.002}",2c45acad-6db6-41d5-89db-d3b3e344aa65,sub-005,ses-001,582504c4-ba83-4b9c-adc8-766ccecdc11f,68e07060-2057-490d-865c-e3c07c73e2ab,1789639841.1842184,1789639841.1422,2656658.700000003,68e07060-2057-490d-865c-e3c07c73e2ab,browser_calibrated,0.0004494190216064453,5.699872970581055,613189,613189,0,-14.271974563598633,host_receive_nearest,verified,1,0,,,,,,,,,1,,,,,,,,,,,,,,,,,,,,V2,B,0.002,1789639841.1422,1789639841.1842773,613189,,,,,,,,,,
5cec6262-0742-418b-b7ef-4006f7dcca50,video_start,1789639841.1421,2452.756,613205,6,6,,2,G05,B,bbbd_subtraction,video_start,V2,,0.0,0.0,,,,,,,,2c45acad-6db6-41d5-89db-d3b3e344aa65,sub-005,ses-001,5cec6262-0742-418b-b7ef-4006f7dcca50,68e07060-2057-490d-865c-e3c07c73e2ab,1789639841.1946728,1789639841.1487,2656665.200000003,68e07060-2057-490d-865c-e3c07c73e2ab,browser_calibrated,0.0004494190216064453,5.699872970581055,613189,613189,0,-14.271974563598633,host_receive_nearest,verified,1,1,,,,,,,,,1,,,,,,,,,,,,,,,,,,,,V2,B,0.002,1789639841.1487,1789639841.1947155,613189,,,,,,,,,,
5cec6262-0742-418b-b7ef-4006f7dcca50,video_play,1789639841.1421,2452.756,613205,6,6,,2,G05,B,bbbd_subtraction,video_play,0.002,,0.0,0.0,,,,,,,"{""client_event_id"":""5cec6262-0742-418b-b7ef-4006f7dcca50"",""recorder_run_id"":""2c45acad-6db6-41d5-89db-d3b3e344aa65"",""client_id"":""68e07060-2057-490d-865c-e3c07c73e2ab"",""client_timestamp"":1789639841.1487,""client_monotonic_ms"":2656665.200000003,""event_timestamp"":1789639841.1421,""clock_offset_sec"":0.0004494190216064453,""clock_round_trip_ms"":5.699872970581055,""subject_id"":""sub-005"",""session_id"":""ses-001"",""block_id"":""Block 6"",""counterbalance_group"":""G05"",""block_order"":""Block 6"",""condition"":""B"",""condition_type"":""bbbd_subtraction"",""topic_key"":""V2"",""topic_name"":""百家争鸣 到底是哪百家"",""event_type"":""video_play"",""iso_time"":""2026-09-17T10:10:41.148Z"",""relative_ms"":5105,""video_time_sec"":0.002}",2c45acad-6db6-41d5-89db-d3b3e344aa65,sub-005,ses-001,5cec6262-0742-418b-b7ef-4006f7dcca50,68e07060-2057-490d-865c-e3c07c73e2ab,1789639841.1946728,1789639841.1487,2656665.200000003,68e07060-2057-490d-865c-e3c07c73e2ab,browser_calibrated,0.0004494190216064453,5.699872970581055,613189,613189,0,-14.271974563598633,host_receive_nearest,verified,1,1,,,,,,,,,1,,,,,,,,,,,,,,,,,,,,V2,B,0.002,1789639841.1487,1789639841.1949084,613189,,,,,,,,,,
3584debd-7ebc-4a37-b498-57dcdff294b3,subtraction_start_number_hidden,1789639841.1421,2452.756,613205,6,6,,2,G05,B,bbbd_subtraction,subtraction_start_number_hidden,941,,0.0,0.0,,,,,,,"{""client_event_id"":""3584debd-7ebc-4a37-b498-57dcdff294b3"",""recorder_run_id"":""2c45acad-6db6-41d5-89db-d3b3e344aa65"",""client_id"":""68e07060-2057-490d-865c-e3c07c73e2ab"",""client_timestamp"":1789639841.155,""client_monotonic_ms"":2656671.499999985,""event_timestamp"":1789639841.1421,""clock_offset_sec"":0.0004494190216064453,""clock_round_trip_ms"":5.699872970581055,""subject_id"":""sub-005"",""session_id"":""ses-001"",""block_id"":""Block 6"",""counterbalance_group"":""G05"",""block_order"":""Block 6"",""condition"":""B"",""condition_type"":""bbbd_subtraction"",""topic_key"":""V2"",""topic_name"":""百家争鸣 到底是哪百家"",""event_type"":""subtraction_start_number_hidden"",""iso_time"":""2026-09-17T10:10:41.155Z"",""relative_ms"":5111,""video_time_sec"":0.002,""start_number"":941,""generated_timestamp"":1789637281.7896738,""displayed_timestamp"":1789639836.1188002,""hidden_timestamp"":1789639841.1421}",2c45acad-6db6-41d5-89db-d3b3e344aa65,sub-005,ses-001,3584debd-7ebc-4a37-b498-57dcdff294b3,68e07060-2057-490d-865c-e3c07c73e2ab,1789639841.2068841,1789639841.155,2656671.499999985,68e07060-2057-490d-865c-e3c07c73e2ab,browser_calibrated,0.0004494190216064453,5.699872970581055,613189,613189,0,-14.271974563598633,host_receive_nearest,verified,1,0,941,1789637281.7896738,1789639836.1188002,1789639841.1421,,,,,1,,,,,,,,,,,,,,,,,,,,V2,B,0.002,1789639841.155,1789639841.2069902,613189,,,,,,,,,,
7b568aef-b582-4f37-81b6-f8de99fb4fbb,probe_onset,1789639908.1526,2519.736,629935,6,6,,2,G05,B,bbbd_subtraction,probe_onset,Block 6_1_1c4d03d0,,0.0,0.0,,,,,,,"{""client_event_id"":""7b568aef-b582-4f37-81b6-f8de99fb4fbb"",""recorder_run_id"":""2c45acad-6db6-41d5-89db-d3b3e344aa65"",""client_id"":""68e07060-2057-490d-865c-e3c07c73e2ab"",""client_timestamp"":1789639908.1525,""client_monotonic_ms"":2723668.999999985,""event_timestamp"":1789639908.1526,""clock_offset_sec"":0.00010013580322265625,""clock_round_trip_ms"":5.300045013427734,""subject_id"":""sub-005"",""session_id"":""ses-001"",""block_id"":""Block 6"",""counterbalance_group"":""G05"",""block_order"":""Block 6"",""condition"":""B"",""condition_type"":""bbbd_subtraction"",""topic_key"":""V2"",""topic_name"":""百家争鸣 到底是哪百家"",""event_type"":""probe_onset"",""iso_time"":""2026-09-17T10:11:48.152Z"",""relative_ms"":72109,""video_time_sec"":66.962,""probe_id"":""Block 6_1_1c4d03d0"",""probe_index"":1,""probe_schedule_id"":""1c4d03d0-259a-4a05-8d2b-75f4ec7d531c"",""probe_planned_time_sec"":66.813,""video_id"":""V2"",""pause_reason"":""thought_probe"",""forced"":false}",2c45acad-6db6-41d5-89db-d3b3e344aa65,sub-005,ses-001,7b568aef-b582-4f37-81b6-f8de99fb4fbb,68e07060-2057-490d-865c-e3c07c73e2ab,1789639908.178874,1789639908.1525,2723668.999999985,68e07060-2057-490d-865c-e3c07c73e2ab,browser_calibrated,0.00010013580322265625,5.300045013427734,629934,629934,0,-36.170244216918945,host_receive_nearest,verified,1,1,,,,,,,,,1,,,,,,,,,,,,,,,,,,,,V2,B,66.962,1789639908.1525,1789639908.1789603,629934,Block 6_1_1c4d03d0,1,1c4d03d0-259a-4a05-8d2b-75f4ec7d531c,66.813,,,,,,thought_probe
aff835c8-bb5b-4130-8774-7946dee52c02,attention_response,1789639910.8928,2522.496,630625,6,6,,2,G05,B,bbbd_subtraction,attention_response,2,,0.0,0.0,,,,,,,"{""client_event_id"":""aff835c8-bb5b-4130-8774-7946dee52c02"",""recorder_run_id"":""2c45acad-6db6-41d5-89db-d3b3e344aa65"",""client_id"":""68e07060-2057-490d-865c-e3c07c73e2ab"",""client_timestamp"":1789639910.8927,""client_monotonic_ms"":2726409.200000003,""event_timestamp"":1789639910.8928,""clock_offset_sec"":0.00010013580322265625,""clock_round_trip_ms"":5.300045013427734,""subject_id"":""sub-005"",""session_id"":""ses-001"",""block_id"":""Block 6"",""counterbalance_group"":""G05"",""block_order"":""Block 6"",""condition"":""B"",""condition_type"":""bbbd_subtraction"",""topic_key"":""V2"",""topic_name"":""百家争鸣 到底是哪百家"",""event_type"":""attention_response"",""iso_time"":""2026-09-17T10:11:50.892Z"",""relative_ms"":74849,""video_time_sec"":66.962,""probe_id"":""Block 6_1_1c4d03d0"",""probe_index"":1,""probe_schedule_id"":""1c4d03d0-259a-4a05-8d2b-75f4ec7d531c"",""probe_planned_time_sec"":66.813,""video_id"":""V2"",""response"":2,""response_label"":""连续减7心算任务"",""probe_attention"":""OFF"",""response_time_ms"":2740}",2c45acad-6db6-41d5-89db-d3b3e344aa65,sub-005,ses-001,aff835c8-bb5b-4130-8774-7946dee52c02,68e07060-2057-490d-865c-e3c07c73e2ab,1789639910.9038475,1789639910.8927,2726409.200000003,68e07060-2057-490d-865c-e3c07c73e2ab,browser_calibrated,0.00010013580322265625,5.300045013427734,630624,630624,0,-16.780376434326172,host_receive_nearest,verified,1,1,,,,,,,,,1,,,,,,,,,,,,,,,,,,,,V2,B,66.962,1789639910.8927,1789639910.9402227,630624,Block 6_1_1c4d03d0,1,1c4d03d0-259a-4a05-8d2b-75f4ec7d531c,66.813,2,连续减7心算任务,2740,,OFF,
41013359-4c9e-4adb-8ed4-ecb0a5fca114,confidence_response,1789639912.075112,2523.696,630925,6,6,,2,G05,B,bbbd_subtraction,confidence_response,4,,0.0,0.0,,,,,,,"{""client_event_id"":""41013359-4c9e-4adb-8ed4-ecb0a5fca114"",""recorder_run_id"":""2c45acad-6db6-41d5-89db-d3b3e344aa65"",""client_id"":""68e07060-2057-490d-865c-e3c07c73e2ab"",""client_timestamp"":1789639912.0751998,""client_monotonic_ms"":2727591.700000003,""event_timestamp"":1789639912.075112,""clock_offset_sec"":-8.7738037109375e-05,""clock_round_trip_ms"":8.199930191040039,""subject_id"":""sub-005"",""session_id"":""ses-001"",""block_id"":""Block 6"",""counterbalance_group"":""G05"",""block_order"":""Block 6"",""condition"":""B"",""condition_type"":""bbbd_subtraction"",""topic_key"":""V2"",""topic_name"":""百家争鸣 到底是哪百家"",""event_type"":""confidence_response"",""iso_time"":""2026-09-17T10:11:52.075Z"",""relative_ms"":76031,""video_time_sec"":66.962,""probe_id"":""Block 6_1_1c4d03d0"",""probe_index"":1,""probe_schedule_id"":""1c4d03d0-259a-4a05-8d2b-75f4ec7d531c"",""probe_planned_time_sec"":66.813,""video_id"":""V2"",""response"":2,""confidence"":4,""response_time_ms"":1183}",2c45acad-6db6-41d5-89db-d3b3e344aa65,sub-005,ses-001,41013359-4c9e-4adb-8ed4-ecb0a5fca114,68e07060-2057-490d-865c-e3c07c73e2ab,1789639912.0917687,1789639912.0751998,2727591.700000003,68e07060-2057-490d-865c-e3c07c73e2ab,browser_calibrated,-8.7738037109375e-05,8.199930191040039,630924,630924,0,-2.079486846923828,host_receive_nearest,verified,1,1,,,,,,,,,1,,,,,,,,,,,,,,,,,,,,V2,B,66.962,1789639912.0751998,1789639912.1254365,630924,Block 6_1_1c4d03d0,1,1c4d03d0-259a-4a05-8d2b-75f4ec7d531c,66.813,,,1183,4,,
5913b8b0-f297-4af9-ac79-dfe47351caa3,phase_change,1789639912.0824122,2523.696,630940,6,6,,2,G05,B,bbbd_subtraction,phase_change,video,,0.0,0.0,,,,,,,,2c45acad-6db6-41d5-89db-d3b3e344aa65,sub-005,ses-001,5913b8b0-f297-4af9-ac79-dfe47351caa3,68e07060-2057-490d-865c-e3c07c73e2ab,1789639912.1468709,1789639912.0825,2727598.999999985,68e07060-2057-490d-865c-e3c07c73e2ab,browser_calibrated,-8.7738037109375e-05,8.199930191040039,630924,630924,0,-9.37962532043457,host_receive_nearest,verified,1,1,,,,,,,,,1,,,,,,,,,,,,,,,,,,,,V2,B,67.024,1789639912.0825,1789639912.1470222,630924,,,,,,,,,,
5913b8b0-f297-4af9-ac79-dfe47351caa3,video_resume,1789639912.0824122,2523.696,630940,6,6,,2,G05,B,bbbd_subtraction,video_resume,67.024,,0.0,0.0,,,,,,,"{""client_event_id"":""5913b8b0-f297-4af9-ac79-dfe47351caa3"",""recorder_run_id"":""2c45acad-6db6-41d5-89db-d3b3e344aa65"",""client_id"":""68e07060-2057-490d-865c-e3c07c73e2ab"",""client_timestamp"":1789639912.0825,""client_monotonic_ms"":2727598.999999985,""event_timestamp"":1789639912.0824122,""clock_offset_sec"":-8.7738037109375e-05,""clock_round_trip_ms"":8.199930191040039,""subject_id"":""sub-005"",""session_id"":""ses-001"",""block_id"":""Block 6"",""counterbalance_group"":""G05"",""block_order"":""Block 6"",""condition"":""B"",""condition_type"":""bbbd_subtraction"",""topic_key"":""V2"",""topic_name"":""百家争鸣 到底是哪百家"",""event_type"":""video_resume"",""iso_time"":""2026-09-17T10:11:52.082Z"",""relative_ms"":76039,""video_time_sec"":67.024,""probe_id"":""Block 6_1_1c4d03d0"",""probe_index"":1,""probe_schedule_id"":""1c4d03d0-259a-4a05-8d2b-75f4ec7d531c"",""probe_planned_time_sec"":66.813,""video_id"":""V2"",""pause_reason"":""thought_probe"",""resume_status"":""playing""}",2c45acad-6db6-41d5-89db-d3b3e344aa65,sub-005,ses-001,5913b8b0-f297-4af9-ac79-dfe47351caa3,68e07060-2057-490d-865c-e3c07c73e2ab,1789639912.1468709,1789639912.0825,2727598.999999985,68e07060-2057-490d-865c-e3c07c73e2ab,browser_calibrated,-8.7738037109375e-05,8.199930191040039,630924,630924,0,-9.37962532043457,host_receive_nearest,verified,1,1,,,,,,,,,1,,,,,,,,,,,,,,,,,,,,V2,B,67.024,1789639912.0825,1789639912.1474328,630924,Block 6_1_1c4d03d0,,,,,,,,,thought_probe
f4fbc4c7-5f60-4cc2-80a2-d4234279410a,probe_onset,1789639987.3175867,2598.932,649734,6,6,,2,G05,B,bbbd_subtraction,probe_onset,Block 6_2_1c4d03d0,,0.0,0.0,,,,,,,"{""client_event_id"":""f4fbc4c7-5f60-4cc2-80a2-d4234279410a"",""recorder_run_id"":""2c45acad-6db6-41d5-89db-d3b3e344aa65"",""client_id"":""68e07060-2057-490d-865c-e3c07c73e2ab"",""client_timestamp"":1789639987.3174,""client_monotonic_ms"":2802833.899999991,""event_timestamp"":1789639987.3175867,""clock_offset_sec"":0.00018668174743652344,""clock_round_trip_ms"":8.800029754638672,""subject_id"":""sub-005"",""session_id"":""ses-001"",""block_id"":""Block 6"",""counterbalance_group"":""G05"",""block_order"":""Block 6"",""condition"":""B"",""condition_type"":""bbbd_subtraction"",""topic_key"":""V2"",""topic_name"":""百家争鸣 到底是哪百家"",""event_type"":""probe_onset"",""iso_time"":""2026-09-17T10:13:07.317Z"",""relative_ms"":151273,""video_time_sec"":142.199,""probe_id"":""Block 6_2_1c4d03d0"",""probe_index"":2,""probe_schedule_id"":""1c4d03d0-259a-4a05-8d2b-75f4ec7d531c"",""probe_planned_time_sec"":142.064,""video_id"":""V2"",""pause_reason"":""thought_probe"",""forced"":false}",2c45acad-6db6-41d5-89db-d3b3e344aa65,sub-005,ses-001,f4fbc4c7-5f60-4cc2-80a2-d4234279410a,68e07060-2057-490d-865c-e3c07c73e2ab,1789639987.3241806,1789639987.3174,2802833.899999991,68e07060-2057-490d-865c-e3c07c73e2ab,browser_calibrated,0.00018668174743652344,8.800029754638672,649733,649733,0,-3.618001937866211,host_receive_nearest,verified,1,1,,,,,,,,,1,,,,,,,,,,,,,,,,,,,,V2,B,142.199,1789639987.3174,1789639987.3243148,649733,Block 6_2_1c4d03d0,2,1c4d03d0-259a-4a05-8d2b-75f4ec7d531c,142.064,,,,,,thought_probe
44b22ec3-3419-4a3b-9432-9f2cf1be002c,attention_response,1789639990.0434868,2601.632,650409,6,6,,2,G05,B,bbbd_subtraction,attention_response,2,,0.0,0.0,,,,,,,"{""client_event_id"":""44b22ec3-3419-4a3b-9432-9f2cf1be002c"",""recorder_run_id"":""2c45acad-6db6-41d5-89db-d3b3e344aa65"",""client_id"":""68e07060-2057-490d-865c-e3c07c73e2ab"",""client_timestamp"":1789639990.0433002,""client_monotonic_ms"":2805559.799999997,""event_timestamp"":1789639990.0434868,""clock_offset_sec"":0.00018668174743652344,""clock_round_trip_ms"":8.800029754638672,""subject_id"":""sub-005"",""session_id"":""ses-001"",""block_id"":""Block 6"",""counterbalance_group"":""G05"",""block_order"":""Block 6"",""condition"":""B"",""condition_type"":""bbbd_subtraction"",""topic_key"":""V2"",""topic_name"":""百家争鸣 到底是哪百家"",""event_type"":""attention_response"",""iso_time"":""2026-09-17T10:13:10.043Z"",""relative_ms"":153999,""video_time_sec"":142.199,""probe_id"":""Block 6_2_1c4d03d0"",""probe_index"":2,""probe_schedule_id"":""1c4d03d0-259a-4a05-8d2b-75f4ec7d531c"",""probe_planned_time_sec"":142.064,""video_id"":""V2"",""response"":2,""response_label"":""连续减7心算任务"",""probe_attention"":""OFF"",""response_time_ms"":2726}",2c45acad-6db6-41d5-89db-d3b3e344aa65,sub-005,ses-001,44b22ec3-3419-4a3b-9432-9f2cf1be002c,68e07060-2057-490d-865c-e3c07c73e2ab,1789639990.0568566,1789639990.0433002,2805559.799999997,68e07060-2057-490d-865c-e3c07c73e2ab,browser_calibrated,0.00018668174743652344,8.800029754638672,650408,650408,0,-30.699491500854492,host_receive_nearest,verified,1,1,,,,,,,,,1,,,,,,,,,,,,,,,,,,,,V2,B,142.199,1789639990.0433002,1789639990.0902214,650408,Block 6_2_1c4d03d0,2,1c4d03d0-259a-4a05-8d2b-75f4ec7d531c,142.064,2,连续减7心算任务,2726,,OFF,
f56a846a-e74c-4952-bd1f-3225299872d2,confidence_response,1789639991.4364533,2603.052,650764,6,6,,2,G05,B,bbbd_subtraction,confidence_response,4,,0.0,0.0,,,,,,,"{""client_event_id"":""f56a846a-e74c-4952-bd1f-3225299872d2"",""recorder_run_id"":""2c45acad-6db6-41d5-89db-d3b3e344aa65"",""client_id"":""68e07060-2057-490d-865c-e3c07c73e2ab"",""client_timestamp"":1789639991.4362,""client_monotonic_ms"":2806952.700000003,""event_timestamp"":1789639991.4364533,""clock_offset_sec"":0.00025343894958496094,""clock_round_trip_ms"":7.499933242797852,""subject_id"":""sub-005"",""session_id"":""ses-001"",""block_id"":""Block 6"",""counterbalance_group"":""G05"",""block_order"":""Block 6"",""condition"":""B"",""condition_type"":""bbbd_subtraction"",""topic_key"":""V2"",""topic_name"":""百家争鸣 到底是哪百家"",""event_type"":""confidence_response"",""iso_time"":""2026-09-17T10:13:11.436Z"",""relative_ms"":155392,""video_time_sec"":142.199,""probe_id"":""Block 6_2_1c4d03d0"",""probe_index"":2,""probe_schedule_id"":""1c4d03d0-259a-4a05-8d2b-75f4ec7d531c"",""probe_planned_time_sec"":142.064,""video_id"":""V2"",""response"":2,""confidence"":4,""response_time_ms"":1393}",2c45acad-6db6-41d5-89db-d3b3e344aa65,sub-005,ses-001,f56a846a-e74c-4952-bd1f-3225299872d2,68e07060-2057-490d-865c-e3c07c73e2ab,1789639991.4474075,1789639991.4362,2806952.700000003,68e07060-2057-490d-865c-e3c07c73e2ab,browser_calibrated,0.00025343894958496094,7.499933242797852,650763,650763,0,-12.194395065307617,host_receive_nearest,verified,1,1,,,,,,,,,1,,,,,,,,,,,,,,,,,,,,V2,B,142.199,1789639991.4362,1789639991.4812157,650763,Block 6_2_1c4d03d0,2,1c4d03d0-259a-4a05-8d2b-75f4ec7d531c,142.064,,,1393,4,,
9f654d30-d582-4725-b81f-fa48a5de72aa,phase_change,1789639991.4439533,2603.052,650779,6,6,,2,G05,B,bbbd_subtraction,phase_change,video,,0.0,0.0,,,,,,,,2c45acad-6db6-41d5-89db-d3b3e344aa65,sub-005,ses-001,9f654d30-d582-4725-b81f-fa48a5de72aa,68e07060-2057-490d-865c-e3c07c73e2ab,1789639991.5052361,1789639991.4436998,2806960.200000003,68e07060-2057-490d-865c-e3c07c73e2ab,browser_calibrated,0.00025343894958496094,7.499933242797852,650763,650763,0,-19.69432830810547,host_receive_nearest,verified,1,1,,,,,,,,,1,,,,,,,,,,,,,,,,,,,,V2,B,142.245,1789639991.4436998,1789639991.5053701,650763,,,,,,,,,,
9f654d30-d582-4725-b81f-fa48a5de72aa,video_resume,1789639991.4439533,2603.052,650779,6,6,,2,G05,B,bbbd_subtraction,video_resume,142.245,,0.0,0.0,,,,,,,"{""client_event_id"":""9f654d30-d582-4725-b81f-fa48a5de72aa"",""recorder_run_id"":""2c45acad-6db6-41d5-89db-d3b3e344aa65"",""client_id"":""68e07060-2057-490d-865c-e3c07c73e2ab"",""client_timestamp"":1789639991.4436998,""client_monotonic_ms"":2806960.200000003,""event_timestamp"":1789639991.4439533,""clock_offset_sec"":0.00025343894958496094,""clock_round_trip_ms"":7.499933242797852,""subject_id"":""sub-005"",""session_id"":""ses-001"",""block_id"":""Block 6"",""counterbalance_group"":""G05"",""block_order"":""Block 6"",""condition"":""B"",""condition_type"":""bbbd_subtraction"",""topic_key"":""V2"",""topic_name"":""百家争鸣 到底是哪百家"",""event_type"":""video_resume"",""iso_time"":""2026-09-17T10:13:11.443Z"",""relative_ms"":155400,""video_time_sec"":142.245,""probe_id"":""Block 6_2_1c4d03d0"",""probe_index"":2,""probe_schedule_id"":""1c4d03d0-259a-4a05-8d2b-75f4ec7d531c"",""probe_planned_time_sec"":142.064,""video_id"":""V2"",""pause_reason"":""thought_probe"",""resume_status"":""playing""}",2c45acad-6db6-41d5-89db-d3b3e344aa65,sub-005,ses-001,9f654d30-d582-4725-b81f-fa48a5de72aa,68e07060-2057-490d-865c-e3c07c73e2ab,1789639991.5052361,1789639991.4436998,2806960.200000003,68e07060-2057-490d-865c-e3c07c73e2ab,browser_calibrated,0.00025343894958496094,7.499933242797852,650763,650763,0,-19.69432830810547,host_receive_nearest,verified,1,1,,,,,,,,,1,,,,,,,,,,,,,,,,,,,,V2,B,142.245,1789639991.4436998,1789639991.5057628,650763,Block 6_2_1c4d03d0,,,,,,,,,thought_probe
0f729913-8801-416c-b9a5-4317f77017cb,probe_onset,1789640081.8271983,2693.452,673364,6,6,,2,G05,B,bbbd_subtraction,probe_onset,Block 6_3_1c4d03d0,,0.0,0.0,,,,,,,"{""client_event_id"":""0f729913-8801-416c-b9a5-4317f77017cb"",""recorder_run_id"":""2c45acad-6db6-41d5-89db-d3b3e344aa65"",""client_id"":""68e07060-2057-490d-865c-e3c07c73e2ab"",""client_timestamp"":1789640081.8273,""client_monotonic_ms"":2897343.799999997,""event_timestamp"":1789640081.8271983,""clock_offset_sec"":-0.00010180473327636719,""clock_round_trip_ms"":4.499912261962891,""subject_id"":""sub-005"",""session_id"":""ses-001"",""block_id"":""Block 6"",""counterbalance_group"":""G05"",""block_order"":""Block 6"",""condition"":""B"",""condition_type"":""bbbd_subtraction"",""topic_key"":""V2"",""topic_name"":""百家争鸣 到底是哪百家"",""event_type"":""probe_onset"",""iso_time"":""2026-09-17T10:14:41.827Z"",""relative_ms"":245783,""video_time_sec"":232.573,""probe_id"":""Block 6_3_1c4d03d0"",""probe_index"":3,""probe_schedule_id"":""1c4d03d0-259a-4a05-8d2b-75f4ec7d531c"",""probe_planned_time_sec"":232.389,""video_id"":""V2"",""pause_reason"":""thought_probe"",""forced"":false}",2c45acad-6db6-41d5-89db-d3b3e344aa65,sub-005,ses-001,0f729913-8801-416c-b9a5-4317f77017cb,68e07060-2057-490d-865c-e3c07c73e2ab,1789640081.8412206,1789640081.8273,2897343.799999997,68e07060-2057-490d-865c-e3c07c73e2ab,browser_calibrated,-0.00010180473327636719,4.499912261962891,673363,673363,0,-11.323928833007812,host_receive_nearest,verified,1,1,,,,,,,,,1,,,,,,,,,,,,,,,,,,,,V2,B,232.573,1789640081.8273,1789640081.8413522,673363,Block 6_3_1c4d03d0,3,1c4d03d0-259a-4a05-8d2b-75f4ec7d531c,232.389,,,,,,thought_probe
aa7942d3-2e41-4a97-9b09-0416501ec417,attention_response,1789640084.4283981,2696.052,674014,6,6,,2,G05,B,bbbd_subtraction,attention_response,2,,0.0,0.0,,,,,,,"{""client_event_id"":""aa7942d3-2e41-4a97-9b09-0416501ec417"",""recorder_run_id"":""2c45acad-6db6-41d5-89db-d3b3e344aa65"",""client_id"":""68e07060-2057-490d-865c-e3c07c73e2ab"",""client_timestamp"":1789640084.4285,""client_monotonic_ms"":2899944.999999985,""event_timestamp"":1789640084.4283981,""clock_offset_sec"":-0.00010180473327636719,""clock_round_trip_ms"":4.499912261962891,""subject_id"":""sub-005"",""session_id"":""ses-001"",""block_id"":""Block 6"",""counterbalance_group"":""G05"",""block_order"":""Block 6"",""condition"":""B"",""condition_type"":""bbbd_subtraction"",""topic_key"":""V2"",""topic_name"":""百家争鸣 到底是哪百家"",""event_type"":""attention_response"",""iso_time"":""2026-09-17T10:14:44.428Z"",""relative_ms"":248385,""video_time_sec"":232.573,""probe_id"":""Block 6_3_1c4d03d0"",""probe_index"":3,""probe_schedule_id"":""1c4d03d0-259a-4a05-8d2b-75f4ec7d531c"",""probe_planned_time_sec"":232.389,""video_id"":""V2"",""response"":2,""response_label"":""连续减7心算任务"",""probe_attention"":""OFF"",""response_time_ms"":2601}",2c45acad-6db6-41d5-89db-d3b3e344aa65,sub-005,ses-001,aa7942d3-2e41-4a97-9b09-0416501ec417,68e07060-2057-490d-865c-e3c07c73e2ab,1789640084.4387028,1789640084.4285,2899944.999999985,68e07060-2057-490d-865c-e3c07c73e2ab,browser_calibrated,-0.00010180473327636719,4.499912261962891,674013,674013,0,-5.540132522583008,host_receive_nearest,verified,1,1,,,,,,,,,1,,,,,,,,,,,,,,,,,,,,V2,B,232.573,1789640084.4285,1789640084.4506285,674013,Block 6_3_1c4d03d0,3,1c4d03d0-259a-4a05-8d2b-75f4ec7d531c,232.389,2,连续减7心算任务,2601,,OFF,
55704f31-6c49-44c2-89a5-ded60ba47e67,confidence_response,1789640086.019798,2697.652,674414,6,6,,2,G05,B,bbbd_subtraction,confidence_response,4,,0.0,0.0,,,,,,,"{""client_event_id"":""55704f31-6c49-44c2-89a5-ded60ba47e67"",""recorder_run_id"":""2c45acad-6db6-41d5-89db-d3b3e344aa65"",""client_id"":""68e07060-2057-490d-865c-e3c07c73e2ab"",""client_timestamp"":1789640086.0198998,""client_monotonic_ms"":2901536.399999991,""event_timestamp"":1789640086.019798,""clock_offset_sec"":-0.00010180473327636719,""clock_round_trip_ms"":4.499912261962891,""subject_id"":""sub-005"",""session_id"":""ses-001"",""block_id"":""Block 6"",""counterbalance_group"":""G05"",""block_order"":""Block 6"",""condition"":""B"",""condition_type"":""bbbd_subtraction"",""topic_key"":""V2"",""topic_name"":""百家争鸣 到底是哪百家"",""event_type"":""confidence_response"",""iso_time"":""2026-09-17T10:14:46.019Z"",""relative_ms"":249976,""video_time_sec"":232.573,""probe_id"":""Block 6_3_1c4d03d0"",""probe_index"":3,""probe_schedule_id"":""1c4d03d0-259a-4a05-8d2b-75f4ec7d531c"",""probe_planned_time_sec"":232.389,""video_id"":""V2"",""response"":2,""confidence"":4,""response_time_ms"":1591}",2c45acad-6db6-41d5-89db-d3b3e344aa65,sub-005,ses-001,55704f31-6c49-44c2-89a5-ded60ba47e67,68e07060-2057-490d-865c-e3c07c73e2ab,1789640086.0336986,1789640086.0198998,2901536.399999991,68e07060-2057-490d-865c-e3c07c73e2ab,browser_calibrated,-0.00010180473327636719,4.499912261962891,674413,674413,0,-3.5157203674316406,host_receive_nearest,verified,1,1,,,,,,,,,1,,,,,,,,,,,,,,,,,,,,V2,B,232.573,1789640086.0198998,1789640086.0669436,674413,Block 6_3_1c4d03d0,3,1c4d03d0-259a-4a05-8d2b-75f4ec7d531c,232.389,,,1591,4,,
1d13d6b1-e88c-49bf-acf0-8c3035d80a8b,phase_change,1789640086.0272982,2697.652,674444,6,6,,2,G05,B,bbbd_subtraction,phase_change,video,,0.0,0.0,,,,,,,,2c45acad-6db6-41d5-89db-d3b3e344aa65,sub-005,ses-001,1d13d6b1-e88c-49bf-acf0-8c3035d80a8b,68e07060-2057-490d-865c-e3c07c73e2ab,1789640086.146998,1789640086.0274,2901543.999999985,68e07060-2057-490d-865c-e3c07c73e2ab,browser_calibrated,-0.00010180473327636719,4.499912261962891,674413,674413,0,-11.015892028808594,host_receive_nearest,verified,1,1,,,,,,,,,1,,,,,,,,,,,,,,,,,,,,V2,B,232.629,1789640086.0274,1789640086.1471028,674413,,,,,,,,,,
1d13d6b1-e88c-49bf-acf0-8c3035d80a8b,video_resume,1789640086.0272982,2697.652,674444,6,6,,2,G05,B,bbbd_subtraction,video_resume,232.629,,0.0,0.0,,,,,,,"{""client_event_id"":""1d13d6b1-e88c-49bf-acf0-8c3035d80a8b"",""recorder_run_id"":""2c45acad-6db6-41d5-89db-d3b3e344aa65"",""client_id"":""68e07060-2057-490d-865c-e3c07c73e2ab"",""client_timestamp"":1789640086.0274,""client_monotonic_ms"":2901543.999999985,""event_timestamp"":1789640086.0272982,""clock_offset_sec"":-0.00010180473327636719,""clock_round_trip_ms"":4.499912261962891,""subject_id"":""sub-005"",""session_id"":""ses-001"",""block_id"":""Block 6"",""counterbalance_group"":""G05"",""block_order"":""Block 6"",""condition"":""B"",""condition_type"":""bbbd_subtraction"",""topic_key"":""V2"",""topic_name"":""百家争鸣 到底是哪百家"",""event_type"":""video_resume"",""iso_time"":""2026-09-17T10:14:46.027Z"",""relative_ms"":249984,""video_time_sec"":232.629,""probe_id"":""Block 6_3_1c4d03d0"",""probe_index"":3,""probe_schedule_id"":""1c4d03d0-259a-4a05-8d2b-75f4ec7d531c"",""probe_planned_time_sec"":232.389,""video_id"":""V2"",""pause_reason"":""thought_probe"",""resume_status"":""playing""}",2c45acad-6db6-41d5-89db-d3b3e344aa65,sub-005,ses-001,1d13d6b1-e88c-49bf-acf0-8c3035d80a8b,68e07060-2057-490d-865c-e3c07c73e2ab,1789640086.146998,1789640086.0274,2901543.999999985,68e07060-2057-490d-865c-e3c07c73e2ab,browser_calibrated,-0.00010180473327636719,4.499912261962891,674413,674413,0,-11.015892028808594,host_receive_nearest,verified,1,1,,,,,,,,,1,,,,,,,,,,,,,,,,,,,,V2,B,232.629,1789640086.0274,1789640086.1475222,674413,Block 6_3_1c4d03d0,,,,,,,,,thought_probe
afd3ae3a-e796-40a0-9afa-8401f2e015cf,probe_onset,1789640135.716317,2747.332,686838,6,6,,2,G05,B,bbbd_subtraction,probe_onset,Block 6_4_1c4d03d0,,0.0,0.0,,,,,,,"{""client_event_id"":""afd3ae3a-e796-40a0-9afa-8401f2e015cf"",""recorder_run_id"":""2c45acad-6db6-41d5-89db-d3b3e344aa65"",""client_id"":""68e07060-2057-490d-865c-e3c07c73e2ab"",""client_timestamp"":1789640135.7166002,""client_monotonic_ms"":2951233.100000009,""event_timestamp"":1789640135.716317,""clock_offset_sec"":-0.00028324127197265625,""clock_round_trip_ms"":5.000114440917969,""subject_id"":""sub-005"",""session_id"":""ses-001"",""block_id"":""Block 6"",""counterbalance_group"":""G05"",""block_order"":""Block 6"",""condition"":""B"",""condition_type"":""bbbd_subtraction"",""topic_key"":""V2"",""topic_name"":""百家争鸣 到底是哪百家"",""event_type"":""probe_onset"",""iso_time"":""2026-09-17T10:15:35.716Z"",""relative_ms"":299673,""video_time_sec"":282.261,""probe_id"":""Block 6_4_1c4d03d0"",""probe_index"":4,""probe_schedule_id"":""1c4d03d0-259a-4a05-8d2b-75f4ec7d531c"",""probe_planned_time_sec"":282.099,""video_id"":""V2"",""pause_reason"":""thought_probe"",""forced"":false}",2c45acad-6db6-41d5-89db-d3b3e344aa65,sub-005,ses-001,afd3ae3a-e796-40a0-9afa-8401f2e015cf,68e07060-2057-490d-865c-e3c07c73e2ab,1789640135.7331274,1789640135.7166002,2951233.100000009,68e07060-2057-490d-865c-e3c07c73e2ab,browser_calibrated,-0.00028324127197265625,5.000114440917969,686833,686833,0,5.553483963012695,host_receive_nearest,verified,1,1,,,,,,,,,1,,,,,,,,,,,,,,,,,,,,V2,B,282.261,1789640135.7166002,1789640135.733253,686833,Block 6_4_1c4d03d0,4,1c4d03d0-259a-4a05-8d2b-75f4ec7d531c,282.099,,,,,,thought_probe
9508e2fa-de27-49ce-a922-c6d94ebe6169,attention_response,1789640138.324817,2749.912,687493,6,6,,2,G05,B,bbbd_subtraction,attention_response,2,,0.0,0.0,,,,,,,"{""client_event_id"":""9508e2fa-de27-49ce-a922-c6d94ebe6169"",""recorder_run_id"":""2c45acad-6db6-41d5-89db-d3b3e344aa65"",""client_id"":""68e07060-2057-490d-865c-e3c07c73e2ab"",""client_timestamp"":1789640138.3251002,""client_monotonic_ms"":2953841.600000009,""event_timestamp"":1789640138.324817,""clock_offset_sec"":-0.00028324127197265625,""clock_round_trip_ms"":5.000114440917969,""subject_id"":""sub-005"",""session_id"":""ses-001"",""block_id"":""Block 6"",""counterbalance_group"":""G05"",""block_order"":""Block 6"",""condition"":""B"",""condition_type"":""bbbd_subtraction"",""topic_key"":""V2"",""topic_name"":""百家争鸣 到底是哪百家"",""event_type"":""attention_response"",""iso_time"":""2026-09-17T10:15:38.325Z"",""relative_ms"":302281,""video_time_sec"":282.261,""probe_id"":""Block 6_4_1c4d03d0"",""probe_index"":4,""probe_schedule_id"":""1c4d03d0-259a-4a05-8d2b-75f4ec7d531c"",""probe_planned_time_sec"":282.099,""video_id"":""V2"",""response"":2,""response_label"":""连续减7心算任务"",""probe_attention"":""OFF"",""response_time_ms"":2609}",2c45acad-6db6-41d5-89db-d3b3e344aa65,sub-005,ses-001,9508e2fa-de27-49ce-a922-c6d94ebe6169,68e07060-2057-490d-865c-e3c07c73e2ab,1789640138.3382225,1789640138.3251002,2953841.600000009,68e07060-2057-490d-865c-e3c07c73e2ab,browser_calibrated,-0.00028324127197265625,5.000114440917969,687478,687478,0,7.016181945800781,host_receive_nearest,verified,1,1,,,,,,,,,1,,,,,,,,,,,,,,,,,,,,V2,B,282.261,1789640138.3251002,1789640138.3604012,687478,Block 6_4_1c4d03d0,4,1c4d03d0-259a-4a05-8d2b-75f4ec7d531c,282.099,2,连续减7心算任务,2609,,OFF,
9a96f493-451a-4edc-9657-40ca9f9f7612,confidence_response,1789640139.410817,2751.012,687763,6,6,,2,G05,B,bbbd_subtraction,confidence_response,4,,0.0,0.0,,,,,,,"{""client_event_id"":""9a96f493-451a-4edc-9657-40ca9f9f7612"",""recorder_run_id"":""2c45acad-6db6-41d5-89db-d3b3e344aa65"",""client_id"":""68e07060-2057-490d-865c-e3c07c73e2ab"",""client_timestamp"":1789640139.4111001,""client_monotonic_ms"":2954927.600000009,""event_timestamp"":1789640139.410817,""clock_offset_sec"":-0.00028324127197265625,""clock_round_trip_ms"":5.000114440917969,""subject_id"":""sub-005"",""session_id"":""ses-001"",""block_id"":""Block 6"",""counterbalance_group"":""G05"",""block_order"":""Block 6"",""condition"":""B"",""condition_type"":""bbbd_subtraction"",""topic_key"":""V2"",""topic_name"":""百家争鸣 到底是哪百家"",""event_type"":""confidence_response"",""iso_time"":""2026-09-17T10:15:39.411Z"",""relative_ms"":303367,""video_time_sec"":282.261,""probe_id"":""Block 6_4_1c4d03d0"",""probe_index"":4,""probe_schedule_id"":""1c4d03d0-259a-4a05-8d2b-75f4ec7d531c"",""probe_planned_time_sec"":282.099,""video_id"":""V2"",""response"":2,""confidence"":4,""response_time_ms"":1086}",2c45acad-6db6-41d5-89db-d3b3e344aa65,sub-005,ses-001,9a96f493-451a-4edc-9657-40ca9f9f7612,68e07060-2057-490d-865c-e3c07c73e2ab,1789640139.424697,1789640139.4111001,2954927.600000009,68e07060-2057-490d-865c-e3c07c73e2ab,browser_calibrated,-0.00028324127197265625,5.000114440917969,687753,687753,0,0.5366802215576172,host_receive_nearest,verified,1,1,,,,,,,,,1,,,,,,,,,,,,,,,,,,,,V2,B,282.261,1789640139.4111001,1789640139.4581358,687753,Block 6_4_1c4d03d0,4,1c4d03d0-259a-4a05-8d2b-75f4ec7d531c,282.099,,,1086,4,,
833efe7b-5837-46e6-85d0-d799a0ba21ed,phase_change,1789640139.4171166,2751.048,687778,6,6,,2,G05,B,bbbd_subtraction,phase_change,video,,0.0,0.0,,,,,,,,2c45acad-6db6-41d5-89db-d3b3e344aa65,sub-005,ses-001,833efe7b-5837-46e6-85d0-d799a0ba21ed,68e07060-2057-490d-865c-e3c07c73e2ab,1789640139.482524,1789640139.4174,2954933.899999991,68e07060-2057-490d-865c-e3c07c73e2ab,browser_calibrated,-0.00028324127197265625,5.000114440917969,687762,687762,0,-3.8299560546875,host_receive_nearest,verified,1,1,,,,,,,,,1,,,,,,,,,,,,,,,,,,,,V2,B,282.32,1789640139.4174,1789640139.482682,687762,,,,,,,,,,
833efe7b-5837-46e6-85d0-d799a0ba21ed,video_resume,1789640139.4171166,2751.048,687778,6,6,,2,G05,B,bbbd_subtraction,video_resume,282.32,,0.0,0.0,,,,,,,"{""client_event_id"":""833efe7b-5837-46e6-85d0-d799a0ba21ed"",""recorder_run_id"":""2c45acad-6db6-41d5-89db-d3b3e344aa65"",""client_id"":""68e07060-2057-490d-865c-e3c07c73e2ab"",""client_timestamp"":1789640139.4174,""client_monotonic_ms"":2954933.899999991,""event_timestamp"":1789640139.4171166,""clock_offset_sec"":-0.00028324127197265625,""clock_round_trip_ms"":5.000114440917969,""subject_id"":""sub-005"",""session_id"":""ses-001"",""block_id"":""Block 6"",""counterbalance_group"":""G05"",""block_order"":""Block 6"",""condition"":""B"",""condition_type"":""bbbd_subtraction"",""topic_key"":""V2"",""topic_name"":""百家争鸣 到底是哪百家"",""event_type"":""video_resume"",""iso_time"":""2026-09-17T10:15:39.417Z"",""relative_ms"":303373,""video_time_sec"":282.32,""probe_id"":""Block 6_4_1c4d03d0"",""probe_index"":4,""probe_schedule_id"":""1c4d03d0-259a-4a05-8d2b-75f4ec7d531c"",""probe_planned_time_sec"":282.099,""video_id"":""V2"",""pause_reason"":""thought_probe"",""resume_status"":""playing""}",2c45acad-6db6-41d5-89db-d3b3e344aa65,sub-005,ses-001,833efe7b-5837-46e6-85d0-d799a0ba21ed,68e07060-2057-490d-865c-e3c07c73e2ab,1789640139.482524,1789640139.4174,2954933.899999991,68e07060-2057-490d-865c-e3c07c73e2ab,browser_calibrated,-0.00028324127197265625,5.000114440917969,687762,687762,0,-3.8299560546875,host_receive_nearest,verified,1,1,,,,,,,,,1,,,,,,,,,,,,,,,,,,,,V2,B,282.32,1789640139.4174,1789640139.4831216,687762,Block 6_4_1c4d03d0,,,,,,,,,thought_probe
7fb3568a-a634-416e-a033-fb736f5ce6cc,video_end,1789640169.9212878,2781.548,695388,6,6,,2,G05,B,bbbd_subtraction,video_end,V2,,0.0,0.0,,,,,,,,2c45acad-6db6-41d5-89db-d3b3e344aa65,sub-005,ses-001,7fb3568a-a634-416e-a033-fb736f5ce6cc,68e07060-2057-490d-865c-e3c07c73e2ab,1789640169.930902,1789640169.9208999,2985437.399999991,68e07060-2057-490d-865c-e3c07c73e2ab,browser_calibrated,0.0003879070281982422,7.199764251708984,695387,695387,0,-0.18262863159179688,host_receive_nearest,verified,1,1,,,,,,,,,1,,,,,,,,,,,,,,,,,,,,V2,B,312.773,1789640169.9208999,1789640169.9310021,695387,,,,,,,,,,
7fb3568a-a634-416e-a033-fb736f5ce6cc,browser_video_ended,1789640169.9212878,2781.548,695388,6,6,,2,G05,B,bbbd_subtraction,browser_video_ended,,,0.0,0.0,,,,,,,"{""client_event_id"":""7fb3568a-a634-416e-a033-fb736f5ce6cc"",""recorder_run_id"":""2c45acad-6db6-41d5-89db-d3b3e344aa65"",""client_id"":""68e07060-2057-490d-865c-e3c07c73e2ab"",""client_timestamp"":1789640169.9208999,""client_monotonic_ms"":2985437.399999991,""event_timestamp"":1789640169.9212878,""clock_offset_sec"":0.0003879070281982422,""clock_round_trip_ms"":7.199764251708984,""subject_id"":""sub-005"",""session_id"":""ses-001"",""block_id"":""Block 6"",""counterbalance_group"":""G05"",""block_order"":""Block 6"",""condition"":""B"",""condition_type"":""bbbd_subtraction"",""topic_key"":""V2"",""topic_name"":""百家争鸣 到底是哪百家"",""event_type"":""video_ended"",""iso_time"":""2026-09-17T10:16:09.920Z"",""relative_ms"":333877,""video_time_sec"":312.773}",2c45acad-6db6-41d5-89db-d3b3e344aa65,sub-005,ses-001,7fb3568a-a634-416e-a033-fb736f5ce6cc,68e07060-2057-490d-865c-e3c07c73e2ab,1789640169.930902,1789640169.9208999,2985437.399999991,68e07060-2057-490d-865c-e3c07c73e2ab,browser_calibrated,0.0003879070281982422,7.199764251708984,695387,695387,0,-0.18262863159179688,host_receive_nearest,verified,1,1,,,,,,,,,1,,,,,,,,,,,,,,,,,,,,V2,B,312.773,1789640169.9208999,1789640169.931285,695387,,,,,,,,,,
5e22bfb3-17df-45de-ad26-62a01bcc16e5,browser_block_end,1789640169.9272878,2781.548,695398,6,6,,2,G05,B,bbbd_subtraction,browser_block_end,视频自然播放结束,,0.0,0.0,,,,,,,"{""client_event_id"":""5e22bfb3-17df-45de-ad26-62a01bcc16e5"",""recorder_run_id"":""2c45acad-6db6-41d5-89db-d3b3e344aa65"",""client_id"":""68e07060-2057-490d-865c-e3c07c73e2ab"",""client_timestamp"":1789640169.9269,""client_monotonic_ms"":2985443.399999991,""event_timestamp"":1789640169.9272878,""clock_offset_sec"":0.0003879070281982422,""clock_round_trip_ms"":7.199764251708984,""subject_id"":""sub-005"",""session_id"":""ses-001"",""block_id"":""Block 6"",""counterbalance_group"":""G05"",""block_order"":""Block 6"",""condition"":""B"",""condition_type"":""bbbd_subtraction"",""topic_key"":""V2"",""topic_name"":""百家争鸣 到底是哪百家"",""event_type"":""block_end"",""iso_time"":""2026-09-17T10:16:09.926Z"",""relative_ms"":333883,""video_time_sec"":312.773,""reason"":""视频自然播放结束""}",2c45acad-6db6-41d5-89db-d3b3e344aa65,sub-005,ses-001,5e22bfb3-17df-45de-ad26-62a01bcc16e5,68e07060-2057-490d-865c-e3c07c73e2ab,1789640169.9545631,1789640169.9269,2985443.399999991,68e07060-2057-490d-865c-e3c07c73e2ab,browser_calibrated,0.0003879070281982422,7.199764251708984,695387,695387,0,-6.182670593261719,host_receive_nearest,verified,1,1,,,,,,,,,1,,,,,,,,,,,,,,,,,,,,V2,B,312.773,1789640169.9269,1789640169.9546635,695387,,,,,,,,,,
8c7f22d4-ef5d-480e-97aa-76e294dbd336,rating_start,1789640169.930688,2781.548,695398,6,6,,2,G05,B,bbbd_subtraction,rating_start,,,0.0,0.0,,,,,,,"{""client_event_id"":""8c7f22d4-ef5d-480e-97aa-76e294dbd336"",""recorder_run_id"":""2c45acad-6db6-41d5-89db-d3b3e344aa65"",""client_id"":""68e07060-2057-490d-865c-e3c07c73e2ab"",""client_timestamp"":1789640169.9303,""client_monotonic_ms"":2985446.799999997,""event_timestamp"":1789640169.930688,""clock_offset_sec"":0.0003879070281982422,""clock_round_trip_ms"":7.199764251708984,""subject_id"":""sub-005"",""session_id"":""ses-001"",""block_id"":""Block 6"",""counterbalance_group"":""G05"",""block_order"":""Block 6"",""condition"":""B"",""condition_type"":""bbbd_subtraction"",""topic_key"":""V2"",""topic_name"":""百家争鸣 到底是哪百家"",""event_type"":""rating_start"",""iso_time"":""2026-09-17T10:16:09.930Z"",""relative_ms"":333886,""video_time_sec"":312.773}",2c45acad-6db6-41d5-89db-d3b3e344aa65,sub-005,ses-001,8c7f22d4-ef5d-480e-97aa-76e294dbd336,68e07060-2057-490d-865c-e3c07c73e2ab,1789640169.9699397,1789640169.9303,2985446.799999997,68e07060-2057-490d-865c-e3c07c73e2ab,browser_calibrated,0.0003879070281982422,7.199764251708984,695387,695387,0,-9.582757949829102,host_receive_nearest,verified,1,1,,,,,,,,,1,,,,,,,,,,,,,,,,,,,,V2,B,312.773,1789640169.9303,1789640169.9699886,695387,,,,,,,,,,
6e1c449e-4f62-4249-adcb-efdd4e8f11c4,rating_item_response,1789640175.6186879,2787.232,696813,6,6,,2,G05,B,bbbd_subtraction,rating_item_response,1,,0.0,0.0,,,,,,,"{""client_event_id"":""6e1c449e-4f62-4249-adcb-efdd4e8f11c4"",""recorder_run_id"":""2c45acad-6db6-41d5-89db-d3b3e344aa65"",""client_id"":""68e07060-2057-490d-865c-e3c07c73e2ab"",""client_timestamp"":1789640175.6183,""client_monotonic_ms"":2991134.799999997,""event_timestamp"":1789640175.6186879,""clock_offset_sec"":0.0003879070281982422,""clock_round_trip_ms"":7.199764251708984,""subject_id"":""sub-005"",""session_id"":""ses-001"",""block_id"":""Block 6"",""counterbalance_group"":""G05"",""block_order"":""Block 6"",""condition"":""B"",""condition_type"":""bbbd_subtraction"",""topic_key"":""V2"",""topic_name"":""百家争鸣 到底是哪百家"",""event_type"":""rating_item_response"",""iso_time"":""2026-09-17T10:16:15.618Z"",""relative_ms"":339574,""video_time_sec"":312.773,""rating_item"":""course_attention_rating"",""rating_value"":""1"",""response_time_ms"":5688}",2c45acad-6db6-41d5-89db-d3b3e344aa65,sub-005,ses-001,6e1c449e-4f62-4249-adcb-efdd4e8f11c4,68e07060-2057-490d-865c-e3c07c73e2ab,1789640175.6393209,1789640175.6183,2991134.799999997,68e07060-2057-490d-865c-e3c07c73e2ab,browser_calibrated,0.0003879070281982422,7.199764251708984,696808,696808,0,2.468585968017578,host_receive_nearest,verified,1,1,,,,,,,,,1,,,,,,,,,,,,,course_attention_rating,1,,,,,,V2,B,312.773,1789640175.6183,1789640175.6394653,696808,,,,,,,5688,,,
aa1bee1f-206a-462f-910d-f332c8222dfd,rating_item_response,1789640177.292688,2788.912,697233,6,6,,2,G05,B,bbbd_subtraction,rating_item_response,4,,0.0,0.0,,,,,,,"{""client_event_id"":""aa1bee1f-206a-462f-910d-f332c8222dfd"",""recorder_run_id"":""2c45acad-6db6-41d5-89db-d3b3e344aa65"",""client_id"":""68e07060-2057-490d-865c-e3c07c73e2ab"",""client_timestamp"":1789640177.2923,""client_monotonic_ms"":2992808.799999997,""event_timestamp"":1789640177.292688,""clock_offset_sec"":0.0003879070281982422,""clock_round_trip_ms"":7.199764251708984,""subject_id"":""sub-005"",""session_id"":""ses-001"",""block_id"":""Block 6"",""counterbalance_group"":""G05"",""block_order"":""Block 6"",""condition"":""B"",""condition_type"":""bbbd_subtraction"",""topic_key"":""V2"",""topic_name"":""百家争鸣 到底是哪百家"",""event_type"":""rating_item_response"",""iso_time"":""2026-09-17T10:16:17.292Z"",""relative_ms"":341248,""video_time_sec"":312.773,""rating_item"":""mental_effort"",""rating_value"":""4"",""response_time_ms"":7362}",2c45acad-6db6-41d5-89db-d3b3e344aa65,sub-005,ses-001,aa1bee1f-206a-462f-910d-f332c8222dfd,68e07060-2057-490d-865c-e3c07c73e2ab,1789640177.3255045,1789640177.2923,2992808.799999997,68e07060-2057-490d-865c-e3c07c73e2ab,browser_calibrated,0.0003879070281982422,7.199764251708984,697228,697228,0,8.51297378540039,host_receive_nearest,verified,1,1,,,,,,,,,1,,,,,,,,,,,,,mental_effort,4,,,,,,V2,B,312.773,1789640177.2923,1789640177.32568,697228,,,,,,,7362,,,
7ae02d34-166e-4d6e-8816-63f5b2b7428f,rating_item_response,1789640179.5810878,2791.192,697803,6,6,,2,G05,B,bbbd_subtraction,rating_item_response,1,,0.0,0.0,,,,,,,"{""client_event_id"":""7ae02d34-166e-4d6e-8816-63f5b2b7428f"",""recorder_run_id"":""2c45acad-6db6-41d5-89db-d3b3e344aa65"",""client_id"":""68e07060-2057-490d-865c-e3c07c73e2ab"",""client_timestamp"":1789640179.5807,""client_monotonic_ms"":2995097.200000003,""event_timestamp"":1789640179.5810878,""clock_offset_sec"":0.0003879070281982422,""clock_round_trip_ms"":7.199764251708984,""subject_id"":""sub-005"",""session_id"":""ses-001"",""block_id"":""Block 6"",""counterbalance_group"":""G05"",""block_order"":""Block 6"",""condition"":""B"",""condition_type"":""bbbd_subtraction"",""topic_key"":""V2"",""topic_name"":""百家争鸣 到底是哪百家"",""event_type"":""rating_item_response"",""iso_time"":""2026-09-17T10:16:19.580Z"",""relative_ms"":343537,""video_time_sec"":312.773,""rating_item"":""video_interest"",""rating_value"":""1"",""response_time_ms"":9650}",2c45acad-6db6-41d5-89db-d3b3e344aa65,sub-005,ses-001,7ae02d34-166e-4d6e-8816-63f5b2b7428f,68e07060-2057-490d-865c-e3c07c73e2ab,1789640179.6051335,1789640179.5807,2995097.200000003,68e07060-2057-490d-865c-e3c07c73e2ab,browser_calibrated,0.0003879070281982422,7.199764251708984,697798,697798,0,0.26345252990722656,host_receive_nearest,verified,1,1,,,,,,,,,1,,,,,,,,,,,,,video_interest,1,,,,,,V2,B,312.773,1789640179.5807,1789640179.6052558,697798,,,,,,,9650,,,
76a39306-8447-40a0-8628-04a0610f322d,rating_item_response,1789640182.1717615,2793.788,698463,6,6,,2,G05,B,bbbd_subtraction,rating_item_response,1,,0.0,0.0,,,,,,,"{""client_event_id"":""76a39306-8447-40a0-8628-04a0610f322d"",""recorder_run_id"":""2c45acad-6db6-41d5-89db-d3b3e344aa65"",""client_id"":""68e07060-2057-490d-865c-e3c07c73e2ab"",""client_timestamp"":1789640182.1716,""client_monotonic_ms"":2997688.100000009,""event_timestamp"":1789640182.1717615,""clock_offset_sec"":0.0001614093780517578,""clock_round_trip_ms"":5.299806594848633,""subject_id"":""sub-005"",""session_id"":""ses-001"",""block_id"":""Block 6"",""counterbalance_group"":""G05"",""block_order"":""Block 6"",""condition"":""B"",""condition_type"":""bbbd_subtraction"",""topic_key"":""V2"",""topic_name"":""百家争鸣 到底是哪百家"",""event_type"":""rating_item_response"",""iso_time"":""2026-09-17T10:16:22.171Z"",""relative_ms"":346128,""video_time_sec"":312.773,""rating_item"":""video_difficulty"",""rating_value"":""1"",""response_time_ms"":12241}",2c45acad-6db6-41d5-89db-d3b3e344aa65,sub-005,ses-001,76a39306-8447-40a0-8628-04a0610f322d,68e07060-2057-490d-865c-e3c07c73e2ab,1789640182.2320185,1789640182.1716,2997688.100000009,68e07060-2057-490d-865c-e3c07c73e2ab,browser_calibrated,0.0001614093780517578,5.299806594848633,698447,698447,0,-10.300397872924805,host_receive_nearest,verified,1,1,,,,,,,,,1,,,,,,,,,,,,,video_difficulty,1,,,,,,V2,B,312.773,1789640182.1716,1789640182.2321627,698447,,,,,,,12241,,,
79b0ff1e-614d-4b41-bde3-fe400d25be09,rating_item_response,1789640183.7958612,2795.408,698863,6,6,,2,G05,B,bbbd_subtraction,rating_item_response,90-100%,,0.0,0.0,,,,,,,"{""client_event_id"":""79b0ff1e-614d-4b41-bde3-fe400d25be09"",""recorder_run_id"":""2c45acad-6db6-41d5-89db-d3b3e344aa65"",""client_id"":""68e07060-2057-490d-865c-e3c07c73e2ab"",""client_timestamp"":1789640183.7956998,""client_monotonic_ms"":2999312.200000003,""event_timestamp"":1789640183.7958612,""clock_offset_sec"":0.0001614093780517578,""clock_round_trip_ms"":5.299806594848633,""subject_id"":""sub-005"",""session_id"":""ses-001"",""block_id"":""Block 6"",""counterbalance_group"":""G05"",""block_order"":""Block 6"",""condition"":""B"",""condition_type"":""bbbd_subtraction"",""topic_key"":""V2"",""topic_name"":""百家争鸣 到底是哪百家"",""event_type"":""rating_item_response"",""iso_time"":""2026-09-17T10:16:23.795Z"",""relative_ms"":347752,""video_time_sec"":312.773,""rating_item"":""subtraction_compliance"",""rating_value"":""90-100%"",""response_time_ms"":13865}",2c45acad-6db6-41d5-89db-d3b3e344aa65,sub-005,ses-001,79b0ff1e-614d-4b41-bde3-fe400d25be09,68e07060-2057-490d-865c-e3c07c73e2ab,1789640183.8164744,1789640183.7956998,2999312.200000003,68e07060-2057-490d-865c-e3c07c73e2ab,browser_calibrated,0.0001614093780517578,5.299806594848633,698852,698852,0,-14.252662658691406,host_receive_nearest,verified,1,1,,,,,,,,,1,,,,,,,,,,,,,subtraction_compliance,90-100%,,,,,,V2,B,312.773,1789640183.7956998,1789640183.816613,698852,,,,,,,13865,,,
0fb249e6-18aa-460d-8d64-ec3003041a32,rating_item_response,1789640186.1820343,2797.768,699453,6,6,,2,G05,B,bbbd_subtraction,rating_item_response,3,,0.0,0.0,,,,,,,"{""client_event_id"":""0fb249e6-18aa-460d-8d64-ec3003041a32"",""recorder_run_id"":""2c45acad-6db6-41d5-89db-d3b3e344aa65"",""client_id"":""68e07060-2057-490d-865c-e3c07c73e2ab"",""client_timestamp"":1789640186.1818001,""client_monotonic_ms"":3001698.399999991,""event_timestamp"":1789640186.1820343,""clock_offset_sec"":0.00023412704467773438,""clock_round_trip_ms"":5.200386047363281,""subject_id"":""sub-005"",""session_id"":""ses-001"",""block_id"":""Block 6"",""counterbalance_group"":""G05"",""block_order"":""Block 6"",""condition"":""B"",""condition_type"":""bbbd_subtraction"",""topic_key"":""V2"",""topic_name"":""百家争鸣 到底是哪百家"",""event_type"":""rating_item_response"",""iso_time"":""2026-09-17T10:16:26.181Z"",""relative_ms"":350138,""video_time_sec"":312.773,""rating_item"":""subtraction_difficulty"",""rating_value"":""3"",""response_time_ms"":16252}",2c45acad-6db6-41d5-89db-d3b3e344aa65,sub-005,ses-001,0fb249e6-18aa-460d-8d64-ec3003041a32,68e07060-2057-490d-865c-e3c07c73e2ab,1789640186.2039413,1789640186.1818001,3001698.399999991,68e07060-2057-490d-865c-e3c07c73e2ab,browser_calibrated,0.00023412704467773438,5.200386047363281,699442,699442,0,-0.13184547424316406,host_receive_nearest,verified,1,1,,,,,,,,,1,,,,,,,,,,,,,subtraction_difficulty,3,,,,,,V2,B,312.773,1789640186.1818001,1789640186.2040899,699442,,,,,,,16252,,,
b0303d88-5753-487c-901d-bba9d7c254d5,rating_item_response,1789640193.9641654,2805.588,701398,6,6,,2,G05,B,bbbd_subtraction,rating_item_response,353,,0.0,0.0,,,,,,,"{""client_event_id"":""b0303d88-5753-487c-901d-bba9d7c254d5"",""recorder_run_id"":""2c45acad-6db6-41d5-89db-d3b3e344aa65"",""client_id"":""68e07060-2057-490d-865c-e3c07c73e2ab"",""client_timestamp"":1789640193.9642,""client_monotonic_ms"":3009480.700000003,""event_timestamp"":1789640193.9641654,""clock_offset_sec"":-3.457069396972656e-05,""clock_round_trip_ms"":4.800081253051758,""subject_id"":""sub-005"",""session_id"":""ses-001"",""block_id"":""Block 6"",""counterbalance_group"":""G05"",""block_order"":""Block 6"",""condition"":""B"",""condition_type"":""bbbd_subtraction"",""topic_key"":""V2"",""topic_name"":""百家争鸣 到底是哪百家"",""event_type"":""rating_item_response"",""iso_time"":""2026-09-17T10:16:33.964Z"",""relative_ms"":357920,""video_time_sec"":312.773,""rating_item"":""reported_final_number"",""rating_value"":""353"",""response_time_ms"":24034}",2c45acad-6db6-41d5-89db-d3b3e344aa65,sub-005,ses-001,b0303d88-5753-487c-901d-bba9d7c254d5,68e07060-2057-490d-865c-e3c07c73e2ab,1789640193.980657,1789640193.9642,3009480.700000003,68e07060-2057-490d-865c-e3c07c73e2ab,browser_calibrated,-3.457069396972656e-05,4.800081253051758,701397,701397,0,-10.703325271606445,host_receive_nearest,verified,1,1,,,,,,,,,1,,,,,,,,,,,,,reported_final_number,353,,,,,,V2,B,312.773,1789640193.9642,1789640193.9807754,701397,,,,,,,24034,,,
31bcf60d-9f7c-4063-86de-a4bb1ad057c0,rating_end,1789640194.0357654,2805.652,701418,6,6,,2,G05,B,bbbd_subtraction,rating_end,,24.105,0.0,0.0,,,,,,,"{""client_event_id"":""31bcf60d-9f7c-4063-86de-a4bb1ad057c0"",""recorder_run_id"":""2c45acad-6db6-41d5-89db-d3b3e344aa65"",""client_id"":""68e07060-2057-490d-865c-e3c07c73e2ab"",""client_timestamp"":1789640194.0358,""client_monotonic_ms"":3009552.399999991,""event_timestamp"":1789640194.0357654,""clock_offset_sec"":-3.457069396972656e-05,""clock_round_trip_ms"":4.800081253051758,""subject_id"":""sub-005"",""session_id"":""ses-001"",""block_id"":""Block 6"",""counterbalance_group"":""G05"",""block_order"":""Block 6"",""condition"":""B"",""condition_type"":""bbbd_subtraction"",""topic_key"":""V2"",""topic_name"":""百家争鸣 到底是哪百家"",""event_type"":""rating_end"",""iso_time"":""2026-09-17T10:16:34.035Z"",""relative_ms"":357992,""video_time_sec"":312.773,""video_id"":""V2"",""course_attention_rating"":1,""mental_effort"":4,""video_interest"":1,""video_difficulty"":1,""subtraction_compliance"":""90-100%"",""subtraction_difficulty"":3,""reported_final_number"":353,""duration_sec"":24.105,""submitted_iso"":""2026-09-17T10:16:34.035Z"",""submitted_relative_ms"":357992}",2c45acad-6db6-41d5-89db-d3b3e344aa65,sub-005,ses-001,31bcf60d-9f7c-4063-86de-a4bb1ad057c0,68e07060-2057-490d-865c-e3c07c73e2ab,1789640194.045881,1789640194.0358,3009552.399999991,68e07060-2057-490d-865c-e3c07c73e2ab,browser_calibrated,-3.457069396972656e-05,4.800081253051758,701413,701413,0,5.746126174926758,host_receive_nearest,verified,1,1,,,,,,,,,1,,,,1,4,1,1,90-100%,90,100,3,353,,,,,,,,V2,B,312.773,1789640194.0358,1789640194.0461054,701413,,,,,,,,,,
c6b77168-fb20-4394-8a2e-90c0831c5478,quiz_start,1789640194.0412655,2805.652,701428,6,6,,2,G05,B,bbbd_subtraction,quiz_start,,,0.0,0.0,,,,,,,"{""client_event_id"":""c6b77168-fb20-4394-8a2e-90c0831c5478"",""recorder_run_id"":""2c45acad-6db6-41d5-89db-d3b3e344aa65"",""client_id"":""68e07060-2057-490d-865c-e3c07c73e2ab"",""client_timestamp"":1789640194.0413,""client_monotonic_ms"":3009557.799999997,""event_timestamp"":1789640194.0412655,""clock_offset_sec"":-3.457069396972656e-05,""clock_round_trip_ms"":4.800081253051758,""subject_id"":""sub-005"",""session_id"":""ses-001"",""block_id"":""Block 6"",""counterbalance_group"":""G05"",""block_order"":""Block 6"",""condition"":""B"",""condition_type"":""bbbd_subtraction"",""topic_key"":""V2"",""topic_name"":""百家争鸣 到底是哪百家"",""event_type"":""quiz_start"",""iso_time"":""2026-09-17T10:16:34.041Z"",""relative_ms"":357997,""video_time_sec"":312.773}",2c45acad-6db6-41d5-89db-d3b3e344aa65,sub-005,ses-001,c6b77168-fb20-4394-8a2e-90c0831c5478,68e07060-2057-490d-865c-e3c07c73e2ab,1789640194.0992095,1789640194.0413,3009557.799999997,68e07060-2057-490d-865c-e3c07c73e2ab,browser_calibrated,-3.457069396972656e-05,4.800081253051758,701413,701413,0,0.2460479736328125,host_receive_nearest,verified,1,1,,,,,,,,,1,,,,,,,,,,,,,,,,,,,,V2,B,312.773,1789640194.0413,1789640194.0993304,701413,,,,,,,,,,
629835b3-64ae-4a59-af03-91959f0b35af,quiz_item_response,1789640211.9081655,2823.528,705883,6,6,,2,G05,B,bbbd_subtraction,quiz_item_response,“百家争鸣”局面出现在哪个历史时期？,,0.0,0.0,,V2Q1,C,C,True,3611,"{""client_event_id"":""629835b3-64ae-4a59-af03-91959f0b35af"",""recorder_run_id"":""2c45acad-6db6-41d5-89db-d3b3e344aa65"",""client_id"":""68e07060-2057-490d-865c-e3c07c73e2ab"",""client_timestamp"":1789640211.9082,""client_monotonic_ms"":3027424.700000003,""event_timestamp"":1789640211.9081655,""clock_offset_sec"":-3.457069396972656e-05,""clock_round_trip_ms"":4.800081253051758,""subject_id"":""sub-005"",""session_id"":""ses-001"",""block_id"":""Block 6"",""counterbalance_group"":""G05"",""block_order"":""Block 6"",""condition"":""B"",""condition_type"":""bbbd_subtraction"",""topic_key"":""V2"",""topic_name"":""百家争鸣 到底是哪百家"",""event_type"":""quiz_item_response"",""iso_time"":""2026-09-17T10:16:51.908Z"",""relative_ms"":375864,""video_time_sec"":312.773,""video_id"":""V2"",""question_id"":""V2Q1"",""question_text"":""“百家争鸣”局面出现在哪个历史时期？"",""response_index"":2,""response_letter"":""C"",""response_text"":""春秋战国时期"",""correct_index"":2,""correct_letter"":""C"",""correct_text"":""春秋战国时期"",""is_correct"":true,""reaction_time_ms"":3611,""submitted_iso"":""2026-09-17T10:16:51.908Z"",""submitted_relative_ms"":375864}",2c45acad-6db6-41d5-89db-d3b3e344aa65,sub-005,ses-001,629835b3-64ae-4a59-af03-91959f0b35af,68e07060-2057-490d-865c-e3c07c73e2ab,1789640211.9192073,1789640211.9082,3027424.700000003,68e07060-2057-490d-865c-e3c07c73e2ab,browser_calibrated,-3.457069396972656e-05,4.800081253051758,705882,705882,0,-15.229940414428711,host_receive_nearest,verified,1,1,,,,,,,,,1,,,,,,,,,,,,,,,,,“百家争鸣”局面出现在哪个历史时期？,2,春秋战国时期,V2,B,312.773,1789640211.9082,1789640211.9193556,705882,,,,,,,,,,
43edd054-49cf-455f-bd55-a9d08032a8b6,quiz_item_response,1789640211.9142654,2823.532,705898,6,6,,2,G05,B,bbbd_subtraction,quiz_item_response,儒家学派的代表人物是？,,0.0,0.0,,V2Q2,B,B,True,7715,"{""client_event_id"":""43edd054-49cf-455f-bd55-a9d08032a8b6"",""recorder_run_id"":""2c45acad-6db6-41d5-89db-d3b3e344aa65"",""client_id"":""68e07060-2057-490d-865c-e3c07c73e2ab"",""client_timestamp"":1789640211.9143,""client_monotonic_ms"":3027430.799999997,""event_timestamp"":1789640211.9142654,""clock_offset_sec"":-3.457069396972656e-05,""clock_round_trip_ms"":4.800081253051758,""subject_id"":""sub-005"",""session_id"":""ses-001"",""block_id"":""Block 6"",""counterbalance_group"":""G05"",""block_order"":""Block 6"",""condition"":""B"",""condition_type"":""bbbd_subtraction"",""topic_key"":""V2"",""topic_name"":""百家争鸣 到底是哪百家"",""event_type"":""quiz_item_response"",""iso_time"":""2026-09-17T10:16:51.914Z"",""relative_ms"":375870,""video_time_sec"":312.773,""video_id"":""V2"",""question_id"":""V2Q2"",""question_text"":""儒家学派的代表人物是？"",""response_index"":1,""response_letter"":""B"",""response_text"":""孔子"",""correct_index"":1,""correct_letter"":""B"",""correct_text"":""孔子"",""is_correct"":true,""reaction_time_ms"":7715,""submitted_iso"":""2026-09-17T10:16:51.914Z"",""submitted_relative_ms"":375870}",2c45acad-6db6-41d5-89db-d3b3e344aa65,sub-005,ses-001,43edd054-49cf-455f-bd55-a9d08032a8b6,68e07060-2057-490d-865c-e3c07c73e2ab,1789640211.9719028,1789640211.9143,3027430.799999997,68e07060-2057-490d-865c-e3c07c73e2ab,browser_calibrated,-3.457069396972656e-05,4.800081253051758,705883,705883,0,6.831169128417969,host_receive_nearest,verified,1,1,,,,,,,,,1,,,,,,,,,,,,,,,,,儒家学派的代表人物是？,1,孔子,V2,B,312.773,1789640211.9143,1789640211.972028,705883,,,,,,,,,,
67bfb118-801c-4df9-a883-70f6a29b288c,quiz_item_response,1789640211.9189653,2823.532,705903,6,6,,2,G05,B,bbbd_subtraction,quiz_item_response,法家的集大成者韩非子，其思想核心是？,,0.0,0.0,,V2Q3,C,D,False,12707,"{""client_event_id"":""67bfb118-801c-4df9-a883-70f6a29b288c"",""recorder_run_id"":""2c45acad-6db6-41d5-89db-d3b3e344aa65"",""client_id"":""68e07060-2057-490d-865c-e3c07c73e2ab"",""client_timestamp"":1789640211.919,""client_monotonic_ms"":3027435.600000009,""event_timestamp"":1789640211.9189653,""clock_offset_sec"":-3.457069396972656e-05,""clock_round_trip_ms"":4.800081253051758,""subject_id"":""sub-005"",""session_id"":""ses-001"",""block_id"":""Block 6"",""counterbalance_group"":""G05"",""block_order"":""Block 6"",""condition"":""B"",""condition_type"":""bbbd_subtraction"",""topic_key"":""V2"",""topic_name"":""百家争鸣 到底是哪百家"",""event_type"":""quiz_item_response"",""iso_time"":""2026-09-17T10:16:51.919Z"",""relative_ms"":375875,""video_time_sec"":312.773,""video_id"":""V2"",""question_id"":""V2Q3"",""question_text"":""法家的集大成者韩非子，其思想核心是？"",""response_index"":3,""response_letter"":""D"",""response_text"":""兼爱非攻"",""correct_index"":2,""correct_letter"":""C"",""correct_text"":""以法治国"",""is_correct"":false,""reaction_time_ms"":12707,""submitted_iso"":""2026-09-17T10:16:51.918Z"",""submitted_relative_ms"":375875}",2c45acad-6db6-41d5-89db-d3b3e344aa65,sub-005,ses-001,67bfb118-801c-4df9-a883-70f6a29b288c,68e07060-2057-490d-865c-e3c07c73e2ab,1789640211.986963,1789640211.919,3027435.600000009,68e07060-2057-490d-865c-e3c07c73e2ab,browser_calibrated,-3.457069396972656e-05,4.800081253051758,705883,705883,0,2.131223678588867,host_receive_nearest,verified,1,1,,,,,,,,,1,,,,,,,,,,,,,,,,,法家的集大成者韩非子，其思想核心是？,3,兼爱非攻,V2,B,312.773,1789640211.919,1789640211.987113,705883,,,,,,,,,,
2036a7ec-7892-4aa4-b317-24e3ed1edba1,quiz_item_response,1789640211.9237654,2823.548,705903,6,6,,2,G05,B,bbbd_subtraction,quiz_item_response,纵横家学派的代表人物是？,,0.0,0.0,,V2Q4,C,C,True,16195,"{""client_event_id"":""2036a7ec-7892-4aa4-b317-24e3ed1edba1"",""recorder_run_id"":""2c45acad-6db6-41d5-89db-d3b3e344aa65"",""client_id"":""68e07060-2057-490d-865c-e3c07c73e2ab"",""client_timestamp"":1789640211.9238,""client_monotonic_ms"":3027440.299999997,""event_timestamp"":1789640211.9237654,""clock_offset_sec"":-3.457069396972656e-05,""clock_round_trip_ms"":4.800081253051758,""subject_id"":""sub-005"",""session_id"":""ses-001"",""block_id"":""Block 6"",""counterbalance_group"":""G05"",""block_order"":""Block 6"",""condition"":""B"",""condition_type"":""bbbd_subtraction"",""topic_key"":""V2"",""topic_name"":""百家争鸣 到底是哪百家"",""event_type"":""quiz_item_response"",""iso_time"":""2026-09-17T10:16:51.923Z"",""relative_ms"":375880,""video_time_sec"":312.773,""video_id"":""V2"",""question_id"":""V2Q4"",""question_text"":""纵横家学派的代表人物是？"",""response_index"":2,""response_letter"":""C"",""response_text"":""张仪"",""correct_index"":2,""correct_letter"":""C"",""correct_text"":""张仪"",""is_correct"":true,""reaction_time_ms"":16195,""submitted_iso"":""2026-09-17T10:16:51.923Z"",""submitted_relative_ms"":375880}",2c45acad-6db6-41d5-89db-d3b3e344aa65,sub-005,ses-001,2036a7ec-7892-4aa4-b317-24e3ed1edba1,68e07060-2057-490d-865c-e3c07c73e2ab,1789640212.0028827,1789640211.9238,3027440.299999997,68e07060-2057-490d-865c-e3c07c73e2ab,browser_calibrated,-3.457069396972656e-05,4.800081253051758,705887,705887,0,-2.3920536041259766,host_receive_nearest,verified,1,1,,,,,,,,,1,,,,,,,,,,,,,,,,,纵横家学派的代表人物是？,2,张仪,V2,B,312.773,1789640211.9238,1789640212.0030043,705887,,,,,,,,,,
4cc7d3e6-a346-44d8-9718-5c9d75add4cb,quiz_end,1789640211.9286654,2823.548,705913,6,6,,2,G05,B,bbbd_subtraction,quiz_end,3/4,17.887,0.0,0.0,,,,,,,"{""client_event_id"":""4cc7d3e6-a346-44d8-9718-5c9d75add4cb"",""recorder_run_id"":""2c45acad-6db6-41d5-89db-d3b3e344aa65"",""client_id"":""68e07060-2057-490d-865c-e3c07c73e2ab"",""client_timestamp"":1789640211.9287,""client_monotonic_ms"":3027445.299999997,""event_timestamp"":1789640211.9286654,""clock_offset_sec"":-3.457069396972656e-05,""clock_round_trip_ms"":4.800081253051758,""subject_id"":""sub-005"",""session_id"":""ses-001"",""block_id"":""Block 6"",""counterbalance_group"":""G05"",""block_order"":""Block 6"",""condition"":""B"",""condition_type"":""bbbd_subtraction"",""topic_key"":""V2"",""topic_name"":""百家争鸣 到底是哪百家"",""event_type"":""quiz_end"",""iso_time"":""2026-09-17T10:16:51.928Z"",""relative_ms"":375885,""video_time_sec"":312.773,""score"":3,""total"":4,""duration_sec"":17.887}",2c45acad-6db6-41d5-89db-d3b3e344aa65,sub-005,ses-001,4cc7d3e6-a346-44d8-9718-5c9d75add4cb,68e07060-2057-490d-865c-e3c07c73e2ab,1789640212.015997,1789640211.9287,3027445.299999997,68e07060-2057-490d-865c-e3c07c73e2ab,browser_calibrated,-3.457069396972656e-05,4.800081253051758,705887,705887,0,-7.292032241821289,host_receive_nearest,verified,1,1,,,,,,,,,1,,,,,,,,,,,,,,,3,4,,,,V2,B,312.773,1789640211.9287,1789640212.0161152,705887,,,,,,,,,,
4cc7d3e6-a346-44d8-9718-5c9d75add4cb,block_end,1789640211.9286654,2823.548,705913,6,6,,2,G05,B,bbbd_subtraction,block_end,V2,,0.0,0.0,,,,,,,,2c45acad-6db6-41d5-89db-d3b3e344aa65,sub-005,ses-001,4cc7d3e6-a346-44d8-9718-5c9d75add4cb,68e07060-2057-490d-865c-e3c07c73e2ab,1789640212.015997,1789640211.9287,3027445.299999997,68e07060-2057-490d-865c-e3c07c73e2ab,browser_calibrated,-3.457069396972656e-05,4.800081253051758,705887,705887,0,-7.292032241821289,host_receive_nearest,verified,1,1,,,,,,,,,1,,,,,,,,,,,,,,,,,,,,V2,B,312.773,1789640211.9287,1789640212.0165067,705887,,,,,,,,,,
3be7d44e-ccf2-4b77-a154-e677d3524647,session_integrity_precheck,1789640211.9418654,2823.552,705918,6,6,,2,G05,B,bbbd_subtraction,session_integrity_precheck,FAIL,,0.0,0.0,,,,,,,"{""client_event_id"":""3be7d44e-ccf2-4b77-a154-e677d3524647"",""recorder_run_id"":""2c45acad-6db6-41d5-89db-d3b3e344aa65"",""client_id"":""68e07060-2057-490d-865c-e3c07c73e2ab"",""client_timestamp"":1789640211.9419,""client_monotonic_ms"":3027458.399999991,""event_timestamp"":1789640211.9418654,""clock_offset_sec"":-3.457069396972656e-05,""clock_round_trip_ms"":4.800081253051758,""subject_id"":""sub-005"",""session_id"":""ses-001"",""block_id"":""Block 6"",""counterbalance_group"":""G05"",""block_order"":""Block 6"",""condition"":""B"",""condition_type"":""bbbd_subtraction"",""topic_key"":""V2"",""topic_name"":""百家争鸣 到底是哪百家"",""event_type"":""session_integrity_precheck"",""iso_time"":""2026-09-17T10:16:51.941Z"",""relative_ms"":375898,""video_time_sec"":312.773,""event_value"":""FAIL"",""notes"":""probe 48/24;问卷 12/6;课堂题 48/24""}",2c45acad-6db6-41d5-89db-d3b3e344aa65,sub-005,ses-001,3be7d44e-ccf2-4b77-a154-e677d3524647,68e07060-2057-490d-865c-e3c07c73e2ab,1789640212.0684197,1789640211.9419,3027458.399999991,68e07060-2057-490d-865c-e3c07c73e2ab,browser_calibrated,-3.457069396972656e-05,4.800081253051758,705888,705888,0,9.000062942504883,host_receive_nearest,verified,0,0,,,,,,,,,1,,,,,,,,,,,,,,,,,,,,V2,B,312.773,1789640211.9419,1789640212.0685487,705888,,,,,,,,,,
43cf3218-f4a6-46da-9c0a-178d286fcc5d,export_csv,1789640214.8038654,2826.428,706608,6,6,,2,G05,B,bbbd_subtraction,export_csv,312.773,,0.0,0.0,,,,,,,"{""client_event_id"":""43cf3218-f4a6-46da-9c0a-178d286fcc5d"",""recorder_run_id"":""2c45acad-6db6-41d5-89db-d3b3e344aa65"",""client_id"":""68e07060-2057-490d-865c-e3c07c73e2ab"",""client_timestamp"":1789640214.8039,""client_monotonic_ms"":3030320.399999991,""event_timestamp"":1789640214.8038654,""clock_offset_sec"":-3.457069396972656e-05,""clock_round_trip_ms"":4.800081253051758,""subject_id"":""sub-005"",""session_id"":""ses-001"",""block_id"":""Block 6"",""counterbalance_group"":""G05"",""block_order"":""Block 6"",""condition"":""B"",""condition_type"":""bbbd_subtraction"",""topic_key"":""V2"",""topic_name"":""百家争鸣 到底是哪百家"",""event_type"":""export_csv"",""iso_time"":""2026-09-17T10:16:54.803Z"",""relative_ms"":378760,""video_time_sec"":312.773}",2c45acad-6db6-41d5-89db-d3b3e344aa65,sub-005,ses-001,43cf3218-f4a6-46da-9c0a-178d286fcc5d,68e07060-2057-490d-865c-e3c07c73e2ab,1789640214.8244627,1789640214.8039,3030320.399999991,68e07060-2057-490d-865c-e3c07c73e2ab,browser_calibrated,-3.457069396972656e-05,4.800081253051758,706607,706607,0,-2.521991729736328,host_receive_nearest,verified,0,0,,,,,,,,,1,,,,,,,,,,,,,,,,,,,,V2,B,312.773,1789640214.8039,1789640214.8246028,706607,,,,,,,,,,
12a83c9b-429b-41c9-890d-75765dc588d7,export_json,1789640216.8461654,2828.468,707118,6,6,,2,G05,B,bbbd_subtraction,export_json,312.773,,0.0,0.0,,,,,,,"{""client_event_id"":""12a83c9b-429b-41c9-890d-75765dc588d7"",""recorder_run_id"":""2c45acad-6db6-41d5-89db-d3b3e344aa65"",""client_id"":""68e07060-2057-490d-865c-e3c07c73e2ab"",""client_timestamp"":1789640216.8462,""client_monotonic_ms"":3032362.700000003,""event_timestamp"":1789640216.8461654,""clock_offset_sec"":-3.457069396972656e-05,""clock_round_trip_ms"":4.800081253051758,""subject_id"":""sub-005"",""session_id"":""ses-001"",""block_id"":""Block 6"",""counterbalance_group"":""G05"",""block_order"":""Block 6"",""condition"":""B"",""condition_type"":""bbbd_subtraction"",""topic_key"":""V2"",""topic_name"":""百家争鸣 到底是哪百家"",""event_type"":""export_json"",""iso_time"":""2026-09-17T10:16:56.846Z"",""relative_ms"":380802,""video_time_sec"":312.773}",2c45acad-6db6-41d5-89db-d3b3e344aa65,sub-005,ses-001,12a83c9b-429b-41c9-890d-75765dc588d7,68e07060-2057-490d-865c-e3c07c73e2ab,1789640216.867008,1789640216.8462,3032362.700000003,68e07060-2057-490d-865c-e3c07c73e2ab,browser_calibrated,-3.457069396972656e-05,4.800081253051758,707117,707117,0,-4.801750183105469,host_receive_nearest,verified,0,0,,,,,,,,,1,,,,,,,,,,,,,,,,,,,,V2,B,312.773,1789640216.8462,1789640216.8671255,707117,,,,,,,,,,
33c38ae0-93d1-4792-99fd-3660afc22705,browser_shutdown_ready,1789640237.693055,2849.328,712333,6,6,,2,G05,B,bbbd_subtraction,browser_shutdown_ready,312.773,,0.0,0.0,,,,,,,"{""client_event_id"":""33c38ae0-93d1-4792-99fd-3660afc22705"",""recorder_run_id"":""2c45acad-6db6-41d5-89db-d3b3e344aa65"",""client_id"":""68e07060-2057-490d-865c-e3c07c73e2ab"",""client_timestamp"":1789640237.6929,""client_monotonic_ms"":3053209.499999985,""event_timestamp"":1789640237.693055,""clock_offset_sec"":0.00015497207641601562,""clock_round_trip_ms"":4.8999786376953125,""subject_id"":""sub-005"",""session_id"":""ses-001"",""block_id"":""Block 6"",""counterbalance_group"":""G05"",""block_order"":""Block 6"",""condition"":""B"",""condition_type"":""bbbd_subtraction"",""topic_key"":""V2"",""topic_name"":""百家争鸣 到底是哪百家"",""event_type"":""browser_shutdown_ready"",""iso_time"":""2026-09-17T10:17:17.692Z"",""relative_ms"":401649,""video_time_sec"":312.773,""shutdown_request_id"":""98793317-ed7f-4818-8510-3e551fc42c16""}",2c45acad-6db6-41d5-89db-d3b3e344aa65,sub-005,ses-001,33c38ae0-93d1-4792-99fd-3660afc22705,68e07060-2057-490d-865c-e3c07c73e2ab,1789640237.7072797,1789640237.6929,3053209.499999985,68e07060-2057-490d-865c-e3c07c73e2ab,browser_calibrated,0.00015497207641601562,4.8999786376953125,712332,712332,0,-0.6830692291259766,host_receive_nearest,verified,0,0,,,,,,,,,1,,,,,,,,,,,,,,,,,,,,V2,B,312.773,1789640237.6929,1789640237.7073722,712332,,,,,,,,,,
0b8d235e-c996-4c09-8071-88ff459586ac,session_end,1789640237.7838237,2849.408,712353,,,,,G05,,,session_end,,,0.0,0.0,,,,,,,,2c45acad-6db6-41d5-89db-d3b3e344aa65,sub-005,ses-001,,,1789640237.7838237,,,recorder,server,,,712352,712352,0,-2.7513504028320312,host_receive_nearest,,,,,,,,,,,,0,,,,,,,,,,,,,,,,,,,,,,,,1789640237.7838237,712352,,,,,,,,,,
