qc_timestamp,sample_time_sec,context,window_duration_sec,sample_count,estimated_sample_rate_hz,missing_packets,packet_loss_rate_pct,duplicate_packets_total,channel_0_saturation_rate_pct,channel_1_saturation_rate_pct,signal_alive,status,messages,channel_0_rms_counts,channel_0_constant_value,channel_0_near_zero_rms,channel_0_longest_unchanged_sec,channel_0_invalid_flatline,channel_1_rms_counts,channel_1_constant_value,channel_1_near_zero_rms,channel_1_longest_unchanged_sec,channel_1_invalid_flatline
1790004998.0629337,0.0,runtime,0.0,0,,0,,0,,,False,bad,已连续 2.4 秒没有EEG，请立即重新连接耳机。,,,,0.0,False,,,,0.0,False
1790005000.0789337,0.0,runtime,0.0,0,,0,,0,,,False,bad,已连续 4.4 秒没有EEG，请立即重新连接耳机。,,,,0.0,False,,,,0.0,False
1790005002.0789337,0.0,runtime,0.0,0,,0,,0,,,False,bad,已连续 6.4 秒没有EEG，请立即重新连接耳机。,,,,0.0,False,,,,0.0,False
1790005004.0949337,0.0,runtime,0.0,0,,0,,0,,,False,bad,已连续 8.4 秒没有EEG，请立即重新连接耳机。,,,,0.0,False,,,,0.0,False
1790005006.1099336,0.0,runtime,0.0,0,,0,,0,,,False,bad,已连续 10.4 秒没有EEG，请立即重新连接耳机。,,,,0.0,False,,,,0.0,False
1790005008.1259336,0.0,runtime,0.0,0,,0,,0,,,False,bad,已连续 12.4 秒没有EEG，请立即重新连接耳机。,,,,0.0,False,,,,0.0,False
1790005010.1259336,0.0,runtime,0.0,0,,0,,0,,,False,bad,已连续 14.4 秒没有EEG，请立即重新连接耳机。,,,,0.0,False,,,,0.0,False
1790005012.1569338,0.0,runtime,0.0,0,,0,,0,,,False,bad,已连续 16.5 秒没有EEG，请立即重新连接耳机。,,,,0.0,False,,,,0.0,False
1790005014.1729336,0.0,runtime,0.0,0,,0,,0,,,False,bad,已连续 18.5 秒没有EEG，请立即重新连接耳机。,,,,0.0,False,,,,0.0,False
1790005016.1729336,0.0,runtime,0.0,0,,0,,0,,,False,bad,已连续 20.5 秒没有EEG，请立即重新连接耳机。,,,,0.0,False,,,,0.0,False
1790005018.1879337,0.0,runtime,0.0,0,,0,,0,,,False,bad,已连续 22.5 秒没有EEG，请立即重新连接耳机。,,,,0.0,False,,,,0.0,False
1790005020.1879337,0.0,runtime,0.0,0,,0,,0,,,False,bad,已连续 24.5 秒没有EEG，请立即重新连接耳机。,,,,0.0,False,,,,0.0,False
1790005022.2039337,0.0,runtime,0.0,0,,0,,0,,,False,bad,已连续 26.5 秒没有EEG，请立即重新连接耳机。,,,,0.0,False,,,,0.0,False
1790005024.2039337,0.0,runtime,0.0,0,,0,,0,,,False,bad,已连续 28.5 秒没有EEG，请立即重新连接耳机。,,,,0.0,False,,,,0.0,False
1790005026.2039337,0.0,runtime,0.0,0,,0,,0,,,False,bad,已连续 30.5 秒没有EEG，请立即重新连接耳机。,,,,0.0,False,,,,0.0,False
1790005028.2199337,0.0,runtime,0.0,0,,0,,0,,,False,bad,已连续 32.5 秒没有EEG，请立即重新连接耳机。,,,,0.0,False,,,,0.0,False
1790005030.2349336,0.0,runtime,0.0,0,,0,,0,,,False,bad,已连续 34.5 秒没有EEG，请立即重新连接耳机。,,,,0.0,False,,,,0.0,False
1790005032.2509336,0.0,runtime,0.0,0,,0,,0,,,False,bad,已连续 36.6 秒没有EEG，请立即重新连接耳机。,,,,0.0,False,,,,0.0,False
1790005034.2669337,0.0,runtime,0.0,0,,0,,0,,,False,bad,已连续 38.6 秒没有EEG，请立即重新连接耳机。,,,,0.0,False,,,,0.0,False
1790005036.2669337,0.0,runtime,0.0,0,,0,,0,,,False,bad,已连续 40.6 秒没有EEG，请立即重新连接耳机。,,,,0.0,False,,,,0.0,False
1790005038.2819338,0.0,runtime,0.0,0,,0,,0,,,False,bad,已连续 42.6 秒没有EEG，请立即重新连接耳机。,,,,0.0,False,,,,0.0,False
1790005040.2979336,0.0,runtime,0.0,0,,0,,0,,,False,bad,已连续 44.6 秒没有EEG，请立即重新连接耳机。,,,,0.0,False,,,,0.0,False
1790005042.3129337,0.0,runtime,0.0,0,,0,,0,,,False,bad,已连续 46.6 秒没有EEG，请立即重新连接耳机。,,,,0.0,False,,,,0.0,False
1790005044.3289337,0.0,runtime,0.0,0,,0,,0,,,False,bad,已连续 48.6 秒没有EEG，请立即重新连接耳机。,,,,0.0,False,,,,0.0,False
1790005046.3289337,0.0,runtime,0.0,0,,0,,0,,,False,bad,已连续 50.6 秒没有EEG，请立即重新连接耳机。,,,,0.0,False,,,,0.0,False
1790005048.3289337,0.0,runtime,0.0,0,,0,,0,,,False,bad,已连续 52.6 秒没有EEG，请立即重新连接耳机。,,,,0.0,False,,,,0.0,False
1790005050.3449337,0.0,runtime,0.0,0,,0,,0,,,False,bad,已连续 54.7 秒没有EEG，请立即重新连接耳机。,,,,0.0,False,,,,0.0,False
1790005052.3599336,0.0,runtime,0.0,0,,0,,0,,,False,bad,已连续 56.7 秒没有EEG，请立即重新连接耳机。,,,,0.0,False,,,,0.0,False
1790005054.3599336,1.888,runtime,1.812000036239624,473,260.4856460044692,0,0.0,0,100.0,100.0,True,waiting,等待至少2秒EEG数据。; 通道1出现饱和（100.000%）。; 通道2出现饱和（100.000%）。,0.0,True,True,1.888,False,0.0,True,True,1.888,False
1790005056.3599336,3.908,runtime,3.812000036239624,978,256.29590522348707,0,0.0,0,100.0,100.0,True,warning,通道1信号恒定、RMS接近数值零或连续至少2秒无变化，请检查数据流和电极。; 通道1出现饱和（100.000%）。; 通道2信号恒定、RMS接近数值零或连续至少2秒无变化，请检查数据流和电极。; 通道2出现饱和（100.000%）。,0.0,True,True,3.908,True,0.0,True,True,3.908,True
1790005058.3449337,5.888,runtime,5.797000169754028,1473,253.9244362420742,0,0.0,0,96.06245756958587,98.57433808553971,True,warning,通道1信号恒定、RMS接近数值零或连续至少2秒无变化，请检查数据流和电极。; 通道1出现饱和（96.062%）。; 通道2信号恒定、RMS接近数值零或连续至少2秒无变化，请检查数据流和电极。; 通道2出现饱和（98.574%）。,2748866.143995022,False,False,5.508,True,2786205.970320266,False,False,5.652,True
1790005060.3599336,7.868,runtime,7.812000036239624,1968,251.79211352728476,0,0.0,0,75.8130081300813,94.61382113821138,True,warning,通道1信号恒定、RMS接近数值零或连续至少2秒无变化，请检查数据流和电极。; 通道1出现饱和（75.813%）。; 通道2信号恒定、RMS接近数值零或连续至少2秒无变化，请检查数据流和电极。; 通道2出现饱和（94.614%）。,4347127.12815675,False,False,5.508,True,6027157.725533811,False,False,5.652,True
1790005062.3599336,9.848,runtime,9.765000104904175,2463,252.1249332873571,0,0.0,0,70.92976045473,94.27527405602923,True,warning,通道1信号恒定、RMS接近数值零或连续至少2秒无变化，请检查数据流和电极。; 通道1出现饱和（70.930%）。; 通道2信号恒定、RMS接近数值零或连续至少2秒无变化，请检查数据流和电极。; 通道2出现饱和（94.275%）。,4305009.5575457495,False,False,5.508,True,6030997.015250211,False,False,5.652,True
1790005064.3449337,11.888,runtime,9.985000133514404,2505,250.7761608931167,0,0.0,0,61.39720558882236,89.78043912175649,True,warning,通道1信号恒定、RMS接近数值零或连续至少2秒无变化，请检查数据流和电极。; 通道1出现饱和（61.397%）。; 通道2信号恒定、RMS接近数值零或连续至少2秒无变化，请检查数据流和电极。; 通道2出现饱和（89.780%）。,5241075.074574574,False,False,3.636,True,7016951.798633833,False,False,3.78,True
1790005066.3449337,13.868,runtime,9.969000101089478,2495,250.17554165010384,0,0.0,0,48.45691382765531,80.28056112224449,True,warning,通道1出现饱和（48.457%）。; 通道2出现饱和（80.281%）。,5155156.549264138,False,False,1.616,False,6996435.349412156,False,False,1.78,False
1790005068.3599336,15.908,runtime,9.983999967575073,2505,250.80128286580663,0,0.0,0,43.11377245508982,78.08383233532933,True,warning,通道1出现饱和（43.114%）。; 通道2出现饱和（78.084%）。,5301919.695451731,False,False,0.656,False,7162494.455491949,False,False,1.78,False
1790005070.3449337,17.888,runtime,9.985000133514404,2510,251.27691201311094,0,0.0,0,56.17529880478087,80.0,True,warning,通道1出现饱和（56.175%）。; 通道2出现饱和（80.000%）。,5274736.516774614,False,False,0.708,False,6479969.8624255145,False,False,1.78,False
1790005072.3449337,19.868,runtime,9.969000101089478,2505,251.17865127981557,0,0.0,0,65.86826347305389,81.35728542914171,True,warning,通道1信号恒定、RMS接近数值零或连续至少2秒无变化，请检查数据流和电极。; 通道1出现饱和（65.868%）。; 通道2信号恒定、RMS接近数值零或连续至少2秒无变化，请检查数据流和电极。; 通道2出现饱和（81.357%）。,5146291.446657741,False,False,2.636,True,6099855.145991779,False,False,3.56,True
1790005074.3599336,21.908,runtime,9.983999967575073,2505,250.80128286580663,0,0.0,0,75.8882235528942,85.94810379241517,True,warning,通道1信号恒定、RMS接近数值零或连续至少2秒无变化，请检查数据流和电极。; 通道1出现饱和（75.888%）。; 通道2信号恒定、RMS接近数值零或连续至少2秒无变化，请检查数据流和电极。; 通道2出现饱和（85.948%）。,4084925.4451369294,False,False,4.676,True,4638137.431414793,False,False,5.6,True
1790005076.3759336,23.928,runtime,9.983999967575073,2505,250.80128286580663,0,0.0,0,84.03193612774452,91.73652694610779,True,warning,通道1信号恒定、RMS接近数值零或连续至少2秒无变化，请检查数据流和电极。; 通道1出现饱和（84.032%）。; 通道2信号恒定、RMS接近数值零或连续至少2秒无变化，请检查数据流和电极。; 通道2出现饱和（91.737%）。,3981778.189146669,False,False,5.488,True,4431871.051047897,False,False,6.492,True
1790005078.3919337,25.928,runtime,10.0,2505,250.4,0,0.0,0,91.53692614770459,94.8502994011976,True,warning,通道1信号恒定、RMS接近数值零或连续至少2秒无变化，请检查数据流和电极。; 通道1出现饱和（91.537%）。; 通道2信号恒定、RMS接近数值零或连续至少2秒无变化，请检查数据流和电极。; 通道2出现饱和（94.850%）。,2634818.9779456826,False,False,5.488,True,2990135.642655477,False,False,6.492,True
1790005080.3919337,27.928,runtime,9.984999895095825,2500,250.2754157491173,0,0.0,0,79.16,94.32000000000001,True,warning,通道1信号恒定、RMS接近数值零或连续至少2秒无变化，请检查数据流和电极。; 通道1出现饱和（79.160%）。; 通道2信号恒定、RMS接近数值零或连续至少2秒无变化，请检查数据流和电极。; 通道2出现饱和（94.320%）。,4747901.57793418,False,False,4.788,True,5845160.948701809,False,False,4.868,True
1790005082.4069338,29.928,runtime,9.968999862670898,2500,250.6771024601526,0,0.0,0,61.24000000000001,84.16,True,warning,通道1信号恒定、RMS接近数值零或连续至少2秒无变化，请检查数据流和电极。; 通道1出现饱和（61.240%）。; 通道2信号恒定、RMS接近数值零或连续至少2秒无变化，请检查数据流和电极。; 通道2出现饱和（84.160%）。,5680345.428344129,False,False,2.788,True,7004490.561004652,False,False,2.868,True
1790005084.3919337,31.928,runtime,10.0,2505,250.4,0,0.0,0,41.35728542914172,64.2315369261477,True,warning,通道1信号恒定、RMS接近数值零或连续至少2秒无变化，请检查数据流和电极。; 通道1出现饱和（41.357%）。; 通道2信号恒定、RMS接近数值零或连续至少2秒无变化，请检查数据流和电极。; 通道2出现饱和（64.232%）。,5490942.791412317,False,False,2.34,True,6699758.642552664,False,False,2.772,True
1790005086.3919337,33.948,runtime,9.984999895095825,2505,250.7761668810683,0,0.0,0,25.788423153692612,47.70459081836327,True,warning,通道1出现饱和（25.788%）。; 通道2信号恒定、RMS接近数值零或连续至少2秒无变化，请检查数据流和电极。; 通道2出现饱和（47.705%）。,4887306.7905538175,False,False,1.96,False,6004706.335850876,False,False,2.012,True
1790005088.4069338,35.944,runtime,10.0,2504,250.3,0,0.0,0,6.1900958466453675,27.7555910543131,True,warning,通道1出现饱和（6.190%）。; 通道2出现饱和（27.756%）。,3340389.1966185747,False,False,0.28,False,4486671.571942065,False,False,1.316,False
1790005090.3919337,37.924,runtime,10.0,2504,250.3,0,0.0,0,2.07667731629393,9.824281150159745,True,warning,通道1出现饱和（2.077%）。; 通道2出现饱和（9.824%）。,2102081.0493075564,False,False,0.064,False,2900902.5029181433,False,False,0.292,False
1790005092.3919337,39.924,runtime,9.953999996185303,2499,250.95439029107044,0,0.0,0,0.0,0.0,True,good,当前QC指标正常。,210566.5348551968,False,False,0.0,False,425496.79290232004,False,False,0.0,False
1790005094.4069338,41.944,runtime,9.969000101089478,2504,251.0783403168444,0,0.0,0,0.0,0.0,True,good,当前QC指标正常。,110401.53819876084,False,False,0.0,False,317291.653496074,False,False,0.0,False
1790005096.4069338,43.924,runtime,9.95300006866455,2494,250.47724131428643,0,0.0,0,0.0,0.0,True,good,当前QC指标正常。,89588.75764570409,False,False,0.0,False,107485.39561467765,False,False,0.0,False
1790005098.4229336,45.964,runtime,9.984999895095825,2505,250.7761668810683,0,0.0,0,0.0,0.0,True,good,当前QC指标正常。,1087002.0983224043,False,False,0.0,False,317916.56393638806,False,False,0.0,False
1790005100.4379337,47.964,runtime,10.0,2500,249.9,0,0.0,0,0.0,0.0,True,good,当前QC指标正常。,1367945.0549619237,False,False,0.0,False,386239.47993601946,False,False,0.0,False
1790005102.4379337,49.924,runtime,9.937999963760376,2490,250.45280831921067,0,0.0,0,0.0,0.0,True,good,当前QC指标正常。,1348922.6851725478,False,False,0.0,False,425672.1457153136,False,False,0.0,False
1790005104.4539337,51.944,runtime,9.92199993133545,2490,250.85668385657746,0,0.0,0,0.0,0.0,True,good,当前QC指标正常。,1340504.410249415,False,False,0.0,False,481445.4933675688,False,False,0.0,False
1790005106.4539337,53.984,runtime,9.967999935150146,2500,250.70224882203092,0,0.0,0,0.0,0.0,True,good,当前QC指标正常。,1240215.9628997121,False,False,0.0,False,529992.0404469147,False,False,0.0,False
1790005108.4699337,55.984,runtime,9.95300006866455,2495,250.5777135330246,0,0.0,0,0.0,0.0,True,good,当前QC指标正常。,989306.8191650101,False,False,0.0,False,537757.5830455512,False,False,0.0,False
1790005110.4849336,58.024,runtime,9.983999967575073,2505,250.80128286580663,0,0.0,0,0.0,0.0,True,good,当前QC指标正常。,733794.4199102691,False,False,0.0,False,562812.7977902612,False,False,0.0,False
1790005112.4699337,60.004,runtime,10.0,2505,250.4,0,0.0,0,0.0,0.0,True,good,当前QC指标正常。,585868.9641548011,False,False,0.0,False,584371.4908767755,False,False,0.0,False
1790005114.4699337,62.024,baseline,1.0470001697540283,280,266.4756014944539,0,0.0,0,0.0,0.0,True,waiting,等待至少2秒EEG数据。,177389.52761038492,False,False,0.0,False,478352.6748327183,False,False,0.0,False
1790005116.4849336,64.024,baseline,3.062000036239624,780,254.40888007195227,0,0.0,0,0.0,0.0,True,good,当前QC指标正常。,250491.39226654483,False,False,0.0,False,489604.41204039875,False,False,0.0,False
1790005118.4699337,66.004,baseline,5.047000169754028,1275,252.4271759757222,0,0.0,0,0.0,0.0,True,good,当前QC指标正常。,301341.56778598763,False,False,0.0,False,495312.5881803255,False,False,0.0,False
1790005120.4699337,67.984,baseline,7.015000104904175,1770,252.1739092724026,0,0.0,0,0.0,0.0,True,good,当前QC指标正常。,281955.92665370315,False,False,0.0,False,500769.4138533166,False,False,0.0,False
1790005122.4849336,70.004,baseline,9.031000137329102,2275,251.7993539387245,0,0.0,0,0.0,0.0,True,good,当前QC指标正常。,275181.22145811986,False,False,0.0,False,506324.8824114838,False,False,0.0,False
1790005124.4699337,71.984,baseline,11.047000169754028,2770,250.65628292297333,0,0.0,0,0.0,0.0,True,good,当前QC指标正常。,342897.46170938114,False,False,0.0,False,523286.4833399367,False,False,0.0,False
1790005126.4699337,73.984,baseline,13.031000137329102,3270,250.8633232713656,0,0.0,0,0.0,0.0,True,good,当前QC指标正常。,334980.38725067064,False,False,0.0,False,535222.0026432739,False,False,0.0,False
1790005128.4849336,76.024,baseline,15.062000036239624,3780,250.89629470904347,0,0.0,0,0.0,0.0,True,good,当前QC指标正常。,315277.45508258685,False,False,0.0,False,540651.4491196716,False,False,0.0,False
1790005130.4699337,78.004,baseline,17.04700016975403,4275,250.71859901680693,0,0.0,0,0.0,0.0,True,good,当前QC指标正常。,300960.52510723437,False,False,0.0,False,543236.9816015009,False,False,0.0,False
1790005132.4699337,80.004,baseline,19.04700016975403,4775,250.64314366841586,0,0.0,0,0.0,0.0,True,good,当前QC指标正常。,289073.4648465282,False,False,0.0,False,544337.3347546693,False,False,0.0,False
1790005134.4849336,82.024,baseline,21.062000036239624,5280,250.64096433942007,0,0.0,0,0.0,0.0,True,good,当前QC指标正常。,280283.9201138564,False,False,0.0,False,545075.6312435343,False,False,0.0,False
1790005136.4699337,84.004,baseline,23.04700016975403,5775,250.5315206955901,0,0.0,0,0.0,0.0,True,good,当前QC指标正常。,272893.9943746535,False,False,0.0,False,546161.3895902766,False,False,0.0,False
1790005138.4699337,86.024,baseline,25.04700016975403,6280,250.68870353513725,0,0.0,0,0.0,0.0,True,good,当前QC指标正常。,303733.4089486189,False,False,0.0,False,543281.8280524509,False,False,0.0,False
1790005140.4849336,88.024,baseline,27.062000036239624,6780,250.49885414684857,0,0.0,0,0.0,0.0,True,good,当前QC指标正常。,508445.35048735596,False,False,0.0,False,538345.4332126268,False,False,0.0,False
1790005142.4699337,89.984,baseline,29.04700016975403,7270,250.24959402069484,0,0.0,0,0.0,0.0,True,good,当前QC指标正常。,686074.5389376814,False,False,0.0,False,537043.2611887708,False,False,0.0,False
1790005144.4699337,91.964,baseline,31.0,7765,250.4516129032258,0,0.0,0,0.0,0.0,True,good,当前QC指标正常。,807234.4553246046,False,False,0.0,False,537236.6242986163,False,False,0.0,False
1790005146.4849336,94.024,runtime,9.983999967575073,2505,250.80128286580663,0,0.0,0,0.0,0.0,True,good,当前QC指标正常。,729134.754916415,False,False,0.0,False,473903.75396649324,False,False,0.0,False
1790005148.4699337,96.004,runtime,10.0,2505,250.4,0,0.0,0,0.0,0.0,True,good,当前QC指标正常。,399831.0140699041,False,False,0.0,False,464281.1546624577,False,False,0.0,False
1790005150.4699337,98.024,runtime,9.985000133514404,2505,250.7761608931167,0,0.0,0,0.0,0.0,True,good,当前QC指标正常。,375894.063091525,False,False,0.0,False,468048.6241259629,False,False,0.0,False
1790005152.4849336,100.024,runtime,9.983999967575073,2505,250.80128286580663,0,0.0,0,0.0,0.0,True,good,当前QC指标正常。,377162.64930656366,False,False,0.0,False,460003.31594470993,False,False,0.0,False
1790005154.4699337,102.004,runtime,9.985000133514404,2510,251.27691201311094,0,0.0,0,0.0,0.0,True,good,当前QC指标正常。,332977.63410838856,False,False,0.0,False,420953.9691920238,False,False,0.0,False
1790005156.4849336,104.024,runtime,9.985000133514404,2505,250.7761608931167,0,0.0,0,0.0,0.0,True,good,当前QC指标正常。,364373.3575824433,False,False,0.0,False,480662.03288417694,False,False,0.0,False
1790005158.4849336,106.024,runtime,9.983999967575073,2505,250.80128286580663,0,0.0,0,0.0,0.0,True,good,当前QC指标正常。,386275.6848784507,False,False,0.0,False,492755.758174372,False,False,0.0,False
1790005160.5009336,108.024,runtime,10.0,2500,249.9,0,0.0,0,0.0,0.0,True,good,当前QC指标正常。,376870.2343749898,False,False,0.0,False,469523.10863483045,False,False,0.0,False
1790005162.5319338,110.044,runtime,9.95300006866455,2495,250.5777135330246,0,0.0,0,0.0,0.0,True,good,当前QC指标正常。,368985.8982326654,False,False,0.0,False,443765.7572112192,False,False,0.0,False
1790005164.5479336,112.064,runtime,10.0,2500,249.9,0,0.0,0,0.0,0.0,True,good,当前QC指标正常。,366539.22408282396,False,False,0.0,False,442103.8613262815,False,False,0.0,False
1790005166.5629337,114.064,runtime,10.0,2495,249.4,0,0.0,0,0.0,0.0,True,good,当前QC指标正常。,281126.6580291397,False,False,0.0,False,343318.64690303645,False,False,0.0,False
1790005168.5629337,116.104,runtime,9.983999967575073,2505,250.80128286580663,0,0.0,0,0.0,0.0,True,good,当前QC指标正常。,228907.76875139892,False,False,0.0,False,286872.0522813036,False,False,0.0,False
1790005170.5479336,118.084,runtime,10.0,2505,250.4,0,0.0,0,0.0,0.0,True,good,当前QC指标正常。,226191.45199875743,False,False,0.0,False,278413.4598491244,False,False,0.0,False
1790005172.5479336,120.064,runtime,9.969000101089478,2495,250.17554165010384,0,0.0,0,0.0,0.0,True,good,当前QC指标正常。,222833.0640128443,False,False,0.0,False,272295.2277802514,False,False,0.0,False
1790005174.5629337,122.084,runtime,9.922000169754028,2500,251.86453912970973,0,0.0,0,0.0,0.0,True,good,当前QC指标正常。,587106.1691948005,False,False,0.0,False,294148.5011413566,False,False,0.0,False
1790005176.5479336,124.084,runtime,9.984999895095825,2510,251.2769180130193,0,0.0,0,0.0,0.0,True,good,当前QC指标正常。,1335492.8355720192,False,False,0.0,False,349123.5575146934,False,False,0.0,False
1790005178.5479336,126.064,runtime,9.969000101089478,2495,250.17554165010384,0,0.0,0,0.0,0.0,True,good,当前QC指标正常。,1440438.7025518226,False,False,0.0,False,390700.37275746366,False,False,0.0,False
1790005180.5629337,128.084,runtime,9.95300006866455,2500,251.08007462671551,0,0.0,0,0.0,0.0,True,good,当前QC指标正常。,1326525.958520369,False,False,0.0,False,431321.9249624595,False,False,0.0,False
1790005182.5789337,130.104,runtime,9.983999967575073,2500,250.3004815821289,0,0.0,0,0.0,0.0,True,good,当前QC指标正常。,1000766.1071835858,False,False,0.0,False,465863.43071538076,False,False,0.0,False
1790005184.5949337,132.124,runtime,10.0,2505,250.4,0,0.0,0,0.0,0.0,True,good,当前QC指标正常。,429272.6898790988,False,False,0.0,False,484173.1098174598,False,False,0.0,False
1790005186.6099336,134.124,runtime,9.969000101089478,2500,250.6770964649597,0,0.0,0,0.0,0.0,True,good,当前QC指标正常。,283653.74580436683,False,False,0.0,False,480080.1650199366,False,False,0.0,False
1790005188.5949337,136.124,runtime,9.969000101089478,2500,250.6770964649597,0,0.0,0,0.0,0.0,True,good,当前QC指标正常。,273394.46831257816,False,False,0.0,False,476457.92512445815,False,False,0.0,False
1790005190.6099336,138.124,runtime,9.95300006866455,2495,250.5777135330246,0,0.0,0,0.0,0.0,True,good,当前QC指标正常。,269153.93666901765,False,False,0.0,False,467497.9086209116,False,False,0.0,False
1790005192.5949337,140.144,runtime,9.985000133514404,2505,250.7761608931167,0,0.0,0,0.0,0.0,True,good,当前QC指标正常。,210102.01843384147,False,False,0.0,False,459262.88290344726,False,False,0.0,False
1790005194.6099336,142.144,runtime,10.0,2505,250.4,0,0.0,0,0.0,0.0,True,good,当前QC指标正常。,66123.21141518731,False,False,0.0,False,453123.2378902973,False,False,0.0,False
1790005196.6099336,144.144,runtime,9.983999967575073,2505,250.80128286580663,0,0.0,0,0.0,0.0,True,good,当前QC指标正常。,68152.08818708548,False,False,0.0,False,446828.47566070553,False,False,0.0,False
1790005198.6259336,146.164,runtime,9.983999967575073,2510,251.30208414948433,0,0.0,0,0.0,0.0,True,good,当前QC指标正常。,73318.94616376395,False,False,0.0,False,437297.94748649624,False,False,0.0,False
1790005200.6419337,148.144,runtime,9.967999935150146,2495,250.20064368233096,0,0.0,0,0.0,0.0,True,good,当前QC指标正常。,68760.19016338822,False,False,0.0,False,430143.91679649777,False,False,0.0,False
1790005202.6419337,150.184,runtime,9.984999895095825,2505,250.7761668810683,0,0.0,0,0.0,0.0,True,good,当前QC指标正常。,62846.6910746432,False,False,0.0,False,425300.7649277404,False,False,0.0,False
1790005204.6569338,152.184,runtime,9.984000205993652,2500,250.300475604937,0,0.0,0,0.0,0.0,True,good,当前QC指标正常。,62845.41811407929,False,False,0.0,False,420390.3927677331,False,False,0.0,False
1790005206.6419337,154.144,runtime,10.0,2495,249.4,0,0.0,0,0.0,0.0,True,good,当前QC指标正常。,65419.32235807511,False,False,0.0,False,416191.62086495786,False,False,0.0,False
1790005208.6419337,156.144,runtime,9.953999996185303,2495,250.5525417878021,0,0.0,0,0.0,0.0,True,good,当前QC指标正常。,57369.2057824659,False,False,0.0,False,416545.70566840586,False,False,0.0,False
1790005210.6569338,158.184,runtime,9.984000205993652,2500,250.300475604937,0,0.0,0,0.0,0.0,True,good,当前QC指标正常。,61915.62892502579,False,False,0.0,False,415046.24695657985,False,False,0.0,False
1790005212.6419337,160.184,runtime,10.0,2505,250.4,0,0.0,0,0.0,0.0,True,good,当前QC指标正常。,69818.9375630379,False,False,0.0,False,411939.89803678094,False,False,0.0,False
1790005214.6419337,162.164,runtime,9.952999830245972,2500,251.08008064119915,0,0.0,0,0.0,0.0,True,good,当前QC指标正常。,74309.20982764286,False,False,0.0,False,409147.7352266987,False,False,0.0,False
1790005216.6569338,164.184,runtime,9.984000205993652,2500,250.300475604937,0,0.0,0,0.0,0.0,True,good,当前QC指标正常。,94913.76310934892,False,False,0.0,False,406089.05861559644,False,False,0.0,False
1790005218.6419337,166.164,runtime,10.0,2510,250.9,0,0.0,0,0.0,0.0,True,good,当前QC指标正常。,105890.7826721244,False,False,0.0,False,403103.36570962606,False,False,0.0,False
1790005220.6419337,168.164,runtime,9.968999862670898,2500,250.6771024601526,0,0.0,0,0.0,0.0,True,good,当前QC指标正常。,106627.68902896844,False,False,0.0,False,399832.9142059333,False,False,0.0,False
1790005222.6569338,170.184,runtime,9.984000205993652,2500,250.300475604937,0,0.0,0,0.0,0.0,True,good,当前QC指标正常。,95490.09730127643,False,False,0.0,False,396584.5200032873,False,False,0.0,False
1790005224.6419337,172.184,runtime,9.984999895095825,2505,250.7761668810683,0,0.0,0,0.0,0.0,True,good,当前QC指标正常。,64314.54046845864,False,False,0.0,False,393699.870877884,False,False,0.0,False
1790005226.6419337,174.144,runtime,9.937999963760376,2495,250.95592766095277,0,0.0,0,0.0,0.0,True,good,当前QC指标正常。,94802.43739573589,False,False,0.0,False,391568.5574645999,False,False,0.0,False
1790005228.6569338,176.164,runtime,9.984000205993652,2495,249.79967433321843,0,0.0,0,0.0,0.0,True,good,当前QC指标正常。,141721.4405381733,False,False,0.0,False,390217.00713984645,False,False,0.0,False
1790005230.6419337,178.164,runtime,9.984999895095825,2500,250.2754157491173,0,0.0,0,0.0,0.0,True,good,当前QC指标正常。,513461.4149639877,False,False,0.0,False,391987.0001644929,False,False,0.0,False
1790005232.6419337,180.164,runtime,9.968999862670898,2500,250.6771024601526,0,0.0,0,0.0,0.0,True,good,当前QC指标正常。,645122.8103950372,False,False,0.0,False,398810.8874244571,False,False,0.0,False
1790005234.6569338,182.184,runtime,9.95300006866455,2500,251.08007462671551,0,0.0,0,0.0,0.0,True,good,当前QC指标正常。,769870.5176221889,False,False,0.0,False,405325.1389944572,False,False,0.0,False
1790005236.6419337,184.184,runtime,9.984999895095825,2510,251.2769180130193,0,0.0,0,0.0,0.0,True,good,当前QC指标正常。,746169.3828791709,False,False,0.0,False,410007.1159574372,False,False,0.0,False
1790005238.6569338,186.184,runtime,10.0,2510,250.9,0,0.0,0,0.0,0.0,True,good,当前QC指标正常。,627391.3461365689,False,False,0.0,False,412528.23646163265,False,False,0.0,False
1790005240.6569338,188.204,runtime,9.984000205993652,2505,250.80127687665555,0,0.0,0,0.0,0.0,True,good,当前QC指标正常。,564581.3177780687,False,False,0.0,False,411547.03937664855,False,False,0.0,False
1790005242.6419337,190.184,runtime,10.0,2505,250.4,0,0.0,0,0.0,0.0,True,good,当前QC指标正常。,509004.98410632985,False,False,0.0,False,405418.75635758,False,False,0.0,False
1790005244.6419337,192.184,runtime,9.984999895095825,2500,250.2754157491173,0,0.0,0,0.0,0.0,True,good,当前QC指标正常。,355334.27902908524,False,False,0.0,False,399025.15364369116,False,False,0.0,False
1790005246.6569338,194.164,runtime,9.984000205993652,2495,249.79967433321843,0,0.0,0,0.0,0.0,True,good,当前QC指标正常。,100335.8875318147,False,False,0.0,False,393432.8278707173,False,False,0.0,False
1790005248.6729336,196.184,runtime,9.984999895095825,2495,249.77466461716625,0,0.0,0,0.0,0.0,True,good,当前QC指标正常。,91119.83903256134,False,False,0.0,False,389127.35678137105,False,False,0.0,False
1790005250.6729336,198.224,runtime,9.984999895095825,2505,250.7761668810683,0,0.0,0,0.0,0.0,True,good,当前QC指标正常。,72593.92064470063,False,False,0.0,False,385380.4721399947,False,False,0.0,False
1790005252.6879337,200.224,runtime,9.983999967575073,2500,250.3004815821289,0,0.0,0,0.0,0.0,True,good,当前QC指标正常。,78297.92585755922,False,False,0.0,False,382143.35401655437,False,False,0.0,False
1790005254.6729336,202.224,runtime,10.0,2505,250.4,0,0.0,0,0.0,0.0,True,good,当前QC指标正常。,86708.88736634929,False,False,0.0,False,379480.16716723103,False,False,0.0,False
1790005256.6729336,204.224,runtime,9.952999830245972,2505,251.58244174692385,0,0.0,0,0.0,0.0,True,good,当前QC指标正常。,80174.14228655276,False,False,0.0,False,376675.0569527471,False,False,0.0,False
1790005258.6879337,206.224,runtime,9.95300006866455,2500,251.08007462671551,0,0.0,0,0.0,0.0,True,good,当前QC指标正常。,81593.81336013715,False,False,0.0,False,373935.86259661,False,False,0.0,False
1790005260.6729336,208.224,runtime,10.0,2505,250.4,0,0.0,0,0.0,0.0,True,good,当前QC指标正常。,96967.06760326975,False,False,0.0,False,371196.4208356659,False,False,0.0,False
1790005262.6729336,210.204,runtime,9.953999996185303,2500,251.0548524168875,0,0.0,0,0.0,0.0,True,good,当前QC指标正常。,85401.08133404986,False,False,0.0,False,368318.7844844908,False,False,0.0,False
1790005264.6879337,212.24,runtime,9.983999967575073,2504,250.70112260907106,0,0.0,0,0.0,0.0,True,good,当前QC指标正常。,86121.05333914103,False,False,0.0,False,365141.2002694748,False,False,0.0,False
1790005266.6729336,214.18,runtime,10.0,2494,249.3,0,0.0,0,0.0,0.0,True,good,当前QC指标正常。,98874.85246009234,False,False,0.0,False,362351.22572392016,False,False,0.0,False
1790005268.6729336,216.16,runtime,9.937999963760376,2489,250.35218445086224,0,0.0,0,0.0,0.0,True,good,当前QC指标正常。,101712.83503721826,False,False,0.0,False,359284.6078398726,False,False,0.0,False
1790005270.6879337,218.22,runtime,9.983999967575073,2499,250.20032132539333,0,0.0,0,0.0,0.0,True,good,当前QC指标正常。,125529.55991731757,False,False,0.0,False,356466.50527238444,False,False,0.0,False
1790005272.6729336,220.2,runtime,10.0,2499,249.8,0,0.0,0,0.0,0.0,True,good,当前QC指标正常。,141027.76918483645,False,False,0.0,False,353501.35333998327,False,False,0.0,False
1790005274.6729336,222.22,runtime,9.984999895095825,2505,250.7761668810683,0,0.0,0,0.0,0.0,True,good,当前QC指标正常。,154093.56006417584,False,False,0.0,False,350651.561904291,False,False,0.0,False
1790005276.6879337,224.24,runtime,9.983999967575073,2505,250.80128286580663,0,0.0,0,0.0,0.0,True,good,当前QC指标正常。,159340.6684984813,False,False,0.0,False,347817.09182532126,False,False,0.0,False
1790005278.7039337,226.24,runtime,9.969000101089478,2505,251.17865127981557,0,0.0,0,0.0,0.0,True,good,当前QC指标正常。,141576.01050710975,False,False,0.0,False,345338.2463584675,False,False,0.0,False
1790005280.7039337,228.24,runtime,10.0,2502,250.1,0,0.0,0,0.0,0.0,True,good,当前QC指标正常。,128132.25833741561,False,False,0.0,False,342860.1783677219,False,False,0.0,False
1790005282.7199337,230.26,runtime,9.985000133514404,2505,250.7761608931167,0,0.0,0,0.0,0.0,True,good,当前QC指标正常。,136770.48311631873,False,False,0.0,False,340717.9802394065,False,False,0.0,False
1790005284.7199337,232.24,runtime,9.969000101089478,2495,250.17554165010384,0,0.0,0,0.0,0.0,True,good,当前QC指标正常。,220834.15991277582,False,False,0.0,False,339244.8616016497,False,False,0.0,False
1790005286.7349336,234.28,runtime,9.983999967575073,2505,250.80128286580663,0,0.0,0,0.0,0.0,True,good,当前QC指标正常。,291649.248340191,False,False,0.0,False,339115.64888285,False,False,0.0,False
1790005288.7509336,236.26,runtime,10.0,2495,249.4,0,0.0,0,0.0,0.0,True,good,当前QC指标正常。,325248.66164998314,False,False,0.0,False,339549.0304985608,False,False,0.0,False
1790005290.7669337,238.26,runtime,10.0,2495,249.4,0,0.0,0,0.0,0.0,True,good,当前QC指标正常。,308011.54644931114,False,False,0.0,False,339565.9700185948,False,False,0.0,False
1790005292.7669337,240.3,runtime,9.984999895095825,2500,250.2754157491173,0,0.0,0,0.0,0.0,True,good,当前QC指标正常。,256020.6568639435,False,False,0.0,False,339373.7858565476,False,False,0.0,False
1790005294.7819338,242.3,runtime,9.968999862670898,2500,250.6771024601526,0,0.0,0,0.0,0.0,True,good,当前QC指标正常。,233627.26918175898,False,False,0.0,False,338284.43861823576,False,False,0.0,False
1790005296.7669337,244.3,runtime,10.0,2505,250.4,0,0.0,0,0.0,0.0,True,good,当前QC指标正常。,231186.30406364228,False,False,0.0,False,335864.6319324331,False,False,0.0,False
1790005298.7669337,246.3,runtime,9.984999895095825,2500,250.2754157491173,0,0.0,0,0.0,0.0,True,good,当前QC指标正常。,232625.096804057,False,False,0.0,False,332897.8456980779,False,False,0.0,False
1790005300.7669337,248.3,runtime,9.983999967575073,2515,251.80288543316206,0,0.0,0,0.0,0.0,True,good,当前QC指标正常。,233616.0779998221,False,False,0.0,False,330188.1358303046,False,False,0.0,False
1790005302.7669337,250.3,runtime,10.0,2505,250.4,0,0.0,0,0.0,0.0,True,good,当前QC指标正常。,234442.81448252866,False,False,0.0,False,328006.61202158814,False,False,0.0,False
1790005304.7669337,252.3,runtime,9.984999895095825,2500,250.2754157491173,0,0.0,0,0.0,0.0,True,good,当前QC指标正常。,235207.9537692562,False,False,0.0,False,326100.4377695643,False,False,0.0,False
1790005306.7819338,254.32,runtime,10.0,2505,250.4,0,0.0,0,0.0,0.0,True,good,当前QC指标正常。,235880.62598350592,False,False,0.0,False,324502.7924413584,False,False,0.0,False
1790005308.7669337,256.3,runtime,10.0,2505,250.4,0,0.0,0,0.0,0.0,True,good,当前QC指标正常。,236471.2423956755,False,False,0.0,False,323069.8258773426,False,False,0.0,False
1790005310.7669337,258.28,runtime,9.984999895095825,2495,249.77466461716625,0,0.0,0,0.0,0.0,True,good,当前QC指标正常。,237134.52986712777,False,False,0.0,False,321973.91593632946,False,False,0.0,False
1790005312.7819338,260.32,runtime,9.984000205993652,2505,250.80127687665555,0,0.0,0,0.0,0.0,True,good,当前QC指标正常。,233762.3818749111,False,False,0.0,False,314798.0334794437,False,False,0.0,False
1790005314.7819338,262.3,runtime,9.984999895095825,2500,250.2754157491173,0,0.0,0,0.0,0.0,True,good,当前QC指标正常。,218941.17492175152,False,False,0.0,False,293502.47772686736,False,False,0.0,False
1790005316.7979336,264.34,runtime,9.984999895095825,2505,250.7761668810683,0,0.0,0,0.0,0.0,True,good,当前QC指标正常。,201536.4735162001,False,False,0.0,False,269364.9168826841,False,False,0.0,False
1790005318.7979336,266.32,runtime,9.969000101089478,2495,250.17554165010384,0,0.0,0,0.0,0.0,True,good,当前QC指标正常。,182468.53906191015,False,False,0.0,False,243120.093452819,False,False,0.0,False
1790005320.8129337,268.34,runtime,9.968999862670898,2505,251.17865728700363,0,0.0,0,0.0,0.0,True,good,当前QC指标正常。,161044.7872840516,False,False,0.0,False,213924.29783785224,False,False,0.0,False
1790005322.7979336,270.34,runtime,9.952999830245972,2505,251.58244174692385,0,0.0,0,0.0,0.0,True,good,当前QC指标正常。,143135.61009485627,False,False,0.0,False,190002.81544216038,False,False,0.0,False
1790005324.8129337,272.34,runtime,10.0,2500,249.9,0,0.0,0,0.0,0.0,True,good,当前QC指标正常。,141310.66416407807,False,False,0.0,False,187322.60354399288,False,False,0.0,False
1790005326.7979336,274.34,runtime,10.0,2505,250.4,0,0.0,0,0.0,0.0,True,good,当前QC指标正常。,140926.23109876414,False,False,0.0,False,185852.40530123425,False,False,0.0,False
1790005328.7979336,276.34,runtime,9.984999895095825,2505,250.7761668810683,0,0.0,0,0.0,0.0,True,good,当前QC指标正常。,140741.96288510849,False,False,0.0,False,184901.0685441976,False,False,0.0,False
1790005330.8129337,278.32,runtime,9.969000101089478,2495,250.17554165010384,0,0.0,0,0.0,0.0,True,good,当前QC指标正常。,149010.804174136,False,False,0.0,False,194797.00470048172,False,False,0.0,False
1790005332.7979336,280.34,runtime,10.0,2505,250.4,0,0.0,0,0.0,0.0,True,good,当前QC指标正常。,176341.23233642103,False,False,0.0,False,228224.5626171776,False,False,0.0,False
1790005334.7979336,282.34,runtime,9.984999895095825,2505,250.7761668810683,0,0.0,0,0.0,0.0,True,good,当前QC指标正常。,201022.30623346925,False,False,0.0,False,256861.7519314017,False,False,0.0,False
1790005336.8129337,284.36,runtime,10.0,2505,250.4,0,0.0,0,0.0,0.0,True,good,当前QC指标正常。,223753.31074014772,False,False,0.0,False,282731.2301573878,False,False,0.0,False
1790005338.8129337,286.36,runtime,9.983999967575073,2505,250.80128286580663,0,0.0,0,0.0,0.0,True,good,当前QC指标正常。,243989.39680505331,False,False,0.0,False,305910.97620982694,False,False,0.0,False
1790005340.8289337,288.36,runtime,9.983999967575073,2510,251.30208414948433,0,0.0,0,0.0,0.0,True,good,当前QC指标正常。,257242.06676643415,False,False,0.0,False,320808.8049420434,False,False,0.0,False
1790005342.8449337,290.36,runtime,9.967999935150146,2505,251.20385396173086,0,0.0,0,0.0,0.0,True,good,当前QC指标正常。,256910.98888976625,False,False,0.0,False,319502.6683856757,False,False,0.0,False
1790005344.8449337,292.38,runtime,9.985000133514404,2500,250.27540977312245,0,0.0,0,0.0,0.0,True,good,当前QC指标正常。,257126.5463328459,False,False,0.0,False,318118.78346414724,False,False,0.0,False
1790005346.8599336,294.4,runtime,9.983999967575073,2505,250.80128286580663,0,0.0,0,0.0,0.0,True,good,当前QC指标正常。,257869.85315518404,False,False,0.0,False,316641.1670278128,False,False,0.0,False
1790005348.8449337,296.38,runtime,10.0,2505,250.4,0,0.0,0,0.0,0.0,True,good,当前QC指标正常。,258525.36770790248,False,False,0.0,False,315157.28243185335,False,False,0.0,False
1790005350.8449337,298.36,runtime,9.985000133514404,2495,249.77465865312823,0,0.0,0,0.0,0.0,True,good,当前QC指标正常。,258753.0183980427,False,False,0.0,False,313779.0244067521,False,False,0.0,False
1790005352.8599336,300.38,runtime,9.983999967575073,2500,250.3004815821289,0,0.0,0,0.0,0.0,True,good,当前QC指标正常。,258236.77793634805,False,False,0.0,False,312362.1865150922,False,False,0.0,False
1790005354.8449337,302.38,runtime,10.0,2505,250.4,0,0.0,0,0.0,0.0,True,good,当前QC指标正常。,258455.91732148893,False,False,0.0,False,311220.3836417285,False,False,0.0,False
1790005356.8449337,304.38,runtime,9.985000133514404,2500,250.27540977312245,0,0.0,0,0.0,0.0,True,good,当前QC指标正常。,259324.02876874685,False,False,0.0,False,310003.5925526852,False,False,0.0,False
1790005358.8599336,306.4,runtime,9.983999967575073,2505,250.80128286580663,0,0.0,0,0.0,0.0,True,good,当前QC指标正常。,260027.8970010323,False,False,0.0,False,308989.40012558445,False,False,0.0,False
1790005360.8449337,308.38,runtime,10.0,2510,250.9,0,0.0,0,0.0,0.0,True,good,当前QC指标正常。,260391.2013722922,False,False,0.0,False,308170.5919726985,False,False,0.0,False
1790005362.8449337,310.38,runtime,9.985000133514404,2510,251.27691201311094,0,0.0,0,0.0,0.0,True,good,当前QC指标正常。,260753.72831859262,False,False,0.0,False,307134.23570019484,False,False,0.0,False
1790005364.8599336,312.4,runtime,9.983999967575073,2505,250.80128286580663,0,0.0,0,0.0,0.0,True,good,当前QC指标正常。,261041.77137359118,False,False,0.0,False,306467.0791576146,False,False,0.0,False
1790005366.8449337,314.38,runtime,10.0,2505,250.4,0,0.0,0,0.0,0.0,True,good,当前QC指标正常。,261180.93139165774,False,False,0.0,False,305850.9872456593,False,False,0.0,False
1790005368.8449337,316.38,runtime,9.985000133514404,2500,250.27540977312245,0,0.0,0,0.0,0.0,True,good,当前QC指标正常。,261298.2258535181,False,False,0.0,False,305146.5270132128,False,False,0.0,False
1790005370.8759336,318.34,runtime,9.92199993133545,2490,250.85668385657746,0,0.0,0,0.0,0.0,True,good,当前QC指标正常。,261118.36454161434,False,False,0.0,False,304307.54950888857,False,False,0.0,False
1790005372.9069338,320.42,runtime,9.968999862670898,2500,250.6771024601526,0,0.0,0,0.0,0.0,True,good,当前QC指标正常。,261001.12703069244,False,False,0.0,False,303644.1525084428,False,False,0.0,False
1790005374.8919337,322.42,runtime,10.0,2505,250.4,0,0.0,0,0.0,0.0,True,good,当前QC指标正常。,261004.39545607788,False,False,0.0,False,303080.4668284193,False,False,0.0,False
1790005376.9069338,324.4,runtime,9.952999830245972,2495,250.57771953547447,0,0.0,0,0.0,0.0,True,good,当前QC指标正常。,261160.6905882157,False,False,0.0,False,302746.80919568083,False,False,0.0,False
1790005378.9069338,326.44,runtime,10.0,2505,250.4,0,0.0,0,0.0,0.0,True,good,当前QC指标正常。,261096.18582281435,False,False,0.0,False,302234.94487783435,False,False,0.0,False
1790005380.9069338,328.46,runtime,9.984000205993652,2505,250.80127687665555,0,0.0,0,0.0,0.0,True,good,当前QC指标正常。,261095.48163054336,False,False,0.0,False,301741.98453515605,False,False,0.0,False
1790005382.9379337,330.44,runtime,9.937999963760376,2505,251.96216634443692,0,0.0,0,0.0,0.0,True,good,当前QC指标正常。,258892.37348717335,False,False,0.0,False,298877.93049611413,False,False,0.0,False
1790005384.9379337,332.46,runtime,10.0,2505,250.4,0,0.0,0,0.0,0.0,True,good,当前QC指标正常。,242959.9440148602,False,False,0.0,False,280730.75142381503,False,False,0.0,False
1790005386.9379337,334.48,runtime,9.983999967575073,2505,250.80128286580663,0,0.0,0,0.0,0.0,True,good,当前QC指标正常。,224624.1796855418,False,False,0.0,False,259989.08205566648,False,False,0.0,False
1790005388.9539337,336.48,runtime,9.969000101089478,2510,251.68020609467143,0,0.0,0,0.0,0.0,True,good,当前QC指标正常。,223786.17721266623,False,False,0.0,False,258627.94056587384,False,False,0.0,False
1790005390.9539337,338.5,runtime,9.983999967575073,2505,250.80128286580663,0,0.0,0,0.0,0.0,True,good,当前QC指标正常。,225797.74605060034,False,False,0.0,False,260430.71749551655,False,False,0.0,False
1790005392.9699337,340.5,runtime,9.985000133514404,2500,250.27540977312245,0,0.0,0,0.0,0.0,True,good,当前QC指标正常。,229890.44959573346,False,False,0.0,False,264997.09290096187,False,False,0.0,False
1790005394.9849336,342.5,runtime,9.969000101089478,2500,250.6770964649597,0,0.0,0,0.0,0.0,True,good,当前QC指标正常。,246608.95792760112,False,False,0.0,False,283801.1187593499,False,False,0.0,False
1790005396.9849336,344.5,runtime,9.95300006866455,2495,250.5777135330246,0,0.0,0,0.0,0.0,True,good,当前QC指标正常。,262740.82656060887,False,False,0.0,False,302003.79768965713,False,False,0.0,False
1790005399.0009336,346.54,runtime,9.983999967575073,2505,250.80128286580663,0,0.0,0,0.0,0.0,True,good,当前QC指标正常。,262838.8433036505,False,False,0.0,False,302171.8688359302,False,False,0.0,False
1790005401.0169337,348.54,runtime,10.0,2500,249.9,0,0.0,0,0.0,0.0,True,good,当前QC指标正常。,260550.58499467926,False,False,0.0,False,299639.40858729806,False,False,0.0,False
1790005403.0169337,350.56,runtime,9.984999895095825,2505,250.7761668810683,0,0.0,0,0.0,0.0,True,good,当前QC指标正常。,258703.89435444906,False,False,0.0,False,297309.0091412571,False,False,0.0,False
1790005405.0319338,352.58,runtime,10.0,2505,250.4,0,0.0,0,0.0,0.0,True,good,当前QC指标正常。,250421.80935427986,False,False,0.0,False,287869.6455289896,False,False,0.0,False
1790005407.0169337,354.54,runtime,10.0,2510,250.9,0,0.0,0,0.0,0.0,True,good,当前QC指标正常。,235635.37083394063,False,False,0.0,False,271107.7333029081,False,False,0.0,False
1790005409.0169337,356.54,runtime,9.968999862670898,2500,250.6771024601526,0,0.0,0,0.0,0.0,True,good,当前QC指标正常。,220033.5937180013,False,False,0.0,False,253436.0572800675,False,False,0.0,False
1790005411.0169337,358.54,runtime,9.983999967575073,2505,250.80128286580663,0,0.0,0,0.0,0.0,True,good,当前QC指标正常。,216719.8790258467,False,False,0.0,False,247118.3855399652,False,False,0.0,False
1790005413.0169337,360.54,runtime,10.0,2500,249.9,0,0.0,0,0.0,0.0,True,good,当前QC指标正常。,213092.63436090192,False,False,0.0,False,240216.3969947558,False,False,0.0,False
1790005415.0169337,362.54,runtime,9.984999895095825,2500,250.2754157491173,0,0.0,0,0.0,0.0,True,good,当前QC指标正常。,216147.03009026498,False,False,0.0,False,242206.8505696188,False,False,0.0,False
1790005417.0169337,364.52,runtime,9.95300006866455,2500,251.08007462671551,0,0.0,0,0.0,0.0,True,good,当前QC指标正常。,225863.33851236844,False,False,0.0,False,253367.49468341435,False,False,0.0,False
1790005419.0169337,366.54,runtime,10.0,2500,249.9,0,0.0,0,0.0,0.0,True,good,当前QC指标正常。,233809.93458032308,False,False,0.0,False,263747.84299132327,False,False,0.0,False
1790005421.0169337,368.54,runtime,9.968999862670898,2500,250.6771024601526,0,0.0,0,0.0,0.0,True,good,当前QC指标正常。,235319.03073295878,False,False,0.0,False,265197.28024834476,False,False,0.0,False
1790005423.0319338,370.54,runtime,9.95300006866455,2495,250.5777135330246,0,0.0,0,0.0,0.0,True,good,当前QC指标正常。,237859.93122417643,False,False,0.0,False,268124.13522429846,False,False,0.0,False
1790005425.0169337,372.54,runtime,10.0,2510,250.9,0,0.0,0,0.0,0.0,True,good,当前QC指标正常。,240717.00220070232,False,False,0.0,False,271479.2863159781,False,False,0.0,False
1790005427.0169337,374.54,runtime,9.905999898910522,2505,252.77609787532845,0,0.0,0,0.0,0.0,True,good,当前QC指标正常。,243376.03049016366,False,False,0.0,False,274784.2674569186,False,False,0.0,False
1790005429.0319338,376.54,runtime,9.95300006866455,2495,250.5777135330246,0,0.0,0,0.0,0.0,True,good,当前QC指标正常。,245889.68637827813,False,False,0.0,False,278066.3308701835,False,False,0.0,False
1790005431.0169337,378.54,runtime,10.0,2500,249.9,0,0.0,0,0.0,0.0,True,good,当前QC指标正常。,246433.5264340648,False,False,0.0,False,278833.48739122186,False,False,0.0,False
1790005433.0169337,380.56,runtime,9.984999895095825,2505,250.7761668810683,0,0.0,0,0.0,0.0,True,good,当前QC指标正常。,246476.80960093692,False,False,0.0,False,278591.96750245395,False,False,0.0,False
1790005435.0169337,382.52,runtime,9.95300006866455,2500,251.08007462671551,0,0.0,0,0.0,0.0,True,good,当前QC指标正常。,245179.71342922322,False,False,0.0,False,277123.9643479734,False,False,0.0,False
1790005437.0169337,384.52,runtime,9.967999935150146,2495,250.20064368233096,0,0.0,0,0.0,0.0,True,good,当前QC指标正常。,241964.43442552537,False,False,0.0,False,273859.35088464426,False,False,0.0,False
1790005439.0169337,386.56,runtime,9.984999895095825,2505,250.7761668810683,0,0.0,0,0.0,0.0,True,good,当前QC指标正常。,238179.30177046722,False,False,0.0,False,270035.95031681383,False,False,0.0,False
1790005441.0319338,388.56,runtime,10.0,2500,249.9,0,0.0,0,0.0,0.0,True,good,当前QC指标正常。,233824.66146634452,False,False,0.0,False,265955.49915466463,False,False,0.0,False
1790005443.0169337,390.536,runtime,10.0,2499,249.8,0,0.0,0,0.0,0.0,True,good,当前QC指标正常。,228863.50351856285,False,False,0.0,False,261510.93958192263,False,False,0.0,False
1790005445.0169337,392.536,runtime,9.968999862670898,2504,251.07834632163343,0,0.0,0,0.0,0.0,True,good,当前QC指标正常。,224053.0400661882,False,False,0.0,False,257361.25126284076,False,False,0.0,False
1790005447.0169337,394.536,runtime,9.905999898910522,2504,252.6751489544517,0,0.0,0,0.0,0.0,True,good,当前QC指标正常。,222003.17714920358,False,False,0.0,False,255025.22305786223,False,False,0.0,False
1790005449.0169337,396.536,runtime,10.0,2499,249.8,0,0.0,0,0.0,0.0,True,good,当前QC指标正常。,220682.22329287016,False,False,0.0,False,253295.51380891382,False,False,0.0,False
1790005451.0169337,398.556,runtime,9.984999895095825,2504,250.67601665467808,0,0.0,0,0.0,0.0,True,good,当前QC指标正常。,219659.5499311416,False,False,0.0,False,251742.80237169666,False,False,0.0,False
1790005453.0319338,400.536,runtime,9.95300006866455,2495,250.5777135330246,0,0.0,0,0.0,0.0,True,good,当前QC指标正常。,219057.72539677375,False,False,0.0,False,250633.11036144124,False,False,0.0,False
1790005455.0169337,402.536,runtime,9.967999935150146,2500,250.70224882203092,0,0.0,0,0.0,0.0,True,good,当前QC指标正常。,218648.89608017812,False,False,0.0,False,249595.39011681333,False,False,0.0,False
1790005457.0319338,404.536,runtime,9.968999862670898,2500,250.6771024601526,0,0.0,0,0.0,0.0,True,good,当前QC指标正常。,218140.31475263851,False,False,0.0,False,248576.79436337846,False,False,0.0,False
1790005459.0319338,406.536,runtime,9.968999862670898,2495,250.17554763330156,0,0.0,0,0.0,0.0,True,good,当前QC指标正常。,217499.31330788502,False,False,0.0,False,247526.08011471835,False,False,0.0,False
1790005461.0169337,408.536,runtime,10.0,2500,249.9,0,0.0,0,0.0,0.0,True,good,当前QC指标正常。,216916.37918029964,False,False,0.0,False,246656.05190146551,False,False,0.0,False
1790005463.0169337,410.556,runtime,9.984999895095825,2505,250.7761668810683,0,0.0,0,0.0,0.0,True,good,当前QC指标正常。,208500.08841055504,False,False,0.0,False,237071.97875604074,False,False,0.0,False
1790005465.0319338,412.516,runtime,9.922000169754028,2495,251.3606084791901,0,0.0,0,0.0,0.0,True,good,当前QC指标正常。,195826.76776680467,False,False,0.0,False,222745.77706712869,False,False,0.0,False
1790005467.0169337,414.536,runtime,9.969000101089478,2500,250.6770964649597,0,0.0,0,0.0,0.0,True,good,当前QC指标正常。,186972.4665948893,False,False,0.0,False,212579.41089880563,False,False,0.0,False
1790005469.0169337,416.536,runtime,9.968999862670898,2500,250.6771024601526,0,0.0,0,0.0,0.0,True,good,当前QC指标正常。,188337.9408343242,False,False,0.0,False,213908.72513110578,False,False,0.0,False
1790005471.0319338,418.536,runtime,9.95300006866455,2495,250.5777135330246,0,0.0,0,0.0,0.0,True,good,当前QC指标正常。,189356.1879571629,False,False,0.0,False,214882.3995223707,False,False,0.0,False
1790005473.0169337,420.536,runtime,10.0,2500,249.9,0,0.0,0,0.0,0.0,True,good,当前QC指标正常。,199959.4943887711,False,False,0.0,False,226550.68014523448,False,False,0.0,False
1790005475.0169337,422.536,runtime,9.968999862670898,2505,251.17865728700363,0,0.0,0,0.0,0.0,True,good,当前QC指标正常。,213692.35178905175,False,False,0.0,False,241810.06202505366,False,False,0.0,False
1790005477.0169337,424.536,runtime,9.983999967575073,2505,250.80128286580663,0,0.0,0,0.0,0.0,True,good,当前QC指标正常。,222621.9716298823,False,False,0.0,False,251689.0633079044,False,False,0.0,False
1790005479.0169337,426.536,runtime,10.0,2500,249.9,0,0.0,0,0.0,0.0,True,good,当前QC指标正常。,222436.87309109257,False,False,0.0,False,251301.3904978586,False,False,0.0,False
1790005481.0169337,428.536,runtime,9.968999862670898,2500,250.6771024601526,0,0.0,0,0.0,0.0,True,good,当前QC指标正常。,222647.43259764372,False,False,0.0,False,251224.0302369524,False,False,0.0,False
1790005483.0169337,430.536,runtime,9.983999967575073,2505,250.80128286580663,0,0.0,0,0.0,0.0,True,good,当前QC指标正常。,220917.942973428,False,False,0.0,False,248813.6080858005,False,False,0.0,False
1790005485.0169337,432.536,runtime,9.969000101089478,2500,250.6770964649597,0,0.0,0,0.0,0.0,True,good,当前QC指标正常。,220642.87288012015,False,False,0.0,False,247024.3424487465,False,False,0.0,False
1790005487.0169337,434.556,runtime,9.953999996185303,2505,251.5571630459729,0,0.0,0,0.0,0.0,True,good,当前QC指标正常。,219651.22251937262,False,False,0.0,False,244768.56358529738,False,False,0.0,False
1790005489.0169337,436.516,runtime,9.95300006866455,2500,251.08007462671551,0,0.0,0,0.0,0.0,True,good,当前QC指标正常。,217858.47434671456,False,False,0.0,False,242296.22400656913,False,False,0.0,False
1790005491.0169337,438.536,runtime,10.0,2500,249.9,0,0.0,0,0.0,0.0,True,good,当前QC指标正常。,215397.4238844679,False,False,0.0,False,239871.82441326848,False,False,0.0,False
1790005493.0169337,440.556,runtime,9.984999895095825,2505,250.7761668810683,0,0.0,0,0.0,0.0,True,good,当前QC指标正常。,214944.88862012664,False,False,0.0,False,238821.82356363325,False,False,0.0,False
1790005495.0319338,442.556,runtime,9.95300006866455,2500,251.08007462671551,0,0.0,0,0.0,0.0,True,good,当前QC指标正常。,213900.57398861105,False,False,0.0,False,237161.9043556071,False,False,0.0,False
1790005497.0169337,444.536,runtime,10.0,2500,249.9,0,0.0,0,0.0,0.0,True,good,当前QC指标正常。,212126.7881709545,False,False,0.0,False,235002.10501974882,False,False,0.0,False
1790005499.0169337,446.556,runtime,9.984999895095825,2510,251.2769180130193,0,0.0,0,0.0,0.0,True,good,当前QC指标正常。,210564.89411586928,False,False,0.0,False,233212.11949837708,False,False,0.0,False
1790005501.0319338,448.556,runtime,9.95300006866455,2500,251.08007462671551,0,0.0,0,0.0,0.0,True,good,当前QC指标正常。,208793.1942038013,False,False,0.0,False,231211.42200261142,False,False,0.0,False
1790005503.0169337,450.556,runtime,10.0,2505,250.4,0,0.0,0,0.0,0.0,True,good,当前QC指标正常。,206996.60387091545,False,False,0.0,False,229220.17460928153,False,False,0.0,False
1790005505.0169337,452.536,runtime,9.953999996185303,2495,250.5525417878021,0,0.0,0,0.0,0.0,True,good,当前QC指标正常。,205413.8933330549,False,False,0.0,False,227478.39519862394,False,False,0.0,False
1790005507.0319338,454.556,runtime,9.95300006866455,2500,251.08007462671551,0,0.0,0,0.0,0.0,True,good,当前QC指标正常。,205106.08694678228,False,False,0.0,False,227057.50985144338,False,False,0.0,False
1790005509.0169337,456.556,runtime,10.0,2505,250.4,0,0.0,0,0.0,0.0,True,good,当前QC指标正常。,204584.296104563,False,False,0.0,False,226343.413771856,False,False,0.0,False
1790005511.0169337,458.536,runtime,9.968999862670898,2495,250.17554763330156,0,0.0,0,0.0,0.0,True,good,当前QC指标正常。,204166.89363558177,False,False,0.0,False,225795.63223038113,False,False,0.0,False
1790005513.0319338,460.576,runtime,9.984000205993652,2505,250.80127687665555,0,0.0,0,0.0,0.0,True,good,当前QC指标正常。,203989.5946062885,False,False,0.0,False,225593.30313127444,False,False,0.0,False
1790005515.0169337,462.536,runtime,10.0,2505,250.4,0,0.0,0,0.0,0.0,True,good,当前QC指标正常。,203931.74792779156,False,False,0.0,False,225559.62696153566,False,False,0.0,False
1790005517.0169337,464.556,runtime,9.984999895095825,2505,250.7761668810683,0,0.0,0,0.0,0.0,True,good,当前QC指标正常。,203464.52042909036,False,False,0.0,False,225071.98604428992,False,False,0.0,False
1790005519.0319338,466.536,runtime,9.95300006866455,2495,250.5777135330246,0,0.0,0,0.0,0.0,True,good,当前QC指标正常。,203363.59483309116,False,False,0.0,False,224967.16831397486,False,False,0.0,False
1790005521.0169337,468.536,runtime,10.0,2500,249.9,0,0.0,0,0.0,0.0,True,good,当前QC指标正常。,203730.6100146257,False,False,0.0,False,225348.8825117194,False,False,0.0,False
1790005523.0169337,470.536,runtime,9.968999862670898,2495,250.17554763330156,0,0.0,0,0.0,0.0,True,good,当前QC指标正常。,203978.86361825353,False,False,0.0,False,225531.57620494656,False,False,0.0,False
1790005525.0319338,472.576,runtime,9.95300006866455,2505,251.5824357204064,0,0.0,0,0.0,0.0,True,good,当前QC指标正常。,204411.33383881373,False,False,0.0,False,225864.93296602814,False,False,0.0,False
1790005527.0169337,474.556,runtime,10.0,2505,250.4,0,0.0,0,0.0,0.0,True,good,当前QC指标正常。,204870.67965083607,False,False,0.0,False,226246.29986608675,False,False,0.0,False
1790005529.0169337,476.536,runtime,9.968999862670898,2500,250.6771024601526,0,0.0,0,0.0,0.0,True,good,当前QC指标正常。,212414.50041975922,False,False,0.0,False,233979.27398997906,False,False,0.0,False
1790005531.0319338,478.576,runtime,9.984000205993652,2505,250.80127687665555,0,0.0,0,0.0,0.0,True,good,当前QC指标正常。,233959.98867997542,False,False,0.0,False,256276.01991676103,False,False,0.0,False
1790005533.0169337,480.536,runtime,10.0,2500,249.9,0,0.0,0,0.0,0.0,True,good,当前QC指标正常。,245643.80741013892,False,False,0.0,False,268355.8798390705,False,False,0.0,False
1790005535.0319338,482.536,runtime,10.0,2495,249.4,0,0.0,0,0.0,0.0,True,good,当前QC指标正常。,253816.8520999675,False,False,0.0,False,276789.4615245689,False,False,0.0,False
1790005537.0319338,484.576,runtime,9.984000205993652,2505,250.80127687665555,0,0.0,0,0.0,0.0,True,good,当前QC指标正常。,260362.39292782426,False,False,0.0,False,283547.60549659596,False,False,0.0,False
1790005539.0169337,486.556,runtime,10.0,2505,250.4,0,0.0,0,0.0,0.0,True,good,当前QC指标正常。,260127.60424321733,False,False,0.0,False,283197.7505592387,False,False,0.0,False
1790005541.0169337,488.556,runtime,9.984999895095825,2500,250.2754157491173,0,0.0,0,0.0,0.0,True,good,当前QC指标正常。,245883.24473993896,False,False,0.0,False,268171.90171816346,False,False,0.0,False
1790005543.0169337,490.536,runtime,10.0,2510,250.9,0,0.0,0,0.0,0.0,True,good,当前QC指标正常。,232809.93342238708,False,False,0.0,False,254240.2728012553,False,False,0.0,False
1790005545.0169337,492.556,runtime,9.984999895095825,2510,251.2769180130193,0,0.0,0,0.0,0.0,True,good,当前QC指标正常。,218727.73031883276,False,False,0.0,False,239281.18548911746,False,False,0.0,False
1790005547.0169337,494.556,runtime,9.984999895095825,2500,250.2754157491173,0,0.0,0,0.0,0.0,True,good,当前QC指标正常。,216187.9937529179,False,False,0.0,False,236789.2754601479,False,False,0.0,False
1790005549.0319338,496.556,runtime,9.95300006866455,2500,251.08007462671551,0,0.0,0,0.0,0.0,True,good,当前QC指标正常。,215749.98158077232,False,False,0.0,False,236404.07025525722,False,False,0.0,False
1790005551.0169337,498.556,runtime,10.0,2505,250.4,0,0.0,0,0.0,0.0,True,good,当前QC指标正常。,215696.89720548375,False,False,0.0,False,236347.83070273747,False,False,0.0,False
1790005553.0169337,500.536,runtime,10.0,2504,250.3,0,0.0,0,0.0,0.0,True,good,当前QC指标正常。,221795.41721689177,False,False,0.0,False,242858.1935731807,False,False,0.0,False
1790005555.0319338,502.536,runtime,9.984000205993652,2495,249.79967433321843,0,0.0,0,0.0,0.0,True,good,当前QC指标正常。,231380.83315243697,False,False,0.0,False,252996.47176019126,False,False,0.0,False
1790005557.0479336,504.576,runtime,10.0,2500,249.9,0,0.0,0,0.0,0.0,True,good,当前QC指标正常。,230719.38827882725,False,False,0.0,False,252077.82253994772,False,False,0.0,False
1790005559.0479336,506.576,runtime,9.969000101089478,2500,250.6770964649597,0,0.0,0,0.0,0.0,True,good,当前QC指标正常。,229157.20265861947,False,False,0.0,False,250286.20823775884,False,False,0.0,False
1790005561.0629337,508.576,runtime,9.983999967575073,2495,249.79968029845116,0,0.0,0,0.0,0.0,True,good,当前QC指标正常。,228254.78451951515,False,False,0.0,False,249248.44515763363,False,False,0.0,False
1790005563.0479336,510.576,runtime,10.0,2500,249.9,0,0.0,0,0.0,0.0,True,good,当前QC指标正常。,227377.53090533364,False,False,0.0,False,248241.85738024572,False,False,0.0,False
1790005565.0479336,512.576,runtime,9.984000205993652,2510,251.3020781483741,0,0.0,0,0.0,0.0,True,good,当前QC指标正常。,226595.50872598056,False,False,0.0,False,247358.27786918546,False,False,0.0,False
1790005567.0629337,514.596,runtime,9.95300006866455,2500,251.08007462671551,0,0.0,0,0.0,0.0,True,good,当前QC指标正常。,225629.707490523,False,False,0.0,False,246273.17202592682,False,False,0.0,False
1790005569.0479336,516.576,runtime,9.984999895095825,2500,250.2754157491173,0,0.0,0,0.0,0.0,True,good,当前QC指标正常。,224723.3497280072,False,False,0.0,False,245256.29824083412,False,False,0.0,False
1790005571.0479336,518.576,runtime,9.969000101089478,2505,251.17865127981557,0,0.0,0,0.0,0.0,True,good,当前QC指标正常。,223789.26080090605,False,False,0.0,False,244202.6549299046,False,False,0.0,False
1790005573.0629337,520.596,runtime,9.983999967575073,2500,250.3004815821289,0,0.0,0,0.0,0.0,True,good,当前QC指标正常。,222952.170455845,False,False,0.0,False,243252.78192720082,False,False,0.0,False
1790005575.0479336,522.556,runtime,9.984999895095825,2495,249.77466461716625,0,0.0,0,0.0,0.0,True,good,当前QC指标正常。,222044.8638675323,False,False,0.0,False,242225.00055829276,False,False,0.0,False
1790005577.0479336,524.576,runtime,9.969000101089478,2500,250.6770964649597,0,0.0,0,0.0,0.0,True,good,当前QC指标正常。,221210.28801696157,False,False,0.0,False,241285.29863435306,False,False,0.0,False
1790005579.0479336,526.576,runtime,9.984000205993652,2505,250.80127687665555,0,0.0,0,0.0,0.0,True,good,当前QC指标正常。,220431.238672018,False,False,0.0,False,240409.6188075948,False,False,0.0,False
1790005581.0479336,528.576,runtime,10.0,2500,249.9,0,0.0,0,0.0,0.0,True,good,当前QC指标正常。,219717.79093469703,False,False,0.0,False,239615.6366641965,False,False,0.0,False
1790005583.0479336,530.576,runtime,9.969000101089478,2500,250.6770964649597,0,0.0,0,0.0,0.0,True,good,当前QC指标正常。,219161.8966617327,False,False,0.0,False,238991.36176578037,False,False,0.0,False
1790005585.0629337,532.576,runtime,9.922000169754028,2495,251.3606084791901,0,0.0,0,0.0,0.0,True,good,当前QC指标正常。,218701.00825889836,False,False,0.0,False,238468.2159477302,False,False,0.0,False
1790005587.0479336,534.576,runtime,10.0,2500,249.9,0,0.0,0,0.0,0.0,True,good,当前QC指标正常。,218186.90427641242,False,False,0.0,False,237876.92406843716,False,False,0.0,False
1790005589.0479336,536.576,runtime,9.969000101089478,2500,250.6770964649597,0,0.0,0,0.0,0.0,True,good,当前QC指标正常。,216793.90057938773,False,False,0.0,False,236543.73662078867,False,False,0.0,False
1790005591.0629337,538.616,runtime,9.983999967575073,2505,250.80128286580663,0,0.0,0,0.0,0.0,True,good,当前QC指标正常。,207895.48502162826,False,False,0.0,False,226406.9679997395,False,False,0.0,False
1790005593.0479336,540.536,runtime,9.937000036239624,2490,250.47801055879754,0,0.0,0,0.0,0.0,True,good,当前QC指标正常。,293289.7905362312,False,False,0.0,False,312429.1941403555,False,False,0.0,False
1790005595.0479336,542.556,runtime,9.984999895095825,2495,249.77466461716625,0,0.0,0,0.0,0.0,True,good,当前QC指标正常。,355361.5838362003,False,False,0.0,False,378333.4662785924,False,False,0.0,False
1790005597.0629337,544.576,runtime,9.95300006866455,2495,250.5777135330246,0,0.0,0,0.0,0.0,True,good,当前QC指标正常。,384116.6970011848,False,False,0.0,False,409824.3878660462,False,False,0.0,False
1790005599.0479336,546.576,runtime,9.984999895095825,2500,250.2754157491173,0,0.0,0,0.0,0.0,True,good,当前QC指标正常。,402127.96184260154,False,False,0.0,False,427744.8253396113,False,False,0.0,False
1790005601.0479336,548.596,runtime,9.984999895095825,2505,250.7761668810683,0,0.0,0,0.0,0.0,True,good,当前QC指标正常。,421164.2839787808,False,False,0.0,False,446610.18305969826,False,False,0.0,False
1790005603.0629337,550.576,runtime,9.95300006866455,2495,250.5777135330246,0,0.0,0,0.0,0.0,True,good,当前QC指标正常。,379006.20540910854,False,False,0.0,False,405830.2753455031,False,False,0.0,False
1790005605.0789337,552.616,runtime,9.969000101089478,2505,251.17865127981557,0,0.0,0,0.0,0.0,True,good,当前QC指标正常。,331742.722141497,False,False,0.0,False,359767.4952510167,False,False,0.0,False
1790005607.0789337,554.596,runtime,9.92199993133545,2495,251.36061451920617,0,0.0,0,0.0,0.0,True,good,当前QC指标正常。,311383.156308107,False,False,0.0,False,337027.8365715398,False,False,0.0,False
1790005609.0949337,556.616,runtime,9.95300006866455,2500,251.08007462671551,0,0.0,0,0.0,0.0,True,good,当前QC指标正常。,300698.04521386843,False,False,0.0,False,325321.627612232,False,False,0.0,False
1790005611.0949337,558.616,runtime,9.969000101089478,2495,250.17554165010384,0,0.0,0,0.0,0.0,True,good,当前QC指标正常。,286563.99241637136,False,False,0.0,False,310031.77191782574,False,False,0.0,False
1790005613.1099336,560.636,runtime,9.95300006866455,2500,251.08007462671551,0,0.0,0,0.0,0.0,True,good,当前QC指标正常。,283891.6140809852,False,False,0.0,False,306575.712998777,False,False,0.0,False
1790005615.1259336,562.656,runtime,9.983999967575073,2500,250.3004815821289,0,0.0,0,0.0,0.0,True,good,当前QC指标正常。,283828.8264569848,False,False,0.0,False,306221.8998670177,False,False,0.0,False
1790005617.1259336,564.616,runtime,9.937000036239624,2490,250.47801055879754,0,0.0,0,0.0,0.0,True,good,当前QC指标正常。,282169.21305126935,False,False,0.0,False,304608.33733943733,False,False,0.0,False
1790005619.1419337,566.652,runtime,9.952999830245972,2494,250.47724731432953,0,0.0,0,0.0,0.0,True,good,当前QC指标正常。,279937.2655404079,False,False,0.0,False,302287.65065506054,False,False,0.0,False
1790005621.1419337,568.672,runtime,9.983999967575073,2504,250.70112260907106,0,0.0,0,0.0,0.0,True,good,当前QC指标正常。,282508.94726963685,False,False,0.0,False,305039.38551585434,False,False,0.0,False
1790005623.1419337,570.672,runtime,10.0,2504,250.3,0,0.0,0,0.0,0.0,True,good,当前QC指标正常。,277414.07807659067,False,False,0.0,False,300902.9719616835,False,False,0.0,False
1790005625.1419337,572.692,runtime,9.984999895095825,2504,250.67601665467808,0,0.0,0,0.0,0.0,True,good,当前QC指标正常。,275499.66239155247,False,False,0.0,False,298329.43508169265,False,False,0.0,False
1790005627.1569338,574.692,runtime,9.969000101089478,2504,251.0783403168444,0,0.0,0,0.0,0.0,True,good,当前QC指标正常。,277180.78134388337,False,False,0.0,False,298771.88614217815,False,False,0.0,False
1790005629.1419337,576.672,runtime,10.0,2505,250.4,0,0.0,0,0.0,0.0,True,good,当前QC指标正常。,280149.9536468367,False,False,0.0,False,300838.1079630673,False,False,0.0,False
1790005631.1419337,578.672,runtime,9.984999895095825,2500,250.2754157491173,0,0.0,0,0.0,0.0,True,good,当前QC指标正常。,283261.3744059266,False,False,0.0,False,303909.49578694534,False,False,0.0,False
1790005633.1569338,580.692,runtime,10.0,2505,250.4,0,0.0,0,0.0,0.0,True,good,当前QC指标正常。,285184.85108890256,False,False,0.0,False,306126.0131448697,False,False,0.0,False
1790005635.1419337,582.572,runtime,10.0,2480,247.9,0,0.0,0,0.0,0.0,True,good,当前QC指标正常。,285681.6168043085,False,False,0.0,False,306700.41924803576,False,False,0.0,False
1790005637.1419337,584.652,runtime,9.984999895095825,2495,249.77466461716625,0,0.0,0,0.0,0.0,True,good,当前QC指标正常。,302426.7580663746,False,False,0.0,False,321553.5163513424,False,False,0.0,False
1790005639.1569338,586.692,runtime,9.984000205993652,2505,250.80127687665555,0,0.0,0,0.0,0.0,True,good,当前QC指标正常。,450560.9732136983,False,False,0.0,False,494796.8218102837,False,False,0.0,False
1790005641.1419337,588.672,runtime,10.0,2505,250.4,0,0.0,0,0.0,0.0,True,good,当前QC指标正常。,510635.2944082803,False,False,0.0,False,565952.1319919102,False,False,0.0,False
1790005643.1419337,590.652,runtime,9.952999830245972,2495,250.57771953547447,0,0.0,0,0.0,0.0,True,good,当前QC指标正常。,535125.9231182976,False,False,0.0,False,595379.4887437124,False,False,0.0,False
1790005645.1419337,592.672,runtime,9.983999967575073,2530,253.30528928419525,0,0.0,0,0.0,0.0,True,good,当前QC指标正常。,545710.4233385851,False,False,0.0,False,609019.9210255877,False,False,0.0,False
1790005647.1569338,594.672,runtime,9.984999895095825,2505,250.7761668810683,0,0.0,0,0.0,0.0,True,good,当前QC指标正常。,554610.2948876796,False,False,0.0,False,617521.3908439453,False,False,0.0,False
1790005649.1419337,596.672,runtime,9.984999895095825,2500,250.2754157491173,0,0.0,0,0.0,0.0,True,good,当前QC指标正常。,461089.92200314393,False,False,0.0,False,507860.31538295926,False,False,0.0,False
1790005651.1569338,598.692,runtime,9.984000205993652,2505,250.80127687665555,0,0.0,0,0.0,0.0,True,good,当前QC指标正常。,401773.1904046322,False,False,0.0,False,442006.4691319764,False,False,0.0,False
1790005653.1419337,600.672,runtime,10.0,2505,250.4,0,0.0,0,0.0,0.0,True,good,当前QC指标正常。,376933.4304503706,False,False,0.0,False,414192.63760535145,False,False,0.0,False
1790005655.1419337,602.632,runtime,9.937999963760376,2490,250.45280831921067,0,0.0,0,0.0,0.0,True,good,当前QC指标正常。,360736.59364688,False,False,0.0,False,395795.2839087845,False,False,0.0,False
1790005657.1569338,604.632,runtime,9.937999963760376,2490,250.45280831921067,0,0.0,0,0.0,0.0,True,good,当前QC指标正常。,342360.3124481389,False,False,0.0,False,375953.22819012596,False,False,0.0,False
1790005659.1419337,606.672,runtime,10.0,2505,250.4,0,0.0,0,0.0,0.0,True,good,当前QC指标正常。,330248.91354680207,False,False,0.0,False,362935.6535452021,False,False,0.0,False
1790005661.1419337,608.672,runtime,9.984999895095825,2500,250.2754157491173,0,0.0,0,0.0,0.0,True,good,当前QC指标正常。,318120.93502475333,False,False,0.0,False,348840.2746541212,False,False,0.0,False
1790005663.1569338,610.692,runtime,9.984000205993652,2505,250.80127687665555,0,0.0,0,0.0,0.0,True,good,当前QC指标正常。,306781.16889177065,False,False,0.0,False,335827.7731967204,False,False,0.0,False
1790005665.1419337,612.672,runtime,10.0,2510,250.9,0,0.0,0,0.0,0.0,True,good,当前QC指标正常。,298316.22853873466,False,False,0.0,False,326071.1818524513,False,False,0.0,False
1790005667.1419337,614.672,runtime,9.984999895095825,2510,251.2769180130193,0,0.0,0,0.0,0.0,True,good,当前QC指标正常。,291909.0365591418,False,False,0.0,False,318717.4015915251,False,False,0.0,False
1790005669.1569338,616.692,runtime,10.0,2505,250.4,0,0.0,0,0.0,0.0,True,good,当前QC指标正常。,283577.8864759957,False,False,0.0,False,309087.32879497355,False,False,0.0,False
1790005671.1419337,618.672,runtime,10.0,2505,250.4,0,0.0,0,0.0,0.0,True,good,当前QC指标正常。,281780.25055874407,False,False,0.0,False,305579.2679993568,False,False,0.0,False
1790005673.1419337,620.672,runtime,9.984999895095825,2500,250.2754157491173,0,0.0,0,0.0,0.0,True,good,当前QC指标正常。,284061.94619732606,False,False,0.0,False,306003.94761078403,False,False,0.0,False
1790005675.1569338,622.652,runtime,9.984000205993652,2495,249.79967433321843,0,0.0,0,0.0,0.0,True,good,当前QC指标正常。,285170.205669933,False,False,0.0,False,305709.0355650039,False,False,0.0,False
1790005677.1729336,624.672,runtime,10.0,2495,249.4,0,0.0,0,0.0,0.0,True,good,当前QC指标正常。,284002.538147536,False,False,0.0,False,303679.0495307242,False,False,0.0,False
1790005679.1729336,626.712,runtime,9.984999895095825,2505,250.7761668810683,0,0.0,0,0.0,0.0,True,good,当前QC指标正常。,282256.66313969693,False,False,0.0,False,301383.42980470136,False,False,0.0,False
1790005681.1729336,628.692,runtime,9.984000205993652,2504,250.70111662231184,0,0.0,0,0.0,0.0,True,good,当前QC指标正常。,275427.25228895067,False,False,0.0,False,294070.07932626805,False,False,0.0,False
1790005683.1729336,630.692,runtime,10.0,2500,249.9,0,0.0,0,0.0,0.0,True,good,当前QC指标正常。,266113.7749635662,False,False,0.0,False,284280.67730976775,False,False,0.0,False
1790005685.1729336,632.712,runtime,10.0,2515,251.4,0,0.0,0,0.0,0.0,True,good,当前QC指标正常。,257784.7724070364,False,False,0.0,False,275441.8026977878,False,False,0.0,False
1790005687.1729336,634.692,runtime,9.984000205993652,2510,251.3020781483741,0,0.0,0,0.0,0.0,True,good,当前QC指标正常。,251493.73643553705,False,False,0.0,False,268894.57116093993,False,False,0.0,False
1790005689.1729336,636.712,runtime,10.0,2505,250.4,0,0.0,0,0.0,0.0,True,good,当前QC指标正常。,247118.7703171936,False,False,0.0,False,264073.94612317014,False,False,0.0,False
1790005691.1729336,638.712,runtime,9.984999895095825,2505,250.7761668810683,0,0.0,0,0.0,0.0,True,good,当前QC指标正常。,243691.92361054636,False,False,0.0,False,260157.8802099581,False,False,0.0,False
1790005693.1879337,640.712,runtime,10.0,2500,249.9,0,0.0,0,0.0,0.0,True,good,当前QC指标正常。,241108.5801399829,False,False,0.0,False,257352.6516454618,False,False,0.0,False
1790005695.1729336,642.672,runtime,10.0,2495,249.4,0,0.0,0,0.0,0.0,True,good,当前QC指标正常。,238675.1420412668,False,False,0.0,False,254732.59584850026,False,False,0.0,False
1790005697.1729336,644.672,runtime,9.984999895095825,2495,249.77466461716625,0,0.0,0,0.0,0.0,True,good,当前QC指标正常。,237344.18314758808,False,False,0.0,False,253349.08219629648,False,False,0.0,False
1790005699.1879337,646.712,runtime,10.0,2500,249.9,0,0.0,0,0.0,0.0,True,good,当前QC指标正常。,236621.27123565637,False,False,0.0,False,252831.29053502472,False,False,0.0,False
1790005701.1879337,648.672,runtime,9.937999963760376,2490,250.45280831921067,0,0.0,0,0.0,0.0,True,good,当前QC指标正常。,277379.7824354288,False,False,0.0,False,295883.4250250723,False,False,0.0,False
1790005703.1729336,650.712,runtime,9.984999895095825,2505,250.7761668810683,0,0.0,0,0.0,0.0,True,good,当前QC指标正常。,337275.571232503,False,False,0.0,False,358681.60689738387,False,False,0.0,False
1790005705.1879337,652.672,runtime,10.0,2490,248.9,0,0.0,0,0.0,0.0,True,good,当前QC指标正常。,397136.2347611906,False,False,0.0,False,421442.8133812912,False,False,0.0,False
1790005707.1729336,654.672,runtime,10.0,2505,250.4,0,0.0,0,0.0,0.0,True,good,当前QC指标正常。,525503.0927435849,False,False,0.0,False,554929.1297125302,False,False,0.0,False
1790005709.1729336,656.712,runtime,9.984999895095825,2505,250.7761668810683,0,0.0,0,0.0,0.0,True,good,当前QC指标正常。,622451.1348047594,False,False,0.0,False,657145.5194351173,False,False,0.0,False
1790005711.1879337,658.692,runtime,9.969000101089478,2505,251.17865127981557,0,0.0,0,0.0,0.0,True,good,当前QC指标正常。,669006.693242861,False,False,0.0,False,708488.9172442146,False,False,0.0,False
1790005713.1729336,660.692,runtime,10.0,2500,249.9,0,0.0,0,0.0,0.0,True,good,当前QC指标正常。,690590.4609127298,False,False,0.0,False,730428.3741533144,False,False,0.0,False
1790005715.1729336,662.652,runtime,9.937999963760376,2500,251.45904700269483,0,0.0,0,0.0,0.0,True,good,当前QC指标正常。,704598.0713515227,False,False,0.0,False,744239.281431042,False,False,0.0,False
1790005717.1879337,664.672,runtime,9.937999963760376,2490,250.45280831921067,0,0.0,0,0.0,0.0,True,good,当前QC指标正常。,673202.3788575479,False,False,0.0,False,712384.2858703877,False,False,0.0,False
1790005719.1729336,666.692,runtime,10.0,2500,249.9,0,0.0,0,0.0,0.0,True,good,当前QC指标正常。,637710.7042406003,False,False,0.0,False,669319.7252880508,False,False,0.0,False
1790005721.1729336,668.712,runtime,9.984999895095825,2505,250.7761668810683,0,0.0,0,0.0,0.0,True,good,当前QC指标正常。,1071255.8583957208,False,False,0.0,False,634182.0694804391,False,False,0.0,False
1790005723.1879337,670.712,runtime,10.0,2500,249.9,0,0.0,0,0.0,0.0,True,good,当前QC指标正常。,1080948.749057131,False,False,0.0,False,612730.6860892536,False,False,0.0,False
1790005725.1729336,672.712,runtime,10.0,2515,251.4,0,0.0,0,0.0,0.0,True,good,当前QC指标正常。,1057393.5193246563,False,False,0.0,False,653035.5673380295,False,False,0.0,False
1790005727.1729336,674.692,runtime,9.906000137329102,2505,252.77609179148862,0,0.0,0,0.0,0.0,True,good,当前QC指标正常。,1022736.7922770333,False,False,0.0,False,684902.240518731,False,False,0.0,False
1790005729.1879337,676.712,runtime,10.0,2505,250.4,0,0.0,0,0.0,0.0,True,good,当前QC指标正常。,995993.5073130932,False,False,0.0,False,703751.8323041267,False,False,0.0,False
1790005731.1729336,678.692,runtime,10.0,2500,249.9,0,0.0,0,0.0,0.0,True,good,当前QC指标正常。,861038.6759125703,False,False,0.0,False,724049.6481768789,False,False,0.0,False
1790005733.1729336,680.692,runtime,9.953999996185303,2500,251.0548524168875,0,0.0,0,0.0,0.0,True,good,当前QC指标正常。,834528.1588860827,False,False,0.0,False,737100.3110073591,False,False,0.0,False
1790005735.1879337,682.692,runtime,10.0,2495,249.4,0,0.0,0,0.0,0.0,True,good,当前QC指标正常。,607386.1224671076,False,False,0.0,False,665653.0086118259,False,False,0.0,False
1790005737.1729336,684.672,runtime,9.969000101089478,2495,250.17554165010384,0,0.0,0,0.0,0.0,True,good,当前QC指标正常。,539275.5914905227,False,False,0.0,False,571798.6208989338,False,False,0.0,False
1790005739.1729336,686.712,runtime,9.984999895095825,2505,250.7761668810683,0,0.0,0,0.0,0.0,True,good,当前QC指标正常。,451694.46780409786,False,False,0.0,False,498144.57472548855,False,False,0.0,False
1790005741.1879337,688.712,runtime,10.0,2500,249.9,0,0.0,0,0.0,0.0,True,good,当前QC指标正常。,370735.2839494902,False,False,0.0,False,421959.9412785038,False,False,0.0,False
1790005743.1729336,690.692,runtime,9.984999895095825,2500,250.2754157491173,0,0.0,0,0.0,0.0,True,good,当前QC指标正常。,296719.08141738665,False,False,0.0,False,347876.6073262818,False,False,0.0,False
1790005745.1729336,692.692,runtime,9.953999996185303,2505,251.5571630459729,0,0.0,0,0.0,0.0,True,good,当前QC指标正常。,276077.986972163,False,False,0.0,False,325881.34505907446,False,False,0.0,False
1790005747.1879337,694.712,runtime,9.921000003814697,2510,252.89789326028335,0,0.0,0,0.0,0.0,True,good,当前QC指标正常。,323869.42399836704,False,False,0.0,False,313517.0363488501,False,False,0.0,False
1790005749.2039337,696.732,runtime,10.0,2505,250.4,0,0.0,0,0.0,0.0,True,good,当前QC指标正常。,349722.96185001795,False,False,0.0,False,305005.1950902287,False,False,0.0,False
1790005751.2039337,698.752,runtime,9.983999967575073,2505,250.80128286580663,0,0.0,0,0.0,0.0,True,good,当前QC指标正常。,335086.60588263,False,False,0.0,False,298602.9394716451,False,False,0.0,False
1790005753.2199337,700.752,runtime,10.0,2505,250.4,0,0.0,0,0.0,0.0,True,good,当前QC指标正常。,209997.0972302986,False,False,0.0,False,294453.4473133384,False,False,0.0,False
1790005755.2199337,702.732,runtime,9.969000101089478,2495,250.17554165010384,0,0.0,0,0.0,0.0,True,good,当前QC指标正常。,83667.97336473981,False,False,0.0,False,293320.64692646527,False,False,0.0,False
1790005757.2979336,704.832,runtime,9.984999895095825,2505,250.7761668810683,0,0.0,0,0.0,0.0,True,good,当前QC指标正常。,82312.76665569458,False,False,0.0,False,289884.3087673684,False,False,0.0,False
1790005759.2979336,706.832,runtime,9.984000205993652,2505,250.80127687665555,0,0.0,0,0.0,0.0,True,good,当前QC指标正常。,85312.49714978365,False,False,0.0,False,286234.050524435,False,False,0.0,False
1790005761.3129337,708.832,runtime,9.95300006866455,2500,251.08007462671551,0,0.0,0,0.0,0.0,True,good,当前QC指标正常。,89319.78897214604,False,False,0.0,False,283088.0927907476,False,False,0.0,False
1790005763.3289337,710.872,runtime,9.983999967575073,2505,250.80128286580663,0,0.0,0,0.0,0.0,True,good,当前QC指标正常。,98116.53245453587,False,False,0.0,False,279949.8696753702,False,False,0.0,False
1790005765.3449337,712.872,runtime,10.0,2505,250.4,0,0.0,0,0.0,0.0,True,good,当前QC指标正常。,92988.71440256161,False,False,0.0,False,276765.2485159361,False,False,0.0,False
1790005767.3449337,714.872,runtime,9.985000133514404,2500,250.27540977312245,0,0.0,0,0.0,0.0,True,good,当前QC指标正常。,74189.19439016258,False,False,0.0,False,274303.12941857806,False,False,0.0,False
1790005769.3599336,716.892,runtime,10.0,2505,250.4,0,0.0,0,0.0,0.0,True,good,当前QC指标正常。,57544.5482583593,False,False,0.0,False,271739.1242654843,False,False,0.0,False
1790005771.3449337,718.872,runtime,10.0,2510,250.9,0,0.0,0,0.0,0.0,True,good,当前QC指标正常。,63934.18036282899,False,False,0.0,False,270042.1830252019,False,False,0.0,False
1790005773.3449337,720.892,runtime,9.985000133514404,2505,250.7761608931167,0,0.0,0,0.0,0.0,True,good,当前QC指标正常。,239437.69411432435,False,False,0.0,False,299511.5196213441,False,False,0.0,False
1790005775.3599336,722.872,runtime,9.969000101089478,2500,250.6770964649597,0,0.0,0,0.0,0.0,True,good,当前QC指标正常。,367450.46612267935,False,False,0.0,False,331731.38013543485,False,False,0.0,False
1790005777.3759336,724.912,runtime,9.983999967575073,2505,250.80128286580663,0,0.0,0,0.0,0.0,True,good,当前QC指标正常。,516778.01257185754,False,False,0.0,False,365646.27852394595,False,False,0.0,False
1790005779.3759336,726.912,runtime,9.983999967575073,2505,250.80128286580663,0,0.0,0,0.0,0.0,True,good,当前QC指标正常。,528304.712208017,False,False,0.0,False,397091.4366863097,False,False,0.0,False
1790005781.3919337,728.912,runtime,9.952999830245972,2500,251.08008064119915,0,0.0,0,0.0,0.0,True,good,当前QC指标正常。,429331.23997068644,False,False,0.0,False,423406.9576003542,False,False,0.0,False
1790005783.3919337,730.912,runtime,9.968999862670898,2500,250.6771024601526,0,0.0,0,0.0,0.0,True,good,当前QC指标正常。,354065.29225210595,False,False,0.0,False,425734.19316910533,False,False,0.0,False
1790005785.4069338,732.952,runtime,9.984000205993652,2505,250.80127687665555,0,0.0,0,0.0,0.0,True,good,当前QC指标正常。,349030.8804765404,False,False,0.0,False,422588.8581082906,False,False,0.0,False
1790005787.4229336,734.952,runtime,10.0,2505,250.4,0,0.0,0,0.0,0.0,True,good,当前QC指标正常。,319299.77755966806,False,False,0.0,False,415887.92982115847,False,False,0.0,False
1790005789.4229336,736.952,runtime,9.984999895095825,2500,250.2754157491173,0,0.0,0,0.0,0.0,True,good,当前QC指标正常。,265844.11912266456,False,False,0.0,False,406963.8533844348,False,False,0.0,False
1790005791.4379337,738.972,runtime,9.983999967575073,2500,250.3004815821289,0,0.0,0,0.0,0.0,True,good,当前QC指标正常。,243098.49421610797,False,False,0.0,False,399351.94415455835,False,False,0.0,False
1790005793.4229336,740.952,runtime,10.0,2510,250.9,0,0.0,0,0.0,0.0,True,good,当前QC指标正常。,234853.95642685416,False,False,0.0,False,393837.0359684512,False,False,0.0,False
1790005795.4229336,742.948,runtime,9.984999895095825,2499,250.17526552272707,0,0.0,0,0.0,0.0,True,good,当前QC指标正常。,229031.04963992818,False,False,0.0,False,388955.7354571085,False,False,0.0,False
1790005797.4379337,744.948,runtime,9.95300006866455,2499,250.97960240797732,0,0.0,0,0.0,0.0,True,good,当前QC指标正常。,223877.25993331752,False,False,0.0,False,384583.9040148375,False,False,0.0,False
1790005799.4229336,746.948,runtime,10.0,2504,250.3,0,0.0,0,0.0,0.0,True,good,当前QC指标正常。,218343.89692352433,False,False,0.0,False,381076.03238515684,False,False,0.0,False
1790005801.4229336,748.908,runtime,9.937999963760376,2489,250.35218445086224,0,0.0,0,0.0,0.0,True,good,当前QC指标正常。,212442.51281603955,False,False,0.0,False,377965.5170178202,False,False,0.0,False
1790005803.4229336,750.908,runtime,9.95300006866455,2494,250.47724131428643,0,0.0,0,0.0,0.0,True,good,当前QC指标正常。,230293.0891364612,False,False,0.0,False,375711.8841141937,False,False,0.0,False
1790005805.4229336,752.948,runtime,10.0,2505,250.4,0,0.0,0,0.0,0.0,True,good,当前QC指标正常。,257590.39542385345,False,False,0.0,False,373799.15926613694,False,False,0.0,False
1790005807.4229336,754.948,runtime,9.984999895095825,2500,250.2754157491173,0,0.0,0,0.0,0.0,True,good,当前QC指标正常。,258961.89876355045,False,False,0.0,False,372184.6682685318,False,False,0.0,False
1790005809.4379337,756.968,runtime,9.983999967575073,2505,250.80128286580663,0,0.0,0,0.0,0.0,True,good,当前QC指标正常。,232115.95633088582,False,False,0.0,False,370501.64754003624,False,False,0.0,False
1790005811.4229336,758.948,runtime,10.0,2510,250.9,0,0.0,0,0.0,0.0,True,good,当前QC指标正常。,170300.85906549593,False,False,0.0,False,368979.3458103463,False,False,0.0,False
1790005813.4229336,760.948,runtime,9.984999895095825,2510,251.2769180130193,0,0.0,0,0.0,0.0,True,good,当前QC指标正常。,140410.5953317528,False,False,0.0,False,366445.16434760334,False,False,0.0,False
1790005815.4379337,762.968,runtime,9.983999967575073,2505,250.80128286580663,0,0.0,0,0.0,0.0,True,good,当前QC指标正常。,141825.74941676448,False,False,0.0,False,364199.838613255,False,False,0.0,False
1790005817.4229336,764.948,runtime,10.0,2505,250.4,0,0.0,0,0.0,0.0,True,good,当前QC指标正常。,145295.6881572407,False,False,0.0,False,361611.88712962344,False,False,0.0,False
1790005819.4229336,766.948,runtime,9.984999895095825,2500,250.2754157491173,0,0.0,0,0.0,0.0,True,good,当前QC指标正常。,145771.25482496814,False,False,0.0,False,359035.4863482366,False,False,0.0,False
1790005821.4379337,768.948,runtime,9.983999967575073,2500,250.3004815821289,0,0.0,0,0.0,0.0,True,good,当前QC指标正常。,146718.989526172,False,False,0.0,False,356632.38048831583,False,False,0.0,False
1790005823.4379337,770.928,runtime,9.953999996185303,2495,250.5525417878021,0,0.0,0,0.0,0.0,True,good,当前QC指标正常。,151166.95311621265,False,False,0.0,False,354772.8147444672,False,False,0.0,False
1790005825.4539337,772.988,runtime,9.983999967575073,2505,250.80128286580663,0,0.0,0,0.0,0.0,True,good,当前QC指标正常。,157593.99064251748,False,False,0.0,False,352504.67734797375,False,False,0.0,False
1790005827.4699337,775.008,runtime,9.985000133514404,2505,250.7761608931167,0,0.0,0,0.0,0.0,True,good,当前QC指标正常。,176439.89720625253,False,False,0.0,False,350474.69614958845,False,False,0.0,False
1790005829.4699337,776.988,runtime,9.969000101089478,2500,250.6770964649597,0,0.0,0,0.0,0.0,True,good,当前QC指标正常。,187680.8204391413,False,False,0.0,False,348495.9031516219,False,False,0.0,False
1790005831.4849336,779.008,runtime,9.95300006866455,2500,251.08007462671551,0,0.0,0,0.0,0.0,True,good,当前QC指标正常。,185373.99828445236,False,False,0.0,False,346568.61234378826,False,False,0.0,False
1790005833.4699337,781.008,runtime,9.969000101089478,2505,251.17865127981557,0,0.0,0,0.0,0.0,True,good,当前QC指标正常。,180574.7615572991,False,False,0.0,False,345108.10776031495,False,False,0.0,False
1790005835.4699337,782.988,runtime,9.983999967575073,2500,250.3004815821289,0,0.0,0,0.0,0.0,True,good,当前QC指标正常。,175408.8509622807,False,False,0.0,False,343985.6341774679,False,False,0.0,False
1790005837.4849336,785.028,runtime,9.983999967575073,2505,250.80128286580663,0,0.0,0,0.0,0.0,True,good,当前QC指标正常。,174931.1364709292,False,False,0.0,False,343391.94482133293,False,False,0.0,False
1790005839.5009336,787.028,runtime,10.0,2500,249.9,0,0.0,0,0.0,0.0,True,good,当前QC指标正常。,175451.6633463514,False,False,0.0,False,342356.8924057574,False,False,0.0,False
1790005841.5169337,789.028,runtime,9.983999967575073,2500,250.3004815821289,0,0.0,0,0.0,0.0,True,good,当前QC指标正常。,176014.7378745294,False,False,0.0,False,341030.16456324945,False,False,0.0,False
1790005843.5169337,791.008,runtime,9.937999963760376,2490,250.45280831921067,0,0.0,0,0.0,0.0,True,good,当前QC指标正常。,266574.09221019543,False,False,0.0,False,341845.9881359633,False,False,0.0,False
1790005845.5169337,793.008,runtime,9.95300006866455,2495,250.5777135330246,0,0.0,0,0.0,0.0,True,good,当前QC指标正常。,379287.26560207776,False,False,0.0,False,355189.78929936665,False,False,0.0,False
1790005847.5319338,795.068,runtime,9.984000205993652,2500,250.300475604937,0,0.0,0,0.0,0.0,True,good,当前QC指标正常。,404516.7903432551,False,False,0.0,False,366577.4165587254,False,False,0.0,False
1790005849.5479336,797.088,runtime,9.984999895095825,2505,250.7761668810683,0,0.0,0,0.0,0.0,True,good,当前QC指标正常。,383213.3351022212,False,False,0.0,False,376726.43458832905,False,False,0.0,False
1790005851.5789337,799.068,runtime,9.937000036239624,2490,250.47801055879754,0,0.0,0,0.0,0.0,True,good,当前QC指标正常。,343604.87858355115,False,False,0.0,False,385123.4006380428,False,False,0.0,False
1790005853.5949337,801.148,runtime,9.985000133514404,2505,250.7761608931167,0,0.0,0,0.0,0.0,True,good,当前QC指标正常。,323079.1880924746,False,False,0.0,False,389379.681128462,False,False,0.0,False
1790005855.6099336,803.148,runtime,9.983999967575073,2505,250.80128286580663,0,0.0,0,0.0,0.0,True,good,当前QC指标正常。,303383.29709627555,False,False,0.0,False,382666.6304835123,False,False,0.0,False
1790005857.5949337,805.128,runtime,10.0,2510,250.9,0,0.0,0,0.0,0.0,True,good,当前QC指标正常。,295173.3980474666,False,False,0.0,False,376487.2267015183,False,False,0.0,False
1790005859.5949337,807.148,runtime,9.985000133514404,2505,250.7761608931167,0,0.0,0,0.0,0.0,True,good,当前QC指标正常。,291019.35571435926,False,False,0.0,False,370964.07870178553,False,False,0.0,False
1790005861.6099336,809.148,runtime,9.983999967575073,2505,250.80128286580663,0,0.0,0,0.0,0.0,True,good,当前QC指标正常。,288045.57282111316,False,False,0.0,False,366918.2107922053,False,False,0.0,False
1790005863.6259336,811.108,runtime,9.937000036239624,2490,250.47801055879754,0,0.0,0,0.0,0.0,True,good,当前QC指标正常。,286428.98060551385,False,False,0.0,False,365324.5737908575,False,False,0.0,False
1790005865.6259336,813.168,runtime,9.983999967575073,2505,250.80128286580663,0,0.0,0,0.0,0.0,True,good,当前QC指标正常。,284101.64183019364,False,False,0.0,False,362513.28840014135,False,False,0.0,False
1790005867.6569338,815.148,runtime,9.952999830245972,2505,251.58244174692385,0,0.0,0,0.0,0.0,True,good,当前QC指标正常。,277686.5721299653,False,False,0.0,False,359938.3644150726,False,False,0.0,False
1790005869.6729336,817.188,runtime,9.984999895095825,2495,249.77466461716625,0,0.0,0,0.0,0.0,True,good,当前QC指标正常。,274740.62752344407,False,False,0.0,False,356193.3702068303,False,False,0.0,False
1790005871.6879337,819.228,runtime,9.983999967575073,2505,250.80128286580663,0,0.0,0,0.0,0.0,True,good,当前QC指标正常。,290069.4188060919,False,False,0.0,False,354439.34990506305,False,False,0.0,False
1790005873.6729336,821.208,runtime,10.0,2505,250.4,0,0.0,0,0.0,0.0,True,good,当前QC指标正常。,292167.7809794882,False,False,0.0,False,350281.383537175,False,False,0.0,False
1790005875.6729336,823.188,runtime,9.969000101089478,2495,250.17554165010384,0,0.0,0,0.0,0.0,True,good,当前QC指标正常。,277676.6202382831,False,False,0.0,False,331355.57941143494,False,False,0.0,False
1790005877.6879337,825.228,runtime,9.983999967575073,2505,250.80128286580663,0,0.0,0,0.0,0.0,True,good,当前QC指标正常。,262869.2372789674,False,False,0.0,False,318423.00971971045,False,False,0.0,False
1790005879.6729336,827.208,runtime,10.0,2510,250.9,0,0.0,0,0.0,0.0,True,good,当前QC指标正常。,323600.5955660056,False,False,0.0,False,312296.3220830348,False,False,0.0,False
1790005881.6729336,829.188,runtime,9.969000101089478,2495,250.17554165010384,0,0.0,0,0.0,0.0,True,good,当前QC指标正常。,366221.0703985732,False,False,0.0,False,302859.09083072946,False,False,0.0,False
1790005883.6879337,831.228,runtime,9.983999967575073,2505,250.80128286580663,0,0.0,0,0.0,0.0,True,good,当前QC指标正常。,348144.8257751923,False,False,0.0,False,294368.6672216975,False,False,0.0,False
1790005885.6729336,833.208,runtime,9.984999895095825,2505,250.7761668810683,0,0.0,0,0.0,0.0,True,good,当前QC指标正常。,306801.906208122,False,False,0.0,False,303499.4812956941,False,False,0.0,False
1790005887.6729336,835.168,runtime,9.937999963760376,2490,250.45280831921067,0,0.0,0,0.0,0.0,True,good,当前QC指标正常。,213472.38734865616,False,False,0.0,False,306215.0988891848,False,False,0.0,False
1790005889.6879337,837.168,runtime,9.92199993133545,2490,250.85668385657746,0,0.0,0,0.0,0.0,True,good,当前QC指标正常。,162077.5249095135,False,False,0.0,False,302807.0969219488,False,False,0.0,False
1790005891.6729336,839.208,runtime,9.984999895095825,2505,250.7761668810683,0,0.0,0,0.0,0.0,True,good,当前QC指标正常。,169428.76909178053,False,False,0.0,False,301105.98310388677,False,False,0.0,False
1790005893.6729336,841.188,runtime,9.969000101089478,2495,250.17554165010384,0,0.0,0,0.0,0.0,True,good,当前QC指标正常。,178172.0895493176,False,False,0.0,False,300552.9962115831,False,False,0.0,False
1790005895.6879337,843.228,runtime,9.983999967575073,2505,250.80128286580663,0,0.0,0,0.0,0.0,True,good,当前QC指标正常。,186337.95968337436,False,False,0.0,False,299406.41678836866,False,False,0.0,False
1790005897.6729336,845.208,runtime,10.0,2510,250.9,0,0.0,0,0.0,0.0,True,good,当前QC指标正常。,232691.92430606528,False,False,0.0,False,319512.90192083217,False,False,0.0,False
1790005899.6729336,847.188,runtime,9.969000101089478,2505,251.17865127981557,0,0.0,0,0.0,0.0,True,good,当前QC指标正常。,259462.2812450574,False,False,0.0,False,328570.2420354397,False,False,0.0,False
1790005901.6729336,849.208,runtime,9.984000205993652,2505,250.80127687665555,0,0.0,0,0.0,0.0,True,good,当前QC指标正常。,280455.06261687423,False,False,0.0,False,336551.0658132491,False,False,0.0,False
1790005903.6729336,851.208,runtime,9.984999895095825,2505,250.7761668810683,0,0.0,0,0.0,0.0,True,good,当前QC指标正常。,288985.8971881765,False,False,0.0,False,342476.17021220847,False,False,0.0,False
1790005905.6729336,853.188,runtime,9.969000101089478,2495,250.17554165010384,0,0.0,0,0.0,0.0,True,good,当前QC指标正常。,284177.11212124425,False,False,0.0,False,347571.3150500981,False,False,0.0,False
1790005907.6879337,855.188,runtime,9.983999967575073,2495,249.79968029845116,0,0.0,0,0.0,0.0,True,good,当前QC指标正常。,268540.86853315914,False,False,0.0,False,330703.48458216776,False,False,0.0,False
1790005909.6879337,857.188,runtime,9.953999996185303,2492,250.25115541035086,0,0.0,0,0.0,0.0,True,good,当前QC指标正常。,262062.66382702033,False,False,0.0,False,322602.24253053806,False,False,0.0,False
1790005911.7039337,859.228,runtime,9.967999935150146,2500,250.70224882203092,0,0.0,0,0.0,0.0,True,good,当前QC指标正常。,254831.51995134895,False,False,0.0,False,314258.6461297689,False,False,0.0,False
1790005913.7199337,861.228,runtime,9.95300006866455,2495,250.5777135330246,0,0.0,0,0.0,0.0,True,good,当前QC指标正常。,247383.61585956972,False,False,0.0,False,306331.5930224516,False,False,0.0,False
1790005915.7199337,863.248,runtime,9.969000101089478,2500,250.6770964649597,0,0.0,0,0.0,0.0,True,good,当前QC指标正常。,240955.24163285096,False,False,0.0,False,299785.8823271674,False,False,0.0,False
1790005917.7349336,865.248,runtime,9.95300006866455,2495,250.5777135330246,0,0.0,0,0.0,0.0,True,good,当前QC指标正常。,236922.6667689032,False,False,0.0,False,295615.6028943926,False,False,0.0,False
1790005919.7509336,867.248,runtime,10.0,2500,249.9,0,0.0,0,0.0,0.0,True,good,当前QC指标正常。,233718.01985442673,False,False,0.0,False,292038.5074974205,False,False,0.0,False
1790005921.7509336,869.248,runtime,9.937000036239624,2500,251.48435049675976,0,0.0,0,0.0,0.0,True,good,当前QC指标正常。,230789.4478488713,False,False,0.0,False,288784.2776541537,False,False,0.0,False
1790005923.7669337,871.308,runtime,9.984999895095825,2505,250.7761668810683,0,0.0,0,0.0,0.0,True,good,当前QC指标正常。,228850.32031057205,False,False,0.0,False,286421.2222526086,False,False,0.0,False
1790005925.7819338,873.308,runtime,9.984000205993652,2500,250.300475604937,0,0.0,0,0.0,0.0,True,good,当前QC指标正常。,220915.42971135626,False,False,0.0,False,276919.85752595396,False,False,0.0,False
1790005927.7669337,875.308,runtime,10.0,2505,250.4,0,0.0,0,0.0,0.0,True,good,当前QC指标正常。,206971.09326573546,False,False,0.0,False,259706.6458972335,False,False,0.0,False
1790005929.7669337,877.248,runtime,9.95300006866455,2499,250.97960240797732,0,0.0,0,0.0,0.0,True,good,当前QC指标正常。,220877.24736626534,False,False,0.0,False,263423.266444977,False,False,0.0,False
1790005931.7819338,879.288,runtime,9.984000205993652,2495,249.79967433321843,0,0.0,0,0.0,0.0,True,good,当前QC指标正常。,253952.13439843943,False,False,0.0,False,292138.09794787806,False,False,0.0,False
1790005933.7669337,881.288,runtime,10.0,2500,249.9,0,0.0,0,0.0,0.0,True,good,当前QC指标正常。,648578.9418799105,False,False,0.0,False,310508.98968806944,False,False,0.0,False
1790005935.7669337,883.308,runtime,9.984999895095825,2505,250.7761668810683,0,0.0,0,0.0,0.0,True,good,当前QC指标正常。,757614.593810008,False,False,0.0,False,331383.92038357974,False,False,0.0,False
1790005937.7819338,885.308,runtime,9.984000205993652,2500,250.300475604937,0,0.0,0,0.0,0.0,True,good,当前QC指标正常。,747390.8589696513,False,False,0.0,False,348719.3867307525,False,False,0.0,False
1790005939.7669337,887.288,runtime,10.0,2510,250.9,0,0.0,0,0.0,0.0,True,good,当前QC指标正常。,739185.3979966751,False,False,0.0,False,364654.5913861769,False,False,0.0,False
1790005941.7669337,889.308,runtime,9.984999895095825,2510,251.2769180130193,0,0.0,0,0.0,0.0,True,good,当前QC指标正常。,741202.5038416715,False,False,0.0,False,362544.12577371165,False,False,0.0,False
1790005943.7819338,891.308,runtime,10.0,2500,249.9,0,0.0,0,0.0,0.0,True,good,当前QC指标正常。,589701.6188357975,False,False,0.0,False,361543.36789502605,False,False,0.0,False
1790005945.7669337,893.308,runtime,10.0,2505,250.4,0,0.0,0,0.0,0.0,True,good,当前QC指标正常。,340945.8644527387,False,False,0.0,False,366023.3259369707,False,False,0.0,False
1790005947.7669337,895.308,runtime,9.984999895095825,2505,250.7761668810683,0,0.0,0,0.0,0.0,True,good,当前QC指标正常。,361145.933887648,False,False,0.0,False,403760.05602641776,False,False,0.0,False
1790005949.7819338,897.248,runtime,9.984000205993652,2485,248.7980717897813,0,0.0,0,0.0,0.0,True,good,当前QC指标正常。,377055.62452221697,False,False,0.0,False,414452.24282167316,False,False,0.0,False
1790005951.7979336,899.308,runtime,10.0,2500,249.9,0,0.0,0,0.0,0.0,True,good,当前QC指标正常。,372113.08224180667,False,False,0.0,False,418510.02824649506,False,False,0.0,False
1790005953.7979336,901.328,runtime,9.984999895095825,2500,250.2754157491173,0,0.0,0,0.0,0.0,True,good,当前QC指标正常。,358358.891641248,False,False,0.0,False,424665.3231071974,False,False,0.0,False
1790005955.8129337,903.348,runtime,9.983999967575073,2505,250.80128286580663,0,0.0,0,0.0,0.0,True,good,当前QC指标正常。,328670.87123731326,False,False,0.0,False,422160.661326569,False,False,0.0,False
1790005957.7979336,905.328,runtime,10.0,2505,250.4,0,0.0,0,0.0,0.0,True,good,当前QC指标正常。,303741.1564281747,False,False,0.0,False,394593.90037945047,False,False,0.0,False
1790005959.7979336,907.328,runtime,10.0,2520,251.9,0,0.0,0,0.0,0.0,True,good,当前QC指标正常。,293282.15838706016,False,False,0.0,False,375395.70974002423,False,False,0.0,False
1790005961.8129337,909.348,runtime,9.967999935150146,2505,251.20385396173086,0,0.0,0,0.0,0.0,True,good,当前QC指标正常。,287574.33580560016,False,False,0.0,False,360522.3434192956,False,False,0.0,False
1790005963.8129337,911.308,runtime,9.953999996185303,2495,250.5525417878021,0,0.0,0,0.0,0.0,True,good,当前QC指标正常。,279971.29396004416,False,False,0.0,False,347560.16184744507,False,False,0.0,False
1790005965.8289337,913.368,runtime,9.983999967575073,2505,250.80128286580663,0,0.0,0,0.0,0.0,True,good,当前QC指标正常。,274285.30127462646,False,False,0.0,False,338773.2038002048,False,False,0.0,False
1790005967.8449337,915.368,runtime,10.0,2500,249.9,0,0.0,0,0.0,0.0,True,good,当前QC指标正常。,269151.8400159867,False,False,0.0,False,331275.7851806595,False,False,0.0,False
1790005969.8449337,917.368,runtime,9.969000101089478,2500,250.6770964649597,0,0.0,0,0.0,0.0,True,good,当前QC指标正常。,264553.5660773088,False,False,0.0,False,324888.1226139324,False,False,0.0,False
1790005971.8599336,919.344,runtime,9.92199993133545,2489,250.75589772405172,0,0.0,0,0.0,0.0,True,good,当前QC指标正常。,261101.7860347895,False,False,0.0,False,320022.43026581797,False,False,0.0,False
1790005973.8599336,921.344,runtime,9.937000036239624,2489,250.3773765650013,0,0.0,0,0.0,0.0,True,good,当前QC指标正常。,257860.04932367848,False,False,0.0,False,315642.19309521466,False,False,0.0,False
1790005975.8449337,923.364,runtime,9.985000133514404,2499,250.1752595491236,0,0.0,0,0.0,0.0,True,good,当前QC指标正常。,255360.86987456327,False,False,0.0,False,312284.69964158937,False,False,0.0,False
1790005977.8599336,925.384,runtime,9.983999967575073,2499,250.20032132539333,0,0.0,0,0.0,0.0,True,good,当前QC指标正常。,253168.3417048592,False,False,0.0,False,309430.6033455104,False,False,0.0,False
1790005979.8759336,927.404,runtime,10.0,2504,250.3,0,0.0,0,0.0,0.0,True,good,当前QC指标正常。,252138.13440391136,False,False,0.0,False,306064.64115718164,False,False,0.0,False
1790005981.8759336,929.424,runtime,9.983999967575073,2505,250.80128286580663,0,0.0,0,0.0,0.0,True,good,当前QC指标正常。,251168.40246658374,False,False,0.0,False,302264.0035435901,False,False,0.0,False
1790005983.8919337,931.424,runtime,9.953999996185303,2515,252.56178430414374,0,0.0,0,0.0,0.0,True,good,当前QC指标正常。,249746.145617937,False,False,0.0,False,298504.36328724027,False,False,0.0,False
1790005985.8919337,933.404,runtime,9.937999963760376,2495,250.95592766095277,0,0.0,0,0.0,0.0,True,good,当前QC指标正常。,247845.31647453542,False,False,0.0,False,294575.71678217436,False,False,0.0,False
1790005987.9069338,935.424,runtime,9.95300006866455,2500,251.08007462671551,0,0.0,0,0.0,0.0,True,good,当前QC指标正常。,250193.8960286556,False,False,0.0,False,293441.01564680395,False,False,0.0,False
1790005989.8919337,937.424,runtime,9.984999895095825,2505,250.7761668810683,0,0.0,0,0.0,0.0,True,good,当前QC指标正常。,255833.25292222673,False,False,0.0,False,294081.59331799904,False,False,0.0,False
1790005991.9069338,939.404,runtime,10.0,2495,249.4,0,0.0,0,0.0,0.0,True,good,当前QC指标正常。,249078.74927034622,False,False,0.0,False,283249.05934379424,False,False,0.0,False
1790005993.8919337,941.424,runtime,10.0,2505,250.4,0,0.0,0,0.0,0.0,True,good,当前QC指标正常。,234719.85309254876,False,False,0.0,False,265785.32840159815,False,False,0.0,False
1790005995.8919337,943.424,runtime,9.984999895095825,2505,250.7761668810683,0,0.0,0,0.0,0.0,True,good,当前QC指标正常。,219717.03974459792,False,False,0.0,False,248685.16371633945,False,False,0.0,False
1790005997.8919337,945.404,runtime,9.968999862670898,2495,250.17554763330156,0,0.0,0,0.0,0.0,True,good,当前QC指标正常。,201218.3087790595,False,False,0.0,False,228740.6451634525,False,False,0.0,False
1790005999.9069338,947.444,runtime,9.984000205993652,2505,250.80127687665555,0,0.0,0,0.0,0.0,True,good,当前QC指标正常。,179315.5644146887,False,False,0.0,False,204204.38398179645,False,False,0.0,False
1790006001.9229336,949.464,runtime,10.0,2515,251.4,0,0.0,0,0.0,0.0,True,good,当前QC指标正常。,173746.75105472337,False,False,0.0,False,198624.343409606,False,False,0.0,False
1790006003.9229336,951.444,runtime,9.969000101089478,2505,251.17865127981557,0,0.0,0,0.0,0.0,True,good,当前QC指标正常。,174131.022369155,False,False,0.0,False,199217.9054772902,False,False,0.0,False
1790006005.9379337,953.464,runtime,9.983999967575073,2510,251.30208414948433,0,0.0,0,0.0,0.0,True,good,当前QC指标正常。,173006.59053487578,False,False,0.0,False,198084.1970317554,False,False,0.0,False
1790006007.9539337,955.484,runtime,10.0,2505,250.4,0,0.0,0,0.0,0.0,True,good,当前QC指标正常。,170058.18150519129,False,False,0.0,False,194416.263072501,False,False,0.0,False
1790006009.9699337,957.484,runtime,10.0,2500,249.9,0,0.0,0,0.0,0.0,True,good,当前QC指标正常。,167277.69188755038,False,False,0.0,False,191761.59465790374,False,False,0.0,False
1790006011.9699337,959.504,runtime,9.985000133514404,2505,250.7761608931167,0,0.0,0,0.0,0.0,True,good,当前QC指标正常。,161715.9604825458,False,False,0.0,False,185685.01756749518,False,False,0.0,False
1790006013.9699337,961.484,runtime,9.983999967575073,2502,250.50080209559997,0,0.0,0,0.0,0.0,True,good,当前QC指标正常。,158071.66833650082,False,False,0.0,False,182760.2378708857,False,False,0.0,False
1790006015.9699337,963.484,runtime,10.0,2500,249.9,0,0.0,0,0.0,0.0,True,good,当前QC指标正常。,154914.87828153244,False,False,0.0,False,180317.477316388,False,False,0.0,False
1790006017.9699337,965.504,runtime,9.985000133514404,2505,250.7761608931167,0,0.0,0,0.0,0.0,True,good,当前QC指标正常。,150986.6682878165,False,False,0.0,False,177452.67415308187,False,False,0.0,False
1790006019.9699337,967.484,runtime,9.983999967575073,2505,250.80128286580663,0,0.0,0,0.0,0.0,True,good,当前QC指标正常。,148266.4404635762,False,False,0.0,False,175264.4800090518,False,False,0.0,False
1790006021.9699337,969.504,runtime,10.0,2505,250.4,0,0.0,0,0.0,0.0,True,good,当前QC指标正常。,146311.01726729225,False,False,0.0,False,172963.24541932676,False,False,0.0,False
1790006023.9699337,971.504,runtime,9.985000133514404,2505,250.7761608931167,0,0.0,0,0.0,0.0,True,good,当前QC指标正常。,143707.42037918567,False,False,0.0,False,170209.48675298237,False,False,0.0,False
1790006025.9849336,973.504,runtime,9.967999935150146,2500,250.70224882203092,0,0.0,0,0.0,0.0,True,good,当前QC指标正常。,141257.39179869174,False,False,0.0,False,167840.30632254336,False,False,0.0,False
1790006027.9699337,975.504,runtime,10.0,2505,250.4,0,0.0,0,0.0,0.0,True,good,当前QC指标正常。,139902.1069908194,False,False,0.0,False,166516.2268157926,False,False,0.0,False
1790006029.9699337,977.504,runtime,9.985000133514404,2505,250.7761608931167,0,0.0,0,0.0,0.0,True,good,当前QC指标正常。,138308.31299916457,False,False,0.0,False,164725.28747900188,False,False,0.0,False
1790006031.9849336,979.504,runtime,10.0,2500,249.9,0,0.0,0,0.0,0.0,True,good,当前QC指标正常。,137188.8996663066,False,False,0.0,False,163368.69468106693,False,False,0.0,False
1790006033.9699337,981.464,runtime,10.0,2495,249.4,0,0.0,0,0.0,0.0,True,good,当前QC指标正常。,136380.40407339565,False,False,0.0,False,162384.67595491445,False,False,0.0,False
1790006035.9699337,983.464,runtime,9.985000133514404,2495,249.77465865312823,0,0.0,0,0.0,0.0,True,good,当前QC指标正常。,143030.4280266595,False,False,0.0,False,169982.65774220502,False,False,0.0,False
1790006037.9849336,985.504,runtime,10.0,2500,249.9,0,0.0,0,0.0,0.0,True,good,当前QC指标正常。,159583.37513805547,False,False,0.0,False,188687.959399504,False,False,0.0,False
1790006039.9699337,987.504,runtime,10.0,2505,250.4,0,0.0,0,0.0,0.0,True,good,当前QC指标正常。,174267.3259110727,False,False,0.0,False,205434.66667654962,False,False,0.0,False
1790006041.9699337,989.504,runtime,9.985000133514404,2505,250.7761608931167,0,0.0,0,0.0,0.0,True,good,当前QC指标正常。,188204.22685605419,False,False,0.0,False,221277.43258986165,False,False,0.0,False
1790006043.9849336,991.504,runtime,10.0,2500,249.9,0,0.0,0,0.0,0.0,True,good,当前QC指标正常。,201104.61784616762,False,False,0.0,False,235933.24734936206,False,False,0.0,False
1790006045.9699337,993.484,runtime,10.0,2510,250.9,0,0.0,0,0.0,0.0,True,good,当前QC指标正常。,207855.0403685218,False,False,0.0,False,243481.58242606625,False,False,0.0,False
1790006047.9699337,995.504,runtime,9.985000133514404,2505,250.7761608931167,0,0.0,0,0.0,0.0,True,good,当前QC指标正常。,207349.2402734894,False,False,0.0,False,242776.30185482785,False,False,0.0,False
1790006049.9849336,997.504,runtime,9.969000101089478,2500,250.6770964649597,0,0.0,0,0.0,0.0,True,good,当前QC指标正常。,206882.28175606605,False,False,0.0,False,242143.47283614147,False,False,0.0,False
1790006051.9699337,999.484,runtime,10.0,2500,249.9,0,0.0,0,0.0,0.0,True,good,当前QC指标正常。,206386.32963569064,False,False,0.0,False,241463.48475426156,False,False,0.0,False
1790006053.9699337,1001.484,runtime,9.985000133514404,2500,250.27540977312245,0,0.0,0,0.0,0.0,True,good,当前QC指标正常。,206082.49748348523,False,False,0.0,False,240974.58776336984,False,False,0.0,False
1790006055.9699337,1003.464,runtime,9.952999830245972,2500,251.08008064119915,0,0.0,0,0.0,0.0,True,good,当前QC指标正常。,205791.0240450511,False,False,0.0,False,240494.24920779842,False,False,0.0,False
1790006057.9699337,1005.484,runtime,10.0,2500,249.9,0,0.0,0,0.0,0.0,True,good,当前QC指标正常。,205617.1923692757,False,False,0.0,False,240156.8851118345,False,False,0.0,False
1790006059.9699337,1007.504,runtime,9.985000133514404,2500,250.27540977312245,0,0.0,0,0.0,0.0,True,good,当前QC指标正常。,205554.37716722215,False,False,0.0,False,239934.2795641839,False,False,0.0,False
1790006061.9849336,1009.504,runtime,10.0,2500,249.9,0,0.0,0,0.0,0.0,True,good,当前QC指标正常。,205311.17617447994,False,False,0.0,False,239565.73123430295,False,False,0.0,False
1790006063.9699337,1011.484,runtime,10.0,2505,250.4,0,0.0,0,0.0,0.0,True,good,当前QC指标正常。,204676.62164513866,False,False,0.0,False,238863.8654837278,False,False,0.0,False
1790006065.9849336,1013.484,runtime,9.890000104904175,2505,253.18503270372426,0,0.0,0,0.0,0.0,True,good,当前QC指标正常。,194984.5863057411,False,False,0.0,False,227531.86174387278,False,False,0.0,False
1790006067.9849336,1015.504,runtime,10.0,2500,249.9,0,0.0,0,0.0,0.0,True,good,当前QC指标正常。,184061.14884746887,False,False,0.0,False,214519.29460936357,False,False,0.0,False
1790006069.9699337,1017.504,runtime,10.0,2505,250.4,0,0.0,0,0.0,0.0,True,good,当前QC指标正常。,171755.036018875,False,False,0.0,False,199940.8503052304,False,False,0.0,False
1790006071.9699337,1019.504,runtime,9.985000133514404,2505,250.7761608931167,0,0.0,0,0.0,0.0,True,good,当前QC指标正常。,161868.90055900565,False,False,0.0,False,188182.43224442223,False,False,0.0,False
1790006073.9849336,1021.484,runtime,10.0,2495,249.4,0,0.0,0,0.0,0.0,True,good,当前QC指标正常。,164899.93680357706,False,False,0.0,False,190546.7250844753,False,False,0.0,False
1790006075.9849336,1023.464,runtime,9.937000036239624,2495,250.98118052777863,0,0.0,0,0.0,0.0,True,good,当前QC指标正常。,179582.47544359457,False,False,0.0,False,205668.44644398938,False,False,0.0,False
1790006078.0009336,1025.544,runtime,9.983999967575073,2505,250.80128286580663,0,0.0,0,0.0,0.0,True,good,当前QC指标正常。,194825.86409159485,False,False,0.0,False,221528.94830440334,False,False,0.0,False
1790006080.0169337,1027.544,runtime,10.0,2505,250.4,0,0.0,0,0.0,0.0,True,good,当前QC指标正常。,208750.93340381468,False,False,0.0,False,236422.6876825832,False,False,0.0,False
1790006082.0169337,1029.544,runtime,9.984999895095825,2500,250.2754157491173,0,0.0,0,0.0,0.0,True,good,当前QC指标正常。,218681.84927402218,False,False,0.0,False,247127.59692850197,False,False,0.0,False
1790006084.0319338,1031.564,runtime,9.984000205993652,2505,250.80127687665555,0,0.0,0,0.0,0.0,True,good,当前QC指标正常。,218858.340845191,False,False,0.0,False,246798.78632623368,False,False,0.0,False
1790006086.0479336,1033.584,runtime,10.0,2510,250.9,0,0.0,0,0.0,0.0,True,good,当前QC指标正常。,218333.27359278698,False,False,0.0,False,245862.26987105125,False,False,0.0,False
1790006088.0629337,1035.584,runtime,10.0,2510,250.9,0,0.0,0,0.0,0.0,True,good,当前QC指标正常。,217145.86689912144,False,False,0.0,False,244223.5800045681,False,False,0.0,False
1790006090.0629337,1037.584,runtime,9.983999967575073,2500,250.3004815821289,0,0.0,0,0.0,0.0,True,good,当前QC指标正常。,216084.0961854786,False,False,0.0,False,242692.7471282316,False,False,0.0,False
1790006092.0479336,1039.564,runtime,10.0,2500,249.9,0,0.0,0,0.0,0.0,True,good,当前QC指标正常。,215129.33897562235,False,False,0.0,False,241319.87774877952,False,False,0.0,False
1790006094.0479336,1041.564,runtime,9.953999996185303,2500,251.0548524168875,0,0.0,0,0.0,0.0,True,good,当前QC指标正常。,214191.82353672053,False,False,0.0,False,239986.80594227536,False,False,0.0,False
1790006096.0629337,1043.564,runtime,9.983999967575073,2495,249.79968029845116,0,0.0,0,0.0,0.0,True,good,当前QC指标正常。,214070.09511398704,False,False,0.0,False,239465.50189932028,False,False,0.0,False
1790006098.0789337,1045.564,runtime,10.0,2495,249.4,0,0.0,0,0.0,0.0,True,good,当前QC指标正常。,214067.70319264565,False,False,0.0,False,239097.7049638074,False,False,0.0,False
1790006100.0789337,1047.604,runtime,9.967999935150146,2500,250.70224882203092,0,0.0,0,0.0,0.0,True,good,当前QC指标正常。,214072.10182375918,False,False,0.0,False,238798.94645196007,False,False,0.0,False
1790006102.0949337,1049.624,runtime,9.985000133514404,2505,250.7761608931167,0,0.0,0,0.0,0.0,True,good,当前QC指标正常。,214074.252124006,False,False,0.0,False,238590.6005914574,False,False,0.0,False
1790006104.0949337,1051.604,runtime,9.969000101089478,2495,250.17554165010384,0,0.0,0,0.0,0.0,True,good,当前QC指标正常。,208355.45419685202,False,False,0.0,False,232319.2827280695,False,False,0.0,False
1790006106.1259336,1053.624,runtime,9.95300006866455,2495,250.5777135330246,0,0.0,0,0.0,0.0,True,good,当前QC指标正常。,195615.10860198247,False,False,0.0,False,218446.88769300038,False,False,0.0,False
1790006108.1259336,1055.644,runtime,9.983999967575073,2505,250.80128286580663,0,0.0,0,0.0,0.0,True,good,当前QC指标正常。,181947.11677636657,False,False,0.0,False,203616.48160635217,False,False,0.0,False
1790006110.1419337,1057.664,runtime,10.0,2510,250.9,0,0.0,0,0.0,0.0,True,good,当前QC指标正常。,167400.65003155655,False,False,0.0,False,187864.34812285108,False,False,0.0,False
1790006112.1419337,1059.664,runtime,9.984999895095825,2500,250.2754157491173,0,0.0,0,0.0,0.0,True,good,当前QC指标正常。,151258.19444984224,False,False,0.0,False,170410.09133895507,False,False,0.0,False
1790006114.1569338,1061.684,runtime,9.984000205993652,2505,250.80127687665555,0,0.0,0,0.0,0.0,True,good,当前QC指标正常。,142448.61968471075,False,False,0.0,False,160698.3526229735,False,False,0.0,False
1790006116.1419337,1063.604,runtime,10.0,2495,249.4,0,0.0,0,0.0,0.0,True,good,当前QC指标正常。,141841.79245880592,False,False,0.0,False,159903.1351853933,False,False,0.0,False
1790006118.1419337,1065.624,runtime,9.95300006866455,2495,250.5777135330246,0,0.0,0,0.0,0.0,True,good,当前QC指标正常。,141353.04999171715,False,False,0.0,False,159278.38441133278,False,False,0.0,False
1790006120.1569338,1067.664,runtime,10.0,2495,249.4,0,0.0,0,0.0,0.0,True,good,当前QC指标正常。,141104.8895775447,False,False,0.0,False,158870.92940394828,False,False,0.0,False
1790006122.1569338,1069.644,runtime,9.952999830245972,2495,250.57771953547447,0,0.0,0,0.0,0.0,True,good,当前QC指标正常。,140498.08327807995,False,False,0.0,False,158136.06767436746,False,False,0.0,False
1790006124.1729336,1071.704,runtime,9.984999895095825,2500,250.2754157491173,0,0.0,0,0.0,0.0,True,good,当前QC指标正常。,139712.37489049864,False,False,0.0,False,157284.47073090612,False,False,0.0,False
1790006126.1879337,1073.724,runtime,10.0,2505,250.4,0,0.0,0,0.0,0.0,True,good,当前QC指标正常。,138910.54521771538,False,False,0.0,False,156408.35829898104,False,False,0.0,False
1790006128.1879337,1075.724,runtime,9.983999967575073,2500,250.3004815821289,0,0.0,0,0.0,0.0,True,good,当前QC指标正常。,138146.8736447663,False,False,0.0,False,155589.8231639384,False,False,0.0,False
1790006130.2039337,1077.744,runtime,9.983999967575073,2510,251.30208414948433,0,0.0,0,0.0,0.0,True,good,当前QC指标正常。,137046.66404861517,False,False,0.0,False,154444.43862679764,False,False,0.0,False
1790006132.2199337,1079.744,runtime,10.0,2510,250.9,0,0.0,0,0.0,0.0,True,good,当前QC指标正常。,136382.7777003841,False,False,0.0,False,153742.57216122583,False,False,0.0,False
1790006134.2199337,1081.744,runtime,9.969000101089478,2500,250.6770964649597,0,0.0,0,0.0,0.0,True,good,当前QC指标正常。,135935.6859416182,False,False,0.0,False,153215.2984140628,False,False,0.0,False
1790006136.2349336,1083.744,runtime,9.95300006866455,2495,250.5777135330246,0,0.0,0,0.0,0.0,True,good,当前QC指标正常。,135773.1672430313,False,False,0.0,False,153288.9004754463,False,False,0.0,False
1790006138.2199337,1085.764,runtime,10.0,2505,250.4,0,0.0,0,0.0,0.0,True,good,当前QC指标正常。,134519.33215771304,False,False,0.0,False,151807.0989181484,False,False,0.0,False
1790006140.2199337,1087.704,runtime,9.937999963760376,2490,250.45280831921067,0,0.0,0,0.0,0.0,True,good,当前QC指标正常。,133034.16527087262,False,False,0.0,False,150135.443037645,False,False,0.0,False
1790006142.2349336,1089.744,runtime,9.983999967575073,2495,249.79968029845116,0,0.0,0,0.0,0.0,True,good,当前QC指标正常。,131376.42765639798,False,False,0.0,False,148279.71453983244,False,False,0.0,False
1790006144.2509336,1091.784,runtime,10.0,2505,250.4,0,0.0,0,0.0,0.0,True,good,当前QC指标正常。,129683.13852587836,False,False,0.0,False,146427.03305602368,False,False,0.0,False
1790006146.2509336,1093.78,runtime,9.983999967575073,2499,250.20032132539333,0,0.0,0,0.0,0.0,True,good,当前QC指标正常。,127217.78461887024,False,False,0.0,False,143272.68862563185,False,False,0.0,False
1790006148.2669337,1095.8,runtime,9.984999895095825,2504,250.67601665467808,0,0.0,0,0.0,0.0,True,good,当前QC指标正常。,125563.23741649924,False,False,0.0,False,141432.82602460604,False,False,0.0,False
1790006150.2819338,1097.8,runtime,10.0,2499,249.8,0,0.0,0,0.0,0.0,True,good,当前QC指标正常。,123737.61561345309,False,False,0.0,False,139413.0969845458,False,False,0.0,False
1790006152.2819338,1099.82,runtime,9.984000205993652,2509,251.2019178940304,0,0.0,0,0.0,0.0,True,good,当前QC指标正常。,121601.53067600187,False,False,0.0,False,137068.4348300968,False,False,0.0,False
1790006154.2669337,1101.8,runtime,9.969000101089478,2504,251.0783403168444,0,0.0,0,0.0,0.0,True,good,当前QC指标正常。,119484.33228983784,False,False,0.0,False,134749.9328088239,False,False,0.0,False
1790006156.2669337,1103.78,runtime,9.983999967575073,2500,250.3004815821289,0,0.0,0,0.0,0.0,True,good,当前QC指标正常。,118112.02849725143,False,False,0.0,False,133245.94347763289,False,False,0.0,False
1790006158.2819338,1105.82,runtime,9.984000205993652,2505,250.80127687665555,0,0.0,0,0.0,0.0,True,good,当前QC指标正常。,117180.26564228024,False,False,0.0,False,132237.38965380902,False,False,0.0,False
1790006160.2669337,1107.8,runtime,9.984999895095825,2505,250.7761668810683,0,0.0,0,0.0,0.0,True,good,当前QC指标正常。,116544.7002127439,False,False,0.0,False,131562.47752511254,False,False,0.0,False
1790006162.2669337,1109.78,runtime,9.968999862670898,2495,250.17554763330156,0,0.0,0,0.0,0.0,True,good,当前QC指标正常。,116234.68094582904,False,False,0.0,False,131227.50766270034,False,False,0.0,False
1790006164.2979336,1111.8,runtime,9.95300006866455,2500,251.08007462671551,0,0.0,0,0.0,0.0,True,good,当前QC指标正常。,115926.00245396371,False,False,0.0,False,130887.23573882156,False,False,0.0,False
1790006166.2979336,1113.84,runtime,10.0,2505,250.4,0,0.0,0,0.0,0.0,True,good,当前QC指标正常。,115495.09393822894,False,False,0.0,False,130401.61088946441,False,False,0.0,False
1790006168.2979336,1115.82,runtime,9.969000101089478,2500,250.6770964649597,0,0.0,0,0.0,0.0,True,good,当前QC指标正常。,121228.53979309495,False,False,0.0,False,136662.88411821274,False,False,0.0,False
1790006170.3129337,1117.84,runtime,9.983999967575073,2500,250.3004815821289,0,0.0,0,0.0,0.0,True,good,当前QC指标正常。,129063.05166773176,False,False,0.0,False,145194.4630670302,False,False,0.0,False
1790006172.2979336,1119.82,runtime,10.0,2510,250.9,0,0.0,0,0.0,0.0,True,good,当前QC指标正常。,135638.2846556381,False,False,0.0,False,152397.4528336241,False,False,0.0,False
1790006174.2979336,1121.82,runtime,9.969000101089478,2505,251.17865127981557,0,0.0,0,0.0,0.0,True,good,当前QC指标正常。,136997.55410554557,False,False,0.0,False,154050.04061444468,False,False,0.0,False
1790006176.3129337,1123.82,runtime,9.95300006866455,2495,250.5777135330246,0,0.0,0,0.0,0.0,True,good,当前QC指标正常。,138898.5871302305,False,False,0.0,False,156313.10249386518,False,False,0.0,False
1790006178.2979336,1125.82,runtime,9.984999895095825,2500,250.2754157491173,0,0.0,0,0.0,0.0,True,good,当前QC指标正常。,133005.47678471485,False,False,0.0,False,147988.20345291638,False,False,0.0,False
1790006180.2979336,1127.82,runtime,9.969000101089478,2500,250.6770964649597,0,0.0,0,0.0,0.0,True,good,当前QC指标正常。,120425.49598961009,False,False,0.0,False,133764.85334016033,False,False,0.0,False
1790006182.3129337,1129.8,runtime,9.937999963760376,2490,250.45280831921067,0,0.0,0,0.0,0.0,True,good,当前QC指标正常。,106372.8727853319,False,False,0.0,False,118522.27637359855,False,False,0.0,False
1790006184.3129337,1131.8,runtime,9.907000064849854,2495,251.74119144792778,0,0.0,0,0.0,0.0,True,good,当前QC指标正常。,97620.32009488577,False,False,0.0,False,109086.74906936148,False,False,0.0,False
1790006186.3289337,1133.84,runtime,9.967999935150146,2495,250.20064368233096,0,0.0,0,0.0,0.0,True,good,当前QC指标正常。,87237.96976542388,False,False,0.0,False,97603.9910471659,False,False,0.0,False
1790006188.3449337,1135.86,runtime,9.95300006866455,2500,251.08007462671551,0,0.0,0,0.0,0.0,True,good,当前QC指标正常。,82545.29086898886,False,False,0.0,False,92812.37023676229,False,False,0.0,False
1790006190.3449337,1137.86,runtime,9.983999967575073,2505,250.80128286580663,0,0.0,0,0.0,0.0,True,good,当前QC指标正常。,81764.56573778864,False,False,0.0,False,91862.85918919194,False,False,0.0,False
1790006192.3599336,1139.88,runtime,9.969000101089478,2500,250.6770964649597,0,0.0,0,0.0,0.0,True,good,当前QC指标正常。,82936.7369441675,False,False,0.0,False,91712.14729740875,False,False,0.0,False
1790006194.3449337,1141.88,runtime,9.95300006866455,2505,251.5824357204064,0,0.0,0,0.0,0.0,True,good,当前QC指标正常。,137538.69911499813,False,False,0.0,False,140805.48247750892,False,False,0.0,False
1790006196.3449337,1143.86,runtime,9.983999967575073,2500,250.3004815821289,0,0.0,0,0.0,0.0,True,good,当前QC指标正常。,178494.38838705246,False,False,0.0,False,180289.52658959557,False,False,0.0,False
1790006198.3449337,1145.88,runtime,10.0,2505,250.4,0,0.0,0,0.0,0.0,True,good,当前QC指标正常。,204792.99114370646,False,False,0.0,False,209179.32381246676,False,False,0.0,False
1790006200.3449337,1147.88,runtime,9.985000133514404,2505,250.7761608931167,0,0.0,0,0.0,0.0,True,good,当前QC指标正常。,221984.7459841579,False,False,0.0,False,231920.14534238508,False,False,0.0,False
1790006202.3599336,1149.9,runtime,10.0,2505,250.4,0,0.0,0,0.0,0.0,True,good,当前QC指标正常。,235907.7180190759,False,False,0.0,False,250401.10723763448,False,False,0.0,False
1790006204.3449337,1151.88,runtime,10.0,2505,250.4,0,0.0,0,0.0,0.0,True,good,当前QC指标正常。,235615.26920817202,False,False,0.0,False,250544.56548405183,False,False,0.0,False
1790006206.3449337,1153.86,runtime,9.985000133514404,2500,250.27540977312245,0,0.0,0,0.0,0.0,True,good,当前QC指标正常。,240916.42524163495,False,False,0.0,False,255893.16317259852,False,False,0.0,False
1790006208.3599336,1155.84,runtime,9.937999963760376,2490,250.45280831921067,0,0.0,0,0.0,0.0,True,good,当前QC指标正常。,246096.7189619483,False,False,0.0,False,261129.39167886082,False,False,0.0,False
1790006210.3599336,1157.88,runtime,9.969000101089478,2500,250.6770964649597,0,0.0,0,0.0,0.0,True,good,当前QC指标正常。,251712.35752316198,False,False,0.0,False,266789.41084543517,False,False,0.0,False
1790006212.3449337,1159.88,runtime,9.985000133514404,2505,250.7761608931167,0,0.0,0,0.0,0.0,True,good,当前QC指标正常。,257030.21293614115,False,False,0.0,False,272422.84843315475,False,False,0.0,False
1790006214.3599336,1161.9,runtime,9.967999935150146,2505,251.20385396173086,0,0.0,0,0.0,0.0,True,good,当前QC指标正常。,271835.27916091285,False,False,0.0,False,286775.5044145235,False,False,0.0,False
1790006216.3449337,1163.88,runtime,10.0,2515,251.4,0,0.0,0,0.0,0.0,True,good,当前QC指标正常。,277948.4338107383,False,False,0.0,False,292216.5645767412,False,False,0.0,False
1790006218.3449337,1165.88,runtime,9.985000133514404,2510,251.27691201311094,0,0.0,0,0.0,0.0,True,good,当前QC指标正常。,282930.01771153527,False,False,0.0,False,297137.7460664534,False,False,0.0,False
1790006220.3449337,1167.86,runtime,9.983999967575073,2496,249.8998405551867,0,0.0,0,0.0,0.0,True,good,当前QC指标正常。,285738.7445575573,False,False,0.0,False,300369.6228492664,False,False,0.0,False
1790006222.3449337,1169.84,runtime,10.0,2495,249.4,0,0.0,0,0.0,0.0,True,good,当前QC指标正常。,284492.6976813974,False,False,0.0,False,300291.3908950643,False,False,0.0,False
1790006224.3449337,1171.86,runtime,9.985000133514404,2500,250.27540977312245,0,0.0,0,0.0,0.0,True,good,当前QC指标正常。,292917.9529842249,False,False,0.0,False,308717.29113596806,False,False,0.0,False
1790006226.3599336,1173.9,runtime,10.0,2505,250.4,0,0.0,0,0.0,0.0,True,good,当前QC指标正常。,307650.3471920845,False,False,0.0,False,323676.3744446258,False,False,0.0,False
1790006228.3449337,1175.88,runtime,10.0,2505,250.4,0,0.0,0,0.0,0.0,True,good,当前QC指标正常。,314524.7218194085,False,False,0.0,False,330863.0902578088,False,False,0.0,False
1790006230.3449337,1177.88,runtime,9.985000133514404,2505,250.7761608931167,0,0.0,0,0.0,0.0,True,good,当前QC指标正常。,320019.3143111608,False,False,0.0,False,336676.8125597909,False,False,0.0,False
1790006232.3599336,1179.9,runtime,10.0,2515,251.4,0,0.0,0,0.0,0.0,True,good,当前QC指标正常。,324741.1363050233,False,False,0.0,False,340842.2166754394,False,False,0.0,False
1790006234.3449337,1181.88,runtime,10.0,2515,251.4,0,0.0,0,0.0,0.0,True,good,当前QC指标正常。,320206.3606261033,False,False,0.0,False,335755.95800314395,False,False,0.0,False
1790006236.3449337,1183.88,runtime,9.985000133514404,2505,250.7761608931167,0,0.0,0,0.0,0.0,True,good,当前QC指标正常。,307253.4417785553,False,False,0.0,False,323397.50891738565,False,False,0.0,False
1790006238.3599336,1185.9,runtime,10.0,2505,250.4,0,0.0,0,0.0,0.0,True,good,当前QC指标正常。,300346.8467637913,False,False,0.0,False,317300.0419681595,False,False,0.0,False
1790006240.3449337,1187.88,runtime,10.0,2505,250.4,0,0.0,0,0.0,0.0,True,good,当前QC指标正常。,315819.8952131563,False,False,0.0,False,335148.89734556375,False,False,0.0,False
1790006242.3449337,1189.84,runtime,9.985000133514404,2495,249.77465865312823,0,0.0,0,0.0,0.0,True,good,当前QC指标正常。,331416.09657999186,False,False,0.0,False,351061.1456591929,False,False,0.0,False
1790006244.3449337,1191.84,runtime,9.952999830245972,2497,250.77866397776432,0,0.0,0,0.0,0.0,True,good,当前QC指标正常。,341844.2483829535,False,False,0.0,False,361705.4896374492,False,False,0.0,False
1790006246.3449337,1193.88,runtime,10.0,2505,250.4,0,0.0,0,0.0,0.0,True,good,当前QC指标正常。,350244.1488047928,False,False,0.0,False,370278.91880699573,False,False,0.0,False
1790006248.3449337,1195.88,runtime,9.985000133514404,2505,250.7761608931167,0,0.0,0,0.0,0.0,True,good,当前QC指标正常。,357166.70321164763,False,False,0.0,False,377336.51487423293,False,False,0.0,False
1790006250.3449337,1197.86,runtime,9.983999967575073,2500,250.3004815821289,0,0.0,0,0.0,0.0,True,good,当前QC指标正常。,344488.02087106055,False,False,0.0,False,363856.62784981844,False,False,0.0,False
1790006252.3449337,1199.88,runtime,10.0,2515,251.4,0,0.0,0,0.0,0.0,True,good,当前QC指标正常。,333105.262875798,False,False,0.0,False,351856.8901598423,False,False,0.0,False
1790006254.3449337,1201.88,runtime,9.985000133514404,2510,251.27691201311094,0,0.0,0,0.0,0.0,True,good,当前QC指标正常。,324095.48768819706,False,False,0.0,False,342272.0742041351,False,False,0.0,False
1790006256.3449337,1203.86,runtime,9.983999967575073,2505,250.80128286580663,0,0.0,0,0.0,0.0,True,good,当前QC指标正常。,317734.1065063034,False,False,0.0,False,335470.82875522214,False,False,0.0,False
1790006258.3449337,1205.88,runtime,10.0,2505,250.4,0,0.0,0,0.0,0.0,True,good,当前QC指标正常。,312688.7041631393,False,False,0.0,False,330041.1911235477,False,False,0.0,False
1790006260.3449337,1207.88,runtime,9.985000133514404,2505,250.7761608931167,0,0.0,0,0.0,0.0,True,good,当前QC指标正常。,309068.39357742877,False,False,0.0,False,326123.37271531264,False,False,0.0,False
1790006262.3599336,1209.86,runtime,10.0,2495,249.4,0,0.0,0,0.0,0.0,True,good,当前QC指标正常。,305997.915739986,False,False,0.0,False,322799.947619205,False,False,0.0,False
1790006264.3599336,1211.84,runtime,9.937000036239624,2490,250.47801055879754,0,0.0,0,0.0,0.0,True,good,当前QC指标正常。,303219.53687240515,False,False,0.0,False,319767.56473542395,False,False,0.0,False
1790006266.3449337,1213.88,runtime,9.985000133514404,2505,250.7761608931167,0,0.0,0,0.0,0.0,True,good,当前QC指标正常。,299992.76842317777,False,False,0.0,False,316225.1696209741,False,False,0.0,False
1790006268.3599336,1215.88,runtime,9.983999967575073,2500,250.3004815821289,0,0.0,0,0.0,0.0,True,good,当前QC指标正常。,296873.1158603945,False,False,0.0,False,312786.16992463503,False,False,0.0,False
1790006270.3449337,1217.88,runtime,10.0,2505,250.4,0,0.0,0,0.0,0.0,True,good,当前QC指标正常。,294319.5400933178,False,False,0.0,False,309953.68978165195,False,False,0.0,False
1790006272.3449337,1219.88,runtime,9.985000133514404,2510,251.27691201311094,0,0.0,0,0.0,0.0,True,good,当前QC指标正常。,291771.45140356984,False,False,0.0,False,307149.2438434425,False,False,0.0,False
1790006274.3599336,1221.88,runtime,10.0,2510,250.9,0,0.0,0,0.0,0.0,True,good,当前QC指标正常。,289458.90033860184,False,False,0.0,False,304612.89169243607,False,False,0.0,False
1790006276.3449337,1223.86,runtime,10.0,2500,249.9,0,0.0,0,0.0,0.0,True,good,当前QC指标正常。,286907.1956901794,False,False,0.0,False,301838.47462444304,False,False,0.0,False
1790006278.3449337,1225.88,runtime,9.985000133514404,2505,250.7761608931167,0,0.0,0,0.0,0.0,True,good,当前QC指标正常。,284051.84082582284,False,False,0.0,False,298764.31838214525,False,False,0.0,False
1790006280.3599336,1227.9,runtime,10.0,2505,250.4,0,0.0,0,0.0,0.0,True,good,当前QC指标正常。,281198.5781613791,False,False,0.0,False,295726.99090476107,False,False,0.0,False
1790006282.3599336,1229.84,runtime,9.937000036239624,2490,250.47801055879754,0,0.0,0,0.0,0.0,True,good,当前QC指标正常。,279112.87489072944,False,False,0.0,False,293492.05984681187,False,False,0.0,False
1790006284.3759336,1231.88,runtime,9.983999967575073,2495,249.79968029845116,0,0.0,0,0.0,0.0,True,good,当前QC指标正常。,277232.7583257975,False,False,0.0,False,291454.31689209124,False,False,0.0,False
1790006286.3919337,1233.9,runtime,9.967999935150146,2500,250.70224882203092,0,0.0,0,0.0,0.0,True,good,当前QC指标正常。,275653.0212506634,False,False,0.0,False,289731.1969438465,False,False,0.0,False
1790006288.3919337,1235.92,runtime,9.984999895095825,2500,250.2754157491173,0,0.0,0,0.0,0.0,True,good,当前QC指标正常。,291354.19202511956,False,False,0.0,False,305773.6335857078,False,False,0.0,False
1790006290.4069338,1237.94,runtime,9.984000205993652,2505,250.80127687665555,0,0.0,0,0.0,0.0,True,good,当前QC指标正常。,335609.1399736095,False,False,0.0,False,351714.0004924357,False,False,0.0,False
1790006292.3919337,1239.92,runtime,10.0,2505,250.4,0,0.0,0,0.0,0.0,True,good,当前QC指标正常。,370290.1047149842,False,False,0.0,False,387685.7691070861,False,False,0.0,False
1790006294.3919337,1241.92,runtime,10.0,2501,250.0,0,0.0,0,0.0,0.0,True,good,当前QC指标正常。,396907.8704780941,False,False,0.0,False,415141.1783119561,False,False,0.0,False
1790006296.4069338,1243.94,runtime,9.95300006866455,2505,251.5824357204064,0,0.0,0,0.0,0.0,True,good,当前QC指标正常。,418312.6295185324,False,False,0.0,False,437058.6891215854,False,False,0.0,False
1790006298.3919337,1245.92,runtime,10.0,2505,250.4,0,0.0,0,0.0,0.0,True,good,当前QC指标正常。,426161.3384959726,False,False,0.0,False,445066.95125911775,False,False,0.0,False
1790006300.4069338,1247.92,runtime,10.0,2500,249.9,0,0.0,0,0.0,0.0,True,good,当前QC指标正常。,410687.58244104503,False,False,0.0,False,428864.35819922644,False,False,0.0,False
1790006302.4069338,1249.94,runtime,9.984000205993652,2505,250.80127687665555,0,0.0,0,0.0,0.0,True,good,当前QC指标正常。,395559.171123804,False,False,0.0,False,413125.0558725943,False,False,0.0,False
1790006304.3919337,1251.9,runtime,10.0,2500,249.9,0,0.0,0,0.0,0.0,True,good,当前QC指标正常。,384250.4443361453,False,False,0.0,False,401360.19393098756,False,False,0.0,False
1790006306.3919337,1253.92,runtime,9.984999895095825,2500,250.2754157491173,0,0.0,0,0.0,0.0,True,good,当前QC指标正常。,374718.2778567204,False,False,0.0,False,391442.97395101783,False,False,0.0,False
1790006308.4069338,1255.94,runtime,9.984000205993652,2505,250.80127687665555,0,0.0,0,0.0,0.0,True,good,当前QC指标正常。,366293.8257519767,False,False,0.0,False,382688.4609009983,False,False,0.0,False
1790006310.3919337,1257.92,runtime,9.984999895095825,2505,250.7761668810683,0,0.0,0,0.0,0.0,True,good,当前QC指标正常。,358921.21026977495,False,False,0.0,False,375010.2515173558,False,False,0.0,False
1790006312.3919337,1259.9,runtime,9.968999862670898,2495,250.17554763330156,0,0.0,0,0.0,0.0,True,good,当前QC指标正常。,351999.7533284592,False,False,0.0,False,367794.0252991699,False,False,0.0,False
1790006314.4069338,1261.92,runtime,9.92199993133545,2500,251.8645451818349,0,0.0,0,0.0,0.0,True,good,当前QC指标正常。,345513.3762866167,False,False,0.0,False,361035.47351108526,False,False,0.0,False
1790006316.3919337,1263.92,runtime,10.0,2505,250.4,0,0.0,0,0.0,0.0,True,good,当前QC指标正常。,339187.50192497973,False,False,0.0,False,354467.75163400423,False,False,0.0,False
1790006318.3919337,1265.9,runtime,9.968999862670898,2495,250.17554763330156,0,0.0,0,0.0,0.0,True,good,当前QC指标正常。,333707.84751260775,False,False,0.0,False,348779.72090212494,False,False,0.0,False
1790006320.4069338,1267.94,runtime,9.984000205993652,2505,250.80127687665555,0,0.0,0,0.0,0.0,True,good,当前QC指标正常。,329192.1481929242,False,False,0.0,False,344087.296168037,False,False,0.0,False
1790006322.3919337,1269.896,runtime,10.0,2499,249.8,0,0.0,0,0.0,0.0,True,good,当前QC指标正常。,325413.0199644131,False,False,0.0,False,340143.77320972213,False,False,0.0,False
1790006324.3919337,1271.876,runtime,9.937999963760376,2489,250.35218445086224,0,0.0,0,0.0,0.0,True,good,当前QC指标正常。,322161.4771663913,False,False,0.0,False,336729.9110714619,False,False,0.0,False
1790006326.4069338,1273.936,runtime,9.984000205993652,2504,250.70111662231184,0,0.0,0,0.0,0.0,True,good,当前QC指标正常。,319715.06131575734,False,False,0.0,False,334155.34303485206,False,False,0.0,False
1790006328.4229336,1275.956,runtime,10.0,2504,250.3,0,0.0,0,0.0,0.0,True,good,当前QC指标正常。,317385.3712535456,False,False,0.0,False,331680.5820715221,False,False,0.0,False
1790006330.4229336,1277.936,runtime,9.969000101089478,2499,250.57678550198852,0,0.0,0,0.0,0.0,True,good,当前QC指标正常。,313666.1159664166,False,False,0.0,False,327808.5523233383,False,False,0.0,False
1790006332.4379337,1279.936,runtime,9.95300006866455,2495,250.5777135330246,0,0.0,0,0.0,0.0,True,good,当前QC指标正常。,309470.6235332904,False,False,0.0,False,323435.37118297233,False,False,0.0,False
1790006334.4229336,1281.936,runtime,9.968999862670898,2500,250.6771024601526,0,0.0,0,0.0,0.0,True,good,当前QC指标正常。,304455.3646380108,False,False,0.0,False,318203.1301714689,False,False,0.0,False
1790006336.4229336,1283.936,runtime,9.937000036239624,2500,251.48435049675976,0,0.0,0,0.0,0.0,True,good,当前QC指标正常。,299353.7560588846,False,False,0.0,False,312914.9324582581,False,False,0.0,False
1790006338.4379337,1285.936,runtime,9.95300006866455,2495,250.5777135330246,0,0.0,0,0.0,0.0,True,good,当前QC指标正常。,293623.8521554402,False,False,0.0,False,306970.04451408895,False,False,0.0,False
1790006340.4229336,1287.936,runtime,10.0,2500,249.9,0,0.0,0,0.0,0.0,True,good,当前QC指标正常。,289338.5196029643,False,False,0.0,False,302530.1801249169,False,False,0.0,False
1790006342.4229336,1289.936,runtime,9.969000101089478,2500,250.6770964649597,0,0.0,0,0.0,0.0,True,good,当前QC指标正常。,285414.21122991905,False,False,0.0,False,298453.6646218294,False,False,0.0,False
1790006344.4379337,1291.956,runtime,9.95300006866455,2500,251.08007462671551,0,0.0,0,0.0,0.0,True,good,当前QC指标正常。,282080.9761124079,False,False,0.0,False,294960.42535556643,False,False,0.0,False
1790006346.4229336,1293.936,runtime,10.0,2500,249.9,0,0.0,0,0.0,0.0,True,good,当前QC指标正常。,279122.9673500844,False,False,0.0,False,291855.7413096482,False,False,0.0,False
1790006348.4229336,1295.936,runtime,9.969000101089478,2500,250.6770964649597,0,0.0,0,0.0,0.0,True,good,当前QC指标正常。,277941.9896259998,False,False,0.0,False,290600.3321881751,False,False,0.0,False
1790006350.4379337,1297.976,runtime,9.983999967575073,2505,250.80128286580663,0,0.0,0,0.0,0.0,True,good,当前QC指标正常。,276178.69610519556,False,False,0.0,False,288745.04379007954,False,False,0.0,False
1790006352.4229336,1299.936,runtime,10.0,2500,249.9,0,0.0,0,0.0,0.0,True,good,当前QC指标正常。,274449.76278401376,False,False,0.0,False,286937.0008978696,False,False,0.0,False
1790006354.4229336,1301.956,runtime,9.952999830245972,2500,251.08008064119915,0,0.0,0,0.0,0.0,True,good,当前QC指标正常。,272457.4501213204,False,False,0.0,False,284845.5135333888,False,False,0.0,False
1790006356.4379337,1303.96,runtime,9.95300006866455,2501,251.1805468454537,0,0.0,0,0.0,0.0,True,good,当前QC指标正常。,270388.1944395336,False,False,0.0,False,282689.9052187769,False,False,0.0,False
1790006358.4229336,1305.936,runtime,9.984999895095825,2500,250.2754157491173,0,0.0,0,0.0,0.0,True,good,当前QC指标正常。,267092.83557955635,False,False,0.0,False,279259.5786274055,False,False,0.0,False
1790006360.4229336,1307.956,runtime,9.984999895095825,2505,250.7761668810683,0,0.0,0,0.0,0.0,True,good,当前QC指标正常。,264679.5346433448,False,False,0.0,False,276743.68483336584,False,False,0.0,False
1790006362.4379337,1309.976,runtime,9.983999967575073,2505,250.80128286580663,0,0.0,0,0.0,0.0,True,good,当前QC指标正常。,262416.3295632006,False,False,0.0,False,274381.25975913735,False,False,0.0,False
1790006364.4229336,1311.88,runtime,10.0,2486,248.5,0,0.0,0,0.0,0.0,True,good,当前QC指标正常。,260263.03417086095,False,False,0.0,False,272133.7378892636,False,False,0.0,False
1790006366.4379337,1313.956,runtime,10.0,2505,250.4,0,0.0,0,0.0,0.0,True,good,当前QC指标正常。,258300.56056033546,False,False,0.0,False,270075.20872526866,False,False,0.0,False
1790006368.4379337,1315.96,runtime,9.983999967575073,2501,250.40064183886443,0,0.0,0,0.0,0.0,True,good,当前QC指标正常。,256492.59722271518,False,False,0.0,False,268186.8540032368,False,False,0.0,False
1790006370.4229336,1317.936,runtime,10.0,2500,249.9,0,0.0,0,0.0,0.0,True,good,当前QC指标正常。,254411.84748894713,False,False,0.0,False,266007.5558206451,False,False,0.0,False
1790006372.4229336,1319.936,runtime,9.969000101089478,2495,250.17554165010384,0,0.0,0,0.0,0.0,True,good,当前QC指标正常。,252685.2073619195,False,False,0.0,False,264207.5958634494,False,False,0.0,False
1790006374.4379337,1321.956,runtime,9.95300006866455,2519,252.98904678274096,0,0.0,0,0.0,0.0,True,good,当前QC指标正常。,251276.7615308065,False,False,0.0,False,262735.78034229483,False,False,0.0,False
1790006376.4539337,1323.976,runtime,9.969000101089478,2505,251.17865127981557,0,0.0,0,0.0,0.0,True,good,当前QC指标正常。,249562.64380559948,False,False,0.0,False,260943.9103154923,False,False,0.0,False
1790006378.4539337,1325.976,runtime,9.983999967575073,2500,250.3004815821289,0,0.0,0,0.0,0.0,True,good,当前QC指标正常。,247368.8404685862,False,False,0.0,False,258653.37352078065,False,False,0.0,False
1790006380.4699337,1327.996,runtime,9.985000133514404,2505,250.7761608931167,0,0.0,0,0.0,0.0,True,good,当前QC指标正常。,245301.91044374002,False,False,0.0,False,256501.67251421846,False,False,0.0,False
1790006382.4699337,1329.976,runtime,9.969000101089478,2495,250.17554165010384,0,0.0,0,0.0,0.0,True,good,当前QC指标正常。,243214.31951027387,False,False,0.0,False,254327.62845925972,False,False,0.0,False
1790006384.4699337,1331.976,runtime,9.967999935150146,2500,250.70224882203092,0,0.0,0,0.0,0.0,True,good,当前QC指标正常。,241847.04369796888,False,False,0.0,False,252896.17268793815,False,False,0.0,False
1790006386.4849336,1333.976,runtime,9.95300006866455,2500,251.08007462671551,0,0.0,0,0.0,0.0,True,good,当前QC指标正常。,240444.80991551137,False,False,0.0,False,251426.6779729984,False,False,0.0,False
1790006388.5169337,1336.036,runtime,10.0,2505,250.4,0,0.0,0,0.0,0.0,True,good,当前QC指标正常。,238739.4778892697,False,False,0.0,False,249647.18012316394,False,False,0.0,False
1790006390.5169337,1338.036,runtime,9.984999895095825,2500,250.2754157491173,0,0.0,0,0.0,0.0,True,good,当前QC指标正常。,237009.43712161528,False,False,0.0,False,247846.90263210912,False,False,0.0,False
1790006392.5319338,1340.056,runtime,10.0,2505,250.4,0,0.0,0,0.0,0.0,True,good,当前QC指标正常。,235237.21875826057,False,False,0.0,False,246003.22544657922,False,False,0.0,False
1790006394.5319338,1342.056,runtime,9.984000205993652,2500,250.300475604937,0,0.0,0,0.0,0.0,True,good,当前QC指标正常。,232837.21931611505,False,False,0.0,False,243512.75205651633,False,False,0.0,False
1790006396.5479336,1344.076,runtime,9.984999895095825,2510,251.2769180130193,0,0.0,0,0.0,0.0,True,good,当前QC指标正常。,231041.15818042288,False,False,0.0,False,241646.5426302903,False,False,0.0,False
1790006398.5629337,1346.076,runtime,10.0,2510,250.9,0,0.0,0,0.0,0.0,True,good,当前QC指标正常。,234935.5974886671,False,False,0.0,False,245611.1196224137,False,False,0.0,False
1790006400.5479336,1348.076,runtime,10.0,2505,250.4,0,0.0,0,0.0,0.0,True,good,当前QC指标正常。,238238.28000760026,False,False,0.0,False,248896.72801198915,False,False,0.0,False
1790006402.5479336,1350.076,runtime,9.984999895095825,2505,250.7761668810683,0,0.0,0,0.0,0.0,True,good,当前QC指标正常。,267366.77862869715,False,False,0.0,False,278723.54478466656,False,False,0.0,False
1790006404.5629337,1352.076,runtime,10.0,2500,249.9,0,0.0,0,0.0,0.0,True,good,当前QC指标正常。,288958.395644582,False,False,0.0,False,300908.22197459365,False,False,0.0,False
1790006406.5629337,1354.056,runtime,9.937999963760376,2495,250.95592766095277,0,0.0,0,0.0,0.0,True,good,当前QC指标正常。,306384.1269804686,False,False,0.0,False,318917.3286688838,False,False,0.0,False
1790006408.5789337,1356.056,runtime,9.92199993133545,2490,250.85668385657746,0,0.0,0,0.0,0.0,True,good,当前QC指标正常。,317677.8794038727,False,False,0.0,False,330631.4399455312,False,False,0.0,False
1790006410.5949337,1358.136,runtime,10.0,2510,250.9,0,0.0,0,0.0,0.0,True,good,当前QC指标正常。,327741.52010764193,False,False,0.0,False,341113.80234286154,False,False,0.0,False
1790006412.5949337,1360.136,runtime,9.985000133514404,2505,250.7761608931167,0,0.0,0,0.0,0.0,True,good,当前QC指标正常。,316144.88110270555,False,False,0.0,False,329150.8853891737,False,False,0.0,False
1790006414.5949337,1362.096,runtime,9.952999830245972,2500,251.08008064119915,0,0.0,0,0.0,0.0,True,good,当前QC指标正常。,307336.04972384754,False,False,0.0,False,320043.3428556159,False,False,0.0,False
1790006416.5949337,1364.136,runtime,10.0,2505,250.4,0,0.0,0,0.0,0.0,True,good,当前QC指标正常。,298994.5417104015,False,False,0.0,False,311415.5497873179,False,False,0.0,False
1790006418.5949337,1366.136,runtime,10.0,2520,251.9,0,0.0,0,0.0,0.0,True,good,当前QC指标正常。,291428.1105237496,False,False,0.0,False,303570.29018918204,False,False,0.0,False
1790006420.6099336,1368.136,runtime,9.967999935150146,2500,250.70224882203092,0,0.0,0,0.0,0.0,True,good,当前QC指标正常。,283119.14357531664,False,False,0.0,False,294961.5983281146,False,False,0.0,False
1790006422.5949337,1370.136,runtime,10.0,2505,250.4,0,0.0,0,0.0,0.0,True,good,当前QC指标正常。,278192.5280784675,False,False,0.0,False,289844.1193918873,False,False,0.0,False
1790006424.5949337,1372.116,runtime,9.969000101089478,2505,251.17865127981557,0,0.0,0,0.0,0.0,True,good,当前QC指标正常。,274703.19084794185,False,False,0.0,False,286204.7884034659,False,False,0.0,False
1790006426.6099336,1374.136,runtime,9.983999967575073,2500,250.3004815821289,0,0.0,0,0.0,0.0,True,good,当前QC指标正常。,271599.74002015183,False,False,0.0,False,282971.0139537481,False,False,0.0,False
1790006428.6419337,1376.136,runtime,9.937999963760376,2490,250.45280831921067,0,0.0,0,0.0,0.0,True,good,当前QC指标正常。,268960.9850481032,False,False,0.0,False,280227.4035551297,False,False,0.0,False
1790006430.6569338,1378.136,runtime,9.922000169754028,2490,250.85667782867048,0,0.0,0,0.0,0.0,True,good,当前QC指标正常。,266824.9729375998,False,False,0.0,False,277993.8926653646,False,False,0.0,False
1790006432.6729336,1380.196,runtime,10.0,2500,249.9,0,0.0,0,0.0,0.0,True,good,当前QC指标正常。,264152.99295233324,False,False,0.0,False,275211.36229837104,False,False,0.0,False
1790006434.6729336,1382.196,runtime,9.969000101089478,2500,250.6770964649597,0,0.0,0,0.0,0.0,True,good,当前QC指标正常。,261337.3454675005,False,False,0.0,False,272296.2939830215,False,False,0.0,False
1790006436.6729336,1384.196,runtime,9.984000205993652,2505,250.80127687665555,0,0.0,0,0.0,0.0,True,good,当前QC指标正常。,258487.4437775135,False,False,0.0,False,269316.90290248464,False,False,0.0,False
1790006438.6729336,1386.196,runtime,9.984999895095825,2500,250.2754157491173,0,0.0,0,0.0,0.0,True,good,当前QC指标正常。,254827.4349341615,False,False,0.0,False,265520.3672567412,False,False,0.0,False
1790006440.6729336,1388.196,runtime,9.984000205993652,2515,251.80287942009267,0,0.0,0,0.0,0.0,True,good,当前QC指标正常。,251181.46910624419,False,False,0.0,False,261752.14769401317,False,False,0.0,False
1790006442.6879337,1390.196,runtime,9.922000169754028,2495,251.3606084791901,0,0.0,0,0.0,0.0,True,good,当前QC指标正常。,247626.2868547623,False,False,0.0,False,258078.61697552624,False,False,0.0,False
1790006444.7039337,1392.216,runtime,10.0,2500,249.9,0,0.0,0,0.0,0.0,True,good,当前QC指标正常。,243559.5688182002,False,False,0.0,False,253872.07081784285,False,False,0.0,False
1790006446.7199337,1394.256,runtime,10.0,2505,250.4,0,0.0,0,0.0,0.0,True,good,当前QC指标正常。,239185.93731009847,False,False,0.0,False,249339.17448533088,False,False,0.0,False
1790006448.7199337,1396.256,runtime,9.985000133514404,2505,250.7761608931167,0,0.0,0,0.0,0.0,True,good,当前QC指标正常。,233030.3864748547,False,False,0.0,False,242967.91537833773,False,False,0.0,False
1790006450.7199337,1398.216,runtime,9.937999963760376,2490,250.45280831921067,0,0.0,0,0.0,0.0,True,good,当前QC指标正常。,228876.63485622298,False,False,0.0,False,238626.35353552844,False,False,0.0,False
1790006452.7349336,1400.216,runtime,9.937000036239624,2490,250.47801055879754,0,0.0,0,0.0,0.0,True,good,当前QC指标正常。,221444.66681386725,False,False,0.0,False,230853.52136185623,False,False,0.0,False
1790006454.7199337,1402.256,runtime,9.985000133514404,2505,250.7761608931167,0,0.0,0,0.0,0.0,True,good,当前QC指标正常。,221084.85838251418,False,False,0.0,False,230374.37452205736,False,False,0.0,False
1790006456.7349336,1404.236,runtime,9.969000101089478,2495,250.17554165010384,0,0.0,0,0.0,0.0,True,good,当前QC指标正常。,218816.68430038702,False,False,0.0,False,227964.18713329558,False,False,0.0,False
1790006458.7199337,1406.256,runtime,10.0,2505,250.4,0,0.0,0,0.0,0.0,True,good,当前QC指标正常。,216534.079374281,False,False,0.0,False,225541.79877955897,False,False,0.0,False
1790006460.7199337,1408.256,runtime,9.985000133514404,2510,251.27691201311094,0,0.0,0,0.0,0.0,True,good,当前QC指标正常。,211080.49163290815,False,False,0.0,False,219901.00022302306,False,False,0.0,False
1790006462.7349336,1410.236,runtime,9.969000101089478,2505,251.17865127981557,0,0.0,0,0.0,0.0,True,good,当前QC指标正常。,209570.73867630487,False,False,0.0,False,218386.98271958868,False,False,0.0,False
1790006464.7199337,1412.256,runtime,10.0,2505,250.4,0,0.0,0,0.0,0.0,True,good,当前QC指标正常。,200458.43619832708,False,False,0.0,False,208972.8756439778,False,False,0.0,False
1790006466.7199337,1414.256,runtime,9.985000133514404,2505,250.7761608931167,0,0.0,0,0.0,0.0,True,good,当前QC指标正常。,193880.97175302147,False,False,0.0,False,202121.63811940874,False,False,0.0,False
1790006468.7349336,1416.276,runtime,10.0,2505,250.4,0,0.0,0,0.0,0.0,True,good,当前QC指标正常。,189884.55229335456,False,False,0.0,False,197956.03041043604,False,False,0.0,False
1790006470.7349336,1418.216,runtime,9.937000036239624,2490,250.47801055879754,0,0.0,0,0.0,0.0,True,good,当前QC指标正常。,187897.42309725337,False,False,0.0,False,195951.55720851436,False,False,0.0,False
1790006472.7509336,1420.256,runtime,9.983999967575073,2495,249.79968029845116,0,0.0,0,0.0,0.0,True,good,当前QC指标正常。,188016.47347507384,False,False,0.0,False,196116.14193249418,False,False,0.0,False
1790006474.7669337,1422.296,runtime,10.0,2505,250.4,0,0.0,0,0.0,0.0,True,good,当前QC指标正常。,190814.38835532768,False,False,0.0,False,199026.9348014257,False,False,0.0,False
1790006476.7669337,1424.296,runtime,9.984999895095825,2500,250.2754157491173,0,0.0,0,0.0,0.0,True,good,当前QC指标正常。,193267.0984131901,False,False,0.0,False,201561.47299011773,False,False,0.0,False
1790006478.7819338,1426.316,runtime,9.984000205993652,2505,250.80127687665555,0,0.0,0,0.0,0.0,True,good,当前QC指标正常。,195260.48789827817,False,False,0.0,False,203599.74335734462,False,False,0.0,False
1790006480.7669337,1428.296,runtime,10.0,2505,250.4,0,0.0,0,0.0,0.0,True,good,当前QC指标正常。,196250.51946058008,False,False,0.0,False,204560.25082372257,False,False,0.0,False
1790006482.7669337,1430.316,runtime,10.0,2515,251.4,0,0.0,0,0.0,0.0,True,good,当前QC指标正常。,194686.54620781576,False,False,0.0,False,202912.64538354287,False,False,0.0,False
1790006484.7819338,1432.316,runtime,9.95300006866455,2505,251.5824357204064,0,0.0,0,0.0,0.0,True,good,当前QC指标正常。,190975.50176966283,False,False,0.0,False,199064.66858811714,False,False,0.0,False
1790006486.7669337,1434.296,runtime,10.0,2505,250.4,0,0.0,0,0.0,0.0,True,good,当前QC指标正常。,186967.85135414882,False,False,0.0,False,194922.1722134584,False,False,0.0,False
1790006488.7669337,1436.276,runtime,9.968999862670898,2495,250.17554763330156,0,0.0,0,0.0,0.0,True,good,当前QC指标正常。,185731.14125461853,False,False,0.0,False,193636.21936467275,False,False,0.0,False
1790006490.7819338,1438.316,runtime,9.984000205993652,2505,250.80127687665555,0,0.0,0,0.0,0.0,True,good,当前QC指标正常。,184333.04656739254,False,False,0.0,False,192191.28934807083,False,False,0.0,False
1790006492.7669337,1440.276,runtime,10.0,2500,249.9,0,0.0,0,0.0,0.0,True,good,当前QC指标正常。,183349.72974999732,False,False,0.0,False,191160.43480126455,False,False,0.0,False
1790006494.7669337,1442.296,runtime,9.984999895095825,2500,250.2754157491173,0,0.0,0,0.0,0.0,True,good,当前QC指标正常。,181376.53105100754,False,False,0.0,False,189113.47829212484,False,False,0.0,False
1790006496.7819338,1444.316,runtime,9.984000205993652,2505,250.80127687665555,0,0.0,0,0.0,0.0,True,good,当前QC指标正常。,180944.0283908307,False,False,0.0,False,188663.45109535343,False,False,0.0,False
1790006498.7669337,1446.292,runtime,10.0,2504,250.3,0,0.0,0,0.0,0.0,True,good,当前QC指标正常。,178451.10661838035,False,False,0.0,False,186089.65586713905,False,False,0.0,False
1790006500.7669337,1448.312,runtime,9.984999895095825,2504,250.67601665467808,0,0.0,0,0.0,0.0,True,good,当前QC指标正常。,175955.8705946059,False,False,0.0,False,183499.37354724144,False,False,0.0,False
1790006502.7819338,1450.312,runtime,9.969000101089478,2504,251.0783403168444,0,0.0,0,0.0,0.0,True,good,当前QC指标正常。,173065.03535535853,False,False,0.0,False,180512.1655624761,False,False,0.0,False
1790006504.7669337,1452.292,runtime,10.0,2504,250.3,0,0.0,0,0.0,0.0,True,good,当前QC指标正常。,171773.67374450775,False,False,0.0,False,179165.89286338034,False,False,0.0,False
1790006506.7669337,1454.292,runtime,9.984999895095825,2499,250.17526552272707,0,0.0,0,0.0,0.0,True,good,当前QC指标正常。,169229.0697805013,False,False,0.0,False,176492.7476615757,False,False,0.0,False
1790006508.7819338,1456.312,runtime,9.984000205993652,2505,250.80127687665555,0,0.0,0,0.0,0.0,True,good,当前QC指标正常。,166920.1879316454,False,False,0.0,False,174072.88969250978,False,False,0.0,False
1790006510.7669337,1458.252,runtime,10.0,2495,249.4,0,0.0,0,0.0,0.0,True,good,当前QC指标正常。,165307.53476064684,False,False,0.0,False,172386.32768777537,False,False,0.0,False
1790006512.7669337,1460.252,runtime,9.937999963760376,2490,250.45280831921067,0,0.0,0,0.0,0.0,True,good,当前QC指标正常。,164762.78201344598,False,False,0.0,False,171772.40310876316,False,False,0.0,False
1790006514.7819338,1462.292,runtime,9.95300006866455,2500,251.08007462671551,0,0.0,0,0.0,0.0,True,good,当前QC指标正常。,158547.98849308453,False,False,0.0,False,165288.6933826883,False,False,0.0,False
1790006516.7669337,1464.292,runtime,10.0,2505,250.4,0,0.0,0,0.0,0.0,True,good,当前QC指标正常。,151866.09225243714,False,False,0.0,False,158349.1857814709,False,False,0.0,False
1790006518.7819338,1466.312,runtime,10.0,2505,250.4,0,0.0,0,0.0,0.0,True,good,当前QC指标正常。,145325.31923212914,False,False,0.0,False,151536.23922597087,False,False,0.0,False
1790006520.7819338,1468.312,runtime,9.984000205993652,2505,250.80127687665555,0,0.0,0,0.0,0.0,True,good,当前QC指标正常。,139715.8084618684,False,False,0.0,False,145720.09931461644,False,False,0.0,False
1790006522.7979336,1470.312,runtime,9.968999862670898,2500,250.6771024601526,0,0.0,0,0.0,0.0,True,good,当前QC指标正常。,134589.56576980755,False,False,0.0,False,140392.88693631385,False,False,0.0,False
1790006524.7979336,1472.332,runtime,9.952999830245972,2505,251.58244174692385,0,0.0,0,0.0,0.0,True,good,当前QC指标正常。,135990.97836616545,False,False,0.0,False,141795.89000701738,False,False,0.0,False
1790006526.8129337,1474.352,runtime,10.0,2505,250.4,0,0.0,0,0.0,0.0,True,good,当前QC指标正常。,139627.8693102726,False,False,0.0,False,145511.69555599403,False,False,0.0,False
1790006528.7979336,1476.312,runtime,10.0,2500,249.9,0,0.0,0,0.0,0.0,True,good,当前QC指标正常。,142067.04562488562,False,False,0.0,False,148003.61705121613,False,False,0.0,False
1790006530.7979336,1478.312,runtime,9.969000101089478,2500,250.6770964649597,0,0.0,0,0.0,0.0,True,good,当前QC指标正常。,141988.37648435627,False,False,0.0,False,147891.2180981092,False,False,0.0,False
1790006532.8129337,1480.312,runtime,9.969000101089478,2495,250.17554165010384,0,0.0,0,0.0,0.0,True,good,当前QC指标正常。,140073.72634873944,False,False,0.0,False,145888.12340855924,False,False,0.0,False
1790006534.7979336,1482.312,runtime,10.0,2500,249.9,0,0.0,0,0.0,0.0,True,good,当前QC指标正常。,138362.02480892974,False,False,0.0,False,144087.76459361476,False,False,0.0,False
1790006536.7979336,1484.332,runtime,9.984999895095825,2505,250.7761668810683,0,0.0,0,0.0,0.0,True,good,当前QC指标正常。,135970.04927954724,False,False,0.0,False,141598.57826765772,False,False,0.0,False
1790006538.8129337,1486.352,runtime,9.983999967575073,2505,250.80128286580663,0,0.0,0,0.0,0.0,True,good,当前QC指标正常。,135103.38455330988,False,False,0.0,False,140685.32166384498,False,False,0.0,False
1790006540.7979336,1488.312,runtime,10.0,2500,249.9,0,0.0,0,0.0,0.0,True,good,当前QC指标正常。,135831.46864456148,False,False,0.0,False,141419.03175521293,False,False,0.0,False
1790006542.7979336,1490.312,runtime,9.937000036239624,2500,251.48435049675976,0,0.0,0,0.0,0.0,True,good,当前QC指标正常。,139895.37138720858,False,False,0.0,False,145171.59697030706,False,False,0.0,False
1790006544.7979336,1492.312,runtime,9.984000205993652,2505,250.80127687665555,0,0.0,0,0.0,0.0,True,good,当前QC指标正常。,140302.259276689,False,False,0.0,False,145653.9011712488,False,False,0.0,False
1790006546.7979336,1494.312,runtime,10.0,2500,249.9,0,0.0,0,0.0,0.0,True,good,当前QC指标正常。,138886.6509776366,False,False,0.0,False,144226.7966201583,False,False,0.0,False
1790006548.7979336,1496.332,runtime,9.984999895095825,2505,250.7761668810683,0,0.0,0,0.0,0.0,True,good,当前QC指标正常。,136951.64052616525,False,False,0.0,False,142261.02603915162,False,False,0.0,False
1790006550.8129337,1498.352,runtime,9.983999967575073,2505,250.80128286580663,0,0.0,0,0.0,0.0,True,good,当前QC指标正常。,135468.91022447584,False,False,0.0,False,140743.48960630197,False,False,0.0,False
1790006552.7979336,1500.292,runtime,9.984999895095825,2495,249.77466461716625,0,0.0,0,0.0,0.0,True,good,当前QC指标正常。,129808.8898806247,False,False,0.0,False,135292.24818445748,False,False,0.0,False
1790006554.7979336,1502.332,runtime,9.984999895095825,2505,250.7761668810683,0,0.0,0,0.0,0.0,True,good,当前QC指标正常。,128753.75787848538,False,False,0.0,False,134116.54951213425,False,False,0.0,False
1790006556.8129337,1504.352,runtime,9.983999967575073,2505,250.80128286580663,0,0.0,0,0.0,0.0,True,good,当前QC指标正常。,127983.2823764629,False,False,0.0,False,133330.0097167766,False,False,0.0,False
1790006558.7979336,1506.312,runtime,10.0,2500,249.9,0,0.0,0,0.0,0.0,True,good,当前QC指标正常。,127182.10226116067,False,False,0.0,False,132497.83487519724,False,False,0.0,False
1790006560.7979336,1508.332,runtime,9.984999895095825,2505,250.7761668810683,0,0.0,0,0.0,0.0,True,good,当前QC指标正常。,172687.66756146686,False,False,0.0,False,178296.16017252556,False,False,0.0,False
1790006562.8129337,1510.352,runtime,9.967999935150146,2505,251.20385396173086,0,0.0,0,0.0,0.0,True,good,当前QC指标正常。,233581.70922570923,False,False,0.0,False,241294.81552749727,False,False,0.0,False
1790006564.8289337,1512.352,runtime,9.969000101089478,2505,251.17865127981557,0,0.0,0,0.0,0.0,True,good,当前QC指标正常。,313973.6310664111,False,False,0.0,False,322828.8592056208,False,False,0.0,False
1790006566.8289337,1514.352,runtime,9.983999967575073,2500,250.3004815821289,0,0.0,0,0.0,0.0,True,good,当前QC指标正常。,365505.7567615689,False,False,0.0,False,375690.2730385202,False,False,0.0,False
1790006568.8449337,1516.372,runtime,9.985000133514404,2505,250.7761608931167,0,0.0,0,0.0,0.0,True,good,当前QC指标正常。,405754.5722231931,False,False,0.0,False,417855.3191849454,False,False,0.0,False
1790006570.8599336,1518.392,runtime,10.0,2505,250.4,0,0.0,0,0.0,0.0,True,good,当前QC指标正常。,421993.9028099001,False,False,0.0,False,435328.1608108076,False,False,0.0,False
1790006572.8599336,1520.352,runtime,9.983999967575073,2495,249.79968029845116,0,0.0,0,0.0,0.0,True,good,当前QC指标正常。,419313.2746772093,False,False,0.0,False,432108.34845877654,False,False,0.0,False
1790006574.8759336,1522.392,runtime,9.983999967575073,2510,251.30208414948433,0,0.0,0,0.0,0.0,True,good,当前QC指标正常。,399636.2537230294,False,False,0.0,False,411749.8787318313,False,False,0.0,False
1790006576.8919337,1524.412,runtime,10.0,2505,250.4,0,0.0,0,0.0,0.0,True,good,当前QC指标正常。,390704.77525745257,False,False,0.0,False,402492.6466772759,False,False,0.0,False
1790006578.8919337,1526.392,runtime,9.952999830245972,2495,250.57771953547447,0,0.0,0,0.0,0.0,True,good,当前QC指标正常。,376414.035533519,False,False,0.0,False,387762.04565312294,False,False,0.0,False
1790006580.9069338,1528.432,runtime,10.0,2505,250.4,0,0.0,0,0.0,0.0,True,good,当前QC指标正常。,357403.0064007355,False,False,0.0,False,368199.8916471695,False,False,0.0,False
1790006582.9229336,1530.432,runtime,9.984000205993652,2500,250.300475604937,0,0.0,0,0.0,0.0,True,good,当前QC指标正常。,337698.1386406748,False,False,0.0,False,347914.10729393695,False,False,0.0,False
1790006584.9229336,1532.452,runtime,9.984999895095825,2510,251.2769180130193,0,0.0,0,0.0,0.0,True,good,当前QC指标正常。,318394.2279891222,False,False,0.0,False,328020.8413994541,False,False,0.0,False
1790006586.9229336,1534.432,runtime,9.969000101089478,2505,251.17865127981557,0,0.0,0,0.0,0.0,True,good,当前QC指标正常。,297914.1197665354,False,False,0.0,False,306897.7368855711,False,False,0.0,False
1790006588.9379337,1536.472,runtime,9.983999967575073,2505,250.80128286580663,0,0.0,0,0.0,0.0,True,good,当前QC指标正常。,284764.46585369646,False,False,0.0,False,293237.10342968156,False,False,0.0,False
1790006590.9539337,1538.472,runtime,9.983999967575073,2500,250.3004815821289,0,0.0,0,0.0,0.0,True,good,当前QC指标正常。,279579.4572300597,False,False,0.0,False,287820.1938572931,False,False,0.0,False
1790006592.9699337,1540.492,runtime,10.0,2505,250.4,0,0.0,0,0.0,0.0,True,good,当前QC指标正常。,275300.9607711546,False,False,0.0,False,283398.39825039887,False,False,0.0,False
1790006594.9699337,1542.472,runtime,9.969000101089478,2495,250.17554165010384,0,0.0,0,0.0,0.0,True,good,当前QC指标正常。,271362.27446655714,False,False,0.0,False,279316.62142482784,False,False,0.0,False
1790006596.9849336,1544.492,runtime,9.969000101089478,2500,250.6770964649597,0,0.0,0,0.0,0.0,True,good,当前QC指标正常。,268107.4385584168,False,False,0.0,False,275935.8138738401,False,False,0.0,False
1790006599.0009336,1546.492,runtime,9.969000101089478,2495,250.17554165010384,0,0.0,0,0.0,0.0,True,good,当前QC指标正常。,265286.6422822918,False,False,0.0,False,273000.9515519135,False,False,0.0,False
1790006601.0009336,1548.532,runtime,9.983999967575073,2505,250.80128286580663,0,0.0,0,0.0,0.0,True,good,当前QC指标正常。,263034.3434998344,False,False,0.0,False,270663.3588202116,False,False,0.0,False
1790006603.0169337,1550.532,runtime,10.0,2500,249.9,0,0.0,0,0.0,0.0,True,good,当前QC指标正常。,290022.6852766859,False,False,0.0,False,298310.6123823382,False,False,0.0,False
1790006605.0169337,1552.532,runtime,9.968999862670898,2500,250.6771024601526,0,0.0,0,0.0,0.0,True,good,当前QC指标正常。,372615.74162617815,False,False,0.0,False,383421.67404047353,False,False,0.0,False
1790006607.0169337,1554.532,runtime,9.983999967575073,2510,251.30208414948433,0,0.0,0,0.0,0.0,True,good,当前QC指标正常。,413501.64831485954,False,False,0.0,False,425263.8155383116,False,False,0.0,False
1790006609.0169337,1556.532,runtime,10.0,2510,250.9,0,0.0,0,0.0,0.0,True,good,当前QC指标正常。,437607.11600320693,False,False,0.0,False,449821.83222662524,False,False,0.0,False
1790006611.0169337,1558.532,runtime,9.968999862670898,2500,250.6771024601526,0,0.0,0,0.0,0.0,True,good,当前QC指标正常。,448737.92382358725,False,False,0.0,False,461105.41412540077,False,False,0.0,False
1790006613.0319338,1560.532,runtime,9.95300006866455,2495,250.5777135330246,0,0.0,0,0.0,0.0,True,good,当前QC指标正常。,439152.28054376156,False,False,0.0,False,451233.0855331713,False,False,0.0,False
1790006615.0169337,1562.552,runtime,10.0,2505,250.4,0,0.0,0,0.0,0.0,True,good,当前QC指标正常。,417895.65399117424,False,False,0.0,False,429311.3518092298,False,False,0.0,False
1790006617.0319338,1564.552,runtime,10.0,2505,250.4,0,0.0,0,0.0,0.0,True,good,当前QC指标正常。,408551.39676141215,False,False,0.0,False,419641.1814816628,False,False,0.0,False
1790006619.0319338,1566.532,runtime,9.984000205993652,2495,249.79967433321843,0,0.0,0,0.0,0.0,True,good,当前QC指标正常。,401755.3843283704,False,False,0.0,False,412595.398291642,False,False,0.0,False
1790006621.0169337,1568.552,runtime,10.0,2505,250.4,0,0.0,0,0.0,0.0,True,good,当前QC指标正常。,398146.8079150587,False,False,0.0,False,408830.2290839128,False,False,0.0,False
1790006623.0319338,1570.552,runtime,9.984999895095825,2505,250.7761668810683,0,0.0,0,0.0,0.0,True,good,当前QC指标正常。,394292.75760377507,False,False,0.0,False,404166.5876021062,False,False,0.0,False
1790006625.0319338,1572.552,runtime,9.984000205993652,2500,250.300475604937,0,0.0,0,0.0,0.0,True,good,当前QC指标正常。,379804.6358761032,False,False,0.0,False,386167.3789178024,False,False,0.0,False
1790006627.0169337,1574.552,runtime,9.984999895095825,2510,251.2769180130193,0,0.0,0,0.0,0.0,True,good,当前QC指标正常。,358076.5719291467,False,False,0.0,False,360288.7364787876,False,False,0.0,False
1790006629.0169337,1576.532,runtime,9.968999862670898,2505,251.17865728700363,0,0.0,0,0.0,0.0,True,good,当前QC指标正常。,325774.6031843393,False,False,0.0,False,325826.69829297886,False,False,0.0,False
1790006631.0319338,1578.552,runtime,9.984000205993652,2500,250.300475604937,0,0.0,0,0.0,0.0,True,good,当前QC指标正常。,273611.34457593475,False,False,0.0,False,276136.4100382898,False,False,0.0,False
1790006633.0169337,1580.552,runtime,10.0,2505,250.4,0,0.0,0,0.0,0.0,True,good,当前QC指标正常。,244512.16199119628,False,False,0.0,False,248136.53977571512,False,False,0.0,False
1790006635.0169337,1582.532,runtime,9.968999862670898,2500,250.6771024601526,0,0.0,0,0.0,0.0,True,good,当前QC指标正常。,233940.64061448525,False,False,0.0,False,238359.68574569977,False,False,0.0,False
1790006637.0319338,1584.532,runtime,9.984000205993652,2495,249.79967433321843,0,0.0,0,0.0,0.0,True,good,当前QC指标正常。,229470.2787045264,False,False,0.0,False,234149.4163735075,False,False,0.0,False
1790006639.0479336,1586.552,runtime,10.0,2500,249.9,0,0.0,0,0.0,0.0,True,good,当前QC指标正常。,227301.3976290274,False,False,0.0,False,232072.34657934323,False,False,0.0,False
1790006641.0479336,1588.572,runtime,10.0,2502,250.1,0,0.0,0,0.0,0.0,True,good,当前QC指标正常。,225812.13772747145,False,False,0.0,False,230671.08939231114,False,False,0.0,False
1790006643.0629337,1590.592,runtime,9.983999967575073,2505,250.80128286580663,0,0.0,0,0.0,0.0,True,good,当前QC指标正常。,225401.23384652162,False,False,0.0,False,230438.22967729904,False,False,0.0,False
1790006645.0479336,1592.572,runtime,10.0,2505,250.4,0,0.0,0,0.0,0.0,True,good,当前QC指标正常。,225235.59137626513,False,False,0.0,False,230496.26568968841,False,False,0.0,False
1790006647.0479336,1594.552,runtime,9.984000205993652,2505,250.80127687665555,0,0.0,0,0.0,0.0,True,good,当前QC指标正常。,224650.1244705518,False,False,0.0,False,230054.77551883846,False,False,0.0,False
1790006649.0629337,1596.592,runtime,9.95300006866455,2500,251.08007462671551,0,0.0,0,0.0,0.0,True,good,当前QC指标正常。,223810.42143224392,False,False,0.0,False,229262.43322672046,False,False,0.0,False
1790006651.0479336,1598.572,runtime,10.0,2505,250.4,0,0.0,0,0.0,0.0,True,good,当前QC指标正常。,223244.7104779188,False,False,0.0,False,228680.98262432258,False,False,0.0,False
1790006653.0479336,1600.552,runtime,9.969000101089478,2495,250.17554165010384,0,0.0,0,0.0,0.0,True,good,当前QC指标正常。,222224.74302573706,False,False,0.0,False,227625.93564678612,False,False,0.0,False
1790006655.0629337,1602.592,runtime,9.983999967575073,2505,250.80128286580663,0,0.0,0,0.0,0.0,True,good,当前QC指标正常。,221129.06824385215,False,False,0.0,False,226496.27973068625,False,False,0.0,False
1790006657.0479336,1604.552,runtime,9.984999895095825,2500,250.2754157491173,0,0.0,0,0.0,0.0,True,good,当前QC指标正常。,220695.69937580833,False,False,0.0,False,226044.03191455596,False,False,0.0,False
1790006659.0479336,1606.552,runtime,9.984999895095825,2495,249.77466461716625,0,0.0,0,0.0,0.0,True,good,当前QC指标正常。,220469.8279780297,False,False,0.0,False,225816.39205334728,False,False,0.0,False
1790006661.0629337,1608.592,runtime,9.983999967575073,2505,250.80128286580663,0,0.0,0,0.0,0.0,True,good,当前QC指标正常。,220331.25800419087,False,False,0.0,False,225668.60242372035,False,False,0.0,False
1790006663.0479336,1610.572,runtime,10.0,2505,250.4,0,0.0,0,0.0,0.0,True,good,当前QC指标正常。,220015.17032845507,False,False,0.0,False,225349.68760299982,False,False,0.0,False
1790006665.0629337,1612.572,runtime,10.0,2500,249.9,0,0.0,0,0.0,0.0,True,good,当前QC指标正常。,219631.86941828398,False,False,0.0,False,224950.44272012947,False,False,0.0,False
1790006667.0629337,1614.592,runtime,9.983999967575073,2500,250.3004815821289,0,0.0,0,0.0,0.0,True,good,当前QC指标正常。,219065.69356140032,False,False,0.0,False,224361.63032815084,False,False,0.0,False
1790006669.0479336,1616.572,runtime,10.0,2510,250.9,0,0.0,0,0.0,0.0,True,good,当前QC指标正常。,218449.4701032032,False,False,0.0,False,223726.93456737587,False,False,0.0,False
1790006671.0479336,1618.572,runtime,9.984999895095825,2500,250.2754157491173,0,0.0,0,0.0,0.0,True,good,当前QC指标正常。,217934.74635876395,False,False,0.0,False,223182.3367861446,False,False,0.0,False
1790006673.0629337,1620.588,runtime,9.983999967575073,2504,250.70112260907106,0,0.0,0,0.0,0.0,True,good,当前QC指标正常。,217361.39761945608,False,False,0.0,False,222580.17394439963,False,False,0.0,False
1790006675.0479336,1622.568,runtime,10.0,2504,250.3,0,0.0,0,0.0,0.0,True,good,当前QC指标正常。,216788.79876486136,False,False,0.0,False,221981.27060687463,False,False,0.0,False
1790006677.0479336,1624.528,runtime,9.937999963760376,2489,250.35218445086224,0,0.0,0,0.0,0.0,True,good,当前QC指标正常。,216387.49927241434,False,False,0.0,False,221560.4771602728,False,False,0.0,False
1790006679.0629337,1626.568,runtime,9.983999967575073,2499,250.20032132539333,0,0.0,0,0.0,0.0,True,good,当前QC指标正常。,215951.58836030422,False,False,0.0,False,221108.28428515213,False,False,0.0,False
1790006681.0479336,1628.568,runtime,10.0,2504,250.3,0,0.0,0,0.0,0.0,True,good,当前QC指标正常。,215384.88161020912,False,False,0.0,False,220513.3426720952,False,False,0.0,False
1790006683.0479336,1630.548,runtime,9.969000101089478,2495,250.17554165010384,0,0.0,0,0.0,0.0,True,good,当前QC指标正常。,214853.79449606757,False,False,0.0,False,219957.85250861433,False,False,0.0,False
1790006685.0629337,1632.568,runtime,9.95300006866455,2500,251.08007462671551,0,0.0,0,0.0,0.0,True,good,当前QC指标正常。,214374.46135187463,False,False,0.0,False,219455.57869562923,False,False,0.0,False
1790006687.0479336,1634.568,runtime,10.0,2510,250.9,0,0.0,0,0.0,0.0,True,good,当前QC指标正常。,213887.40436088963,False,False,0.0,False,218934.7706117169,False,False,0.0,False
1790006689.0479336,1636.548,runtime,9.969000101089478,2500,250.6770964649597,0,0.0,0,0.0,0.0,True,good,当前QC指标正常。,213312.2786087045,False,False,0.0,False,218314.07479026832,False,False,0.0,False
1790006691.0629337,1638.588,runtime,9.983999967575073,2505,250.80128286580663,0,0.0,0,0.0,0.0,True,good,当前QC指标正常。,212726.0565134136,False,False,0.0,False,217702.3406301474,False,False,0.0,False
1790006693.0789337,1640.588,runtime,10.0,2500,249.9,0,0.0,0,0.0,0.0,True,good,当前QC指标正常。,212300.00867669066,False,False,0.0,False,217252.00013646574,False,False,0.0,False
1790006695.0789337,1642.588,runtime,9.952999830245972,2500,251.08008064119915,0,0.0,0,0.0,0.0,True,good,当前QC指标正常。,211821.7935742103,False,False,0.0,False,216752.657287737,False,False,0.0,False
1790006697.0949337,1644.628,runtime,9.985000133514404,2505,250.7761608931167,0,0.0,0,0.0,0.0,True,good,当前QC指标正常。,211293.27316863695,False,False,0.0,False,216207.95154636513,False,False,0.0,False
1790006699.1259336,1646.608,runtime,9.937000036239624,2490,250.47801055879754,0,0.0,0,0.0,0.0,True,good,当前QC指标正常。,210870.6662532957,False,False,0.0,False,215766.4991826446,False,False,0.0,False
1790006701.1419337,1648.608,runtime,9.92199993133545,2490,250.85668385657746,0,0.0,0,0.0,0.0,True,good,当前QC指标正常。,210482.89000700647,False,False,0.0,False,215364.46917060483,False,False,0.0,False
1790006703.1569338,1650.668,runtime,10.0,2500,249.9,0,0.0,0,0.0,0.0,True,good,当前QC指标正常。,221537.06575514105,False,False,0.0,False,223186.99471557754,False,False,0.0,False
1790006705.1419337,1652.648,runtime,10.0,2500,249.9,0,0.0,0,0.0,0.0,True,good,当前QC指标正常。,233260.189901553,False,False,0.0,False,227939.98634064174,False,False,0.0,False
1790006707.1419337,1654.648,runtime,9.952999830245972,2500,251.08008064119915,0,0.0,0,0.0,0.0,True,good,当前QC指标正常。,236095.6461904618,False,False,0.0,False,229322.9031136241,False,False,0.0,False
1790006709.1569338,1656.688,runtime,10.0,2505,250.4,0,0.0,0,0.0,0.0,True,good,当前QC指标正常。,231818.95542089184,False,False,0.0,False,228710.0180520053,False,False,0.0,False
1790006711.1419337,1658.668,runtime,9.984999895095825,2515,251.7776691449703,0,0.0,0,0.0,0.0,True,good,当前QC指标正常。,223688.53826593774,False,False,0.0,False,226810.18020215633,False,False,0.0,False
1790006713.1419337,1660.668,runtime,9.984999895095825,2505,250.7761668810683,0,0.0,0,0.0,0.0,True,good,当前QC指标正常。,209493.7174936065,False,False,0.0,False,215576.32931326923,False,False,0.0,False
1790006715.1569338,1662.688,runtime,10.0,2505,250.4,0,0.0,0,0.0,0.0,True,good,当前QC指标正常。,200128.0803819646,False,False,0.0,False,205469.94653306186,False,False,0.0,False
1790006717.1419337,1664.668,runtime,9.969000101089478,2505,251.17865127981557,0,0.0,0,0.0,0.0,True,good,当前QC指标正常。,194422.6081447766,False,False,0.0,False,199457.4416138081,False,False,0.0,False
1790006719.1419337,1666.628,runtime,9.937999963760376,2490,250.45280831921067,0,0.0,0,0.0,0.0,True,good,当前QC指标正常。,191580.317294884,False,False,0.0,False,196515.8199299189,False,False,0.0,False
1790006721.1419337,1668.628,runtime,9.95300006866455,2495,250.5777135330246,0,0.0,0,0.0,0.0,True,good,当前QC指标正常。,189810.64397222086,False,False,0.0,False,194689.56131122526,False,False,0.0,False
1790006723.1419337,1670.668,runtime,10.0,2505,250.4,0,0.0,0,0.0,0.0,True,good,当前QC指标正常。,188286.95083155332,False,False,0.0,False,193111.26286766166,False,False,0.0,False
1790006725.1419337,1672.668,runtime,9.984999895095825,2500,250.2754157491173,0,0.0,0,0.0,0.0,True,good,当前QC指标正常。,187248.60015858497,False,False,0.0,False,192040.20395443216,False,False,0.0,False
1790006727.1569338,1674.688,runtime,9.984000205993652,2505,250.80127687665555,0,0.0,0,0.0,0.0,True,good,当前QC指标正常。,186231.33614510813,False,False,0.0,False,190997.16354436893,False,False,0.0,False
1790006729.1419337,1676.668,runtime,10.0,2510,250.9,0,0.0,0,0.0,0.0,True,good,当前QC指标正常。,185273.4902547064,False,False,0.0,False,190011.0530723887,False,False,0.0,False
1790006731.1419337,1678.668,runtime,9.984999895095825,2510,251.2769180130193,0,0.0,0,0.0,0.0,True,good,当前QC指标正常。,188211.58792394158,False,False,0.0,False,193071.83690666975,False,False,0.0,False
1790006733.1569338,1680.688,runtime,9.984000205993652,2505,250.80127687665555,0,0.0,0,0.0,0.0,True,good,当前QC指标正常。,195098.62820694424,False,False,0.0,False,200361.9602940825,False,False,0.0,False
1790006735.1419337,1682.668,runtime,10.0,2505,250.4,0,0.0,0,0.0,0.0,True,good,当前QC指标正常。,195089.99297268278,False,False,0.0,False,200777.08458894366,False,False,0.0,False
1790006737.1419337,1684.668,runtime,9.984999895095825,2500,250.2754157491173,0,0.0,0,0.0,0.0,True,good,当前QC指标正常。,193420.28630940377,False,False,0.0,False,199459.16045174465,False,False,0.0,False
1790006739.1569338,1686.668,runtime,10.0,2500,249.9,0,0.0,0,0.0,0.0,True,good,当前QC指标正常。,190756.52397748313,False,False,0.0,False,197167.16033513393,False,False,0.0,False
1790006741.1569338,1688.648,runtime,9.952999830245972,2495,250.57771953547447,0,0.0,0,0.0,0.0,True,good,当前QC指标正常。,183500.61556631603,False,False,0.0,False,190164.82723052485,False,False,0.0,False
1790006743.1729336,1690.708,runtime,9.984999895095825,2505,250.7761668810683,0,0.0,0,0.0,0.0,True,good,当前QC指标正常。,171487.0704994889,False,False,0.0,False,178042.86829060636,False,False,0.0,False
1790006745.1879337,1692.728,runtime,10.0,2505,250.4,0,0.0,0,0.0,0.0,True,good,当前QC指标正常。,166259.21578614993,False,False,0.0,False,172700.30744088296,False,False,0.0,False
1790006747.1729336,1694.688,runtime,10.0,2500,249.9,0,0.0,0,0.0,0.0,True,good,当前QC指标正常。,162888.59158473008,False,False,0.0,False,169242.48530998753,False,False,0.0,False
1790006749.1729336,1696.708,runtime,10.0,2507,250.6,0,0.0,0,0.0,0.0,True,good,当前QC指标正常。,160075.74213657284,False,False,0.0,False,166364.23134893677,False,False,0.0,False
1790006751.1879337,1698.708,runtime,9.967999935150146,2500,250.70224882203092,0,0.0,0,0.0,0.0,True,good,当前QC指标正常。,157838.70916333876,False,False,0.0,False,164066.2724566754,False,False,0.0,False
1790006753.1729336,1700.688,runtime,10.0,2500,249.9,0,0.0,0,0.0,0.0,True,good,当前QC指标正常。,155990.74868073195,False,False,0.0,False,162164.42196832068,False,False,0.0,False
1790006755.1729336,1702.708,runtime,9.984999895095825,2505,250.7761668810683,0,0.0,0,0.0,0.0,True,good,当前QC指标正常。,154258.99339516065,False,False,0.0,False,160384.23020851522,False,False,0.0,False
1790006757.1879337,1704.708,runtime,10.0,2500,249.9,0,0.0,0,0.0,0.0,True,good,当前QC指标正常。,152650.11407801698,False,False,0.0,False,158731.58568153612,False,False,0.0,False
1790006759.1729336,1706.668,runtime,10.0,2495,249.4,0,0.0,0,0.0,0.0,True,good,当前QC指标正常。,151194.40243116228,False,False,0.0,False,157233.97054303074,False,False,0.0,False
1790006761.1729336,1708.668,runtime,9.984999895095825,2495,249.77466461716625,0,0.0,0,0.0,0.0,True,good,当前QC指标正常。,149704.25907151282,False,False,0.0,False,155690.9974352114,False,False,0.0,False
1790006763.1879337,1710.708,runtime,10.0,2500,249.9,0,0.0,0,0.0,0.0,True,good,当前QC指标正常。,148287.33772809748,False,False,0.0,False,154227.73475718216,False,False,0.0,False
1790006765.1729336,1712.688,runtime,10.0,2500,249.9,0,0.0,0,0.0,0.0,True,good,当前QC指标正常。,146944.11565222876,False,False,0.0,False,152841.94230439677,False,False,0.0,False
1790006767.1729336,1714.708,runtime,9.984999895095825,2505,250.7761668810683,0,0.0,0,0.0,0.0,True,good,当前QC指标正常。,145559.94387932157,False,False,0.0,False,151414.89988982014,False,False,0.0,False
1790006769.1879337,1716.708,runtime,10.0,2500,249.9,0,0.0,0,0.0,0.0,True,good,当前QC指标正常。,144151.87283951932,False,False,0.0,False,149966.80181137894,False,False,0.0,False
1790006771.2199337,1718.728,runtime,9.95300006866455,2505,251.5824357204064,0,0.0,0,0.0,0.0,True,good,当前QC指标正常。,142903.97801874205,False,False,0.0,False,148682.10713489528,False,False,0.0,False
1790006773.2349336,1720.768,runtime,9.983999967575073,2510,251.30208414948433,0,0.0,0,0.0,0.0,True,good,当前QC指标正常。,141601.71489535927,False,False,0.0,False,147335.46355993685,False,False,0.0,False
1790006775.2199337,1722.748,runtime,9.985000133514404,2505,250.7761608931167,0,0.0,0,0.0,0.0,True,good,当前QC指标正常。,140389.64100737756,False,False,0.0,False,146087.04792265093,False,False,0.0,False
1790006777.2349336,1724.748,runtime,10.0,2500,249.9,0,0.0,0,0.0,0.0,True,good,当前QC指标正常。,139290.9045434238,False,False,0.0,False,144953.91073323952,False,False,0.0,False
1790006779.2349336,1726.768,runtime,9.983999967575073,2505,250.80128286580663,0,0.0,0,0.0,0.0,True,good,当前QC指标正常。,138279.83756094947,False,False,0.0,False,143913.60488193532,False,False,0.0,False
1790006781.2509336,1728.728,runtime,9.937000036239624,2490,250.47801055879754,0,0.0,0,0.0,0.0,True,good,当前QC指标正常。,137282.83943173703,False,False,0.0,False,142888.24034192663,False,False,0.0,False
1790006783.2669337,1730.748,runtime,10.0,2495,249.4,0,0.0,0,0.0,0.0,True,good,当前QC指标正常。,136329.97013034284,False,False,0.0,False,141905.92658673634,False,False,0.0,False
1790006785.2669337,1732.788,runtime,9.984999895095825,2500,250.2754157491173,0,0.0,0,0.0,0.0,True,good,当前QC指标正常。,135365.39166195522,False,False,0.0,False,140909.13174787667,False,False,0.0,False
1790006787.2819338,1734.808,runtime,10.0,2505,250.4,0,0.0,0,0.0,0.0,True,good,当前QC指标正常。,134410.54509486686,False,False,0.0,False,139929.35336852807,False,False,0.0,False
1790006789.2819338,1736.788,runtime,9.969000101089478,2495,250.17554165010384,0,0.0,0,0.0,0.0,True,good,当前QC指标正常。,133471.98759902836,False,False,0.0,False,138964.58506676363,False,False,0.0,False
1790006791.2669337,1738.788,runtime,9.984999895095825,2515,251.7776691449703,0,0.0,0,0.0,0.0,True,good,当前QC指标正常。,132577.40967534253,False,False,0.0,False,138044.38153912412,False,False,0.0,False
1790006793.2669337,1740.788,runtime,9.983999967575073,2512,251.50240466295543,0,0.0,0,0.0,0.0,True,good,当前QC指标正常。,131699.57550201783,False,False,0.0,False,137144.172942775,False,False,0.0,False
1790006795.2819338,1742.788,runtime,9.968999862670898,2500,250.6771024601526,0,0.0,0,0.0,0.0,True,good,当前QC指标正常。,130827.12354779366,False,False,0.0,False,136248.56219690057,False,False,0.0,False
1790006797.2979336,1744.828,runtime,9.984999895095825,2505,250.7761668810683,0,0.0,0,0.0,0.0,True,good,当前QC指标正常。,129951.84533396829,False,False,0.0,False,135347.71404469036,False,False,0.0,False
1790006799.2979336,1746.808,runtime,9.969000101089478,2495,250.17554165010384,0,0.0,0,0.0,0.0,True,good,当前QC指标正常。,129191.47954271111,False,False,0.0,False,134565.76612692463,False,False,0.0,False
1790006801.3129337,1748.828,runtime,9.95300006866455,2500,251.08007462671551,0,0.0,0,0.0,0.0,True,good,当前QC指标正常。,128489.56951219893,False,False,0.0,False,133839.13700855125,False,False,0.0,False
1790006803.3129337,1750.808,runtime,9.953999996185303,2500,251.0548524168875,0,0.0,0,0.0,0.0,True,good,当前QC指标正常。,127845.85848671751,False,False,0.0,False,133176.28282634978,False,False,0.0,False
1790006805.3129337,1752.808,runtime,9.969000101089478,2500,250.6770964649597,0,0.0,0,0.0,0.0,True,good,当前QC指标正常。,126949.51230446225,False,False,0.0,False,132256.86470996946,False,False,0.0,False
1790006807.3289337,1754.848,runtime,9.983999967575073,2505,250.80128286580663,0,0.0,0,0.0,0.0,True,good,当前QC指标正常。,130837.69891141205,False,False,0.0,False,136256.03105602445,False,False,0.0,False
1790006809.3449337,1756.868,runtime,9.983999967575073,2503,250.60096235233553,0,0.0,0,0.0,0.0,True,good,当前QC指标正常。,136614.7205091019,False,False,0.0,False,142196.18730736317,False,False,0.0,False
1790006811.3599336,1758.868,runtime,9.985000133514404,2497,249.9749591011259,0,0.0,0,0.0,0.0,True,good,当前QC指标正常。,137593.36242316576,False,False,0.0,False,143229.11900550785,False,False,0.0,False
1790006813.3449337,1760.868,runtime,9.985000133514404,2500,250.27540977312245,0,0.0,0,0.0,0.0,True,good,当前QC指标正常。,137205.1499159011,False,False,0.0,False,142845.27241567723,False,False,0.0,False
1790006815.3449337,1762.868,runtime,9.983999967575073,2513,251.602564919691,0,0.0,0,0.0,0.0,True,good,当前QC指标正常。,136124.20688878736,False,False,0.0,False,141719.1408749031,False,False,0.0,False
1790006817.3449337,1764.868,runtime,10.0,2505,250.4,0,0.0,0,0.0,0.0,True,good,当前QC指标正常。,129669.846346112,False,False,0.0,False,135023.0620484006,False,False,0.0,False
1790006819.3449337,1766.868,runtime,9.985000133514404,2500,250.27540977312245,0,0.0,0,0.0,0.0,True,good,当前QC指标正常。,121192.58410834886,False,False,0.0,False,126283.20801155237,False,False,0.0,False
1790006821.3599336,1768.888,runtime,10.0,2505,250.4,0,0.0,0,0.0,0.0,True,good,当前QC指标正常。,117649.38136018597,False,False,0.0,False,122631.15506113607,False,False,0.0,False
1790006823.3449337,1770.828,runtime,10.0,2495,249.4,0,0.0,0,0.0,0.0,True,good,当前QC指标正常。,115289.93051155923,False,False,0.0,False,120196.15626899793,False,False,0.0,False
1790006825.3449337,1772.848,runtime,9.985000133514404,2495,249.77465865312823,0,0.0,0,0.0,0.0,True,good,当前QC指标正常。,113453.4994672638,False,False,0.0,False,118296.61717024956,False,False,0.0,False
1790006827.3599336,1774.888,runtime,10.0,2505,250.4,0,0.0,0,0.0,0.0,True,good,当前QC指标正常。,111892.98480191216,False,False,0.0,False,116673.46299042457,False,False,0.0,False
1790006829.3449337,1776.868,runtime,10.0,2505,250.4,0,0.0,0,0.0,0.0,True,good,当前QC指标正常。,110539.73197118573,False,False,0.0,False,115266.08821929744,False,False,0.0,False
1790006831.3449337,1778.848,runtime,9.95300006866455,2495,250.5777135330246,0,0.0,0,0.0,0.0,True,good,当前QC指标正常。,108749.63800185926,False,False,0.0,False,113400.20314730845,False,False,0.0,False
1790006833.3449337,1780.868,runtime,9.983999967575073,2515,251.80288543316206,0,0.0,0,0.0,0.0,True,good,当前QC指标正常。,106762.73589013162,False,False,0.0,False,111312.4917579622,False,False,0.0,False
1790006835.3449337,1782.868,runtime,10.0,2510,250.9,0,0.0,0,0.0,0.0,True,good,当前QC指标正常。,104554.47949909391,False,False,0.0,False,108993.0937041108,False,False,0.0,False
1790006837.3449337,1784.868,runtime,9.985000133514404,2500,250.27540977312245,0,0.0,0,0.0,0.0,True,good,当前QC指标正常。,103350.57917024434,False,False,0.0,False,107715.97329826912,False,False,0.0,False
1790006839.3599336,1786.888,runtime,10.0,2505,250.4,0,0.0,0,0.0,0.0,True,good,当前QC指标正常。,102329.88350828133,False,False,0.0,False,106633.03636403465,False,False,0.0,False
1790006841.3449337,1788.868,runtime,10.0,2505,250.4,0,0.0,0,0.0,0.0,True,good,当前QC指标正常。,102197.3928341944,False,False,0.0,False,106478.11110169119,False,False,0.0,False
1790006843.3449337,1790.828,runtime,9.937999963760376,2490,250.45280831921067,0,0.0,0,0.0,0.0,True,good,当前QC指标正常。,102205.43843530209,False,False,0.0,False,106473.70631679535,False,False,0.0,False
1790006845.3599336,1792.868,runtime,10.0,2500,249.9,0,0.0,0,0.0,0.0,True,good,当前QC指标正常。,102582.09408150603,False,False,0.0,False,106845.82237691767,False,False,0.0,False
1790006847.3449337,1794.868,runtime,10.0,2505,250.4,0,0.0,0,0.0,0.0,True,good,当前QC指标正常。,101336.83019769598,False,False,0.0,False,105535.2093952308,False,False,0.0,False
1790006849.3449337,1796.864,runtime,9.985000133514404,2499,250.1752595491236,0,0.0,0,0.0,0.0,True,good,当前QC指标正常。,99833.47010565404,False,False,0.0,False,103952.84373504168,False,False,0.0,False
1790006851.3599336,1798.884,runtime,10.0,2504,250.3,0,0.0,0,0.0,0.0,True,good,当前QC指标正常。,97528.02887563671,False,False,0.0,False,101536.75003169784,False,False,0.0,False
1790006853.3449337,1800.864,runtime,10.0,2509,250.8,0,0.0,0,0.0,0.0,True,good,当前QC指标正常。,97115.17052841716,False,False,0.0,False,101097.60943300209,False,False,0.0,False
1790006855.3449337,1802.864,runtime,9.985000133514404,2509,251.1767617891121,0,0.0,0,0.0,0.0,True,good,当前QC指标正常。,96652.27528882376,False,False,0.0,False,100603.11986555277,False,False,0.0,False
1790006857.3599336,1804.884,runtime,10.0,2504,250.3,0,0.0,0,0.0,0.0,True,good,当前QC指标正常。,100331.1370822745,False,False,0.0,False,104390.75195187712,False,False,0.0,False
1790006859.3449337,1806.864,runtime,10.0,2505,250.4,0,0.0,0,0.0,0.0,True,good,当前QC指标正常。,105162.69764504505,False,False,0.0,False,109347.65034797843,False,False,0.0,False
1790006861.3449337,1808.864,runtime,9.985000133514404,2500,250.27540977312245,0,0.0,0,0.0,0.0,True,good,当前QC指标正常。,109388.56806731033,False,False,0.0,False,113682.54457612195,False,False,0.0,False
1790006863.3599336,1810.784,runtime,10.0,2480,247.9,0,0.0,0,0.0,0.0,True,good,当前QC指标正常。,111660.73157796625,False,False,0.0,False,115942.68740560666,False,False,0.0,False
1790006865.3449337,1812.844,runtime,9.967999935150146,2500,250.70224882203092,0,0.0,0,0.0,0.0,True,good,当前QC指标正常。,113716.21816395826,False,False,0.0,False,117990.11813696603,False,False,0.0,False
1790006867.3449337,1814.824,runtime,9.922000169754028,2490,250.85667782867048,0,0.0,0,0.0,0.0,True,good,当前QC指标正常。,112845.4793787812,False,False,0.0,False,117054.37213247166,False,False,0.0,False
1790006869.3599336,1816.884,runtime,9.983999967575073,2505,250.80128286580663,0,0.0,0,0.0,0.0,True,good,当前QC指标正常。,110536.83542031131,False,False,0.0,False,114666.28251790362,False,False,0.0,False
1790006871.3449337,1818.864,runtime,10.0,2505,250.4,0,0.0,0,0.0,0.0,True,good,当前QC指标正常。,108550.35261604554,False,False,0.0,False,112602.1571129847,False,False,0.0,False
1790006873.3449337,1820.844,runtime,9.95300006866455,2520,253.08951900147915,0,0.0,0,0.0,0.0,True,good,当前QC指标正常。,105865.89604559203,False,False,0.0,False,109796.04764547717,False,False,0.0,False
1790006875.3449337,1822.864,runtime,9.95300006866455,2505,251.5824357204064,0,0.0,0,0.0,0.0,True,good,当前QC指标正常。,103946.25267838805,False,False,0.0,False,107785.9122973481,False,False,0.0,False
1790006877.3449337,1824.864,runtime,10.0,2510,250.9,0,0.0,0,0.0,0.0,True,good,当前QC指标正常。,102551.7161119612,False,False,0.0,False,106320.24108940158,False,False,0.0,False
1790006879.3449337,1826.864,runtime,9.985000133514404,2500,250.27540977312245,0,0.0,0,0.0,0.0,True,good,当前QC指标正常。,101310.97839372669,False,False,0.0,False,105017.14566702642,False,False,0.0,False
1790006881.3599336,1828.884,runtime,10.0,2505,250.4,0,0.0,0,0.0,0.0,True,good,当前QC指标正常。,100815.47400733831,False,False,0.0,False,104488.84441251295,False,False,0.0,False
1790006883.3759336,1830.864,runtime,10.0,2495,249.4,0,0.0,0,0.0,0.0,True,good,当前QC指标正常。,101486.9215362551,False,False,0.0,False,105194.94262562584,False,False,0.0,False
1790006885.3759336,1832.864,runtime,9.983999967575073,2495,249.79968029845116,0,0.0,0,0.0,0.0,True,good,当前QC指标正常。,101239.11958813081,False,False,0.0,False,104941.44709218205,False,False,0.0,False
1790006887.3919337,1834.904,runtime,10.0,2500,249.9,0,0.0,0,0.0,0.0,True,good,当前QC指标正常。,100692.62301324414,False,False,0.0,False,104382.8016705834,False,False,0.0,False
1790006889.3919337,1836.924,runtime,9.984999895095825,2505,250.7761668810683,0,0.0,0,0.0,0.0,True,good,当前QC指标正常。,100172.7118845347,False,False,0.0,False,103842.32360968,False,False,0.0,False
1790006891.4069338,1838.944,runtime,9.984000205993652,2505,250.80127687665555,0,0.0,0,0.0,0.0,True,good,当前QC指标正常。,99642.91843285253,False,False,0.0,False,103293.64976554835,False,False,0.0,False
1790006893.4229336,1840.944,runtime,10.0,2505,250.4,0,0.0,0,0.0,0.0,True,good,当前QC指标正常。,99158.0659123641,False,False,0.0,False,102793.64741042494,False,False,0.0,False
1790006895.4229336,1842.944,runtime,9.984999895095825,2510,251.2769180130193,0,0.0,0,0.0,0.0,True,good,当前QC指标正常。,98705.07369574237,False,False,0.0,False,102322.12880111378,False,False,0.0,False
1790006897.4379337,1844.964,runtime,9.983999967575073,2510,251.30208414948433,0,0.0,0,0.0,0.0,True,good,当前QC指标正常。,98270.97204807748,False,False,0.0,False,101873.4498176823,False,False,0.0,False
1790006899.4229336,1846.944,runtime,10.0,2505,250.4,0,0.0,0,0.0,0.0,True,good,当前QC指标正常。,97832.2428855083,False,False,0.0,False,101425.5387424103,False,False,0.0,False
1790006901.4229336,1848.944,runtime,9.984999895095825,2500,250.2754157491173,0,0.0,0,0.0,0.0,True,good,当前QC指标正常。,97431.43660435232,False,False,0.0,False,101011.16856085745,False,False,0.0,False
1790006903.4379337,1850.964,runtime,9.983999967575073,2505,250.80128286580663,0,0.0,0,0.0,0.0,True,good,当前QC指标正常。,97015.32694788586,False,False,0.0,False,100581.15225055961,False,False,0.0,False
1790006905.4539337,1852.944,runtime,10.0,2495,249.4,0,0.0,0,0.0,0.0,True,good,当前QC指标正常。,96596.518993206,False,False,0.0,False,100150.7030824352,False,False,0.0,False
1790006907.4699337,1854.924,runtime,9.967999935150146,2490,249.69903854263103,0,0.0,0,0.0,0.0,True,good,当前QC指标正常。,96182.50053698178,False,False,0.0,False,99723.02543792772,False,False,0.0,False
1790006909.4699337,1856.984,runtime,9.985000133514404,2500,250.27540977312245,0,0.0,0,0.0,0.0,True,good,当前QC指标正常。,95782.74611416779,False,False,0.0,False,99313.33312593747,False,False,0.0,False
1790006911.4849336,1858.944,runtime,10.0,2490,248.9,0,0.0,0,0.0,0.0,True,good,当前QC指标正常。,95399.67848647703,False,False,0.0,False,98916.73029370118,False,False,0.0,False
1790006913.4849336,1861.004,runtime,9.983999967575073,2500,250.3004815821289,0,0.0,0,0.0,0.0,True,good,当前QC指标正常。,95058.60852017357,False,False,0.0,False,98568.01026509464,False,False,0.0,False
1790006915.5169337,1862.964,runtime,9.905999898910522,2485,250.7571194577939,0,0.0,0,0.0,0.0,True,good,当前QC指标正常。,94773.1976300092,False,False,0.0,False,98271.13999853113,False,False,0.0,False
1790006917.5169337,1865.024,runtime,10.0,2505,250.4,0,0.0,0,0.0,0.0,True,good,当前QC指标正常。,94495.24489837987,False,False,0.0,False,97982.73533306124,False,False,0.0,False
1790006919.5169337,1867.044,runtime,9.984999895095825,2510,251.2769180130193,0,0.0,0,0.0,0.0,True,good,当前QC指标正常。,94200.50623712488,False,False,0.0,False,97681.58114002511,False,False,0.0,False
1790006921.5319338,1869.064,runtime,10.0,2505,250.4,0,0.0,0,0.0,0.0,True,good,当前QC指标正常。,93912.40020813482,False,False,0.0,False,97386.6820905746,False,False,0.0,False
1790006923.5169337,1871.024,runtime,10.0,2500,249.9,0,0.0,0,0.0,0.0,True,good,当前QC指标正常。,93593.62265348292,False,False,0.0,False,97060.00533937966,False,False,0.0,False
1790006925.5169337,1873.044,runtime,9.984999895095825,2520,252.27842027692134,0,0.0,0,0.0,0.0,True,good,当前QC指标正常。,93263.79500829837,False,False,0.0,False,96723.09928037557,False,False,0.0,False
1790006927.5319338,1875.024,runtime,10.0,2495,249.4,0,0.0,0,0.0,0.0,True,good,当前QC指标正常。,92892.29335486276,False,False,0.0,False,96342.20290018905,False,False,0.0,False
1790006929.5319338,1877.004,runtime,9.937000036239624,2490,250.47801055879754,0,0.0,0,0.0,0.0,True,good,当前QC指标正常。,92656.46649743797,False,False,0.0,False,96098.54351442392,False,False,0.0,False
1790006931.5169337,1879.044,runtime,9.984999895095825,2505,250.7761668810683,0,0.0,0,0.0,0.0,True,good,当前QC指标正常。,92436.58469681565,False,False,0.0,False,95872.56476138023,False,False,0.0,False
1790006933.5319338,1881.044,runtime,10.0,2500,249.9,0,0.0,0,0.0,0.0,True,good,当前QC指标正常。,92193.32065795892,False,False,0.0,False,95618.4561187062,False,False,0.0,False
1790006935.5169337,1883.024,runtime,10.0,2500,249.9,0,0.0,0,0.0,0.0,True,good,当前QC指标正常。,91955.96537333755,False,False,0.0,False,95375.5676801236,False,False,0.0,False
1790006937.5169337,1885.044,runtime,9.984999895095825,2510,251.2769180130193,0,0.0,0,0.0,0.0,True,good,当前QC指标正常。,91738.35401157285,False,False,0.0,False,95155.7812639716,False,False,0.0,False
1790006939.5319338,1887.064,runtime,10.0,2515,251.4,0,0.0,0,0.0,0.0,True,good,当前QC指标正常。,91408.4703280087,False,False,0.0,False,94814.36423124433,False,False,0.0,False
1790006941.5169337,1889.024,runtime,10.0,2500,249.9,0,0.0,0,0.0,0.0,True,good,当前QC指标正常。,91066.54679093295,False,False,0.0,False,94463.9503069376,False,False,0.0,False
1790006943.5169337,1891.044,runtime,9.984999895095825,2505,250.7761668810683,0,0.0,0,0.0,0.0,True,good,当前QC指标正常。,90697.17287500078,False,False,0.0,False,94078.2043490235,False,False,0.0,False
1790006945.5319338,1893.064,runtime,10.0,2505,250.4,0,0.0,0,0.0,0.0,True,good,当前QC指标正常。,90312.067184762,False,False,0.0,False,93674.91976947196,False,False,0.0,False
1790006947.5319338,1895.024,runtime,9.937000036239624,2495,250.98118052777863,0,0.0,0,0.0,0.0,True,good,当前QC指标正常。,89900.03992347769,False,False,0.0,False,93244.90300044426,False,False,0.0,False
1790006949.5479336,1897.044,runtime,9.984999895095825,2495,249.77466461716625,0,0.0,0,0.0,0.0,True,good,当前QC指标正常。,89491.88055461811,False,False,0.0,False,92823.7440133959,False,False,0.0,False
1790006951.5629337,1899.084,runtime,10.0,2505,250.4,0,0.0,0,0.0,0.0,True,good,当前QC指标正常。,89091.25355798405,False,False,0.0,False,92405.83250786192,False,False,0.0,False
1790006953.5629337,1901.084,runtime,9.983999967575073,2500,250.3004815821289,0,0.0,0,0.0,0.0,True,good,当前QC指标正常。,88749.5554850602,False,False,0.0,False,92051.28612010024,False,False,0.0,False
1790006955.5789337,1903.104,runtime,9.983999967575073,2505,250.80128286580663,0,0.0,0,0.0,0.0,True,good,当前QC指标正常。,88440.74771676409,False,False,0.0,False,91730.45380937125,False,False,0.0,False
1790006957.5949337,1905.084,runtime,9.967999935150146,2495,250.20064368233096,0,0.0,0,0.0,0.0,True,good,当前QC指标正常。,88175.83942416262,False,False,0.0,False,91456.5150255719,False,False,0.0,False
1790006959.5949337,1907.104,runtime,9.95300006866455,2505,251.5824357204064,0,0.0,0,0.0,0.0,True,good,当前QC指标正常。,87912.14987100357,False,False,0.0,False,91185.16767740785,False,False,0.0,False
1790006961.5949337,1909.104,runtime,9.95300006866455,2505,251.5824357204064,0,0.0,0,0.0,0.0,True,good,当前QC指标正常。,87650.15158220573,False,False,0.0,False,90917.3907787702,False,False,0.0,False
1790006963.5949337,1911.104,runtime,10.0,2500,249.9,0,0.0,0,0.0,0.0,True,good,当前QC指标正常。,87925.21903995579,False,False,0.0,False,91199.61813506942,False,False,0.0,False
1790006965.5949337,1913.104,runtime,9.969000101089478,2500,250.6770964649597,0,0.0,0,0.0,0.0,True,good,当前QC指标正常。,96161.47157259229,False,False,0.0,False,99673.20921565642,False,False,0.0,False
1790006967.6099336,1915.124,runtime,9.983999967575073,2500,250.3004815821289,0,0.0,0,0.0,0.0,True,good,当前QC指标正常。,102639.03830162744,False,False,0.0,False,106364.67257159537,False,False,0.0,False
1790006969.6259336,1917.124,runtime,9.968999862670898,2500,250.6771024601526,0,0.0,0,0.0,0.0,True,good,当前QC指标正常。,106866.82953855238,False,False,0.0,False,110774.2125663203,False,False,0.0,False
1790006971.6259336,1919.124,runtime,9.983999967575073,2495,249.79968029845116,0,0.0,0,0.0,0.0,True,good,当前QC指标正常。,109579.66548593578,False,False,0.0,False,113614.41945850478,False,False,0.0,False
1790006973.6419337,1921.164,runtime,9.984999895095825,2505,250.7761668810683,0,0.0,0,0.0,0.0,True,good,当前QC指标正常。,110867.45399650285,False,False,0.0,False,114955.29695474498,False,False,0.0,False
1790006975.6419337,1923.144,runtime,9.968999862670898,2495,250.17554763330156,0,0.0,0,0.0,0.0,True,good,当前QC指标正常。,105066.61951920339,False,False,0.0,False,108993.377756528,False,False,0.0,False
1790006977.6569338,1925.164,runtime,9.95300006866455,2500,251.08007462671551,0,0.0,0,0.0,0.0,True,good,当前QC指标正常。,100380.80049558911,False,False,0.0,False,104200.4857842722,False,False,0.0,False
1790006979.6419337,1927.164,runtime,10.0,2500,249.9,0,0.0,0,0.0,0.0,True,good,当前QC指标正常。,96803.54489828962,False,False,0.0,False,100548.76078814353,False,False,0.0,False
1790006981.6569338,1929.164,runtime,9.969000101089478,2500,250.6770964649597,0,0.0,0,0.0,0.0,True,good,当前QC指标正常。,94007.98405117341,False,False,0.0,False,97696.54077002095,False,False,0.0,False
1790006983.6569338,1931.164,runtime,9.92199993133545,2500,251.8645451818349,0,0.0,0,0.0,0.0,True,good,当前QC指标正常。,91614.83419037878,False,False,0.0,False,95286.87295170054,False,False,0.0,False
1790006985.6729336,1933.184,runtime,10.0,2500,249.9,0,0.0,0,0.0,0.0,True,good,当前QC指标正常。,89152.94291826982,False,False,0.0,False,92841.71990309664,False,False,0.0,False
1790006987.6879337,1935.204,runtime,9.984999895095825,2505,250.7761668810683,0,0.0,0,0.0,0.0,True,good,当前QC指标正常。,87173.4032988427,False,False,0.0,False,90891.79030549199,False,False,0.0,False
1790006989.6879337,1937.204,runtime,9.983999967575073,2500,250.3004815821289,0,0.0,0,0.0,0.0,True,good,当前QC指标正常。,86476.66398694109,False,False,0.0,False,90231.36805172902,False,False,0.0,False
1790006991.6879337,1939.184,runtime,9.937999963760376,2495,250.95592766095277,0,0.0,0,0.0,0.0,True,good,当前QC指标正常。,86394.61554331654,False,False,0.0,False,90106.32100137402,False,False,0.0,False
1790006993.7039337,1941.184,runtime,9.937000036239624,2490,250.47801055879754,0,0.0,0,0.0,0.0,True,good,当前QC指标正常。,86204.22033927905,False,False,0.0,False,89907.51509050204,False,False,0.0,False
1790006995.7199337,1943.244,runtime,9.985000133514404,2505,250.7761608931167,0,0.0,0,0.0,0.0,True,good,当前QC指标正常。,85988.0265208274,False,False,0.0,False,89675.63392575546,False,False,0.0,False
1790006997.7199337,1945.224,runtime,9.983999967575073,2497,250.00000081192223,0,0.0,0,0.0,0.0,True,good,当前QC指标正常。,85509.58918728337,False,False,0.0,False,89168.50421015818,False,False,0.0,False
1790006999.7349336,1947.264,runtime,9.983999967575073,2505,250.80128286580663,0,0.0,0,0.0,0.0,True,good,当前QC指标正常。,84193.46417031743,False,False,0.0,False,87810.89189034273,False,False,0.0,False
1790007001.7509336,1949.284,runtime,9.983999967575073,2505,250.80128286580663,0,0.0,0,0.0,0.0,True,good,当前QC指标正常。,82737.19279435615,False,False,0.0,False,86379.06148003647,False,False,0.0,False
1790007003.7669337,1951.264,runtime,10.0,2505,250.4,0,0.0,0,0.0,0.0,True,good,当前QC指标正常。,81680.29264446947,False,False,0.0,False,85333.19122115112,False,False,0.0,False
1790007005.7669337,1953.304,runtime,9.984999895095825,2515,251.7776691449703,0,0.0,0,0.0,0.0,True,good,当前QC指标正常。,80731.0914838519,False,False,0.0,False,84376.49607142777,False,False,0.0,False
1790007007.7819338,1955.304,runtime,9.984000205993652,2505,250.80127687665555,0,0.0,0,0.0,0.0,True,good,当前QC指标正常。,79902.8682249492,False,False,0.0,False,83542.0974418552,False,False,0.0,False
1790007009.7669337,1957.304,runtime,10.0,2505,250.4,0,0.0,0,0.0,0.0,True,good,当前QC指标正常。,79197.36243802647,False,False,0.0,False,82840.05805418231,False,False,0.0,False
1790007011.7669337,1959.304,runtime,9.984999895095825,2505,250.7761668810683,0,0.0,0,0.0,0.0,True,good,当前QC指标正常。,78543.62059945181,False,False,0.0,False,82183.5816001318,False,False,0.0,False
1790007013.7819338,1961.284,runtime,9.984000205993652,2495,249.79967433321843,0,0.0,0,0.0,0.0,True,good,当前QC指标正常。,78052.94791229856,False,False,0.0,False,81693.44078109684,False,False,0.0,False
1790007015.7819338,1963.264,runtime,9.937000036239624,2490,250.47801055879754,0,0.0,0,0.0,0.0,True,good,当前QC指标正常。,77545.41438492954,False,False,0.0,False,81163.36049900965,False,False,0.0,False
1790007017.7669337,1965.304,runtime,9.984999895095825,2505,250.7761668810683,0,0.0,0,0.0,0.0,True,good,当前QC指标正常。,77019.88709627558,False,False,0.0,False,80616.4247958834,False,False,0.0,False
1790007019.7819338,1967.304,runtime,9.984000205993652,2500,250.300475604937,0,0.0,0,0.0,0.0,True,good,当前QC指标正常。,76451.04460803723,False,False,0.0,False,80028.06407886063,False,False,0.0,False
1790007021.7669337,1969.284,runtime,10.0,2500,249.9,0,0.0,0,0.0,0.0,True,good,当前QC指标正常。,75975.28745012931,False,False,0.0,False,79538.29467567515,False,False,0.0,False
1790007023.7669337,1971.3,runtime,9.984999895095825,2509,251.17676778662909,0,0.0,0,0.0,0.0,True,good,当前QC指标正常。,75404.95791751932,False,False,0.0,False,78948.47485757987,False,False,0.0,False
1790007025.7819338,1973.3,runtime,9.984000205993652,2509,251.2019178940304,0,0.0,0,0.0,0.0,True,good,当前QC指标正常。,74788.5835569581,False,False,0.0,False,78313.7982390661,False,False,0.0,False
1790007027.7669337,1975.28,runtime,10.0,2499,249.8,0,0.0,0,0.0,0.0,True,good,当前QC指标正常。,74380.72533614238,False,False,0.0,False,77895.4331111887,False,False,0.0,False
1790007029.7669337,1977.3,runtime,9.984999895095825,2504,250.67601665467808,0,0.0,0,0.0,0.0,True,good,当前QC指标正常。,74067.1847420676,False,False,0.0,False,77577.60910991025,False,False,0.0,False
1790007031.7819338,1979.3,runtime,10.0,2499,249.8,0,0.0,0,0.0,0.0,True,good,当前QC指标正常。,73818.22110682103,False,False,0.004,False,77325.06613423911,False,False,0.0,False
1790007033.7819338,1981.26,runtime,9.937000036239624,2490,250.47801055879754,0,0.0,0,0.0,0.0,True,good,当前QC指标正常。,73616.51751637293,False,False,0.004,False,77124.56781545388,False,False,0.0,False
1790007035.7979336,1983.28,runtime,9.92199993133545,2490,250.85668385657746,0,0.0,0,0.0,0.0,True,good,当前QC指标正常。,73468.55278357441,False,False,0.004,False,76968.58233960325,False,False,0.0,False
1790007037.8129337,1985.34,runtime,10.0,2505,250.4,0,0.0,0,0.0,0.0,True,good,当前QC指标正常。,73217.09156934702,False,False,0.004,False,76710.91320059924,False,False,0.0,False
1790007039.7979336,1987.32,runtime,10.0,2505,250.4,0,0.0,0,0.0,0.0,True,good,当前QC指标正常。,72933.50752404986,False,False,0.004,False,76422.21357318267,False,False,0.0,False
1790007041.7979336,1989.32,runtime,10.0,2501,250.0,0,0.0,0,0.0,0.0,True,good,当前QC指标正常。,72593.90875310844,False,False,0.0,False,76063.49784670162,False,False,0.0,False
1790007043.8129337,1991.34,runtime,10.0,2505,250.4,0,0.0,0,0.0,0.0,True,good,当前QC指标正常。,72255.08631341628,False,False,0.0,False,75698.30633176288,False,False,0.0,False
1790007045.7979336,1993.32,runtime,10.0,2510,250.9,0,0.0,0,0.0,0.0,True,good,当前QC指标正常。,81613.9424411533,False,False,0.0,False,85105.89999121727,False,False,0.0,False
1790007047.7979336,1995.32,runtime,9.984999895095825,2500,250.2754157491173,0,0.0,0,0.0,0.0,True,good,当前QC指标正常。,109820.58359682222,False,False,0.0,False,113706.30287775594,False,False,0.0,False
1790007049.8129337,1997.34,runtime,9.983999967575073,2505,250.80128286580663,0,0.0,0,0.0,0.0,True,good,当前QC指标正常。,130633.46704177785,False,False,0.0,False,134578.39470028985,False,False,0.0,False
1790007051.7979336,1999.32,runtime,10.0,2505,250.4,0,0.0,0,0.0,0.0,True,good,当前QC指标正常。,146361.5760715916,False,False,0.0,False,150609.5652686558,False,False,0.0,False
1790007053.7979336,2001.3,runtime,9.984999895095825,2495,249.77466461716625,0,0.0,0,0.0,0.0,True,good,当前QC指标正常。,213885.77933153854,False,False,0.0,False,220121.64049585865,False,False,0.0,False
1790007055.8129337,2003.3,runtime,10.0,2495,249.4,0,0.0,0,0.0,0.0,True,good,当前QC指标正常。,242451.774314292,False,False,0.0,False,249081.26172563664,False,False,0.0,False
1790007057.7979336,2005.32,runtime,10.0,2505,250.4,0,0.0,0,0.0,0.0,True,good,当前QC指标正常。,255547.66198444745,False,False,0.0,False,262133.74518650174,False,False,0.0,False
1790007059.7979336,2007.32,runtime,9.984999895095825,2500,250.2754157491173,0,0.0,0,0.0,0.0,True,good,当前QC指标正常。,266363.3846251503,False,False,0.0,False,273459.2219577136,False,False,0.0,False
1790007061.8129337,2009.34,runtime,10.0,2505,250.4,0,0.0,0,0.0,0.0,True,good,当前QC指标正常。,276146.5790016969,False,False,0.0,False,283755.74847582984,False,False,0.0,False
1790007063.7979336,2011.32,runtime,10.0,2510,250.9,0,0.0,0,0.0,0.0,True,good,当前QC指标正常。,253271.8826663295,False,False,0.0,False,259851.5727991472,False,False,0.0,False
1790007065.7979336,2013.32,runtime,9.984999895095825,2510,251.2769180130193,0,0.0,0,0.0,0.0,True,good,当前QC指标正常。,245229.68246307512,False,False,0.0,False,251480.0262437493,False,False,0.0,False
1790007067.8129337,2015.34,runtime,9.983999967575073,2505,250.80128286580663,0,0.0,0,0.0,0.0,True,good,当前QC指标正常。,240474.850544997,False,False,0.0,False,246640.9079742232,False,False,0.0,False
1790007069.7979336,2017.32,runtime,10.0,2505,250.4,0,0.0,0,0.0,0.0,True,good,当前QC指标正常。,236839.188861006,False,False,0.0,False,242922.61246657427,False,False,0.0,False
1790007071.7979336,2019.32,runtime,9.984999895095825,2500,250.2754157491173,0,0.0,0,0.0,0.0,True,good,当前QC指标正常。,234435.32573088523,False,False,0.0,False,240440.369760922,False,False,0.0,False
1790007073.8129337,2021.3,runtime,9.983999967575073,2495,249.79968029845116,0,0.0,0,0.0,0.0,True,good,当前QC指标正常。,231647.57814384744,False,False,0.0,False,237564.2004419121,False,False,0.0,False
1790007075.8129337,2023.3,runtime,9.953999996185303,2495,250.5525417878021,0,0.0,0,0.0,0.0,True,good,当前QC指标正常。,227750.2629603352,False,False,0.0,False,233553.57501215182,False,False,0.0,False
1790007077.7979336,2025.3,runtime,9.953999996185303,2495,250.5525417878021,0,0.0,0,0.0,0.0,True,good,当前QC指标正常。,245662.66819375072,False,False,0.0,False,251712.21989423822,False,False,0.0,False
1790007079.8129337,2027.34,runtime,9.983999967575073,2505,250.80128286580663,0,0.0,0,0.0,0.0,True,good,当前QC指标正常。,281869.8375249339,False,False,0.0,False,288725.4439074679,False,False,0.0,False
1790007081.7979336,2029.32,runtime,10.0,2505,250.4,0,0.0,0,0.0,0.0,True,good,当前QC指标正常。,297066.4128325588,False,False,0.0,False,306349.02410234057,False,False,0.0,False
1790007083.7979336,2031.32,runtime,9.984999895095825,2510,251.2769180130193,0,0.0,0,0.0,0.0,True,good,当前QC指标正常。,300918.2461652788,False,False,0.0,False,311706.4740128686,False,False,0.0,False
1790007085.7979336,2033.32,runtime,9.968999862670898,2505,251.17865728700363,0,0.0,0,0.0,0.0,True,good,当前QC指标正常。,300830.59133959137,False,False,0.0,False,309227.6475134224,False,False,0.0,False
1790007087.7979336,2035.32,runtime,9.984999895095825,2505,250.7761668810683,0,0.0,0,0.0,0.0,True,good,当前QC指标正常。,287835.3109743538,False,False,0.0,False,291023.6653150469,False,False,0.0,False
1790007089.7979336,2037.32,runtime,9.984999895095825,2500,250.2754157491173,0,0.0,0,0.0,0.0,True,good,当前QC指标正常。,267722.79886163503,False,False,0.0,False,270665.9167815185,False,False,0.0,False
1790007091.8129337,2039.34,runtime,9.983999967575073,2505,250.80128286580663,0,0.0,0,0.0,0.0,True,good,当前QC指标正常。,255279.50181083288,False,False,0.0,False,259667.53743235036,False,False,0.0,False
1790007093.8289337,2041.32,runtime,10.0,2495,249.4,0,0.0,0,0.0,0.0,True,good,当前QC指标正常。,247972.6024438651,False,False,0.0,False,252625.54323717314,False,False,0.0,False
1790007095.8289337,2043.3,runtime,9.92199993133545,2490,250.85668385657746,0,0.0,0,0.0,0.0,True,good,当前QC指标正常。,243265.67443421946,False,False,0.0,False,247918.1343667367,False,False,0.0,False
1790007097.8289337,2045.34,runtime,9.983999967575073,2505,250.80128286580663,0,0.0,0,0.0,0.0,True,good,当前QC指标正常。,239563.31223044652,False,False,0.0,False,244202.62321620007,False,False,0.0,False
1790007099.8289337,2047.36,runtime,10.0,2505,250.4,0,0.0,0,0.0,0.0,True,good,当前QC指标正常。,236080.81423101912,False,False,0.0,False,240875.64845402923,False,False,0.0,False
1790007101.8289337,2049.36,runtime,9.983999967575073,2505,250.80128286580663,0,0.0,0,0.0,0.0,True,good,当前QC指标正常。,233482.07186460771,False,False,0.0,False,238329.97453094026,False,False,0.0,False
1790007103.8449337,2051.34,runtime,10.0,2495,249.4,0,0.0,0,0.0,0.0,True,good,当前QC指标正常。,231424.28040593688,False,False,0.0,False,236300.7842470546,False,False,0.0,False
1790007105.8449337,2053.36,runtime,9.983999967575073,2511,251.4022444062199,0,0.0,0,0.0,0.0,True,good,当前QC指标正常。,229851.49280682224,False,False,0.0,False,234734.0436436221,False,False,0.0,False
1790007107.8599336,2055.36,runtime,9.92199993133545,2495,251.36061451920617,0,0.0,0,0.0,0.0,True,good,当前QC指标正常。,228419.37308765028,False,False,0.0,False,233398.53053945064,False,False,0.0,False
1790007109.8759336,2057.4,runtime,10.0,2505,250.4,0,0.0,0,0.0,0.0,True,good,当前QC指标正常。,227139.23036306782,False,False,0.0,False,232242.19460312754,False,False,0.0,False
1790007111.8759336,2059.38,runtime,9.983999967575073,2495,249.79968029845116,0,0.0,0,0.0,0.0,True,good,当前QC指标正常。,225694.70686215378,False,False,0.0,False,230895.9509359166,False,False,0.0,False
1790007113.8919337,2061.42,runtime,9.984999895095825,2505,250.7761668810683,0,0.0,0,0.0,0.0,True,good,当前QC指标正常。,224319.59763574303,False,False,0.0,False,229616.91236309527,False,False,0.0,False
1790007115.9069338,2063.42,runtime,10.0,2500,249.9,0,0.0,0,0.0,0.0,True,good,当前QC指标正常。,222680.23910108465,False,False,0.0,False,228057.184929447,False,False,0.0,False
1790007117.9069338,2065.4,runtime,9.984000205993652,2495,249.79967433321843,0,0.0,0,0.0,0.0,True,good,当前QC指标正常。,221537.068876925,False,False,0.0,False,226979.98889348155,False,False,0.0,False
1790007119.9229336,2067.44,runtime,9.984999895095825,2500,250.2754157491173,0,0.0,0,0.0,0.0,True,good,当前QC指标正常。,224866.8839435231,False,False,0.0,False,229115.12784888086,False,False,0.0,False
1790007121.9379337,2069.46,runtime,10.0,2505,250.4,0,0.0,0,0.0,0.0,True,good,当前QC指标正常。,230707.28799611423,False,False,0.0,False,232260.71881010104,False,False,0.0,False
1790007123.9379337,2071.44,runtime,9.95300006866455,2495,250.5777135330246,0,0.0,0,0.0,0.0,True,good,当前QC指标正常。,236234.8845392821,False,False,0.0,False,236293.58225152103,False,False,0.0,False
1790007125.9539337,2073.48,runtime,10.0,2505,250.4,0,0.0,0,0.0,0.0,True,good,当前QC指标正常。,239433.5164588661,False,False,0.0,False,239586.4533761914,False,False,0.0,False
1790007127.9539337,2075.46,runtime,9.967999935150146,2505,251.20385396173086,0,0.0,0,0.0,0.0,True,good,当前QC指标正常。,238799.83654817668,False,False,0.0,False,241860.3765290934,False,False,0.0,False
1790007129.9699337,2077.48,runtime,9.95300006866455,2505,251.5824357204064,0,0.0,0,0.0,0.0,True,good,当前QC指标正常。,236898.4156732405,False,False,0.0,False,241362.80284482983,False,False,0.0,False
1790007131.9849336,2079.5,runtime,10.0,2500,249.9,0,0.0,0,0.0,0.0,True,good,当前QC指标正常。,234953.3512442956,False,False,0.0,False,239510.29775052538,False,False,0.0,False
1790007133.9699337,2081.48,runtime,10.0,2500,249.9,0,0.0,0,0.0,0.0,True,good,当前QC指标正常。,232006.95234356986,False,False,0.0,False,236731.3176408793,False,False,0.0,False
1790007135.9699337,2083.5,runtime,9.985000133514404,2505,250.7761608931167,0,0.0,0,0.0,0.0,True,good,当前QC指标正常。,229472.32721933845,False,False,0.0,False,234087.99002921482,False,False,0.0,False
1790007137.9849336,2085.48,runtime,10.0,2495,249.4,0,0.0,0,0.0,0.0,True,good,当前QC指标正常。,226975.7986818167,False,False,0.0,False,231662.13769535237,False,False,0.0,False
1790007139.9849336,2087.46,runtime,9.95300006866455,2495,250.5777135330246,0,0.0,0,0.0,0.0,True,good,当前QC指标正常。,224595.67298285404,False,False,0.0,False,229368.07253517653,False,False,0.0,False
1790007141.9699337,2089.5,runtime,9.985000133514404,2505,250.7761608931167,0,0.0,0,0.0,0.0,True,good,当前QC指标正常。,221863.21737851456,False,False,0.0,False,226651.69944808376,False,False,0.0,False
1790007143.9849336,2091.5,runtime,10.0,2500,249.9,0,0.0,0,0.0,0.0,True,good,当前QC指标正常。,219067.2409425691,False,False,0.0,False,223946.0139722636,False,False,0.0,False
1790007145.9699337,2093.48,runtime,10.0,2500,249.9,0,0.0,0,0.0,0.0,True,good,当前QC指标正常。,216554.64004042212,False,False,0.0,False,221453.07558695585,False,False,0.0,False
1790007147.9699337,2095.5,runtime,9.985000133514404,2510,251.27691201311094,0,0.0,0,0.0,0.0,True,good,当前QC指标正常。,213871.21209084825,False,False,0.0,False,218947.1941063786,False,False,0.0,False
1790007149.9849336,2097.5,runtime,9.983999967575073,2510,251.30208414948433,0,0.0,0,0.0,0.0,True,good,当前QC指标正常。,211244.62391791784,False,False,0.0,False,216473.8472116229,False,False,0.0,False
1790007151.9699337,2099.48,runtime,10.0,2500,249.9,0,0.0,0,0.0,0.0,True,good,当前QC指标正常。,209315.6860098822,False,False,0.0,False,214521.21480051626,False,False,0.0,False
1790007153.9699337,2101.5,runtime,9.985000133514404,2505,250.7761608931167,0,0.0,0,0.0,0.0,True,good,当前QC指标正常。,207671.64882328175,False,False,0.0,False,212801.2693331195,False,False,0.0,False
1790007155.9849336,2103.5,runtime,9.983999967575073,2500,250.3004815821289,0,0.0,0,0.0,0.0,True,good,当前QC指标正常。,206287.67418356315,False,False,0.0,False,211410.62077930817,False,False,0.0,False
1790007157.9849336,2105.46,runtime,9.937000036239624,2490,250.47801055879754,0,0.0,0,0.0,0.0,True,good,当前QC指标正常。,205024.9490962354,False,False,0.0,False,210281.70224998,False,False,0.0,False
1790007160.0009336,2107.5,runtime,9.983999967575073,2495,249.79968029845116,0,0.0,0,0.0,0.0,True,good,当前QC指标正常。,203958.70011907892,False,False,0.0,False,209340.7203035819,False,False,0.0,False
1790007162.0169337,2109.54,runtime,10.0,2505,250.4,0,0.0,0,0.0,0.0,True,good,当前QC指标正常。,203260.94972629636,False,False,0.0,False,208684.24073764172,False,False,0.0,False
1790007164.0169337,2111.52,runtime,9.968999862670898,2495,250.17554763330156,0,0.0,0,0.0,0.0,True,good,当前QC指标正常。,205818.55992392465,False,False,0.0,False,211426.39308021092,False,False,0.0,False
1790007166.0319338,2113.56,runtime,9.984000205993652,2505,250.80127687665555,0,0.0,0,0.0,0.0,True,good,当前QC指标正常。,213638.12980871357,False,False,0.0,False,213900.1636457844,False,False,0.0,False
1790007168.0479336,2115.56,runtime,10.0,2500,249.9,0,0.0,0,0.0,0.0,True,good,当前QC指标正常。,341178.57355731574,False,False,0.0,False,287555.3861065609,False,False,0.0,False
1790007170.0479336,2117.56,runtime,9.969000101089478,2505,251.17865127981557,0,0.0,0,0.0,0.0,True,good,当前QC指标正常。,348459.0117250963,False,False,0.0,False,303377.16854528117,False,False,0.0,False
1790007172.0629337,2119.58,runtime,9.983999967575073,2510,251.30208414948433,0,0.0,0,0.0,0.0,True,good,当前QC指标正常。,342542.5099187116,False,False,0.0,False,312339.7764165866,False,False,0.0,False
1790007174.0789337,2121.6,runtime,10.0,2505,250.4,0,0.0,0,0.0,0.0,True,good,当前QC指标正常。,334836.9950671413,False,False,0.0,False,315336.2000756866,False,False,0.0,False
1790007176.0789337,2123.58,runtime,9.952999830245972,2505,251.58244174692385,0,0.0,0,0.0,0.0,True,good,当前QC指标正常。,335191.5979449843,False,False,0.0,False,317659.35865751095,False,False,0.0,False
1790007178.0949337,2125.62,runtime,9.985000133514404,2505,250.7761608931167,0,0.0,0,0.0,0.0,True,good,当前QC指标正常。,232154.29673801168,False,False,0.0,False,229294.81158223157,False,False,0.0,False
1790007180.0949337,2127.6,runtime,9.969000101089478,2495,250.17554165010384,0,0.0,0,0.0,0.0,True,good,当前QC指标正常。,203252.7104759791,False,False,0.0,False,207382.01658601745,False,False,0.0,False
1790007182.1099336,2129.62,runtime,9.95300006866455,2500,251.08007462671551,0,0.0,0,0.0,0.0,True,good,当前QC指标正常。,194332.03178191432,False,False,0.0,False,199323.28871626666,False,False,0.0,False
1790007184.1419337,2131.62,runtime,9.95300006866455,2494,250.47724131428643,0,0.0,0,0.0,0.0,True,good,当前QC指标正常。,186839.7384593573,False,False,0.0,False,190384.5406490998,False,False,0.0,False
1790007186.1419337,2133.66,runtime,10.0,2505,250.4,0,0.0,0,0.0,0.0,True,good,当前QC指标正常。,177904.1276815633,False,False,0.0,False,180894.4789540608,False,False,0.0,False
1790007188.1419337,2135.66,runtime,9.984999895095825,2510,251.2769180130193,0,0.0,0,0.0,0.0,True,good,当前QC指标正常。,168436.11617061196,False,False,0.0,False,171307.7889726778,False,False,0.0,False
1790007190.1569338,2137.66,runtime,10.0,2500,249.9,0,0.0,0,0.0,0.0,True,good,当前QC指标正常。,159158.23681109163,False,False,0.0,False,161332.72661708508,False,False,0.0,False
1790007192.1569338,2139.66,runtime,9.969000101089478,2510,251.68020609467143,0,0.0,0,0.0,0.0,True,good,当前QC指标正常。,168337.6113065636,False,False,0.0,False,160235.91711672297,False,False,0.0,False
1790007194.1419337,2141.66,runtime,9.984999895095825,2510,251.2769180130193,0,0.0,0,0.0,0.0,True,good,当前QC指标正常。,187227.48203361267,False,False,0.0,False,165636.4170121216,False,False,0.0,False
1790007196.1569338,2143.68,runtime,10.0,2505,250.4,0,0.0,0,0.0,0.0,True,good,当前QC指标正常。,193281.4625612433,False,False,0.0,False,163997.3689466415,False,False,0.0,False
1790007198.1419337,2145.66,runtime,10.0,2505,250.4,0,0.0,0,0.0,0.0,True,good,当前QC指标正常。,188786.28700318857,False,False,0.0,False,163185.5351544848,False,False,0.0,False
1790007200.1419337,2147.656,runtime,9.984999895095825,2504,250.67601665467808,0,0.0,0,0.0,0.0,True,good,当前QC指标正常。,164026.90865384816,False,False,0.0,False,161743.40096884486,False,False,0.0,False
1790007202.1419337,2149.636,runtime,9.967999935150146,2499,250.60192779409093,0,0.0,0,0.0,0.0,True,good,当前QC指标正常。,147955.37844662645,False,False,0.0,False,153413.31506610426,False,False,0.0,False
1790007204.1419337,2151.636,runtime,9.967999935150146,2499,250.60192779409093,0,0.0,0,0.0,0.0,True,good,当前QC指标正常。,135320.9458100625,False,False,0.0,False,140709.22941727002,False,False,0.0,False
1790007206.1419337,2153.656,runtime,9.984999895095825,2499,250.17526552272707,0,0.0,0,0.0,0.0,True,good,当前QC指标正常。,133716.7634241137,False,False,0.0,False,139495.74832336357,False,False,0.0,False
1790007208.1569338,2155.676,runtime,10.0,2504,250.3,0,0.0,0,0.0,0.0,True,good,当前QC指标正常。,131798.21654900492,False,False,0.0,False,136597.67114584488,False,False,0.0,False
1790007210.1419337,2157.656,runtime,10.0,2505,250.4,0,0.0,0,0.0,0.0,True,good,当前QC指标正常。,129714.52864085947,False,False,0.0,False,133683.46371122956,False,False,0.0,False
1790007212.1419337,2159.656,runtime,9.984999895095825,2505,250.7761668810683,0,0.0,0,0.0,0.0,True,good,当前QC指标正常。,128414.18184681308,False,False,0.0,False,132192.2659394404,False,False,0.0,False
1790007214.1569338,2161.676,runtime,10.0,2510,250.9,0,0.0,0,0.0,0.0,True,good,当前QC指标正常。,127378.77590602133,False,False,0.0,False,131077.47408881312,False,False,0.0,False
1790007216.1419337,2163.656,runtime,10.0,2505,250.4,0,0.0,0,0.0,0.0,True,good,当前QC指标正常。,124922.20917559479,False,False,0.0,False,128486.49202828837,False,False,0.0,False
1790007218.1419337,2165.656,runtime,9.984999895095825,2500,250.2754157491173,0,0.0,0,0.0,0.0,True,good,当前QC指标正常。,122961.59900536263,False,False,0.0,False,126422.12306323029,False,False,0.0,False
1790007220.1569338,2167.676,runtime,10.0,2505,250.4,0,0.0,0,0.0,0.0,True,good,当前QC指标正常。,121292.67891029772,False,False,0.0,False,124656.68057715295,False,False,0.0,False
1790007222.1569338,2169.636,runtime,9.952999830245972,2495,250.57771953547447,0,0.0,0,0.0,0.0,True,good,当前QC指标正常。,119884.77742166749,False,False,0.0,False,123189.9581130306,False,False,0.0,False
1790007224.1729336,2171.656,runtime,9.984999895095825,2495,249.77466461716625,0,0.0,0,0.0,0.0,True,good,当前QC指标正常。,118579.76986150816,False,False,0.0,False,121853.59809748908,False,False,0.0,False
1790007226.1879337,2173.696,runtime,10.0,2500,249.9,0,0.0,0,0.0,0.0,True,good,当前QC指标正常。,117383.81162269719,False,False,0.0,False,120627.63505042811,False,False,0.0,False
1790007228.1729336,2175.696,runtime,10.0,2505,250.4,0,0.0,0,0.0,0.0,True,good,当前QC指标正常。,116310.30881967486,False,False,0.0,False,119530.52784305597,False,False,0.0,False
1790007230.1729336,2177.696,runtime,9.984999895095825,2505,250.7761668810683,0,0.0,0,0.0,0.0,True,good,当前QC指标正常。,114276.87666100921,False,False,0.0,False,117460.18508293026,False,False,0.0,False
1790007232.1879337,2179.696,runtime,9.983999967575073,2500,250.3004815821289,0,0.0,0,0.0,0.0,True,good,当前QC指标正常。,113598.31966409589,False,False,0.0,False,116909.25337368945,False,False,0.0,False
1790007234.1729336,2181.676,runtime,10.0,2510,250.9,0,0.0,0,0.0,0.0,True,good,当前QC指标正常。,115702.61178374899,False,False,0.0,False,117611.97656791075,False,False,0.0,False
1790007236.1729336,2183.696,runtime,9.984999895095825,2505,250.7761668810683,0,0.0,0,0.0,0.0,True,good,当前QC指标正常。,121629.4488340398,False,False,0.0,False,117607.00832112653,False,False,0.0,False
1790007238.1879337,2185.696,runtime,10.0,2500,249.9,0,0.0,0,0.0,0.0,True,good,当前QC指标正常。,131077.51368197598,False,False,0.0,False,117408.55308318151,False,False,0.0,False
1790007240.1729336,2187.656,runtime,10.0,2495,249.4,0,0.0,0,0.0,0.0,True,good,当前QC指标正常。,135719.66819105914,False,False,0.0,False,118153.18103036,False,False,0.0,False
1790007242.1729336,2189.676,runtime,9.984999895095825,2500,250.2754157491173,0,0.0,0,0.0,0.0,True,good,当前QC指标正常。,130468.25883638978,False,False,0.0,False,117675.45951580761,False,False,0.0,False
1790007244.1879337,2191.676,runtime,10.0,2495,249.4,0,0.0,0,0.0,0.0,True,good,当前QC指标正常。,121597.36740348017,False,False,0.0,False,116172.21159585223,False,False,0.0,False
1790007246.1729336,2193.696,runtime,10.0,2505,250.4,0,0.0,0,0.0,0.0,True,good,当前QC指标正常。,127186.49317343405,False,False,0.0,False,115654.04494338257,False,False,0.0,False
1790007248.1729336,2195.696,runtime,9.984999895095825,2505,250.7761668810683,0,0.0,0,0.0,0.0,True,good,当前QC指标正常。,136212.34504777714,False,False,0.0,False,115385.16107954497,False,False,0.0,False
1790007250.1879337,2197.676,runtime,9.969000101089478,2495,250.17554165010384,0,0.0,0,0.0,0.0,True,good,当前QC指标正常。,139009.27075639318,False,False,0.0,False,115061.45935034529,False,False,0.0,False
1790007252.1729336,2199.696,runtime,10.0,2510,250.9,0,0.0,0,0.0,0.0,True,good,当前QC指标正常。,132265.49276567093,False,False,0.0,False,114587.88074692374,False,False,0.0,False
1790007254.1729336,2201.696,runtime,9.984999895095825,2510,251.2769180130193,0,0.0,0,0.0,0.0,True,good,当前QC指标正常。,116784.42734776999,False,False,0.0,False,114230.96278986998,False,False,0.0,False
1790007256.1879337,2203.7,runtime,9.983999967575073,2501,250.40064183886443,0,0.0,0,0.0,0.0,True,good,当前QC指标正常。,111469.03772408469,False,False,0.0,False,114421.54101956316,False,False,0.0,False
1790007258.1729336,2205.676,runtime,10.0,2500,249.9,0,0.0,0,0.0,0.0,True,good,当前QC指标正常。,110725.60333176487,False,False,0.0,False,113679.56648938434,False,False,0.0,False
1790007260.1729336,2207.696,runtime,9.984999895095825,2505,250.7761668810683,0,0.0,0,0.0,0.0,True,good,当前QC指标正常。,111227.29308930533,False,False,0.0,False,112636.5401272852,False,False,0.0,False
1790007262.1879337,2209.716,runtime,10.0,2505,250.4,0,0.0,0,0.0,0.0,True,good,当前QC指标正常。,111562.00408129512,False,False,0.0,False,111523.73149118281,False,False,0.0,False
1790007264.2039337,2211.676,runtime,9.983999967575073,2495,249.79968029845116,0,0.0,0,0.0,0.0,True,good,当前QC指标正常。,111248.84194766034,False,False,0.0,False,110646.62091967152,False,False,0.0,False
1790007266.2039337,2213.716,runtime,9.983999967575073,2500,250.3004815821289,0,0.0,0,0.0,0.0,True,good,当前QC指标正常。,109935.29063924635,False,False,0.0,False,109628.73601877887,False,False,0.0,False
1790007268.2199337,2215.736,runtime,10.0,2505,250.4,0,0.0,0,0.0,0.0,True,good,当前QC指标正常。,108506.8297211002,False,False,0.0,False,108774.96755802109,False,False,0.0,False
1790007270.2199337,2217.716,runtime,9.969000101089478,2495,250.17554165010384,0,0.0,0,0.0,0.0,True,good,当前QC指标正常。,108042.74134861225,False,False,0.0,False,107984.08152179557,False,False,0.0,False
1790007272.2199337,2219.736,runtime,10.0,2505,250.4,0,0.0,0,0.0,0.0,True,good,当前QC指标正常。,110458.13537886577,False,False,0.0,False,106746.46463212205,False,False,0.0,False
1790007274.2199337,2221.736,runtime,9.969000101089478,2500,250.6770964649597,0,0.0,0,0.0,0.0,True,good,当前QC指标正常。,120189.65239581984,False,False,0.0,False,104674.36396984765,False,False,0.0,False
1790007276.2199337,2223.736,runtime,10.0,2505,250.4,0,0.0,0,0.0,0.0,True,good,当前QC指标正常。,124595.79316215642,False,False,0.0,False,102576.38603771491,False,False,0.0,False
1790007278.2349336,2225.756,runtime,9.983999967575073,2505,250.80128286580663,0,0.0,0,0.0,0.0,True,good,当前QC指标正常。,123322.7565893668,False,False,0.0,False,102358.6683234717,False,False,0.0,False
1790007280.2509336,2227.756,runtime,10.0,2500,249.9,0,0.0,0,0.0,0.0,True,good,当前QC指标正常。,111255.12274457401,False,False,0.0,False,102303.51784504006,False,False,0.0,False
1790007282.2509336,2229.776,runtime,9.983999967575073,2505,250.80128286580663,0,0.0,0,0.0,0.0,True,good,当前QC指标正常。,100351.92192801299,False,False,0.0,False,102699.86875438802,False,False,0.0,False
1790007284.2669337,2231.756,runtime,9.984999895095825,2495,249.77466461716625,0,0.0,0,0.0,0.0,True,good,当前QC指标正常。,102335.11455794703,False,False,0.0,False,104005.59149854706,False,False,0.0,False
1790007286.2669337,2233.736,runtime,9.937999963760376,2490,250.45280831921067,0,0.0,0,0.0,0.0,True,good,当前QC指标正常。,105077.69107454031,False,False,0.0,False,105394.81534021304,False,False,0.0,False
1790007288.2819338,2235.816,runtime,9.984000205993652,2510,251.3020781483741,0,0.0,0,0.0,0.0,True,good,当前QC指标正常。,105071.51344650044,False,False,0.0,False,104875.3371141433,False,False,0.0,False
1790007290.2979336,2237.816,runtime,9.984999895095825,2505,250.7761668810683,0,0.0,0,0.0,0.0,True,good,当前QC指标正常。,103496.66028462237,False,False,0.0,False,104392.81390487506,False,False,0.0,False
1790007292.2979336,2239.796,runtime,9.969000101089478,2495,250.17554165010384,0,0.0,0,0.0,0.0,True,good,当前QC指标正常。,102892.11310510496,False,False,0.0,False,103846.71966688408,False,False,0.0,False
1790007294.3129337,2241.816,runtime,9.95300006866455,2500,251.08007462671551,0,0.0,0,0.0,0.0,True,good,当前QC指标正常。,102531.87362602628,False,False,0.0,False,103487.51307800716,False,False,0.0,False
1790007296.2979336,2243.816,runtime,9.952999830245972,2500,251.08008064119915,0,0.0,0,0.0,0.0,True,good,当前QC指标正常。,104391.54268197445,False,False,0.0,False,101019.23258800452,False,False,0.0,False
1790007298.2979336,2245.816,runtime,9.937000036239624,2500,251.48435049675976,0,0.0,0,0.0,0.0,True,good,当前QC指标正常。,108038.2057166945,False,False,0.0,False,100116.79251447452,False,False,0.0,False
1790007300.3129337,2247.836,runtime,9.983999967575073,2505,250.80128286580663,0,0.0,0,0.0,0.0,True,good,当前QC指标正常。,125921.42834999514,False,False,0.0,False,118288.58943738861,False,False,0.0,False
1790007302.3289337,2249.856,runtime,10.0,2505,250.4,0,0.0,0,0.0,0.0,True,good,当前QC指标正常。,143011.38808140182,False,False,0.0,False,131142.9442955959,False,False,0.0,False
1790007304.3289337,2251.836,runtime,9.983999967575073,2504,250.70112260907106,0,0.0,0,0.0,0.0,True,good,当前QC指标正常。,158753.43642292861,False,False,0.0,False,142259.0559909793,False,False,0.0,False
1790007306.3449337,2253.836,runtime,9.985000133514404,2500,250.27540977312245,0,0.0,0,0.0,0.0,True,good,当前QC指标正常。,170050.16885847185,False,False,0.0,False,153893.1696305401,False,False,0.0,False
1790007308.3449337,2255.836,runtime,9.952999830245972,2500,251.08008064119915,0,0.0,0,0.0,0.0,True,good,当前QC指标正常。,169600.0888375093,False,False,0.0,False,163386.88453681432,False,False,0.0,False
1790007310.3449337,2257.856,runtime,10.0,2500,249.9,0,0.0,0,0.0,0.0,True,good,当前QC指标正常。,168420.88556807715,False,False,0.0,False,160806.4821562748,False,False,0.0,False
1790007312.3449337,2259.876,runtime,9.985000133514404,2505,250.7761608931167,0,0.0,0,0.0,0.0,True,good,当前QC指标正常。,178927.21395641772,False,False,0.0,False,160849.3350620225,False,False,0.0,False
1790007314.3449337,2261.856,runtime,9.983999967575073,2505,250.80128286580663,0,0.0,0,0.0,0.0,True,good,当前QC指标正常。,182936.2457411397,False,False,0.0,False,161267.29737128693,False,False,0.0,False
1790007316.3449337,2263.856,runtime,10.0,2510,250.9,0,0.0,0,0.0,0.0,True,good,当前QC指标正常。,177988.65110895346,False,False,0.0,False,161737.84026600426,False,False,0.0,False
1790007318.3449337,2265.876,runtime,9.985000133514404,2510,251.27691201311094,0,0.0,0,0.0,0.0,True,good,当前QC指标正常。,161179.65296125098,False,False,0.0,False,162270.4804330731,False,False,0.0,False
1790007320.3599336,2267.876,runtime,10.0,2500,249.9,0,0.0,0,0.0,0.0,True,good,当前QC指标正常。,157797.64490458902,False,False,0.0,False,161990.6206852124,False,False,0.0,False
1790007322.3449337,2269.876,runtime,10.0,2505,250.4,0,0.0,0,0.0,0.0,True,good,当前QC指标正常。,157049.03776353883,False,False,0.0,False,161160.7734389349,False,False,0.0,False
1790007324.3449337,2271.876,runtime,9.985000133514404,2505,250.7761608931167,0,0.0,0,0.0,0.0,True,good,当前QC指标正常。,156000.6678851437,False,False,0.0,False,160008.10848136307,False,False,0.0,False
1790007326.3599336,2273.856,runtime,10.0,2495,249.4,0,0.0,0,0.0,0.0,True,good,当前QC指标正常。,155161.796452003,False,False,0.0,False,158970.38459522996,False,False,0.0,False
1790007328.3599336,2275.836,runtime,9.937000036239624,2490,250.47801055879754,0,0.0,0,0.0,0.0,True,good,当前QC指标正常。,154255.6749095648,False,False,0.0,False,157892.63720394686,False,False,0.0,False
1790007330.3449337,2277.876,runtime,9.985000133514404,2505,250.7761608931167,0,0.0,0,0.0,0.0,True,good,当前QC指标正常。,153303.8746918224,False,False,0.0,False,156926.05074944746,False,False,0.0,False
1790007332.3599336,2279.896,runtime,10.0,2505,250.4,0,0.0,0,0.0,0.0,True,good,当前QC指标正常。,152658.28933949326,False,False,0.0,False,156307.68934501157,False,False,0.0,False
1790007334.3449337,2281.876,runtime,10.0,2505,250.4,0,0.0,0,0.0,0.0,True,good,当前QC指标正常。,152085.12886529553,False,False,0.0,False,155868.8901414223,False,False,0.0,False
1790007336.3449337,2283.876,runtime,9.985000133514404,2510,251.27691201311094,0,0.0,0,0.0,0.0,True,good,当前QC指标正常。,152246.1312074808,False,False,0.0,False,155805.06739484722,False,False,0.0,False
1790007338.3599336,2285.896,runtime,10.0,2515,251.4,0,0.0,0,0.0,0.0,True,good,当前QC指标正常。,154463.90397508343,False,False,0.0,False,156930.87230056606,False,False,0.0,False
1790007340.3449337,2287.856,runtime,10.0,2500,249.9,0,0.0,0,0.0,0.0,True,good,当前QC指标正常。,156151.41145315758,False,False,0.0,False,157955.37249872906,False,False,0.0,False
1790007342.3449337,2289.876,runtime,9.985000133514404,2505,250.7761608931167,0,0.0,0,0.0,0.0,True,good,当前QC指标正常。,159658.90589077433,False,False,0.0,False,161238.06143257266,False,False,0.0,False
1790007344.3599336,2291.896,runtime,10.0,2505,250.4,0,0.0,0,0.0,0.0,True,good,当前QC指标正常。,161334.4326241887,False,False,0.0,False,164066.2480467545,False,False,0.0,False
1790007346.3599336,2293.836,runtime,9.937000036239624,2490,250.47801055879754,0,0.0,0,0.0,0.0,True,good,当前QC指标正常。,161748.89016431407,False,False,0.0,False,165689.77602934212,False,False,0.0,False
1790007348.3599336,2295.856,runtime,9.969000101089478,2500,250.6770964649597,0,0.0,0,0.0,0.0,True,good,当前QC指标正常。,161584.06781696583,False,False,0.0,False,165564.7677472631,False,False,0.0,False
1790007350.3919337,2297.916,runtime,10.0,2505,250.4,0,0.0,0,0.0,0.0,True,good,当前QC指标正常。,161110.2839801132,False,False,0.0,False,165206.49086725747,False,False,0.0,False
1790007352.3919337,2299.896,runtime,9.968999862670898,2495,250.17554763330156,0,0.0,0,0.0,0.0,True,good,当前QC指标正常。,158384.8787301002,False,False,0.0,False,162403.0897149335,False,False,0.0,False
1790007354.4069338,2301.936,runtime,9.984000205993652,2505,250.80127687665555,0,0.0,0,0.0,0.0,True,good,当前QC指标正常。,156115.91409128503,False,False,0.0,False,160064.27006036608,False,False,0.0,False
1790007356.3919337,2303.916,runtime,10.0,2505,250.4,0,0.0,0,0.0,0.0,True,good,当前QC指标正常。,154523.0425215961,False,False,0.0,False,158373.24447729546,False,False,0.0,False
1790007358.3919337,2305.916,runtime,9.953999996185303,2500,251.0548524168875,0,0.0,0,0.0,0.0,True,good,当前QC指标正常。,153844.76451780827,False,False,0.0,False,157670.585445421,False,False,0.0,False
1790007360.4069338,2307.936,runtime,9.95300006866455,2505,251.5824357204064,0,0.0,0,0.0,0.0,True,good,当前QC指标正常。,157124.66102791953,False,False,0.0,False,161200.01145519537,False,False,0.0,False
1790007362.3919337,2309.916,runtime,9.984999895095825,2505,250.7761668810683,0,0.0,0,0.0,0.0,True,good,当前QC指标正常。,157512.14055696077,False,False,0.0,False,161640.22025276415,False,False,0.0,False
1790007364.3919337,2311.896,runtime,9.968999862670898,2495,250.17554763330156,0,0.0,0,0.0,0.0,True,good,当前QC指标正常。,157528.86428541833,False,False,0.0,False,161749.0687494182,False,False,0.0,False
1790007366.4069338,2313.936,runtime,9.984000205993652,2505,250.80127687665555,0,0.0,0,0.0,0.0,True,good,当前QC指标正常。,157172.06384385822,False,False,0.0,False,161740.8993597985,False,False,0.0,False
1790007368.3919337,2315.856,runtime,10.0,2490,248.9,0,0.0,0,0.0,0.0,True,good,当前QC指标正常。,156034.67081282136,False,False,0.0,False,161248.75227099546,False,False,0.0,False
1790007370.4069338,2317.936,runtime,10.0,2505,250.4,0,0.0,0,0.0,0.0,True,good,当前QC指标正常。,149113.57227046887,False,False,0.0,False,154837.88554565658,False,False,0.0,False
1790007372.4379337,2319.976,runtime,9.983999967575073,2505,250.80128286580663,0,0.0,0,0.0,0.0,True,good,当前QC指标正常。,139579.55332450688,False,False,0.0,False,145140.1166860806,False,False,0.0,False
1790007374.4229336,2321.932,runtime,10.0,2499,249.8,0,0.0,0,0.0,0.0,True,good,当前QC指标正常。,138836.11294792575,False,False,0.0,False,144582.61488553692,False,False,0.0,False
1790007376.4229336,2323.932,runtime,9.969000101089478,2499,250.57678550198852,0,0.0,0,0.0,0.0,True,good,当前QC指标正常。,138977.82679360526,False,False,0.0,False,144952.20190995975,False,False,0.0,False
1790007378.4379337,2325.932,runtime,9.95300006866455,2504,251.48196350166825,0,0.0,0,0.0,0.0,True,good,当前QC指标正常。,139121.90413494175,False,False,0.0,False,145327.95047180343,False,False,0.0,False
1790007380.4539337,2327.972,runtime,10.0,2509,250.8,0,0.0,0,0.0,0.0,True,good,当前QC指标正常。,141028.94220320764,False,False,0.0,False,147373.78829222935,False,False,0.0,False
1790007382.4539337,2329.972,runtime,9.983999967575073,2499,250.20032132539333,0,0.0,0,0.0,0.0,True,good,当前QC指标正常。,149125.6584428756,False,False,0.0,False,155755.63790929533,False,False,0.0,False
1790007384.4699337,2331.992,runtime,9.985000133514404,2505,250.7761608931167,0,0.0,0,0.0,0.0,True,good,当前QC指标正常。,148864.00775523068,False,False,0.0,False,155417.02182436953,False,False,0.0,False
1790007386.4849336,2334.012,runtime,10.0,2505,250.4,0,0.0,0,0.0,0.0,True,good,当前QC指标正常。,148085.42435295865,False,False,0.0,False,154560.50925839625,False,False,0.0,False
1790007388.4849336,2336.012,runtime,9.983999967575073,2505,250.80128286580663,0,0.0,0,0.0,0.0,True,good,当前QC指标正常。,147511.65785527896,False,False,0.0,False,153941.99122466252,False,False,0.0,False
1790007390.5169337,2337.992,runtime,9.937999963760376,2490,250.45280831921067,0,0.0,0,0.0,0.0,True,good,当前QC指标正常。,147068.12458744616,False,False,0.0,False,153464.41987457627,False,False,0.0,False
1790007392.5169337,2340.012,runtime,9.967999935150146,2500,250.70224882203092,0,0.0,0,0.0,0.0,True,good,当前QC指标正常。,146569.6321297207,False,False,0.0,False,152936.76117561458,False,False,0.0,False
1790007394.5169337,2342.032,runtime,9.984999895095825,2500,250.2754157491173,0,0.0,0,0.0,0.0,True,good,当前QC指标正常。,146194.0244522269,False,False,0.0,False,152536.79866484692,False,False,0.0,False
1790007396.5319338,2344.052,runtime,10.0,2505,250.4,0,0.0,0,0.0,0.0,True,good,当前QC指标正常。,145764.7447034821,False,False,0.0,False,152080.74235620696,False,False,0.0,False
1790007398.5319338,2346.032,runtime,9.95300006866455,2495,250.5777135330246,0,0.0,0,0.0,0.0,True,good,当前QC指标正常。,145414.23716163263,False,False,0.0,False,151706.31042115993,False,False,0.0,False
1790007400.5169337,2348.012,runtime,9.952999830245972,2505,251.58244174692385,0,0.0,0,0.0,0.0,True,good,当前QC指标正常。,145025.91263112592,False,False,0.0,False,151298.00105619244,False,False,0.0,False
1790007402.5319338,2350.052,runtime,10.0,2510,250.9,0,0.0,0,0.0,0.0,True,good,当前QC指标正常。,144674.84795075015,False,False,0.0,False,150923.50586504032,False,False,0.0,False
1790007404.5319338,2352.052,runtime,10.0,2505,250.4,0,0.0,0,0.0,0.0,True,good,当前QC指标正常。,144290.73509864666,False,False,0.0,False,150520.84588294735,False,False,0.0,False
1790007406.5479336,2354.072,runtime,9.984999895095825,2505,250.7761668810683,0,0.0,0,0.0,0.0,True,good,当前QC指标正常。,143968.97768618396,False,False,0.0,False,150181.2626228545,False,False,0.0,False
1790007408.5629337,2356.072,runtime,10.0,2500,249.9,0,0.0,0,0.0,0.0,True,good,当前QC指标正常。,143637.6747768619,False,False,0.0,False,149832.15108722012,False,False,0.0,False
1790007410.5479336,2358.072,runtime,10.0,2505,250.4,0,0.0,0,0.0,0.0,True,good,当前QC指标正常。,143366.38918609213,False,False,0.0,False,149541.28370282816,False,False,0.0,False
1790007412.5479336,2360.032,runtime,9.984999895095825,2495,249.77466461716625,0,0.0,0,0.0,0.0,True,good,当前QC指标正常。,143040.5486782547,False,False,0.0,False,149198.29235054465,False,False,0.0,False
1790007414.5629337,2362.052,runtime,9.969000101089478,2495,250.17554165010384,0,0.0,0,0.0,0.0,True,good,当前QC指标正常。,142754.05887436942,False,False,0.0,False,148893.4930473122,False,False,0.0,False
1790007416.5949337,2364.072,runtime,9.937999963760376,2490,250.45280831921067,0,0.0,0,0.0,0.0,True,good,当前QC指标正常。,142396.15003836725,False,False,0.0,False,148519.87335343828,False,False,0.0,False
1790007418.6099336,2366.132,runtime,9.983999967575073,2505,250.80128286580663,0,0.0,0,0.0,0.0,True,good,当前QC指标正常。,142650.98836594867,False,False,0.0,False,148756.91812359137,False,False,0.0,False
1790007420.5949337,2368.112,runtime,10.0,2505,250.4,0,0.0,0,0.0,0.0,True,good,当前QC指标正常。,144387.74174797023,False,False,0.0,False,149922.9378249788,False,False,0.0,False
1790007422.5949337,2370.112,runtime,9.985000133514404,2510,251.27691201311094,0,0.0,0,0.0,0.0,True,good,当前QC指标正常。,147177.0820149396,False,False,0.0,False,151860.50881499326,False,False,0.0,False
1790007424.6099336,2372.132,runtime,9.983999967575073,2520,252.3036867168398,0,0.0,0,0.0,0.0,True,good,当前QC指标正常。,148996.5361875189,False,False,0.0,False,153296.45234027112,False,False,0.0,False
1790007426.5949337,2374.112,runtime,10.0,2510,250.9,0,0.0,0,0.0,0.0,True,good,当前QC指标正常。,150337.92506751182,False,False,0.0,False,154591.56641042556,False,False,0.0,False
1790007428.5949337,2376.112,runtime,9.985000133514404,2500,250.27540977312245,0,0.0,0,0.0,0.0,True,good,当前QC指标正常。,150909.91611738197,False,False,0.0,False,155198.03510053648,False,False,0.0,False
1790007430.6099336,2378.132,runtime,9.983999967575073,2505,250.80128286580663,0,0.0,0,0.0,0.0,True,good,当前QC指标正常。,150588.30518234774,False,False,0.0,False,154779.79971793276,False,False,0.0,False
1790007432.6099336,2380.092,runtime,9.95300006866455,2495,250.5777135330246,0,0.0,0,0.0,0.0,True,good,当前QC指标正常。,149559.74302598485,False,False,0.0,False,153620.99684649025,False,False,0.0,False
1790007434.6259336,2382.112,runtime,9.983999967575073,2495,249.79968029845116,0,0.0,0,0.0,0.0,True,good,当前QC指标正常。,151255.08939915046,False,False,0.0,False,154945.73394066517,False,False,0.0,False
1790007436.6419337,2384.152,runtime,9.984999895095825,2500,250.2754157491173,0,0.0,0,0.0,0.0,True,good,当前QC指标正常。,145754.36132844692,False,False,0.0,False,148830.0936703513,False,False,0.0,False
1790007438.6419337,2386.152,runtime,9.968999862670898,2500,250.6771024601526,0,0.0,0,0.0,0.0,True,good,当前QC指标正常。,139675.8934940561,False,False,0.0,False,142374.90878864314,False,False,0.0,False
1790007440.6569338,2388.152,runtime,9.95300006866455,2495,250.5777135330246,0,0.0,0,0.0,0.0,True,good,当前QC指标正常。,133341.492302918,False,False,0.0,False,135192.53483222742,False,False,0.0,False
1790007442.6729336,2390.192,runtime,10.0,2505,250.4,0,0.0,0,0.0,0.0,True,good,当前QC指标正常。,126431.76249665544,False,False,0.0,False,127330.20127412834,False,False,0.0,False
1790007444.6729336,2392.172,runtime,9.969000101089478,2505,251.17865127981557,0,0.0,0,0.0,0.0,True,good,当前QC指标正常。,116680.88533222815,False,False,0.0,False,116353.07018905478,False,False,0.0,False
1790007446.6879337,2394.212,runtime,9.983999967575073,2510,251.30208414948433,0,0.0,0,0.0,0.0,True,good,当前QC指标正常。,115322.17638910186,False,False,0.0,False,114514.32098594288,False,False,0.0,False
1790007448.7039337,2396.212,runtime,10.0,2500,249.9,0,0.0,0,0.0,0.0,True,good,当前QC指标正常。,114453.93182977625,False,False,0.0,False,112937.06057102326,False,False,0.0,False
1790007450.7039337,2398.232,runtime,9.983999967575073,2505,250.80128286580663,0,0.0,0,0.0,0.0,True,good,当前QC指标正常。,113861.77766118375,False,False,0.0,False,112169.48549950545,False,False,0.0,False
1790007452.7199337,2400.232,runtime,9.985000133514404,2500,250.27540977312245,0,0.0,0,0.0,0.0,True,good,当前QC指标正常。,112182.17755726057,False,False,0.0,False,111765.47209980416,False,False,0.0,False
1790007454.7199337,2402.232,runtime,9.969000101089478,2500,250.6770964649597,0,0.0,0,0.0,0.0,True,good,当前QC指标正常。,110966.9806051618,False,False,0.0,False,111358.9253128244,False,False,0.0,False
1790007456.7199337,2404.232,runtime,10.0,2505,250.4,0,0.0,0,0.0,0.0,True,good,当前QC指标正常。,110525.6738466881,False,False,0.0,False,111097.77241992277,False,False,0.0,False
1790007458.7199337,2406.232,runtime,9.985000133514404,2500,250.27540977312245,0,0.0,0,0.0,0.0,True,good,当前QC指标正常。,110133.33846254641,False,False,0.0,False,110904.2152861449,False,False,0.0,False
1790007460.7199337,2408.232,runtime,9.969000101089478,2500,250.6770964649597,0,0.0,0,0.0,0.0,True,good,当前QC指标正常。,109530.97623576674,False,False,0.0,False,110572.42543344593,False,False,0.0,False
1790007462.7349336,2410.252,runtime,9.983999967575073,2500,250.3004815821289,0,0.0,0,0.0,0.0,True,good,当前QC指标正常。,109059.05922809665,False,False,0.0,False,110251.7973980414,False,False,0.0,False
1790007464.7509336,2412.272,runtime,9.983999967575073,2505,250.80128286580663,0,0.0,0,0.0,0.0,True,good,当前QC指标正常。,108636.62456511737,False,False,0.0,False,109803.60894022668,False,False,0.0,False
1790007466.7669337,2414.272,runtime,10.0,2510,250.9,0,0.0,0,0.0,0.0,True,good,当前QC指标正常。,108199.97213066586,False,False,0.0,False,109254.49842395689,False,False,0.0,False
1790007468.7669337,2416.292,runtime,9.984999895095825,2510,251.2769180130193,0,0.0,0,0.0,0.0,True,good,当前QC指标正常。,107731.7408559134,False,False,0.0,False,108852.39718340749,False,False,0.0,False
1790007470.7819338,2418.312,runtime,10.0,2505,250.4,0,0.0,0,0.0,0.0,True,good,当前QC指标正常。,107130.1046642209,False,False,0.0,False,108368.26342212757,False,False,0.0,False
1790007472.7669337,2420.272,runtime,10.0,2500,249.9,0,0.0,0,0.0,0.0,True,good,当前QC指标正常。,106474.2646748648,False,False,0.0,False,107729.26634247851,False,False,0.0,False
1790007474.7669337,2422.292,runtime,9.984999895095825,2505,250.7761668810683,0,0.0,0,0.0,0.0,True,good,当前QC指标正常。,106072.96106081801,False,False,0.0,False,107301.35415899135,False,False,0.0,False
1790007476.7669337,2424.252,runtime,9.95300006866455,2500,251.08007462671551,0,0.0,0,0.0,0.0,True,good,当前QC指标正常。,105962.0448539538,False,False,0.0,False,107214.31413238212,False,False,0.0,False
1790007478.7669337,2426.252,runtime,9.967999935150146,2495,250.20064368233096,0,0.0,0,0.0,0.0,True,good,当前QC指标正常。,105793.88492263835,False,False,0.0,False,107073.10725639937,False,False,0.0,False
1790007480.7669337,2428.272,runtime,9.952999830245972,2500,251.08008064119915,0,0.0,0,0.0,0.0,True,good,当前QC指标正常。,105914.58812607723,False,False,0.0,False,106995.47717755819,False,False,0.0,False
1790007482.7669337,2430.272,runtime,9.983999967575073,2505,250.80128286580663,0,0.0,0,0.0,0.0,True,good,当前QC指标正常。,110679.30060321109,False,False,0.0,False,106922.4698355804,False,False,0.0,False
1790007484.7669337,2432.272,runtime,10.0,2500,249.9,0,0.0,0,0.0,0.0,True,good,当前QC指标正常。,114097.79740738019,False,False,0.0,False,106682.775093337,False,False,0.0,False
1790007486.7669337,2434.272,runtime,9.952999830245972,2505,251.58244174692385,0,0.0,0,0.0,0.0,True,good,当前QC指标正常。,113154.3096940308,False,False,0.0,False,106278.39477803369,False,False,0.0,False
1790007488.7669337,2436.272,runtime,9.95300006866455,2505,251.5824357204064,0,0.0,0,0.0,0.0,True,good,当前QC指标正常。,109098.4255617233,False,False,0.0,False,105839.46904183096,False,False,0.0,False
1790007490.7669337,2438.272,runtime,10.0,2500,249.9,0,0.0,0,0.0,0.0,True,good,当前QC指标正常。,105903.00307948435,False,False,0.0,False,105381.74630079142,False,False,0.0,False
1790007492.7669337,2440.292,runtime,9.984999895095825,2505,250.7761668810683,0,0.0,0,0.0,0.0,True,good,当前QC指标正常。,106360.54879288471,False,False,0.0,False,104930.83067229565,False,False,0.0,False
1790007494.7979336,2442.272,runtime,9.95300006866455,2493,250.37676909554824,0,0.0,0,0.0,0.0,True,good,当前QC指标正常。,105739.9194461796,False,False,0.0,False,104630.27833361748,False,False,0.0,False
1790007496.7979336,2444.312,runtime,10.0,2505,250.4,0,0.0,0,0.0,0.0,True,good,当前QC指标正常。,104358.23942393683,False,False,0.0,False,104218.68475836344,False,False,0.0,False
1790007498.7979336,2446.292,runtime,9.984999895095825,2495,249.77466461716625,0,0.0,0,0.0,0.0,True,good,当前QC指标正常。,103371.94446828717,False,False,0.0,False,103757.89817206524,False,False,0.0,False
1790007500.8129337,2448.312,runtime,9.969000101089478,2500,250.6770964649597,0,0.0,0,0.0,0.0,True,good,当前QC指标正常。,102740.37875965369,False,False,0.0,False,103368.76135730562,False,False,0.0,False
1790007502.7979336,2450.312,runtime,10.0,2505,250.4,0,0.0,0,0.0,0.0,True,good,当前QC指标正常。,102348.27864167743,False,False,0.0,False,103129.75238378564,False,False,0.0,False
1790007504.7979336,2452.312,runtime,9.984999895095825,2510,251.2769180130193,0,0.0,0,0.0,0.0,True,good,当前QC指标正常。,108424.54164994843,False,False,0.0,False,103454.37282679197,False,False,0.0,False
1790007506.8129337,2454.312,runtime,9.969000101089478,2500,250.6770964649597,0,0.0,0,0.0,0.0,True,good,当前QC指标正常。,129079.364744603,False,False,0.0,False,105441.96064583537,False,False,0.0,False
1790007508.7979336,2456.312,runtime,10.0,2510,250.9,0,0.0,0,0.0,0.0,True,good,当前QC指标正常。,136838.46512695364,False,False,0.0,False,107842.36393886406,False,False,0.0,False
1790007510.7979336,2458.312,runtime,9.984999895095825,2500,250.2754157491173,0,0.0,0,0.0,0.0,True,good,当前QC指标正常。,135449.66677749628,False,False,0.0,False,110287.63829771294,False,False,0.0,False
1790007512.7979336,2460.312,runtime,9.984000205993652,2505,250.80127687665555,0,0.0,0,0.0,0.0,True,good,当前QC指标正常。,123185.46107955917,False,False,0.0,False,112401.51124548745,False,False,0.0,False
1790007514.7979336,2462.312,runtime,10.0,2505,250.4,0,0.0,0,0.0,0.0,True,good,当前QC指标正常。,111022.40238012256,False,False,0.0,False,113829.85120091257,False,False,0.0,False
1790007516.7979336,2464.272,runtime,9.937999963760376,2490,250.45280831921067,0,0.0,0,0.0,0.0,True,good,当前QC指标正常。,110817.1322449087,False,False,0.0,False,113678.1399215231,False,False,0.0,False
1790007518.7979336,2466.272,runtime,9.95300006866455,2495,250.5777135330246,0,0.0,0,0.0,0.0,True,good,当前QC指标正常。,109984.68771735829,False,False,0.0,False,112968.32172582988,False,False,0.0,False
1790007520.7979336,2468.292,runtime,9.969000101089478,2500,250.6770964649597,0,0.0,0,0.0,0.0,True,good,当前QC指标正常。,109550.49566451942,False,False,0.0,False,112121.1320398103,False,False,0.0,False
1790007522.7979336,2470.312,runtime,9.984999895095825,2500,250.2754157491173,0,0.0,0,0.0,0.0,True,good,当前QC指标正常。,108722.4199682598,False,False,0.0,False,111391.92020563458,False,False,0.0,False
1790007524.8129337,2472.312,runtime,9.969000101089478,2500,250.6770964649597,0,0.0,0,0.0,0.0,True,good,当前QC指标正常。,107867.05784295323,False,False,0.0,False,110851.5680021651,False,False,0.0,False
1790007526.7979336,2474.312,runtime,10.0,2510,250.9,0,0.0,0,0.0,0.0,True,good,当前QC指标正常。,107164.63915169549,False,False,0.0,False,110558.56416032936,False,False,0.0,False
1790007528.7979336,2476.312,runtime,9.984999895095825,2510,251.2769180130193,0,0.0,0,0.0,0.0,True,good,当前QC指标正常。,106364.43266300963,False,False,0.0,False,110164.64967222654,False,False,0.0,False
1790007530.8129337,2478.312,runtime,9.95300006866455,2505,251.5824357204064,0,0.0,0,0.0,0.0,True,good,当前QC指标正常。,113435.43228550351,False,False,0.0,False,117670.61559651364,False,False,0.0,False
1790007532.7979336,2480.312,runtime,10.0,2505,250.4,0,0.0,0,0.0,0.0,True,good,当前QC指标正常。,136283.81571966017,False,False,0.0,False,141448.38003484512,False,False,0.0,False
1790007534.7979336,2482.332,runtime,9.984999895095825,2505,250.7761668810683,0,0.0,0,0.0,0.0,True,good,当前QC指标正常。,156353.39501018755,False,False,0.0,False,162266.9368282927,False,False,0.0,False
1790007536.8129337,2484.312,runtime,10.0,2500,249.9,0,0.0,0,0.0,0.0,True,good,当前QC指标正常。,173883.92536521784,False,False,0.0,False,180427.80546353836,False,False,0.0,False
1790007538.8289337,2486.312,runtime,10.0,2495,249.4,0,0.0,0,0.0,0.0,True,good,当前QC指标正常。,189899.0719850757,False,False,0.0,False,197209.67479715528,False,False,0.0,False
1790007540.8289337,2488.352,runtime,9.983999967575073,2505,250.80128286580663,0,0.0,0,0.0,0.0,True,good,当前QC指标正常。,200065.28976453093,False,False,0.0,False,208151.74050125098,False,False,0.0,False
1790007542.8449337,2490.352,runtime,10.0,2500,249.9,0,0.0,0,0.0,0.0,True,good,当前QC指标正常。,200868.17483449838,False,False,0.0,False,209051.51078875113,False,False,0.0,False
1790007544.8449337,2492.352,runtime,9.969000101089478,2500,250.6770964649597,0,0.0,0,0.0,0.0,True,good,当前QC指标正常。,203211.05063879676,False,False,0.0,False,211228.09100764332,False,False,0.0,False
1790007546.8599336,2494.372,runtime,9.983999967575073,2500,250.3004815821289,0,0.0,0,0.0,0.0,True,good,当前QC指标正常。,205815.6731114409,False,False,0.0,False,213434.35272689682,False,False,0.0,False
1790007548.8759336,2496.392,runtime,10.0,2510,250.9,0,0.0,0,0.0,0.0,True,good,当前QC指标正常。,217747.9337372623,False,False,0.0,False,219867.58734999818,False,False,0.0,False
1790007550.8759336,2498.388,runtime,9.983999967575073,2509,251.2019238927488,0,0.0,0,0.0,0.0,True,good,当前QC指标正常。,232961.99944414513,False,False,0.0,False,228240.28170785154,False,False,0.0,False
1790007552.8919337,2500.408,runtime,9.984999895095825,2504,250.67601665467808,0,0.0,0,0.0,0.0,True,good,当前QC指标正常。,237730.6606968898,False,False,0.0,False,233633.3846524824,False,False,0.0,False
1790007554.9069338,2502.408,runtime,10.0,2499,249.8,0,0.0,0,0.0,0.0,True,good,当前QC指标正常。,238393.38420356397,False,False,0.0,False,235630.51071892626,False,False,0.0,False
1790007556.9069338,2504.428,runtime,9.984000205993652,2504,250.70111662231184,0,0.0,0,0.0,0.0,True,good,当前QC指标正常。,238344.7240589933,False,False,0.0,False,237307.5417974693,False,False,0.0,False
1790007558.9229336,2506.448,runtime,9.984999895095825,2504,250.67601665467808,0,0.0,0,0.0,0.0,True,good,当前QC指标正常。,239112.19524630706,False,False,0.0,False,234872.98528807017,False,False,0.0,False
1790007560.9229336,2508.428,runtime,9.969000101089478,2500,250.6770964649597,0,0.0,0,0.0,0.0,True,good,当前QC指标正常。,230703.24097421623,False,False,0.0,False,230187.6410492948,False,False,0.0,False
1790007562.9379337,2510.428,runtime,9.95300006866455,2495,250.5777135330246,0,0.0,0,0.0,0.0,True,good,当前QC指标正常。,223299.77502876872,False,False,0.0,False,227010.35941879245,False,False,0.0,False
1790007564.9539337,2512.468,runtime,10.0,2505,250.4,0,0.0,0,0.0,0.0,True,good,当前QC指标正常。,221011.80151828815,False,False,0.0,False,225471.5886988756,False,False,0.0,False
1790007566.9539337,2514.448,runtime,9.967999935150146,2495,250.20064368233096,0,0.0,0,0.0,0.0,True,good,当前QC指标正常。,218165.342483613,False,False,0.0,False,223696.05410290032,False,False,0.0,False
1790007568.9699337,2516.488,runtime,9.985000133514404,2505,250.7761608931167,0,0.0,0,0.0,0.0,True,good,当前QC指标正常。,216405.95737669602,False,False,0.0,False,221981.44397411952,False,False,0.0,False
1790007570.9849336,2518.508,runtime,10.0,2505,250.4,0,0.0,0,0.0,0.0,True,good,当前QC指标正常。,214421.7812137001,False,False,0.0,False,220207.25646360463,False,False,0.0,False
1790007572.9699337,2520.468,runtime,10.0,2510,250.9,0,0.0,0,0.0,0.0,True,good,当前QC指标正常。,212934.14564944495,False,False,0.0,False,218774.55240243307,False,False,0.0,False
1790007574.9699337,2522.468,runtime,9.95300006866455,2500,251.08007462671551,0,0.0,0,0.0,0.0,True,good,当前QC指标正常。,211628.68871908,False,False,0.0,False,217463.62955488198,False,False,0.0,False
1790007576.9699337,2524.468,runtime,9.983999967575073,2501,250.40064183886443,0,0.0,0,0.0,0.0,True,good,当前QC指标正常。,210571.04963238107,False,False,0.0,False,216410.45016981568,False,False,0.0,False
1790007578.9699337,2526.488,runtime,10.0,2505,250.4,0,0.0,0,0.0,0.0,True,good,当前QC指标正常。,209651.0697181328,False,False,0.0,False,215507.93490821338,False,False,0.0,False
1790007580.9699337,2528.468,runtime,9.985000133514404,2500,250.27540977312245,0,0.0,0,0.0,0.0,True,good,当前QC指标正常。,208835.74069903287,False,False,0.0,False,214709.61021608455,False,False,0.0,False
1790007582.9849336,2530.468,runtime,10.0,2495,249.4,0,0.0,0,0.0,0.0,True,good,当前QC指标正常。,207565.80032963646,False,False,0.0,False,213419.42847241575,False,False,0.0,False
1790007584.9699337,2532.468,runtime,10.0,2500,249.9,0,0.0,0,0.0,0.0,True,good,当前QC指标正常。,205691.82364591546,False,False,0.0,False,211478.4470882374,False,False,0.0,False
1790007586.9699337,2534.488,runtime,9.985000133514404,2505,250.7761608931167,0,0.0,0,0.0,0.0,True,good,当前QC指标正常。,204077.00784735932,False,False,0.0,False,209621.19249395002,False,False,0.0,False
1790007588.9849336,2536.488,runtime,10.0,2500,249.9,0,0.0,0,0.0,0.0,True,good,当前QC指标正常。,202405.54318454326,False,False,0.0,False,207631.67441901605,False,False,0.0,False
1790007590.9699337,2538.488,runtime,10.0,2510,250.9,0,0.0,0,0.0,0.0,True,good,当前QC指标正常。,201338.87419224656,False,False,0.0,False,206288.0407837769,False,False,0.0,False
1790007592.9699337,2540.468,runtime,9.985000133514404,2505,250.7761608931167,0,0.0,0,0.0,0.0,True,good,当前QC指标正常。,204158.10752359676,False,False,0.0,False,207572.54869651314,False,False,0.0,False
1790007594.9849336,2542.508,runtime,10.0,2505,250.4,0,0.0,0,0.0,0.0,True,good,当前QC指标正常。,207957.56384931444,False,False,0.0,False,209768.531411667,False,False,0.0,False
1790007596.9699337,2544.448,runtime,10.0,2495,249.4,0,0.0,0,0.0,0.0,True,good,当前QC指标正常。,198322.5161677771,False,False,0.0,False,198131.13459976466,False,False,0.0,False
1790007598.9699337,2546.508,runtime,9.985000133514404,2510,251.27691201311094,0,0.0,0,0.0,0.0,True,good,当前QC指标正常。,201256.949001689,False,False,0.0,False,200456.69843052197,False,False,0.0,False
1790007600.9849336,2548.468,runtime,10.0,2495,249.4,0,0.0,0,0.0,0.0,True,good,当前QC指标正常。,204667.60539157013,False,False,0.0,False,204404.90085994735,False,False,0.0,False
1790007602.9849336,2550.468,runtime,9.95300006866455,2500,251.08007462671551,0,0.0,0,0.0,0.0,True,good,当前QC指标正常。,200173.71097681142,False,False,0.0,False,206125.00337456135,False,False,0.0,False
1790007604.9699337,2552.468,runtime,9.95300006866455,2495,250.5777135330246,0,0.0,0,0.0,0.0,True,good,当前QC指标正常。,201496.61177485497,False,False,0.0,False,207582.36912133952,False,False,0.0,False
1790007606.9699337,2554.488,runtime,9.983999967575073,2515,251.80288543316206,0,0.0,0,0.0,0.0,True,good,当前QC指标正常。,215719.0913105809,False,False,0.0,False,222181.7604254044,False,False,0.0,False
1790007608.9699337,2556.488,runtime,10.0,2505,250.4,0,0.0,0,0.0,0.0,True,good,当前QC指标正常。,217384.33302833195,False,False,0.0,False,223869.72027421638,False,False,0.0,False
1790007610.9699337,2558.468,runtime,9.95300006866455,2505,251.5824357204064,0,0.0,0,0.0,0.0,True,good,当前QC指标正常。,216711.81506214442,False,False,0.0,False,223151.44139075305,False,False,0.0,False
1790007612.9849336,2560.488,runtime,9.969000101089478,2505,251.17865127981557,0,0.0,0,0.0,0.0,True,good,当前QC指标正常。,216092.81358944016,False,False,0.0,False,222495.12975888434,False,False,0.0,False
1790007614.9699337,2562.488,runtime,10.0,2505,250.4,0,0.0,0,0.0,0.0,True,good,当前QC指标正常。,215494.7028392735,False,False,0.0,False,221868.68713144967,False,False,0.0,False
1790007616.9699337,2564.488,runtime,9.985000133514404,2500,250.27540977312245,0,0.0,0,0.0,0.0,True,good,当前QC指标正常。,214830.2482438253,False,False,0.0,False,221155.4698619119,False,False,0.0,False
1790007618.9849336,2566.488,runtime,9.95300006866455,2500,251.08007462671551,0,0.0,0,0.0,0.0,True,good,当前QC指标正常。,214373.43394399187,False,False,0.0,False,220269.05635090248,False,False,0.0,False
1790007620.9849336,2568.468,runtime,9.937000036239624,2490,250.47801055879754,0,0.0,0,0.0,0.0,True,good,当前QC指标正常。,214330.3320091501,False,False,0.0,False,219401.98365710513,False,False,0.0,False
1790007623.0009336,2570.468,runtime,9.921000003814697,2490,250.88196744712843,0,0.0,0,0.0,0.0,True,good,当前QC指标正常。,213610.22576934804,False,False,0.0,False,218683.39683850046,False,False,0.0,False
1790007625.0009336,2572.508,runtime,9.983999967575073,2505,250.80128286580663,0,0.0,0,0.0,0.0,True,good,当前QC指标正常。,212690.33573448565,False,False,0.0,False,217941.15190810646,False,False,0.0,False
1790007627.0169337,2574.548,runtime,9.984999895095825,2505,250.7761668810683,0,0.0,0,0.0,0.0,True,good,当前QC指标正常。,211767.76974451166,False,False,0.0,False,217254.56193194195,False,False,0.0,False
1790007629.0319338,2576.528,runtime,9.95300006866455,2495,250.5777135330246,0,0.0,0,0.0,0.0,True,good,当前QC指标正常。,211520.61871723025,False,False,0.0,False,216353.89629585954,False,False,0.0,False
1790007631.0169337,2578.548,runtime,10.0,2505,250.4,0,0.0,0,0.0,0.0,True,good,当前QC指标正常。,211547.55091200286,False,False,0.0,False,216469.8304668602,False,False,0.0,False
1790007633.0169337,2580.548,runtime,10.0,2520,251.9,0,0.0,0,0.0,0.0,True,good,当前QC指标正常。,211560.9013710242,False,False,0.0,False,216499.33436833258,False,False,0.0,False
1790007635.0319338,2582.548,runtime,9.95300006866455,2500,251.08007462671551,0,0.0,0,0.0,0.0,True,good,当前QC指标正常。,211160.02185751247,False,False,0.0,False,216429.30509440508,False,False,0.0,False
1790007637.0169337,2584.548,runtime,10.0,2505,250.4,0,0.0,0,0.0,0.0,True,good,当前QC指标正常。,210409.67082672488,False,False,0.0,False,216431.4294697809,False,False,0.0,False
1790007639.0169337,2586.528,runtime,9.968999862670898,2500,250.6771024601526,0,0.0,0,0.0,0.0,True,good,当前QC指标正常。,211012.38043465515,False,False,0.0,False,217074.47357871363,False,False,0.0,False
1790007641.0319338,2588.548,runtime,9.984000205993652,2500,250.300475604937,0,0.0,0,0.0,0.0,True,good,当前QC指标正常。,210680.30682833682,False,False,0.0,False,216730.20365315568,False,False,0.0,False
1790007643.0169337,2590.508,runtime,10.0,2495,249.4,0,0.0,0,0.0,0.0,True,good,当前QC指标正常。,210335.3989900438,False,False,0.0,False,216317.35306009112,False,False,0.0,False
1790007645.0169337,2592.528,runtime,9.968999862670898,2505,251.17865728700363,0,0.0,0,0.0,0.0,True,good,当前QC指标正常。,210143.49294437247,False,False,0.0,False,216096.1130838165,False,False,0.0,False
1790007647.0319338,2594.548,runtime,9.984000205993652,2500,250.300475604937,0,0.0,0,0.0,0.0,True,good,当前QC指标正常。,209976.20829368843,False,False,0.0,False,215910.3266037843,False,False,0.0,False
1790007649.0479336,2596.568,runtime,10.0,2505,250.4,0,0.0,0,0.0,0.0,True,good,当前QC指标正常。,209843.1991380414,False,False,0.0,False,215744.88855403522,False,False,0.0,False
1790007651.0479336,2598.568,runtime,9.984999895095825,2500,250.2754157491173,0,0.0,0,0.0,0.0,True,good,当前QC指标正常。,209696.5095718095,False,False,0.0,False,215520.61542819926,False,False,0.0,False
1790007653.0629337,2600.588,runtime,9.983999967575073,2510,251.30208414948433,0,0.0,0,0.0,0.0,True,good,当前QC指标正常。,208803.28676118696,False,False,0.0,False,214564.0956126766,False,False,0.0,False
1790007655.0479336,2602.568,runtime,9.952999830245972,2505,251.58244174692385,0,0.0,0,0.0,0.0,True,good,当前QC指标正常。,194980.2772005012,False,False,0.0,False,200237.82855897103,False,False,0.0,False
1790007657.0479336,2604.548,runtime,9.969000101089478,2500,250.6770964649597,0,0.0,0,0.0,0.0,True,good,当前QC指标正常。,190079.89921962452,False,False,0.0,False,194869.26858664773,False,False,0.0,False
1790007659.0629337,2606.528,runtime,9.92199993133545,2490,250.85668385657746,0,0.0,0,0.0,0.0,True,good,当前QC指标正常。,190025.2710547372,False,False,0.0,False,194410.1778620564,False,False,0.0,False
1790007661.0479336,2608.568,runtime,10.0,2505,250.4,0,0.0,0,0.0,0.0,True,good,当前QC指标正常。,190210.36106408504,False,False,0.0,False,194186.9686096009,False,False,0.0,False
1790007663.0479336,2610.548,runtime,9.969000101089478,2495,250.17554165010384,0,0.0,0,0.0,0.0,True,good,当前QC指标正常。,190514.09371118265,False,False,0.0,False,194645.0923896404,False,False,0.0,False
1790007665.0629337,2612.568,runtime,9.95300006866455,2500,251.08007462671551,0,0.0,0,0.0,0.0,True,good,当前QC指标正常。,204930.9317321428,False,False,0.0,False,209668.1352129354,False,False,0.0,False
1790007667.0789337,2614.588,runtime,10.0,2500,249.9,0,0.0,0,0.0,0.0,True,good,当前QC指标正常。,209802.7669098504,False,False,0.0,False,214694.44287400346,False,False,0.0,False
1790007669.0789337,2616.588,runtime,9.967999935150146,2500,250.70224882203092,0,0.0,0,0.0,0.0,True,good,当前QC指标正常。,209999.30127024185,False,False,0.0,False,214908.78288003107,False,False,0.0,False
1790007671.0949337,2618.628,runtime,9.985000133514404,2505,250.7761608931167,0,0.0,0,0.0,0.0,True,good,当前QC指标正常。,210315.12394719137,False,False,0.0,False,215195.4963660963,False,False,0.0,False
1790007673.1099336,2620.628,runtime,10.0,2505,250.4,0,0.0,0,0.0,0.0,True,good,当前QC指标正常。,210727.12486810586,False,False,0.0,False,215145.33202568203,False,False,0.0,False
1790007675.1099336,2622.628,runtime,9.952999830245972,2500,251.08008064119915,0,0.0,0,0.0,0.0,True,good,当前QC指标正常。,212121.3990237454,False,False,0.0,False,215815.1118918622,False,False,0.0,False
1790007677.1259336,2624.648,runtime,9.968999862670898,2505,251.17865728700363,0,0.0,0,0.0,0.0,True,good,当前QC指标正常。,213142.00013809418,False,False,0.0,False,216419.19518088945,False,False,0.0,False
1790007679.1259336,2626.628,runtime,9.967999935150146,2495,250.20064368233096,0,0.0,0,0.0,0.0,True,good,当前QC指标正常。,213252.66516662712,False,False,0.0,False,216874.72705301392,False,False,0.0,False
1790007681.1419337,2628.648,runtime,9.952999830245972,2500,251.08008064119915,0,0.0,0,0.0,0.0,True,good,当前QC指标正常。,212350.2484920184,False,False,0.0,False,217020.5880678263,False,False,0.0,False
1790007683.1419337,2630.648,runtime,9.983999967575073,2505,250.80128286580663,0,0.0,0,0.0,0.0,True,good,当前QC指标正常。,211868.26186842262,False,False,0.0,False,217310.720666,False,False,0.0,False
1790007685.1569338,2632.628,runtime,9.937000036239624,2490,250.47801055879754,0,0.0,0,0.0,0.0,True,good,当前QC指标正常。,210676.85406821815,False,False,0.0,False,216279.9313572145,False,False,0.0,False
1790007687.1729336,2634.648,runtime,9.92199993133545,2490,250.85668385657746,0,0.0,0,0.0,0.0,True,good,当前QC指标正常。,209818.4995614627,False,False,0.0,False,215392.07535267246,False,False,0.0,False
1790007689.1729336,2636.688,runtime,9.984000205993652,2502,250.5007961136244,0,0.0,0,0.0,0.0,True,good,当前QC指标正常。,209166.7602836213,False,False,0.0,False,214641.90417754193,False,False,0.0,False
1790007691.1729336,2638.688,runtime,9.984000205993652,2505,250.80127687665555,0,0.0,0,0.0,0.0,True,good,当前QC指标正常。,208196.17192359015,False,False,0.0,False,213591.1047221625,False,False,0.0,False
1790007693.1729336,2640.688,runtime,9.984999895095825,2500,250.2754157491173,0,0.0,0,0.0,0.0,True,good,当前QC指标正常。,205825.32063937536,False,False,0.0,False,211205.247409073,False,False,0.0,False
1790007695.1879337,2642.708,runtime,10.0,2505,250.4,0,0.0,0,0.0,0.0,True,good,当前QC指标正常。,206101.57002066655,False,False,0.0,False,211153.2572166506,False,False,0.0,False
1790007697.1729336,2644.688,runtime,10.0,2510,250.9,0,0.0,0,0.0,0.0,True,good,当前QC指标正常。,207287.92604176095,False,False,0.0,False,211946.0869410866,False,False,0.0,False
1790007699.1729336,2646.708,runtime,9.984999895095825,2505,250.7761668810683,0,0.0,0,0.0,0.0,True,good,当前QC指标正常。,208196.85045371047,False,False,0.0,False,212630.96597506822,False,False,0.0,False
1790007701.1879337,2648.708,runtime,10.0,2505,250.4,0,0.0,0,0.0,0.0,True,good,当前QC指标正常。,208957.2001708331,False,False,0.0,False,213415.7827230542,False,False,0.0,False
1790007703.1729336,2650.688,runtime,10.0,2505,250.4,0,0.0,0,0.0,0.0,True,good,当前QC指标正常。,210092.74924052393,False,False,0.0,False,214954.59832742592,False,False,0.0,False
1790007705.1729336,2652.648,runtime,9.937999963760376,2490,250.45280831921067,0,0.0,0,0.0,0.0,True,good,当前QC指标正常。,209036.82117562683,False,False,0.0,False,214029.11091360098,False,False,0.0,False
1790007707.1729336,2654.648,runtime,9.95300006866455,2495,250.5777135330246,0,0.0,0,0.0,0.0,True,good,当前QC指标正常。,206186.73645644367,False,False,0.0,False,211082.26278164762,False,False,0.0,False
1790007709.1729336,2656.688,runtime,10.0,2505,250.4,0,0.0,0,0.0,0.0,True,good,当前QC指标正常。,204850.9659868624,False,False,0.0,False,209756.33875415652,False,False,0.0,False
1790007711.1729336,2658.688,runtime,9.984999895095825,2500,250.2754157491173,0,0.0,0,0.0,0.0,True,good,当前QC指标正常。,203963.55223325378,False,False,0.0,False,208958.69976006725,False,False,0.0,False
1790007713.1879337,2660.708,runtime,10.0,2505,250.4,0,0.0,0,0.0,0.0,True,good,当前QC指标正常。,203755.23953169526,False,False,0.0,False,208728.41853971855,False,False,0.0,False
1790007715.1729336,2662.688,runtime,10.0,2510,250.9,0,0.0,0,0.0,0.0,True,good,当前QC指标正常。,203826.86221282196,False,False,0.0,False,208744.1167072046,False,False,0.0,False
1790007717.1729336,2664.688,runtime,9.984999895095825,2510,251.2769180130193,0,0.0,0,0.0,0.0,True,good,当前QC指标正常。,204905.6373021972,False,False,0.0,False,209884.6008686685,False,False,0.0,False
1790007719.1879337,2666.708,runtime,10.0,2505,250.4,0,0.0,0,0.0,0.0,True,good,当前QC指标正常。,204357.61664688212,False,False,0.0,False,209496.68898652645,False,False,0.0,False
1790007721.1879337,2668.708,runtime,10.0,2505,250.4,0,0.0,0,0.0,0.0,True,good,当前QC指标正常。,203915.74845109638,False,False,0.0,False,209077.8729769002,False,False,0.0,False
1790007723.2039337,2670.728,runtime,9.983999967575073,2505,250.80128286580663,0,0.0,0,0.0,0.0,True,good,当前QC指标正常。,197070.00766053027,False,False,0.0,False,201942.50551757205,False,False,0.0,False
1790007725.2199337,2672.644,runtime,9.905999898910522,2479,250.1514259325335,0,0.0,0,0.0,0.0,True,good,当前QC指标正常。,183027.63694830358,False,False,0.0,False,187390.40792430157,False,False,0.0,False
1790007727.2349336,2674.724,runtime,9.969000101089478,2499,250.57678550198852,0,0.0,0,0.0,0.0,True,good,当前QC指标正常。,171088.76178960185,False,False,0.0,False,171675.14061904492,False,False,0.0,False
1790007729.2349336,2676.724,runtime,9.95300006866455,2494,250.47724131428643,0,0.0,0,0.0,0.0,True,good,当前QC指标正常。,171430.3531577234,False,False,0.0,False,171737.39879162962,False,False,0.0,False
1790007731.2509336,2678.764,runtime,10.0,2504,250.3,0,0.0,0,0.0,0.0,True,good,当前QC指标正常。,172955.2281757415,False,False,0.0,False,172457.2944434131,False,False,0.0,False
1790007733.2509336,2680.764,runtime,10.0,2508,250.7,0,0.0,0,0.0,0.0,True,good,当前QC指标正常。,181490.6297055357,False,False,0.0,False,180812.20563141117,False,False,0.0,False
1790007735.2669337,2682.784,runtime,9.984999895095825,2505,250.7761668810683,0,0.0,0,0.0,0.0,True,good,当前QC指标正常。,195896.54649658973,False,False,0.0,False,195289.53616295828,False,False,0.0,False
1790007737.2669337,2684.764,runtime,9.968999862670898,2495,250.17554763330156,0,0.0,0,0.0,0.0,True,good,当前QC指标正常。,201313.018897195,False,False,0.0,False,205530.04946007187,False,False,0.0,False
1790007739.2819338,2686.764,runtime,9.95300006866455,2495,250.5777135330246,0,0.0,0,0.0,0.0,True,good,当前QC指标正常。,197328.05406335322,False,False,0.0,False,201579.39991974394,False,False,0.0,False
1790007741.2979336,2688.824,runtime,9.968999862670898,2505,251.17865728700363,0,0.0,0,0.0,0.0,True,good,当前QC指标正常。,198252.6019763886,False,False,0.0,False,201120.7035628318,False,False,0.0,False
1790007743.2979336,2690.804,runtime,9.969000101089478,2500,250.6770964649597,0,0.0,0,0.0,0.0,True,good,当前QC指标正常。,198816.10927209514,False,False,0.0,False,200825.0428563231,False,False,0.0,False
1790007745.3129337,2692.804,runtime,9.95300006866455,2495,250.5777135330246,0,0.0,0,0.0,0.0,True,good,当前QC指标正常。,200442.5897604214,False,False,0.0,False,201688.80146679262,False,False,0.0,False
1790007747.2979336,2694.804,runtime,9.984999895095825,2500,250.2754157491173,0,0.0,0,0.0,0.0,True,good,当前QC指标正常。,203081.9370977433,False,False,0.0,False,204168.13622131824,False,False,0.0,False
1790007749.3129337,2696.744,runtime,9.907000064849854,2485,250.73180415262735,0,0.0,0,0.0,0.0,True,good,当前QC指标正常。,204825.04437974677,False,False,0.0,False,207089.25388403158,False,False,0.0,False
1790007751.3289337,2698.804,runtime,9.95300006866455,2495,250.5777135330246,0,0.0,0,0.0,0.0,True,good,当前QC指标正常。,200347.6004136239,False,False,0.0,False,206183.3895273108,False,False,0.0,False
1790007753.3289337,2700.804,runtime,9.969000101089478,2495,250.17554165010384,0,0.0,0,0.0,0.0,True,good,当前QC指标正常。,199042.48148241482,False,False,0.0,False,205047.31189614045,False,False,0.0,False
1790007755.3599336,2702.864,runtime,9.95300006866455,2500,251.08007462671551,0,0.0,0,0.0,0.0,True,good,当前QC指标正常。,197584.27301969536,False,False,0.0,False,203552.44220068172,False,False,0.0,False
1790007757.3449337,2704.864,runtime,9.985000133514404,2505,250.7761608931167,0,0.0,0,0.0,0.0,True,good,当前QC指标正常。,196068.08204968658,False,False,0.0,False,201977.57857601947,False,False,0.0,False
1790007759.3599336,2706.864,runtime,10.0,2500,249.9,0,0.0,0,0.0,0.0,True,good,当前QC指标正常。,197530.57779190378,False,False,0.0,False,203470.51889299398,False,False,0.0,False
1790007761.3599336,2708.884,runtime,9.952999830245972,2505,251.58244174692385,0,0.0,0,0.0,0.0,True,good,当前QC指标正常。,199766.99794095955,False,False,0.0,False,205747.5211314776,False,False,0.0,False
1790007763.3759336,2710.884,runtime,9.95300006866455,2500,251.08007462671551,0,0.0,0,0.0,0.0,True,good,当前QC指标正常。,202837.4904304053,False,False,0.0,False,208903.75273635788,False,False,0.0,False
1790007765.3759336,2712.884,runtime,9.967999935150146,2500,250.70224882203092,0,0.0,0,0.0,0.0,True,good,当前QC指标正常。,206581.4555226585,False,False,0.0,False,212830.22469432047,False,False,0.0,False
1790007767.3919337,2714.884,runtime,9.968999862670898,2495,250.17554763330156,0,0.0,0,0.0,0.0,True,good,当前QC指标正常。,210310.41532322165,False,False,0.0,False,216741.10796812046,False,False,0.0,False
1790007769.4069338,2716.924,runtime,9.984000205993652,2505,250.80127687665555,0,0.0,0,0.0,0.0,True,good,当前QC指标正常。,211505.88378108607,False,False,0.0,False,217914.53516769697,False,False,0.0,False
1790007771.3919337,2718.884,runtime,9.967999935150146,2500,250.70224882203092,0,0.0,0,0.0,0.0,True,good,当前QC指标正常。,210970.97680589012,False,False,0.0,False,217281.36728506902,False,False,0.0,False
1790007773.3919337,2720.884,runtime,9.952999830245972,2495,250.57771953547447,0,0.0,0,0.0,0.0,True,good,当前QC指标正常。,206979.01936325186,False,False,0.0,False,213039.1658431794,False,False,0.0,False
1790007775.4069338,2722.904,runtime,9.95300006866455,2500,251.08007462671551,0,0.0,0,0.0,0.0,True,good,当前QC指标正常。,195635.20648824563,False,False,0.0,False,201355.57231540154,False,False,0.0,False
1790007777.3919337,2724.904,runtime,9.984999895095825,2505,250.7761668810683,0,0.0,0,0.0,0.0,True,good,当前QC指标正常。,181048.50112422957,False,False,0.0,False,186510.33456092,False,False,0.0,False
1790007779.3919337,2726.924,runtime,9.984999895095825,2505,250.7761668810683,0,0.0,0,0.0,0.0,True,good,当前QC指标正常。,180719.00347358463,False,False,0.0,False,186294.43793933693,False,False,0.0,False
1790007781.3919337,2728.904,runtime,9.95300006866455,2505,251.5824357204064,0,0.0,0,0.0,0.0,True,good,当前QC指标正常。,173880.808206951,False,False,0.0,False,178958.83989872495,False,False,0.0,False
1790007783.3919337,2730.904,runtime,9.969000101089478,2505,251.17865127981557,0,0.0,0,0.0,0.0,True,good,当前QC指标正常。,230479.10457406545,False,False,0.0,False,244898.04618616035,False,False,0.0,False
1790007785.3919337,2732.904,runtime,9.984999895095825,2500,250.2754157491173,0,0.0,0,0.0,0.0,True,good,当前QC指标正常。,292552.17071831896,False,False,0.0,False,320829.87313729385,False,False,0.0,False
1790007787.4069338,2734.904,runtime,9.95300006866455,2500,251.08007462671551,0,0.0,0,0.0,0.0,True,good,当前QC指标正常。,333465.44821567566,False,False,0.0,False,359253.95752279315,False,False,0.0,False
1790007789.3919337,2736.904,runtime,10.0,2505,250.4,0,0.0,0,0.0,0.0,True,good,当前QC指标正常。,353277.47025048215,False,False,0.0,False,364838.65168515046,False,False,0.0,False
1790007791.3919337,2738.904,runtime,9.968999862670898,2500,250.6771024601526,0,0.0,0,0.0,0.0,True,good,当前QC指标正常。,362508.34844745835,False,False,0.0,False,368871.5325738764,False,False,0.0,False
1790007793.4069338,2740.904,runtime,9.95300006866455,2500,251.08007462671551,0,0.0,0,0.0,0.0,True,good,当前QC指标正常。,337550.5319647599,False,False,0.0,False,339588.08821453905,False,False,0.0,False
1790007795.4229336,2742.924,runtime,10.0,2500,249.9,0,0.0,0,0.0,0.0,True,good,当前QC指标正常。,289727.27649642277,False,False,0.0,False,291879.63809784316,False,False,0.0,False
1790007797.4229336,2744.944,runtime,9.984999895095825,2505,250.7761668810683,0,0.0,0,0.0,0.0,True,good,当前QC指标正常。,247364.75105905044,False,False,0.0,False,249860.32250255384,False,False,0.0,False
1790007799.4379337,2746.944,runtime,10.0,2500,249.9,0,0.0,0,0.0,0.0,True,good,当前QC指标正常。,240032.1344221631,False,False,0.0,False,228385.40263973174,False,False,0.0,False
1790007801.4229336,2748.944,runtime,10.0,2510,250.9,0,0.0,0,0.0,0.0,True,good,当前QC指标正常。,252198.55481668975,False,False,0.0,False,216283.98273565303,False,False,0.0,False
1790007803.4229336,2750.944,runtime,9.984999895095825,2510,251.2769180130193,0,0.0,0,0.0,0.0,True,good,当前QC指标正常。,255195.1966018952,False,False,0.0,False,204909.19452858492,False,False,0.0,False
1790007805.4379337,2752.944,runtime,9.983999967575073,2500,250.3004815821289,0,0.0,0,0.0,0.0,True,good,当前QC指标正常。,236518.91853679589,False,False,0.0,False,195259.5090183443,False,False,0.0,False
1790007807.4229336,2754.924,runtime,10.0,2500,249.9,0,0.0,0,0.0,0.0,True,good,当前QC指标正常。,191946.61826175818,False,False,0.0,False,186575.8525301465,False,False,0.0,False
1790007809.4229336,2756.924,runtime,9.969000101089478,2500,250.6770964649597,0,0.0,0,0.0,0.0,True,good,当前QC指标正常。,176488.00422266134,False,False,0.0,False,177366.83594192853,False,False,0.0,False
1790007811.4379337,2758.944,runtime,9.983999967575073,2500,250.3004815821289,0,0.0,0,0.0,0.0,True,good,当前QC指标正常。,169113.154956715,False,False,0.0,False,172971.18517455074,False,False,0.0,False
1790007813.4539337,2760.924,runtime,10.0,2495,249.4,0,0.0,0,0.0,0.0,True,good,当前QC指标正常。,167632.48365005842,False,False,0.0,False,171228.1867631887,False,False,0.0,False
1790007815.4539337,2762.984,runtime,9.983999967575073,2505,250.80128286580663,0,0.0,0,0.0,0.0,True,good,当前QC指标正常。,167290.98965087841,False,False,0.0,False,170655.19062491346,False,False,0.0,False
1790007817.4699337,2764.984,runtime,10.0,2505,250.4,0,0.0,0,0.0,0.0,True,good,当前QC指标正常。,166939.8789928258,False,False,0.0,False,169637.09343375236,False,False,0.0,False
1790007819.4699337,2766.984,runtime,9.985000133514404,2500,250.27540977312245,0,0.0,0,0.0,0.0,True,good,当前QC指标正常。,164440.21037701552,False,False,0.0,False,167031.08369868723,False,False,0.0,False
1790007821.4849336,2769.004,runtime,9.983999967575073,2505,250.80128286580663,0,0.0,0,0.0,0.0,True,good,当前QC指标正常。,164230.86410516454,False,False,0.0,False,166824.45639940587,False,False,0.0,False
1790007823.5009336,2771.024,runtime,10.0,2510,250.9,0,0.0,0,0.0,0.0,True,good,当前QC指标正常。,163922.71783086786,False,False,0.0,False,167240.6574082578,False,False,0.0,False
1790007825.5009336,2773.024,runtime,9.983999967575073,2510,251.30208414948433,0,0.0,0,0.0,0.0,True,good,当前QC指标正常。,161518.01605796837,False,False,0.0,False,165376.6962833847,False,False,0.0,False
1790007827.5169337,2775.044,runtime,9.984999895095825,2505,250.7761668810683,0,0.0,0,0.0,0.0,True,good,当前QC指标正常。,160302.3512349728,False,False,0.0,False,164172.24216368425,False,False,0.0,False
1790007829.5169337,2777.024,runtime,9.968999862670898,2500,250.6771024601526,0,0.0,0,0.0,0.0,True,good,当前QC指标正常。,160556.94592768684,False,False,0.0,False,164473.1040919819,False,False,0.0,False
1790007831.5169337,2779.024,runtime,10.0,2505,250.4,0,0.0,0,0.0,0.0,True,good,当前QC指标正常。,158587.34214633316,False,False,0.0,False,162494.4765903199,False,False,0.0,False
1790007833.5169337,2781.024,runtime,9.984999895095825,2500,250.2754157491173,0,0.0,0,0.0,0.0,True,good,当前QC指标正常。,159011.66424952762,False,False,0.0,False,162938.31772081586,False,False,0.0,False
1790007835.5169337,2782.984,runtime,9.937999963760376,2490,250.45280831921067,0,0.0,0,0.0,0.0,True,good,当前QC指标正常。,160602.92405724732,False,False,0.0,False,164578.87618162791,False,False,0.0,False
1790007837.5319338,2785.024,runtime,9.95300006866455,2495,250.5777135330246,0,0.0,0,0.0,0.0,True,good,当前QC指标正常。,162981.25342290578,False,False,0.0,False,167013.59892632984,False,False,0.0,False
1790007839.5479336,2787.064,runtime,9.984999895095825,2505,250.7761668810683,0,0.0,0,0.0,0.0,True,good,当前QC指标正常。,165648.77319685812,False,False,0.0,False,169741.21130221064,False,False,0.0,False
1790007841.5629337,2789.064,runtime,10.0,2500,249.9,0,0.0,0,0.0,0.0,True,good,当前QC指标正常。,167997.55294214038,False,False,0.0,False,172127.2114230441,False,False,0.0,False
1790007843.5629337,2791.084,runtime,9.983999967575073,2505,250.80128286580663,0,0.0,0,0.0,0.0,True,good,当前QC指标正常。,168585.04169142517,False,False,0.0,False,172721.62695653306,False,False,0.0,False
1790007845.5789337,2793.084,runtime,9.983999967575073,2505,250.80128286580663,0,0.0,0,0.0,0.0,True,good,当前QC指标正常。,168222.3464480093,False,False,0.0,False,172342.11872750107,False,False,0.0,False
1790007847.5949337,2795.104,runtime,10.0,2510,250.9,0,0.0,0,0.0,0.0,True,good,当前QC指标正常。,167838.408051953,False,False,0.0,False,171931.64196609656,False,False,0.0,False
1790007849.5949337,2797.124,runtime,9.985000133514404,2505,250.7761608931167,0,0.0,0,0.0,0.0,True,good,当前QC指标正常。,174394.46170800942,False,False,0.0,False,178737.3459705404,False,False,0.0,False
1790007851.6099336,2799.124,runtime,10.0,2505,250.4,0,0.0,0,0.0,0.0,True,good,当前QC指标正常。,184662.68722799822,False,False,0.0,False,189298.08638207667,False,False,0.0,False
1790007853.5949337,2801.104,runtime,10.0,2505,250.4,0,0.0,0,0.0,0.0,True,good,当前QC指标正常。,194095.35962520074,False,False,0.0,False,198905.14416390247,False,False,0.0,False
1790007855.5949337,2803.064,runtime,9.952999830245972,2495,250.57771953547447,0,0.0,0,0.0,0.0,True,good,当前QC指标正常。,202469.67097173035,False,False,0.0,False,207403.49239336833,False,False,0.0,False
1790007857.5949337,2805.064,runtime,9.952999830245972,2495,250.57771953547447,0,0.0,0,0.0,0.0,True,good,当前QC指标正常。,210486.0890614939,False,False,0.0,False,215176.05352073233,False,False,0.0,False
1790007859.5949337,2807.104,runtime,10.0,2500,249.9,0,0.0,0,0.0,0.0,True,good,当前QC指标正常。,267325.10064577416,False,False,0.0,False,275446.4699437071,False,False,0.0,False
1790007861.5949337,2809.084,runtime,9.969000101089478,2495,250.17554165010384,0,0.0,0,0.0,0.0,True,good,当前QC指标正常。,305952.86492727336,False,False,0.0,False,310752.5604518076,False,False,0.0,False
1790007863.6099336,2811.124,runtime,10.0,2505,250.4,0,0.0,0,0.0,0.0,True,good,当前QC指标正常。,331457.0749681528,False,False,0.0,False,335325.0689335469,False,False,0.0,False
1790007865.6259336,2813.124,runtime,10.0,2500,249.9,0,0.0,0,0.0,0.0,True,good,当前QC指标正常。,346847.6014402323,False,False,0.0,False,351073.1883480313,False,False,0.0,False
1790007867.6259336,2815.144,runtime,9.95300006866455,2500,251.08007462671551,0,0.0,0,0.0,0.0,True,good,当前QC指标正常。,361870.1842150134,False,False,0.0,False,368726.9812057322,False,False,0.0,False
1790007869.6419337,2817.144,runtime,9.969000101089478,2500,250.6770964649597,0,0.0,0,0.0,0.0,True,good,当前QC指标正常。,352046.2514487819,False,False,0.0,False,358805.69765164825,False,False,0.0,False
1790007871.6419337,2819.144,runtime,9.968999862670898,2500,250.6771024601526,0,0.0,0,0.0,0.0,True,good,当前QC指标正常。,340052.7947327547,False,False,0.0,False,346722.40914003755,False,False,0.0,False
1790007873.6569338,2821.184,runtime,9.984000205993652,2505,250.80127687665555,0,0.0,0,0.0,0.0,True,good,当前QC指标正常。,325989.6355959739,False,False,0.0,False,331242.4279944619,False,False,0.0,False
1790007875.6419337,2823.164,runtime,10.0,2505,250.4,0,0.0,0,0.0,0.0,True,good,当前QC指标正常。,305817.8915183625,False,False,0.0,False,311113.2590214893,False,False,0.0,False
1790007877.6569338,2825.144,runtime,9.968999862670898,2500,250.6771024601526,0,0.0,0,0.0,0.0,True,good,当前QC指标正常。,265809.24137966166,False,False,0.0,False,270217.774793403,False,False,0.0,False
1790007879.6729336,2827.144,runtime,9.95300006866455,2495,250.5777135330246,0,0.0,0,0.0,0.0,True,good,当前QC指标正常。,237408.5526613017,False,False,0.0,False,240894.2827968792,False,False,0.0,False
1790007881.6729336,2829.184,runtime,9.968999862670898,2505,251.17865728700363,0,0.0,0,0.0,0.0,True,good,当前QC指标正常。,223803.50239968245,False,False,0.0,False,227563.64135734746,False,False,0.0,False
1790007883.6729336,2831.184,runtime,9.969000101089478,2500,250.6770964649597,0,0.0,0,0.0,0.0,True,good,当前QC指标正常。,214262.74989793514,False,False,0.0,False,217042.18544214574,False,False,0.0,False
1790007885.6879337,2833.224,runtime,9.983999967575073,2510,251.30208414948433,0,0.0,0,0.0,0.0,True,good,当前QC指标正常。,208456.7189052594,False,False,0.0,False,211072.9004701426,False,False,0.0,False
1790007887.6729336,2835.184,runtime,10.0,2510,250.9,0,0.0,0,0.0,0.0,True,good,当前QC指标正常。,203594.3138835778,False,False,0.0,False,206308.44583903183,False,False,0.0,False
1790007889.6729336,2837.184,runtime,9.969000101089478,2510,251.68020609467143,0,0.0,0,0.0,0.0,True,good,当前QC指标正常。,200068.1592623488,False,False,0.0,False,202825.12777083414,False,False,0.0,False
1790007891.6879337,2839.184,runtime,9.95300006866455,2500,251.08007462671551,0,0.0,0,0.0,0.0,True,good,当前QC指标正常。,209472.34792174632,False,False,0.0,False,209351.07205333796,False,False,0.0,False
1790007893.6729336,2841.184,runtime,9.984999895095825,2500,250.2754157491173,0,0.0,0,0.0,0.0,True,good,当前QC指标正常。,222844.21206275153,False,False,0.0,False,216511.45569079174,False,False,0.0,False
1790007895.6729336,2843.204,runtime,9.984999895095825,2505,250.7761668810683,0,0.0,0,0.0,0.0,True,good,当前QC指标正常。,231689.59728301826,False,False,0.0,False,221898.49005010215,False,False,0.0,False
1790007897.6729336,2845.164,runtime,9.95300006866455,2500,251.08007462671551,0,0.0,0,0.0,0.0,True,good,当前QC指标正常。,235610.7950965726,False,False,0.0,False,226339.49587237783,False,False,0.0,False
1790007899.7039337,2847.18,runtime,10.0,2494,249.3,0,0.0,0,0.0,0.0,True,good,当前QC指标正常。,234055.4857145636,False,False,0.0,False,230106.43337236426,False,False,0.0,False
1790007901.7039337,2849.22,runtime,9.983999967575073,2499,250.20032132539333,0,0.0,0,0.0,0.0,True,good,当前QC指标正常。,225626.98039280728,False,False,0.0,False,226665.00741199704,False,False,0.0,False
1790007903.7199337,2851.24,runtime,9.985000133514404,2504,250.67601066911786,0,0.0,0,0.0,0.0,True,good,当前QC指标正常。,220294.44034121532,False,False,0.0,False,221535.45110069064,False,False,0.0,False
1790007905.7199337,2853.22,runtime,9.969000101089478,2494,250.07523068713266,0,0.0,0,0.0,0.0,True,good,当前QC指标正常。,215771.63973895996,False,False,0.0,False,217257.88958144374,False,False,0.0,False
1790007907.7349336,2855.24,runtime,9.95300006866455,2499,250.97960240797732,0,0.0,0,0.0,0.0,True,good,当前QC指标正常。,210521.0096360755,False,False,0.0,False,212475.55163620086,False,False,0.0,False
1790007909.7199337,2857.24,runtime,9.95300006866455,2505,251.5824357204064,0,0.0,0,0.0,0.0,True,good,当前QC指标正常。,205343.80024468942,False,False,0.0,False,207870.87856317806,False,False,0.0,False
1790007911.7199337,2859.22,runtime,9.937000036239624,2500,251.48435049675976,0,0.0,0,0.0,0.0,True,good,当前QC指标正常。,200432.52669575857,False,False,0.0,False,201071.8911965875,False,False,0.0,False
1790007913.7349336,2861.26,runtime,9.983999967575073,2505,250.80128286580663,0,0.0,0,0.0,0.0,True,good,当前QC指标正常。,189853.85712862745,False,False,0.0,False,191015.63936603532,False,False,0.0,False
1790007915.7199337,2863.2,runtime,9.985000133514404,2495,249.77465865312823,0,0.0,0,4.088176352705411,4.04809619238477,True,warning,通道1出现饱和（4.088%）。; 通道2出现饱和（4.048%）。,1508837.2941445801,False,False,0.212,False,1665641.0366250672,False,False,0.392,False
1790007917.7199337,2865.22,runtime,9.969000101089478,2495,250.17554165010384,0,0.0,0,16.27254509018036,23.567134268537075,True,warning,通道1出现饱和（16.273%）。; 通道2出现饱和（23.567%）。,3947398.5703166355,False,False,0.56,False,4093602.052441827,False,False,1.628,False
1790007919.7509336,2867.24,runtime,9.95300006866455,2500,251.08007462671551,0,0.0,0,36.44,43.72,True,warning,通道1信号恒定、RMS接近数值零或连续至少2秒无变化，请检查数据流和电极。; 通道1出现饱和（36.440%）。; 通道2信号恒定、RMS接近数值零或连续至少2秒无变化，请检查数据流和电极。; 通道2出现饱和（43.720%）。,5190692.222120278,False,False,2.028,True,5093975.95953649,False,False,3.648,True
1790007921.7509336,2869.18,runtime,9.890000104904175,2480,250.65722686602734,0,0.0,0,56.29032258064516,63.62903225806451,True,warning,通道1信号恒定、RMS接近数值零或连续至少2秒无变化，请检查数据流和电极。; 通道1出现饱和（56.290%）。; 通道2信号恒定、RMS接近数值零或连续至少2秒无变化，请检查数据流和电极。; 通道2出现饱和（63.629%）。,5580965.403605771,False,False,3.968,True,5407897.993371366,False,False,5.588,True
1790007923.7669337,2871.28,runtime,10.0,2505,250.4,0,0.0,0,76.68662674650697,83.95209580838323,True,warning,通道1信号恒定、RMS接近数值零或连续至少2秒无变化，请检查数据流和电极。; 通道1出现饱和（76.687%）。; 通道2信号恒定、RMS接近数值零或连续至少2秒无变化，请检查数据流和电极。; 通道2出现饱和（83.952%）。,5301529.976070651,False,False,6.068,True,5145577.420855294,False,False,7.688,True
1790007925.7669337,2873.28,runtime,9.984999895095825,2520,252.27842027692134,0,0.0,0,92.02380952380952,99.28571428571429,True,warning,通道1信号恒定、RMS接近数值零或连续至少2秒无变化，请检查数据流和电极。; 通道1出现饱和（92.024%）。; 通道2信号恒定、RMS接近数值零或连续至少2秒无变化，请检查数据流和电极。; 通道2出现饱和（99.286%）。,3160235.4254123736,False,False,8.068,True,3116925.2111280942,False,False,9.688,True
1790007927.7819338,2875.3,runtime,10.0,2505,250.4,0,0.0,0,100.0,100.0,True,warning,通道1信号恒定、RMS接近数值零或连续至少2秒无变化，请检查数据流和电极。; 通道1出现饱和（100.000%）。; 通道2信号恒定、RMS接近数值零或连续至少2秒无变化，请检查数据流和电极。; 通道2出现饱和（100.000%）。,0.0,True,True,10.016,True,0.0,True,True,10.016,True
1790007929.7669337,2877.28,runtime,10.0,2510,250.9,0,0.0,0,100.0,100.0,True,warning,通道1信号恒定、RMS接近数值零或连续至少2秒无变化，请检查数据流和电极。; 通道1出现饱和（100.000%）。; 通道2信号恒定、RMS接近数值零或连续至少2秒无变化，请检查数据流和电极。; 通道2出现饱和（100.000%）。,0.0,True,True,10.036,True,0.0,True,True,10.036,True
1790007931.7669337,2879.28,runtime,9.984999895095825,2525,252.77917140887234,0,0.0,0,100.0,100.0,True,warning,通道1信号恒定、RMS接近数值零或连续至少2秒无变化，请检查数据流和电极。; 通道1出现饱和（100.000%）。; 通道2信号恒定、RMS接近数值零或连续至少2秒无变化，请检查数据流和电极。; 通道2出现饱和（100.000%）。,0.0,True,True,10.096,True,0.0,True,True,10.096,True
1790007933.7819338,2881.3,runtime,10.0,2505,250.4,0,0.0,0,97.44510978043913,100.0,True,warning,通道1信号恒定、RMS接近数值零或连续至少2秒无变化，请检查数据流和电极。; 通道1出现饱和（97.445%）。; 通道2信号恒定、RMS接近数值零或连续至少2秒无变化，请检查数据流和电极。; 通道2出现饱和（100.000%）。,80278.7838370394,False,False,8.468,True,0.0,True,True,10.016,True
1790007935.7819338,2883.3,runtime,10.0,2505,250.4,0,0.0,0,96.16766467065868,100.0,True,warning,通道1信号恒定、RMS接近数值零或连续至少2秒无变化，请检查数据流和电极。; 通道1出现饱和（96.168%）。; 通道2信号恒定、RMS接近数值零或连续至少2秒无变化，请检查数据流和电极。; 通道2出现饱和（100.000%）。,114073.44828647249,False,False,6.468,True,0.0,True,True,10.016,True
1790007937.7979336,2885.32,runtime,9.984999895095825,2505,250.7761668810683,0,0.0,0,96.16766467065868,100.0,True,warning,通道1信号恒定、RMS接近数值零或连续至少2秒无变化，请检查数据流和电极。; 通道1出现饱和（96.168%）。; 通道2信号恒定、RMS接近数值零或连续至少2秒无变化，请检查数据流和电极。; 通道2出现饱和（100.000%）。,114073.44828647249,False,False,4.448,True,0.0,True,True,10.016,True
1790007939.8129337,2887.32,runtime,10.0,2500,249.9,0,0.0,0,96.16,100.0,True,warning,通道1信号恒定、RMS接近数值零或连续至少2秒无变化，请检查数据流和电极。; 通道1出现饱和（96.160%）。; 通道2信号恒定、RMS接近数值零或连续至少2秒无变化，请检查数据流和电极。; 通道2出现饱和（100.000%）。,114183.83668261768,False,False,5.676,True,0.0,True,True,9.996,True
1790007941.7979336,2889.3,runtime,10.0,2500,249.9,0,0.0,0,96.16,100.0,True,warning,通道1信号恒定、RMS接近数值零或连续至少2秒无变化，请检查数据流和电极。; 通道1出现饱和（96.160%）。; 通道2信号恒定、RMS接近数值零或连续至少2秒无变化，请检查数据流和电极。; 通道2出现饱和（100.000%）。,114183.83668261766,False,False,7.656,True,0.0,True,True,9.996,True
1790007943.7979336,2891.32,runtime,9.984999895095825,2505,250.7761668810683,0,0.0,0,98.72255489021956,100.0,True,warning,通道1信号恒定、RMS接近数值零或连续至少2秒无变化，请检查数据流和电极。; 通道1出现饱和（98.723%）。; 通道2信号恒定、RMS接近数值零或连续至少2秒无变化，请检查数据流和电极。; 通道2出现饱和（100.000%）。,82289.16410708246,False,False,9.676,True,0.0,True,True,10.016,True
1790007945.7979336,2893.3,runtime,9.984000205993652,2500,250.300475604937,0,0.0,0,100.0,100.0,True,warning,通道1信号恒定、RMS接近数值零或连续至少2秒无变化，请检查数据流和电极。; 通道1出现饱和（100.000%）。; 通道2信号恒定、RMS接近数值零或连续至少2秒无变化，请检查数据流和电极。; 通道2出现饱和（100.000%）。,0.0,True,True,9.996,True,0.0,True,True,9.996,True
1790007947.7979336,2895.32,runtime,10.0,2505,250.4,0,0.0,0,100.0,100.0,True,warning,通道1信号恒定、RMS接近数值零或连续至少2秒无变化，请检查数据流和电极。; 通道1出现饱和（100.000%）。; 通道2信号恒定、RMS接近数值零或连续至少2秒无变化，请检查数据流和电极。; 通道2出现饱和（100.000%）。,0.0,True,True,10.016,True,0.0,True,True,10.016,True
1790007949.7979336,2897.32,runtime,9.984999895095825,2505,250.7761668810683,0,0.0,0,100.0,100.0,True,warning,通道1信号恒定、RMS接近数值零或连续至少2秒无变化，请检查数据流和电极。; 通道1出现饱和（100.000%）。; 通道2信号恒定、RMS接近数值零或连续至少2秒无变化，请检查数据流和电极。; 通道2出现饱和（100.000%）。,0.0,True,True,10.016,True,0.0,True,True,10.016,True
