event_id,event_name,event_timestamp,sample_time_sec,received_order,block_id,block_order,group_id,session_half,counterbalance_group,condition,condition_type,event_type,event_value,duration_sec,exclude_before_sec,exclude_after_sec,trial_id,question_id,correct_answer,participant_answer,is_correct,reaction_time_ms,notes,run_id,subject_id,session_id,client_event_id,client_id,received_timestamp,client_timestamp,client_monotonic_ms,source_client,timestamp_source,clock_offset_sec,clock_round_trip_ms,eeg_received_order,eeg_sample_number,eeg_stream_segment,alignment_error_ms,alignment_status,identity_status,context_matches_current,state_applied,start_number,generated_timestamp,displayed_timestamp,hidden_timestamp,after_block_id,affected_block_id,planned_duration,actual_duration,is_formal_experiment,operator_id,override_reason,sensitivity_exclude_before_sec,course_attention_rating,mental_effort,video_interest,video_difficulty,subtraction_compliance,subtraction_compliance_low_pct,subtraction_compliance_high_pct,subtraction_difficulty,reported_final_number,rating_item,rating_value,quiz_score,quiz_total,question_text,response_index,response_text,video_id,condition_label,video_time_sec,browser_timestamp,recorder_timestamp,device_sample_number,probe_id,probe_index,probe_schedule_id,probe_planned_time_sec,response,response_label,response_time_ms,confidence,probe_attention,pause_reason
724ddcf5-38b5-5157-99d7-fa5fe0af725e,session_start,1789378084.6686757,,0,,,,,G01,,,session_start,online_learning_focused_vs_bbbd_subtraction,,0.0,0.0,,,,,,,,324f7c1e-da89-4a22-ba3a-14cd4903bda9,sub-001,ses-001,,,1789378084.6686757,,,recorder,server,,,,,,,no_eeg,,,,,,,,,,,,0,,,,,,,,,,,,,,,,,,,,,,,,1789378084.6686757,,,,,,,,,,,
94e3a039-5161-5aea-8435-1af5231f630f,subtraction_practice_start,1789378085.5610256,,0,,,,,G01,,,subtraction_practice_start,100,,0.0,0.0,,,,,,,"{""client_event_id"":""0107ea3d-69a8-402e-997c-2901c081f071"",""recorder_run_id"":""324f7c1e-da89-4a22-ba3a-14cd4903bda9"",""client_id"":""236c2dd9-7af5-4104-acf6-d8b2600b9bd5"",""client_timestamp"":1789378085.5605,""client_monotonic_ms"":8192.09999999404,""event_timestamp"":1789378085.5610256,""clock_offset_sec"":0.0005257129669189453,""clock_round_trip_ms"":2.7000904083251953,""subject_id"":""sub-001"",""session_id"":""ses-001"",""block_id"":"""",""counterbalance_group"":""G01"",""block_order"":""Block 1"",""condition"":"""",""condition_type"":"""",""topic_key"":"""",""topic_name"":"""",""event_type"":""subtraction_practice_start"",""iso_time"":""2026-09-14T09:28:05.560Z"",""relative_ms"":"""",""video_time_sec"":0,""practice_number"":100,""is_formal_experiment"":0}",324f7c1e-da89-4a22-ba3a-14cd4903bda9,sub-001,ses-001,0107ea3d-69a8-402e-997c-2901c081f071,236c2dd9-7af5-4104-acf6-d8b2600b9bd5,1789378085.5746756,1789378085.5605,8192.09999999404,browser,browser_calibrated,0.0005257129669189453,2.7000904083251953,,,,,no_eeg,verified,1,1,,,,,,,,,0,,,,,,,,,,,,,,,,,,,,,,0,1789378085.5605,1789378085.5746756,,,,,,,,,,,
bda6604b-c9e8-5e1c-97f9-9d7bbeb807f7,qc_status_change,1789378086.7146757,,0,,,,,G01,,,qc_status_change,bad,,0.0,0.0,,,,,,,已连续 2.3 秒没有EEG，请立即重新连接耳机。,324f7c1e-da89-4a22-ba3a-14cd4903bda9,sub-001,ses-001,,,1789378086.7146757,,,recorder,server,,,,,,,no_eeg,,,,,,,,,,,,0,,,,,,,,,,,,,,,,,,,,,,,,1789378086.7146757,,,,,,,,,,,
882626af-209f-53dd-b987-829c66db31ea,device_connected,1789378094.2146757,,0,,,,,G01,,,device_connected,74:4D:BD:62:FD:8D,,0.0,0.0,,,,,,,,324f7c1e-da89-4a22-ba3a-14cd4903bda9,sub-001,ses-001,,,1789378094.2146757,,,recorder,server,,,,,,,no_eeg,,,,,,,,,,,,0,,,,,,,,,,,,,,,,,,,,,,,,1789378094.2146757,,,,,,,,,,,
5b205c65-b4b7-5d42-bf7e-dc7f7fb5abc3,qc_status_change,1789378094.7146757,0.516,130,,,,,G01,,,qc_status_change,waiting,,0.0,0.0,,,,,,,等待至少2秒EEG数据。,324f7c1e-da89-4a22-ba3a-14cd4903bda9,sub-001,ses-001,,,1789378094.7146757,,,recorder,server,,,129,129,0,-31.000137329101562,host_receive_nearest,,,,,,,,,,,,0,,,,,,,,,,,,,,,,,,,,,,,,1789378094.7146757,129,,,,,,,,,,
8bad4b7d-2aa8-5417-a02e-55ccf6e0247b,qc_status_change,1789378096.7146757,2.516,630,,,,,G01,,,qc_status_change,good,,0.0,0.0,,,,,,,当前QC指标正常。,324f7c1e-da89-4a22-ba3a-14cd4903bda9,sub-001,ses-001,,,1789378096.7146757,,,recorder,server,,,629,629,0,-15.000104904174805,host_receive_nearest,,,,,,,,,,,,0,,,,,,,,,,,,,,,,,,,,,,,,1789378096.7146757,629,,,,,,,,,,
718b09a8-c6b9-5178-892d-8ff3b1e49e84,subtraction_practice_end,1789378099.5011754,5.316,1330,,,,,G01,,,subtraction_practice_end,100,,0.0,0.0,,,,,,,"{""client_event_id"":""b5e14c64-f2ce-46d2-9d45-3a9fc0951d5c"",""recorder_run_id"":""324f7c1e-da89-4a22-ba3a-14cd4903bda9"",""client_id"":""236c2dd9-7af5-4104-acf6-d8b2600b9bd5"",""client_timestamp"":1789378099.4997997,""client_monotonic_ms"":22131.399999976158,""event_timestamp"":1789378099.5011754,""clock_offset_sec"":0.0013756752014160156,""clock_round_trip_ms"":1.399993896484375,""subject_id"":""sub-001"",""session_id"":""ses-001"",""block_id"":"""",""counterbalance_group"":""G01"",""block_order"":""Block 1"",""condition"":"""",""condition_type"":"""",""topic_key"":"""",""topic_name"":"""",""event_type"":""subtraction_practice_end"",""iso_time"":""2026-09-14T09:28:19.499Z"",""relative_ms"":"""",""video_time_sec"":0,""practice_number"":100,""is_formal_experiment"":0}",324f7c1e-da89-4a22-ba3a-14cd4903bda9,sub-001,ses-001,b5e14c64-f2ce-46d2-9d45-3a9fc0951d5c,236c2dd9-7af5-4104-acf6-d8b2600b9bd5,1789378099.5116756,1789378099.4997997,22131.399999976158,browser,browser_calibrated,0.0013756752014160156,1.399993896484375,1329,1329,0,-4.499912261962891,host_receive_nearest,verified,1,1,,,,,,,,,0,,,,,,,,,,,,,,,,,,,,,,0,1789378099.4997997,1789378099.5116756,1329,,,,,,,,,,
d0683e34-6202-526d-aa08-eaab613a5cfd,practice_confirmed,1789378099.5031755,5.316,1330,,,,,G01,,,practice_confirmed,100,,0.0,0.0,,,,,,,"{""client_event_id"":""dfdcf451-0f13-4809-a70e-6339497556a9"",""recorder_run_id"":""324f7c1e-da89-4a22-ba3a-14cd4903bda9"",""client_id"":""236c2dd9-7af5-4104-acf6-d8b2600b9bd5"",""client_timestamp"":1789378099.5017998,""client_monotonic_ms"":22133.5,""event_timestamp"":1789378099.5031755,""clock_offset_sec"":0.0013756752014160156,""clock_round_trip_ms"":1.399993896484375,""subject_id"":""sub-001"",""session_id"":""ses-001"",""block_id"":"""",""counterbalance_group"":""G01"",""block_order"":""Block 1"",""condition"":"""",""condition_type"":"""",""topic_key"":"""",""topic_name"":"""",""event_type"":""practice_confirmed"",""iso_time"":""2026-09-14T09:28:19.501Z"",""relative_ms"":"""",""video_time_sec"":0,""practice_number"":100,""is_formal_experiment"":0}",324f7c1e-da89-4a22-ba3a-14cd4903bda9,sub-001,ses-001,dfdcf451-0f13-4809-a70e-6339497556a9,236c2dd9-7af5-4104-acf6-d8b2600b9bd5,1789378099.5116756,1789378099.5017998,22133.5,browser,browser_calibrated,0.0013756752014160156,1.399993896484375,1329,1329,0,-6.500005722045898,host_receive_nearest,verified,1,1,,,,,,,,,0,,,,,,,,,,,,,,,,,,,,,,0,1789378099.5017998,1789378099.5116756,1329,,,,,,,,,,
a338050a-57f0-595c-b4e0-2e420896e71b,qc_baseline_start,1789378101.4646757,7.276,1820,,,,,G01,,,qc_baseline_start,,30.0,0.0,0.0,,,,,,,,324f7c1e-da89-4a22-ba3a-14cd4903bda9,sub-001,ses-001,,,1789378101.4646757,,,recorder,server,,,1819,1819,0,-15.000104904174805,host_receive_nearest,,,,,,,,,,,,0,,,,,,,,,,,,,,,,,,,,,,,,1789378101.4646757,1819,,,,,,,,,,
2b40a0a7-43f2-50ef-8cb7-fd8bc29ac21b,qc_status_change,1789378102.6996756,8.516,2130,,,,,G01,,,qc_status_change,waiting,,0.0,0.0,,,,,,,等待至少2秒EEG数据。,324f7c1e-da89-4a22-ba3a-14cd4903bda9,sub-001,ses-001,,,1789378102.6996756,,,recorder,server,,,2129,2129,0,0.0,host_receive_nearest,,,,,,,,,,,,0,,,,,,,,,,,,,,,,,,,,,,,,1789378102.6996756,2129,,,,,,,,,,
2c1df321-9b95-5f98-82c4-0b4f8731ef0f,qc_status_change,1789378104.6996756,10.456,2615,,,,,G01,,,qc_status_change,good,,0.0,0.0,,,,,,,当前QC指标正常。,324f7c1e-da89-4a22-ba3a-14cd4903bda9,sub-001,ses-001,,,1789378104.6996756,,,recorder,server,,,2614,2614,0,0.0,host_receive_nearest,,,,,,,,,,,,0,,,,,,,,,,,,,,,,,,,,,,,,1789378104.6996756,2614,,,,,,,,,,
83e00768-50e9-54f5-ae78-31434207d502,qc_baseline_complete,1789378132.7466755,38.556,9640,,,,,G01,,,qc_baseline_complete,pass,31.25,0.0,0.0,,,,,,,当前QC指标正常。,324f7c1e-da89-4a22-ba3a-14cd4903bda9,sub-001,ses-001,,,1789378132.7466755,,,recorder,server,,,9639,9639,0,-15.999794006347656,host_receive_nearest,,,,,,,,,,,,0,,,,,,,,,,,,,,,,,,,,,,,,1789378132.7466755,9639,,,,,,,,,,
d5bd3235-00e6-5c96-9db1-19c1f74d2c3c,block_start,1789378147.1097755,52.936,13235,1,1,,1,G01,A,focused,block_start,V1,,0.0,0.0,,,,,,,condition=A; condition_type=focused,324f7c1e-da89-4a22-ba3a-14cd4903bda9,sub-001,ses-001,d83c5f03-a60d-450e-878e-c2ac8d83cf68,236c2dd9-7af5-4104-acf6-d8b2600b9bd5,1789378147.1216755,1789378147.1076999,69739.29999998212,browser,browser_calibrated,0.002075672149658203,1.399993896484375,13234,13234,0,-4.099845886230469,host_receive_nearest,verified,0,1,,,,,,,,,1,,,,,,,,,,,,,,,,,,,,V1,A,0,1789378147.1076999,1789378147.1216755,13234,,,,,,,,,,
12a88830-9336-534f-9822-6b4fafdc0bea,condition_prompt_start,1789378147.1097755,52.936,13235,1,1,,1,G01,A,focused,condition_prompt_start,A,,0.0,0.0,,,,,,,,324f7c1e-da89-4a22-ba3a-14cd4903bda9,sub-001,ses-001,d83c5f03-a60d-450e-878e-c2ac8d83cf68,236c2dd9-7af5-4104-acf6-d8b2600b9bd5,1789378147.1216755,1789378147.1076999,69739.29999998212,browser,browser_calibrated,0.002075672149658203,1.399993896484375,13234,13234,0,-4.099845886230469,host_receive_nearest,verified,0,1,,,,,,,,,1,,,,,,,,,,,,,,,,,,,,V1,A,0,1789378147.1076999,1789378147.1216755,13234,,,,,,,,,,
f86709a6-7b26-5275-a8ea-eb3d063cd053,browser_block_config,1789378147.1097755,52.936,13235,1,1,,1,G01,A,focused,browser_block_config,V1,,0.0,0.0,,,,,,,"{""client_event_id"":""d83c5f03-a60d-450e-878e-c2ac8d83cf68"",""recorder_run_id"":""324f7c1e-da89-4a22-ba3a-14cd4903bda9"",""client_id"":""236c2dd9-7af5-4104-acf6-d8b2600b9bd5"",""client_timestamp"":1789378147.1076999,""client_monotonic_ms"":69739.29999998212,""event_timestamp"":1789378147.1097755,""clock_offset_sec"":0.002075672149658203,""clock_round_trip_ms"":1.399993896484375,""subject_id"":""sub-001"",""session_id"":""ses-001"",""block_id"":""Block 1"",""counterbalance_group"":""G01"",""block_order"":""Block 1"",""condition"":""A"",""condition_type"":""focused"",""topic_key"":""V1"",""topic_name"":""商鞅 一个改变秦国命运的男人"",""event_type"":""block_start"",""iso_time"":""2026-09-14T09:29:07.107Z"",""relative_ms"":0,""video_time_sec"":0,""block_start_iso"":""2026-09-14T09:29:07.107Z"",""config_json"":""{\""recorder_run_id\"":\""324f7c1e-da89-4a22-ba3a-14cd4903bda9\"",\""subject_id\"":\""sub-001\"",\""session_id\"":\""ses-001\"",\""block_id\"":\""Block 1\"",\""counterbalance_group\"":\""G01\"",\""condition\"":\""A\"",\""condition_type\"":\""focused\"",\""topic_key\"":\""V1\"",\""topic_name\"":\""商鞅 一个改变秦国命运的男人\"",\""video_file\"":\""视频1-混知漫画｜商鞅！一个改变秦国命运的男人！-480P 标清-AVC.mp4\"",\""start_number\"":\""\"",\""generated_timestamp\"":\""\""}""}",324f7c1e-da89-4a22-ba3a-14cd4903bda9,sub-001,ses-001,d83c5f03-a60d-450e-878e-c2ac8d83cf68,236c2dd9-7af5-4104-acf6-d8b2600b9bd5,1789378147.1216755,1789378147.1076999,69739.29999998212,browser,browser_calibrated,0.002075672149658203,1.399993896484375,13234,13234,0,-4.099845886230469,host_receive_nearest,verified,0,1,,,,,,,,,1,,,,,,,,,,,,,,,,,,,,V1,A,0,1789378147.1076999,1789378147.1216755,13234,,,,,,,,,,
a9ea336e-bfd7-565c-acc7-419f56b2b188,probe_schedule,1789378147.1655757,52.976,13245,1,1,,1,G01,A,focused,probe_schedule,"52.498,106.906,192.224,280.259",,0.0,0.0,,,,,,,"{""client_event_id"":""a67418d5-e138-40e6-ad75-a96a63b7acb2"",""recorder_run_id"":""324f7c1e-da89-4a22-ba3a-14cd4903bda9"",""client_id"":""236c2dd9-7af5-4104-acf6-d8b2600b9bd5"",""client_timestamp"":1789378147.1635,""client_monotonic_ms"":69795.19999998808,""event_timestamp"":1789378147.1655757,""clock_offset_sec"":0.002075672149658203,""clock_round_trip_ms"":1.399993896484375,""subject_id"":""sub-001"",""session_id"":""ses-001"",""block_id"":""Block 1"",""counterbalance_group"":""G01"",""block_order"":""Block 1"",""condition"":""A"",""condition_type"":""focused"",""topic_key"":""V1"",""topic_name"":""商鞅 一个改变秦国命运的男人"",""event_type"":""probe_schedule"",""iso_time"":""2026-09-14T09:29:07.163Z"",""relative_ms"":56,""video_time_sec"":0,""probe_schedule_id"":""ac5cd6b6-fa40-4c77-bbf7-7b86b7381c6f"",""probe_times"":[52.498,106.906,192.224,280.259],""probe_config"":{""probes_per_block"":4,""min_first_onset_sec"":45,""min_end_margin_sec"":30,""min_gap_sec"":45},""video_duration_sec"":346.795,""video_id"":""V1"",""debug_fast"":false}",324f7c1e-da89-4a22-ba3a-14cd4903bda9,sub-001,ses-001,a67418d5-e138-40e6-ad75-a96a63b7acb2,236c2dd9-7af5-4104-acf6-d8b2600b9bd5,1789378147.1686757,1789378147.1635,69795.19999998808,browser,browser_calibrated,0.002075672149658203,1.399993896484375,13244,13244,0,-12.900114059448242,host_receive_nearest,verified,1,1,,,,,,,,,1,,,,,,,,,,,,,,,,,,,,V1,A,0,1789378147.1635,1789378147.1686757,13244,,4,ac5cd6b6-fa40-4c77-bbf7-7b86b7381c6f,,,,,,,
0d5c3582-e772-526f-b48a-957337937ae6,condition_prompt_end,1789378152.1795998,57.936,14485,1,1,,1,G01,A,focused,condition_prompt_end,0,,0.0,0.0,,,,,,,"{""client_event_id"":""aaf8448c-3a6b-4096-a651-804735f1c73c"",""recorder_run_id"":""324f7c1e-da89-4a22-ba3a-14cd4903bda9"",""client_id"":""236c2dd9-7af5-4104-acf6-d8b2600b9bd5"",""client_timestamp"":1789378152.1795998,""client_monotonic_ms"":74811.19999998808,""event_timestamp"":1789378152.1795998,""clock_offset_sec"":0.0032758712768554688,""clock_round_trip_ms"":1.3997554779052734,""subject_id"":""sub-001"",""session_id"":""ses-001"",""block_id"":""Block 1"",""counterbalance_group"":""G01"",""block_order"":""Block 1"",""condition"":""A"",""condition_type"":""focused"",""topic_key"":""V1"",""topic_name"":""商鞅 一个改变秦国命运的男人"",""event_type"":""condition_prompt_end"",""iso_time"":""2026-09-14T09:29:12.179Z"",""relative_ms"":5072,""video_time_sec"":0}",324f7c1e-da89-4a22-ba3a-14cd4903bda9,sub-001,ses-001,aaf8448c-3a6b-4096-a651-804735f1c73c,236c2dd9-7af5-4104-acf6-d8b2600b9bd5,1789378152.1836755,1789378152.1795998,74811.19999998808,browser,browser_calibrated,0.0032758712768554688,1.3997554779052734,14484,14484,0,-10.924100875854492,host_receive_nearest,verified,1,0,,,,,,,,,1,,,,,,,,,,,,,,,,,,,,V1,A,0,1789378152.1795998,1789378152.1836755,14484,,,,,,,,,,
28c2c157-e699-59ff-a1e1-8c2e0843d405,video_start,1789378152.1795998,57.936,14485,1,1,,1,G01,A,focused,video_start,V1,,0.0,0.0,,,,,,,,324f7c1e-da89-4a22-ba3a-14cd4903bda9,sub-001,ses-001,b8e75b33-13d2-4025-9320-d0ec6ea1aaa2,236c2dd9-7af5-4104-acf6-d8b2600b9bd5,1789378152.1996756,1789378152.1817,74813.29999998212,browser,browser_calibrated,0.0032758712768554688,1.3997554779052734,14484,14484,0,-10.924100875854492,host_receive_nearest,verified,1,1,,,,,,,,,1,,,,,,,,,,,,,,,,,,,,V1,A,0,1789378152.1817,1789378152.1996756,14484,,,,,,,,,,
0ae92efe-d806-5c5c-a60a-d0e338125069,video_play,1789378152.1795998,57.936,14485,1,1,,1,G01,A,focused,video_play,0,,0.0,0.0,,,,,,,"{""client_event_id"":""b8e75b33-13d2-4025-9320-d0ec6ea1aaa2"",""recorder_run_id"":""324f7c1e-da89-4a22-ba3a-14cd4903bda9"",""client_id"":""236c2dd9-7af5-4104-acf6-d8b2600b9bd5"",""client_timestamp"":1789378152.1817,""client_monotonic_ms"":74813.29999998212,""event_timestamp"":1789378152.1795998,""clock_offset_sec"":0.0032758712768554688,""clock_round_trip_ms"":1.3997554779052734,""subject_id"":""sub-001"",""session_id"":""ses-001"",""block_id"":""Block 1"",""counterbalance_group"":""G01"",""block_order"":""Block 1"",""condition"":""A"",""condition_type"":""focused"",""topic_key"":""V1"",""topic_name"":""商鞅 一个改变秦国命运的男人"",""event_type"":""video_play"",""iso_time"":""2026-09-14T09:29:12.181Z"",""relative_ms"":5074,""video_time_sec"":0}",324f7c1e-da89-4a22-ba3a-14cd4903bda9,sub-001,ses-001,b8e75b33-13d2-4025-9320-d0ec6ea1aaa2,236c2dd9-7af5-4104-acf6-d8b2600b9bd5,1789378152.1996756,1789378152.1817,74813.29999998212,browser,browser_calibrated,0.0032758712768554688,1.3997554779052734,14484,14484,0,-10.924100875854492,host_receive_nearest,verified,1,1,,,,,,,,,1,,,,,,,,,,,,,,,,,,,,V1,A,0,1789378152.1817,1789378152.1996756,14484,,,,,,,,,,
2c006db8-e403-537c-b99c-87cd69e3a9af,eeg_dropout,1789378156.7776756,,15110,1,1,,1,G01,A,focused,eeg_dropout,signal_lost,,0.0,0.0,,,,,,,absence_threshold_sec=2,324f7c1e-da89-4a22-ba3a-14cd4903bda9,sub-001,ses-001,,,1789378156.7776756,,,recorder,server,,,,,,-2062.999963760376,outside_sample_tolerance,,,,,,,,,,,,1,,,,,,,,,,,,,,,,,,,,V1,A,,,1789378156.7776756,,,,,,,,,,,eeg_dropout
965cd225-46c7-5542-a686-9b0283c1955b,qc_status_change,1789378156.7776756,,15110,1,1,,1,G01,A,focused,qc_status_change,bad,,0.0,0.0,,,,,,,已连续 2.1 秒没有EEG，请立即重新连接耳机。,324f7c1e-da89-4a22-ba3a-14cd4903bda9,sub-001,ses-001,,,1789378156.7776756,,,recorder,server,,,,,,-2062.999963760376,outside_sample_tolerance,,,,,,,,,,,,1,,,,,,,,,,,,,,,,,,,,V1,A,,,1789378156.7776756,,,,,,,,,,,
379e82f4-702a-56d1-94a5-e9126ec69034,phase_change,1789378158.005776,,15110,1,1,,1,G01,A,focused,phase_change,paused,,0.0,0.0,,,,,,,,324f7c1e-da89-4a22-ba3a-14cd4903bda9,sub-001,ses-001,7835e3ba-a32b-4760-8761-c1ce9b79a103,236c2dd9-7af5-4104-acf6-d8b2600b9bd5,1789378158.0116756,1789378158.0025,80634.09999999404,browser,browser_calibrated,0.0032758712768554688,1.3997554779052734,,,,-3291.100263595581,outside_sample_tolerance,verified,1,1,,,,,,,,,1,,,,,,,,,,,,,,,,,,,,V1,A,5.762,1789378158.0025,1789378158.0116756,,,,,,,,,,,
cad40964-b76b-5978-b413-d351eb5a5d35,video_pause,1789378158.005776,,15110,1,1,,1,G01,A,focused,video_pause,5.762,,0.0,0.0,,,,,,,"{""client_event_id"":""7835e3ba-a32b-4760-8761-c1ce9b79a103"",""recorder_run_id"":""324f7c1e-da89-4a22-ba3a-14cd4903bda9"",""client_id"":""236c2dd9-7af5-4104-acf6-d8b2600b9bd5"",""client_timestamp"":1789378158.0025,""client_monotonic_ms"":80634.09999999404,""event_timestamp"":1789378158.005776,""clock_offset_sec"":0.0032758712768554688,""clock_round_trip_ms"":1.3997554779052734,""subject_id"":""sub-001"",""session_id"":""ses-001"",""block_id"":""Block 1"",""counterbalance_group"":""G01"",""block_order"":""Block 1"",""condition"":""A"",""condition_type"":""focused"",""topic_key"":""V1"",""topic_name"":""商鞅 一个改变秦国命运的男人"",""event_type"":""video_pause"",""iso_time"":""2026-09-14T09:29:18.002Z"",""relative_ms"":10895,""video_time_sec"":5.762,""pause_reason"":""eeg_dropout"",""reason"":""automatic_watchdog""}",324f7c1e-da89-4a22-ba3a-14cd4903bda9,sub-001,ses-001,7835e3ba-a32b-4760-8761-c1ce9b79a103,236c2dd9-7af5-4104-acf6-d8b2600b9bd5,1789378158.0116756,1789378158.0025,80634.09999999404,browser,browser_calibrated,0.0032758712768554688,1.3997554779052734,,,,-3291.100263595581,outside_sample_tolerance,verified,1,1,,,,,,,,,1,,,,,,,,,,,,,,,,,,,,V1,A,5.762,1789378158.0025,1789378158.0116756,,,,,,,,,,,eeg_dropout
bfe47c25-b323-56b7-841b-e5a7fd9fedcc,device_disconnected,1789378158.8716755,,15110,1,1,,1,G01,A,focused,device_disconnected,,,0,0,,,,,,,,324f7c1e-da89-4a22-ba3a-14cd4903bda9,sub-001,ses-001,,,1789378158.8716755,,,recorder,server,,,,,,-4156.999826431274,outside_sample_tolerance,,,,,,,,,,,,1,,,,,,,,,,,,,,,,,,,,V1,A,,,1789378158.8716755,,,,,,,,,,,
385fc858-e25d-57b2-a7fa-3a1b976415d5,device_connected,1789378181.4026756,,15110,1,1,,1,G01,A,focused,device_connected,74:4D:BD:62:FD:8D,,0.0,0.0,,,,,,,,324f7c1e-da89-4a22-ba3a-14cd4903bda9,sub-001,ses-001,,,1789378181.4026756,,,recorder,server,,,,,,-26687.999963760376,outside_sample_tolerance,,,,,,,,,,,,1,,,,,,,,,,,,,,,,,,,,V1,A,,,1789378181.4026756,,,,,,,,,,,
3d03cdec-6cac-5c99-afeb-42b946c35cee,eeg_recovery,1789378181.4026756,60.44,15110,1,1,,1,G01,A,focused,eeg_recovery,signal_recovered,26.687999963760376,0.0,0.0,,,,,,,等待实验员重新确认同步后恢复视频,324f7c1e-da89-4a22-ba3a-14cd4903bda9,sub-001,ses-001,,,1789378181.4026756,,,recorder,server,,,15110,15110,1,0.0,host_receive_nearest,,,,,,,,,,,,1,,,,,,,,,,,,,,,,,,,,V1,A,,,1789378181.4026756,15110,,,,,,,,,,eeg_dropout
eae47ceb-3035-5712-b623-36adc61c55da,qc_status_change,1789378182.8556757,61.896,15475,1,1,,1,G01,A,focused,qc_status_change,waiting,,0.0,0.0,,,,,,,等待至少2秒EEG数据。,324f7c1e-da89-4a22-ba3a-14cd4903bda9,sub-001,ses-001,,,1789378182.8556757,,,recorder,server,,,15474,15474,1,-16.000032424926758,host_receive_nearest,,,,,,,,,,,,1,,,,,,,,,,,,,,,,,,,,V1,A,,,1789378182.8556757,15474,,,,,,,,,,
075ccf6f-0606-5802-82ba-d166ea3fcf16,qc_status_change,1789378184.8556757,63.776,15945,1,1,,1,G01,A,focused,qc_status_change,good,,0.0,0.0,,,,,,,当前QC指标正常。,324f7c1e-da89-4a22-ba3a-14cd4903bda9,sub-001,ses-001,,,1789378184.8556757,,,recorder,server,,,15944,15944,1,-16.000032424926758,host_receive_nearest,,,,,,,,,,,,1,,,,,,,,,,,,,,,,,,,,V1,A,,,1789378184.8556757,15944,,,,,,,,,,
56e2c16f-4e95-5eaf-92de-ff4c36dae934,eeg_recovery_confirmed,1789378187.9070756,66.632,16659,1,1,,1,G01,A,focused,eeg_recovery_confirmed,5.762,,0.0,0.0,,,,,,,"{""client_event_id"":""7abbc768-f8a4-4df6-a9ea-d0a5b50a9b79"",""recorder_run_id"":""324f7c1e-da89-4a22-ba3a-14cd4903bda9"",""client_id"":""236c2dd9-7af5-4104-acf6-d8b2600b9bd5"",""client_timestamp"":1789378187.9037998,""client_monotonic_ms"":110535.5,""event_timestamp"":1789378187.9070756,""clock_offset_sec"":0.0032758712768554688,""clock_round_trip_ms"":1.3997554779052734,""subject_id"":""sub-001"",""session_id"":""ses-001"",""block_id"":""Block 1"",""counterbalance_group"":""G01"",""block_order"":""Block 1"",""condition"":""A"",""condition_type"":""focused"",""topic_key"":""V1"",""topic_name"":""商鞅 一个改变秦国命运的男人"",""event_type"":""eeg_recovery_confirmed"",""iso_time"":""2026-09-14T09:29:47.904Z"",""relative_ms"":40796,""video_time_sec"":5.762,""pause_reason"":""eeg_dropout""}",324f7c1e-da89-4a22-ba3a-14cd4903bda9,sub-001,ses-001,7abbc768-f8a4-4df6-a9ea-d0a5b50a9b79,236c2dd9-7af5-4104-acf6-d8b2600b9bd5,1789378187.9186757,1789378187.9037998,110535.5,browser,browser_calibrated,0.0032758712768554688,1.3997554779052734,16658,16658,1,-35.4001522064209,host_receive_nearest,verified,1,0,,,,,,,,,1,,,,,,,,,,,,,,,,,,,,V1,A,5.762,1789378187.9037998,1789378187.9186757,16658,,,,,,,,,,
ff405463-c09d-5653-abca-b37d127887cb,phase_change,1789378187.9087758,66.632,16659,1,1,,1,G01,A,focused,phase_change,video,,0.0,0.0,,,,,,,,324f7c1e-da89-4a22-ba3a-14cd4903bda9,sub-001,ses-001,4951a6dc-4c58-49a5-b894-c8c54f3e6a5c,236c2dd9-7af5-4104-acf6-d8b2600b9bd5,1789378187.9186757,1789378187.9055,110537.09999999404,browser,browser_calibrated,0.0032758712768554688,1.3997554779052734,16658,16658,1,-37.10031509399414,host_receive_nearest,verified,1,1,,,,,,,,,1,,,,,,,,,,,,,,,,,,,,V1,A,5.762,1789378187.9055,1789378187.9186757,16658,,,,,,,,,,
95cd4f5e-3d7e-5e7c-8a6d-c2fab1459ba0,video_resume,1789378187.9087758,66.632,16659,1,1,,1,G01,A,focused,video_resume,5.762,,0.0,0.0,,,,,,,"{""client_event_id"":""4951a6dc-4c58-49a5-b894-c8c54f3e6a5c"",""recorder_run_id"":""324f7c1e-da89-4a22-ba3a-14cd4903bda9"",""client_id"":""236c2dd9-7af5-4104-acf6-d8b2600b9bd5"",""client_timestamp"":1789378187.9055,""client_monotonic_ms"":110537.09999999404,""event_timestamp"":1789378187.9087758,""clock_offset_sec"":0.0032758712768554688,""clock_round_trip_ms"":1.3997554779052734,""subject_id"":""sub-001"",""session_id"":""ses-001"",""block_id"":""Block 1"",""counterbalance_group"":""G01"",""block_order"":""Block 1"",""condition"":""A"",""condition_type"":""focused"",""topic_key"":""V1"",""topic_name"":""商鞅 一个改变秦国命运的男人"",""event_type"":""video_resume"",""iso_time"":""2026-09-14T09:29:47.905Z"",""relative_ms"":40798,""video_time_sec"":5.762,""pause_reason"":""eeg_dropout""}",324f7c1e-da89-4a22-ba3a-14cd4903bda9,sub-001,ses-001,4951a6dc-4c58-49a5-b894-c8c54f3e6a5c,236c2dd9-7af5-4104-acf6-d8b2600b9bd5,1789378187.9186757,1789378187.9055,110537.09999999404,browser,browser_calibrated,0.0032758712768554688,1.3997554779052734,16658,16658,1,-37.10031509399414,host_receive_nearest,verified,1,1,,,,,,,,,1,,,,,,,,,,,,,,,,,,,,V1,A,5.762,1789378187.9055,1789378187.9186757,16658,,,,,,,,,,eeg_dropout
3bde530b-3492-5dd4-ad8c-296972de730b,probe_onset,1789378234.9925256,114.016,28505,1,1,,1,G01,A,focused,probe_onset,Block 1_1_ac5cd6b6,,0.0,0.0,,,,,,,"{""client_event_id"":""36fd367a-bba0-4e1c-838e-adb3eb6b7f64"",""recorder_run_id"":""324f7c1e-da89-4a22-ba3a-14cd4903bda9"",""client_id"":""236c2dd9-7af5-4104-acf6-d8b2600b9bd5"",""client_timestamp"":1789378234.984,""client_monotonic_ms"":157615.69999998808,""event_timestamp"":1789378234.9925256,""clock_offset_sec"":0.008525609970092773,""clock_round_trip_ms"":1.2998580932617188,""subject_id"":""sub-001"",""session_id"":""ses-001"",""block_id"":""Block 1"",""counterbalance_group"":""G01"",""block_order"":""Block 1"",""condition"":""A"",""condition_type"":""focused"",""topic_key"":""V1"",""topic_name"":""商鞅 一个改变秦国命运的男人"",""event_type"":""probe_onset"",""iso_time"":""2026-09-14T09:30:34.984Z"",""relative_ms"":87877,""video_time_sec"":52.53,""probe_id"":""Block 1_1_ac5cd6b6"",""probe_index"":1,""probe_schedule_id"":""ac5cd6b6-fa40-4c77-bbf7-7b86b7381c6f"",""probe_planned_time_sec"":52.498,""video_id"":""V1"",""pause_reason"":""thought_probe"",""forced"":false}",324f7c1e-da89-4a22-ba3a-14cd4903bda9,sub-001,ses-001,36fd367a-bba0-4e1c-838e-adb3eb6b7f64,236c2dd9-7af5-4104-acf6-d8b2600b9bd5,1789378234.9966755,1789378234.984,157615.69999998808,browser,browser_calibrated,0.008525609970092773,1.2998580932617188,28504,28504,1,-11.84988021850586,host_receive_nearest,verified,1,1,,,,,,,,,1,,,,,,,,,,,,,,,,,,,,V1,A,52.53,1789378234.984,1789378234.9966755,28504,Block 1_1_ac5cd6b6,1,ac5cd6b6-fa40-4c77-bbf7-7b86b7381c6f,52.498,,,,,,thought_probe
1dc170a0-6a1a-5917-911c-a3c94534744a,attention_response,1789378237.1316254,116.192,29049,1,1,,1,G01,A,focused,attention_response,1,,0.0,0.0,,,,,,,"{""client_event_id"":""068adbff-088b-4f29-adba-3923dcea4cad"",""recorder_run_id"":""324f7c1e-da89-4a22-ba3a-14cd4903bda9"",""client_id"":""236c2dd9-7af5-4104-acf6-d8b2600b9bd5"",""client_timestamp"":1789378237.1230998,""client_monotonic_ms"":159754.69999998808,""event_timestamp"":1789378237.1316254,""clock_offset_sec"":0.008525609970092773,""clock_round_trip_ms"":1.2998580932617188,""subject_id"":""sub-001"",""session_id"":""ses-001"",""block_id"":""Block 1"",""counterbalance_group"":""G01"",""block_order"":""Block 1"",""condition"":""A"",""condition_type"":""focused"",""topic_key"":""V1"",""topic_name"":""商鞅 一个改变秦国命运的男人"",""event_type"":""attention_response"",""iso_time"":""2026-09-14T09:30:37.123Z"",""relative_ms"":90016,""video_time_sec"":52.53,""probe_id"":""Block 1_1_ac5cd6b6"",""probe_index"":1,""probe_schedule_id"":""ac5cd6b6-fa40-4c77-bbf7-7b86b7381c6f"",""probe_planned_time_sec"":52.498,""video_id"":""V1"",""response"":1,""response_label"":""课程内容"",""probe_attention"":""ON"",""response_time_ms"":2139}",324f7c1e-da89-4a22-ba3a-14cd4903bda9,sub-001,ses-001,068adbff-088b-4f29-adba-3923dcea4cad,236c2dd9-7af5-4104-acf6-d8b2600b9bd5,1789378237.1366756,1789378237.1230998,159754.69999998808,browser,browser_calibrated,0.008525609970092773,1.2998580932617188,29048,29048,1,-9.949922561645508,host_receive_nearest,verified,1,1,,,,,,,,,1,,,,,,,,,,,,,,,,,,,,V1,A,52.53,1789378237.1230998,1789378237.1366756,29048,Block 1_1_ac5cd6b6,1,ac5cd6b6-fa40-4c77-bbf7-7b86b7381c6f,52.498,1,课程内容,2139,,ON,
4204a555-c942-5c25-8419-8a2ede618aed,confidence_response,1789378238.0899255,117.132,29284,1,1,,1,G01,A,focused,confidence_response,3,,0.0,0.0,,,,,,,"{""client_event_id"":""ada43298-674b-4325-a235-109ffe964a05"",""recorder_run_id"":""324f7c1e-da89-4a22-ba3a-14cd4903bda9"",""client_id"":""236c2dd9-7af5-4104-acf6-d8b2600b9bd5"",""client_timestamp"":1789378238.0814,""client_monotonic_ms"":160713,""event_timestamp"":1789378238.0899255,""clock_offset_sec"":0.008525609970092773,""clock_round_trip_ms"":1.2998580932617188,""subject_id"":""sub-001"",""session_id"":""ses-001"",""block_id"":""Block 1"",""counterbalance_group"":""G01"",""block_order"":""Block 1"",""condition"":""A"",""condition_type"":""focused"",""topic_key"":""V1"",""topic_name"":""商鞅 一个改变秦国命运的男人"",""event_type"":""confidence_response"",""iso_time"":""2026-09-14T09:30:38.081Z"",""relative_ms"":90974,""video_time_sec"":52.53,""probe_id"":""Block 1_1_ac5cd6b6"",""probe_index"":1,""probe_schedule_id"":""ac5cd6b6-fa40-4c77-bbf7-7b86b7381c6f"",""probe_planned_time_sec"":52.498,""video_id"":""V1"",""response"":1,""confidence"":3,""response_time_ms"":958}",324f7c1e-da89-4a22-ba3a-14cd4903bda9,sub-001,ses-001,ada43298-674b-4325-a235-109ffe964a05,236c2dd9-7af5-4104-acf6-d8b2600b9bd5,1789378238.0896757,1789378238.0814,160713,browser,browser_calibrated,0.008525609970092773,1.2998580932617188,29283,29283,1,-15.249967575073242,host_receive_nearest,verified,1,1,,,,,,,,,1,,,,,,,,,,,,,,,,,,,,V1,A,52.53,1789378238.0814,1789378238.0896757,29283,Block 1_1_ac5cd6b6,1,ac5cd6b6-fa40-4c77-bbf7-7b86b7381c6f,52.498,,,958,3,,
560d8d05-2a41-50bd-ac8e-bb5ac276320a,phase_change,1789378238.0922256,117.152,29289,1,1,,1,G01,A,focused,phase_change,video,,0.0,0.0,,,,,,,,324f7c1e-da89-4a22-ba3a-14cd4903bda9,sub-001,ses-001,63d0c1b8-b6a0-4c47-be6f-17e065a73d3e,236c2dd9-7af5-4104-acf6-d8b2600b9bd5,1789378238.1056757,1789378238.0837,160715.29999998212,browser,browser_calibrated,0.008525609970092773,1.2998580932617188,29288,29288,1,-2.549886703491211,host_receive_nearest,verified,1,1,,,,,,,,,1,,,,,,,,,,,,,,,,,,,,V1,A,52.782,1789378238.0837,1789378238.1056757,29288,,,,,,,,,,
8365ab4c-c0cf-587c-9c25-89003121687d,video_resume,1789378238.0922256,117.152,29289,1,1,,1,G01,A,focused,video_resume,52.782,,0.0,0.0,,,,,,,"{""client_event_id"":""63d0c1b8-b6a0-4c47-be6f-17e065a73d3e"",""recorder_run_id"":""324f7c1e-da89-4a22-ba3a-14cd4903bda9"",""client_id"":""236c2dd9-7af5-4104-acf6-d8b2600b9bd5"",""client_timestamp"":1789378238.0837,""client_monotonic_ms"":160715.29999998212,""event_timestamp"":1789378238.0922256,""clock_offset_sec"":0.008525609970092773,""clock_round_trip_ms"":1.2998580932617188,""subject_id"":""sub-001"",""session_id"":""ses-001"",""block_id"":""Block 1"",""counterbalance_group"":""G01"",""block_order"":""Block 1"",""condition"":""A"",""condition_type"":""focused"",""topic_key"":""V1"",""topic_name"":""商鞅 一个改变秦国命运的男人"",""event_type"":""video_resume"",""iso_time"":""2026-09-14T09:30:38.083Z"",""relative_ms"":90976,""video_time_sec"":52.782,""probe_id"":""Block 1_1_ac5cd6b6"",""probe_index"":1,""probe_schedule_id"":""ac5cd6b6-fa40-4c77-bbf7-7b86b7381c6f"",""probe_planned_time_sec"":52.498,""video_id"":""V1"",""pause_reason"":""thought_probe"",""resume_status"":""playing""}",324f7c1e-da89-4a22-ba3a-14cd4903bda9,sub-001,ses-001,63d0c1b8-b6a0-4c47-be6f-17e065a73d3e,236c2dd9-7af5-4104-acf6-d8b2600b9bd5,1789378238.1056757,1789378238.0837,160715.29999998212,browser,browser_calibrated,0.008525609970092773,1.2998580932617188,29288,29288,1,-2.549886703491211,host_receive_nearest,verified,1,1,,,,,,,,,1,,,,,,,,,,,,,,,,,,,,V1,A,52.782,1789378238.0837,1789378238.1056757,29288,Block 1_1_ac5cd6b6,,,,,,,,,thought_probe
319188c4-042f-569e-ba1c-f738394d3925,probe_onset,1789378292.6714754,171.712,42929,1,1,,1,G01,A,focused,probe_onset,Block 1_2_ac5cd6b6,,0.0,0.0,,,,,,,"{""client_event_id"":""29d5e806-3c9f-4eb1-9cd1-5ca4ea9dc9e3"",""recorder_run_id"":""324f7c1e-da89-4a22-ba3a-14cd4903bda9"",""client_id"":""236c2dd9-7af5-4104-acf6-d8b2600b9bd5"",""client_timestamp"":1789378292.6620998,""client_monotonic_ms"":215293.69999998808,""event_timestamp"":1789378292.6714754,""clock_offset_sec"":0.009375572204589844,""clock_round_trip_ms"":1.399993896484375,""subject_id"":""sub-001"",""session_id"":""ses-001"",""block_id"":""Block 1"",""counterbalance_group"":""G01"",""block_order"":""Block 1"",""condition"":""A"",""condition_type"":""focused"",""topic_key"":""V1"",""topic_name"":""商鞅 一个改变秦国命运的男人"",""event_type"":""probe_onset"",""iso_time"":""2026-09-14T09:31:32.662Z"",""relative_ms"":145555,""video_time_sec"":107.108,""probe_id"":""Block 1_2_ac5cd6b6"",""probe_index"":2,""probe_schedule_id"":""ac5cd6b6-fa40-4c77-bbf7-7b86b7381c6f"",""probe_planned_time_sec"":106.906,""video_id"":""V1"",""pause_reason"":""thought_probe"",""forced"":false}",324f7c1e-da89-4a22-ba3a-14cd4903bda9,sub-001,ses-001,29d5e806-3c9f-4eb1-9cd1-5ca4ea9dc9e3,236c2dd9-7af5-4104-acf6-d8b2600b9bd5,1789378292.6686757,1789378292.6620998,215293.69999998808,browser,browser_calibrated,0.009375572204589844,1.399993896484375,42928,42928,1,-18.799781799316406,host_receive_nearest,verified,1,1,,,,,,,,,1,,,,,,,,,,,,,,,,,,,,V1,A,107.108,1789378292.6620998,1789378292.6686757,42928,Block 1_2_ac5cd6b6,2,ac5cd6b6-fa40-4c77-bbf7-7b86b7381c6f,106.906,,,,,,thought_probe
5034f4aa-74f6-534c-b6bf-2163809ec537,qc_status_change,1789378292.9496756,171.932,42984,1,1,,1,G01,A,focused,qc_status_change,warning,,0.0,0.0,,,,,,,通道2 RMS相对基线异常，正在确认是否持续。,324f7c1e-da89-4a22-ba3a-14cd4903bda9,sub-001,ses-001,,,1789378292.9496756,,,recorder,server,,,42983,42983,1,-30.99989891052246,host_receive_nearest,,,,,,,,,,,,1,,,,,,,,,,,,,,,,,,,,V1,A,,,1789378292.9496756,42983,,,,,,,,,,
5162947e-2b25-591d-b9be-8fa6e778174f,qc_status_change,1789378294.9496756,174.012,43504,1,1,,1,G01,A,focused,qc_status_change,good,,0.0,0.0,,,,,,,当前QC指标正常。,324f7c1e-da89-4a22-ba3a-14cd4903bda9,sub-001,ses-001,,,1789378294.9496756,,,recorder,server,,,43503,43503,1,0.0,host_receive_nearest,,,,,,,,,,,,1,,,,,,,,,,,,,,,,,,,,V1,A,,,1789378294.9496756,43503,,,,,,,,,,
daf42cce-af58-5e4a-8d38-c122b91ed7a8,attention_response,1789378295.0370755,174.072,43519,1,1,,1,G01,A,focused,attention_response,1,,0.0,0.0,,,,,,,"{""client_event_id"":""7bad1001-c684-44c4-a06e-1a1597048a32"",""recorder_run_id"":""324f7c1e-da89-4a22-ba3a-14cd4903bda9"",""client_id"":""236c2dd9-7af5-4104-acf6-d8b2600b9bd5"",""client_timestamp"":1789378295.0277,""client_monotonic_ms"":217659.29999998212,""event_timestamp"":1789378295.0370755,""clock_offset_sec"":0.009375572204589844,""clock_round_trip_ms"":1.399993896484375,""subject_id"":""sub-001"",""session_id"":""ses-001"",""block_id"":""Block 1"",""counterbalance_group"":""G01"",""block_order"":""Block 1"",""condition"":""A"",""condition_type"":""focused"",""topic_key"":""V1"",""topic_name"":""商鞅 一个改变秦国命运的男人"",""event_type"":""attention_response"",""iso_time"":""2026-09-14T09:31:35.027Z"",""relative_ms"":147920,""video_time_sec"":107.108,""probe_id"":""Block 1_2_ac5cd6b6"",""probe_index"":2,""probe_schedule_id"":""ac5cd6b6-fa40-4c77-bbf7-7b86b7381c6f"",""probe_planned_time_sec"":106.906,""video_id"":""V1"",""response"":1,""response_label"":""课程内容"",""probe_attention"":""ON"",""response_time_ms"":2366}",324f7c1e-da89-4a22-ba3a-14cd4903bda9,sub-001,ses-001,7bad1001-c684-44c4-a06e-1a1597048a32,236c2dd9-7af5-4104-acf6-d8b2600b9bd5,1789378295.0436757,1789378295.0277,217659.29999998212,browser,browser_calibrated,0.009375572204589844,1.399993896484375,43518,43518,1,-25.39992332458496,host_receive_nearest,verified,1,1,,,,,,,,,1,,,,,,,,,,,,,,,,,,,,V1,A,107.108,1789378295.0277,1789378295.0436757,43518,Block 1_2_ac5cd6b6,2,ac5cd6b6-fa40-4c77-bbf7-7b86b7381c6f,106.906,1,课程内容,2366,,ON,
82adfa37-32ec-5273-9f2b-8e39737511d9,confidence_response,1789378295.9110756,174.952,43739,1,1,,1,G01,A,focused,confidence_response,3,,0.0,0.0,,,,,,,"{""client_event_id"":""a02224ec-cf3e-4bd8-9235-9b4cc89ec899"",""recorder_run_id"":""324f7c1e-da89-4a22-ba3a-14cd4903bda9"",""client_id"":""236c2dd9-7af5-4104-acf6-d8b2600b9bd5"",""client_timestamp"":1789378295.9017,""client_monotonic_ms"":218533.29999998212,""event_timestamp"":1789378295.9110756,""clock_offset_sec"":0.009375572204589844,""clock_round_trip_ms"":1.399993896484375,""subject_id"":""sub-001"",""session_id"":""ses-001"",""block_id"":""Block 1"",""counterbalance_group"":""G01"",""block_order"":""Block 1"",""condition"":""A"",""condition_type"":""focused"",""topic_key"":""V1"",""topic_name"":""商鞅 一个改变秦国命运的男人"",""event_type"":""confidence_response"",""iso_time"":""2026-09-14T09:31:35.901Z"",""relative_ms"":148794,""video_time_sec"":107.108,""probe_id"":""Block 1_2_ac5cd6b6"",""probe_index"":2,""probe_schedule_id"":""ac5cd6b6-fa40-4c77-bbf7-7b86b7381c6f"",""probe_planned_time_sec"":106.906,""video_id"":""V1"",""response"":1,""confidence"":3,""response_time_ms"":874}",324f7c1e-da89-4a22-ba3a-14cd4903bda9,sub-001,ses-001,a02224ec-cf3e-4bd8-9235-9b4cc89ec899,236c2dd9-7af5-4104-acf6-d8b2600b9bd5,1789378295.9186757,1789378295.9017,218533.29999998212,browser,browser_calibrated,0.009375572204589844,1.399993896484375,43738,43738,1,-24.399995803833008,host_receive_nearest,verified,1,1,,,,,,,,,1,,,,,,,,,,,,,,,,,,,,V1,A,107.108,1789378295.9017,1789378295.9186757,43738,Block 1_2_ac5cd6b6,2,ac5cd6b6-fa40-4c77-bbf7-7b86b7381c6f,106.906,,,874,3,,
6c880382-12e5-5584-8380-e618c455f5c5,phase_change,1789378295.9141753,174.956,43744,1,1,,1,G01,A,focused,phase_change,video,,0.0,0.0,,,,,,,,324f7c1e-da89-4a22-ba3a-14cd4903bda9,sub-001,ses-001,7ea702fd-05f0-433d-8aea-7e91d62f19f1,236c2dd9-7af5-4104-acf6-d8b2600b9bd5,1789378295.9186757,1789378295.9047997,218536.39999997616,browser,browser_calibrated,0.009375572204589844,1.399993896484375,43739,43739,1,4.500389099121094,host_receive_nearest,verified,1,1,,,,,,,,,1,,,,,,,,,,,,,,,,,,,,V1,A,107.362,1789378295.9047997,1789378295.9186757,43739,,,,,,,,,,
f8404cc2-74b2-5910-920d-46a5f4fbf153,video_resume,1789378295.9141753,174.956,43744,1,1,,1,G01,A,focused,video_resume,107.362,,0.0,0.0,,,,,,,"{""client_event_id"":""7ea702fd-05f0-433d-8aea-7e91d62f19f1"",""recorder_run_id"":""324f7c1e-da89-4a22-ba3a-14cd4903bda9"",""client_id"":""236c2dd9-7af5-4104-acf6-d8b2600b9bd5"",""client_timestamp"":1789378295.9047997,""client_monotonic_ms"":218536.39999997616,""event_timestamp"":1789378295.9141753,""clock_offset_sec"":0.009375572204589844,""clock_round_trip_ms"":1.399993896484375,""subject_id"":""sub-001"",""session_id"":""ses-001"",""block_id"":""Block 1"",""counterbalance_group"":""G01"",""block_order"":""Block 1"",""condition"":""A"",""condition_type"":""focused"",""topic_key"":""V1"",""topic_name"":""商鞅 一个改变秦国命运的男人"",""event_type"":""video_resume"",""iso_time"":""2026-09-14T09:31:35.904Z"",""relative_ms"":148797,""video_time_sec"":107.362,""probe_id"":""Block 1_2_ac5cd6b6"",""probe_index"":2,""probe_schedule_id"":""ac5cd6b6-fa40-4c77-bbf7-7b86b7381c6f"",""probe_planned_time_sec"":106.906,""video_id"":""V1"",""pause_reason"":""thought_probe"",""resume_status"":""playing""}",324f7c1e-da89-4a22-ba3a-14cd4903bda9,sub-001,ses-001,7ea702fd-05f0-433d-8aea-7e91d62f19f1,236c2dd9-7af5-4104-acf6-d8b2600b9bd5,1789378295.9186757,1789378295.9047997,218536.39999997616,browser,browser_calibrated,0.009375572204589844,1.399993896484375,43739,43739,1,4.500389099121094,host_receive_nearest,verified,1,1,,,,,,,,,1,,,,,,,,,,,,,,,,,,,,V1,A,107.362,1789378295.9047997,1789378295.9186757,43739,Block 1_2_ac5cd6b6,,,,,,,,,thought_probe
86df0769-18a2-5b7f-8ac0-e7d6b15f6c9f,qc_status_change,1789378312.9496756,191.992,47999,1,1,,1,G01,A,focused,qc_status_change,warning,,0.0,0.0,,,,,,,通道2 RMS相对基线异常，正在确认是否持续。,324f7c1e-da89-4a22-ba3a-14cd4903bda9,sub-001,ses-001,,,1789378312.9496756,,,recorder,server,,,47998,47998,1,0.0,host_receive_nearest,,,,,,,,,,,,1,,,,,,,,,,,,,,,,,,,,V1,A,,,1789378312.9496756,47998,,,,,,,,,,
11574831-1f84-5471-96f3-42eaa29091a9,qc_status_change,1789378318.9646757,197.992,49499,1,1,,1,G01,A,focused,qc_status_change,bad,,0.0,0.0,,,,,,,通道2 RMS相对基线突变，可能接触不稳，请检查并重新连接。,324f7c1e-da89-4a22-ba3a-14cd4903bda9,sub-001,ses-001,,,1789378318.9646757,,,recorder,server,,,49498,49498,1,0.0,host_receive_nearest,,,,,,,,,,,,1,,,,,,,,,,,,,,,,,,,,V1,A,,,1789378318.9646757,49498,,,,,,,,,,
165f5796-e48a-5583-b724-aa38e4bcac2e,qc_status_change,1789378320.9646757,199.792,49949,1,1,,1,G01,A,focused,qc_status_change,good,,0.0,0.0,,,,,,,当前QC指标正常。,324f7c1e-da89-4a22-ba3a-14cd4903bda9,sub-001,ses-001,,,1789378320.9646757,,,recorder,server,,,49948,49948,1,0.0,host_receive_nearest,,,,,,,,,,,,1,,,,,,,,,,,,,,,,,,,,V1,A,,,1789378320.9646757,49948,,,,,,,,,,
8a417134-fec7-51b4-9c6f-a3dcf2f89994,qc_status_change,1789378334.9496756,213.972,53494,1,1,,1,G01,A,focused,qc_status_change,warning,,0.0,0.0,,,,,,,通道2 RMS相对基线异常，正在确认是否持续。,324f7c1e-da89-4a22-ba3a-14cd4903bda9,sub-001,ses-001,,,1789378334.9496756,,,recorder,server,,,53493,53493,1,0.0,host_receive_nearest,,,,,,,,,,,,1,,,,,,,,,,,,,,,,,,,,V1,A,,,1789378334.9496756,53493,,,,,,,,,,
0d5fa463-0700-54aa-b8ea-18f26ac5ea78,qc_status_change,1789378336.9646757,215.992,53999,1,1,,1,G01,A,focused,qc_status_change,good,,0.0,0.0,,,,,,,当前QC指标正常。,324f7c1e-da89-4a22-ba3a-14cd4903bda9,sub-001,ses-001,,,1789378336.9646757,,,recorder,server,,,53998,53998,1,-31.000137329101562,host_receive_nearest,,,,,,,,,,,,1,,,,,,,,,,,,,,,,,,,,V1,A,,,1789378336.9646757,53998,,,,,,,,,,
310c9d44-35f0-5fc3-bf17-1b4a2215347f,probe_onset,1789378381.0251253,260.068,65018,1,1,,1,G01,A,focused,probe_onset,Block 1_3_ac5cd6b6,,0.0,0.0,,,,,,,"{""client_event_id"":""2ab221b0-65eb-42b5-b15f-40a59c47937b"",""recorder_run_id"":""324f7c1e-da89-4a22-ba3a-14cd4903bda9"",""client_id"":""236c2dd9-7af5-4104-acf6-d8b2600b9bd5"",""client_timestamp"":1789378381.0262997,""client_monotonic_ms"":303657.89999997616,""event_timestamp"":1789378381.0251253,""clock_offset_sec"":-0.0011744499206542969,""clock_round_trip_ms"":1.3000965118408203,""subject_id"":""sub-001"",""session_id"":""ses-001"",""block_id"":""Block 1"",""counterbalance_group"":""G01"",""block_order"":""Block 1"",""condition"":""A"",""condition_type"":""focused"",""topic_key"":""V1"",""topic_name"":""商鞅 一个改变秦国命运的男人"",""event_type"":""probe_onset"",""iso_time"":""2026-09-14T09:33:01.026Z"",""relative_ms"":233919,""video_time_sec"":192.232,""probe_id"":""Block 1_3_ac5cd6b6"",""probe_index"":3,""probe_schedule_id"":""ac5cd6b6-fa40-4c77-bbf7-7b86b7381c6f"",""probe_planned_time_sec"":192.224,""video_id"":""V1"",""pause_reason"":""thought_probe"",""forced"":false}",324f7c1e-da89-4a22-ba3a-14cd4903bda9,sub-001,ses-001,2ab221b0-65eb-42b5-b15f-40a59c47937b,236c2dd9-7af5-4104-acf6-d8b2600b9bd5,1789378381.0276756,1789378381.0262997,303657.89999997616,browser,browser_calibrated,-0.0011744499206542969,1.3000965118408203,65017,65017,1,-13.449668884277344,host_receive_nearest,verified,1,1,,,,,,,,,1,,,,,,,,,,,,,,,,,,,,V1,A,192.232,1789378381.0262997,1789378381.0276756,65017,Block 1_3_ac5cd6b6,3,ac5cd6b6-fa40-4c77-bbf7-7b86b7381c6f,192.224,,,,,,thought_probe
7bc8052d-009a-55b1-97f9-f7f81e576227,attention_response,1789378382.8836253,261.912,65479,1,1,,1,G01,A,focused,attention_response,1,,0.0,0.0,,,,,,,"{""client_event_id"":""a3b055ff-e094-4165-b2d7-1405ad209523"",""recorder_run_id"":""324f7c1e-da89-4a22-ba3a-14cd4903bda9"",""client_id"":""236c2dd9-7af5-4104-acf6-d8b2600b9bd5"",""client_timestamp"":1789378382.8847997,""client_monotonic_ms"":305516.39999997616,""event_timestamp"":1789378382.8836253,""clock_offset_sec"":-0.0011744499206542969,""clock_round_trip_ms"":1.3000965118408203,""subject_id"":""sub-001"",""session_id"":""ses-001"",""block_id"":""Block 1"",""counterbalance_group"":""G01"",""block_order"":""Block 1"",""condition"":""A"",""condition_type"":""focused"",""topic_key"":""V1"",""topic_name"":""商鞅 一个改变秦国命运的男人"",""event_type"":""attention_response"",""iso_time"":""2026-09-14T09:33:02.884Z"",""relative_ms"":235777,""video_time_sec"":192.232,""probe_id"":""Block 1_3_ac5cd6b6"",""probe_index"":3,""probe_schedule_id"":""ac5cd6b6-fa40-4c77-bbf7-7b86b7381c6f"",""probe_planned_time_sec"":192.224,""video_id"":""V1"",""response"":1,""response_label"":""课程内容"",""probe_attention"":""ON"",""response_time_ms"":1859}",324f7c1e-da89-4a22-ba3a-14cd4903bda9,sub-001,ses-001,a3b055ff-e094-4165-b2d7-1405ad209523,236c2dd9-7af5-4104-acf6-d8b2600b9bd5,1789378382.8866756,1789378382.8847997,305516.39999997616,browser,browser_calibrated,-0.0011744499206542969,1.3000965118408203,65478,65478,1,3.0503273010253906,host_receive_nearest,verified,1,1,,,,,,,,,1,,,,,,,,,,,,,,,,,,,,V1,A,192.232,1789378382.8847997,1789378382.9026756,65478,Block 1_3_ac5cd6b6,3,ac5cd6b6-fa40-4c77-bbf7-7b86b7381c6f,192.224,1,课程内容,1859,,ON,
95da5bfb-192c-5d00-a442-1a438d243b7d,confidence_response,1789378383.4467254,262.228,65558,1,1,,1,G01,A,focused,confidence_response,3,,0.0,0.0,,,,,,,"{""client_event_id"":""0f8ddccf-1834-495a-9966-19fb448a2ec8"",""recorder_run_id"":""324f7c1e-da89-4a22-ba3a-14cd4903bda9"",""client_id"":""236c2dd9-7af5-4104-acf6-d8b2600b9bd5"",""client_timestamp"":1789378383.4478998,""client_monotonic_ms"":306079.5,""event_timestamp"":1789378383.4467254,""clock_offset_sec"":-0.0011744499206542969,""clock_round_trip_ms"":1.3000965118408203,""subject_id"":""sub-001"",""session_id"":""ses-001"",""block_id"":""Block 1"",""counterbalance_group"":""G01"",""block_order"":""Block 1"",""condition"":""A"",""condition_type"":""focused"",""topic_key"":""V1"",""topic_name"":""商鞅 一个改变秦国命运的男人"",""event_type"":""confidence_response"",""iso_time"":""2026-09-14T09:33:03.448Z"",""relative_ms"":236340,""video_time_sec"":192.232,""probe_id"":""Block 1_3_ac5cd6b6"",""probe_index"":3,""probe_schedule_id"":""ac5cd6b6-fa40-4c77-bbf7-7b86b7381c6f"",""probe_planned_time_sec"":192.224,""video_id"":""V1"",""response"":1,""confidence"":3,""response_time_ms"":563}",324f7c1e-da89-4a22-ba3a-14cd4903bda9,sub-001,ses-001,0f8ddccf-1834-495a-9966-19fb448a2ec8,236c2dd9-7af5-4104-acf6-d8b2600b9bd5,1789378383.4496756,1789378383.4478998,306079.5,browser,browser_calibrated,-0.0011744499206542969,1.3000965118408203,65557,65557,1,-44.049739837646484,host_receive_nearest,verified,1,1,,,,,,,,,1,,,,,,,,,,,,,,,,,,,,V1,A,192.232,1789378383.4478998,1789378383.4646757,65557,Block 1_3_ac5cd6b6,3,ac5cd6b6-fa40-4c77-bbf7-7b86b7381c6f,192.224,,,563,3,,
afdc759c-fc1f-583c-84f1-74f84ba769b4,phase_change,1789378383.4491253,262.228,65558,1,1,,1,G01,A,focused,phase_change,video,,0.0,0.0,,,,,,,,324f7c1e-da89-4a22-ba3a-14cd4903bda9,sub-001,ses-001,2c8d1db0-377a-4577-9ffd-9648e6197a36,236c2dd9-7af5-4104-acf6-d8b2600b9bd5,1789378383.4646757,1789378383.4502997,306081.89999997616,browser,browser_calibrated,-0.0011744499206542969,1.3000965118408203,65557,65557,1,-46.44966125488281,host_receive_nearest,verified,1,1,,,,,,,,,1,,,,,,,,,,,,,,,,,,,,V1,A,192.502,1789378383.4502997,1789378383.4646757,65557,,,,,,,,,,
75f0f624-2e8d-5970-ada2-99b2fda44303,video_resume,1789378383.4491253,262.228,65558,1,1,,1,G01,A,focused,video_resume,192.502,,0.0,0.0,,,,,,,"{""client_event_id"":""2c8d1db0-377a-4577-9ffd-9648e6197a36"",""recorder_run_id"":""324f7c1e-da89-4a22-ba3a-14cd4903bda9"",""client_id"":""236c2dd9-7af5-4104-acf6-d8b2600b9bd5"",""client_timestamp"":1789378383.4502997,""client_monotonic_ms"":306081.89999997616,""event_timestamp"":1789378383.4491253,""clock_offset_sec"":-0.0011744499206542969,""clock_round_trip_ms"":1.3000965118408203,""subject_id"":""sub-001"",""session_id"":""ses-001"",""block_id"":""Block 1"",""counterbalance_group"":""G01"",""block_order"":""Block 1"",""condition"":""A"",""condition_type"":""focused"",""topic_key"":""V1"",""topic_name"":""商鞅 一个改变秦国命运的男人"",""event_type"":""video_resume"",""iso_time"":""2026-09-14T09:33:03.450Z"",""relative_ms"":236343,""video_time_sec"":192.502,""probe_id"":""Block 1_3_ac5cd6b6"",""probe_index"":3,""probe_schedule_id"":""ac5cd6b6-fa40-4c77-bbf7-7b86b7381c6f"",""probe_planned_time_sec"":192.224,""video_id"":""V1"",""pause_reason"":""thought_probe"",""resume_status"":""playing""}",324f7c1e-da89-4a22-ba3a-14cd4903bda9,sub-001,ses-001,2c8d1db0-377a-4577-9ffd-9648e6197a36,236c2dd9-7af5-4104-acf6-d8b2600b9bd5,1789378383.4646757,1789378383.4502997,306081.89999997616,browser,browser_calibrated,-0.0011744499206542969,1.3000965118408203,65557,65557,1,-46.44966125488281,host_receive_nearest,verified,1,1,,,,,,,,,1,,,,,,,,,,,,,,,,,,,,V1,A,192.502,1789378383.4502997,1789378383.4646757,65557,Block 1_3_ac5cd6b6,,,,,,,,,thought_probe
908a60d4-32c4-5852-94c6-db3cf7d30ff4,qc_status_change,1789378418.9496756,298.008,74503,1,1,,1,G01,A,focused,qc_status_change,warning,,0.0,0.0,,,,,,,通道2 RMS相对基线异常，正在确认是否持续。,324f7c1e-da89-4a22-ba3a-14cd4903bda9,sub-001,ses-001,,,1789378418.9496756,,,recorder,server,,,74502,74502,1,0.0,host_receive_nearest,,,,,,,,,,,,1,,,,,,,,,,,,,,,,,,,,V1,A,,,1789378418.9496756,74502,,,,,,,,,,
042f7e56-e574-5f1c-ad97-214a5ec236cb,qc_status_change,1789378420.9496756,300.008,75003,1,1,,1,G01,A,focused,qc_status_change,good,,0.0,0.0,,,,,,,当前QC指标正常。,324f7c1e-da89-4a22-ba3a-14cd4903bda9,sub-001,ses-001,,,1789378420.9496756,,,recorder,server,,,75002,75002,1,0.0,host_receive_nearest,,,,,,,,,,,,1,,,,,,,,,,,,,,,,,,,,V1,A,,,1789378420.9496756,75002,,,,,,,,,,
d580b787-86a9-54d1-a56e-bcb45673ba1f,qc_status_change,1789378434.9646757,313.988,78458,1,1,,1,G01,A,focused,qc_status_change,warning,,0.0,0.0,,,,,,,丢包率 1.60% 偏高。,324f7c1e-da89-4a22-ba3a-14cd4903bda9,sub-001,ses-001,,,1789378434.9646757,,,recorder,server,,,78457,78497,1,-31.000137329101562,host_receive_nearest,,,,,,,,,,,,1,,,,,,,,,,,,,,,,,,,,V1,A,,,1789378434.9646757,78497,,,,,,,,,,
ee51951c-0b6c-5204-b6d2-084d0e75f084,qc_status_change,1789378444.9496756,323.988,80958,1,1,,1,G01,A,focused,qc_status_change,good,,0.0,0.0,,,,,,,当前QC指标正常。,324f7c1e-da89-4a22-ba3a-14cd4903bda9,sub-001,ses-001,,,1789378444.9496756,,,recorder,server,,,80957,80997,1,-16.000032424926758,host_receive_nearest,,,,,,,,,,,,1,,,,,,,,,,,,,,,,,,,,V1,A,,,1789378444.9496756,80997,,,,,,,,,,
08402a26-bf7e-5daf-9bcb-7a1350c9451e,qc_status_change,1789378458.9496756,337.988,84458,1,1,,1,G01,A,focused,qc_status_change,warning,,0.0,0.0,,,,,,,通道2 RMS相对基线异常，正在确认是否持续。,324f7c1e-da89-4a22-ba3a-14cd4903bda9,sub-001,ses-001,,,1789378458.9496756,,,recorder,server,,,84457,84497,1,0.0,host_receive_nearest,,,,,,,,,,,,1,,,,,,,,,,,,,,,,,,,,V1,A,,,1789378458.9496756,84497,,,,,,,,,,
8cd70864-0bcb-520e-abd1-7b7cd65d9fdd,qc_status_change,1789378460.9496756,339.928,84943,1,1,,1,G01,A,focused,qc_status_change,good,,0.0,0.0,,,,,,,当前QC指标正常。,324f7c1e-da89-4a22-ba3a-14cd4903bda9,sub-001,ses-001,,,1789378460.9496756,,,recorder,server,,,84942,84982,1,-16.000032424926758,host_receive_nearest,,,,,,,,,,,,1,,,,,,,,,,,,,,,,,,,,V1,A,,,1789378460.9496756,84982,,,,,,,,,,
23fe6cfd-2182-5176-845e-00e5e13a2741,qc_status_change,1789378466.9646757,345.988,86458,1,1,,1,G01,A,focused,qc_status_change,warning,,0.0,0.0,,,,,,,通道2 RMS相对基线异常，正在确认是否持续。,324f7c1e-da89-4a22-ba3a-14cd4903bda9,sub-001,ses-001,,,1789378466.9646757,,,recorder,server,,,86457,86497,1,-31.000137329101562,host_receive_nearest,,,,,,,,,,,,1,,,,,,,,,,,,,,,,,,,,V1,A,,,1789378466.9646757,86497,,,,,,,,,,
a0e45d0c-700f-531b-a90a-c3aa0e104fd7,qc_status_change,1789378468.9646757,348.008,86963,1,1,,1,G01,A,focused,qc_status_change,good,,0.0,0.0,,,,,,,当前QC指标正常。,324f7c1e-da89-4a22-ba3a-14cd4903bda9,sub-001,ses-001,,,1789378468.9646757,,,recorder,server,,,86962,87002,1,0.0,host_receive_nearest,,,,,,,,,,,,1,,,,,,,,,,,,,,,,,,,,V1,A,,,1789378468.9646757,87002,,,,,,,,,,
5eb4ce50-3dbf-5555-b1e8-e4949c0269e2,probe_onset,1789378471.4893255,350.528,87593,1,1,,1,G01,A,focused,probe_onset,Block 1_4_ac5cd6b6,,0.0,0.0,,,,,,,"{""client_event_id"":""9d2a7a12-5fc7-4e22-ac42-99e8f6802ad0"",""recorder_run_id"":""324f7c1e-da89-4a22-ba3a-14cd4903bda9"",""client_id"":""236c2dd9-7af5-4104-acf6-d8b2600b9bd5"",""client_timestamp"":1789378471.4822998,""client_monotonic_ms"":394113.89999997616,""event_timestamp"":1789378471.4893255,""clock_offset_sec"":0.007025718688964844,""clock_round_trip_ms"":1.2998580932617188,""subject_id"":""sub-001"",""session_id"":""ses-001"",""block_id"":""Block 1"",""counterbalance_group"":""G01"",""block_order"":""Block 1"",""condition"":""A"",""condition_type"":""focused"",""topic_key"":""V1"",""topic_name"":""商鞅 一个改变秦国命运的男人"",""event_type"":""probe_onset"",""iso_time"":""2026-09-14T09:34:31.482Z"",""relative_ms"":324375,""video_time_sec"":280.268,""probe_id"":""Block 1_4_ac5cd6b6"",""probe_index"":4,""probe_schedule_id"":""ac5cd6b6-fa40-4c77-bbf7-7b86b7381c6f"",""probe_planned_time_sec"":280.259,""video_id"":""V1"",""pause_reason"":""thought_probe"",""forced"":false}",324f7c1e-da89-4a22-ba3a-14cd4903bda9,sub-001,ses-001,9d2a7a12-5fc7-4e22-ac42-99e8f6802ad0,236c2dd9-7af5-4104-acf6-d8b2600b9bd5,1789378471.4966755,1789378471.4822998,394113.89999997616,browser,browser_calibrated,0.007025718688964844,1.2998580932617188,87592,87632,1,-24.649858474731445,host_receive_nearest,verified,1,1,,,,,,,,,1,,,,,,,,,,,,,,,,,,,,V1,A,280.268,1789378471.4822998,1789378471.4966755,87632,Block 1_4_ac5cd6b6,4,ac5cd6b6-fa40-4c77-bbf7-7b86b7381c6f,280.259,,,,,,thought_probe
896779a3-5e41-520f-a608-04cd8d816993,attention_response,1789378473.6173255,352.668,88128,1,1,,1,G01,A,focused,attention_response,1,,0.0,0.0,,,,,,,"{""client_event_id"":""8ebd0c5c-f177-4c8c-99fa-8e80c11b7633"",""recorder_run_id"":""324f7c1e-da89-4a22-ba3a-14cd4903bda9"",""client_id"":""236c2dd9-7af5-4104-acf6-d8b2600b9bd5"",""client_timestamp"":1789378473.6102998,""client_monotonic_ms"":396241.89999997616,""event_timestamp"":1789378473.6173255,""clock_offset_sec"":0.007025718688964844,""clock_round_trip_ms"":1.2998580932617188,""subject_id"":""sub-001"",""session_id"":""ses-001"",""block_id"":""Block 1"",""counterbalance_group"":""G01"",""block_order"":""Block 1"",""condition"":""A"",""condition_type"":""focused"",""topic_key"":""V1"",""topic_name"":""商鞅 一个改变秦国命运的男人"",""event_type"":""attention_response"",""iso_time"":""2026-09-14T09:34:33.610Z"",""relative_ms"":326503,""video_time_sec"":280.268,""probe_id"":""Block 1_4_ac5cd6b6"",""probe_index"":4,""probe_schedule_id"":""ac5cd6b6-fa40-4c77-bbf7-7b86b7381c6f"",""probe_planned_time_sec"":280.259,""video_id"":""V1"",""response"":1,""response_label"":""课程内容"",""probe_attention"":""ON"",""response_time_ms"":2128}",324f7c1e-da89-4a22-ba3a-14cd4903bda9,sub-001,ses-001,8ebd0c5c-f177-4c8c-99fa-8e80c11b7633,236c2dd9-7af5-4104-acf6-d8b2600b9bd5,1789378473.6216755,1789378473.6102998,396241.89999997616,browser,browser_calibrated,0.007025718688964844,1.2998580932617188,88127,88167,1,-11.649847030639648,host_receive_nearest,verified,1,1,,,,,,,,,1,,,,,,,,,,,,,,,,,,,,V1,A,280.268,1789378473.6102998,1789378473.6216755,88167,Block 1_4_ac5cd6b6,4,ac5cd6b6-fa40-4c77-bbf7-7b86b7381c6f,280.259,1,课程内容,2128,,ON,
cbd86d2f-dcd4-54e8-8d5f-6e723ed73a48,confidence_response,1789378474.2778256,353.268,88278,1,1,,1,G01,A,focused,confidence_response,3,,0.0,0.0,,,,,,,"{""client_event_id"":""82c531a8-8453-4eaf-8542-1cd527fff234"",""recorder_run_id"":""324f7c1e-da89-4a22-ba3a-14cd4903bda9"",""client_id"":""236c2dd9-7af5-4104-acf6-d8b2600b9bd5"",""client_timestamp"":1789378474.2707999,""client_monotonic_ms"":396902.39999997616,""event_timestamp"":1789378474.2778256,""clock_offset_sec"":0.007025718688964844,""clock_round_trip_ms"":1.2998580932617188,""subject_id"":""sub-001"",""session_id"":""ses-001"",""block_id"":""Block 1"",""counterbalance_group"":""G01"",""block_order"":""Block 1"",""condition"":""A"",""condition_type"":""focused"",""topic_key"":""V1"",""topic_name"":""商鞅 一个改变秦国命运的男人"",""event_type"":""confidence_response"",""iso_time"":""2026-09-14T09:34:34.270Z"",""relative_ms"":327163,""video_time_sec"":280.268,""probe_id"":""Block 1_4_ac5cd6b6"",""probe_index"":4,""probe_schedule_id"":""ac5cd6b6-fa40-4c77-bbf7-7b86b7381c6f"",""probe_planned_time_sec"":280.259,""video_id"":""V1"",""response"":1,""confidence"":3,""response_time_ms"":661}",324f7c1e-da89-4a22-ba3a-14cd4903bda9,sub-001,ses-001,82c531a8-8453-4eaf-8542-1cd527fff234,236c2dd9-7af5-4104-acf6-d8b2600b9bd5,1789378474.2776756,1789378474.2707999,396902.39999997616,browser,browser_calibrated,0.007025718688964844,1.2998580932617188,88277,88317,1,-0.1499652862548828,host_receive_nearest,verified,1,1,,,,,,,,,1,,,,,,,,,,,,,,,,,,,,V1,A,280.268,1789378474.2707999,1789378474.2776756,88317,Block 1_4_ac5cd6b6,4,ac5cd6b6-fa40-4c77-bbf7-7b86b7381c6f,280.259,,,661,3,,
0d87129e-9a2a-5cf9-95c3-b945c4076a60,phase_change,1789378474.2808256,353.268,88278,1,1,,1,G01,A,focused,phase_change,video,,0.0,0.0,,,,,,,,324f7c1e-da89-4a22-ba3a-14cd4903bda9,sub-001,ses-001,f5a250b9-954f-46c8-9a3d-53660d86707c,236c2dd9-7af5-4104-acf6-d8b2600b9bd5,1789378474.2776756,1789378474.2738,396905.39999997616,browser,browser_calibrated,0.007025718688964844,1.2998580932617188,88277,88317,1,-3.1499862670898438,host_receive_nearest,verified,1,1,,,,,,,,,1,,,,,,,,,,,,,,,,,,,,V1,A,280.522,1789378474.2738,1789378474.2776756,88317,,,,,,,,,,
ed891caf-1436-5619-9562-786209e43016,video_resume,1789378474.2808256,353.268,88278,1,1,,1,G01,A,focused,video_resume,280.522,,0.0,0.0,,,,,,,"{""client_event_id"":""f5a250b9-954f-46c8-9a3d-53660d86707c"",""recorder_run_id"":""324f7c1e-da89-4a22-ba3a-14cd4903bda9"",""client_id"":""236c2dd9-7af5-4104-acf6-d8b2600b9bd5"",""client_timestamp"":1789378474.2738,""client_monotonic_ms"":396905.39999997616,""event_timestamp"":1789378474.2808256,""clock_offset_sec"":0.007025718688964844,""clock_round_trip_ms"":1.2998580932617188,""subject_id"":""sub-001"",""session_id"":""ses-001"",""block_id"":""Block 1"",""counterbalance_group"":""G01"",""block_order"":""Block 1"",""condition"":""A"",""condition_type"":""focused"",""topic_key"":""V1"",""topic_name"":""商鞅 一个改变秦国命运的男人"",""event_type"":""video_resume"",""iso_time"":""2026-09-14T09:34:34.273Z"",""relative_ms"":327166,""video_time_sec"":280.522,""probe_id"":""Block 1_4_ac5cd6b6"",""probe_index"":4,""probe_schedule_id"":""ac5cd6b6-fa40-4c77-bbf7-7b86b7381c6f"",""probe_planned_time_sec"":280.259,""video_id"":""V1"",""pause_reason"":""thought_probe"",""resume_status"":""playing""}",324f7c1e-da89-4a22-ba3a-14cd4903bda9,sub-001,ses-001,f5a250b9-954f-46c8-9a3d-53660d86707c,236c2dd9-7af5-4104-acf6-d8b2600b9bd5,1789378474.2776756,1789378474.2738,396905.39999997616,browser,browser_calibrated,0.007025718688964844,1.2998580932617188,88277,88317,1,-3.1499862670898438,host_receive_nearest,verified,1,1,,,,,,,,,1,,,,,,,,,,,,,,,,,,,,V1,A,280.522,1789378474.2738,1789378474.2776756,88317,Block 1_4_ac5cd6b6,,,,,,,,,thought_probe
2bc12a49-e5a9-5d46-aff9-d2cb7df71b0f,qc_status_change,1789378502.9646757,382.028,95468,1,1,,1,G01,A,focused,qc_status_change,warning,,0.0,0.0,,,,,,,通道2 RMS相对基线异常，正在确认是否持续。,324f7c1e-da89-4a22-ba3a-14cd4903bda9,sub-001,ses-001,,,1789378502.9646757,,,recorder,server,,,95467,95507,1,0.0,host_receive_nearest,,,,,,,,,,,,1,,,,,,,,,,,,,,,,,,,,V1,A,,,1789378502.9646757,95507,,,,,,,,,,
d083c42f-df34-554b-a39e-c597c05ebecc,qc_status_change,1789378508.9496756,387.948,96948,1,1,,1,G01,A,focused,qc_status_change,good,,0.0,0.0,,,,,,,当前QC指标正常。,324f7c1e-da89-4a22-ba3a-14cd4903bda9,sub-001,ses-001,,,1789378508.9496756,,,recorder,server,,,96947,96987,1,-16.000032424926758,host_receive_nearest,,,,,,,,,,,,1,,,,,,,,,,,,,,,,,,,,V1,A,,,1789378508.9496756,96987,,,,,,,,,,
2b6a2777-1d52-5893-a0ad-39c2660c7251,qc_status_change,1789378526.9496756,405.988,101458,1,1,,1,G01,A,focused,qc_status_change,warning,,0.0,0.0,,,,,,,通道2 RMS相对基线异常，正在确认是否持续。,324f7c1e-da89-4a22-ba3a-14cd4903bda9,sub-001,ses-001,,,1789378526.9496756,,,recorder,server,,,101457,101497,1,0.0,host_receive_nearest,,,,,,,,,,,,1,,,,,,,,,,,,,,,,,,,,V1,A,,,1789378526.9496756,101497,,,,,,,,,,
114fb351-38c3-584c-bd52-5596e188037a,qc_status_change,1789378530.9496756,410.008,102463,1,1,,1,G01,A,focused,qc_status_change,good,,0.0,0.0,,,,,,,当前QC指标正常。,324f7c1e-da89-4a22-ba3a-14cd4903bda9,sub-001,ses-001,,,1789378530.9496756,,,recorder,server,,,102462,102502,1,0.0,host_receive_nearest,,,,,,,,,,,,1,,,,,,,,,,,,,,,,,,,,V1,A,,,1789378530.9496756,102502,,,,,,,,,,
fb068406-ad2f-5755-aa15-c2c375fedd5a,video_end,1789378540.8252757,419.848,104932,1,1,,1,G01,A,focused,video_end,V1,,0.0,0.0,,,,,,,,324f7c1e-da89-4a22-ba3a-14cd4903bda9,sub-001,ses-001,dc53a8a9-488c-46a5-a16c-33943244dba5,236c2dd9-7af5-4104-acf6-d8b2600b9bd5,1789378540.8396757,1789378540.8251,463456.6999999881,browser,browser_calibrated,0.00017571449279785156,1.4002323150634766,104922,104962,1,14.400005340576172,host_receive_nearest,verified,1,1,,,,,,,,,1,,,,,,,,,,,,,,,,,,,,V1,A,346.795,1789378540.8251,1789378540.8396757,104962,,,,,,,,,,
b6159e04-82fd-5ec0-b9e3-c76f726ac6e7,browser_video_ended,1789378540.8252757,419.848,104932,1,1,,1,G01,A,focused,browser_video_ended,,,0.0,0.0,,,,,,,"{""client_event_id"":""dc53a8a9-488c-46a5-a16c-33943244dba5"",""recorder_run_id"":""324f7c1e-da89-4a22-ba3a-14cd4903bda9"",""client_id"":""236c2dd9-7af5-4104-acf6-d8b2600b9bd5"",""client_timestamp"":1789378540.8251,""client_monotonic_ms"":463456.6999999881,""event_timestamp"":1789378540.8252757,""clock_offset_sec"":0.00017571449279785156,""clock_round_trip_ms"":1.4002323150634766,""subject_id"":""sub-001"",""session_id"":""ses-001"",""block_id"":""Block 1"",""counterbalance_group"":""G01"",""block_order"":""Block 1"",""condition"":""A"",""condition_type"":""focused"",""topic_key"":""V1"",""topic_name"":""商鞅 一个改变秦国命运的男人"",""event_type"":""video_ended"",""iso_time"":""2026-09-14T09:35:40.825Z"",""relative_ms"":393718,""video_time_sec"":346.795}",324f7c1e-da89-4a22-ba3a-14cd4903bda9,sub-001,ses-001,dc53a8a9-488c-46a5-a16c-33943244dba5,236c2dd9-7af5-4104-acf6-d8b2600b9bd5,1789378540.8396757,1789378540.8251,463456.6999999881,browser,browser_calibrated,0.00017571449279785156,1.4002323150634766,104922,104962,1,14.400005340576172,host_receive_nearest,verified,1,1,,,,,,,,,1,,,,,,,,,,,,,,,,,,,,V1,A,346.795,1789378540.8251,1789378540.8396757,104962,,,,,,,,,,
14806ea7-e7f3-5d85-b88f-5c1843240b8d,browser_block_end,1789378540.8277755,419.848,104932,1,1,,1,G01,A,focused,browser_block_end,视频自然播放结束,,0.0,0.0,,,,,,,"{""client_event_id"":""736cee17-18f1-40fc-8c90-304fa0144c96"",""recorder_run_id"":""324f7c1e-da89-4a22-ba3a-14cd4903bda9"",""client_id"":""236c2dd9-7af5-4104-acf6-d8b2600b9bd5"",""client_timestamp"":1789378540.8275998,""client_monotonic_ms"":463459.39999997616,""event_timestamp"":1789378540.8277755,""clock_offset_sec"":0.00017571449279785156,""clock_round_trip_ms"":1.4002323150634766,""subject_id"":""sub-001"",""session_id"":""ses-001"",""block_id"":""Block 1"",""counterbalance_group"":""G01"",""block_order"":""Block 1"",""condition"":""A"",""condition_type"":""focused"",""topic_key"":""V1"",""topic_name"":""商鞅 一个改变秦国命运的男人"",""event_type"":""block_end"",""iso_time"":""2026-09-14T09:35:40.827Z"",""relative_ms"":393720,""video_time_sec"":346.795,""reason"":""视频自然播放结束""}",324f7c1e-da89-4a22-ba3a-14cd4903bda9,sub-001,ses-001,736cee17-18f1-40fc-8c90-304fa0144c96,236c2dd9-7af5-4104-acf6-d8b2600b9bd5,1789378540.8556757,1789378540.8275998,463459.39999997616,browser,browser_calibrated,0.00017571449279785156,1.4002323150634766,104922,104962,1,11.900186538696289,host_receive_nearest,verified,1,1,,,,,,,,,1,,,,,,,,,,,,,,,,,,,,V1,A,346.795,1789378540.8275998,1789378540.8556757,104962,,,,,,,,,,
721e008d-8805-596d-95fe-8abb2ac57647,rating_start,1789378540.8286757,419.848,104932,1,1,,1,G01,A,focused,rating_start,,,0.0,0.0,,,,,,,"{""client_event_id"":""f0efd1b3-5715-40eb-8c8d-de9cd986d245"",""recorder_run_id"":""324f7c1e-da89-4a22-ba3a-14cd4903bda9"",""client_id"":""236c2dd9-7af5-4104-acf6-d8b2600b9bd5"",""client_timestamp"":1789378540.8285,""client_monotonic_ms"":463460.09999999404,""event_timestamp"":1789378540.8286757,""clock_offset_sec"":0.00017571449279785156,""clock_round_trip_ms"":1.4002323150634766,""subject_id"":""sub-001"",""session_id"":""ses-001"",""block_id"":""Block 1"",""counterbalance_group"":""G01"",""block_order"":""Block 1"",""condition"":""A"",""condition_type"":""focused"",""topic_key"":""V1"",""topic_name"":""商鞅 一个改变秦国命运的男人"",""event_type"":""rating_start"",""iso_time"":""2026-09-14T09:35:40.828Z"",""relative_ms"":393721,""video_time_sec"":346.795}",324f7c1e-da89-4a22-ba3a-14cd4903bda9,sub-001,ses-001,f0efd1b3-5715-40eb-8c8d-de9cd986d245,236c2dd9-7af5-4104-acf6-d8b2600b9bd5,1789378540.8556757,1789378540.8285,463460.09999999404,browser,browser_calibrated,0.00017571449279785156,1.4002323150634766,104922,104962,1,10.999917984008789,host_receive_nearest,verified,1,1,,,,,,,,,1,,,,,,,,,,,,,,,,,,,,V1,A,346.795,1789378540.8285,1789378540.8556757,104962,,,,,,,,,,
62f4db9c-f377-5288-ad23-d7e08fa49438,rating_item_response,1789378544.4550755,423.424,105817,1,1,,1,G01,A,focused,rating_item_response,4,,0.0,0.0,,,,,,,"{""client_event_id"":""a89d9e09-04d0-4bf5-8cc9-ea3d6fc946e2"",""recorder_run_id"":""324f7c1e-da89-4a22-ba3a-14cd4903bda9"",""client_id"":""236c2dd9-7af5-4104-acf6-d8b2600b9bd5"",""client_timestamp"":1789378544.4548998,""client_monotonic_ms"":467086.59999999404,""event_timestamp"":1789378544.4550755,""clock_offset_sec"":0.00017571449279785156,""clock_round_trip_ms"":1.4002323150634766,""subject_id"":""sub-001"",""session_id"":""ses-001"",""block_id"":""Block 1"",""counterbalance_group"":""G01"",""block_order"":""Block 1"",""condition"":""A"",""condition_type"":""focused"",""topic_key"":""V1"",""topic_name"":""商鞅 一个改变秦国命运的男人"",""event_type"":""rating_item_response"",""iso_time"":""2026-09-14T09:35:44.455Z"",""relative_ms"":397347,""video_time_sec"":346.795,""rating_item"":""course_attention_rating"",""rating_value"":""4"",""response_time_ms"":3626}",324f7c1e-da89-4a22-ba3a-14cd4903bda9,sub-001,ses-001,a89d9e09-04d0-4bf5-8cc9-ea3d6fc946e2,236c2dd9-7af5-4104-acf6-d8b2600b9bd5,1789378544.4646757,1789378544.4548998,467086.59999999404,browser,browser_calibrated,0.00017571449279785156,1.4002323150634766,105816,105856,1,-5.399942398071289,host_receive_nearest,verified,1,1,,,,,,,,,1,,,,,,,,,,,,,course_attention_rating,4,,,,,,V1,A,346.795,1789378544.4548998,1789378544.4646757,105856,,,,,,,3626,,,
a568a2a7-6826-5ced-9dd2-dce04ee310cf,rating_item_response,1789378547.7718756,426.804,106662,1,1,,1,G01,A,focused,rating_item_response,4,,0.0,0.0,,,,,,,"{""client_event_id"":""f7bb9e72-7831-4f40-be12-c914b2f85606"",""recorder_run_id"":""324f7c1e-da89-4a22-ba3a-14cd4903bda9"",""client_id"":""236c2dd9-7af5-4104-acf6-d8b2600b9bd5"",""client_timestamp"":1789378547.768,""client_monotonic_ms"":470399.59999999404,""event_timestamp"":1789378547.7718756,""clock_offset_sec"":0.003875732421875,""clock_round_trip_ms"":1.399993896484375,""subject_id"":""sub-001"",""session_id"":""ses-001"",""block_id"":""Block 1"",""counterbalance_group"":""G01"",""block_order"":""Block 1"",""condition"":""A"",""condition_type"":""focused"",""topic_key"":""V1"",""topic_name"":""商鞅 一个改变秦国命运的男人"",""event_type"":""rating_item_response"",""iso_time"":""2026-09-14T09:35:47.768Z"",""relative_ms"":400660,""video_time_sec"":346.795,""rating_item"":""mental_effort"",""rating_value"":""4"",""response_time_ms"":6940}",324f7c1e-da89-4a22-ba3a-14cd4903bda9,sub-001,ses-001,f7bb9e72-7831-4f40-be12-c914b2f85606,236c2dd9-7af5-4104-acf6-d8b2600b9bd5,1789378547.7776756,1789378547.768,470399.59999999404,browser,browser_calibrated,0.003875732421875,1.399993896484375,106661,106701,1,-25.20012855529785,host_receive_nearest,verified,1,1,,,,,,,,,1,,,,,,,,,,,,,mental_effort,4,,,,,,V1,A,346.795,1789378547.768,1789378547.7776756,106701,,,,,,,6940,,,
e41e4848-f835-5c05-81dc-8702ba5d7f4c,rating_item_response,1789378549.1700757,428.184,107007,1,1,,1,G01,A,focused,rating_item_response,3,,0.0,0.0,,,,,,,"{""client_event_id"":""400b9599-f2e9-4cb2-97a0-a486d6bdb0a2"",""recorder_run_id"":""324f7c1e-da89-4a22-ba3a-14cd4903bda9"",""client_id"":""236c2dd9-7af5-4104-acf6-d8b2600b9bd5"",""client_timestamp"":1789378549.1662,""client_monotonic_ms"":471797.7999999821,""event_timestamp"":1789378549.1700757,""clock_offset_sec"":0.003875732421875,""clock_round_trip_ms"":1.399993896484375,""subject_id"":""sub-001"",""session_id"":""ses-001"",""block_id"":""Block 1"",""counterbalance_group"":""G01"",""block_order"":""Block 1"",""condition"":""A"",""condition_type"":""focused"",""topic_key"":""V1"",""topic_name"":""商鞅 一个改变秦国命运的男人"",""event_type"":""rating_item_response"",""iso_time"":""2026-09-14T09:35:49.166Z"",""relative_ms"":402059,""video_time_sec"":346.795,""rating_item"":""video_interest"",""rating_value"":""3"",""response_time_ms"":8338}",324f7c1e-da89-4a22-ba3a-14cd4903bda9,sub-001,ses-001,400b9599-f2e9-4cb2-97a0-a486d6bdb0a2,236c2dd9-7af5-4104-acf6-d8b2600b9bd5,1789378549.1686757,1789378549.1662,471797.7999999821,browser,browser_calibrated,0.003875732421875,1.399993896484375,107006,107046,1,-33.40005874633789,host_receive_nearest,verified,1,1,,,,,,,,,1,,,,,,,,,,,,,video_interest,3,,,,,,V1,A,346.795,1789378549.1662,1789378549.1686757,107046,,,,,,,8338,,,
71605108-86b2-5b54-a400-afacb576d9e1,rating_item_response,1789378550.7250757,429.764,107402,1,1,,1,G01,A,focused,rating_item_response,1,,0.0,0.0,,,,,,,"{""client_event_id"":""fdde894d-136d-4d0d-b354-633fdb086d16"",""recorder_run_id"":""324f7c1e-da89-4a22-ba3a-14cd4903bda9"",""client_id"":""236c2dd9-7af5-4104-acf6-d8b2600b9bd5"",""client_timestamp"":1789378550.7212,""client_monotonic_ms"":473352.7999999821,""event_timestamp"":1789378550.7250757,""clock_offset_sec"":0.003875732421875,""clock_round_trip_ms"":1.399993896484375,""subject_id"":""sub-001"",""session_id"":""ses-001"",""block_id"":""Block 1"",""counterbalance_group"":""G01"",""block_order"":""Block 1"",""condition"":""A"",""condition_type"":""focused"",""topic_key"":""V1"",""topic_name"":""商鞅 一个改变秦国命运的男人"",""event_type"":""rating_item_response"",""iso_time"":""2026-09-14T09:35:50.721Z"",""relative_ms"":403614,""video_time_sec"":346.795,""rating_item"":""video_difficulty"",""rating_value"":""1"",""response_time_ms"":9893}",324f7c1e-da89-4a22-ba3a-14cd4903bda9,sub-001,ses-001,fdde894d-136d-4d0d-b354-633fdb086d16,236c2dd9-7af5-4104-acf6-d8b2600b9bd5,1789378550.7306757,1789378550.7212,473352.7999999821,browser,browser_calibrated,0.003875732421875,1.399993896484375,107401,107441,1,-10.400056838989258,host_receive_nearest,verified,1,1,,,,,,,,,1,,,,,,,,,,,,,video_difficulty,1,,,,,,V1,A,346.795,1789378550.7212,1789378550.7306757,107441,,,,,,,9893,,,
9ad5aad6-91bf-5216-98a7-91b1190b03ea,rating_end,1789378551.2708757,430.284,107532,1,1,,1,G01,A,focused,rating_end,,10.438,0.0,0.0,,,,,,,"{""client_event_id"":""0e46cb48-9ca3-444f-8f31-43bab7642033"",""recorder_run_id"":""324f7c1e-da89-4a22-ba3a-14cd4903bda9"",""client_id"":""236c2dd9-7af5-4104-acf6-d8b2600b9bd5"",""client_timestamp"":1789378551.267,""client_monotonic_ms"":473898.59999999404,""event_timestamp"":1789378551.2708757,""clock_offset_sec"":0.003875732421875,""clock_round_trip_ms"":1.399993896484375,""subject_id"":""sub-001"",""session_id"":""ses-001"",""block_id"":""Block 1"",""counterbalance_group"":""G01"",""block_order"":""Block 1"",""condition"":""A"",""condition_type"":""focused"",""topic_key"":""V1"",""topic_name"":""商鞅 一个改变秦国命运的男人"",""event_type"":""rating_end"",""iso_time"":""2026-09-14T09:35:51.267Z"",""relative_ms"":404159,""video_time_sec"":346.795,""video_id"":""V1"",""course_attention_rating"":4,""mental_effort"":4,""video_interest"":3,""video_difficulty"":1,""subtraction_compliance"":"""",""subtraction_difficulty"":"""",""reported_final_number"":"""",""duration_sec"":10.438,""submitted_iso"":""2026-09-14T09:35:51.267Z"",""submitted_relative_ms"":404159}",324f7c1e-da89-4a22-ba3a-14cd4903bda9,sub-001,ses-001,0e46cb48-9ca3-444f-8f31-43bab7642033,236c2dd9-7af5-4104-acf6-d8b2600b9bd5,1789378551.2776756,1789378551.267,473898.59999999404,browser,browser_calibrated,0.003875732421875,1.399993896484375,107531,107571,1,-40.199995040893555,host_receive_nearest,verified,1,1,,,,,,,,,1,,,,4,4,3,1,,,,,,,,,,,,,V1,A,346.795,1789378551.267,1789378551.2776756,107571,,,,,,,,,,
03e4cb38-451c-55a8-833d-14a607eb9cad,quiz_start,1789378551.2724755,430.284,107532,1,1,,1,G01,A,focused,quiz_start,,,0.0,0.0,,,,,,,"{""client_event_id"":""36e5e129-3587-4cbd-bf07-4481f88c77d1"",""recorder_run_id"":""324f7c1e-da89-4a22-ba3a-14cd4903bda9"",""client_id"":""236c2dd9-7af5-4104-acf6-d8b2600b9bd5"",""client_timestamp"":1789378551.2685997,""client_monotonic_ms"":473900.1999999881,""event_timestamp"":1789378551.2724755,""clock_offset_sec"":0.003875732421875,""clock_round_trip_ms"":1.399993896484375,""subject_id"":""sub-001"",""session_id"":""ses-001"",""block_id"":""Block 1"",""counterbalance_group"":""G01"",""block_order"":""Block 1"",""condition"":""A"",""condition_type"":""focused"",""topic_key"":""V1"",""topic_name"":""商鞅 一个改变秦国命运的男人"",""event_type"":""quiz_start"",""iso_time"":""2026-09-14T09:35:51.268Z"",""relative_ms"":404161,""video_time_sec"":346.795}",324f7c1e-da89-4a22-ba3a-14cd4903bda9,sub-001,ses-001,36e5e129-3587-4cbd-bf07-4481f88c77d1,236c2dd9-7af5-4104-acf6-d8b2600b9bd5,1789378551.2776756,1789378551.2685997,473900.1999999881,browser,browser_calibrated,0.003875732421875,1.399993896484375,107531,107571,1,-41.79978370666504,host_receive_nearest,verified,1,1,,,,,,,,,1,,,,,,,,,,,,,,,,,,,,V1,A,346.795,1789378551.2685997,1789378551.2776756,107571,,,,,,,,,,
2a2408ab-198e-5619-9a24-a4134b7565ef,quiz_item_response,1789378561.6374757,440.664,110127,1,1,,1,G01,A,focused,quiz_item_response,商鞅变法发生在哪个国家？,,0.0,0.0,,V1Q1,C,C,True,1489,"{""client_event_id"":""145e2227-915b-4e9d-a05f-2826d18b6c4d"",""recorder_run_id"":""324f7c1e-da89-4a22-ba3a-14cd4903bda9"",""client_id"":""236c2dd9-7af5-4104-acf6-d8b2600b9bd5"",""client_timestamp"":1789378561.6369,""client_monotonic_ms"":484268.5,""event_timestamp"":1789378561.6374757,""clock_offset_sec"":0.0005757808685302734,""clock_round_trip_ms"":1.3997554779052734,""subject_id"":""sub-001"",""session_id"":""ses-001"",""block_id"":""Block 1"",""counterbalance_group"":""G01"",""block_order"":""Block 1"",""condition"":""A"",""condition_type"":""focused"",""topic_key"":""V1"",""topic_name"":""商鞅 一个改变秦国命运的男人"",""event_type"":""quiz_item_response"",""iso_time"":""2026-09-14T09:36:01.637Z"",""relative_ms"":414529,""video_time_sec"":346.795,""video_id"":""V1"",""question_id"":""V1Q1"",""question_text"":""商鞅变法发生在哪个国家？"",""response_index"":2,""response_letter"":""C"",""response_text"":""秦国"",""correct_index"":2,""correct_letter"":""C"",""correct_text"":""秦国"",""is_correct"":true,""reaction_time_ms"":1489,""submitted_iso"":""2026-09-14T09:36:01.637Z"",""submitted_relative_ms"":414529}",324f7c1e-da89-4a22-ba3a-14cd4903bda9,sub-001,ses-001,145e2227-915b-4e9d-a05f-2826d18b6c4d,236c2dd9-7af5-4104-acf6-d8b2600b9bd5,1789378561.6366756,1789378561.6369,484268.5,browser,browser_calibrated,0.0005757808685302734,1.3997554779052734,110126,110166,1,-0.8001327514648438,host_receive_nearest,verified,1,1,,,,,,,,,1,,,,,,,,,,,,,,,,,商鞅变法发生在哪个国家？,2,秦国,V1,A,346.795,1789378561.6369,1789378561.6366756,110166,,,,,,,,,,
1c836314-5eb2-504b-a496-038574713bd9,quiz_item_response,1789378561.6388755,440.676,110137,1,1,,1,G01,A,focused,quiz_item_response,商鞅变法中，商鞅通过采取什么方法提升参军人数？,,0.0,0.0,,V1Q2,B,B,True,3432,"{""client_event_id"":""217d890d-54a7-462f-ab67-1f03510e9f4d"",""recorder_run_id"":""324f7c1e-da89-4a22-ba3a-14cd4903bda9"",""client_id"":""236c2dd9-7af5-4104-acf6-d8b2600b9bd5"",""client_timestamp"":1789378561.6382997,""client_monotonic_ms"":484269.89999997616,""event_timestamp"":1789378561.6388755,""clock_offset_sec"":0.0005757808685302734,""clock_round_trip_ms"":1.3997554779052734,""subject_id"":""sub-001"",""session_id"":""ses-001"",""block_id"":""Block 1"",""counterbalance_group"":""G01"",""block_order"":""Block 1"",""condition"":""A"",""condition_type"":""focused"",""topic_key"":""V1"",""topic_name"":""商鞅 一个改变秦国命运的男人"",""event_type"":""quiz_item_response"",""iso_time"":""2026-09-14T09:36:01.638Z"",""relative_ms"":414531,""video_time_sec"":346.795,""video_id"":""V1"",""question_id"":""V1Q2"",""question_text"":""商鞅变法中，商鞅通过采取什么方法提升参军人数？"",""response_index"":1,""response_letter"":""B"",""response_text"":""采取户籍制"",""correct_index"":1,""correct_letter"":""B"",""correct_text"":""采取户籍制"",""is_correct"":true,""reaction_time_ms"":3432,""submitted_iso"":""2026-09-14T09:36:01.638Z"",""submitted_relative_ms"":414531}",324f7c1e-da89-4a22-ba3a-14cd4903bda9,sub-001,ses-001,217d890d-54a7-462f-ab67-1f03510e9f4d,236c2dd9-7af5-4104-acf6-d8b2600b9bd5,1789378561.6526756,1789378561.6382997,484269.89999997616,browser,browser_calibrated,0.0005757808685302734,1.3997554779052734,110129,110169,1,-2.199888229370117,host_receive_nearest,verified,1,1,,,,,,,,,1,,,,,,,,,,,,,,,,,商鞅变法中，商鞅通过采取什么方法提升参军人数？,1,采取户籍制,V1,A,346.795,1789378561.6382997,1789378561.6526756,110169,,,,,,,,,,
efb56e60-f2d4-5ac5-b752-452e68517dd2,quiz_item_response,1789378561.6397758,440.676,110137,1,1,,1,G01,A,focused,quiz_item_response,商鞅变法使秦国发生了怎样的变化？,,0.0,0.0,,V1Q3,B,B,True,5984,"{""client_event_id"":""77f11c97-5b3d-4dcd-81ae-51e6874f3429"",""recorder_run_id"":""324f7c1e-da89-4a22-ba3a-14cd4903bda9"",""client_id"":""236c2dd9-7af5-4104-acf6-d8b2600b9bd5"",""client_timestamp"":1789378561.6392,""client_monotonic_ms"":484270.7999999821,""event_timestamp"":1789378561.6397758,""clock_offset_sec"":0.0005757808685302734,""clock_round_trip_ms"":1.3997554779052734,""subject_id"":""sub-001"",""session_id"":""ses-001"",""block_id"":""Block 1"",""counterbalance_group"":""G01"",""block_order"":""Block 1"",""condition"":""A"",""condition_type"":""focused"",""topic_key"":""V1"",""topic_name"":""商鞅 一个改变秦国命运的男人"",""event_type"":""quiz_item_response"",""iso_time"":""2026-09-14T09:36:01.639Z"",""relative_ms"":414532,""video_time_sec"":346.795,""video_id"":""V1"",""question_id"":""V1Q3"",""question_text"":""商鞅变法使秦国发生了怎样的变化？"",""response_index"":1,""response_letter"":""B"",""response_text"":""国力大增，为统一六国奠定基础"",""correct_index"":1,""correct_letter"":""B"",""correct_text"":""国力大增，为统一六国奠定基础"",""is_correct"":true,""reaction_time_ms"":5984,""submitted_iso"":""2026-09-14T09:36:01.639Z"",""submitted_relative_ms"":414532}",324f7c1e-da89-4a22-ba3a-14cd4903bda9,sub-001,ses-001,77f11c97-5b3d-4dcd-81ae-51e6874f3429,236c2dd9-7af5-4104-acf6-d8b2600b9bd5,1789378561.6686757,1789378561.6392,484270.7999999821,browser,browser_calibrated,0.0005757808685302734,1.3997554779052734,110129,110169,1,-3.100156784057617,host_receive_nearest,verified,1,1,,,,,,,,,1,,,,,,,,,,,,,,,,,商鞅变法使秦国发生了怎样的变化？,1,国力大增，为统一六国奠定基础,V1,A,346.795,1789378561.6392,1789378561.6686757,110169,,,,,,,,,,
36267cc5-f2ca-5c2b-b16b-06f38ab813d7,quiz_item_response,1789378561.640576,440.676,110137,1,1,,1,G01,A,focused,quiz_item_response,商鞅变法能够成功推行，离不开哪位国君的支持？,,0.0,0.0,,V1Q4,B,B,True,9119,"{""client_event_id"":""07293fab-3fc6-458d-be45-d8d09fe79429"",""recorder_run_id"":""324f7c1e-da89-4a22-ba3a-14cd4903bda9"",""client_id"":""236c2dd9-7af5-4104-acf6-d8b2600b9bd5"",""client_timestamp"":1789378561.64,""client_monotonic_ms"":484271.59999999404,""event_timestamp"":1789378561.640576,""clock_offset_sec"":0.0005757808685302734,""clock_round_trip_ms"":1.3997554779052734,""subject_id"":""sub-001"",""session_id"":""ses-001"",""block_id"":""Block 1"",""counterbalance_group"":""G01"",""block_order"":""Block 1"",""condition"":""A"",""condition_type"":""focused"",""topic_key"":""V1"",""topic_name"":""商鞅 一个改变秦国命运的男人"",""event_type"":""quiz_item_response"",""iso_time"":""2026-09-14T09:36:01.640Z"",""relative_ms"":414532,""video_time_sec"":346.795,""video_id"":""V1"",""question_id"":""V1Q4"",""question_text"":""商鞅变法能够成功推行，离不开哪位国君的支持？"",""response_index"":1,""response_letter"":""B"",""response_text"":""秦孝公"",""correct_index"":1,""correct_letter"":""B"",""correct_text"":""秦孝公"",""is_correct"":true,""reaction_time_ms"":9119,""submitted_iso"":""2026-09-14T09:36:01.640Z"",""submitted_relative_ms"":414532}",324f7c1e-da89-4a22-ba3a-14cd4903bda9,sub-001,ses-001,07293fab-3fc6-458d-be45-d8d09fe79429,236c2dd9-7af5-4104-acf6-d8b2600b9bd5,1789378561.6686757,1789378561.64,484271.59999999404,browser,browser_calibrated,0.0005757808685302734,1.3997554779052734,110129,110169,1,-3.900289535522461,host_receive_nearest,verified,1,1,,,,,,,,,1,,,,,,,,,,,,,,,,,商鞅变法能够成功推行，离不开哪位国君的支持？,1,秦孝公,V1,A,346.795,1789378561.64,1789378561.6686757,110169,,,,,,,,,,
32a37121-e16f-5e89-8cb8-12048800324c,quiz_end,1789378561.6412756,440.676,110142,1,1,,1,G01,A,focused,quiz_end,4/4,10.372,0.0,0.0,,,,,,,"{""client_event_id"":""1cceacc8-8007-4920-8935-5e33539a117e"",""recorder_run_id"":""324f7c1e-da89-4a22-ba3a-14cd4903bda9"",""client_id"":""236c2dd9-7af5-4104-acf6-d8b2600b9bd5"",""client_timestamp"":1789378561.6406999,""client_monotonic_ms"":484272.2999999821,""event_timestamp"":1789378561.6412756,""clock_offset_sec"":0.0005757808685302734,""clock_round_trip_ms"":1.3997554779052734,""subject_id"":""sub-001"",""session_id"":""ses-001"",""block_id"":""Block 1"",""counterbalance_group"":""G01"",""block_order"":""Block 1"",""condition"":""A"",""condition_type"":""focused"",""topic_key"":""V1"",""topic_name"":""商鞅 一个改变秦国命运的男人"",""event_type"":""quiz_end"",""iso_time"":""2026-09-14T09:36:01.640Z"",""relative_ms"":414533,""video_time_sec"":346.795,""score"":4,""total"":4,""duration_sec"":10.372}",324f7c1e-da89-4a22-ba3a-14cd4903bda9,sub-001,ses-001,1cceacc8-8007-4920-8935-5e33539a117e,236c2dd9-7af5-4104-acf6-d8b2600b9bd5,1789378561.6686757,1789378561.6406999,484272.2999999821,browser,browser_calibrated,0.0005757808685302734,1.3997554779052734,110129,110169,1,-4.600048065185547,host_receive_nearest,verified,1,1,,,,,,,,,1,,,,,,,,,,,,,,,4,4,,,,V1,A,346.795,1789378561.6406999,1789378561.6686757,110169,,,,,,,,,,
2df3a0fb-08ff-565c-b47b-43499f898d00,block_end,1789378561.6412756,440.676,110142,1,1,,1,G01,A,focused,block_end,V1,,0.0,0.0,,,,,,,,324f7c1e-da89-4a22-ba3a-14cd4903bda9,sub-001,ses-001,1cceacc8-8007-4920-8935-5e33539a117e,236c2dd9-7af5-4104-acf6-d8b2600b9bd5,1789378561.6686757,1789378561.6406999,484272.2999999821,browser,browser_calibrated,0.0005757808685302734,1.3997554779052734,110129,110169,1,-4.600048065185547,host_receive_nearest,verified,1,1,,,,,,,,,1,,,,,,,,,,,,,,,,,,,,V1,A,346.795,1789378561.6406999,1789378561.6686757,110169,,,,,,,,,,
b836330e-be09-5aab-98a7-f89e7c3c2137,rest_start,1789378561.6447756,440.68,110142,1,1,,1,G01,A,focused,rest_start,after-block-1,,0.0,0.0,,,,,,,"{""client_event_id"":""69d02c75-f520-46cb-ba52-89e7da9beb31"",""recorder_run_id"":""324f7c1e-da89-4a22-ba3a-14cd4903bda9"",""client_id"":""236c2dd9-7af5-4104-acf6-d8b2600b9bd5"",""client_timestamp"":1789378561.6441998,""client_monotonic_ms"":484275.89999997616,""event_timestamp"":1789378561.6447756,""clock_offset_sec"":0.0005757808685302734,""clock_round_trip_ms"":1.3997554779052734,""subject_id"":""sub-001"",""session_id"":""ses-001"",""block_id"":""Block 1"",""counterbalance_group"":""G01"",""block_order"":""Block 1"",""condition"":""A"",""condition_type"":""focused"",""topic_key"":""V1"",""topic_name"":""商鞅 一个改变秦国命运的男人"",""event_type"":""rest_start"",""iso_time"":""2026-09-14T09:36:01.644Z"",""relative_ms"":414537,""video_time_sec"":346.795,""after_block_id"":1,""planned_duration"":30,""actual_duration"":"""",""is_formal_experiment"":0}",324f7c1e-da89-4a22-ba3a-14cd4903bda9,sub-001,ses-001,69d02c75-f520-46cb-ba52-89e7da9beb31,236c2dd9-7af5-4104-acf6-d8b2600b9bd5,1789378561.6836755,1789378561.6441998,484275.89999997616,browser,browser_calibrated,0.0005757808685302734,1.3997554779052734,110130,110170,1,7.899999618530273,host_receive_nearest,verified,0,1,,,,,1,,30,,0,,,,,,,,,,,,,,,,,,,,V1,A,346.795,1789378561.6441998,1789378561.6836755,110170,,,,,,,,,,
55e5f873-94b2-5fe0-8b6c-99c7750d0118,qc_status_change,1789378564.9496756,443.984,110957,,,,,G01,,,qc_status_change,warning,,0.0,0.0,,,,,,,通道2 RMS相对基线异常，正在确认是否持续。,324f7c1e-da89-4a22-ba3a-14cd4903bda9,sub-001,ses-001,,,1789378564.9496756,,,recorder,server,,,110956,110996,1,-30.99989891052246,host_receive_nearest,,,,,,,,,,,,0,,,,,,,,,,,,,,,,,,,,,,,,1789378564.9496756,110996,,,,,,,,,,
b0dddc4f-6dfe-5043-8d0d-c2413c0edd0f,qc_status_change,1789378566.9496756,445.984,111457,,,,,G01,,,qc_status_change,good,,0.0,0.0,,,,,,,当前QC指标正常。,324f7c1e-da89-4a22-ba3a-14cd4903bda9,sub-001,ses-001,,,1789378566.9496756,,,recorder,server,,,111456,111496,1,-16.000032424926758,host_receive_nearest,,,,,,,,,,,,0,,,,,,,,,,,,,,,,,,,,,,,,1789378566.9496756,111496,,,,,,,,,,
8a333c23-5b3d-53f5-9a96-66d72ee6832b,rest_end,1789378600.4839754,479.544,119847,1,1,,1,G01,A,focused,rest_end,after-block-1,38.834,0.0,0.0,,,,,,,"{""client_event_id"":""f2f9c00e-ab04-43b3-ad1f-4ff3ca43b9b3"",""recorder_run_id"":""324f7c1e-da89-4a22-ba3a-14cd4903bda9"",""client_id"":""236c2dd9-7af5-4104-acf6-d8b2600b9bd5"",""client_timestamp"":1789378600.4785998,""client_monotonic_ms"":523110.1999999881,""event_timestamp"":1789378600.4839754,""clock_offset_sec"":0.00537562370300293,""clock_round_trip_ms"":1.399993896484375,""subject_id"":""sub-001"",""session_id"":""ses-001"",""block_id"":""Block 1"",""counterbalance_group"":""G01"",""block_order"":""Block 1"",""condition"":""A"",""condition_type"":""focused"",""topic_key"":""V1"",""topic_name"":""商鞅 一个改变秦国命运的男人"",""event_type"":""rest_end"",""iso_time"":""2026-09-14T09:36:40.478Z"",""relative_ms"":453371,""video_time_sec"":346.795,""after_block_id"":1,""planned_duration"":30,""actual_duration"":38.834,""duration_sec"":38.834,""is_formal_experiment"":0,""debug_early"":false}",324f7c1e-da89-4a22-ba3a-14cd4903bda9,sub-001,ses-001,f2f9c00e-ab04-43b3-ad1f-4ff3ca43b9b3,236c2dd9-7af5-4104-acf6-d8b2600b9bd5,1789378600.4806757,1789378600.4785998,523110.1999999881,browser,browser_calibrated,0.00537562370300293,1.399993896484375,119846,119886,1,-19.299745559692383,host_receive_nearest,verified,0,1,,,,,1,,30,38.834,0,,,,,,,,,,,,,,,,,,,,V1,A,346.795,1789378600.4785998,1789378600.4806757,119886,,,,,,,,,,
bc315205-459b-52be-b873-45261651b476,block_start,1789378603.0696754,482.104,120487,2,2,,1,G01,B,bbbd_subtraction,block_start,V2,,0.0,0.0,,,,,,,condition=B; condition_type=bbbd_subtraction,324f7c1e-da89-4a22-ba3a-14cd4903bda9,sub-001,ses-001,2458c87c-8b81-4baa-b531-5e7e42cb2648,236c2dd9-7af5-4104-acf6-d8b2600b9bd5,1789378603.0746756,1789378603.0642998,525696,browser,browser_calibrated,0.00537562370300293,1.399993896484375,120486,120526,1,-25.999784469604492,host_receive_nearest,verified,0,1,937,1789378084.3866756,,,,,,,1,,,,,,,,,,,,,,,,,,,,V2,B,0,1789378603.0642998,1789378603.0746756,120526,,,,,,,,,,
779a39b1-1332-5f50-931a-a39452bf8e95,condition_prompt_start,1789378603.0696754,482.104,120487,2,2,,1,G01,B,bbbd_subtraction,condition_prompt_start,B,,0.0,0.0,,,,,,,,324f7c1e-da89-4a22-ba3a-14cd4903bda9,sub-001,ses-001,2458c87c-8b81-4baa-b531-5e7e42cb2648,236c2dd9-7af5-4104-acf6-d8b2600b9bd5,1789378603.0746756,1789378603.0642998,525696,browser,browser_calibrated,0.00537562370300293,1.399993896484375,120486,120526,1,-25.999784469604492,host_receive_nearest,verified,0,1,,,,,,,,,1,,,,,,,,,,,,,,,,,,,,V2,B,0,1789378603.0642998,1789378603.0746756,120526,,,,,,,,,,
2ebd84fa-f232-5e86-a894-a68bcc0d8c2e,browser_block_config,1789378603.0696754,482.104,120487,2,2,,1,G01,B,bbbd_subtraction,browser_block_config,V2,,0.0,0.0,,,,,,,"{""client_event_id"":""2458c87c-8b81-4baa-b531-5e7e42cb2648"",""recorder_run_id"":""324f7c1e-da89-4a22-ba3a-14cd4903bda9"",""client_id"":""236c2dd9-7af5-4104-acf6-d8b2600b9bd5"",""client_timestamp"":1789378603.0642998,""client_monotonic_ms"":525696,""event_timestamp"":1789378603.0696754,""clock_offset_sec"":0.00537562370300293,""clock_round_trip_ms"":1.399993896484375,""subject_id"":""sub-001"",""session_id"":""ses-001"",""block_id"":""Block 2"",""counterbalance_group"":""G01"",""block_order"":""Block 2"",""condition"":""B"",""condition_type"":""bbbd_subtraction"",""topic_key"":""V2"",""topic_name"":""百家争鸣 到底是哪百家"",""event_type"":""block_start"",""iso_time"":""2026-09-14T09:36:43.064Z"",""relative_ms"":0,""video_time_sec"":0,""block_start_iso"":""2026-09-14T09:36:43.064Z"",""config_json"":""{\""recorder_run_id\"":\""324f7c1e-da89-4a22-ba3a-14cd4903bda9\"",\""subject_id\"":\""sub-001\"",\""session_id\"":\""ses-001\"",\""block_id\"":\""Block 2\"",\""counterbalance_group\"":\""G01\"",\""condition\"":\""B\"",\""condition_type\"":\""bbbd_subtraction\"",\""topic_key\"":\""V2\"",\""topic_name\"":\""百家争鸣 到底是哪百家\"",\""video_file\"":\""视频2-混知漫画｜百家争鸣，到底是哪百家？-480P 标清-AVC.mp4\"",\""start_number\"":937,\""generated_timestamp\"":1789378084.3866756}""}",324f7c1e-da89-4a22-ba3a-14cd4903bda9,sub-001,ses-001,2458c87c-8b81-4baa-b531-5e7e42cb2648,236c2dd9-7af5-4104-acf6-d8b2600b9bd5,1789378603.0746756,1789378603.0642998,525696,browser,browser_calibrated,0.00537562370300293,1.399993896484375,120486,120526,1,-25.999784469604492,host_receive_nearest,verified,0,1,,,,,,,,,1,,,,,,,,,,,,,,,,,,,,V2,B,0,1789378603.0642998,1789378603.0746756,120526,,,,,,,,,,
cf3971f4-1872-5f3f-a5e3-8f58ed5d8a14,probe_schedule,1789378603.1330755,482.148,120502,2,2,,1,G01,B,bbbd_subtraction,probe_schedule,"51.805,110.719,185.728,282.515",,0.0,0.0,,,,,,,"{""client_event_id"":""2f660efe-0c8f-4a6b-aa8c-86afce8745da"",""recorder_run_id"":""324f7c1e-da89-4a22-ba3a-14cd4903bda9"",""client_id"":""236c2dd9-7af5-4104-acf6-d8b2600b9bd5"",""client_timestamp"":1789378603.1276999,""client_monotonic_ms"":525759.2999999821,""event_timestamp"":1789378603.1330755,""clock_offset_sec"":0.00537562370300293,""clock_round_trip_ms"":1.399993896484375,""subject_id"":""sub-001"",""session_id"":""ses-001"",""block_id"":""Block 2"",""counterbalance_group"":""G01"",""block_order"":""Block 2"",""condition"":""B"",""condition_type"":""bbbd_subtraction"",""topic_key"":""V2"",""topic_name"":""百家争鸣 到底是哪百家"",""event_type"":""probe_schedule"",""iso_time"":""2026-09-14T09:36:43.127Z"",""relative_ms"":63,""video_time_sec"":0,""probe_schedule_id"":""5b0c02fb-bde3-428f-a273-710f9a69d776"",""probe_times"":[51.805,110.719,185.728,282.515],""probe_config"":{""probes_per_block"":4,""min_first_onset_sec"":45,""min_end_margin_sec"":30,""min_gap_sec"":45},""video_duration_sec"":312.773,""video_id"":""V2"",""debug_fast"":false}",324f7c1e-da89-4a22-ba3a-14cd4903bda9,sub-001,ses-001,2f660efe-0c8f-4a6b-aa8c-86afce8745da,236c2dd9-7af5-4104-acf6-d8b2600b9bd5,1789378603.1366756,1789378603.1276999,525759.2999999821,browser,browser_calibrated,0.00537562370300293,1.399993896484375,120497,120537,1,3.6001205444335938,host_receive_nearest,verified,1,1,,,,,,,,,1,,,,,,,,,,,,,,,,,,,,V2,B,0,1789378603.1276999,1789378603.1366756,120537,,4,5b0c02fb-bde3-428f-a273-710f9a69d776,,,,,,,
86c4f9eb-2afa-5836-9723-035bf36876bd,subtraction_start_number_displayed,1789378603.1344755,482.148,120507,2,2,,1,G01,B,bbbd_subtraction,subtraction_start_number_displayed,937,,0.0,0.0,,,,,,,"{""client_event_id"":""61698bd0-7588-4a91-ac9e-3f8a53ad1511"",""recorder_run_id"":""324f7c1e-da89-4a22-ba3a-14cd4903bda9"",""client_id"":""236c2dd9-7af5-4104-acf6-d8b2600b9bd5"",""client_timestamp"":1789378603.1290998,""client_monotonic_ms"":525760.6999999881,""event_timestamp"":1789378603.1344755,""clock_offset_sec"":0.00537562370300293,""clock_round_trip_ms"":1.399993896484375,""subject_id"":""sub-001"",""session_id"":""ses-001"",""block_id"":""Block 2"",""counterbalance_group"":""G01"",""block_order"":""Block 2"",""condition"":""B"",""condition_type"":""bbbd_subtraction"",""topic_key"":""V2"",""topic_name"":""百家争鸣 到底是哪百家"",""event_type"":""subtraction_start_number_displayed"",""iso_time"":""2026-09-14T09:36:43.129Z"",""relative_ms"":65,""video_time_sec"":0,""start_number"":937,""generated_timestamp"":1789378084.3866756,""displayed_timestamp"":1789378603.1290998}",324f7c1e-da89-4a22-ba3a-14cd4903bda9,sub-001,ses-001,61698bd0-7588-4a91-ac9e-3f8a53ad1511,236c2dd9-7af5-4104-acf6-d8b2600b9bd5,1789378603.1526756,1789378603.1290998,525760.6999999881,browser,browser_calibrated,0.00537562370300293,1.399993896484375,120497,120537,1,2.2001266479492188,host_receive_nearest,verified,1,0,937,1789378084.3866756,1789378603.1290998,,,,,,1,,,,,,,,,,,,,,,,,,,,V2,B,0,1789378603.1290998,1789378603.1526756,120537,,,,,,,,,,
e944a302-3e0a-5904-92e5-19d592d6cdac,condition_prompt_end,1789378608.1447997,487.184,121757,2,2,,1,G01,B,bbbd_subtraction,condition_prompt_end,0,,0.0,0.0,,,,,,,"{""client_event_id"":""b783319d-2a86-4a82-ab0a-8e1d091b4000"",""recorder_run_id"":""324f7c1e-da89-4a22-ba3a-14cd4903bda9"",""client_id"":""236c2dd9-7af5-4104-acf6-d8b2600b9bd5"",""client_timestamp"":1789378608.1448998,""client_monotonic_ms"":530776.5,""event_timestamp"":1789378608.1447997,""clock_offset_sec"":0.0014755725860595703,""clock_round_trip_ms"":1.399993896484375,""subject_id"":""sub-001"",""session_id"":""ses-001"",""block_id"":""Block 2"",""counterbalance_group"":""G01"",""block_order"":""Block 2"",""condition"":""B"",""condition_type"":""bbbd_subtraction"",""topic_key"":""V2"",""topic_name"":""百家争鸣 到底是哪百家"",""event_type"":""condition_prompt_end"",""iso_time"":""2026-09-14T09:36:48.144Z"",""relative_ms"":5081,""video_time_sec"":0}",324f7c1e-da89-4a22-ba3a-14cd4903bda9,sub-001,ses-001,b783319d-2a86-4a82-ab0a-8e1d091b4000,236c2dd9-7af5-4104-acf6-d8b2600b9bd5,1789378608.1526756,1789378608.1448998,530776.5,browser,browser_calibrated,0.0014755725860595703,1.399993896484375,121756,121796,1,-23.124217987060547,host_receive_nearest,verified,1,0,,,,,,,,,1,,,,,,,,,,,,,,,,,,,,V2,B,0,1789378608.1448998,1789378608.1526756,121796,,,,,,,,,,
8fec3a75-8ea9-5d70-86cf-6e1ea344d62c,video_start,1789378608.1447997,487.188,121767,2,2,,1,G01,B,bbbd_subtraction,video_start,V2,,0.0,0.0,,,,,,,,324f7c1e-da89-4a22-ba3a-14cd4903bda9,sub-001,ses-001,0515069d-d1f7-41ed-88b6-2445d3f99039,236c2dd9-7af5-4104-acf6-d8b2600b9bd5,1789378608.1686757,1789378608.1464,530778,browser,browser_calibrated,0.0014755725860595703,1.399993896484375,121757,121797,1,7.875919342041016,host_receive_nearest,verified,1,1,,,,,,,,,1,,,,,,,,,,,,,,,,,,,,V2,B,0,1789378608.1464,1789378608.1686757,121797,,,,,,,,,,
711bb222-8679-5fb3-8f2e-da45c7c62a24,video_play,1789378608.1447997,487.188,121767,2,2,,1,G01,B,bbbd_subtraction,video_play,0,,0.0,0.0,,,,,,,"{""client_event_id"":""0515069d-d1f7-41ed-88b6-2445d3f99039"",""recorder_run_id"":""324f7c1e-da89-4a22-ba3a-14cd4903bda9"",""client_id"":""236c2dd9-7af5-4104-acf6-d8b2600b9bd5"",""client_timestamp"":1789378608.1464,""client_monotonic_ms"":530778,""event_timestamp"":1789378608.1447997,""clock_offset_sec"":0.0014755725860595703,""clock_round_trip_ms"":1.399993896484375,""subject_id"":""sub-001"",""session_id"":""ses-001"",""block_id"":""Block 2"",""counterbalance_group"":""G01"",""block_order"":""Block 2"",""condition"":""B"",""condition_type"":""bbbd_subtraction"",""topic_key"":""V2"",""topic_name"":""百家争鸣 到底是哪百家"",""event_type"":""video_play"",""iso_time"":""2026-09-14T09:36:48.146Z"",""relative_ms"":5082,""video_time_sec"":0}",324f7c1e-da89-4a22-ba3a-14cd4903bda9,sub-001,ses-001,0515069d-d1f7-41ed-88b6-2445d3f99039,236c2dd9-7af5-4104-acf6-d8b2600b9bd5,1789378608.1686757,1789378608.1464,530778,browser,browser_calibrated,0.0014755725860595703,1.399993896484375,121757,121797,1,7.875919342041016,host_receive_nearest,verified,1,1,,,,,,,,,1,,,,,,,,,,,,,,,,,,,,V2,B,0,1789378608.1464,1789378608.1686757,121797,,,,,,,,,,
ff9ba99c-2c71-5281-959d-bbee4a067640,subtraction_start_number_hidden,1789378608.1447997,487.188,121767,2,2,,1,G01,B,bbbd_subtraction,subtraction_start_number_hidden,937,,0.0,0.0,,,,,,,"{""client_event_id"":""4f70cff8-1b83-47e7-a23c-f9eab2769deb"",""recorder_run_id"":""324f7c1e-da89-4a22-ba3a-14cd4903bda9"",""client_id"":""236c2dd9-7af5-4104-acf6-d8b2600b9bd5"",""client_timestamp"":1789378608.147,""client_monotonic_ms"":530778.599999994,""event_timestamp"":1789378608.1447997,""clock_offset_sec"":0.0014755725860595703,""clock_round_trip_ms"":1.399993896484375,""subject_id"":""sub-001"",""session_id"":""ses-001"",""block_id"":""Block 2"",""counterbalance_group"":""G01"",""block_order"":""Block 2"",""condition"":""B"",""condition_type"":""bbbd_subtraction"",""topic_key"":""V2"",""topic_name"":""百家争鸣 到底是哪百家"",""event_type"":""subtraction_start_number_hidden"",""iso_time"":""2026-09-14T09:36:48.147Z"",""relative_ms"":5083,""video_time_sec"":0,""start_number"":937,""generated_timestamp"":1789378084.3866756,""displayed_timestamp"":1789378603.1290998,""hidden_timestamp"":1789378608.1447997}",324f7c1e-da89-4a22-ba3a-14cd4903bda9,sub-001,ses-001,4f70cff8-1b83-47e7-a23c-f9eab2769deb,236c2dd9-7af5-4104-acf6-d8b2600b9bd5,1789378608.1686757,1789378608.147,530778.599999994,browser,browser_calibrated,0.0014755725860595703,1.399993896484375,121757,121797,1,7.875919342041016,host_receive_nearest,verified,1,0,937,1789378084.3866756,1789378603.1290998,1789378608.1447997,,,,,1,,,,,,,,,,,,,,,,,,,,V2,B,0,1789378608.147,1789378608.1686757,121797,,,,,,,,,,
5e92563b-3012-53de-a768-495a06982948,qc_status_change,1789378615.0116756,493.684,123277,2,2,,1,G01,B,bbbd_subtraction,qc_status_change,warning,,0.0,0.0,,,,,,,丢包率 4.37% 偏高。,324f7c1e-da89-4a22-ba3a-14cd4903bda9,sub-001,ses-001,,,1789378615.0116756,,,recorder,server,,,123276,123421,1,-30.99989891052246,host_receive_nearest,,,,,,,,,,,,1,,,,,,,,,,,,,,,,,,,,V2,B,,,1789378615.0116756,123421,,,,,,,,,,
d3448c36-b725-58de-960d-793af0d795be,qc_status_change,1789378616.9966755,495.624,123742,2,2,,1,G01,B,bbbd_subtraction,qc_status_change,bad,,0.0,0.0,,,,,,,丢包率 5.21% 过高，请检查蓝牙距离、供电和连接。,324f7c1e-da89-4a22-ba3a-14cd4903bda9,sub-001,ses-001,,,1789378616.9966755,,,recorder,server,,,123741,123906,1,0.0,host_receive_nearest,,,,,,,,,,,,1,,,,,,,,,,,,,,,,,,,,V2,B,,,1789378616.9966755,123906,,,,,,,,,,
e0eb805b-d641-5ab4-b7c8-db1b72176968,qc_status_change,1789378632.9966755,512.024,127402,2,2,,1,G01,B,bbbd_subtraction,qc_status_change,warning,,0.0,0.0,,,,,,,丢包率 4.54% 偏高。,324f7c1e-da89-4a22-ba3a-14cd4903bda9,sub-001,ses-001,,,1789378632.9966755,,,recorder,server,,,127401,128006,1,0.0,host_receive_nearest,,,,,,,,,,,,1,,,,,,,,,,,,,,,,,,,,V2,B,,,1789378632.9966755,128006,,,,,,,,,,
01824730-77e6-5fe7-9da1-ce9b3577523a,qc_status_change,1789378649.0276756,528.064,131327,2,2,,1,G01,B,bbbd_subtraction,qc_status_change,good,,0.0,0.0,,,,,,,当前QC指标正常。,324f7c1e-da89-4a22-ba3a-14cd4903bda9,sub-001,ses-001,,,1789378649.0276756,,,recorder,server,,,131326,132016,1,-16.000032424926758,host_receive_nearest,,,,,,,,,,,,1,,,,,,,,,,,,,,,,,,,,V2,B,,,1789378649.0276756,132016,,,,,,,,,,
be2a85b4-ac56-501a-858d-1488eeb0b196,qc_status_change,1789378651.0436757,529.984,131807,2,2,,1,G01,B,bbbd_subtraction,qc_status_change,warning,,0.0,0.0,,,,,,,通道2 RMS相对基线异常，正在确认是否持续。,324f7c1e-da89-4a22-ba3a-14cd4903bda9,sub-001,ses-001,,,1789378651.0436757,,,recorder,server,,,131806,132496,1,0.0,host_receive_nearest,,,,,,,,,,,,1,,,,,,,,,,,,,,,,,,,,V2,B,,,1789378651.0436757,132496,,,,,,,,,,
0c961bd6-267b-5195-9b83-66ea17e2cd49,qc_status_change,1789378653.0746756,532.084,132332,2,2,,1,G01,B,bbbd_subtraction,qc_status_change,good,,0.0,0.0,,,,,,,当前QC指标正常。,324f7c1e-da89-4a22-ba3a-14cd4903bda9,sub-001,ses-001,,,1789378653.0746756,,,recorder,server,,,132331,133021,1,-62.99996376037598,host_receive_nearest,,,,,,,,,,,,1,,,,,,,,,,,,,,,,,,,,V2,B,,,1789378653.0746756,133021,,,,,,,,,,
4122f671-f3b1-544f-b506-fa984646b589,qc_status_change,1789378657.0746756,536.104,133337,2,2,,1,G01,B,bbbd_subtraction,qc_status_change,warning,,0.0,0.0,,,,,,,通道1 RMS相对基线异常，正在确认是否持续。,324f7c1e-da89-4a22-ba3a-14cd4903bda9,sub-001,ses-001,,,1789378657.0746756,,,recorder,server,,,133336,134026,1,0.0,host_receive_nearest,,,,,,,,,,,,1,,,,,,,,,,,,,,,,,,,,V2,B,,,1789378657.0746756,134026,,,,,,,,,,
87e84d47-4b21-520b-9f43-e9276c6bacd0,probe_onset,1789378660.2211258,539.244,134122,2,2,,1,G01,B,bbbd_subtraction,probe_onset,Block 2_1_5b0c02fb,,0.0,0.0,,,,,,,"{""client_event_id"":""a72c26ed-ddf3-4eb1-a855-22b02768312c"",""recorder_run_id"":""324f7c1e-da89-4a22-ba3a-14cd4903bda9"",""client_id"":""236c2dd9-7af5-4104-acf6-d8b2600b9bd5"",""client_timestamp"":1789378660.2235,""client_monotonic_ms"":582855.099999994,""event_timestamp"":1789378660.2211258,""clock_offset_sec"":-0.0023741722106933594,""clock_round_trip_ms"":1.3000965118408203,""subject_id"":""sub-001"",""session_id"":""ses-001"",""block_id"":""Block 2"",""counterbalance_group"":""G01"",""block_order"":""Block 2"",""condition"":""B"",""condition_type"":""bbbd_subtraction"",""topic_key"":""V2"",""topic_name"":""百家争鸣 到底是哪百家"",""event_type"":""probe_onset"",""iso_time"":""2026-09-14T09:37:40.223Z"",""relative_ms"":57159,""video_time_sec"":51.952,""probe_id"":""Block 2_1_5b0c02fb"",""probe_index"":1,""probe_schedule_id"":""5b0c02fb-bde3-428f-a273-710f9a69d776"",""probe_planned_time_sec"":51.805,""video_id"":""V2"",""pause_reason"":""thought_probe"",""forced"":false}",324f7c1e-da89-4a22-ba3a-14cd4903bda9,sub-001,ses-001,a72c26ed-ddf3-4eb1-a855-22b02768312c,236c2dd9-7af5-4104-acf6-d8b2600b9bd5,1789378660.2306757,1789378660.2235,582855.099999994,browser,browser_calibrated,-0.0023741722106933594,1.3000965118408203,134121,134811,1,-21.450281143188477,host_receive_nearest,verified,1,1,,,,,,,,,1,,,,,,,,,,,,,,,,,,,,V2,B,51.952,1789378660.2235,1789378660.2306757,134811,Block 2_1_5b0c02fb,1,5b0c02fb-bde3-428f-a273-710f9a69d776,51.805,,,,,,thought_probe
92882062-f873-55ec-a932-a5527118f239,artifact,1789378662.9966755,542.024,134817,2,2,,1,G01,B,bbbd_subtraction,artifact,其他运动,,1.5,1.5,,,,,,,,324f7c1e-da89-4a22-ba3a-14cd4903bda9,sub-001,ses-001,,,1789378662.9966755,,,recorder,server,,,134816,135506,1,-15.999794006347656,host_receive_nearest,,,,,,,,,,,,1,,,,,,,,,,,,,,,,,,,,V2,B,,,1789378662.9966755,135506,,,,,,,,,,
52b147bd-ab62-5042-8577-bba29f14cc69,qc_status_change,1789378663.0746756,542.044,134822,2,2,,1,G01,B,bbbd_subtraction,qc_status_change,bad,,0.0,0.0,,,,,,,通道1 RMS相对基线突变，可能接触不稳，请检查并重新连接。; 通道2 RMS相对基线突变，可能接触不稳，请检查并重新连接。,324f7c1e-da89-4a22-ba3a-14cd4903bda9,sub-001,ses-001,,,1789378663.0746756,,,recorder,server,,,134821,135511,1,-16.000032424926758,host_receive_nearest,,,,,,,,,,,,1,,,,,,,,,,,,,,,,,,,,V2,B,,,1789378663.0746756,135511,,,,,,,,,,
25fbdd9d-7777-579e-b6e0-93be652651db,attention_response,1789378666.7285256,545.564,135702,2,2,,1,G01,B,bbbd_subtraction,attention_response,2,,0.0,0.0,,,,,,,"{""client_event_id"":""41165ccc-00bd-4271-aeec-2a4e467b5b41"",""recorder_run_id"":""324f7c1e-da89-4a22-ba3a-14cd4903bda9"",""client_id"":""236c2dd9-7af5-4104-acf6-d8b2600b9bd5"",""client_timestamp"":1789378666.7308998,""client_monotonic_ms"":589362.5,""event_timestamp"":1789378666.7285256,""clock_offset_sec"":-0.0023741722106933594,""clock_round_trip_ms"":1.3000965118408203,""subject_id"":""sub-001"",""session_id"":""ses-001"",""block_id"":""Block 2"",""counterbalance_group"":""G01"",""block_order"":""Block 2"",""condition"":""B"",""condition_type"":""bbbd_subtraction"",""topic_key"":""V2"",""topic_name"":""百家争鸣 到底是哪百家"",""event_type"":""attention_response"",""iso_time"":""2026-09-14T09:37:46.731Z"",""relative_ms"":63667,""video_time_sec"":51.952,""probe_id"":""Block 2_1_5b0c02fb"",""probe_index"":1,""probe_schedule_id"":""5b0c02fb-bde3-428f-a273-710f9a69d776"",""probe_planned_time_sec"":51.805,""video_id"":""V2"",""response"":2,""response_label"":""连续减7心算任务"",""probe_attention"":""OFF"",""response_time_ms"":6508}",324f7c1e-da89-4a22-ba3a-14cd4903bda9,sub-001,ses-001,41165ccc-00bd-4271-aeec-2a4e467b5b41,236c2dd9-7af5-4104-acf6-d8b2600b9bd5,1789378666.7466755,1789378666.7308998,589362.5,browser,browser_calibrated,-0.0023741722106933594,1.3000965118408203,135701,136391,1,-13.849973678588867,host_receive_nearest,verified,1,1,,,,,,,,,1,,,,,,,,,,,,,,,,,,,,V2,B,51.952,1789378666.7308998,1789378666.7466755,136391,Block 2_1_5b0c02fb,1,5b0c02fb-bde3-428f-a273-710f9a69d776,51.805,2,连续减7心算任务,6508,,OFF,
f12f4d73-640f-50f0-b986-f1652f81f3f9,confidence_response,1789378668.003126,547.064,136077,2,2,,1,G01,B,bbbd_subtraction,confidence_response,3,,0.0,0.0,,,,,,,"{""client_event_id"":""6d4413e3-7536-43fb-bbb1-37c0aedb0b5f"",""recorder_run_id"":""324f7c1e-da89-4a22-ba3a-14cd4903bda9"",""client_id"":""236c2dd9-7af5-4104-acf6-d8b2600b9bd5"",""client_timestamp"":1789378668.0055,""client_monotonic_ms"":590637.099999994,""event_timestamp"":1789378668.003126,""clock_offset_sec"":-0.0023741722106933594,""clock_round_trip_ms"":1.3000965118408203,""subject_id"":""sub-001"",""session_id"":""ses-001"",""block_id"":""Block 2"",""counterbalance_group"":""G01"",""block_order"":""Block 2"",""condition"":""B"",""condition_type"":""bbbd_subtraction"",""topic_key"":""V2"",""topic_name"":""百家争鸣 到底是哪百家"",""event_type"":""confidence_response"",""iso_time"":""2026-09-14T09:37:48.005Z"",""relative_ms"":64941,""video_time_sec"":51.952,""probe_id"":""Block 2_1_5b0c02fb"",""probe_index"":1,""probe_schedule_id"":""5b0c02fb-bde3-428f-a273-710f9a69d776"",""probe_planned_time_sec"":51.805,""video_id"":""V2"",""response"":2,""confidence"":3,""response_time_ms"":1275}",324f7c1e-da89-4a22-ba3a-14cd4903bda9,sub-001,ses-001,6d4413e3-7536-43fb-bbb1-37c0aedb0b5f,236c2dd9-7af5-4104-acf6-d8b2600b9bd5,1789378668.0116756,1789378668.0055,590637.099999994,browser,browser_calibrated,-0.0023741722106933594,1.3000965118408203,136076,136766,1,-6.450414657592773,host_receive_nearest,verified,1,1,,,,,,,,,1,,,,,,,,,,,,,,,,,,,,V2,B,51.952,1789378668.0055,1789378668.0276756,136766,Block 2_1_5b0c02fb,1,5b0c02fb-bde3-428f-a273-710f9a69d776,51.805,,,1275,3,,
2a66df3b-c88c-582f-bdbd-e50d861a66c3,phase_change,1789378668.0067258,547.064,136082,2,2,,1,G01,B,bbbd_subtraction,phase_change,video,,0.0,0.0,,,,,,,,324f7c1e-da89-4a22-ba3a-14cd4903bda9,sub-001,ses-001,a0bd974c-4f5e-4d44-98b7-ca75934da142,236c2dd9-7af5-4104-acf6-d8b2600b9bd5,1789378668.0276756,1789378668.0091,590640.7999999821,browser,browser_calibrated,-0.0023741722106933594,1.3000965118408203,136076,136766,1,-10.050296783447266,host_receive_nearest,verified,1,1,,,,,,,,,1,,,,,,,,,,,,,,,,,,,,V2,B,52.082,1789378668.0091,1789378668.0276756,136766,,,,,,,,,,
8f926553-7694-52be-b2ad-91a56961e389,video_resume,1789378668.0067258,547.064,136082,2,2,,1,G01,B,bbbd_subtraction,video_resume,52.082,,0.0,0.0,,,,,,,"{""client_event_id"":""a0bd974c-4f5e-4d44-98b7-ca75934da142"",""recorder_run_id"":""324f7c1e-da89-4a22-ba3a-14cd4903bda9"",""client_id"":""236c2dd9-7af5-4104-acf6-d8b2600b9bd5"",""client_timestamp"":1789378668.0091,""client_monotonic_ms"":590640.7999999821,""event_timestamp"":1789378668.0067258,""clock_offset_sec"":-0.0023741722106933594,""clock_round_trip_ms"":1.3000965118408203,""subject_id"":""sub-001"",""session_id"":""ses-001"",""block_id"":""Block 2"",""counterbalance_group"":""G01"",""block_order"":""Block 2"",""condition"":""B"",""condition_type"":""bbbd_subtraction"",""topic_key"":""V2"",""topic_name"":""百家争鸣 到底是哪百家"",""event_type"":""video_resume"",""iso_time"":""2026-09-14T09:37:48.009Z"",""relative_ms"":64945,""video_time_sec"":52.082,""probe_id"":""Block 2_1_5b0c02fb"",""probe_index"":1,""probe_schedule_id"":""5b0c02fb-bde3-428f-a273-710f9a69d776"",""probe_planned_time_sec"":51.805,""video_id"":""V2"",""pause_reason"":""thought_probe"",""resume_status"":""playing""}",324f7c1e-da89-4a22-ba3a-14cd4903bda9,sub-001,ses-001,a0bd974c-4f5e-4d44-98b7-ca75934da142,236c2dd9-7af5-4104-acf6-d8b2600b9bd5,1789378668.0276756,1789378668.0091,590640.7999999821,browser,browser_calibrated,-0.0023741722106933594,1.3000965118408203,136076,136766,1,-10.050296783447266,host_receive_nearest,verified,1,1,,,,,,,,,1,,,,,,,,,,,,,,,,,,,,V2,B,52.082,1789378668.0091,1789378668.0276756,136766,Block 2_1_5b0c02fb,,,,,,,,,thought_probe
d216dba3-b9b3-51a2-82d5-879ed7324718,qc_status_change,1789378669.0746756,547.804,136262,2,2,,1,G01,B,bbbd_subtraction,qc_status_change,good,,0.0,0.0,,,,,,,当前QC指标正常。,324f7c1e-da89-4a22-ba3a-14cd4903bda9,sub-001,ses-001,,,1789378669.0746756,,,recorder,server,,,136261,136951,1,-16.000032424926758,host_receive_nearest,,,,,,,,,,,,1,,,,,,,,,,,,,,,,,,,,V2,B,,,1789378669.0746756,136951,,,,,,,,,,
a1599712-1c1b-5ed0-b66e-97164b6af7bb,qc_status_change,1789378675.1056757,553.424,137322,2,2,,1,G01,B,bbbd_subtraction,qc_status_change,bad,,0.0,0.0,,,,,,,丢包率 14.47% 过高，请检查蓝牙距离、供电和连接。,324f7c1e-da89-4a22-ba3a-14cd4903bda9,sub-001,ses-001,,,1789378675.1056757,,,recorder,server,,,137321,138356,1,-78.00006866455078,host_receive_nearest,,,,,,,,,,,,1,,,,,,,,,,,,,,,,,,,,V2,B,,,1789378675.1056757,138356,,,,,,,,,,
5baa19f0-50a4-5254-937a-113f1d1f26b6,qc_status_change,1789378699.1216755,577.16,142677,2,2,,1,G01,B,bbbd_subtraction,qc_status_change,good,,0.0,0.0,,,,,,,当前QC指标正常。,324f7c1e-da89-4a22-ba3a-14cd4903bda9,sub-001,ses-001,,,1789378699.1216755,,,recorder,server,,,142676,144290,1,0.0,host_receive_nearest,,,,,,,,,,,,1,,,,,,,,,,,,,,,,,,,,V2,B,,,1789378699.1216755,144290,,,,,,,,,,
bad38184-2a47-537d-aa49-50177fc09f05,qc_status_change,1789378707.1366756,585.12,144667,2,2,,1,G01,B,bbbd_subtraction,qc_status_change,warning,,0.0,0.0,,,,,,,通道2 RMS相对基线异常，正在确认是否持续。,324f7c1e-da89-4a22-ba3a-14cd4903bda9,sub-001,ses-001,,,1789378707.1366756,,,recorder,server,,,144666,146280,1,-30.99989891052246,host_receive_nearest,,,,,,,,,,,,1,,,,,,,,,,,,,,,,,,,,V2,B,,,1789378707.1366756,146280,,,,,,,,,,
4b6a68b7-772b-563e-a9e7-e8a59e2bd7c3,qc_status_change,1789378709.1366756,587.176,145181,2,2,,1,G01,B,bbbd_subtraction,qc_status_change,good,,0.0,0.0,,,,,,,当前QC指标正常。,324f7c1e-da89-4a22-ba3a-14cd4903bda9,sub-001,ses-001,,,1789378709.1366756,,,recorder,server,,,145180,146794,1,0.0,host_receive_nearest,,,,,,,,,,,,1,,,,,,,,,,,,,,,,,,,,V2,B,,,1789378709.1366756,146794,,,,,,,,,,
d2eaef0c-f967-5394-8d6e-8cd277b40cc2,probe_onset,1789378726.8092256,604.8,149591,2,2,,1,G01,B,bbbd_subtraction,probe_onset,Block 2_2_5b0c02fb,,0.0,0.0,,,,,,,"{""client_event_id"":""3b0fae5b-c738-49ca-8d60-d243d50f7f00"",""recorder_run_id"":""324f7c1e-da89-4a22-ba3a-14cd4903bda9"",""client_id"":""236c2dd9-7af5-4104-acf6-d8b2600b9bd5"",""client_timestamp"":1789378726.8105998,""client_monotonic_ms"":649442.1999999881,""event_timestamp"":1789378726.8092256,""clock_offset_sec"":-0.0013742446899414062,""clock_round_trip_ms"":1.3000965118408203,""subject_id"":""sub-001"",""session_id"":""ses-001"",""block_id"":""Block 2"",""counterbalance_group"":""G01"",""block_order"":""Block 2"",""condition"":""B"",""condition_type"":""bbbd_subtraction"",""topic_key"":""V2"",""topic_name"":""百家争鸣 到底是哪百家"",""event_type"":""probe_onset"",""iso_time"":""2026-09-14T09:38:46.810Z"",""relative_ms"":123746,""video_time_sec"":110.752,""probe_id"":""Block 2_2_5b0c02fb"",""probe_index"":2,""probe_schedule_id"":""5b0c02fb-bde3-428f-a273-710f9a69d776"",""probe_planned_time_sec"":110.719,""video_id"":""V2"",""pause_reason"":""thought_probe"",""forced"":false}",324f7c1e-da89-4a22-ba3a-14cd4903bda9,sub-001,ses-001,3b0fae5b-c738-49ca-8d60-d243d50f7f00,236c2dd9-7af5-4104-acf6-d8b2600b9bd5,1789378726.8246756,1789378726.8105998,649442.1999999881,browser,browser_calibrated,-0.0013742446899414062,1.3000965118408203,149586,151200,1,-0.5500316619873047,host_receive_nearest,verified,1,1,,,,,,,,,1,,,,,,,,,,,,,,,,,,,,V2,B,110.752,1789378726.8105998,1789378726.8246756,151200,Block 2_2_5b0c02fb,2,5b0c02fb-bde3-428f-a273-710f9a69d776,110.719,,,,,,thought_probe
a62b881f-9b9e-5dc4-afa2-b3e48ff4cdbc,attention_response,1789378729.1823256,607.108,150166,2,2,,1,G01,B,bbbd_subtraction,attention_response,1,,0.0,0.0,,,,,,,"{""client_event_id"":""9d837922-ec78-4bba-ba6b-6cbc6b70a50b"",""recorder_run_id"":""324f7c1e-da89-4a22-ba3a-14cd4903bda9"",""client_id"":""236c2dd9-7af5-4104-acf6-d8b2600b9bd5"",""client_timestamp"":1789378729.1836998,""client_monotonic_ms"":651815.3999999762,""event_timestamp"":1789378729.1823256,""clock_offset_sec"":-0.0013742446899414062,""clock_round_trip_ms"":1.3000965118408203,""subject_id"":""sub-001"",""session_id"":""ses-001"",""block_id"":""Block 2"",""counterbalance_group"":""G01"",""block_order"":""Block 2"",""condition"":""B"",""condition_type"":""bbbd_subtraction"",""topic_key"":""V2"",""topic_name"":""百家争鸣 到底是哪百家"",""event_type"":""attention_response"",""iso_time"":""2026-09-14T09:38:49.183Z"",""relative_ms"":126120,""video_time_sec"":110.752,""probe_id"":""Block 2_2_5b0c02fb"",""probe_index"":2,""probe_schedule_id"":""5b0c02fb-bde3-428f-a273-710f9a69d776"",""probe_planned_time_sec"":110.719,""video_id"":""V2"",""response"":1,""response_label"":""课程内容"",""probe_attention"":""ON"",""response_time_ms"":2373}",324f7c1e-da89-4a22-ba3a-14cd4903bda9,sub-001,ses-001,9d837922-ec78-4bba-ba6b-6cbc6b70a50b,236c2dd9-7af5-4104-acf6-d8b2600b9bd5,1789378729.1996756,1789378729.1836998,651815.3999999762,browser,browser_calibrated,-0.0013742446899414062,1.3000965118408203,150163,151777,1,1.3499259948730469,host_receive_nearest,verified,1,1,,,,,,,,,1,,,,,,,,,,,,,,,,,,,,V2,B,110.752,1789378729.1836998,1789378729.1996756,151777,Block 2_2_5b0c02fb,2,5b0c02fb-bde3-428f-a273-710f9a69d776,110.719,1,课程内容,2373,,ON,
4d4367d6-ce34-51f8-bd64-891d90587922,confidence_response,1789378730.1262257,608.136,150421,2,2,,1,G01,B,bbbd_subtraction,confidence_response,3,,0.0,0.0,,,,,,,"{""client_event_id"":""af3477bb-b62e-4951-adc4-c968207f8aad"",""recorder_run_id"":""324f7c1e-da89-4a22-ba3a-14cd4903bda9"",""client_id"":""236c2dd9-7af5-4104-acf6-d8b2600b9bd5"",""client_timestamp"":1789378730.1276,""client_monotonic_ms"":652759.1999999881,""event_timestamp"":1789378730.1262257,""clock_offset_sec"":-0.0013742446899414062,""clock_round_trip_ms"":1.3000965118408203,""subject_id"":""sub-001"",""session_id"":""ses-001"",""block_id"":""Block 2"",""counterbalance_group"":""G01"",""block_order"":""Block 2"",""condition"":""B"",""condition_type"":""bbbd_subtraction"",""topic_key"":""V2"",""topic_name"":""百家争鸣 到底是哪百家"",""event_type"":""confidence_response"",""iso_time"":""2026-09-14T09:38:50.127Z"",""relative_ms"":127063,""video_time_sec"":110.752,""probe_id"":""Block 2_2_5b0c02fb"",""probe_index"":2,""probe_schedule_id"":""5b0c02fb-bde3-428f-a273-710f9a69d776"",""probe_planned_time_sec"":110.719,""video_id"":""V2"",""response"":1,""confidence"":3,""response_time_ms"":944}",324f7c1e-da89-4a22-ba3a-14cd4903bda9,sub-001,ses-001,af3477bb-b62e-4951-adc4-c968207f8aad,236c2dd9-7af5-4104-acf6-d8b2600b9bd5,1789378730.1366756,1789378730.1276,652759.1999999881,browser,browser_calibrated,-0.0013742446899414062,1.3000965118408203,150420,152034,1,-36.550045013427734,host_receive_nearest,verified,1,1,,,,,,,,,1,,,,,,,,,,,,,,,,,,,,V2,B,110.752,1789378730.1276,1789378730.1366756,152034,Block 2_2_5b0c02fb,2,5b0c02fb-bde3-428f-a273-710f9a69d776,110.719,,,944,3,,
8658837a-9e32-5c8f-a13f-babc622beaff,phase_change,1789378730.1299255,608.136,150421,2,2,,1,G01,B,bbbd_subtraction,phase_change,video,,0.0,0.0,,,,,,,,324f7c1e-da89-4a22-ba3a-14cd4903bda9,sub-001,ses-001,36a40391-c01a-4ba3-b9ea-471cc73712d5,236c2dd9-7af5-4104-acf6-d8b2600b9bd5,1789378730.1526756,1789378730.1312997,652762.8999999762,browser,browser_calibrated,-0.0013742446899414062,1.3000965118408203,150420,152034,1,-40.24982452392578,host_receive_nearest,verified,1,1,,,,,,,,,1,,,,,,,,,,,,,,,,,,,,V2,B,110.887,1789378730.1312997,1789378730.1526756,152034,,,,,,,,,,
3b613cb2-260c-5422-803e-fbbbe4de090b,video_resume,1789378730.1299255,608.136,150421,2,2,,1,G01,B,bbbd_subtraction,video_resume,110.887,,0.0,0.0,,,,,,,"{""client_event_id"":""36a40391-c01a-4ba3-b9ea-471cc73712d5"",""recorder_run_id"":""324f7c1e-da89-4a22-ba3a-14cd4903bda9"",""client_id"":""236c2dd9-7af5-4104-acf6-d8b2600b9bd5"",""client_timestamp"":1789378730.1312997,""client_monotonic_ms"":652762.8999999762,""event_timestamp"":1789378730.1299255,""clock_offset_sec"":-0.0013742446899414062,""clock_round_trip_ms"":1.3000965118408203,""subject_id"":""sub-001"",""session_id"":""ses-001"",""block_id"":""Block 2"",""counterbalance_group"":""G01"",""block_order"":""Block 2"",""condition"":""B"",""condition_type"":""bbbd_subtraction"",""topic_key"":""V2"",""topic_name"":""百家争鸣 到底是哪百家"",""event_type"":""video_resume"",""iso_time"":""2026-09-14T09:38:50.131Z"",""relative_ms"":127067,""video_time_sec"":110.887,""probe_id"":""Block 2_2_5b0c02fb"",""probe_index"":2,""probe_schedule_id"":""5b0c02fb-bde3-428f-a273-710f9a69d776"",""probe_planned_time_sec"":110.719,""video_id"":""V2"",""pause_reason"":""thought_probe"",""resume_status"":""playing""}",324f7c1e-da89-4a22-ba3a-14cd4903bda9,sub-001,ses-001,36a40391-c01a-4ba3-b9ea-471cc73712d5,236c2dd9-7af5-4104-acf6-d8b2600b9bd5,1789378730.1526756,1789378730.1312997,652762.8999999762,browser,browser_calibrated,-0.0013742446899414062,1.3000965118408203,150420,152034,1,-40.24982452392578,host_receive_nearest,verified,1,1,,,,,,,,,1,,,,,,,,,,,,,,,,,,,,V2,B,110.887,1789378730.1312997,1789378730.1526756,152034,Block 2_2_5b0c02fb,,,,,,,,,thought_probe
518c452a-c73b-50f9-8ced-d15ac4e2df37,qc_status_change,1789378745.1216755,623.156,154176,2,2,,1,G01,B,bbbd_subtraction,qc_status_change,warning,,0.0,0.0,,,,,,,通道2 RMS相对基线异常，正在确认是否持续。,324f7c1e-da89-4a22-ba3a-14cd4903bda9,sub-001,ses-001,,,1789378745.1216755,,,recorder,server,,,154175,155789,1,-15.999794006347656,host_receive_nearest,,,,,,,,,,,,1,,,,,,,,,,,,,,,,,,,,V2,B,,,1789378745.1216755,155789,,,,,,,,,,
cca8600f-7194-57ad-be7e-5e4e7a2abbf0,qc_status_change,1789378751.1216755,629.096,155661,2,2,,1,G01,B,bbbd_subtraction,qc_status_change,good,,0.0,0.0,,,,,,,当前QC指标正常。,324f7c1e-da89-4a22-ba3a-14cd4903bda9,sub-001,ses-001,,,1789378751.1216755,,,recorder,server,,,155660,157274,1,0.0,host_receive_nearest,,,,,,,,,,,,1,,,,,,,,,,,,,,,,,,,,V2,B,,,1789378751.1216755,157274,,,,,,,,,,
15602275-3364-5559-bbca-6e0100d9be87,qc_status_change,1789378757.1366756,632.412,156351,2,2,,1,G01,B,bbbd_subtraction,qc_status_change,bad,,0.0,0.0,,,,,,,丢包率 7.66% 过高，请检查蓝牙距离、供电和连接。,324f7c1e-da89-4a22-ba3a-14cd4903bda9,sub-001,ses-001,,,1789378757.1366756,,,recorder,server,,,156350,158103,1,-62.00003623962402,host_receive_nearest,,,,,,,,,,,,1,,,,,,,,,,,,,,,,,,,,V2,B,,,1789378757.1366756,158103,,,,,,,,,,
c0ca2bb3-81e1-5cf9-be35-8e88ffb001ce,qc_status_change,1789378769.1216755,646.132,159276,2,2,,1,G01,B,bbbd_subtraction,qc_status_change,warning,,0.0,0.0,,,,,,,通道2 RMS相对基线异常，正在确认是否持续。,324f7c1e-da89-4a22-ba3a-14cd4903bda9,sub-001,ses-001,,,1789378769.1216755,,,recorder,server,,,159275,161533,1,0.0,host_receive_nearest,,,,,,,,,,,,1,,,,,,,,,,,,,,,,,,,,V2,B,,,1789378769.1216755,161533,,,,,,,,,,
fc005969-16d9-5d0e-823c-fcda4b8f2f5b,qc_status_change,1789378775.1216755,652.112,160771,2,2,,1,G01,B,bbbd_subtraction,qc_status_change,bad,,0.0,0.0,,,,,,,通道2 RMS相对基线突变，可能接触不稳，请检查并重新连接。,324f7c1e-da89-4a22-ba3a-14cd4903bda9,sub-001,ses-001,,,1789378775.1216755,,,recorder,server,,,160770,163028,1,-15.999794006347656,host_receive_nearest,,,,,,,,,,,,1,,,,,,,,,,,,,,,,,,,,V2,B,,,1789378775.1216755,163028,,,,,,,,,,
fee4fc8d-62b7-53d2-93e8-e162bfcc6ce3,qc_status_change,1789378779.1216755,656.152,161781,2,2,,1,G01,B,bbbd_subtraction,qc_status_change,good,,0.0,0.0,,,,,,,当前QC指标正常。,324f7c1e-da89-4a22-ba3a-14cd4903bda9,sub-001,ses-001,,,1789378779.1216755,,,recorder,server,,,161780,164038,1,0.0,host_receive_nearest,,,,,,,,,,,,1,,,,,,,,,,,,,,,,,,,,V2,B,,,1789378779.1216755,164038,,,,,,,,,,
108154ea-ffac-5b1e-910f-de5195a2399d,qc_status_change,1789378791.1216755,668.132,164776,2,2,,1,G01,B,bbbd_subtraction,qc_status_change,warning,,0.0,0.0,,,,,,,通道2 RMS相对基线异常，正在确认是否持续。,324f7c1e-da89-4a22-ba3a-14cd4903bda9,sub-001,ses-001,,,1789378791.1216755,,,recorder,server,,,164775,167033,1,0.0,host_receive_nearest,,,,,,,,,,,,1,,,,,,,,,,,,,,,,,,,,V2,B,,,1789378791.1216755,167033,,,,,,,,,,
c4c516fb-7366-5d0a-b58d-d7d616850bb3,qc_status_change,1789378793.1216755,670.112,165271,2,2,,1,G01,B,bbbd_subtraction,qc_status_change,good,,0.0,0.0,,,,,,,当前QC指标正常。,324f7c1e-da89-4a22-ba3a-14cd4903bda9,sub-001,ses-001,,,1789378793.1216755,,,recorder,server,,,165270,167528,1,-15.999794006347656,host_receive_nearest,,,,,,,,,,,,1,,,,,,,,,,,,,,,,,,,,V2,B,,,1789378793.1216755,167528,,,,,,,,,,
0a653cb1-e808-5b26-b325-a87e36d678a2,qc_status_change,1789378795.1216755,672.112,165771,2,2,,1,G01,B,bbbd_subtraction,qc_status_change,warning,,0.0,0.0,,,,,,,通道2 RMS相对基线异常，正在确认是否持续。,324f7c1e-da89-4a22-ba3a-14cd4903bda9,sub-001,ses-001,,,1789378795.1216755,,,recorder,server,,,165770,168028,1,-15.999794006347656,host_receive_nearest,,,,,,,,,,,,1,,,,,,,,,,,,,,,,,,,,V2,B,,,1789378795.1216755,168028,,,,,,,,,,
6f307c0f-af5d-5110-9051-aa9e9cb88e2b,qc_status_change,1789378801.1366756,678.132,167276,2,2,,1,G01,B,bbbd_subtraction,qc_status_change,bad,,0.0,0.0,,,,,,,通道2 RMS相对基线突变，可能接触不稳，请检查并重新连接。,324f7c1e-da89-4a22-ba3a-14cd4903bda9,sub-001,ses-001,,,1789378801.1366756,,,recorder,server,,,167275,169533,1,-30.99989891052246,host_receive_nearest,,,,,,,,,,,,1,,,,,,,,,,,,,,,,,,,,V2,B,,,1789378801.1366756,169533,,,,,,,,,,
d14d9cf3-db13-5629-9f66-1816aa16f9b0,probe_onset,1789378805.1117756,682.092,168266,2,2,,1,G01,B,bbbd_subtraction,probe_onset,Block 2_3_5b0c02fb,,0.0,0.0,,,,,,,"{""client_event_id"":""7dbd0bad-bfc6-46a5-a413-1cd6c9df5dab"",""recorder_run_id"":""324f7c1e-da89-4a22-ba3a-14cd4903bda9"",""client_id"":""236c2dd9-7af5-4104-acf6-d8b2600b9bd5"",""client_timestamp"":1789378805.1015,""client_monotonic_ms"":727733.099999994,""event_timestamp"":1789378805.1117756,""clock_offset_sec"":0.010275602340698242,""clock_round_trip_ms"":1.3997554779052734,""subject_id"":""sub-001"",""session_id"":""ses-001"",""block_id"":""Block 2"",""counterbalance_group"":""G01"",""block_order"":""Block 2"",""condition"":""B"",""condition_type"":""bbbd_subtraction"",""topic_key"":""V2"",""topic_name"":""百家争鸣 到底是哪百家"",""event_type"":""probe_onset"",""iso_time"":""2026-09-14T09:40:05.101Z"",""relative_ms"":202037,""video_time_sec"":185.732,""probe_id"":""Block 2_3_5b0c02fb"",""probe_index"":3,""probe_schedule_id"":""5b0c02fb-bde3-428f-a273-710f9a69d776"",""probe_planned_time_sec"":185.728,""video_id"":""V2"",""pause_reason"":""thought_probe"",""forced"":false}",324f7c1e-da89-4a22-ba3a-14cd4903bda9,sub-001,ses-001,7dbd0bad-bfc6-46a5-a413-1cd6c9df5dab,236c2dd9-7af5-4104-acf6-d8b2600b9bd5,1789378805.1056757,1789378805.1015,727733.099999994,browser,browser_calibrated,0.010275602340698242,1.3997554779052734,168265,170523,1,-22.099971771240234,host_receive_nearest,verified,1,1,,,,,,,,,1,,,,,,,,,,,,,,,,,,,,V2,B,185.732,1789378805.1015,1789378805.1056757,170523,Block 2_3_5b0c02fb,3,5b0c02fb-bde3-428f-a273-710f9a69d776,185.728,,,,,,thought_probe
a7976617-b6e8-5fc7-96e4-0876ba98f748,qc_status_change,1789378805.1216755,682.132,168276,2,2,,1,G01,B,bbbd_subtraction,qc_status_change,good,,0.0,0.0,,,,,,,当前QC指标正常。,324f7c1e-da89-4a22-ba3a-14cd4903bda9,sub-001,ses-001,,,1789378805.1216755,,,recorder,server,,,168275,170533,1,0.0,host_receive_nearest,,,,,,,,,,,,1,,,,,,,,,,,,,,,,,,,,V2,B,,,1789378805.1216755,170533,,,,,,,,,,
88a4d758-24ae-551d-b388-d63c5138c217,attention_response,1789378807.0762255,683.732,168676,2,2,,1,G01,B,bbbd_subtraction,attention_response,2,,0.0,0.0,,,,,,,"{""client_event_id"":""821dc5bf-d26f-4ef2-92c0-0e092dba7781"",""recorder_run_id"":""324f7c1e-da89-4a22-ba3a-14cd4903bda9"",""client_id"":""236c2dd9-7af5-4104-acf6-d8b2600b9bd5"",""client_timestamp"":1789378807.0734,""client_monotonic_ms"":729705,""event_timestamp"":1789378807.0762255,""clock_offset_sec"":0.002825498580932617,""clock_round_trip_ms"":1.3000965118408203,""subject_id"":""sub-001"",""session_id"":""ses-001"",""block_id"":""Block 2"",""counterbalance_group"":""G01"",""block_order"":""Block 2"",""condition"":""B"",""condition_type"":""bbbd_subtraction"",""topic_key"":""V2"",""topic_name"":""百家争鸣 到底是哪百家"",""event_type"":""attention_response"",""iso_time"":""2026-09-14T09:40:07.073Z"",""relative_ms"":204009,""video_time_sec"":185.732,""probe_id"":""Block 2_3_5b0c02fb"",""probe_index"":3,""probe_schedule_id"":""5b0c02fb-bde3-428f-a273-710f9a69d776"",""probe_planned_time_sec"":185.728,""video_id"":""V2"",""response"":2,""response_label"":""连续减7心算任务"",""probe_attention"":""OFF"",""response_time_ms"":1972}",324f7c1e-da89-4a22-ba3a-14cd4903bda9,sub-001,ses-001,821dc5bf-d26f-4ef2-92c0-0e092dba7781,236c2dd9-7af5-4104-acf6-d8b2600b9bd5,1789378807.0896757,1789378807.0734,729705,browser,browser_calibrated,0.002825498580932617,1.3000965118408203,168675,170933,1,-48.54989051818848,host_receive_nearest,verified,1,1,,,,,,,,,1,,,,,,,,,,,,,,,,,,,,V2,B,185.732,1789378807.0734,1789378807.0896757,170933,Block 2_3_5b0c02fb,3,5b0c02fb-bde3-428f-a273-710f9a69d776,185.728,2,连续减7心算任务,1972,,OFF,
c89cdb6d-9087-5df2-870f-7943afde8c0c,confidence_response,1789378807.6304255,684.552,168881,2,2,,1,G01,B,bbbd_subtraction,confidence_response,3,,0.0,0.0,,,,,,,"{""client_event_id"":""6ae4acbd-c0c5-4ab1-9595-fa78111e0295"",""recorder_run_id"":""324f7c1e-da89-4a22-ba3a-14cd4903bda9"",""client_id"":""236c2dd9-7af5-4104-acf6-d8b2600b9bd5"",""client_timestamp"":1789378807.6276,""client_monotonic_ms"":730259.1999999881,""event_timestamp"":1789378807.6304255,""clock_offset_sec"":0.002825498580932617,""clock_round_trip_ms"":1.3000965118408203,""subject_id"":""sub-001"",""session_id"":""ses-001"",""block_id"":""Block 2"",""counterbalance_group"":""G01"",""block_order"":""Block 2"",""condition"":""B"",""condition_type"":""bbbd_subtraction"",""topic_key"":""V2"",""topic_name"":""百家争鸣 到底是哪百家"",""event_type"":""confidence_response"",""iso_time"":""2026-09-14T09:40:07.627Z"",""relative_ms"":204563,""video_time_sec"":185.732,""probe_id"":""Block 2_3_5b0c02fb"",""probe_index"":3,""probe_schedule_id"":""5b0c02fb-bde3-428f-a273-710f9a69d776"",""probe_planned_time_sec"":185.728,""video_id"":""V2"",""response"":2,""confidence"":3,""response_time_ms"":554}",324f7c1e-da89-4a22-ba3a-14cd4903bda9,sub-001,ses-001,6ae4acbd-c0c5-4ab1-9595-fa78111e0295,236c2dd9-7af5-4104-acf6-d8b2600b9bd5,1789378807.6366756,1789378807.6276,730259.1999999881,browser,browser_calibrated,0.002825498580932617,1.3000965118408203,168880,171138,1,-8.749961853027344,host_receive_nearest,verified,1,1,,,,,,,,,1,,,,,,,,,,,,,,,,,,,,V2,B,185.732,1789378807.6276,1789378807.6366756,171138,Block 2_3_5b0c02fb,3,5b0c02fb-bde3-428f-a273-710f9a69d776,185.728,,,554,3,,
fadf7c2d-db06-5d1f-8eb8-e883bad4f0e0,phase_change,1789378807.6341252,684.556,168886,2,2,,1,G01,B,bbbd_subtraction,phase_change,video,,0.0,0.0,,,,,,,,324f7c1e-da89-4a22-ba3a-14cd4903bda9,sub-001,ses-001,f0adbcac-f678-4af0-b969-5181c0e5007c,236c2dd9-7af5-4104-acf6-d8b2600b9bd5,1789378807.6526756,1789378807.6312997,730262.8999999762,browser,browser_calibrated,0.002825498580932617,1.3000965118408203,168881,171139,1,2.550363540649414,host_receive_nearest,verified,1,1,,,,,,,,,1,,,,,,,,,,,,,,,,,,,,V2,B,185.876,1789378807.6312997,1789378807.6526756,171139,,,,,,,,,,
06f20c89-3d67-59df-a130-654d95a71f98,video_resume,1789378807.6341252,684.556,168886,2,2,,1,G01,B,bbbd_subtraction,video_resume,185.876,,0.0,0.0,,,,,,,"{""client_event_id"":""f0adbcac-f678-4af0-b969-5181c0e5007c"",""recorder_run_id"":""324f7c1e-da89-4a22-ba3a-14cd4903bda9"",""client_id"":""236c2dd9-7af5-4104-acf6-d8b2600b9bd5"",""client_timestamp"":1789378807.6312997,""client_monotonic_ms"":730262.8999999762,""event_timestamp"":1789378807.6341252,""clock_offset_sec"":0.002825498580932617,""clock_round_trip_ms"":1.3000965118408203,""subject_id"":""sub-001"",""session_id"":""ses-001"",""block_id"":""Block 2"",""counterbalance_group"":""G01"",""block_order"":""Block 2"",""condition"":""B"",""condition_type"":""bbbd_subtraction"",""topic_key"":""V2"",""topic_name"":""百家争鸣 到底是哪百家"",""event_type"":""video_resume"",""iso_time"":""2026-09-14T09:40:07.631Z"",""relative_ms"":204567,""video_time_sec"":185.876,""probe_id"":""Block 2_3_5b0c02fb"",""probe_index"":3,""probe_schedule_id"":""5b0c02fb-bde3-428f-a273-710f9a69d776"",""probe_planned_time_sec"":185.728,""video_id"":""V2"",""pause_reason"":""thought_probe"",""resume_status"":""playing""}",324f7c1e-da89-4a22-ba3a-14cd4903bda9,sub-001,ses-001,f0adbcac-f678-4af0-b969-5181c0e5007c,236c2dd9-7af5-4104-acf6-d8b2600b9bd5,1789378807.6526756,1789378807.6312997,730262.8999999762,browser,browser_calibrated,0.002825498580932617,1.3000965118408203,168881,171139,1,2.550363540649414,host_receive_nearest,verified,1,1,,,,,,,,,1,,,,,,,,,,,,,,,,,,,,V2,B,185.876,1789378807.6312997,1789378807.6526756,171139,Block 2_3_5b0c02fb,,,,,,,,,thought_probe
6046e6aa-7594-5e20-a078-72152b7c54bb,qc_status_change,1789378813.1216755,689.692,169966,2,2,,1,G01,B,bbbd_subtraction,qc_status_change,bad,,0.0,0.0,,,,,,,丢包率 8.35% 过高，请检查蓝牙距离、供电和连接。,324f7c1e-da89-4a22-ba3a-14cd4903bda9,sub-001,ses-001,,,1789378813.1216755,,,recorder,server,,,169965,172423,1,-31.999826431274414,host_receive_nearest,,,,,,,,,,,,1,,,,,,,,,,,,,,,,,,,,V2,B,,,1789378813.1216755,172423,,,,,,,,,,
c0429b1b-cc37-5abc-a5bb-fe427f87f140,qc_status_change,1789378835.1366756,709.08,173966,2,2,,1,G01,B,bbbd_subtraction,qc_status_change,good,,0.0,0.0,,,,,,,当前QC指标正常。,324f7c1e-da89-4a22-ba3a-14cd4903bda9,sub-001,ses-001,,,1789378835.1366756,,,recorder,server,,,173965,177270,1,0.0,host_receive_nearest,,,,,,,,,,,,1,,,,,,,,,,,,,,,,,,,,V2,B,,,1789378835.1366756,177270,,,,,,,,,,
6a5912cc-975b-5d6a-86c0-898b77c23390,qc_status_change,1789378841.1216755,715.06,175461,2,2,,1,G01,B,bbbd_subtraction,qc_status_change,warning,,0.0,0.0,,,,,,,通道2 RMS相对基线异常，正在确认是否持续。,324f7c1e-da89-4a22-ba3a-14cd4903bda9,sub-001,ses-001,,,1789378841.1216755,,,recorder,server,,,175460,178765,1,0.0,host_receive_nearest,,,,,,,,,,,,1,,,,,,,,,,,,,,,,,,,,V2,B,,,1789378841.1216755,178765,,,,,,,,,,
5175c6c9-5ab5-5ad6-b05e-da203f2d1d5f,qc_status_change,1789378843.1216755,717.02,175951,2,2,,1,G01,B,bbbd_subtraction,qc_status_change,good,,0.0,0.0,,,,,,,当前QC指标正常。,324f7c1e-da89-4a22-ba3a-14cd4903bda9,sub-001,ses-001,,,1789378843.1216755,,,recorder,server,,,175950,179255,1,0.0,host_receive_nearest,,,,,,,,,,,,1,,,,,,,,,,,,,,,,,,,,V2,B,,,1789378843.1216755,179255,,,,,,,,,,
2bc74102-c562-5768-afae-eff23ac049bc,qc_status_change,1789378853.1216755,726.5,178196,2,2,,1,G01,B,bbbd_subtraction,qc_status_change,bad,,0.0,0.0,,,,,,,丢包率 5.26% 过高，请检查蓝牙距离、供电和连接。,324f7c1e-da89-4a22-ba3a-14cd4903bda9,sub-001,ses-001,,,1789378853.1216755,,,recorder,server,,,178195,181625,1,-77.99983024597168,host_receive_nearest,,,,,,,,,,,,1,,,,,,,,,,,,,,,,,,,,V2,B,,,1789378853.1216755,181625,,,,,,,,,,
e68ec1ff-5835-51f3-9379-c7e6ddd5b8f5,qc_status_change,1789378869.1366756,743.02,181746,2,2,,1,G01,B,bbbd_subtraction,qc_status_change,good,,0.0,0.0,,,,,,,当前QC指标正常。,324f7c1e-da89-4a22-ba3a-14cd4903bda9,sub-001,ses-001,,,1789378869.1366756,,,recorder,server,,,181745,185755,1,-78.00006866455078,host_receive_nearest,,,,,,,,,,,,1,,,,,,,,,,,,,,,,,,,,V2,B,,,1789378869.1366756,185755,,,,,,,,,,
c5024075-c876-5997-87ab-3f3caf734edb,qc_status_change,1789378871.1526756,744.98,182236,2,2,,1,G01,B,bbbd_subtraction,qc_status_change,warning,,0.0,0.0,,,,,,,通道2 RMS相对基线异常，正在确认是否持续。,324f7c1e-da89-4a22-ba3a-14cd4903bda9,sub-001,ses-001,,,1789378871.1526756,,,recorder,server,,,182235,186245,1,-108.99996757507324,host_receive_nearest,,,,,,,,,,,,1,,,,,,,,,,,,,,,,,,,,V2,B,,,1789378871.1526756,186245,,,,,,,,,,
be9a5b73-07e3-57ff-b6f2-da618dea5bda,qc_status_change,1789378873.1686757,747.04,182751,2,2,,1,G01,B,bbbd_subtraction,qc_status_change,good,,0.0,0.0,,,,,,,当前QC指标正常。,324f7c1e-da89-4a22-ba3a-14cd4903bda9,sub-001,ses-001,,,1789378873.1686757,,,recorder,server,,,182750,186760,1,-32.000064849853516,host_receive_nearest,,,,,,,,,,,,1,,,,,,,,,,,,,,,,,,,,V2,B,,,1789378873.1686757,186760,,,,,,,,,,
bf4e64b8-a60e-5374-bcb1-47a25a487125,qc_status_change,1789378881.1686757,754.996,184740,2,2,,1,G01,B,bbbd_subtraction,qc_status_change,warning,,0.0,0.0,,,,,,,通道2 RMS相对基线异常，正在确认是否持续。,324f7c1e-da89-4a22-ba3a-14cd4903bda9,sub-001,ses-001,,,1789378881.1686757,,,recorder,server,,,184739,188749,1,0.0,host_receive_nearest,,,,,,,,,,,,1,,,,,,,,,,,,,,,,,,,,V2,B,,,1789378881.1686757,188749,,,,,,,,,,
976144f9-4eeb-5d2a-b286-e58dc3731734,qc_status_change,1789378887.1836755,761.056,186255,2,2,,1,G01,B,bbbd_subtraction,qc_status_change,bad,,0.0,0.0,,,,,,,通道2 RMS相对基线突变，可能接触不稳，请检查并重新连接。,324f7c1e-da89-4a22-ba3a-14cd4903bda9,sub-001,ses-001,,,1789378887.1836755,,,recorder,server,,,186254,190264,1,-30.99989891052246,host_receive_nearest,,,,,,,,,,,,1,,,,,,,,,,,,,,,,,,,,V2,B,,,1789378887.1836755,190264,,,,,,,,,,
e03b4e51-aaa1-562a-9397-174e9235fc47,qc_status_change,1789378889.1836755,763.116,186770,2,2,,1,G01,B,bbbd_subtraction,qc_status_change,good,,0.0,0.0,,,,,,,当前QC指标正常。,324f7c1e-da89-4a22-ba3a-14cd4903bda9,sub-001,ses-001,,,1789378889.1836755,,,recorder,server,,,186769,190779,1,0.0,host_receive_nearest,,,,,,,,,,,,1,,,,,,,,,,,,,,,,,,,,V2,B,,,1789378889.1836755,190779,,,,,,,,,,
d4355dd6-c4f8-565f-a621-47b198e8ee79,qc_status_change,1789378899.1686757,773.096,189265,2,2,,1,G01,B,bbbd_subtraction,qc_status_change,warning,,0.0,0.0,,,,,,,通道1 RMS相对基线异常，正在确认是否持续。,324f7c1e-da89-4a22-ba3a-14cd4903bda9,sub-001,ses-001,,,1789378899.1686757,,,recorder,server,,,189264,193274,1,0.0,host_receive_nearest,,,,,,,,,,,,1,,,,,,,,,,,,,,,,,,,,V2,B,,,1789378899.1686757,193274,,,,,,,,,,
4385f9f6-fc6c-5caf-9ecc-2c0e0a09c8ac,qc_status_change,1789378903.1686757,777.096,190265,2,2,,1,G01,B,bbbd_subtraction,qc_status_change,good,,0.0,0.0,,,,,,,当前QC指标正常。,324f7c1e-da89-4a22-ba3a-14cd4903bda9,sub-001,ses-001,,,1789378903.1686757,,,recorder,server,,,190264,194274,1,-16.000032424926758,host_receive_nearest,,,,,,,,,,,,1,,,,,,,,,,,,,,,,,,,,V2,B,,,1789378903.1686757,194274,,,,,,,,,,
f3bff2ca-b80e-559e-90a2-8266da1a1a6d,probe_onset,1789378904.4632757,778.396,190590,2,2,,1,G01,B,bbbd_subtraction,probe_onset,Block 2_4_5b0c02fb,,0.0,0.0,,,,,,,"{""client_event_id"":""05c4a609-3c79-4646-ab6b-340a6d76784f"",""recorder_run_id"":""324f7c1e-da89-4a22-ba3a-14cd4903bda9"",""client_id"":""236c2dd9-7af5-4104-acf6-d8b2600b9bd5"",""client_timestamp"":1789378904.4637,""client_monotonic_ms"":827095.2999999821,""event_timestamp"":1789378904.4632757,""clock_offset_sec"":-0.00042438507080078125,""clock_round_trip_ms"":1.399993896484375,""subject_id"":""sub-001"",""session_id"":""ses-001"",""block_id"":""Block 2"",""counterbalance_group"":""G01"",""block_order"":""Block 2"",""condition"":""B"",""condition_type"":""bbbd_subtraction"",""topic_key"":""V2"",""topic_name"":""百家争鸣 到底是哪百家"",""event_type"":""probe_onset"",""iso_time"":""2026-09-14T09:41:44.463Z"",""relative_ms"":301400,""video_time_sec"":282.585,""probe_id"":""Block 2_4_5b0c02fb"",""probe_index"":4,""probe_schedule_id"":""5b0c02fb-bde3-428f-a273-710f9a69d776"",""probe_planned_time_sec"":282.515,""video_id"":""V2"",""pause_reason"":""thought_probe"",""forced"":false}",324f7c1e-da89-4a22-ba3a-14cd4903bda9,sub-001,ses-001,05c4a609-3c79-4646-ab6b-340a6d76784f,236c2dd9-7af5-4104-acf6-d8b2600b9bd5,1789378904.4646757,1789378904.4637,827095.2999999821,browser,browser_calibrated,-0.00042438507080078125,1.399993896484375,190589,194599,1,-13.60011100769043,host_receive_nearest,verified,1,1,,,,,,,,,1,,,,,,,,,,,,,,,,,,,,V2,B,282.585,1789378904.4637,1789378904.4646757,194599,Block 2_4_5b0c02fb,4,5b0c02fb-bde3-428f-a273-710f9a69d776,282.515,,,,,,thought_probe
bc1ca724-bdf8-59ad-8403-3eaef8c19f5d,attention_response,1789378906.5145757,780.456,191105,2,2,,1,G01,B,bbbd_subtraction,attention_response,2,,0.0,0.0,,,,,,,"{""client_event_id"":""3da9c047-383e-4fa1-837d-75eced703186"",""recorder_run_id"":""324f7c1e-da89-4a22-ba3a-14cd4903bda9"",""client_id"":""236c2dd9-7af5-4104-acf6-d8b2600b9bd5"",""client_timestamp"":1789378906.515,""client_monotonic_ms"":829146.599999994,""event_timestamp"":1789378906.5145757,""clock_offset_sec"":-0.00042438507080078125,""clock_round_trip_ms"":1.399993896484375,""subject_id"":""sub-001"",""session_id"":""ses-001"",""block_id"":""Block 2"",""counterbalance_group"":""G01"",""block_order"":""Block 2"",""condition"":""B"",""condition_type"":""bbbd_subtraction"",""topic_key"":""V2"",""topic_name"":""百家争鸣 到底是哪百家"",""event_type"":""attention_response"",""iso_time"":""2026-09-14T09:41:46.515Z"",""relative_ms"":303451,""video_time_sec"":282.585,""probe_id"":""Block 2_4_5b0c02fb"",""probe_index"":4,""probe_schedule_id"":""5b0c02fb-bde3-428f-a273-710f9a69d776"",""probe_planned_time_sec"":282.515,""video_id"":""V2"",""response"":2,""response_label"":""连续减7心算任务"",""probe_attention"":""OFF"",""response_time_ms"":2051}",324f7c1e-da89-4a22-ba3a-14cd4903bda9,sub-001,ses-001,3da9c047-383e-4fa1-837d-75eced703186,236c2dd9-7af5-4104-acf6-d8b2600b9bd5,1789378906.5276756,1789378906.515,829146.599999994,browser,browser_calibrated,-0.00042438507080078125,1.399993896484375,191104,195114,1,-2.9001235961914062,host_receive_nearest,verified,1,1,,,,,,,,,1,,,,,,,,,,,,,,,,,,,,V2,B,282.585,1789378906.515,1789378906.5276756,195114,Block 2_4_5b0c02fb,4,5b0c02fb-bde3-428f-a273-710f9a69d776,282.515,2,连续减7心算任务,2051,,OFF,
cfec107c-4032-5661-868c-852252f45ab4,confidence_response,1789378907.1790757,781.116,191270,2,2,,1,G01,B,bbbd_subtraction,confidence_response,4,,0.0,0.0,,,,,,,"{""client_event_id"":""67ef6ba3-0cdb-4bf6-9747-413e8da5c02d"",""recorder_run_id"":""324f7c1e-da89-4a22-ba3a-14cd4903bda9"",""client_id"":""236c2dd9-7af5-4104-acf6-d8b2600b9bd5"",""client_timestamp"":1789378907.1795,""client_monotonic_ms"":829811.099999994,""event_timestamp"":1789378907.1790757,""clock_offset_sec"":-0.00042438507080078125,""clock_round_trip_ms"":1.399993896484375,""subject_id"":""sub-001"",""session_id"":""ses-001"",""block_id"":""Block 2"",""counterbalance_group"":""G01"",""block_order"":""Block 2"",""condition"":""B"",""condition_type"":""bbbd_subtraction"",""topic_key"":""V2"",""topic_name"":""百家争鸣 到底是哪百家"",""event_type"":""confidence_response"",""iso_time"":""2026-09-14T09:41:47.179Z"",""relative_ms"":304115,""video_time_sec"":282.585,""probe_id"":""Block 2_4_5b0c02fb"",""probe_index"":4,""probe_schedule_id"":""5b0c02fb-bde3-428f-a273-710f9a69d776"",""probe_planned_time_sec"":282.515,""video_id"":""V2"",""response"":2,""confidence"":4,""response_time_ms"":665}",324f7c1e-da89-4a22-ba3a-14cd4903bda9,sub-001,ses-001,67ef6ba3-0cdb-4bf6-9747-413e8da5c02d,236c2dd9-7af5-4104-acf6-d8b2600b9bd5,1789378907.1836755,1789378907.1795,829811.099999994,browser,browser_calibrated,-0.00042438507080078125,1.399993896484375,191269,195279,1,-10.400056838989258,host_receive_nearest,verified,1,1,,,,,,,,,1,,,,,,,,,,,,,,,,,,,,V2,B,282.585,1789378907.1795,1789378907.1996756,195279,Block 2_4_5b0c02fb,4,5b0c02fb-bde3-428f-a273-710f9a69d776,282.515,,,665,4,,
20fa3afd-ce20-5d42-ae30-9230acc72ef3,phase_change,1789378907.1821754,781.116,191275,2,2,,1,G01,B,bbbd_subtraction,phase_change,video,,0.0,0.0,,,,,,,,324f7c1e-da89-4a22-ba3a-14cd4903bda9,sub-001,ses-001,56c32bd6-79dd-4d0e-aaf6-078dbe2b4cbe,236c2dd9-7af5-4104-acf6-d8b2600b9bd5,1789378907.1996756,1789378907.1825998,829814.1999999881,browser,browser_calibrated,-0.00042438507080078125,1.399993896484375,191269,195279,1,-13.499736785888672,host_receive_nearest,verified,1,1,,,,,,,,,1,,,,,,,,,,,,,,,,,,,,V2,B,282.726,1789378907.1825998,1789378907.1996756,195279,,,,,,,,,,
efa680c0-4527-5d8b-a756-34da5ca8a5cb,video_resume,1789378907.1821754,781.116,191275,2,2,,1,G01,B,bbbd_subtraction,video_resume,282.726,,0.0,0.0,,,,,,,"{""client_event_id"":""56c32bd6-79dd-4d0e-aaf6-078dbe2b4cbe"",""recorder_run_id"":""324f7c1e-da89-4a22-ba3a-14cd4903bda9"",""client_id"":""236c2dd9-7af5-4104-acf6-d8b2600b9bd5"",""client_timestamp"":1789378907.1825998,""client_monotonic_ms"":829814.1999999881,""event_timestamp"":1789378907.1821754,""clock_offset_sec"":-0.00042438507080078125,""clock_round_trip_ms"":1.399993896484375,""subject_id"":""sub-001"",""session_id"":""ses-001"",""block_id"":""Block 2"",""counterbalance_group"":""G01"",""block_order"":""Block 2"",""condition"":""B"",""condition_type"":""bbbd_subtraction"",""topic_key"":""V2"",""topic_name"":""百家争鸣 到底是哪百家"",""event_type"":""video_resume"",""iso_time"":""2026-09-14T09:41:47.182Z"",""relative_ms"":304118,""video_time_sec"":282.726,""probe_id"":""Block 2_4_5b0c02fb"",""probe_index"":4,""probe_schedule_id"":""5b0c02fb-bde3-428f-a273-710f9a69d776"",""probe_planned_time_sec"":282.515,""video_id"":""V2"",""pause_reason"":""thought_probe"",""resume_status"":""playing""}",324f7c1e-da89-4a22-ba3a-14cd4903bda9,sub-001,ses-001,56c32bd6-79dd-4d0e-aaf6-078dbe2b4cbe,236c2dd9-7af5-4104-acf6-d8b2600b9bd5,1789378907.1996756,1789378907.1825998,829814.1999999881,browser,browser_calibrated,-0.00042438507080078125,1.399993896484375,191269,195279,1,-13.499736785888672,host_receive_nearest,verified,1,1,,,,,,,,,1,,,,,,,,,,,,,,,,,,,,V2,B,282.726,1789378907.1825998,1789378907.1996756,195279,Block 2_4_5b0c02fb,,,,,,,,,thought_probe
a928357e-92ce-563d-abbc-1249cec3ba6f,qc_status_change,1789378931.2146757,805.116,197270,2,2,,1,G01,B,bbbd_subtraction,qc_status_change,warning,,0.0,0.0,,,,,,,通道2 RMS相对基线异常，正在确认是否持续。,324f7c1e-da89-4a22-ba3a-14cd4903bda9,sub-001,ses-001,,,1789378931.2146757,,,recorder,server,,,197269,201279,1,0.0,host_receive_nearest,,,,,,,,,,,,1,,,,,,,,,,,,,,,,,,,,V2,B,,,1789378931.2146757,201279,,,,,,,,,,
c7c4cf54-014f-5673-88b5-84743147fa9b,qc_status_change,1789378935.2146757,809.116,198270,2,2,,1,G01,B,bbbd_subtraction,qc_status_change,good,,0.0,0.0,,,,,,,当前QC指标正常。,324f7c1e-da89-4a22-ba3a-14cd4903bda9,sub-001,ses-001,,,1789378935.2146757,,,recorder,server,,,198269,202279,1,0.0,host_receive_nearest,,,,,,,,,,,,1,,,,,,,,,,,,,,,,,,,,V2,B,,,1789378935.2146757,202279,,,,,,,,,,
a8757255-6d42-581f-86af-c8c2044b9915,video_end,1789378937.3887758,811.316,198820,2,2,,1,G01,B,bbbd_subtraction,video_end,V2,,0.0,0.0,,,,,,,,324f7c1e-da89-4a22-ba3a-14cd4903bda9,sub-001,ses-001,26e7909b-5314-418f-85ce-23f605c4a619,236c2dd9-7af5-4104-acf6-d8b2600b9bd5,1789378937.3866756,1789378937.3805,860012.099999994,browser,browser_calibrated,0.008275747299194336,1.399993896484375,198819,202829,1,-17.10033416748047,host_receive_nearest,verified,1,1,,,,,,,,,1,,,,,,,,,,,,,,,,,,,,V2,B,312.773,1789378937.3805,1789378937.3866756,202829,,,,,,,,,,
244234db-b4f4-5f24-9689-f403cd3ebbb8,browser_video_ended,1789378937.3887758,811.316,198820,2,2,,1,G01,B,bbbd_subtraction,browser_video_ended,,,0.0,0.0,,,,,,,"{""client_event_id"":""26e7909b-5314-418f-85ce-23f605c4a619"",""recorder_run_id"":""324f7c1e-da89-4a22-ba3a-14cd4903bda9"",""client_id"":""236c2dd9-7af5-4104-acf6-d8b2600b9bd5"",""client_timestamp"":1789378937.3805,""client_monotonic_ms"":860012.099999994,""event_timestamp"":1789378937.3887758,""clock_offset_sec"":0.008275747299194336,""clock_round_trip_ms"":1.399993896484375,""subject_id"":""sub-001"",""session_id"":""ses-001"",""block_id"":""Block 2"",""counterbalance_group"":""G01"",""block_order"":""Block 2"",""condition"":""B"",""condition_type"":""bbbd_subtraction"",""topic_key"":""V2"",""topic_name"":""百家争鸣 到底是哪百家"",""event_type"":""video_ended"",""iso_time"":""2026-09-14T09:42:17.380Z"",""relative_ms"":334316,""video_time_sec"":312.773}",324f7c1e-da89-4a22-ba3a-14cd4903bda9,sub-001,ses-001,26e7909b-5314-418f-85ce-23f605c4a619,236c2dd9-7af5-4104-acf6-d8b2600b9bd5,1789378937.3866756,1789378937.3805,860012.099999994,browser,browser_calibrated,0.008275747299194336,1.399993896484375,198819,202829,1,-17.10033416748047,host_receive_nearest,verified,1,1,,,,,,,,,1,,,,,,,,,,,,,,,,,,,,V2,B,312.773,1789378937.3805,1789378937.3866756,202829,,,,,,,,,,
0856184a-3629-5c62-919f-756f3eb7eaa8,browser_block_end,1789378937.3910756,811.32,198825,2,2,,1,G01,B,bbbd_subtraction,browser_block_end,视频自然播放结束,,0.0,0.0,,,,,,,"{""client_event_id"":""940e23b2-c54c-476d-958b-02184f032c66"",""recorder_run_id"":""324f7c1e-da89-4a22-ba3a-14cd4903bda9"",""client_id"":""236c2dd9-7af5-4104-acf6-d8b2600b9bd5"",""client_timestamp"":1789378937.3827999,""client_monotonic_ms"":860014.3999999762,""event_timestamp"":1789378937.3910756,""clock_offset_sec"":0.008275747299194336,""clock_round_trip_ms"":1.399993896484375,""subject_id"":""sub-001"",""session_id"":""ses-001"",""block_id"":""Block 2"",""counterbalance_group"":""G01"",""block_order"":""Block 2"",""condition"":""B"",""condition_type"":""bbbd_subtraction"",""topic_key"":""V2"",""topic_name"":""百家争鸣 到底是哪百家"",""event_type"":""block_end"",""iso_time"":""2026-09-14T09:42:17.382Z"",""relative_ms"":334319,""video_time_sec"":312.773,""reason"":""视频自然播放结束""}",324f7c1e-da89-4a22-ba3a-14cd4903bda9,sub-001,ses-001,940e23b2-c54c-476d-958b-02184f032c66,236c2dd9-7af5-4104-acf6-d8b2600b9bd5,1789378937.4026756,1789378937.3827999,860014.3999999762,browser,browser_calibrated,0.008275747299194336,1.399993896484375,198820,202830,1,11.600017547607422,host_receive_nearest,verified,1,1,,,,,,,,,1,,,,,,,,,,,,,,,,,,,,V2,B,312.773,1789378937.3827999,1789378937.4026756,202830,,,,,,,,,,
4791315e-595e-59de-b137-eefd1bc7e4e4,rating_start,1789378937.3930755,811.32,198825,2,2,,1,G01,B,bbbd_subtraction,rating_start,,,0.0,0.0,,,,,,,"{""client_event_id"":""bad46636-a54c-483b-b53c-0609e712cf8a"",""recorder_run_id"":""324f7c1e-da89-4a22-ba3a-14cd4903bda9"",""client_id"":""236c2dd9-7af5-4104-acf6-d8b2600b9bd5"",""client_timestamp"":1789378937.3847997,""client_monotonic_ms"":860016.3999999762,""event_timestamp"":1789378937.3930755,""clock_offset_sec"":0.008275747299194336,""clock_round_trip_ms"":1.399993896484375,""subject_id"":""sub-001"",""session_id"":""ses-001"",""block_id"":""Block 2"",""counterbalance_group"":""G01"",""block_order"":""Block 2"",""condition"":""B"",""condition_type"":""bbbd_subtraction"",""topic_key"":""V2"",""topic_name"":""百家争鸣 到底是哪百家"",""event_type"":""rating_start"",""iso_time"":""2026-09-14T09:42:17.384Z"",""relative_ms"":334321,""video_time_sec"":312.773}",324f7c1e-da89-4a22-ba3a-14cd4903bda9,sub-001,ses-001,bad46636-a54c-483b-b53c-0609e712cf8a,236c2dd9-7af5-4104-acf6-d8b2600b9bd5,1789378937.4026756,1789378937.3847997,860016.3999999762,browser,browser_calibrated,0.008275747299194336,1.399993896484375,198820,202830,1,9.600162506103516,host_receive_nearest,verified,1,1,,,,,,,,,1,,,,,,,,,,,,,,,,,,,,V2,B,312.773,1789378937.3847997,1789378937.4026756,202830,,,,,,,,,,
e2993551-4f5b-548f-b7ad-a076f7ec0a01,rating_item_response,1789378940.8195257,814.756,199680,2,2,,1,G01,B,bbbd_subtraction,rating_item_response,4,,0.0,0.0,,,,,,,"{""client_event_id"":""f2db487e-0356-4a2a-8e0d-2788c9cb3b2b"",""recorder_run_id"":""324f7c1e-da89-4a22-ba3a-14cd4903bda9"",""client_id"":""236c2dd9-7af5-4104-acf6-d8b2600b9bd5"",""client_timestamp"":1789378940.8192,""client_monotonic_ms"":863450.7999999821,""event_timestamp"":1789378940.8195257,""clock_offset_sec"":0.0003256797790527344,""clock_round_trip_ms"":1.3000965118408203,""subject_id"":""sub-001"",""session_id"":""ses-001"",""block_id"":""Block 2"",""counterbalance_group"":""G01"",""block_order"":""Block 2"",""condition"":""B"",""condition_type"":""bbbd_subtraction"",""topic_key"":""V2"",""topic_name"":""百家争鸣 到底是哪百家"",""event_type"":""rating_item_response"",""iso_time"":""2026-09-14T09:42:20.819Z"",""relative_ms"":337755,""video_time_sec"":312.773,""rating_item"":""course_attention_rating"",""rating_value"":""4"",""response_time_ms"":3434}",324f7c1e-da89-4a22-ba3a-14cd4903bda9,sub-001,ses-001,f2db487e-0356-4a2a-8e0d-2788c9cb3b2b,236c2dd9-7af5-4104-acf6-d8b2600b9bd5,1789378940.8246756,1789378940.8192,863450.7999999821,browser,browser_calibrated,0.0003256797790527344,1.3000965118408203,199679,203689,1,-10.850191116333008,host_receive_nearest,verified,1,1,,,,,,,,,1,,,,,,,,,,,,,course_attention_rating,4,,,,,,V2,B,312.773,1789378940.8192,1789378940.8246756,203689,,,,,,,3434,,,
e7bfeda7-37bb-58a3-936a-76d891c99e9a,rating_item_response,1789378942.4760256,816.4,200095,2,2,,1,G01,B,bbbd_subtraction,rating_item_response,5,,0.0,0.0,,,,,,,"{""client_event_id"":""39ad060f-acfe-41be-9fa3-454af1399caf"",""recorder_run_id"":""324f7c1e-da89-4a22-ba3a-14cd4903bda9"",""client_id"":""236c2dd9-7af5-4104-acf6-d8b2600b9bd5"",""client_timestamp"":1789378942.4757,""client_monotonic_ms"":865107.2999999821,""event_timestamp"":1789378942.4760256,""clock_offset_sec"":0.0003256797790527344,""clock_round_trip_ms"":1.3000965118408203,""subject_id"":""sub-001"",""session_id"":""ses-001"",""block_id"":""Block 2"",""counterbalance_group"":""G01"",""block_order"":""Block 2"",""condition"":""B"",""condition_type"":""bbbd_subtraction"",""topic_key"":""V2"",""topic_name"":""百家争鸣 到底是哪百家"",""event_type"":""rating_item_response"",""iso_time"":""2026-09-14T09:42:22.475Z"",""relative_ms"":339411,""video_time_sec"":312.773,""rating_item"":""mental_effort"",""rating_value"":""5"",""response_time_ms"":5091}",324f7c1e-da89-4a22-ba3a-14cd4903bda9,sub-001,ses-001,39ad060f-acfe-41be-9fa3-454af1399caf,236c2dd9-7af5-4104-acf6-d8b2600b9bd5,1789378942.4806757,1789378942.4757,865107.2999999821,browser,browser_calibrated,0.0003256797790527344,1.3000965118408203,200090,204100,1,4.650115966796875,host_receive_nearest,verified,1,1,,,,,,,,,1,,,,,,,,,,,,,mental_effort,5,,,,,,V2,B,312.773,1789378942.4757,1789378942.4806757,204100,,,,,,,5091,,,
0a359fc0-f4a2-5c1f-a804-bd2ec4438d72,rating_item_response,1789378946.3504255,820.236,201050,2,2,,1,G01,B,bbbd_subtraction,rating_item_response,3,,0.0,0.0,,,,,,,"{""client_event_id"":""99853180-0a1a-4b36-9800-ec0aa0e5fcd2"",""recorder_run_id"":""324f7c1e-da89-4a22-ba3a-14cd4903bda9"",""client_id"":""236c2dd9-7af5-4104-acf6-d8b2600b9bd5"",""client_timestamp"":1789378946.3500998,""client_monotonic_ms"":868981.6999999881,""event_timestamp"":1789378946.3504255,""clock_offset_sec"":0.0003256797790527344,""clock_round_trip_ms"":1.3000965118408203,""subject_id"":""sub-001"",""session_id"":""ses-001"",""block_id"":""Block 2"",""counterbalance_group"":""G01"",""block_order"":""Block 2"",""condition"":""B"",""condition_type"":""bbbd_subtraction"",""topic_key"":""V2"",""topic_name"":""百家争鸣 到底是哪百家"",""event_type"":""rating_item_response"",""iso_time"":""2026-09-14T09:42:26.350Z"",""relative_ms"":343286,""video_time_sec"":312.773,""rating_item"":""video_interest"",""rating_value"":""3"",""response_time_ms"":8965}",324f7c1e-da89-4a22-ba3a-14cd4903bda9,sub-001,ses-001,99853180-0a1a-4b36-9800-ec0aa0e5fcd2,236c2dd9-7af5-4104-acf6-d8b2600b9bd5,1789378946.3556757,1789378946.3500998,868981.6999999881,browser,browser_calibrated,0.0003256797790527344,1.3000965118408203,201049,205059,1,-10.74981689453125,host_receive_nearest,verified,1,1,,,,,,,,,1,,,,,,,,,,,,,video_interest,3,,,,,,V2,B,312.773,1789378946.3500998,1789378946.3556757,205059,,,,,,,8965,,,
343b86be-64fb-5206-a6d4-6f3f97042a18,qc_status_change,1789378947.2146757,821.156,201280,2,2,,1,G01,B,bbbd_subtraction,qc_status_change,warning,,0.0,0.0,,,,,,,通道2 RMS相对基线异常，正在确认是否持续。,324f7c1e-da89-4a22-ba3a-14cd4903bda9,sub-001,ses-001,,,1789378947.2146757,,,recorder,server,,,201279,205289,1,-15.000104904174805,host_receive_nearest,,,,,,,,,,,,1,,,,,,,,,,,,,,,,,,,,V2,B,,,1789378947.2146757,205289,,,,,,,,,,
e9277b24-99f2-53a6-b776-f77a23816b08,rating_item_response,1789378947.5595257,821.436,201350,2,2,,1,G01,B,bbbd_subtraction,rating_item_response,1,,0.0,0.0,,,,,,,"{""client_event_id"":""34e234c2-cbd2-4761-9ebd-51a5de41968a"",""recorder_run_id"":""324f7c1e-da89-4a22-ba3a-14cd4903bda9"",""client_id"":""236c2dd9-7af5-4104-acf6-d8b2600b9bd5"",""client_timestamp"":1789378947.5592,""client_monotonic_ms"":870190.7999999821,""event_timestamp"":1789378947.5595257,""clock_offset_sec"":0.0003256797790527344,""clock_round_trip_ms"":1.3000965118408203,""subject_id"":""sub-001"",""session_id"":""ses-001"",""block_id"":""Block 2"",""counterbalance_group"":""G01"",""block_order"":""Block 2"",""condition"":""B"",""condition_type"":""bbbd_subtraction"",""topic_key"":""V2"",""topic_name"":""百家争鸣 到底是哪百家"",""event_type"":""rating_item_response"",""iso_time"":""2026-09-14T09:42:27.559Z"",""relative_ms"":344495,""video_time_sec"":312.773,""rating_item"":""video_difficulty"",""rating_value"":""1"",""response_time_ms"":10174}",324f7c1e-da89-4a22-ba3a-14cd4903bda9,sub-001,ses-001,34e234c2-cbd2-4761-9ebd-51a5de41968a,236c2dd9-7af5-4104-acf6-d8b2600b9bd5,1789378947.5746756,1789378947.5592,870190.7999999821,browser,browser_calibrated,0.0003256797790527344,1.3000965118408203,201349,205359,1,-0.8502006530761719,host_receive_nearest,verified,1,1,,,,,,,,,1,,,,,,,,,,,,,video_difficulty,1,,,,,,V2,B,312.773,1789378947.5592,1789378947.5746756,205359,,,,,,,10174,,,
eba084e1-c454-5625-902a-3a5f5ab22eac,rating_item_response,1789378951.3724256,824.856,202205,2,2,,1,G01,B,bbbd_subtraction,rating_item_response,50-60%,,0.0,0.0,,,,,,,"{""client_event_id"":""34b40227-4ddb-469e-a97a-50bafcf6c749"",""recorder_run_id"":""324f7c1e-da89-4a22-ba3a-14cd4903bda9"",""client_id"":""236c2dd9-7af5-4104-acf6-d8b2600b9bd5"",""client_timestamp"":1789378951.3720999,""client_monotonic_ms"":874003.6999999881,""event_timestamp"":1789378951.3724256,""clock_offset_sec"":0.0003256797790527344,""clock_round_trip_ms"":1.3000965118408203,""subject_id"":""sub-001"",""session_id"":""ses-001"",""block_id"":""Block 2"",""counterbalance_group"":""G01"",""block_order"":""Block 2"",""condition"":""B"",""condition_type"":""bbbd_subtraction"",""topic_key"":""V2"",""topic_name"":""百家争鸣 到底是哪百家"",""event_type"":""rating_item_response"",""iso_time"":""2026-09-14T09:42:31.372Z"",""relative_ms"":348308,""video_time_sec"":312.773,""rating_item"":""subtraction_compliance"",""rating_value"":""50-60%"",""response_time_ms"":13987}",324f7c1e-da89-4a22-ba3a-14cd4903bda9,sub-001,ses-001,34b40227-4ddb-469e-a97a-50bafcf6c749,236c2dd9-7af5-4104-acf6-d8b2600b9bd5,1789378951.3866756,1789378951.3720999,874003.6999999881,browser,browser_calibrated,0.0003256797790527344,1.3000965118408203,202204,206214,1,-16.749858856201172,host_receive_nearest,verified,1,1,,,,,,,,,1,,,,,,,,,,,,,subtraction_compliance,50-60%,,,,,,V2,B,312.773,1789378951.3720999,1789378951.3866756,206214,,,,,,,13987,,,
98dc9c28-31d1-53ea-b107-7b36fc19dc86,qc_status_change,1789378953.2146757,827.156,202710,2,2,,1,G01,B,bbbd_subtraction,qc_status_change,bad,,0.0,0.0,,,,,,,丢包率 2.79% 偏高。; 通道2 RMS相对基线突变，可能接触不稳，请检查并重新连接。,324f7c1e-da89-4a22-ba3a-14cd4903bda9,sub-001,ses-001,,,1789378953.2146757,,,recorder,server,,,202709,206789,1,0.0,host_receive_nearest,,,,,,,,,,,,1,,,,,,,,,,,,,,,,,,,,V2,B,,,1789378953.2146757,206789,,,,,,,,,,
4c332e17-3de2-5cb6-b41f-8788a1f63c9c,rating_item_response,1789378954.7533257,828.516,203050,2,2,,1,G01,B,bbbd_subtraction,rating_item_response,2,,0.0,0.0,,,,,,,"{""client_event_id"":""1c1d70d9-0bda-4e92-bdd2-f53afa74e403"",""recorder_run_id"":""324f7c1e-da89-4a22-ba3a-14cd4903bda9"",""client_id"":""236c2dd9-7af5-4104-acf6-d8b2600b9bd5"",""client_timestamp"":1789378954.753,""client_monotonic_ms"":877384.599999994,""event_timestamp"":1789378954.7533257,""clock_offset_sec"":0.0003256797790527344,""clock_round_trip_ms"":1.3000965118408203,""subject_id"":""sub-001"",""session_id"":""ses-001"",""block_id"":""Block 2"",""counterbalance_group"":""G01"",""block_order"":""Block 2"",""condition"":""B"",""condition_type"":""bbbd_subtraction"",""topic_key"":""V2"",""topic_name"":""百家争鸣 到底是哪百家"",""event_type"":""rating_item_response"",""iso_time"":""2026-09-14T09:42:34.753Z"",""relative_ms"":351689,""video_time_sec"":312.773,""rating_item"":""subtraction_difficulty"",""rating_value"":""2"",""response_time_ms"":17368}",324f7c1e-da89-4a22-ba3a-14cd4903bda9,sub-001,ses-001,1c1d70d9-0bda-4e92-bdd2-f53afa74e403,236c2dd9-7af5-4104-acf6-d8b2600b9bd5,1789378954.7616756,1789378954.753,877384.599999994,browser,browser_calibrated,0.0003256797790527344,1.3000965118408203,203049,207129,1,-22.65000343322754,host_receive_nearest,verified,1,1,,,,,,,,,1,,,,,,,,,,,,,subtraction_difficulty,2,,,,,,V2,B,312.773,1789378954.753,1789378954.7616756,207129,,,,,,,17368,,,
7a752892-b895-5d50-a030-65a5b3a23266,rating_item_response,1789378955.8978257,829.796,203370,2,2,,1,G01,B,bbbd_subtraction,rating_item_response,3,,0.0,0.0,,,,,,,"{""client_event_id"":""2b7d508e-500d-451b-9975-97d2f46fb85b"",""recorder_run_id"":""324f7c1e-da89-4a22-ba3a-14cd4903bda9"",""client_id"":""236c2dd9-7af5-4104-acf6-d8b2600b9bd5"",""client_timestamp"":1789378955.8975,""client_monotonic_ms"":878529.099999994,""event_timestamp"":1789378955.8978257,""clock_offset_sec"":0.0003256797790527344,""clock_round_trip_ms"":1.3000965118408203,""subject_id"":""sub-001"",""session_id"":""ses-001"",""block_id"":""Block 2"",""counterbalance_group"":""G01"",""block_order"":""Block 2"",""condition"":""B"",""condition_type"":""bbbd_subtraction"",""topic_key"":""V2"",""topic_name"":""百家争鸣 到底是哪百家"",""event_type"":""rating_item_response"",""iso_time"":""2026-09-14T09:42:35.897Z"",""relative_ms"":352833,""video_time_sec"":312.773,""rating_item"":""subtraction_difficulty"",""rating_value"":""3"",""response_time_ms"":18513}",324f7c1e-da89-4a22-ba3a-14cd4903bda9,sub-001,ses-001,2b7d508e-500d-451b-9975-97d2f46fb85b,236c2dd9-7af5-4104-acf6-d8b2600b9bd5,1789378955.9026756,1789378955.8975,878529.099999994,browser,browser_calibrated,0.0003256797790527344,1.3000965118408203,203369,207449,1,-11.150121688842773,host_receive_nearest,verified,1,1,,,,,,,,,1,,,,,,,,,,,,,subtraction_difficulty,3,,,,,,V2,B,312.773,1789378955.8975,1789378955.9026756,207449,,,,,,,18513,,,
1153906d-46ad-55ac-aefe-0138d0ff6a76,rating_item_response,1789378959.8924255,833.82,204380,2,2,,1,G01,B,bbbd_subtraction,rating_item_response,440,,0.0,0.0,,,,,,,"{""client_event_id"":""34ecfcf6-349a-4c1f-a7a1-b9956e9302ad"",""recorder_run_id"":""324f7c1e-da89-4a22-ba3a-14cd4903bda9"",""client_id"":""236c2dd9-7af5-4104-acf6-d8b2600b9bd5"",""client_timestamp"":1789378959.8920999,""client_monotonic_ms"":882523.6999999881,""event_timestamp"":1789378959.8924255,""clock_offset_sec"":0.0003256797790527344,""clock_round_trip_ms"":1.3000965118408203,""subject_id"":""sub-001"",""session_id"":""ses-001"",""block_id"":""Block 2"",""counterbalance_group"":""G01"",""block_order"":""Block 2"",""condition"":""B"",""condition_type"":""bbbd_subtraction"",""topic_key"":""V2"",""topic_name"":""百家争鸣 到底是哪百家"",""event_type"":""rating_item_response"",""iso_time"":""2026-09-14T09:42:39.892Z"",""relative_ms"":356828,""video_time_sec"":312.773,""rating_item"":""reported_final_number"",""rating_value"":""440"",""response_time_ms"":22507}",324f7c1e-da89-4a22-ba3a-14cd4903bda9,sub-001,ses-001,34ecfcf6-349a-4c1f-a7a1-b9956e9302ad,236c2dd9-7af5-4104-acf6-d8b2600b9bd5,1789378959.9026756,1789378959.8920999,882523.6999999881,browser,browser_calibrated,0.0003256797790527344,1.3000965118408203,204375,208455,1,10.250091552734375,host_receive_nearest,verified,1,1,,,,,,,,,1,,,,,,,,,,,,,reported_final_number,440,,,,,,V2,B,312.773,1789378959.8920999,1789378959.9026756,208455,,,,,,,22507,,,
4744537b-e6e0-551d-82ef-188b06d3abd6,rating_end,1789378959.9756255,833.916,204400,2,2,,1,G01,B,bbbd_subtraction,rating_end,,22.59,0.0,0.0,,,,,,,"{""client_event_id"":""05b88331-1bee-469a-baed-c849747dfbd3"",""recorder_run_id"":""324f7c1e-da89-4a22-ba3a-14cd4903bda9"",""client_id"":""236c2dd9-7af5-4104-acf6-d8b2600b9bd5"",""client_timestamp"":1789378959.9752998,""client_monotonic_ms"":882606.8999999762,""event_timestamp"":1789378959.9756255,""clock_offset_sec"":0.0003256797790527344,""clock_round_trip_ms"":1.3000965118408203,""subject_id"":""sub-001"",""session_id"":""ses-001"",""block_id"":""Block 2"",""counterbalance_group"":""G01"",""block_order"":""Block 2"",""condition"":""B"",""condition_type"":""bbbd_subtraction"",""topic_key"":""V2"",""topic_name"":""百家争鸣 到底是哪百家"",""event_type"":""rating_end"",""iso_time"":""2026-09-14T09:42:39.975Z"",""relative_ms"":356911,""video_time_sec"":312.773,""video_id"":""V2"",""course_attention_rating"":4,""mental_effort"":5,""video_interest"":3,""video_difficulty"":1,""subtraction_compliance"":""50-60%"",""subtraction_difficulty"":3,""reported_final_number"":440,""duration_sec"":22.59,""submitted_iso"":""2026-09-14T09:42:39.975Z"",""submitted_relative_ms"":356911}",324f7c1e-da89-4a22-ba3a-14cd4903bda9,sub-001,ses-001,05b88331-1bee-469a-baed-c849747dfbd3,236c2dd9-7af5-4104-acf6-d8b2600b9bd5,1789378959.9806757,1789378959.9752998,882606.8999999762,browser,browser_calibrated,0.0003256797790527344,1.3000965118408203,204399,208479,1,-10.949850082397461,host_receive_nearest,verified,1,1,,,,,,,,,1,,,,4,5,3,1,50-60%,50,60,3,440,,,,,,,,V2,B,312.773,1789378959.9752998,1789378959.9806757,208479,,,,,,,,,,
c0ae9d08-1c9c-5e45-97b3-1e474b141b5c,quiz_start,1789378959.9776254,833.92,204405,2,2,,1,G01,B,bbbd_subtraction,quiz_start,,,0.0,0.0,,,,,,,"{""client_event_id"":""fe49899f-ca61-4aee-9441-a1604411870d"",""recorder_run_id"":""324f7c1e-da89-4a22-ba3a-14cd4903bda9"",""client_id"":""236c2dd9-7af5-4104-acf6-d8b2600b9bd5"",""client_timestamp"":1789378959.9772997,""client_monotonic_ms"":882608.8999999762,""event_timestamp"":1789378959.9776254,""clock_offset_sec"":0.0003256797790527344,""clock_round_trip_ms"":1.3000965118408203,""subject_id"":""sub-001"",""session_id"":""ses-001"",""block_id"":""Block 2"",""counterbalance_group"":""G01"",""block_order"":""Block 2"",""condition"":""B"",""condition_type"":""bbbd_subtraction"",""topic_key"":""V2"",""topic_name"":""百家争鸣 到底是哪百家"",""event_type"":""quiz_start"",""iso_time"":""2026-09-14T09:42:39.977Z"",""relative_ms"":356913,""video_time_sec"":312.773}",324f7c1e-da89-4a22-ba3a-14cd4903bda9,sub-001,ses-001,fe49899f-ca61-4aee-9441-a1604411870d,236c2dd9-7af5-4104-acf6-d8b2600b9bd5,1789378959.9966755,1789378959.9772997,882608.8999999762,browser,browser_calibrated,0.0003256797790527344,1.3000965118408203,204400,208480,1,3.0503273010253906,host_receive_nearest,verified,1,1,,,,,,,,,1,,,,,,,,,,,,,,,,,,,,V2,B,312.773,1789378959.9772997,1789378959.9966755,208480,,,,,,,,,,
6b6b2d3b-10d5-5914-9348-c938629ff429,qc_status_change,1789378961.1996756,835.136,204705,2,2,,1,G01,B,bbbd_subtraction,qc_status_change,warning,,0.0,0.0,,,,,,,丢包率 2.69% 偏高。,324f7c1e-da89-4a22-ba3a-14cd4903bda9,sub-001,ses-001,,,1789378961.1996756,,,recorder,server,,,204704,208784,1,0.0,host_receive_nearest,,,,,,,,,,,,1,,,,,,,,,,,,,,,,,,,,V2,B,,,1789378961.1996756,208784,,,,,,,,,,
e9c8f570-f5d4-587a-9e26-531e91dbd0b5,qc_status_change,1789378963.1996756,837.116,205200,2,2,,1,G01,B,bbbd_subtraction,qc_status_change,good,,0.0,0.0,,,,,,,当前QC指标正常。,324f7c1e-da89-4a22-ba3a-14cd4903bda9,sub-001,ses-001,,,1789378963.1996756,,,recorder,server,,,205199,209279,1,-16.000032424926758,host_receive_nearest,,,,,,,,,,,,1,,,,,,,,,,,,,,,,,,,,V2,B,,,1789378963.1996756,209279,,,,,,,,,,
39434c1a-566e-592c-8632-845f3c5a3aed,qc_status_change,1789378975.2146757,849.116,208200,2,2,,1,G01,B,bbbd_subtraction,qc_status_change,warning,,0.0,0.0,,,,,,,通道2 RMS相对基线异常，正在确认是否持续。,324f7c1e-da89-4a22-ba3a-14cd4903bda9,sub-001,ses-001,,,1789378975.2146757,,,recorder,server,,,208199,212279,1,-46.000003814697266,host_receive_nearest,,,,,,,,,,,,1,,,,,,,,,,,,,,,,,,,,V2,B,,,1789378975.2146757,212279,,,,,,,,,,
9ba43b72-3035-5bdb-b78f-d48e6a56051c,qc_status_change,1789378977.1996756,851.136,208705,2,2,,1,G01,B,bbbd_subtraction,qc_status_change,good,,0.0,0.0,,,,,,,当前QC指标正常。,324f7c1e-da89-4a22-ba3a-14cd4903bda9,sub-001,ses-001,,,1789378977.1996756,,,recorder,server,,,208704,212784,1,0.0,host_receive_nearest,,,,,,,,,,,,1,,,,,,,,,,,,,,,,,,,,V2,B,,,1789378977.1996756,212784,,,,,,,,,,
edfdee31-7376-5a08-8c4b-809d9903ddb5,quiz_item_response,1789378980.0719256,853.96,209420,2,2,,1,G01,B,bbbd_subtraction,quiz_item_response,“百家争鸣”局面出现在哪个历史时期？,,0.0,0.0,,V2Q1,C,C,True,2107,"{""client_event_id"":""379c0cca-3356-4967-95c5-90d7e4089e6d"",""recorder_run_id"":""324f7c1e-da89-4a22-ba3a-14cd4903bda9"",""client_id"":""236c2dd9-7af5-4104-acf6-d8b2600b9bd5"",""client_timestamp"":1789378980.0712,""client_monotonic_ms"":902702.7999999821,""event_timestamp"":1789378980.0719256,""clock_offset_sec"":0.0007257461547851562,""clock_round_trip_ms"":1.4998912811279297,""subject_id"":""sub-001"",""session_id"":""ses-001"",""block_id"":""Block 2"",""counterbalance_group"":""G01"",""block_order"":""Block 2"",""condition"":""B"",""condition_type"":""bbbd_subtraction"",""topic_key"":""V2"",""topic_name"":""百家争鸣 到底是哪百家"",""event_type"":""quiz_item_response"",""iso_time"":""2026-09-14T09:43:00.071Z"",""relative_ms"":377007,""video_time_sec"":312.773,""video_id"":""V2"",""question_id"":""V2Q1"",""question_text"":""“百家争鸣”局面出现在哪个历史时期？"",""response_index"":2,""response_letter"":""C"",""response_text"":""春秋战国时期"",""correct_index"":2,""correct_letter"":""C"",""correct_text"":""春秋战国时期"",""is_correct"":true,""reaction_time_ms"":2107,""submitted_iso"":""2026-09-14T09:43:00.071Z"",""submitted_relative_ms"":377007}",324f7c1e-da89-4a22-ba3a-14cd4903bda9,sub-001,ses-001,379c0cca-3356-4967-95c5-90d7e4089e6d,236c2dd9-7af5-4104-acf6-d8b2600b9bd5,1789378980.0746756,1789378980.0712,902702.7999999821,browser,browser_calibrated,0.0007257461547851562,1.4998912811279297,209410,213490,1,2.749919891357422,host_receive_nearest,verified,1,1,,,,,,,,,1,,,,,,,,,,,,,,,,,“百家争鸣”局面出现在哪个历史时期？,2,春秋战国时期,V2,B,312.773,1789378980.0712,1789378980.0746756,213490,,,,,,,,,,
8ff025cb-958f-5263-9175-f8645269909c,quiz_item_response,1789378980.0740256,853.96,209430,2,2,,1,G01,B,bbbd_subtraction,quiz_item_response,儒家学派的代表人物是？,,0.0,0.0,,V2Q2,B,B,True,4232,"{""client_event_id"":""e63fc3d1-43f0-41db-abc0-6a8eb6c95408"",""recorder_run_id"":""324f7c1e-da89-4a22-ba3a-14cd4903bda9"",""client_id"":""236c2dd9-7af5-4104-acf6-d8b2600b9bd5"",""client_timestamp"":1789378980.0733,""client_monotonic_ms"":902704.8999999762,""event_timestamp"":1789378980.0740256,""clock_offset_sec"":0.0007257461547851562,""clock_round_trip_ms"":1.4998912811279297,""subject_id"":""sub-001"",""session_id"":""ses-001"",""block_id"":""Block 2"",""counterbalance_group"":""G01"",""block_order"":""Block 2"",""condition"":""B"",""condition_type"":""bbbd_subtraction"",""topic_key"":""V2"",""topic_name"":""百家争鸣 到底是哪百家"",""event_type"":""quiz_item_response"",""iso_time"":""2026-09-14T09:43:00.073Z"",""relative_ms"":377009,""video_time_sec"":312.773,""video_id"":""V2"",""question_id"":""V2Q2"",""question_text"":""儒家学派的代表人物是？"",""response_index"":1,""response_letter"":""B"",""response_text"":""孔子"",""correct_index"":1,""correct_letter"":""B"",""correct_text"":""孔子"",""is_correct"":true,""reaction_time_ms"":4232,""submitted_iso"":""2026-09-14T09:43:00.073Z"",""submitted_relative_ms"":377009}",324f7c1e-da89-4a22-ba3a-14cd4903bda9,sub-001,ses-001,e63fc3d1-43f0-41db-abc0-6a8eb6c95408,236c2dd9-7af5-4104-acf6-d8b2600b9bd5,1789378980.0896757,1789378980.0733,902704.8999999762,browser,browser_calibrated,0.0007257461547851562,1.4998912811279297,209410,213490,1,0.6499290466308594,host_receive_nearest,verified,1,1,,,,,,,,,1,,,,,,,,,,,,,,,,,儒家学派的代表人物是？,1,孔子,V2,B,312.773,1789378980.0733,1789378980.0896757,213490,,,,,,,,,,
3b0ad90e-52c1-5659-81a1-396ea4744790,quiz_item_response,1789378980.0755255,854.036,209430,2,2,,1,G01,B,bbbd_subtraction,quiz_item_response,法家的集大成者韩非子，其思想核心是？,,0.0,0.0,,V2Q3,C,C,True,6831,"{""client_event_id"":""f8c5bc2d-ab62-41c0-b7a5-e53a4e43640e"",""recorder_run_id"":""324f7c1e-da89-4a22-ba3a-14cd4903bda9"",""client_id"":""236c2dd9-7af5-4104-acf6-d8b2600b9bd5"",""client_timestamp"":1789378980.0747998,""client_monotonic_ms"":902706.3999999762,""event_timestamp"":1789378980.0755255,""clock_offset_sec"":0.0007257461547851562,""clock_round_trip_ms"":1.4998912811279297,""subject_id"":""sub-001"",""session_id"":""ses-001"",""block_id"":""Block 2"",""counterbalance_group"":""G01"",""block_order"":""Block 2"",""condition"":""B"",""condition_type"":""bbbd_subtraction"",""topic_key"":""V2"",""topic_name"":""百家争鸣 到底是哪百家"",""event_type"":""quiz_item_response"",""iso_time"":""2026-09-14T09:43:00.074Z"",""relative_ms"":377011,""video_time_sec"":312.773,""video_id"":""V2"",""question_id"":""V2Q3"",""question_text"":""法家的集大成者韩非子，其思想核心是？"",""response_index"":2,""response_letter"":""C"",""response_text"":""以法治国"",""correct_index"":2,""correct_letter"":""C"",""correct_text"":""以法治国"",""is_correct"":true,""reaction_time_ms"":6831,""submitted_iso"":""2026-09-14T09:43:00.074Z"",""submitted_relative_ms"":377011}",324f7c1e-da89-4a22-ba3a-14cd4903bda9,sub-001,ses-001,f8c5bc2d-ab62-41c0-b7a5-e53a4e43640e,236c2dd9-7af5-4104-acf6-d8b2600b9bd5,1789378980.1056757,1789378980.0747998,902706.3999999762,browser,browser_calibrated,0.0007257461547851562,1.4998912811279297,209429,213509,1,-0.8499622344970703,host_receive_nearest,verified,1,1,,,,,,,,,1,,,,,,,,,,,,,,,,,法家的集大成者韩非子，其思想核心是？,2,以法治国,V2,B,312.773,1789378980.0747998,1789378980.1056757,213509,,,,,,,,,,
36836429-9423-5101-b1c9-cec86afacaa5,quiz_item_response,1789378980.0769258,854.036,209430,2,2,,1,G01,B,bbbd_subtraction,quiz_item_response,纵横家学派的代表人物是？,,0.0,0.0,,V2Q4,C,B,False,19314,"{""client_event_id"":""562392de-3cea-4790-8e52-166240ad14d3"",""recorder_run_id"":""324f7c1e-da89-4a22-ba3a-14cd4903bda9"",""client_id"":""236c2dd9-7af5-4104-acf6-d8b2600b9bd5"",""client_timestamp"":1789378980.0762,""client_monotonic_ms"":902707.7999999821,""event_timestamp"":1789378980.0769258,""clock_offset_sec"":0.0007257461547851562,""clock_round_trip_ms"":1.4998912811279297,""subject_id"":""sub-001"",""session_id"":""ses-001"",""block_id"":""Block 2"",""counterbalance_group"":""G01"",""block_order"":""Block 2"",""condition"":""B"",""condition_type"":""bbbd_subtraction"",""topic_key"":""V2"",""topic_name"":""百家争鸣 到底是哪百家"",""event_type"":""quiz_item_response"",""iso_time"":""2026-09-14T09:43:00.076Z"",""relative_ms"":377012,""video_time_sec"":312.773,""video_id"":""V2"",""question_id"":""V2Q4"",""question_text"":""纵横家学派的代表人物是？"",""response_index"":1,""response_letter"":""B"",""response_text"":""邹衍"",""correct_index"":2,""correct_letter"":""C"",""correct_text"":""张仪"",""is_correct"":false,""reaction_time_ms"":19314,""submitted_iso"":""2026-09-14T09:43:00.076Z"",""submitted_relative_ms"":377012}",324f7c1e-da89-4a22-ba3a-14cd4903bda9,sub-001,ses-001,562392de-3cea-4790-8e52-166240ad14d3,236c2dd9-7af5-4104-acf6-d8b2600b9bd5,1789378980.1056757,1789378980.0762,902707.7999999821,browser,browser_calibrated,0.0007257461547851562,1.4998912811279297,209429,213509,1,-2.250194549560547,host_receive_nearest,verified,1,1,,,,,,,,,1,,,,,,,,,,,,,,,,,纵横家学派的代表人物是？,1,邹衍,V2,B,312.773,1789378980.0762,1789378980.1056757,213509,,,,,,,,,,
0b049af0-df75-5a93-9741-ef6787c615c2,quiz_end,1789378980.0782259,854.036,209430,2,2,,1,G01,B,bbbd_subtraction,quiz_end,3/4,20.1,0.0,0.0,,,,,,,"{""client_event_id"":""09fb1ee0-bc51-4fc5-86c0-2948befe51d6"",""recorder_run_id"":""324f7c1e-da89-4a22-ba3a-14cd4903bda9"",""client_id"":""236c2dd9-7af5-4104-acf6-d8b2600b9bd5"",""client_timestamp"":1789378980.0775,""client_monotonic_ms"":902709.099999994,""event_timestamp"":1789378980.0782259,""clock_offset_sec"":0.0007257461547851562,""clock_round_trip_ms"":1.4998912811279297,""subject_id"":""sub-001"",""session_id"":""ses-001"",""block_id"":""Block 2"",""counterbalance_group"":""G01"",""block_order"":""Block 2"",""condition"":""B"",""condition_type"":""bbbd_subtraction"",""topic_key"":""V2"",""topic_name"":""百家争鸣 到底是哪百家"",""event_type"":""quiz_end"",""iso_time"":""2026-09-14T09:43:00.077Z"",""relative_ms"":377013,""video_time_sec"":312.773,""score"":3,""total"":4,""duration_sec"":20.1}",324f7c1e-da89-4a22-ba3a-14cd4903bda9,sub-001,ses-001,09fb1ee0-bc51-4fc5-86c0-2948befe51d6,236c2dd9-7af5-4104-acf6-d8b2600b9bd5,1789378980.1056757,1789378980.0775,902709.099999994,browser,browser_calibrated,0.0007257461547851562,1.4998912811279297,209429,213509,1,-3.550291061401367,host_receive_nearest,verified,1,1,,,,,,,,,1,,,,,,,,,,,,,,,3,4,,,,V2,B,312.773,1789378980.0775,1789378980.1056757,213509,,,,,,,,,,
cd2fd0f1-603c-5890-98bd-f9afe58369df,block_end,1789378980.0782259,854.036,209430,2,2,,1,G01,B,bbbd_subtraction,block_end,V2,,0.0,0.0,,,,,,,,324f7c1e-da89-4a22-ba3a-14cd4903bda9,sub-001,ses-001,09fb1ee0-bc51-4fc5-86c0-2948befe51d6,236c2dd9-7af5-4104-acf6-d8b2600b9bd5,1789378980.1056757,1789378980.0775,902709.099999994,browser,browser_calibrated,0.0007257461547851562,1.4998912811279297,209429,213509,1,-3.550291061401367,host_receive_nearest,verified,1,1,,,,,,,,,1,,,,,,,,,,,,,,,,,,,,V2,B,312.773,1789378980.0775,1789378980.1056757,213509,,,,,,,,,,
c1c7fe55-c88a-55fb-a37f-c09ee44769ec,rest_start,1789378980.0809257,854.036,209430,2,2,,1,G01,B,bbbd_subtraction,rest_start,after-block-2,,0.0,0.0,,,,,,,"{""client_event_id"":""9edabd90-e909-4ca7-a24e-6110d1eb968b"",""recorder_run_id"":""324f7c1e-da89-4a22-ba3a-14cd4903bda9"",""client_id"":""236c2dd9-7af5-4104-acf6-d8b2600b9bd5"",""client_timestamp"":1789378980.0802,""client_monotonic_ms"":902711.7999999821,""event_timestamp"":1789378980.0809257,""clock_offset_sec"":0.0007257461547851562,""clock_round_trip_ms"":1.4998912811279297,""subject_id"":""sub-001"",""session_id"":""ses-001"",""block_id"":""Block 2"",""counterbalance_group"":""G01"",""block_order"":""Block 2"",""condition"":""B"",""condition_type"":""bbbd_subtraction"",""topic_key"":""V2"",""topic_name"":""百家争鸣 到底是哪百家"",""event_type"":""rest_start"",""iso_time"":""2026-09-14T09:43:00.080Z"",""relative_ms"":377016,""video_time_sec"":312.773,""after_block_id"":2,""planned_duration"":30,""actual_duration"":"""",""is_formal_experiment"":0}",324f7c1e-da89-4a22-ba3a-14cd4903bda9,sub-001,ses-001,9edabd90-e909-4ca7-a24e-6110d1eb968b,236c2dd9-7af5-4104-acf6-d8b2600b9bd5,1789378980.1216755,1789378980.0802,902711.7999999821,browser,browser_calibrated,0.0007257461547851562,1.4998912811279297,209429,213509,1,-6.250143051147461,host_receive_nearest,verified,0,1,,,,,2,,30,,0,,,,,,,,,,,,,,,,,,,,V2,B,312.773,1789378980.0802,1789378980.1216755,213509,,,,,,,,,,
82a0e088-5867-5ce5-aba2-b873cfd16cf1,qc_status_change,1789379001.1996756,875.136,214705,,,,,G01,,,qc_status_change,warning,,0.0,0.0,,,,,,,通道2 RMS相对基线异常，正在确认是否持续。,324f7c1e-da89-4a22-ba3a-14cd4903bda9,sub-001,ses-001,,,1789379001.1996756,,,recorder,server,,,214704,218784,1,-30.99989891052246,host_receive_nearest,,,,,,,,,,,,0,,,,,,,,,,,,,,,,,,,,,,,,1789379001.1996756,218784,,,,,,,,,,
6be3dbd7-890b-588d-8ed1-0866cc32d2c0,qc_status_change,1789379007.1996756,881.116,216200,,,,,G01,,,qc_status_change,bad,,0.0,0.0,,,,,,,通道2 RMS相对基线突变，可能接触不稳，请检查并重新连接。,324f7c1e-da89-4a22-ba3a-14cd4903bda9,sub-001,ses-001,,,1789379007.1996756,,,recorder,server,,,216199,220279,1,-30.99989891052246,host_receive_nearest,,,,,,,,,,,,0,,,,,,,,,,,,,,,,,,,,,,,,1789379007.1996756,220279,,,,,,,,,,
14a09ff3-2b4f-50ea-b968-ca9562babd93,qc_status_change,1789379015.2146757,889.136,218205,,,,,G01,,,qc_status_change,good,,0.0,0.0,,,,,,,当前QC指标正常。,324f7c1e-da89-4a22-ba3a-14cd4903bda9,sub-001,ses-001,,,1789379015.2146757,,,recorder,server,,,218204,222284,1,-31.000137329101562,host_receive_nearest,,,,,,,,,,,,0,,,,,,,,,,,,,,,,,,,,,,,,1789379015.2146757,222284,,,,,,,,,,
99bc4cf0-388e-5d18-be32-1500b4ab3f05,rest_end,1789379016.2519758,890.176,218465,2,2,,1,G01,B,bbbd_subtraction,rest_end,after-block-2,36.169,0.0,0.0,,,,,,,"{""client_event_id"":""1f594069-6c8d-4b3a-a4fd-ab1e2f46f66b"",""recorder_run_id"":""324f7c1e-da89-4a22-ba3a-14cd4903bda9"",""client_id"":""236c2dd9-7af5-4104-acf6-d8b2600b9bd5"",""client_timestamp"":1789379016.2495,""client_monotonic_ms"":938881.1999999881,""event_timestamp"":1789379016.2519758,""clock_offset_sec"":0.002475738525390625,""clock_round_trip_ms"":1.399993896484375,""subject_id"":""sub-001"",""session_id"":""ses-001"",""block_id"":""Block 2"",""counterbalance_group"":""G01"",""block_order"":""Block 2"",""condition"":""B"",""condition_type"":""bbbd_subtraction"",""topic_key"":""V2"",""topic_name"":""百家争鸣 到底是哪百家"",""event_type"":""rest_end"",""iso_time"":""2026-09-14T09:43:36.249Z"",""relative_ms"":413185,""video_time_sec"":312.773,""after_block_id"":2,""planned_duration"":30,""actual_duration"":36.169,""duration_sec"":36.169,""is_formal_experiment"":0,""debug_early"":false}",324f7c1e-da89-4a22-ba3a-14cd4903bda9,sub-001,ses-001,1f594069-6c8d-4b3a-a4fd-ab1e2f46f66b,236c2dd9-7af5-4104-acf6-d8b2600b9bd5,1789379016.2616756,1789379016.2495,938881.1999999881,browser,browser_calibrated,0.002475738525390625,1.399993896484375,218464,222544,1,-21.300077438354492,host_receive_nearest,verified,0,1,,,,,2,,30,36.169,0,,,,,,,,,,,,,,,,,,,,V2,B,312.773,1789379016.2495,1789379016.2616756,222544,,,,,,,,,,
6e6008eb-5423-578e-96e0-7b1280269c1e,qc_status_change,1789379017.1996756,891.156,218710,,,,,G01,,,qc_status_change,warning,,0.0,0.0,,,,,,,通道2 RMS相对基线异常，正在确认是否持续。,324f7c1e-da89-4a22-ba3a-14cd4903bda9,sub-001,ses-001,,,1789379017.1996756,,,recorder,server,,,218709,222789,1,0.0,host_receive_nearest,,,,,,,,,,,,0,,,,,,,,,,,,,,,,,,,,,,,,1789379017.1996756,222789,,,,,,,,,,
42955ae8-7424-53bd-aa96-65ae85ce57d2,block_start,1789379018.7813756,892.716,219100,3,3,,1,G01,A,focused,block_start,V3,,0.0,0.0,,,,,,,condition=A; condition_type=focused,324f7c1e-da89-4a22-ba3a-14cd4903bda9,sub-001,ses-001,0340d1aa-5b75-4a0f-9a7f-a9e301111f2d,236c2dd9-7af5-4104-acf6-d8b2600b9bd5,1789379018.7936757,1789379018.7789,941410.5,browser,browser_calibrated,0.002475738525390625,1.399993896484375,219099,223179,1,-3.7000179290771484,host_receive_nearest,verified,0,1,,,,,,,,,1,,,,,,,,,,,,,,,,,,,,V3,A,0,1789379018.7789,1789379018.7936757,223179,,,,,,,,,,
a9834d66-2b0c-5ab4-9326-afe7c9ab59d6,condition_prompt_start,1789379018.7813756,892.716,219100,3,3,,1,G01,A,focused,condition_prompt_start,A,,0.0,0.0,,,,,,,,324f7c1e-da89-4a22-ba3a-14cd4903bda9,sub-001,ses-001,0340d1aa-5b75-4a0f-9a7f-a9e301111f2d,236c2dd9-7af5-4104-acf6-d8b2600b9bd5,1789379018.7936757,1789379018.7789,941410.5,browser,browser_calibrated,0.002475738525390625,1.399993896484375,219099,223179,1,-3.7000179290771484,host_receive_nearest,verified,0,1,,,,,,,,,1,,,,,,,,,,,,,,,,,,,,V3,A,0,1789379018.7789,1789379018.7936757,223179,,,,,,,,,,
df3b6b6c-4bd2-5544-903b-bfc05c245491,browser_block_config,1789379018.7813756,892.716,219100,3,3,,1,G01,A,focused,browser_block_config,V3,,0.0,0.0,,,,,,,"{""client_event_id"":""0340d1aa-5b75-4a0f-9a7f-a9e301111f2d"",""recorder_run_id"":""324f7c1e-da89-4a22-ba3a-14cd4903bda9"",""client_id"":""236c2dd9-7af5-4104-acf6-d8b2600b9bd5"",""client_timestamp"":1789379018.7789,""client_monotonic_ms"":941410.5,""event_timestamp"":1789379018.7813756,""clock_offset_sec"":0.002475738525390625,""clock_round_trip_ms"":1.399993896484375,""subject_id"":""sub-001"",""session_id"":""ses-001"",""block_id"":""Block 3"",""counterbalance_group"":""G01"",""block_order"":""Block 3"",""condition"":""A"",""condition_type"":""focused"",""topic_key"":""V3"",""topic_name"":""道德经主要讲的是什么"",""event_type"":""block_start"",""iso_time"":""2026-09-14T09:43:38.778Z"",""relative_ms"":0,""video_time_sec"":0,""block_start_iso"":""2026-09-14T09:43:38.778Z"",""config_json"":""{\""recorder_run_id\"":\""324f7c1e-da89-4a22-ba3a-14cd4903bda9\"",\""subject_id\"":\""sub-001\"",\""session_id\"":\""ses-001\"",\""block_id\"":\""Block 3\"",\""counterbalance_group\"":\""G01\"",\""condition\"":\""A\"",\""condition_type\"":\""focused\"",\""topic_key\"":\""V3\"",\""topic_name\"":\""道德经主要讲的是什么\"",\""video_file\"":\""视频3-混知漫画｜《道德经》主要讲的啥呢？老子（下）-480P 标清-AVC.mp4\"",\""start_number\"":\""\"",\""generated_timestamp\"":\""\""}""}",324f7c1e-da89-4a22-ba3a-14cd4903bda9,sub-001,ses-001,0340d1aa-5b75-4a0f-9a7f-a9e301111f2d,236c2dd9-7af5-4104-acf6-d8b2600b9bd5,1789379018.7936757,1789379018.7789,941410.5,browser,browser_calibrated,0.002475738525390625,1.399993896484375,219099,223179,1,-3.7000179290771484,host_receive_nearest,verified,0,1,,,,,,,,,1,,,,,,,,,,,,,,,,,,,,V3,A,0,1789379018.7789,1789379018.7936757,223179,,,,,,,,,,
9cd7f647-f380-5800-af9e-66486390acd2,probe_schedule,1789379018.8483756,892.796,219120,3,3,,1,G01,A,focused,probe_schedule,"79.355,141.655,209.934,295.977",,0.0,0.0,,,,,,,"{""client_event_id"":""122cca0f-e982-4d03-bef6-ed7322ff3cef"",""recorder_run_id"":""324f7c1e-da89-4a22-ba3a-14cd4903bda9"",""client_id"":""236c2dd9-7af5-4104-acf6-d8b2600b9bd5"",""client_timestamp"":1789379018.8458998,""client_monotonic_ms"":941477.5,""event_timestamp"":1789379018.8483756,""clock_offset_sec"":0.002475738525390625,""clock_round_trip_ms"":1.399993896484375,""subject_id"":""sub-001"",""session_id"":""ses-001"",""block_id"":""Block 3"",""counterbalance_group"":""G01"",""block_order"":""Block 3"",""condition"":""A"",""condition_type"":""focused"",""topic_key"":""V3"",""topic_name"":""道德经主要讲的是什么"",""event_type"":""probe_schedule"",""iso_time"":""2026-09-14T09:43:38.846Z"",""relative_ms"":67,""video_time_sec"":0,""probe_schedule_id"":""0b8a08f3-bb0d-437d-977e-f4bb745e6c2e"",""probe_times"":[79.355,141.655,209.934,295.977],""probe_config"":{""probes_per_block"":4,""min_first_onset_sec"":45,""min_end_margin_sec"":30,""min_gap_sec"":45},""video_duration_sec"":326.241,""video_id"":""V3"",""debug_fast"":false}",324f7c1e-da89-4a22-ba3a-14cd4903bda9,sub-001,ses-001,122cca0f-e982-4d03-bef6-ed7322ff3cef,236c2dd9-7af5-4104-acf6-d8b2600b9bd5,1789379018.8556757,1789379018.8458998,941477.5,browser,browser_calibrated,0.002475738525390625,1.399993896484375,219119,223199,1,-8.699893951416016,host_receive_nearest,verified,1,1,,,,,,,,,1,,,,,,,,,,,,,,,,,,,,V3,A,0,1789379018.8458998,1789379018.8556757,223199,,4,0b8a08f3-bb0d-437d-977e-f4bb745e6c2e,,,,,,,
c8fe2ec8-1f1b-517f-b445-294f8b6c58f1,qc_status_change,1789379021.1996756,895.136,219705,3,3,,1,G01,A,focused,qc_status_change,good,,0.0,0.0,,,,,,,当前QC指标正常。,324f7c1e-da89-4a22-ba3a-14cd4903bda9,sub-001,ses-001,,,1789379021.1996756,,,recorder,server,,,219704,223784,1,-16.000032424926758,host_receive_nearest,,,,,,,,,,,,1,,,,,,,,,,,,,,,,,,,,V3,A,,,1789379021.1996756,223784,,,,,,,,,,
54ca192d-4349-52e7-8320-e0373c952ebb,condition_prompt_end,1789379023.8670998,897.776,220365,3,3,,1,G01,A,focused,condition_prompt_end,0,,0.0,0.0,,,,,,,"{""client_event_id"":""2ddc7d57-fb26-4919-ac0a-98b676da6dc3"",""recorder_run_id"":""324f7c1e-da89-4a22-ba3a-14cd4903bda9"",""client_id"":""236c2dd9-7af5-4104-acf6-d8b2600b9bd5"",""client_timestamp"":1789379023.8672,""client_monotonic_ms"":946498.7999999821,""event_timestamp"":1789379023.8670998,""clock_offset_sec"":0.002475738525390625,""clock_round_trip_ms"":1.399993896484375,""subject_id"":""sub-001"",""session_id"":""ses-001"",""block_id"":""Block 3"",""counterbalance_group"":""G01"",""block_order"":""Block 3"",""condition"":""A"",""condition_type"":""focused"",""topic_key"":""V3"",""topic_name"":""道德经主要讲的是什么"",""event_type"":""condition_prompt_end"",""iso_time"":""2026-09-14T09:43:43.867Z"",""relative_ms"":5088,""video_time_sec"":0}",324f7c1e-da89-4a22-ba3a-14cd4903bda9,sub-001,ses-001,2ddc7d57-fb26-4919-ac0a-98b676da6dc3,236c2dd9-7af5-4104-acf6-d8b2600b9bd5,1789379023.8716755,1789379023.8672,946498.7999999821,browser,browser_calibrated,0.002475738525390625,1.399993896484375,220364,224444,1,-11.424064636230469,host_receive_nearest,verified,1,0,,,,,,,,,1,,,,,,,,,,,,,,,,,,,,V3,A,0,1789379023.8672,1789379023.8716755,224444,,,,,,,,,,
eb70fcef-a506-59fb-b69e-467c6dc7a561,video_start,1789379023.8670998,897.776,220365,3,3,,1,G01,A,focused,video_start,V3,,0.0,0.0,,,,,,,,324f7c1e-da89-4a22-ba3a-14cd4903bda9,sub-001,ses-001,e8789ca6-f027-465a-91fa-39bef4dee7b9,236c2dd9-7af5-4104-acf6-d8b2600b9bd5,1789379023.8866756,1789379023.8695,946501.099999994,browser,browser_calibrated,0.002475738525390625,1.399993896484375,220364,224444,1,-11.424064636230469,host_receive_nearest,verified,1,1,,,,,,,,,1,,,,,,,,,,,,,,,,,,,,V3,A,0,1789379023.8695,1789379023.8866756,224444,,,,,,,,,,
dfc6b16a-8926-5f4b-ba32-c1fed81217ca,video_play,1789379023.8670998,897.776,220365,3,3,,1,G01,A,focused,video_play,0,,0.0,0.0,,,,,,,"{""client_event_id"":""e8789ca6-f027-465a-91fa-39bef4dee7b9"",""recorder_run_id"":""324f7c1e-da89-4a22-ba3a-14cd4903bda9"",""client_id"":""236c2dd9-7af5-4104-acf6-d8b2600b9bd5"",""client_timestamp"":1789379023.8695,""client_monotonic_ms"":946501.099999994,""event_timestamp"":1789379023.8670998,""clock_offset_sec"":0.002475738525390625,""clock_round_trip_ms"":1.399993896484375,""subject_id"":""sub-001"",""session_id"":""ses-001"",""block_id"":""Block 3"",""counterbalance_group"":""G01"",""block_order"":""Block 3"",""condition"":""A"",""condition_type"":""focused"",""topic_key"":""V3"",""topic_name"":""道德经主要讲的是什么"",""event_type"":""video_play"",""iso_time"":""2026-09-14T09:43:43.869Z"",""relative_ms"":5091,""video_time_sec"":0}",324f7c1e-da89-4a22-ba3a-14cd4903bda9,sub-001,ses-001,e8789ca6-f027-465a-91fa-39bef4dee7b9,236c2dd9-7af5-4104-acf6-d8b2600b9bd5,1789379023.8866756,1789379023.8695,946501.099999994,browser,browser_calibrated,0.002475738525390625,1.399993896484375,220364,224444,1,-11.424064636230469,host_receive_nearest,verified,1,1,,,,,,,,,1,,,,,,,,,,,,,,,,,,,,V3,A,0,1789379023.8695,1789379023.8866756,224444,,,,,,,,,,
10ed6e73-a5d2-5f16-bf6c-ea1d6a0869ce,qc_status_change,1789379101.1996756,975.132,239704,3,3,,1,G01,A,focused,qc_status_change,warning,,0.0,0.0,,,,,,,通道2 RMS相对基线异常，正在确认是否持续。,324f7c1e-da89-4a22-ba3a-14cd4903bda9,sub-001,ses-001,,,1789379101.1996756,,,recorder,server,,,239703,243783,1,0.0,host_receive_nearest,,,,,,,,,,,,1,,,,,,,,,,,,,,,,,,,,V3,A,,,1789379101.1996756,243783,,,,,,,,,,
90f1c3d6-1ffd-5ebb-be24-aeb2f9da3e68,qc_status_change,1789379103.1996756,977.132,240204,3,3,,1,G01,A,focused,qc_status_change,good,,0.0,0.0,,,,,,,当前QC指标正常。,324f7c1e-da89-4a22-ba3a-14cd4903bda9,sub-001,ses-001,,,1789379103.1996756,,,recorder,server,,,240203,244283,1,0.0,host_receive_nearest,,,,,,,,,,,,1,,,,,,,,,,,,,,,,,,,,V3,A,,,1789379103.1996756,244283,,,,,,,,,,
061b6b20-9608-55ff-a261-c2c6aeb2c259,probe_onset,1789379103.4683256,977.392,240269,3,3,,1,G01,A,focused,probe_onset,Block 3_1_0b8a08f3,,0.0,0.0,,,,,,,"{""client_event_id"":""37906ac8-a8fd-46a7-a9bb-81a4572f2e7f"",""recorder_run_id"":""324f7c1e-da89-4a22-ba3a-14cd4903bda9"",""client_id"":""236c2dd9-7af5-4104-acf6-d8b2600b9bd5"",""client_timestamp"":1789379103.4596,""client_monotonic_ms"":1026091.1999999881,""event_timestamp"":1789379103.4683256,""clock_offset_sec"":0.008725643157958984,""clock_round_trip_ms"":1.2998580932617188,""subject_id"":""sub-001"",""session_id"":""ses-001"",""block_id"":""Block 3"",""counterbalance_group"":""G01"",""block_order"":""Block 3"",""condition"":""A"",""condition_type"":""focused"",""topic_key"":""V3"",""topic_name"":""道德经主要讲的是什么"",""event_type"":""probe_onset"",""iso_time"":""2026-09-14T09:45:03.459Z"",""relative_ms"":84681,""video_time_sec"":79.529,""probe_id"":""Block 3_1_0b8a08f3"",""probe_index"":1,""probe_schedule_id"":""0b8a08f3-bb0d-437d-977e-f4bb745e6c2e"",""probe_planned_time_sec"":79.355,""video_id"":""V3"",""pause_reason"":""thought_probe"",""forced"":false}",324f7c1e-da89-4a22-ba3a-14cd4903bda9,sub-001,ses-001,37906ac8-a8fd-46a7-a9bb-81a4572f2e7f,236c2dd9-7af5-4104-acf6-d8b2600b9bd5,1789379103.4646757,1789379103.4596,1026091.1999999881,browser,browser_calibrated,0.008725643157958984,1.2998580932617188,240268,244348,1,-18.650054931640625,host_receive_nearest,verified,1,1,,,,,,,,,1,,,,,,,,,,,,,,,,,,,,V3,A,79.529,1789379103.4596,1789379103.4646757,244348,Block 3_1_0b8a08f3,1,0b8a08f3-bb0d-437d-977e-f4bb745e6c2e,79.355,,,,,,thought_probe
f6f991f1-abad-5dea-948c-2002a03b94e7,attention_response,1789379105.5126255,979.432,240779,3,3,,1,G01,A,focused,attention_response,1,,0.0,0.0,,,,,,,"{""client_event_id"":""4f662563-e06b-4461-aaeb-553f65542362"",""recorder_run_id"":""324f7c1e-da89-4a22-ba3a-14cd4903bda9"",""client_id"":""236c2dd9-7af5-4104-acf6-d8b2600b9bd5"",""client_timestamp"":1789379105.5038998,""client_monotonic_ms"":1028135.5,""event_timestamp"":1789379105.5126255,""clock_offset_sec"":0.008725643157958984,""clock_round_trip_ms"":1.2998580932617188,""subject_id"":""sub-001"",""session_id"":""ses-001"",""block_id"":""Block 3"",""counterbalance_group"":""G01"",""block_order"":""Block 3"",""condition"":""A"",""condition_type"":""focused"",""topic_key"":""V3"",""topic_name"":""道德经主要讲的是什么"",""event_type"":""attention_response"",""iso_time"":""2026-09-14T09:45:05.504Z"",""relative_ms"":86725,""video_time_sec"":79.529,""probe_id"":""Block 3_1_0b8a08f3"",""probe_index"":1,""probe_schedule_id"":""0b8a08f3-bb0d-437d-977e-f4bb745e6c2e"",""probe_planned_time_sec"":79.355,""video_id"":""V3"",""response"":1,""response_label"":""课程内容"",""probe_attention"":""ON"",""response_time_ms"":2044}",324f7c1e-da89-4a22-ba3a-14cd4903bda9,sub-001,ses-001,4f662563-e06b-4461-aaeb-553f65542362,236c2dd9-7af5-4104-acf6-d8b2600b9bd5,1789379105.5116756,1789379105.5038998,1028135.5,browser,browser_calibrated,0.008725643157958984,1.2998580932617188,240778,244858,1,-15.94996452331543,host_receive_nearest,verified,1,1,,,,,,,,,1,,,,,,,,,,,,,,,,,,,,V3,A,79.529,1789379105.5038998,1789379105.5116756,244858,Block 3_1_0b8a08f3,1,0b8a08f3-bb0d-437d-977e-f4bb745e6c2e,79.355,1,课程内容,2044,,ON,
77fec35a-28cc-542a-a5c8-0a245208bdf5,confidence_response,1789379106.2316256,980.152,240959,3,3,,1,G01,A,focused,confidence_response,3,,0.0,0.0,,,,,,,"{""client_event_id"":""e0719e7a-ce67-4a1b-91ac-15a2d2c0edb5"",""recorder_run_id"":""324f7c1e-da89-4a22-ba3a-14cd4903bda9"",""client_id"":""236c2dd9-7af5-4104-acf6-d8b2600b9bd5"",""client_timestamp"":1789379106.2229,""client_monotonic_ms"":1028854.5,""event_timestamp"":1789379106.2316256,""clock_offset_sec"":0.008725643157958984,""clock_round_trip_ms"":1.2998580932617188,""subject_id"":""sub-001"",""session_id"":""ses-001"",""block_id"":""Block 3"",""counterbalance_group"":""G01"",""block_order"":""Block 3"",""condition"":""A"",""condition_type"":""focused"",""topic_key"":""V3"",""topic_name"":""道德经主要讲的是什么"",""event_type"":""confidence_response"",""iso_time"":""2026-09-14T09:45:06.223Z"",""relative_ms"":87444,""video_time_sec"":79.529,""probe_id"":""Block 3_1_0b8a08f3"",""probe_index"":1,""probe_schedule_id"":""0b8a08f3-bb0d-437d-977e-f4bb745e6c2e"",""probe_planned_time_sec"":79.355,""video_id"":""V3"",""response"":1,""confidence"":3,""response_time_ms"":719}",324f7c1e-da89-4a22-ba3a-14cd4903bda9,sub-001,ses-001,e0719e7a-ce67-4a1b-91ac-15a2d2c0edb5,236c2dd9-7af5-4104-acf6-d8b2600b9bd5,1789379106.2306757,1789379106.2229,1028854.5,browser,browser_calibrated,0.008725643157958984,1.2998580932617188,240958,245038,1,-16.949892044067383,host_receive_nearest,verified,1,1,,,,,,,,,1,,,,,,,,,,,,,,,,,,,,V3,A,79.529,1789379106.2229,1789379106.2306757,245038,Block 3_1_0b8a08f3,1,0b8a08f3-bb0d-437d-977e-f4bb745e6c2e,79.355,,,719,3,,
7922ca1e-e028-5c6c-acf9-7dd1489c5ac4,phase_change,1789379106.2351255,980.172,240964,3,3,,1,G01,A,focused,phase_change,video,,0.0,0.0,,,,,,,,324f7c1e-da89-4a22-ba3a-14cd4903bda9,sub-001,ses-001,df28322f-35e0-4e6b-87b8-8c1ecbb36f86,236c2dd9-7af5-4104-acf6-d8b2600b9bd5,1789379106.2466755,1789379106.2264,1028858,browser,browser_calibrated,0.008725643157958984,1.2998580932617188,240963,245043,1,-4.4498443603515625,host_receive_nearest,verified,1,1,,,,,,,,,1,,,,,,,,,,,,,,,,,,,,V3,A,79.586,1789379106.2264,1789379106.2466755,245043,,,,,,,,,,
367b518f-ca4b-5220-8d3e-3b99754524c1,video_resume,1789379106.2351255,980.172,240964,3,3,,1,G01,A,focused,video_resume,79.586,,0.0,0.0,,,,,,,"{""client_event_id"":""df28322f-35e0-4e6b-87b8-8c1ecbb36f86"",""recorder_run_id"":""324f7c1e-da89-4a22-ba3a-14cd4903bda9"",""client_id"":""236c2dd9-7af5-4104-acf6-d8b2600b9bd5"",""client_timestamp"":1789379106.2264,""client_monotonic_ms"":1028858,""event_timestamp"":1789379106.2351255,""clock_offset_sec"":0.008725643157958984,""clock_round_trip_ms"":1.2998580932617188,""subject_id"":""sub-001"",""session_id"":""ses-001"",""block_id"":""Block 3"",""counterbalance_group"":""G01"",""block_order"":""Block 3"",""condition"":""A"",""condition_type"":""focused"",""topic_key"":""V3"",""topic_name"":""道德经主要讲的是什么"",""event_type"":""video_resume"",""iso_time"":""2026-09-14T09:45:06.226Z"",""relative_ms"":87448,""video_time_sec"":79.586,""probe_id"":""Block 3_1_0b8a08f3"",""probe_index"":1,""probe_schedule_id"":""0b8a08f3-bb0d-437d-977e-f4bb745e6c2e"",""probe_planned_time_sec"":79.355,""video_id"":""V3"",""pause_reason"":""thought_probe"",""resume_status"":""playing""}",324f7c1e-da89-4a22-ba3a-14cd4903bda9,sub-001,ses-001,df28322f-35e0-4e6b-87b8-8c1ecbb36f86,236c2dd9-7af5-4104-acf6-d8b2600b9bd5,1789379106.2466755,1789379106.2264,1028858,browser,browser_calibrated,0.008725643157958984,1.2998580932617188,240963,245043,1,-4.4498443603515625,host_receive_nearest,verified,1,1,,,,,,,,,1,,,,,,,,,,,,,,,,,,,,V3,A,79.586,1789379106.2264,1789379106.2466755,245043,Block 3_1_0b8a08f3,,,,,,,,,thought_probe
4c077430-e10f-58b5-879f-b49a1d62fcd6,qc_status_change,1789379125.1996756,999.152,245709,3,3,,1,G01,A,focused,qc_status_change,warning,,0.0,0.0,,,,,,,通道1 RMS相对基线异常，正在确认是否持续。,324f7c1e-da89-4a22-ba3a-14cd4903bda9,sub-001,ses-001,,,1789379125.1996756,,,recorder,server,,,245708,249788,1,0.0,host_receive_nearest,,,,,,,,,,,,1,,,,,,,,,,,,,,,,,,,,V3,A,,,1789379125.1996756,249788,,,,,,,,,,
5334d02c-8c02-5245-bc72-44a61f1794f8,qc_status_change,1789379129.2146757,1003.152,246709,3,3,,1,G01,A,focused,qc_status_change,good,,0.0,0.0,,,,,,,当前QC指标正常。,324f7c1e-da89-4a22-ba3a-14cd4903bda9,sub-001,ses-001,,,1789379129.2146757,,,recorder,server,,,246708,250788,1,-15.000104904174805,host_receive_nearest,,,,,,,,,,,,1,,,,,,,,,,,,,,,,,,,,V3,A,,,1789379129.2146757,250788,,,,,,,,,,
cc53a374-5135-5ae0-a3e1-ab5ac525502a,qc_status_change,1789379131.2146757,1005.012,247174,3,3,,1,G01,A,focused,qc_status_change,warning,,0.0,0.0,,,,,,,通道2 RMS相对基线异常，正在确认是否持续。,324f7c1e-da89-4a22-ba3a-14cd4903bda9,sub-001,ses-001,,,1789379131.2146757,,,recorder,server,,,247173,251253,1,0.0,host_receive_nearest,,,,,,,,,,,,1,,,,,,,,,,,,,,,,,,,,V3,A,,,1789379131.2146757,251253,,,,,,,,,,
ed4b89fa-071d-5491-9e3f-369c87aff7f5,qc_status_change,1789379135.1996756,1009.132,248204,3,3,,1,G01,A,focused,qc_status_change,good,,0.0,0.0,,,,,,,当前QC指标正常。,324f7c1e-da89-4a22-ba3a-14cd4903bda9,sub-001,ses-001,,,1789379135.1996756,,,recorder,server,,,248203,252283,1,0.0,host_receive_nearest,,,,,,,,,,,,1,,,,,,,,,,,,,,,,,,,,V3,A,,,1789379135.1996756,252283,,,,,,,,,,
d5b15c4f-302c-5c47-bc59-b1069f19e354,qc_status_change,1789379149.2146757,1023.132,251704,3,3,,1,G01,A,focused,qc_status_change,warning,,0.0,0.0,,,,,,,通道2 RMS相对基线异常，正在确认是否持续。,324f7c1e-da89-4a22-ba3a-14cd4903bda9,sub-001,ses-001,,,1789379149.2146757,,,recorder,server,,,251703,255783,1,-31.000137329101562,host_receive_nearest,,,,,,,,,,,,1,,,,,,,,,,,,,,,,,,,,V3,A,,,1789379149.2146757,255783,,,,,,,,,,
d015d35b-e04c-540f-869f-893102ab1eac,qc_status_change,1789379155.2146757,1029.132,253204,3,3,,1,G01,A,focused,qc_status_change,good,,0.0,0.0,,,,,,,当前QC指标正常。,324f7c1e-da89-4a22-ba3a-14cd4903bda9,sub-001,ses-001,,,1789379155.2146757,,,recorder,server,,,253203,257283,1,0.0,host_receive_nearest,,,,,,,,,,,,1,,,,,,,,,,,,,,,,,,,,V3,A,,,1789379155.2146757,257283,,,,,,,,,,
1c1fdbd1-7647-5ea7-9129-7de7d386549c,probe_onset,1789379168.5481257,1042.492,256544,3,3,,1,G01,A,focused,probe_onset,Block 3_2_0b8a08f3,,0.0,0.0,,,,,,,"{""client_event_id"":""02b041c3-99b7-48b0-b6ea-b903c09f09fa"",""recorder_run_id"":""324f7c1e-da89-4a22-ba3a-14cd4903bda9"",""client_id"":""236c2dd9-7af5-4104-acf6-d8b2600b9bd5"",""client_timestamp"":1789379168.5484,""client_monotonic_ms"":1091180,""event_timestamp"":1789379168.5481257,""clock_offset_sec"":-0.0002741813659667969,""clock_round_trip_ms"":1.3000965118408203,""subject_id"":""sub-001"",""session_id"":""ses-001"",""block_id"":""Block 3"",""counterbalance_group"":""G01"",""block_order"":""Block 3"",""condition"":""A"",""condition_type"":""focused"",""topic_key"":""V3"",""topic_name"":""道德经主要讲的是什么"",""event_type"":""probe_onset"",""iso_time"":""2026-09-14T09:46:08.548Z"",""relative_ms"":149770,""video_time_sec"":141.851,""probe_id"":""Block 3_2_0b8a08f3"",""probe_index"":2,""probe_schedule_id"":""0b8a08f3-bb0d-437d-977e-f4bb745e6c2e"",""probe_planned_time_sec"":141.655,""video_id"":""V3"",""pause_reason"":""thought_probe"",""forced"":false}",324f7c1e-da89-4a22-ba3a-14cd4903bda9,sub-001,ses-001,02b041c3-99b7-48b0-b6ea-b903c09f09fa,236c2dd9-7af5-4104-acf6-d8b2600b9bd5,1789379168.5586755,1789379168.5484,1091180,browser,browser_calibrated,-0.0002741813659667969,1.3000965118408203,256543,260623,1,-4.450082778930664,host_receive_nearest,verified,1,1,,,,,,,,,1,,,,,,,,,,,,,,,,,,,,V3,A,141.851,1789379168.5484,1789379168.5586755,260623,Block 3_2_0b8a08f3,2,0b8a08f3-bb0d-437d-977e-f4bb745e6c2e,141.655,,,,,,thought_probe
b0c74bdb-1bd9-5f2b-be65-56bc32c2d574,attention_response,1789379170.5471256,1044.492,257044,3,3,,1,G01,A,focused,attention_response,1,,0.0,0.0,,,,,,,"{""client_event_id"":""342971fd-3649-44a2-a78d-ff730bcc151f"",""recorder_run_id"":""324f7c1e-da89-4a22-ba3a-14cd4903bda9"",""client_id"":""236c2dd9-7af5-4104-acf6-d8b2600b9bd5"",""client_timestamp"":1789379170.5370998,""client_monotonic_ms"":1093168.699999988,""event_timestamp"":1789379170.5471256,""clock_offset_sec"":0.010025739669799805,""clock_round_trip_ms"":1.2998580932617188,""subject_id"":""sub-001"",""session_id"":""ses-001"",""block_id"":""Block 3"",""counterbalance_group"":""G01"",""block_order"":""Block 3"",""condition"":""A"",""condition_type"":""focused"",""topic_key"":""V3"",""topic_name"":""道德经主要讲的是什么"",""event_type"":""attention_response"",""iso_time"":""2026-09-14T09:46:10.537Z"",""relative_ms"":151758,""video_time_sec"":141.851,""probe_id"":""Block 3_2_0b8a08f3"",""probe_index"":2,""probe_schedule_id"":""0b8a08f3-bb0d-437d-977e-f4bb745e6c2e"",""probe_planned_time_sec"":141.655,""video_id"":""V3"",""response"":1,""response_label"":""课程内容"",""probe_attention"":""ON"",""response_time_ms"":1989}",324f7c1e-da89-4a22-ba3a-14cd4903bda9,sub-001,ses-001,342971fd-3649-44a2-a78d-ff730bcc151f,236c2dd9-7af5-4104-acf6-d8b2600b9bd5,1789379170.5436757,1789379170.5370998,1093168.699999988,browser,browser_calibrated,0.010025739669799805,1.2998580932617188,257043,261123,1,-3.4499168395996094,host_receive_nearest,verified,1,1,,,,,,,,,1,,,,,,,,,,,,,,,,,,,,V3,A,141.851,1789379170.5370998,1789379170.5586755,261123,Block 3_2_0b8a08f3,2,0b8a08f3-bb0d-437d-977e-f4bb745e6c2e,141.655,1,课程内容,1989,,ON,
4b96d4b7-75fb-5ca4-b316-ba7e823657a3,confidence_response,1789379171.1175258,1045.052,257184,3,3,,1,G01,A,focused,confidence_response,3,,0.0,0.0,,,,,,,"{""client_event_id"":""ac82d661-6f8f-4c85-b5fa-1e21078a3db9"",""recorder_run_id"":""324f7c1e-da89-4a22-ba3a-14cd4903bda9"",""client_id"":""236c2dd9-7af5-4104-acf6-d8b2600b9bd5"",""client_timestamp"":1789379171.1075,""client_monotonic_ms"":1093739.099999994,""event_timestamp"":1789379171.1175258,""clock_offset_sec"":0.010025739669799805,""clock_round_trip_ms"":1.2998580932617188,""subject_id"":""sub-001"",""session_id"":""ses-001"",""block_id"":""Block 3"",""counterbalance_group"":""G01"",""block_order"":""Block 3"",""condition"":""A"",""condition_type"":""focused"",""topic_key"":""V3"",""topic_name"":""道德经主要讲的是什么"",""event_type"":""confidence_response"",""iso_time"":""2026-09-14T09:46:11.107Z"",""relative_ms"":152329,""video_time_sec"":141.851,""probe_id"":""Block 3_2_0b8a08f3"",""probe_index"":2,""probe_schedule_id"":""0b8a08f3-bb0d-437d-977e-f4bb745e6c2e"",""probe_planned_time_sec"":141.655,""video_id"":""V3"",""response"":1,""confidence"":3,""response_time_ms"":570}",324f7c1e-da89-4a22-ba3a-14cd4903bda9,sub-001,ses-001,ac82d661-6f8f-4c85-b5fa-1e21078a3db9,236c2dd9-7af5-4104-acf6-d8b2600b9bd5,1789379171.1216755,1789379171.1075,1093739.099999994,browser,browser_calibrated,0.010025739669799805,1.2998580932617188,257183,261263,1,-11.850118637084961,host_receive_nearest,verified,1,1,,,,,,,,,1,,,,,,,,,,,,,,,,,,,,V3,A,141.851,1789379171.1075,1789379171.1216755,261263,Block 3_2_0b8a08f3,2,0b8a08f3-bb0d-437d-977e-f4bb745e6c2e,141.655,,,570,3,,
c49eb1ff-c8ac-5b66-a300-3cac83ffd3c9,phase_change,1789379171.1207256,1045.056,257189,3,3,,1,G01,A,focused,phase_change,video,,0.0,0.0,,,,,,,,324f7c1e-da89-4a22-ba3a-14cd4903bda9,sub-001,ses-001,fb8ed592-e98e-4243-abf0-117321e6001d,236c2dd9-7af5-4104-acf6-d8b2600b9bd5,1789379171.1216755,1789379171.1107,1093742.2999999821,browser,browser_calibrated,0.010025739669799805,1.2998580932617188,257184,261264,1,0.949859619140625,host_receive_nearest,verified,1,1,,,,,,,,,1,,,,,,,,,,,,,,,,,,,,V3,A,141.909,1789379171.1107,1789379171.1216755,261264,,,,,,,,,,
7613a0c8-1956-5289-8d88-e9449b8e8a32,video_resume,1789379171.1207256,1045.056,257189,3,3,,1,G01,A,focused,video_resume,141.909,,0.0,0.0,,,,,,,"{""client_event_id"":""fb8ed592-e98e-4243-abf0-117321e6001d"",""recorder_run_id"":""324f7c1e-da89-4a22-ba3a-14cd4903bda9"",""client_id"":""236c2dd9-7af5-4104-acf6-d8b2600b9bd5"",""client_timestamp"":1789379171.1107,""client_monotonic_ms"":1093742.2999999821,""event_timestamp"":1789379171.1207256,""clock_offset_sec"":0.010025739669799805,""clock_round_trip_ms"":1.2998580932617188,""subject_id"":""sub-001"",""session_id"":""ses-001"",""block_id"":""Block 3"",""counterbalance_group"":""G01"",""block_order"":""Block 3"",""condition"":""A"",""condition_type"":""focused"",""topic_key"":""V3"",""topic_name"":""道德经主要讲的是什么"",""event_type"":""video_resume"",""iso_time"":""2026-09-14T09:46:11.110Z"",""relative_ms"":152332,""video_time_sec"":141.909,""probe_id"":""Block 3_2_0b8a08f3"",""probe_index"":2,""probe_schedule_id"":""0b8a08f3-bb0d-437d-977e-f4bb745e6c2e"",""probe_planned_time_sec"":141.655,""video_id"":""V3"",""pause_reason"":""thought_probe"",""resume_status"":""playing""}",324f7c1e-da89-4a22-ba3a-14cd4903bda9,sub-001,ses-001,fb8ed592-e98e-4243-abf0-117321e6001d,236c2dd9-7af5-4104-acf6-d8b2600b9bd5,1789379171.1216755,1789379171.1107,1093742.2999999821,browser,browser_calibrated,0.010025739669799805,1.2998580932617188,257184,261264,1,0.949859619140625,host_receive_nearest,verified,1,1,,,,,,,,,1,,,,,,,,,,,,,,,,,,,,V3,A,141.909,1789379171.1107,1789379171.1216755,261264,Block 3_2_0b8a08f3,,,,,,,,,thought_probe
314744cf-e842-542d-b48e-1f7c32055887,qc_status_change,1789379207.2616756,1081.152,266209,3,3,,1,G01,A,focused,qc_status_change,warning,,0.0,0.0,,,,,,,通道2 RMS相对基线异常，正在确认是否持续。,324f7c1e-da89-4a22-ba3a-14cd4903bda9,sub-001,ses-001,,,1789379207.2616756,,,recorder,server,,,266208,270288,1,0.0,host_receive_nearest,,,,,,,,,,,,1,,,,,,,,,,,,,,,,,,,,V3,A,,,1789379207.2616756,270288,,,,,,,,,,
d9bd7459-7384-5863-b2e3-e01b30c02fab,qc_status_change,1789379215.2466755,1089.172,268214,3,3,,1,G01,A,focused,qc_status_change,bad,,0.0,0.0,,,,,,,通道2 RMS相对基线突变，可能接触不稳，请检查并重新连接。,324f7c1e-da89-4a22-ba3a-14cd4903bda9,sub-001,ses-001,,,1789379215.2466755,,,recorder,server,,,268213,272293,1,-15.999794006347656,host_receive_nearest,,,,,,,,,,,,1,,,,,,,,,,,,,,,,,,,,V3,A,,,1789379215.2466755,272293,,,,,,,,,,
197ad704-c039-5a17-a469-68fc147d6291,qc_status_change,1789379219.2616756,1093.192,269219,3,3,,1,G01,A,focused,qc_status_change,good,,0.0,0.0,,,,,,,当前QC指标正常。,324f7c1e-da89-4a22-ba3a-14cd4903bda9,sub-001,ses-001,,,1789379219.2616756,,,recorder,server,,,269218,273298,1,-15.000104904174805,host_receive_nearest,,,,,,,,,,,,1,,,,,,,,,,,,,,,,,,,,V3,A,,,1789379219.2616756,273298,,,,,,,,,,
2563cb68-5d4e-5759-bd15-40efc19226dc,qc_status_change,1789379221.2776756,1095.192,269719,3,3,,1,G01,A,focused,qc_status_change,warning,,0.0,0.0,,,,,,,通道2 RMS相对基线异常，正在确认是否持续。,324f7c1e-da89-4a22-ba3a-14cd4903bda9,sub-001,ses-001,,,1789379221.2776756,,,recorder,server,,,269718,273798,1,-46.99993133544922,host_receive_nearest,,,,,,,,,,,,1,,,,,,,,,,,,,,,,,,,,V3,A,,,1789379221.2776756,273798,,,,,,,,,,
c96f4b03-3ef2-564e-96aa-fb7d1791833a,qc_status_change,1789379227.2936757,1101.228,271228,3,3,,1,G01,A,focused,qc_status_change,bad,,0.0,0.0,,,,,,,通道2 RMS相对基线突变，可能接触不稳，请检查并重新连接。,324f7c1e-da89-4a22-ba3a-14cd4903bda9,sub-001,ses-001,,,1789379227.2936757,,,recorder,server,,,271227,275307,1,-16.000032424926758,host_receive_nearest,,,,,,,,,,,,1,,,,,,,,,,,,,,,,,,,,V3,A,,,1789379227.2936757,275307,,,,,,,,,,
bca5a298-513d-58cf-b48d-67f403529b91,qc_status_change,1789379229.2936757,1103.228,271728,3,3,,1,G01,A,focused,qc_status_change,good,,0.0,0.0,,,,,,,当前QC指标正常。,324f7c1e-da89-4a22-ba3a-14cd4903bda9,sub-001,ses-001,,,1789379229.2936757,,,recorder,server,,,271727,275807,1,0.0,host_receive_nearest,,,,,,,,,,,,1,,,,,,,,,,,,,,,,,,,,V3,A,,,1789379229.2936757,275807,,,,,,,,,,
970c6e53-67d2-5d37-a741-7692db4cf092,probe_onset,1789379239.2295256,1113.048,274183,3,3,,1,G01,A,focused,probe_onset,Block 3_3_0b8a08f3,,0.0,0.0,,,,,,,"{""client_event_id"":""5b817c3a-16e4-47c4-b086-96eb4108659e"",""recorder_run_id"":""324f7c1e-da89-4a22-ba3a-14cd4903bda9"",""client_id"":""236c2dd9-7af5-4104-acf6-d8b2600b9bd5"",""client_timestamp"":1789379239.2252998,""client_monotonic_ms"":1161856.8999999762,""event_timestamp"":1789379239.2295256,""clock_offset_sec"":0.004225730895996094,""clock_round_trip_ms"":1.5001296997070312,""subject_id"":""sub-001"",""session_id"":""ses-001"",""block_id"":""Block 3"",""counterbalance_group"":""G01"",""block_order"":""Block 3"",""condition"":""A"",""condition_type"":""focused"",""topic_key"":""V3"",""topic_name"":""道德经主要讲的是什么"",""event_type"":""probe_onset"",""iso_time"":""2026-09-14T09:47:19.225Z"",""relative_ms"":220447,""video_time_sec"":209.964,""probe_id"":""Block 3_3_0b8a08f3"",""probe_index"":3,""probe_schedule_id"":""0b8a08f3-bb0d-437d-977e-f4bb745e6c2e"",""probe_planned_time_sec"":209.934,""video_id"":""V3"",""pause_reason"":""thought_probe"",""forced"":false}",324f7c1e-da89-4a22-ba3a-14cd4903bda9,sub-001,ses-001,5b817c3a-16e4-47c4-b086-96eb4108659e,236c2dd9-7af5-4104-acf6-d8b2600b9bd5,1789379239.2306757,1789379239.2252998,1161856.8999999762,browser,browser_calibrated,0.004225730895996094,1.5001296997070312,274182,278262,1,-45.85003852844238,host_receive_nearest,verified,1,1,,,,,,,,,1,,,,,,,,,,,,,,,,,,,,V3,A,209.964,1789379239.2252998,1789379239.2306757,278262,Block 3_3_0b8a08f3,3,0b8a08f3-bb0d-437d-977e-f4bb745e6c2e,209.934,,,,,,thought_probe
44b26c22-e6ab-5a0d-bb88-be88220d0254,attention_response,1789379241.7336257,1115.672,274839,3,3,,1,G01,A,focused,attention_response,1,,0.0,0.0,,,,,,,"{""client_event_id"":""86407bef-4095-47aa-ac54-625d85b6d021"",""recorder_run_id"":""324f7c1e-da89-4a22-ba3a-14cd4903bda9"",""client_id"":""236c2dd9-7af5-4104-acf6-d8b2600b9bd5"",""client_timestamp"":1789379241.7294,""client_monotonic_ms"":1164361,""event_timestamp"":1789379241.7336257,""clock_offset_sec"":0.004225730895996094,""clock_round_trip_ms"":1.5001296997070312,""subject_id"":""sub-001"",""session_id"":""ses-001"",""block_id"":""Block 3"",""counterbalance_group"":""G01"",""block_order"":""Block 3"",""condition"":""A"",""condition_type"":""focused"",""topic_key"":""V3"",""topic_name"":""道德经主要讲的是什么"",""event_type"":""attention_response"",""iso_time"":""2026-09-14T09:47:21.729Z"",""relative_ms"":222951,""video_time_sec"":209.964,""probe_id"":""Block 3_3_0b8a08f3"",""probe_index"":3,""probe_schedule_id"":""0b8a08f3-bb0d-437d-977e-f4bb745e6c2e"",""probe_planned_time_sec"":209.934,""video_id"":""V3"",""response"":1,""response_label"":""课程内容"",""probe_attention"":""ON"",""response_time_ms"":2504}",324f7c1e-da89-4a22-ba3a-14cd4903bda9,sub-001,ses-001,86407bef-4095-47aa-ac54-625d85b6d021,236c2dd9-7af5-4104-acf6-d8b2600b9bd5,1789379241.7306757,1789379241.7294,1164361,browser,browser_calibrated,0.004225730895996094,1.5001296997070312,274838,278918,1,-2.949953079223633,host_receive_nearest,verified,1,1,,,,,,,,,1,,,,,,,,,,,,,,,,,,,,V3,A,209.964,1789379241.7294,1789379241.7466755,278918,Block 3_3_0b8a08f3,3,0b8a08f3-bb0d-437d-977e-f4bb745e6c2e,209.934,1,课程内容,2504,,ON,
fe601445-e96f-52e3-877f-c0e3a2b6eefa,confidence_response,1789379242.7179258,1116.588,275068,3,3,,1,G01,A,focused,confidence_response,3,,0.0,0.0,,,,,,,"{""client_event_id"":""741527e8-5847-4c3a-a7f5-eebda1545232"",""recorder_run_id"":""324f7c1e-da89-4a22-ba3a-14cd4903bda9"",""client_id"":""236c2dd9-7af5-4104-acf6-d8b2600b9bd5"",""client_timestamp"":1789379242.7137,""client_monotonic_ms"":1165345.2999999821,""event_timestamp"":1789379242.7179258,""clock_offset_sec"":0.004225730895996094,""clock_round_trip_ms"":1.5001296997070312,""subject_id"":""sub-001"",""session_id"":""ses-001"",""block_id"":""Block 3"",""counterbalance_group"":""G01"",""block_order"":""Block 3"",""condition"":""A"",""condition_type"":""focused"",""topic_key"":""V3"",""topic_name"":""道德经主要讲的是什么"",""event_type"":""confidence_response"",""iso_time"":""2026-09-14T09:47:22.713Z"",""relative_ms"":223935,""video_time_sec"":209.964,""probe_id"":""Block 3_3_0b8a08f3"",""probe_index"":3,""probe_schedule_id"":""0b8a08f3-bb0d-437d-977e-f4bb745e6c2e"",""probe_planned_time_sec"":209.934,""video_id"":""V3"",""response"":1,""confidence"":3,""response_time_ms"":984}",324f7c1e-da89-4a22-ba3a-14cd4903bda9,sub-001,ses-001,741527e8-5847-4c3a-a7f5-eebda1545232,236c2dd9-7af5-4104-acf6-d8b2600b9bd5,1789379242.7146757,1789379242.7137,1165345.2999999821,browser,browser_calibrated,0.004225730895996094,1.5001296997070312,275067,279147,1,-3.2501220703125,host_receive_nearest,verified,1,1,,,,,,,,,1,,,,,,,,,,,,,,,,,,,,V3,A,209.964,1789379242.7137,1789379242.7306757,279147,Block 3_3_0b8a08f3,3,0b8a08f3-bb0d-437d-977e-f4bb745e6c2e,209.934,,,984,3,,
236bc67a-aace-51e4-992d-afb53afc7241,phase_change,1789379242.7215254,1116.588,275073,3,3,,1,G01,A,focused,phase_change,video,,0.0,0.0,,,,,,,,324f7c1e-da89-4a22-ba3a-14cd4903bda9,sub-001,ses-001,8c143da7-67ad-4678-838b-871f63259819,236c2dd9-7af5-4104-acf6-d8b2600b9bd5,1789379242.7306757,1789379242.7172997,1165348.8999999762,browser,browser_calibrated,0.004225730895996094,1.5001296997070312,275067,279147,1,-6.849765777587891,host_receive_nearest,verified,1,1,,,,,,,,,1,,,,,,,,,,,,,,,,,,,,V3,A,210.036,1789379242.7172997,1789379242.7306757,279147,,,,,,,,,,
2550fb97-e8d6-588b-b8f5-1e1d71b65775,video_resume,1789379242.7215254,1116.588,275073,3,3,,1,G01,A,focused,video_resume,210.036,,0.0,0.0,,,,,,,"{""client_event_id"":""8c143da7-67ad-4678-838b-871f63259819"",""recorder_run_id"":""324f7c1e-da89-4a22-ba3a-14cd4903bda9"",""client_id"":""236c2dd9-7af5-4104-acf6-d8b2600b9bd5"",""client_timestamp"":1789379242.7172997,""client_monotonic_ms"":1165348.8999999762,""event_timestamp"":1789379242.7215254,""clock_offset_sec"":0.004225730895996094,""clock_round_trip_ms"":1.5001296997070312,""subject_id"":""sub-001"",""session_id"":""ses-001"",""block_id"":""Block 3"",""counterbalance_group"":""G01"",""block_order"":""Block 3"",""condition"":""A"",""condition_type"":""focused"",""topic_key"":""V3"",""topic_name"":""道德经主要讲的是什么"",""event_type"":""video_resume"",""iso_time"":""2026-09-14T09:47:22.717Z"",""relative_ms"":223939,""video_time_sec"":210.036,""probe_id"":""Block 3_3_0b8a08f3"",""probe_index"":3,""probe_schedule_id"":""0b8a08f3-bb0d-437d-977e-f4bb745e6c2e"",""probe_planned_time_sec"":209.934,""video_id"":""V3"",""pause_reason"":""thought_probe"",""resume_status"":""playing""}",324f7c1e-da89-4a22-ba3a-14cd4903bda9,sub-001,ses-001,8c143da7-67ad-4678-838b-871f63259819,236c2dd9-7af5-4104-acf6-d8b2600b9bd5,1789379242.7306757,1789379242.7172997,1165348.8999999762,browser,browser_calibrated,0.004225730895996094,1.5001296997070312,275067,279147,1,-6.849765777587891,host_receive_nearest,verified,1,1,,,,,,,,,1,,,,,,,,,,,,,,,,,,,,V3,A,210.036,1789379242.7172997,1789379242.7306757,279147,Block 3_3_0b8a08f3,,,,,,,,,thought_probe
3ec1e9a1-c9b0-57b6-b8c1-2f01f5c52914,qc_status_change,1789379245.2936757,1119.168,275653,3,3,,1,G01,A,focused,qc_status_change,warning,,0.0,0.0,,,,,,,丢包率 2.41% 偏高。,324f7c1e-da89-4a22-ba3a-14cd4903bda9,sub-001,ses-001,,,1789379245.2936757,,,recorder,server,,,275652,279792,1,0.0,host_receive_nearest,,,,,,,,,,,,1,,,,,,,,,,,,,,,,,,,,V3,A,,,1789379245.2936757,279792,,,,,,,,,,
1cab3c63-cca4-55e9-b3af-ab61458ce1b5,qc_status_change,1789379255.2936757,1129.148,278148,3,3,,1,G01,A,focused,qc_status_change,good,,0.0,0.0,,,,,,,当前QC指标正常。,324f7c1e-da89-4a22-ba3a-14cd4903bda9,sub-001,ses-001,,,1789379255.2936757,,,recorder,server,,,278147,282287,1,0.0,host_receive_nearest,,,,,,,,,,,,1,,,,,,,,,,,,,,,,,,,,V3,A,,,1789379255.2936757,282287,,,,,,,,,,
87712944-8222-51f1-8816-e82498e843b9,probe_onset,1789379328.9280252,1202.868,296578,3,3,,1,G01,A,focused,probe_onset,Block 3_4_0b8a08f3,,0.0,0.0,,,,,,,"{""client_event_id"":""f5fdb638-5b9d-433f-9b22-ae5b76dc405a"",""recorder_run_id"":""324f7c1e-da89-4a22-ba3a-14cd4903bda9"",""client_id"":""236c2dd9-7af5-4104-acf6-d8b2600b9bd5"",""client_timestamp"":1789379328.9155998,""client_monotonic_ms"":1251547.199999988,""event_timestamp"":1789379328.9280252,""clock_offset_sec"":0.012425422668457031,""clock_round_trip_ms"":1.4998912811279297,""subject_id"":""sub-001"",""session_id"":""ses-001"",""block_id"":""Block 3"",""counterbalance_group"":""G01"",""block_order"":""Block 3"",""condition"":""A"",""condition_type"":""focused"",""topic_key"":""V3"",""topic_name"":""道德经主要讲的是什么"",""event_type"":""probe_onset"",""iso_time"":""2026-09-14T09:48:48.915Z"",""relative_ms"":310137,""video_time_sec"":296.178,""probe_id"":""Block 3_4_0b8a08f3"",""probe_index"":4,""probe_schedule_id"":""0b8a08f3-bb0d-437d-977e-f4bb745e6c2e"",""probe_planned_time_sec"":295.977,""video_id"":""V3"",""pause_reason"":""thought_probe"",""forced"":false}",324f7c1e-da89-4a22-ba3a-14cd4903bda9,sub-001,ses-001,f5fdb638-5b9d-433f-9b22-ae5b76dc405a,236c2dd9-7af5-4104-acf6-d8b2600b9bd5,1789379328.9186757,1789379328.9155998,1251547.199999988,browser,browser_calibrated,0.012425422668457031,1.4998912811279297,296577,300717,1,-9.349584579467773,host_receive_nearest,verified,1,1,,,,,,,,,1,,,,,,,,,,,,,,,,,,,,V3,A,296.178,1789379328.9155998,1789379328.9186757,300717,Block 3_4_0b8a08f3,4,0b8a08f3-bb0d-437d-977e-f4bb745e6c2e,295.977,,,,,,thought_probe
453a99fd-ead9-552e-99a0-305a669b19fa,attention_response,1789379330.7539253,1204.688,297033,3,3,,1,G01,A,focused,attention_response,1,,0.0,0.0,,,,,,,"{""client_event_id"":""3c52ee83-2eb6-4bdd-bbe1-b74340076540"",""recorder_run_id"":""324f7c1e-da89-4a22-ba3a-14cd4903bda9"",""client_id"":""236c2dd9-7af5-4104-acf6-d8b2600b9bd5"",""client_timestamp"":1789379330.7415,""client_monotonic_ms"":1253373.099999994,""event_timestamp"":1789379330.7539253,""clock_offset_sec"":0.012425422668457031,""clock_round_trip_ms"":1.4998912811279297,""subject_id"":""sub-001"",""session_id"":""ses-001"",""block_id"":""Block 3"",""counterbalance_group"":""G01"",""block_order"":""Block 3"",""condition"":""A"",""condition_type"":""focused"",""topic_key"":""V3"",""topic_name"":""道德经主要讲的是什么"",""event_type"":""attention_response"",""iso_time"":""2026-09-14T09:48:50.741Z"",""relative_ms"":311963,""video_time_sec"":296.178,""probe_id"":""Block 3_4_0b8a08f3"",""probe_index"":4,""probe_schedule_id"":""0b8a08f3-bb0d-437d-977e-f4bb745e6c2e"",""probe_planned_time_sec"":295.977,""video_id"":""V3"",""response"":1,""response_label"":""课程内容"",""probe_attention"":""ON"",""response_time_ms"":1826}",324f7c1e-da89-4a22-ba3a-14cd4903bda9,sub-001,ses-001,3c52ee83-2eb6-4bdd-bbe1-b74340076540,236c2dd9-7af5-4104-acf6-d8b2600b9bd5,1789379330.7466755,1789379330.7415,1253373.099999994,browser,browser_calibrated,0.012425422668457031,1.4998912811279297,297032,301172,1,-7.2498321533203125,host_receive_nearest,verified,1,1,,,,,,,,,1,,,,,,,,,,,,,,,,,,,,V3,A,296.178,1789379330.7415,1789379330.7616756,301172,Block 3_4_0b8a08f3,4,0b8a08f3-bb0d-437d-977e-f4bb745e6c2e,295.977,1,课程内容,1826,,ON,
26c247e0-318b-5c01-aa3a-6c18c6d0adb3,confidence_response,1789379331.6630254,1205.568,297253,3,3,,1,G01,A,focused,confidence_response,3,,0.0,0.0,,,,,,,"{""client_event_id"":""4b1df874-6c4a-46e8-9c36-45710420b529"",""recorder_run_id"":""324f7c1e-da89-4a22-ba3a-14cd4903bda9"",""client_id"":""236c2dd9-7af5-4104-acf6-d8b2600b9bd5"",""client_timestamp"":1789379331.6506,""client_monotonic_ms"":1254282.199999988,""event_timestamp"":1789379331.6630254,""clock_offset_sec"":0.012425422668457031,""clock_round_trip_ms"":1.4998912811279297,""subject_id"":""sub-001"",""session_id"":""ses-001"",""block_id"":""Block 3"",""counterbalance_group"":""G01"",""block_order"":""Block 3"",""condition"":""A"",""condition_type"":""focused"",""topic_key"":""V3"",""topic_name"":""道德经主要讲的是什么"",""event_type"":""confidence_response"",""iso_time"":""2026-09-14T09:48:51.650Z"",""relative_ms"":312872,""video_time_sec"":296.178,""probe_id"":""Block 3_4_0b8a08f3"",""probe_index"":4,""probe_schedule_id"":""0b8a08f3-bb0d-437d-977e-f4bb745e6c2e"",""probe_planned_time_sec"":295.977,""video_id"":""V3"",""response"":1,""confidence"":3,""response_time_ms"":909}",324f7c1e-da89-4a22-ba3a-14cd4903bda9,sub-001,ses-001,4b1df874-6c4a-46e8-9c36-45710420b529,236c2dd9-7af5-4104-acf6-d8b2600b9bd5,1789379331.6526756,1789379331.6506,1254282.199999988,browser,browser_calibrated,0.012425422668457031,1.4998912811279297,297252,301392,1,-26.349782943725586,host_receive_nearest,verified,1,1,,,,,,,,,1,,,,,,,,,,,,,,,,,,,,V3,A,296.178,1789379331.6506,1789379331.6686757,301392,Block 3_4_0b8a08f3,4,0b8a08f3-bb0d-437d-977e-f4bb745e6c2e,295.977,,,909,3,,
32158aab-8083-5196-ac31-cc0689102f77,phase_change,1789379331.6672251,1205.572,297263,3,3,,1,G01,A,focused,phase_change,video,,0.0,0.0,,,,,,,,324f7c1e-da89-4a22-ba3a-14cd4903bda9,sub-001,ses-001,017fa2dd-f2fe-405a-94d5-a7939cc5f1cb,236c2dd9-7af5-4104-acf6-d8b2600b9bd5,1789379331.6686757,1789379331.6547997,1254286.3999999762,browser,browser_calibrated,0.012425422668457031,1.4998912811279297,297253,301393,1,1.4505386352539062,host_receive_nearest,verified,1,1,,,,,,,,,1,,,,,,,,,,,,,,,,,,,,V3,A,296.24,1789379331.6547997,1789379331.6686757,301393,,,,,,,,,,
eaee7612-6028-54a8-9f78-92a762f0c049,video_resume,1789379331.6672251,1205.572,297263,3,3,,1,G01,A,focused,video_resume,296.24,,0.0,0.0,,,,,,,"{""client_event_id"":""017fa2dd-f2fe-405a-94d5-a7939cc5f1cb"",""recorder_run_id"":""324f7c1e-da89-4a22-ba3a-14cd4903bda9"",""client_id"":""236c2dd9-7af5-4104-acf6-d8b2600b9bd5"",""client_timestamp"":1789379331.6547997,""client_monotonic_ms"":1254286.3999999762,""event_timestamp"":1789379331.6672251,""clock_offset_sec"":0.012425422668457031,""clock_round_trip_ms"":1.4998912811279297,""subject_id"":""sub-001"",""session_id"":""ses-001"",""block_id"":""Block 3"",""counterbalance_group"":""G01"",""block_order"":""Block 3"",""condition"":""A"",""condition_type"":""focused"",""topic_key"":""V3"",""topic_name"":""道德经主要讲的是什么"",""event_type"":""video_resume"",""iso_time"":""2026-09-14T09:48:51.654Z"",""relative_ms"":312876,""video_time_sec"":296.24,""probe_id"":""Block 3_4_0b8a08f3"",""probe_index"":4,""probe_schedule_id"":""0b8a08f3-bb0d-437d-977e-f4bb745e6c2e"",""probe_planned_time_sec"":295.977,""video_id"":""V3"",""pause_reason"":""thought_probe"",""resume_status"":""playing""}",324f7c1e-da89-4a22-ba3a-14cd4903bda9,sub-001,ses-001,017fa2dd-f2fe-405a-94d5-a7939cc5f1cb,236c2dd9-7af5-4104-acf6-d8b2600b9bd5,1789379331.6686757,1789379331.6547997,1254286.3999999762,browser,browser_calibrated,0.012425422668457031,1.4998912811279297,297253,301393,1,1.4505386352539062,host_receive_nearest,verified,1,1,,,,,,,,,1,,,,,,,,,,,,,,,,,,,,V3,A,296.24,1789379331.6547997,1789379331.6686757,301393,Block 3_4_0b8a08f3,,,,,,,,,thought_probe
a1af9cda-bab9-5c92-9b37-9553a4682d4b,video_end,1789379361.7290251,1235.652,304778,3,3,,1,G01,A,focused,video_end,V3,,0.0,0.0,,,,,,,,324f7c1e-da89-4a22-ba3a-14cd4903bda9,sub-001,ses-001,037fbf8c-c60c-479b-91dc-301e4c58f3c8,236c2dd9-7af5-4104-acf6-d8b2600b9bd5,1789379361.7306757,1789379361.7225997,1284354.199999988,browser,browser_calibrated,0.006425380706787109,1.4998912811279297,304773,308913,1,1.6505718231201172,host_receive_nearest,verified,1,1,,,,,,,,,1,,,,,,,,,,,,,,,,,,,,V3,A,326.241,1789379361.7225997,1789379361.7306757,308913,,,,,,,,,,
e6785cb4-7172-546c-812d-c09950eb30e5,browser_video_ended,1789379361.7290251,1235.652,304778,3,3,,1,G01,A,focused,browser_video_ended,,,0.0,0.0,,,,,,,"{""client_event_id"":""037fbf8c-c60c-479b-91dc-301e4c58f3c8"",""recorder_run_id"":""324f7c1e-da89-4a22-ba3a-14cd4903bda9"",""client_id"":""236c2dd9-7af5-4104-acf6-d8b2600b9bd5"",""client_timestamp"":1789379361.7225997,""client_monotonic_ms"":1284354.199999988,""event_timestamp"":1789379361.7290251,""clock_offset_sec"":0.006425380706787109,""clock_round_trip_ms"":1.4998912811279297,""subject_id"":""sub-001"",""session_id"":""ses-001"",""block_id"":""Block 3"",""counterbalance_group"":""G01"",""block_order"":""Block 3"",""condition"":""A"",""condition_type"":""focused"",""topic_key"":""V3"",""topic_name"":""道德经主要讲的是什么"",""event_type"":""video_ended"",""iso_time"":""2026-09-14T09:49:21.722Z"",""relative_ms"":342944,""video_time_sec"":326.241}",324f7c1e-da89-4a22-ba3a-14cd4903bda9,sub-001,ses-001,037fbf8c-c60c-479b-91dc-301e4c58f3c8,236c2dd9-7af5-4104-acf6-d8b2600b9bd5,1789379361.7306757,1789379361.7225997,1284354.199999988,browser,browser_calibrated,0.006425380706787109,1.4998912811279297,304773,308913,1,1.6505718231201172,host_receive_nearest,verified,1,1,,,,,,,,,1,,,,,,,,,,,,,,,,,,,,V3,A,326.241,1789379361.7225997,1789379361.7306757,308913,,,,,,,,,,
17cc9e3d-221e-5bd3-b7de-7d9b1f098487,browser_block_end,1789379361.7320251,1235.668,304778,3,3,,1,G01,A,focused,browser_block_end,视频自然播放结束,,0.0,0.0,,,,,,,"{""client_event_id"":""d4cc8c91-de52-4935-99ef-e987d5c6f8d4"",""recorder_run_id"":""324f7c1e-da89-4a22-ba3a-14cd4903bda9"",""client_id"":""236c2dd9-7af5-4104-acf6-d8b2600b9bd5"",""client_timestamp"":1789379361.7255998,""client_monotonic_ms"":1284357.199999988,""event_timestamp"":1789379361.7320251,""clock_offset_sec"":0.006425380706787109,""clock_round_trip_ms"":1.4998912811279297,""subject_id"":""sub-001"",""session_id"":""ses-001"",""block_id"":""Block 3"",""counterbalance_group"":""G01"",""block_order"":""Block 3"",""condition"":""A"",""condition_type"":""focused"",""topic_key"":""V3"",""topic_name"":""道德经主要讲的是什么"",""event_type"":""block_end"",""iso_time"":""2026-09-14T09:49:21.725Z"",""relative_ms"":342947,""video_time_sec"":326.241,""reason"":""视频自然播放结束""}",324f7c1e-da89-4a22-ba3a-14cd4903bda9,sub-001,ses-001,d4cc8c91-de52-4935-99ef-e987d5c6f8d4,236c2dd9-7af5-4104-acf6-d8b2600b9bd5,1789379361.7466755,1789379361.7255998,1284357.199999988,browser,browser_calibrated,0.006425380706787109,1.4998912811279297,304777,308917,1,-1.3494491577148438,host_receive_nearest,verified,1,1,,,,,,,,,1,,,,,,,,,,,,,,,,,,,,V3,A,326.241,1789379361.7255998,1789379361.7466755,308917,,,,,,,,,,
f4b30704-3fa9-528c-8d97-05f3a7857311,rating_start,1789379361.7362251,1235.668,304783,3,3,,1,G01,A,focused,rating_start,,,0.0,0.0,,,,,,,"{""client_event_id"":""eb52b44d-a85a-4618-b2e1-3d008b92e2eb"",""recorder_run_id"":""324f7c1e-da89-4a22-ba3a-14cd4903bda9"",""client_id"":""236c2dd9-7af5-4104-acf6-d8b2600b9bd5"",""client_timestamp"":1789379361.7297997,""client_monotonic_ms"":1284361.3999999762,""event_timestamp"":1789379361.7362251,""clock_offset_sec"":0.006425380706787109,""clock_round_trip_ms"":1.4998912811279297,""subject_id"":""sub-001"",""session_id"":""ses-001"",""block_id"":""Block 3"",""counterbalance_group"":""G01"",""block_order"":""Block 3"",""condition"":""A"",""condition_type"":""focused"",""topic_key"":""V3"",""topic_name"":""道德经主要讲的是什么"",""event_type"":""rating_start"",""iso_time"":""2026-09-14T09:49:21.729Z"",""relative_ms"":342951,""video_time_sec"":326.241}",324f7c1e-da89-4a22-ba3a-14cd4903bda9,sub-001,ses-001,eb52b44d-a85a-4618-b2e1-3d008b92e2eb,236c2dd9-7af5-4104-acf6-d8b2600b9bd5,1789379361.7466755,1789379361.7297997,1284361.3999999762,browser,browser_calibrated,0.006425380706787109,1.4998912811279297,304777,308917,1,-5.549430847167969,host_receive_nearest,verified,1,1,,,,,,,,,1,,,,,,,,,,,,,,,,,,,,V3,A,326.241,1789379361.7297997,1789379361.7466755,308917,,,,,,,,,,
47e32670-1dff-5b93-832b-d09ef671048d,rating_item_response,1789379364.8757253,1238.828,305568,3,3,,1,G01,A,focused,rating_item_response,3,,0.0,0.0,,,,,,,"{""client_event_id"":""658aefa6-cb15-4068-b1ad-b01b6dbb6a2a"",""recorder_run_id"":""324f7c1e-da89-4a22-ba3a-14cd4903bda9"",""client_id"":""236c2dd9-7af5-4104-acf6-d8b2600b9bd5"",""client_timestamp"":1789379364.8693,""client_monotonic_ms"":1287500.8999999762,""event_timestamp"":1789379364.8757253,""clock_offset_sec"":0.006425380706787109,""clock_round_trip_ms"":1.4998912811279297,""subject_id"":""sub-001"",""session_id"":""ses-001"",""block_id"":""Block 3"",""counterbalance_group"":""G01"",""block_order"":""Block 3"",""condition"":""A"",""condition_type"":""focused"",""topic_key"":""V3"",""topic_name"":""道德经主要讲的是什么"",""event_type"":""rating_item_response"",""iso_time"":""2026-09-14T09:49:24.869Z"",""relative_ms"":346091,""video_time_sec"":326.241,""rating_item"":""course_attention_rating"",""rating_value"":""3"",""response_time_ms"":3140}",324f7c1e-da89-4a22-ba3a-14cd4903bda9,sub-001,ses-001,658aefa6-cb15-4068-b1ad-b01b6dbb6a2a,236c2dd9-7af5-4104-acf6-d8b2600b9bd5,1789379364.8716755,1789379364.8693,1287500.8999999762,browser,browser_calibrated,0.006425380706787109,1.4998912811279297,305567,309707,1,-4.049777984619141,host_receive_nearest,verified,1,1,,,,,,,,,1,,,,,,,,,,,,,course_attention_rating,3,,,,,,V3,A,326.241,1789379364.8693,1789379364.8716755,309707,,,,,,,3140,,,
3a066f48-460e-5c0c-a4bd-dfe6faa0000b,rating_item_response,1789379366.4788253,1240.428,305968,3,3,,1,G01,A,focused,rating_item_response,3,,0.0,0.0,,,,,,,"{""client_event_id"":""01892360-ddfb-4c92-90dd-4067fa1b8b0c"",""recorder_run_id"":""324f7c1e-da89-4a22-ba3a-14cd4903bda9"",""client_id"":""236c2dd9-7af5-4104-acf6-d8b2600b9bd5"",""client_timestamp"":1789379366.4724,""client_monotonic_ms"":1289104,""event_timestamp"":1789379366.4788253,""clock_offset_sec"":0.006425380706787109,""clock_round_trip_ms"":1.4998912811279297,""subject_id"":""sub-001"",""session_id"":""ses-001"",""block_id"":""Block 3"",""counterbalance_group"":""G01"",""block_order"":""Block 3"",""condition"":""A"",""condition_type"":""focused"",""topic_key"":""V3"",""topic_name"":""道德经主要讲的是什么"",""event_type"":""rating_item_response"",""iso_time"":""2026-09-14T09:49:26.472Z"",""relative_ms"":347694,""video_time_sec"":326.241,""rating_item"":""mental_effort"",""rating_value"":""3"",""response_time_ms"":4743}",324f7c1e-da89-4a22-ba3a-14cd4903bda9,sub-001,ses-001,01892360-ddfb-4c92-90dd-4067fa1b8b0c,236c2dd9-7af5-4104-acf6-d8b2600b9bd5,1789379366.4806757,1789379366.4724,1289104,browser,browser_calibrated,0.006425380706787109,1.4998912811279297,305967,310107,1,-14.149665832519531,host_receive_nearest,verified,1,1,,,,,,,,,1,,,,,,,,,,,,,mental_effort,3,,,,,,V3,A,326.241,1789379366.4724,1789379366.4806757,310107,,,,,,,4743,,,
e2752dba-d1e9-5c94-bd7e-5d5468c7964a,rating_item_response,1789379368.4833252,1242.388,306458,3,3,,1,G01,A,focused,rating_item_response,2,,0.0,0.0,,,,,,,"{""client_event_id"":""ec95f4af-6303-4599-85c1-fe7a6b250cf1"",""recorder_run_id"":""324f7c1e-da89-4a22-ba3a-14cd4903bda9"",""client_id"":""236c2dd9-7af5-4104-acf6-d8b2600b9bd5"",""client_timestamp"":1789379368.4768999,""client_monotonic_ms"":1291108.5,""event_timestamp"":1789379368.4833252,""clock_offset_sec"":0.006425380706787109,""clock_round_trip_ms"":1.4998912811279297,""subject_id"":""sub-001"",""session_id"":""ses-001"",""block_id"":""Block 3"",""counterbalance_group"":""G01"",""block_order"":""Block 3"",""condition"":""A"",""condition_type"":""focused"",""topic_key"":""V3"",""topic_name"":""道德经主要讲的是什么"",""event_type"":""rating_item_response"",""iso_time"":""2026-09-14T09:49:28.476Z"",""relative_ms"":349698,""video_time_sec"":326.241,""rating_item"":""video_interest"",""rating_value"":""2"",""response_time_ms"":6747}",324f7c1e-da89-4a22-ba3a-14cd4903bda9,sub-001,ses-001,ec95f4af-6303-4599-85c1-fe7a6b250cf1,236c2dd9-7af5-4104-acf6-d8b2600b9bd5,1789379368.4806757,1789379368.4768999,1291108.5,browser,browser_calibrated,0.006425380706787109,1.4998912811279297,306457,310597,1,-18.649578094482422,host_receive_nearest,verified,1,1,,,,,,,,,1,,,,,,,,,,,,,video_interest,2,,,,,,V3,A,326.241,1789379368.4768999,1789379368.4806757,310597,,,,,,,6747,,,
3274d335-d606-543a-9c14-9e74656cac29,rating_item_response,1789379369.5644255,1243.488,306733,3,3,,1,G01,A,focused,rating_item_response,1,,0.0,0.0,,,,,,,"{""client_event_id"":""98076010-b966-4518-acc9-fc815d1f9a8d"",""recorder_run_id"":""324f7c1e-da89-4a22-ba3a-14cd4903bda9"",""client_id"":""236c2dd9-7af5-4104-acf6-d8b2600b9bd5"",""client_timestamp"":1789379369.558,""client_monotonic_ms"":1292189.599999994,""event_timestamp"":1789379369.5644255,""clock_offset_sec"":0.006425380706787109,""clock_round_trip_ms"":1.4998912811279297,""subject_id"":""sub-001"",""session_id"":""ses-001"",""block_id"":""Block 3"",""counterbalance_group"":""G01"",""block_order"":""Block 3"",""condition"":""A"",""condition_type"":""focused"",""topic_key"":""V3"",""topic_name"":""道德经主要讲的是什么"",""event_type"":""rating_item_response"",""iso_time"":""2026-09-14T09:49:29.558Z"",""relative_ms"":350779,""video_time_sec"":326.241,""rating_item"":""video_difficulty"",""rating_value"":""1"",""response_time_ms"":7828}",324f7c1e-da89-4a22-ba3a-14cd4903bda9,sub-001,ses-001,98076010-b966-4518-acc9-fc815d1f9a8d,236c2dd9-7af5-4104-acf6-d8b2600b9bd5,1789379369.5586755,1789379369.558,1292189.599999994,browser,browser_calibrated,0.006425380706787109,1.4998912811279297,306732,310872,1,-5.749940872192383,host_receive_nearest,verified,1,1,,,,,,,,,1,,,,,,,,,,,,,video_difficulty,1,,,,,,V3,A,326.241,1789379369.558,1789379369.5746756,310872,,,,,,,7828,,,
89737490-c7ba-5581-adc8-0ba1f371b36e,rating_end,1789379370.0786254,1243.968,306853,3,3,,1,G01,A,focused,rating_end,,8.342,0.0,0.0,,,,,,,"{""client_event_id"":""800dfbd5-6483-49a9-9152-139d0fbee2f1"",""recorder_run_id"":""324f7c1e-da89-4a22-ba3a-14cd4903bda9"",""client_id"":""236c2dd9-7af5-4104-acf6-d8b2600b9bd5"",""client_timestamp"":1789379370.0722,""client_monotonic_ms"":1292703.8999999762,""event_timestamp"":1789379370.0786254,""clock_offset_sec"":0.006425380706787109,""clock_round_trip_ms"":1.4998912811279297,""subject_id"":""sub-001"",""session_id"":""ses-001"",""block_id"":""Block 3"",""counterbalance_group"":""G01"",""block_order"":""Block 3"",""condition"":""A"",""condition_type"":""focused"",""topic_key"":""V3"",""topic_name"":""道德经主要讲的是什么"",""event_type"":""rating_end"",""iso_time"":""2026-09-14T09:49:30.072Z"",""relative_ms"":351294,""video_time_sec"":326.241,""video_id"":""V3"",""course_attention_rating"":3,""mental_effort"":3,""video_interest"":2,""video_difficulty"":1,""subtraction_compliance"":"""",""subtraction_difficulty"":"""",""reported_final_number"":"""",""duration_sec"":8.342,""submitted_iso"":""2026-09-14T09:49:30.072Z"",""submitted_relative_ms"":351293}",324f7c1e-da89-4a22-ba3a-14cd4903bda9,sub-001,ses-001,800dfbd5-6483-49a9-9152-139d0fbee2f1,236c2dd9-7af5-4104-acf6-d8b2600b9bd5,1789379370.0746756,1789379370.0722,1292703.8999999762,browser,browser_calibrated,0.006425380706787109,1.4998912811279297,306852,310992,1,-3.949880599975586,host_receive_nearest,verified,1,1,,,,,,,,,1,,,,3,3,2,1,,,,,,,,,,,,,V3,A,326.241,1789379370.0722,1789379370.0746756,310992,,,,,,,,,,
0930a629-4f9d-5278-aacf-1699f045fd0d,quiz_start,1789379370.0806253,1243.968,306853,3,3,,1,G01,A,focused,quiz_start,,,0.0,0.0,,,,,,,"{""client_event_id"":""0641911a-5807-4013-81b4-5b5963a35d88"",""recorder_run_id"":""324f7c1e-da89-4a22-ba3a-14cd4903bda9"",""client_id"":""236c2dd9-7af5-4104-acf6-d8b2600b9bd5"",""client_timestamp"":1789379370.0742,""client_monotonic_ms"":1292705.7999999821,""event_timestamp"":1789379370.0806253,""clock_offset_sec"":0.006425380706787109,""clock_round_trip_ms"":1.4998912811279297,""subject_id"":""sub-001"",""session_id"":""ses-001"",""block_id"":""Block 3"",""counterbalance_group"":""G01"",""block_order"":""Block 3"",""condition"":""A"",""condition_type"":""focused"",""topic_key"":""V3"",""topic_name"":""道德经主要讲的是什么"",""event_type"":""quiz_start"",""iso_time"":""2026-09-14T09:49:30.074Z"",""relative_ms"":351295,""video_time_sec"":326.241}",324f7c1e-da89-4a22-ba3a-14cd4903bda9,sub-001,ses-001,0641911a-5807-4013-81b4-5b5963a35d88,236c2dd9-7af5-4104-acf6-d8b2600b9bd5,1789379370.0896757,1789379370.0742,1292705.7999999821,browser,browser_calibrated,0.006425380706787109,1.4998912811279297,306852,310992,1,-5.949735641479492,host_receive_nearest,verified,1,1,,,,,,,,,1,,,,,,,,,,,,,,,,,,,,V3,A,326.241,1789379370.0742,1789379370.0896757,310992,,,,,,,,,,
f5f4b150-c051-5317-840b-01ff8b86704a,qc_status_change,1789379373.3866756,1247.248,307673,3,3,,1,G01,A,focused,qc_status_change,warning,,0.0,0.0,,,,,,,通道2 RMS相对基线异常，正在确认是否持续。,324f7c1e-da89-4a22-ba3a-14cd4903bda9,sub-001,ses-001,,,1789379373.3866756,,,recorder,server,,,307672,311812,1,-15.000104904174805,host_receive_nearest,,,,,,,,,,,,1,,,,,,,,,,,,,,,,,,,,V3,A,,,1789379373.3866756,311812,,,,,,,,,,
76f64ad6-b728-5b61-bdf2-93c66f798d3b,qc_status_change,1789379379.3866756,1253.208,309163,3,3,,1,G01,A,focused,qc_status_change,bad,,0.0,0.0,,,,,,,通道1 RMS相对基线异常，正在确认是否持续。; 通道2 RMS相对基线突变，可能接触不稳，请检查并重新连接。,324f7c1e-da89-4a22-ba3a-14cd4903bda9,sub-001,ses-001,,,1789379379.3866756,,,recorder,server,,,309162,313302,1,-46.99993133544922,host_receive_nearest,,,,,,,,,,,,1,,,,,,,,,,,,,,,,,,,,V3,A,,,1789379379.3866756,313302,,,,,,,,,,
8d561e60-51cc-5534-a2fc-34c3b8e08c56,quiz_item_response,1789379381.8263257,1255.728,309793,3,3,,1,G01,A,focused,quiz_item_response,《道德经》的作者是？,,0.0,0.0,,V3Q1,C,C,True,1683,"{""client_event_id"":""757ff4db-2e1d-4dab-a585-93e2c0cb6ebd"",""recorder_run_id"":""324f7c1e-da89-4a22-ba3a-14cd4903bda9"",""client_id"":""236c2dd9-7af5-4104-acf6-d8b2600b9bd5"",""client_timestamp"":1789379381.8142,""client_monotonic_ms"":1304445.7999999821,""event_timestamp"":1789379381.8263257,""clock_offset_sec"":0.012125730514526367,""clock_round_trip_ms"":1.5001296997070312,""subject_id"":""sub-001"",""session_id"":""ses-001"",""block_id"":""Block 3"",""counterbalance_group"":""G01"",""block_order"":""Block 3"",""condition"":""A"",""condition_type"":""focused"",""topic_key"":""V3"",""topic_name"":""道德经主要讲的是什么"",""event_type"":""quiz_item_response"",""iso_time"":""2026-09-14T09:49:41.814Z"",""relative_ms"":363035,""video_time_sec"":326.241,""video_id"":""V3"",""question_id"":""V3Q1"",""question_text"":""《道德经》的作者是？"",""response_index"":2,""response_letter"":""C"",""response_text"":""老子"",""correct_index"":2,""correct_letter"":""C"",""correct_text"":""老子"",""is_correct"":true,""reaction_time_ms"":1683,""submitted_iso"":""2026-09-14T09:49:41.814Z"",""submitted_relative_ms"":363035}",324f7c1e-da89-4a22-ba3a-14cd4903bda9,sub-001,ses-001,757ff4db-2e1d-4dab-a585-93e2c0cb6ebd,236c2dd9-7af5-4104-acf6-d8b2600b9bd5,1789379381.8246756,1789379381.8142,1304445.7999999821,browser,browser_calibrated,0.012125730514526367,1.5001296997070312,309792,313932,1,-64.65005874633789,host_receive_nearest,verified,1,1,,,,,,,,,1,,,,,,,,,,,,,,,,,《道德经》的作者是？,2,老子,V3,A,326.241,1789379381.8142,1789379381.8246756,313932,,,,,,,,,,
f3157f6a-35d4-5cba-9db9-fee0fee1b617,quiz_item_response,1789379381.8286257,1255.732,309798,3,3,,1,G01,A,focused,quiz_item_response,《道德经》的核心思想是？,,0.0,0.0,,V3Q2,C,C,True,5451,"{""client_event_id"":""63ced01b-2517-44ad-8266-74e324a92e7a"",""recorder_run_id"":""324f7c1e-da89-4a22-ba3a-14cd4903bda9"",""client_id"":""236c2dd9-7af5-4104-acf6-d8b2600b9bd5"",""client_timestamp"":1789379381.8165,""client_monotonic_ms"":1304448.099999994,""event_timestamp"":1789379381.8286257,""clock_offset_sec"":0.012125730514526367,""clock_round_trip_ms"":1.5001296997070312,""subject_id"":""sub-001"",""session_id"":""ses-001"",""block_id"":""Block 3"",""counterbalance_group"":""G01"",""block_order"":""Block 3"",""condition"":""A"",""condition_type"":""focused"",""topic_key"":""V3"",""topic_name"":""道德经主要讲的是什么"",""event_type"":""quiz_item_response"",""iso_time"":""2026-09-14T09:49:41.816Z"",""relative_ms"":363038,""video_time_sec"":326.241,""video_id"":""V3"",""question_id"":""V3Q2"",""question_text"":""《道德经》的核心思想是？"",""response_index"":2,""response_letter"":""C"",""response_text"":""道法自然"",""correct_index"":2,""correct_letter"":""C"",""correct_text"":""道法自然"",""is_correct"":true,""reaction_time_ms"":5451,""submitted_iso"":""2026-09-14T09:49:41.816Z"",""submitted_relative_ms"":363038}",324f7c1e-da89-4a22-ba3a-14cd4903bda9,sub-001,ses-001,63ced01b-2517-44ad-8266-74e324a92e7a,236c2dd9-7af5-4104-acf6-d8b2600b9bd5,1789379381.8396757,1789379381.8165,1304448.099999994,browser,browser_calibrated,0.012125730514526367,1.5001296997070312,309793,313933,1,11.049985885620117,host_receive_nearest,verified,1,1,,,,,,,,,1,,,,,,,,,,,,,,,,,《道德经》的核心思想是？,2,道法自然,V3,A,326.241,1789379381.8165,1789379381.8396757,313933,,,,,,,,,,
35d9f9fe-0794-5e12-b893-410b5758872b,quiz_item_response,1789379381.8303256,1255.732,309803,3,3,,1,G01,A,focused,quiz_item_response,“无为而治”是哪个学派的政治主张？,,0.0,0.0,,V3Q3,B,B,True,7570,"{""client_event_id"":""a90ce6f7-abb0-48e8-8670-064e69e6946e"",""recorder_run_id"":""324f7c1e-da89-4a22-ba3a-14cd4903bda9"",""client_id"":""236c2dd9-7af5-4104-acf6-d8b2600b9bd5"",""client_timestamp"":1789379381.8181999,""client_monotonic_ms"":1304449.7999999821,""event_timestamp"":1789379381.8303256,""clock_offset_sec"":0.012125730514526367,""clock_round_trip_ms"":1.5001296997070312,""subject_id"":""sub-001"",""session_id"":""ses-001"",""block_id"":""Block 3"",""counterbalance_group"":""G01"",""block_order"":""Block 3"",""condition"":""A"",""condition_type"":""focused"",""topic_key"":""V3"",""topic_name"":""道德经主要讲的是什么"",""event_type"":""quiz_item_response"",""iso_time"":""2026-09-14T09:49:41.818Z"",""relative_ms"":363039,""video_time_sec"":326.241,""video_id"":""V3"",""question_id"":""V3Q3"",""question_text"":""“无为而治”是哪个学派的政治主张？"",""response_index"":1,""response_letter"":""B"",""response_text"":""道家"",""correct_index"":1,""correct_letter"":""B"",""correct_text"":""道家"",""is_correct"":true,""reaction_time_ms"":7570,""submitted_iso"":""2026-09-14T09:49:41.818Z"",""submitted_relative_ms"":363039}",324f7c1e-da89-4a22-ba3a-14cd4903bda9,sub-001,ses-001,a90ce6f7-abb0-48e8-8670-064e69e6946e,236c2dd9-7af5-4104-acf6-d8b2600b9bd5,1789379381.8396757,1789379381.8181999,1304449.7999999821,browser,browser_calibrated,0.012125730514526367,1.5001296997070312,309793,313933,1,9.350061416625977,host_receive_nearest,verified,1,1,,,,,,,,,1,,,,,,,,,,,,,,,,,“无为而治”是哪个学派的政治主张？,1,道家,V3,A,326.241,1789379381.8181999,1789379381.8396757,313933,,,,,,,,,,
61e89855-a853-55b3-86d1-c057010382e0,quiz_item_response,1789379381.8319256,1255.732,309803,3,3,,1,G01,A,focused,quiz_item_response,老子认为，世间万物运行的根本规律是什么？,,0.0,0.0,,V3Q4,C,C,True,10415,"{""client_event_id"":""e640a0ad-925a-4ee4-8155-f56759dfe35a"",""recorder_run_id"":""324f7c1e-da89-4a22-ba3a-14cd4903bda9"",""client_id"":""236c2dd9-7af5-4104-acf6-d8b2600b9bd5"",""client_timestamp"":1789379381.8198,""client_monotonic_ms"":1304451.3999999762,""event_timestamp"":1789379381.8319256,""clock_offset_sec"":0.012125730514526367,""clock_round_trip_ms"":1.5001296997070312,""subject_id"":""sub-001"",""session_id"":""ses-001"",""block_id"":""Block 3"",""counterbalance_group"":""G01"",""block_order"":""Block 3"",""condition"":""A"",""condition_type"":""focused"",""topic_key"":""V3"",""topic_name"":""道德经主要讲的是什么"",""event_type"":""quiz_item_response"",""iso_time"":""2026-09-14T09:49:41.819Z"",""relative_ms"":363041,""video_time_sec"":326.241,""video_id"":""V3"",""question_id"":""V3Q4"",""question_text"":""老子认为，世间万物运行的根本规律是什么？"",""response_index"":2,""response_letter"":""C"",""response_text"":""道"",""correct_index"":2,""correct_letter"":""C"",""correct_text"":""道"",""is_correct"":true,""reaction_time_ms"":10415,""submitted_iso"":""2026-09-14T09:49:41.819Z"",""submitted_relative_ms"":363041}",324f7c1e-da89-4a22-ba3a-14cd4903bda9,sub-001,ses-001,e640a0ad-925a-4ee4-8155-f56759dfe35a,236c2dd9-7af5-4104-acf6-d8b2600b9bd5,1789379381.8556757,1789379381.8198,1304451.3999999762,browser,browser_calibrated,0.012125730514526367,1.5001296997070312,309793,313933,1,7.750034332275391,host_receive_nearest,verified,1,1,,,,,,,,,1,,,,,,,,,,,,,,,,,老子认为，世间万物运行的根本规律是什么？,2,道,V3,A,326.241,1789379381.8198,1789379381.8556757,313933,,,,,,,,,,
786104ec-0893-5e06-bb23-9650208137ba,quiz_end,1789379381.8334255,1255.732,309803,3,3,,1,G01,A,focused,quiz_end,4/4,11.747,0.0,0.0,,,,,,,"{""client_event_id"":""86a2ceb8-7a7a-490f-9ebf-e4bf48d3699e"",""recorder_run_id"":""324f7c1e-da89-4a22-ba3a-14cd4903bda9"",""client_id"":""236c2dd9-7af5-4104-acf6-d8b2600b9bd5"",""client_timestamp"":1789379381.8212998,""client_monotonic_ms"":1304452.8999999762,""event_timestamp"":1789379381.8334255,""clock_offset_sec"":0.012125730514526367,""clock_round_trip_ms"":1.5001296997070312,""subject_id"":""sub-001"",""session_id"":""ses-001"",""block_id"":""Block 3"",""counterbalance_group"":""G01"",""block_order"":""Block 3"",""condition"":""A"",""condition_type"":""focused"",""topic_key"":""V3"",""topic_name"":""道德经主要讲的是什么"",""event_type"":""quiz_end"",""iso_time"":""2026-09-14T09:49:41.821Z"",""relative_ms"":363043,""video_time_sec"":326.241,""score"":4,""total"":4,""duration_sec"":11.747}",324f7c1e-da89-4a22-ba3a-14cd4903bda9,sub-001,ses-001,86a2ceb8-7a7a-490f-9ebf-e4bf48d3699e,236c2dd9-7af5-4104-acf6-d8b2600b9bd5,1789379381.8556757,1789379381.8212998,1304452.8999999762,browser,browser_calibrated,0.012125730514526367,1.5001296997070312,309793,313933,1,6.250143051147461,host_receive_nearest,verified,1,1,,,,,,,,,1,,,,,,,,,,,,,,,4,4,,,,V3,A,326.241,1789379381.8212998,1789379381.8556757,313933,,,,,,,,,,
e1bbf030-9fb4-5b55-8ee6-ab60395a2cf3,block_end,1789379381.8334255,1255.732,309803,3,3,,1,G01,A,focused,block_end,V3,,0.0,0.0,,,,,,,,324f7c1e-da89-4a22-ba3a-14cd4903bda9,sub-001,ses-001,86a2ceb8-7a7a-490f-9ebf-e4bf48d3699e,236c2dd9-7af5-4104-acf6-d8b2600b9bd5,1789379381.8556757,1789379381.8212998,1304452.8999999762,browser,browser_calibrated,0.012125730514526367,1.5001296997070312,309793,313933,1,6.250143051147461,host_receive_nearest,verified,1,1,,,,,,,,,1,,,,,,,,,,,,,,,,,,,,V3,A,326.241,1789379381.8212998,1789379381.8556757,313933,,,,,,,,,,
2bf52a0e-13b2-524b-9bbc-1da1d403e489,rest_start,1789379381.8364255,1255.732,309813,3,3,,1,G01,A,focused,rest_start,after-block-3,,0.0,0.0,,,,,,,"{""client_event_id"":""9e87d513-32c2-42b4-b7e4-19d13c4e9d1f"",""recorder_run_id"":""324f7c1e-da89-4a22-ba3a-14cd4903bda9"",""client_id"":""236c2dd9-7af5-4104-acf6-d8b2600b9bd5"",""client_timestamp"":1789379381.8242998,""client_monotonic_ms"":1304455.8999999762,""event_timestamp"":1789379381.8364255,""clock_offset_sec"":0.012125730514526367,""clock_round_trip_ms"":1.5001296997070312,""subject_id"":""sub-001"",""session_id"":""ses-001"",""block_id"":""Block 3"",""counterbalance_group"":""G01"",""block_order"":""Block 3"",""condition"":""A"",""condition_type"":""focused"",""topic_key"":""V3"",""topic_name"":""道德经主要讲的是什么"",""event_type"":""rest_start"",""iso_time"":""2026-09-14T09:49:41.824Z"",""relative_ms"":363046,""video_time_sec"":326.241,""after_block_id"":3,""planned_duration"":30,""actual_duration"":"""",""is_formal_experiment"":0}",324f7c1e-da89-4a22-ba3a-14cd4903bda9,sub-001,ses-001,9e87d513-32c2-42b4-b7e4-19d13c4e9d1f,236c2dd9-7af5-4104-acf6-d8b2600b9bd5,1789379381.8716755,1789379381.8242998,1304455.8999999762,browser,browser_calibrated,0.012125730514526367,1.5001296997070312,309793,313933,1,3.2501220703125,host_receive_nearest,verified,0,1,,,,,3,,30,,0,,,,,,,,,,,,,,,,,,,,V3,A,326.241,1789379381.8242998,1789379381.8716755,313933,,,,,,,,,,
17d55bab-35f1-523e-b614-4d61e4ce081e,qc_status_change,1789379385.3866756,1259.308,310688,,,,,G01,,,qc_status_change,good,,0.0,0.0,,,,,,,当前QC指标正常。,324f7c1e-da89-4a22-ba3a-14cd4903bda9,sub-001,ses-001,,,1789379385.3866756,,,recorder,server,,,310687,314827,1,-46.99993133544922,host_receive_nearest,,,,,,,,,,,,0,,,,,,,,,,,,,,,,,,,,,,,,1789379385.3866756,314827,,,,,,,,,,
65ca67b4-b2a0-5a72-86a5-f47e24df384e,qc_status_change,1789379393.4336755,,311128,,,,,G01,,,qc_status_change,bad,,0.0,0.0,,,,,,,已连续 4.0 秒没有EEG，请立即重新连接耳机。,324f7c1e-da89-4a22-ba3a-14cd4903bda9,sub-001,ses-001,,,1789379393.4336755,,,recorder,server,,,,,,-4000.0,outside_sample_tolerance,,,,,,,,,,,,0,,,,,,,,,,,,,,,,,,,,,,,,1789379393.4336755,,,,,,,,,,,
8be043d1-3301-59ae-b0ef-b047aaf8f8af,device_disconnected,1789379393.6216755,,311128,,,,,G01,,,device_disconnected,,,0,0,,,,,,,,324f7c1e-da89-4a22-ba3a-14cd4903bda9,sub-001,ses-001,,,1789379393.6216755,,,recorder,server,,,,,,-4187.999963760376,outside_sample_tolerance,,,,,,,,,,,,0,,,,,,,,,,,,,,,,,,,,,,,,1789379393.6216755,,,,,,,,,,,
12c5a003-37ce-5b46-a554-d8c00814cd06,device_connected,1789379399.8866756,,311128,,,,,G01,,,device_connected,74:4D:BD:62:FD:8D,,0.0,0.0,,,,,,,,324f7c1e-da89-4a22-ba3a-14cd4903bda9,sub-001,ses-001,,,1789379399.8866756,,,recorder,server,,,,,,-10453.00006866455,outside_sample_tolerance,,,,,,,,,,,,0,,,,,,,,,,,,,,,,,,,,,,,,1789379399.8866756,,,,,,,,,,,
accb973e-035b-5070-8511-c6c20cf9612e,qc_status_change,1789379401.4186757,1262.628,311518,,,,,G01,,,qc_status_change,waiting,,0.0,0.0,,,,,,,等待至少2秒EEG数据。,324f7c1e-da89-4a22-ba3a-14cd4903bda9,sub-001,ses-001,,,1789379401.4186757,,,recorder,server,,,311517,315657,3,0.0,host_receive_nearest,,,,,,,,,,,,0,,,,,,,,,,,,,,,,,,,,,,,,1789379401.4186757,315657,,,,,,,,,,
f6cebddb-b246-505b-b324-1a2fbe5ccc67,qc_status_change,1789379403.4186757,1264.588,312008,,,,,G01,,,qc_status_change,warning,,0.0,0.0,,,,,,,通道1 RMS相对基线异常，正在确认是否持续。,324f7c1e-da89-4a22-ba3a-14cd4903bda9,sub-001,ses-001,,,1789379403.4186757,,,recorder,server,,,312007,316147,3,-47.00016975402832,host_receive_nearest,,,,,,,,,,,,0,,,,,,,,,,,,,,,,,,,,,,,,1789379403.4186757,316147,,,,,,,,,,
e7d7611d-1b6e-557c-ac33-22f6253e6552,qc_status_change,1789379405.4186757,1266.588,312508,,,,,G01,,,qc_status_change,good,,0.0,0.0,,,,,,,当前QC指标正常。,324f7c1e-da89-4a22-ba3a-14cd4903bda9,sub-001,ses-001,,,1789379405.4186757,,,recorder,server,,,312507,316647,3,-32.000064849853516,host_receive_nearest,,,,,,,,,,,,0,,,,,,,,,,,,,,,,,,,,,,,,1789379405.4186757,316647,,,,,,,,,,
23f8f2ad-31ca-57c9-8c91-37cb9d7eb486,rest_end,1789379416.1569254,1277.348,315198,3,3,,1,G01,A,focused,rest_end,after-block-3,34.321,0.0,0.0,,,,,,,"{""client_event_id"":""1a6aea35-e805-4a44-8a0c-394ef7918336"",""recorder_run_id"":""324f7c1e-da89-4a22-ba3a-14cd4903bda9"",""client_id"":""236c2dd9-7af5-4104-acf6-d8b2600b9bd5"",""client_timestamp"":1789379416.1447997,""client_monotonic_ms"":1338776.3999999762,""event_timestamp"":1789379416.1569254,""clock_offset_sec"":0.012125730514526367,""clock_round_trip_ms"":1.5001296997070312,""subject_id"":""sub-001"",""session_id"":""ses-001"",""block_id"":""Block 3"",""counterbalance_group"":""G01"",""block_order"":""Block 3"",""condition"":""A"",""condition_type"":""focused"",""topic_key"":""V3"",""topic_name"":""道德经主要讲的是什么"",""event_type"":""rest_end"",""iso_time"":""2026-09-14T09:50:16.144Z"",""relative_ms"":397366,""video_time_sec"":326.241,""after_block_id"":3,""planned_duration"":30,""actual_duration"":34.321,""duration_sec"":34.321,""is_formal_experiment"":0,""debug_early"":false}",324f7c1e-da89-4a22-ba3a-14cd4903bda9,sub-001,ses-001,1a6aea35-e805-4a44-8a0c-394ef7918336,236c2dd9-7af5-4104-acf6-d8b2600b9bd5,1789379416.1526756,1789379416.1447997,1338776.3999999762,browser,browser_calibrated,0.012125730514526367,1.5001296997070312,315197,319337,3,-35.249948501586914,host_receive_nearest,verified,0,1,,,,,3,,30,34.321,0,,,,,,,,,,,,,,,,,,,,V3,A,326.241,1789379416.1447997,1789379416.1526756,319337,,,,,,,,,,
316c5717-68b8-5dc4-8b79-3fe60de9c2f7,block_start,1789379418.4267256,1279.628,315768,4,4,,2,G01,B,bbbd_subtraction,block_start,V4,,0.0,0.0,,,,,,,condition=B; condition_type=bbbd_subtraction,324f7c1e-da89-4a22-ba3a-14cd4903bda9,sub-001,ses-001,6067c505-b2c8-46ca-8fb0-92263fad7911,236c2dd9-7af5-4104-acf6-d8b2600b9bd5,1789379418.4186757,1789379418.4146,1341046.199999988,browser,browser_calibrated,0.012125730514526367,1.5001296997070312,315767,319907,3,-8.049964904785156,host_receive_nearest,verified,0,1,857,1789378084.3866756,,,,,,,1,,,,,,,,,,,,,,,,,,,,V4,B,0,1789379418.4146,1789379418.4186757,319907,,,,,,,,,,
e06dca1f-00bc-51b9-81eb-36bf12fd78a2,condition_prompt_start,1789379418.4267256,1279.628,315768,4,4,,2,G01,B,bbbd_subtraction,condition_prompt_start,B,,0.0,0.0,,,,,,,,324f7c1e-da89-4a22-ba3a-14cd4903bda9,sub-001,ses-001,6067c505-b2c8-46ca-8fb0-92263fad7911,236c2dd9-7af5-4104-acf6-d8b2600b9bd5,1789379418.4186757,1789379418.4146,1341046.199999988,browser,browser_calibrated,0.012125730514526367,1.5001296997070312,315767,319907,3,-8.049964904785156,host_receive_nearest,verified,0,1,,,,,,,,,1,,,,,,,,,,,,,,,,,,,,V4,B,0,1789379418.4146,1789379418.4186757,319907,,,,,,,,,,
e32cc272-6729-534d-b12f-72a3c6b054f1,browser_block_config,1789379418.4267256,1279.628,315768,4,4,,2,G01,B,bbbd_subtraction,browser_block_config,V4,,0.0,0.0,,,,,,,"{""client_event_id"":""6067c505-b2c8-46ca-8fb0-92263fad7911"",""recorder_run_id"":""324f7c1e-da89-4a22-ba3a-14cd4903bda9"",""client_id"":""236c2dd9-7af5-4104-acf6-d8b2600b9bd5"",""client_timestamp"":1789379418.4146,""client_monotonic_ms"":1341046.199999988,""event_timestamp"":1789379418.4267256,""clock_offset_sec"":0.012125730514526367,""clock_round_trip_ms"":1.5001296997070312,""subject_id"":""sub-001"",""session_id"":""ses-001"",""block_id"":""Block 4"",""counterbalance_group"":""G01"",""block_order"":""Block 4"",""condition"":""B"",""condition_type"":""bbbd_subtraction"",""topic_key"":""V4"",""topic_name"":""中国古代最大的歼灭战 长平之战"",""event_type"":""block_start"",""iso_time"":""2026-09-14T09:50:18.414Z"",""relative_ms"":0,""video_time_sec"":0,""block_start_iso"":""2026-09-14T09:50:18.414Z"",""config_json"":""{\""recorder_run_id\"":\""324f7c1e-da89-4a22-ba3a-14cd4903bda9\"",\""subject_id\"":\""sub-001\"",\""session_id\"":\""ses-001\"",\""block_id\"":\""Block 4\"",\""counterbalance_group\"":\""G01\"",\""condition\"":\""B\"",\""condition_type\"":\""bbbd_subtraction\"",\""topic_key\"":\""V4\"",\""topic_name\"":\""中国古代最大的歼灭战 长平之战\"",\""video_file\"":\""视频4-混知漫画｜中国古代最大的歼灭战——长平之战！-480P 标清-AVC.mp4\"",\""start_number\"":857,\""generated_timestamp\"":1789378084.3866756}""}",324f7c1e-da89-4a22-ba3a-14cd4903bda9,sub-001,ses-001,6067c505-b2c8-46ca-8fb0-92263fad7911,236c2dd9-7af5-4104-acf6-d8b2600b9bd5,1789379418.4186757,1789379418.4146,1341046.199999988,browser,browser_calibrated,0.012125730514526367,1.5001296997070312,315767,319907,3,-8.049964904785156,host_receive_nearest,verified,0,1,,,,,,,,,1,,,,,,,,,,,,,,,,,,,,V4,B,0,1789379418.4146,1789379418.4186757,319907,,,,,,,,,,
ca78deeb-4167-507e-9b8b-127809863f2c,probe_schedule,1789379418.4911258,1279.688,315783,4,4,,2,G01,B,bbbd_subtraction,probe_schedule,"90.494,172.345,219.332,264.723",,0.0,0.0,,,,,,,"{""client_event_id"":""27b5c997-dff4-476d-a7c7-5b4b628c989e"",""recorder_run_id"":""324f7c1e-da89-4a22-ba3a-14cd4903bda9"",""client_id"":""236c2dd9-7af5-4104-acf6-d8b2600b9bd5"",""client_timestamp"":1789379418.479,""client_monotonic_ms"":1341110.599999994,""event_timestamp"":1789379418.4911258,""clock_offset_sec"":0.012125730514526367,""clock_round_trip_ms"":1.5001296997070312,""subject_id"":""sub-001"",""session_id"":""ses-001"",""block_id"":""Block 4"",""counterbalance_group"":""G01"",""block_order"":""Block 4"",""condition"":""B"",""condition_type"":""bbbd_subtraction"",""topic_key"":""V4"",""topic_name"":""中国古代最大的歼灭战 长平之战"",""event_type"":""probe_schedule"",""iso_time"":""2026-09-14T09:50:18.479Z"",""relative_ms"":64,""video_time_sec"":0,""probe_schedule_id"":""cf569e2b-0859-46d5-8cd8-15019767c2c2"",""probe_times"":[90.494,172.345,219.332,264.723],""probe_config"":{""probes_per_block"":4,""min_first_onset_sec"":45,""min_end_margin_sec"":30,""min_gap_sec"":45},""video_duration_sec"":313.818,""video_id"":""V4"",""debug_fast"":false}",324f7c1e-da89-4a22-ba3a-14cd4903bda9,sub-001,ses-001,27b5c997-dff4-476d-a7c7-5b4b628c989e,236c2dd9-7af5-4104-acf6-d8b2600b9bd5,1789379418.4806757,1789379418.479,1341110.599999994,browser,browser_calibrated,0.012125730514526367,1.5001296997070312,315782,319922,3,-10.450124740600586,host_receive_nearest,verified,1,1,,,,,,,,,1,,,,,,,,,,,,,,,,,,,,V4,B,0,1789379418.479,1789379418.4806757,319922,,4,cf569e2b-0859-46d5-8cd8-15019767c2c2,,,,,,,
1f257027-cbb2-55aa-acf0-b97d5887b97b,subtraction_start_number_displayed,1789379418.4935257,1279.688,315783,4,4,,2,G01,B,bbbd_subtraction,subtraction_start_number_displayed,857,,0.0,0.0,,,,,,,"{""client_event_id"":""be3fee46-4059-4131-b321-28bcf5b71149"",""recorder_run_id"":""324f7c1e-da89-4a22-ba3a-14cd4903bda9"",""client_id"":""236c2dd9-7af5-4104-acf6-d8b2600b9bd5"",""client_timestamp"":1789379418.4814,""client_monotonic_ms"":1341113,""event_timestamp"":1789379418.4935257,""clock_offset_sec"":0.012125730514526367,""clock_round_trip_ms"":1.5001296997070312,""subject_id"":""sub-001"",""session_id"":""ses-001"",""block_id"":""Block 4"",""counterbalance_group"":""G01"",""block_order"":""Block 4"",""condition"":""B"",""condition_type"":""bbbd_subtraction"",""topic_key"":""V4"",""topic_name"":""中国古代最大的歼灭战 长平之战"",""event_type"":""subtraction_start_number_displayed"",""iso_time"":""2026-09-14T09:50:18.481Z"",""relative_ms"":67,""video_time_sec"":0,""start_number"":857,""generated_timestamp"":1789378084.3866756,""displayed_timestamp"":1789379418.4814}",324f7c1e-da89-4a22-ba3a-14cd4903bda9,sub-001,ses-001,be3fee46-4059-4131-b321-28bcf5b71149,236c2dd9-7af5-4104-acf6-d8b2600b9bd5,1789379418.4966755,1789379418.4814,1341113,browser,browser_calibrated,0.012125730514526367,1.5001296997070312,315782,319922,3,-12.850046157836914,host_receive_nearest,verified,1,0,857,1789378084.3866756,1789379418.4814,,,,,,1,,,,,,,,,,,,,,,,,,,,V4,B,0,1789379418.4814,1789379418.4966755,319922,,,,,,,,,,
217e5bd0-64b4-5e53-a4b1-5eb1af9179d0,condition_prompt_end,1789379423.5024,1284.708,317038,4,4,,2,G01,B,bbbd_subtraction,condition_prompt_end,0,,0.0,0.0,,,,,,,"{""client_event_id"":""342c8f26-2549-4a77-adc5-20f3c837cb29"",""recorder_run_id"":""324f7c1e-da89-4a22-ba3a-14cd4903bda9"",""client_id"":""236c2dd9-7af5-4104-acf6-d8b2600b9bd5"",""client_timestamp"":1789379423.5024,""client_monotonic_ms"":1346134,""event_timestamp"":1789379423.5024,""clock_offset_sec"":0.010825872421264648,""clock_round_trip_ms"":1.5001296997070312,""subject_id"":""sub-001"",""session_id"":""ses-001"",""block_id"":""Block 4"",""counterbalance_group"":""G01"",""block_order"":""Block 4"",""condition"":""B"",""condition_type"":""bbbd_subtraction"",""topic_key"":""V4"",""topic_name"":""中国古代最大的歼灭战 长平之战"",""event_type"":""condition_prompt_end"",""iso_time"":""2026-09-14T09:50:23.502Z"",""relative_ms"":5088,""video_time_sec"":0}",324f7c1e-da89-4a22-ba3a-14cd4903bda9,sub-001,ses-001,342c8f26-2549-4a77-adc5-20f3c837cb29,236c2dd9-7af5-4104-acf6-d8b2600b9bd5,1789379423.5116756,1789379423.5024,1346134,browser,browser_calibrated,0.010825872421264648,1.5001296997070312,317037,321177,3,-5.724430084228516,host_receive_nearest,verified,1,0,,,,,,,,,1,,,,,,,,,,,,,,,,,,,,V4,B,0,1789379423.5024,1789379423.5116756,321177,,,,,,,,,,
d19dd0e8-282a-555d-a108-df6b5176f63d,video_start,1789379423.5024,1284.708,317043,4,4,,2,G01,B,bbbd_subtraction,video_start,V4,,0.0,0.0,,,,,,,,324f7c1e-da89-4a22-ba3a-14cd4903bda9,sub-001,ses-001,f8529455-350e-41dc-9519-2d31989150bf,236c2dd9-7af5-4104-acf6-d8b2600b9bd5,1789379423.5276756,1789379423.506,1346137.599999994,browser,browser_calibrated,0.010825872421264648,1.5001296997070312,317037,321177,3,-5.724430084228516,host_receive_nearest,verified,1,1,,,,,,,,,1,,,,,,,,,,,,,,,,,,,,V4,B,0,1789379423.506,1789379423.5276756,321177,,,,,,,,,,
f8e1e7f4-5f75-5852-8429-db784c3a8f47,video_play,1789379423.5024,1284.708,317043,4,4,,2,G01,B,bbbd_subtraction,video_play,0,,0.0,0.0,,,,,,,"{""client_event_id"":""f8529455-350e-41dc-9519-2d31989150bf"",""recorder_run_id"":""324f7c1e-da89-4a22-ba3a-14cd4903bda9"",""client_id"":""236c2dd9-7af5-4104-acf6-d8b2600b9bd5"",""client_timestamp"":1789379423.506,""client_monotonic_ms"":1346137.599999994,""event_timestamp"":1789379423.5024,""clock_offset_sec"":0.010825872421264648,""clock_round_trip_ms"":1.5001296997070312,""subject_id"":""sub-001"",""session_id"":""ses-001"",""block_id"":""Block 4"",""counterbalance_group"":""G01"",""block_order"":""Block 4"",""condition"":""B"",""condition_type"":""bbbd_subtraction"",""topic_key"":""V4"",""topic_name"":""中国古代最大的歼灭战 长平之战"",""event_type"":""video_play"",""iso_time"":""2026-09-14T09:50:23.506Z"",""relative_ms"":5091,""video_time_sec"":0}",324f7c1e-da89-4a22-ba3a-14cd4903bda9,sub-001,ses-001,f8529455-350e-41dc-9519-2d31989150bf,236c2dd9-7af5-4104-acf6-d8b2600b9bd5,1789379423.5276756,1789379423.506,1346137.599999994,browser,browser_calibrated,0.010825872421264648,1.5001296997070312,317037,321177,3,-5.724430084228516,host_receive_nearest,verified,1,1,,,,,,,,,1,,,,,,,,,,,,,,,,,,,,V4,B,0,1789379423.506,1789379423.5276756,321177,,,,,,,,,,
c59124dc-ed2a-59b9-8365-b1c8c800a9b6,subtraction_start_number_hidden,1789379423.5024,1284.708,317043,4,4,,2,G01,B,bbbd_subtraction,subtraction_start_number_hidden,857,,0.0,0.0,,,,,,,"{""client_event_id"":""f0a832f3-a4cb-4ee4-bea1-9b28be3a9019"",""recorder_run_id"":""324f7c1e-da89-4a22-ba3a-14cd4903bda9"",""client_id"":""236c2dd9-7af5-4104-acf6-d8b2600b9bd5"",""client_timestamp"":1789379423.5077999,""client_monotonic_ms"":1346139.3999999762,""event_timestamp"":1789379423.5024,""clock_offset_sec"":0.010825872421264648,""clock_round_trip_ms"":1.5001296997070312,""subject_id"":""sub-001"",""session_id"":""ses-001"",""block_id"":""Block 4"",""counterbalance_group"":""G01"",""block_order"":""Block 4"",""condition"":""B"",""condition_type"":""bbbd_subtraction"",""topic_key"":""V4"",""topic_name"":""中国古代最大的歼灭战 长平之战"",""event_type"":""subtraction_start_number_hidden"",""iso_time"":""2026-09-14T09:50:23.507Z"",""relative_ms"":5093,""video_time_sec"":0,""start_number"":857,""generated_timestamp"":1789378084.3866756,""displayed_timestamp"":1789379418.4814,""hidden_timestamp"":1789379423.5024}",324f7c1e-da89-4a22-ba3a-14cd4903bda9,sub-001,ses-001,f0a832f3-a4cb-4ee4-bea1-9b28be3a9019,236c2dd9-7af5-4104-acf6-d8b2600b9bd5,1789379423.5276756,1789379423.5077999,1346139.3999999762,browser,browser_calibrated,0.010825872421264648,1.5001296997070312,317037,321177,3,-5.724430084228516,host_receive_nearest,verified,1,0,857,1789378084.3866756,1789379418.4814,1789379423.5024,,,,,1,,,,,,,,,,,,,,,,,,,,V4,B,0,1789379423.5077999,1789379423.5276756,321177,,,,,,,,,,
7093ed76-10a7-556d-be5e-bc189f53567d,qc_status_change,1789379433.4186757,1294.628,319518,4,4,,2,G01,B,bbbd_subtraction,qc_status_change,warning,,0.0,0.0,,,,,,,通道2 RMS相对基线异常，正在确认是否持续。,324f7c1e-da89-4a22-ba3a-14cd4903bda9,sub-001,ses-001,,,1789379433.4186757,,,recorder,server,,,319517,323657,3,0.0,host_receive_nearest,,,,,,,,,,,,1,,,,,,,,,,,,,,,,,,,,V4,B,,,1789379433.4186757,323657,,,,,,,,,,
c2cdf9a9-2c6a-5a39-b6fb-ecd8eca5adf4,qc_status_change,1789379439.4336755,1300.608,321013,4,4,,2,G01,B,bbbd_subtraction,qc_status_change,good,,0.0,0.0,,,,,,,当前QC指标正常。,324f7c1e-da89-4a22-ba3a-14cd4903bda9,sub-001,ses-001,,,1789379439.4336755,,,recorder,server,,,321012,325152,3,-14.999866485595703,host_receive_nearest,,,,,,,,,,,,1,,,,,,,,,,,,,,,,,,,,V4,B,,,1789379439.4336755,325152,,,,,,,,,,
4f649338-8013-5342-b3a9-292644ca5d91,qc_status_change,1789379493.4186757,1354.588,334508,4,4,,2,G01,B,bbbd_subtraction,qc_status_change,warning,,0.0,0.0,,,,,,,通道2 RMS相对基线异常，正在确认是否持续。,324f7c1e-da89-4a22-ba3a-14cd4903bda9,sub-001,ses-001,,,1789379493.4186757,,,recorder,server,,,334507,338647,3,-32.000064849853516,host_receive_nearest,,,,,,,,,,,,1,,,,,,,,,,,,,,,,,,,,V4,B,,,1789379493.4186757,338647,,,,,,,,,,
39bab9da-2f22-5660-bc04-91c8c0344484,qc_status_change,1789379499.4186757,1360.628,336018,4,4,,2,G01,B,bbbd_subtraction,qc_status_change,good,,0.0,0.0,,,,,,,当前QC指标正常。,324f7c1e-da89-4a22-ba3a-14cd4903bda9,sub-001,ses-001,,,1789379499.4186757,,,recorder,server,,,336017,340157,3,0.0,host_receive_nearest,,,,,,,,,,,,1,,,,,,,,,,,,,,,,,,,,V4,B,,,1789379499.4186757,340157,,,,,,,,,,
9889f478-7e63-5349-9252-729a1b607cc1,qc_status_change,1789379507.4186757,1368.628,338018,4,4,,2,G01,B,bbbd_subtraction,qc_status_change,warning,,0.0,0.0,,,,,,,通道2 RMS相对基线异常，正在确认是否持续。,324f7c1e-da89-4a22-ba3a-14cd4903bda9,sub-001,ses-001,,,1789379507.4186757,,,recorder,server,,,338017,342157,3,0.0,host_receive_nearest,,,,,,,,,,,,1,,,,,,,,,,,,,,,,,,,,V4,B,,,1789379507.4186757,342157,,,,,,,,,,
61a86b26-c223-5797-a6f0-d923ac225ff7,qc_status_change,1789379513.4336755,1374.648,339523,4,4,,2,G01,B,bbbd_subtraction,qc_status_change,bad,,0.0,0.0,,,,,,,通道1 RMS相对基线异常，正在确认是否持续。; 通道2 RMS相对基线突变，可能接触不稳，请检查并重新连接。,324f7c1e-da89-4a22-ba3a-14cd4903bda9,sub-001,ses-001,,,1789379513.4336755,,,recorder,server,,,339522,343662,3,0.0,host_receive_nearest,,,,,,,,,,,,1,,,,,,,,,,,,,,,,,,,,V4,B,,,1789379513.4336755,343662,,,,,,,,,,
c615db9c-d63f-5037-a0f0-5de0b9916b11,probe_onset,1789379514.1682258,1375.312,339693,4,4,,2,G01,B,bbbd_subtraction,probe_onset,Block 4_1_cf569e2b,,0.0,0.0,,,,,,,"{""client_event_id"":""b4bc7edd-e981-44db-89bd-9eae444e2150"",""recorder_run_id"":""324f7c1e-da89-4a22-ba3a-14cd4903bda9"",""client_id"":""236c2dd9-7af5-4104-acf6-d8b2600b9bd5"",""client_timestamp"":1789379514.1632,""client_monotonic_ms"":1436794.7999999821,""event_timestamp"":1789379514.1682258,""clock_offset_sec"":0.0050258636474609375,""clock_round_trip_ms"":1.2998580932617188,""subject_id"":""sub-001"",""session_id"":""ses-001"",""block_id"":""Block 4"",""counterbalance_group"":""G01"",""block_order"":""Block 4"",""condition"":""B"",""condition_type"":""bbbd_subtraction"",""topic_key"":""V4"",""topic_name"":""中国古代最大的歼灭战 长平之战"",""event_type"":""probe_onset"",""iso_time"":""2026-09-14T09:51:54.163Z"",""relative_ms"":95749,""video_time_sec"":90.609,""probe_id"":""Block 4_1_cf569e2b"",""probe_index"":1,""probe_schedule_id"":""cf569e2b-0859-46d5-8cd8-15019767c2c2"",""probe_planned_time_sec"":90.494,""video_id"":""V4"",""pause_reason"":""thought_probe"",""forced"":false}",324f7c1e-da89-4a22-ba3a-14cd4903bda9,sub-001,ses-001,b4bc7edd-e981-44db-89bd-9eae444e2150,236c2dd9-7af5-4104-acf6-d8b2600b9bd5,1789379514.1686757,1789379514.1632,1436794.7999999821,browser,browser_calibrated,0.0050258636474609375,1.2998580932617188,339688,343828,3,0.44989585876464844,host_receive_nearest,verified,1,1,,,,,,,,,1,,,,,,,,,,,,,,,,,,,,V4,B,90.609,1789379514.1632,1789379514.1686757,343828,Block 4_1_cf569e2b,1,cf569e2b-0859-46d5-8cd8-15019767c2c2,90.494,,,,,,thought_probe
fcd8c1ba-3ab8-556b-bb94-ea6c7a66ff05,qc_status_change,1789379515.4336755,1376.548,339998,4,4,,2,G01,B,bbbd_subtraction,qc_status_change,good,,0.0,0.0,,,,,,,当前QC指标正常。,324f7c1e-da89-4a22-ba3a-14cd4903bda9,sub-001,ses-001,,,1789379515.4336755,,,recorder,server,,,339997,344137,3,0.0,host_receive_nearest,,,,,,,,,,,,1,,,,,,,,,,,,,,,,,,,,V4,B,,,1789379515.4336755,344137,,,,,,,,,,
adfb76b7-57ae-522e-8ea1-a8c7f7b84b86,attention_response,1789379516.0650258,1377.268,340178,4,4,,2,G01,B,bbbd_subtraction,attention_response,2,,0.0,0.0,,,,,,,"{""client_event_id"":""c4dae66a-b3f6-4d02-9ed4-0b891da6a057"",""recorder_run_id"":""324f7c1e-da89-4a22-ba3a-14cd4903bda9"",""client_id"":""236c2dd9-7af5-4104-acf6-d8b2600b9bd5"",""client_timestamp"":1789379516.06,""client_monotonic_ms"":1438691.699999988,""event_timestamp"":1789379516.0650258,""clock_offset_sec"":0.0050258636474609375,""clock_round_trip_ms"":1.2998580932617188,""subject_id"":""sub-001"",""session_id"":""ses-001"",""block_id"":""Block 4"",""counterbalance_group"":""G01"",""block_order"":""Block 4"",""condition"":""B"",""condition_type"":""bbbd_subtraction"",""topic_key"":""V4"",""topic_name"":""中国古代最大的歼灭战 长平之战"",""event_type"":""attention_response"",""iso_time"":""2026-09-14T09:51:56.060Z"",""relative_ms"":97646,""video_time_sec"":90.609,""probe_id"":""Block 4_1_cf569e2b"",""probe_index"":1,""probe_schedule_id"":""cf569e2b-0859-46d5-8cd8-15019767c2c2"",""probe_planned_time_sec"":90.494,""video_id"":""V4"",""response"":2,""response_label"":""连续减7心算任务"",""probe_attention"":""OFF"",""response_time_ms"":1897}",324f7c1e-da89-4a22-ba3a-14cd4903bda9,sub-001,ses-001,c4dae66a-b3f6-4d02-9ed4-0b891da6a057,236c2dd9-7af5-4104-acf6-d8b2600b9bd5,1789379516.0746756,1789379516.06,1438691.699999988,browser,browser_calibrated,0.0050258636474609375,1.2998580932617188,340177,344317,3,-6.350278854370117,host_receive_nearest,verified,1,1,,,,,,,,,1,,,,,,,,,,,,,,,,,,,,V4,B,90.609,1789379516.06,1789379516.0746756,344317,Block 4_1_cf569e2b,1,cf569e2b-0859-46d5-8cd8-15019767c2c2,90.494,2,连续减7心算任务,1897,,OFF,
e6ca5632-1e7c-5f25-9bb8-673f8d4a85c9,confidence_response,1789379516.6575258,1377.868,340328,4,4,,2,G01,B,bbbd_subtraction,confidence_response,3,,0.0,0.0,,,,,,,"{""client_event_id"":""75c55022-90fe-45d0-9589-e3de99b32b8a"",""recorder_run_id"":""324f7c1e-da89-4a22-ba3a-14cd4903bda9"",""client_id"":""236c2dd9-7af5-4104-acf6-d8b2600b9bd5"",""client_timestamp"":1789379516.6525,""client_monotonic_ms"":1439284.099999994,""event_timestamp"":1789379516.6575258,""clock_offset_sec"":0.0050258636474609375,""clock_round_trip_ms"":1.2998580932617188,""subject_id"":""sub-001"",""session_id"":""ses-001"",""block_id"":""Block 4"",""counterbalance_group"":""G01"",""block_order"":""Block 4"",""condition"":""B"",""condition_type"":""bbbd_subtraction"",""topic_key"":""V4"",""topic_name"":""中国古代最大的歼灭战 长平之战"",""event_type"":""confidence_response"",""iso_time"":""2026-09-14T09:51:56.652Z"",""relative_ms"":98238,""video_time_sec"":90.609,""probe_id"":""Block 4_1_cf569e2b"",""probe_index"":1,""probe_schedule_id"":""cf569e2b-0859-46d5-8cd8-15019767c2c2"",""probe_planned_time_sec"":90.494,""video_id"":""V4"",""response"":2,""confidence"":3,""response_time_ms"":593}",324f7c1e-da89-4a22-ba3a-14cd4903bda9,sub-001,ses-001,75c55022-90fe-45d0-9589-e3de99b32b8a,236c2dd9-7af5-4104-acf6-d8b2600b9bd5,1789379516.6526756,1789379516.6525,1439284.099999994,browser,browser_calibrated,0.0050258636474609375,1.2998580932617188,340327,344467,3,-4.850149154663086,host_receive_nearest,verified,1,1,,,,,,,,,1,,,,,,,,,,,,,,,,,,,,V4,B,90.609,1789379516.6525,1789379516.6686757,344467,Block 4_1_cf569e2b,1,cf569e2b-0859-46d5-8cd8-15019767c2c2,90.494,,,593,3,,
e7f85696-ae40-5ba5-b4e8-6c1999f5708c,phase_change,1789379516.6614258,1377.872,340333,4,4,,2,G01,B,bbbd_subtraction,phase_change,video,,0.0,0.0,,,,,,,,324f7c1e-da89-4a22-ba3a-14cd4903bda9,sub-001,ses-001,6b3b8013-39e6-4557-8368-133514931f20,236c2dd9-7af5-4104-acf6-d8b2600b9bd5,1789379516.6686757,1789379516.6564,1439288,browser,browser_calibrated,0.0050258636474609375,1.2998580932617188,340328,344468,3,7.2498321533203125,host_receive_nearest,verified,1,1,,,,,,,,,1,,,,,,,,,,,,,,,,,,,,V4,B,90.662,1789379516.6564,1789379516.6686757,344468,,,,,,,,,,
f0b5c3ba-6495-5561-aa70-75316b84a4d9,video_resume,1789379516.6614258,1377.872,340333,4,4,,2,G01,B,bbbd_subtraction,video_resume,90.662,,0.0,0.0,,,,,,,"{""client_event_id"":""6b3b8013-39e6-4557-8368-133514931f20"",""recorder_run_id"":""324f7c1e-da89-4a22-ba3a-14cd4903bda9"",""client_id"":""236c2dd9-7af5-4104-acf6-d8b2600b9bd5"",""client_timestamp"":1789379516.6564,""client_monotonic_ms"":1439288,""event_timestamp"":1789379516.6614258,""clock_offset_sec"":0.0050258636474609375,""clock_round_trip_ms"":1.2998580932617188,""subject_id"":""sub-001"",""session_id"":""ses-001"",""block_id"":""Block 4"",""counterbalance_group"":""G01"",""block_order"":""Block 4"",""condition"":""B"",""condition_type"":""bbbd_subtraction"",""topic_key"":""V4"",""topic_name"":""中国古代最大的歼灭战 长平之战"",""event_type"":""video_resume"",""iso_time"":""2026-09-14T09:51:56.656Z"",""relative_ms"":98242,""video_time_sec"":90.662,""probe_id"":""Block 4_1_cf569e2b"",""probe_index"":1,""probe_schedule_id"":""cf569e2b-0859-46d5-8cd8-15019767c2c2"",""probe_planned_time_sec"":90.494,""video_id"":""V4"",""pause_reason"":""thought_probe"",""resume_status"":""playing""}",324f7c1e-da89-4a22-ba3a-14cd4903bda9,sub-001,ses-001,6b3b8013-39e6-4557-8368-133514931f20,236c2dd9-7af5-4104-acf6-d8b2600b9bd5,1789379516.6686757,1789379516.6564,1439288,browser,browser_calibrated,0.0050258636474609375,1.2998580932617188,340328,344468,3,7.2498321533203125,host_receive_nearest,verified,1,1,,,,,,,,,1,,,,,,,,,,,,,,,,,,,,V4,B,90.662,1789379516.6564,1789379516.6686757,344468,Block 4_1_cf569e2b,,,,,,,,,thought_probe
c6e72744-9f25-595d-bad1-3cf91251f13a,qc_status_change,1789379527.4186757,1388.608,343013,4,4,,2,G01,B,bbbd_subtraction,qc_status_change,warning,,0.0,0.0,,,,,,,通道2 RMS相对基线异常，正在确认是否持续。,324f7c1e-da89-4a22-ba3a-14cd4903bda9,sub-001,ses-001,,,1789379527.4186757,,,recorder,server,,,343012,347152,3,-16.000032424926758,host_receive_nearest,,,,,,,,,,,,1,,,,,,,,,,,,,,,,,,,,V4,B,,,1789379527.4186757,347152,,,,,,,,,,
8c5cd173-2969-5799-8893-09c9d9233520,qc_status_change,1789379533.4186757,1394.608,344513,4,4,,2,G01,B,bbbd_subtraction,qc_status_change,bad,,0.0,0.0,,,,,,,通道2 RMS相对基线突变，可能接触不稳，请检查并重新连接。,324f7c1e-da89-4a22-ba3a-14cd4903bda9,sub-001,ses-001,,,1789379533.4186757,,,recorder,server,,,344512,348652,3,-32.000064849853516,host_receive_nearest,,,,,,,,,,,,1,,,,,,,,,,,,,,,,,,,,V4,B,,,1789379533.4186757,348652,,,,,,,,,,
72ad7e31-dd7b-5c0d-8a20-4fef1fa6e625,qc_status_change,1789379551.4336755,1412.648,349023,4,4,,2,G01,B,bbbd_subtraction,qc_status_change,good,,0.0,0.0,,,,,,,当前QC指标正常。,324f7c1e-da89-4a22-ba3a-14cd4903bda9,sub-001,ses-001,,,1789379551.4336755,,,recorder,server,,,349022,353162,3,0.0,host_receive_nearest,,,,,,,,,,,,1,,,,,,,,,,,,,,,,,,,,V4,B,,,1789379551.4336755,353162,,,,,,,,,,
7e616bd4-0b4b-5f20-99b0-18debbf30424,qc_status_change,1789379559.4186757,1420.588,351008,4,4,,2,G01,B,bbbd_subtraction,qc_status_change,warning,,0.0,0.0,,,,,,,通道1 RMS相对基线异常，正在确认是否持续。,324f7c1e-da89-4a22-ba3a-14cd4903bda9,sub-001,ses-001,,,1789379559.4186757,,,recorder,server,,,351007,355147,3,0.0,host_receive_nearest,,,,,,,,,,,,1,,,,,,,,,,,,,,,,,,,,V4,B,,,1789379559.4186757,355147,,,,,,,,,,
0c0a912d-1311-54cf-b65f-91fa1885b338,qc_status_change,1789379563.4186757,1424.588,352008,4,4,,2,G01,B,bbbd_subtraction,qc_status_change,good,,0.0,0.0,,,,,,,当前QC指标正常。,324f7c1e-da89-4a22-ba3a-14cd4903bda9,sub-001,ses-001,,,1789379563.4186757,,,recorder,server,,,352007,356147,3,-32.000064849853516,host_receive_nearest,,,,,,,,,,,,1,,,,,,,,,,,,,,,,,,,,V4,B,,,1789379563.4186757,356147,,,,,,,,,,
d337662b-8882-5f83-9ca6-17bc6be420ac,qc_status_change,1789379569.4336755,1430.644,353522,4,4,,2,G01,B,bbbd_subtraction,qc_status_change,warning,,0.0,0.0,,,,,,,通道2 RMS相对基线异常，正在确认是否持续。,324f7c1e-da89-4a22-ba3a-14cd4903bda9,sub-001,ses-001,,,1789379569.4336755,,,recorder,server,,,353521,357661,3,0.0,host_receive_nearest,,,,,,,,,,,,1,,,,,,,,,,,,,,,,,,,,V4,B,,,1789379569.4336755,357661,,,,,,,,,,
f170aefb-0998-5f28-be1e-4e2ba94ea888,qc_status_change,1789379571.4186757,1432.624,354017,4,4,,2,G01,B,bbbd_subtraction,qc_status_change,good,,0.0,0.0,,,,,,,当前QC指标正常。,324f7c1e-da89-4a22-ba3a-14cd4903bda9,sub-001,ses-001,,,1789379571.4186757,,,recorder,server,,,354016,358156,3,0.0,host_receive_nearest,,,,,,,,,,,,1,,,,,,,,,,,,,,,,,,,,V4,B,,,1789379571.4186757,358156,,,,,,,,,,
1c111c15-3b01-5b65-bdb5-289ee599581d,qc_status_change,1789379581.4186757,1442.564,356502,4,4,,2,G01,B,bbbd_subtraction,qc_status_change,warning,,0.0,0.0,,,,,,,通道1 RMS相对基线异常，正在确认是否持续。,324f7c1e-da89-4a22-ba3a-14cd4903bda9,sub-001,ses-001,,,1789379581.4186757,,,recorder,server,,,356501,360641,3,-16.000032424926758,host_receive_nearest,,,,,,,,,,,,1,,,,,,,,,,,,,,,,,,,,V4,B,,,1789379581.4186757,360641,,,,,,,,,,
83aff2f5-bbd0-5040-876a-c9a66d46dae8,qc_status_change,1789379583.4186757,1444.584,357007,4,4,,2,G01,B,bbbd_subtraction,qc_status_change,good,,0.0,0.0,,,,,,,当前QC指标正常。,324f7c1e-da89-4a22-ba3a-14cd4903bda9,sub-001,ses-001,,,1789379583.4186757,,,recorder,server,,,357006,361146,3,-32.000064849853516,host_receive_nearest,,,,,,,,,,,,1,,,,,,,,,,,,,,,,,,,,V4,B,,,1789379583.4186757,361146,,,,,,,,,,
0c63dbc3-46a3-53c7-96c8-d5507ff1a01b,qc_status_change,1789379595.4186757,1456.624,360017,4,4,,2,G01,B,bbbd_subtraction,qc_status_change,warning,,0.0,0.0,,,,,,,通道2 RMS相对基线异常，正在确认是否持续。,324f7c1e-da89-4a22-ba3a-14cd4903bda9,sub-001,ses-001,,,1789379595.4186757,,,recorder,server,,,360016,364156,3,0.0,host_receive_nearest,,,,,,,,,,,,1,,,,,,,,,,,,,,,,,,,,V4,B,,,1789379595.4186757,364156,,,,,,,,,,
bb97c32b-9f29-5134-8416-f22bef7d18e4,probe_onset,1789379598.5565257,1459.764,360802,4,4,,2,G01,B,bbbd_subtraction,probe_onset,Block 4_2_cf569e2b,,0.0,0.0,,,,,,,"{""client_event_id"":""97979da0-388c-4904-a437-f957e8fe6a28"",""recorder_run_id"":""324f7c1e-da89-4a22-ba3a-14cd4903bda9"",""client_id"":""236c2dd9-7af5-4104-acf6-d8b2600b9bd5"",""client_timestamp"":1789379598.5595,""client_monotonic_ms"":1521191.099999994,""event_timestamp"":1789379598.5565257,""clock_offset_sec"":-0.002974271774291992,""clock_round_trip_ms"":1.2996196746826172,""subject_id"":""sub-001"",""session_id"":""ses-001"",""block_id"":""Block 4"",""counterbalance_group"":""G01"",""block_order"":""Block 4"",""condition"":""B"",""condition_type"":""bbbd_subtraction"",""topic_key"":""V4"",""topic_name"":""中国古代最大的歼灭战 长平之战"",""event_type"":""probe_onset"",""iso_time"":""2026-09-14T09:53:18.559Z"",""relative_ms"":180145,""video_time_sec"":172.502,""probe_id"":""Block 4_2_cf569e2b"",""probe_index"":2,""probe_schedule_id"":""cf569e2b-0859-46d5-8cd8-15019767c2c2"",""probe_planned_time_sec"":172.345,""video_id"":""V4"",""pause_reason"":""thought_probe"",""forced"":false}",324f7c1e-da89-4a22-ba3a-14cd4903bda9,sub-001,ses-001,97979da0-388c-4904-a437-f957e8fe6a28,236c2dd9-7af5-4104-acf6-d8b2600b9bd5,1789379598.5746756,1789379598.5595,1521191.099999994,browser,browser_calibrated,-0.002974271774291992,1.2996196746826172,360801,364941,3,-12.850046157836914,host_receive_nearest,verified,1,1,,,,,,,,,1,,,,,,,,,,,,,,,,,,,,V4,B,172.502,1789379598.5595,1789379598.5746756,364941,Block 4_2_cf569e2b,2,cf569e2b-0859-46d5-8cd8-15019767c2c2,172.345,,,,,,thought_probe
612f128b-d29a-522c-ab30-d2af743c7133,qc_status_change,1789379599.4186757,1460.624,361017,4,4,,2,G01,B,bbbd_subtraction,qc_status_change,good,,0.0,0.0,,,,,,,当前QC指标正常。,324f7c1e-da89-4a22-ba3a-14cd4903bda9,sub-001,ses-001,,,1789379599.4186757,,,recorder,server,,,361016,365156,3,0.0,host_receive_nearest,,,,,,,,,,,,1,,,,,,,,,,,,,,,,,,,,V4,B,,,1789379599.4186757,365156,,,,,,,,,,
67dba68f-599a-5f41-8c3d-3487cd8379ba,attention_response,1789379600.7473254,1461.884,361332,4,4,,2,G01,B,bbbd_subtraction,attention_response,2,,0.0,0.0,,,,,,,"{""client_event_id"":""6700a631-529f-4ba3-863c-9c4418627f1e"",""recorder_run_id"":""324f7c1e-da89-4a22-ba3a-14cd4903bda9"",""client_id"":""236c2dd9-7af5-4104-acf6-d8b2600b9bd5"",""client_timestamp"":1789379600.7502997,""client_monotonic_ms"":1523381.8999999762,""event_timestamp"":1789379600.7473254,""clock_offset_sec"":-0.002974271774291992,""clock_round_trip_ms"":1.2996196746826172,""subject_id"":""sub-001"",""session_id"":""ses-001"",""block_id"":""Block 4"",""counterbalance_group"":""G01"",""block_order"":""Block 4"",""condition"":""B"",""condition_type"":""bbbd_subtraction"",""topic_key"":""V4"",""topic_name"":""中国古代最大的歼灭战 长平之战"",""event_type"":""attention_response"",""iso_time"":""2026-09-14T09:53:20.750Z"",""relative_ms"":182336,""video_time_sec"":172.502,""probe_id"":""Block 4_2_cf569e2b"",""probe_index"":2,""probe_schedule_id"":""cf569e2b-0859-46d5-8cd8-15019767c2c2"",""probe_planned_time_sec"":172.345,""video_id"":""V4"",""response"":2,""response_label"":""连续减7心算任务"",""probe_attention"":""OFF"",""response_time_ms"":2191}",324f7c1e-da89-4a22-ba3a-14cd4903bda9,sub-001,ses-001,6700a631-529f-4ba3-863c-9c4418627f1e,236c2dd9-7af5-4104-acf6-d8b2600b9bd5,1789379600.7616756,1789379600.7502997,1523381.8999999762,browser,browser_calibrated,-0.002974271774291992,1.2996196746826172,361331,365471,3,-16.649723052978516,host_receive_nearest,verified,1,1,,,,,,,,,1,,,,,,,,,,,,,,,,,,,,V4,B,172.502,1789379600.7502997,1789379600.7616756,365471,Block 4_2_cf569e2b,2,cf569e2b-0859-46d5-8cd8-15019767c2c2,172.345,2,连续减7心算任务,2191,,OFF,
63030886-e0f8-57b6-a1c3-dfacfaaea337,confidence_response,1789379601.6856256,1462.884,361582,4,4,,2,G01,B,bbbd_subtraction,confidence_response,3,,0.0,0.0,,,,,,,"{""client_event_id"":""63a8b423-fcfb-4dbc-bdac-67977a59cd6d"",""recorder_run_id"":""324f7c1e-da89-4a22-ba3a-14cd4903bda9"",""client_id"":""236c2dd9-7af5-4104-acf6-d8b2600b9bd5"",""client_timestamp"":1789379601.6885998,""client_monotonic_ms"":1524320.199999988,""event_timestamp"":1789379601.6856256,""clock_offset_sec"":-0.002974271774291992,""clock_round_trip_ms"":1.2996196746826172,""subject_id"":""sub-001"",""session_id"":""ses-001"",""block_id"":""Block 4"",""counterbalance_group"":""G01"",""block_order"":""Block 4"",""condition"":""B"",""condition_type"":""bbbd_subtraction"",""topic_key"":""V4"",""topic_name"":""中国古代最大的歼灭战 长平之战"",""event_type"":""confidence_response"",""iso_time"":""2026-09-14T09:53:21.688Z"",""relative_ms"":183274,""video_time_sec"":172.502,""probe_id"":""Block 4_2_cf569e2b"",""probe_index"":2,""probe_schedule_id"":""cf569e2b-0859-46d5-8cd8-15019767c2c2"",""probe_planned_time_sec"":172.345,""video_id"":""V4"",""response"":2,""confidence"":3,""response_time_ms"":938}",324f7c1e-da89-4a22-ba3a-14cd4903bda9,sub-001,ses-001,63a8b423-fcfb-4dbc-bdac-67977a59cd6d,236c2dd9-7af5-4104-acf6-d8b2600b9bd5,1789379601.6996756,1789379601.6885998,1524320.199999988,browser,browser_calibrated,-0.002974271774291992,1.2996196746826172,361581,365721,3,-16.949892044067383,host_receive_nearest,verified,1,1,,,,,,,,,1,,,,,,,,,,,,,,,,,,,,V4,B,172.502,1789379601.6885998,1789379601.6996756,365721,Block 4_2_cf569e2b,2,cf569e2b-0859-46d5-8cd8-15019767c2c2,172.345,,,938,3,,
9751760d-7106-53a6-a661-52ac12b969d4,phase_change,1789379601.6895258,1462.884,361582,4,4,,2,G01,B,bbbd_subtraction,phase_change,video,,0.0,0.0,,,,,,,,324f7c1e-da89-4a22-ba3a-14cd4903bda9,sub-001,ses-001,0ff88fe1-de71-4848-b8b7-f335abe3d446,236c2dd9-7af5-4104-acf6-d8b2600b9bd5,1789379601.7146757,1789379601.6925,1524324.199999988,browser,browser_calibrated,-0.002974271774291992,1.2996196746826172,361581,365721,3,-20.850181579589844,host_receive_nearest,verified,1,1,,,,,,,,,1,,,,,,,,,,,,,,,,,,,,V4,B,172.571,1789379601.6925,1789379601.7146757,365721,,,,,,,,,,
46918bbc-0c8e-5ab0-b2eb-59fc5150cecf,video_resume,1789379601.6895258,1462.884,361582,4,4,,2,G01,B,bbbd_subtraction,video_resume,172.571,,0.0,0.0,,,,,,,"{""client_event_id"":""0ff88fe1-de71-4848-b8b7-f335abe3d446"",""recorder_run_id"":""324f7c1e-da89-4a22-ba3a-14cd4903bda9"",""client_id"":""236c2dd9-7af5-4104-acf6-d8b2600b9bd5"",""client_timestamp"":1789379601.6925,""client_monotonic_ms"":1524324.199999988,""event_timestamp"":1789379601.6895258,""clock_offset_sec"":-0.002974271774291992,""clock_round_trip_ms"":1.2996196746826172,""subject_id"":""sub-001"",""session_id"":""ses-001"",""block_id"":""Block 4"",""counterbalance_group"":""G01"",""block_order"":""Block 4"",""condition"":""B"",""condition_type"":""bbbd_subtraction"",""topic_key"":""V4"",""topic_name"":""中国古代最大的歼灭战 长平之战"",""event_type"":""video_resume"",""iso_time"":""2026-09-14T09:53:21.692Z"",""relative_ms"":183278,""video_time_sec"":172.571,""probe_id"":""Block 4_2_cf569e2b"",""probe_index"":2,""probe_schedule_id"":""cf569e2b-0859-46d5-8cd8-15019767c2c2"",""probe_planned_time_sec"":172.345,""video_id"":""V4"",""pause_reason"":""thought_probe"",""resume_status"":""playing""}",324f7c1e-da89-4a22-ba3a-14cd4903bda9,sub-001,ses-001,0ff88fe1-de71-4848-b8b7-f335abe3d446,236c2dd9-7af5-4104-acf6-d8b2600b9bd5,1789379601.7146757,1789379601.6925,1524324.199999988,browser,browser_calibrated,-0.002974271774291992,1.2996196746826172,361581,365721,3,-20.850181579589844,host_receive_nearest,verified,1,1,,,,,,,,,1,,,,,,,,,,,,,,,,,,,,V4,B,172.571,1789379601.6925,1789379601.7146757,365721,Block 4_2_cf569e2b,,,,,,,,,thought_probe
976a7994-b0d4-5519-8343-578cdf3b4915,qc_status_change,1789379607.4336755,1468.624,363017,4,4,,2,G01,B,bbbd_subtraction,qc_status_change,warning,,0.0,0.0,,,,,,,通道2 RMS相对基线异常，正在确认是否持续。,324f7c1e-da89-4a22-ba3a-14cd4903bda9,sub-001,ses-001,,,1789379607.4336755,,,recorder,server,,,363016,367156,3,0.0,host_receive_nearest,,,,,,,,,,,,1,,,,,,,,,,,,,,,,,,,,V4,B,,,1789379607.4336755,367156,,,,,,,,,,
3015b4ad-af4b-562c-94c8-b7883f9de894,qc_status_change,1789379615.4186757,1476.584,365007,4,4,,2,G01,B,bbbd_subtraction,qc_status_change,bad,,0.0,0.0,,,,,,,通道1 RMS相对基线异常，正在确认是否持续。; 通道2 RMS相对基线突变，可能接触不稳，请检查并重新连接。,324f7c1e-da89-4a22-ba3a-14cd4903bda9,sub-001,ses-001,,,1789379615.4186757,,,recorder,server,,,365006,369146,3,0.0,host_receive_nearest,,,,,,,,,,,,1,,,,,,,,,,,,,,,,,,,,V4,B,,,1789379615.4186757,369146,,,,,,,,,,
06247aec-95a2-5673-81d8-258eacd618d5,qc_status_change,1789379631.4186757,1492.604,369012,4,4,,2,G01,B,bbbd_subtraction,qc_status_change,good,,0.0,0.0,,,,,,,当前QC指标正常。,324f7c1e-da89-4a22-ba3a-14cd4903bda9,sub-001,ses-001,,,1789379631.4186757,,,recorder,server,,,369011,373151,3,0.0,host_receive_nearest,,,,,,,,,,,,1,,,,,,,,,,,,,,,,,,,,V4,B,,,1789379631.4186757,373151,,,,,,,,,,
f9c9edf1-8cd3-542d-9f06-d25de08d40c8,qc_status_change,1789379633.4186757,1494.604,369512,4,4,,2,G01,B,bbbd_subtraction,qc_status_change,warning,,0.0,0.0,,,,,,,通道1 RMS相对基线异常，正在确认是否持续。,324f7c1e-da89-4a22-ba3a-14cd4903bda9,sub-001,ses-001,,,1789379633.4186757,,,recorder,server,,,369511,373651,3,-16.000032424926758,host_receive_nearest,,,,,,,,,,,,1,,,,,,,,,,,,,,,,,,,,V4,B,,,1789379633.4186757,373651,,,,,,,,,,
ae17e075-c656-5c70-b58a-e337489add0a,qc_status_change,1789379639.4186757,1500.604,371012,4,4,,2,G01,B,bbbd_subtraction,qc_status_change,bad,,0.0,0.0,,,,,,,通道1 RMS相对基线突变，可能接触不稳，请检查并重新连接。; 通道2 RMS相对基线突变，可能接触不稳，请检查并重新连接。,324f7c1e-da89-4a22-ba3a-14cd4903bda9,sub-001,ses-001,,,1789379639.4186757,,,recorder,server,,,371011,375151,3,-32.000064849853516,host_receive_nearest,,,,,,,,,,,,1,,,,,,,,,,,,,,,,,,,,V4,B,,,1789379639.4186757,375151,,,,,,,,,,
94af523c-dc01-5c79-9735-0091af09a8b1,probe_onset,1789379648.5064757,1509.704,373287,4,4,,2,G01,B,bbbd_subtraction,probe_onset,Block 4_3_cf569e2b,,0.0,0.0,,,,,,,"{""client_event_id"":""1cab9b4f-24c8-4dfa-a3b6-c67d1482c56c"",""recorder_run_id"":""324f7c1e-da89-4a22-ba3a-14cd4903bda9"",""client_id"":""236c2dd9-7af5-4104-acf6-d8b2600b9bd5"",""client_timestamp"":1789379648.4975,""client_monotonic_ms"":1571129.099999994,""event_timestamp"":1789379648.5064757,""clock_offset_sec"":0.008975744247436523,""clock_round_trip_ms"":1.199960708618164,""subject_id"":""sub-001"",""session_id"":""ses-001"",""block_id"":""Block 4"",""counterbalance_group"":""G01"",""block_order"":""Block 4"",""condition"":""B"",""condition_type"":""bbbd_subtraction"",""topic_key"":""V4"",""topic_name"":""中国古代最大的歼灭战 长平之战"",""event_type"":""probe_onset"",""iso_time"":""2026-09-14T09:54:08.497Z"",""relative_ms"":230083,""video_time_sec"":219.334,""probe_id"":""Block 4_3_cf569e2b"",""probe_index"":3,""probe_schedule_id"":""cf569e2b-0859-46d5-8cd8-15019767c2c2"",""probe_planned_time_sec"":219.332,""video_id"":""V4"",""pause_reason"":""thought_probe"",""forced"":false}",324f7c1e-da89-4a22-ba3a-14cd4903bda9,sub-001,ses-001,1cab9b4f-24c8-4dfa-a3b6-c67d1482c56c,236c2dd9-7af5-4104-acf6-d8b2600b9bd5,1789379648.5116756,1789379648.4975,1571129.099999994,browser,browser_calibrated,0.008975744247436523,1.199960708618164,373286,377426,3,-9.800195693969727,host_receive_nearest,verified,1,1,,,,,,,,,1,,,,,,,,,,,,,,,,,,,,V4,B,219.334,1789379648.4975,1789379648.5116756,377426,Block 4_3_cf569e2b,3,cf569e2b-0859-46d5-8cd8-15019767c2c2,219.332,,,,,,thought_probe
25647463-91cc-558a-84ad-f1f21e2720ad,attention_response,1789379650.8016758,1512.004,373862,4,4,,2,G01,B,bbbd_subtraction,attention_response,2,,0.0,0.0,,,,,,,"{""client_event_id"":""16abd687-a5ce-4099-bc73-416f488e7ebb"",""recorder_run_id"":""324f7c1e-da89-4a22-ba3a-14cd4903bda9"",""client_id"":""236c2dd9-7af5-4104-acf6-d8b2600b9bd5"",""client_timestamp"":1789379650.7927,""client_monotonic_ms"":1573424.3999999762,""event_timestamp"":1789379650.8016758,""clock_offset_sec"":0.008975744247436523,""clock_round_trip_ms"":1.199960708618164,""subject_id"":""sub-001"",""session_id"":""ses-001"",""block_id"":""Block 4"",""counterbalance_group"":""G01"",""block_order"":""Block 4"",""condition"":""B"",""condition_type"":""bbbd_subtraction"",""topic_key"":""V4"",""topic_name"":""中国古代最大的歼灭战 长平之战"",""event_type"":""attention_response"",""iso_time"":""2026-09-14T09:54:10.792Z"",""relative_ms"":232378,""video_time_sec"":219.334,""probe_id"":""Block 4_3_cf569e2b"",""probe_index"":3,""probe_schedule_id"":""cf569e2b-0859-46d5-8cd8-15019767c2c2"",""probe_planned_time_sec"":219.332,""video_id"":""V4"",""response"":2,""response_label"":""连续减7心算任务"",""probe_attention"":""OFF"",""response_time_ms"":2295}",324f7c1e-da89-4a22-ba3a-14cd4903bda9,sub-001,ses-001,16abd687-a5ce-4099-bc73-416f488e7ebb,236c2dd9-7af5-4104-acf6-d8b2600b9bd5,1789379650.7936757,1789379650.7927,1573424.3999999762,browser,browser_calibrated,0.008975744247436523,1.199960708618164,373861,378001,3,-8.00013542175293,host_receive_nearest,verified,1,1,,,,,,,,,1,,,,,,,,,,,,,,,,,,,,V4,B,219.334,1789379650.7927,1789379650.8086755,378001,Block 4_3_cf569e2b,3,cf569e2b-0859-46d5-8cd8-15019767c2c2,219.332,2,连续减7心算任务,2295,,OFF,
e3ec8a34-fa15-594d-8bb7-7d1eb55fe1ca,confidence_response,1789379651.3055756,1512.504,373987,4,4,,2,G01,B,bbbd_subtraction,confidence_response,3,,0.0,0.0,,,,,,,"{""client_event_id"":""4fd85a21-c10e-4811-8ad6-3dfe0b8d0581"",""recorder_run_id"":""324f7c1e-da89-4a22-ba3a-14cd4903bda9"",""client_id"":""236c2dd9-7af5-4104-acf6-d8b2600b9bd5"",""client_timestamp"":1789379651.2965999,""client_monotonic_ms"":1573928.199999988,""event_timestamp"":1789379651.3055756,""clock_offset_sec"":0.008975744247436523,""clock_round_trip_ms"":1.199960708618164,""subject_id"":""sub-001"",""session_id"":""ses-001"",""block_id"":""Block 4"",""counterbalance_group"":""G01"",""block_order"":""Block 4"",""condition"":""B"",""condition_type"":""bbbd_subtraction"",""topic_key"":""V4"",""topic_name"":""中国古代最大的歼灭战 长平之战"",""event_type"":""confidence_response"",""iso_time"":""2026-09-14T09:54:11.296Z"",""relative_ms"":232882,""video_time_sec"":219.334,""probe_id"":""Block 4_3_cf569e2b"",""probe_index"":3,""probe_schedule_id"":""cf569e2b-0859-46d5-8cd8-15019767c2c2"",""probe_planned_time_sec"":219.332,""video_id"":""V4"",""response"":2,""confidence"":3,""response_time_ms"":504}",324f7c1e-da89-4a22-ba3a-14cd4903bda9,sub-001,ses-001,4fd85a21-c10e-4811-8ad6-3dfe0b8d0581,236c2dd9-7af5-4104-acf6-d8b2600b9bd5,1789379651.3086755,1789379651.2965999,1573928.199999988,browser,browser_calibrated,0.008975744247436523,1.199960708618164,373986,378126,3,-11.899948120117188,host_receive_nearest,verified,1,1,,,,,,,,,1,,,,,,,,,,,,,,,,,,,,V4,B,219.334,1789379651.2965999,1789379651.3086755,378126,Block 4_3_cf569e2b,3,cf569e2b-0859-46d5-8cd8-15019767c2c2,219.332,,,504,3,,
2f6d89bf-ba62-55dc-b066-0969e25d759c,phase_change,1789379651.3087757,1512.504,373987,4,4,,2,G01,B,bbbd_subtraction,phase_change,video,,0.0,0.0,,,,,,,,324f7c1e-da89-4a22-ba3a-14cd4903bda9,sub-001,ses-001,59c29e40-03a2-4677-aa0b-e4f00a49fe5b,236c2dd9-7af5-4104-acf6-d8b2600b9bd5,1789379651.3086755,1789379651.2998,1573931.3999999762,browser,browser_calibrated,0.008975744247436523,1.199960708618164,373986,378126,3,-15.10000228881836,host_receive_nearest,verified,1,1,,,,,,,,,1,,,,,,,,,,,,,,,,,,,,V4,B,219.394,1789379651.2998,1789379651.3086755,378126,,,,,,,,,,
a647fa72-bf1f-5213-8332-712071c99769,video_resume,1789379651.3087757,1512.504,373987,4,4,,2,G01,B,bbbd_subtraction,video_resume,219.394,,0.0,0.0,,,,,,,"{""client_event_id"":""59c29e40-03a2-4677-aa0b-e4f00a49fe5b"",""recorder_run_id"":""324f7c1e-da89-4a22-ba3a-14cd4903bda9"",""client_id"":""236c2dd9-7af5-4104-acf6-d8b2600b9bd5"",""client_timestamp"":1789379651.2998,""client_monotonic_ms"":1573931.3999999762,""event_timestamp"":1789379651.3087757,""clock_offset_sec"":0.008975744247436523,""clock_round_trip_ms"":1.199960708618164,""subject_id"":""sub-001"",""session_id"":""ses-001"",""block_id"":""Block 4"",""counterbalance_group"":""G01"",""block_order"":""Block 4"",""condition"":""B"",""condition_type"":""bbbd_subtraction"",""topic_key"":""V4"",""topic_name"":""中国古代最大的歼灭战 长平之战"",""event_type"":""video_resume"",""iso_time"":""2026-09-14T09:54:11.299Z"",""relative_ms"":232885,""video_time_sec"":219.394,""probe_id"":""Block 4_3_cf569e2b"",""probe_index"":3,""probe_schedule_id"":""cf569e2b-0859-46d5-8cd8-15019767c2c2"",""probe_planned_time_sec"":219.332,""video_id"":""V4"",""pause_reason"":""thought_probe"",""resume_status"":""playing""}",324f7c1e-da89-4a22-ba3a-14cd4903bda9,sub-001,ses-001,59c29e40-03a2-4677-aa0b-e4f00a49fe5b,236c2dd9-7af5-4104-acf6-d8b2600b9bd5,1789379651.3086755,1789379651.2998,1573931.3999999762,browser,browser_calibrated,0.008975744247436523,1.199960708618164,373986,378126,3,-15.10000228881836,host_receive_nearest,verified,1,1,,,,,,,,,1,,,,,,,,,,,,,,,,,,,,V4,B,219.394,1789379651.2998,1789379651.3086755,378126,Block 4_3_cf569e2b,,,,,,,,,thought_probe
2a465f36-be4a-5626-bc7f-4b5abd063fe6,qc_status_change,1789379671.4186757,1532.604,379012,4,4,,2,G01,B,bbbd_subtraction,qc_status_change,good,,0.0,0.0,,,,,,,当前QC指标正常。,324f7c1e-da89-4a22-ba3a-14cd4903bda9,sub-001,ses-001,,,1789379671.4186757,,,recorder,server,,,379011,383151,3,-16.000032424926758,host_receive_nearest,,,,,,,,,,,,1,,,,,,,,,,,,,,,,,,,,V4,B,,,1789379671.4186757,383151,,,,,,,,,,
87472732-d716-5328-827a-bfacf658c509,qc_status_change,1789379689.4186757,1550.624,383517,4,4,,2,G01,B,bbbd_subtraction,qc_status_change,warning,,0.0,0.0,,,,,,,通道1 RMS相对基线异常，正在确认是否持续。,324f7c1e-da89-4a22-ba3a-14cd4903bda9,sub-001,ses-001,,,1789379689.4186757,,,recorder,server,,,383516,387656,3,-16.000032424926758,host_receive_nearest,,,,,,,,,,,,1,,,,,,,,,,,,,,,,,,,,V4,B,,,1789379689.4186757,387656,,,,,,,,,,
ab631a2f-498e-5696-96e2-39b9a4574fbd,qc_status_change,1789379695.4336755,1556.644,385022,4,4,,2,G01,B,bbbd_subtraction,qc_status_change,bad,,0.0,0.0,,,,,,,通道1 RMS相对基线突变，可能接触不稳，请检查并重新连接。,324f7c1e-da89-4a22-ba3a-14cd4903bda9,sub-001,ses-001,,,1789379695.4336755,,,recorder,server,,,385021,389161,3,0.0,host_receive_nearest,,,,,,,,,,,,1,,,,,,,,,,,,,,,,,,,,V4,B,,,1789379695.4336755,389161,,,,,,,,,,
a2185446-1321-565b-9bef-bb7c7a80c770,probe_onset,1789379696.7943754,1558.004,385362,4,4,,2,G01,B,bbbd_subtraction,probe_onset,Block 4_4_cf569e2b,,0.0,0.0,,,,,,,"{""client_event_id"":""3074296b-ab97-4421-97c1-74812da2d1a6"",""recorder_run_id"":""324f7c1e-da89-4a22-ba3a-14cd4903bda9"",""client_id"":""236c2dd9-7af5-4104-acf6-d8b2600b9bd5"",""client_timestamp"":1789379696.7903998,""client_monotonic_ms"":1619422,""event_timestamp"":1789379696.7943754,""clock_offset_sec"":0.003975629806518555,""clock_round_trip_ms"":1.399993896484375,""subject_id"":""sub-001"",""session_id"":""ses-001"",""block_id"":""Block 4"",""counterbalance_group"":""G01"",""block_order"":""Block 4"",""condition"":""B"",""condition_type"":""bbbd_subtraction"",""topic_key"":""V4"",""topic_name"":""中国古代最大的歼灭战 长平之战"",""event_type"":""probe_onset"",""iso_time"":""2026-09-14T09:54:56.790Z"",""relative_ms"":278376,""video_time_sec"":264.824,""probe_id"":""Block 4_4_cf569e2b"",""probe_index"":4,""probe_schedule_id"":""cf569e2b-0859-46d5-8cd8-15019767c2c2"",""probe_planned_time_sec"":264.723,""video_id"":""V4"",""pause_reason"":""thought_probe"",""forced"":false}",324f7c1e-da89-4a22-ba3a-14cd4903bda9,sub-001,ses-001,3074296b-ab97-4421-97c1-74812da2d1a6,236c2dd9-7af5-4104-acf6-d8b2600b9bd5,1789379696.7936757,1789379696.7903998,1619422,browser,browser_calibrated,0.003975629806518555,1.399993896484375,385361,389501,3,-16.699790954589844,host_receive_nearest,verified,1,1,,,,,,,,,1,,,,,,,,,,,,,,,,,,,,V4,B,264.824,1789379696.7903998,1789379696.7936757,389501,Block 4_4_cf569e2b,4,cf569e2b-0859-46d5-8cd8-15019767c2c2,264.723,,,,,,thought_probe
93bf272e-0782-5df7-bc69-452fce659340,qc_status_change,1789379697.4336755,1558.624,385517,4,4,,2,G01,B,bbbd_subtraction,qc_status_change,good,,0.0,0.0,,,,,,,当前QC指标正常。,324f7c1e-da89-4a22-ba3a-14cd4903bda9,sub-001,ses-001,,,1789379697.4336755,,,recorder,server,,,385516,389656,3,-30.99989891052246,host_receive_nearest,,,,,,,,,,,,1,,,,,,,,,,,,,,,,,,,,V4,B,,,1789379697.4336755,389656,,,,,,,,,,
4deeb778-efd2-5af3-8e69-df215718662c,attention_response,1789379699.0196755,1560.224,385917,4,4,,2,G01,B,bbbd_subtraction,attention_response,2,,0.0,0.0,,,,,,,"{""client_event_id"":""35ccc3c6-41e5-49f4-948e-e43a132f74f7"",""recorder_run_id"":""324f7c1e-da89-4a22-ba3a-14cd4903bda9"",""client_id"":""236c2dd9-7af5-4104-acf6-d8b2600b9bd5"",""client_timestamp"":1789379699.0103998,""client_monotonic_ms"":1621642.099999994,""event_timestamp"":1789379699.0196755,""clock_offset_sec"":0.009275674819946289,""clock_round_trip_ms"":1.399993896484375,""subject_id"":""sub-001"",""session_id"":""ses-001"",""block_id"":""Block 4"",""counterbalance_group"":""G01"",""block_order"":""Block 4"",""condition"":""B"",""condition_type"":""bbbd_subtraction"",""topic_key"":""V4"",""topic_name"":""中国古代最大的歼灭战 长平之战"",""event_type"":""attention_response"",""iso_time"":""2026-09-14T09:54:59.010Z"",""relative_ms"":280596,""video_time_sec"":264.824,""probe_id"":""Block 4_4_cf569e2b"",""probe_index"":4,""probe_schedule_id"":""cf569e2b-0859-46d5-8cd8-15019767c2c2"",""probe_planned_time_sec"":264.723,""video_id"":""V4"",""response"":2,""response_label"":""连续减7心算任务"",""probe_attention"":""OFF"",""response_time_ms"":2220}",324f7c1e-da89-4a22-ba3a-14cd4903bda9,sub-001,ses-001,35ccc3c6-41e5-49f4-948e-e43a132f74f7,236c2dd9-7af5-4104-acf6-d8b2600b9bd5,1789379699.0116756,1789379699.0103998,1621642.099999994,browser,browser_calibrated,0.009275674819946289,1.399993896484375,385916,390056,3,-7.999897003173828,host_receive_nearest,verified,1,1,,,,,,,,,1,,,,,,,,,,,,,,,,,,,,V4,B,264.824,1789379699.0103998,1789379699.0276756,390056,Block 4_4_cf569e2b,4,cf569e2b-0859-46d5-8cd8-15019767c2c2,264.723,2,连续减7心算任务,2220,,OFF,
377cad20-feb3-5d58-9d44-edac2c869de8,confidence_response,1789379699.7393756,1560.944,386097,4,4,,2,G01,B,bbbd_subtraction,confidence_response,3,,0.0,0.0,,,,,,,"{""client_event_id"":""4417d5bf-8945-494b-bb40-883300cc2f46"",""recorder_run_id"":""324f7c1e-da89-4a22-ba3a-14cd4903bda9"",""client_id"":""236c2dd9-7af5-4104-acf6-d8b2600b9bd5"",""client_timestamp"":1789379699.7301,""client_monotonic_ms"":1622361.699999988,""event_timestamp"":1789379699.7393756,""clock_offset_sec"":0.009275674819946289,""clock_round_trip_ms"":1.399993896484375,""subject_id"":""sub-001"",""session_id"":""ses-001"",""block_id"":""Block 4"",""counterbalance_group"":""G01"",""block_order"":""Block 4"",""condition"":""B"",""condition_type"":""bbbd_subtraction"",""topic_key"":""V4"",""topic_name"":""中国古代最大的歼灭战 长平之战"",""event_type"":""confidence_response"",""iso_time"":""2026-09-14T09:54:59.730Z"",""relative_ms"":281316,""video_time_sec"":264.824,""probe_id"":""Block 4_4_cf569e2b"",""probe_index"":4,""probe_schedule_id"":""cf569e2b-0859-46d5-8cd8-15019767c2c2"",""probe_planned_time_sec"":264.723,""video_id"":""V4"",""response"":2,""confidence"":3,""response_time_ms"":720}",324f7c1e-da89-4a22-ba3a-14cd4903bda9,sub-001,ses-001,4417d5bf-8945-494b-bb40-883300cc2f46,236c2dd9-7af5-4104-acf6-d8b2600b9bd5,1789379699.7306757,1789379699.7301,1622361.699999988,browser,browser_calibrated,0.009275674819946289,1.399993896484375,386096,390236,3,-8.699893951416016,host_receive_nearest,verified,1,1,,,,,,,,,1,,,,,,,,,,,,,,,,,,,,V4,B,264.824,1789379699.7301,1789379699.7466755,390236,Block 4_4_cf569e2b,4,cf569e2b-0859-46d5-8cd8-15019767c2c2,264.723,,,720,3,,
fc9a1fbf-7883-52e1-ab7b-7bab23499ab2,phase_change,1789379699.7429757,1560.944,386097,4,4,,2,G01,B,bbbd_subtraction,phase_change,video,,0.0,0.0,,,,,,,,324f7c1e-da89-4a22-ba3a-14cd4903bda9,sub-001,ses-001,7bdddb10-762f-4c73-9314-8335518c7026,236c2dd9-7af5-4104-acf6-d8b2600b9bd5,1789379699.7466755,1789379699.7337,1622365.2999999821,browser,browser_calibrated,0.009275674819946289,1.399993896484375,386096,390236,3,-12.30001449584961,host_receive_nearest,verified,1,1,,,,,,,,,1,,,,,,,,,,,,,,,,,,,,V4,B,264.882,1789379699.7337,1789379699.7466755,390236,,,,,,,,,,
aa95e624-be5e-57b1-9eb9-1b8820147187,video_resume,1789379699.7429757,1560.944,386097,4,4,,2,G01,B,bbbd_subtraction,video_resume,264.882,,0.0,0.0,,,,,,,"{""client_event_id"":""7bdddb10-762f-4c73-9314-8335518c7026"",""recorder_run_id"":""324f7c1e-da89-4a22-ba3a-14cd4903bda9"",""client_id"":""236c2dd9-7af5-4104-acf6-d8b2600b9bd5"",""client_timestamp"":1789379699.7337,""client_monotonic_ms"":1622365.2999999821,""event_timestamp"":1789379699.7429757,""clock_offset_sec"":0.009275674819946289,""clock_round_trip_ms"":1.399993896484375,""subject_id"":""sub-001"",""session_id"":""ses-001"",""block_id"":""Block 4"",""counterbalance_group"":""G01"",""block_order"":""Block 4"",""condition"":""B"",""condition_type"":""bbbd_subtraction"",""topic_key"":""V4"",""topic_name"":""中国古代最大的歼灭战 长平之战"",""event_type"":""video_resume"",""iso_time"":""2026-09-14T09:54:59.733Z"",""relative_ms"":281319,""video_time_sec"":264.882,""probe_id"":""Block 4_4_cf569e2b"",""probe_index"":4,""probe_schedule_id"":""cf569e2b-0859-46d5-8cd8-15019767c2c2"",""probe_planned_time_sec"":264.723,""video_id"":""V4"",""pause_reason"":""thought_probe"",""resume_status"":""playing""}",324f7c1e-da89-4a22-ba3a-14cd4903bda9,sub-001,ses-001,7bdddb10-762f-4c73-9314-8335518c7026,236c2dd9-7af5-4104-acf6-d8b2600b9bd5,1789379699.7466755,1789379699.7337,1622365.2999999821,browser,browser_calibrated,0.009275674819946289,1.399993896484375,386096,390236,3,-12.30001449584961,host_receive_nearest,verified,1,1,,,,,,,,,1,,,,,,,,,,,,,,,,,,,,V4,B,264.882,1789379699.7337,1789379699.7466755,390236,Block 4_4_cf569e2b,,,,,,,,,thought_probe
1f310306-c90f-503f-9fcc-a018f0033856,qc_status_change,1789379713.4336755,1574.644,389522,4,4,,2,G01,B,bbbd_subtraction,qc_status_change,warning,,0.0,0.0,,,,,,,通道1 RMS相对基线异常，正在确认是否持续。,324f7c1e-da89-4a22-ba3a-14cd4903bda9,sub-001,ses-001,,,1789379713.4336755,,,recorder,server,,,389521,393661,3,0.0,host_receive_nearest,,,,,,,,,,,,1,,,,,,,,,,,,,,,,,,,,V4,B,,,1789379713.4336755,393661,,,,,,,,,,
c6d76adf-27f2-51ea-a71b-137066a978c6,qc_status_change,1789379721.4186757,1582.624,391517,4,4,,2,G01,B,bbbd_subtraction,qc_status_change,good,,0.0,0.0,,,,,,,当前QC指标正常。,324f7c1e-da89-4a22-ba3a-14cd4903bda9,sub-001,ses-001,,,1789379721.4186757,,,recorder,server,,,391516,395656,3,0.0,host_receive_nearest,,,,,,,,,,,,1,,,,,,,,,,,,,,,,,,,,V4,B,,,1789379721.4186757,395656,,,,,,,,,,
79386dd0-305f-53e5-b904-7ca0588b8139,qc_status_change,1789379729.4336755,1590.624,393517,4,4,,2,G01,B,bbbd_subtraction,qc_status_change,warning,,0.0,0.0,,,,,,,通道2 RMS相对基线异常，正在确认是否持续。,324f7c1e-da89-4a22-ba3a-14cd4903bda9,sub-001,ses-001,,,1789379729.4336755,,,recorder,server,,,393516,397656,3,0.0,host_receive_nearest,,,,,,,,,,,,1,,,,,,,,,,,,,,,,,,,,V4,B,,,1789379729.4336755,397656,,,,,,,,,,
4ef28796-9b10-5b79-88a4-04b1078981ec,qc_status_change,1789379737.4186757,1598.604,395512,4,4,,2,G01,B,bbbd_subtraction,qc_status_change,good,,0.0,0.0,,,,,,,当前QC指标正常。,324f7c1e-da89-4a22-ba3a-14cd4903bda9,sub-001,ses-001,,,1789379737.4186757,,,recorder,server,,,395511,399651,3,-32.000064849853516,host_receive_nearest,,,,,,,,,,,,1,,,,,,,,,,,,,,,,,,,,V4,B,,,1789379737.4186757,399651,,,,,,,,,,
2f91e155-6f00-51c4-8f46-586a00663304,qc_status_change,1789379747.4336755,1608.6,398011,4,4,,2,G01,B,bbbd_subtraction,qc_status_change,warning,,0.0,0.0,,,,,,,通道2 RMS相对基线异常，正在确认是否持续。,324f7c1e-da89-4a22-ba3a-14cd4903bda9,sub-001,ses-001,,,1789379747.4336755,,,recorder,server,,,398010,402150,3,0.0,host_receive_nearest,,,,,,,,,,,,1,,,,,,,,,,,,,,,,,,,,V4,B,,,1789379747.4336755,402150,,,,,,,,,,
90e42d10-a821-58b8-bc27-9cf63cb24557,video_end,1789379748.7397757,1609.94,398346,4,4,,2,G01,B,bbbd_subtraction,video_end,V4,,0.0,0.0,,,,,,,,324f7c1e-da89-4a22-ba3a-14cd4903bda9,sub-001,ses-001,8918c49a-54f8-442a-b745-ae50243ba056,236c2dd9-7af5-4104-acf6-d8b2600b9bd5,1789379748.7466755,1789379748.733,1671364.599999994,browser,browser_calibrated,0.006775617599487305,1.3997554779052734,398345,402485,3,-9.099960327148438,host_receive_nearest,verified,1,1,,,,,,,,,1,,,,,,,,,,,,,,,,,,,,V4,B,313.818,1789379748.733,1789379748.7466755,402485,,,,,,,,,,
bb416ce7-f9be-507a-bd0f-b89b68c055e3,browser_video_ended,1789379748.7397757,1609.94,398346,4,4,,2,G01,B,bbbd_subtraction,browser_video_ended,,,0.0,0.0,,,,,,,"{""client_event_id"":""8918c49a-54f8-442a-b745-ae50243ba056"",""recorder_run_id"":""324f7c1e-da89-4a22-ba3a-14cd4903bda9"",""client_id"":""236c2dd9-7af5-4104-acf6-d8b2600b9bd5"",""client_timestamp"":1789379748.733,""client_monotonic_ms"":1671364.599999994,""event_timestamp"":1789379748.7397757,""clock_offset_sec"":0.006775617599487305,""clock_round_trip_ms"":1.3997554779052734,""subject_id"":""sub-001"",""session_id"":""ses-001"",""block_id"":""Block 4"",""counterbalance_group"":""G01"",""block_order"":""Block 4"",""condition"":""B"",""condition_type"":""bbbd_subtraction"",""topic_key"":""V4"",""topic_name"":""中国古代最大的歼灭战 长平之战"",""event_type"":""video_ended"",""iso_time"":""2026-09-14T09:55:48.733Z"",""relative_ms"":330319,""video_time_sec"":313.818}",324f7c1e-da89-4a22-ba3a-14cd4903bda9,sub-001,ses-001,8918c49a-54f8-442a-b745-ae50243ba056,236c2dd9-7af5-4104-acf6-d8b2600b9bd5,1789379748.7466755,1789379748.733,1671364.599999994,browser,browser_calibrated,0.006775617599487305,1.3997554779052734,398345,402485,3,-9.099960327148438,host_receive_nearest,verified,1,1,,,,,,,,,1,,,,,,,,,,,,,,,,,,,,V4,B,313.818,1789379748.733,1789379748.7466755,402485,,,,,,,,,,
5522889e-56a1-5116-be28-54e6e0cbe25b,browser_block_end,1789379748.7435753,1609.94,398351,4,4,,2,G01,B,bbbd_subtraction,browser_block_end,视频自然播放结束,,0.0,0.0,,,,,,,"{""client_event_id"":""c64cc269-f26e-4556-b016-9d2e96e48b26"",""recorder_run_id"":""324f7c1e-da89-4a22-ba3a-14cd4903bda9"",""client_id"":""236c2dd9-7af5-4104-acf6-d8b2600b9bd5"",""client_timestamp"":1789379748.7367997,""client_monotonic_ms"":1671368.3999999762,""event_timestamp"":1789379748.7435753,""clock_offset_sec"":0.006775617599487305,""clock_round_trip_ms"":1.3997554779052734,""subject_id"":""sub-001"",""session_id"":""ses-001"",""block_id"":""Block 4"",""counterbalance_group"":""G01"",""block_order"":""Block 4"",""condition"":""B"",""condition_type"":""bbbd_subtraction"",""topic_key"":""V4"",""topic_name"":""中国古代最大的歼灭战 长平之战"",""event_type"":""block_end"",""iso_time"":""2026-09-14T09:55:48.736Z"",""relative_ms"":330322,""video_time_sec"":313.818,""reason"":""视频自然播放结束""}",324f7c1e-da89-4a22-ba3a-14cd4903bda9,sub-001,ses-001,c64cc269-f26e-4556-b016-9d2e96e48b26,236c2dd9-7af5-4104-acf6-d8b2600b9bd5,1789379748.7616756,1789379748.7367997,1671368.3999999762,browser,browser_calibrated,0.006775617599487305,1.3997554779052734,398345,402485,3,-12.899637222290039,host_receive_nearest,verified,1,1,,,,,,,,,1,,,,,,,,,,,,,,,,,,,,V4,B,313.818,1789379748.7367997,1789379748.7616756,402485,,,,,,,,,,
79c34c29-9ddc-5b76-8173-7204e8460de3,rating_start,1789379748.7460754,1609.94,398351,4,4,,2,G01,B,bbbd_subtraction,rating_start,,,0.0,0.0,,,,,,,"{""client_event_id"":""fcaf75ea-0658-4347-9e25-7be1976986d8"",""recorder_run_id"":""324f7c1e-da89-4a22-ba3a-14cd4903bda9"",""client_id"":""236c2dd9-7af5-4104-acf6-d8b2600b9bd5"",""client_timestamp"":1789379748.7392998,""client_monotonic_ms"":1671370.8999999762,""event_timestamp"":1789379748.7460754,""clock_offset_sec"":0.006775617599487305,""clock_round_trip_ms"":1.3997554779052734,""subject_id"":""sub-001"",""session_id"":""ses-001"",""block_id"":""Block 4"",""counterbalance_group"":""G01"",""block_order"":""Block 4"",""condition"":""B"",""condition_type"":""bbbd_subtraction"",""topic_key"":""V4"",""topic_name"":""中国古代最大的歼灭战 长平之战"",""event_type"":""rating_start"",""iso_time"":""2026-09-14T09:55:48.739Z"",""relative_ms"":330325,""video_time_sec"":313.818}",324f7c1e-da89-4a22-ba3a-14cd4903bda9,sub-001,ses-001,fcaf75ea-0658-4347-9e25-7be1976986d8,236c2dd9-7af5-4104-acf6-d8b2600b9bd5,1789379748.7616756,1789379748.7392998,1671370.8999999762,browser,browser_calibrated,0.006775617599487305,1.3997554779052734,398345,402485,3,-15.399694442749023,host_receive_nearest,verified,1,1,,,,,,,,,1,,,,,,,,,,,,,,,,,,,,V4,B,313.818,1789379748.7392998,1789379748.7616756,402485,,,,,,,,,,
7ff468b2-7368-51f2-9194-a75563fa4d73,qc_status_change,1789379749.4336755,1610.64,398521,4,4,,2,G01,B,bbbd_subtraction,qc_status_change,good,,0.0,0.0,,,,,,,当前QC指标正常。,324f7c1e-da89-4a22-ba3a-14cd4903bda9,sub-001,ses-001,,,1789379749.4336755,,,recorder,server,,,398520,402660,3,0.0,host_receive_nearest,,,,,,,,,,,,1,,,,,,,,,,,,,,,,,,,,V4,B,,,1789379749.4336755,402660,,,,,,,,,,
de02f0a2-1480-5cb3-97b5-d56951fa2efa,rating_item_response,1789379751.4984756,1612.7,399036,4,4,,2,G01,B,bbbd_subtraction,rating_item_response,4,,0.0,0.0,,,,,,,"{""client_event_id"":""0744356e-2ad5-473b-94d3-5ce90f5b7000"",""recorder_run_id"":""324f7c1e-da89-4a22-ba3a-14cd4903bda9"",""client_id"":""236c2dd9-7af5-4104-acf6-d8b2600b9bd5"",""client_timestamp"":1789379751.4917,""client_monotonic_ms"":1674123.2999999821,""event_timestamp"":1789379751.4984756,""clock_offset_sec"":0.006775617599487305,""clock_round_trip_ms"":1.3997554779052734,""subject_id"":""sub-001"",""session_id"":""ses-001"",""block_id"":""Block 4"",""counterbalance_group"":""G01"",""block_order"":""Block 4"",""condition"":""B"",""condition_type"":""bbbd_subtraction"",""topic_key"":""V4"",""topic_name"":""中国古代最大的歼灭战 长平之战"",""event_type"":""rating_item_response"",""iso_time"":""2026-09-14T09:55:51.491Z"",""relative_ms"":333077,""video_time_sec"":313.818,""rating_item"":""course_attention_rating"",""rating_value"":""4"",""response_time_ms"":2752}",324f7c1e-da89-4a22-ba3a-14cd4903bda9,sub-001,ses-001,0744356e-2ad5-473b-94d3-5ce90f5b7000,236c2dd9-7af5-4104-acf6-d8b2600b9bd5,1789379751.4966755,1789379751.4917,1674123.2999999821,browser,browser_calibrated,0.006775617599487305,1.3997554779052734,399035,403175,3,-17.799854278564453,host_receive_nearest,verified,1,1,,,,,,,,,1,,,,,,,,,,,,,course_attention_rating,4,,,,,,V4,B,313.818,1789379751.4917,1789379751.4966755,403175,,,,,,,2752,,,
a7e235e2-2767-5bdf-9332-074c8aed201e,qc_status_change,1789379753.4186757,1614.62,399516,4,4,,2,G01,B,bbbd_subtraction,qc_status_change,warning,,0.0,0.0,,,,,,,通道2 RMS相对基线异常，正在确认是否持续。,324f7c1e-da89-4a22-ba3a-14cd4903bda9,sub-001,ses-001,,,1789379753.4186757,,,recorder,server,,,399515,403655,3,0.0,host_receive_nearest,,,,,,,,,,,,1,,,,,,,,,,,,,,,,,,,,V4,B,,,1789379753.4186757,403655,,,,,,,,,,
80a8f0b7-de22-5afe-9ce4-fb4af2f59860,rating_item_response,1789379753.8998754,1615.1,399636,4,4,,2,G01,B,bbbd_subtraction,rating_item_response,6,,0.0,0.0,,,,,,,"{""client_event_id"":""5c28781f-ebb2-444f-aefa-dee7ed32d598"",""recorder_run_id"":""324f7c1e-da89-4a22-ba3a-14cd4903bda9"",""client_id"":""236c2dd9-7af5-4104-acf6-d8b2600b9bd5"",""client_timestamp"":1789379753.8930998,""client_monotonic_ms"":1676524.699999988,""event_timestamp"":1789379753.8998754,""clock_offset_sec"":0.006775617599487305,""clock_round_trip_ms"":1.3997554779052734,""subject_id"":""sub-001"",""session_id"":""ses-001"",""block_id"":""Block 4"",""counterbalance_group"":""G01"",""block_order"":""Block 4"",""condition"":""B"",""condition_type"":""bbbd_subtraction"",""topic_key"":""V4"",""topic_name"":""中国古代最大的歼灭战 长平之战"",""event_type"":""rating_item_response"",""iso_time"":""2026-09-14T09:55:53.893Z"",""relative_ms"":335479,""video_time_sec"":313.818,""rating_item"":""mental_effort"",""rating_value"":""6"",""response_time_ms"":5154}",324f7c1e-da89-4a22-ba3a-14cd4903bda9,sub-001,ses-001,5c28781f-ebb2-444f-aefa-dee7ed32d598,236c2dd9-7af5-4104-acf6-d8b2600b9bd5,1789379753.9026756,1789379753.8930998,1676524.699999988,browser,browser_calibrated,0.006775617599487305,1.3997554779052734,399635,403775,3,-13.199806213378906,host_receive_nearest,verified,1,1,,,,,,,,,1,,,,,,,,,,,,,mental_effort,6,,,,,,V4,B,313.818,1789379753.8930998,1789379753.9026756,403775,,,,,,,5154,,,
ae4a882a-3dba-511c-a9e5-5426d0ee2e97,rating_item_response,1789379755.7663755,1616.96,400101,4,4,,2,G01,B,bbbd_subtraction,rating_item_response,3,,0.0,0.0,,,,,,,"{""client_event_id"":""93a22086-0bb1-4253-9f6b-09e5694f2c2b"",""recorder_run_id"":""324f7c1e-da89-4a22-ba3a-14cd4903bda9"",""client_id"":""236c2dd9-7af5-4104-acf6-d8b2600b9bd5"",""client_timestamp"":1789379755.7596,""client_monotonic_ms"":1678391.199999988,""event_timestamp"":1789379755.7663755,""clock_offset_sec"":0.006775617599487305,""clock_round_trip_ms"":1.3997554779052734,""subject_id"":""sub-001"",""session_id"":""ses-001"",""block_id"":""Block 4"",""counterbalance_group"":""G01"",""block_order"":""Block 4"",""condition"":""B"",""condition_type"":""bbbd_subtraction"",""topic_key"":""V4"",""topic_name"":""中国古代最大的歼灭战 长平之战"",""event_type"":""rating_item_response"",""iso_time"":""2026-09-14T09:55:55.759Z"",""relative_ms"":337345,""video_time_sec"":313.818,""rating_item"":""video_interest"",""rating_value"":""3"",""response_time_ms"":7020}",324f7c1e-da89-4a22-ba3a-14cd4903bda9,sub-001,ses-001,93a22086-0bb1-4253-9f6b-09e5694f2c2b,236c2dd9-7af5-4104-acf6-d8b2600b9bd5,1789379755.7616756,1789379755.7596,1678391.199999988,browser,browser_calibrated,0.006775617599487305,1.3997554779052734,400100,404240,3,-4.699945449829102,host_receive_nearest,verified,1,1,,,,,,,,,1,,,,,,,,,,,,,video_interest,3,,,,,,V4,B,313.818,1789379755.7596,1789379755.7616756,404240,,,,,,,7020,,,
f50731a6-7e92-5c02-9277-d3cc91a51587,rating_item_response,1789379757.1343756,1618.32,400441,4,4,,2,G01,B,bbbd_subtraction,rating_item_response,1,,0.0,0.0,,,,,,,"{""client_event_id"":""1d93ce77-f1cf-48b4-a944-7c00f719ec06"",""recorder_run_id"":""324f7c1e-da89-4a22-ba3a-14cd4903bda9"",""client_id"":""236c2dd9-7af5-4104-acf6-d8b2600b9bd5"",""client_timestamp"":1789379757.1276,""client_monotonic_ms"":1679759.199999988,""event_timestamp"":1789379757.1343756,""clock_offset_sec"":0.006775617599487305,""clock_round_trip_ms"":1.3997554779052734,""subject_id"":""sub-001"",""session_id"":""ses-001"",""block_id"":""Block 4"",""counterbalance_group"":""G01"",""block_order"":""Block 4"",""condition"":""B"",""condition_type"":""bbbd_subtraction"",""topic_key"":""V4"",""topic_name"":""中国古代最大的歼灭战 长平之战"",""event_type"":""rating_item_response"",""iso_time"":""2026-09-14T09:55:57.127Z"",""relative_ms"":338713,""video_time_sec"":313.818,""rating_item"":""video_difficulty"",""rating_value"":""1"",""response_time_ms"":8388}",324f7c1e-da89-4a22-ba3a-14cd4903bda9,sub-001,ses-001,1d93ce77-f1cf-48b4-a944-7c00f719ec06,236c2dd9-7af5-4104-acf6-d8b2600b9bd5,1789379757.1366756,1789379757.1276,1679759.199999988,browser,browser_calibrated,0.006775617599487305,1.3997554779052734,400440,404580,3,-12.700080871582031,host_receive_nearest,verified,1,1,,,,,,,,,1,,,,,,,,,,,,,video_difficulty,1,,,,,,V4,B,313.818,1789379757.1276,1789379757.1366756,404580,,,,,,,8388,,,
22a2ffb1-0030-5015-b3cc-fb700087f456,rating_item_response,1789379758.8119755,1619.98,400856,4,4,,2,G01,B,bbbd_subtraction,rating_item_response,50-60%,,0.0,0.0,,,,,,,"{""client_event_id"":""2018bc83-294a-498e-8b4a-ab78265e1c09"",""recorder_run_id"":""324f7c1e-da89-4a22-ba3a-14cd4903bda9"",""client_id"":""236c2dd9-7af5-4104-acf6-d8b2600b9bd5"",""client_timestamp"":1789379758.8051999,""client_monotonic_ms"":1681436.7999999821,""event_timestamp"":1789379758.8119755,""clock_offset_sec"":0.006775617599487305,""clock_round_trip_ms"":1.3997554779052734,""subject_id"":""sub-001"",""session_id"":""ses-001"",""block_id"":""Block 4"",""counterbalance_group"":""G01"",""block_order"":""Block 4"",""condition"":""B"",""condition_type"":""bbbd_subtraction"",""topic_key"":""V4"",""topic_name"":""中国古代最大的歼灭战 长平之战"",""event_type"":""rating_item_response"",""iso_time"":""2026-09-14T09:55:58.805Z"",""relative_ms"":340391,""video_time_sec"":313.818,""rating_item"":""subtraction_compliance"",""rating_value"":""50-60%"",""response_time_ms"":10066}",324f7c1e-da89-4a22-ba3a-14cd4903bda9,sub-001,ses-001,2018bc83-294a-498e-8b4a-ab78265e1c09,236c2dd9-7af5-4104-acf6-d8b2600b9bd5,1789379758.8086755,1789379758.8051999,1681436.7999999821,browser,browser_calibrated,0.006775617599487305,1.3997554779052734,400855,404995,3,-18.29981803894043,host_receive_nearest,verified,1,1,,,,,,,,,1,,,,,,,,,,,,,subtraction_compliance,50-60%,,,,,,V4,B,313.818,1789379758.8051999,1789379758.8086755,404995,,,,,,,10066,,,
a34ff36a-529c-539f-9743-7464cadd31d2,qc_status_change,1789379759.4186757,1620.58,401006,4,4,,2,G01,B,bbbd_subtraction,qc_status_change,bad,,0.0,0.0,,,,,,,通道2 RMS相对基线突变，可能接触不稳，请检查并重新连接。,324f7c1e-da89-4a22-ba3a-14cd4903bda9,sub-001,ses-001,,,1789379759.4186757,,,recorder,server,,,401005,405145,3,-16.000032424926758,host_receive_nearest,,,,,,,,,,,,1,,,,,,,,,,,,,,,,,,,,V4,B,,,1789379759.4186757,405145,,,,,,,,,,
3b698509-e12e-560b-95b9-74111fe2a452,rating_item_response,1789379760.6359756,1621.7,401286,4,4,,2,G01,B,bbbd_subtraction,rating_item_response,4,,0.0,0.0,,,,,,,"{""client_event_id"":""3e2e6b8c-76ca-4c9b-9988-f68b3fb55410"",""recorder_run_id"":""324f7c1e-da89-4a22-ba3a-14cd4903bda9"",""client_id"":""236c2dd9-7af5-4104-acf6-d8b2600b9bd5"",""client_timestamp"":1789379760.6292,""client_monotonic_ms"":1683260.8999999762,""event_timestamp"":1789379760.6359756,""clock_offset_sec"":0.006775617599487305,""clock_round_trip_ms"":1.3997554779052734,""subject_id"":""sub-001"",""session_id"":""ses-001"",""block_id"":""Block 4"",""counterbalance_group"":""G01"",""block_order"":""Block 4"",""condition"":""B"",""condition_type"":""bbbd_subtraction"",""topic_key"":""V4"",""topic_name"":""中国古代最大的歼灭战 长平之战"",""event_type"":""rating_item_response"",""iso_time"":""2026-09-14T09:56:00.629Z"",""relative_ms"":342215,""video_time_sec"":313.818,""rating_item"":""subtraction_difficulty"",""rating_value"":""4"",""response_time_ms"":11890}",324f7c1e-da89-4a22-ba3a-14cd4903bda9,sub-001,ses-001,3e2e6b8c-76ca-4c9b-9988-f68b3fb55410,236c2dd9-7af5-4104-acf6-d8b2600b9bd5,1789379760.6366756,1789379760.6292,1683260.8999999762,browser,browser_calibrated,0.006775617599487305,1.3997554779052734,401285,405425,3,-30.299901962280273,host_receive_nearest,verified,1,1,,,,,,,,,1,,,,,,,,,,,,,subtraction_difficulty,4,,,,,,V4,B,313.818,1789379760.6292,1789379760.6366756,405425,,,,,,,11890,,,
a2b75dbe-59bb-5487-9283-52406d1ef481,rating_item_response,1789379764.6706755,1625.88,402295,4,4,,2,G01,B,bbbd_subtraction,rating_item_response,647,,0.0,0.0,,,,,,,"{""client_event_id"":""cca4897e-128f-4025-9190-0ede5f8e6902"",""recorder_run_id"":""324f7c1e-da89-4a22-ba3a-14cd4903bda9"",""client_id"":""236c2dd9-7af5-4104-acf6-d8b2600b9bd5"",""client_timestamp"":1789379764.6639,""client_monotonic_ms"":1687295.5,""event_timestamp"":1789379764.6706755,""clock_offset_sec"":0.006775617599487305,""clock_round_trip_ms"":1.3997554779052734,""subject_id"":""sub-001"",""session_id"":""ses-001"",""block_id"":""Block 4"",""counterbalance_group"":""G01"",""block_order"":""Block 4"",""condition"":""B"",""condition_type"":""bbbd_subtraction"",""topic_key"":""V4"",""topic_name"":""中国古代最大的歼灭战 长平之战"",""event_type"":""rating_item_response"",""iso_time"":""2026-09-14T09:56:04.664Z"",""relative_ms"":346249,""video_time_sec"":313.818,""rating_item"":""reported_final_number"",""rating_value"":""647"",""response_time_ms"":15925}",324f7c1e-da89-4a22-ba3a-14cd4903bda9,sub-001,ses-001,cca4897e-128f-4025-9190-0ede5f8e6902,236c2dd9-7af5-4104-acf6-d8b2600b9bd5,1789379764.6836755,1789379764.6639,1687295.5,browser,browser_calibrated,0.006775617599487305,1.3997554779052734,402294,406470,3,-17.999887466430664,host_receive_nearest,verified,1,1,,,,,,,,,1,,,,,,,,,,,,,reported_final_number,647,,,,,,V4,B,313.818,1789379764.6639,1789379764.6836755,406470,,,,,,,15925,,,
cc1243c6-2d93-5ac9-aeab-26f0c826a567,rating_end,1789379764.8863754,1626.02,402330,4,4,,2,G01,B,bbbd_subtraction,rating_end,,16.14,0.0,0.0,,,,,,,"{""client_event_id"":""7be3fd72-da77-422e-9562-0e819ee8f788"",""recorder_run_id"":""324f7c1e-da89-4a22-ba3a-14cd4903bda9"",""client_id"":""236c2dd9-7af5-4104-acf6-d8b2600b9bd5"",""client_timestamp"":1789379764.8795998,""client_monotonic_ms"":1687511.199999988,""event_timestamp"":1789379764.8863754,""clock_offset_sec"":0.006775617599487305,""clock_round_trip_ms"":1.3997554779052734,""subject_id"":""sub-001"",""session_id"":""ses-001"",""block_id"":""Block 4"",""counterbalance_group"":""G01"",""block_order"":""Block 4"",""condition"":""B"",""condition_type"":""bbbd_subtraction"",""topic_key"":""V4"",""topic_name"":""中国古代最大的歼灭战 长平之战"",""event_type"":""rating_end"",""iso_time"":""2026-09-14T09:56:04.879Z"",""relative_ms"":346465,""video_time_sec"":313.818,""video_id"":""V4"",""course_attention_rating"":4,""mental_effort"":6,""video_interest"":3,""video_difficulty"":1,""subtraction_compliance"":""50-60%"",""subtraction_difficulty"":4,""reported_final_number"":647,""duration_sec"":16.14,""submitted_iso"":""2026-09-14T09:56:04.879Z"",""submitted_relative_ms"":346465}",324f7c1e-da89-4a22-ba3a-14cd4903bda9,sub-001,ses-001,7be3fd72-da77-422e-9562-0e819ee8f788,236c2dd9-7af5-4104-acf6-d8b2600b9bd5,1789379764.8866756,1789379764.8795998,1687511.199999988,browser,browser_calibrated,0.006775617599487305,1.3997554779052734,402329,406505,3,-30.699729919433594,host_receive_nearest,verified,1,1,,,,,,,,,1,,,,4,6,3,1,50-60%,50,60,4,647,,,,,,,,V4,B,313.818,1789379764.8795998,1789379764.8866756,406505,,,,,,,,,,
4b92308f-af7c-5b6a-ab61-a04be20d1e9b,quiz_start,1789379764.8887756,1626.02,402330,4,4,,2,G01,B,bbbd_subtraction,quiz_start,,,0.0,0.0,,,,,,,"{""client_event_id"":""2b303973-d3b9-4975-843d-a508a046f1ae"",""recorder_run_id"":""324f7c1e-da89-4a22-ba3a-14cd4903bda9"",""client_id"":""236c2dd9-7af5-4104-acf6-d8b2600b9bd5"",""client_timestamp"":1789379764.882,""client_monotonic_ms"":1687513.599999994,""event_timestamp"":1789379764.8887756,""clock_offset_sec"":0.006775617599487305,""clock_round_trip_ms"":1.3997554779052734,""subject_id"":""sub-001"",""session_id"":""ses-001"",""block_id"":""Block 4"",""counterbalance_group"":""G01"",""block_order"":""Block 4"",""condition"":""B"",""condition_type"":""bbbd_subtraction"",""topic_key"":""V4"",""topic_name"":""中国古代最大的歼灭战 长平之战"",""event_type"":""quiz_start"",""iso_time"":""2026-09-14T09:56:04.882Z"",""relative_ms"":346467,""video_time_sec"":313.818}",324f7c1e-da89-4a22-ba3a-14cd4903bda9,sub-001,ses-001,2b303973-d3b9-4975-843d-a508a046f1ae,236c2dd9-7af5-4104-acf6-d8b2600b9bd5,1789379764.9026756,1789379764.882,1687513.599999994,browser,browser_calibrated,0.006775617599487305,1.3997554779052734,402329,406505,3,-33.09988975524902,host_receive_nearest,verified,1,1,,,,,,,,,1,,,,,,,,,,,,,,,,,,,,V4,B,313.818,1789379764.882,1789379764.9026756,406505,,,,,,,,,,
5df84727-5aa0-5e4f-8e23-d4d7d3d21d43,qc_status_change,1789379777.4186757,1638.62,405335,4,4,,2,G01,B,bbbd_subtraction,qc_status_change,warning,,0.0,0.0,,,,,,,丢包率 2.84% 偏高。,324f7c1e-da89-4a22-ba3a-14cd4903bda9,sub-001,ses-001,,,1789379777.4186757,,,recorder,server,,,405334,409655,3,-32.000064849853516,host_receive_nearest,,,,,,,,,,,,1,,,,,,,,,,,,,,,,,,,,V4,B,,,1789379777.4186757,409655,,,,,,,,,,
9e375910-a52c-509e-b1b5-3b02a5742a2c,qc_status_change,1789379779.4186757,1640.64,405840,4,4,,2,G01,B,bbbd_subtraction,qc_status_change,good,,0.0,0.0,,,,,,,当前QC指标正常。,324f7c1e-da89-4a22-ba3a-14cd4903bda9,sub-001,ses-001,,,1789379779.4186757,,,recorder,server,,,405839,410160,3,0.0,host_receive_nearest,,,,,,,,,,,,1,,,,,,,,,,,,,,,,,,,,V4,B,,,1789379779.4186757,410160,,,,,,,,,,
0627b3ff-1f3a-57b6-8ec0-b014aa132b8a,qc_status_change,1789379781.4186757,1642.6,406330,4,4,,2,G01,B,bbbd_subtraction,qc_status_change,warning,,0.0,0.0,,,,,,,通道2 RMS相对基线异常，正在确认是否持续。,324f7c1e-da89-4a22-ba3a-14cd4903bda9,sub-001,ses-001,,,1789379781.4186757,,,recorder,server,,,406329,410650,3,-32.000064849853516,host_receive_nearest,,,,,,,,,,,,1,,,,,,,,,,,,,,,,,,,,V4,B,,,1789379781.4186757,410650,,,,,,,,,,
73026ee7-8d57-5f22-9f1e-2b222d89abdd,quiz_item_response,1789379787.2162256,1648.42,407785,4,4,,2,G01,B,bbbd_subtraction,quiz_item_response,长平之战发生在哪两个国家之间？,,0.0,0.0,,V4Q1,B,B,True,5351,"{""client_event_id"":""93a53a06-99d5-4446-a5ba-91bdeea0bfa1"",""recorder_run_id"":""324f7c1e-da89-4a22-ba3a-14cd4903bda9"",""client_id"":""236c2dd9-7af5-4104-acf6-d8b2600b9bd5"",""client_timestamp"":1789379787.2157,""client_monotonic_ms"":1709847.2999999821,""event_timestamp"":1789379787.2162256,""clock_offset_sec"":0.0005257129669189453,""clock_round_trip_ms"":1.2998580932617188,""subject_id"":""sub-001"",""session_id"":""ses-001"",""block_id"":""Block 4"",""counterbalance_group"":""G01"",""block_order"":""Block 4"",""condition"":""B"",""condition_type"":""bbbd_subtraction"",""topic_key"":""V4"",""topic_name"":""中国古代最大的歼灭战 长平之战"",""event_type"":""quiz_item_response"",""iso_time"":""2026-09-14T09:56:27.215Z"",""relative_ms"":368801,""video_time_sec"":313.818,""video_id"":""V4"",""question_id"":""V4Q1"",""question_text"":""长平之战发生在哪两个国家之间？"",""response_index"":1,""response_letter"":""B"",""response_text"":""秦与赵"",""correct_index"":1,""correct_letter"":""B"",""correct_text"":""秦与赵"",""is_correct"":true,""reaction_time_ms"":5351,""submitted_iso"":""2026-09-14T09:56:27.215Z"",""submitted_relative_ms"":368801}",324f7c1e-da89-4a22-ba3a-14cd4903bda9,sub-001,ses-001,93a53a06-99d5-4446-a5ba-91bdeea0bfa1,236c2dd9-7af5-4104-acf6-d8b2600b9bd5,1789379787.2306757,1789379787.2157,1709847.2999999821,browser,browser_calibrated,0.0005257129669189453,1.2998580932617188,407784,412105,3,-1.5499591827392578,host_receive_nearest,verified,1,1,,,,,,,,,1,,,,,,,,,,,,,,,,,长平之战发生在哪两个国家之间？,1,秦与赵,V4,B,313.818,1789379787.2157,1789379787.2306757,412105,,,,,,,,,,
aea460a6-7eaf-5619-bd18-e9aaf9caf3ee,quiz_item_response,1789379787.2192256,1648.42,407790,4,4,,2,G01,B,bbbd_subtraction,quiz_item_response,长平之战中，赵国最初的将领是谁？,,0.0,0.0,,V4Q2,A,A,True,7923,"{""client_event_id"":""b576b0dc-a062-4d67-8f90-ddd2708731bc"",""recorder_run_id"":""324f7c1e-da89-4a22-ba3a-14cd4903bda9"",""client_id"":""236c2dd9-7af5-4104-acf6-d8b2600b9bd5"",""client_timestamp"":1789379787.2187,""client_monotonic_ms"":1709850.2999999821,""event_timestamp"":1789379787.2192256,""clock_offset_sec"":0.0005257129669189453,""clock_round_trip_ms"":1.2998580932617188,""subject_id"":""sub-001"",""session_id"":""ses-001"",""block_id"":""Block 4"",""counterbalance_group"":""G01"",""block_order"":""Block 4"",""condition"":""B"",""condition_type"":""bbbd_subtraction"",""topic_key"":""V4"",""topic_name"":""中国古代最大的歼灭战 长平之战"",""event_type"":""quiz_item_response"",""iso_time"":""2026-09-14T09:56:27.218Z"",""relative_ms"":368804,""video_time_sec"":313.818,""video_id"":""V4"",""question_id"":""V4Q2"",""question_text"":""长平之战中，赵国最初的将领是谁？"",""response_index"":0,""response_letter"":""A"",""response_text"":""廉颇"",""correct_index"":0,""correct_letter"":""A"",""correct_text"":""廉颇"",""is_correct"":true,""reaction_time_ms"":7923,""submitted_iso"":""2026-09-14T09:56:27.218Z"",""submitted_relative_ms"":368804}",324f7c1e-da89-4a22-ba3a-14cd4903bda9,sub-001,ses-001,b576b0dc-a062-4d67-8f90-ddd2708731bc,236c2dd9-7af5-4104-acf6-d8b2600b9bd5,1789379787.2466755,1789379787.2187,1709850.2999999821,browser,browser_calibrated,0.0005257129669189453,1.2998580932617188,407784,412105,3,-4.549980163574219,host_receive_nearest,verified,1,1,,,,,,,,,1,,,,,,,,,,,,,,,,,长平之战中，赵国最初的将领是谁？,0,廉颇,V4,B,313.818,1789379787.2187,1789379787.2466755,412105,,,,,,,,,,
534f0532-46a3-53ea-abbc-5e6bc59baf1f,quiz_item_response,1789379787.2211256,1648.42,407790,4,4,,2,G01,B,bbbd_subtraction,quiz_item_response,长平之战中，秦国的主将是谁？,,0.0,0.0,,V4Q3,B,B,True,14559,"{""client_event_id"":""4f6bd65c-99ba-4641-9624-8b08d616e460"",""recorder_run_id"":""324f7c1e-da89-4a22-ba3a-14cd4903bda9"",""client_id"":""236c2dd9-7af5-4104-acf6-d8b2600b9bd5"",""client_timestamp"":1789379787.2206,""client_monotonic_ms"":1709852.199999988,""event_timestamp"":1789379787.2211256,""clock_offset_sec"":0.0005257129669189453,""clock_round_trip_ms"":1.2998580932617188,""subject_id"":""sub-001"",""session_id"":""ses-001"",""block_id"":""Block 4"",""counterbalance_group"":""G01"",""block_order"":""Block 4"",""condition"":""B"",""condition_type"":""bbbd_subtraction"",""topic_key"":""V4"",""topic_name"":""中国古代最大的歼灭战 长平之战"",""event_type"":""quiz_item_response"",""iso_time"":""2026-09-14T09:56:27.220Z"",""relative_ms"":368806,""video_time_sec"":313.818,""video_id"":""V4"",""question_id"":""V4Q3"",""question_text"":""长平之战中，秦国的主将是谁？"",""response_index"":1,""response_letter"":""B"",""response_text"":""白起"",""correct_index"":1,""correct_letter"":""B"",""correct_text"":""白起"",""is_correct"":true,""reaction_time_ms"":14559,""submitted_iso"":""2026-09-14T09:56:27.220Z"",""submitted_relative_ms"":368806}",324f7c1e-da89-4a22-ba3a-14cd4903bda9,sub-001,ses-001,4f6bd65c-99ba-4641-9624-8b08d616e460,236c2dd9-7af5-4104-acf6-d8b2600b9bd5,1789379787.2466755,1789379787.2206,1709852.199999988,browser,browser_calibrated,0.0005257129669189453,1.2998580932617188,407784,412105,3,-6.44993782043457,host_receive_nearest,verified,1,1,,,,,,,,,1,,,,,,,,,,,,,,,,,长平之战中，秦国的主将是谁？,1,白起,V4,B,313.818,1789379787.2206,1789379787.2466755,412105,,,,,,,,,,
af639edc-4dbd-5e8a-b623-6d6f3693ba3c,quiz_item_response,1789379787.2228255,1648.424,407795,4,4,,2,G01,B,bbbd_subtraction,quiz_item_response,长平之战对战国局势的影响是？,,0.0,0.0,,V4Q4,B,B,True,21003,"{""client_event_id"":""65b872c5-c89c-464d-bd42-5eaceec7c7a5"",""recorder_run_id"":""324f7c1e-da89-4a22-ba3a-14cd4903bda9"",""client_id"":""236c2dd9-7af5-4104-acf6-d8b2600b9bd5"",""client_timestamp"":1789379787.2222998,""client_monotonic_ms"":1709853.8999999762,""event_timestamp"":1789379787.2228255,""clock_offset_sec"":0.0005257129669189453,""clock_round_trip_ms"":1.2998580932617188,""subject_id"":""sub-001"",""session_id"":""ses-001"",""block_id"":""Block 4"",""counterbalance_group"":""G01"",""block_order"":""Block 4"",""condition"":""B"",""condition_type"":""bbbd_subtraction"",""topic_key"":""V4"",""topic_name"":""中国古代最大的歼灭战 长平之战"",""event_type"":""quiz_item_response"",""iso_time"":""2026-09-14T09:56:27.222Z"",""relative_ms"":368808,""video_time_sec"":313.818,""video_id"":""V4"",""question_id"":""V4Q4"",""question_text"":""长平之战对战国局势的影响是？"",""response_index"":1,""response_letter"":""B"",""response_text"":""赵国元气大伤，秦国统一趋势加强"",""correct_index"":1,""correct_letter"":""B"",""correct_text"":""赵国元气大伤，秦国统一趋势加强"",""is_correct"":true,""reaction_time_ms"":21003,""submitted_iso"":""2026-09-14T09:56:27.222Z"",""submitted_relative_ms"":368808}",324f7c1e-da89-4a22-ba3a-14cd4903bda9,sub-001,ses-001,65b872c5-c89c-464d-bd42-5eaceec7c7a5,236c2dd9-7af5-4104-acf6-d8b2600b9bd5,1789379787.2466755,1789379787.2222998,1709853.8999999762,browser,browser_calibrated,0.0005257129669189453,1.2998580932617188,407785,412106,3,7.850170135498047,host_receive_nearest,verified,1,1,,,,,,,,,1,,,,,,,,,,,,,,,,,长平之战对战国局势的影响是？,1,赵国元气大伤，秦国统一趋势加强,V4,B,313.818,1789379787.2222998,1789379787.2466755,412106,,,,,,,,,,
c3daafc6-8b9a-5472-adac-f271aa1d2397,quiz_end,1789379787.2246256,1648.424,407795,4,4,,2,G01,B,bbbd_subtraction,quiz_end,4/4,22.342,0.0,0.0,,,,,,,"{""client_event_id"":""146d52e9-8956-42f1-912e-69b6622614ed"",""recorder_run_id"":""324f7c1e-da89-4a22-ba3a-14cd4903bda9"",""client_id"":""236c2dd9-7af5-4104-acf6-d8b2600b9bd5"",""client_timestamp"":1789379787.2240999,""client_monotonic_ms"":1709855.699999988,""event_timestamp"":1789379787.2246256,""clock_offset_sec"":0.0005257129669189453,""clock_round_trip_ms"":1.2998580932617188,""subject_id"":""sub-001"",""session_id"":""ses-001"",""block_id"":""Block 4"",""counterbalance_group"":""G01"",""block_order"":""Block 4"",""condition"":""B"",""condition_type"":""bbbd_subtraction"",""topic_key"":""V4"",""topic_name"":""中国古代最大的歼灭战 长平之战"",""event_type"":""quiz_end"",""iso_time"":""2026-09-14T09:56:27.224Z"",""relative_ms"":368810,""video_time_sec"":313.818,""score"":4,""total"":4,""duration_sec"":22.342}",324f7c1e-da89-4a22-ba3a-14cd4903bda9,sub-001,ses-001,146d52e9-8956-42f1-912e-69b6622614ed,236c2dd9-7af5-4104-acf6-d8b2600b9bd5,1789379787.2616756,1789379787.2240999,1709855.699999988,browser,browser_calibrated,0.0005257129669189453,1.2998580932617188,407785,412106,3,6.05010986328125,host_receive_nearest,verified,1,1,,,,,,,,,1,,,,,,,,,,,,,,,4,4,,,,V4,B,313.818,1789379787.2240999,1789379787.2616756,412106,,,,,,,,,,
b07ecb31-7cc6-5544-97ec-24d3237ce190,block_end,1789379787.2246256,1648.424,407795,4,4,,2,G01,B,bbbd_subtraction,block_end,V4,,0.0,0.0,,,,,,,,324f7c1e-da89-4a22-ba3a-14cd4903bda9,sub-001,ses-001,146d52e9-8956-42f1-912e-69b6622614ed,236c2dd9-7af5-4104-acf6-d8b2600b9bd5,1789379787.2616756,1789379787.2240999,1709855.699999988,browser,browser_calibrated,0.0005257129669189453,1.2998580932617188,407785,412106,3,6.05010986328125,host_receive_nearest,verified,1,1,,,,,,,,,1,,,,,,,,,,,,,,,,,,,,V4,B,313.818,1789379787.2240999,1789379787.2616756,412106,,,,,,,,,,
defdeeff-5bf1-53b2-a2a3-2bf638611429,rest_start,1789379787.2278254,1648.424,407795,4,4,,2,G01,B,bbbd_subtraction,rest_start,after-block-4,,0.0,0.0,,,,,,,"{""client_event_id"":""2414d2ee-9533-4e85-96d9-8cf62a1b224a"",""recorder_run_id"":""324f7c1e-da89-4a22-ba3a-14cd4903bda9"",""client_id"":""236c2dd9-7af5-4104-acf6-d8b2600b9bd5"",""client_timestamp"":1789379787.2272997,""client_monotonic_ms"":1709858.8999999762,""event_timestamp"":1789379787.2278254,""clock_offset_sec"":0.0005257129669189453,""clock_round_trip_ms"":1.2998580932617188,""subject_id"":""sub-001"",""session_id"":""ses-001"",""block_id"":""Block 4"",""counterbalance_group"":""G01"",""block_order"":""Block 4"",""condition"":""B"",""condition_type"":""bbbd_subtraction"",""topic_key"":""V4"",""topic_name"":""中国古代最大的歼灭战 长平之战"",""event_type"":""rest_start"",""iso_time"":""2026-09-14T09:56:27.227Z"",""relative_ms"":368813,""video_time_sec"":313.818,""after_block_id"":4,""planned_duration"":30,""actual_duration"":"""",""is_formal_experiment"":0}",324f7c1e-da89-4a22-ba3a-14cd4903bda9,sub-001,ses-001,2414d2ee-9533-4e85-96d9-8cf62a1b224a,236c2dd9-7af5-4104-acf6-d8b2600b9bd5,1789379787.2616756,1789379787.2272997,1709858.8999999762,browser,browser_calibrated,0.0005257129669189453,1.2998580932617188,407785,412106,3,2.8502941131591797,host_receive_nearest,verified,0,1,,,,,4,,30,,0,,,,,,,,,,,,,,,,,,,,V4,B,313.818,1789379787.2272997,1789379787.2616756,412106,,,,,,,,,,
3c042fc2-ad05-5b10-a2bf-ba8f19848095,qc_status_change,1789379787.4186757,1648.62,407835,,,,,G01,,,qc_status_change,bad,,0.0,0.0,,,,,,,通道2 RMS相对基线突变，可能接触不稳，请检查并重新连接。,324f7c1e-da89-4a22-ba3a-14cd4903bda9,sub-001,ses-001,,,1789379787.4186757,,,recorder,server,,,407834,412155,3,0.0,host_receive_nearest,,,,,,,,,,,,0,,,,,,,,,,,,,,,,,,,,,,,,1789379787.4186757,412155,,,,,,,,,,
f4bd3267-9248-5c0d-8252-a7ecc32e7ecf,qc_status_change,1789379789.4186757,1650.62,408335,,,,,G01,,,qc_status_change,good,,0.0,0.0,,,,,,,当前QC指标正常。,324f7c1e-da89-4a22-ba3a-14cd4903bda9,sub-001,ses-001,,,1789379789.4186757,,,recorder,server,,,408334,412655,3,0.0,host_receive_nearest,,,,,,,,,,,,0,,,,,,,,,,,,,,,,,,,,,,,,1789379789.4186757,412655,,,,,,,,,,
5c706e35-25f1-533b-a972-b9e0096300b5,qc_status_change,1789379801.4496756,1662.64,411340,,,,,G01,,,qc_status_change,warning,,0.0,0.0,,,,,,,通道2 RMS相对基线异常，正在确认是否持续。,324f7c1e-da89-4a22-ba3a-14cd4903bda9,sub-001,ses-001,,,1789379801.4496756,,,recorder,server,,,411339,415660,3,-16.000032424926758,host_receive_nearest,,,,,,,,,,,,0,,,,,,,,,,,,,,,,,,,,,,,,1789379801.4496756,415660,,,,,,,,,,
e772095f-2aee-5ae4-9b43-bda2d9e41edf,qc_status_change,1789379807.4646757,1668.68,412850,,,,,G01,,,qc_status_change,bad,,0.0,0.0,,,,,,,通道2 RMS相对基线突变，可能接触不稳，请检查并重新连接。,324f7c1e-da89-4a22-ba3a-14cd4903bda9,sub-001,ses-001,,,1789379807.4646757,,,recorder,server,,,412849,417170,3,-15.000104904174805,host_receive_nearest,,,,,,,,,,,,0,,,,,,,,,,,,,,,,,,,,,,,,1789379807.4646757,417170,,,,,,,,,,
b0ec9197-98f1-58e0-8cb7-6c63364010c5,qc_status_change,1789379809.4646757,1670.66,413345,,,,,G01,,,qc_status_change,good,,0.0,0.0,,,,,,,当前QC指标正常。,324f7c1e-da89-4a22-ba3a-14cd4903bda9,sub-001,ses-001,,,1789379809.4646757,,,recorder,server,,,413344,417665,3,-31.000137329101562,host_receive_nearest,,,,,,,,,,,,0,,,,,,,,,,,,,,,,,,,,,,,,1789379809.4646757,417665,,,,,,,,,,
d66a88da-ca61-5773-ac15-8813687b8261,qc_status_change,1789379811.4646757,1672.68,413850,,,,,G01,,,qc_status_change,warning,,0.0,0.0,,,,,,,通道2 RMS相对基线异常，正在确认是否持续。,324f7c1e-da89-4a22-ba3a-14cd4903bda9,sub-001,ses-001,,,1789379811.4646757,,,recorder,server,,,413849,418170,3,-15.000104904174805,host_receive_nearest,,,,,,,,,,,,0,,,,,,,,,,,,,,,,,,,,,,,,1789379811.4646757,418170,,,,,,,,,,
7323776c-90a3-54a9-b26b-a980ec854b20,qc_status_change,1789379817.4646757,1678.64,415340,,,,,G01,,,qc_status_change,bad,,0.0,0.0,,,,,,,通道2 RMS相对基线突变，可能接触不稳，请检查并重新连接。,324f7c1e-da89-4a22-ba3a-14cd4903bda9,sub-001,ses-001,,,1789379817.4646757,,,recorder,server,,,415339,419660,3,-46.000003814697266,host_receive_nearest,,,,,,,,,,,,0,,,,,,,,,,,,,,,,,,,,,,,,1789379817.4646757,419660,,,,,,,,,,
cad86cb3-8352-57be-8305-a5a8245dcbcf,qc_status_change,1789379821.4496756,1682.64,416340,,,,,G01,,,qc_status_change,good,,0.0,0.0,,,,,,,当前QC指标正常。,324f7c1e-da89-4a22-ba3a-14cd4903bda9,sub-001,ses-001,,,1789379821.4496756,,,recorder,server,,,416339,420660,3,-30.99989891052246,host_receive_nearest,,,,,,,,,,,,0,,,,,,,,,,,,,,,,,,,,,,,,1789379821.4496756,420660,,,,,,,,,,
3796ca80-64b6-57bb-9aa1-c1da85494804,qc_status_change,1789379825.4646757,1686.68,417350,,,,,G01,,,qc_status_change,warning,,0.0,0.0,,,,,,,通道2 RMS相对基线异常，正在确认是否持续。,324f7c1e-da89-4a22-ba3a-14cd4903bda9,sub-001,ses-001,,,1789379825.4646757,,,recorder,server,,,417349,421670,3,-15.000104904174805,host_receive_nearest,,,,,,,,,,,,0,,,,,,,,,,,,,,,,,,,,,,,,1789379825.4646757,421670,,,,,,,,,,
8017dad0-ad58-5978-8de1-671dd03ec3c1,qc_status_change,1789379831.4496756,1692.66,418845,,,,,G01,,,qc_status_change,good,,0.0,0.0,,,,,,,当前QC指标正常。,324f7c1e-da89-4a22-ba3a-14cd4903bda9,sub-001,ses-001,,,1789379831.4496756,,,recorder,server,,,418844,423165,3,0.0,host_receive_nearest,,,,,,,,,,,,0,,,,,,,,,,,,,,,,,,,,,,,,1789379831.4496756,423165,,,,,,,,,,
a3e2cd99-9fef-5943-9828-63861748ded4,rest_end,1789379832.5392754,1693.74,419115,4,4,,2,G01,B,bbbd_subtraction,rest_end,after-block-4,45.308,0.0,0.0,,,,,,,"{""client_event_id"":""e833f734-c9a3-497d-8667-27db0ec3b00d"",""recorder_run_id"":""324f7c1e-da89-4a22-ba3a-14cd4903bda9"",""client_id"":""236c2dd9-7af5-4104-acf6-d8b2600b9bd5"",""client_timestamp"":1789379832.5354,""client_monotonic_ms"":1755167,""event_timestamp"":1789379832.5392754,""clock_offset_sec"":0.0038754940032958984,""clock_round_trip_ms"":1.4002323150634766,""subject_id"":""sub-001"",""session_id"":""ses-001"",""block_id"":""Block 4"",""counterbalance_group"":""G01"",""block_order"":""Block 4"",""condition"":""B"",""condition_type"":""bbbd_subtraction"",""topic_key"":""V4"",""topic_name"":""中国古代最大的歼灭战 长平之战"",""event_type"":""rest_end"",""iso_time"":""2026-09-14T09:57:12.535Z"",""relative_ms"":414121,""video_time_sec"":313.818,""after_block_id"":4,""planned_duration"":30,""actual_duration"":45.308,""duration_sec"":45.308,""is_formal_experiment"":0,""debug_early"":false}",324f7c1e-da89-4a22-ba3a-14cd4903bda9,sub-001,ses-001,e833f734-c9a3-497d-8667-27db0ec3b00d,236c2dd9-7af5-4104-acf6-d8b2600b9bd5,1789379832.5436757,1789379832.5354,1755167,browser,browser_calibrated,0.0038754940032958984,1.4002323150634766,419114,423435,3,-11.59977912902832,host_receive_nearest,verified,0,1,,,,,4,,30,45.308,0,,,,,,,,,,,,,,,,,,,,V4,B,313.818,1789379832.5354,1789379832.5436757,423435,,,,,,,,,,
399c7372-305c-5720-bd63-7ede18e5ddb9,block_start,1789379840.3385754,1701.52,421060,5,5,,2,G01,A,focused,block_start,V5,,0.0,0.0,,,,,,,condition=A; condition_type=focused,324f7c1e-da89-4a22-ba3a-14cd4903bda9,sub-001,ses-001,719b0717-65d3-497a-83b7-dd5e935d4eb5,236c2dd9-7af5-4104-acf6-d8b2600b9bd5,1789379840.3396757,1789379840.3346999,1762966.2999999821,browser,browser_calibrated,0.0038754940032958984,1.4002323150634766,421059,425380,3,-29.89983558654785,host_receive_nearest,verified,0,1,,,,,,,,,1,,,,,,,,,,,,,,,,,,,,V5,A,0,1789379840.3346999,1789379840.3396757,425380,,,,,,,,,,
e209f351-49c7-58b4-b24f-a09ec15a4fa7,condition_prompt_start,1789379840.3385754,1701.52,421060,5,5,,2,G01,A,focused,condition_prompt_start,A,,0.0,0.0,,,,,,,,324f7c1e-da89-4a22-ba3a-14cd4903bda9,sub-001,ses-001,719b0717-65d3-497a-83b7-dd5e935d4eb5,236c2dd9-7af5-4104-acf6-d8b2600b9bd5,1789379840.3396757,1789379840.3346999,1762966.2999999821,browser,browser_calibrated,0.0038754940032958984,1.4002323150634766,421059,425380,3,-29.89983558654785,host_receive_nearest,verified,0,1,,,,,,,,,1,,,,,,,,,,,,,,,,,,,,V5,A,0,1789379840.3346999,1789379840.3396757,425380,,,,,,,,,,
891732b3-f681-58cd-bca4-e9d35375737d,browser_block_config,1789379840.3385754,1701.52,421060,5,5,,2,G01,A,focused,browser_block_config,V5,,0.0,0.0,,,,,,,"{""client_event_id"":""719b0717-65d3-497a-83b7-dd5e935d4eb5"",""recorder_run_id"":""324f7c1e-da89-4a22-ba3a-14cd4903bda9"",""client_id"":""236c2dd9-7af5-4104-acf6-d8b2600b9bd5"",""client_timestamp"":1789379840.3346999,""client_monotonic_ms"":1762966.2999999821,""event_timestamp"":1789379840.3385754,""clock_offset_sec"":0.0038754940032958984,""clock_round_trip_ms"":1.4002323150634766,""subject_id"":""sub-001"",""session_id"":""ses-001"",""block_id"":""Block 5"",""counterbalance_group"":""G01"",""block_order"":""Block 5"",""condition"":""A"",""condition_type"":""focused"",""topic_key"":""V5"",""topic_name"":""千古一帝秦始皇都做了什么"",""event_type"":""block_start"",""iso_time"":""2026-09-14T09:57:20.334Z"",""relative_ms"":0,""video_time_sec"":0,""block_start_iso"":""2026-09-14T09:57:20.334Z"",""config_json"":""{\""recorder_run_id\"":\""324f7c1e-da89-4a22-ba3a-14cd4903bda9\"",\""subject_id\"":\""sub-001\"",\""session_id\"":\""ses-001\"",\""block_id\"":\""Block 5\"",\""counterbalance_group\"":\""G01\"",\""condition\"":\""A\"",\""condition_type\"":\""focused\"",\""topic_key\"":\""V5\"",\""topic_name\"":\""千古一帝秦始皇都做了什么\"",\""video_file\"":\""视频5-混知漫画｜千古一帝秦始皇都干了啥？-480P 标清-AVC.mp4\"",\""start_number\"":\""\"",\""generated_timestamp\"":\""\""}""}",324f7c1e-da89-4a22-ba3a-14cd4903bda9,sub-001,ses-001,719b0717-65d3-497a-83b7-dd5e935d4eb5,236c2dd9-7af5-4104-acf6-d8b2600b9bd5,1789379840.3396757,1789379840.3346999,1762966.2999999821,browser,browser_calibrated,0.0038754940032958984,1.4002323150634766,421059,425380,3,-29.89983558654785,host_receive_nearest,verified,0,1,,,,,,,,,1,,,,,,,,,,,,,,,,,,,,V5,A,0,1789379840.3346999,1789379840.3396757,425380,,,,,,,,,,
2286fe0d-6f18-5018-827d-b7e1b8004e49,probe_schedule,1789379840.3982754,1701.56,421070,5,5,,2,G01,A,focused,probe_schedule,"87.722,164.677,243.845,301.408",,0.0,0.0,,,,,,,"{""client_event_id"":""87a14e7b-dedb-4e27-aa40-8a0166c2744b"",""recorder_run_id"":""324f7c1e-da89-4a22-ba3a-14cd4903bda9"",""client_id"":""236c2dd9-7af5-4104-acf6-d8b2600b9bd5"",""client_timestamp"":1789379840.3944,""client_monotonic_ms"":1763026,""event_timestamp"":1789379840.3982754,""clock_offset_sec"":0.0038754940032958984,""clock_round_trip_ms"":1.4002323150634766,""subject_id"":""sub-001"",""session_id"":""ses-001"",""block_id"":""Block 5"",""counterbalance_group"":""G01"",""block_order"":""Block 5"",""condition"":""A"",""condition_type"":""focused"",""topic_key"":""V5"",""topic_name"":""千古一帝秦始皇都做了什么"",""event_type"":""probe_schedule"",""iso_time"":""2026-09-14T09:57:20.394Z"",""relative_ms"":60,""video_time_sec"":0,""probe_schedule_id"":""fbe1a32e-4dda-4ef0-9607-1005c4e494c7"",""probe_times"":[87.722,164.677,243.845,301.408],""probe_config"":{""probes_per_block"":4,""min_first_onset_sec"":45,""min_end_margin_sec"":30,""min_gap_sec"":45},""video_duration_sec"":391.048,""video_id"":""V5"",""debug_fast"":false}",324f7c1e-da89-4a22-ba3a-14cd4903bda9,sub-001,ses-001,87a14e7b-dedb-4e27-aa40-8a0166c2744b,236c2dd9-7af5-4104-acf6-d8b2600b9bd5,1789379840.4026756,1789379840.3944,1763026,browser,browser_calibrated,0.0038754940032958984,1.4002323150634766,421069,425390,3,-42.59967803955078,host_receive_nearest,verified,1,1,,,,,,,,,1,,,,,,,,,,,,,,,,,,,,V5,A,0,1789379840.3944,1789379840.4026756,425390,,4,fbe1a32e-4dda-4ef0-9607-1005c4e494c7,,,,,,,
d2b9df65-6c45-569d-a557-58d37a697ce5,condition_prompt_end,1789379845.4141,1706.42,422285,5,5,,2,G01,A,focused,condition_prompt_end,0,,0.0,0.0,,,,,,,"{""client_event_id"":""8dd0a497-65df-4f1c-b9d9-a20abde3747e"",""recorder_run_id"":""324f7c1e-da89-4a22-ba3a-14cd4903bda9"",""client_id"":""236c2dd9-7af5-4104-acf6-d8b2600b9bd5"",""client_timestamp"":1789379845.4141,""client_monotonic_ms"":1768045.7999999821,""event_timestamp"":1789379845.4141,""clock_offset_sec"":0.0033257007598876953,""clock_round_trip_ms"":1.4998912811279297,""subject_id"":""sub-001"",""session_id"":""ses-001"",""block_id"":""Block 5"",""counterbalance_group"":""G01"",""block_order"":""Block 5"",""condition"":""A"",""condition_type"":""focused"",""topic_key"":""V5"",""topic_name"":""千古一帝秦始皇都做了什么"",""event_type"":""condition_prompt_end"",""iso_time"":""2026-09-14T09:57:25.414Z"",""relative_ms"":5080,""video_time_sec"":0}",324f7c1e-da89-4a22-ba3a-14cd4903bda9,sub-001,ses-001,8dd0a497-65df-4f1c-b9d9-a20abde3747e,236c2dd9-7af5-4104-acf6-d8b2600b9bd5,1789379845.4186757,1789379845.4141,1768045.7999999821,browser,browser_calibrated,0.0033257007598876953,1.4998912811279297,422284,426605,3,-136.42430305480957,host_receive_nearest,verified,1,0,,,,,,,,,1,,,,,,,,,,,,,,,,,,,,V5,A,0,1789379845.4141,1789379845.4186757,426605,,,,,,,,,,
91703fec-67a1-5f52-a1fe-a5b2c84000b3,video_start,1789379845.4141,1706.42,422285,5,5,,2,G01,A,focused,video_start,V5,,0.0,0.0,,,,,,,,324f7c1e-da89-4a22-ba3a-14cd4903bda9,sub-001,ses-001,577855d5-e7ea-4b98-b00f-ba4f18b42016,236c2dd9-7af5-4104-acf6-d8b2600b9bd5,1789379845.4336755,1789379845.419,1768050.599999994,browser,browser_calibrated,0.0033257007598876953,1.4998912811279297,422284,426605,3,-136.42430305480957,host_receive_nearest,verified,1,1,,,,,,,,,1,,,,,,,,,,,,,,,,,,,,V5,A,0,1789379845.419,1789379845.4336755,426605,,,,,,,,,,
b7982877-0425-5c93-a5f3-6f14a01b15d4,video_play,1789379845.4141,1706.42,422285,5,5,,2,G01,A,focused,video_play,0,,0.0,0.0,,,,,,,"{""client_event_id"":""577855d5-e7ea-4b98-b00f-ba4f18b42016"",""recorder_run_id"":""324f7c1e-da89-4a22-ba3a-14cd4903bda9"",""client_id"":""236c2dd9-7af5-4104-acf6-d8b2600b9bd5"",""client_timestamp"":1789379845.419,""client_monotonic_ms"":1768050.599999994,""event_timestamp"":1789379845.4141,""clock_offset_sec"":0.0033257007598876953,""clock_round_trip_ms"":1.4998912811279297,""subject_id"":""sub-001"",""session_id"":""ses-001"",""block_id"":""Block 5"",""counterbalance_group"":""G01"",""block_order"":""Block 5"",""condition"":""A"",""condition_type"":""focused"",""topic_key"":""V5"",""topic_name"":""千古一帝秦始皇都做了什么"",""event_type"":""video_play"",""iso_time"":""2026-09-14T09:57:25.419Z"",""relative_ms"":5084,""video_time_sec"":0}",324f7c1e-da89-4a22-ba3a-14cd4903bda9,sub-001,ses-001,577855d5-e7ea-4b98-b00f-ba4f18b42016,236c2dd9-7af5-4104-acf6-d8b2600b9bd5,1789379845.4336755,1789379845.419,1768050.599999994,browser,browser_calibrated,0.0033257007598876953,1.4998912811279297,422284,426605,3,-136.42430305480957,host_receive_nearest,verified,1,1,,,,,,,,,1,,,,,,,,,,,,,,,,,,,,V5,A,0,1789379845.419,1789379845.4336755,426605,,,,,,,,,,
4ac7ba39-c728-51bb-9664-f1eaaa4a3738,eeg_dropout,1789379849.4646757,,422290,5,5,,2,G01,A,focused,eeg_dropout,signal_lost,,0.0,0.0,,,,,,,absence_threshold_sec=2,324f7c1e-da89-4a22-ba3a-14cd4903bda9,sub-001,ses-001,,,1789379849.4646757,,,recorder,server,,,,,,-3375.0,outside_sample_tolerance,,,,,,,,,,,,1,,,,,,,,,,,,,,,,,,,,V5,A,,,1789379849.4646757,,,,,,,,,,,eeg_dropout
6e681a5b-2273-541d-8139-0f30f4ac8ea5,qc_status_change,1789379849.4646757,,422290,5,5,,2,G01,A,focused,qc_status_change,bad,,0.0,0.0,,,,,,,已连续 3.4 秒没有EEG，请立即重新连接耳机。,324f7c1e-da89-4a22-ba3a-14cd4903bda9,sub-001,ses-001,,,1789379849.4646757,,,recorder,server,,,,,,-3375.0,outside_sample_tolerance,,,,,,,,,,,,1,,,,,,,,,,,,,,,,,,,,V5,A,,,1789379849.4646757,,,,,,,,,,,
b30abf9f-829c-57b3-842b-0519a436aed0,phase_change,1789379849.9927258,,422290,5,5,,2,G01,A,focused,phase_change,paused,,0.0,0.0,,,,,,,,324f7c1e-da89-4a22-ba3a-14cd4903bda9,sub-001,ses-001,831aa44c-89b0-4d74-b50e-a886aebf12e9,236c2dd9-7af5-4104-acf6-d8b2600b9bd5,1789379849.9966755,1789379849.9929,1772624.5,browser,browser_calibrated,-0.00017404556274414062,1.4998912811279297,,,,-3903.050184249878,outside_sample_tolerance,verified,1,1,,,,,,,,,1,,,,,,,,,,,,,,,,,,,,V5,A,4.52,1789379849.9929,1789379849.9966755,,,,,,,,,,,
7b3bfbf0-d9e9-57ef-ba0b-cb98ab683d2c,video_pause,1789379849.9927258,,422290,5,5,,2,G01,A,focused,video_pause,4.52,,0.0,0.0,,,,,,,"{""client_event_id"":""831aa44c-89b0-4d74-b50e-a886aebf12e9"",""recorder_run_id"":""324f7c1e-da89-4a22-ba3a-14cd4903bda9"",""client_id"":""236c2dd9-7af5-4104-acf6-d8b2600b9bd5"",""client_timestamp"":1789379849.9929,""client_monotonic_ms"":1772624.5,""event_timestamp"":1789379849.9927258,""clock_offset_sec"":-0.00017404556274414062,""clock_round_trip_ms"":1.4998912811279297,""subject_id"":""sub-001"",""session_id"":""ses-001"",""block_id"":""Block 5"",""counterbalance_group"":""G01"",""block_order"":""Block 5"",""condition"":""A"",""condition_type"":""focused"",""topic_key"":""V5"",""topic_name"":""千古一帝秦始皇都做了什么"",""event_type"":""video_pause"",""iso_time"":""2026-09-14T09:57:29.993Z"",""relative_ms"":9658,""video_time_sec"":4.52,""pause_reason"":""eeg_dropout"",""reason"":""automatic_watchdog""}",324f7c1e-da89-4a22-ba3a-14cd4903bda9,sub-001,ses-001,831aa44c-89b0-4d74-b50e-a886aebf12e9,236c2dd9-7af5-4104-acf6-d8b2600b9bd5,1789379849.9966755,1789379849.9929,1772624.5,browser,browser_calibrated,-0.00017404556274414062,1.4998912811279297,,,,-3903.050184249878,outside_sample_tolerance,verified,1,1,,,,,,,,,1,,,,,,,,,,,,,,,,,,,,V5,A,4.52,1789379849.9929,1789379849.9966755,,,,,,,,,,,eeg_dropout
2a3a0ab8-f287-5208-98e8-c45c7142591b,device_disconnected,1789379850.3086755,,422290,5,5,,2,G01,A,focused,device_disconnected,,,0,0,,,,,,,,324f7c1e-da89-4a22-ba3a-14cd4903bda9,sub-001,ses-001,,,1789379850.3086755,,,recorder,server,,,,,,-4218.999862670898,outside_sample_tolerance,,,,,,,,,,,,1,,,,,,,,,,,,,,,,,,,,V5,A,,,1789379850.3086755,,,,,,,,,,,
6e343568-e6ff-5c26-94ab-522677220ef8,device_connected,1789379864.0276756,,422290,5,5,,2,G01,A,focused,device_connected,74:4D:BD:62:FD:8D,,0.0,0.0,,,,,,,,324f7c1e-da89-4a22-ba3a-14cd4903bda9,sub-001,ses-001,,,1789379864.0276756,,,recorder,server,,,,,,-17937.999963760376,outside_sample_tolerance,,,,,,,,,,,,1,,,,,,,,,,,,,,,,,,,,V5,A,,,1789379864.0276756,,,,,,,,,,,
c6cdfef5-3460-5b78-b575-de8885ac5671,eeg_recovery,1789379865.3866756,1706.444,422290,5,5,,2,G01,A,focused,eeg_recovery,signal_recovered,19.29699993133545,0.0,0.0,,,,,,,等待实验员重新确认同步后恢复视频,324f7c1e-da89-4a22-ba3a-14cd4903bda9,sub-001,ses-001,,,1789379865.3866756,,,recorder,server,,,422290,426611,4,0.0,host_receive_nearest,,,,,,,,,,,,1,,,,,,,,,,,,,,,,,,,,V5,A,,,1789379865.3866756,426611,,,,,,,,,,eeg_dropout
1197c518-4d8c-5f9e-8f71-6605ea6d4aa6,qc_status_change,1789379869.5276756,1710.608,423332,5,5,,2,G01,A,focused,qc_status_change,good,,0.0,0.0,,,,,,,当前QC指标正常。,324f7c1e-da89-4a22-ba3a-14cd4903bda9,sub-001,ses-001,,,1789379869.5276756,,,recorder,server,,,423331,427652,4,0.0,host_receive_nearest,,,,,,,,,,,,1,,,,,,,,,,,,,,,,,,,,V5,A,,,1789379869.5276756,427652,,,,,,,,,,
b945b677-4537-5075-bdb2-82708621a226,eeg_recovery_confirmed,1789379870.8721757,1711.888,423652,5,5,,2,G01,A,focused,eeg_recovery_confirmed,4.52,,0.0,0.0,,,,,,,"{""client_event_id"":""3f64eab3-ba27-4eca-a1b8-c11d12ea1d0b"",""recorder_run_id"":""324f7c1e-da89-4a22-ba3a-14cd4903bda9"",""client_id"":""236c2dd9-7af5-4104-acf6-d8b2600b9bd5"",""client_timestamp"":1789379870.8723,""client_monotonic_ms"":1793503.8999999762,""event_timestamp"":1789379870.8721757,""clock_offset_sec"":-0.00012421607971191406,""clock_round_trip_ms"":1.4002323150634766,""subject_id"":""sub-001"",""session_id"":""ses-001"",""block_id"":""Block 5"",""counterbalance_group"":""G01"",""block_order"":""Block 5"",""condition"":""A"",""condition_type"":""focused"",""topic_key"":""V5"",""topic_name"":""千古一帝秦始皇都做了什么"",""event_type"":""eeg_recovery_confirmed"",""iso_time"":""2026-09-14T09:57:50.872Z"",""relative_ms"":30538,""video_time_sec"":4.52,""pause_reason"":""eeg_dropout""}",324f7c1e-da89-4a22-ba3a-14cd4903bda9,sub-001,ses-001,3f64eab3-ba27-4eca-a1b8-c11d12ea1d0b,236c2dd9-7af5-4104-acf6-d8b2600b9bd5,1789379870.8866756,1789379870.8723,1793503.8999999762,browser,browser_calibrated,-0.00012421607971191406,1.4002323150634766,423651,427972,4,-16.499996185302734,host_receive_nearest,verified,1,0,,,,,,,,,1,,,,,,,,,,,,,,,,,,,,V5,A,4.52,1789379870.8723,1789379870.8866756,427972,,,,,,,,,,
281603f6-f761-53a8-b4a2-97cb9632ef7c,phase_change,1789379870.8749757,1711.892,423657,5,5,,2,G01,A,focused,phase_change,video,,0.0,0.0,,,,,,,,324f7c1e-da89-4a22-ba3a-14cd4903bda9,sub-001,ses-001,66744386-a73e-487f-9313-9d44fa25e2e2,236c2dd9-7af5-4104-acf6-d8b2600b9bd5,1789379870.8866756,1789379870.8751,1793506.699999988,browser,browser_calibrated,-0.00012421607971191406,1.4002323150634766,423652,427973,4,11.699914932250977,host_receive_nearest,verified,1,1,,,,,,,,,1,,,,,,,,,,,,,,,,,,,,V5,A,4.52,1789379870.8751,1789379870.8866756,427973,,,,,,,,,,
86d136e5-b042-55b0-9947-925d5a175926,video_resume,1789379870.8749757,1711.892,423657,5,5,,2,G01,A,focused,video_resume,4.52,,0.0,0.0,,,,,,,"{""client_event_id"":""66744386-a73e-487f-9313-9d44fa25e2e2"",""recorder_run_id"":""324f7c1e-da89-4a22-ba3a-14cd4903bda9"",""client_id"":""236c2dd9-7af5-4104-acf6-d8b2600b9bd5"",""client_timestamp"":1789379870.8751,""client_monotonic_ms"":1793506.699999988,""event_timestamp"":1789379870.8749757,""clock_offset_sec"":-0.00012421607971191406,""clock_round_trip_ms"":1.4002323150634766,""subject_id"":""sub-001"",""session_id"":""ses-001"",""block_id"":""Block 5"",""counterbalance_group"":""G01"",""block_order"":""Block 5"",""condition"":""A"",""condition_type"":""focused"",""topic_key"":""V5"",""topic_name"":""千古一帝秦始皇都做了什么"",""event_type"":""video_resume"",""iso_time"":""2026-09-14T09:57:50.875Z"",""relative_ms"":30541,""video_time_sec"":4.52,""pause_reason"":""eeg_dropout""}",324f7c1e-da89-4a22-ba3a-14cd4903bda9,sub-001,ses-001,66744386-a73e-487f-9313-9d44fa25e2e2,236c2dd9-7af5-4104-acf6-d8b2600b9bd5,1789379870.8866756,1789379870.8751,1793506.699999988,browser,browser_calibrated,-0.00012421607971191406,1.4002323150634766,423652,427973,4,11.699914932250977,host_receive_nearest,verified,1,1,,,,,,,,,1,,,,,,,,,,,,,,,,,,,,V5,A,4.52,1789379870.8751,1789379870.8866756,427973,,,,,,,,,,eeg_dropout
1f4f4e95-413d-56a4-a551-16bfec9e90f0,qc_status_change,1789379895.5436757,1736.608,429832,5,5,,2,G01,A,focused,qc_status_change,warning,,0.0,0.0,,,,,,,通道2 RMS相对基线异常，正在确认是否持续。,324f7c1e-da89-4a22-ba3a-14cd4903bda9,sub-001,ses-001,,,1789379895.5436757,,,recorder,server,,,429831,434152,4,0.0,host_receive_nearest,,,,,,,,,,,,1,,,,,,,,,,,,,,,,,,,,V5,A,,,1789379895.5436757,434152,,,,,,,,,,
6aa17580-2a4e-5d2a-ac9b-07a4123a157e,qc_status_change,1789379901.5586755,1742.628,431337,5,5,,2,G01,A,focused,qc_status_change,good,,0.0,0.0,,,,,,,当前QC指标正常。,324f7c1e-da89-4a22-ba3a-14cd4903bda9,sub-001,ses-001,,,1789379901.5586755,,,recorder,server,,,431336,435657,4,0.0,host_receive_nearest,,,,,,,,,,,,1,,,,,,,,,,,,,,,,,,,,V5,A,,,1789379901.5586755,435657,,,,,,,,,,
273397e4-5ae4-5b62-952c-bc7b0e3f863b,artifact,1789379923.3086755,1764.368,436772,5,5,,2,G01,A,focused,artifact,其他运动,,1.5,1.5,,,,,,,,324f7c1e-da89-4a22-ba3a-14cd4903bda9,sub-001,ses-001,,,1789379923.3086755,,,recorder,server,,,436771,441092,4,-14.999866485595703,host_receive_nearest,,,,,,,,,,,,1,,,,,,,,,,,,,,,,,,,,V5,A,,,1789379923.3086755,441092,,,,,,,,,,
9915203c-27c7-5c7e-b9a1-473906e51b9a,qc_status_change,1789379947.5436757,1788.628,442837,5,5,,2,G01,A,focused,qc_status_change,warning,,0.0,0.0,,,,,,,通道2 RMS相对基线异常，正在确认是否持续。,324f7c1e-da89-4a22-ba3a-14cd4903bda9,sub-001,ses-001,,,1789379947.5436757,,,recorder,server,,,442836,447157,4,0.0,host_receive_nearest,,,,,,,,,,,,1,,,,,,,,,,,,,,,,,,,,V5,A,,,1789379947.5436757,447157,,,,,,,,,,
486b5f4c-76ec-5e23-8659-ce8a5e6afe45,qc_status_change,1789379951.5436757,1792.608,443832,5,5,,2,G01,A,focused,qc_status_change,good,,0.0,0.0,,,,,,,当前QC指标正常。,324f7c1e-da89-4a22-ba3a-14cd4903bda9,sub-001,ses-001,,,1789379951.5436757,,,recorder,server,,,443831,448152,4,-16.000032424926758,host_receive_nearest,,,,,,,,,,,,1,,,,,,,,,,,,,,,,,,,,V5,A,,,1789379951.5436757,448152,,,,,,,,,,
7d204d8e-2b8b-5f5b-affe-4d9a227a51af,probe_onset,1789379954.6105757,1795.648,444592,5,5,,2,G01,A,focused,probe_onset,Block 5_1_fbe1a32e,,0.0,0.0,,,,,,,"{""client_event_id"":""00d4a134-7d93-489d-9e78-d872a2ff6042"",""recorder_run_id"":""324f7c1e-da89-4a22-ba3a-14cd4903bda9"",""client_id"":""236c2dd9-7af5-4104-acf6-d8b2600b9bd5"",""client_timestamp"":1789379954.6037,""client_monotonic_ms"":1877235.2999999821,""event_timestamp"":1789379954.6105757,""clock_offset_sec"":0.006875753402709961,""clock_round_trip_ms"":1.399993896484375,""subject_id"":""sub-001"",""session_id"":""ses-001"",""block_id"":""Block 5"",""counterbalance_group"":""G01"",""block_order"":""Block 5"",""condition"":""A"",""condition_type"":""focused"",""topic_key"":""V5"",""topic_name"":""千古一帝秦始皇都做了什么"",""event_type"":""probe_onset"",""iso_time"":""2026-09-14T09:59:14.603Z"",""relative_ms"":114269,""video_time_sec"":87.843,""probe_id"":""Block 5_1_fbe1a32e"",""probe_index"":1,""probe_schedule_id"":""fbe1a32e-4dda-4ef0-9607-1005c4e494c7"",""probe_planned_time_sec"":87.722,""video_id"":""V5"",""pause_reason"":""thought_probe"",""forced"":false}",324f7c1e-da89-4a22-ba3a-14cd4903bda9,sub-001,ses-001,00d4a134-7d93-489d-9e78-d872a2ff6042,236c2dd9-7af5-4104-acf6-d8b2600b9bd5,1789379954.6056757,1789379954.6037,1877235.2999999821,browser,browser_calibrated,0.006875753402709961,1.399993896484375,444591,448912,4,-20.90001106262207,host_receive_nearest,verified,1,1,,,,,,,,,1,,,,,,,,,,,,,,,,,,,,V5,A,87.843,1789379954.6037,1789379954.6056757,448912,Block 5_1_fbe1a32e,1,fbe1a32e-4dda-4ef0-9607-1005c4e494c7,87.722,,,,,,thought_probe
3bd0f1e8-bd0e-55fb-aaff-50005f2600f9,attention_response,1789379956.7133758,1797.788,445127,5,5,,2,G01,A,focused,attention_response,1,,0.0,0.0,,,,,,,"{""client_event_id"":""cf715d95-1487-48ad-b898-dbcf5d4d9de1"",""recorder_run_id"":""324f7c1e-da89-4a22-ba3a-14cd4903bda9"",""client_id"":""236c2dd9-7af5-4104-acf6-d8b2600b9bd5"",""client_timestamp"":1789379956.7065,""client_monotonic_ms"":1879338.099999994,""event_timestamp"":1789379956.7133758,""clock_offset_sec"":0.006875753402709961,""clock_round_trip_ms"":1.399993896484375,""subject_id"":""sub-001"",""session_id"":""ses-001"",""block_id"":""Block 5"",""counterbalance_group"":""G01"",""block_order"":""Block 5"",""condition"":""A"",""condition_type"":""focused"",""topic_key"":""V5"",""topic_name"":""千古一帝秦始皇都做了什么"",""event_type"":""attention_response"",""iso_time"":""2026-09-14T09:59:16.706Z"",""relative_ms"":116372,""video_time_sec"":87.843,""probe_id"":""Block 5_1_fbe1a32e"",""probe_index"":1,""probe_schedule_id"":""fbe1a32e-4dda-4ef0-9607-1005c4e494c7"",""probe_planned_time_sec"":87.722,""video_id"":""V5"",""response"":1,""response_label"":""课程内容"",""probe_attention"":""ON"",""response_time_ms"":2103}",324f7c1e-da89-4a22-ba3a-14cd4903bda9,sub-001,ses-001,cf715d95-1487-48ad-b898-dbcf5d4d9de1,236c2dd9-7af5-4104-acf6-d8b2600b9bd5,1789379956.7146757,1789379956.7065,1879338.099999994,browser,browser_calibrated,0.006875753402709961,1.399993896484375,445126,449447,4,-13.700246810913086,host_receive_nearest,verified,1,1,,,,,,,,,1,,,,,,,,,,,,,,,,,,,,V5,A,87.843,1789379956.7065,1789379956.7146757,449447,Block 5_1_fbe1a32e,1,fbe1a32e-4dda-4ef0-9607-1005c4e494c7,87.722,1,课程内容,2103,,ON,
b7f6b208-1028-5076-9c47-106b0cf4ffec,confidence_response,1789379957.3813758,1798.468,445297,5,5,,2,G01,A,focused,confidence_response,3,,0.0,0.0,,,,,,,"{""client_event_id"":""28cb06c5-5d60-4a13-86ff-832252b2e78c"",""recorder_run_id"":""324f7c1e-da89-4a22-ba3a-14cd4903bda9"",""client_id"":""236c2dd9-7af5-4104-acf6-d8b2600b9bd5"",""client_timestamp"":1789379957.3745,""client_monotonic_ms"":1880006.099999994,""event_timestamp"":1789379957.3813758,""clock_offset_sec"":0.006875753402709961,""clock_round_trip_ms"":1.399993896484375,""subject_id"":""sub-001"",""session_id"":""ses-001"",""block_id"":""Block 5"",""counterbalance_group"":""G01"",""block_order"":""Block 5"",""condition"":""A"",""condition_type"":""focused"",""topic_key"":""V5"",""topic_name"":""千古一帝秦始皇都做了什么"",""event_type"":""confidence_response"",""iso_time"":""2026-09-14T09:59:17.374Z"",""relative_ms"":117040,""video_time_sec"":87.843,""probe_id"":""Block 5_1_fbe1a32e"",""probe_index"":1,""probe_schedule_id"":""fbe1a32e-4dda-4ef0-9607-1005c4e494c7"",""probe_planned_time_sec"":87.722,""video_id"":""V5"",""response"":1,""confidence"":3,""response_time_ms"":668}",324f7c1e-da89-4a22-ba3a-14cd4903bda9,sub-001,ses-001,28cb06c5-5d60-4a13-86ff-832252b2e78c,236c2dd9-7af5-4104-acf6-d8b2600b9bd5,1789379957.3866756,1789379957.3745,1880006.099999994,browser,browser_calibrated,0.006875753402709961,1.399993896484375,445296,449617,4,-9.700298309326172,host_receive_nearest,verified,1,1,,,,,,,,,1,,,,,,,,,,,,,,,,,,,,V5,A,87.843,1789379957.3745,1789379957.3866756,449617,Block 5_1_fbe1a32e,1,fbe1a32e-4dda-4ef0-9607-1005c4e494c7,87.722,,,668,3,,
7783dd10-dc9b-5064-8825-4c82954bd67c,phase_change,1789379957.3847756,1798.468,445297,5,5,,2,G01,A,focused,phase_change,video,,0.0,0.0,,,,,,,,324f7c1e-da89-4a22-ba3a-14cd4903bda9,sub-001,ses-001,fb898c9c-7e52-47c5-8d03-58784d58fbbb,236c2dd9-7af5-4104-acf6-d8b2600b9bd5,1789379957.3866756,1789379957.3779,1880009.5,browser,browser_calibrated,0.006875753402709961,1.399993896484375,445296,449617,4,-13.100147247314453,host_receive_nearest,verified,1,1,,,,,,,,,1,,,,,,,,,,,,,,,,,,,,V5,A,88.112,1789379957.3779,1789379957.3866756,449617,,,,,,,,,,
860c6494-196e-5535-8e81-364ba6279e3b,video_resume,1789379957.3847756,1798.468,445297,5,5,,2,G01,A,focused,video_resume,88.112,,0.0,0.0,,,,,,,"{""client_event_id"":""fb898c9c-7e52-47c5-8d03-58784d58fbbb"",""recorder_run_id"":""324f7c1e-da89-4a22-ba3a-14cd4903bda9"",""client_id"":""236c2dd9-7af5-4104-acf6-d8b2600b9bd5"",""client_timestamp"":1789379957.3779,""client_monotonic_ms"":1880009.5,""event_timestamp"":1789379957.3847756,""clock_offset_sec"":0.006875753402709961,""clock_round_trip_ms"":1.399993896484375,""subject_id"":""sub-001"",""session_id"":""ses-001"",""block_id"":""Block 5"",""counterbalance_group"":""G01"",""block_order"":""Block 5"",""condition"":""A"",""condition_type"":""focused"",""topic_key"":""V5"",""topic_name"":""千古一帝秦始皇都做了什么"",""event_type"":""video_resume"",""iso_time"":""2026-09-14T09:59:17.378Z"",""relative_ms"":117043,""video_time_sec"":88.112,""probe_id"":""Block 5_1_fbe1a32e"",""probe_index"":1,""probe_schedule_id"":""fbe1a32e-4dda-4ef0-9607-1005c4e494c7"",""probe_planned_time_sec"":87.722,""video_id"":""V5"",""pause_reason"":""thought_probe"",""resume_status"":""playing""}",324f7c1e-da89-4a22-ba3a-14cd4903bda9,sub-001,ses-001,fb898c9c-7e52-47c5-8d03-58784d58fbbb,236c2dd9-7af5-4104-acf6-d8b2600b9bd5,1789379957.3866756,1789379957.3779,1880009.5,browser,browser_calibrated,0.006875753402709961,1.399993896484375,445296,449617,4,-13.100147247314453,host_receive_nearest,verified,1,1,,,,,,,,,1,,,,,,,,,,,,,,,,,,,,V5,A,88.112,1789379957.3779,1789379957.3866756,449617,Block 5_1_fbe1a32e,,,,,,,,,thought_probe
08e1b6d0-b3b8-5df0-b15e-3c604e9d0a2c,artifact,1789379995.6836755,1836.708,454857,5,5,,2,G01,A,focused,artifact,其他运动,,1.5,1.5,,,,,,,,324f7c1e-da89-4a22-ba3a-14cd4903bda9,sub-001,ses-001,,,1789379995.6836755,,,recorder,server,,,454856,459177,4,-14.999866485595703,host_receive_nearest,,,,,,,,,,,,1,,,,,,,,,,,,,,,,,,,,V5,A,,,1789379995.6836755,459177,,,,,,,,,,
756139cb-d752-5ef6-a6ea-8d46fd2689c8,qc_status_change,1789380027.5746756,1868.644,462841,5,5,,2,G01,A,focused,qc_status_change,warning,,0.0,0.0,,,,,,,通道2 RMS相对基线异常，正在确认是否持续。,324f7c1e-da89-4a22-ba3a-14cd4903bda9,sub-001,ses-001,,,1789380027.5746756,,,recorder,server,,,462840,467161,4,0.0,host_receive_nearest,,,,,,,,,,,,1,,,,,,,,,,,,,,,,,,,,V5,A,,,1789380027.5746756,467161,,,,,,,,,,
3b62d740-71d8-5799-8c4d-ef9a38aa60b4,qc_status_change,1789380031.5896757,1872.644,463841,5,5,,2,G01,A,focused,qc_status_change,good,,0.0,0.0,,,,,,,当前QC指标正常。,324f7c1e-da89-4a22-ba3a-14cd4903bda9,sub-001,ses-001,,,1789380031.5896757,,,recorder,server,,,463840,468161,4,-31.000137329101562,host_receive_nearest,,,,,,,,,,,,1,,,,,,,,,,,,,,,,,,,,V5,A,,,1789380031.5896757,468161,,,,,,,,,,
1587384a-c599-588a-9a82-74e7804bf737,probe_onset,1789380034.2743757,1875.344,464521,5,5,,2,G01,A,focused,probe_onset,Block 5_2_fbe1a32e,,0.0,0.0,,,,,,,"{""client_event_id"":""9f93a0e6-4eb2-4e4b-a122-b21ef20649b0"",""recorder_run_id"":""324f7c1e-da89-4a22-ba3a-14cd4903bda9"",""client_id"":""236c2dd9-7af5-4104-acf6-d8b2600b9bd5"",""client_timestamp"":1789380034.2726,""client_monotonic_ms"":1956904.199999988,""event_timestamp"":1789380034.2743757,""clock_offset_sec"":0.0017757415771484375,""clock_round_trip_ms"":1.3997554779052734,""subject_id"":""sub-001"",""session_id"":""ses-001"",""block_id"":""Block 5"",""counterbalance_group"":""G01"",""block_order"":""Block 5"",""condition"":""A"",""condition_type"":""focused"",""topic_key"":""V5"",""topic_name"":""千古一帝秦始皇都做了什么"",""event_type"":""probe_onset"",""iso_time"":""2026-09-14T10:00:34.272Z"",""relative_ms"":193938,""video_time_sec"":164.755,""probe_id"":""Block 5_2_fbe1a32e"",""probe_index"":2,""probe_schedule_id"":""fbe1a32e-4dda-4ef0-9607-1005c4e494c7"",""probe_planned_time_sec"":164.677,""video_id"":""V5"",""pause_reason"":""thought_probe"",""forced"":false}",324f7c1e-da89-4a22-ba3a-14cd4903bda9,sub-001,ses-001,9f93a0e6-4eb2-4e4b-a122-b21ef20649b0,236c2dd9-7af5-4104-acf6-d8b2600b9bd5,1789380034.2936757,1789380034.2726,1956904.199999988,browser,browser_calibrated,0.0017757415771484375,1.3997554779052734,464515,468836,4,-12.700080871582031,host_receive_nearest,verified,1,1,,,,,,,,,1,,,,,,,,,,,,,,,,,,,,V5,A,164.755,1789380034.2726,1789380034.2936757,468836,Block 5_2_fbe1a32e,2,fbe1a32e-4dda-4ef0-9607-1005c4e494c7,164.677,,,,,,thought_probe
5a29dbd7-d98e-568a-bada-3507ad661e14,attention_response,1789380036.5233755,1877.584,465076,5,5,,2,G01,A,focused,attention_response,1,,0.0,0.0,,,,,,,"{""client_event_id"":""1a6e8304-e101-401f-a52b-d70b16d7e9da"",""recorder_run_id"":""324f7c1e-da89-4a22-ba3a-14cd4903bda9"",""client_id"":""236c2dd9-7af5-4104-acf6-d8b2600b9bd5"",""client_timestamp"":1789380036.5215998,""client_monotonic_ms"":1959153.199999988,""event_timestamp"":1789380036.5233755,""clock_offset_sec"":0.0017757415771484375,""clock_round_trip_ms"":1.3997554779052734,""subject_id"":""sub-001"",""session_id"":""ses-001"",""block_id"":""Block 5"",""counterbalance_group"":""G01"",""block_order"":""Block 5"",""condition"":""A"",""condition_type"":""focused"",""topic_key"":""V5"",""topic_name"":""千古一帝秦始皇都做了什么"",""event_type"":""attention_response"",""iso_time"":""2026-09-14T10:00:36.521Z"",""relative_ms"":196187,""video_time_sec"":164.755,""probe_id"":""Block 5_2_fbe1a32e"",""probe_index"":2,""probe_schedule_id"":""fbe1a32e-4dda-4ef0-9607-1005c4e494c7"",""probe_planned_time_sec"":164.677,""video_id"":""V5"",""response"":1,""response_label"":""课程内容"",""probe_attention"":""ON"",""response_time_ms"":2249}",324f7c1e-da89-4a22-ba3a-14cd4903bda9,sub-001,ses-001,1a6e8304-e101-401f-a52b-d70b16d7e9da,236c2dd9-7af5-4104-acf6-d8b2600b9bd5,1789380036.5276756,1789380036.5215998,1959153.199999988,browser,browser_calibrated,0.0017757415771484375,1.3997554779052734,465075,469396,4,-11.699914932250977,host_receive_nearest,verified,1,1,,,,,,,,,1,,,,,,,,,,,,,,,,,,,,V5,A,164.755,1789380036.5215998,1789380036.5436757,469396,Block 5_2_fbe1a32e,2,fbe1a32e-4dda-4ef0-9607-1005c4e494c7,164.677,1,课程内容,2249,,ON,
b1760a1f-4e43-52f1-a756-325e8ad5d33e,confidence_response,1789380037.2901757,1878.364,465271,5,5,,2,G01,A,focused,confidence_response,4,,0.0,0.0,,,,,,,"{""client_event_id"":""8b0d6d49-57dc-4c7a-8ccb-8b8d8fe90426"",""recorder_run_id"":""324f7c1e-da89-4a22-ba3a-14cd4903bda9"",""client_id"":""236c2dd9-7af5-4104-acf6-d8b2600b9bd5"",""client_timestamp"":1789380037.2884,""client_monotonic_ms"":1959920,""event_timestamp"":1789380037.2901757,""clock_offset_sec"":0.0017757415771484375,""clock_round_trip_ms"":1.3997554779052734,""subject_id"":""sub-001"",""session_id"":""ses-001"",""block_id"":""Block 5"",""counterbalance_group"":""G01"",""block_order"":""Block 5"",""condition"":""A"",""condition_type"":""focused"",""topic_key"":""V5"",""topic_name"":""千古一帝秦始皇都做了什么"",""event_type"":""confidence_response"",""iso_time"":""2026-09-14T10:00:37.288Z"",""relative_ms"":196954,""video_time_sec"":164.755,""probe_id"":""Block 5_2_fbe1a32e"",""probe_index"":2,""probe_schedule_id"":""fbe1a32e-4dda-4ef0-9607-1005c4e494c7"",""probe_planned_time_sec"":164.677,""video_id"":""V5"",""response"":1,""confidence"":4,""response_time_ms"":767}",324f7c1e-da89-4a22-ba3a-14cd4903bda9,sub-001,ses-001,8b0d6d49-57dc-4c7a-8ccb-8b8d8fe90426,236c2dd9-7af5-4104-acf6-d8b2600b9bd5,1789380037.2936757,1789380037.2884,1959920,browser,browser_calibrated,0.0017757415771484375,1.3997554779052734,465270,469591,4,-12.50004768371582,host_receive_nearest,verified,1,1,,,,,,,,,1,,,,,,,,,,,,,,,,,,,,V5,A,164.755,1789380037.2884,1789380037.3086755,469591,Block 5_2_fbe1a32e,2,fbe1a32e-4dda-4ef0-9607-1005c4e494c7,164.677,,,767,4,,
f3d9d7f9-4040-5d56-9211-a6802d9adf02,phase_change,1789380037.2938757,1878.368,465276,5,5,,2,G01,A,focused,phase_change,video,,0.0,0.0,,,,,,,,324f7c1e-da89-4a22-ba3a-14cd4903bda9,sub-001,ses-001,b31a4fc4-b73f-4d29-84b8-f2f783b52262,236c2dd9-7af5-4104-acf6-d8b2600b9bd5,1789380037.3086755,1789380037.2921,1959923.699999988,browser,browser_calibrated,0.0017757415771484375,1.3997554779052734,465271,469592,4,14.799833297729492,host_receive_nearest,verified,1,1,,,,,,,,,1,,,,,,,,,,,,,,,,,,,,V5,A,165.016,1789380037.2921,1789380037.3086755,469592,,,,,,,,,,
20c3822c-1222-5a41-b342-784a0180c1f4,video_resume,1789380037.2938757,1878.368,465276,5,5,,2,G01,A,focused,video_resume,165.016,,0.0,0.0,,,,,,,"{""client_event_id"":""b31a4fc4-b73f-4d29-84b8-f2f783b52262"",""recorder_run_id"":""324f7c1e-da89-4a22-ba3a-14cd4903bda9"",""client_id"":""236c2dd9-7af5-4104-acf6-d8b2600b9bd5"",""client_timestamp"":1789380037.2921,""client_monotonic_ms"":1959923.699999988,""event_timestamp"":1789380037.2938757,""clock_offset_sec"":0.0017757415771484375,""clock_round_trip_ms"":1.3997554779052734,""subject_id"":""sub-001"",""session_id"":""ses-001"",""block_id"":""Block 5"",""counterbalance_group"":""G01"",""block_order"":""Block 5"",""condition"":""A"",""condition_type"":""focused"",""topic_key"":""V5"",""topic_name"":""千古一帝秦始皇都做了什么"",""event_type"":""video_resume"",""iso_time"":""2026-09-14T10:00:37.292Z"",""relative_ms"":196957,""video_time_sec"":165.016,""probe_id"":""Block 5_2_fbe1a32e"",""probe_index"":2,""probe_schedule_id"":""fbe1a32e-4dda-4ef0-9607-1005c4e494c7"",""probe_planned_time_sec"":164.677,""video_id"":""V5"",""pause_reason"":""thought_probe"",""resume_status"":""playing""}",324f7c1e-da89-4a22-ba3a-14cd4903bda9,sub-001,ses-001,b31a4fc4-b73f-4d29-84b8-f2f783b52262,236c2dd9-7af5-4104-acf6-d8b2600b9bd5,1789380037.3086755,1789380037.2921,1959923.699999988,browser,browser_calibrated,0.0017757415771484375,1.3997554779052734,465271,469592,4,14.799833297729492,host_receive_nearest,verified,1,1,,,,,,,,,1,,,,,,,,,,,,,,,,,,,,V5,A,165.016,1789380037.2921,1789380037.3086755,469592,Block 5_2_fbe1a32e,,,,,,,,,thought_probe
2dae16fd-f95c-5c49-8e73-e4c6ef907086,qc_status_change,1789380089.6366756,1930.704,478356,5,5,,2,G01,A,focused,qc_status_change,warning,,0.0,0.0,,,,,,,通道2 RMS相对基线异常，正在确认是否持续。,324f7c1e-da89-4a22-ba3a-14cd4903bda9,sub-001,ses-001,,,1789380089.6366756,,,recorder,server,,,478355,482676,4,0.0,host_receive_nearest,,,,,,,,,,,,1,,,,,,,,,,,,,,,,,,,,V5,A,,,1789380089.6366756,482676,,,,,,,,,,
a4981876-8cdc-5dec-be2a-ea21426fe0ce,qc_status_change,1789380095.6216755,1936.684,479851,5,5,,2,G01,A,focused,qc_status_change,good,,0.0,0.0,,,,,,,当前QC指标正常。,324f7c1e-da89-4a22-ba3a-14cd4903bda9,sub-001,ses-001,,,1789380095.6216755,,,recorder,server,,,479850,484171,4,0.0,host_receive_nearest,,,,,,,,,,,,1,,,,,,,,,,,,,,,,,,,,V5,A,,,1789380095.6216755,484171,,,,,,,,,,
21b7c51b-53c3-575b-9e38-69d977b5de98,qc_status_change,1789380105.6366756,1946.704,482356,5,5,,2,G01,A,focused,qc_status_change,warning,,0.0,0.0,,,,,,,通道2 RMS相对基线异常，正在确认是否持续。,324f7c1e-da89-4a22-ba3a-14cd4903bda9,sub-001,ses-001,,,1789380105.6366756,,,recorder,server,,,482355,486676,4,-30.99989891052246,host_receive_nearest,,,,,,,,,,,,1,,,,,,,,,,,,,,,,,,,,V5,A,,,1789380105.6366756,486676,,,,,,,,,,
4da30ea9-3a9e-5c25-9baa-6f379b8b6680,qc_status_change,1789380113.6216755,1954.704,484356,5,5,,2,G01,A,focused,qc_status_change,bad,,0.0,0.0,,,,,,,通道2 RMS相对基线突变，可能接触不稳，请检查并重新连接。,324f7c1e-da89-4a22-ba3a-14cd4903bda9,sub-001,ses-001,,,1789380113.6216755,,,recorder,server,,,484355,488676,4,0.0,host_receive_nearest,,,,,,,,,,,,1,,,,,,,,,,,,,,,,,,,,V5,A,,,1789380113.6216755,488676,,,,,,,,,,
dc668cc7-9564-5b75-bc54-e59efdad5127,probe_onset,1789380116.6107757,1957.684,485101,5,5,,2,G01,A,focused,probe_onset,Block 5_3_fbe1a32e,,0.0,0.0,,,,,,,"{""client_event_id"":""271ed192-c82c-4f9e-8e58-1a92130f7f40"",""recorder_run_id"":""324f7c1e-da89-4a22-ba3a-14cd4903bda9"",""client_id"":""236c2dd9-7af5-4104-acf6-d8b2600b9bd5"",""client_timestamp"":1789380116.6022,""client_monotonic_ms"":2039233.8999999762,""event_timestamp"":1789380116.6107757,""clock_offset_sec"":0.008575677871704102,""clock_round_trip_ms"":1.399993896484375,""subject_id"":""sub-001"",""session_id"":""ses-001"",""block_id"":""Block 5"",""counterbalance_group"":""G01"",""block_order"":""Block 5"",""condition"":""A"",""condition_type"":""focused"",""topic_key"":""V5"",""topic_name"":""千古一帝秦始皇都做了什么"",""event_type"":""probe_onset"",""iso_time"":""2026-09-14T10:01:56.602Z"",""relative_ms"":276268,""video_time_sec"":244.077,""probe_id"":""Block 5_3_fbe1a32e"",""probe_index"":3,""probe_schedule_id"":""fbe1a32e-4dda-4ef0-9607-1005c4e494c7"",""probe_planned_time_sec"":243.845,""video_id"":""V5"",""pause_reason"":""thought_probe"",""forced"":false}",324f7c1e-da89-4a22-ba3a-14cd4903bda9,sub-001,ses-001,271ed192-c82c-4f9e-8e58-1a92130f7f40,236c2dd9-7af5-4104-acf6-d8b2600b9bd5,1789380116.6056757,1789380116.6022,2039233.8999999762,browser,browser_calibrated,0.008575677871704102,1.399993896484375,485100,489421,4,-21.10004425048828,host_receive_nearest,verified,1,1,,,,,,,,,1,,,,,,,,,,,,,,,,,,,,V5,A,244.077,1789380116.6022,1789380116.6056757,489421,Block 5_3_fbe1a32e,3,fbe1a32e-4dda-4ef0-9607-1005c4e494c7,243.845,,,,,,thought_probe
80ce76d2-4270-548c-b37f-29026e8982d5,attention_response,1789380118.5098755,1959.584,485576,5,5,,2,G01,A,focused,attention_response,1,,0.0,0.0,,,,,,,"{""client_event_id"":""175be2ba-f176-40bf-9540-b502b881a8c0"",""recorder_run_id"":""324f7c1e-da89-4a22-ba3a-14cd4903bda9"",""client_id"":""236c2dd9-7af5-4104-acf6-d8b2600b9bd5"",""client_timestamp"":1789380118.5012999,""client_monotonic_ms"":2041133,""event_timestamp"":1789380118.5098755,""clock_offset_sec"":0.008575677871704102,""clock_round_trip_ms"":1.399993896484375,""subject_id"":""sub-001"",""session_id"":""ses-001"",""block_id"":""Block 5"",""counterbalance_group"":""G01"",""block_order"":""Block 5"",""condition"":""A"",""condition_type"":""focused"",""topic_key"":""V5"",""topic_name"":""千古一帝秦始皇都做了什么"",""event_type"":""attention_response"",""iso_time"":""2026-09-14T10:01:58.501Z"",""relative_ms"":278167,""video_time_sec"":244.077,""probe_id"":""Block 5_3_fbe1a32e"",""probe_index"":3,""probe_schedule_id"":""fbe1a32e-4dda-4ef0-9607-1005c4e494c7"",""probe_planned_time_sec"":243.845,""video_id"":""V5"",""response"":1,""response_label"":""课程内容"",""probe_attention"":""ON"",""response_time_ms"":1899}",324f7c1e-da89-4a22-ba3a-14cd4903bda9,sub-001,ses-001,175be2ba-f176-40bf-9540-b502b881a8c0,236c2dd9-7af5-4104-acf6-d8b2600b9bd5,1789380118.5116756,1789380118.5012999,2041133,browser,browser_calibrated,0.008575677871704102,1.399993896484375,485575,489896,4,-13.200044631958008,host_receive_nearest,verified,1,1,,,,,,,,,1,,,,,,,,,,,,,,,,,,,,V5,A,244.077,1789380118.5012999,1789380118.5116756,489896,Block 5_3_fbe1a32e,3,fbe1a32e-4dda-4ef0-9607-1005c4e494c7,243.845,1,课程内容,1899,,ON,
297640fe-cf9f-52c3-b920-2a5aa43295ab,confidence_response,1789380119.5913756,1960.664,485846,5,5,,2,G01,A,focused,confidence_response,3,,0.0,0.0,,,,,,,"{""client_event_id"":""126ca5f5-597e-4d85-9a45-35fbd00d2474"",""recorder_run_id"":""324f7c1e-da89-4a22-ba3a-14cd4903bda9"",""client_id"":""236c2dd9-7af5-4104-acf6-d8b2600b9bd5"",""client_timestamp"":1789380119.5828,""client_monotonic_ms"":2042214.3999999762,""event_timestamp"":1789380119.5913756,""clock_offset_sec"":0.008575677871704102,""clock_round_trip_ms"":1.399993896484375,""subject_id"":""sub-001"",""session_id"":""ses-001"",""block_id"":""Block 5"",""counterbalance_group"":""G01"",""block_order"":""Block 5"",""condition"":""A"",""condition_type"":""focused"",""topic_key"":""V5"",""topic_name"":""千古一帝秦始皇都做了什么"",""event_type"":""confidence_response"",""iso_time"":""2026-09-14T10:01:59.582Z"",""relative_ms"":279248,""video_time_sec"":244.077,""probe_id"":""Block 5_3_fbe1a32e"",""probe_index"":3,""probe_schedule_id"":""fbe1a32e-4dda-4ef0-9607-1005c4e494c7"",""probe_planned_time_sec"":243.845,""video_id"":""V5"",""response"":1,""confidence"":3,""response_time_ms"":1082}",324f7c1e-da89-4a22-ba3a-14cd4903bda9,sub-001,ses-001,126ca5f5-597e-4d85-9a45-35fbd00d2474,236c2dd9-7af5-4104-acf6-d8b2600b9bd5,1789380119.5896757,1789380119.5828,2042214.3999999762,browser,browser_calibrated,0.008575677871704102,1.399993896484375,485845,490166,4,-16.700029373168945,host_receive_nearest,verified,1,1,,,,,,,,,1,,,,,,,,,,,,,,,,,,,,V5,A,244.077,1789380119.5828,1789380119.6056757,490166,Block 5_3_fbe1a32e,3,fbe1a32e-4dda-4ef0-9607-1005c4e494c7,243.845,,,1082,3,,
38ccd322-fca2-539b-a39c-4d4658d16215,phase_change,1789380119.5947757,1960.668,485851,5,5,,2,G01,A,focused,phase_change,video,,0.0,0.0,,,,,,,,324f7c1e-da89-4a22-ba3a-14cd4903bda9,sub-001,ses-001,c07bca32-6de7-47f8-8bfb-bf1b7304d7df,236c2dd9-7af5-4104-acf6-d8b2600b9bd5,1789380119.6056757,1789380119.5862,2042217.8999999762,browser,browser_calibrated,0.008575677871704102,1.399993896484375,485846,490167,4,10.900020599365234,host_receive_nearest,verified,1,1,,,,,,,,,1,,,,,,,,,,,,,,,,,,,,V5,A,244.347,1789380119.5862,1789380119.6056757,490167,,,,,,,,,,
65a6d128-2fee-51b9-9754-a04657809369,video_resume,1789380119.5947757,1960.668,485851,5,5,,2,G01,A,focused,video_resume,244.347,,0.0,0.0,,,,,,,"{""client_event_id"":""c07bca32-6de7-47f8-8bfb-bf1b7304d7df"",""recorder_run_id"":""324f7c1e-da89-4a22-ba3a-14cd4903bda9"",""client_id"":""236c2dd9-7af5-4104-acf6-d8b2600b9bd5"",""client_timestamp"":1789380119.5862,""client_monotonic_ms"":2042217.8999999762,""event_timestamp"":1789380119.5947757,""clock_offset_sec"":0.008575677871704102,""clock_round_trip_ms"":1.399993896484375,""subject_id"":""sub-001"",""session_id"":""ses-001"",""block_id"":""Block 5"",""counterbalance_group"":""G01"",""block_order"":""Block 5"",""condition"":""A"",""condition_type"":""focused"",""topic_key"":""V5"",""topic_name"":""千古一帝秦始皇都做了什么"",""event_type"":""video_resume"",""iso_time"":""2026-09-14T10:01:59.586Z"",""relative_ms"":279252,""video_time_sec"":244.347,""probe_id"":""Block 5_3_fbe1a32e"",""probe_index"":3,""probe_schedule_id"":""fbe1a32e-4dda-4ef0-9607-1005c4e494c7"",""probe_planned_time_sec"":243.845,""video_id"":""V5"",""pause_reason"":""thought_probe"",""resume_status"":""playing""}",324f7c1e-da89-4a22-ba3a-14cd4903bda9,sub-001,ses-001,c07bca32-6de7-47f8-8bfb-bf1b7304d7df,236c2dd9-7af5-4104-acf6-d8b2600b9bd5,1789380119.6056757,1789380119.5862,2042217.8999999762,browser,browser_calibrated,0.008575677871704102,1.399993896484375,485846,490167,4,10.900020599365234,host_receive_nearest,verified,1,1,,,,,,,,,1,,,,,,,,,,,,,,,,,,,,V5,A,244.347,1789380119.5862,1789380119.6056757,490167,Block 5_3_fbe1a32e,,,,,,,,,thought_probe
d3ef523d-77c6-57b0-a17d-197a7bb3473d,qc_status_change,1789380121.6216755,1962.704,486356,5,5,,2,G01,A,focused,qc_status_change,good,,0.0,0.0,,,,,,,当前QC指标正常。,324f7c1e-da89-4a22-ba3a-14cd4903bda9,sub-001,ses-001,,,1789380121.6216755,,,recorder,server,,,486355,490676,4,0.0,host_receive_nearest,,,,,,,,,,,,1,,,,,,,,,,,,,,,,,,,,V5,A,,,1789380121.6216755,490676,,,,,,,,,,
d948bdce-fada-57b2-859c-5724d76322d7,qc_status_change,1789380131.6216755,1972.704,488856,5,5,,2,G01,A,focused,qc_status_change,warning,,0.0,0.0,,,,,,,通道2 RMS相对基线异常，正在确认是否持续。,324f7c1e-da89-4a22-ba3a-14cd4903bda9,sub-001,ses-001,,,1789380131.6216755,,,recorder,server,,,488855,493176,4,0.0,host_receive_nearest,,,,,,,,,,,,1,,,,,,,,,,,,,,,,,,,,V5,A,,,1789380131.6216755,493176,,,,,,,,,,
20837c47-9edb-54d4-8853-141a936adad3,qc_status_change,1789380133.6216755,1974.684,489351,5,5,,2,G01,A,focused,qc_status_change,good,,0.0,0.0,,,,,,,当前QC指标正常。,324f7c1e-da89-4a22-ba3a-14cd4903bda9,sub-001,ses-001,,,1789380133.6216755,,,recorder,server,,,489350,493671,4,0.0,host_receive_nearest,,,,,,,,,,,,1,,,,,,,,,,,,,,,,,,,,V5,A,,,1789380133.6216755,493671,,,,,,,,,,
5b930046-a3d5-5ec5-a267-aded8bb04b97,qc_status_change,1789380139.6366756,1980.684,490851,5,5,,2,G01,A,focused,qc_status_change,warning,,0.0,0.0,,,,,,,通道2 RMS相对基线异常，正在确认是否持续。,324f7c1e-da89-4a22-ba3a-14cd4903bda9,sub-001,ses-001,,,1789380139.6366756,,,recorder,server,,,490850,495171,4,-30.99989891052246,host_receive_nearest,,,,,,,,,,,,1,,,,,,,,,,,,,,,,,,,,V5,A,,,1789380139.6366756,495171,,,,,,,,,,
d6dd6363-c24d-5fe1-9347-39bc902b7809,qc_status_change,1789380143.6366756,1984.724,491861,5,5,,2,G01,A,focused,qc_status_change,good,,0.0,0.0,,,,,,,当前QC指标正常。,324f7c1e-da89-4a22-ba3a-14cd4903bda9,sub-001,ses-001,,,1789380143.6366756,,,recorder,server,,,491860,496181,4,0.0,host_receive_nearest,,,,,,,,,,,,1,,,,,,,,,,,,,,,,,,,,V5,A,,,1789380143.6366756,496181,,,,,,,,,,
c556d2e2-0f08-5471-8beb-597585615ee4,qc_status_change,1789380161.6366756,2002.724,496361,5,5,,2,G01,A,focused,qc_status_change,warning,,0.0,0.0,,,,,,,通道1 RMS相对基线异常，正在确认是否持续。,324f7c1e-da89-4a22-ba3a-14cd4903bda9,sub-001,ses-001,,,1789380161.6366756,,,recorder,server,,,496360,500681,4,0.0,host_receive_nearest,,,,,,,,,,,,1,,,,,,,,,,,,,,,,,,,,V5,A,,,1789380161.6366756,500681,,,,,,,,,,
33ef31c6-071a-519d-aacb-98bffaf7ef00,qc_status_change,1789380167.6366756,2008.684,497851,5,5,,2,G01,A,focused,qc_status_change,bad,,0.0,0.0,,,,,,,通道2 RMS相对基线突变，可能接触不稳，请检查并重新连接。,324f7c1e-da89-4a22-ba3a-14cd4903bda9,sub-001,ses-001,,,1789380167.6366756,,,recorder,server,,,497850,502171,4,-46.99993133544922,host_receive_nearest,,,,,,,,,,,,1,,,,,,,,,,,,,,,,,,,,V5,A,,,1789380167.6366756,502171,,,,,,,,,,
25bdd252-74c6-5718-bd29-23d9f0235a44,qc_status_change,1789380169.6216755,2010.704,498356,5,5,,2,G01,A,focused,qc_status_change,good,,0.0,0.0,,,,,,,当前QC指标正常。,324f7c1e-da89-4a22-ba3a-14cd4903bda9,sub-001,ses-001,,,1789380169.6216755,,,recorder,server,,,498355,502676,4,0.0,host_receive_nearest,,,,,,,,,,,,1,,,,,,,,,,,,,,,,,,,,V5,A,,,1789380169.6216755,502676,,,,,,,,,,
bd277b5d-6f7e-5880-a33c-cc33c19ce15f,probe_onset,1789380177.058576,2018.12,500210,5,5,,2,G01,A,focused,probe_onset,Block 5_4_fbe1a32e,,0.0,0.0,,,,,,,"{""client_event_id"":""02d65c9f-cef9-47bd-8fdd-669144669f1e"",""recorder_run_id"":""324f7c1e-da89-4a22-ba3a-14cd4903bda9"",""client_id"":""236c2dd9-7af5-4104-acf6-d8b2600b9bd5"",""client_timestamp"":1789380177.058,""client_monotonic_ms"":2099689.599999994,""event_timestamp"":1789380177.058576,""clock_offset_sec"":0.000576019287109375,""clock_round_trip_ms"":1.600027084350586,""subject_id"":""sub-001"",""session_id"":""ses-001"",""block_id"":""Block 5"",""counterbalance_group"":""G01"",""block_order"":""Block 5"",""condition"":""A"",""condition_type"":""focused"",""topic_key"":""V5"",""topic_name"":""千古一帝秦始皇都做了什么"",""event_type"":""probe_onset"",""iso_time"":""2026-09-14T10:02:57.058Z"",""relative_ms"":336723,""video_time_sec"":301.565,""probe_id"":""Block 5_4_fbe1a32e"",""probe_index"":4,""probe_schedule_id"":""fbe1a32e-4dda-4ef0-9607-1005c4e494c7"",""probe_planned_time_sec"":301.408,""video_id"":""V5"",""pause_reason"":""thought_probe"",""forced"":false}",324f7c1e-da89-4a22-ba3a-14cd4903bda9,sub-001,ses-001,02d65c9f-cef9-47bd-8fdd-669144669f1e,236c2dd9-7af5-4104-acf6-d8b2600b9bd5,1789380177.0586755,1789380177.058,2099689.599999994,browser,browser_calibrated,0.000576019287109375,1.600027084350586,500209,504530,4,-14.900445938110352,host_receive_nearest,verified,1,1,,,,,,,,,1,,,,,,,,,,,,,,,,,,,,V5,A,301.565,1789380177.058,1789380177.0586755,504530,Block 5_4_fbe1a32e,4,fbe1a32e-4dda-4ef0-9607-1005c4e494c7,301.408,,,,,,thought_probe
3ff64c61-9118-5d33-9e90-1798b0c66659,qc_status_change,1789380179.6366756,2020.7,500855,5,5,,2,G01,A,focused,qc_status_change,warning,,0.0,0.0,,,,,,,通道2 RMS相对基线异常，正在确认是否持续。,324f7c1e-da89-4a22-ba3a-14cd4903bda9,sub-001,ses-001,,,1789380179.6366756,,,recorder,server,,,500854,505175,4,0.0,host_receive_nearest,,,,,,,,,,,,1,,,,,,,,,,,,,,,,,,,,V5,A,,,1789380179.6366756,505175,,,,,,,,,,
e95aaba9-b106-5f74-9cca-4084cc057f22,attention_response,1789380179.850776,2020.9,500905,5,5,,2,G01,A,focused,attention_response,1,,0.0,0.0,,,,,,,"{""client_event_id"":""1da22f1e-4dcf-4c9a-bbf0-bcf5ab034f30"",""recorder_run_id"":""324f7c1e-da89-4a22-ba3a-14cd4903bda9"",""client_id"":""236c2dd9-7af5-4104-acf6-d8b2600b9bd5"",""client_timestamp"":1789380179.8502,""client_monotonic_ms"":2102481.799999982,""event_timestamp"":1789380179.850776,""clock_offset_sec"":0.000576019287109375,""clock_round_trip_ms"":1.600027084350586,""subject_id"":""sub-001"",""session_id"":""ses-001"",""block_id"":""Block 5"",""counterbalance_group"":""G01"",""block_order"":""Block 5"",""condition"":""A"",""condition_type"":""focused"",""topic_key"":""V5"",""topic_name"":""千古一帝秦始皇都做了什么"",""event_type"":""attention_response"",""iso_time"":""2026-09-14T10:02:59.850Z"",""relative_ms"":339516,""video_time_sec"":301.565,""probe_id"":""Block 5_4_fbe1a32e"",""probe_index"":4,""probe_schedule_id"":""fbe1a32e-4dda-4ef0-9607-1005c4e494c7"",""probe_planned_time_sec"":301.408,""video_id"":""V5"",""response"":1,""response_label"":""课程内容"",""probe_attention"":""ON"",""response_time_ms"":2792}",324f7c1e-da89-4a22-ba3a-14cd4903bda9,sub-001,ses-001,1da22f1e-4dcf-4c9a-bbf0-bcf5ab034f30,236c2dd9-7af5-4104-acf6-d8b2600b9bd5,1789380179.8556757,1789380179.8502,2102481.799999982,browser,browser_calibrated,0.000576019287109375,1.600027084350586,500904,505225,4,-11.100292205810547,host_receive_nearest,verified,1,1,,,,,,,,,1,,,,,,,,,,,,,,,,,,,,V5,A,301.565,1789380179.8502,1789380179.8716755,505225,Block 5_4_fbe1a32e,4,fbe1a32e-4dda-4ef0-9607-1005c4e494c7,301.408,1,课程内容,2792,,ON,
695769fd-20b5-52f9-9fda-52eb67181135,confidence_response,1789380180.562576,2021.64,501090,5,5,,2,G01,A,focused,confidence_response,4,,0.0,0.0,,,,,,,"{""client_event_id"":""fdee18a7-7aad-4fa9-a183-962e0f34e743"",""recorder_run_id"":""324f7c1e-da89-4a22-ba3a-14cd4903bda9"",""client_id"":""236c2dd9-7af5-4104-acf6-d8b2600b9bd5"",""client_timestamp"":1789380180.562,""client_monotonic_ms"":2103193.599999994,""event_timestamp"":1789380180.562576,""clock_offset_sec"":0.000576019287109375,""clock_round_trip_ms"":1.600027084350586,""subject_id"":""sub-001"",""session_id"":""ses-001"",""block_id"":""Block 5"",""counterbalance_group"":""G01"",""block_order"":""Block 5"",""condition"":""A"",""condition_type"":""focused"",""topic_key"":""V5"",""topic_name"":""千古一帝秦始皇都做了什么"",""event_type"":""confidence_response"",""iso_time"":""2026-09-14T10:03:00.562Z"",""relative_ms"":340227,""video_time_sec"":301.565,""probe_id"":""Block 5_4_fbe1a32e"",""probe_index"":4,""probe_schedule_id"":""fbe1a32e-4dda-4ef0-9607-1005c4e494c7"",""probe_planned_time_sec"":301.408,""video_id"":""V5"",""response"":1,""confidence"":4,""response_time_ms"":712}",324f7c1e-da89-4a22-ba3a-14cd4903bda9,sub-001,ses-001,fdee18a7-7aad-4fa9-a183-962e0f34e743,236c2dd9-7af5-4104-acf6-d8b2600b9bd5,1789380180.5746756,1789380180.562,2103193.599999994,browser,browser_calibrated,0.000576019287109375,1.600027084350586,501089,505410,4,-3.9005279541015625,host_receive_nearest,verified,1,1,,,,,,,,,1,,,,,,,,,,,,,,,,,,,,V5,A,301.565,1789380180.562,1789380180.5746756,505410,Block 5_4_fbe1a32e,4,fbe1a32e-4dda-4ef0-9607-1005c4e494c7,301.408,,,712,4,,
c4a6e633-7100-5650-87e0-170183bc2ebf,phase_change,1789380180.566576,2021.64,501095,5,5,,2,G01,A,focused,phase_change,video,,0.0,0.0,,,,,,,,324f7c1e-da89-4a22-ba3a-14cd4903bda9,sub-001,ses-001,ea518f2a-5fa2-4ed3-a1f4-50c36b5eac7c,236c2dd9-7af5-4104-acf6-d8b2600b9bd5,1789380180.5896757,1789380180.566,2103197.699999988,browser,browser_calibrated,0.000576019287109375,1.600027084350586,501089,505410,4,-7.900476455688477,host_receive_nearest,verified,1,1,,,,,,,,,1,,,,,,,,,,,,,,,,,,,,V5,A,301.828,1789380180.566,1789380180.5896757,505410,,,,,,,,,,
cda48a83-da40-5315-9e53-eba91547ff30,video_resume,1789380180.566576,2021.64,501095,5,5,,2,G01,A,focused,video_resume,301.828,,0.0,0.0,,,,,,,"{""client_event_id"":""ea518f2a-5fa2-4ed3-a1f4-50c36b5eac7c"",""recorder_run_id"":""324f7c1e-da89-4a22-ba3a-14cd4903bda9"",""client_id"":""236c2dd9-7af5-4104-acf6-d8b2600b9bd5"",""client_timestamp"":1789380180.566,""client_monotonic_ms"":2103197.699999988,""event_timestamp"":1789380180.566576,""clock_offset_sec"":0.000576019287109375,""clock_round_trip_ms"":1.600027084350586,""subject_id"":""sub-001"",""session_id"":""ses-001"",""block_id"":""Block 5"",""counterbalance_group"":""G01"",""block_order"":""Block 5"",""condition"":""A"",""condition_type"":""focused"",""topic_key"":""V5"",""topic_name"":""千古一帝秦始皇都做了什么"",""event_type"":""video_resume"",""iso_time"":""2026-09-14T10:03:00.566Z"",""relative_ms"":340231,""video_time_sec"":301.828,""probe_id"":""Block 5_4_fbe1a32e"",""probe_index"":4,""probe_schedule_id"":""fbe1a32e-4dda-4ef0-9607-1005c4e494c7"",""probe_planned_time_sec"":301.408,""video_id"":""V5"",""pause_reason"":""thought_probe"",""resume_status"":""playing""}",324f7c1e-da89-4a22-ba3a-14cd4903bda9,sub-001,ses-001,ea518f2a-5fa2-4ed3-a1f4-50c36b5eac7c,236c2dd9-7af5-4104-acf6-d8b2600b9bd5,1789380180.5896757,1789380180.566,2103197.699999988,browser,browser_calibrated,0.000576019287109375,1.600027084350586,501089,505410,4,-7.900476455688477,host_receive_nearest,verified,1,1,,,,,,,,,1,,,,,,,,,,,,,,,,,,,,V5,A,301.828,1789380180.566,1789380180.5896757,505410,Block 5_4_fbe1a32e,,,,,,,,,thought_probe
1aacd990-0d09-5038-9f69-379d7f9b43b6,qc_status_change,1789380183.6216755,2024.62,501835,5,5,,2,G01,A,focused,qc_status_change,good,,0.0,0.0,,,,,,,当前QC指标正常。,324f7c1e-da89-4a22-ba3a-14cd4903bda9,sub-001,ses-001,,,1789380183.6216755,,,recorder,server,,,501834,506155,4,0.0,host_receive_nearest,,,,,,,,,,,,1,,,,,,,,,,,,,,,,,,,,V5,A,,,1789380183.6216755,506155,,,,,,,,,,
c3f951c6-25b8-5d69-a612-488f20f301a3,qc_status_change,1789380195.6366756,2036.7,504855,5,5,,2,G01,A,focused,qc_status_change,warning,,0.0,0.0,,,,,,,通道2 RMS相对基线异常，正在确认是否持续。,324f7c1e-da89-4a22-ba3a-14cd4903bda9,sub-001,ses-001,,,1789380195.6366756,,,recorder,server,,,504854,509175,4,-15.000104904174805,host_receive_nearest,,,,,,,,,,,,1,,,,,,,,,,,,,,,,,,,,V5,A,,,1789380195.6366756,509175,,,,,,,,,,
e9624214-07df-51b4-8b34-1b22e30dbea4,qc_status_change,1789380201.6216755,2042.7,506355,5,5,,2,G01,A,focused,qc_status_change,bad,,0.0,0.0,,,,,,,通道2 RMS相对基线突变，可能接触不稳，请检查并重新连接。,324f7c1e-da89-4a22-ba3a-14cd4903bda9,sub-001,ses-001,,,1789380201.6216755,,,recorder,server,,,506354,510675,4,0.0,host_receive_nearest,,,,,,,,,,,,1,,,,,,,,,,,,,,,,,,,,V5,A,,,1789380201.6216755,510675,,,,,,,,,,
402ba870-279b-59ed-a9fb-d920c9e62a8e,qc_status_change,1789380211.6216755,2052.7,508855,5,5,,2,G01,A,focused,qc_status_change,good,,0.0,0.0,,,,,,,当前QC指标正常。,324f7c1e-da89-4a22-ba3a-14cd4903bda9,sub-001,ses-001,,,1789380211.6216755,,,recorder,server,,,508854,513175,4,-15.999794006347656,host_receive_nearest,,,,,,,,,,,,1,,,,,,,,,,,,,,,,,,,,V5,A,,,1789380211.6216755,513175,,,,,,,,,,
100d2f08-c247-598a-a4b2-57cec8787da5,qc_status_change,1789380255.6366756,2096.7,519855,5,5,,2,G01,A,focused,qc_status_change,warning,,0.0,0.0,,,,,,,通道1 RMS相对基线异常，正在确认是否持续。,324f7c1e-da89-4a22-ba3a-14cd4903bda9,sub-001,ses-001,,,1789380255.6366756,,,recorder,server,,,519854,524175,4,0.0,host_receive_nearest,,,,,,,,,,,,1,,,,,,,,,,,,,,,,,,,,V5,A,,,1789380255.6366756,524175,,,,,,,,,,
fb6bdd3a-5a13-5975-b98f-7f96a0253895,qc_status_change,1789380257.6216755,2098.7,520355,5,5,,2,G01,A,focused,qc_status_change,good,,0.0,0.0,,,,,,,当前QC指标正常。,324f7c1e-da89-4a22-ba3a-14cd4903bda9,sub-001,ses-001,,,1789380257.6216755,,,recorder,server,,,520354,524675,4,0.0,host_receive_nearest,,,,,,,,,,,,1,,,,,,,,,,,,,,,,,,,,V5,A,,,1789380257.6216755,524675,,,,,,,,,,
8b2aeff7-8089-532b-8af4-67b0d186b42d,video_end,1789380270.0696754,2111.12,523460,5,5,,2,G01,A,focused,video_end,V5,,0.0,0.0,,,,,,,,324f7c1e-da89-4a22-ba3a-14cd4903bda9,sub-001,ses-001,3edb5f2d-0407-4c91-9ab0-d5b40416022d,236c2dd9-7af5-4104-acf6-d8b2600b9bd5,1789380270.0586755,1789380270.0580997,2192689.699999988,browser,browser_calibrated,0.011575698852539062,1.3997554779052734,523459,527780,4,-10.999917984008789,host_receive_nearest,verified,1,1,,,,,,,,,1,,,,,,,,,,,,,,,,,,,,V5,A,391.048,1789380270.0580997,1789380270.0746756,527780,,,,,,,,,,
1fe111e4-c740-5fa3-8016-e86bb9d30680,browser_video_ended,1789380270.0696754,2111.12,523460,5,5,,2,G01,A,focused,browser_video_ended,,,0.0,0.0,,,,,,,"{""client_event_id"":""3edb5f2d-0407-4c91-9ab0-d5b40416022d"",""recorder_run_id"":""324f7c1e-da89-4a22-ba3a-14cd4903bda9"",""client_id"":""236c2dd9-7af5-4104-acf6-d8b2600b9bd5"",""client_timestamp"":1789380270.0580997,""client_monotonic_ms"":2192689.699999988,""event_timestamp"":1789380270.0696754,""clock_offset_sec"":0.011575698852539062,""clock_round_trip_ms"":1.3997554779052734,""subject_id"":""sub-001"",""session_id"":""ses-001"",""block_id"":""Block 5"",""counterbalance_group"":""G01"",""block_order"":""Block 5"",""condition"":""A"",""condition_type"":""focused"",""topic_key"":""V5"",""topic_name"":""千古一帝秦始皇都做了什么"",""event_type"":""video_ended"",""iso_time"":""2026-09-14T10:04:30.058Z"",""relative_ms"":429723,""video_time_sec"":391.048}",324f7c1e-da89-4a22-ba3a-14cd4903bda9,sub-001,ses-001,3edb5f2d-0407-4c91-9ab0-d5b40416022d,236c2dd9-7af5-4104-acf6-d8b2600b9bd5,1789380270.0586755,1789380270.0580997,2192689.699999988,browser,browser_calibrated,0.011575698852539062,1.3997554779052734,523459,527780,4,-10.999917984008789,host_receive_nearest,verified,1,1,,,,,,,,,1,,,,,,,,,,,,,,,,,,,,V5,A,391.048,1789380270.0580997,1789380270.0746756,527780,,,,,,,,,,
87024bdb-fc33-5133-9f1d-74211416302f,browser_block_end,1789380270.0727756,2111.12,523460,5,5,,2,G01,A,focused,browser_block_end,视频自然播放结束,,0.0,0.0,,,,,,,"{""client_event_id"":""774b5e21-c82e-43ee-a0de-64b827f61a9d"",""recorder_run_id"":""324f7c1e-da89-4a22-ba3a-14cd4903bda9"",""client_id"":""236c2dd9-7af5-4104-acf6-d8b2600b9bd5"",""client_timestamp"":1789380270.0612,""client_monotonic_ms"":2192692.799999982,""event_timestamp"":1789380270.0727756,""clock_offset_sec"":0.011575698852539062,""clock_round_trip_ms"":1.3997554779052734,""subject_id"":""sub-001"",""session_id"":""ses-001"",""block_id"":""Block 5"",""counterbalance_group"":""G01"",""block_order"":""Block 5"",""condition"":""A"",""condition_type"":""focused"",""topic_key"":""V5"",""topic_name"":""千古一帝秦始皇都做了什么"",""event_type"":""block_end"",""iso_time"":""2026-09-14T10:04:30.061Z"",""relative_ms"":429727,""video_time_sec"":391.048,""reason"":""视频自然播放结束""}",324f7c1e-da89-4a22-ba3a-14cd4903bda9,sub-001,ses-001,774b5e21-c82e-43ee-a0de-64b827f61a9d,236c2dd9-7af5-4104-acf6-d8b2600b9bd5,1789380270.0746756,1789380270.0612,2192692.799999982,browser,browser_calibrated,0.011575698852539062,1.3997554779052734,523459,527780,4,-14.100074768066406,host_receive_nearest,verified,1,1,,,,,,,,,1,,,,,,,,,,,,,,,,,,,,V5,A,391.048,1789380270.0612,1789380270.0746756,527780,,,,,,,,,,
fa6a5bbb-61b9-5971-aebc-19313c118675,rating_start,1789380270.0760758,2111.12,523460,5,5,,2,G01,A,focused,rating_start,,,0.0,0.0,,,,,,,"{""client_event_id"":""3b15dd93-15c0-4539-be12-1cb5ed84a747"",""recorder_run_id"":""324f7c1e-da89-4a22-ba3a-14cd4903bda9"",""client_id"":""236c2dd9-7af5-4104-acf6-d8b2600b9bd5"",""client_timestamp"":1789380270.0645,""client_monotonic_ms"":2192696.099999994,""event_timestamp"":1789380270.0760758,""clock_offset_sec"":0.011575698852539062,""clock_round_trip_ms"":1.3997554779052734,""subject_id"":""sub-001"",""session_id"":""ses-001"",""block_id"":""Block 5"",""counterbalance_group"":""G01"",""block_order"":""Block 5"",""condition"":""A"",""condition_type"":""focused"",""topic_key"":""V5"",""topic_name"":""千古一帝秦始皇都做了什么"",""event_type"":""rating_start"",""iso_time"":""2026-09-14T10:04:30.064Z"",""relative_ms"":429730,""video_time_sec"":391.048}",324f7c1e-da89-4a22-ba3a-14cd4903bda9,sub-001,ses-001,3b15dd93-15c0-4539-be12-1cb5ed84a747,236c2dd9-7af5-4104-acf6-d8b2600b9bd5,1789380270.0896757,1789380270.0645,2192696.099999994,browser,browser_calibrated,0.011575698852539062,1.3997554779052734,523459,527780,4,-17.400264739990234,host_receive_nearest,verified,1,1,,,,,,,,,1,,,,,,,,,,,,,,,,,,,,V5,A,391.048,1789380270.0645,1789380270.0896757,527780,,,,,,,,,,
4b1fb1d3-dcaf-56a7-b076-b563fb4e0411,rating_item_response,1789380272.4074755,2113.48,524050,5,5,,2,G01,A,focused,rating_item_response,4,,0.0,0.0,,,,,,,"{""client_event_id"":""be5f4c8b-088a-4c1c-b0a9-5ed4b07fd190"",""recorder_run_id"":""324f7c1e-da89-4a22-ba3a-14cd4903bda9"",""client_id"":""236c2dd9-7af5-4104-acf6-d8b2600b9bd5"",""client_timestamp"":1789380272.399,""client_monotonic_ms"":2195030.599999994,""event_timestamp"":1789380272.4074755,""clock_offset_sec"":0.008475542068481445,""clock_round_trip_ms"":1.3997554779052734,""subject_id"":""sub-001"",""session_id"":""ses-001"",""block_id"":""Block 5"",""counterbalance_group"":""G01"",""block_order"":""Block 5"",""condition"":""A"",""condition_type"":""focused"",""topic_key"":""V5"",""topic_name"":""千古一帝秦始皇都做了什么"",""event_type"":""rating_item_response"",""iso_time"":""2026-09-14T10:04:32.399Z"",""relative_ms"":432064,""video_time_sec"":391.048,""rating_item"":""course_attention_rating"",""rating_value"":""4"",""response_time_ms"":2335}",324f7c1e-da89-4a22-ba3a-14cd4903bda9,sub-001,ses-001,be5f4c8b-088a-4c1c-b0a9-5ed4b07fd190,236c2dd9-7af5-4104-acf6-d8b2600b9bd5,1789380272.4026756,1789380272.399,2195030.599999994,browser,browser_calibrated,0.008475542068481445,1.3997554779052734,524049,528370,4,-4.799842834472656,host_receive_nearest,verified,1,1,,,,,,,,,1,,,,,,,,,,,,,course_attention_rating,4,,,,,,V5,A,391.048,1789380272.399,1789380272.4026756,528370,,,,,,,2335,,,
a3a82c08-5863-5125-903c-0a5d06841305,rating_item_response,1789380273.8922753,2114.86,524395,5,5,,2,G01,A,focused,rating_item_response,2,,0.0,0.0,,,,,,,"{""client_event_id"":""d7145d59-9c7c-4075-8e30-e57fa01d51ca"",""recorder_run_id"":""324f7c1e-da89-4a22-ba3a-14cd4903bda9"",""client_id"":""236c2dd9-7af5-4104-acf6-d8b2600b9bd5"",""client_timestamp"":1789380273.8837998,""client_monotonic_ms"":2196515.399999976,""event_timestamp"":1789380273.8922753,""clock_offset_sec"":0.008475542068481445,""clock_round_trip_ms"":1.3997554779052734,""subject_id"":""sub-001"",""session_id"":""ses-001"",""block_id"":""Block 5"",""counterbalance_group"":""G01"",""block_order"":""Block 5"",""condition"":""A"",""condition_type"":""focused"",""topic_key"":""V5"",""topic_name"":""千古一帝秦始皇都做了什么"",""event_type"":""rating_item_response"",""iso_time"":""2026-09-14T10:04:33.883Z"",""relative_ms"":433549,""video_time_sec"":391.048,""rating_item"":""mental_effort"",""rating_value"":""2"",""response_time_ms"":3819}",324f7c1e-da89-4a22-ba3a-14cd4903bda9,sub-001,ses-001,d7145d59-9c7c-4075-8e30-e57fa01d51ca,236c2dd9-7af5-4104-acf6-d8b2600b9bd5,1789380273.8866756,1789380273.8837998,2196515.399999976,browser,browser_calibrated,0.008475542068481445,1.3997554779052734,524394,528715,4,-20.599842071533203,host_receive_nearest,verified,1,1,,,,,,,,,1,,,,,,,,,,,,,mental_effort,2,,,,,,V5,A,391.048,1789380273.8837998,1789380273.8866756,528715,,,,,,,3819,,,
7d598e55-e8ae-54e4-a11a-24ef4afd196b,rating_item_response,1789380274.9963255,2116.064,524700,5,5,,2,G01,A,focused,rating_item_response,4,,0.0,0.0,,,,,,,"{""client_event_id"":""7bd7cce6-985f-4530-bfcb-eea601547489"",""recorder_run_id"":""324f7c1e-da89-4a22-ba3a-14cd4903bda9"",""client_id"":""236c2dd9-7af5-4104-acf6-d8b2600b9bd5"",""client_timestamp"":1789380274.9903998,""client_monotonic_ms"":2197622,""event_timestamp"":1789380274.9963255,""clock_offset_sec"":0.005925655364990234,""clock_round_trip_ms"":1.3000965118408203,""subject_id"":""sub-001"",""session_id"":""ses-001"",""block_id"":""Block 5"",""counterbalance_group"":""G01"",""block_order"":""Block 5"",""condition"":""A"",""condition_type"":""focused"",""topic_key"":""V5"",""topic_name"":""千古一帝秦始皇都做了什么"",""event_type"":""rating_item_response"",""iso_time"":""2026-09-14T10:04:34.990Z"",""relative_ms"":434656,""video_time_sec"":391.048,""rating_item"":""video_interest"",""rating_value"":""4"",""response_time_ms"":4926}",324f7c1e-da89-4a22-ba3a-14cd4903bda9,sub-001,ses-001,7bd7cce6-985f-4530-bfcb-eea601547489,236c2dd9-7af5-4104-acf6-d8b2600b9bd5,1789380274.9966755,1789380274.9903998,2197622,browser,browser_calibrated,0.005925655364990234,1.3000965118408203,524695,529016,4,0.34999847412109375,host_receive_nearest,verified,1,1,,,,,,,,,1,,,,,,,,,,,,,video_interest,4,,,,,,V5,A,391.048,1789380274.9903998,1789380274.9966755,529016,,,,,,,4926,,,
2ddb97f6-7a33-514d-9ba7-90901ff2fcb5,rating_item_response,1789380275.9421256,2117.02,524935,5,5,,2,G01,A,focused,rating_item_response,1,,0.0,0.0,,,,,,,"{""client_event_id"":""774403a3-9585-4333-b411-ea391b8e3306"",""recorder_run_id"":""324f7c1e-da89-4a22-ba3a-14cd4903bda9"",""client_id"":""236c2dd9-7af5-4104-acf6-d8b2600b9bd5"",""client_timestamp"":1789380275.9362,""client_monotonic_ms"":2198567.799999982,""event_timestamp"":1789380275.9421256,""clock_offset_sec"":0.005925655364990234,""clock_round_trip_ms"":1.3000965118408203,""subject_id"":""sub-001"",""session_id"":""ses-001"",""block_id"":""Block 5"",""counterbalance_group"":""G01"",""block_order"":""Block 5"",""condition"":""A"",""condition_type"":""focused"",""topic_key"":""V5"",""topic_name"":""千古一帝秦始皇都做了什么"",""event_type"":""rating_item_response"",""iso_time"":""2026-09-14T10:04:35.936Z"",""relative_ms"":435602,""video_time_sec"":391.048,""rating_item"":""video_difficulty"",""rating_value"":""1"",""response_time_ms"":5872}",324f7c1e-da89-4a22-ba3a-14cd4903bda9,sub-001,ses-001,774403a3-9585-4333-b411-ea391b8e3306,236c2dd9-7af5-4104-acf6-d8b2600b9bd5,1789380275.9496756,1789380275.9362,2198567.799999982,browser,browser_calibrated,0.005925655364990234,1.3000965118408203,524934,529255,4,-8.450031280517578,host_receive_nearest,verified,1,1,,,,,,,,,1,,,,,,,,,,,,,video_difficulty,1,,,,,,V5,A,391.048,1789380275.9362,1789380275.9496756,529255,,,,,,,5872,,,
bc886613-474a-56b7-941f-fb2b328f9963,rating_end,1789380276.2815256,2117.32,525010,5,5,,2,G01,A,focused,rating_end,,6.211,0.0,0.0,,,,,,,"{""client_event_id"":""0d226812-a722-4a1d-9dc7-7c1cd1cf5c54"",""recorder_run_id"":""324f7c1e-da89-4a22-ba3a-14cd4903bda9"",""client_id"":""236c2dd9-7af5-4104-acf6-d8b2600b9bd5"",""client_timestamp"":1789380276.2756,""client_monotonic_ms"":2198907.199999988,""event_timestamp"":1789380276.2815256,""clock_offset_sec"":0.005925655364990234,""clock_round_trip_ms"":1.3000965118408203,""subject_id"":""sub-001"",""session_id"":""ses-001"",""block_id"":""Block 5"",""counterbalance_group"":""G01"",""block_order"":""Block 5"",""condition"":""A"",""condition_type"":""focused"",""topic_key"":""V5"",""topic_name"":""千古一帝秦始皇都做了什么"",""event_type"":""rating_end"",""iso_time"":""2026-09-14T10:04:36.275Z"",""relative_ms"":435941,""video_time_sec"":391.048,""video_id"":""V5"",""course_attention_rating"":4,""mental_effort"":2,""video_interest"":4,""video_difficulty"":1,""subtraction_compliance"":"""",""subtraction_difficulty"":"""",""reported_final_number"":"""",""duration_sec"":6.211,""submitted_iso"":""2026-09-14T10:04:36.275Z"",""submitted_relative_ms"":435941}",324f7c1e-da89-4a22-ba3a-14cd4903bda9,sub-001,ses-001,0d226812-a722-4a1d-9dc7-7c1cd1cf5c54,236c2dd9-7af5-4104-acf6-d8b2600b9bd5,1789380276.2776756,1789380276.2756,2198907.199999988,browser,browser_calibrated,0.005925655364990234,1.3000965118408203,525009,529330,4,-3.8499832153320312,host_receive_nearest,verified,1,1,,,,,,,,,1,,,,4,2,4,1,,,,,,,,,,,,,V5,A,391.048,1789380276.2756,1789380276.2776756,529330,,,,,,,,,,
cc031cc1-80f4-53b6-b9c8-9b22799b49ac,quiz_start,1789380276.2840254,2117.32,525010,5,5,,2,G01,A,focused,quiz_start,,,0.0,0.0,,,,,,,"{""client_event_id"":""ba70b0e1-96ce-4bc2-8536-0b2892573763"",""recorder_run_id"":""324f7c1e-da89-4a22-ba3a-14cd4903bda9"",""client_id"":""236c2dd9-7af5-4104-acf6-d8b2600b9bd5"",""client_timestamp"":1789380276.2780998,""client_monotonic_ms"":2198909.699999988,""event_timestamp"":1789380276.2840254,""clock_offset_sec"":0.005925655364990234,""clock_round_trip_ms"":1.3000965118408203,""subject_id"":""sub-001"",""session_id"":""ses-001"",""block_id"":""Block 5"",""counterbalance_group"":""G01"",""block_order"":""Block 5"",""condition"":""A"",""condition_type"":""focused"",""topic_key"":""V5"",""topic_name"":""千古一帝秦始皇都做了什么"",""event_type"":""quiz_start"",""iso_time"":""2026-09-14T10:04:36.278Z"",""relative_ms"":435943,""video_time_sec"":391.048}",324f7c1e-da89-4a22-ba3a-14cd4903bda9,sub-001,ses-001,ba70b0e1-96ce-4bc2-8536-0b2892573763,236c2dd9-7af5-4104-acf6-d8b2600b9bd5,1789380276.2936757,1789380276.2780998,2198909.699999988,browser,browser_calibrated,0.005925655364990234,1.3000965118408203,525009,529330,4,-6.349802017211914,host_receive_nearest,verified,1,1,,,,,,,,,1,,,,,,,,,,,,,,,,,,,,V5,A,391.048,1789380276.2780998,1789380276.2936757,529330,,,,,,,,,,
eb0be4c4-438a-5e63-a938-0106c0ce0d5d,qc_status_change,1789380281.6366756,2122.62,526335,5,5,,2,G01,A,focused,qc_status_change,warning,,0.0,0.0,,,,,,,通道1 RMS相对基线异常，正在确认是否持续。,324f7c1e-da89-4a22-ba3a-14cd4903bda9,sub-001,ses-001,,,1789380281.6366756,,,recorder,server,,,526334,530655,4,-15.000104904174805,host_receive_nearest,,,,,,,,,,,,1,,,,,,,,,,,,,,,,,,,,V5,A,,,1789380281.6366756,530655,,,,,,,,,,
8ad4dcc3-bc29-5a71-87e9-10246cb6e5c1,quiz_item_response,1789380286.7535255,2127.72,527610,5,5,,2,G01,A,focused,quiz_item_response,秦朝什么时候建立的？,,0.0,0.0,,V5Q1,B,B,True,1737,"{""client_event_id"":""12587b0f-b243-40b7-a994-ee4430546169"",""recorder_run_id"":""324f7c1e-da89-4a22-ba3a-14cd4903bda9"",""client_id"":""236c2dd9-7af5-4104-acf6-d8b2600b9bd5"",""client_timestamp"":1789380286.7475998,""client_monotonic_ms"":2209379.199999988,""event_timestamp"":1789380286.7535255,""clock_offset_sec"":0.005925655364990234,""clock_round_trip_ms"":1.3000965118408203,""subject_id"":""sub-001"",""session_id"":""ses-001"",""block_id"":""Block 5"",""counterbalance_group"":""G01"",""block_order"":""Block 5"",""condition"":""A"",""condition_type"":""focused"",""topic_key"":""V5"",""topic_name"":""千古一帝秦始皇都做了什么"",""event_type"":""quiz_item_response"",""iso_time"":""2026-09-14T10:04:46.747Z"",""relative_ms"":446413,""video_time_sec"":391.048,""video_id"":""V5"",""question_id"":""V5Q1"",""question_text"":""秦朝什么时候建立的？"",""response_index"":1,""response_letter"":""B"",""response_text"":""公元前221年"",""correct_index"":1,""correct_letter"":""B"",""correct_text"":""公元前221年"",""is_correct"":true,""reaction_time_ms"":1737,""submitted_iso"":""2026-09-14T10:04:46.747Z"",""submitted_relative_ms"":446413}",324f7c1e-da89-4a22-ba3a-14cd4903bda9,sub-001,ses-001,12587b0f-b243-40b7-a994-ee4430546169,236c2dd9-7af5-4104-acf6-d8b2600b9bd5,1789380286.7616756,1789380286.7475998,2209379.199999988,browser,browser_calibrated,0.005925655364990234,1.3000965118408203,527609,531930,4,-22.84979820251465,host_receive_nearest,verified,1,1,,,,,,,,,1,,,,,,,,,,,,,,,,,秦朝什么时候建立的？,1,公元前221年,V5,A,391.048,1789380286.7475998,1789380286.7616756,531930,,,,,,,,,,
aefbacc8-eed0-5c4f-9d81-88712e91ef23,quiz_item_response,1789380286.7561257,2127.724,527615,5,5,,2,G01,A,focused,quiz_item_response,秦始皇统一六国后，在地方上推行了什么制度来取代分封制？,,0.0,0.0,,V5Q2,B,B,True,4166,"{""client_event_id"":""2ffe2aea-23f1-44a1-92e4-f8c8a9ec3f96"",""recorder_run_id"":""324f7c1e-da89-4a22-ba3a-14cd4903bda9"",""client_id"":""236c2dd9-7af5-4104-acf6-d8b2600b9bd5"",""client_timestamp"":1789380286.7502,""client_monotonic_ms"":2209381.799999982,""event_timestamp"":1789380286.7561257,""clock_offset_sec"":0.005925655364990234,""clock_round_trip_ms"":1.3000965118408203,""subject_id"":""sub-001"",""session_id"":""ses-001"",""block_id"":""Block 5"",""counterbalance_group"":""G01"",""block_order"":""Block 5"",""condition"":""A"",""condition_type"":""focused"",""topic_key"":""V5"",""topic_name"":""千古一帝秦始皇都做了什么"",""event_type"":""quiz_item_response"",""iso_time"":""2026-09-14T10:04:46.750Z"",""relative_ms"":446416,""video_time_sec"":391.048,""video_id"":""V5"",""question_id"":""V5Q2"",""question_text"":""秦始皇统一六国后，在地方上推行了什么制度来取代分封制？"",""response_index"":1,""response_letter"":""B"",""response_text"":""郡县制"",""correct_index"":1,""correct_letter"":""B"",""correct_text"":""郡县制"",""is_correct"":true,""reaction_time_ms"":4166,""submitted_iso"":""2026-09-14T10:04:46.750Z"",""submitted_relative_ms"":446416}",324f7c1e-da89-4a22-ba3a-14cd4903bda9,sub-001,ses-001,2ffe2aea-23f1-44a1-92e4-f8c8a9ec3f96,236c2dd9-7af5-4104-acf6-d8b2600b9bd5,1789380286.7776756,1789380286.7502,2209381.799999982,browser,browser_calibrated,0.005925655364990234,1.3000965118408203,527610,531931,4,5.549907684326172,host_receive_nearest,verified,1,1,,,,,,,,,1,,,,,,,,,,,,,,,,,秦始皇统一六国后，在地方上推行了什么制度来取代分封制？,1,郡县制,V5,A,391.048,1789380286.7502,1789380286.7776756,531931,,,,,,,,,,
9ffb3c37-4d73-5f29-8ddf-97570741143d,quiz_item_response,1789380286.7581255,2127.724,527615,5,5,,2,G01,A,focused,quiz_item_response,秦始皇统一后，规定全国通行的标准文字是什么？,,0.0,0.0,,V5Q3,C,C,True,6786,"{""client_event_id"":""1a33562b-83ff-4c02-aaab-e8f0ec843d56"",""recorder_run_id"":""324f7c1e-da89-4a22-ba3a-14cd4903bda9"",""client_id"":""236c2dd9-7af5-4104-acf6-d8b2600b9bd5"",""client_timestamp"":1789380286.7522,""client_monotonic_ms"":2209383.799999982,""event_timestamp"":1789380286.7581255,""clock_offset_sec"":0.005925655364990234,""clock_round_trip_ms"":1.3000965118408203,""subject_id"":""sub-001"",""session_id"":""ses-001"",""block_id"":""Block 5"",""counterbalance_group"":""G01"",""block_order"":""Block 5"",""condition"":""A"",""condition_type"":""focused"",""topic_key"":""V5"",""topic_name"":""千古一帝秦始皇都做了什么"",""event_type"":""quiz_item_response"",""iso_time"":""2026-09-14T10:04:46.752Z"",""relative_ms"":446418,""video_time_sec"":391.048,""video_id"":""V5"",""question_id"":""V5Q3"",""question_text"":""秦始皇统一后，规定全国通行的标准文字是什么？"",""response_index"":2,""response_letter"":""C"",""response_text"":""小篆"",""correct_index"":2,""correct_letter"":""C"",""correct_text"":""小篆"",""is_correct"":true,""reaction_time_ms"":6786,""submitted_iso"":""2026-09-14T10:04:46.752Z"",""submitted_relative_ms"":446418}",324f7c1e-da89-4a22-ba3a-14cd4903bda9,sub-001,ses-001,1a33562b-83ff-4c02-aaab-e8f0ec843d56,236c2dd9-7af5-4104-acf6-d8b2600b9bd5,1789380286.7776756,1789380286.7522,2209383.799999982,browser,browser_calibrated,0.005925655364990234,1.3000965118408203,527610,531931,4,3.5500526428222656,host_receive_nearest,verified,1,1,,,,,,,,,1,,,,,,,,,,,,,,,,,秦始皇统一后，规定全国通行的标准文字是什么？,2,小篆,V5,A,391.048,1789380286.7522,1789380286.7776756,531931,,,,,,,,,,
efd48b60-974d-5f9b-b296-66ec12a9d5fd,quiz_item_response,1789380286.7601256,2127.724,527615,5,5,,2,G01,A,focused,quiz_item_response,秦始皇为促进各地经济交流，统一了以下哪一项？,,0.0,0.0,,V5Q4,A,A,True,9331,"{""client_event_id"":""715c0c25-758e-4d09-a438-6ebf689b918d"",""recorder_run_id"":""324f7c1e-da89-4a22-ba3a-14cd4903bda9"",""client_id"":""236c2dd9-7af5-4104-acf6-d8b2600b9bd5"",""client_timestamp"":1789380286.7542,""client_monotonic_ms"":2209385.899999976,""event_timestamp"":1789380286.7601256,""clock_offset_sec"":0.005925655364990234,""clock_round_trip_ms"":1.3000965118408203,""subject_id"":""sub-001"",""session_id"":""ses-001"",""block_id"":""Block 5"",""counterbalance_group"":""G01"",""block_order"":""Block 5"",""condition"":""A"",""condition_type"":""focused"",""topic_key"":""V5"",""topic_name"":""千古一帝秦始皇都做了什么"",""event_type"":""quiz_item_response"",""iso_time"":""2026-09-14T10:04:46.754Z"",""relative_ms"":446420,""video_time_sec"":391.048,""video_id"":""V5"",""question_id"":""V5Q4"",""question_text"":""秦始皇为促进各地经济交流，统一了以下哪一项？"",""response_index"":0,""response_letter"":""A"",""response_text"":""统一货币为半两钱"",""correct_index"":0,""correct_letter"":""A"",""correct_text"":""统一货币为半两钱"",""is_correct"":true,""reaction_time_ms"":9331,""submitted_iso"":""2026-09-14T10:04:46.754Z"",""submitted_relative_ms"":446420}",324f7c1e-da89-4a22-ba3a-14cd4903bda9,sub-001,ses-001,715c0c25-758e-4d09-a438-6ebf689b918d,236c2dd9-7af5-4104-acf6-d8b2600b9bd5,1789380286.7936757,1789380286.7542,2209385.899999976,browser,browser_calibrated,0.005925655364990234,1.3000965118408203,527610,531931,4,1.5499591827392578,host_receive_nearest,verified,1,1,,,,,,,,,1,,,,,,,,,,,,,,,,,秦始皇为促进各地经济交流，统一了以下哪一项？,0,统一货币为半两钱,V5,A,391.048,1789380286.7542,1789380286.7936757,531931,,,,,,,,,,
eda86b18-23ce-5f8f-8cd8-b72914d2c194,quiz_end,1789380286.7620256,2127.74,527615,5,5,,2,G01,A,focused,quiz_end,4/4,10.478,0.0,0.0,,,,,,,"{""client_event_id"":""03d2beb1-cc7b-4335-9d67-b9d41c476c73"",""recorder_run_id"":""324f7c1e-da89-4a22-ba3a-14cd4903bda9"",""client_id"":""236c2dd9-7af5-4104-acf6-d8b2600b9bd5"",""client_timestamp"":1789380286.7561,""client_monotonic_ms"":2209387.699999988,""event_timestamp"":1789380286.7620256,""clock_offset_sec"":0.005925655364990234,""clock_round_trip_ms"":1.3000965118408203,""subject_id"":""sub-001"",""session_id"":""ses-001"",""block_id"":""Block 5"",""counterbalance_group"":""G01"",""block_order"":""Block 5"",""condition"":""A"",""condition_type"":""focused"",""topic_key"":""V5"",""topic_name"":""千古一帝秦始皇都做了什么"",""event_type"":""quiz_end"",""iso_time"":""2026-09-14T10:04:46.756Z"",""relative_ms"":446421,""video_time_sec"":391.048,""score"":4,""total"":4,""duration_sec"":10.478}",324f7c1e-da89-4a22-ba3a-14cd4903bda9,sub-001,ses-001,03d2beb1-cc7b-4335-9d67-b9d41c476c73,236c2dd9-7af5-4104-acf6-d8b2600b9bd5,1789380286.7936757,1789380286.7561,2209387.699999988,browser,browser_calibrated,0.005925655364990234,1.3000965118408203,527614,531935,4,-0.34999847412109375,host_receive_nearest,verified,1,1,,,,,,,,,1,,,,,,,,,,,,,,,4,4,,,,V5,A,391.048,1789380286.7561,1789380286.7936757,531935,,,,,,,,,,
f4a9e238-0b78-5064-9dcd-1852368943e0,block_end,1789380286.7620256,2127.74,527615,5,5,,2,G01,A,focused,block_end,V5,,0.0,0.0,,,,,,,,324f7c1e-da89-4a22-ba3a-14cd4903bda9,sub-001,ses-001,03d2beb1-cc7b-4335-9d67-b9d41c476c73,236c2dd9-7af5-4104-acf6-d8b2600b9bd5,1789380286.7936757,1789380286.7561,2209387.699999988,browser,browser_calibrated,0.005925655364990234,1.3000965118408203,527614,531935,4,-0.34999847412109375,host_receive_nearest,verified,1,1,,,,,,,,,1,,,,,,,,,,,,,,,,,,,,V5,A,391.048,1789380286.7561,1789380286.7936757,531935,,,,,,,,,,
66899399-da63-53ef-880b-a975823ac734,rest_start,1789380286.7654257,2127.74,527635,5,5,,2,G01,A,focused,rest_start,after-block-5,,0.0,0.0,,,,,,,"{""client_event_id"":""3c27d93e-cd55-4de1-b7fc-fb866c1b2f10"",""recorder_run_id"":""324f7c1e-da89-4a22-ba3a-14cd4903bda9"",""client_id"":""236c2dd9-7af5-4104-acf6-d8b2600b9bd5"",""client_timestamp"":1789380286.7595,""client_monotonic_ms"":2209391.099999994,""event_timestamp"":1789380286.7654257,""clock_offset_sec"":0.005925655364990234,""clock_round_trip_ms"":1.3000965118408203,""subject_id"":""sub-001"",""session_id"":""ses-001"",""block_id"":""Block 5"",""counterbalance_group"":""G01"",""block_order"":""Block 5"",""condition"":""A"",""condition_type"":""focused"",""topic_key"":""V5"",""topic_name"":""千古一帝秦始皇都做了什么"",""event_type"":""rest_start"",""iso_time"":""2026-09-14T10:04:46.759Z"",""relative_ms"":446425,""video_time_sec"":391.048,""after_block_id"":5,""planned_duration"":30,""actual_duration"":"""",""is_formal_experiment"":0}",324f7c1e-da89-4a22-ba3a-14cd4903bda9,sub-001,ses-001,3c27d93e-cd55-4de1-b7fc-fb866c1b2f10,236c2dd9-7af5-4104-acf6-d8b2600b9bd5,1789380286.9646757,1789380286.7595,2209391.099999994,browser,browser_calibrated,0.005925655364990234,1.3000965118408203,527614,531935,4,-3.7500858306884766,host_receive_nearest,verified,0,1,,,,,5,,30,,0,,,,,,,,,,,,,,,,,,,,V5,A,391.048,1789380286.7595,1789380286.9646757,531935,,,,,,,,,,
02ce0331-1df8-53fc-87af-81b0b29a485d,qc_status_change,1789380289.6366756,2130.62,528335,,,,,G01,,,qc_status_change,good,,0.0,0.0,,,,,,,当前QC指标正常。,324f7c1e-da89-4a22-ba3a-14cd4903bda9,sub-001,ses-001,,,1789380289.6366756,,,recorder,server,,,528334,532655,4,0.0,host_receive_nearest,,,,,,,,,,,,0,,,,,,,,,,,,,,,,,,,,,,,,1789380289.6366756,532655,,,,,,,,,,
8dfdf69d-37e3-5201-9f84-86735075fc04,qc_status_change,1789380291.6216755,2132.7,528770,,,,,G01,,,qc_status_change,warning,,0.0,0.0,,,,,,,丢包率 3.37% 偏高。,324f7c1e-da89-4a22-ba3a-14cd4903bda9,sub-001,ses-001,,,1789380291.6216755,,,recorder,server,,,528769,533175,4,0.0,host_receive_nearest,,,,,,,,,,,,0,,,,,,,,,,,,,,,,,,,,,,,,1789380291.6216755,533175,,,,,,,,,,
ca46d7fe-9444-5bec-a0df-944bfd51fba7,qc_status_change,1789380305.6996756,2146.78,532290,,,,,G01,,,qc_status_change,good,,0.0,0.0,,,,,,,当前QC指标正常。,324f7c1e-da89-4a22-ba3a-14cd4903bda9,sub-001,ses-001,,,1789380305.6996756,,,recorder,server,,,532289,536695,4,0.0,host_receive_nearest,,,,,,,,,,,,0,,,,,,,,,,,,,,,,,,,,,,,,1789380305.6996756,536695,,,,,,,,,,
1365fd25-1beb-5f71-9996-c2b2aec9fd37,qc_status_change,1789380309.6996756,2150.76,533285,,,,,G01,,,qc_status_change,warning,,0.0,0.0,,,,,,,通道2 RMS相对基线异常，正在确认是否持续。,324f7c1e-da89-4a22-ba3a-14cd4903bda9,sub-001,ses-001,,,1789380309.6996756,,,recorder,server,,,533284,537690,4,-30.99989891052246,host_receive_nearest,,,,,,,,,,,,0,,,,,,,,,,,,,,,,,,,,,,,,1789380309.6996756,537690,,,,,,,,,,
85628237-3cd2-5365-918a-a394e49aa40a,qc_status_change,1789380315.6996756,2156.78,534790,,,,,G01,,,qc_status_change,good,,0.0,0.0,,,,,,,当前QC指标正常。,324f7c1e-da89-4a22-ba3a-14cd4903bda9,sub-001,ses-001,,,1789380315.6996756,,,recorder,server,,,534789,539195,4,0.0,host_receive_nearest,,,,,,,,,,,,0,,,,,,,,,,,,,,,,,,,,,,,,1789380315.6996756,539195,,,,,,,,,,
3131ab20-a7a8-58ab-bc80-52b546ba1e86,rest_end,1789380328.652226,2169.72,538025,5,5,,2,G01,A,focused,rest_end,after-block-5,41.884,0.0,0.0,,,,,,,"{""client_event_id"":""e86478c7-fb49-4d3b-bfe9-0407e591733b"",""recorder_run_id"":""324f7c1e-da89-4a22-ba3a-14cd4903bda9"",""client_id"":""236c2dd9-7af5-4104-acf6-d8b2600b9bd5"",""client_timestamp"":1789380328.6435,""client_monotonic_ms"":2251275.099999994,""event_timestamp"":1789380328.652226,""clock_offset_sec"":0.008725881576538086,""clock_round_trip_ms"":1.2998580932617188,""subject_id"":""sub-001"",""session_id"":""ses-001"",""block_id"":""Block 5"",""counterbalance_group"":""G01"",""block_order"":""Block 5"",""condition"":""A"",""condition_type"":""focused"",""topic_key"":""V5"",""topic_name"":""千古一帝秦始皇都做了什么"",""event_type"":""rest_end"",""iso_time"":""2026-09-14T10:05:28.643Z"",""relative_ms"":488309,""video_time_sec"":391.048,""after_block_id"":5,""planned_duration"":30,""actual_duration"":41.884,""duration_sec"":41.884,""is_formal_experiment"":0,""debug_early"":false}",324f7c1e-da89-4a22-ba3a-14cd4903bda9,sub-001,ses-001,e86478c7-fb49-4d3b-bfe9-0407e591733b,236c2dd9-7af5-4104-acf6-d8b2600b9bd5,1789380328.6526756,1789380328.6435,2251275.099999994,browser,browser_calibrated,0.008725881576538086,1.2998580932617188,538024,542430,4,-30.550479888916016,host_receive_nearest,verified,0,1,,,,,5,,30,41.884,0,,,,,,,,,,,,,,,,,,,,V5,A,391.048,1789380328.6435,1789380328.6526756,542430,,,,,,,,,,
374208d5-66cc-55d6-9b0d-f740604aacf2,block_start,1789380331.9755754,2173.0,538845,6,6,,2,G01,B,bbbd_subtraction,block_start,V6,,0.0,0.0,,,,,,,condition=B; condition_type=bbbd_subtraction,324f7c1e-da89-4a22-ba3a-14cd4903bda9,sub-001,ses-001,c308b4c2-9b95-470d-bd7f-ea74bc466427,236c2dd9-7af5-4104-acf6-d8b2600b9bd5,1789380331.9806757,1789380331.9666998,2254598.299999982,browser,browser_calibrated,0.008875608444213867,1.199960708618164,538844,543250,4,-56.8997859954834,host_receive_nearest,verified,0,1,983,1789378084.3866756,,,,,,,1,,,,,,,,,,,,,,,,,,,,V6,B,0,1789380331.9666998,1789380331.9806757,543250,,,,,,,,,,
35c84426-aaae-54d3-b852-9ae9f1e63968,condition_prompt_start,1789380331.9755754,2173.0,538845,6,6,,2,G01,B,bbbd_subtraction,condition_prompt_start,B,,0.0,0.0,,,,,,,,324f7c1e-da89-4a22-ba3a-14cd4903bda9,sub-001,ses-001,c308b4c2-9b95-470d-bd7f-ea74bc466427,236c2dd9-7af5-4104-acf6-d8b2600b9bd5,1789380331.9806757,1789380331.9666998,2254598.299999982,browser,browser_calibrated,0.008875608444213867,1.199960708618164,538844,543250,4,-56.8997859954834,host_receive_nearest,verified,0,1,,,,,,,,,1,,,,,,,,,,,,,,,,,,,,V6,B,0,1789380331.9666998,1789380331.9806757,543250,,,,,,,,,,
a08e93cb-b4dd-56de-9dcb-bd6ae2bb0d48,browser_block_config,1789380331.9755754,2173.0,538845,6,6,,2,G01,B,bbbd_subtraction,browser_block_config,V6,,0.0,0.0,,,,,,,"{""client_event_id"":""c308b4c2-9b95-470d-bd7f-ea74bc466427"",""recorder_run_id"":""324f7c1e-da89-4a22-ba3a-14cd4903bda9"",""client_id"":""236c2dd9-7af5-4104-acf6-d8b2600b9bd5"",""client_timestamp"":1789380331.9666998,""client_monotonic_ms"":2254598.299999982,""event_timestamp"":1789380331.9755754,""clock_offset_sec"":0.008875608444213867,""clock_round_trip_ms"":1.199960708618164,""subject_id"":""sub-001"",""session_id"":""ses-001"",""block_id"":""Block 6"",""counterbalance_group"":""G01"",""block_order"":""Block 6"",""condition"":""B"",""condition_type"":""bbbd_subtraction"",""topic_key"":""V6"",""topic_name"":""孔子的救世秘籍 仁爱 礼治 德治 中庸"",""event_type"":""block_start"",""iso_time"":""2026-09-14T10:05:31.966Z"",""relative_ms"":0,""video_time_sec"":0,""block_start_iso"":""2026-09-14T10:05:31.966Z"",""config_json"":""{\""recorder_run_id\"":\""324f7c1e-da89-4a22-ba3a-14cd4903bda9\"",\""subject_id\"":\""sub-001\"",\""session_id\"":\""ses-001\"",\""block_id\"":\""Block 6\"",\""counterbalance_group\"":\""G01\"",\""condition\"":\""B\"",\""condition_type\"":\""bbbd_subtraction\"",\""topic_key\"":\""V6\"",\""topic_name\"":\""孔子的救世秘籍 仁爱 礼治 德治 中庸\"",\""video_file\"":\""视频6-混知漫画｜孔子的救世秘籍！仁爱，礼治，德治，中庸~孔子（下）-480P 标清-AVC.mp4\"",\""start_number\"":983,\""generated_timestamp\"":1789378084.3866756}""}",324f7c1e-da89-4a22-ba3a-14cd4903bda9,sub-001,ses-001,c308b4c2-9b95-470d-bd7f-ea74bc466427,236c2dd9-7af5-4104-acf6-d8b2600b9bd5,1789380331.9806757,1789380331.9666998,2254598.299999982,browser,browser_calibrated,0.008875608444213867,1.199960708618164,538844,543250,4,-56.8997859954834,host_receive_nearest,verified,0,1,,,,,,,,,1,,,,,,,,,,,,,,,,,,,,V6,B,0,1789380331.9666998,1789380331.9806757,543250,,,,,,,,,,
00eb1705-1349-573d-b37d-16869275e98f,probe_schedule,1789380332.0308757,2173.02,538850,6,6,,2,G01,B,bbbd_subtraction,probe_schedule,"58.513,150.771,205.885,265.891",,0.0,0.0,,,,,,,"{""client_event_id"":""7d00e439-7ba5-4ddf-8f4c-f7c4009beb79"",""recorder_run_id"":""324f7c1e-da89-4a22-ba3a-14cd4903bda9"",""client_id"":""236c2dd9-7af5-4104-acf6-d8b2600b9bd5"",""client_timestamp"":1789380332.022,""client_monotonic_ms"":2254653.599999994,""event_timestamp"":1789380332.0308757,""clock_offset_sec"":0.008875608444213867,""clock_round_trip_ms"":1.199960708618164,""subject_id"":""sub-001"",""session_id"":""ses-001"",""block_id"":""Block 6"",""counterbalance_group"":""G01"",""block_order"":""Block 6"",""condition"":""B"",""condition_type"":""bbbd_subtraction"",""topic_key"":""V6"",""topic_name"":""孔子的救世秘籍 仁爱 礼治 德治 中庸"",""event_type"":""probe_schedule"",""iso_time"":""2026-09-14T10:05:32.022Z"",""relative_ms"":56,""video_time_sec"":0,""probe_schedule_id"":""e11fdf73-4324-47c3-8614-633f9fdafa7b"",""probe_times"":[58.513,150.771,205.885,265.891],""probe_config"":{""probes_per_block"":4,""min_first_onset_sec"":45,""min_end_margin_sec"":30,""min_gap_sec"":45},""video_duration_sec"":325.753,""video_id"":""V6"",""debug_fast"":false}",324f7c1e-da89-4a22-ba3a-14cd4903bda9,sub-001,ses-001,7d00e439-7ba5-4ddf-8f4c-f7c4009beb79,236c2dd9-7af5-4104-acf6-d8b2600b9bd5,1789380332.0276756,1789380332.022,2254653.599999994,browser,browser_calibrated,0.008875608444213867,1.199960708618164,538849,543255,4,-34.200191497802734,host_receive_nearest,verified,1,1,,,,,,,,,1,,,,,,,,,,,,,,,,,,,,V6,B,0,1789380332.022,1789380332.0276756,543255,,4,e11fdf73-4324-47c3-8614-633f9fdafa7b,,,,,,,
358dfbfe-da65-5eee-b7fb-715d7c676460,subtraction_start_number_displayed,1789380332.0343757,2173.02,538880,6,6,,2,G01,B,bbbd_subtraction,subtraction_start_number_displayed,983,,0.0,0.0,,,,,,,"{""client_event_id"":""aa2a8fb1-7c04-4352-8878-f4593ed22bd7"",""recorder_run_id"":""324f7c1e-da89-4a22-ba3a-14cd4903bda9"",""client_id"":""236c2dd9-7af5-4104-acf6-d8b2600b9bd5"",""client_timestamp"":1789380332.0255,""client_monotonic_ms"":2254657.099999994,""event_timestamp"":1789380332.0343757,""clock_offset_sec"":0.008875608444213867,""clock_round_trip_ms"":1.199960708618164,""subject_id"":""sub-001"",""session_id"":""ses-001"",""block_id"":""Block 6"",""counterbalance_group"":""G01"",""block_order"":""Block 6"",""condition"":""B"",""condition_type"":""bbbd_subtraction"",""topic_key"":""V6"",""topic_name"":""孔子的救世秘籍 仁爱 礼治 德治 中庸"",""event_type"":""subtraction_start_number_displayed"",""iso_time"":""2026-09-14T10:05:32.025Z"",""relative_ms"":59,""video_time_sec"":0,""start_number"":983,""generated_timestamp"":1789378084.3866756,""displayed_timestamp"":1789380332.0255}",324f7c1e-da89-4a22-ba3a-14cd4903bda9,sub-001,ses-001,aa2a8fb1-7c04-4352-8878-f4593ed22bd7,236c2dd9-7af5-4104-acf6-d8b2600b9bd5,1789380332.1526756,1789380332.0255,2254657.099999994,browser,browser_calibrated,0.008875608444213867,1.199960708618164,538849,543255,4,-37.70017623901367,host_receive_nearest,verified,1,0,983,1789378084.3866756,1789380332.0255,,,,,,1,,,,,,,,,,,,,,,,,,,,V6,B,0,1789380332.0255,1789380332.1526756,543255,,,,,,,,,,
a9c03929-68d1-5a7b-8d4c-e10491d6365b,condition_prompt_end,1789380337.0421,2178.12,540125,6,6,,2,G01,B,bbbd_subtraction,condition_prompt_end,0,,0.0,0.0,,,,,,,"{""client_event_id"":""912eea89-fe08-4ff0-9c8e-f2758f4e7cde"",""recorder_run_id"":""324f7c1e-da89-4a22-ba3a-14cd4903bda9"",""client_id"":""236c2dd9-7af5-4104-acf6-d8b2600b9bd5"",""client_timestamp"":1789380337.0421,""client_monotonic_ms"":2259673.699999988,""event_timestamp"":1789380337.0421,""clock_offset_sec"":0.008875608444213867,""clock_round_trip_ms"":1.199960708618164,""subject_id"":""sub-001"",""session_id"":""ses-001"",""block_id"":""Block 6"",""counterbalance_group"":""G01"",""block_order"":""Block 6"",""condition"":""B"",""condition_type"":""bbbd_subtraction"",""topic_key"":""V6"",""topic_name"":""孔子的救世秘籍 仁爱 礼治 德治 中庸"",""event_type"":""condition_prompt_end"",""iso_time"":""2026-09-14T10:05:37.042Z"",""relative_ms"":5076,""video_time_sec"":0}",324f7c1e-da89-4a22-ba3a-14cd4903bda9,sub-001,ses-001,912eea89-fe08-4ff0-9c8e-f2758f4e7cde,236c2dd9-7af5-4104-acf6-d8b2600b9bd5,1789380337.0586755,1789380337.0421,2259673.699999988,browser,browser_calibrated,0.008875608444213867,1.199960708618164,540124,544530,4,-14.424324035644531,host_receive_nearest,verified,1,0,,,,,,,,,1,,,,,,,,,,,,,,,,,,,,V6,B,0,1789380337.0421,1789380337.0586755,544530,,,,,,,,,,
2471485d-0808-580f-86f6-dc56505f40fe,video_start,1789380337.0421,2178.12,540125,6,6,,2,G01,B,bbbd_subtraction,video_start,V6,,0.0,0.0,,,,,,,,324f7c1e-da89-4a22-ba3a-14cd4903bda9,sub-001,ses-001,0424ea75-0016-4568-9d57-c90a954b11a8,236c2dd9-7af5-4104-acf6-d8b2600b9bd5,1789380337.0586755,1789380337.0482998,2259679.899999976,browser,browser_calibrated,0.008875608444213867,1.199960708618164,540124,544530,4,-14.424324035644531,host_receive_nearest,verified,1,1,,,,,,,,,1,,,,,,,,,,,,,,,,,,,,V6,B,0,1789380337.0482998,1789380337.0586755,544530,,,,,,,,,,
ba93df86-c4c4-576b-b376-a8b5e4e81c3d,video_play,1789380337.0421,2178.12,540125,6,6,,2,G01,B,bbbd_subtraction,video_play,0,,0.0,0.0,,,,,,,"{""client_event_id"":""0424ea75-0016-4568-9d57-c90a954b11a8"",""recorder_run_id"":""324f7c1e-da89-4a22-ba3a-14cd4903bda9"",""client_id"":""236c2dd9-7af5-4104-acf6-d8b2600b9bd5"",""client_timestamp"":1789380337.0482998,""client_monotonic_ms"":2259679.899999976,""event_timestamp"":1789380337.0421,""clock_offset_sec"":0.008875608444213867,""clock_round_trip_ms"":1.199960708618164,""subject_id"":""sub-001"",""session_id"":""ses-001"",""block_id"":""Block 6"",""counterbalance_group"":""G01"",""block_order"":""Block 6"",""condition"":""B"",""condition_type"":""bbbd_subtraction"",""topic_key"":""V6"",""topic_name"":""孔子的救世秘籍 仁爱 礼治 德治 中庸"",""event_type"":""video_play"",""iso_time"":""2026-09-14T10:05:37.048Z"",""relative_ms"":5082,""video_time_sec"":0}",324f7c1e-da89-4a22-ba3a-14cd4903bda9,sub-001,ses-001,0424ea75-0016-4568-9d57-c90a954b11a8,236c2dd9-7af5-4104-acf6-d8b2600b9bd5,1789380337.0586755,1789380337.0482998,2259679.899999976,browser,browser_calibrated,0.008875608444213867,1.199960708618164,540124,544530,4,-14.424324035644531,host_receive_nearest,verified,1,1,,,,,,,,,1,,,,,,,,,,,,,,,,,,,,V6,B,0,1789380337.0482998,1789380337.0586755,544530,,,,,,,,,,
655ffa3d-6af6-5d06-8fa1-f588d2182abe,subtraction_start_number_hidden,1789380337.0421,2178.12,540135,6,6,,2,G01,B,bbbd_subtraction,subtraction_start_number_hidden,983,,0.0,0.0,,,,,,,"{""client_event_id"":""fdfbf745-ffe6-4342-8e82-c377ee423d59"",""recorder_run_id"":""324f7c1e-da89-4a22-ba3a-14cd4903bda9"",""client_id"":""236c2dd9-7af5-4104-acf6-d8b2600b9bd5"",""client_timestamp"":1789380337.0512998,""client_monotonic_ms"":2259682.899999976,""event_timestamp"":1789380337.0421,""clock_offset_sec"":0.008875608444213867,""clock_round_trip_ms"":1.199960708618164,""subject_id"":""sub-001"",""session_id"":""ses-001"",""block_id"":""Block 6"",""counterbalance_group"":""G01"",""block_order"":""Block 6"",""condition"":""B"",""condition_type"":""bbbd_subtraction"",""topic_key"":""V6"",""topic_name"":""孔子的救世秘籍 仁爱 礼治 德治 中庸"",""event_type"":""subtraction_start_number_hidden"",""iso_time"":""2026-09-14T10:05:37.051Z"",""relative_ms"":5085,""video_time_sec"":0,""start_number"":983,""generated_timestamp"":1789378084.3866756,""displayed_timestamp"":1789380332.0255,""hidden_timestamp"":1789380337.0421}",324f7c1e-da89-4a22-ba3a-14cd4903bda9,sub-001,ses-001,fdfbf745-ffe6-4342-8e82-c377ee423d59,236c2dd9-7af5-4104-acf6-d8b2600b9bd5,1789380337.0746756,1789380337.0512998,2259682.899999976,browser,browser_calibrated,0.008875608444213867,1.199960708618164,540124,544530,4,-14.424324035644531,host_receive_nearest,verified,1,0,983,1789378084.3866756,1789380332.0255,1789380337.0421,,,,,1,,,,,,,,,,,,,,,,,,,,V6,B,0,1789380337.0512998,1789380337.0746756,544530,,,,,,,,,,
f2650336-fa67-5e56-856e-8c728ca531d4,qc_status_change,1789380349.7146757,2190.796,543294,6,6,,2,G01,B,bbbd_subtraction,qc_status_change,warning,,0.0,0.0,,,,,,,通道2 RMS相对基线异常，正在确认是否持续。,324f7c1e-da89-4a22-ba3a-14cd4903bda9,sub-001,ses-001,,,1789380349.7146757,,,recorder,server,,,543293,547699,4,0.0,host_receive_nearest,,,,,,,,,,,,1,,,,,,,,,,,,,,,,,,,,V6,B,,,1789380349.7146757,547699,,,,,,,,,,
cd699b83-ec60-5c8f-ba5e-aafef4e422df,qc_status_change,1789380357.6996756,2198.736,545279,6,6,,2,G01,B,bbbd_subtraction,qc_status_change,bad,,0.0,0.0,,,,,,,通道2 RMS相对基线突变，可能接触不稳，请检查并重新连接。,324f7c1e-da89-4a22-ba3a-14cd4903bda9,sub-001,ses-001,,,1789380357.6996756,,,recorder,server,,,545278,549684,4,0.0,host_receive_nearest,,,,,,,,,,,,1,,,,,,,,,,,,,,,,,,,,V6,B,,,1789380357.6996756,549684,,,,,,,,,,
0f38bd31-b045-50c7-b95a-dc128bd28537,probe_onset,1789380395.8457754,2236.896,554819,6,6,,2,G01,B,bbbd_subtraction,probe_onset,Block 6_1_e11fdf73,,0.0,0.0,,,,,,,"{""client_event_id"":""869058e1-5e70-4690-beb2-a5352bf4cfb2"",""recorder_run_id"":""324f7c1e-da89-4a22-ba3a-14cd4903bda9"",""client_id"":""236c2dd9-7af5-4104-acf6-d8b2600b9bd5"",""client_timestamp"":1789380395.8332999,""client_monotonic_ms"":2318464.899999976,""event_timestamp"":1789380395.8457754,""clock_offset_sec"":0.01247549057006836,""clock_round_trip_ms"":1.3997554779052734,""subject_id"":""sub-001"",""session_id"":""ses-001"",""block_id"":""Block 6"",""counterbalance_group"":""G01"",""block_order"":""Block 6"",""condition"":""B"",""condition_type"":""bbbd_subtraction"",""topic_key"":""V6"",""topic_name"":""孔子的救世秘籍 仁爱 礼治 德治 中庸"",""event_type"":""probe_onset"",""iso_time"":""2026-09-14T10:06:35.833Z"",""relative_ms"":63867,""video_time_sec"":58.737,""probe_id"":""Block 6_1_e11fdf73"",""probe_index"":1,""probe_schedule_id"":""e11fdf73-4324-47c3-8614-633f9fdafa7b"",""probe_planned_time_sec"":58.513,""video_id"":""V6"",""pause_reason"":""thought_probe"",""forced"":false}",324f7c1e-da89-4a22-ba3a-14cd4903bda9,sub-001,ses-001,869058e1-5e70-4690-beb2-a5352bf4cfb2,236c2dd9-7af5-4104-acf6-d8b2600b9bd5,1789380395.8396757,1789380395.8332999,2318464.899999976,browser,browser_calibrated,0.01247549057006836,1.3997554779052734,554818,559224,4,-37.09983825683594,host_receive_nearest,verified,1,1,,,,,,,,,1,,,,,,,,,,,,,,,,,,,,V6,B,58.737,1789380395.8332999,1789380395.8396757,559224,Block 6_1_e11fdf73,1,e11fdf73-4324-47c3-8614-633f9fdafa7b,58.513,,,,,,thought_probe
fd1bba06-19de-5c7a-bda0-ef26b5b903ed,attention_response,1789380398.1371756,2239.196,555394,6,6,,2,G01,B,bbbd_subtraction,attention_response,2,,0.0,0.0,,,,,,,"{""client_event_id"":""b3849ad0-e8f5-45b3-85ff-710bcc758de9"",""recorder_run_id"":""324f7c1e-da89-4a22-ba3a-14cd4903bda9"",""client_id"":""236c2dd9-7af5-4104-acf6-d8b2600b9bd5"",""client_timestamp"":1789380398.1247,""client_monotonic_ms"":2320756.299999982,""event_timestamp"":1789380398.1371756,""clock_offset_sec"":0.01247549057006836,""clock_round_trip_ms"":1.3997554779052734,""subject_id"":""sub-001"",""session_id"":""ses-001"",""block_id"":""Block 6"",""counterbalance_group"":""G01"",""block_order"":""Block 6"",""condition"":""B"",""condition_type"":""bbbd_subtraction"",""topic_key"":""V6"",""topic_name"":""孔子的救世秘籍 仁爱 礼治 德治 中庸"",""event_type"":""attention_response"",""iso_time"":""2026-09-14T10:06:38.124Z"",""relative_ms"":66158,""video_time_sec"":58.737,""probe_id"":""Block 6_1_e11fdf73"",""probe_index"":1,""probe_schedule_id"":""e11fdf73-4324-47c3-8614-633f9fdafa7b"",""probe_planned_time_sec"":58.513,""video_id"":""V6"",""response"":2,""response_label"":""连续减7心算任务"",""probe_attention"":""OFF"",""response_time_ms"":2291}",324f7c1e-da89-4a22-ba3a-14cd4903bda9,sub-001,ses-001,b3849ad0-e8f5-45b3-85ff-710bcc758de9,236c2dd9-7af5-4104-acf6-d8b2600b9bd5,1789380398.1366756,1789380398.1247,2320756.299999982,browser,browser_calibrated,0.01247549057006836,1.3997554779052734,555393,559799,4,-31.499862670898438,host_receive_nearest,verified,1,1,,,,,,,,,1,,,,,,,,,,,,,,,,,,,,V6,B,58.737,1789380398.1247,1789380398.6216755,559799,Block 6_1_e11fdf73,1,e11fdf73-4324-47c3-8614-633f9fdafa7b,58.513,2,连续减7心算任务,2291,,OFF,
ba570913-c4ea-5f78-b01f-7d64a5230f70,confidence_response,1789380398.8107753,2239.876,555564,6,6,,2,G01,B,bbbd_subtraction,confidence_response,3,,0.0,0.0,,,,,,,"{""client_event_id"":""ac7d6d3f-b58f-495d-afd9-312cf6138c45"",""recorder_run_id"":""324f7c1e-da89-4a22-ba3a-14cd4903bda9"",""client_id"":""236c2dd9-7af5-4104-acf6-d8b2600b9bd5"",""client_timestamp"":1789380398.7982998,""client_monotonic_ms"":2321429.899999976,""event_timestamp"":1789380398.8107753,""clock_offset_sec"":0.01247549057006836,""clock_round_trip_ms"":1.3997554779052734,""subject_id"":""sub-001"",""session_id"":""ses-001"",""block_id"":""Block 6"",""counterbalance_group"":""G01"",""block_order"":""Block 6"",""condition"":""B"",""condition_type"":""bbbd_subtraction"",""topic_key"":""V6"",""topic_name"":""孔子的救世秘籍 仁爱 礼治 德治 中庸"",""event_type"":""confidence_response"",""iso_time"":""2026-09-14T10:06:38.798Z"",""relative_ms"":66832,""video_time_sec"":58.737,""probe_id"":""Block 6_1_e11fdf73"",""probe_index"":1,""probe_schedule_id"":""e11fdf73-4324-47c3-8614-633f9fdafa7b"",""probe_planned_time_sec"":58.513,""video_id"":""V6"",""response"":2,""confidence"":3,""response_time_ms"":674}",324f7c1e-da89-4a22-ba3a-14cd4903bda9,sub-001,ses-001,ac7d6d3f-b58f-495d-afd9-312cf6138c45,236c2dd9-7af5-4104-acf6-d8b2600b9bd5,1789380398.8086755,1789380398.7982998,2321429.899999976,browser,browser_calibrated,0.01247549057006836,1.3997554779052734,555563,559969,4,-33.09965133666992,host_receive_nearest,verified,1,1,,,,,,,,,1,,,,,,,,,,,,,,,,,,,,V6,B,58.737,1789380398.7982998,1789380398.8086755,559969,Block 6_1_e11fdf73,1,e11fdf73-4324-47c3-8614-633f9fdafa7b,58.513,,,674,3,,
2eef99ec-bec1-585f-8075-a30c1ff2ec4e,phase_change,1789380398.8145754,2239.896,555569,6,6,,2,G01,B,bbbd_subtraction,phase_change,video,,0.0,0.0,,,,,,,,324f7c1e-da89-4a22-ba3a-14cd4903bda9,sub-001,ses-001,48a8427f-51c2-4cb4-b34e-9cad6a8a7ba7,236c2dd9-7af5-4104-acf6-d8b2600b9bd5,1789380398.8246756,1789380398.8021,2321433.699999988,browser,browser_calibrated,0.01247549057006836,1.3997554779052734,555568,559974,4,-5.899906158447266,host_receive_nearest,verified,1,1,,,,,,,,,1,,,,,,,,,,,,,,,,,,,,V6,B,58.805,1789380398.8021,1789380398.8246756,559974,,,,,,,,,,
c2fe0afb-acbd-54b3-81f1-47e3f926a83c,video_resume,1789380398.8145754,2239.896,555569,6,6,,2,G01,B,bbbd_subtraction,video_resume,58.805,,0.0,0.0,,,,,,,"{""client_event_id"":""48a8427f-51c2-4cb4-b34e-9cad6a8a7ba7"",""recorder_run_id"":""324f7c1e-da89-4a22-ba3a-14cd4903bda9"",""client_id"":""236c2dd9-7af5-4104-acf6-d8b2600b9bd5"",""client_timestamp"":1789380398.8021,""client_monotonic_ms"":2321433.699999988,""event_timestamp"":1789380398.8145754,""clock_offset_sec"":0.01247549057006836,""clock_round_trip_ms"":1.3997554779052734,""subject_id"":""sub-001"",""session_id"":""ses-001"",""block_id"":""Block 6"",""counterbalance_group"":""G01"",""block_order"":""Block 6"",""condition"":""B"",""condition_type"":""bbbd_subtraction"",""topic_key"":""V6"",""topic_name"":""孔子的救世秘籍 仁爱 礼治 德治 中庸"",""event_type"":""video_resume"",""iso_time"":""2026-09-14T10:06:38.802Z"",""relative_ms"":66836,""video_time_sec"":58.805,""probe_id"":""Block 6_1_e11fdf73"",""probe_index"":1,""probe_schedule_id"":""e11fdf73-4324-47c3-8614-633f9fdafa7b"",""probe_planned_time_sec"":58.513,""video_id"":""V6"",""pause_reason"":""thought_probe"",""resume_status"":""playing""}",324f7c1e-da89-4a22-ba3a-14cd4903bda9,sub-001,ses-001,48a8427f-51c2-4cb4-b34e-9cad6a8a7ba7,236c2dd9-7af5-4104-acf6-d8b2600b9bd5,1789380398.8246756,1789380398.8021,2321433.699999988,browser,browser_calibrated,0.01247549057006836,1.3997554779052734,555568,559974,4,-5.899906158447266,host_receive_nearest,verified,1,1,,,,,,,,,1,,,,,,,,,,,,,,,,,,,,V6,B,58.805,1789380398.8021,1789380398.8246756,559974,Block 6_1_e11fdf73,,,,,,,,,thought_probe
6faedd75-a6ae-5f93-a3bd-409aa7c9845e,qc_status_change,1789380417.7936757,2258.856,560309,6,6,,2,G01,B,bbbd_subtraction,qc_status_change,good,,0.0,0.0,,,,,,,当前QC指标正常。,324f7c1e-da89-4a22-ba3a-14cd4903bda9,sub-001,ses-001,,,1789380417.7936757,,,recorder,server,,,560308,564714,4,-16.000032424926758,host_receive_nearest,,,,,,,,,,,,1,,,,,,,,,,,,,,,,,,,,V6,B,,,1789380417.7936757,564714,,,,,,,,,,
15de058b-aa6b-55a7-aa67-50a1f9a21bb8,qc_status_change,1789380419.8086755,2260.836,560804,6,6,,2,G01,B,bbbd_subtraction,qc_status_change,warning,,0.0,0.0,,,,,,,通道1 RMS相对基线异常，正在确认是否持续。,324f7c1e-da89-4a22-ba3a-14cd4903bda9,sub-001,ses-001,,,1789380419.8086755,,,recorder,server,,,560803,565209,4,-14.999866485595703,host_receive_nearest,,,,,,,,,,,,1,,,,,,,,,,,,,,,,,,,,V6,B,,,1789380419.8086755,565209,,,,,,,,,,
5a529fc8-efe6-5679-a07d-a511c665ffcb,qc_status_change,1789380429.7936757,2270.876,563314,6,6,,2,G01,B,bbbd_subtraction,qc_status_change,bad,,0.0,0.0,,,,,,,通道2 RMS相对基线突变，可能接触不稳，请检查并重新连接。,324f7c1e-da89-4a22-ba3a-14cd4903bda9,sub-001,ses-001,,,1789380429.7936757,,,recorder,server,,,563313,567719,4,0.0,host_receive_nearest,,,,,,,,,,,,1,,,,,,,,,,,,,,,,,,,,V6,B,,,1789380429.7936757,567719,,,,,,,,,,
63baf06e-2bd5-5fc7-80a7-b68d1bafefac,qc_status_change,1789380439.8086755,2280.896,565819,6,6,,2,G01,B,bbbd_subtraction,qc_status_change,warning,,0.0,0.0,,,,,,,通道1 RMS相对基线异常，正在确认是否持续。,324f7c1e-da89-4a22-ba3a-14cd4903bda9,sub-001,ses-001,,,1789380439.8086755,,,recorder,server,,,565818,570224,4,0.0,host_receive_nearest,,,,,,,,,,,,1,,,,,,,,,,,,,,,,,,,,V6,B,,,1789380439.8086755,570224,,,,,,,,,,
8dff7c72-d8a0-590c-afef-c90cf5a71079,qc_status_change,1789380449.7936757,2290.876,568314,6,6,,2,G01,B,bbbd_subtraction,qc_status_change,good,,0.0,0.0,,,,,,,当前QC指标正常。,324f7c1e-da89-4a22-ba3a-14cd4903bda9,sub-001,ses-001,,,1789380449.7936757,,,recorder,server,,,568313,572719,4,0.0,host_receive_nearest,,,,,,,,,,,,1,,,,,,,,,,,,,,,,,,,,V6,B,,,1789380449.7936757,572719,,,,,,,,,,
2bbe7f95-5cc8-5a2d-850a-b29036e07061,qc_status_change,1789380461.7936757,2302.876,571314,6,6,,2,G01,B,bbbd_subtraction,qc_status_change,warning,,0.0,0.0,,,,,,,通道1 RMS相对基线异常，正在确认是否持续。,324f7c1e-da89-4a22-ba3a-14cd4903bda9,sub-001,ses-001,,,1789380461.7936757,,,recorder,server,,,571313,575719,4,0.0,host_receive_nearest,,,,,,,,,,,,1,,,,,,,,,,,,,,,,,,,,V6,B,,,1789380461.7936757,575719,,,,,,,,,,
38da05af-fa84-55c3-8d92-6aac63f2fdb3,qc_status_change,1789380467.7936757,2308.856,572809,6,6,,2,G01,B,bbbd_subtraction,qc_status_change,bad,,0.0,0.0,,,,,,,通道1 RMS相对基线突变，可能接触不稳，请检查并重新连接。; 通道2 RMS相对基线突变，可能接触不稳，请检查并重新连接。,324f7c1e-da89-4a22-ba3a-14cd4903bda9,sub-001,ses-001,,,1789380467.7936757,,,recorder,server,,,572808,577214,4,-16.000032424926758,host_receive_nearest,,,,,,,,,,,,1,,,,,,,,,,,,,,,,,,,,V6,B,,,1789380467.7936757,577214,,,,,,,,,,
1d290ee2-e6d4-5c55-bd8e-ebae91514d33,qc_status_change,1789380477.8086755,2318.896,575319,6,6,,2,G01,B,bbbd_subtraction,qc_status_change,good,,0.0,0.0,,,,,,,当前QC指标正常。,324f7c1e-da89-4a22-ba3a-14cd4903bda9,sub-001,ses-001,,,1789380477.8086755,,,recorder,server,,,575318,579724,4,0.0,host_receive_nearest,,,,,,,,,,,,1,,,,,,,,,,,,,,,,,,,,V6,B,,,1789380477.8086755,579724,,,,,,,,,,
18d05251-86e2-5e1a-8709-b1d424729150,qc_status_change,1789380487.7936757,2328.856,577809,6,6,,2,G01,B,bbbd_subtraction,qc_status_change,warning,,0.0,0.0,,,,,,,通道2 RMS相对基线异常，正在确认是否持续。,324f7c1e-da89-4a22-ba3a-14cd4903bda9,sub-001,ses-001,,,1789380487.7936757,,,recorder,server,,,577808,582214,4,0.0,host_receive_nearest,,,,,,,,,,,,1,,,,,,,,,,,,,,,,,,,,V6,B,,,1789380487.7936757,582214,,,,,,,,,,
0b1f70f3-6f81-5154-bc0e-8f66cbb68408,probe_onset,1789380490.8410258,2331.916,578579,6,6,,2,G01,B,bbbd_subtraction,probe_onset,Block 6_2_e11fdf73,,0.0,0.0,,,,,,,"{""client_event_id"":""b67fe508-8bfd-4bc8-bec3-47974e68d71d"",""recorder_run_id"":""324f7c1e-da89-4a22-ba3a-14cd4903bda9"",""client_id"":""236c2dd9-7af5-4104-acf6-d8b2600b9bd5"",""client_timestamp"":1789380490.8355,""client_monotonic_ms"":2413467.099999994,""event_timestamp"":1789380490.8410258,""clock_offset_sec"":0.005525827407836914,""clock_round_trip_ms"":1.2996196746826172,""subject_id"":""sub-001"",""session_id"":""ses-001"",""block_id"":""Block 6"",""counterbalance_group"":""G01"",""block_order"":""Block 6"",""condition"":""B"",""condition_type"":""bbbd_subtraction"",""topic_key"":""V6"",""topic_name"":""孔子的救世秘籍 仁爱 礼治 德治 中庸"",""event_type"":""probe_onset"",""iso_time"":""2026-09-14T10:08:10.835Z"",""relative_ms"":158869,""video_time_sec"":150.795,""probe_id"":""Block 6_2_e11fdf73"",""probe_index"":2,""probe_schedule_id"":""e11fdf73-4324-47c3-8614-633f9fdafa7b"",""probe_planned_time_sec"":150.771,""video_id"":""V6"",""pause_reason"":""thought_probe"",""forced"":false}",324f7c1e-da89-4a22-ba3a-14cd4903bda9,sub-001,ses-001,b67fe508-8bfd-4bc8-bec3-47974e68d71d,236c2dd9-7af5-4104-acf6-d8b2600b9bd5,1789380490.8556757,1789380490.8355,2413467.099999994,browser,browser_calibrated,0.005525827407836914,1.2996196746826172,578573,582979,4,-1.3501644134521484,host_receive_nearest,verified,1,1,,,,,,,,,1,,,,,,,,,,,,,,,,,,,,V6,B,150.795,1789380490.8355,1789380490.8556757,582979,Block 6_2_e11fdf73,2,e11fdf73-4324-47c3-8614-633f9fdafa7b,150.771,,,,,,thought_probe
0134ebe0-87de-5b8d-b158-600f9af68d84,attention_response,1789380493.0812259,2333.876,579064,6,6,,2,G01,B,bbbd_subtraction,attention_response,2,,0.0,0.0,,,,,,,"{""client_event_id"":""3642eb98-2108-4afd-b5bd-9133b9f5c717"",""recorder_run_id"":""324f7c1e-da89-4a22-ba3a-14cd4903bda9"",""client_id"":""236c2dd9-7af5-4104-acf6-d8b2600b9bd5"",""client_timestamp"":1789380493.0757,""client_monotonic_ms"":2415707.299999982,""event_timestamp"":1789380493.0812259,""clock_offset_sec"":0.005525827407836914,""clock_round_trip_ms"":1.2996196746826172,""subject_id"":""sub-001"",""session_id"":""ses-001"",""block_id"":""Block 6"",""counterbalance_group"":""G01"",""block_order"":""Block 6"",""condition"":""B"",""condition_type"":""bbbd_subtraction"",""topic_key"":""V6"",""topic_name"":""孔子的救世秘籍 仁爱 礼治 德治 中庸"",""event_type"":""attention_response"",""iso_time"":""2026-09-14T10:08:13.075Z"",""relative_ms"":161109,""video_time_sec"":150.795,""probe_id"":""Block 6_2_e11fdf73"",""probe_index"":2,""probe_schedule_id"":""e11fdf73-4324-47c3-8614-633f9fdafa7b"",""probe_planned_time_sec"":150.771,""video_id"":""V6"",""response"":2,""response_label"":""连续减7心算任务"",""probe_attention"":""OFF"",""response_time_ms"":2240}",324f7c1e-da89-4a22-ba3a-14cd4903bda9,sub-001,ses-001,3642eb98-2108-4afd-b5bd-9133b9f5c717,236c2dd9-7af5-4104-acf6-d8b2600b9bd5,1789380493.0896757,1789380493.0757,2415707.299999982,browser,browser_calibrated,0.005525827407836914,1.2996196746826172,579063,583469,4,-53.55024337768555,host_receive_nearest,verified,1,1,,,,,,,,,1,,,,,,,,,,,,,,,,,,,,V6,B,150.795,1789380493.0757,1789380493.0896757,583469,Block 6_2_e11fdf73,2,e11fdf73-4324-47c3-8614-633f9fdafa7b,150.771,2,连续减7心算任务,2240,,OFF,
c20b4f35-3598-5cf9-92ff-f3683b387f57,qc_status_change,1789380493.8086755,2334.256,579159,6,6,,2,G01,B,bbbd_subtraction,qc_status_change,bad,,0.0,0.0,,,,,,,通道2 RMS相对基线突变，可能接触不稳，请检查并重新连接。,324f7c1e-da89-4a22-ba3a-14cd4903bda9,sub-001,ses-001,,,1789380493.8086755,,,recorder,server,,,579158,583564,4,-30.99989891052246,host_receive_nearest,,,,,,,,,,,,1,,,,,,,,,,,,,,,,,,,,V6,B,,,1789380493.8086755,583564,,,,,,,,,,
e882304b-7635-5112-8a70-e3027e85e1ba,confidence_response,1789380493.8098257,2334.256,579159,6,6,,2,G01,B,bbbd_subtraction,confidence_response,3,,0.0,0.0,,,,,,,"{""client_event_id"":""b7744078-ea3e-48aa-b98e-b2b0f87eadc9"",""recorder_run_id"":""324f7c1e-da89-4a22-ba3a-14cd4903bda9"",""client_id"":""236c2dd9-7af5-4104-acf6-d8b2600b9bd5"",""client_timestamp"":1789380493.8042998,""client_monotonic_ms"":2416435.899999976,""event_timestamp"":1789380493.8098257,""clock_offset_sec"":0.005525827407836914,""clock_round_trip_ms"":1.2996196746826172,""subject_id"":""sub-001"",""session_id"":""ses-001"",""block_id"":""Block 6"",""counterbalance_group"":""G01"",""block_order"":""Block 6"",""condition"":""B"",""condition_type"":""bbbd_subtraction"",""topic_key"":""V6"",""topic_name"":""孔子的救世秘籍 仁爱 礼治 德治 中庸"",""event_type"":""confidence_response"",""iso_time"":""2026-09-14T10:08:13.804Z"",""relative_ms"":161838,""video_time_sec"":150.795,""probe_id"":""Block 6_2_e11fdf73"",""probe_index"":2,""probe_schedule_id"":""e11fdf73-4324-47c3-8614-633f9fdafa7b"",""probe_planned_time_sec"":150.771,""video_id"":""V6"",""response"":2,""confidence"":3,""response_time_ms"":729}",324f7c1e-da89-4a22-ba3a-14cd4903bda9,sub-001,ses-001,b7744078-ea3e-48aa-b98e-b2b0f87eadc9,236c2dd9-7af5-4104-acf6-d8b2600b9bd5,1789380493.8086755,1789380493.8042998,2416435.899999976,browser,browser_calibrated,0.005525827407836914,1.2996196746826172,579158,583564,4,-32.1500301361084,host_receive_nearest,verified,1,1,,,,,,,,,1,,,,,,,,,,,,,,,,,,,,V6,B,150.795,1789380493.8042998,1789380493.8246756,583564,Block 6_2_e11fdf73,2,e11fdf73-4324-47c3-8614-633f9fdafa7b,150.771,,,729,3,,
a707733f-0c40-5f26-90be-c74f02f1b0b4,phase_change,1789380493.8139257,2334.26,579169,6,6,,2,G01,B,bbbd_subtraction,phase_change,video,,0.0,0.0,,,,,,,,324f7c1e-da89-4a22-ba3a-14cd4903bda9,sub-001,ses-001,0cfceba8-1117-4a86-b6e5-ed0634980afd,236c2dd9-7af5-4104-acf6-d8b2600b9bd5,1789380493.8246756,1789380493.8084,2416440,browser,browser_calibrated,0.005525827407836914,1.2996196746826172,579159,583565,4,10.74981689453125,host_receive_nearest,verified,1,1,,,,,,,,,1,,,,,,,,,,,,,,,,,,,,V6,B,150.848,1789380493.8084,1789380493.8246756,583565,,,,,,,,,,
1429e3b1-f018-5728-851b-b007787512e3,video_resume,1789380493.8139257,2334.26,579169,6,6,,2,G01,B,bbbd_subtraction,video_resume,150.848,,0.0,0.0,,,,,,,"{""client_event_id"":""0cfceba8-1117-4a86-b6e5-ed0634980afd"",""recorder_run_id"":""324f7c1e-da89-4a22-ba3a-14cd4903bda9"",""client_id"":""236c2dd9-7af5-4104-acf6-d8b2600b9bd5"",""client_timestamp"":1789380493.8084,""client_monotonic_ms"":2416440,""event_timestamp"":1789380493.8139257,""clock_offset_sec"":0.005525827407836914,""clock_round_trip_ms"":1.2996196746826172,""subject_id"":""sub-001"",""session_id"":""ses-001"",""block_id"":""Block 6"",""counterbalance_group"":""G01"",""block_order"":""Block 6"",""condition"":""B"",""condition_type"":""bbbd_subtraction"",""topic_key"":""V6"",""topic_name"":""孔子的救世秘籍 仁爱 礼治 德治 中庸"",""event_type"":""video_resume"",""iso_time"":""2026-09-14T10:08:13.808Z"",""relative_ms"":161842,""video_time_sec"":150.848,""probe_id"":""Block 6_2_e11fdf73"",""probe_index"":2,""probe_schedule_id"":""e11fdf73-4324-47c3-8614-633f9fdafa7b"",""probe_planned_time_sec"":150.771,""video_id"":""V6"",""pause_reason"":""thought_probe"",""resume_status"":""playing""}",324f7c1e-da89-4a22-ba3a-14cd4903bda9,sub-001,ses-001,0cfceba8-1117-4a86-b6e5-ed0634980afd,236c2dd9-7af5-4104-acf6-d8b2600b9bd5,1789380493.8246756,1789380493.8084,2416440,browser,browser_calibrated,0.005525827407836914,1.2996196746826172,579159,583565,4,10.74981689453125,host_receive_nearest,verified,1,1,,,,,,,,,1,,,,,,,,,,,,,,,,,,,,V6,B,150.848,1789380493.8084,1789380493.8246756,583565,Block 6_2_e11fdf73,,,,,,,,,thought_probe
1b8f79f1-8ee7-5e11-a22e-915abad7c5fc,qc_status_change,1789380495.8246756,2336.876,579754,6,6,,2,G01,B,bbbd_subtraction,qc_status_change,warning,,0.0,0.0,,,,,,,丢包率 2.40% 偏高。,324f7c1e-da89-4a22-ba3a-14cd4903bda9,sub-001,ses-001,,,1789380495.8246756,,,recorder,server,,,579753,584219,4,-46.99993133544922,host_receive_nearest,,,,,,,,,,,,1,,,,,,,,,,,,,,,,,,,,V6,B,,,1789380495.8246756,584219,,,,,,,,,,
7a28d0de-a6c4-52b4-ab79-9c6f38ce28fc,qc_status_change,1789380505.8246756,2346.916,582264,6,6,,2,G01,B,bbbd_subtraction,qc_status_change,good,,0.0,0.0,,,,,,,当前QC指标正常。,324f7c1e-da89-4a22-ba3a-14cd4903bda9,sub-001,ses-001,,,1789380505.8246756,,,recorder,server,,,582263,586729,4,0.0,host_receive_nearest,,,,,,,,,,,,1,,,,,,,,,,,,,,,,,,,,V6,B,,,1789380505.8246756,586729,,,,,,,,,,
563b5fda-02ce-5fc6-a2b5-af693b35d6d3,qc_status_change,1789380507.8246756,2348.876,582754,6,6,,2,G01,B,bbbd_subtraction,qc_status_change,warning,,0.0,0.0,,,,,,,通道2 RMS相对基线异常，正在确认是否持续。,324f7c1e-da89-4a22-ba3a-14cd4903bda9,sub-001,ses-001,,,1789380507.8246756,,,recorder,server,,,582753,587219,4,0.0,host_receive_nearest,,,,,,,,,,,,1,,,,,,,,,,,,,,,,,,,,V6,B,,,1789380507.8246756,587219,,,,,,,,,,
1603bb96-0c35-5118-ab1f-381a6f60fa9f,qc_status_change,1789380513.8246756,2354.896,584259,6,6,,2,G01,B,bbbd_subtraction,qc_status_change,bad,,0.0,0.0,,,,,,,通道1 RMS相对基线异常，正在确认是否持续。; 通道2 RMS相对基线突变，可能接触不稳，请检查并重新连接。,324f7c1e-da89-4a22-ba3a-14cd4903bda9,sub-001,ses-001,,,1789380513.8246756,,,recorder,server,,,584258,588724,4,0.0,host_receive_nearest,,,,,,,,,,,,1,,,,,,,,,,,,,,,,,,,,V6,B,,,1789380513.8246756,588724,,,,,,,,,,
e803d9fc-866f-5c2d-bd4f-f31c79ca0ccc,qc_status_change,1789380531.8246756,2372.912,588763,6,6,,2,G01,B,bbbd_subtraction,qc_status_change,good,,0.0,0.0,,,,,,,当前QC指标正常。,324f7c1e-da89-4a22-ba3a-14cd4903bda9,sub-001,ses-001,,,1789380531.8246756,,,recorder,server,,,588762,593228,4,0.0,host_receive_nearest,,,,,,,,,,,,1,,,,,,,,,,,,,,,,,,,,V6,B,,,1789380531.8246756,593228,,,,,,,,,,
f2d92745-39ce-5166-8344-33281ccb8870,qc_status_change,1789380541.8246756,2382.892,591258,6,6,,2,G01,B,bbbd_subtraction,qc_status_change,warning,,0.0,0.0,,,,,,,通道2 RMS相对基线异常，正在确认是否持续。,324f7c1e-da89-4a22-ba3a-14cd4903bda9,sub-001,ses-001,,,1789380541.8246756,,,recorder,server,,,591257,595723,4,0.0,host_receive_nearest,,,,,,,,,,,,1,,,,,,,,,,,,,,,,,,,,V6,B,,,1789380541.8246756,595723,,,,,,,,,,
94de3020-56f3-54ec-bcf3-f9763ab973c0,qc_status_change,1789380547.8246756,2388.912,592763,6,6,,2,G01,B,bbbd_subtraction,qc_status_change,bad,,0.0,0.0,,,,,,,通道2 RMS相对基线突变，可能接触不稳，请检查并重新连接。,324f7c1e-da89-4a22-ba3a-14cd4903bda9,sub-001,ses-001,,,1789380547.8246756,,,recorder,server,,,592762,597228,4,0.0,host_receive_nearest,,,,,,,,,,,,1,,,,,,,,,,,,,,,,,,,,V6,B,,,1789380547.8246756,597228,,,,,,,,,,
bbf2099f-4602-59e7-b0d5-e194ec39f801,probe_onset,1789380549.1637754,2390.212,593088,6,6,,2,G01,B,bbbd_subtraction,probe_onset,Block 6_3_e11fdf73,,0.0,0.0,,,,,,,"{""client_event_id"":""08471340-e99d-48d2-85ca-1693f6886201"",""recorder_run_id"":""324f7c1e-da89-4a22-ba3a-14cd4903bda9"",""client_id"":""236c2dd9-7af5-4104-acf6-d8b2600b9bd5"",""client_timestamp"":1789380549.1642997,""client_monotonic_ms"":2471796,""event_timestamp"":1789380549.1637754,""clock_offset_sec"":-0.0005242824554443359,""clock_round_trip_ms"":1.399993896484375,""subject_id"":""sub-001"",""session_id"":""ses-001"",""block_id"":""Block 6"",""counterbalance_group"":""G01"",""block_order"":""Block 6"",""condition"":""B"",""condition_type"":""bbbd_subtraction"",""topic_key"":""V6"",""topic_name"":""孔子的救世秘籍 仁爱 礼治 德治 中庸"",""event_type"":""probe_onset"",""iso_time"":""2026-09-14T10:09:09.164Z"",""relative_ms"":217198,""video_time_sec"":206.137,""probe_id"":""Block 6_3_e11fdf73"",""probe_index"":3,""probe_schedule_id"":""e11fdf73-4324-47c3-8614-633f9fdafa7b"",""probe_planned_time_sec"":205.885,""video_id"":""V6"",""pause_reason"":""thought_probe"",""forced"":false}",324f7c1e-da89-4a22-ba3a-14cd4903bda9,sub-001,ses-001,08471340-e99d-48d2-85ca-1693f6886201,236c2dd9-7af5-4104-acf6-d8b2600b9bd5,1789380549.1686757,1789380549.1642997,2471796,browser,browser_calibrated,-0.0005242824554443359,1.399993896484375,593087,597553,4,-11.099815368652344,host_receive_nearest,verified,1,1,,,,,,,,,1,,,,,,,,,,,,,,,,,,,,V6,B,206.137,1789380549.1642997,1789380549.1686757,597553,Block 6_3_e11fdf73,3,e11fdf73-4324-47c3-8614-633f9fdafa7b,205.885,,,,,,thought_probe
9de4b548-be99-57dd-ae15-26b7e746a339,attention_response,1789380552.0900755,2393.132,593818,6,6,,2,G01,B,bbbd_subtraction,attention_response,2,,0.0,0.0,,,,,,,"{""client_event_id"":""2fa48940-50a0-49f7-adc7-34995258edf6"",""recorder_run_id"":""324f7c1e-da89-4a22-ba3a-14cd4903bda9"",""client_id"":""236c2dd9-7af5-4104-acf6-d8b2600b9bd5"",""client_timestamp"":1789380552.0905998,""client_monotonic_ms"":2474722.199999988,""event_timestamp"":1789380552.0900755,""clock_offset_sec"":-0.0005242824554443359,""clock_round_trip_ms"":1.399993896484375,""subject_id"":""sub-001"",""session_id"":""ses-001"",""block_id"":""Block 6"",""counterbalance_group"":""G01"",""block_order"":""Block 6"",""condition"":""B"",""condition_type"":""bbbd_subtraction"",""topic_key"":""V6"",""topic_name"":""孔子的救世秘籍 仁爱 礼治 德治 中庸"",""event_type"":""attention_response"",""iso_time"":""2026-09-14T10:09:12.090Z"",""relative_ms"":220124,""video_time_sec"":206.137,""probe_id"":""Block 6_3_e11fdf73"",""probe_index"":3,""probe_schedule_id"":""e11fdf73-4324-47c3-8614-633f9fdafa7b"",""probe_planned_time_sec"":205.885,""video_id"":""V6"",""response"":2,""response_label"":""连续减7心算任务"",""probe_attention"":""OFF"",""response_time_ms"":2926}",324f7c1e-da89-4a22-ba3a-14cd4903bda9,sub-001,ses-001,2fa48940-50a0-49f7-adc7-34995258edf6,236c2dd9-7af5-4104-acf6-d8b2600b9bd5,1789380552.1056757,1789380552.0905998,2474722.199999988,browser,browser_calibrated,-0.0005242824554443359,1.399993896484375,593817,598283,4,-31.399965286254883,host_receive_nearest,verified,1,1,,,,,,,,,1,,,,,,,,,,,,,,,,,,,,V6,B,206.137,1789380552.0905998,1789380552.1056757,598283,Block 6_3_e11fdf73,3,e11fdf73-4324-47c3-8614-633f9fdafa7b,205.885,2,连续减7心算任务,2926,,OFF,
a15e40ed-3682-5016-8394-0faa073c7e80,confidence_response,1789380552.9493756,2393.996,594043,6,6,,2,G01,B,bbbd_subtraction,confidence_response,3,,0.0,0.0,,,,,,,"{""client_event_id"":""f6a7f4f2-9918-4141-be18-e58e7c51c28c"",""recorder_run_id"":""324f7c1e-da89-4a22-ba3a-14cd4903bda9"",""client_id"":""236c2dd9-7af5-4104-acf6-d8b2600b9bd5"",""client_timestamp"":1789380552.9499,""client_monotonic_ms"":2475581.5,""event_timestamp"":1789380552.9493756,""clock_offset_sec"":-0.0005242824554443359,""clock_round_trip_ms"":1.399993896484375,""subject_id"":""sub-001"",""session_id"":""ses-001"",""block_id"":""Block 6"",""counterbalance_group"":""G01"",""block_order"":""Block 6"",""condition"":""B"",""condition_type"":""bbbd_subtraction"",""topic_key"":""V6"",""topic_name"":""孔子的救世秘籍 仁爱 礼治 德治 中庸"",""event_type"":""confidence_response"",""iso_time"":""2026-09-14T10:09:12.950Z"",""relative_ms"":220983,""video_time_sec"":206.137,""probe_id"":""Block 6_3_e11fdf73"",""probe_index"":3,""probe_schedule_id"":""e11fdf73-4324-47c3-8614-633f9fdafa7b"",""probe_planned_time_sec"":205.885,""video_id"":""V6"",""response"":2,""confidence"":3,""response_time_ms"":859}",324f7c1e-da89-4a22-ba3a-14cd4903bda9,sub-001,ses-001,f6a7f4f2-9918-4141-be18-e58e7c51c28c,236c2dd9-7af5-4104-acf6-d8b2600b9bd5,1789380552.9646757,1789380552.9499,2475581.5,browser,browser_calibrated,-0.0005242824554443359,1.399993896484375,594033,598499,4,0.2999305725097656,host_receive_nearest,verified,1,1,,,,,,,,,1,,,,,,,,,,,,,,,,,,,,V6,B,206.137,1789380552.9499,1789380552.9646757,598499,Block 6_3_e11fdf73,3,e11fdf73-4324-47c3-8614-633f9fdafa7b,205.885,,,859,3,,
fe317769-6093-5a2d-b14d-b283af470841,phase_change,1789380552.9533756,2394.02,594043,6,6,,2,G01,B,bbbd_subtraction,phase_change,video,,0.0,0.0,,,,,,,,324f7c1e-da89-4a22-ba3a-14cd4903bda9,sub-001,ses-001,c85f7a54-205c-4ab4-b60f-32218025b5c4,236c2dd9-7af5-4104-acf6-d8b2600b9bd5,1789380552.9646757,1789380552.9538999,2475585.5,browser,browser_calibrated,-0.0005242824554443359,1.399993896484375,594039,598505,4,-3.7000179290771484,host_receive_nearest,verified,1,1,,,,,,,,,1,,,,,,,,,,,,,,,,,,,,V6,B,206.193,1789380552.9538999,1789380552.9646757,598505,,,,,,,,,,
0fb2e9b2-aca1-5fe0-aaa0-aaf32f889434,video_resume,1789380552.9533756,2394.02,594043,6,6,,2,G01,B,bbbd_subtraction,video_resume,206.193,,0.0,0.0,,,,,,,"{""client_event_id"":""c85f7a54-205c-4ab4-b60f-32218025b5c4"",""recorder_run_id"":""324f7c1e-da89-4a22-ba3a-14cd4903bda9"",""client_id"":""236c2dd9-7af5-4104-acf6-d8b2600b9bd5"",""client_timestamp"":1789380552.9538999,""client_monotonic_ms"":2475585.5,""event_timestamp"":1789380552.9533756,""clock_offset_sec"":-0.0005242824554443359,""clock_round_trip_ms"":1.399993896484375,""subject_id"":""sub-001"",""session_id"":""ses-001"",""block_id"":""Block 6"",""counterbalance_group"":""G01"",""block_order"":""Block 6"",""condition"":""B"",""condition_type"":""bbbd_subtraction"",""topic_key"":""V6"",""topic_name"":""孔子的救世秘籍 仁爱 礼治 德治 中庸"",""event_type"":""video_resume"",""iso_time"":""2026-09-14T10:09:12.954Z"",""relative_ms"":220987,""video_time_sec"":206.193,""probe_id"":""Block 6_3_e11fdf73"",""probe_index"":3,""probe_schedule_id"":""e11fdf73-4324-47c3-8614-633f9fdafa7b"",""probe_planned_time_sec"":205.885,""video_id"":""V6"",""pause_reason"":""thought_probe"",""resume_status"":""playing""}",324f7c1e-da89-4a22-ba3a-14cd4903bda9,sub-001,ses-001,c85f7a54-205c-4ab4-b60f-32218025b5c4,236c2dd9-7af5-4104-acf6-d8b2600b9bd5,1789380552.9646757,1789380552.9538999,2475585.5,browser,browser_calibrated,-0.0005242824554443359,1.399993896484375,594039,598505,4,-3.7000179290771484,host_receive_nearest,verified,1,1,,,,,,,,,1,,,,,,,,,,,,,,,,,,,,V6,B,206.193,1789380552.9538999,1789380552.9646757,598505,Block 6_3_e11fdf73,,,,,,,,,thought_probe
77e64a07-dffd-5bb6-a326-eefcf5fae8ea,qc_status_change,1789380555.8246756,2396.872,594753,6,6,,2,G01,B,bbbd_subtraction,qc_status_change,good,,0.0,0.0,,,,,,,当前QC指标正常。,324f7c1e-da89-4a22-ba3a-14cd4903bda9,sub-001,ses-001,,,1789380555.8246756,,,recorder,server,,,594752,599218,4,-30.99989891052246,host_receive_nearest,,,,,,,,,,,,1,,,,,,,,,,,,,,,,,,,,V6,B,,,1789380555.8246756,599218,,,,,,,,,,
d0121413-39c4-58da-b3dc-e30e2182bc62,qc_status_change,1789380561.8396757,2402.852,596248,6,6,,2,G01,B,bbbd_subtraction,qc_status_change,warning,,0.0,0.0,,,,,,,通道2 RMS相对基线异常，正在确认是否持续。,324f7c1e-da89-4a22-ba3a-14cd4903bda9,sub-001,ses-001,,,1789380561.8396757,,,recorder,server,,,596247,600713,4,-46.000003814697266,host_receive_nearest,,,,,,,,,,,,1,,,,,,,,,,,,,,,,,,,,V6,B,,,1789380561.8396757,600713,,,,,,,,,,
20a017e7-c55c-50e7-9f35-e21e3e95a2cb,qc_status_change,1789380567.8246756,2408.892,597758,6,6,,2,G01,B,bbbd_subtraction,qc_status_change,bad,,0.0,0.0,,,,,,,通道1 RMS相对基线异常，正在确认是否持续。; 通道2 RMS相对基线突变，可能接触不稳，请检查并重新连接。,324f7c1e-da89-4a22-ba3a-14cd4903bda9,sub-001,ses-001,,,1789380567.8246756,,,recorder,server,,,597757,602223,4,0.0,host_receive_nearest,,,,,,,,,,,,1,,,,,,,,,,,,,,,,,,,,V6,B,,,1789380567.8246756,602223,,,,,,,,,,
623d0ea7-5768-545f-9ce3-d01688ec8048,qc_status_change,1789380575.8556757,2416.872,599753,6,6,,2,G01,B,bbbd_subtraction,qc_status_change,good,,0.0,0.0,,,,,,,当前QC指标正常。,324f7c1e-da89-4a22-ba3a-14cd4903bda9,sub-001,ses-001,,,1789380575.8556757,,,recorder,server,,,599752,604218,4,-47.00016975402832,host_receive_nearest,,,,,,,,,,,,1,,,,,,,,,,,,,,,,,,,,V6,B,,,1789380575.8556757,604218,,,,,,,,,,
37fd91af-57c0-52ac-86c9-62af5aaa50e1,qc_status_change,1789380577.8556757,2418.912,600263,6,6,,2,G01,B,bbbd_subtraction,qc_status_change,warning,,0.0,0.0,,,,,,,通道2 RMS相对基线异常，正在确认是否持续。,324f7c1e-da89-4a22-ba3a-14cd4903bda9,sub-001,ses-001,,,1789380577.8556757,,,recorder,server,,,600262,604728,4,-16.000032424926758,host_receive_nearest,,,,,,,,,,,,1,,,,,,,,,,,,,,,,,,,,V6,B,,,1789380577.8556757,604728,,,,,,,,,,
db647742-9cc8-5fa7-b322-f9c19137a807,qc_status_change,1789380583.8716755,2424.932,601768,6,6,,2,G01,B,bbbd_subtraction,qc_status_change,bad,,0.0,0.0,,,,,,,通道2 RMS相对基线突变，可能接触不稳，请检查并重新连接。,324f7c1e-da89-4a22-ba3a-14cd4903bda9,sub-001,ses-001,,,1789380583.8716755,,,recorder,server,,,601767,606233,4,-15.999794006347656,host_receive_nearest,,,,,,,,,,,,1,,,,,,,,,,,,,,,,,,,,V6,B,,,1789380583.8716755,606233,,,,,,,,,,
7c4d5043-d20d-55bc-94df-126377aeddc8,qc_status_change,1789380593.8866756,2434.932,604268,6,6,,2,G01,B,bbbd_subtraction,qc_status_change,good,,0.0,0.0,,,,,,,当前QC指标正常。,324f7c1e-da89-4a22-ba3a-14cd4903bda9,sub-001,ses-001,,,1789380593.8866756,,,recorder,server,,,604267,608733,4,0.0,host_receive_nearest,,,,,,,,,,,,1,,,,,,,,,,,,,,,,,,,,V6,B,,,1789380593.8866756,608733,,,,,,,,,,
1d56c448-6b28-533d-bf25-8379f2db1271,qc_status_change,1789380599.8716755,2440.952,605773,6,6,,2,G01,B,bbbd_subtraction,qc_status_change,warning,,0.0,0.0,,,,,,,通道2 RMS相对基线异常，正在确认是否持续。,324f7c1e-da89-4a22-ba3a-14cd4903bda9,sub-001,ses-001,,,1789380599.8716755,,,recorder,server,,,605772,610238,4,0.0,host_receive_nearest,,,,,,,,,,,,1,,,,,,,,,,,,,,,,,,,,V6,B,,,1789380599.8716755,610238,,,,,,,,,,
b6f1dd62-bbd0-5192-831a-5350a88185e8,qc_status_change,1789380605.8716755,2446.932,607268,6,6,,2,G01,B,bbbd_subtraction,qc_status_change,bad,,0.0,0.0,,,,,,,通道2 RMS相对基线突变，可能接触不稳，请检查并重新连接。,324f7c1e-da89-4a22-ba3a-14cd4903bda9,sub-001,ses-001,,,1789380605.8716755,,,recorder,server,,,607267,611733,4,-15.999794006347656,host_receive_nearest,,,,,,,,,,,,1,,,,,,,,,,,,,,,,,,,,V6,B,,,1789380605.8716755,611733,,,,,,,,,,
c0486c83-7ac2-5241-8a00-53b21ac1e3eb,probe_onset,1789380612.8552253,2453.872,609003,6,6,,2,G01,B,bbbd_subtraction,probe_onset,Block 6_4_e11fdf73,,0.0,0.0,,,,,,,"{""client_event_id"":""6136040c-56a1-43ca-a9b3-8ca46a27b236"",""recorder_run_id"":""324f7c1e-da89-4a22-ba3a-14cd4903bda9"",""client_id"":""236c2dd9-7af5-4104-acf6-d8b2600b9bd5"",""client_timestamp"":1789380612.8425999,""client_monotonic_ms"":2535474.199999988,""event_timestamp"":1789380612.8552253,""clock_offset_sec"":0.012625455856323242,""clock_round_trip_ms"":1.3000965118408203,""subject_id"":""sub-001"",""session_id"":""ses-001"",""block_id"":""Block 6"",""counterbalance_group"":""G01"",""block_order"":""Block 6"",""condition"":""B"",""condition_type"":""bbbd_subtraction"",""topic_key"":""V6"",""topic_name"":""孔子的救世秘籍 仁爱 礼治 德治 中庸"",""event_type"":""probe_onset"",""iso_time"":""2026-09-14T10:10:12.842Z"",""relative_ms"":280876,""video_time_sec"":266.019,""probe_id"":""Block 6_4_e11fdf73"",""probe_index"":4,""probe_schedule_id"":""e11fdf73-4324-47c3-8614-633f9fdafa7b"",""probe_planned_time_sec"":265.891,""video_id"":""V6"",""pause_reason"":""thought_probe"",""forced"":false}",324f7c1e-da89-4a22-ba3a-14cd4903bda9,sub-001,ses-001,6136040c-56a1-43ca-a9b3-8ca46a27b236,236c2dd9-7af5-4104-acf6-d8b2600b9bd5,1789380612.8556757,1789380612.8425999,2535474.199999988,browser,browser_calibrated,0.012625455856323242,1.3000965118408203,609002,613468,4,-30.54976463317871,host_receive_nearest,verified,1,1,,,,,,,,,1,,,,,,,,,,,,,,,,,,,,V6,B,266.019,1789380612.8425999,1789380612.8556757,613468,Block 6_4_e11fdf73,4,e11fdf73-4324-47c3-8614-633f9fdafa7b,265.891,,,,,,thought_probe
603bc724-36ab-5f07-a378-6142bb21ac83,attention_response,1789380615.7169251,2456.792,609733,6,6,,2,G01,B,bbbd_subtraction,attention_response,2,,0.0,0.0,,,,,,,"{""client_event_id"":""a7ba5980-d101-41f8-9845-1d86b96530a9"",""recorder_run_id"":""324f7c1e-da89-4a22-ba3a-14cd4903bda9"",""client_id"":""236c2dd9-7af5-4104-acf6-d8b2600b9bd5"",""client_timestamp"":1789380615.7042997,""client_monotonic_ms"":2538335.899999976,""event_timestamp"":1789380615.7169251,""clock_offset_sec"":0.012625455856323242,""clock_round_trip_ms"":1.3000965118408203,""subject_id"":""sub-001"",""session_id"":""ses-001"",""block_id"":""Block 6"",""counterbalance_group"":""G01"",""block_order"":""Block 6"",""condition"":""B"",""condition_type"":""bbbd_subtraction"",""topic_key"":""V6"",""topic_name"":""孔子的救世秘籍 仁爱 礼治 德治 中庸"",""event_type"":""attention_response"",""iso_time"":""2026-09-14T10:10:15.704Z"",""relative_ms"":283738,""video_time_sec"":266.019,""probe_id"":""Block 6_4_e11fdf73"",""probe_index"":4,""probe_schedule_id"":""e11fdf73-4324-47c3-8614-633f9fdafa7b"",""probe_planned_time_sec"":265.891,""video_id"":""V6"",""response"":2,""response_label"":""连续减7心算任务"",""probe_attention"":""OFF"",""response_time_ms"":2862}",324f7c1e-da89-4a22-ba3a-14cd4903bda9,sub-001,ses-001,a7ba5980-d101-41f8-9845-1d86b96530a9,236c2dd9-7af5-4104-acf6-d8b2600b9bd5,1789380615.7146757,1789380615.7042997,2538335.899999976,browser,browser_calibrated,0.012625455856323242,1.3000965118408203,609732,614198,4,-2.249479293823242,host_receive_nearest,verified,1,1,,,,,,,,,1,,,,,,,,,,,,,,,,,,,,V6,B,266.019,1789380615.7042997,1789380615.7146757,614198,Block 6_4_e11fdf73,4,e11fdf73-4324-47c3-8614-633f9fdafa7b,265.891,2,连续减7心算任务,2862,,OFF,
db0001a7-4c20-505c-bbe5-c07da6b539b9,confidence_response,1789380616.3796256,2457.452,609898,6,6,,2,G01,B,bbbd_subtraction,confidence_response,3,,0.0,0.0,,,,,,,"{""client_event_id"":""818856bd-9967-483d-9181-1d6839b633d0"",""recorder_run_id"":""324f7c1e-da89-4a22-ba3a-14cd4903bda9"",""client_id"":""236c2dd9-7af5-4104-acf6-d8b2600b9bd5"",""client_timestamp"":1789380616.367,""client_monotonic_ms"":2538998.599999994,""event_timestamp"":1789380616.3796256,""clock_offset_sec"":0.012625455856323242,""clock_round_trip_ms"":1.3000965118408203,""subject_id"":""sub-001"",""session_id"":""ses-001"",""block_id"":""Block 6"",""counterbalance_group"":""G01"",""block_order"":""Block 6"",""condition"":""B"",""condition_type"":""bbbd_subtraction"",""topic_key"":""V6"",""topic_name"":""孔子的救世秘籍 仁爱 礼治 德治 中庸"",""event_type"":""confidence_response"",""iso_time"":""2026-09-14T10:10:16.367Z"",""relative_ms"":284400,""video_time_sec"":266.019,""probe_id"":""Block 6_4_e11fdf73"",""probe_index"":4,""probe_schedule_id"":""e11fdf73-4324-47c3-8614-633f9fdafa7b"",""probe_planned_time_sec"":265.891,""video_id"":""V6"",""response"":2,""confidence"":3,""response_time_ms"":663}",324f7c1e-da89-4a22-ba3a-14cd4903bda9,sub-001,ses-001,818856bd-9967-483d-9181-1d6839b633d0,236c2dd9-7af5-4104-acf6-d8b2600b9bd5,1789380616.3716755,1789380616.367,2538998.599999994,browser,browser_calibrated,0.012625455856323242,1.3000965118408203,609897,614363,4,-23.949861526489258,host_receive_nearest,verified,1,1,,,,,,,,,1,,,,,,,,,,,,,,,,,,,,V6,B,266.019,1789380616.367,1789380616.3866756,614363,Block 6_4_e11fdf73,4,e11fdf73-4324-47c3-8614-633f9fdafa7b,265.891,,,663,3,,
6c5c14e9-f0c9-5795-a410-1f883f6f49ef,phase_change,1789380616.3836255,2457.456,609903,6,6,,2,G01,B,bbbd_subtraction,phase_change,video,,0.0,0.0,,,,,,,,324f7c1e-da89-4a22-ba3a-14cd4903bda9,sub-001,ses-001,dbb30e70-92e7-4c3d-8e7e-a1e925084287,236c2dd9-7af5-4104-acf6-d8b2600b9bd5,1789380616.3866756,1789380616.371,2539002.599999994,browser,browser_calibrated,0.012625455856323242,1.3000965118408203,609898,614364,4,3.050088882446289,host_receive_nearest,verified,1,1,,,,,,,,,1,,,,,,,,,,,,,,,,,,,,V6,B,266.077,1789380616.371,1789380616.3866756,614364,,,,,,,,,,
76330c93-66cf-58dc-8824-b82785efafc1,video_resume,1789380616.3836255,2457.456,609903,6,6,,2,G01,B,bbbd_subtraction,video_resume,266.077,,0.0,0.0,,,,,,,"{""client_event_id"":""dbb30e70-92e7-4c3d-8e7e-a1e925084287"",""recorder_run_id"":""324f7c1e-da89-4a22-ba3a-14cd4903bda9"",""client_id"":""236c2dd9-7af5-4104-acf6-d8b2600b9bd5"",""client_timestamp"":1789380616.371,""client_monotonic_ms"":2539002.599999994,""event_timestamp"":1789380616.3836255,""clock_offset_sec"":0.012625455856323242,""clock_round_trip_ms"":1.3000965118408203,""subject_id"":""sub-001"",""session_id"":""ses-001"",""block_id"":""Block 6"",""counterbalance_group"":""G01"",""block_order"":""Block 6"",""condition"":""B"",""condition_type"":""bbbd_subtraction"",""topic_key"":""V6"",""topic_name"":""孔子的救世秘籍 仁爱 礼治 德治 中庸"",""event_type"":""video_resume"",""iso_time"":""2026-09-14T10:10:16.371Z"",""relative_ms"":284404,""video_time_sec"":266.077,""probe_id"":""Block 6_4_e11fdf73"",""probe_index"":4,""probe_schedule_id"":""e11fdf73-4324-47c3-8614-633f9fdafa7b"",""probe_planned_time_sec"":265.891,""video_id"":""V6"",""pause_reason"":""thought_probe"",""resume_status"":""playing""}",324f7c1e-da89-4a22-ba3a-14cd4903bda9,sub-001,ses-001,dbb30e70-92e7-4c3d-8e7e-a1e925084287,236c2dd9-7af5-4104-acf6-d8b2600b9bd5,1789380616.3866756,1789380616.371,2539002.599999994,browser,browser_calibrated,0.012625455856323242,1.3000965118408203,609898,614364,4,3.050088882446289,host_receive_nearest,verified,1,1,,,,,,,,,1,,,,,,,,,,,,,,,,,,,,V6,B,266.077,1789380616.371,1789380616.3866756,614364,Block 6_4_e11fdf73,,,,,,,,,thought_probe
14c9d82f-d58d-5be7-b5ab-09ff199ba372,qc_status_change,1789380617.9186757,2458.972,610278,6,6,,2,G01,B,bbbd_subtraction,qc_status_change,warning,,0.0,0.0,,,,,,,通道1 RMS相对基线异常，正在确认是否持续。,324f7c1e-da89-4a22-ba3a-14cd4903bda9,sub-001,ses-001,,,1789380617.9186757,,,recorder,server,,,610277,614743,4,-32.000064849853516,host_receive_nearest,,,,,,,,,,,,1,,,,,,,,,,,,,,,,,,,,V6,B,,,1789380617.9186757,614743,,,,,,,,,,
39835ef7-4415-5fa7-bd5d-cab82720c55b,qc_status_change,1789380619.9186757,2460.992,610783,6,6,,2,G01,B,bbbd_subtraction,qc_status_change,good,,0.0,0.0,,,,,,,当前QC指标正常。,324f7c1e-da89-4a22-ba3a-14cd4903bda9,sub-001,ses-001,,,1789380619.9186757,,,recorder,server,,,610782,615248,4,0.0,host_receive_nearest,,,,,,,,,,,,1,,,,,,,,,,,,,,,,,,,,V6,B,,,1789380619.9186757,615248,,,,,,,,,,
9966e41b-d8c6-53c8-aa8b-605fdc01ebcc,qc_status_change,1789380623.9186757,2465.012,611788,6,6,,2,G01,B,bbbd_subtraction,qc_status_change,warning,,0.0,0.0,,,,,,,通道2 RMS相对基线异常，正在确认是否持续。,324f7c1e-da89-4a22-ba3a-14cd4903bda9,sub-001,ses-001,,,1789380623.9186757,,,recorder,server,,,611787,616253,4,0.0,host_receive_nearest,,,,,,,,,,,,1,,,,,,,,,,,,,,,,,,,,V6,B,,,1789380623.9186757,616253,,,,,,,,,,
ba8e426f-5c7f-59fb-a713-15cd61ab3164,qc_status_change,1789380629.9336755,2471.012,613288,6,6,,2,G01,B,bbbd_subtraction,qc_status_change,bad,,0.0,0.0,,,,,,,通道1 RMS相对基线异常，正在确认是否持续。; 通道2 RMS相对基线突变，可能接触不稳，请检查并重新连接。,324f7c1e-da89-4a22-ba3a-14cd4903bda9,sub-001,ses-001,,,1789380629.9336755,,,recorder,server,,,613287,617753,4,0.0,host_receive_nearest,,,,,,,,,,,,1,,,,,,,,,,,,,,,,,,,,V6,B,,,1789380629.9336755,617753,,,,,,,,,,
962a1990-180d-50d4-b735-8efdbec77c17,qc_status_change,1789380657.9186757,2498.932,620268,6,6,,2,G01,B,bbbd_subtraction,qc_status_change,good,,0.0,0.0,,,,,,,当前QC指标正常。,324f7c1e-da89-4a22-ba3a-14cd4903bda9,sub-001,ses-001,,,1789380657.9186757,,,recorder,server,,,620267,624733,4,-62.99996376037598,host_receive_nearest,,,,,,,,,,,,1,,,,,,,,,,,,,,,,,,,,V6,B,,,1789380657.9186757,624733,,,,,,,,,,
9037fe2e-fa5a-5bc9-8346-2e33e54a8615,qc_status_change,1789380663.9336755,2504.972,621778,6,6,,2,G01,B,bbbd_subtraction,qc_status_change,warning,,0.0,0.0,,,,,,,通道2 RMS相对基线异常，正在确认是否持续。,324f7c1e-da89-4a22-ba3a-14cd4903bda9,sub-001,ses-001,,,1789380663.9336755,,,recorder,server,,,621777,626243,4,-14.999866485595703,host_receive_nearest,,,,,,,,,,,,1,,,,,,,,,,,,,,,,,,,,V6,B,,,1789380663.9336755,626243,,,,,,,,,,
1c8fb5db-fe54-5e48-81f5-be2d8647f1e8,qc_status_change,1789380669.9186757,2510.992,623283,6,6,,2,G01,B,bbbd_subtraction,qc_status_change,bad,,0.0,0.0,,,,,,,通道1 RMS相对基线异常，正在确认是否持续。; 通道2 RMS相对基线突变，可能接触不稳，请检查并重新连接。,324f7c1e-da89-4a22-ba3a-14cd4903bda9,sub-001,ses-001,,,1789380669.9186757,,,recorder,server,,,623282,627748,4,0.0,host_receive_nearest,,,,,,,,,,,,1,,,,,,,,,,,,,,,,,,,,V6,B,,,1789380669.9186757,627748,,,,,,,,,,
b240aa33-0d0e-584d-957a-457a60c1415e,qc_status_change,1789380671.9186757,2512.992,623783,6,6,,2,G01,B,bbbd_subtraction,qc_status_change,good,,0.0,0.0,,,,,,,当前QC指标正常。,324f7c1e-da89-4a22-ba3a-14cd4903bda9,sub-001,ses-001,,,1789380671.9186757,,,recorder,server,,,623782,628248,4,0.0,host_receive_nearest,,,,,,,,,,,,1,,,,,,,,,,,,,,,,,,,,V6,B,,,1789380671.9186757,628248,,,,,,,,,,
41834c2e-5fc3-5feb-afeb-a15a2a799144,video_end,1789380676.1338255,2517.212,624838,6,6,,2,G01,B,bbbd_subtraction,video_end,V6,,0.0,0.0,,,,,,,,324f7c1e-da89-4a22-ba3a-14cd4903bda9,sub-001,ses-001,cf2335e3-e065-45ab-9153-b06e3ec7aada,236c2dd9-7af5-4104-acf6-d8b2600b9bd5,1789380676.1366756,1789380676.1258,2598757.399999976,browser,browser_calibrated,0.008025646209716797,1.2998580932617188,624837,629303,4,-12.150049209594727,host_receive_nearest,verified,1,1,,,,,,,,,1,,,,,,,,,,,,,,,,,,,,V6,B,325.753,1789380676.1258,1789380676.1366756,629303,,,,,,,,,,
2cd8fea2-acdb-5aa6-8691-2b06700c360f,browser_video_ended,1789380676.1338255,2517.212,624838,6,6,,2,G01,B,bbbd_subtraction,browser_video_ended,,,0.0,0.0,,,,,,,"{""client_event_id"":""cf2335e3-e065-45ab-9153-b06e3ec7aada"",""recorder_run_id"":""324f7c1e-da89-4a22-ba3a-14cd4903bda9"",""client_id"":""236c2dd9-7af5-4104-acf6-d8b2600b9bd5"",""client_timestamp"":1789380676.1258,""client_monotonic_ms"":2598757.399999976,""event_timestamp"":1789380676.1338255,""clock_offset_sec"":0.008025646209716797,""clock_round_trip_ms"":1.2998580932617188,""subject_id"":""sub-001"",""session_id"":""ses-001"",""block_id"":""Block 6"",""counterbalance_group"":""G01"",""block_order"":""Block 6"",""condition"":""B"",""condition_type"":""bbbd_subtraction"",""topic_key"":""V6"",""topic_name"":""孔子的救世秘籍 仁爱 礼治 德治 中庸"",""event_type"":""video_ended"",""iso_time"":""2026-09-14T10:11:16.125Z"",""relative_ms"":344159,""video_time_sec"":325.753}",324f7c1e-da89-4a22-ba3a-14cd4903bda9,sub-001,ses-001,cf2335e3-e065-45ab-9153-b06e3ec7aada,236c2dd9-7af5-4104-acf6-d8b2600b9bd5,1789380676.1366756,1789380676.1258,2598757.399999976,browser,browser_calibrated,0.008025646209716797,1.2998580932617188,624837,629303,4,-12.150049209594727,host_receive_nearest,verified,1,1,,,,,,,,,1,,,,,,,,,,,,,,,,,,,,V6,B,325.753,1789380676.1258,1789380676.1366756,629303,,,,,,,,,,
f4086333-88e4-5818-9fab-42c1ef62bd4d,browser_block_end,1789380676.1380258,2517.232,624843,6,6,,2,G01,B,bbbd_subtraction,browser_block_end,视频自然播放结束,,0.0,0.0,,,,,,,"{""client_event_id"":""6b88235a-e227-4008-b248-6a5529dea54c"",""recorder_run_id"":""324f7c1e-da89-4a22-ba3a-14cd4903bda9"",""client_id"":""236c2dd9-7af5-4104-acf6-d8b2600b9bd5"",""client_timestamp"":1789380676.13,""client_monotonic_ms"":2598761.599999994,""event_timestamp"":1789380676.1380258,""clock_offset_sec"":0.008025646209716797,""clock_round_trip_ms"":1.2998580932617188,""subject_id"":""sub-001"",""session_id"":""ses-001"",""block_id"":""Block 6"",""counterbalance_group"":""G01"",""block_order"":""Block 6"",""condition"":""B"",""condition_type"":""bbbd_subtraction"",""topic_key"":""V6"",""topic_name"":""孔子的救世秘籍 仁爱 礼治 德治 中庸"",""event_type"":""block_end"",""iso_time"":""2026-09-14T10:11:16.130Z"",""relative_ms"":344163,""video_time_sec"":325.753,""reason"":""视频自然播放结束""}",324f7c1e-da89-4a22-ba3a-14cd4903bda9,sub-001,ses-001,6b88235a-e227-4008-b248-6a5529dea54c,236c2dd9-7af5-4104-acf6-d8b2600b9bd5,1789380676.1526756,1789380676.13,2598761.599999994,browser,browser_calibrated,0.008025646209716797,1.2998580932617188,624842,629308,4,-1.3501644134521484,host_receive_nearest,verified,1,1,,,,,,,,,1,,,,,,,,,,,,,,,,,,,,V6,B,325.753,1789380676.13,1789380676.1526756,629308,,,,,,,,,,
a9f85da6-eaa8-52e9-8c51-ed9bc8846a9a,rating_start,1789380676.1411254,2517.232,624843,6,6,,2,G01,B,bbbd_subtraction,rating_start,,,0.0,0.0,,,,,,,"{""client_event_id"":""d5624858-63af-434d-8130-6e176bcbd928"",""recorder_run_id"":""324f7c1e-da89-4a22-ba3a-14cd4903bda9"",""client_id"":""236c2dd9-7af5-4104-acf6-d8b2600b9bd5"",""client_timestamp"":1789380676.1330998,""client_monotonic_ms"":2598764.799999982,""event_timestamp"":1789380676.1411254,""clock_offset_sec"":0.008025646209716797,""clock_round_trip_ms"":1.2998580932617188,""subject_id"":""sub-001"",""session_id"":""ses-001"",""block_id"":""Block 6"",""counterbalance_group"":""G01"",""block_order"":""Block 6"",""condition"":""B"",""condition_type"":""bbbd_subtraction"",""topic_key"":""V6"",""topic_name"":""孔子的救世秘籍 仁爱 礼治 德治 中庸"",""event_type"":""rating_start"",""iso_time"":""2026-09-14T10:11:16.133Z"",""relative_ms"":344167,""video_time_sec"":325.753}",324f7c1e-da89-4a22-ba3a-14cd4903bda9,sub-001,ses-001,d5624858-63af-434d-8130-6e176bcbd928,236c2dd9-7af5-4104-acf6-d8b2600b9bd5,1789380676.1526756,1789380676.1330998,2598764.799999982,browser,browser_calibrated,0.008025646209716797,1.2998580932617188,624842,629308,4,-4.4498443603515625,host_receive_nearest,verified,1,1,,,,,,,,,1,,,,,,,,,,,,,,,,,,,,V6,B,325.753,1789380676.1330998,1789380676.1526756,629308,,,,,,,,,,
5e7ad5dd-facf-5f1e-9429-d3d16e5d358b,rating_item_response,1789380679.2539256,2520.332,625618,6,6,,2,G01,B,bbbd_subtraction,rating_item_response,4,,0.0,0.0,,,,,,,"{""client_event_id"":""32ffae04-f05d-4dad-8118-bdf4ff9e906a"",""recorder_run_id"":""324f7c1e-da89-4a22-ba3a-14cd4903bda9"",""client_id"":""236c2dd9-7af5-4104-acf6-d8b2600b9bd5"",""client_timestamp"":1789380679.2459,""client_monotonic_ms"":2601877.5,""event_timestamp"":1789380679.2539256,""clock_offset_sec"":0.008025646209716797,""clock_round_trip_ms"":1.2998580932617188,""subject_id"":""sub-001"",""session_id"":""ses-001"",""block_id"":""Block 6"",""counterbalance_group"":""G01"",""block_order"":""Block 6"",""condition"":""B"",""condition_type"":""bbbd_subtraction"",""topic_key"":""V6"",""topic_name"":""孔子的救世秘籍 仁爱 礼治 德治 中庸"",""event_type"":""rating_item_response"",""iso_time"":""2026-09-14T10:11:19.246Z"",""relative_ms"":347279,""video_time_sec"":325.753,""rating_item"":""course_attention_rating"",""rating_value"":""4"",""response_time_ms"":3113}",324f7c1e-da89-4a22-ba3a-14cd4903bda9,sub-001,ses-001,32ffae04-f05d-4dad-8118-bdf4ff9e906a,236c2dd9-7af5-4104-acf6-d8b2600b9bd5,1789380679.2466755,1789380679.2459,2601877.5,browser,browser_calibrated,0.008025646209716797,1.2998580932617188,625617,630083,4,-7.250070571899414,host_receive_nearest,verified,1,1,,,,,,,,,1,,,,,,,,,,,,,course_attention_rating,4,,,,,,V6,B,325.753,1789380679.2459,1789380679.2466755,630083,,,,,,,3113,,,
79aa4cdd-e5ab-5cf1-93c8-264047d89e08,rating_item_response,1789380681.5143254,2522.572,626178,6,6,,2,G01,B,bbbd_subtraction,rating_item_response,3,,0.0,0.0,,,,,,,"{""client_event_id"":""cdab41d6-858c-4177-b91b-ba5fb4f69351"",""recorder_run_id"":""324f7c1e-da89-4a22-ba3a-14cd4903bda9"",""client_id"":""236c2dd9-7af5-4104-acf6-d8b2600b9bd5"",""client_timestamp"":1789380681.5062997,""client_monotonic_ms"":2604137.899999976,""event_timestamp"":1789380681.5143254,""clock_offset_sec"":0.008025646209716797,""clock_round_trip_ms"":1.2998580932617188,""subject_id"":""sub-001"",""session_id"":""ses-001"",""block_id"":""Block 6"",""counterbalance_group"":""G01"",""block_order"":""Block 6"",""condition"":""B"",""condition_type"":""bbbd_subtraction"",""topic_key"":""V6"",""topic_name"":""孔子的救世秘籍 仁爱 礼治 德治 中庸"",""event_type"":""rating_item_response"",""iso_time"":""2026-09-14T10:11:21.506Z"",""relative_ms"":349540,""video_time_sec"":325.753,""rating_item"":""mental_effort"",""rating_value"":""3"",""response_time_ms"":5373}",324f7c1e-da89-4a22-ba3a-14cd4903bda9,sub-001,ses-001,cdab41d6-858c-4177-b91b-ba5fb4f69351,236c2dd9-7af5-4104-acf6-d8b2600b9bd5,1789380681.5116756,1789380681.5062997,2604137.899999976,browser,browser_calibrated,0.008025646209716797,1.2998580932617188,626177,630643,4,-17.64988899230957,host_receive_nearest,verified,1,1,,,,,,,,,1,,,,,,,,,,,,,mental_effort,3,,,,,,V6,B,325.753,1789380681.5062997,1789380681.5116756,630643,,,,,,,5373,,,
5f815055-02a2-5629-9097-10e18c828fee,rating_item_response,1789380682.9439256,2524.012,626538,6,6,,2,G01,B,bbbd_subtraction,rating_item_response,3,,0.0,0.0,,,,,,,"{""client_event_id"":""181457b5-36be-4931-bdb6-477eaee2b2a2"",""recorder_run_id"":""324f7c1e-da89-4a22-ba3a-14cd4903bda9"",""client_id"":""236c2dd9-7af5-4104-acf6-d8b2600b9bd5"",""client_timestamp"":1789380682.9359,""client_monotonic_ms"":2605567.5,""event_timestamp"":1789380682.9439256,""clock_offset_sec"":0.008025646209716797,""clock_round_trip_ms"":1.2998580932617188,""subject_id"":""sub-001"",""session_id"":""ses-001"",""block_id"":""Block 6"",""counterbalance_group"":""G01"",""block_order"":""Block 6"",""condition"":""B"",""condition_type"":""bbbd_subtraction"",""topic_key"":""V6"",""topic_name"":""孔子的救世秘籍 仁爱 礼治 德治 中庸"",""event_type"":""rating_item_response"",""iso_time"":""2026-09-14T10:11:22.935Z"",""relative_ms"":350969,""video_time_sec"":325.753,""rating_item"":""video_interest"",""rating_value"":""3"",""response_time_ms"":6803}",324f7c1e-da89-4a22-ba3a-14cd4903bda9,sub-001,ses-001,181457b5-36be-4931-bdb6-477eaee2b2a2,236c2dd9-7af5-4104-acf6-d8b2600b9bd5,1789380682.9496756,1789380682.9359,2605567.5,browser,browser_calibrated,0.008025646209716797,1.2998580932617188,626537,631003,4,-10.250091552734375,host_receive_nearest,verified,1,1,,,,,,,,,1,,,,,,,,,,,,,video_interest,3,,,,,,V6,B,325.753,1789380682.9359,1789380682.9496756,631003,,,,,,,6803,,,
fcd52826-2719-519b-bc6e-35eade06e6a6,rating_item_response,1789380684.0019255,2525.092,626808,6,6,,2,G01,B,bbbd_subtraction,rating_item_response,1,,0.0,0.0,,,,,,,"{""client_event_id"":""bc3a9500-71e1-4b51-af09-665f323b9a3c"",""recorder_run_id"":""324f7c1e-da89-4a22-ba3a-14cd4903bda9"",""client_id"":""236c2dd9-7af5-4104-acf6-d8b2600b9bd5"",""client_timestamp"":1789380683.9938998,""client_monotonic_ms"":2606625.5,""event_timestamp"":1789380684.0019255,""clock_offset_sec"":0.008025646209716797,""clock_round_trip_ms"":1.2998580932617188,""subject_id"":""sub-001"",""session_id"":""ses-001"",""block_id"":""Block 6"",""counterbalance_group"":""G01"",""block_order"":""Block 6"",""condition"":""B"",""condition_type"":""bbbd_subtraction"",""topic_key"":""V6"",""topic_name"":""孔子的救世秘籍 仁爱 礼治 德治 中庸"",""event_type"":""rating_item_response"",""iso_time"":""2026-09-14T10:11:23.993Z"",""relative_ms"":352027,""video_time_sec"":325.753,""rating_item"":""video_difficulty"",""rating_value"":""1"",""response_time_ms"":7861}",324f7c1e-da89-4a22-ba3a-14cd4903bda9,sub-001,ses-001,bc3a9500-71e1-4b51-af09-665f323b9a3c,236c2dd9-7af5-4104-acf6-d8b2600b9bd5,1789380683.9966755,1789380683.9938998,2606625.5,browser,browser_calibrated,0.008025646209716797,1.2998580932617188,626807,631273,4,-5.249977111816406,host_receive_nearest,verified,1,1,,,,,,,,,1,,,,,,,,,,,,,video_difficulty,1,,,,,,V6,B,325.753,1789380683.9938998,1789380683.9966755,631273,,,,,,,7861,,,
a2339fdf-1faa-5768-9b08-81e15603130e,qc_status_change,1789380685.9336755,2527.012,627288,6,6,,2,G01,B,bbbd_subtraction,qc_status_change,warning,,0.0,0.0,,,,,,,通道2 RMS相对基线异常，正在确认是否持续。,324f7c1e-da89-4a22-ba3a-14cd4903bda9,sub-001,ses-001,,,1789380685.9336755,,,recorder,server,,,627287,631753,4,0.0,host_receive_nearest,,,,,,,,,,,,1,,,,,,,,,,,,,,,,,,,,V6,B,,,1789380685.9336755,631753,,,,,,,,,,
f9dfc6c6-240a-5656-b4fe-5ac33ce89975,rating_item_response,1789380686.1656256,2527.248,627347,6,6,,2,G01,B,bbbd_subtraction,rating_item_response,60-70%,,0.0,0.0,,,,,,,"{""client_event_id"":""10f77261-e439-425d-8ab7-70c0a56644af"",""recorder_run_id"":""324f7c1e-da89-4a22-ba3a-14cd4903bda9"",""client_id"":""236c2dd9-7af5-4104-acf6-d8b2600b9bd5"",""client_timestamp"":1789380686.1576,""client_monotonic_ms"":2608789.199999988,""event_timestamp"":1789380686.1656256,""clock_offset_sec"":0.008025646209716797,""clock_round_trip_ms"":1.2998580932617188,""subject_id"":""sub-001"",""session_id"":""ses-001"",""block_id"":""Block 6"",""counterbalance_group"":""G01"",""block_order"":""Block 6"",""condition"":""B"",""condition_type"":""bbbd_subtraction"",""topic_key"":""V6"",""topic_name"":""孔子的救世秘籍 仁爱 礼治 德治 中庸"",""event_type"":""rating_item_response"",""iso_time"":""2026-09-14T10:11:26.157Z"",""relative_ms"":354191,""video_time_sec"":325.753,""rating_item"":""subtraction_compliance"",""rating_value"":""60-70%"",""response_time_ms"":10025}",324f7c1e-da89-4a22-ba3a-14cd4903bda9,sub-001,ses-001,10f77261-e439-425d-8ab7-70c0a56644af,236c2dd9-7af5-4104-acf6-d8b2600b9bd5,1789380686.1686757,1789380686.1576,2608789.199999988,browser,browser_calibrated,0.008025646209716797,1.2998580932617188,627346,631812,4,-12.949943542480469,host_receive_nearest,verified,1,1,,,,,,,,,1,,,,,,,,,,,,,subtraction_compliance,60-70%,,,,,,V6,B,325.753,1789380686.1576,1789380686.1686757,631812,,,,,,,10025,,,
0cdaec34-1a40-5b71-b032-5ac223774415,rating_item_response,1789380689.2690256,2529.688,627957,6,6,,2,G01,B,bbbd_subtraction,rating_item_response,50-60%,,0.0,0.0,,,,,,,"{""client_event_id"":""2391dca6-1743-4a4c-b788-ec6ea5636f67"",""recorder_run_id"":""324f7c1e-da89-4a22-ba3a-14cd4903bda9"",""client_id"":""236c2dd9-7af5-4104-acf6-d8b2600b9bd5"",""client_timestamp"":1789380689.2645,""client_monotonic_ms"":2611896.099999994,""event_timestamp"":1789380689.2690256,""clock_offset_sec"":0.004525661468505859,""clock_round_trip_ms"":1.2998580932617188,""subject_id"":""sub-001"",""session_id"":""ses-001"",""block_id"":""Block 6"",""counterbalance_group"":""G01"",""block_order"":""Block 6"",""condition"":""B"",""condition_type"":""bbbd_subtraction"",""topic_key"":""V6"",""topic_name"":""孔子的救世秘籍 仁爱 礼治 德治 中庸"",""event_type"":""rating_item_response"",""iso_time"":""2026-09-14T10:11:29.264Z"",""relative_ms"":357298,""video_time_sec"":325.753,""rating_item"":""subtraction_compliance"",""rating_value"":""50-60%"",""response_time_ms"":13131}",324f7c1e-da89-4a22-ba3a-14cd4903bda9,sub-001,ses-001,2391dca6-1743-4a4c-b788-ec6ea5636f67,236c2dd9-7af5-4104-acf6-d8b2600b9bd5,1789380689.2776756,1789380689.2645,2611896.099999994,browser,browser_calibrated,0.004525661468505859,1.2998580932617188,627956,632422,4,-7.349967956542969,host_receive_nearest,verified,1,1,,,,,,,,,1,,,,,,,,,,,,,subtraction_compliance,50-60%,,,,,,V6,B,325.753,1789380689.2645,1789380689.2776756,632422,,,,,,,13131,,,
1076ad77-ea18-5d83-9004-9c91bc5b8114,rating_item_response,1789380690.9845257,2531.668,628397,6,6,,2,G01,B,bbbd_subtraction,rating_item_response,4,,0.0,0.0,,,,,,,"{""client_event_id"":""8795d61f-5159-462d-9139-a3ee750db51c"",""recorder_run_id"":""324f7c1e-da89-4a22-ba3a-14cd4903bda9"",""client_id"":""236c2dd9-7af5-4104-acf6-d8b2600b9bd5"",""client_timestamp"":1789380690.98,""client_monotonic_ms"":2613611.599999994,""event_timestamp"":1789380690.9845257,""clock_offset_sec"":0.004525661468505859,""clock_round_trip_ms"":1.2998580932617188,""subject_id"":""sub-001"",""session_id"":""ses-001"",""block_id"":""Block 6"",""counterbalance_group"":""G01"",""block_order"":""Block 6"",""condition"":""B"",""condition_type"":""bbbd_subtraction"",""topic_key"":""V6"",""topic_name"":""孔子的救世秘籍 仁爱 礼治 德治 中庸"",""event_type"":""rating_item_response"",""iso_time"":""2026-09-14T10:11:30.980Z"",""relative_ms"":359013,""video_time_sec"":325.753,""rating_item"":""subtraction_difficulty"",""rating_value"":""4"",""response_time_ms"":14847}",324f7c1e-da89-4a22-ba3a-14cd4903bda9,sub-001,ses-001,8795d61f-5159-462d-9139-a3ee750db51c,236c2dd9-7af5-4104-acf6-d8b2600b9bd5,1789380690.9806757,1789380690.98,2613611.599999994,browser,browser_calibrated,0.004525661468505859,1.2998580932617188,628396,632917,4,-19.85001564025879,host_receive_nearest,verified,1,1,,,,,,,,,1,,,,,,,,,,,,,subtraction_difficulty,4,,,,,,V6,B,325.753,1789380690.98,1789380690.9806757,632917,,,,,,,14847,,,
15312e82-6f74-5bca-b2ed-903512cc10e5,qc_status_change,1789380693.9186757,2534.808,629053,6,6,,2,G01,B,bbbd_subtraction,qc_status_change,bad,,0.0,0.0,,,,,,,丢包率 7.50% 过高，请检查蓝牙距离、供电和连接。,324f7c1e-da89-4a22-ba3a-14cd4903bda9,sub-001,ses-001,,,1789380693.9186757,,,recorder,server,,,629052,633702,4,0.0,host_receive_nearest,,,,,,,,,,,,1,,,,,,,,,,,,,,,,,,,,V6,B,,,1789380693.9186757,633702,,,,,,,,,,
ea3b16e2-3c2a-53eb-8aa8-8676cd40cba7,rating_item_response,1789380694.3228254,2535.328,629183,6,6,,2,G01,B,bbbd_subtraction,rating_item_response,345,,0.0,0.0,,,,,,,"{""client_event_id"":""bcedbda4-e5c2-4b97-a37f-ddd07f906726"",""recorder_run_id"":""324f7c1e-da89-4a22-ba3a-14cd4903bda9"",""client_id"":""236c2dd9-7af5-4104-acf6-d8b2600b9bd5"",""client_timestamp"":1789380694.3182998,""client_monotonic_ms"":2616949.899999976,""event_timestamp"":1789380694.3228254,""clock_offset_sec"":0.004525661468505859,""clock_round_trip_ms"":1.2998580932617188,""subject_id"":""sub-001"",""session_id"":""ses-001"",""block_id"":""Block 6"",""counterbalance_group"":""G01"",""block_order"":""Block 6"",""condition"":""B"",""condition_type"":""bbbd_subtraction"",""topic_key"":""V6"",""topic_name"":""孔子的救世秘籍 仁爱 礼治 德治 中庸"",""event_type"":""rating_item_response"",""iso_time"":""2026-09-14T10:11:34.318Z"",""relative_ms"":362352,""video_time_sec"":325.753,""rating_item"":""reported_final_number"",""rating_value"":""345"",""response_time_ms"":18185}",324f7c1e-da89-4a22-ba3a-14cd4903bda9,sub-001,ses-001,bcedbda4-e5c2-4b97-a37f-ddd07f906726,236c2dd9-7af5-4104-acf6-d8b2600b9bd5,1789380694.3246756,1789380694.3182998,2616949.899999976,browser,browser_calibrated,0.004525661468505859,1.2998580932617188,629182,633832,4,-92.14973449707031,host_receive_nearest,verified,1,1,,,,,,,,,1,,,,,,,,,,,,,reported_final_number,345,,,,,,V6,B,325.753,1789380694.3182998,1789380694.3246756,633832,,,,,,,18185,,,
13611682-5f14-5544-baad-ea4f3e3df8a7,rating_end,1789380694.4182255,2535.508,629228,6,6,,2,G01,B,bbbd_subtraction,rating_end,,18.281,0.0,0.0,,,,,,,"{""client_event_id"":""5ce0dcff-479d-478f-a557-32b9f3d46b13"",""recorder_run_id"":""324f7c1e-da89-4a22-ba3a-14cd4903bda9"",""client_id"":""236c2dd9-7af5-4104-acf6-d8b2600b9bd5"",""client_timestamp"":1789380694.4136999,""client_monotonic_ms"":2617045.299999982,""event_timestamp"":1789380694.4182255,""clock_offset_sec"":0.004525661468505859,""clock_round_trip_ms"":1.2998580932617188,""subject_id"":""sub-001"",""session_id"":""ses-001"",""block_id"":""Block 6"",""counterbalance_group"":""G01"",""block_order"":""Block 6"",""condition"":""B"",""condition_type"":""bbbd_subtraction"",""topic_key"":""V6"",""topic_name"":""孔子的救世秘籍 仁爱 礼治 德治 中庸"",""event_type"":""rating_end"",""iso_time"":""2026-09-14T10:11:34.413Z"",""relative_ms"":362447,""video_time_sec"":325.753,""video_id"":""V6"",""course_attention_rating"":4,""mental_effort"":3,""video_interest"":3,""video_difficulty"":1,""subtraction_compliance"":""50-60%"",""subtraction_difficulty"":4,""reported_final_number"":345,""duration_sec"":18.281,""submitted_iso"":""2026-09-14T10:11:34.413Z"",""submitted_relative_ms"":362447}",324f7c1e-da89-4a22-ba3a-14cd4903bda9,sub-001,ses-001,5ce0dcff-479d-478f-a557-32b9f3d46b13,236c2dd9-7af5-4104-acf6-d8b2600b9bd5,1789380694.4186757,1789380694.4136999,2617045.299999982,browser,browser_calibrated,0.004525661468505859,1.2998580932617188,629227,633877,4,-15.549898147583008,host_receive_nearest,verified,1,1,,,,,,,,,1,,,,4,3,3,1,50-60%,50,60,4,345,,,,,,,,V6,B,325.753,1789380694.4136999,1789380694.4186757,633877,,,,,,,,,,
f691bc15-532b-5abb-b73b-22dda53de3d6,quiz_start,1789380694.4206254,2535.508,629228,6,6,,2,G01,B,bbbd_subtraction,quiz_start,,,0.0,0.0,,,,,,,"{""client_event_id"":""97ebf5ef-c065-45ff-ae0f-a62bdef69d96"",""recorder_run_id"":""324f7c1e-da89-4a22-ba3a-14cd4903bda9"",""client_id"":""236c2dd9-7af5-4104-acf6-d8b2600b9bd5"",""client_timestamp"":1789380694.4160998,""client_monotonic_ms"":2617047.699999988,""event_timestamp"":1789380694.4206254,""clock_offset_sec"":0.004525661468505859,""clock_round_trip_ms"":1.2998580932617188,""subject_id"":""sub-001"",""session_id"":""ses-001"",""block_id"":""Block 6"",""counterbalance_group"":""G01"",""block_order"":""Block 6"",""condition"":""B"",""condition_type"":""bbbd_subtraction"",""topic_key"":""V6"",""topic_name"":""孔子的救世秘籍 仁爱 礼治 德治 中庸"",""event_type"":""quiz_start"",""iso_time"":""2026-09-14T10:11:34.416Z"",""relative_ms"":362450,""video_time_sec"":325.753}",324f7c1e-da89-4a22-ba3a-14cd4903bda9,sub-001,ses-001,97ebf5ef-c065-45ff-ae0f-a62bdef69d96,236c2dd9-7af5-4104-acf6-d8b2600b9bd5,1789380694.4336755,1789380694.4160998,2617047.699999988,browser,browser_calibrated,0.004525661468505859,1.2998580932617188,629227,633877,4,-17.949819564819336,host_receive_nearest,verified,1,1,,,,,,,,,1,,,,,,,,,,,,,,,,,,,,V6,B,325.753,1789380694.4160998,1789380694.4336755,633877,,,,,,,,,,
46cf455d-7e4e-5e19-95f0-e993294c4ab6,qc_status_change,1789380701.9186757,2542.968,631093,6,6,,2,G01,B,bbbd_subtraction,qc_status_change,warning,,0.0,0.0,,,,,,,丢包率 4.83% 偏高。,324f7c1e-da89-4a22-ba3a-14cd4903bda9,sub-001,ses-001,,,1789380701.9186757,,,recorder,server,,,631092,635742,4,-47.00016975402832,host_receive_nearest,,,,,,,,,,,,1,,,,,,,,,,,,,,,,,,,,V6,B,,,1789380701.9186757,635742,,,,,,,,,,
da8c6792-5bf2-503f-9d96-fd863b084044,qc_status_change,1789380703.9186757,2545.008,631603,6,6,,2,G01,B,bbbd_subtraction,qc_status_change,good,,0.0,0.0,,,,,,,当前QC指标正常。,324f7c1e-da89-4a22-ba3a-14cd4903bda9,sub-001,ses-001,,,1789380703.9186757,,,recorder,server,,,631602,636252,4,0.0,host_receive_nearest,,,,,,,,,,,,1,,,,,,,,,,,,,,,,,,,,V6,B,,,1789380703.9186757,636252,,,,,,,,,,
1dfa3a30-0e1c-52c5-9f84-458ee858fd01,qc_status_change,1789380709.9186757,2551.008,633103,6,6,,2,G01,B,bbbd_subtraction,qc_status_change,warning,,0.0,0.0,,,,,,,通道2 RMS相对基线异常，正在确认是否持续。,324f7c1e-da89-4a22-ba3a-14cd4903bda9,sub-001,ses-001,,,1789380709.9186757,,,recorder,server,,,633102,637752,4,0.0,host_receive_nearest,,,,,,,,,,,,1,,,,,,,,,,,,,,,,,,,,V6,B,,,1789380709.9186757,637752,,,,,,,,,,
6787bbdb-7861-511b-ace2-5146a33c490d,qc_status_change,1789380715.9186757,2556.988,634598,6,6,,2,G01,B,bbbd_subtraction,qc_status_change,bad,,0.0,0.0,,,,,,,通道2 RMS相对基线突变，可能接触不稳，请检查并重新连接。,324f7c1e-da89-4a22-ba3a-14cd4903bda9,sub-001,ses-001,,,1789380715.9186757,,,recorder,server,,,634597,639247,4,-32.000064849853516,host_receive_nearest,,,,,,,,,,,,1,,,,,,,,,,,,,,,,,,,,V6,B,,,1789380715.9186757,639247,,,,,,,,,,
56052642-b49d-51a2-b623-a2680ea76046,quiz_item_response,1789380720.2572255,2561.308,635678,6,6,,2,G01,B,bbbd_subtraction,quiz_item_response,孔子思想的核心是“仁”，根据孔子的解释，“仁”的实质是什么？,,0.0,0.0,,V6Q1,B,A,False,5514,"{""client_event_id"":""4441cdc6-f171-477b-9d78-4d71d538d48a"",""recorder_run_id"":""324f7c1e-da89-4a22-ba3a-14cd4903bda9"",""client_id"":""236c2dd9-7af5-4104-acf6-d8b2600b9bd5"",""client_timestamp"":1789380720.2532997,""client_monotonic_ms"":2642884.899999976,""event_timestamp"":1789380720.2572255,""clock_offset_sec"":0.003925800323486328,""clock_round_trip_ms"":1.2998580932617188,""subject_id"":""sub-001"",""session_id"":""ses-001"",""block_id"":""Block 6"",""counterbalance_group"":""G01"",""block_order"":""Block 6"",""condition"":""B"",""condition_type"":""bbbd_subtraction"",""topic_key"":""V6"",""topic_name"":""孔子的救世秘籍 仁爱 礼治 德治 中庸"",""event_type"":""quiz_item_response"",""iso_time"":""2026-09-14T10:12:00.253Z"",""relative_ms"":388287,""video_time_sec"":325.753,""video_id"":""V6"",""question_id"":""V6Q1"",""question_text"":""孔子思想的核心是“仁”，根据孔子的解释，“仁”的实质是什么？"",""response_index"":0,""response_letter"":""A"",""response_text"":""遵守周礼"",""correct_index"":1,""correct_letter"":""B"",""correct_text"":""关爱他人"",""is_correct"":false,""reaction_time_ms"":5514,""submitted_iso"":""2026-09-14T10:12:00.253Z"",""submitted_relative_ms"":388287}",324f7c1e-da89-4a22-ba3a-14cd4903bda9,sub-001,ses-001,4441cdc6-f171-477b-9d78-4d71d538d48a,236c2dd9-7af5-4104-acf6-d8b2600b9bd5,1789380720.2616756,1789380720.2532997,2642884.899999976,browser,browser_calibrated,0.003925800323486328,1.2998580932617188,635677,640327,4,-42.549848556518555,host_receive_nearest,verified,1,1,,,,,,,,,1,,,,,,,,,,,,,,,,,孔子思想的核心是“仁”，根据孔子的解释，“仁”的实质是什么？,0,遵守周礼,V6,B,325.753,1789380720.2532997,1789380720.2616756,640327,,,,,,,,,,
66affc93-d253-5c97-8bf0-2a468ae2f127,quiz_item_response,1789380720.2601256,2561.312,635688,6,6,,2,G01,B,bbbd_subtraction,quiz_item_response,孔子主张“为政以德”，他认为治理国家应该以什么为主？,,0.0,0.0,,V6Q2,B,B,True,11795,"{""client_event_id"":""b3cbbe3d-30bd-4da6-82d7-5dc09b7a1904"",""recorder_run_id"":""324f7c1e-da89-4a22-ba3a-14cd4903bda9"",""client_id"":""236c2dd9-7af5-4104-acf6-d8b2600b9bd5"",""client_timestamp"":1789380720.2561998,""client_monotonic_ms"":2642887.799999982,""event_timestamp"":1789380720.2601256,""clock_offset_sec"":0.003925800323486328,""clock_round_trip_ms"":1.2998580932617188,""subject_id"":""sub-001"",""session_id"":""ses-001"",""block_id"":""Block 6"",""counterbalance_group"":""G01"",""block_order"":""Block 6"",""condition"":""B"",""condition_type"":""bbbd_subtraction"",""topic_key"":""V6"",""topic_name"":""孔子的救世秘籍 仁爱 礼治 德治 中庸"",""event_type"":""quiz_item_response"",""iso_time"":""2026-09-14T10:12:00.256Z"",""relative_ms"":388290,""video_time_sec"":325.753,""video_id"":""V6"",""question_id"":""V6Q2"",""question_text"":""孔子主张“为政以德”，他认为治理国家应该以什么为主？"",""response_index"":1,""response_letter"":""B"",""response_text"":""以道德教化为主要手段"",""correct_index"":1,""correct_letter"":""B"",""correct_text"":""以道德教化为主要手段"",""is_correct"":true,""reaction_time_ms"":11795,""submitted_iso"":""2026-09-14T10:12:00.256Z"",""submitted_relative_ms"":388290}",324f7c1e-da89-4a22-ba3a-14cd4903bda9,sub-001,ses-001,b3cbbe3d-30bd-4da6-82d7-5dc09b7a1904,236c2dd9-7af5-4104-acf6-d8b2600b9bd5,1789380720.2776756,1789380720.2561998,2642887.799999982,browser,browser_calibrated,0.003925800323486328,1.2998580932617188,635678,640328,4,1.5499591827392578,host_receive_nearest,verified,1,1,,,,,,,,,1,,,,,,,,,,,,,,,,,孔子主张“为政以德”，他认为治理国家应该以什么为主？,1,以道德教化为主要手段,V6,B,325.753,1789380720.2561998,1789380720.2776756,640328,,,,,,,,,,
b94c5123-4a21-5ba9-9b24-e09212c8105c,quiz_item_response,1789380720.2620256,2561.348,635693,6,6,,2,G01,B,bbbd_subtraction,quiz_item_response,针对当时“礼崩乐坏”的社会环境，孔子提出了什么治国方案？,,0.0,0.0,,V6Q3,B,D,False,19935,"{""client_event_id"":""1ef44f7d-cbf2-4570-961b-86f05b853f0a"",""recorder_run_id"":""324f7c1e-da89-4a22-ba3a-14cd4903bda9"",""client_id"":""236c2dd9-7af5-4104-acf6-d8b2600b9bd5"",""client_timestamp"":1789380720.2580998,""client_monotonic_ms"":2642889.799999982,""event_timestamp"":1789380720.2620256,""clock_offset_sec"":0.003925800323486328,""clock_round_trip_ms"":1.2998580932617188,""subject_id"":""sub-001"",""session_id"":""ses-001"",""block_id"":""Block 6"",""counterbalance_group"":""G01"",""block_order"":""Block 6"",""condition"":""B"",""condition_type"":""bbbd_subtraction"",""topic_key"":""V6"",""topic_name"":""孔子的救世秘籍 仁爱 礼治 德治 中庸"",""event_type"":""quiz_item_response"",""iso_time"":""2026-09-14T10:12:00.258Z"",""relative_ms"":388292,""video_time_sec"":325.753,""video_id"":""V6"",""question_id"":""V6Q3"",""question_text"":""针对当时“礼崩乐坏”的社会环境，孔子提出了什么治国方案？"",""response_index"":3,""response_letter"":""D"",""response_text"":""中庸"",""correct_index"":1,""correct_letter"":""B"",""correct_text"":""礼治"",""is_correct"":false,""reaction_time_ms"":19935,""submitted_iso"":""2026-09-14T10:12:00.258Z"",""submitted_relative_ms"":388292}",324f7c1e-da89-4a22-ba3a-14cd4903bda9,sub-001,ses-001,1ef44f7d-cbf2-4570-961b-86f05b853f0a,236c2dd9-7af5-4104-acf6-d8b2600b9bd5,1789380720.2936757,1789380720.2580998,2642889.799999982,browser,browser_calibrated,0.003925800323486328,1.2998580932617188,635687,640337,4,-0.34999847412109375,host_receive_nearest,verified,1,1,,,,,,,,,1,,,,,,,,,,,,,,,,,针对当时“礼崩乐坏”的社会环境，孔子提出了什么治国方案？,3,中庸,V6,B,325.753,1789380720.2580998,1789380720.2936757,640337,,,,,,,,,,
3edc247d-0fcb-5624-9c1d-08f163c5ad8b,quiz_item_response,1789380720.2642257,2561.348,635693,6,6,,2,G01,B,bbbd_subtraction,quiz_item_response,孔子提出的“中庸”思想，其核心含义是什么？,,0.0,0.0,,V6Q4,B,B,True,24721,"{""client_event_id"":""81de372f-fe36-445b-a92f-597985753d1d"",""recorder_run_id"":""324f7c1e-da89-4a22-ba3a-14cd4903bda9"",""client_id"":""236c2dd9-7af5-4104-acf6-d8b2600b9bd5"",""client_timestamp"":1789380720.2603,""client_monotonic_ms"":2642891.899999976,""event_timestamp"":1789380720.2642257,""clock_offset_sec"":0.003925800323486328,""clock_round_trip_ms"":1.2998580932617188,""subject_id"":""sub-001"",""session_id"":""ses-001"",""block_id"":""Block 6"",""counterbalance_group"":""G01"",""block_order"":""Block 6"",""condition"":""B"",""condition_type"":""bbbd_subtraction"",""topic_key"":""V6"",""topic_name"":""孔子的救世秘籍 仁爱 礼治 德治 中庸"",""event_type"":""quiz_item_response"",""iso_time"":""2026-09-14T10:12:00.260Z"",""relative_ms"":388294,""video_time_sec"":325.753,""video_id"":""V6"",""question_id"":""V6Q4"",""question_text"":""孔子提出的“中庸”思想，其核心含义是什么？"",""response_index"":1,""response_letter"":""B"",""response_text"":""做事恰到好处，不走极端"",""correct_index"":1,""correct_letter"":""B"",""correct_text"":""做事恰到好处，不走极端"",""is_correct"":true,""reaction_time_ms"":24721,""submitted_iso"":""2026-09-14T10:12:00.260Z"",""submitted_relative_ms"":388294}",324f7c1e-da89-4a22-ba3a-14cd4903bda9,sub-001,ses-001,81de372f-fe36-445b-a92f-597985753d1d,236c2dd9-7af5-4104-acf6-d8b2600b9bd5,1789380720.2936757,1789380720.2603,2642891.899999976,browser,browser_calibrated,0.003925800323486328,1.2998580932617188,635687,640337,4,-2.5501251220703125,host_receive_nearest,verified,1,1,,,,,,,,,1,,,,,,,,,,,,,,,,,孔子提出的“中庸”思想，其核心含义是什么？,1,做事恰到好处，不走极端,V6,B,325.753,1789380720.2603,1789380720.2936757,640337,,,,,,,,,,
cba9eac9-a9a3-518b-9f40-3c82552d2f96,quiz_end,1789380720.2661257,2561.348,635693,6,6,,2,G01,B,bbbd_subtraction,quiz_end,2/4,25.846,0.0,0.0,,,,,,,"{""client_event_id"":""c0a7eb8f-ec45-45a8-89e5-b9a0be04ad31"",""recorder_run_id"":""324f7c1e-da89-4a22-ba3a-14cd4903bda9"",""client_id"":""236c2dd9-7af5-4104-acf6-d8b2600b9bd5"",""client_timestamp"":1789380720.2621999,""client_monotonic_ms"":2642893.799999982,""event_timestamp"":1789380720.2661257,""clock_offset_sec"":0.003925800323486328,""clock_round_trip_ms"":1.2998580932617188,""subject_id"":""sub-001"",""session_id"":""ses-001"",""block_id"":""Block 6"",""counterbalance_group"":""G01"",""block_order"":""Block 6"",""condition"":""B"",""condition_type"":""bbbd_subtraction"",""topic_key"":""V6"",""topic_name"":""孔子的救世秘籍 仁爱 礼治 德治 中庸"",""event_type"":""quiz_end"",""iso_time"":""2026-09-14T10:12:00.262Z"",""relative_ms"":388296,""video_time_sec"":325.753,""score"":2,""total"":4,""duration_sec"":25.846}",324f7c1e-da89-4a22-ba3a-14cd4903bda9,sub-001,ses-001,c0a7eb8f-ec45-45a8-89e5-b9a0be04ad31,236c2dd9-7af5-4104-acf6-d8b2600b9bd5,1789380720.3086755,1789380720.2621999,2642893.799999982,browser,browser_calibrated,0.003925800323486328,1.2998580932617188,635687,640337,4,-4.450082778930664,host_receive_nearest,verified,1,1,,,,,,,,,1,,,,,,,,,,,,,,,2,4,,,,V6,B,325.753,1789380720.2621999,1789380720.3086755,640337,,,,,,,,,,
30fc9145-f540-562a-890b-0c68b383f220,block_end,1789380720.2661257,2561.348,635693,6,6,,2,G01,B,bbbd_subtraction,block_end,V6,,0.0,0.0,,,,,,,,324f7c1e-da89-4a22-ba3a-14cd4903bda9,sub-001,ses-001,c0a7eb8f-ec45-45a8-89e5-b9a0be04ad31,236c2dd9-7af5-4104-acf6-d8b2600b9bd5,1789380720.3086755,1789380720.2621999,2642893.799999982,browser,browser_calibrated,0.003925800323486328,1.2998580932617188,635687,640337,4,-4.450082778930664,host_receive_nearest,verified,1,1,,,,,,,,,1,,,,,,,,,,,,,,,,,,,,V6,B,325.753,1789380720.2621999,1789380720.3086755,640337,,,,,,,,,,
45562abe-fc1d-5a1d-8c08-b9f8f871d216,session_integrity_precheck,1789380720.2718258,2561.352,635703,6,6,,2,G01,B,bbbd_subtraction,session_integrity_precheck,FAIL,,0.0,0.0,,,,,,,"{""client_event_id"":""7d118632-f3ae-4e6c-93c6-286e5501fa94"",""recorder_run_id"":""324f7c1e-da89-4a22-ba3a-14cd4903bda9"",""client_id"":""236c2dd9-7af5-4104-acf6-d8b2600b9bd5"",""client_timestamp"":1789380720.2679,""client_monotonic_ms"":2642899.5,""event_timestamp"":1789380720.2718258,""clock_offset_sec"":0.003925800323486328,""clock_round_trip_ms"":1.2998580932617188,""subject_id"":""sub-001"",""session_id"":""ses-001"",""block_id"":""Block 6"",""counterbalance_group"":""G01"",""block_order"":""Block 6"",""condition"":""B"",""condition_type"":""bbbd_subtraction"",""topic_key"":""V6"",""topic_name"":""孔子的救世秘籍 仁爱 礼治 德治 中庸"",""event_type"":""session_integrity_precheck"",""iso_time"":""2026-09-14T10:12:00.267Z"",""relative_ms"":388301,""video_time_sec"":325.753,""event_value"":""FAIL"",""notes"":""Block 9/6;probe 39/24;问卷 13/6;课堂题 48/24""}",324f7c1e-da89-4a22-ba3a-14cd4903bda9,sub-001,ses-001,7d118632-f3ae-4e6c-93c6-286e5501fa94,236c2dd9-7af5-4104-acf6-d8b2600b9bd5,1789380720.3086755,1789380720.2679,2642899.5,browser,browser_calibrated,0.003925800323486328,1.2998580932617188,635688,640338,4,5.8498382568359375,host_receive_nearest,verified,0,0,,,,,,,,,1,,,,,,,,,,,,,,,,,,,,V6,B,325.753,1789380720.2679,1789380720.3086755,640338,,,,,,,,,,
5ed3eb63-1b1b-5797-80d1-f3710f83ce47,qc_status_change,1789380731.9186757,2572.988,638598,,,,,G01,,,qc_status_change,good,,0.0,0.0,,,,,,,当前QC指标正常。,324f7c1e-da89-4a22-ba3a-14cd4903bda9,sub-001,ses-001,,,1789380731.9186757,,,recorder,server,,,638597,643247,4,0.0,host_receive_nearest,,,,,,,,,,,,0,,,,,,,,,,,,,,,,,,,,,,,,1789380731.9186757,643247,,,,,,,,,,
94952fc0-7f73-57a9-a73f-3bd2b277e9c7,browser_shutdown_ready,1789380744.9234257,2585.928,641833,6,6,,2,G01,B,bbbd_subtraction,browser_shutdown_ready,325.753,,0.0,0.0,,,,,,,"{""client_event_id"":""759b31d7-d406-4d93-9878-689f25e23fce"",""recorder_run_id"":""324f7c1e-da89-4a22-ba3a-14cd4903bda9"",""client_id"":""236c2dd9-7af5-4104-acf6-d8b2600b9bd5"",""client_timestamp"":1789380744.9113998,""client_monotonic_ms"":2667543,""event_timestamp"":1789380744.9234257,""clock_offset_sec"":0.012025833129882812,""clock_round_trip_ms"":1.2996196746826172,""subject_id"":""sub-001"",""session_id"":""ses-001"",""block_id"":""Block 6"",""counterbalance_group"":""G01"",""block_order"":""Block 6"",""condition"":""B"",""condition_type"":""bbbd_subtraction"",""topic_key"":""V6"",""topic_name"":""孔子的救世秘籍 仁爱 礼治 德治 中庸"",""event_type"":""browser_shutdown_ready"",""iso_time"":""2026-09-14T10:12:24.911Z"",""relative_ms"":412945,""video_time_sec"":325.753,""shutdown_request_id"":""c30c8f8d-a3a4-483e-917e-799fe4e83871""}",324f7c1e-da89-4a22-ba3a-14cd4903bda9,sub-001,ses-001,759b31d7-d406-4d93-9878-689f25e23fce,236c2dd9-7af5-4104-acf6-d8b2600b9bd5,1789380744.9186757,1789380744.9113998,2667543,browser,browser_calibrated,0.012025833129882812,1.2996196746826172,641832,646482,4,-36.750078201293945,host_receive_nearest,verified,0,0,,,,,,,,,1,,,,,,,,,,,,,,,,,,,,V6,B,325.753,1789380744.9113998,1789380744.9186757,646482,,,,,,,,,,
b658117d-3c4b-55dd-a79c-8190a9930495,session_end,1789380744.9806757,2585.988,641848,,,,,G01,,,session_end,,,0.0,0.0,,,,,,,,324f7c1e-da89-4a22-ba3a-14cd4903bda9,sub-001,ses-001,,,1789380744.9806757,,,recorder,server,,,641847,646497,4,-16.000032424926758,host_receive_nearest,,,,,,,,,,,,0,,,,,,,,,,,,,,,,,,,,,,,,1789380744.9806757,646497,,,,,,,,,,
