event_id,event_name,event_timestamp,sample_time_sec,received_order,block_id,block_order,group_id,session_half,counterbalance_group,condition,condition_type,event_type,event_value,duration_sec,exclude_before_sec,exclude_after_sec,trial_id,question_id,correct_answer,participant_answer,is_correct,reaction_time_ms,notes,run_id,subject_id,session_id,client_event_id,client_id,received_timestamp,client_timestamp,client_monotonic_ms,source_client,timestamp_source,clock_offset_sec,clock_round_trip_ms,eeg_received_order,eeg_sample_number,eeg_stream_segment,alignment_error_ms,alignment_status,identity_status,context_matches_current,state_applied,start_number,generated_timestamp,displayed_timestamp,hidden_timestamp,after_block_id,affected_block_id,planned_duration,actual_duration,is_formal_experiment,operator_id,override_reason,sensitivity_exclude_before_sec,course_attention_rating,mental_effort,video_interest,video_difficulty,subtraction_compliance,subtraction_compliance_low_pct,subtraction_compliance_high_pct,subtraction_difficulty,reported_final_number,rating_item,rating_value,quiz_score,quiz_total,question_text,response_index,response_text,video_id,condition_label,video_time_sec,browser_timestamp,recorder_timestamp,device_sample_number,probe_id,probe_index,probe_schedule_id,probe_planned_time_sec,response,response_label,response_time_ms,confidence,probe_attention,pause_reason
20ca8ef3-5122-4727-b760-2d9fe2f3c2c0,session_start,1789549308.8253803,,0,,,,,G03,,,session_start,online_learning_focused_vs_bbbd_subtraction,,0.0,0.0,,,,,,,,47fb270e-4388-428d-9363-08e33f166980,sub-003,ses-001,,,1789549308.8253803,,,recorder,server,,,,,,,no_eeg,,,,,,,,,,,,0,,,,,,,,,,,,,,,,,,,,,,,,1789549308.8253803,,,,,,,,,,,
8a0624fa-05fc-4199-97be-21339a610bb1,subtraction_practice_start,1789549310.9865801,,0,,,,,G03,,,subtraction_practice_start,100,,0.0,0.0,,,,,,,"{""client_event_id"":""8a0624fa-05fc-4199-97be-21339a610bb1"",""recorder_run_id"":""47fb270e-4388-428d-9363-08e33f166980"",""client_id"":""b362ba73-6683-4e82-884a-8ef54391d584"",""client_timestamp"":1789549310.9802997,""client_monotonic_ms"":68967,""event_timestamp"":1789549310.9865801,""clock_offset_sec"":0.006280422210693359,""clock_round_trip_ms"":8.39996337890625,""subject_id"":""sub-003"",""session_id"":""ses-001"",""block_id"":"""",""counterbalance_group"":""G03"",""block_order"":""Block 1"",""condition"":"""",""condition_type"":"""",""topic_key"":"""",""topic_name"":"""",""event_type"":""subtraction_practice_start"",""iso_time"":""2026-09-16T09:01:50.980Z"",""relative_ms"":"""",""video_time_sec"":0,""practice_number"":100,""is_formal_experiment"":0}",47fb270e-4388-428d-9363-08e33f166980,sub-003,ses-001,8a0624fa-05fc-4199-97be-21339a610bb1,b362ba73-6683-4e82-884a-8ef54391d584,1789549310.9973803,1789549310.9802997,68967,b362ba73-6683-4e82-884a-8ef54391d584,browser_calibrated,0.006280422210693359,8.39996337890625,,,,,no_eeg,verified,1,1,,,,,,,,,0,,,,,,,,,,,,,,,,,,,,,,0,1789549310.9802997,1789549310.9973803,,,,,,,,,,,
127a13a0-a2b5-4a66-8dca-6cac9d26feda,eeg_dropout,1789549311.1853802,,0,,,,,G03,,,eeg_dropout,signal_lost,,0.0,0.0,,,,,,,absence_threshold_sec=2,47fb270e-4388-428d-9363-08e33f166980,sub-003,ses-001,,,1789549311.1853802,,,recorder,server,,,,,,,no_eeg,,,,,,,,,,,,0,,,,,,,,,,,,,,,,,,,,,,,,1789549311.1853802,,,,,,,,,,,eeg_dropout
c4afa330-bb31-4dfa-9935-bf74af1e05c2,qc_status_change,1789549311.1853802,,0,,,,,G03,,,qc_status_change,bad,,0.0,0.0,,,,,,,已连续 2.4 秒没有EEG，请立即重新连接耳机。,47fb270e-4388-428d-9363-08e33f166980,sub-003,ses-001,,,1789549311.1853802,,,recorder,server,,,,,,,no_eeg,,,,,,,,,,,,0,,,,,,,,,,,,,,,,,,,,,,,,1789549311.1853802,,,,,,,,,,,
c1b3ac91-8fc0-49c7-952c-0a80ebec2f99,device_connected,1789549314.9823802,,0,,,,,G03,,,device_connected,74:4D:BD:62:FD:8D,,0.0,0.0,,,,,,,,47fb270e-4388-428d-9363-08e33f166980,sub-003,ses-001,,,1789549314.9823802,,,recorder,server,,,,,,,no_eeg,,,,,,,,,,,,0,,,,,,,,,,,,,,,,,,,,,,,,1789549314.9823802,,,,,,,,,,,
f1bcec72-43b5-44ab-9bb0-0ff37661b7be,subtraction_practice_end,1789549327.5822299,,0,,,,,G03,,,subtraction_practice_end,100,,0.0,0.0,,,,,,,"{""client_event_id"":""f1bcec72-43b5-44ab-9bb0-0ff37661b7be"",""recorder_run_id"":""47fb270e-4388-428d-9363-08e33f166980"",""client_id"":""b362ba73-6683-4e82-884a-8ef54391d584"",""client_timestamp"":1789549327.5840998,""client_monotonic_ms"":85570.70000000298,""event_timestamp"":1789549327.5822299,""clock_offset_sec"":-0.0018699169158935547,""clock_round_trip_ms"":3.4999847412109375,""subject_id"":""sub-003"",""session_id"":""ses-001"",""block_id"":"""",""counterbalance_group"":""G03"",""block_order"":""Block 1"",""condition"":"""",""condition_type"":"""",""topic_key"":"""",""topic_name"":"""",""event_type"":""subtraction_practice_end"",""iso_time"":""2026-09-16T09:02:07.584Z"",""relative_ms"":"""",""video_time_sec"":0,""practice_number"":100,""is_formal_experiment"":0}",47fb270e-4388-428d-9363-08e33f166980,sub-003,ses-001,f1bcec72-43b5-44ab-9bb0-0ff37661b7be,b362ba73-6683-4e82-884a-8ef54391d584,1789549327.5913801,1789549327.5840998,85570.70000000298,b362ba73-6683-4e82-884a-8ef54391d584,browser_calibrated,-0.0018699169158935547,3.4999847412109375,,,,,no_eeg,verified,1,1,,,,,,,,,0,,,,,,,,,,,,,,,,,,,,,,0,1789549327.5840998,1789549327.5913801,,,,,,,,,,,
17af042b-d634-4019-afe9-93fe0bb7e30d,practice_confirmed,1789549327.5857298,,0,,,,,G03,,,practice_confirmed,100,,0.0,0.0,,,,,,,"{""client_event_id"":""17af042b-d634-4019-afe9-93fe0bb7e30d"",""recorder_run_id"":""47fb270e-4388-428d-9363-08e33f166980"",""client_id"":""b362ba73-6683-4e82-884a-8ef54391d584"",""client_timestamp"":1789549327.5875998,""client_monotonic_ms"":85574.29999999702,""event_timestamp"":1789549327.5857298,""clock_offset_sec"":-0.0018699169158935547,""clock_round_trip_ms"":3.4999847412109375,""subject_id"":""sub-003"",""session_id"":""ses-001"",""block_id"":"""",""counterbalance_group"":""G03"",""block_order"":""Block 1"",""condition"":"""",""condition_type"":"""",""topic_key"":"""",""topic_name"":"""",""event_type"":""practice_confirmed"",""iso_time"":""2026-09-16T09:02:07.587Z"",""relative_ms"":"""",""video_time_sec"":0,""practice_number"":100,""is_formal_experiment"":0}",47fb270e-4388-428d-9363-08e33f166980,sub-003,ses-001,17af042b-d634-4019-afe9-93fe0bb7e30d,b362ba73-6683-4e82-884a-8ef54391d584,1789549327.6223803,1789549327.5875998,85574.29999999702,b362ba73-6683-4e82-884a-8ef54391d584,browser_calibrated,-0.0018699169158935547,3.4999847412109375,,,,,no_eeg,verified,1,1,,,,,,,,,0,,,,,,,,,,,,,,,,,,,,,,0,1789549327.5875998,1789549327.6223803,,,,,,,,,,,
e3da967f-2604-455b-8f02-96d8fbe3765a,eeg_recovery,1789549340.4193802,0.0,0,,,,,G03,,,eeg_recovery,signal_recovered,31.5939998626709,0.0,0.0,,,,,,,等待实验员重新确认同步后恢复视频,47fb270e-4388-428d-9363-08e33f166980,sub-003,ses-001,,,1789549340.4193802,,,recorder,server,,,0,0,0,0.0,host_receive_nearest,,,,,,,,,,,,0,,,,,,,,,,,,,,,,,,,,,,,,1789549340.4193802,0,,,,,,,,,,eeg_dropout
71b9a07f-400e-4a15-bbfb-aee7a5e89497,qc_status_change,1789549341.3103802,0.884,222,,,,,G03,,,qc_status_change,waiting,,0.0,0.0,,,,,,,等待至少2秒EEG数据。,47fb270e-4388-428d-9363-08e33f166980,sub-003,ses-001,,,1789549341.3103802,,,recorder,server,,,221,221,0,-46.99993133544922,host_receive_nearest,,,,,,,,,,,,0,,,,,,,,,,,,,,,,,,,,,,,,1789549341.3103802,221,,,,,,,,,,
f01e6839-5cda-4d59-83dd-8b540f5b50af,qc_status_change,1789549343.3253803,2.924,732,,,,,G03,,,qc_status_change,good,,0.0,0.0,,,,,,,当前QC指标正常。,47fb270e-4388-428d-9363-08e33f166980,sub-003,ses-001,,,1789549343.3253803,,,recorder,server,,,731,731,0,-31.000137329101562,host_receive_nearest,,,,,,,,,,,,0,,,,,,,,,,,,,,,,,,,,,,,,1789549343.3253803,731,,,,,,,,,,
e3cd3a20-611c-4372-81ae-9f3a17613c5a,baseline_start,1789549369.0753803,28.684,7172,,,,,G03,,,baseline_start,,30.0,0.0,0.0,,,,,,,,47fb270e-4388-428d-9363-08e33f166980,sub-003,ses-001,,,1789549369.0753803,,,recorder,server,,,7171,7171,0,0.0,host_receive_nearest,,,,,,,,,,,,0,,,,,,,,,,,,,,,,,,,,,,,,1789549369.0753803,7171,,,,,,,,,,
2f279309-2442-4fec-950a-0faad17a8736,qc_status_change,1789549369.3103802,28.924,7232,,,,,G03,,,qc_status_change,waiting,,0.0,0.0,,,,,,,等待至少2秒EEG数据。,47fb270e-4388-428d-9363-08e33f166980,sub-003,ses-001,,,1789549369.3103802,,,recorder,server,,,7231,7231,0,0.0,host_receive_nearest,,,,,,,,,,,,0,,,,,,,,,,,,,,,,,,,,,,,,1789549369.3103802,7231,,,,,,,,,,
c9ab411c-b4fb-46b1-9ee9-f8259fe3d4af,qc_status_change,1789549371.3253803,30.924,7732,,,,,G03,,,qc_status_change,good,,0.0,0.0,,,,,,,当前QC指标正常。,47fb270e-4388-428d-9363-08e33f166980,sub-003,ses-001,,,1789549371.3253803,,,recorder,server,,,7731,7731,0,0.0,host_receive_nearest,,,,,,,,,,,,0,,,,,,,,,,,,,,,,,,,,,,,,1789549371.3253803,7731,,,,,,,,,,
bb44c354-dc1e-4dd5-a1fd-7f8858bd4958,baseline_end,1789549399.3413801,58.924,14732,,,,,G03,,,baseline_end,data_present,30.25,0.0,0.0,,,,,,,当前QC指标正常。,47fb270e-4388-428d-9363-08e33f166980,sub-003,ses-001,,,1789549399.3413801,,,recorder,server,,,14731,14731,0,0.0,host_receive_nearest,,,,,,,,,,,,0,,,,,,,,,,,,,,,,,,,,,,,,1789549399.3413801,14731,,,,,,,,,,
f9604599-f975-4e98-9540-18009f4315d0,block_start,1789549406.7262304,66.344,16587,1,1,,1,G03,A,focused,block_start,V2,,0.0,0.0,,,,,,,condition=A; condition_type=focused,47fb270e-4388-428d-9363-08e33f166980,sub-003,ses-001,f9604599-f975-4e98-9540-18009f4315d0,b362ba73-6683-4e82-884a-8ef54391d584,1789549406.7323802,1789549406.7175999,164704.20000000298,b362ba73-6683-4e82-884a-8ef54391d584,browser_calibrated,0.008630514144897461,2.9001235961914062,16586,16586,0,-9.850263595581055,host_receive_nearest,verified,0,1,,,,,,,,,1,,,,,,,,,,,,,,,,,,,,V2,A,0,1789549406.7175999,1789549406.7323802,16586,,,,,,,,,,
f9604599-f975-4e98-9540-18009f4315d0,condition_prompt_start,1789549406.7262304,66.344,16587,1,1,,1,G03,A,focused,condition_prompt_start,A,,0.0,0.0,,,,,,,,47fb270e-4388-428d-9363-08e33f166980,sub-003,ses-001,f9604599-f975-4e98-9540-18009f4315d0,b362ba73-6683-4e82-884a-8ef54391d584,1789549406.7323802,1789549406.7175999,164704.20000000298,b362ba73-6683-4e82-884a-8ef54391d584,browser_calibrated,0.008630514144897461,2.9001235961914062,16586,16586,0,-9.850263595581055,host_receive_nearest,verified,0,1,,,,,,,,,1,,,,,,,,,,,,,,,,,,,,V2,A,0,1789549406.7175999,1789549406.7323802,16586,,,,,,,,,,
f9604599-f975-4e98-9540-18009f4315d0,browser_block_config,1789549406.7262304,66.344,16587,1,1,,1,G03,A,focused,browser_block_config,V2,,0.0,0.0,,,,,,,"{""client_event_id"":""f9604599-f975-4e98-9540-18009f4315d0"",""recorder_run_id"":""47fb270e-4388-428d-9363-08e33f166980"",""client_id"":""b362ba73-6683-4e82-884a-8ef54391d584"",""client_timestamp"":1789549406.7175999,""client_monotonic_ms"":164704.20000000298,""event_timestamp"":1789549406.7262304,""clock_offset_sec"":0.008630514144897461,""clock_round_trip_ms"":2.9001235961914062,""subject_id"":""sub-003"",""session_id"":""ses-001"",""block_id"":""Block 1"",""counterbalance_group"":""G03"",""block_order"":""Block 1"",""condition"":""A"",""condition_type"":""focused"",""topic_key"":""V2"",""topic_name"":""百家争鸣 到底是哪百家"",""event_type"":""block_start"",""iso_time"":""2026-09-16T09:03:26.717Z"",""relative_ms"":0,""video_time_sec"":0,""block_start_iso"":""2026-09-16T09:03:26.717Z"",""config_json"":""{\""recorder_run_id\"":\""47fb270e-4388-428d-9363-08e33f166980\"",\""subject_id\"":\""sub-003\"",\""session_id\"":\""ses-001\"",\""block_id\"":\""Block 1\"",\""counterbalance_group\"":\""G03\"",\""condition\"":\""A\"",\""condition_type\"":\""focused\"",\""topic_key\"":\""V2\"",\""topic_name\"":\""百家争鸣 到底是哪百家\"",\""video_file\"":\""视频2-混知漫画｜百家争鸣，到底是哪百家？-480P 标清-AVC.mp4\"",\""start_number\"":\""\"",\""generated_timestamp\"":\""\""}""}",47fb270e-4388-428d-9363-08e33f166980,sub-003,ses-001,f9604599-f975-4e98-9540-18009f4315d0,b362ba73-6683-4e82-884a-8ef54391d584,1789549406.7323802,1789549406.7175999,164704.20000000298,b362ba73-6683-4e82-884a-8ef54391d584,browser_calibrated,0.008630514144897461,2.9001235961914062,16586,16586,0,-9.850263595581055,host_receive_nearest,verified,0,1,,,,,,,,,1,,,,,,,,,,,,,,,,,,,,V2,A,0,1789549406.7175999,1789549406.7323802,16586,,,,,,,,,,
d7f8bd44-58c9-4151-adf4-b7a8938ceef0,probe_schedule,1789549406.7879303,66.404,16602,1,1,,1,G03,A,focused,probe_schedule,"54.932,108.98,182.527,259.136",,0.0,0.0,,,,,,,"{""client_event_id"":""d7f8bd44-58c9-4151-adf4-b7a8938ceef0"",""recorder_run_id"":""47fb270e-4388-428d-9363-08e33f166980"",""client_id"":""b362ba73-6683-4e82-884a-8ef54391d584"",""client_timestamp"":1789549406.7792997,""client_monotonic_ms"":164766,""event_timestamp"":1789549406.7879303,""clock_offset_sec"":0.008630514144897461,""clock_round_trip_ms"":2.9001235961914062,""subject_id"":""sub-003"",""session_id"":""ses-001"",""block_id"":""Block 1"",""counterbalance_group"":""G03"",""block_order"":""Block 1"",""condition"":""A"",""condition_type"":""focused"",""topic_key"":""V2"",""topic_name"":""百家争鸣 到底是哪百家"",""event_type"":""probe_schedule"",""iso_time"":""2026-09-16T09:03:26.779Z"",""relative_ms"":62,""video_time_sec"":0,""probe_schedule_id"":""67899e73-01fb-48b9-9575-6e3139e6dfe4"",""probe_times"":[54.932,108.98,182.527,259.136],""probe_config"":{""probes_per_block"":4,""min_first_onset_sec"":45,""min_end_margin_sec"":30,""min_gap_sec"":45},""video_duration_sec"":312.773,""video_id"":""V2"",""debug_fast"":false}",47fb270e-4388-428d-9363-08e33f166980,sub-003,ses-001,d7f8bd44-58c9-4151-adf4-b7a8938ceef0,b362ba73-6683-4e82-884a-8ef54391d584,1789549406.7943802,1789549406.7792997,164766,b362ba73-6683-4e82-884a-8ef54391d584,browser_calibrated,0.008630514144897461,2.9001235961914062,16601,16601,0,-8.549928665161133,host_receive_nearest,verified,1,1,,,,,,,,,1,,,,,,,,,,,,,,,,,,,,V2,A,0,1789549406.7792997,1789549406.7943802,16601,,4,67899e73-01fb-48b9-9575-6e3139e6dfe4,,,,,,,
9270c02c-74a9-40a5-88b1-abc9ce029cd7,condition_prompt_end,1789549411.8005998,71.404,17852,1,1,,1,G03,A,focused,condition_prompt_end,0,,0.0,0.0,,,,,,,"{""client_event_id"":""9270c02c-74a9-40a5-88b1-abc9ce029cd7"",""recorder_run_id"":""47fb270e-4388-428d-9363-08e33f166980"",""client_id"":""b362ba73-6683-4e82-884a-8ef54391d584"",""client_timestamp"":1789549411.8007,""client_monotonic_ms"":169787.29999999702,""event_timestamp"":1789549411.8005998,""clock_offset_sec"":0.008630514144897461,""clock_round_trip_ms"":2.9001235961914062,""subject_id"":""sub-003"",""session_id"":""ses-001"",""block_id"":""Block 1"",""counterbalance_group"":""G03"",""block_order"":""Block 1"",""condition"":""A"",""condition_type"":""focused"",""topic_key"":""V2"",""topic_name"":""百家争鸣 到底是哪百家"",""event_type"":""condition_prompt_end"",""iso_time"":""2026-09-16T09:03:31.800Z"",""relative_ms"":5083,""video_time_sec"":0}",47fb270e-4388-428d-9363-08e33f166980,sub-003,ses-001,9270c02c-74a9-40a5-88b1-abc9ce029cd7,b362ba73-6683-4e82-884a-8ef54391d584,1789549411.8103802,1789549411.8007,169787.29999999702,b362ba73-6683-4e82-884a-8ef54391d584,browser_calibrated,0.008630514144897461,2.9001235961914062,17851,17851,0,-21.219491958618164,host_receive_nearest,verified,1,0,,,,,,,,,1,,,,,,,,,,,,,,,,,,,,V2,A,0,1789549411.8007,1789549411.8103802,17851,,,,,,,,,,
352a28fa-a138-4074-8bb6-30f25b434be2,video_start,1789549411.8005998,71.404,17862,1,1,,1,G03,A,focused,video_start,V2,,0.0,0.0,,,,,,,,47fb270e-4388-428d-9363-08e33f166980,sub-003,ses-001,352a28fa-a138-4074-8bb6-30f25b434be2,b362ba73-6683-4e82-884a-8ef54391d584,1789549411.8413801,1789549411.8042,169790.79999999702,b362ba73-6683-4e82-884a-8ef54391d584,browser_calibrated,0.008630514144897461,2.9001235961914062,17851,17851,0,-21.219491958618164,host_receive_nearest,verified,1,1,,,,,,,,,1,,,,,,,,,,,,,,,,,,,,V2,A,0,1789549411.8042,1789549411.8413801,17851,,,,,,,,,,
352a28fa-a138-4074-8bb6-30f25b434be2,video_play,1789549411.8005998,71.404,17862,1,1,,1,G03,A,focused,video_play,0,,0.0,0.0,,,,,,,"{""client_event_id"":""352a28fa-a138-4074-8bb6-30f25b434be2"",""recorder_run_id"":""47fb270e-4388-428d-9363-08e33f166980"",""client_id"":""b362ba73-6683-4e82-884a-8ef54391d584"",""client_timestamp"":1789549411.8042,""client_monotonic_ms"":169790.79999999702,""event_timestamp"":1789549411.8005998,""clock_offset_sec"":0.008630514144897461,""clock_round_trip_ms"":2.9001235961914062,""subject_id"":""sub-003"",""session_id"":""ses-001"",""block_id"":""Block 1"",""counterbalance_group"":""G03"",""block_order"":""Block 1"",""condition"":""A"",""condition_type"":""focused"",""topic_key"":""V2"",""topic_name"":""百家争鸣 到底是哪百家"",""event_type"":""video_play"",""iso_time"":""2026-09-16T09:03:31.804Z"",""relative_ms"":5087,""video_time_sec"":0}",47fb270e-4388-428d-9363-08e33f166980,sub-003,ses-001,352a28fa-a138-4074-8bb6-30f25b434be2,b362ba73-6683-4e82-884a-8ef54391d584,1789549411.8413801,1789549411.8042,169790.79999999702,b362ba73-6683-4e82-884a-8ef54391d584,browser_calibrated,0.008630514144897461,2.9001235961914062,17851,17851,0,-21.219491958618164,host_receive_nearest,verified,1,1,,,,,,,,,1,,,,,,,,,,,,,,,,,,,,V2,A,0,1789549411.8042,1789549411.8413801,17851,,,,,,,,,,
70d34ac3-9368-4a38-a7c2-47008f8976ba,probe_onset,1789549466.8598804,126.464,31617,1,1,,1,G03,A,focused,probe_onset,Block 1_1_67899e73,,0.0,0.0,,,,,,,"{""client_event_id"":""70d34ac3-9368-4a38-a7c2-47008f8976ba"",""recorder_run_id"":""47fb270e-4388-428d-9363-08e33f166980"",""client_id"":""b362ba73-6683-4e82-884a-8ef54391d584"",""client_timestamp"":1789549466.863,""client_monotonic_ms"":224849.70000000298,""event_timestamp"":1789549466.8598804,""clock_offset_sec"":-0.0031194686889648438,""clock_round_trip_ms"":6.200075149536133,""subject_id"":""sub-003"",""session_id"":""ses-001"",""block_id"":""Block 1"",""counterbalance_group"":""G03"",""block_order"":""Block 1"",""condition"":""A"",""condition_type"":""focused"",""topic_key"":""V2"",""topic_name"":""百家争鸣 到底是哪百家"",""event_type"":""probe_onset"",""iso_time"":""2026-09-16T09:04:26.863Z"",""relative_ms"":60146,""video_time_sec"":55.003,""probe_id"":""Block 1_1_67899e73"",""probe_index"":1,""probe_schedule_id"":""67899e73-01fb-48b9-9575-6e3139e6dfe4"",""probe_planned_time_sec"":54.932,""video_id"":""V2"",""pause_reason"":""thought_probe"",""forced"":false}",47fb270e-4388-428d-9363-08e33f166980,sub-003,ses-001,70d34ac3-9368-4a38-a7c2-47008f8976ba,b362ba73-6683-4e82-884a-8ef54391d584,1789549466.8883803,1789549466.863,224849.70000000298,b362ba73-6683-4e82-884a-8ef54391d584,browser_calibrated,-0.0031194686889648438,6.200075149536133,31616,31616,0,-18.500328063964844,host_receive_nearest,verified,1,1,,,,,,,,,1,,,,,,,,,,,,,,,,,,,,V2,A,55.003,1789549466.863,1789549466.8883803,31616,Block 1_1_67899e73,1,67899e73-01fb-48b9-9575-6e3139e6dfe4,54.932,,,,,,thought_probe
25a27e83-65bb-4bad-979f-6ce2e0e880d5,attention_response,1789549475.9568806,135.584,33897,1,1,,1,G03,A,focused,attention_response,4,,0.0,0.0,,,,,,,"{""client_event_id"":""25a27e83-65bb-4bad-979f-6ce2e0e880d5"",""recorder_run_id"":""47fb270e-4388-428d-9363-08e33f166980"",""client_id"":""b362ba73-6683-4e82-884a-8ef54391d584"",""client_timestamp"":1789549475.96,""client_monotonic_ms"":233946.59999999404,""event_timestamp"":1789549475.9568806,""clock_offset_sec"":-0.0031194686889648438,""clock_round_trip_ms"":6.200075149536133,""subject_id"":""sub-003"",""session_id"":""ses-001"",""block_id"":""Block 1"",""counterbalance_group"":""G03"",""block_order"":""Block 1"",""condition"":""A"",""condition_type"":""focused"",""topic_key"":""V2"",""topic_name"":""百家争鸣 到底是哪百家"",""event_type"":""attention_response"",""iso_time"":""2026-09-16T09:04:35.960Z"",""relative_ms"":69243,""video_time_sec"":55.003,""probe_id"":""Block 1_1_67899e73"",""probe_index"":1,""probe_schedule_id"":""67899e73-01fb-48b9-9575-6e3139e6dfe4"",""probe_planned_time_sec"":54.932,""video_id"":""V2"",""response"":4,""response_label"":""放空/不确定刚才在想什么"",""probe_attention"":""AMBIGUOUS"",""response_time_ms"":9097}",47fb270e-4388-428d-9363-08e33f166980,sub-003,ses-001,25a27e83-65bb-4bad-979f-6ce2e0e880d5,b362ba73-6683-4e82-884a-8ef54391d584,1789549475.9663801,1789549475.96,233946.59999999404,b362ba73-6683-4e82-884a-8ef54391d584,browser_calibrated,-0.0031194686889648438,6.200075149536133,33896,33896,0,-6.500244140625,host_receive_nearest,verified,1,1,,,,,,,,,1,,,,,,,,,,,,,,,,,,,,V2,A,55.003,1789549475.96,1789549475.9823802,33896,Block 1_1_67899e73,1,67899e73-01fb-48b9-9575-6e3139e6dfe4,54.932,4,放空/不确定刚才在想什么,9097,,AMBIGUOUS,
29607960-74b6-4971-926f-2dd025eab66a,confidence_response,1789549478.6257303,138.184,34547,1,1,,1,G03,A,focused,confidence_response,3,,0.0,0.0,,,,,,,"{""client_event_id"":""29607960-74b6-4971-926f-2dd025eab66a"",""recorder_run_id"":""47fb270e-4388-428d-9363-08e33f166980"",""client_id"":""b362ba73-6683-4e82-884a-8ef54391d584"",""client_timestamp"":1789549478.6197999,""client_monotonic_ms"":236606.5,""event_timestamp"":1789549478.6257303,""clock_offset_sec"":0.005930423736572266,""clock_round_trip_ms"":5.899906158447266,""subject_id"":""sub-003"",""session_id"":""ses-001"",""block_id"":""Block 1"",""counterbalance_group"":""G03"",""block_order"":""Block 1"",""condition"":""A"",""condition_type"":""focused"",""topic_key"":""V2"",""topic_name"":""百家争鸣 到底是哪百家"",""event_type"":""confidence_response"",""iso_time"":""2026-09-16T09:04:38.619Z"",""relative_ms"":71903,""video_time_sec"":55.003,""probe_id"":""Block 1_1_67899e73"",""probe_index"":1,""probe_schedule_id"":""67899e73-01fb-48b9-9575-6e3139e6dfe4"",""probe_planned_time_sec"":54.932,""video_id"":""V2"",""response"":4,""confidence"":3,""response_time_ms"":2660}",47fb270e-4388-428d-9363-08e33f166980,sub-003,ses-001,29607960-74b6-4971-926f-2dd025eab66a,b362ba73-6683-4e82-884a-8ef54391d584,1789549478.6383803,1789549478.6197999,236606.5,b362ba73-6683-4e82-884a-8ef54391d584,browser_calibrated,0.005930423736572266,5.899906158447266,34546,34546,0,-65.35005569458008,host_receive_nearest,verified,1,1,,,,,,,,,1,,,,,,,,,,,,,,,,,,,,V2,A,55.003,1789549478.6197999,1789549478.6383803,34546,Block 1_1_67899e73,1,67899e73-01fb-48b9-9575-6e3139e6dfe4,54.932,,,2660,3,,
c55d63d6-b787-4a94-b7ef-3a9bd9397827,phase_change,1789549478.6349304,138.188,34567,1,1,,1,G03,A,focused,phase_change,video,,0.0,0.0,,,,,,,,47fb270e-4388-428d-9363-08e33f166980,sub-003,ses-001,c55d63d6-b787-4a94-b7ef-3a9bd9397827,b362ba73-6683-4e82-884a-8ef54391d584,1789549478.6693802,1789549478.629,236615.59999999404,b362ba73-6683-4e82-884a-8ef54391d584,browser_calibrated,0.005930423736572266,5.899906158447266,34547,34547,0,3.4499168395996094,host_receive_nearest,verified,1,1,,,,,,,,,1,,,,,,,,,,,,,,,,,,,,V2,A,55.07,1789549478.629,1789549478.6693802,34547,,,,,,,,,,
c55d63d6-b787-4a94-b7ef-3a9bd9397827,video_resume,1789549478.6349304,138.188,34567,1,1,,1,G03,A,focused,video_resume,55.07,,0.0,0.0,,,,,,,"{""client_event_id"":""c55d63d6-b787-4a94-b7ef-3a9bd9397827"",""recorder_run_id"":""47fb270e-4388-428d-9363-08e33f166980"",""client_id"":""b362ba73-6683-4e82-884a-8ef54391d584"",""client_timestamp"":1789549478.629,""client_monotonic_ms"":236615.59999999404,""event_timestamp"":1789549478.6349304,""clock_offset_sec"":0.005930423736572266,""clock_round_trip_ms"":5.899906158447266,""subject_id"":""sub-003"",""session_id"":""ses-001"",""block_id"":""Block 1"",""counterbalance_group"":""G03"",""block_order"":""Block 1"",""condition"":""A"",""condition_type"":""focused"",""topic_key"":""V2"",""topic_name"":""百家争鸣 到底是哪百家"",""event_type"":""video_resume"",""iso_time"":""2026-09-16T09:04:38.629Z"",""relative_ms"":71912,""video_time_sec"":55.07,""probe_id"":""Block 1_1_67899e73"",""probe_index"":1,""probe_schedule_id"":""67899e73-01fb-48b9-9575-6e3139e6dfe4"",""probe_planned_time_sec"":54.932,""video_id"":""V2"",""pause_reason"":""thought_probe"",""resume_status"":""playing""}",47fb270e-4388-428d-9363-08e33f166980,sub-003,ses-001,c55d63d6-b787-4a94-b7ef-3a9bd9397827,b362ba73-6683-4e82-884a-8ef54391d584,1789549478.6693802,1789549478.629,236615.59999999404,b362ba73-6683-4e82-884a-8ef54391d584,browser_calibrated,0.005930423736572266,5.899906158447266,34547,34547,0,3.4499168395996094,host_receive_nearest,verified,1,1,,,,,,,,,1,,,,,,,,,,,,,,,,,,,,V2,A,55.07,1789549478.629,1789549478.6693802,34547,Block 1_1_67899e73,,,,,,,,,thought_probe
993c7f65-ea58-4003-afdd-35fd7d3bce77,probe_onset,1789549532.6291802,192.224,48066,1,1,,1,G03,A,focused,probe_onset,Block 1_2_67899e73,,0.0,0.0,,,,,,,"{""client_event_id"":""993c7f65-ea58-4003-afdd-35fd7d3bce77"",""recorder_run_id"":""47fb270e-4388-428d-9363-08e33f166980"",""client_id"":""b362ba73-6683-4e82-884a-8ef54391d584"",""client_timestamp"":1789549532.6297,""client_monotonic_ms"":290616.299999997,""event_timestamp"":1789549532.6291802,""clock_offset_sec"":-0.0005197525024414062,""clock_round_trip_ms"":5.799770355224609,""subject_id"":""sub-003"",""session_id"":""ses-001"",""block_id"":""Block 1"",""counterbalance_group"":""G03"",""block_order"":""Block 1"",""condition"":""A"",""condition_type"":""focused"",""topic_key"":""V2"",""topic_name"":""百家争鸣 到底是哪百家"",""event_type"":""probe_onset"",""iso_time"":""2026-09-16T09:05:32.629Z"",""relative_ms"":125912,""video_time_sec"":109.035,""probe_id"":""Block 1_2_67899e73"",""probe_index"":2,""probe_schedule_id"":""67899e73-01fb-48b9-9575-6e3139e6dfe4"",""probe_planned_time_sec"":108.98,""video_id"":""V2"",""pause_reason"":""thought_probe"",""forced"":false}",47fb270e-4388-428d-9363-08e33f166980,sub-003,ses-001,993c7f65-ea58-4003-afdd-35fd7d3bce77,b362ba73-6683-4e82-884a-8ef54391d584,1789549532.6383803,1789549532.6297,290616.299999997,b362ba73-6683-4e82-884a-8ef54391d584,browser_calibrated,-0.0005197525024414062,5.799770355224609,48056,48056,0,9.200096130371094,host_receive_nearest,verified,1,1,,,,,,,,,1,,,,,,,,,,,,,,,,,,,,V2,A,109.035,1789549532.6297,1789549532.6383803,48056,Block 1_2_67899e73,2,67899e73-01fb-48b9-9575-6e3139e6dfe4,108.98,,,,,,thought_probe
032e3f1a-6a88-4a1a-8a4d-d3758675d993,attention_response,1789549534.63228,194.244,48566,1,1,,1,G03,A,focused,attention_response,1,,0.0,0.0,,,,,,,"{""client_event_id"":""032e3f1a-6a88-4a1a-8a4d-d3758675d993"",""recorder_run_id"":""47fb270e-4388-428d-9363-08e33f166980"",""client_id"":""b362ba73-6683-4e82-884a-8ef54391d584"",""client_timestamp"":1789549534.6327999,""client_monotonic_ms"":292619.39999999106,""event_timestamp"":1789549534.63228,""clock_offset_sec"":-0.0005197525024414062,""clock_round_trip_ms"":5.799770355224609,""subject_id"":""sub-003"",""session_id"":""ses-001"",""block_id"":""Block 1"",""counterbalance_group"":""G03"",""block_order"":""Block 1"",""condition"":""A"",""condition_type"":""focused"",""topic_key"":""V2"",""topic_name"":""百家争鸣 到底是哪百家"",""event_type"":""attention_response"",""iso_time"":""2026-09-16T09:05:34.632Z"",""relative_ms"":127915,""video_time_sec"":109.035,""probe_id"":""Block 1_2_67899e73"",""probe_index"":2,""probe_schedule_id"":""67899e73-01fb-48b9-9575-6e3139e6dfe4"",""probe_planned_time_sec"":108.98,""video_id"":""V2"",""response"":1,""response_label"":""课程内容"",""probe_attention"":""ON"",""response_time_ms"":2003}",47fb270e-4388-428d-9363-08e33f166980,sub-003,ses-001,032e3f1a-6a88-4a1a-8a4d-d3758675d993,b362ba73-6683-4e82-884a-8ef54391d584,1789549534.6383803,1789549534.6327999,292619.39999999106,b362ba73-6683-4e82-884a-8ef54391d584,browser_calibrated,-0.0005197525024414062,5.799770355224609,48561,48561,0,6.100177764892578,host_receive_nearest,verified,1,1,,,,,,,,,1,,,,,,,,,,,,,,,,,,,,V2,A,109.035,1789549534.6327999,1789549534.6543803,48561,Block 1_2_67899e73,2,67899e73-01fb-48b9-9575-6e3139e6dfe4,108.98,1,课程内容,2003,,ON,
d1a7b52d-693a-43ac-b836-a0b9a2b95ddc,confidence_response,1789549535.7230802,195.34,48836,1,1,,1,G03,A,focused,confidence_response,4,,0.0,0.0,,,,,,,"{""client_event_id"":""d1a7b52d-693a-43ac-b836-a0b9a2b95ddc"",""recorder_run_id"":""47fb270e-4388-428d-9363-08e33f166980"",""client_id"":""b362ba73-6683-4e82-884a-8ef54391d584"",""client_timestamp"":1789549535.7236,""client_monotonic_ms"":293710.200000003,""event_timestamp"":1789549535.7230802,""clock_offset_sec"":-0.0005197525024414062,""clock_round_trip_ms"":5.799770355224609,""subject_id"":""sub-003"",""session_id"":""ses-001"",""block_id"":""Block 1"",""counterbalance_group"":""G03"",""block_order"":""Block 1"",""condition"":""A"",""condition_type"":""focused"",""topic_key"":""V2"",""topic_name"":""百家争鸣 到底是哪百家"",""event_type"":""confidence_response"",""iso_time"":""2026-09-16T09:05:35.723Z"",""relative_ms"":129006,""video_time_sec"":109.035,""probe_id"":""Block 1_2_67899e73"",""probe_index"":2,""probe_schedule_id"":""67899e73-01fb-48b9-9575-6e3139e6dfe4"",""probe_planned_time_sec"":108.98,""video_id"":""V2"",""response"":1,""confidence"":4,""response_time_ms"":1091}",47fb270e-4388-428d-9363-08e33f166980,sub-003,ses-001,d1a7b52d-693a-43ac-b836-a0b9a2b95ddc,b362ba73-6683-4e82-884a-8ef54391d584,1789549535.7323802,1789549535.7236,293710.200000003,b362ba73-6683-4e82-884a-8ef54391d584,browser_calibrated,-0.0005197525024414062,5.799770355224609,48835,48835,0,-6.700038909912109,host_receive_nearest,verified,1,1,,,,,,,,,1,,,,,,,,,,,,,,,,,,,,V2,A,109.035,1789549535.7236,1789549535.7473803,48835,Block 1_2_67899e73,2,67899e73-01fb-48b9-9575-6e3139e6dfe4,108.98,,,1091,4,,
12625efb-b799-4e15-a78a-0756136ab399,phase_change,1789549535.7336802,195.344,48846,1,1,,1,G03,A,focused,phase_change,video,,0.0,0.0,,,,,,,,47fb270e-4388-428d-9363-08e33f166980,sub-003,ses-001,12625efb-b799-4e15-a78a-0756136ab399,b362ba73-6683-4e82-884a-8ef54391d584,1789549535.7793803,1789549535.7342,293720.799999997,b362ba73-6683-4e82-884a-8ef54391d584,browser_calibrated,-0.0005197525024414062,5.799770355224609,48836,48836,0,13.700008392333984,host_receive_nearest,verified,1,1,,,,,,,,,1,,,,,,,,,,,,,,,,,,,,V2,A,109.111,1789549535.7342,1789549535.7793803,48836,,,,,,,,,,
12625efb-b799-4e15-a78a-0756136ab399,video_resume,1789549535.7336802,195.344,48846,1,1,,1,G03,A,focused,video_resume,109.111,,0.0,0.0,,,,,,,"{""client_event_id"":""12625efb-b799-4e15-a78a-0756136ab399"",""recorder_run_id"":""47fb270e-4388-428d-9363-08e33f166980"",""client_id"":""b362ba73-6683-4e82-884a-8ef54391d584"",""client_timestamp"":1789549535.7342,""client_monotonic_ms"":293720.799999997,""event_timestamp"":1789549535.7336802,""clock_offset_sec"":-0.0005197525024414062,""clock_round_trip_ms"":5.799770355224609,""subject_id"":""sub-003"",""session_id"":""ses-001"",""block_id"":""Block 1"",""counterbalance_group"":""G03"",""block_order"":""Block 1"",""condition"":""A"",""condition_type"":""focused"",""topic_key"":""V2"",""topic_name"":""百家争鸣 到底是哪百家"",""event_type"":""video_resume"",""iso_time"":""2026-09-16T09:05:35.734Z"",""relative_ms"":129017,""video_time_sec"":109.111,""probe_id"":""Block 1_2_67899e73"",""probe_index"":2,""probe_schedule_id"":""67899e73-01fb-48b9-9575-6e3139e6dfe4"",""probe_planned_time_sec"":108.98,""video_id"":""V2"",""pause_reason"":""thought_probe"",""resume_status"":""playing""}",47fb270e-4388-428d-9363-08e33f166980,sub-003,ses-001,12625efb-b799-4e15-a78a-0756136ab399,b362ba73-6683-4e82-884a-8ef54391d584,1789549535.7793803,1789549535.7342,293720.799999997,b362ba73-6683-4e82-884a-8ef54391d584,browser_calibrated,-0.0005197525024414062,5.799770355224609,48836,48836,0,13.700008392333984,host_receive_nearest,verified,1,1,,,,,,,,,1,,,,,,,,,,,,,,,,,,,,V2,A,109.111,1789549535.7342,1789549535.7793803,48836,Block 1_2_67899e73,,,,,,,,,thought_probe
c46db30f-5c2a-4307-b896-36b256978364,probe_onset,1789549609.2491803,268.84,67211,1,1,,1,G03,A,focused,probe_onset,Block 1_3_67899e73,,0.0,0.0,,,,,,,"{""client_event_id"":""c46db30f-5c2a-4307-b896-36b256978364"",""recorder_run_id"":""47fb270e-4388-428d-9363-08e33f166980"",""client_id"":""b362ba73-6683-4e82-884a-8ef54391d584"",""client_timestamp"":1789549609.2452,""client_monotonic_ms"":367231.89999999106,""event_timestamp"":1789549609.2491803,""clock_offset_sec"":0.003980398178100586,""clock_round_trip_ms"":6.000041961669922,""subject_id"":""sub-003"",""session_id"":""ses-001"",""block_id"":""Block 1"",""counterbalance_group"":""G03"",""block_order"":""Block 1"",""condition"":""A"",""condition_type"":""focused"",""topic_key"":""V2"",""topic_name"":""百家争鸣 到底是哪百家"",""event_type"":""probe_onset"",""iso_time"":""2026-09-16T09:06:49.245Z"",""relative_ms"":202528,""video_time_sec"":182.566,""probe_id"":""Block 1_3_67899e73"",""probe_index"":3,""probe_schedule_id"":""67899e73-01fb-48b9-9575-6e3139e6dfe4"",""probe_planned_time_sec"":182.527,""video_id"":""V2"",""pause_reason"":""thought_probe"",""forced"":false}",47fb270e-4388-428d-9363-08e33f166980,sub-003,ses-001,c46db30f-5c2a-4307-b896-36b256978364,b362ba73-6683-4e82-884a-8ef54391d584,1789549609.2633803,1789549609.2452,367231.89999999106,b362ba73-6683-4e82-884a-8ef54391d584,browser_calibrated,0.003980398178100586,6.000041961669922,67210,67210,0,-16.8001651763916,host_receive_nearest,verified,1,1,,,,,,,,,1,,,,,,,,,,,,,,,,,,,,V2,A,182.566,1789549609.2452,1789549609.2633803,67210,Block 1_3_67899e73,3,67899e73-01fb-48b9-9575-6e3139e6dfe4,182.527,,,,,,thought_probe
3aa43260-0256-4221-b963-2650a3ba32ae,attention_response,1789549611.7755802,271.36,67841,1,1,,1,G03,A,focused,attention_response,1,,0.0,0.0,,,,,,,"{""client_event_id"":""3aa43260-0256-4221-b963-2650a3ba32ae"",""recorder_run_id"":""47fb270e-4388-428d-9363-08e33f166980"",""client_id"":""b362ba73-6683-4e82-884a-8ef54391d584"",""client_timestamp"":1789549611.7715998,""client_monotonic_ms"":369758.200000003,""event_timestamp"":1789549611.7755802,""clock_offset_sec"":0.003980398178100586,""clock_round_trip_ms"":6.000041961669922,""subject_id"":""sub-003"",""session_id"":""ses-001"",""block_id"":""Block 1"",""counterbalance_group"":""G03"",""block_order"":""Block 1"",""condition"":""A"",""condition_type"":""focused"",""topic_key"":""V2"",""topic_name"":""百家争鸣 到底是哪百家"",""event_type"":""attention_response"",""iso_time"":""2026-09-16T09:06:51.771Z"",""relative_ms"":205054,""video_time_sec"":182.566,""probe_id"":""Block 1_3_67899e73"",""probe_index"":3,""probe_schedule_id"":""67899e73-01fb-48b9-9575-6e3139e6dfe4"",""probe_planned_time_sec"":182.527,""video_id"":""V2"",""response"":1,""response_label"":""课程内容"",""probe_attention"":""ON"",""response_time_ms"":2526}",47fb270e-4388-428d-9363-08e33f166980,sub-003,ses-001,3aa43260-0256-4221-b963-2650a3ba32ae,b362ba73-6683-4e82-884a-8ef54391d584,1789549611.7793803,1789549611.7715998,369758.200000003,b362ba73-6683-4e82-884a-8ef54391d584,browser_calibrated,0.003980398178100586,6.000041961669922,67840,67840,0,-28.19991111755371,host_receive_nearest,verified,1,1,,,,,,,,,1,,,,,,,,,,,,,,,,,,,,V2,A,182.566,1789549611.7715998,1789549611.7943802,67840,Block 1_3_67899e73,3,67899e73-01fb-48b9-9575-6e3139e6dfe4,182.527,1,课程内容,2526,,ON,
bc79f1bb-64f9-414f-8e34-d91a5ea30a03,confidence_response,1789549613.1356804,272.74,68186,1,1,,1,G03,A,focused,confidence_response,4,,0.0,0.0,,,,,,,"{""client_event_id"":""bc79f1bb-64f9-414f-8e34-d91a5ea30a03"",""recorder_run_id"":""47fb270e-4388-428d-9363-08e33f166980"",""client_id"":""b362ba73-6683-4e82-884a-8ef54391d584"",""client_timestamp"":1789549613.1317,""client_monotonic_ms"":371118.299999997,""event_timestamp"":1789549613.1356804,""clock_offset_sec"":0.003980398178100586,""clock_round_trip_ms"":6.000041961669922,""subject_id"":""sub-003"",""session_id"":""ses-001"",""block_id"":""Block 1"",""counterbalance_group"":""G03"",""block_order"":""Block 1"",""condition"":""A"",""condition_type"":""focused"",""topic_key"":""V2"",""topic_name"":""百家争鸣 到底是哪百家"",""event_type"":""confidence_response"",""iso_time"":""2026-09-16T09:06:53.131Z"",""relative_ms"":206414,""video_time_sec"":182.566,""probe_id"":""Block 1_3_67899e73"",""probe_index"":3,""probe_schedule_id"":""67899e73-01fb-48b9-9575-6e3139e6dfe4"",""probe_planned_time_sec"":182.527,""video_id"":""V2"",""response"":1,""confidence"":4,""response_time_ms"":1360}",47fb270e-4388-428d-9363-08e33f166980,sub-003,ses-001,bc79f1bb-64f9-414f-8e34-d91a5ea30a03,b362ba73-6683-4e82-884a-8ef54391d584,1789549613.1383803,1789549613.1317,371118.299999997,b362ba73-6683-4e82-884a-8ef54391d584,browser_calibrated,0.003980398178100586,6.000041961669922,68185,68185,0,-13.300180435180664,host_receive_nearest,verified,1,1,,,,,,,,,1,,,,,,,,,,,,,,,,,,,,V2,A,182.566,1789549613.1317,1789549613.1543803,68185,Block 1_3_67899e73,3,67899e73-01fb-48b9-9575-6e3139e6dfe4,182.527,,,1360,4,,
09cfe40c-3da8-4106-b378-d68b6772d17b,phase_change,1789549613.1429803,272.74,68186,1,1,,1,G03,A,focused,phase_change,video,,0.0,0.0,,,,,,,,47fb270e-4388-428d-9363-08e33f166980,sub-003,ses-001,09cfe40c-3da8-4106-b378-d68b6772d17b,b362ba73-6683-4e82-884a-8ef54391d584,1789549613.1693802,1789549613.139,371125.59999999404,b362ba73-6683-4e82-884a-8ef54391d584,browser_calibrated,0.003980398178100586,6.000041961669922,68185,68185,0,-20.600080490112305,host_receive_nearest,verified,1,1,,,,,,,,,1,,,,,,,,,,,,,,,,,,,,V2,A,182.613,1789549613.139,1789549613.1693802,68185,,,,,,,,,,
09cfe40c-3da8-4106-b378-d68b6772d17b,video_resume,1789549613.1429803,272.74,68186,1,1,,1,G03,A,focused,video_resume,182.613,,0.0,0.0,,,,,,,"{""client_event_id"":""09cfe40c-3da8-4106-b378-d68b6772d17b"",""recorder_run_id"":""47fb270e-4388-428d-9363-08e33f166980"",""client_id"":""b362ba73-6683-4e82-884a-8ef54391d584"",""client_timestamp"":1789549613.139,""client_monotonic_ms"":371125.59999999404,""event_timestamp"":1789549613.1429803,""clock_offset_sec"":0.003980398178100586,""clock_round_trip_ms"":6.000041961669922,""subject_id"":""sub-003"",""session_id"":""ses-001"",""block_id"":""Block 1"",""counterbalance_group"":""G03"",""block_order"":""Block 1"",""condition"":""A"",""condition_type"":""focused"",""topic_key"":""V2"",""topic_name"":""百家争鸣 到底是哪百家"",""event_type"":""video_resume"",""iso_time"":""2026-09-16T09:06:53.138Z"",""relative_ms"":206422,""video_time_sec"":182.613,""probe_id"":""Block 1_3_67899e73"",""probe_index"":3,""probe_schedule_id"":""67899e73-01fb-48b9-9575-6e3139e6dfe4"",""probe_planned_time_sec"":182.527,""video_id"":""V2"",""pause_reason"":""thought_probe"",""resume_status"":""playing""}",47fb270e-4388-428d-9363-08e33f166980,sub-003,ses-001,09cfe40c-3da8-4106-b378-d68b6772d17b,b362ba73-6683-4e82-884a-8ef54391d584,1789549613.1693802,1789549613.139,371125.59999999404,b362ba73-6683-4e82-884a-8ef54391d584,browser_calibrated,0.003980398178100586,6.000041961669922,68185,68185,0,-20.600080490112305,host_receive_nearest,verified,1,1,,,,,,,,,1,,,,,,,,,,,,,,,,,,,,V2,A,182.613,1789549613.139,1789549613.1693802,68185,Block 1_3_67899e73,,,,,,,,,thought_probe
ec047a6a-bdaa-483f-9775-1d20ddef06fb,probe_onset,1789549689.74008,349.336,87335,1,1,,1,G03,A,focused,probe_onset,Block 1_4_67899e73,,0.0,0.0,,,,,,,"{""client_event_id"":""ec047a6a-bdaa-483f-9775-1d20ddef06fb"",""recorder_run_id"":""47fb270e-4388-428d-9363-08e33f166980"",""client_id"":""b362ba73-6683-4e82-884a-8ef54391d584"",""client_timestamp"":1789549689.7429,""client_monotonic_ms"":447729.5,""event_timestamp"":1789549689.74008,""clock_offset_sec"":-0.0028197765350341797,""clock_round_trip_ms"":6.399869918823242,""subject_id"":""sub-003"",""session_id"":""ses-001"",""block_id"":""Block 1"",""counterbalance_group"":""G03"",""block_order"":""Block 1"",""condition"":""A"",""condition_type"":""focused"",""topic_key"":""V2"",""topic_name"":""百家争鸣 到底是哪百家"",""event_type"":""probe_onset"",""iso_time"":""2026-09-16T09:08:09.742Z"",""relative_ms"":283026,""video_time_sec"":259.166,""probe_id"":""Block 1_4_67899e73"",""probe_index"":4,""probe_schedule_id"":""67899e73-01fb-48b9-9575-6e3139e6dfe4"",""probe_planned_time_sec"":259.136,""video_id"":""V2"",""pause_reason"":""thought_probe"",""forced"":false}",47fb270e-4388-428d-9363-08e33f166980,sub-003,ses-001,ec047a6a-bdaa-483f-9775-1d20ddef06fb,b362ba73-6683-4e82-884a-8ef54391d584,1789549689.7473803,1789549689.7429,447729.5,b362ba73-6683-4e82-884a-8ef54391d584,browser_calibrated,-0.0028197765350341797,6.399869918823242,87334,87334,0,-23.69999885559082,host_receive_nearest,verified,1,1,,,,,,,,,1,,,,,,,,,,,,,,,,,,,,V2,A,259.166,1789549689.7429,1789549689.7473803,87334,Block 1_4_67899e73,4,67899e73-01fb-48b9-9575-6e3139e6dfe4,259.136,,,,,,thought_probe
238ea9e8-9d99-493e-8a8e-a77b800157f9,attention_response,1789549692.26878,351.876,87970,1,1,,1,G03,A,focused,attention_response,1,,0.0,0.0,,,,,,,"{""client_event_id"":""238ea9e8-9d99-493e-8a8e-a77b800157f9"",""recorder_run_id"":""47fb270e-4388-428d-9363-08e33f166980"",""client_id"":""b362ba73-6683-4e82-884a-8ef54391d584"",""client_timestamp"":1789549692.2715998,""client_monotonic_ms"":450258.200000003,""event_timestamp"":1789549692.26878,""clock_offset_sec"":-0.0028197765350341797,""clock_round_trip_ms"":6.399869918823242,""subject_id"":""sub-003"",""session_id"":""ses-001"",""block_id"":""Block 1"",""counterbalance_group"":""G03"",""block_order"":""Block 1"",""condition"":""A"",""condition_type"":""focused"",""topic_key"":""V2"",""topic_name"":""百家争鸣 到底是哪百家"",""event_type"":""attention_response"",""iso_time"":""2026-09-16T09:08:12.271Z"",""relative_ms"":285554,""video_time_sec"":259.166,""probe_id"":""Block 1_4_67899e73"",""probe_index"":4,""probe_schedule_id"":""67899e73-01fb-48b9-9575-6e3139e6dfe4"",""probe_planned_time_sec"":259.136,""video_id"":""V2"",""response"":1,""response_label"":""课程内容"",""probe_attention"":""ON"",""response_time_ms"":2529}",47fb270e-4388-428d-9363-08e33f166980,sub-003,ses-001,238ea9e8-9d99-493e-8a8e-a77b800157f9,b362ba73-6683-4e82-884a-8ef54391d584,1789549692.2793803,1789549692.2715998,450258.200000003,b362ba73-6683-4e82-884a-8ef54391d584,browser_calibrated,-0.0028197765350341797,6.399869918823242,87969,87969,0,-5.3997039794921875,host_receive_nearest,verified,1,1,,,,,,,,,1,,,,,,,,,,,,,,,,,,,,V2,A,259.166,1789549692.2715998,1789549692.2943802,87969,Block 1_4_67899e73,4,67899e73-01fb-48b9-9575-6e3139e6dfe4,259.136,1,课程内容,2529,,ON,
579ed9ac-f823-46d7-b1ca-f1ba576d029f,confidence_response,1789549693.65858,353.256,88315,1,1,,1,G03,A,focused,confidence_response,4,,0.0,0.0,,,,,,,"{""client_event_id"":""579ed9ac-f823-46d7-b1ca-f1ba576d029f"",""recorder_run_id"":""47fb270e-4388-428d-9363-08e33f166980"",""client_id"":""b362ba73-6683-4e82-884a-8ef54391d584"",""client_timestamp"":1789549693.6613998,""client_monotonic_ms"":451648,""event_timestamp"":1789549693.65858,""clock_offset_sec"":-0.0028197765350341797,""clock_round_trip_ms"":6.399869918823242,""subject_id"":""sub-003"",""session_id"":""ses-001"",""block_id"":""Block 1"",""counterbalance_group"":""G03"",""block_order"":""Block 1"",""condition"":""A"",""condition_type"":""focused"",""topic_key"":""V2"",""topic_name"":""百家争鸣 到底是哪百家"",""event_type"":""confidence_response"",""iso_time"":""2026-09-16T09:08:13.661Z"",""relative_ms"":286944,""video_time_sec"":259.166,""probe_id"":""Block 1_4_67899e73"",""probe_index"":4,""probe_schedule_id"":""67899e73-01fb-48b9-9575-6e3139e6dfe4"",""probe_planned_time_sec"":259.136,""video_id"":""V2"",""response"":1,""confidence"":4,""response_time_ms"":1390}",47fb270e-4388-428d-9363-08e33f166980,sub-003,ses-001,579ed9ac-f823-46d7-b1ca-f1ba576d029f,b362ba73-6683-4e82-884a-8ef54391d584,1789549693.6693802,1789549693.6613998,451648,b362ba73-6683-4e82-884a-8ef54391d584,browser_calibrated,-0.0028197765350341797,6.399869918823242,88314,88314,0,-20.19977569580078,host_receive_nearest,verified,1,1,,,,,,,,,1,,,,,,,,,,,,,,,,,,,,V2,A,259.166,1789549693.6613998,1789549693.6853802,88314,Block 1_4_67899e73,4,67899e73-01fb-48b9-9575-6e3139e6dfe4,259.136,,,1390,4,,
e9173f3f-6067-4b1b-8925-6b3908e570b4,phase_change,1789549693.6660802,353.26,88325,1,1,,1,G03,A,focused,phase_change,video,,0.0,0.0,,,,,,,,47fb270e-4388-428d-9363-08e33f166980,sub-003,ses-001,e9173f3f-6067-4b1b-8925-6b3908e570b4,b362ba73-6683-4e82-884a-8ef54391d584,1789549693.7003803,1789549693.6689,451655.5,b362ba73-6683-4e82-884a-8ef54391d584,browser_calibrated,-0.0028197765350341797,6.399869918823242,88315,88315,0,19.299983978271484,host_receive_nearest,verified,1,1,,,,,,,,,1,,,,,,,,,,,,,,,,,,,,V2,A,259.218,1789549693.6689,1789549693.7003803,88315,,,,,,,,,,
e9173f3f-6067-4b1b-8925-6b3908e570b4,video_resume,1789549693.6660802,353.26,88325,1,1,,1,G03,A,focused,video_resume,259.218,,0.0,0.0,,,,,,,"{""client_event_id"":""e9173f3f-6067-4b1b-8925-6b3908e570b4"",""recorder_run_id"":""47fb270e-4388-428d-9363-08e33f166980"",""client_id"":""b362ba73-6683-4e82-884a-8ef54391d584"",""client_timestamp"":1789549693.6689,""client_monotonic_ms"":451655.5,""event_timestamp"":1789549693.6660802,""clock_offset_sec"":-0.0028197765350341797,""clock_round_trip_ms"":6.399869918823242,""subject_id"":""sub-003"",""session_id"":""ses-001"",""block_id"":""Block 1"",""counterbalance_group"":""G03"",""block_order"":""Block 1"",""condition"":""A"",""condition_type"":""focused"",""topic_key"":""V2"",""topic_name"":""百家争鸣 到底是哪百家"",""event_type"":""video_resume"",""iso_time"":""2026-09-16T09:08:13.668Z"",""relative_ms"":286952,""video_time_sec"":259.218,""probe_id"":""Block 1_4_67899e73"",""probe_index"":4,""probe_schedule_id"":""67899e73-01fb-48b9-9575-6e3139e6dfe4"",""probe_planned_time_sec"":259.136,""video_id"":""V2"",""pause_reason"":""thought_probe"",""resume_status"":""playing""}",47fb270e-4388-428d-9363-08e33f166980,sub-003,ses-001,e9173f3f-6067-4b1b-8925-6b3908e570b4,b362ba73-6683-4e82-884a-8ef54391d584,1789549693.7003803,1789549693.6689,451655.5,b362ba73-6683-4e82-884a-8ef54391d584,browser_calibrated,-0.0028197765350341797,6.399869918823242,88315,88315,0,19.299983978271484,host_receive_nearest,verified,1,1,,,,,,,,,1,,,,,,,,,,,,,,,,,,,,V2,A,259.218,1789549693.6689,1789549693.7003803,88315,Block 1_4_67899e73,,,,,,,,,thought_probe
4be13dfb-ae67-4c90-bf5d-d335c4f4654b,video_end,1789549747.2929304,406.896,101725,1,1,,1,G03,A,focused,video_end,V2,,0.0,0.0,,,,,,,,47fb270e-4388-428d-9363-08e33f166980,sub-003,ses-001,4be13dfb-ae67-4c90-bf5d-d335c4f4654b,b362ba73-6683-4e82-884a-8ef54391d584,1789549747.2943802,1789549747.2879,505274.59999999404,b362ba73-6683-4e82-884a-8ef54391d584,browser_calibrated,0.005030393600463867,6.2999725341796875,101724,101724,0,-13.550043106079102,host_receive_nearest,verified,1,1,,,,,,,,,1,,,,,,,,,,,,,,,,,,,,V2,A,312.773,1789549747.2879,1789549747.2943802,101724,,,,,,,,,,
4be13dfb-ae67-4c90-bf5d-d335c4f4654b,browser_video_ended,1789549747.2929304,406.896,101725,1,1,,1,G03,A,focused,browser_video_ended,,,0.0,0.0,,,,,,,"{""client_event_id"":""4be13dfb-ae67-4c90-bf5d-d335c4f4654b"",""recorder_run_id"":""47fb270e-4388-428d-9363-08e33f166980"",""client_id"":""b362ba73-6683-4e82-884a-8ef54391d584"",""client_timestamp"":1789549747.2879,""client_monotonic_ms"":505274.59999999404,""event_timestamp"":1789549747.2929304,""clock_offset_sec"":0.005030393600463867,""clock_round_trip_ms"":6.2999725341796875,""subject_id"":""sub-003"",""session_id"":""ses-001"",""block_id"":""Block 1"",""counterbalance_group"":""G03"",""block_order"":""Block 1"",""condition"":""A"",""condition_type"":""focused"",""topic_key"":""V2"",""topic_name"":""百家争鸣 到底是哪百家"",""event_type"":""video_ended"",""iso_time"":""2026-09-16T09:09:07.287Z"",""relative_ms"":340571,""video_time_sec"":312.773}",47fb270e-4388-428d-9363-08e33f166980,sub-003,ses-001,4be13dfb-ae67-4c90-bf5d-d335c4f4654b,b362ba73-6683-4e82-884a-8ef54391d584,1789549747.2943802,1789549747.2879,505274.59999999404,b362ba73-6683-4e82-884a-8ef54391d584,browser_calibrated,0.005030393600463867,6.2999725341796875,101724,101724,0,-13.550043106079102,host_receive_nearest,verified,1,1,,,,,,,,,1,,,,,,,,,,,,,,,,,,,,V2,A,312.773,1789549747.2879,1789549747.2943802,101724,,,,,,,,,,
0bafb954-cd3c-4e59-891d-9ec46ccbb55f,browser_block_end,1789549747.2987304,406.9,101740,1,1,,1,G03,A,focused,browser_block_end,视频自然播放结束,,0.0,0.0,,,,,,,"{""client_event_id"":""0bafb954-cd3c-4e59-891d-9ec46ccbb55f"",""recorder_run_id"":""47fb270e-4388-428d-9363-08e33f166980"",""client_id"":""b362ba73-6683-4e82-884a-8ef54391d584"",""client_timestamp"":1789549747.2937,""client_monotonic_ms"":505280.299999997,""event_timestamp"":1789549747.2987304,""clock_offset_sec"":0.005030393600463867,""clock_round_trip_ms"":6.2999725341796875,""subject_id"":""sub-003"",""session_id"":""ses-001"",""block_id"":""Block 1"",""counterbalance_group"":""G03"",""block_order"":""Block 1"",""condition"":""A"",""condition_type"":""focused"",""topic_key"":""V2"",""topic_name"":""百家争鸣 到底是哪百家"",""event_type"":""block_end"",""iso_time"":""2026-09-16T09:09:07.293Z"",""relative_ms"":340576,""video_time_sec"":312.773,""reason"":""视频自然播放结束""}",47fb270e-4388-428d-9363-08e33f166980,sub-003,ses-001,0bafb954-cd3c-4e59-891d-9ec46ccbb55f,b362ba73-6683-4e82-884a-8ef54391d584,1789549747.3573802,1789549747.2937,505280.299999997,b362ba73-6683-4e82-884a-8ef54391d584,browser_calibrated,0.005030393600463867,6.2999725341796875,101725,101725,0,11.649847030639648,host_receive_nearest,verified,1,1,,,,,,,,,1,,,,,,,,,,,,,,,,,,,,V2,A,312.773,1789549747.2937,1789549747.3573802,101725,,,,,,,,,,
b668cb96-a4ea-4bc9-891b-56e7f78ad895,rating_start,1789549747.3033302,406.9,101740,1,1,,1,G03,A,focused,rating_start,,,0.0,0.0,,,,,,,"{""client_event_id"":""b668cb96-a4ea-4bc9-891b-56e7f78ad895"",""recorder_run_id"":""47fb270e-4388-428d-9363-08e33f166980"",""client_id"":""b362ba73-6683-4e82-884a-8ef54391d584"",""client_timestamp"":1789549747.2982998,""client_monotonic_ms"":505284.89999999106,""event_timestamp"":1789549747.3033302,""clock_offset_sec"":0.005030393600463867,""clock_round_trip_ms"":6.2999725341796875,""subject_id"":""sub-003"",""session_id"":""ses-001"",""block_id"":""Block 1"",""counterbalance_group"":""G03"",""block_order"":""Block 1"",""condition"":""A"",""condition_type"":""focused"",""topic_key"":""V2"",""topic_name"":""百家争鸣 到底是哪百家"",""event_type"":""rating_start"",""iso_time"":""2026-09-16T09:09:07.298Z"",""relative_ms"":340581,""video_time_sec"":312.773}",47fb270e-4388-428d-9363-08e33f166980,sub-003,ses-001,b668cb96-a4ea-4bc9-891b-56e7f78ad895,b362ba73-6683-4e82-884a-8ef54391d584,1789549747.3723803,1789549747.2982998,505284.89999999106,b362ba73-6683-4e82-884a-8ef54391d584,browser_calibrated,0.005030393600463867,6.2999725341796875,101725,101725,0,7.050037384033203,host_receive_nearest,verified,1,1,,,,,,,,,1,,,,,,,,,,,,,,,,,,,,V2,A,312.773,1789549747.2982998,1789549747.3723803,101725,,,,,,,,,,
a36a40d1-2d8f-49a1-bb6a-1a212c366eb6,rating_item_response,1789549751.4166303,411.02,102765,1,1,,1,G03,A,focused,rating_item_response,4,,0.0,0.0,,,,,,,"{""client_event_id"":""a36a40d1-2d8f-49a1-bb6a-1a212c366eb6"",""recorder_run_id"":""47fb270e-4388-428d-9363-08e33f166980"",""client_id"":""b362ba73-6683-4e82-884a-8ef54391d584"",""client_timestamp"":1789549751.4171999,""client_monotonic_ms"":509403.799999997,""event_timestamp"":1789549751.4166303,""clock_offset_sec"":-0.0005695819854736328,""clock_round_trip_ms"":6.099939346313477,""subject_id"":""sub-003"",""session_id"":""ses-001"",""block_id"":""Block 1"",""counterbalance_group"":""G03"",""block_order"":""Block 1"",""condition"":""A"",""condition_type"":""focused"",""topic_key"":""V2"",""topic_name"":""百家争鸣 到底是哪百家"",""event_type"":""rating_item_response"",""iso_time"":""2026-09-16T09:09:11.417Z"",""relative_ms"":344700,""video_time_sec"":312.773,""rating_item"":""course_attention_rating"",""rating_value"":""4"",""response_time_ms"":4119}",47fb270e-4388-428d-9363-08e33f166980,sub-003,ses-001,a36a40d1-2d8f-49a1-bb6a-1a212c366eb6,b362ba73-6683-4e82-884a-8ef54391d584,1789549751.4353802,1789549751.4171999,509403.799999997,b362ba73-6683-4e82-884a-8ef54391d584,browser_calibrated,-0.0005695819854736328,6.099939346313477,102755,102755,0,18.74995231628418,host_receive_nearest,verified,1,1,,,,,,,,,1,,,,,,,,,,,,,course_attention_rating,4,,,,,,V2,A,312.773,1789549751.4171999,1789549751.4353802,102755,,,,,,,4119,,,
a41ef16b-9838-4a6f-8136-06e98efbc600,rating_item_response,1789549758.4638302,418.06,104525,1,1,,1,G03,A,focused,rating_item_response,3,,0.0,0.0,,,,,,,"{""client_event_id"":""a41ef16b-9838-4a6f-8136-06e98efbc600"",""recorder_run_id"":""47fb270e-4388-428d-9363-08e33f166980"",""client_id"":""b362ba73-6683-4e82-884a-8ef54391d584"",""client_timestamp"":1789549758.4643998,""client_monotonic_ms"":516451,""event_timestamp"":1789549758.4638302,""clock_offset_sec"":-0.0005695819854736328,""clock_round_trip_ms"":6.099939346313477,""subject_id"":""sub-003"",""session_id"":""ses-001"",""block_id"":""Block 1"",""counterbalance_group"":""G03"",""block_order"":""Block 1"",""condition"":""A"",""condition_type"":""focused"",""topic_key"":""V2"",""topic_name"":""百家争鸣 到底是哪百家"",""event_type"":""rating_item_response"",""iso_time"":""2026-09-16T09:09:18.464Z"",""relative_ms"":351747,""video_time_sec"":312.773,""rating_item"":""mental_effort"",""rating_value"":""3"",""response_time_ms"":11166}",47fb270e-4388-428d-9363-08e33f166980,sub-003,ses-001,a41ef16b-9838-4a6f-8136-06e98efbc600,b362ba73-6683-4e82-884a-8ef54391d584,1789549758.4823802,1789549758.4643998,516451,b362ba73-6683-4e82-884a-8ef54391d584,browser_calibrated,-0.0005695819854736328,6.099939346313477,104515,104515,0,18.54991912841797,host_receive_nearest,verified,1,1,,,,,,,,,1,,,,,,,,,,,,,mental_effort,3,,,,,,V2,A,312.773,1789549758.4643998,1789549758.4823802,104515,,,,,,,11166,,,
faca9e06-bce9-4600-844a-25792b4b5c05,rating_item_response,1789549760.1602302,419.776,104945,1,1,,1,G03,A,focused,rating_item_response,4,,0.0,0.0,,,,,,,"{""client_event_id"":""faca9e06-bce9-4600-844a-25792b4b5c05"",""recorder_run_id"":""47fb270e-4388-428d-9363-08e33f166980"",""client_id"":""b362ba73-6683-4e82-884a-8ef54391d584"",""client_timestamp"":1789549760.1607997,""client_monotonic_ms"":518147.39999999106,""event_timestamp"":1789549760.1602302,""clock_offset_sec"":-0.0005695819854736328,""clock_round_trip_ms"":6.099939346313477,""subject_id"":""sub-003"",""session_id"":""ses-001"",""block_id"":""Block 1"",""counterbalance_group"":""G03"",""block_order"":""Block 1"",""condition"":""A"",""condition_type"":""focused"",""topic_key"":""V2"",""topic_name"":""百家争鸣 到底是哪百家"",""event_type"":""rating_item_response"",""iso_time"":""2026-09-16T09:09:20.160Z"",""relative_ms"":353443,""video_time_sec"":312.773,""rating_item"":""video_interest"",""rating_value"":""4"",""response_time_ms"":12862}",47fb270e-4388-428d-9363-08e33f166980,sub-003,ses-001,faca9e06-bce9-4600-844a-25792b4b5c05,b362ba73-6683-4e82-884a-8ef54391d584,1789549760.1853802,1789549760.1607997,518147.39999999106,b362ba73-6683-4e82-884a-8ef54391d584,browser_calibrated,-0.0005695819854736328,6.099939346313477,104944,104944,0,-5.8498382568359375,host_receive_nearest,verified,1,1,,,,,,,,,1,,,,,,,,,,,,,video_interest,4,,,,,,V2,A,312.773,1789549760.1607997,1789549760.1853802,104944,,,,,,,12862,,,
013d5804-bf7a-4225-a806-37600cb85be8,rating_item_response,1789549764.1143303,423.7,105935,1,1,,1,G03,A,focused,rating_item_response,2,,0.0,0.0,,,,,,,"{""client_event_id"":""013d5804-bf7a-4225-a806-37600cb85be8"",""recorder_run_id"":""47fb270e-4388-428d-9363-08e33f166980"",""client_id"":""b362ba73-6683-4e82-884a-8ef54391d584"",""client_timestamp"":1789549764.1148999,""client_monotonic_ms"":522101.59999999404,""event_timestamp"":1789549764.1143303,""clock_offset_sec"":-0.0005695819854736328,""clock_round_trip_ms"":6.099939346313477,""subject_id"":""sub-003"",""session_id"":""ses-001"",""block_id"":""Block 1"",""counterbalance_group"":""G03"",""block_order"":""Block 1"",""condition"":""A"",""condition_type"":""focused"",""topic_key"":""V2"",""topic_name"":""百家争鸣 到底是哪百家"",""event_type"":""rating_item_response"",""iso_time"":""2026-09-16T09:09:24.114Z"",""relative_ms"":357398,""video_time_sec"":312.773,""rating_item"":""video_difficulty"",""rating_value"":""2"",""response_time_ms"":16817}",47fb270e-4388-428d-9363-08e33f166980,sub-003,ses-001,013d5804-bf7a-4225-a806-37600cb85be8,b362ba73-6683-4e82-884a-8ef54391d584,1789549764.1383803,1789549764.1148999,522101.59999999404,b362ba73-6683-4e82-884a-8ef54391d584,browser_calibrated,-0.0005695819854736328,6.099939346313477,105925,105925,0,8.049964904785156,host_receive_nearest,verified,1,1,,,,,,,,,1,,,,,,,,,,,,,video_difficulty,2,,,,,,V2,A,312.773,1789549764.1148999,1789549764.1383803,105925,,,,,,,16817,,,
f79be0ab-5550-4e3c-9063-92e234f36d61,rating_end,1789549764.5235302,424.096,106025,1,1,,1,G03,A,focused,rating_end,,17.226,0.0,0.0,,,,,,,"{""client_event_id"":""f79be0ab-5550-4e3c-9063-92e234f36d61"",""recorder_run_id"":""47fb270e-4388-428d-9363-08e33f166980"",""client_id"":""b362ba73-6683-4e82-884a-8ef54391d584"",""client_timestamp"":1789549764.5240998,""client_monotonic_ms"":522510.700000003,""event_timestamp"":1789549764.5235302,""clock_offset_sec"":-0.0005695819854736328,""clock_round_trip_ms"":6.099939346313477,""subject_id"":""sub-003"",""session_id"":""ses-001"",""block_id"":""Block 1"",""counterbalance_group"":""G03"",""block_order"":""Block 1"",""condition"":""A"",""condition_type"":""focused"",""topic_key"":""V2"",""topic_name"":""百家争鸣 到底是哪百家"",""event_type"":""rating_end"",""iso_time"":""2026-09-16T09:09:24.524Z"",""relative_ms"":357807,""video_time_sec"":312.773,""video_id"":""V2"",""course_attention_rating"":4,""mental_effort"":3,""video_interest"":4,""video_difficulty"":2,""subtraction_compliance"":"""",""subtraction_difficulty"":"""",""reported_final_number"":"""",""duration_sec"":17.226,""submitted_iso"":""2026-09-16T09:09:24.524Z"",""submitted_relative_ms"":357807}",47fb270e-4388-428d-9363-08e33f166980,sub-003,ses-001,f79be0ab-5550-4e3c-9063-92e234f36d61,b362ba73-6683-4e82-884a-8ef54391d584,1789549764.5443802,1789549764.5240998,522510.700000003,b362ba73-6683-4e82-884a-8ef54391d584,browser_calibrated,-0.0005695819854736328,6.099939346313477,106024,106024,0,-41.15009307861328,host_receive_nearest,verified,1,1,,,,,,,,,1,,,,4,3,4,2,,,,,,,,,,,,,V2,A,312.773,1789549764.5240998,1789549764.5443802,106024,,,,,,,,,,
41b8ab24-a02b-4315-80b5-a064cec7eeee,quiz_start,1789549764.5281303,424.1,106045,1,1,,1,G03,A,focused,quiz_start,,,0.0,0.0,,,,,,,"{""client_event_id"":""41b8ab24-a02b-4315-80b5-a064cec7eeee"",""recorder_run_id"":""47fb270e-4388-428d-9363-08e33f166980"",""client_id"":""b362ba73-6683-4e82-884a-8ef54391d584"",""client_timestamp"":1789549764.5286999,""client_monotonic_ms"":522515.39999999106,""event_timestamp"":1789549764.5281303,""clock_offset_sec"":-0.0005695819854736328,""clock_round_trip_ms"":6.099939346313477,""subject_id"":""sub-003"",""session_id"":""ses-001"",""block_id"":""Block 1"",""counterbalance_group"":""G03"",""block_order"":""Block 1"",""condition"":""A"",""condition_type"":""focused"",""topic_key"":""V2"",""topic_name"":""百家争鸣 到底是哪百家"",""event_type"":""quiz_start"",""iso_time"":""2026-09-16T09:09:24.528Z"",""relative_ms"":357811,""video_time_sec"":312.773}",47fb270e-4388-428d-9363-08e33f166980,sub-003,ses-001,41b8ab24-a02b-4315-80b5-a064cec7eeee,b362ba73-6683-4e82-884a-8ef54391d584,1789549764.5753803,1789549764.5286999,522515.39999999106,b362ba73-6683-4e82-884a-8ef54391d584,browser_calibrated,-0.0005695819854736328,6.099939346313477,106025,106025,0,16.249895095825195,host_receive_nearest,verified,1,1,,,,,,,,,1,,,,,,,,,,,,,,,,,,,,V2,A,312.773,1789549764.5286999,1789549764.5753803,106025,,,,,,,,,,
fd1ee15a-474b-4e7c-9e00-88835686c2fc,quiz_item_response,1789549780.8759303,440.476,110120,1,1,,1,G03,A,focused,quiz_item_response,“百家争鸣”局面出现在哪个历史时期？,,0.0,0.0,,V2Q1,C,C,True,2112,"{""client_event_id"":""fd1ee15a-474b-4e7c-9e00-88835686c2fc"",""recorder_run_id"":""47fb270e-4388-428d-9363-08e33f166980"",""client_id"":""b362ba73-6683-4e82-884a-8ef54391d584"",""client_timestamp"":1789549780.8765,""client_monotonic_ms"":538863.200000003,""event_timestamp"":1789549780.8759303,""clock_offset_sec"":-0.0005695819854736328,""clock_round_trip_ms"":6.099939346313477,""subject_id"":""sub-003"",""session_id"":""ses-001"",""block_id"":""Block 1"",""counterbalance_group"":""G03"",""block_order"":""Block 1"",""condition"":""A"",""condition_type"":""focused"",""topic_key"":""V2"",""topic_name"":""百家争鸣 到底是哪百家"",""event_type"":""quiz_item_response"",""iso_time"":""2026-09-16T09:09:40.876Z"",""relative_ms"":374159,""video_time_sec"":312.773,""video_id"":""V2"",""question_id"":""V2Q1"",""question_text"":""“百家争鸣”局面出现在哪个历史时期？"",""response_index"":2,""response_letter"":""C"",""response_text"":""春秋战国时期"",""correct_index"":2,""correct_letter"":""C"",""correct_text"":""春秋战国时期"",""is_correct"":true,""reaction_time_ms"":2112,""submitted_iso"":""2026-09-16T09:09:40.876Z"",""submitted_relative_ms"":374159}",47fb270e-4388-428d-9363-08e33f166980,sub-003,ses-001,fd1ee15a-474b-4e7c-9e00-88835686c2fc,b362ba73-6683-4e82-884a-8ef54391d584,1789549780.8883803,1789549780.8765,538863.200000003,b362ba73-6683-4e82-884a-8ef54391d584,browser_calibrated,-0.0005695819854736328,6.099939346313477,110119,110119,0,-18.55015754699707,host_receive_nearest,verified,1,1,,,,,,,,,1,,,,,,,,,,,,,,,,,“百家争鸣”局面出现在哪个历史时期？,2,春秋战国时期,V2,A,312.773,1789549780.8765,1789549780.8883803,110119,,,,,,,,,,
4b2c1b7e-ae63-4cb7-899e-904adbeb44e8,quiz_item_response,1789549780.8822303,440.476,110135,1,1,,1,G03,A,focused,quiz_item_response,儒家学派的代表人物是？,,0.0,0.0,,V2Q2,B,B,True,4700,"{""client_event_id"":""4b2c1b7e-ae63-4cb7-899e-904adbeb44e8"",""recorder_run_id"":""47fb270e-4388-428d-9363-08e33f166980"",""client_id"":""b362ba73-6683-4e82-884a-8ef54391d584"",""client_timestamp"":1789549780.8827999,""client_monotonic_ms"":538869.3999999911,""event_timestamp"":1789549780.8822303,""clock_offset_sec"":-0.0005695819854736328,""clock_round_trip_ms"":6.099939346313477,""subject_id"":""sub-003"",""session_id"":""ses-001"",""block_id"":""Block 1"",""counterbalance_group"":""G03"",""block_order"":""Block 1"",""condition"":""A"",""condition_type"":""focused"",""topic_key"":""V2"",""topic_name"":""百家争鸣 到底是哪百家"",""event_type"":""quiz_item_response"",""iso_time"":""2026-09-16T09:09:40.882Z"",""relative_ms"":374165,""video_time_sec"":312.773,""video_id"":""V2"",""question_id"":""V2Q2"",""question_text"":""儒家学派的代表人物是？"",""response_index"":1,""response_letter"":""B"",""response_text"":""孔子"",""correct_index"":1,""correct_letter"":""B"",""correct_text"":""孔子"",""is_correct"":true,""reaction_time_ms"":4700,""submitted_iso"":""2026-09-16T09:09:40.882Z"",""submitted_relative_ms"":374165}",47fb270e-4388-428d-9363-08e33f166980,sub-003,ses-001,4b2c1b7e-ae63-4cb7-899e-904adbeb44e8,b362ba73-6683-4e82-884a-8ef54391d584,1789549780.9503803,1789549780.8827999,538869.3999999911,b362ba73-6683-4e82-884a-8ef54391d584,browser_calibrated,-0.0005695819854736328,6.099939346313477,110119,110119,0,-24.850130081176758,host_receive_nearest,verified,1,1,,,,,,,,,1,,,,,,,,,,,,,,,,,儒家学派的代表人物是？,1,孔子,V2,A,312.773,1789549780.8827999,1789549780.9503803,110119,,,,,,,,,,
048450c6-0c96-471b-af6f-9a2294c130b3,quiz_item_response,1789549780.8866303,440.476,110145,1,1,,1,G03,A,focused,quiz_item_response,法家的集大成者韩非子，其思想核心是？,,0.0,0.0,,V2Q3,C,C,True,9175,"{""client_event_id"":""048450c6-0c96-471b-af6f-9a2294c130b3"",""recorder_run_id"":""47fb270e-4388-428d-9363-08e33f166980"",""client_id"":""b362ba73-6683-4e82-884a-8ef54391d584"",""client_timestamp"":1789549780.8871999,""client_monotonic_ms"":538873.799999997,""event_timestamp"":1789549780.8866303,""clock_offset_sec"":-0.0005695819854736328,""clock_round_trip_ms"":6.099939346313477,""subject_id"":""sub-003"",""session_id"":""ses-001"",""block_id"":""Block 1"",""counterbalance_group"":""G03"",""block_order"":""Block 1"",""condition"":""A"",""condition_type"":""focused"",""topic_key"":""V2"",""topic_name"":""百家争鸣 到底是哪百家"",""event_type"":""quiz_item_response"",""iso_time"":""2026-09-16T09:09:40.887Z"",""relative_ms"":374170,""video_time_sec"":312.773,""video_id"":""V2"",""question_id"":""V2Q3"",""question_text"":""法家的集大成者韩非子，其思想核心是？"",""response_index"":2,""response_letter"":""C"",""response_text"":""以法治国"",""correct_index"":2,""correct_letter"":""C"",""correct_text"":""以法治国"",""is_correct"":true,""reaction_time_ms"":9175,""submitted_iso"":""2026-09-16T09:09:40.887Z"",""submitted_relative_ms"":374170}",47fb270e-4388-428d-9363-08e33f166980,sub-003,ses-001,048450c6-0c96-471b-af6f-9a2294c130b3,b362ba73-6683-4e82-884a-8ef54391d584,1789549780.9663801,1789549780.8871999,538873.799999997,b362ba73-6683-4e82-884a-8ef54391d584,browser_calibrated,-0.0005695819854736328,6.099939346313477,110119,110119,0,-29.250144958496094,host_receive_nearest,verified,1,1,,,,,,,,,1,,,,,,,,,,,,,,,,,法家的集大成者韩非子，其思想核心是？,2,以法治国,V2,A,312.773,1789549780.8871999,1789549780.9663801,110119,,,,,,,,,,
9c54deb3-a723-4067-ab68-d19682304800,quiz_item_response,1789549780.8915303,440.48,110150,1,1,,1,G03,A,focused,quiz_item_response,纵横家学派的代表人物是？,,0.0,0.0,,V2Q4,C,B,False,15671,"{""client_event_id"":""9c54deb3-a723-4067-ab68-d19682304800"",""recorder_run_id"":""47fb270e-4388-428d-9363-08e33f166980"",""client_id"":""b362ba73-6683-4e82-884a-8ef54391d584"",""client_timestamp"":1789549780.8920999,""client_monotonic_ms"":538878.700000003,""event_timestamp"":1789549780.8915303,""clock_offset_sec"":-0.0005695819854736328,""clock_round_trip_ms"":6.099939346313477,""subject_id"":""sub-003"",""session_id"":""ses-001"",""block_id"":""Block 1"",""counterbalance_group"":""G03"",""block_order"":""Block 1"",""condition"":""A"",""condition_type"":""focused"",""topic_key"":""V2"",""topic_name"":""百家争鸣 到底是哪百家"",""event_type"":""quiz_item_response"",""iso_time"":""2026-09-16T09:09:40.892Z"",""relative_ms"":374175,""video_time_sec"":312.773,""video_id"":""V2"",""question_id"":""V2Q4"",""question_text"":""纵横家学派的代表人物是？"",""response_index"":1,""response_letter"":""B"",""response_text"":""邹衍"",""correct_index"":2,""correct_letter"":""C"",""correct_text"":""张仪"",""is_correct"":false,""reaction_time_ms"":15671,""submitted_iso"":""2026-09-16T09:09:40.892Z"",""submitted_relative_ms"":374175}",47fb270e-4388-428d-9363-08e33f166980,sub-003,ses-001,9c54deb3-a723-4067-ab68-d19682304800,b362ba73-6683-4e82-884a-8ef54391d584,1789549780.9823802,1789549780.8920999,538878.700000003,b362ba73-6683-4e82-884a-8ef54391d584,browser_calibrated,-0.0005695819854736328,6.099939346313477,110120,110120,0,27.849912643432617,host_receive_nearest,verified,1,1,,,,,,,,,1,,,,,,,,,,,,,,,,,纵横家学派的代表人物是？,1,邹衍,V2,A,312.773,1789549780.8920999,1789549780.9823802,110120,,,,,,,,,,
3a76f850-638b-4fde-90bb-0d4b1d955a20,quiz_end,1789549780.8962302,440.48,110150,1,1,,1,G03,A,focused,quiz_end,3/4,16.368,0.0,0.0,,,,,,,"{""client_event_id"":""3a76f850-638b-4fde-90bb-0d4b1d955a20"",""recorder_run_id"":""47fb270e-4388-428d-9363-08e33f166980"",""client_id"":""b362ba73-6683-4e82-884a-8ef54391d584"",""client_timestamp"":1789549780.8967998,""client_monotonic_ms"":538883.3999999911,""event_timestamp"":1789549780.8962302,""clock_offset_sec"":-0.0005695819854736328,""clock_round_trip_ms"":6.099939346313477,""subject_id"":""sub-003"",""session_id"":""ses-001"",""block_id"":""Block 1"",""counterbalance_group"":""G03"",""block_order"":""Block 1"",""condition"":""A"",""condition_type"":""focused"",""topic_key"":""V2"",""topic_name"":""百家争鸣 到底是哪百家"",""event_type"":""quiz_end"",""iso_time"":""2026-09-16T09:09:40.896Z"",""relative_ms"":374179,""video_time_sec"":312.773,""score"":3,""total"":4,""duration_sec"":16.368}",47fb270e-4388-428d-9363-08e33f166980,sub-003,ses-001,3a76f850-638b-4fde-90bb-0d4b1d955a20,b362ba73-6683-4e82-884a-8ef54391d584,1789549780.9973803,1789549780.8967998,538883.3999999911,b362ba73-6683-4e82-884a-8ef54391d584,browser_calibrated,-0.0005695819854736328,6.099939346313477,110120,110120,0,23.149967193603516,host_receive_nearest,verified,1,1,,,,,,,,,1,,,,,,,,,,,,,,,3,4,,,,V2,A,312.773,1789549780.8967998,1789549780.9973803,110120,,,,,,,,,,
3a76f850-638b-4fde-90bb-0d4b1d955a20,block_end,1789549780.8962302,440.48,110150,1,1,,1,G03,A,focused,block_end,V2,,0.0,0.0,,,,,,,,47fb270e-4388-428d-9363-08e33f166980,sub-003,ses-001,3a76f850-638b-4fde-90bb-0d4b1d955a20,b362ba73-6683-4e82-884a-8ef54391d584,1789549780.9973803,1789549780.8967998,538883.3999999911,b362ba73-6683-4e82-884a-8ef54391d584,browser_calibrated,-0.0005695819854736328,6.099939346313477,110120,110120,0,23.149967193603516,host_receive_nearest,verified,1,1,,,,,,,,,1,,,,,,,,,,,,,,,,,,,,V2,A,312.773,1789549780.8967998,1789549780.9973803,110120,,,,,,,,,,
30088f12-202d-4722-9714-099e199b5d15,rest_start,1789549780.9076304,440.48,110160,1,1,,1,G03,A,focused,rest_start,after-block-1,,0.0,0.0,,,,,,,"{""client_event_id"":""30088f12-202d-4722-9714-099e199b5d15"",""recorder_run_id"":""47fb270e-4388-428d-9363-08e33f166980"",""client_id"":""b362ba73-6683-4e82-884a-8ef54391d584"",""client_timestamp"":1789549780.9082,""client_monotonic_ms"":538894.799999997,""event_timestamp"":1789549780.9076304,""clock_offset_sec"":-0.0005695819854736328,""clock_round_trip_ms"":6.099939346313477,""subject_id"":""sub-003"",""session_id"":""ses-001"",""block_id"":""Block 1"",""counterbalance_group"":""G03"",""block_order"":""Block 1"",""condition"":""A"",""condition_type"":""focused"",""topic_key"":""V2"",""topic_name"":""百家争鸣 到底是哪百家"",""event_type"":""rest_start"",""iso_time"":""2026-09-16T09:09:40.908Z"",""relative_ms"":374191,""video_time_sec"":312.773,""after_block_id"":1,""planned_duration"":30,""actual_duration"":"""",""is_formal_experiment"":0}",47fb270e-4388-428d-9363-08e33f166980,sub-003,ses-001,30088f12-202d-4722-9714-099e199b5d15,b362ba73-6683-4e82-884a-8ef54391d584,1789549781.0133803,1789549780.9082,538894.799999997,b362ba73-6683-4e82-884a-8ef54391d584,browser_calibrated,-0.0005695819854736328,6.099939346313477,110120,110120,0,11.749744415283203,host_receive_nearest,verified,0,1,,,,,1,,30,,0,,,,,,,,,,,,,,,,,,,,V2,A,312.773,1789549780.9082,1789549781.0133803,110120,,,,,,,,,,
e11b806a-c353-488f-b087-e42d3a190a1f,rest_end,1789549811.8588803,471.476,117870,1,1,,1,G03,A,focused,rest_end,after-block-1,30.948,0.0,0.0,,,,,,,"{""client_event_id"":""e11b806a-c353-488f-b087-e42d3a190a1f"",""recorder_run_id"":""47fb270e-4388-428d-9363-08e33f166980"",""client_id"":""b362ba73-6683-4e82-884a-8ef54391d584"",""client_timestamp"":1789549811.8560998,""client_monotonic_ms"":569842.700000003,""event_timestamp"":1789549811.8588803,""clock_offset_sec"":0.002780437469482422,""clock_round_trip_ms"":3.3998489379882812,""subject_id"":""sub-003"",""session_id"":""ses-001"",""block_id"":""Block 1"",""counterbalance_group"":""G03"",""block_order"":""Block 1"",""condition"":""A"",""condition_type"":""focused"",""topic_key"":""V2"",""topic_name"":""百家争鸣 到底是哪百家"",""event_type"":""rest_end"",""iso_time"":""2026-09-16T09:10:11.856Z"",""relative_ms"":405139,""video_time_sec"":312.773,""after_block_id"":1,""planned_duration"":30,""actual_duration"":30.948,""duration_sec"":30.948,""is_formal_experiment"":0,""debug_early"":false}",47fb270e-4388-428d-9363-08e33f166980,sub-003,ses-001,e11b806a-c353-488f-b087-e42d3a190a1f,b362ba73-6683-4e82-884a-8ef54391d584,1789549811.8723803,1789549811.8560998,569842.700000003,b362ba73-6683-4e82-884a-8ef54391d584,browser_calibrated,0.002780437469482422,3.3998489379882812,117869,117869,0,-17.50016212463379,host_receive_nearest,verified,0,1,,,,,1,,30,30.948,0,,,,,,,,,,,,,,,,,,,,V2,A,312.773,1789549811.8560998,1789549811.8723803,117869,,,,,,,,,,
96fcbda1-30b5-49bc-9579-7483a605ad49,block_start,1789549814.0754805,473.696,118425,2,2,,1,G03,B,bbbd_subtraction,block_start,V3,,0.0,0.0,,,,,,,condition=B; condition_type=bbbd_subtraction,47fb270e-4388-428d-9363-08e33f166980,sub-003,ses-001,96fcbda1-30b5-49bc-9579-7483a605ad49,b362ba73-6683-4e82-884a-8ef54391d584,1789549814.0913801,1789549814.0727,572059.299999997,b362ba73-6683-4e82-884a-8ef54391d584,browser_calibrated,0.002780437469482422,3.3998489379882812,118424,118424,0,-15.100240707397461,host_receive_nearest,verified,0,1,947,1789549308.8103802,,,,,,,1,,,,,,,,,,,,,,,,,,,,V3,B,0,1789549814.0727,1789549814.0913801,118424,,,,,,,,,,
96fcbda1-30b5-49bc-9579-7483a605ad49,condition_prompt_start,1789549814.0754805,473.696,118425,2,2,,1,G03,B,bbbd_subtraction,condition_prompt_start,B,,0.0,0.0,,,,,,,,47fb270e-4388-428d-9363-08e33f166980,sub-003,ses-001,96fcbda1-30b5-49bc-9579-7483a605ad49,b362ba73-6683-4e82-884a-8ef54391d584,1789549814.0913801,1789549814.0727,572059.299999997,b362ba73-6683-4e82-884a-8ef54391d584,browser_calibrated,0.002780437469482422,3.3998489379882812,118424,118424,0,-15.100240707397461,host_receive_nearest,verified,0,1,,,,,,,,,1,,,,,,,,,,,,,,,,,,,,V3,B,0,1789549814.0727,1789549814.0913801,118424,,,,,,,,,,
96fcbda1-30b5-49bc-9579-7483a605ad49,browser_block_config,1789549814.0754805,473.696,118425,2,2,,1,G03,B,bbbd_subtraction,browser_block_config,V3,,0.0,0.0,,,,,,,"{""client_event_id"":""96fcbda1-30b5-49bc-9579-7483a605ad49"",""recorder_run_id"":""47fb270e-4388-428d-9363-08e33f166980"",""client_id"":""b362ba73-6683-4e82-884a-8ef54391d584"",""client_timestamp"":1789549814.0727,""client_monotonic_ms"":572059.299999997,""event_timestamp"":1789549814.0754805,""clock_offset_sec"":0.002780437469482422,""clock_round_trip_ms"":3.3998489379882812,""subject_id"":""sub-003"",""session_id"":""ses-001"",""block_id"":""Block 2"",""counterbalance_group"":""G03"",""block_order"":""Block 2"",""condition"":""B"",""condition_type"":""bbbd_subtraction"",""topic_key"":""V3"",""topic_name"":""道德经主要讲的是什么"",""event_type"":""block_start"",""iso_time"":""2026-09-16T09:10:14.072Z"",""relative_ms"":0,""video_time_sec"":0,""block_start_iso"":""2026-09-16T09:10:14.072Z"",""config_json"":""{\""recorder_run_id\"":\""47fb270e-4388-428d-9363-08e33f166980\"",\""subject_id\"":\""sub-003\"",\""session_id\"":\""ses-001\"",\""block_id\"":\""Block 2\"",\""counterbalance_group\"":\""G03\"",\""condition\"":\""B\"",\""condition_type\"":\""bbbd_subtraction\"",\""topic_key\"":\""V3\"",\""topic_name\"":\""道德经主要讲的是什么\"",\""video_file\"":\""视频3-混知漫画｜《道德经》主要讲的啥呢？老子（下）-480P 标清-AVC.mp4\"",\""start_number\"":947,\""generated_timestamp\"":1789549308.8103802}""}",47fb270e-4388-428d-9363-08e33f166980,sub-003,ses-001,96fcbda1-30b5-49bc-9579-7483a605ad49,b362ba73-6683-4e82-884a-8ef54391d584,1789549814.0913801,1789549814.0727,572059.299999997,b362ba73-6683-4e82-884a-8ef54391d584,browser_calibrated,0.002780437469482422,3.3998489379882812,118424,118424,0,-15.100240707397461,host_receive_nearest,verified,0,1,,,,,,,,,1,,,,,,,,,,,,,,,,,,,,V3,B,0,1789549814.0727,1789549814.0913801,118424,,,,,,,,,,
662a95bf-b3d2-4ba9-9978-138c513717c8,probe_schedule,1789549814.1433804,473.76,118445,2,2,,1,G03,B,bbbd_subtraction,probe_schedule,"63.038,161.228,232.89,295.64",,0.0,0.0,,,,,,,"{""client_event_id"":""662a95bf-b3d2-4ba9-9978-138c513717c8"",""recorder_run_id"":""47fb270e-4388-428d-9363-08e33f166980"",""client_id"":""b362ba73-6683-4e82-884a-8ef54391d584"",""client_timestamp"":1789549814.1406,""client_monotonic_ms"":572127.200000003,""event_timestamp"":1789549814.1433804,""clock_offset_sec"":0.002780437469482422,""clock_round_trip_ms"":3.3998489379882812,""subject_id"":""sub-003"",""session_id"":""ses-001"",""block_id"":""Block 2"",""counterbalance_group"":""G03"",""block_order"":""Block 2"",""condition"":""B"",""condition_type"":""bbbd_subtraction"",""topic_key"":""V3"",""topic_name"":""道德经主要讲的是什么"",""event_type"":""probe_schedule"",""iso_time"":""2026-09-16T09:10:14.140Z"",""relative_ms"":68,""video_time_sec"":0,""probe_schedule_id"":""47d3ceea-62ac-4da9-a1f6-93ceabf17379"",""probe_times"":[63.038,161.228,232.89,295.64],""probe_config"":{""probes_per_block"":4,""min_first_onset_sec"":45,""min_end_margin_sec"":30,""min_gap_sec"":45},""video_duration_sec"":326.241,""video_id"":""V3"",""debug_fast"":false}",47fb270e-4388-428d-9363-08e33f166980,sub-003,ses-001,662a95bf-b3d2-4ba9-9978-138c513717c8,b362ba73-6683-4e82-884a-8ef54391d584,1789549814.1543803,1789549814.1406,572127.200000003,b362ba73-6683-4e82-884a-8ef54391d584,browser_calibrated,0.002780437469482422,3.3998489379882812,118440,118440,0,10.999917984008789,host_receive_nearest,verified,1,1,,,,,,,,,1,,,,,,,,,,,,,,,,,,,,V3,B,0,1789549814.1406,1789549814.1543803,118440,,4,47d3ceea-62ac-4da9-a1f6-93ceabf17379,,,,,,,
c809388d-28c2-4a80-9151-5577ca04b804,subtraction_start_number_displayed,1789549814.1484804,473.76,118455,2,2,,1,G03,B,bbbd_subtraction,subtraction_start_number_displayed,947,,0.0,0.0,,,,,,,"{""client_event_id"":""c809388d-28c2-4a80-9151-5577ca04b804"",""recorder_run_id"":""47fb270e-4388-428d-9363-08e33f166980"",""client_id"":""b362ba73-6683-4e82-884a-8ef54391d584"",""client_timestamp"":1789549814.1457,""client_monotonic_ms"":572132.299999997,""event_timestamp"":1789549814.1484804,""clock_offset_sec"":0.002780437469482422,""clock_round_trip_ms"":3.3998489379882812,""subject_id"":""sub-003"",""session_id"":""ses-001"",""block_id"":""Block 2"",""counterbalance_group"":""G03"",""block_order"":""Block 2"",""condition"":""B"",""condition_type"":""bbbd_subtraction"",""topic_key"":""V3"",""topic_name"":""道德经主要讲的是什么"",""event_type"":""subtraction_start_number_displayed"",""iso_time"":""2026-09-16T09:10:14.145Z"",""relative_ms"":73,""video_time_sec"":0,""start_number"":947,""generated_timestamp"":1789549308.8103802,""displayed_timestamp"":1789549814.1457}",47fb270e-4388-428d-9363-08e33f166980,sub-003,ses-001,c809388d-28c2-4a80-9151-5577ca04b804,b362ba73-6683-4e82-884a-8ef54391d584,1789549814.1853802,1789549814.1457,572132.299999997,b362ba73-6683-4e82-884a-8ef54391d584,browser_calibrated,0.002780437469482422,3.3998489379882812,118440,118440,0,5.899906158447266,host_receive_nearest,verified,1,0,947,1789549308.8103802,1789549814.1457,,,,,,1,,,,,,,,,,,,,,,,,,,,V3,B,0,1789549814.1457,1789549814.1853802,118440,,,,,,,,,,
9bdcf04a-3e74-4da6-bf40-2d97762b3587,condition_prompt_end,1789549819.173,478.796,119700,2,2,,1,G03,B,bbbd_subtraction,condition_prompt_end,0,,0.0,0.0,,,,,,,"{""client_event_id"":""9bdcf04a-3e74-4da6-bf40-2d97762b3587"",""recorder_run_id"":""47fb270e-4388-428d-9363-08e33f166980"",""client_id"":""b362ba73-6683-4e82-884a-8ef54391d584"",""client_timestamp"":1789549819.1730998,""client_monotonic_ms"":577159.700000003,""event_timestamp"":1789549819.173,""clock_offset_sec"":0.002780437469482422,""clock_round_trip_ms"":3.3998489379882812,""subject_id"":""sub-003"",""session_id"":""ses-001"",""block_id"":""Block 2"",""counterbalance_group"":""G03"",""block_order"":""Block 2"",""condition"":""B"",""condition_type"":""bbbd_subtraction"",""topic_key"":""V3"",""topic_name"":""道德经主要讲的是什么"",""event_type"":""condition_prompt_end"",""iso_time"":""2026-09-16T09:10:19.173Z"",""relative_ms"":5101,""video_time_sec"":0}",47fb270e-4388-428d-9363-08e33f166980,sub-003,ses-001,9bdcf04a-3e74-4da6-bf40-2d97762b3587,b362ba73-6683-4e82-884a-8ef54391d584,1789549819.2003803,1789549819.1730998,577159.700000003,b362ba73-6683-4e82-884a-8ef54391d584,browser_calibrated,0.002780437469482422,3.3998489379882812,119699,119699,0,-3.6199092864990234,host_receive_nearest,verified,1,0,,,,,,,,,1,,,,,,,,,,,,,,,,,,,,V3,B,0,1789549819.1730998,1789549819.2003803,119699,,,,,,,,,,
a24c10d5-0668-4ed5-bb9d-92426f5b083a,video_start,1789549819.173,478.796,119705,2,2,,1,G03,B,bbbd_subtraction,video_start,V3,,0.0,0.0,,,,,,,,47fb270e-4388-428d-9363-08e33f166980,sub-003,ses-001,a24c10d5-0668-4ed5-bb9d-92426f5b083a,b362ba73-6683-4e82-884a-8ef54391d584,1789549819.2163801,1789549819.1795,577166.099999994,b362ba73-6683-4e82-884a-8ef54391d584,browser_calibrated,0.002780437469482422,3.3998489379882812,119699,119699,0,-3.6199092864990234,host_receive_nearest,verified,1,1,,,,,,,,,1,,,,,,,,,,,,,,,,,,,,V3,B,0,1789549819.1795,1789549819.2163801,119699,,,,,,,,,,
a24c10d5-0668-4ed5-bb9d-92426f5b083a,video_play,1789549819.173,478.796,119705,2,2,,1,G03,B,bbbd_subtraction,video_play,0,,0.0,0.0,,,,,,,"{""client_event_id"":""a24c10d5-0668-4ed5-bb9d-92426f5b083a"",""recorder_run_id"":""47fb270e-4388-428d-9363-08e33f166980"",""client_id"":""b362ba73-6683-4e82-884a-8ef54391d584"",""client_timestamp"":1789549819.1795,""client_monotonic_ms"":577166.099999994,""event_timestamp"":1789549819.173,""clock_offset_sec"":0.002780437469482422,""clock_round_trip_ms"":3.3998489379882812,""subject_id"":""sub-003"",""session_id"":""ses-001"",""block_id"":""Block 2"",""counterbalance_group"":""G03"",""block_order"":""Block 2"",""condition"":""B"",""condition_type"":""bbbd_subtraction"",""topic_key"":""V3"",""topic_name"":""道德经主要讲的是什么"",""event_type"":""video_play"",""iso_time"":""2026-09-16T09:10:19.179Z"",""relative_ms"":5107,""video_time_sec"":0}",47fb270e-4388-428d-9363-08e33f166980,sub-003,ses-001,a24c10d5-0668-4ed5-bb9d-92426f5b083a,b362ba73-6683-4e82-884a-8ef54391d584,1789549819.2163801,1789549819.1795,577166.099999994,b362ba73-6683-4e82-884a-8ef54391d584,browser_calibrated,0.002780437469482422,3.3998489379882812,119699,119699,0,-3.6199092864990234,host_receive_nearest,verified,1,1,,,,,,,,,1,,,,,,,,,,,,,,,,,,,,V3,B,0,1789549819.1795,1789549819.2163801,119699,,,,,,,,,,
6c65e465-5cb6-4c8c-b0d0-068088044aa3,subtraction_start_number_hidden,1789549819.173,478.796,119715,2,2,,1,G03,B,bbbd_subtraction,subtraction_start_number_hidden,947,,0.0,0.0,,,,,,,"{""client_event_id"":""6c65e465-5cb6-4c8c-b0d0-068088044aa3"",""recorder_run_id"":""47fb270e-4388-428d-9363-08e33f166980"",""client_id"":""b362ba73-6683-4e82-884a-8ef54391d584"",""client_timestamp"":1789549819.1842997,""client_monotonic_ms"":577170.8999999911,""event_timestamp"":1789549819.173,""clock_offset_sec"":0.002780437469482422,""clock_round_trip_ms"":3.3998489379882812,""subject_id"":""sub-003"",""session_id"":""ses-001"",""block_id"":""Block 2"",""counterbalance_group"":""G03"",""block_order"":""Block 2"",""condition"":""B"",""condition_type"":""bbbd_subtraction"",""topic_key"":""V3"",""topic_name"":""道德经主要讲的是什么"",""event_type"":""subtraction_start_number_hidden"",""iso_time"":""2026-09-16T09:10:19.184Z"",""relative_ms"":5112,""video_time_sec"":0,""start_number"":947,""generated_timestamp"":1789549308.8103802,""displayed_timestamp"":1789549814.1457,""hidden_timestamp"":1789549819.173}",47fb270e-4388-428d-9363-08e33f166980,sub-003,ses-001,6c65e465-5cb6-4c8c-b0d0-068088044aa3,b362ba73-6683-4e82-884a-8ef54391d584,1789549819.2323802,1789549819.1842997,577170.8999999911,b362ba73-6683-4e82-884a-8ef54391d584,browser_calibrated,0.002780437469482422,3.3998489379882812,119699,119699,0,-3.6199092864990234,host_receive_nearest,verified,1,0,947,1789549308.8103802,1789549814.1457,1789549819.173,,,,,1,,,,,,,,,,,,,,,,,,,,V3,B,0,1789549819.1842997,1789549819.2323802,119699,,,,,,,,,,
2c47cfad-c58f-45de-b7ce-566538a44584,probe_onset,1789549882.4433804,542.052,135514,2,2,,1,G03,B,bbbd_subtraction,probe_onset,Block 2_1_47d3ceea,,0.0,0.0,,,,,,,"{""client_event_id"":""2c47cfad-c58f-45de-b7ce-566538a44584"",""recorder_run_id"":""47fb270e-4388-428d-9363-08e33f166980"",""client_id"":""b362ba73-6683-4e82-884a-8ef54391d584"",""client_timestamp"":1789549882.4422,""client_monotonic_ms"":640428.799999997,""event_timestamp"":1789549882.4433804,""clock_offset_sec"":0.001180410385131836,""clock_round_trip_ms"":6.000041961669922,""subject_id"":""sub-003"",""session_id"":""ses-001"",""block_id"":""Block 2"",""counterbalance_group"":""G03"",""block_order"":""Block 2"",""condition"":""B"",""condition_type"":""bbbd_subtraction"",""topic_key"":""V3"",""topic_name"":""道德经主要讲的是什么"",""event_type"":""probe_onset"",""iso_time"":""2026-09-16T09:11:22.442Z"",""relative_ms"":68370,""video_time_sec"":63.206,""probe_id"":""Block 2_1_47d3ceea"",""probe_index"":1,""probe_schedule_id"":""47d3ceea-62ac-4da9-a1f6-93ceabf17379"",""probe_planned_time_sec"":63.038,""video_id"":""V3"",""pause_reason"":""thought_probe"",""forced"":false}",47fb270e-4388-428d-9363-08e33f166980,sub-003,ses-001,2c47cfad-c58f-45de-b7ce-566538a44584,b362ba73-6683-4e82-884a-8ef54391d584,1789549882.4503803,1789549882.4422,640428.799999997,b362ba73-6683-4e82-884a-8ef54391d584,browser_calibrated,0.001180410385131836,6.000041961669922,135513,135513,0,-8.00013542175293,host_receive_nearest,verified,1,1,,,,,,,,,1,,,,,,,,,,,,,,,,,,,,V3,B,63.206,1789549882.4422,1789549882.4503803,135513,Block 2_1_47d3ceea,1,47d3ceea-62ac-4da9-a1f6-93ceabf17379,63.038,,,,,,thought_probe
182380ee-c614-4429-873d-42f47cd46927,attention_response,1789549884.3791802,543.972,135994,2,2,,1,G03,B,bbbd_subtraction,attention_response,2,,0.0,0.0,,,,,,,"{""client_event_id"":""182380ee-c614-4429-873d-42f47cd46927"",""recorder_run_id"":""47fb270e-4388-428d-9363-08e33f166980"",""client_id"":""b362ba73-6683-4e82-884a-8ef54391d584"",""client_timestamp"":1789549884.3758998,""client_monotonic_ms"":642362.5,""event_timestamp"":1789549884.3791802,""clock_offset_sec"":0.0032804012298583984,""clock_round_trip_ms"":5.99980354309082,""subject_id"":""sub-003"",""session_id"":""ses-001"",""block_id"":""Block 2"",""counterbalance_group"":""G03"",""block_order"":""Block 2"",""condition"":""B"",""condition_type"":""bbbd_subtraction"",""topic_key"":""V3"",""topic_name"":""道德经主要讲的是什么"",""event_type"":""attention_response"",""iso_time"":""2026-09-16T09:11:24.375Z"",""relative_ms"":70303,""video_time_sec"":63.206,""probe_id"":""Block 2_1_47d3ceea"",""probe_index"":1,""probe_schedule_id"":""47d3ceea-62ac-4da9-a1f6-93ceabf17379"",""probe_planned_time_sec"":63.038,""video_id"":""V3"",""response"":2,""response_label"":""连续减7心算任务"",""probe_attention"":""OFF"",""response_time_ms"":1934}",47fb270e-4388-428d-9363-08e33f166980,sub-003,ses-001,182380ee-c614-4429-873d-42f47cd46927,b362ba73-6683-4e82-884a-8ef54391d584,1789549884.3883803,1789549884.3758998,642362.5,b362ba73-6683-4e82-884a-8ef54391d584,browser_calibrated,0.0032804012298583984,5.99980354309082,135993,135993,0,-21.80004119873047,host_receive_nearest,verified,1,1,,,,,,,,,1,,,,,,,,,,,,,,,,,,,,V3,B,63.206,1789549884.3758998,1789549884.3883803,135993,Block 2_1_47d3ceea,1,47d3ceea-62ac-4da9-a1f6-93ceabf17379,63.038,2,连续减7心算任务,1934,,OFF,
e2dabd1f-2c55-4201-8eea-5ab9c00a9e52,confidence_response,1789549885.7268803,545.292,136324,2,2,,1,G03,B,bbbd_subtraction,confidence_response,4,,0.0,0.0,,,,,,,"{""client_event_id"":""e2dabd1f-2c55-4201-8eea-5ab9c00a9e52"",""recorder_run_id"":""47fb270e-4388-428d-9363-08e33f166980"",""client_id"":""b362ba73-6683-4e82-884a-8ef54391d584"",""client_timestamp"":1789549885.7236,""client_monotonic_ms"":643710.200000003,""event_timestamp"":1789549885.7268803,""clock_offset_sec"":0.0032804012298583984,""clock_round_trip_ms"":5.99980354309082,""subject_id"":""sub-003"",""session_id"":""ses-001"",""block_id"":""Block 2"",""counterbalance_group"":""G03"",""block_order"":""Block 2"",""condition"":""B"",""condition_type"":""bbbd_subtraction"",""topic_key"":""V3"",""topic_name"":""道德经主要讲的是什么"",""event_type"":""confidence_response"",""iso_time"":""2026-09-16T09:11:25.723Z"",""relative_ms"":71651,""video_time_sec"":63.206,""probe_id"":""Block 2_1_47d3ceea"",""probe_index"":1,""probe_schedule_id"":""47d3ceea-62ac-4da9-a1f6-93ceabf17379"",""probe_planned_time_sec"":63.038,""video_id"":""V3"",""response"":2,""confidence"":4,""response_time_ms"":1348}",47fb270e-4388-428d-9363-08e33f166980,sub-003,ses-001,e2dabd1f-2c55-4201-8eea-5ab9c00a9e52,b362ba73-6683-4e82-884a-8ef54391d584,1789549885.7323802,1789549885.7236,643710.200000003,b362ba73-6683-4e82-884a-8ef54391d584,browser_calibrated,0.0032804012298583984,5.99980354309082,136323,136323,0,-41.500091552734375,host_receive_nearest,verified,1,1,,,,,,,,,1,,,,,,,,,,,,,,,,,,,,V3,B,63.206,1789549885.7236,1789549885.7473803,136323,Block 2_1_47d3ceea,1,47d3ceea-62ac-4da9-a1f6-93ceabf17379,63.038,,,1348,4,,
8795963d-eafa-4d80-9dc0-70018f7c98e1,phase_change,1789549885.7378802,545.296,136339,2,2,,1,G03,B,bbbd_subtraction,phase_change,video,,0.0,0.0,,,,,,,,47fb270e-4388-428d-9363-08e33f166980,sub-003,ses-001,8795963d-eafa-4d80-9dc0-70018f7c98e1,b362ba73-6683-4e82-884a-8ef54391d584,1789549885.7633803,1789549885.7345998,643721.200000003,b362ba73-6683-4e82-884a-8ef54391d584,browser_calibrated,0.0032804012298583984,5.99980354309082,136324,136324,0,9.50002670288086,host_receive_nearest,verified,1,1,,,,,,,,,1,,,,,,,,,,,,,,,,,,,,V3,B,63.286,1789549885.7345998,1789549885.7633803,136324,,,,,,,,,,
8795963d-eafa-4d80-9dc0-70018f7c98e1,video_resume,1789549885.7378802,545.296,136339,2,2,,1,G03,B,bbbd_subtraction,video_resume,63.286,,0.0,0.0,,,,,,,"{""client_event_id"":""8795963d-eafa-4d80-9dc0-70018f7c98e1"",""recorder_run_id"":""47fb270e-4388-428d-9363-08e33f166980"",""client_id"":""b362ba73-6683-4e82-884a-8ef54391d584"",""client_timestamp"":1789549885.7345998,""client_monotonic_ms"":643721.200000003,""event_timestamp"":1789549885.7378802,""clock_offset_sec"":0.0032804012298583984,""clock_round_trip_ms"":5.99980354309082,""subject_id"":""sub-003"",""session_id"":""ses-001"",""block_id"":""Block 2"",""counterbalance_group"":""G03"",""block_order"":""Block 2"",""condition"":""B"",""condition_type"":""bbbd_subtraction"",""topic_key"":""V3"",""topic_name"":""道德经主要讲的是什么"",""event_type"":""video_resume"",""iso_time"":""2026-09-16T09:11:25.734Z"",""relative_ms"":71662,""video_time_sec"":63.286,""probe_id"":""Block 2_1_47d3ceea"",""probe_index"":1,""probe_schedule_id"":""47d3ceea-62ac-4da9-a1f6-93ceabf17379"",""probe_planned_time_sec"":63.038,""video_id"":""V3"",""pause_reason"":""thought_probe"",""resume_status"":""playing""}",47fb270e-4388-428d-9363-08e33f166980,sub-003,ses-001,8795963d-eafa-4d80-9dc0-70018f7c98e1,b362ba73-6683-4e82-884a-8ef54391d584,1789549885.7633803,1789549885.7345998,643721.200000003,b362ba73-6683-4e82-884a-8ef54391d584,browser_calibrated,0.0032804012298583984,5.99980354309082,136324,136324,0,9.50002670288086,host_receive_nearest,verified,1,1,,,,,,,,,1,,,,,,,,,,,,,,,,,,,,V3,B,63.286,1789549885.7345998,1789549885.7633803,136324,Block 2_1_47d3ceea,,,,,,,,,thought_probe
9305377f-d90d-4801-9fe4-4d3e26d6d411,probe_onset,1789549983.9532802,643.552,160889,2,2,,1,G03,B,bbbd_subtraction,probe_onset,Block 2_2_47d3ceea,,0.0,0.0,,,,,,,"{""client_event_id"":""9305377f-d90d-4801-9fe4-4d3e26d6d411"",""recorder_run_id"":""47fb270e-4388-428d-9363-08e33f166980"",""client_id"":""b362ba73-6683-4e82-884a-8ef54391d584"",""client_timestamp"":1789549983.9415998,""client_monotonic_ms"":741928.200000003,""event_timestamp"":1789549983.9532802,""clock_offset_sec"":0.011680364608764648,""clock_round_trip_ms"":6.399869918823242,""subject_id"":""sub-003"",""session_id"":""ses-001"",""block_id"":""Block 2"",""counterbalance_group"":""G03"",""block_order"":""Block 2"",""condition"":""B"",""condition_type"":""bbbd_subtraction"",""topic_key"":""V3"",""topic_name"":""道德经主要讲的是什么"",""event_type"":""probe_onset"",""iso_time"":""2026-09-16T09:13:03.941Z"",""relative_ms"":169869,""video_time_sec"":161.434,""probe_id"":""Block 2_2_47d3ceea"",""probe_index"":2,""probe_schedule_id"":""47d3ceea-62ac-4da9-a1f6-93ceabf17379"",""probe_planned_time_sec"":161.228,""video_id"":""V3"",""pause_reason"":""thought_probe"",""forced"":false}",47fb270e-4388-428d-9363-08e33f166980,sub-003,ses-001,9305377f-d90d-4801-9fe4-4d3e26d6d411,b362ba73-6683-4e82-884a-8ef54391d584,1789549983.9503803,1789549983.9415998,741928.200000003,b362ba73-6683-4e82-884a-8ef54391d584,browser_calibrated,0.011680364608764648,6.399869918823242,160888,160888,0,-17.89999008178711,host_receive_nearest,verified,1,1,,,,,,,,,1,,,,,,,,,,,,,,,,,,,,V3,B,161.434,1789549983.9415998,1789549983.9503803,160888,Block 2_2_47d3ceea,2,47d3ceea-62ac-4da9-a1f6-93ceabf17379,161.228,,,,,,thought_probe
4a820aea-3bec-43de-b1de-ee4a7b6a5e9e,attention_response,1789549985.6073804,645.192,161299,2,2,,1,G03,B,bbbd_subtraction,attention_response,2,,0.0,0.0,,,,,,,"{""client_event_id"":""4a820aea-3bec-43de-b1de-ee4a7b6a5e9e"",""recorder_run_id"":""47fb270e-4388-428d-9363-08e33f166980"",""client_id"":""b362ba73-6683-4e82-884a-8ef54391d584"",""client_timestamp"":1789549985.5957,""client_monotonic_ms"":743582.299999997,""event_timestamp"":1789549985.6073804,""clock_offset_sec"":0.011680364608764648,""clock_round_trip_ms"":6.399869918823242,""subject_id"":""sub-003"",""session_id"":""ses-001"",""block_id"":""Block 2"",""counterbalance_group"":""G03"",""block_order"":""Block 2"",""condition"":""B"",""condition_type"":""bbbd_subtraction"",""topic_key"":""V3"",""topic_name"":""道德经主要讲的是什么"",""event_type"":""attention_response"",""iso_time"":""2026-09-16T09:13:05.595Z"",""relative_ms"":171523,""video_time_sec"":161.434,""probe_id"":""Block 2_2_47d3ceea"",""probe_index"":2,""probe_schedule_id"":""47d3ceea-62ac-4da9-a1f6-93ceabf17379"",""probe_planned_time_sec"":161.228,""video_id"":""V3"",""response"":2,""response_label"":""连续减7心算任务"",""probe_attention"":""OFF"",""response_time_ms"":1654}",47fb270e-4388-428d-9363-08e33f166980,sub-003,ses-001,4a820aea-3bec-43de-b1de-ee4a7b6a5e9e,b362ba73-6683-4e82-884a-8ef54391d584,1789549985.6073802,1789549985.5957,743582.299999997,b362ba73-6683-4e82-884a-8ef54391d584,browser_calibrated,0.011680364608764648,6.399869918823242,161298,161298,0,-32.000064849853516,host_receive_nearest,verified,1,1,,,,,,,,,1,,,,,,,,,,,,,,,,,,,,V3,B,161.434,1789549985.5957,1789549985.6223803,161298,Block 2_2_47d3ceea,2,47d3ceea-62ac-4da9-a1f6-93ceabf17379,161.228,2,连续减7心算任务,1654,,OFF,
1ad3bf44-e12f-4daf-b69d-25aa17ed4ac9,confidence_response,1789549986.9315803,646.516,161634,2,2,,1,G03,B,bbbd_subtraction,confidence_response,3,,0.0,0.0,,,,,,,"{""client_event_id"":""1ad3bf44-e12f-4daf-b69d-25aa17ed4ac9"",""recorder_run_id"":""47fb270e-4388-428d-9363-08e33f166980"",""client_id"":""b362ba73-6683-4e82-884a-8ef54391d584"",""client_timestamp"":1789549986.9199,""client_monotonic_ms"":744906.5,""event_timestamp"":1789549986.9315803,""clock_offset_sec"":0.011680364608764648,""clock_round_trip_ms"":6.399869918823242,""subject_id"":""sub-003"",""session_id"":""ses-001"",""block_id"":""Block 2"",""counterbalance_group"":""G03"",""block_order"":""Block 2"",""condition"":""B"",""condition_type"":""bbbd_subtraction"",""topic_key"":""V3"",""topic_name"":""道德经主要讲的是什么"",""event_type"":""confidence_response"",""iso_time"":""2026-09-16T09:13:06.919Z"",""relative_ms"":172847,""video_time_sec"":161.434,""probe_id"":""Block 2_2_47d3ceea"",""probe_index"":2,""probe_schedule_id"":""47d3ceea-62ac-4da9-a1f6-93ceabf17379"",""probe_planned_time_sec"":161.228,""video_id"":""V3"",""response"":2,""confidence"":3,""response_time_ms"":1324}",47fb270e-4388-428d-9363-08e33f166980,sub-003,ses-001,1ad3bf44-e12f-4daf-b69d-25aa17ed4ac9,b362ba73-6683-4e82-884a-8ef54391d584,1789549986.9353802,1789549986.9199,744906.5,b362ba73-6683-4e82-884a-8ef54391d584,browser_calibrated,0.011680364608764648,6.399869918823242,161629,161629,0,3.799915313720703,host_receive_nearest,verified,1,1,,,,,,,,,1,,,,,,,,,,,,,,,,,,,,V3,B,161.434,1789549986.9199,1789549986.9503803,161629,Block 2_2_47d3ceea,2,47d3ceea-62ac-4da9-a1f6-93ceabf17379,161.228,,,1324,3,,
0d132d6a-54a6-409d-89b0-e137de118fac,phase_change,1789549986.9418802,646.532,161644,2,2,,1,G03,B,bbbd_subtraction,phase_change,video,,0.0,0.0,,,,,,,,47fb270e-4388-428d-9363-08e33f166980,sub-003,ses-001,0d132d6a-54a6-409d-89b0-e137de118fac,b362ba73-6683-4e82-884a-8ef54391d584,1789549986.9663801,1789549986.9301999,744916.799999997,b362ba73-6683-4e82-884a-8ef54391d584,browser_calibrated,0.011680364608764648,6.399869918823242,161633,161633,0,-6.500005722045898,host_receive_nearest,verified,1,1,,,,,,,,,1,,,,,,,,,,,,,,,,,,,,V3,B,161.495,1789549986.9301999,1789549986.9663801,161633,,,,,,,,,,
0d132d6a-54a6-409d-89b0-e137de118fac,video_resume,1789549986.9418802,646.532,161644,2,2,,1,G03,B,bbbd_subtraction,video_resume,161.495,,0.0,0.0,,,,,,,"{""client_event_id"":""0d132d6a-54a6-409d-89b0-e137de118fac"",""recorder_run_id"":""47fb270e-4388-428d-9363-08e33f166980"",""client_id"":""b362ba73-6683-4e82-884a-8ef54391d584"",""client_timestamp"":1789549986.9301999,""client_monotonic_ms"":744916.799999997,""event_timestamp"":1789549986.9418802,""clock_offset_sec"":0.011680364608764648,""clock_round_trip_ms"":6.399869918823242,""subject_id"":""sub-003"",""session_id"":""ses-001"",""block_id"":""Block 2"",""counterbalance_group"":""G03"",""block_order"":""Block 2"",""condition"":""B"",""condition_type"":""bbbd_subtraction"",""topic_key"":""V3"",""topic_name"":""道德经主要讲的是什么"",""event_type"":""video_resume"",""iso_time"":""2026-09-16T09:13:06.930Z"",""relative_ms"":172858,""video_time_sec"":161.495,""probe_id"":""Block 2_2_47d3ceea"",""probe_index"":2,""probe_schedule_id"":""47d3ceea-62ac-4da9-a1f6-93ceabf17379"",""probe_planned_time_sec"":161.228,""video_id"":""V3"",""pause_reason"":""thought_probe"",""resume_status"":""playing""}",47fb270e-4388-428d-9363-08e33f166980,sub-003,ses-001,0d132d6a-54a6-409d-89b0-e137de118fac,b362ba73-6683-4e82-884a-8ef54391d584,1789549986.9663801,1789549986.9301999,744916.799999997,b362ba73-6683-4e82-884a-8ef54391d584,browser_calibrated,0.011680364608764648,6.399869918823242,161633,161633,0,-6.500005722045898,host_receive_nearest,verified,1,1,,,,,,,,,1,,,,,,,,,,,,,,,,,,,,V3,B,161.495,1789549986.9301999,1789549986.9663801,161633,Block 2_2_47d3ceea,,,,,,,,,thought_probe
df0f5f77-71b3-4588-9f2e-6aed916d09e5,probe_onset,1789550058.4876802,718.088,179523,2,2,,1,G03,B,bbbd_subtraction,probe_onset,Block 2_3_47d3ceea,,0.0,0.0,,,,,,,"{""client_event_id"":""df0f5f77-71b3-4588-9f2e-6aed916d09e5"",""recorder_run_id"":""47fb270e-4388-428d-9363-08e33f166980"",""client_id"":""b362ba73-6683-4e82-884a-8ef54391d584"",""client_timestamp"":1789550058.4907,""client_monotonic_ms"":816477.3999999911,""event_timestamp"":1789550058.4876802,""clock_offset_sec"":-0.0030198097229003906,""clock_round_trip_ms"":6.200075149536133,""subject_id"":""sub-003"",""session_id"":""ses-001"",""block_id"":""Block 2"",""counterbalance_group"":""G03"",""block_order"":""Block 2"",""condition"":""B"",""condition_type"":""bbbd_subtraction"",""topic_key"":""V3"",""topic_name"":""道德经主要讲的是什么"",""event_type"":""probe_onset"",""iso_time"":""2026-09-16T09:14:18.490Z"",""relative_ms"":244418,""video_time_sec"":232.998,""probe_id"":""Block 2_3_47d3ceea"",""probe_index"":3,""probe_schedule_id"":""47d3ceea-62ac-4da9-a1f6-93ceabf17379"",""probe_planned_time_sec"":232.89,""video_id"":""V3"",""pause_reason"":""thought_probe"",""forced"":false}",47fb270e-4388-428d-9363-08e33f166980,sub-003,ses-001,df0f5f77-71b3-4588-9f2e-6aed916d09e5,b362ba73-6683-4e82-884a-8ef54391d584,1789550058.4973803,1789550058.4907,816477.3999999911,b362ba73-6683-4e82-884a-8ef54391d584,browser_calibrated,-0.0030198097229003906,6.200075149536133,179522,179522,0,-5.300045013427734,host_receive_nearest,verified,1,1,,,,,,,,,1,,,,,,,,,,,,,,,,,,,,V3,B,232.998,1789550058.4907,1789550058.4973803,179522,Block 2_3_47d3ceea,3,47d3ceea-62ac-4da9-a1f6-93ceabf17379,232.89,,,,,,thought_probe
94c8bf82-2536-47d1-b51f-7dfb88c1c4b2,attention_response,1789550061.20188,720.792,180208,2,2,,1,G03,B,bbbd_subtraction,attention_response,2,,0.0,0.0,,,,,,,"{""client_event_id"":""94c8bf82-2536-47d1-b51f-7dfb88c1c4b2"",""recorder_run_id"":""47fb270e-4388-428d-9363-08e33f166980"",""client_id"":""b362ba73-6683-4e82-884a-8ef54391d584"",""client_timestamp"":1789550061.2048998,""client_monotonic_ms"":819191.599999994,""event_timestamp"":1789550061.20188,""clock_offset_sec"":-0.0030198097229003906,""clock_round_trip_ms"":6.200075149536133,""subject_id"":""sub-003"",""session_id"":""ses-001"",""block_id"":""Block 2"",""counterbalance_group"":""G03"",""block_order"":""Block 2"",""condition"":""B"",""condition_type"":""bbbd_subtraction"",""topic_key"":""V3"",""topic_name"":""道德经主要讲的是什么"",""event_type"":""attention_response"",""iso_time"":""2026-09-16T09:14:21.204Z"",""relative_ms"":247132,""video_time_sec"":232.998,""probe_id"":""Block 2_3_47d3ceea"",""probe_index"":3,""probe_schedule_id"":""47d3ceea-62ac-4da9-a1f6-93ceabf17379"",""probe_planned_time_sec"":232.89,""video_id"":""V3"",""response"":2,""response_label"":""连续减7心算任务"",""probe_attention"":""OFF"",""response_time_ms"":2714}",47fb270e-4388-428d-9363-08e33f166980,sub-003,ses-001,94c8bf82-2536-47d1-b51f-7dfb88c1c4b2,b362ba73-6683-4e82-884a-8ef54391d584,1789550061.2163801,1789550061.2048998,819191.599999994,b362ba73-6683-4e82-884a-8ef54391d584,browser_calibrated,-0.0030198097229003906,6.200075149536133,180198,180198,0,14.500141143798828,host_receive_nearest,verified,1,1,,,,,,,,,1,,,,,,,,,,,,,,,,,,,,V3,B,232.998,1789550061.2048998,1789550061.2323802,180198,Block 2_3_47d3ceea,3,47d3ceea-62ac-4da9-a1f6-93ceabf17379,232.89,2,连续减7心算任务,2714,,OFF,
7fb22a7f-7469-48f8-b2cc-75353e4517f4,confidence_response,1789550062.74058,722.332,180588,2,2,,1,G03,B,bbbd_subtraction,confidence_response,3,,0.0,0.0,,,,,,,"{""client_event_id"":""7fb22a7f-7469-48f8-b2cc-75353e4517f4"",""recorder_run_id"":""47fb270e-4388-428d-9363-08e33f166980"",""client_id"":""b362ba73-6683-4e82-884a-8ef54391d584"",""client_timestamp"":1789550062.7436,""client_monotonic_ms"":820730.200000003,""event_timestamp"":1789550062.74058,""clock_offset_sec"":-0.0030198097229003906,""clock_round_trip_ms"":6.200075149536133,""subject_id"":""sub-003"",""session_id"":""ses-001"",""block_id"":""Block 2"",""counterbalance_group"":""G03"",""block_order"":""Block 2"",""condition"":""B"",""condition_type"":""bbbd_subtraction"",""topic_key"":""V3"",""topic_name"":""道德经主要讲的是什么"",""event_type"":""confidence_response"",""iso_time"":""2026-09-16T09:14:22.743Z"",""relative_ms"":248671,""video_time_sec"":232.998,""probe_id"":""Block 2_3_47d3ceea"",""probe_index"":3,""probe_schedule_id"":""47d3ceea-62ac-4da9-a1f6-93ceabf17379"",""probe_planned_time_sec"":232.89,""video_id"":""V3"",""response"":2,""confidence"":3,""response_time_ms"":1539}",47fb270e-4388-428d-9363-08e33f166980,sub-003,ses-001,7fb22a7f-7469-48f8-b2cc-75353e4517f4,b362ba73-6683-4e82-884a-8ef54391d584,1789550062.7633803,1789550062.7436,820730.200000003,b362ba73-6683-4e82-884a-8ef54391d584,browser_calibrated,-0.0030198097229003906,6.200075149536133,180583,180583,0,6.800174713134766,host_receive_nearest,verified,1,1,,,,,,,,,1,,,,,,,,,,,,,,,,,,,,V3,B,232.998,1789550062.7436,1789550062.7633803,180583,Block 2_3_47d3ceea,3,47d3ceea-62ac-4da9-a1f6-93ceabf17379,232.89,,,1539,3,,
004ff0da-bfdd-4f3e-bfce-3ecd903ca2ac,phase_change,1789550062.74858,722.348,180598,2,2,,1,G03,B,bbbd_subtraction,phase_change,video,,0.0,0.0,,,,,,,,47fb270e-4388-428d-9363-08e33f166980,sub-003,ses-001,004ff0da-bfdd-4f3e-bfce-3ecd903ca2ac,b362ba73-6683-4e82-884a-8ef54391d584,1789550062.7793803,1789550062.7515998,820738.299999997,b362ba73-6683-4e82-884a-8ef54391d584,browser_calibrated,-0.0030198097229003906,6.200075149536133,180587,180587,0,-1.1997222900390625,host_receive_nearest,verified,1,1,,,,,,,,,1,,,,,,,,,,,,,,,,,,,,V3,B,233.059,1789550062.7515998,1789550062.7793803,180587,,,,,,,,,,
004ff0da-bfdd-4f3e-bfce-3ecd903ca2ac,video_resume,1789550062.74858,722.348,180598,2,2,,1,G03,B,bbbd_subtraction,video_resume,233.059,,0.0,0.0,,,,,,,"{""client_event_id"":""004ff0da-bfdd-4f3e-bfce-3ecd903ca2ac"",""recorder_run_id"":""47fb270e-4388-428d-9363-08e33f166980"",""client_id"":""b362ba73-6683-4e82-884a-8ef54391d584"",""client_timestamp"":1789550062.7515998,""client_monotonic_ms"":820738.299999997,""event_timestamp"":1789550062.74858,""clock_offset_sec"":-0.0030198097229003906,""clock_round_trip_ms"":6.200075149536133,""subject_id"":""sub-003"",""session_id"":""ses-001"",""block_id"":""Block 2"",""counterbalance_group"":""G03"",""block_order"":""Block 2"",""condition"":""B"",""condition_type"":""bbbd_subtraction"",""topic_key"":""V3"",""topic_name"":""道德经主要讲的是什么"",""event_type"":""video_resume"",""iso_time"":""2026-09-16T09:14:22.751Z"",""relative_ms"":248679,""video_time_sec"":233.059,""probe_id"":""Block 2_3_47d3ceea"",""probe_index"":3,""probe_schedule_id"":""47d3ceea-62ac-4da9-a1f6-93ceabf17379"",""probe_planned_time_sec"":232.89,""video_id"":""V3"",""pause_reason"":""thought_probe"",""resume_status"":""playing""}",47fb270e-4388-428d-9363-08e33f166980,sub-003,ses-001,004ff0da-bfdd-4f3e-bfce-3ecd903ca2ac,b362ba73-6683-4e82-884a-8ef54391d584,1789550062.7793803,1789550062.7515998,820738.299999997,b362ba73-6683-4e82-884a-8ef54391d584,browser_calibrated,-0.0030198097229003906,6.200075149536133,180587,180587,0,-1.1997222900390625,host_receive_nearest,verified,1,1,,,,,,,,,1,,,,,,,,,,,,,,,,,,,,V3,B,233.059,1789550062.7515998,1789550062.7793803,180587,Block 2_3_47d3ceea,,,,,,,,,thought_probe
087b41a6-ee2f-4de2-ae78-ef523a0a5ee0,probe_onset,1789550125.5630803,785.188,196298,2,2,,1,G03,B,bbbd_subtraction,probe_onset,Block 2_4_47d3ceea,,0.0,0.0,,,,,,,"{""client_event_id"":""087b41a6-ee2f-4de2-ae78-ef523a0a5ee0"",""recorder_run_id"":""47fb270e-4388-428d-9363-08e33f166980"",""client_id"":""b362ba73-6683-4e82-884a-8ef54391d584"",""client_timestamp"":1789550125.5579,""client_monotonic_ms"":883544.599999994,""event_timestamp"":1789550125.5630803,""clock_offset_sec"":0.00518035888671875,""clock_round_trip_ms"":6.200075149536133,""subject_id"":""sub-003"",""session_id"":""ses-001"",""block_id"":""Block 2"",""counterbalance_group"":""G03"",""block_order"":""Block 2"",""condition"":""B"",""condition_type"":""bbbd_subtraction"",""topic_key"":""V3"",""topic_name"":""道德经主要讲的是什么"",""event_type"":""probe_onset"",""iso_time"":""2026-09-16T09:15:25.557Z"",""relative_ms"":311485,""video_time_sec"":295.803,""probe_id"":""Block 2_4_47d3ceea"",""probe_index"":4,""probe_schedule_id"":""47d3ceea-62ac-4da9-a1f6-93ceabf17379"",""probe_planned_time_sec"":295.64,""video_id"":""V3"",""pause_reason"":""thought_probe"",""forced"":false}",47fb270e-4388-428d-9363-08e33f166980,sub-003,ses-001,087b41a6-ee2f-4de2-ae78-ef523a0a5ee0,b362ba73-6683-4e82-884a-8ef54391d584,1789550125.5753803,1789550125.5579,883544.599999994,b362ba73-6683-4e82-884a-8ef54391d584,browser_calibrated,0.00518035888671875,6.200075149536133,196297,196297,0,-2.7000904083251953,host_receive_nearest,verified,1,1,,,,,,,,,1,,,,,,,,,,,,,,,,,,,,V3,B,295.803,1789550125.5579,1789550125.5753803,196297,Block 2_4_47d3ceea,4,47d3ceea-62ac-4da9-a1f6-93ceabf17379,295.64,,,,,,thought_probe
ed488286-aaaf-494b-9b55-2f9a6df991a8,attention_response,1789550127.8972802,787.468,196868,2,2,,1,G03,B,bbbd_subtraction,attention_response,2,,0.0,0.0,,,,,,,"{""client_event_id"":""ed488286-aaaf-494b-9b55-2f9a6df991a8"",""recorder_run_id"":""47fb270e-4388-428d-9363-08e33f166980"",""client_id"":""b362ba73-6683-4e82-884a-8ef54391d584"",""client_timestamp"":1789550127.8920999,""client_monotonic_ms"":885878.799999997,""event_timestamp"":1789550127.8972802,""clock_offset_sec"":0.00518035888671875,""clock_round_trip_ms"":6.200075149536133,""subject_id"":""sub-003"",""session_id"":""ses-001"",""block_id"":""Block 2"",""counterbalance_group"":""G03"",""block_order"":""Block 2"",""condition"":""B"",""condition_type"":""bbbd_subtraction"",""topic_key"":""V3"",""topic_name"":""道德经主要讲的是什么"",""event_type"":""attention_response"",""iso_time"":""2026-09-16T09:15:27.892Z"",""relative_ms"":313820,""video_time_sec"":295.803,""probe_id"":""Block 2_4_47d3ceea"",""probe_index"":4,""probe_schedule_id"":""47d3ceea-62ac-4da9-a1f6-93ceabf17379"",""probe_planned_time_sec"":295.64,""video_id"":""V3"",""response"":2,""response_label"":""连续减7心算任务"",""probe_attention"":""OFF"",""response_time_ms"":2335}",47fb270e-4388-428d-9363-08e33f166980,sub-003,ses-001,ed488286-aaaf-494b-9b55-2f9a6df991a8,b362ba73-6683-4e82-884a-8ef54391d584,1789550127.9043803,1789550127.8920999,885878.799999997,b362ba73-6683-4e82-884a-8ef54391d584,browser_calibrated,0.00518035888671875,6.200075149536133,196867,196867,0,-55.90009689331055,host_receive_nearest,verified,1,1,,,,,,,,,1,,,,,,,,,,,,,,,,,,,,V3,B,295.803,1789550127.8920999,1789550127.9043803,196867,Block 2_4_47d3ceea,4,47d3ceea-62ac-4da9-a1f6-93ceabf17379,295.64,2,连续减7心算任务,2335,,OFF,
9f589313-813b-49ba-aec7-5c9918b95096,confidence_response,1789550129.6090803,789.208,197303,2,2,,1,G03,B,bbbd_subtraction,confidence_response,4,,0.0,0.0,,,,,,,"{""client_event_id"":""9f589313-813b-49ba-aec7-5c9918b95096"",""recorder_run_id"":""47fb270e-4388-428d-9363-08e33f166980"",""client_id"":""b362ba73-6683-4e82-884a-8ef54391d584"",""client_timestamp"":1789550129.6039,""client_monotonic_ms"":887590.5,""event_timestamp"":1789550129.6090803,""clock_offset_sec"":0.00518035888671875,""clock_round_trip_ms"":6.200075149536133,""subject_id"":""sub-003"",""session_id"":""ses-001"",""block_id"":""Block 2"",""counterbalance_group"":""G03"",""block_order"":""Block 2"",""condition"":""B"",""condition_type"":""bbbd_subtraction"",""topic_key"":""V3"",""topic_name"":""道德经主要讲的是什么"",""event_type"":""confidence_response"",""iso_time"":""2026-09-16T09:15:29.603Z"",""relative_ms"":315531,""video_time_sec"":295.803,""probe_id"":""Block 2_4_47d3ceea"",""probe_index"":4,""probe_schedule_id"":""47d3ceea-62ac-4da9-a1f6-93ceabf17379"",""probe_planned_time_sec"":295.64,""video_id"":""V3"",""response"":2,""confidence"":4,""response_time_ms"":1712}",47fb270e-4388-428d-9363-08e33f166980,sub-003,ses-001,9f589313-813b-49ba-aec7-5c9918b95096,b362ba73-6683-4e82-884a-8ef54391d584,1789550129.6223803,1789550129.6039,887590.5,b362ba73-6683-4e82-884a-8ef54391d584,browser_calibrated,0.00518035888671875,6.200075149536133,197302,197302,0,-17.7001953125,host_receive_nearest,verified,1,1,,,,,,,,,1,,,,,,,,,,,,,,,,,,,,V3,B,295.803,1789550129.6039,1789550129.6223803,197302,Block 2_4_47d3ceea,4,47d3ceea-62ac-4da9-a1f6-93ceabf17379,295.64,,,1712,4,,
4b84107c-3925-46de-af7c-b1ee6dddd79f,phase_change,1789550129.61998,789.212,197308,2,2,,1,G03,B,bbbd_subtraction,phase_change,video,,0.0,0.0,,,,,,,,47fb270e-4388-428d-9363-08e33f166980,sub-003,ses-001,4b84107c-3925-46de-af7c-b1ee6dddd79f,b362ba73-6683-4e82-884a-8ef54391d584,1789550129.6383803,1789550129.6147997,887601.3999999911,b362ba73-6683-4e82-884a-8ef54391d584,browser_calibrated,0.00518035888671875,6.200075149536133,197303,197303,0,2.4001598358154297,host_receive_nearest,verified,1,1,,,,,,,,,1,,,,,,,,,,,,,,,,,,,,V3,B,295.869,1789550129.6147997,1789550129.6383803,197303,,,,,,,,,,
4b84107c-3925-46de-af7c-b1ee6dddd79f,video_resume,1789550129.61998,789.212,197308,2,2,,1,G03,B,bbbd_subtraction,video_resume,295.869,,0.0,0.0,,,,,,,"{""client_event_id"":""4b84107c-3925-46de-af7c-b1ee6dddd79f"",""recorder_run_id"":""47fb270e-4388-428d-9363-08e33f166980"",""client_id"":""b362ba73-6683-4e82-884a-8ef54391d584"",""client_timestamp"":1789550129.6147997,""client_monotonic_ms"":887601.3999999911,""event_timestamp"":1789550129.61998,""clock_offset_sec"":0.00518035888671875,""clock_round_trip_ms"":6.200075149536133,""subject_id"":""sub-003"",""session_id"":""ses-001"",""block_id"":""Block 2"",""counterbalance_group"":""G03"",""block_order"":""Block 2"",""condition"":""B"",""condition_type"":""bbbd_subtraction"",""topic_key"":""V3"",""topic_name"":""道德经主要讲的是什么"",""event_type"":""video_resume"",""iso_time"":""2026-09-16T09:15:29.614Z"",""relative_ms"":315542,""video_time_sec"":295.869,""probe_id"":""Block 2_4_47d3ceea"",""probe_index"":4,""probe_schedule_id"":""47d3ceea-62ac-4da9-a1f6-93ceabf17379"",""probe_planned_time_sec"":295.64,""video_id"":""V3"",""pause_reason"":""thought_probe"",""resume_status"":""playing""}",47fb270e-4388-428d-9363-08e33f166980,sub-003,ses-001,4b84107c-3925-46de-af7c-b1ee6dddd79f,b362ba73-6683-4e82-884a-8ef54391d584,1789550129.6383803,1789550129.6147997,887601.3999999911,b362ba73-6683-4e82-884a-8ef54391d584,browser_calibrated,0.00518035888671875,6.200075149536133,197303,197303,0,2.4001598358154297,host_receive_nearest,verified,1,1,,,,,,,,,1,,,,,,,,,,,,,,,,,,,,V3,B,295.869,1789550129.6147997,1789550129.6383803,197303,Block 2_4_47d3ceea,,,,,,,,,thought_probe
28c09fe7-3207-403f-9166-158704c36db6,video_end,1789550160.0410802,819.648,204913,2,2,,1,G03,B,bbbd_subtraction,video_end,V3,,0.0,0.0,,,,,,,,47fb270e-4388-428d-9363-08e33f166980,sub-003,ses-001,28c09fe7-3207-403f-9166-158704c36db6,b362ba73-6683-4e82-884a-8ef54391d584,1789550160.0603802,1789550160.0417,918028.299999997,b362ba73-6683-4e82-884a-8ef54391d584,browser_calibrated,-0.0006196498870849609,6.200075149536133,204912,204912,0,-11.699914932250977,host_receive_nearest,verified,1,1,,,,,,,,,1,,,,,,,,,,,,,,,,,,,,V3,B,326.241,1789550160.0417,1789550160.0603802,204912,,,,,,,,,,
28c09fe7-3207-403f-9166-158704c36db6,browser_video_ended,1789550160.0410802,819.648,204913,2,2,,1,G03,B,bbbd_subtraction,browser_video_ended,,,0.0,0.0,,,,,,,"{""client_event_id"":""28c09fe7-3207-403f-9166-158704c36db6"",""recorder_run_id"":""47fb270e-4388-428d-9363-08e33f166980"",""client_id"":""b362ba73-6683-4e82-884a-8ef54391d584"",""client_timestamp"":1789550160.0417,""client_monotonic_ms"":918028.299999997,""event_timestamp"":1789550160.0410802,""clock_offset_sec"":-0.0006196498870849609,""clock_round_trip_ms"":6.200075149536133,""subject_id"":""sub-003"",""session_id"":""ses-001"",""block_id"":""Block 2"",""counterbalance_group"":""G03"",""block_order"":""Block 2"",""condition"":""B"",""condition_type"":""bbbd_subtraction"",""topic_key"":""V3"",""topic_name"":""道德经主要讲的是什么"",""event_type"":""video_ended"",""iso_time"":""2026-09-16T09:16:00.041Z"",""relative_ms"":345969,""video_time_sec"":326.241}",47fb270e-4388-428d-9363-08e33f166980,sub-003,ses-001,28c09fe7-3207-403f-9166-158704c36db6,b362ba73-6683-4e82-884a-8ef54391d584,1789550160.0603802,1789550160.0417,918028.299999997,b362ba73-6683-4e82-884a-8ef54391d584,browser_calibrated,-0.0006196498870849609,6.200075149536133,204912,204912,0,-11.699914932250977,host_receive_nearest,verified,1,1,,,,,,,,,1,,,,,,,,,,,,,,,,,,,,V3,B,326.241,1789550160.0417,1789550160.0603802,204912,,,,,,,,,,
4293bf86-b3b2-4dea-8b4e-fcc1335aec58,browser_block_end,1789550160.0488803,819.652,204923,2,2,,1,G03,B,bbbd_subtraction,browser_block_end,视频自然播放结束,,0.0,0.0,,,,,,,"{""client_event_id"":""4293bf86-b3b2-4dea-8b4e-fcc1335aec58"",""recorder_run_id"":""47fb270e-4388-428d-9363-08e33f166980"",""client_id"":""b362ba73-6683-4e82-884a-8ef54391d584"",""client_timestamp"":1789550160.0495,""client_monotonic_ms"":918036.099999994,""event_timestamp"":1789550160.0488803,""clock_offset_sec"":-0.0006196498870849609,""clock_round_trip_ms"":6.200075149536133,""subject_id"":""sub-003"",""session_id"":""ses-001"",""block_id"":""Block 2"",""counterbalance_group"":""G03"",""block_order"":""Block 2"",""condition"":""B"",""condition_type"":""bbbd_subtraction"",""topic_key"":""V3"",""topic_name"":""道德经主要讲的是什么"",""event_type"":""block_end"",""iso_time"":""2026-09-16T09:16:00.049Z"",""relative_ms"":345977,""video_time_sec"":326.241,""reason"":""视频自然播放结束""}",47fb270e-4388-428d-9363-08e33f166980,sub-003,ses-001,4293bf86-b3b2-4dea-8b4e-fcc1335aec58,b362ba73-6683-4e82-884a-8ef54391d584,1789550160.0913801,1789550160.0495,918036.099999994,b362ba73-6683-4e82-884a-8ef54391d584,browser_calibrated,-0.0006196498870849609,6.200075149536133,204913,204913,0,11.499881744384766,host_receive_nearest,verified,1,1,,,,,,,,,1,,,,,,,,,,,,,,,,,,,,V3,B,326.241,1789550160.0495,1789550160.0913801,204913,,,,,,,,,,
2fc5aaaa-68b3-43e3-a48f-7aceff14d0ea,rating_start,1789550160.0538805,819.652,204928,2,2,,1,G03,B,bbbd_subtraction,rating_start,,,0.0,0.0,,,,,,,"{""client_event_id"":""2fc5aaaa-68b3-43e3-a48f-7aceff14d0ea"",""recorder_run_id"":""47fb270e-4388-428d-9363-08e33f166980"",""client_id"":""b362ba73-6683-4e82-884a-8ef54391d584"",""client_timestamp"":1789550160.0545,""client_monotonic_ms"":918041.200000003,""event_timestamp"":1789550160.0538805,""clock_offset_sec"":-0.0006196498870849609,""clock_round_trip_ms"":6.200075149536133,""subject_id"":""sub-003"",""session_id"":""ses-001"",""block_id"":""Block 2"",""counterbalance_group"":""G03"",""block_order"":""Block 2"",""condition"":""B"",""condition_type"":""bbbd_subtraction"",""topic_key"":""V3"",""topic_name"":""道德经主要讲的是什么"",""event_type"":""rating_start"",""iso_time"":""2026-09-16T09:16:00.054Z"",""relative_ms"":345982,""video_time_sec"":326.241}",47fb270e-4388-428d-9363-08e33f166980,sub-003,ses-001,2fc5aaaa-68b3-43e3-a48f-7aceff14d0ea,b362ba73-6683-4e82-884a-8ef54391d584,1789550160.1223803,1789550160.0545,918041.200000003,b362ba73-6683-4e82-884a-8ef54391d584,browser_calibrated,-0.0006196498870849609,6.200075149536133,204913,204913,0,6.499767303466797,host_receive_nearest,verified,1,1,,,,,,,,,1,,,,,,,,,,,,,,,,,,,,V3,B,326.241,1789550160.0545,1789550160.1223803,204913,,,,,,,,,,
2dcbabe6-af56-43ea-9385-66334abc4121,rating_item_response,1789550165.23218,824.812,206213,2,2,,1,G03,B,bbbd_subtraction,rating_item_response,1,,0.0,0.0,,,,,,,"{""client_event_id"":""2dcbabe6-af56-43ea-9385-66334abc4121"",""recorder_run_id"":""47fb270e-4388-428d-9363-08e33f166980"",""client_id"":""b362ba73-6683-4e82-884a-8ef54391d584"",""client_timestamp"":1789550165.2327998,""client_monotonic_ms"":923219.3999999911,""event_timestamp"":1789550165.23218,""clock_offset_sec"":-0.0006196498870849609,""clock_round_trip_ms"":6.200075149536133,""subject_id"":""sub-003"",""session_id"":""ses-001"",""block_id"":""Block 2"",""counterbalance_group"":""G03"",""block_order"":""Block 2"",""condition"":""B"",""condition_type"":""bbbd_subtraction"",""topic_key"":""V3"",""topic_name"":""道德经主要讲的是什么"",""event_type"":""rating_item_response"",""iso_time"":""2026-09-16T09:16:05.232Z"",""relative_ms"":351160,""video_time_sec"":326.241,""rating_item"":""course_attention_rating"",""rating_value"":""1"",""response_time_ms"":5178}",47fb270e-4388-428d-9363-08e33f166980,sub-003,ses-001,2dcbabe6-af56-43ea-9385-66334abc4121,b362ba73-6683-4e82-884a-8ef54391d584,1789550165.2633803,1789550165.2327998,923219.3999999911,b362ba73-6683-4e82-884a-8ef54391d584,browser_calibrated,-0.0006196498870849609,6.200075149536133,206203,206203,0,15.200138092041016,host_receive_nearest,verified,1,1,,,,,,,,,1,,,,,,,,,,,,,course_attention_rating,1,,,,,,V3,B,326.241,1789550165.2327998,1789550165.2633803,206203,,,,,,,5178,,,
1178cef1-a379-44a8-a39d-8c6bf06ad83e,rating_item_response,1789550168.1881802,827.792,206953,2,2,,1,G03,B,bbbd_subtraction,rating_item_response,5,,0.0,0.0,,,,,,,"{""client_event_id"":""1178cef1-a379-44a8-a39d-8c6bf06ad83e"",""recorder_run_id"":""47fb270e-4388-428d-9363-08e33f166980"",""client_id"":""b362ba73-6683-4e82-884a-8ef54391d584"",""client_timestamp"":1789550168.1887999,""client_monotonic_ms"":926175.3999999911,""event_timestamp"":1789550168.1881802,""clock_offset_sec"":-0.0006196498870849609,""clock_round_trip_ms"":6.200075149536133,""subject_id"":""sub-003"",""session_id"":""ses-001"",""block_id"":""Block 2"",""counterbalance_group"":""G03"",""block_order"":""Block 2"",""condition"":""B"",""condition_type"":""bbbd_subtraction"",""topic_key"":""V3"",""topic_name"":""道德经主要讲的是什么"",""event_type"":""rating_item_response"",""iso_time"":""2026-09-16T09:16:08.188Z"",""relative_ms"":354116,""video_time_sec"":326.241,""rating_item"":""mental_effort"",""rating_value"":""5"",""response_time_ms"":8134}",47fb270e-4388-428d-9363-08e33f166980,sub-003,ses-001,1178cef1-a379-44a8-a39d-8c6bf06ad83e,b362ba73-6683-4e82-884a-8ef54391d584,1789550168.2163801,1789550168.1887999,926175.3999999911,b362ba73-6683-4e82-884a-8ef54391d584,browser_calibrated,-0.0006196498870849609,6.200075149536133,206948,206948,0,12.200117111206055,host_receive_nearest,verified,1,1,,,,,,,,,1,,,,,,,,,,,,,mental_effort,5,,,,,,V3,B,326.241,1789550168.1887999,1789550168.2163801,206948,,,,,,,8134,,,
6a65430a-9de4-46ac-b167-51b9651bb1ff,rating_item_response,1789550171.0148299,830.628,207658,2,2,,1,G03,B,bbbd_subtraction,rating_item_response,3,,0.0,0.0,,,,,,,"{""client_event_id"":""6a65430a-9de4-46ac-b167-51b9651bb1ff"",""recorder_run_id"":""47fb270e-4388-428d-9363-08e33f166980"",""client_id"":""b362ba73-6683-4e82-884a-8ef54391d584"",""client_timestamp"":1789550171.0047998,""client_monotonic_ms"":928991.3999999911,""event_timestamp"":1789550171.0148299,""clock_offset_sec"":0.010030031204223633,""clock_round_trip_ms"":6.300210952758789,""subject_id"":""sub-003"",""session_id"":""ses-001"",""block_id"":""Block 2"",""counterbalance_group"":""G03"",""block_order"":""Block 2"",""condition"":""B"",""condition_type"":""bbbd_subtraction"",""topic_key"":""V3"",""topic_name"":""道德经主要讲的是什么"",""event_type"":""rating_item_response"",""iso_time"":""2026-09-16T09:16:11.004Z"",""relative_ms"":356932,""video_time_sec"":326.241,""rating_item"":""video_interest"",""rating_value"":""3"",""response_time_ms"":10950}",47fb270e-4388-428d-9363-08e33f166980,sub-003,ses-001,6a65430a-9de4-46ac-b167-51b9651bb1ff,b362ba73-6683-4e82-884a-8ef54391d584,1789550171.0293803,1789550171.0047998,928991.3999999911,b362ba73-6683-4e82-884a-8ef54391d584,browser_calibrated,0.010030031204223633,6.300210952758789,207657,207657,0,-1.4495849609375,host_receive_nearest,verified,1,1,,,,,,,,,1,,,,,,,,,,,,,video_interest,3,,,,,,V3,B,326.241,1789550171.0047998,1789550171.0293803,207657,,,,,,,10950,,,
673f970d-f637-4243-9890-7edafd30fd58,rating_item_response,1789550173.2313805,832.832,208213,2,2,,1,G03,B,bbbd_subtraction,rating_item_response,2,,0.0,0.0,,,,,,,"{""client_event_id"":""673f970d-f637-4243-9890-7edafd30fd58"",""recorder_run_id"":""47fb270e-4388-428d-9363-08e33f166980"",""client_id"":""b362ba73-6683-4e82-884a-8ef54391d584"",""client_timestamp"":1789550173.2254,""client_monotonic_ms"":931212,""event_timestamp"":1789550173.2313805,""clock_offset_sec"":0.005980491638183594,""clock_round_trip_ms"":6.200075149536133,""subject_id"":""sub-003"",""session_id"":""ses-001"",""block_id"":""Block 2"",""counterbalance_group"":""G03"",""block_order"":""Block 2"",""condition"":""B"",""condition_type"":""bbbd_subtraction"",""topic_key"":""V3"",""topic_name"":""道德经主要讲的是什么"",""event_type"":""rating_item_response"",""iso_time"":""2026-09-16T09:16:13.225Z"",""relative_ms"":359153,""video_time_sec"":326.241,""rating_item"":""video_difficulty"",""rating_value"":""2"",""response_time_ms"":13171}",47fb270e-4388-428d-9363-08e33f166980,sub-003,ses-001,673f970d-f637-4243-9890-7edafd30fd58,b362ba73-6683-4e82-884a-8ef54391d584,1789550173.2473803,1789550173.2254,931212,b362ba73-6683-4e82-884a-8ef54391d584,browser_calibrated,0.005980491638183594,6.200075149536133,208208,208208,0,0.9996891021728516,host_receive_nearest,verified,1,1,,,,,,,,,1,,,,,,,,,,,,,video_difficulty,2,,,,,,V3,B,326.241,1789550173.2254,1789550173.2473803,208208,,,,,,,13171,,,
c1997521-d662-411e-b102-d99efe2d6268,rating_item_response,1789550174.9339805,834.528,208633,2,2,,1,G03,B,bbbd_subtraction,rating_item_response,80-90%,,0.0,0.0,,,,,,,"{""client_event_id"":""c1997521-d662-411e-b102-d99efe2d6268"",""recorder_run_id"":""47fb270e-4388-428d-9363-08e33f166980"",""client_id"":""b362ba73-6683-4e82-884a-8ef54391d584"",""client_timestamp"":1789550174.928,""client_monotonic_ms"":932914.599999994,""event_timestamp"":1789550174.9339805,""clock_offset_sec"":0.005980491638183594,""clock_round_trip_ms"":6.200075149536133,""subject_id"":""sub-003"",""session_id"":""ses-001"",""block_id"":""Block 2"",""counterbalance_group"":""G03"",""block_order"":""Block 2"",""condition"":""B"",""condition_type"":""bbbd_subtraction"",""topic_key"":""V3"",""topic_name"":""道德经主要讲的是什么"",""event_type"":""rating_item_response"",""iso_time"":""2026-09-16T09:16:14.927Z"",""relative_ms"":360855,""video_time_sec"":326.241,""rating_item"":""subtraction_compliance"",""rating_value"":""80-90%"",""response_time_ms"":14874}",47fb270e-4388-428d-9363-08e33f166980,sub-003,ses-001,c1997521-d662-411e-b102-d99efe2d6268,b362ba73-6683-4e82-884a-8ef54391d584,1789550174.9503803,1789550174.928,932914.599999994,b362ba73-6683-4e82-884a-8ef54391d584,browser_calibrated,0.005980491638183594,6.200075149536133,208632,208632,0,-14.600276947021484,host_receive_nearest,verified,1,1,,,,,,,,,1,,,,,,,,,,,,,subtraction_compliance,80-90%,,,,,,V3,B,326.241,1789550174.928,1789550174.9503803,208632,,,,,,,14874,,,
3d6b51be-c2c6-48bc-b4e8-66e26c102646,rating_item_response,1789550178.8436804,838.468,209618,2,2,,1,G03,B,bbbd_subtraction,rating_item_response,4,,0.0,0.0,,,,,,,"{""client_event_id"":""3d6b51be-c2c6-48bc-b4e8-66e26c102646"",""recorder_run_id"":""47fb270e-4388-428d-9363-08e33f166980"",""client_id"":""b362ba73-6683-4e82-884a-8ef54391d584"",""client_timestamp"":1789550178.8377,""client_monotonic_ms"":936824.299999997,""event_timestamp"":1789550178.8436804,""clock_offset_sec"":0.005980491638183594,""clock_round_trip_ms"":6.200075149536133,""subject_id"":""sub-003"",""session_id"":""ses-001"",""block_id"":""Block 2"",""counterbalance_group"":""G03"",""block_order"":""Block 2"",""condition"":""B"",""condition_type"":""bbbd_subtraction"",""topic_key"":""V3"",""topic_name"":""道德经主要讲的是什么"",""event_type"":""rating_item_response"",""iso_time"":""2026-09-16T09:16:18.837Z"",""relative_ms"":364765,""video_time_sec"":326.241,""rating_item"":""subtraction_difficulty"",""rating_value"":""4"",""response_time_ms"":18783}",47fb270e-4388-428d-9363-08e33f166980,sub-003,ses-001,3d6b51be-c2c6-48bc-b4e8-66e26c102646,b362ba73-6683-4e82-884a-8ef54391d584,1789550178.8573802,1789550178.8377,936824.299999997,b362ba73-6683-4e82-884a-8ef54391d584,browser_calibrated,0.005980491638183594,6.200075149536133,209617,209617,0,-2.300262451171875,host_receive_nearest,verified,1,1,,,,,,,,,1,,,,,,,,,,,,,subtraction_difficulty,4,,,,,,V3,B,326.241,1789550178.8377,1789550178.8573802,209617,,,,,,,18783,,,
c9122b0c-f948-4c34-8629-628afcf605cc,rating_item_response,1789550181.6259804,841.228,210308,2,2,,1,G03,B,bbbd_subtraction,rating_item_response,544,,0.0,0.0,,,,,,,"{""client_event_id"":""c9122b0c-f948-4c34-8629-628afcf605cc"",""recorder_run_id"":""47fb270e-4388-428d-9363-08e33f166980"",""client_id"":""b362ba73-6683-4e82-884a-8ef54391d584"",""client_timestamp"":1789550181.62,""client_monotonic_ms"":939606.599999994,""event_timestamp"":1789550181.6259804,""clock_offset_sec"":0.005980491638183594,""clock_round_trip_ms"":6.200075149536133,""subject_id"":""sub-003"",""session_id"":""ses-001"",""block_id"":""Block 2"",""counterbalance_group"":""G03"",""block_order"":""Block 2"",""condition"":""B"",""condition_type"":""bbbd_subtraction"",""topic_key"":""V3"",""topic_name"":""道德经主要讲的是什么"",""event_type"":""rating_item_response"",""iso_time"":""2026-09-16T09:16:21.620Z"",""relative_ms"":367548,""video_time_sec"":326.241,""rating_item"":""reported_final_number"",""rating_value"":""544"",""response_time_ms"":21566}",47fb270e-4388-428d-9363-08e33f166980,sub-003,ses-001,c9122b0c-f948-4c34-8629-628afcf605cc,b362ba73-6683-4e82-884a-8ef54391d584,1789550181.6383803,1789550181.62,939606.599999994,b362ba73-6683-4e82-884a-8ef54391d584,browser_calibrated,0.005980491638183594,6.200075149536133,210307,210307,0,-18.6002254486084,host_receive_nearest,verified,1,1,,,,,,,,,1,,,,,,,,,,,,,reported_final_number,544,,,,,,V3,B,326.241,1789550181.62,1789550181.6383803,210307,,,,,,,21566,,,
aacfb1f8-00d9-46aa-9488-b51d05ff5e31,rating_end,1789550181.6901805,841.288,210323,2,2,,1,G03,B,bbbd_subtraction,rating_end,,21.63,0.0,0.0,,,,,,,"{""client_event_id"":""aacfb1f8-00d9-46aa-9488-b51d05ff5e31"",""recorder_run_id"":""47fb270e-4388-428d-9363-08e33f166980"",""client_id"":""b362ba73-6683-4e82-884a-8ef54391d584"",""client_timestamp"":1789550181.6842,""client_monotonic_ms"":939670.799999997,""event_timestamp"":1789550181.6901805,""clock_offset_sec"":0.005980491638183594,""clock_round_trip_ms"":6.200075149536133,""subject_id"":""sub-003"",""session_id"":""ses-001"",""block_id"":""Block 2"",""counterbalance_group"":""G03"",""block_order"":""Block 2"",""condition"":""B"",""condition_type"":""bbbd_subtraction"",""topic_key"":""V3"",""topic_name"":""道德经主要讲的是什么"",""event_type"":""rating_end"",""iso_time"":""2026-09-16T09:16:21.684Z"",""relative_ms"":367612,""video_time_sec"":326.241,""video_id"":""V3"",""course_attention_rating"":1,""mental_effort"":5,""video_interest"":3,""video_difficulty"":2,""subtraction_compliance"":""80-90%"",""subtraction_difficulty"":4,""reported_final_number"":544,""duration_sec"":21.63,""submitted_iso"":""2026-09-16T09:16:21.684Z"",""submitted_relative_ms"":367612}",47fb270e-4388-428d-9363-08e33f166980,sub-003,ses-001,aacfb1f8-00d9-46aa-9488-b51d05ff5e31,b362ba73-6683-4e82-884a-8ef54391d584,1789550181.7003803,1789550181.6842,939670.799999997,b362ba73-6683-4e82-884a-8ef54391d584,browser_calibrated,0.005980491638183594,6.200075149536133,210322,210322,0,-20.800352096557617,host_receive_nearest,verified,1,1,,,,,,,,,1,,,,1,5,3,2,80-90%,80,90,4,544,,,,,,,,V3,B,326.241,1789550181.6842,1789550181.7003803,210322,,,,,,,,,,
7983647c-f79f-4c82-a41b-4c4b1bf9e6b0,quiz_start,1789550181.6954806,841.292,210328,2,2,,1,G03,B,bbbd_subtraction,quiz_start,,,0.0,0.0,,,,,,,"{""client_event_id"":""7983647c-f79f-4c82-a41b-4c4b1bf9e6b0"",""recorder_run_id"":""47fb270e-4388-428d-9363-08e33f166980"",""client_id"":""b362ba73-6683-4e82-884a-8ef54391d584"",""client_timestamp"":1789550181.6895,""client_monotonic_ms"":939676.099999994,""event_timestamp"":1789550181.6954806,""clock_offset_sec"":0.005980491638183594,""clock_round_trip_ms"":6.200075149536133,""subject_id"":""sub-003"",""session_id"":""ses-001"",""block_id"":""Block 2"",""counterbalance_group"":""G03"",""block_order"":""Block 2"",""condition"":""B"",""condition_type"":""bbbd_subtraction"",""topic_key"":""V3"",""topic_name"":""道德经主要讲的是什么"",""event_type"":""quiz_start"",""iso_time"":""2026-09-16T09:16:21.689Z"",""relative_ms"":367617,""video_time_sec"":326.241}",47fb270e-4388-428d-9363-08e33f166980,sub-003,ses-001,7983647c-f79f-4c82-a41b-4c4b1bf9e6b0,b362ba73-6683-4e82-884a-8ef54391d584,1789550181.7323802,1789550181.6895,939676.099999994,b362ba73-6683-4e82-884a-8ef54391d584,browser_calibrated,0.005980491638183594,6.200075149536133,210323,210323,0,4.899740219116211,host_receive_nearest,verified,1,1,,,,,,,,,1,,,,,,,,,,,,,,,,,,,,V3,B,326.241,1789550181.6895,1789550181.7323802,210323,,,,,,,,,,
935d7942-c9e4-41f5-9c04-b90fbbcd94ff,quiz_item_response,1789550208.29673,867.884,216972,2,2,,1,G03,B,bbbd_subtraction,quiz_item_response,《道德经》的作者是？,,0.0,0.0,,V3Q1,C,C,True,4623,"{""client_event_id"":""935d7942-c9e4-41f5-9c04-b90fbbcd94ff"",""recorder_run_id"":""47fb270e-4388-428d-9363-08e33f166980"",""client_id"":""b362ba73-6683-4e82-884a-8ef54391d584"",""client_timestamp"":1789550208.2845,""client_monotonic_ms"":966271.200000003,""event_timestamp"":1789550208.29673,""clock_offset_sec"":0.012230157852172852,""clock_round_trip_ms"":5.899906158447266,""subject_id"":""sub-003"",""session_id"":""ses-001"",""block_id"":""Block 2"",""counterbalance_group"":""G03"",""block_order"":""Block 2"",""condition"":""B"",""condition_type"":""bbbd_subtraction"",""topic_key"":""V3"",""topic_name"":""道德经主要讲的是什么"",""event_type"":""quiz_item_response"",""iso_time"":""2026-09-16T09:16:48.284Z"",""relative_ms"":394212,""video_time_sec"":326.241,""video_id"":""V3"",""question_id"":""V3Q1"",""question_text"":""《道德经》的作者是？"",""response_index"":2,""response_letter"":""C"",""response_text"":""老子"",""correct_index"":2,""correct_letter"":""C"",""correct_text"":""老子"",""is_correct"":true,""reaction_time_ms"":4623,""submitted_iso"":""2026-09-16T09:16:48.284Z"",""submitted_relative_ms"":394212}",47fb270e-4388-428d-9363-08e33f166980,sub-003,ses-001,935d7942-c9e4-41f5-9c04-b90fbbcd94ff,b362ba73-6683-4e82-884a-8ef54391d584,1789550208.2943802,1789550208.2845,966271.200000003,b362ba73-6683-4e82-884a-8ef54391d584,browser_calibrated,0.012230157852172852,5.899906158447266,216971,216971,0,-17.349720001220703,host_receive_nearest,verified,1,1,,,,,,,,,1,,,,,,,,,,,,,,,,,《道德经》的作者是？,2,老子,V3,B,326.241,1789550208.2845,1789550208.2943802,216971,,,,,,,,,,
6f310874-c4c0-4bcb-bc91-ab1eb4c66a98,quiz_item_response,1789550208.30333,867.888,216987,2,2,,1,G03,B,bbbd_subtraction,quiz_item_response,《道德经》的核心思想是？,,0.0,0.0,,V3Q2,C,C,True,9939,"{""client_event_id"":""6f310874-c4c0-4bcb-bc91-ab1eb4c66a98"",""recorder_run_id"":""47fb270e-4388-428d-9363-08e33f166980"",""client_id"":""b362ba73-6683-4e82-884a-8ef54391d584"",""client_timestamp"":1789550208.2910998,""client_monotonic_ms"":966277.799999997,""event_timestamp"":1789550208.30333,""clock_offset_sec"":0.012230157852172852,""clock_round_trip_ms"":5.899906158447266,""subject_id"":""sub-003"",""session_id"":""ses-001"",""block_id"":""Block 2"",""counterbalance_group"":""G03"",""block_order"":""Block 2"",""condition"":""B"",""condition_type"":""bbbd_subtraction"",""topic_key"":""V3"",""topic_name"":""道德经主要讲的是什么"",""event_type"":""quiz_item_response"",""iso_time"":""2026-09-16T09:16:48.291Z"",""relative_ms"":394219,""video_time_sec"":326.241,""video_id"":""V3"",""question_id"":""V3Q2"",""question_text"":""《道德经》的核心思想是？"",""response_index"":2,""response_letter"":""C"",""response_text"":""道法自然"",""correct_index"":2,""correct_letter"":""C"",""correct_text"":""道法自然"",""is_correct"":true,""reaction_time_ms"":9939,""submitted_iso"":""2026-09-16T09:16:48.291Z"",""submitted_relative_ms"":394219}",47fb270e-4388-428d-9363-08e33f166980,sub-003,ses-001,6f310874-c4c0-4bcb-bc91-ab1eb4c66a98,b362ba73-6683-4e82-884a-8ef54391d584,1789550208.3573802,1789550208.2910998,966277.799999997,b362ba73-6683-4e82-884a-8ef54391d584,browser_calibrated,0.012230157852172852,5.899906158447266,216972,216972,0,7.050275802612305,host_receive_nearest,verified,1,1,,,,,,,,,1,,,,,,,,,,,,,,,,,《道德经》的核心思想是？,2,道法自然,V3,B,326.241,1789550208.2910998,1789550208.3573802,216972,,,,,,,,,,
c637d40b-737c-40c3-a37a-132da5bc9a04,quiz_item_response,1789550208.30833,867.888,216997,2,2,,1,G03,B,bbbd_subtraction,quiz_item_response,“无为而治”是哪个学派的政治主张？,,0.0,0.0,,V3Q3,B,B,True,22059,"{""client_event_id"":""c637d40b-737c-40c3-a37a-132da5bc9a04"",""recorder_run_id"":""47fb270e-4388-428d-9363-08e33f166980"",""client_id"":""b362ba73-6683-4e82-884a-8ef54391d584"",""client_timestamp"":1789550208.2961,""client_monotonic_ms"":966282.700000003,""event_timestamp"":1789550208.30833,""clock_offset_sec"":0.012230157852172852,""clock_round_trip_ms"":5.899906158447266,""subject_id"":""sub-003"",""session_id"":""ses-001"",""block_id"":""Block 2"",""counterbalance_group"":""G03"",""block_order"":""Block 2"",""condition"":""B"",""condition_type"":""bbbd_subtraction"",""topic_key"":""V3"",""topic_name"":""道德经主要讲的是什么"",""event_type"":""quiz_item_response"",""iso_time"":""2026-09-16T09:16:48.296Z"",""relative_ms"":394224,""video_time_sec"":326.241,""video_id"":""V3"",""question_id"":""V3Q3"",""question_text"":""“无为而治”是哪个学派的政治主张？"",""response_index"":1,""response_letter"":""B"",""response_text"":""道家"",""correct_index"":1,""correct_letter"":""B"",""correct_text"":""道家"",""is_correct"":true,""reaction_time_ms"":22059,""submitted_iso"":""2026-09-16T09:16:48.296Z"",""submitted_relative_ms"":394224}",47fb270e-4388-428d-9363-08e33f166980,sub-003,ses-001,c637d40b-737c-40c3-a37a-132da5bc9a04,b362ba73-6683-4e82-884a-8ef54391d584,1789550208.3723803,1789550208.2961,966282.700000003,b362ba73-6683-4e82-884a-8ef54391d584,browser_calibrated,0.012230157852172852,5.899906158447266,216972,216972,0,2.050161361694336,host_receive_nearest,verified,1,1,,,,,,,,,1,,,,,,,,,,,,,,,,,“无为而治”是哪个学派的政治主张？,1,道家,V3,B,326.241,1789550208.2961,1789550208.3723803,216972,,,,,,,,,,
34b6f643-d216-4874-a5e5-ae1fd9ea0bbd,quiz_item_response,1789550208.31303,867.924,216997,2,2,,1,G03,B,bbbd_subtraction,quiz_item_response,老子认为，世间万物运行的根本规律是什么？,,0.0,0.0,,V3Q4,C,C,True,26205,"{""client_event_id"":""34b6f643-d216-4874-a5e5-ae1fd9ea0bbd"",""recorder_run_id"":""47fb270e-4388-428d-9363-08e33f166980"",""client_id"":""b362ba73-6683-4e82-884a-8ef54391d584"",""client_timestamp"":1789550208.3007998,""client_monotonic_ms"":966287.3999999911,""event_timestamp"":1789550208.31303,""clock_offset_sec"":0.012230157852172852,""clock_round_trip_ms"":5.899906158447266,""subject_id"":""sub-003"",""session_id"":""ses-001"",""block_id"":""Block 2"",""counterbalance_group"":""G03"",""block_order"":""Block 2"",""condition"":""B"",""condition_type"":""bbbd_subtraction"",""topic_key"":""V3"",""topic_name"":""道德经主要讲的是什么"",""event_type"":""quiz_item_response"",""iso_time"":""2026-09-16T09:16:48.300Z"",""relative_ms"":394228,""video_time_sec"":326.241,""video_id"":""V3"",""question_id"":""V3Q4"",""question_text"":""老子认为，世间万物运行的根本规律是什么？"",""response_index"":2,""response_letter"":""C"",""response_text"":""道"",""correct_index"":2,""correct_letter"":""C"",""correct_text"":""道"",""is_correct"":true,""reaction_time_ms"":26205,""submitted_iso"":""2026-09-16T09:16:48.300Z"",""submitted_relative_ms"":394228}",47fb270e-4388-428d-9363-08e33f166980,sub-003,ses-001,34b6f643-d216-4874-a5e5-ae1fd9ea0bbd,b362ba73-6683-4e82-884a-8ef54391d584,1789550208.3883803,1789550208.3007998,966287.3999999911,b362ba73-6683-4e82-884a-8ef54391d584,browser_calibrated,0.012230157852172852,5.899906158447266,216981,216981,0,-2.6497840881347656,host_receive_nearest,verified,1,1,,,,,,,,,1,,,,,,,,,,,,,,,,,老子认为，世间万物运行的根本规律是什么？,2,道,V3,B,326.241,1789550208.3007998,1789550208.3883803,216981,,,,,,,,,,
8b8c93ae-bc75-49ed-8bee-d7b23c3e8640,quiz_end,1789550208.31813,867.924,217002,2,2,,1,G03,B,bbbd_subtraction,quiz_end,4/4,26.616,0.0,0.0,,,,,,,"{""client_event_id"":""8b8c93ae-bc75-49ed-8bee-d7b23c3e8640"",""recorder_run_id"":""47fb270e-4388-428d-9363-08e33f166980"",""client_id"":""b362ba73-6683-4e82-884a-8ef54391d584"",""client_timestamp"":1789550208.3058999,""client_monotonic_ms"":966292.599999994,""event_timestamp"":1789550208.31813,""clock_offset_sec"":0.012230157852172852,""clock_round_trip_ms"":5.899906158447266,""subject_id"":""sub-003"",""session_id"":""ses-001"",""block_id"":""Block 2"",""counterbalance_group"":""G03"",""block_order"":""Block 2"",""condition"":""B"",""condition_type"":""bbbd_subtraction"",""topic_key"":""V3"",""topic_name"":""道德经主要讲的是什么"",""event_type"":""quiz_end"",""iso_time"":""2026-09-16T09:16:48.305Z"",""relative_ms"":394233,""video_time_sec"":326.241,""score"":4,""total"":4,""duration_sec"":26.616}",47fb270e-4388-428d-9363-08e33f166980,sub-003,ses-001,8b8c93ae-bc75-49ed-8bee-d7b23c3e8640,b362ba73-6683-4e82-884a-8ef54391d584,1789550208.4043803,1789550208.3058999,966292.599999994,b362ba73-6683-4e82-884a-8ef54391d584,browser_calibrated,0.012230157852172852,5.899906158447266,216981,216981,0,-7.749795913696289,host_receive_nearest,verified,1,1,,,,,,,,,1,,,,,,,,,,,,,,,4,4,,,,V3,B,326.241,1789550208.3058999,1789550208.4043803,216981,,,,,,,,,,
8b8c93ae-bc75-49ed-8bee-d7b23c3e8640,block_end,1789550208.31813,867.924,217002,2,2,,1,G03,B,bbbd_subtraction,block_end,V3,,0.0,0.0,,,,,,,,47fb270e-4388-428d-9363-08e33f166980,sub-003,ses-001,8b8c93ae-bc75-49ed-8bee-d7b23c3e8640,b362ba73-6683-4e82-884a-8ef54391d584,1789550208.4043803,1789550208.3058999,966292.599999994,b362ba73-6683-4e82-884a-8ef54391d584,browser_calibrated,0.012230157852172852,5.899906158447266,216981,216981,0,-7.749795913696289,host_receive_nearest,verified,1,1,,,,,,,,,1,,,,,,,,,,,,,,,,,,,,V3,B,326.241,1789550208.3058999,1789550208.4043803,216981,,,,,,,,,,
ce55d989-8d43-416f-8345-db2874fc022f,rest_start,1789550208.32953,867.928,217002,2,2,,1,G03,B,bbbd_subtraction,rest_start,after-block-2,,0.0,0.0,,,,,,,"{""client_event_id"":""ce55d989-8d43-416f-8345-db2874fc022f"",""recorder_run_id"":""47fb270e-4388-428d-9363-08e33f166980"",""client_id"":""b362ba73-6683-4e82-884a-8ef54391d584"",""client_timestamp"":1789550208.3172998,""client_monotonic_ms"":966303.8999999911,""event_timestamp"":1789550208.32953,""clock_offset_sec"":0.012230157852172852,""clock_round_trip_ms"":5.899906158447266,""subject_id"":""sub-003"",""session_id"":""ses-001"",""block_id"":""Block 2"",""counterbalance_group"":""G03"",""block_order"":""Block 2"",""condition"":""B"",""condition_type"":""bbbd_subtraction"",""topic_key"":""V3"",""topic_name"":""道德经主要讲的是什么"",""event_type"":""rest_start"",""iso_time"":""2026-09-16T09:16:48.317Z"",""relative_ms"":394245,""video_time_sec"":326.241,""after_block_id"":2,""planned_duration"":30,""actual_duration"":"""",""is_formal_experiment"":0}",47fb270e-4388-428d-9363-08e33f166980,sub-003,ses-001,ce55d989-8d43-416f-8345-db2874fc022f,b362ba73-6683-4e82-884a-8ef54391d584,1789550208.4193802,1789550208.3172998,966303.8999999911,b362ba73-6683-4e82-884a-8ef54391d584,browser_calibrated,0.012230157852172852,5.899906158447266,216982,216982,0,11.850118637084961,host_receive_nearest,verified,0,1,,,,,2,,30,,0,,,,,,,,,,,,,,,,,,,,V3,B,326.241,1789550208.3172998,1789550208.4193802,216982,,,,,,,,,,
62410d78-b1cf-4111-a085-e23631ce57d3,rest_end,1789550278.1703303,937.764,234442,2,2,,1,G03,B,bbbd_subtraction,rest_end,after-block-2,69.847,0.0,0.0,,,,,,,"{""client_event_id"":""62410d78-b1cf-4111-a085-e23631ce57d3"",""recorder_run_id"":""47fb270e-4388-428d-9363-08e33f166980"",""client_id"":""b362ba73-6683-4e82-884a-8ef54391d584"",""client_timestamp"":1789550278.164,""client_monotonic_ms"":1036150.700000003,""event_timestamp"":1789550278.1703303,""clock_offset_sec"":0.006330251693725586,""clock_round_trip_ms"":6.700038909912109,""subject_id"":""sub-003"",""session_id"":""ses-001"",""block_id"":""Block 2"",""counterbalance_group"":""G03"",""block_order"":""Block 2"",""condition"":""B"",""condition_type"":""bbbd_subtraction"",""topic_key"":""V3"",""topic_name"":""道德经主要讲的是什么"",""event_type"":""rest_end"",""iso_time"":""2026-09-16T09:17:58.164Z"",""relative_ms"":464092,""video_time_sec"":326.241,""after_block_id"":2,""planned_duration"":30,""actual_duration"":69.847,""duration_sec"":69.847,""is_formal_experiment"":0,""debug_early"":false}",47fb270e-4388-428d-9363-08e33f166980,sub-003,ses-001,62410d78-b1cf-4111-a085-e23631ce57d3,b362ba73-6683-4e82-884a-8ef54391d584,1789550278.1853802,1789550278.164,1036150.700000003,b362ba73-6683-4e82-884a-8ef54391d584,browser_calibrated,0.006330251693725586,6.700038909912109,234441,234441,0,-31.949996948242188,host_receive_nearest,verified,0,1,,,,,2,,30,69.847,0,,,,,,,,,,,,,,,,,,,,V3,B,326.241,1789550278.164,1789550278.1853802,234441,,,,,,,,,,
8e5d498b-c81b-465f-94c6-f793aeed4b7e,block_start,1789550279.2425802,938.844,234712,3,3,,1,G03,A,focused,block_start,V4,,0.0,0.0,,,,,,,condition=A; condition_type=focused,47fb270e-4388-428d-9363-08e33f166980,sub-003,ses-001,8e5d498b-c81b-465f-94c6-f793aeed4b7e,b362ba73-6683-4e82-884a-8ef54391d584,1789550279.2473803,1789550279.2327998,1037219.3999999911,b362ba73-6683-4e82-884a-8ef54391d584,browser_calibrated,0.009780406951904297,6.000041961669922,234711,234711,0,-10.200023651123047,host_receive_nearest,verified,0,1,,,,,,,,,1,,,,,,,,,,,,,,,,,,,,V4,A,0,1789550279.2327998,1789550279.2473803,234711,,,,,,,,,,
8e5d498b-c81b-465f-94c6-f793aeed4b7e,condition_prompt_start,1789550279.2425802,938.844,234712,3,3,,1,G03,A,focused,condition_prompt_start,A,,0.0,0.0,,,,,,,,47fb270e-4388-428d-9363-08e33f166980,sub-003,ses-001,8e5d498b-c81b-465f-94c6-f793aeed4b7e,b362ba73-6683-4e82-884a-8ef54391d584,1789550279.2473803,1789550279.2327998,1037219.3999999911,b362ba73-6683-4e82-884a-8ef54391d584,browser_calibrated,0.009780406951904297,6.000041961669922,234711,234711,0,-10.200023651123047,host_receive_nearest,verified,0,1,,,,,,,,,1,,,,,,,,,,,,,,,,,,,,V4,A,0,1789550279.2327998,1789550279.2473803,234711,,,,,,,,,,
8e5d498b-c81b-465f-94c6-f793aeed4b7e,browser_block_config,1789550279.2425802,938.844,234712,3,3,,1,G03,A,focused,browser_block_config,V4,,0.0,0.0,,,,,,,"{""client_event_id"":""8e5d498b-c81b-465f-94c6-f793aeed4b7e"",""recorder_run_id"":""47fb270e-4388-428d-9363-08e33f166980"",""client_id"":""b362ba73-6683-4e82-884a-8ef54391d584"",""client_timestamp"":1789550279.2327998,""client_monotonic_ms"":1037219.3999999911,""event_timestamp"":1789550279.2425802,""clock_offset_sec"":0.009780406951904297,""clock_round_trip_ms"":6.000041961669922,""subject_id"":""sub-003"",""session_id"":""ses-001"",""block_id"":""Block 3"",""counterbalance_group"":""G03"",""block_order"":""Block 3"",""condition"":""A"",""condition_type"":""focused"",""topic_key"":""V4"",""topic_name"":""中国古代最大的歼灭战 长平之战"",""event_type"":""block_start"",""iso_time"":""2026-09-16T09:17:59.232Z"",""relative_ms"":0,""video_time_sec"":0,""block_start_iso"":""2026-09-16T09:17:59.232Z"",""config_json"":""{\""recorder_run_id\"":\""47fb270e-4388-428d-9363-08e33f166980\"",\""subject_id\"":\""sub-003\"",\""session_id\"":\""ses-001\"",\""block_id\"":\""Block 3\"",\""counterbalance_group\"":\""G03\"",\""condition\"":\""A\"",\""condition_type\"":\""focused\"",\""topic_key\"":\""V4\"",\""topic_name\"":\""中国古代最大的歼灭战 长平之战\"",\""video_file\"":\""视频4-混知漫画｜中国古代最大的歼灭战——长平之战！-480P 标清-AVC.mp4\"",\""start_number\"":\""\"",\""generated_timestamp\"":\""\""}""}",47fb270e-4388-428d-9363-08e33f166980,sub-003,ses-001,8e5d498b-c81b-465f-94c6-f793aeed4b7e,b362ba73-6683-4e82-884a-8ef54391d584,1789550279.2473803,1789550279.2327998,1037219.3999999911,b362ba73-6683-4e82-884a-8ef54391d584,browser_calibrated,0.009780406951904297,6.000041961669922,234711,234711,0,-10.200023651123047,host_receive_nearest,verified,0,1,,,,,,,,,1,,,,,,,,,,,,,,,,,,,,V4,A,0,1789550279.2327998,1789550279.2473803,234711,,,,,,,,,,
61289d14-e029-4a97-a698-8aa043cee407,probe_schedule,1789550279.3002803,938.904,234727,3,3,,1,G03,A,focused,probe_schedule,"104.994,169.262,217.037,263.671",,0.0,0.0,,,,,,,"{""client_event_id"":""61289d14-e029-4a97-a698-8aa043cee407"",""recorder_run_id"":""47fb270e-4388-428d-9363-08e33f166980"",""client_id"":""b362ba73-6683-4e82-884a-8ef54391d584"",""client_timestamp"":1789550279.2905,""client_monotonic_ms"":1037277.099999994,""event_timestamp"":1789550279.3002803,""clock_offset_sec"":0.009780406951904297,""clock_round_trip_ms"":6.000041961669922,""subject_id"":""sub-003"",""session_id"":""ses-001"",""block_id"":""Block 3"",""counterbalance_group"":""G03"",""block_order"":""Block 3"",""condition"":""A"",""condition_type"":""focused"",""topic_key"":""V4"",""topic_name"":""中国古代最大的歼灭战 长平之战"",""event_type"":""probe_schedule"",""iso_time"":""2026-09-16T09:17:59.290Z"",""relative_ms"":58,""video_time_sec"":0,""probe_schedule_id"":""f4f4d49f-d6a8-480e-9283-4ed2c9be5c32"",""probe_times"":[104.994,169.262,217.037,263.671],""probe_config"":{""probes_per_block"":4,""min_first_onset_sec"":45,""min_end_margin_sec"":30,""min_gap_sec"":45},""video_duration_sec"":313.818,""video_id"":""V4"",""debug_fast"":false}",47fb270e-4388-428d-9363-08e33f166980,sub-003,ses-001,61289d14-e029-4a97-a698-8aa043cee407,b362ba73-6683-4e82-884a-8ef54391d584,1789550279.2943802,1789550279.2905,1037277.099999994,b362ba73-6683-4e82-884a-8ef54391d584,browser_calibrated,0.009780406951904297,6.000041961669922,234726,234726,0,-5.900144577026367,host_receive_nearest,verified,1,1,,,,,,,,,1,,,,,,,,,,,,,,,,,,,,V4,A,0,1789550279.2905,1789550279.3103802,234726,,4,f4f4d49f-d6a8-480e-9283-4ed2c9be5c32,,,,,,,
4b093397-1cb6-44f3-b653-24e2dd5c7dc2,condition_prompt_end,1789550284.3104,943.908,235987,3,3,,1,G03,A,focused,condition_prompt_end,0.002,,0.0,0.0,,,,,,,"{""client_event_id"":""4b093397-1cb6-44f3-b653-24e2dd5c7dc2"",""recorder_run_id"":""47fb270e-4388-428d-9363-08e33f166980"",""client_id"":""b362ba73-6683-4e82-884a-8ef54391d584"",""client_timestamp"":1789550284.3105,""client_monotonic_ms"":1042297.200000003,""event_timestamp"":1789550284.3104,""clock_offset_sec"":0.009780406951904297,""clock_round_trip_ms"":6.000041961669922,""subject_id"":""sub-003"",""session_id"":""ses-001"",""block_id"":""Block 3"",""counterbalance_group"":""G03"",""block_order"":""Block 3"",""condition"":""A"",""condition_type"":""focused"",""topic_key"":""V4"",""topic_name"":""中国古代最大的歼灭战 长平之战"",""event_type"":""condition_prompt_end"",""iso_time"":""2026-09-16T09:18:04.310Z"",""relative_ms"":5078,""video_time_sec"":0.002}",47fb270e-4388-428d-9363-08e33f166980,sub-003,ses-001,4b093397-1cb6-44f3-b653-24e2dd5c7dc2,b362ba73-6683-4e82-884a-8ef54391d584,1789550284.3253803,1789550284.3105,1042297.200000003,b362ba73-6683-4e82-884a-8ef54391d584,browser_calibrated,0.009780406951904297,6.000041961669922,235977,235977,0,14.980316162109375,host_receive_nearest,verified,1,0,,,,,,,,,1,,,,,,,,,,,,,,,,,,,,V4,A,0.002,1789550284.3105,1789550284.3413801,235977,,,,,,,,,,
d7d825eb-09cd-4adc-b3d5-827fb2b03409,video_start,1789550284.3104,943.908,235987,3,3,,1,G03,A,focused,video_start,V4,,0.0,0.0,,,,,,,,47fb270e-4388-428d-9363-08e33f166980,sub-003,ses-001,d7d825eb-09cd-4adc-b3d5-827fb2b03409,b362ba73-6683-4e82-884a-8ef54391d584,1789550284.3573802,1789550284.3165998,1042303.200000003,b362ba73-6683-4e82-884a-8ef54391d584,browser_calibrated,0.009780406951904297,6.000041961669922,235977,235977,0,14.980316162109375,host_receive_nearest,verified,1,1,,,,,,,,,1,,,,,,,,,,,,,,,,,,,,V4,A,0.002,1789550284.3165998,1789550284.3573802,235977,,,,,,,,,,
d7d825eb-09cd-4adc-b3d5-827fb2b03409,video_play,1789550284.3104,943.908,235987,3,3,,1,G03,A,focused,video_play,0.002,,0.0,0.0,,,,,,,"{""client_event_id"":""d7d825eb-09cd-4adc-b3d5-827fb2b03409"",""recorder_run_id"":""47fb270e-4388-428d-9363-08e33f166980"",""client_id"":""b362ba73-6683-4e82-884a-8ef54391d584"",""client_timestamp"":1789550284.3165998,""client_monotonic_ms"":1042303.200000003,""event_timestamp"":1789550284.3104,""clock_offset_sec"":0.009780406951904297,""clock_round_trip_ms"":6.000041961669922,""subject_id"":""sub-003"",""session_id"":""ses-001"",""block_id"":""Block 3"",""counterbalance_group"":""G03"",""block_order"":""Block 3"",""condition"":""A"",""condition_type"":""focused"",""topic_key"":""V4"",""topic_name"":""中国古代最大的歼灭战 长平之战"",""event_type"":""video_play"",""iso_time"":""2026-09-16T09:18:04.316Z"",""relative_ms"":5084,""video_time_sec"":0.002}",47fb270e-4388-428d-9363-08e33f166980,sub-003,ses-001,d7d825eb-09cd-4adc-b3d5-827fb2b03409,b362ba73-6683-4e82-884a-8ef54391d584,1789550284.3573802,1789550284.3165998,1042303.200000003,b362ba73-6683-4e82-884a-8ef54391d584,browser_calibrated,0.009780406951904297,6.000041961669922,235977,235977,0,14.980316162109375,host_receive_nearest,verified,1,1,,,,,,,,,1,,,,,,,,,,,,,,,,,,,,V4,A,0.002,1789550284.3165998,1789550284.3573802,235977,,,,,,,,,,
6a3cdfc0-b9c7-4285-9ba8-1b1c8272dbec,probe_onset,1789550389.4285805,1049.0,262251,3,3,,1,G03,A,focused,probe_onset,Block 3_1_f4f4d49f,,0.0,0.0,,,,,,,"{""client_event_id"":""6a3cdfc0-b9c7-4285-9ba8-1b1c8272dbec"",""recorder_run_id"":""47fb270e-4388-428d-9363-08e33f166980"",""client_id"":""b362ba73-6683-4e82-884a-8ef54391d584"",""client_timestamp"":1789550389.4204,""client_monotonic_ms"":1147407,""event_timestamp"":1789550389.4285805,""clock_offset_sec"":0.008180618286132812,""clock_round_trip_ms"":6.200075149536133,""subject_id"":""sub-003"",""session_id"":""ses-001"",""block_id"":""Block 3"",""counterbalance_group"":""G03"",""block_order"":""Block 3"",""condition"":""A"",""condition_type"":""focused"",""topic_key"":""V4"",""topic_name"":""中国古代最大的歼灭战 长平之战"",""event_type"":""probe_onset"",""iso_time"":""2026-09-16T09:19:49.420Z"",""relative_ms"":110188,""video_time_sec"":105.059,""probe_id"":""Block 3_1_f4f4d49f"",""probe_index"":1,""probe_schedule_id"":""f4f4d49f-d6a8-480e-9283-4ed2c9be5c32"",""probe_planned_time_sec"":104.994,""video_id"":""V4"",""pause_reason"":""thought_probe"",""forced"":false}",47fb270e-4388-428d-9363-08e33f166980,sub-003,ses-001,6a3cdfc0-b9c7-4285-9ba8-1b1c8272dbec,b362ba73-6683-4e82-884a-8ef54391d584,1789550389.4353802,1789550389.4204,1147407,b362ba73-6683-4e82-884a-8ef54391d584,browser_calibrated,0.008180618286132812,6.200075149536133,262250,262250,0,-40.200233459472656,host_receive_nearest,verified,1,1,,,,,,,,,1,,,,,,,,,,,,,,,,,,,,V4,A,105.059,1789550389.4204,1789550389.4353802,262250,Block 3_1_f4f4d49f,1,f4f4d49f-d6a8-480e-9283-4ed2c9be5c32,104.994,,,,,,thought_probe
80048ab9-e76d-4192-9b50-fc45de537222,attention_response,1789550391.9042804,1051.5,262876,3,3,,1,G03,A,focused,attention_response,1,,0.0,0.0,,,,,,,"{""client_event_id"":""80048ab9-e76d-4192-9b50-fc45de537222"",""recorder_run_id"":""47fb270e-4388-428d-9363-08e33f166980"",""client_id"":""b362ba73-6683-4e82-884a-8ef54391d584"",""client_timestamp"":1789550391.8960998,""client_monotonic_ms"":1149882.700000003,""event_timestamp"":1789550391.9042804,""clock_offset_sec"":0.008180618286132812,""clock_round_trip_ms"":6.200075149536133,""subject_id"":""sub-003"",""session_id"":""ses-001"",""block_id"":""Block 3"",""counterbalance_group"":""G03"",""block_order"":""Block 3"",""condition"":""A"",""condition_type"":""focused"",""topic_key"":""V4"",""topic_name"":""中国古代最大的歼灭战 长平之战"",""event_type"":""attention_response"",""iso_time"":""2026-09-16T09:19:51.896Z"",""relative_ms"":112663,""video_time_sec"":105.059,""probe_id"":""Block 3_1_f4f4d49f"",""probe_index"":1,""probe_schedule_id"":""f4f4d49f-d6a8-480e-9283-4ed2c9be5c32"",""probe_planned_time_sec"":104.994,""video_id"":""V4"",""response"":1,""response_label"":""课程内容"",""probe_attention"":""ON"",""response_time_ms"":2476}",47fb270e-4388-428d-9363-08e33f166980,sub-003,ses-001,80048ab9-e76d-4192-9b50-fc45de537222,b362ba73-6683-4e82-884a-8ef54391d584,1789550391.9043803,1789550391.8960998,1149882.700000003,b362ba73-6683-4e82-884a-8ef54391d584,browser_calibrated,0.008180618286132812,6.200075149536133,262875,262875,0,-15.900135040283203,host_receive_nearest,verified,1,1,,,,,,,,,1,,,,,,,,,,,,,,,,,,,,V4,A,105.059,1789550391.8960998,1789550391.9193802,262875,Block 3_1_f4f4d49f,1,f4f4d49f-d6a8-480e-9283-4ed2c9be5c32,104.994,1,课程内容,2476,,ON,
baadf5fe-ac63-4fe3-bd31-d8f2122c361a,confidence_response,1789550393.6001806,1053.2,263301,3,3,,1,G03,A,focused,confidence_response,3,,0.0,0.0,,,,,,,"{""client_event_id"":""baadf5fe-ac63-4fe3-bd31-d8f2122c361a"",""recorder_run_id"":""47fb270e-4388-428d-9363-08e33f166980"",""client_id"":""b362ba73-6683-4e82-884a-8ef54391d584"",""client_timestamp"":1789550393.592,""client_monotonic_ms"":1151578.599999994,""event_timestamp"":1789550393.6001806,""clock_offset_sec"":0.008180618286132812,""clock_round_trip_ms"":6.200075149536133,""subject_id"":""sub-003"",""session_id"":""ses-001"",""block_id"":""Block 3"",""counterbalance_group"":""G03"",""block_order"":""Block 3"",""condition"":""A"",""condition_type"":""focused"",""topic_key"":""V4"",""topic_name"":""中国古代最大的歼灭战 长平之战"",""event_type"":""confidence_response"",""iso_time"":""2026-09-16T09:19:53.592Z"",""relative_ms"":114359,""video_time_sec"":105.059,""probe_id"":""Block 3_1_f4f4d49f"",""probe_index"":1,""probe_schedule_id"":""f4f4d49f-d6a8-480e-9283-4ed2c9be5c32"",""probe_planned_time_sec"":104.994,""video_id"":""V4"",""response"":1,""confidence"":3,""response_time_ms"":1696}",47fb270e-4388-428d-9363-08e33f166980,sub-003,ses-001,baadf5fe-ac63-4fe3-bd31-d8f2122c361a,b362ba73-6683-4e82-884a-8ef54391d584,1789550393.6073802,1789550393.592,1151578.599999994,b362ba73-6683-4e82-884a-8ef54391d584,browser_calibrated,0.008180618286132812,6.200075149536133,263300,263300,0,-8.800506591796875,host_receive_nearest,verified,1,1,,,,,,,,,1,,,,,,,,,,,,,,,,,,,,V4,A,105.059,1789550393.592,1789550393.6073802,263300,Block 3_1_f4f4d49f,1,f4f4d49f-d6a8-480e-9283-4ed2c9be5c32,104.994,,,1696,3,,
29a3c7fe-85bc-41d6-a7e3-8ffa36b8e0df,phase_change,1789550393.6084805,1053.2,263301,3,3,,1,G03,A,focused,phase_change,video,,0.0,0.0,,,,,,,,47fb270e-4388-428d-9363-08e33f166980,sub-003,ses-001,29a3c7fe-85bc-41d6-a7e3-8ffa36b8e0df,b362ba73-6683-4e82-884a-8ef54391d584,1789550393.6383803,1789550393.6002998,1151586.899999991,b362ba73-6683-4e82-884a-8ef54391d584,browser_calibrated,0.008180618286132812,6.200075149536133,263300,263300,0,-17.10033416748047,host_receive_nearest,verified,1,1,,,,,,,,,1,,,,,,,,,,,,,,,,,,,,V4,A,105.128,1789550393.6002998,1789550393.6383803,263300,,,,,,,,,,
29a3c7fe-85bc-41d6-a7e3-8ffa36b8e0df,video_resume,1789550393.6084805,1053.2,263301,3,3,,1,G03,A,focused,video_resume,105.128,,0.0,0.0,,,,,,,"{""client_event_id"":""29a3c7fe-85bc-41d6-a7e3-8ffa36b8e0df"",""recorder_run_id"":""47fb270e-4388-428d-9363-08e33f166980"",""client_id"":""b362ba73-6683-4e82-884a-8ef54391d584"",""client_timestamp"":1789550393.6002998,""client_monotonic_ms"":1151586.899999991,""event_timestamp"":1789550393.6084805,""clock_offset_sec"":0.008180618286132812,""clock_round_trip_ms"":6.200075149536133,""subject_id"":""sub-003"",""session_id"":""ses-001"",""block_id"":""Block 3"",""counterbalance_group"":""G03"",""block_order"":""Block 3"",""condition"":""A"",""condition_type"":""focused"",""topic_key"":""V4"",""topic_name"":""中国古代最大的歼灭战 长平之战"",""event_type"":""video_resume"",""iso_time"":""2026-09-16T09:19:53.600Z"",""relative_ms"":114368,""video_time_sec"":105.128,""probe_id"":""Block 3_1_f4f4d49f"",""probe_index"":1,""probe_schedule_id"":""f4f4d49f-d6a8-480e-9283-4ed2c9be5c32"",""probe_planned_time_sec"":104.994,""video_id"":""V4"",""pause_reason"":""thought_probe"",""resume_status"":""playing""}",47fb270e-4388-428d-9363-08e33f166980,sub-003,ses-001,29a3c7fe-85bc-41d6-a7e3-8ffa36b8e0df,b362ba73-6683-4e82-884a-8ef54391d584,1789550393.6383803,1789550393.6002998,1151586.899999991,b362ba73-6683-4e82-884a-8ef54391d584,browser_calibrated,0.008180618286132812,6.200075149536133,263300,263300,0,-17.10033416748047,host_receive_nearest,verified,1,1,,,,,,,,,1,,,,,,,,,,,,,,,,,,,,V4,A,105.128,1789550393.6002998,1789550393.6383803,263300,Block 3_1_f4f4d49f,,,,,,,,,thought_probe
9e3ac154-90cd-40f1-a9a8-a14a45e7a580,probe_onset,1789550457.9348302,1117.524,279391,3,3,,1,G03,A,focused,probe_onset,Block 3_2_f4f4d49f,,0.0,0.0,,,,,,,"{""client_event_id"":""9e3ac154-90cd-40f1-a9a8-a14a45e7a580"",""recorder_run_id"":""47fb270e-4388-428d-9363-08e33f166980"",""client_id"":""b362ba73-6683-4e82-884a-8ef54391d584"",""client_timestamp"":1789550457.937,""client_monotonic_ms"":1215923.599999994,""event_timestamp"":1789550457.9348302,""clock_offset_sec"":-0.0021698474884033203,""clock_round_trip_ms"":6.300210952758789,""subject_id"":""sub-003"",""session_id"":""ses-001"",""block_id"":""Block 3"",""counterbalance_group"":""G03"",""block_order"":""Block 3"",""condition"":""A"",""condition_type"":""focused"",""topic_key"":""V4"",""topic_name"":""中国古代最大的歼灭战 长平之战"",""event_type"":""probe_onset"",""iso_time"":""2026-09-16T09:20:57.936Z"",""relative_ms"":178704,""video_time_sec"":169.41,""probe_id"":""Block 3_2_f4f4d49f"",""probe_index"":2,""probe_schedule_id"":""f4f4d49f-d6a8-480e-9283-4ed2c9be5c32"",""probe_planned_time_sec"":169.262,""video_id"":""V4"",""pause_reason"":""thought_probe"",""forced"":false}",47fb270e-4388-428d-9363-08e33f166980,sub-003,ses-001,9e3ac154-90cd-40f1-a9a8-a14a45e7a580,b362ba73-6683-4e82-884a-8ef54391d584,1789550457.9503803,1789550457.937,1215923.599999994,b362ba73-6683-4e82-884a-8ef54391d584,browser_calibrated,-0.0021698474884033203,6.300210952758789,279381,279381,0,0.5500316619873047,host_receive_nearest,verified,1,1,,,,,,,,,1,,,,,,,,,,,,,,,,,,,,V4,A,169.41,1789550457.937,1789550457.9503803,279381,Block 3_2_f4f4d49f,2,f4f4d49f-d6a8-480e-9283-4ed2c9be5c32,169.262,,,,,,thought_probe
32f67c1d-a4b0-4e83-bcbb-3a90098a53ac,attention_response,1789550462.6751802,1122.264,280576,3,3,,1,G03,A,focused,attention_response,1,,0.0,0.0,,,,,,,"{""client_event_id"":""32f67c1d-a4b0-4e83-bcbb-3a90098a53ac"",""recorder_run_id"":""47fb270e-4388-428d-9363-08e33f166980"",""client_id"":""b362ba73-6683-4e82-884a-8ef54391d584"",""client_timestamp"":1789550462.6757998,""client_monotonic_ms"":1220662.399999991,""event_timestamp"":1789550462.6751802,""clock_offset_sec"":-0.0006196498870849609,""clock_round_trip_ms"":6.400108337402344,""subject_id"":""sub-003"",""session_id"":""ses-001"",""block_id"":""Block 3"",""counterbalance_group"":""G03"",""block_order"":""Block 3"",""condition"":""A"",""condition_type"":""focused"",""topic_key"":""V4"",""topic_name"":""中国古代最大的歼灭战 长平之战"",""event_type"":""attention_response"",""iso_time"":""2026-09-16T09:21:02.675Z"",""relative_ms"":183443,""video_time_sec"":169.41,""probe_id"":""Block 3_2_f4f4d49f"",""probe_index"":2,""probe_schedule_id"":""f4f4d49f-d6a8-480e-9283-4ed2c9be5c32"",""probe_planned_time_sec"":169.262,""video_id"":""V4"",""response"":1,""response_label"":""课程内容"",""probe_attention"":""ON"",""response_time_ms"":4739}",47fb270e-4388-428d-9363-08e33f166980,sub-003,ses-001,32f67c1d-a4b0-4e83-bcbb-3a90098a53ac,b362ba73-6683-4e82-884a-8ef54391d584,1789550462.6853802,1789550462.6757998,1220662.399999991,b362ba73-6683-4e82-884a-8ef54391d584,browser_calibrated,-0.0006196498870849609,6.400108337402344,280566,280566,0,10.200023651123047,host_receive_nearest,verified,1,1,,,,,,,,,1,,,,,,,,,,,,,,,,,,,,V4,A,169.41,1789550462.6757998,1789550462.7003803,280566,Block 3_2_f4f4d49f,2,f4f4d49f-d6a8-480e-9283-4ed2c9be5c32,169.262,1,课程内容,4739,,ON,
c8e0186b-5d85-4239-9656-09cfa85968f0,confidence_response,1789550464.66503,1124.244,281071,3,3,,1,G03,A,focused,confidence_response,3,,0.0,0.0,,,,,,,"{""client_event_id"":""c8e0186b-5d85-4239-9656-09cfa85968f0"",""recorder_run_id"":""47fb270e-4388-428d-9363-08e33f166980"",""client_id"":""b362ba73-6683-4e82-884a-8ef54391d584"",""client_timestamp"":1789550464.6597998,""client_monotonic_ms"":1222646.5,""event_timestamp"":1789550464.66503,""clock_offset_sec"":0.0052301883697509766,""clock_round_trip_ms"":5.899906158447266,""subject_id"":""sub-003"",""session_id"":""ses-001"",""block_id"":""Block 3"",""counterbalance_group"":""G03"",""block_order"":""Block 3"",""condition"":""A"",""condition_type"":""focused"",""topic_key"":""V4"",""topic_name"":""中国古代最大的歼灭战 长平之战"",""event_type"":""confidence_response"",""iso_time"":""2026-09-16T09:21:04.659Z"",""relative_ms"":185427,""video_time_sec"":169.41,""probe_id"":""Block 3_2_f4f4d49f"",""probe_index"":2,""probe_schedule_id"":""f4f4d49f-d6a8-480e-9283-4ed2c9be5c32"",""probe_planned_time_sec"":169.262,""video_id"":""V4"",""response"":1,""confidence"":3,""response_time_ms"":1984}",47fb270e-4388-428d-9363-08e33f166980,sub-003,ses-001,c8e0186b-5d85-4239-9656-09cfa85968f0,b362ba73-6683-4e82-884a-8ef54391d584,1789550464.6693802,1789550464.6597998,1222646.5,b362ba73-6683-4e82-884a-8ef54391d584,browser_calibrated,0.0052301883697509766,5.899906158447266,281061,281061,0,4.350185394287109,host_receive_nearest,verified,1,1,,,,,,,,,1,,,,,,,,,,,,,,,,,,,,V4,A,169.41,1789550464.6597998,1789550464.6853802,281061,Block 3_2_f4f4d49f,2,f4f4d49f-d6a8-480e-9283-4ed2c9be5c32,169.262,,,1984,3,,
254aca2e-3d31-47cd-b273-55d0dc109e6c,phase_change,1789550464.67383,1124.28,281071,3,3,,1,G03,A,focused,phase_change,video,,0.0,0.0,,,,,,,,47fb270e-4388-428d-9363-08e33f166980,sub-003,ses-001,254aca2e-3d31-47cd-b273-55d0dc109e6c,b362ba73-6683-4e82-884a-8ef54391d584,1789550464.7003803,1789550464.6685998,1222655.200000003,b362ba73-6683-4e82-884a-8ef54391d584,browser_calibrated,0.0052301883697509766,5.899906158447266,281070,281070,0,-4.4498443603515625,host_receive_nearest,verified,1,1,,,,,,,,,1,,,,,,,,,,,,,,,,,,,,V4,A,169.471,1789550464.6685998,1789550464.7003803,281070,,,,,,,,,,
254aca2e-3d31-47cd-b273-55d0dc109e6c,video_resume,1789550464.67383,1124.28,281071,3,3,,1,G03,A,focused,video_resume,169.471,,0.0,0.0,,,,,,,"{""client_event_id"":""254aca2e-3d31-47cd-b273-55d0dc109e6c"",""recorder_run_id"":""47fb270e-4388-428d-9363-08e33f166980"",""client_id"":""b362ba73-6683-4e82-884a-8ef54391d584"",""client_timestamp"":1789550464.6685998,""client_monotonic_ms"":1222655.200000003,""event_timestamp"":1789550464.67383,""clock_offset_sec"":0.0052301883697509766,""clock_round_trip_ms"":5.899906158447266,""subject_id"":""sub-003"",""session_id"":""ses-001"",""block_id"":""Block 3"",""counterbalance_group"":""G03"",""block_order"":""Block 3"",""condition"":""A"",""condition_type"":""focused"",""topic_key"":""V4"",""topic_name"":""中国古代最大的歼灭战 长平之战"",""event_type"":""video_resume"",""iso_time"":""2026-09-16T09:21:04.668Z"",""relative_ms"":185436,""video_time_sec"":169.471,""probe_id"":""Block 3_2_f4f4d49f"",""probe_index"":2,""probe_schedule_id"":""f4f4d49f-d6a8-480e-9283-4ed2c9be5c32"",""probe_planned_time_sec"":169.262,""video_id"":""V4"",""pause_reason"":""thought_probe"",""resume_status"":""playing""}",47fb270e-4388-428d-9363-08e33f166980,sub-003,ses-001,254aca2e-3d31-47cd-b273-55d0dc109e6c,b362ba73-6683-4e82-884a-8ef54391d584,1789550464.7003803,1789550464.6685998,1222655.200000003,b362ba73-6683-4e82-884a-8ef54391d584,browser_calibrated,0.0052301883697509766,5.899906158447266,281070,281070,0,-4.4498443603515625,host_receive_nearest,verified,1,1,,,,,,,,,1,,,,,,,,,,,,,,,,,,,,V4,A,169.471,1789550464.6685998,1789550464.7003803,281070,Block 3_2_f4f4d49f,,,,,,,,,thought_probe
bb5365e1-3c14-4b7b-a292-eabaf32919b5,probe_onset,1789550512.5001302,1172.104,293031,3,3,,1,G03,A,focused,probe_onset,Block 3_3_f4f4d49f,,0.0,0.0,,,,,,,"{""client_event_id"":""bb5365e1-3c14-4b7b-a292-eabaf32919b5"",""recorder_run_id"":""47fb270e-4388-428d-9363-08e33f166980"",""client_id"":""b362ba73-6683-4e82-884a-8ef54391d584"",""client_timestamp"":1789550512.5024,""client_monotonic_ms"":1270489.099999994,""event_timestamp"":1789550512.5001302,""clock_offset_sec"":-0.002269744873046875,""clock_round_trip_ms"":6.2999725341796875,""subject_id"":""sub-003"",""session_id"":""ses-001"",""block_id"":""Block 3"",""counterbalance_group"":""G03"",""block_order"":""Block 3"",""condition"":""A"",""condition_type"":""focused"",""topic_key"":""V4"",""topic_name"":""中国古代最大的歼灭战 长平之战"",""event_type"":""probe_onset"",""iso_time"":""2026-09-16T09:21:52.502Z"",""relative_ms"":233270,""video_time_sec"":217.248,""probe_id"":""Block 3_3_f4f4d49f"",""probe_index"":3,""probe_schedule_id"":""f4f4d49f-d6a8-480e-9283-4ed2c9be5c32"",""probe_planned_time_sec"":217.037,""video_id"":""V4"",""pause_reason"":""thought_probe"",""forced"":false}",47fb270e-4388-428d-9363-08e33f166980,sub-003,ses-001,bb5365e1-3c14-4b7b-a292-eabaf32919b5,b362ba73-6683-4e82-884a-8ef54391d584,1789550512.5133803,1789550512.5024,1270489.099999994,b362ba73-6683-4e82-884a-8ef54391d584,browser_calibrated,-0.002269744873046875,6.2999725341796875,293026,293026,0,13.250112533569336,host_receive_nearest,verified,1,1,,,,,,,,,1,,,,,,,,,,,,,,,,,,,,V4,A,217.248,1789550512.5024,1789550512.5133803,293026,Block 3_3_f4f4d49f,3,f4f4d49f-d6a8-480e-9283-4ed2c9be5c32,217.037,,,,,,thought_probe
fcf2264a-db64-467e-a91d-4d9d9ae1508e,attention_response,1789550514.42143,1174.024,293511,3,3,,1,G03,A,focused,attention_response,1,,0.0,0.0,,,,,,,"{""client_event_id"":""fcf2264a-db64-467e-a91d-4d9d9ae1508e"",""recorder_run_id"":""47fb270e-4388-428d-9363-08e33f166980"",""client_id"":""b362ba73-6683-4e82-884a-8ef54391d584"",""client_timestamp"":1789550514.4236999,""client_monotonic_ms"":1272410.399999991,""event_timestamp"":1789550514.42143,""clock_offset_sec"":-0.002269744873046875,""clock_round_trip_ms"":6.2999725341796875,""subject_id"":""sub-003"",""session_id"":""ses-001"",""block_id"":""Block 3"",""counterbalance_group"":""G03"",""block_order"":""Block 3"",""condition"":""A"",""condition_type"":""focused"",""topic_key"":""V4"",""topic_name"":""中国古代最大的歼灭战 长平之战"",""event_type"":""attention_response"",""iso_time"":""2026-09-16T09:21:54.423Z"",""relative_ms"":235191,""video_time_sec"":217.248,""probe_id"":""Block 3_3_f4f4d49f"",""probe_index"":3,""probe_schedule_id"":""f4f4d49f-d6a8-480e-9283-4ed2c9be5c32"",""probe_planned_time_sec"":217.037,""video_id"":""V4"",""response"":1,""response_label"":""课程内容"",""probe_attention"":""ON"",""response_time_ms"":1922}",47fb270e-4388-428d-9363-08e33f166980,sub-003,ses-001,fcf2264a-db64-467e-a91d-4d9d9ae1508e,b362ba73-6683-4e82-884a-8ef54391d584,1789550514.4353802,1789550514.4236999,1272410.399999991,b362ba73-6683-4e82-884a-8ef54391d584,browser_calibrated,-0.002269744873046875,6.2999725341796875,293506,293506,0,13.950109481811523,host_receive_nearest,verified,1,1,,,,,,,,,1,,,,,,,,,,,,,,,,,,,,V4,A,217.248,1789550514.4236999,1789550514.4503803,293506,Block 3_3_f4f4d49f,3,f4f4d49f-d6a8-480e-9283-4ed2c9be5c32,217.037,1,课程内容,1922,,ON,
4bffbfe0-6603-4426-a329-72a21449b401,confidence_response,1789550515.14153,1174.744,293691,3,3,,1,G03,A,focused,confidence_response,3,,0.0,0.0,,,,,,,"{""client_event_id"":""4bffbfe0-6603-4426-a329-72a21449b401"",""recorder_run_id"":""47fb270e-4388-428d-9363-08e33f166980"",""client_id"":""b362ba73-6683-4e82-884a-8ef54391d584"",""client_timestamp"":1789550515.1437998,""client_monotonic_ms"":1273130.399999991,""event_timestamp"":1789550515.14153,""clock_offset_sec"":-0.002269744873046875,""clock_round_trip_ms"":6.2999725341796875,""subject_id"":""sub-003"",""session_id"":""ses-001"",""block_id"":""Block 3"",""counterbalance_group"":""G03"",""block_order"":""Block 3"",""condition"":""A"",""condition_type"":""focused"",""topic_key"":""V4"",""topic_name"":""中国古代最大的歼灭战 长平之战"",""event_type"":""confidence_response"",""iso_time"":""2026-09-16T09:21:55.143Z"",""relative_ms"":235911,""video_time_sec"":217.248,""probe_id"":""Block 3_3_f4f4d49f"",""probe_index"":3,""probe_schedule_id"":""f4f4d49f-d6a8-480e-9283-4ed2c9be5c32"",""probe_planned_time_sec"":217.037,""video_id"":""V4"",""response"":1,""confidence"":3,""response_time_ms"":720}",47fb270e-4388-428d-9363-08e33f166980,sub-003,ses-001,4bffbfe0-6603-4426-a329-72a21449b401,b362ba73-6683-4e82-884a-8ef54391d584,1789550515.1543803,1789550515.1437998,1273130.399999991,b362ba73-6683-4e82-884a-8ef54391d584,browser_calibrated,-0.002269744873046875,6.2999725341796875,293686,293686,0,12.850284576416016,host_receive_nearest,verified,1,1,,,,,,,,,1,,,,,,,,,,,,,,,,,,,,V4,A,217.248,1789550515.1437998,1789550515.1693802,293686,Block 3_3_f4f4d49f,3,f4f4d49f-d6a8-480e-9283-4ed2c9be5c32,217.037,,,720,3,,
ce84bdf0-ce9a-4084-9989-06cd15ce3569,phase_change,1789550515.1504302,1174.744,293701,3,3,,1,G03,A,focused,phase_change,video,,0.0,0.0,,,,,,,,47fb270e-4388-428d-9363-08e33f166980,sub-003,ses-001,ce84bdf0-ce9a-4084-9989-06cd15ce3569,b362ba73-6683-4e82-884a-8ef54391d584,1789550515.1853802,1789550515.1527,1273139.299999997,b362ba73-6683-4e82-884a-8ef54391d584,browser_calibrated,-0.002269744873046875,6.2999725341796875,293686,293686,0,3.9501190185546875,host_receive_nearest,verified,1,1,,,,,,,,,1,,,,,,,,,,,,,,,,,,,,V4,A,217.316,1789550515.1527,1789550515.1853802,293686,,,,,,,,,,
ce84bdf0-ce9a-4084-9989-06cd15ce3569,video_resume,1789550515.1504302,1174.744,293701,3,3,,1,G03,A,focused,video_resume,217.316,,0.0,0.0,,,,,,,"{""client_event_id"":""ce84bdf0-ce9a-4084-9989-06cd15ce3569"",""recorder_run_id"":""47fb270e-4388-428d-9363-08e33f166980"",""client_id"":""b362ba73-6683-4e82-884a-8ef54391d584"",""client_timestamp"":1789550515.1527,""client_monotonic_ms"":1273139.299999997,""event_timestamp"":1789550515.1504302,""clock_offset_sec"":-0.002269744873046875,""clock_round_trip_ms"":6.2999725341796875,""subject_id"":""sub-003"",""session_id"":""ses-001"",""block_id"":""Block 3"",""counterbalance_group"":""G03"",""block_order"":""Block 3"",""condition"":""A"",""condition_type"":""focused"",""topic_key"":""V4"",""topic_name"":""中国古代最大的歼灭战 长平之战"",""event_type"":""video_resume"",""iso_time"":""2026-09-16T09:21:55.152Z"",""relative_ms"":235920,""video_time_sec"":217.316,""probe_id"":""Block 3_3_f4f4d49f"",""probe_index"":3,""probe_schedule_id"":""f4f4d49f-d6a8-480e-9283-4ed2c9be5c32"",""probe_planned_time_sec"":217.037,""video_id"":""V4"",""pause_reason"":""thought_probe"",""resume_status"":""playing""}",47fb270e-4388-428d-9363-08e33f166980,sub-003,ses-001,ce84bdf0-ce9a-4084-9989-06cd15ce3569,b362ba73-6683-4e82-884a-8ef54391d584,1789550515.1853802,1789550515.1527,1273139.299999997,b362ba73-6683-4e82-884a-8ef54391d584,browser_calibrated,-0.002269744873046875,6.2999725341796875,293686,293686,0,3.9501190185546875,host_receive_nearest,verified,1,1,,,,,,,,,1,,,,,,,,,,,,,,,,,,,,V4,A,217.316,1789550515.1527,1789550515.1853802,293686,Block 3_3_f4f4d49f,,,,,,,,,thought_probe
10968bdb-a605-42b5-ac36-4965690c1c54,probe_onset,1789550561.6860304,1221.296,305325,3,3,,1,G03,A,focused,probe_onset,Block 3_4_f4f4d49f,,0.0,0.0,,,,,,,"{""client_event_id"":""10968bdb-a605-42b5-ac36-4965690c1c54"",""recorder_run_id"":""47fb270e-4388-428d-9363-08e33f166980"",""client_id"":""b362ba73-6683-4e82-884a-8ef54391d584"",""client_timestamp"":1789550561.6852,""client_monotonic_ms"":1319671.799999997,""event_timestamp"":1789550561.6860304,""clock_offset_sec"":0.0008304119110107422,""clock_round_trip_ms"":6.2999725341796875,""subject_id"":""sub-003"",""session_id"":""ses-001"",""block_id"":""Block 3"",""counterbalance_group"":""G03"",""block_order"":""Block 3"",""condition"":""A"",""condition_type"":""focused"",""topic_key"":""V4"",""topic_name"":""中国古代最大的歼灭战 长平之战"",""event_type"":""probe_onset"",""iso_time"":""2026-09-16T09:22:41.685Z"",""relative_ms"":282453,""video_time_sec"":263.783,""probe_id"":""Block 3_4_f4f4d49f"",""probe_index"":4,""probe_schedule_id"":""f4f4d49f-d6a8-480e-9283-4ed2c9be5c32"",""probe_planned_time_sec"":263.671,""video_id"":""V4"",""pause_reason"":""thought_probe"",""forced"":false}",47fb270e-4388-428d-9363-08e33f166980,sub-003,ses-001,10968bdb-a605-42b5-ac36-4965690c1c54,b362ba73-6683-4e82-884a-8ef54391d584,1789550561.7003803,1789550561.6852,1319671.799999997,b362ba73-6683-4e82-884a-8ef54391d584,browser_calibrated,0.0008304119110107422,6.2999725341796875,305324,305324,0,-0.6501674652099609,host_receive_nearest,verified,1,1,,,,,,,,,1,,,,,,,,,,,,,,,,,,,,V4,A,263.783,1789550561.6852,1789550561.7003803,305324,Block 3_4_f4f4d49f,4,f4f4d49f-d6a8-480e-9283-4ed2c9be5c32,263.671,,,,,,thought_probe
504b85cb-be17-4019-8e57-86f94ddf4681,attention_response,1789550564.1881304,1223.776,305945,3,3,,1,G03,A,focused,attention_response,1,,0.0,0.0,,,,,,,"{""client_event_id"":""504b85cb-be17-4019-8e57-86f94ddf4681"",""recorder_run_id"":""47fb270e-4388-428d-9363-08e33f166980"",""client_id"":""b362ba73-6683-4e82-884a-8ef54391d584"",""client_timestamp"":1789550564.1805,""client_monotonic_ms"":1322167.200000003,""event_timestamp"":1789550564.1881304,""clock_offset_sec"":0.007630348205566406,""clock_round_trip_ms"":5.700111389160156,""subject_id"":""sub-003"",""session_id"":""ses-001"",""block_id"":""Block 3"",""counterbalance_group"":""G03"",""block_order"":""Block 3"",""condition"":""A"",""condition_type"":""focused"",""topic_key"":""V4"",""topic_name"":""中国古代最大的歼灭战 长平之战"",""event_type"":""attention_response"",""iso_time"":""2026-09-16T09:22:44.180Z"",""relative_ms"":284948,""video_time_sec"":263.783,""probe_id"":""Block 3_4_f4f4d49f"",""probe_index"":4,""probe_schedule_id"":""f4f4d49f-d6a8-480e-9283-4ed2c9be5c32"",""probe_planned_time_sec"":263.671,""video_id"":""V4"",""response"":1,""response_label"":""课程内容"",""probe_attention"":""ON"",""response_time_ms"":2496}",47fb270e-4388-428d-9363-08e33f166980,sub-003,ses-001,504b85cb-be17-4019-8e57-86f94ddf4681,b362ba73-6683-4e82-884a-8ef54391d584,1789550564.2003803,1789550564.1805,1322167.200000003,b362ba73-6683-4e82-884a-8ef54391d584,browser_calibrated,0.007630348205566406,5.700111389160156,305944,305944,0,-18.75019073486328,host_receive_nearest,verified,1,1,,,,,,,,,1,,,,,,,,,,,,,,,,,,,,V4,A,263.783,1789550564.1805,1789550564.2003803,305944,Block 3_4_f4f4d49f,4,f4f4d49f-d6a8-480e-9283-4ed2c9be5c32,263.671,1,课程内容,2496,,ON,
cfd0fb69-ad74-4e97-bd97-6cf8fee0e47f,confidence_response,1789550565.1966302,1224.796,306200,3,3,,1,G03,A,focused,confidence_response,3,,0.0,0.0,,,,,,,"{""client_event_id"":""cfd0fb69-ad74-4e97-bd97-6cf8fee0e47f"",""recorder_run_id"":""47fb270e-4388-428d-9363-08e33f166980"",""client_id"":""b362ba73-6683-4e82-884a-8ef54391d584"",""client_timestamp"":1789550565.189,""client_monotonic_ms"":1323175.599999994,""event_timestamp"":1789550565.1966302,""clock_offset_sec"":0.007630348205566406,""clock_round_trip_ms"":5.700111389160156,""subject_id"":""sub-003"",""session_id"":""ses-001"",""block_id"":""Block 3"",""counterbalance_group"":""G03"",""block_order"":""Block 3"",""condition"":""A"",""condition_type"":""focused"",""topic_key"":""V4"",""topic_name"":""中国古代最大的歼灭战 长平之战"",""event_type"":""confidence_response"",""iso_time"":""2026-09-16T09:22:45.189Z"",""relative_ms"":285956,""video_time_sec"":263.783,""probe_id"":""Block 3_4_f4f4d49f"",""probe_index"":4,""probe_schedule_id"":""f4f4d49f-d6a8-480e-9283-4ed2c9be5c32"",""probe_planned_time_sec"":263.671,""video_id"":""V4"",""response"":1,""confidence"":3,""response_time_ms"":1009}",47fb270e-4388-428d-9363-08e33f166980,sub-003,ses-001,cfd0fb69-ad74-4e97-bd97-6cf8fee0e47f,b362ba73-6683-4e82-884a-8ef54391d584,1789550565.2003803,1789550565.189,1323175.599999994,b362ba73-6683-4e82-884a-8ef54391d584,browser_calibrated,0.007630348205566406,5.700111389160156,306199,306199,0,-11.250019073486328,host_receive_nearest,verified,1,1,,,,,,,,,1,,,,,,,,,,,,,,,,,,,,V4,A,263.783,1789550565.189,1789550565.2163801,306199,Block 3_4_f4f4d49f,4,f4f4d49f-d6a8-480e-9283-4ed2c9be5c32,263.671,,,1009,3,,
2ce46410-2725-4128-8a9a-7710f62b3a46,phase_change,1789550565.2070303,1224.8,306210,3,3,,1,G03,A,focused,phase_change,video,,0.0,0.0,,,,,,,,47fb270e-4388-428d-9363-08e33f166980,sub-003,ses-001,2ce46410-2725-4128-8a9a-7710f62b3a46,b362ba73-6683-4e82-884a-8ef54391d584,1789550565.2323802,1789550565.1994,1323186.099999994,b362ba73-6683-4e82-884a-8ef54391d584,browser_calibrated,0.007630348205566406,5.700111389160156,306200,306200,0,9.349822998046875,host_receive_nearest,verified,1,1,,,,,,,,,1,,,,,,,,,,,,,,,,,,,,V4,A,263.837,1789550565.1994,1789550565.2323802,306200,,,,,,,,,,
2ce46410-2725-4128-8a9a-7710f62b3a46,video_resume,1789550565.2070303,1224.8,306210,3,3,,1,G03,A,focused,video_resume,263.837,,0.0,0.0,,,,,,,"{""client_event_id"":""2ce46410-2725-4128-8a9a-7710f62b3a46"",""recorder_run_id"":""47fb270e-4388-428d-9363-08e33f166980"",""client_id"":""b362ba73-6683-4e82-884a-8ef54391d584"",""client_timestamp"":1789550565.1994,""client_monotonic_ms"":1323186.099999994,""event_timestamp"":1789550565.2070303,""clock_offset_sec"":0.007630348205566406,""clock_round_trip_ms"":5.700111389160156,""subject_id"":""sub-003"",""session_id"":""ses-001"",""block_id"":""Block 3"",""counterbalance_group"":""G03"",""block_order"":""Block 3"",""condition"":""A"",""condition_type"":""focused"",""topic_key"":""V4"",""topic_name"":""中国古代最大的歼灭战 长平之战"",""event_type"":""video_resume"",""iso_time"":""2026-09-16T09:22:45.199Z"",""relative_ms"":285967,""video_time_sec"":263.837,""probe_id"":""Block 3_4_f4f4d49f"",""probe_index"":4,""probe_schedule_id"":""f4f4d49f-d6a8-480e-9283-4ed2c9be5c32"",""probe_planned_time_sec"":263.671,""video_id"":""V4"",""pause_reason"":""thought_probe"",""resume_status"":""playing""}",47fb270e-4388-428d-9363-08e33f166980,sub-003,ses-001,2ce46410-2725-4128-8a9a-7710f62b3a46,b362ba73-6683-4e82-884a-8ef54391d584,1789550565.2323802,1789550565.1994,1323186.099999994,b362ba73-6683-4e82-884a-8ef54391d584,browser_calibrated,0.007630348205566406,5.700111389160156,306200,306200,0,9.349822998046875,host_receive_nearest,verified,1,1,,,,,,,,,1,,,,,,,,,,,,,,,,,,,,V4,A,263.837,1789550565.1994,1789550565.2323802,306200,Block 3_4_f4f4d49f,,,,,,,,,thought_probe
ee697b82-6f69-4f80-8d74-ad6c512736cf,video_end,1789550615.2576802,1274.84,318715,3,3,,1,G03,A,focused,video_end,V4,,0.0,0.0,,,,,,,,47fb270e-4388-428d-9363-08e33f166980,sub-003,ses-001,ee697b82-6f69-4f80-8d74-ad6c512736cf,b362ba73-6683-4e82-884a-8ef54391d584,1789550615.2633803,1789550615.2485,1373235.099999994,b362ba73-6683-4e82-884a-8ef54391d584,browser_calibrated,0.009180068969726562,5.99980354309082,318710,318710,0,5.700111389160156,host_receive_nearest,verified,1,1,,,,,,,,,1,,,,,,,,,,,,,,,,,,,,V4,A,313.818,1789550615.2485,1789550615.2633803,318710,,,,,,,,,,
ee697b82-6f69-4f80-8d74-ad6c512736cf,browser_video_ended,1789550615.2576802,1274.84,318715,3,3,,1,G03,A,focused,browser_video_ended,,,0.0,0.0,,,,,,,"{""client_event_id"":""ee697b82-6f69-4f80-8d74-ad6c512736cf"",""recorder_run_id"":""47fb270e-4388-428d-9363-08e33f166980"",""client_id"":""b362ba73-6683-4e82-884a-8ef54391d584"",""client_timestamp"":1789550615.2485,""client_monotonic_ms"":1373235.099999994,""event_timestamp"":1789550615.2576802,""clock_offset_sec"":0.009180068969726562,""clock_round_trip_ms"":5.99980354309082,""subject_id"":""sub-003"",""session_id"":""ses-001"",""block_id"":""Block 3"",""counterbalance_group"":""G03"",""block_order"":""Block 3"",""condition"":""A"",""condition_type"":""focused"",""topic_key"":""V4"",""topic_name"":""中国古代最大的歼灭战 长平之战"",""event_type"":""video_ended"",""iso_time"":""2026-09-16T09:23:35.248Z"",""relative_ms"":336016,""video_time_sec"":313.818}",47fb270e-4388-428d-9363-08e33f166980,sub-003,ses-001,ee697b82-6f69-4f80-8d74-ad6c512736cf,b362ba73-6683-4e82-884a-8ef54391d584,1789550615.2633803,1789550615.2485,1373235.099999994,b362ba73-6683-4e82-884a-8ef54391d584,browser_calibrated,0.009180068969726562,5.99980354309082,318710,318710,0,5.700111389160156,host_receive_nearest,verified,1,1,,,,,,,,,1,,,,,,,,,,,,,,,,,,,,V4,A,313.818,1789550615.2485,1789550615.2633803,318710,,,,,,,,,,
fca34c68-e209-4679-9b48-5c8f740c0d45,browser_block_end,1789550615.26518,1274.876,318725,3,3,,1,G03,A,focused,browser_block_end,视频自然播放结束,,0.0,0.0,,,,,,,"{""client_event_id"":""fca34c68-e209-4679-9b48-5c8f740c0d45"",""recorder_run_id"":""47fb270e-4388-428d-9363-08e33f166980"",""client_id"":""b362ba73-6683-4e82-884a-8ef54391d584"",""client_timestamp"":1789550615.256,""client_monotonic_ms"":1373242.599999994,""event_timestamp"":1789550615.26518,""clock_offset_sec"":0.009180068969726562,""clock_round_trip_ms"":5.99980354309082,""subject_id"":""sub-003"",""session_id"":""ses-001"",""block_id"":""Block 3"",""counterbalance_group"":""G03"",""block_order"":""Block 3"",""condition"":""A"",""condition_type"":""focused"",""topic_key"":""V4"",""topic_name"":""中国古代最大的歼灭战 长平之战"",""event_type"":""block_end"",""iso_time"":""2026-09-16T09:23:35.256Z"",""relative_ms"":336023,""video_time_sec"":313.818,""reason"":""视频自然播放结束""}",47fb270e-4388-428d-9363-08e33f166980,sub-003,ses-001,fca34c68-e209-4679-9b48-5c8f740c0d45,b362ba73-6683-4e82-884a-8ef54391d584,1789550615.3103802,1789550615.256,1373242.599999994,b362ba73-6683-4e82-884a-8ef54391d584,browser_calibrated,0.009180068969726562,5.99980354309082,318719,318719,0,-1.7998218536376953,host_receive_nearest,verified,1,1,,,,,,,,,1,,,,,,,,,,,,,,,,,,,,V4,A,313.818,1789550615.256,1789550615.3103802,318719,,,,,,,,,,
ddcee317-3ed4-4959-bfe8-162777b76299,rating_start,1789550615.27328,1274.876,318735,3,3,,1,G03,A,focused,rating_start,,,0.0,0.0,,,,,,,"{""client_event_id"":""ddcee317-3ed4-4959-bfe8-162777b76299"",""recorder_run_id"":""47fb270e-4388-428d-9363-08e33f166980"",""client_id"":""b362ba73-6683-4e82-884a-8ef54391d584"",""client_timestamp"":1789550615.2640998,""client_monotonic_ms"":1373250.799999997,""event_timestamp"":1789550615.27328,""clock_offset_sec"":0.009180068969726562,""clock_round_trip_ms"":5.99980354309082,""subject_id"":""sub-003"",""session_id"":""ses-001"",""block_id"":""Block 3"",""counterbalance_group"":""G03"",""block_order"":""Block 3"",""condition"":""A"",""condition_type"":""focused"",""topic_key"":""V4"",""topic_name"":""中国古代最大的歼灭战 长平之战"",""event_type"":""rating_start"",""iso_time"":""2026-09-16T09:23:35.264Z"",""relative_ms"":336032,""video_time_sec"":313.818}",47fb270e-4388-428d-9363-08e33f166980,sub-003,ses-001,ddcee317-3ed4-4959-bfe8-162777b76299,b362ba73-6683-4e82-884a-8ef54391d584,1789550615.3253803,1789550615.2640998,1373250.799999997,b362ba73-6683-4e82-884a-8ef54391d584,browser_calibrated,0.009180068969726562,5.99980354309082,318719,318719,0,-9.899616241455078,host_receive_nearest,verified,1,1,,,,,,,,,1,,,,,,,,,,,,,,,,,,,,V4,A,313.818,1789550615.2640998,1789550615.3253803,318719,,,,,,,,,,
fe2dbe5d-aba3-4f2e-af6b-2efe349b87a1,rating_item_response,1789550619.58198,1279.16,319800,3,3,,1,G03,A,focused,rating_item_response,4,,0.0,0.0,,,,,,,"{""client_event_id"":""fe2dbe5d-aba3-4f2e-af6b-2efe349b87a1"",""recorder_run_id"":""47fb270e-4388-428d-9363-08e33f166980"",""client_id"":""b362ba73-6683-4e82-884a-8ef54391d584"",""client_timestamp"":1789550619.5728,""client_monotonic_ms"":1377559.399999991,""event_timestamp"":1789550619.58198,""clock_offset_sec"":0.009180068969726562,""clock_round_trip_ms"":5.99980354309082,""subject_id"":""sub-003"",""session_id"":""ses-001"",""block_id"":""Block 3"",""counterbalance_group"":""G03"",""block_order"":""Block 3"",""condition"":""A"",""condition_type"":""focused"",""topic_key"":""V4"",""topic_name"":""中国古代最大的歼灭战 长平之战"",""event_type"":""rating_item_response"",""iso_time"":""2026-09-16T09:23:39.572Z"",""relative_ms"":340340,""video_time_sec"":313.818,""rating_item"":""course_attention_rating"",""rating_value"":""4"",""response_time_ms"":4309}",47fb270e-4388-428d-9363-08e33f166980,sub-003,ses-001,fe2dbe5d-aba3-4f2e-af6b-2efe349b87a1,b362ba73-6683-4e82-884a-8ef54391d584,1789550619.5913801,1789550619.5728,1377559.399999991,b362ba73-6683-4e82-884a-8ef54391d584,browser_calibrated,0.009180068969726562,5.99980354309082,319790,319790,0,9.400129318237305,host_receive_nearest,verified,1,1,,,,,,,,,1,,,,,,,,,,,,,course_attention_rating,4,,,,,,V4,A,313.818,1789550619.5728,1789550619.5913801,319790,,,,,,,4309,,,
802787a0-16b7-4418-ab88-580fc5622a51,rating_item_response,1789550621.32178,1280.916,320230,3,3,,1,G03,A,focused,rating_item_response,3,,0.0,0.0,,,,,,,"{""client_event_id"":""802787a0-16b7-4418-ab88-580fc5622a51"",""recorder_run_id"":""47fb270e-4388-428d-9363-08e33f166980"",""client_id"":""b362ba73-6683-4e82-884a-8ef54391d584"",""client_timestamp"":1789550621.3126,""client_monotonic_ms"":1379299.200000003,""event_timestamp"":1789550621.32178,""clock_offset_sec"":0.009180068969726562,""clock_round_trip_ms"":5.99980354309082,""subject_id"":""sub-003"",""session_id"":""ses-001"",""block_id"":""Block 3"",""counterbalance_group"":""G03"",""block_order"":""Block 3"",""condition"":""A"",""condition_type"":""focused"",""topic_key"":""V4"",""topic_name"":""中国古代最大的歼灭战 长平之战"",""event_type"":""rating_item_response"",""iso_time"":""2026-09-16T09:23:41.312Z"",""relative_ms"":342080,""video_time_sec"":313.818,""rating_item"":""mental_effort"",""rating_value"":""3"",""response_time_ms"":6048}",47fb270e-4388-428d-9363-08e33f166980,sub-003,ses-001,802787a0-16b7-4418-ab88-580fc5622a51,b362ba73-6683-4e82-884a-8ef54391d584,1789550621.3413801,1789550621.3126,1379299.200000003,b362ba73-6683-4e82-884a-8ef54391d584,browser_calibrated,0.009180068969726562,5.99980354309082,320229,320229,0,-27.399778366088867,host_receive_nearest,verified,1,1,,,,,,,,,1,,,,,,,,,,,,,mental_effort,3,,,,,,V4,A,313.818,1789550621.3126,1789550621.3413801,320229,,,,,,,6048,,,
544a5805-d4c9-4c80-be4f-ec210b5b8a43,rating_item_response,1789550622.68608,1282.296,320575,3,3,,1,G03,A,focused,rating_item_response,4,,0.0,0.0,,,,,,,"{""client_event_id"":""544a5805-d4c9-4c80-be4f-ec210b5b8a43"",""recorder_run_id"":""47fb270e-4388-428d-9363-08e33f166980"",""client_id"":""b362ba73-6683-4e82-884a-8ef54391d584"",""client_timestamp"":1789550622.6769,""client_monotonic_ms"":1380663.599999994,""event_timestamp"":1789550622.68608,""clock_offset_sec"":0.009180068969726562,""clock_round_trip_ms"":5.99980354309082,""subject_id"":""sub-003"",""session_id"":""ses-001"",""block_id"":""Block 3"",""counterbalance_group"":""G03"",""block_order"":""Block 3"",""condition"":""A"",""condition_type"":""focused"",""topic_key"":""V4"",""topic_name"":""中国古代最大的歼灭战 长平之战"",""event_type"":""rating_item_response"",""iso_time"":""2026-09-16T09:23:42.676Z"",""relative_ms"":343444,""video_time_sec"":313.818,""rating_item"":""video_interest"",""rating_value"":""4"",""response_time_ms"":7413}",47fb270e-4388-428d-9363-08e33f166980,sub-003,ses-001,544a5805-d4c9-4c80-be4f-ec210b5b8a43,b362ba73-6683-4e82-884a-8ef54391d584,1789550622.7003803,1789550622.6769,1380663.599999994,b362ba73-6683-4e82-884a-8ef54391d584,browser_calibrated,0.009180068969726562,5.99980354309082,320574,320574,0,-16.699790954589844,host_receive_nearest,verified,1,1,,,,,,,,,1,,,,,,,,,,,,,video_interest,4,,,,,,V4,A,313.818,1789550622.6769,1789550622.7003803,320574,,,,,,,7413,,,
5b33f046-abab-4e4b-b95c-7d4ad6df5a9f,rating_item_response,1789550624.5179799,1284.116,321030,3,3,,1,G03,A,focused,rating_item_response,2,,0.0,0.0,,,,,,,"{""client_event_id"":""5b33f046-abab-4e4b-b95c-7d4ad6df5a9f"",""recorder_run_id"":""47fb270e-4388-428d-9363-08e33f166980"",""client_id"":""b362ba73-6683-4e82-884a-8ef54391d584"",""client_timestamp"":1789550624.5087998,""client_monotonic_ms"":1382495.399999991,""event_timestamp"":1789550624.5179799,""clock_offset_sec"":0.009180068969726562,""clock_round_trip_ms"":5.99980354309082,""subject_id"":""sub-003"",""session_id"":""ses-001"",""block_id"":""Block 3"",""counterbalance_group"":""G03"",""block_order"":""Block 3"",""condition"":""A"",""condition_type"":""focused"",""topic_key"":""V4"",""topic_name"":""中国古代最大的歼灭战 长平之战"",""event_type"":""rating_item_response"",""iso_time"":""2026-09-16T09:23:44.508Z"",""relative_ms"":345276,""video_time_sec"":313.818,""rating_item"":""video_difficulty"",""rating_value"":""2"",""response_time_ms"":9245}",47fb270e-4388-428d-9363-08e33f166980,sub-003,ses-001,5b33f046-abab-4e4b-b95c-7d4ad6df5a9f,b362ba73-6683-4e82-884a-8ef54391d584,1789550624.5293803,1789550624.5087998,1382495.399999991,b362ba73-6683-4e82-884a-8ef54391d584,browser_calibrated,0.009180068969726562,5.99980354309082,321029,321029,0,-4.599571228027344,host_receive_nearest,verified,1,1,,,,,,,,,1,,,,,,,,,,,,,video_difficulty,2,,,,,,V4,A,313.818,1789550624.5087998,1789550624.5293803,321029,,,,,,,9245,,,
84403ca3-6390-4baf-9c00-a1bb9e03b2ca,rating_end,1789550625.0532799,1284.656,321165,3,3,,1,G03,A,focused,rating_end,,9.78,0.0,0.0,,,,,,,"{""client_event_id"":""84403ca3-6390-4baf-9c00-a1bb9e03b2ca"",""recorder_run_id"":""47fb270e-4388-428d-9363-08e33f166980"",""client_id"":""b362ba73-6683-4e82-884a-8ef54391d584"",""client_timestamp"":1789550625.0440998,""client_monotonic_ms"":1383030.700000003,""event_timestamp"":1789550625.0532799,""clock_offset_sec"":0.009180068969726562,""clock_round_trip_ms"":5.99980354309082,""subject_id"":""sub-003"",""session_id"":""ses-001"",""block_id"":""Block 3"",""counterbalance_group"":""G03"",""block_order"":""Block 3"",""condition"":""A"",""condition_type"":""focused"",""topic_key"":""V4"",""topic_name"":""中国古代最大的歼灭战 长平之战"",""event_type"":""rating_end"",""iso_time"":""2026-09-16T09:23:45.044Z"",""relative_ms"":345811,""video_time_sec"":313.818,""video_id"":""V4"",""course_attention_rating"":4,""mental_effort"":3,""video_interest"":4,""video_difficulty"":2,""subtraction_compliance"":"""",""subtraction_difficulty"":"""",""reported_final_number"":"""",""duration_sec"":9.78,""submitted_iso"":""2026-09-16T09:23:45.044Z"",""submitted_relative_ms"":345811}",47fb270e-4388-428d-9363-08e33f166980,sub-003,ses-001,84403ca3-6390-4baf-9c00-a1bb9e03b2ca,b362ba73-6683-4e82-884a-8ef54391d584,1789550625.0603802,1789550625.0440998,1383030.700000003,b362ba73-6683-4e82-884a-8ef54391d584,browser_calibrated,0.009180068969726562,5.99980354309082,321164,321164,0,-8.899688720703125,host_receive_nearest,verified,1,1,,,,,,,,,1,,,,4,3,4,2,,,,,,,,,,,,,V4,A,313.818,1789550625.0440998,1789550625.0603802,321164,,,,,,,,,,
9437f993-0609-4dc0-b692-082a4c8d8db0,quiz_start,1789550625.05878,1284.656,321170,3,3,,1,G03,A,focused,quiz_start,,,0.0,0.0,,,,,,,"{""client_event_id"":""9437f993-0609-4dc0-b692-082a4c8d8db0"",""recorder_run_id"":""47fb270e-4388-428d-9363-08e33f166980"",""client_id"":""b362ba73-6683-4e82-884a-8ef54391d584"",""client_timestamp"":1789550625.0496,""client_monotonic_ms"":1383036.299999997,""event_timestamp"":1789550625.05878,""clock_offset_sec"":0.009180068969726562,""clock_round_trip_ms"":5.99980354309082,""subject_id"":""sub-003"",""session_id"":""ses-001"",""block_id"":""Block 3"",""counterbalance_group"":""G03"",""block_order"":""Block 3"",""condition"":""A"",""condition_type"":""focused"",""topic_key"":""V4"",""topic_name"":""中国古代最大的歼灭战 长平之战"",""event_type"":""quiz_start"",""iso_time"":""2026-09-16T09:23:45.049Z"",""relative_ms"":345817,""video_time_sec"":313.818}",47fb270e-4388-428d-9363-08e33f166980,sub-003,ses-001,9437f993-0609-4dc0-b692-082a4c8d8db0,b362ba73-6683-4e82-884a-8ef54391d584,1789550625.0913801,1789550625.0496,1383036.299999997,b362ba73-6683-4e82-884a-8ef54391d584,browser_calibrated,0.009180068969726562,5.99980354309082,321164,321164,0,-14.39976692199707,host_receive_nearest,verified,1,1,,,,,,,,,1,,,,,,,,,,,,,,,,,,,,V4,A,313.818,1789550625.0496,1789550625.0913801,321164,,,,,,,,,,
5d6ddcc1-480e-48ae-acb7-50b91c835b73,quiz_item_response,1789550637.13778,1296.716,324180,3,3,,1,G03,A,focused,quiz_item_response,长平之战发生在哪两个国家之间？,,0.0,0.0,,V4Q1,B,B,True,2126,"{""client_event_id"":""5d6ddcc1-480e-48ae-acb7-50b91c835b73"",""recorder_run_id"":""47fb270e-4388-428d-9363-08e33f166980"",""client_id"":""b362ba73-6683-4e82-884a-8ef54391d584"",""client_timestamp"":1789550637.1286,""client_monotonic_ms"":1395115.200000003,""event_timestamp"":1789550637.13778,""clock_offset_sec"":0.009180068969726562,""clock_round_trip_ms"":5.99980354309082,""subject_id"":""sub-003"",""session_id"":""ses-001"",""block_id"":""Block 3"",""counterbalance_group"":""G03"",""block_order"":""Block 3"",""condition"":""A"",""condition_type"":""focused"",""topic_key"":""V4"",""topic_name"":""中国古代最大的歼灭战 长平之战"",""event_type"":""quiz_item_response"",""iso_time"":""2026-09-16T09:23:57.128Z"",""relative_ms"":357896,""video_time_sec"":313.818,""video_id"":""V4"",""question_id"":""V4Q1"",""question_text"":""长平之战发生在哪两个国家之间？"",""response_index"":1,""response_letter"":""B"",""response_text"":""秦与赵"",""correct_index"":1,""correct_letter"":""B"",""correct_text"":""秦与赵"",""is_correct"":true,""reaction_time_ms"":2126,""submitted_iso"":""2026-09-16T09:23:57.128Z"",""submitted_relative_ms"":357896}",47fb270e-4388-428d-9363-08e33f166980,sub-003,ses-001,5d6ddcc1-480e-48ae-acb7-50b91c835b73,b362ba73-6683-4e82-884a-8ef54391d584,1789550637.1383803,1789550637.1286,1395115.200000003,b362ba73-6683-4e82-884a-8ef54391d584,browser_calibrated,0.009180068969726562,5.99980354309082,324179,324179,0,-30.399799346923828,host_receive_nearest,verified,1,1,,,,,,,,,1,,,,,,,,,,,,,,,,,长平之战发生在哪两个国家之间？,1,秦与赵,V4,A,313.818,1789550637.1286,1789550637.1383803,324179,,,,,,,,,,
26f2bef7-2d99-4371-9eb3-ea8c92dfa2eb,quiz_item_response,1789550637.1457798,1296.72,324195,3,3,,1,G03,A,focused,quiz_item_response,长平之战中，赵国最初的将领是谁？,,0.0,0.0,,V4Q2,A,A,True,4921,"{""client_event_id"":""26f2bef7-2d99-4371-9eb3-ea8c92dfa2eb"",""recorder_run_id"":""47fb270e-4388-428d-9363-08e33f166980"",""client_id"":""b362ba73-6683-4e82-884a-8ef54391d584"",""client_timestamp"":1789550637.1365998,""client_monotonic_ms"":1395123.200000003,""event_timestamp"":1789550637.1457798,""clock_offset_sec"":0.009180068969726562,""clock_round_trip_ms"":5.99980354309082,""subject_id"":""sub-003"",""session_id"":""ses-001"",""block_id"":""Block 3"",""counterbalance_group"":""G03"",""block_order"":""Block 3"",""condition"":""A"",""condition_type"":""focused"",""topic_key"":""V4"",""topic_name"":""中国古代最大的歼灭战 长平之战"",""event_type"":""quiz_item_response"",""iso_time"":""2026-09-16T09:23:57.136Z"",""relative_ms"":357904,""video_time_sec"":313.818,""video_id"":""V4"",""question_id"":""V4Q2"",""question_text"":""长平之战中，赵国最初的将领是谁？"",""response_index"":0,""response_letter"":""A"",""response_text"":""廉颇"",""correct_index"":0,""correct_letter"":""A"",""correct_text"":""廉颇"",""is_correct"":true,""reaction_time_ms"":4921,""submitted_iso"":""2026-09-16T09:23:57.136Z"",""submitted_relative_ms"":357904}",47fb270e-4388-428d-9363-08e33f166980,sub-003,ses-001,26f2bef7-2d99-4371-9eb3-ea8c92dfa2eb,b362ba73-6683-4e82-884a-8ef54391d584,1789550637.1853802,1789550637.1365998,1395123.200000003,b362ba73-6683-4e82-884a-8ef54391d584,browser_calibrated,0.009180068969726562,5.99980354309082,324180,324180,0,23.600339889526367,host_receive_nearest,verified,1,1,,,,,,,,,1,,,,,,,,,,,,,,,,,长平之战中，赵国最初的将领是谁？,0,廉颇,V4,A,313.818,1789550637.1365998,1789550637.1853802,324180,,,,,,,,,,
622045be-89d3-45de-9f15-614b763d7b35,quiz_item_response,1789550637.15078,1296.72,324195,3,3,,1,G03,A,focused,quiz_item_response,长平之战中，秦国的主将是谁？,,0.0,0.0,,V4Q3,B,B,True,7475,"{""client_event_id"":""622045be-89d3-45de-9f15-614b763d7b35"",""recorder_run_id"":""47fb270e-4388-428d-9363-08e33f166980"",""client_id"":""b362ba73-6683-4e82-884a-8ef54391d584"",""client_timestamp"":1789550637.1416,""client_monotonic_ms"":1395128.200000003,""event_timestamp"":1789550637.15078,""clock_offset_sec"":0.009180068969726562,""clock_round_trip_ms"":5.99980354309082,""subject_id"":""sub-003"",""session_id"":""ses-001"",""block_id"":""Block 3"",""counterbalance_group"":""G03"",""block_order"":""Block 3"",""condition"":""A"",""condition_type"":""focused"",""topic_key"":""V4"",""topic_name"":""中国古代最大的歼灭战 长平之战"",""event_type"":""quiz_item_response"",""iso_time"":""2026-09-16T09:23:57.141Z"",""relative_ms"":357909,""video_time_sec"":313.818,""video_id"":""V4"",""question_id"":""V4Q3"",""question_text"":""长平之战中，秦国的主将是谁？"",""response_index"":1,""response_letter"":""B"",""response_text"":""白起"",""correct_index"":1,""correct_letter"":""B"",""correct_text"":""白起"",""is_correct"":true,""reaction_time_ms"":7475,""submitted_iso"":""2026-09-16T09:23:57.141Z"",""submitted_relative_ms"":357909}",47fb270e-4388-428d-9363-08e33f166980,sub-003,ses-001,622045be-89d3-45de-9f15-614b763d7b35,b362ba73-6683-4e82-884a-8ef54391d584,1789550637.2163801,1789550637.1416,1395128.200000003,b362ba73-6683-4e82-884a-8ef54391d584,browser_calibrated,0.009180068969726562,5.99980354309082,324180,324180,0,18.6002254486084,host_receive_nearest,verified,1,1,,,,,,,,,1,,,,,,,,,,,,,,,,,长平之战中，秦国的主将是谁？,1,白起,V4,A,313.818,1789550637.1416,1789550637.2163801,324180,,,,,,,,,,
03701f20-e2ba-498e-9e54-b68771cae360,quiz_item_response,1789550637.15588,1296.72,324210,3,3,,1,G03,A,focused,quiz_item_response,长平之战对战国局势的影响是？,,0.0,0.0,,V4Q4,B,B,True,11310,"{""client_event_id"":""03701f20-e2ba-498e-9e54-b68771cae360"",""recorder_run_id"":""47fb270e-4388-428d-9363-08e33f166980"",""client_id"":""b362ba73-6683-4e82-884a-8ef54391d584"",""client_timestamp"":1789550637.1467,""client_monotonic_ms"":1395133.299999997,""event_timestamp"":1789550637.15588,""clock_offset_sec"":0.009180068969726562,""clock_round_trip_ms"":5.99980354309082,""subject_id"":""sub-003"",""session_id"":""ses-001"",""block_id"":""Block 3"",""counterbalance_group"":""G03"",""block_order"":""Block 3"",""condition"":""A"",""condition_type"":""focused"",""topic_key"":""V4"",""topic_name"":""中国古代最大的歼灭战 长平之战"",""event_type"":""quiz_item_response"",""iso_time"":""2026-09-16T09:23:57.146Z"",""relative_ms"":357914,""video_time_sec"":313.818,""video_id"":""V4"",""question_id"":""V4Q4"",""question_text"":""长平之战对战国局势的影响是？"",""response_index"":1,""response_letter"":""B"",""response_text"":""赵国元气大伤，秦国统一趋势加强"",""correct_index"":1,""correct_letter"":""B"",""correct_text"":""赵国元气大伤，秦国统一趋势加强"",""is_correct"":true,""reaction_time_ms"":11310,""submitted_iso"":""2026-09-16T09:23:57.146Z"",""submitted_relative_ms"":357914}",47fb270e-4388-428d-9363-08e33f166980,sub-003,ses-001,03701f20-e2ba-498e-9e54-b68771cae360,b362ba73-6683-4e82-884a-8ef54391d584,1789550637.2473803,1789550637.1467,1395133.299999997,b362ba73-6683-4e82-884a-8ef54391d584,browser_calibrated,0.009180068969726562,5.99980354309082,324180,324180,0,13.500213623046875,host_receive_nearest,verified,1,1,,,,,,,,,1,,,,,,,,,,,,,,,,,长平之战对战国局势的影响是？,1,赵国元气大伤，秦国统一趋势加强,V4,A,313.818,1789550637.1467,1789550637.2473803,324180,,,,,,,,,,
8ffcd53e-2a57-49f5-9fe1-9013ce7f63d6,quiz_end,1789550637.16168,1296.72,324215,3,3,,1,G03,A,focused,quiz_end,4/4,12.103,0.0,0.0,,,,,,,"{""client_event_id"":""8ffcd53e-2a57-49f5-9fe1-9013ce7f63d6"",""recorder_run_id"":""47fb270e-4388-428d-9363-08e33f166980"",""client_id"":""b362ba73-6683-4e82-884a-8ef54391d584"",""client_timestamp"":1789550637.1525,""client_monotonic_ms"":1395139.200000003,""event_timestamp"":1789550637.16168,""clock_offset_sec"":0.009180068969726562,""clock_round_trip_ms"":5.99980354309082,""subject_id"":""sub-003"",""session_id"":""ses-001"",""block_id"":""Block 3"",""counterbalance_group"":""G03"",""block_order"":""Block 3"",""condition"":""A"",""condition_type"":""focused"",""topic_key"":""V4"",""topic_name"":""中国古代最大的歼灭战 长平之战"",""event_type"":""quiz_end"",""iso_time"":""2026-09-16T09:23:57.152Z"",""relative_ms"":357920,""video_time_sec"":313.818,""score"":4,""total"":4,""duration_sec"":12.103}",47fb270e-4388-428d-9363-08e33f166980,sub-003,ses-001,8ffcd53e-2a57-49f5-9fe1-9013ce7f63d6,b362ba73-6683-4e82-884a-8ef54391d584,1789550637.2633803,1789550637.1525,1395139.200000003,b362ba73-6683-4e82-884a-8ef54391d584,browser_calibrated,0.009180068969726562,5.99980354309082,324180,324180,0,7.700204849243164,host_receive_nearest,verified,1,1,,,,,,,,,1,,,,,,,,,,,,,,,4,4,,,,V4,A,313.818,1789550637.1525,1789550637.2633803,324180,,,,,,,,,,
8ffcd53e-2a57-49f5-9fe1-9013ce7f63d6,block_end,1789550637.16168,1296.72,324215,3,3,,1,G03,A,focused,block_end,V4,,0.0,0.0,,,,,,,,47fb270e-4388-428d-9363-08e33f166980,sub-003,ses-001,8ffcd53e-2a57-49f5-9fe1-9013ce7f63d6,b362ba73-6683-4e82-884a-8ef54391d584,1789550637.2633803,1789550637.1525,1395139.200000003,b362ba73-6683-4e82-884a-8ef54391d584,browser_calibrated,0.009180068969726562,5.99980354309082,324180,324180,0,7.700204849243164,host_receive_nearest,verified,1,1,,,,,,,,,1,,,,,,,,,,,,,,,,,,,,V4,A,313.818,1789550637.1525,1789550637.2633803,324180,,,,,,,,,,
ceda57f7-62b6-47ea-add8-bd9b129366b3,rest_start,1789550637.17358,1296.776,324220,3,3,,1,G03,A,focused,rest_start,after-block-3,,0.0,0.0,,,,,,,"{""client_event_id"":""ceda57f7-62b6-47ea-add8-bd9b129366b3"",""recorder_run_id"":""47fb270e-4388-428d-9363-08e33f166980"",""client_id"":""b362ba73-6683-4e82-884a-8ef54391d584"",""client_timestamp"":1789550637.1643999,""client_monotonic_ms"":1395151.099999994,""event_timestamp"":1789550637.17358,""clock_offset_sec"":0.009180068969726562,""clock_round_trip_ms"":5.99980354309082,""subject_id"":""sub-003"",""session_id"":""ses-001"",""block_id"":""Block 3"",""counterbalance_group"":""G03"",""block_order"":""Block 3"",""condition"":""A"",""condition_type"":""focused"",""topic_key"":""V4"",""topic_name"":""中国古代最大的歼灭战 长平之战"",""event_type"":""rest_start"",""iso_time"":""2026-09-16T09:23:57.164Z"",""relative_ms"":357932,""video_time_sec"":313.818,""after_block_id"":3,""planned_duration"":30,""actual_duration"":"""",""is_formal_experiment"":0}",47fb270e-4388-428d-9363-08e33f166980,sub-003,ses-001,ceda57f7-62b6-47ea-add8-bd9b129366b3,b362ba73-6683-4e82-884a-8ef54391d584,1789550637.2793803,1789550637.1643999,1395151.099999994,b362ba73-6683-4e82-884a-8ef54391d584,browser_calibrated,0.009180068969726562,5.99980354309082,324194,324194,0,-4.199743270874023,host_receive_nearest,verified,0,1,,,,,3,,30,,0,,,,,,,,,,,,,,,,,,,,V4,A,313.818,1789550637.1643999,1789550637.2943802,324194,,,,,,,,,,
adbfd200-e567-448a-9fe7-98ecaea1d925,rest_end,1789550671.3352802,1330.92,332740,3,3,,1,G03,A,focused,rest_end,after-block-3,34.164,0.0,0.0,,,,,,,"{""client_event_id"":""adbfd200-e567-448a-9fe7-98ecaea1d925"",""recorder_run_id"":""47fb270e-4388-428d-9363-08e33f166980"",""client_id"":""b362ba73-6683-4e82-884a-8ef54391d584"",""client_timestamp"":1789550671.3284,""client_monotonic_ms"":1429315.099999994,""event_timestamp"":1789550671.3352802,""clock_offset_sec"":0.006880283355712891,""clock_round_trip_ms"":6.000041961669922,""subject_id"":""sub-003"",""session_id"":""ses-001"",""block_id"":""Block 3"",""counterbalance_group"":""G03"",""block_order"":""Block 3"",""condition"":""A"",""condition_type"":""focused"",""topic_key"":""V4"",""topic_name"":""中国古代最大的歼灭战 长平之战"",""event_type"":""rest_end"",""iso_time"":""2026-09-16T09:24:31.328Z"",""relative_ms"":392096,""video_time_sec"":313.818,""after_block_id"":3,""planned_duration"":30,""actual_duration"":34.164,""duration_sec"":34.164,""is_formal_experiment"":0,""debug_early"":false}",47fb270e-4388-428d-9363-08e33f166980,sub-003,ses-001,adbfd200-e567-448a-9fe7-98ecaea1d925,b362ba73-6683-4e82-884a-8ef54391d584,1789550671.3413801,1789550671.3284,1429315.099999994,b362ba73-6683-4e82-884a-8ef54391d584,browser_calibrated,0.006880283355712891,6.000041961669922,332730,332730,0,6.099939346313477,host_receive_nearest,verified,0,1,,,,,3,,30,34.164,0,,,,,,,,,,,,,,,,,,,,V4,A,313.818,1789550671.3284,1789550671.3413801,332730,,,,,,,,,,
baf6963a-e9f3-4f27-93a6-3c5fe2c5fb58,block_start,1789550673.4958804,1333.08,333280,4,4,,2,G03,B,bbbd_subtraction,block_start,V5,,0.0,0.0,,,,,,,condition=B; condition_type=bbbd_subtraction,47fb270e-4388-428d-9363-08e33f166980,sub-003,ses-001,baf6963a-e9f3-4f27-93a6-3c5fe2c5fb58,b362ba73-6683-4e82-884a-8ef54391d584,1789550673.4973803,1789550673.489,1431475.599999994,b362ba73-6683-4e82-884a-8ef54391d584,browser_calibrated,0.006880283355712891,6.000041961669922,333270,333270,0,1.4998912811279297,host_receive_nearest,verified,0,1,887,1789549308.8103802,,,,,,,1,,,,,,,,,,,,,,,,,,,,V5,B,0,1789550673.489,1789550673.4973803,333270,,,,,,,,,,
baf6963a-e9f3-4f27-93a6-3c5fe2c5fb58,condition_prompt_start,1789550673.4958804,1333.08,333280,4,4,,2,G03,B,bbbd_subtraction,condition_prompt_start,B,,0.0,0.0,,,,,,,,47fb270e-4388-428d-9363-08e33f166980,sub-003,ses-001,baf6963a-e9f3-4f27-93a6-3c5fe2c5fb58,b362ba73-6683-4e82-884a-8ef54391d584,1789550673.4973803,1789550673.489,1431475.599999994,b362ba73-6683-4e82-884a-8ef54391d584,browser_calibrated,0.006880283355712891,6.000041961669922,333270,333270,0,1.4998912811279297,host_receive_nearest,verified,0,1,,,,,,,,,1,,,,,,,,,,,,,,,,,,,,V5,B,0,1789550673.489,1789550673.4973803,333270,,,,,,,,,,
baf6963a-e9f3-4f27-93a6-3c5fe2c5fb58,browser_block_config,1789550673.4958804,1333.08,333280,4,4,,2,G03,B,bbbd_subtraction,browser_block_config,V5,,0.0,0.0,,,,,,,"{""client_event_id"":""baf6963a-e9f3-4f27-93a6-3c5fe2c5fb58"",""recorder_run_id"":""47fb270e-4388-428d-9363-08e33f166980"",""client_id"":""b362ba73-6683-4e82-884a-8ef54391d584"",""client_timestamp"":1789550673.489,""client_monotonic_ms"":1431475.599999994,""event_timestamp"":1789550673.4958804,""clock_offset_sec"":0.006880283355712891,""clock_round_trip_ms"":6.000041961669922,""subject_id"":""sub-003"",""session_id"":""ses-001"",""block_id"":""Block 4"",""counterbalance_group"":""G03"",""block_order"":""Block 4"",""condition"":""B"",""condition_type"":""bbbd_subtraction"",""topic_key"":""V5"",""topic_name"":""千古一帝秦始皇都做了什么"",""event_type"":""block_start"",""iso_time"":""2026-09-16T09:24:33.488Z"",""relative_ms"":0,""video_time_sec"":0,""block_start_iso"":""2026-09-16T09:24:33.488Z"",""config_json"":""{\""recorder_run_id\"":\""47fb270e-4388-428d-9363-08e33f166980\"",\""subject_id\"":\""sub-003\"",\""session_id\"":\""ses-001\"",\""block_id\"":\""Block 4\"",\""counterbalance_group\"":\""G03\"",\""condition\"":\""B\"",\""condition_type\"":\""bbbd_subtraction\"",\""topic_key\"":\""V5\"",\""topic_name\"":\""千古一帝秦始皇都做了什么\"",\""video_file\"":\""视频5-混知漫画｜千古一帝秦始皇都干了啥？-480P 标清-AVC.mp4\"",\""start_number\"":887,\""generated_timestamp\"":1789549308.8103802}""}",47fb270e-4388-428d-9363-08e33f166980,sub-003,ses-001,baf6963a-e9f3-4f27-93a6-3c5fe2c5fb58,b362ba73-6683-4e82-884a-8ef54391d584,1789550673.4973803,1789550673.489,1431475.599999994,b362ba73-6683-4e82-884a-8ef54391d584,browser_calibrated,0.006880283355712891,6.000041961669922,333270,333270,0,1.4998912811279297,host_receive_nearest,verified,0,1,,,,,,,,,1,,,,,,,,,,,,,,,,,,,,V5,B,0,1789550673.489,1789550673.4973803,333270,,,,,,,,,,
46cc0d13-2e52-43e9-86fc-62681de8a772,probe_schedule,1789550673.5529802,1333.14,333295,4,4,,2,G03,B,bbbd_subtraction,probe_schedule,"84.548,138.024,255.3,341.239",,0.0,0.0,,,,,,,"{""client_event_id"":""46cc0d13-2e52-43e9-86fc-62681de8a772"",""recorder_run_id"":""47fb270e-4388-428d-9363-08e33f166980"",""client_id"":""b362ba73-6683-4e82-884a-8ef54391d584"",""client_timestamp"":1789550673.5461,""client_monotonic_ms"":1431532.799999997,""event_timestamp"":1789550673.5529802,""clock_offset_sec"":0.006880283355712891,""clock_round_trip_ms"":6.000041961669922,""subject_id"":""sub-003"",""session_id"":""ses-001"",""block_id"":""Block 4"",""counterbalance_group"":""G03"",""block_order"":""Block 4"",""condition"":""B"",""condition_type"":""bbbd_subtraction"",""topic_key"":""V5"",""topic_name"":""千古一帝秦始皇都做了什么"",""event_type"":""probe_schedule"",""iso_time"":""2026-09-16T09:24:33.546Z"",""relative_ms"":57,""video_time_sec"":0,""probe_schedule_id"":""94a477f7-33d6-4c25-a1b8-d659227deafd"",""probe_times"":[84.548,138.024,255.3,341.239],""probe_config"":{""probes_per_block"":4,""min_first_onset_sec"":45,""min_end_margin_sec"":30,""min_gap_sec"":45},""video_duration_sec"":391.048,""video_id"":""V5"",""debug_fast"":false}",47fb270e-4388-428d-9363-08e33f166980,sub-003,ses-001,46cc0d13-2e52-43e9-86fc-62681de8a772,b362ba73-6683-4e82-884a-8ef54391d584,1789550673.5603802,1789550673.5461,1431532.799999997,b362ba73-6683-4e82-884a-8ef54391d584,browser_calibrated,0.006880283355712891,6.000041961669922,333285,333285,0,7.400035858154297,host_receive_nearest,verified,1,1,,,,,,,,,1,,,,,,,,,,,,,,,,,,,,V5,B,0,1789550673.5461,1789550673.5603802,333285,,4,94a477f7-33d6-4c25-a1b8-d659227deafd,,,,,,,
ad8555ed-7ba7-4e3b-b267-868efd09e4e0,subtraction_start_number_displayed,1789550673.5587802,1333.14,333295,4,4,,2,G03,B,bbbd_subtraction,subtraction_start_number_displayed,887,,0.0,0.0,,,,,,,"{""client_event_id"":""ad8555ed-7ba7-4e3b-b267-868efd09e4e0"",""recorder_run_id"":""47fb270e-4388-428d-9363-08e33f166980"",""client_id"":""b362ba73-6683-4e82-884a-8ef54391d584"",""client_timestamp"":1789550673.5519,""client_monotonic_ms"":1431538.5,""event_timestamp"":1789550673.5587802,""clock_offset_sec"":0.006880283355712891,""clock_round_trip_ms"":6.000041961669922,""subject_id"":""sub-003"",""session_id"":""ses-001"",""block_id"":""Block 4"",""counterbalance_group"":""G03"",""block_order"":""Block 4"",""condition"":""B"",""condition_type"":""bbbd_subtraction"",""topic_key"":""V5"",""topic_name"":""千古一帝秦始皇都做了什么"",""event_type"":""subtraction_start_number_displayed"",""iso_time"":""2026-09-16T09:24:33.551Z"",""relative_ms"":63,""video_time_sec"":0,""start_number"":887,""generated_timestamp"":1789549308.8103802,""displayed_timestamp"":1789550673.5519}",47fb270e-4388-428d-9363-08e33f166980,sub-003,ses-001,ad8555ed-7ba7-4e3b-b267-868efd09e4e0,b362ba73-6683-4e82-884a-8ef54391d584,1789550673.5753803,1789550673.5519,1431538.5,b362ba73-6683-4e82-884a-8ef54391d584,browser_calibrated,0.006880283355712891,6.000041961669922,333285,333285,0,1.600027084350586,host_receive_nearest,verified,1,0,887,1789549308.8103802,1789550673.5519,,,,,,1,,,,,,,,,,,,,,,,,,,,V5,B,0,1789550673.5519,1789550673.5913801,333285,,,,,,,,,,
77b8b65f-f0b7-4fc8-ae6a-0fd80b6a084c,condition_prompt_end,1789550678.5707,1338.176,334545,4,4,,2,G03,B,bbbd_subtraction,condition_prompt_end,0,,0.0,0.0,,,,,,,"{""client_event_id"":""77b8b65f-f0b7-4fc8-ae6a-0fd80b6a084c"",""recorder_run_id"":""47fb270e-4388-428d-9363-08e33f166980"",""client_id"":""b362ba73-6683-4e82-884a-8ef54391d584"",""client_timestamp"":1789550678.5707998,""client_monotonic_ms"":1436557.399999991,""event_timestamp"":1789550678.5707,""clock_offset_sec"":0.006880283355712891,""clock_round_trip_ms"":6.000041961669922,""subject_id"":""sub-003"",""session_id"":""ses-001"",""block_id"":""Block 4"",""counterbalance_group"":""G03"",""block_order"":""Block 4"",""condition"":""B"",""condition_type"":""bbbd_subtraction"",""topic_key"":""V5"",""topic_name"":""千古一帝秦始皇都做了什么"",""event_type"":""condition_prompt_end"",""iso_time"":""2026-09-16T09:24:38.570Z"",""relative_ms"":5082,""video_time_sec"":0}",47fb270e-4388-428d-9363-08e33f166980,sub-003,ses-001,77b8b65f-f0b7-4fc8-ae6a-0fd80b6a084c,b362ba73-6683-4e82-884a-8ef54391d584,1789550678.5913801,1789550678.5707998,1436557.399999991,b362ba73-6683-4e82-884a-8ef54391d584,browser_calibrated,0.006880283355712891,6.000041961669922,334544,334544,0,-10.319709777832031,host_receive_nearest,verified,1,0,,,,,,,,,1,,,,,,,,,,,,,,,,,,,,V5,B,0,1789550678.5707998,1789550678.5913801,334544,,,,,,,,,,
b86bf84c-eb0b-487b-a7c1-e69137f48ded,video_start,1789550678.5707,1338.176,334545,4,4,,2,G03,B,bbbd_subtraction,video_start,V5,,0.0,0.0,,,,,,,,47fb270e-4388-428d-9363-08e33f166980,sub-003,ses-001,b86bf84c-eb0b-487b-a7c1-e69137f48ded,b362ba73-6683-4e82-884a-8ef54391d584,1789550678.6223803,1789550678.5775,1436564.099999994,b362ba73-6683-4e82-884a-8ef54391d584,browser_calibrated,0.006880283355712891,6.000041961669922,334544,334544,0,-10.319709777832031,host_receive_nearest,verified,1,1,,,,,,,,,1,,,,,,,,,,,,,,,,,,,,V5,B,0,1789550678.5775,1789550678.6223803,334544,,,,,,,,,,
b86bf84c-eb0b-487b-a7c1-e69137f48ded,video_play,1789550678.5707,1338.176,334545,4,4,,2,G03,B,bbbd_subtraction,video_play,0,,0.0,0.0,,,,,,,"{""client_event_id"":""b86bf84c-eb0b-487b-a7c1-e69137f48ded"",""recorder_run_id"":""47fb270e-4388-428d-9363-08e33f166980"",""client_id"":""b362ba73-6683-4e82-884a-8ef54391d584"",""client_timestamp"":1789550678.5775,""client_monotonic_ms"":1436564.099999994,""event_timestamp"":1789550678.5707,""clock_offset_sec"":0.006880283355712891,""clock_round_trip_ms"":6.000041961669922,""subject_id"":""sub-003"",""session_id"":""ses-001"",""block_id"":""Block 4"",""counterbalance_group"":""G03"",""block_order"":""Block 4"",""condition"":""B"",""condition_type"":""bbbd_subtraction"",""topic_key"":""V5"",""topic_name"":""千古一帝秦始皇都做了什么"",""event_type"":""video_play"",""iso_time"":""2026-09-16T09:24:38.577Z"",""relative_ms"":5089,""video_time_sec"":0}",47fb270e-4388-428d-9363-08e33f166980,sub-003,ses-001,b86bf84c-eb0b-487b-a7c1-e69137f48ded,b362ba73-6683-4e82-884a-8ef54391d584,1789550678.6223803,1789550678.5775,1436564.099999994,b362ba73-6683-4e82-884a-8ef54391d584,browser_calibrated,0.006880283355712891,6.000041961669922,334544,334544,0,-10.319709777832031,host_receive_nearest,verified,1,1,,,,,,,,,1,,,,,,,,,,,,,,,,,,,,V5,B,0,1789550678.5775,1789550678.6223803,334544,,,,,,,,,,
4a9e826b-d21c-4a66-b8f2-d0d44d3ea21a,subtraction_start_number_hidden,1789550678.5707,1338.176,334560,4,4,,2,G03,B,bbbd_subtraction,subtraction_start_number_hidden,887,,0.0,0.0,,,,,,,"{""client_event_id"":""4a9e826b-d21c-4a66-b8f2-d0d44d3ea21a"",""recorder_run_id"":""47fb270e-4388-428d-9363-08e33f166980"",""client_id"":""b362ba73-6683-4e82-884a-8ef54391d584"",""client_timestamp"":1789550678.5837,""client_monotonic_ms"":1436570.299999997,""event_timestamp"":1789550678.5707,""clock_offset_sec"":0.006880283355712891,""clock_round_trip_ms"":6.000041961669922,""subject_id"":""sub-003"",""session_id"":""ses-001"",""block_id"":""Block 4"",""counterbalance_group"":""G03"",""block_order"":""Block 4"",""condition"":""B"",""condition_type"":""bbbd_subtraction"",""topic_key"":""V5"",""topic_name"":""千古一帝秦始皇都做了什么"",""event_type"":""subtraction_start_number_hidden"",""iso_time"":""2026-09-16T09:24:38.583Z"",""relative_ms"":5095,""video_time_sec"":0,""start_number"":887,""generated_timestamp"":1789549308.8103802,""displayed_timestamp"":1789550673.5519,""hidden_timestamp"":1789550678.5707}",47fb270e-4388-428d-9363-08e33f166980,sub-003,ses-001,4a9e826b-d21c-4a66-b8f2-d0d44d3ea21a,b362ba73-6683-4e82-884a-8ef54391d584,1789550678.6383803,1789550678.5837,1436570.299999997,b362ba73-6683-4e82-884a-8ef54391d584,browser_calibrated,0.006880283355712891,6.000041961669922,334544,334544,0,-10.319709777832031,host_receive_nearest,verified,1,0,887,1789549308.8103802,1789550673.5519,1789550678.5707,,,,,1,,,,,,,,,,,,,,,,,,,,V5,B,0,1789550678.5837,1789550678.6383803,334544,,,,,,,,,,
3912cc88-7114-4d0d-a1bb-240ef6854531,probe_onset,1789550763.3901803,1422.992,355749,4,4,,2,G03,B,bbbd_subtraction,probe_onset,Block 4_1_94a477f7,,0.0,0.0,,,,,,,"{""client_event_id"":""3912cc88-7114-4d0d-a1bb-240ef6854531"",""recorder_run_id"":""47fb270e-4388-428d-9363-08e33f166980"",""client_id"":""b362ba73-6683-4e82-884a-8ef54391d584"",""client_timestamp"":1789550763.3820999,""client_monotonic_ms"":1521368.799999997,""event_timestamp"":1789550763.3901803,""clock_offset_sec"":0.008080482482910156,""clock_round_trip_ms"":6.200075149536133,""subject_id"":""sub-003"",""session_id"":""ses-001"",""block_id"":""Block 4"",""counterbalance_group"":""G03"",""block_order"":""Block 4"",""condition"":""B"",""condition_type"":""bbbd_subtraction"",""topic_key"":""V5"",""topic_name"":""千古一帝秦始皇都做了什么"",""event_type"":""probe_onset"",""iso_time"":""2026-09-16T09:26:03.382Z"",""relative_ms"":89893,""video_time_sec"":84.757,""probe_id"":""Block 4_1_94a477f7"",""probe_index"":1,""probe_schedule_id"":""94a477f7-33d6-4c25-a1b8-d659227deafd"",""probe_planned_time_sec"":84.548,""video_id"":""V5"",""pause_reason"":""thought_probe"",""forced"":false}",47fb270e-4388-428d-9363-08e33f166980,sub-003,ses-001,3912cc88-7114-4d0d-a1bb-240ef6854531,b362ba73-6683-4e82-884a-8ef54391d584,1789550763.3883803,1789550763.3820999,1521368.799999997,b362ba73-6683-4e82-884a-8ef54391d584,browser_calibrated,0.008080482482910156,6.200075149536133,355748,355748,0,-17.800092697143555,host_receive_nearest,verified,1,1,,,,,,,,,1,,,,,,,,,,,,,,,,,,,,V5,B,84.757,1789550763.3820999,1789550763.3883803,355748,Block 4_1_94a477f7,1,94a477f7-33d6-4c25-a1b8-d659227deafd,84.548,,,,,,thought_probe
49e25468-5778-4bf1-a7e4-ab51a784bb7f,attention_response,1789550766.3542805,1425.952,356499,4,4,,2,G03,B,bbbd_subtraction,attention_response,2,,0.0,0.0,,,,,,,"{""client_event_id"":""49e25468-5778-4bf1-a7e4-ab51a784bb7f"",""recorder_run_id"":""47fb270e-4388-428d-9363-08e33f166980"",""client_id"":""b362ba73-6683-4e82-884a-8ef54391d584"",""client_timestamp"":1789550766.3462,""client_monotonic_ms"":1524332.799999997,""event_timestamp"":1789550766.3542805,""clock_offset_sec"":0.008080482482910156,""clock_round_trip_ms"":6.200075149536133,""subject_id"":""sub-003"",""session_id"":""ses-001"",""block_id"":""Block 4"",""counterbalance_group"":""G03"",""block_order"":""Block 4"",""condition"":""B"",""condition_type"":""bbbd_subtraction"",""topic_key"":""V5"",""topic_name"":""千古一帝秦始皇都做了什么"",""event_type"":""attention_response"",""iso_time"":""2026-09-16T09:26:06.346Z"",""relative_ms"":92857,""video_time_sec"":84.757,""probe_id"":""Block 4_1_94a477f7"",""probe_index"":1,""probe_schedule_id"":""94a477f7-33d6-4c25-a1b8-d659227deafd"",""probe_planned_time_sec"":84.548,""video_id"":""V5"",""response"":2,""response_label"":""连续减7心算任务"",""probe_attention"":""OFF"",""response_time_ms"":2964}",47fb270e-4388-428d-9363-08e33f166980,sub-003,ses-001,49e25468-5778-4bf1-a7e4-ab51a784bb7f,b362ba73-6683-4e82-884a-8ef54391d584,1789550766.3883803,1789550766.3462,1524332.799999997,b362ba73-6683-4e82-884a-8ef54391d584,browser_calibrated,0.008080482482910156,6.200075149536133,356488,356488,0,-12.900352478027344,host_receive_nearest,verified,1,1,,,,,,,,,1,,,,,,,,,,,,,,,,,,,,V5,B,84.757,1789550766.3462,1789550766.3883803,356488,Block 4_1_94a477f7,1,94a477f7-33d6-4c25-a1b8-d659227deafd,84.548,2,连续减7心算任务,2964,,OFF,
4b894cff-4694-48e3-a123-585ecf5a44f3,confidence_response,1789550767.4761803,1427.072,356769,4,4,,2,G03,B,bbbd_subtraction,confidence_response,3,,0.0,0.0,,,,,,,"{""client_event_id"":""4b894cff-4694-48e3-a123-585ecf5a44f3"",""recorder_run_id"":""47fb270e-4388-428d-9363-08e33f166980"",""client_id"":""b362ba73-6683-4e82-884a-8ef54391d584"",""client_timestamp"":1789550767.4680998,""client_monotonic_ms"":1525454.700000003,""event_timestamp"":1789550767.4761803,""clock_offset_sec"":0.008080482482910156,""clock_round_trip_ms"":6.200075149536133,""subject_id"":""sub-003"",""session_id"":""ses-001"",""block_id"":""Block 4"",""counterbalance_group"":""G03"",""block_order"":""Block 4"",""condition"":""B"",""condition_type"":""bbbd_subtraction"",""topic_key"":""V5"",""topic_name"":""千古一帝秦始皇都做了什么"",""event_type"":""confidence_response"",""iso_time"":""2026-09-16T09:26:07.468Z"",""relative_ms"":93979,""video_time_sec"":84.757,""probe_id"":""Block 4_1_94a477f7"",""probe_index"":1,""probe_schedule_id"":""94a477f7-33d6-4c25-a1b8-d659227deafd"",""probe_planned_time_sec"":84.548,""video_id"":""V5"",""response"":2,""confidence"":3,""response_time_ms"":1122}",47fb270e-4388-428d-9363-08e33f166980,sub-003,ses-001,4b894cff-4694-48e3-a123-585ecf5a44f3,b362ba73-6683-4e82-884a-8ef54391d584,1789550767.4823802,1789550767.4680998,1525454.700000003,b362ba73-6683-4e82-884a-8ef54391d584,browser_calibrated,0.008080482482910156,6.200075149536133,356768,356768,0,-25.799989700317383,host_receive_nearest,verified,1,1,,,,,,,,,1,,,,,,,,,,,,,,,,,,,,V5,B,84.757,1789550767.4680998,1789550767.4823802,356768,Block 4_1_94a477f7,1,94a477f7-33d6-4c25-a1b8-d659227deafd,84.548,,,1122,3,,
7619976a-61a7-476c-82c2-de6e6b086bb6,phase_change,1789550767.4849803,1427.076,356774,4,4,,2,G03,B,bbbd_subtraction,phase_change,video,,0.0,0.0,,,,,,,,47fb270e-4388-428d-9363-08e33f166980,sub-003,ses-001,7619976a-61a7-476c-82c2-de6e6b086bb6,b362ba73-6683-4e82-884a-8ef54391d584,1789550767.5133803,1789550767.4768999,1525463.5,b362ba73-6683-4e82-884a-8ef54391d584,browser_calibrated,0.008080482482910156,6.200075149536133,356769,356769,0,-2.6001930236816406,host_receive_nearest,verified,1,1,,,,,,,,,1,,,,,,,,,,,,,,,,,,,,V5,B,84.822,1789550767.4768999,1789550767.5133803,356769,,,,,,,,,,
7619976a-61a7-476c-82c2-de6e6b086bb6,video_resume,1789550767.4849803,1427.076,356774,4,4,,2,G03,B,bbbd_subtraction,video_resume,84.822,,0.0,0.0,,,,,,,"{""client_event_id"":""7619976a-61a7-476c-82c2-de6e6b086bb6"",""recorder_run_id"":""47fb270e-4388-428d-9363-08e33f166980"",""client_id"":""b362ba73-6683-4e82-884a-8ef54391d584"",""client_timestamp"":1789550767.4768999,""client_monotonic_ms"":1525463.5,""event_timestamp"":1789550767.4849803,""clock_offset_sec"":0.008080482482910156,""clock_round_trip_ms"":6.200075149536133,""subject_id"":""sub-003"",""session_id"":""ses-001"",""block_id"":""Block 4"",""counterbalance_group"":""G03"",""block_order"":""Block 4"",""condition"":""B"",""condition_type"":""bbbd_subtraction"",""topic_key"":""V5"",""topic_name"":""千古一帝秦始皇都做了什么"",""event_type"":""video_resume"",""iso_time"":""2026-09-16T09:26:07.476Z"",""relative_ms"":93988,""video_time_sec"":84.822,""probe_id"":""Block 4_1_94a477f7"",""probe_index"":1,""probe_schedule_id"":""94a477f7-33d6-4c25-a1b8-d659227deafd"",""probe_planned_time_sec"":84.548,""video_id"":""V5"",""pause_reason"":""thought_probe"",""resume_status"":""playing""}",47fb270e-4388-428d-9363-08e33f166980,sub-003,ses-001,7619976a-61a7-476c-82c2-de6e6b086bb6,b362ba73-6683-4e82-884a-8ef54391d584,1789550767.5133803,1789550767.4768999,1525463.5,b362ba73-6683-4e82-884a-8ef54391d584,browser_calibrated,0.008080482482910156,6.200075149536133,356769,356769,0,-2.6001930236816406,host_receive_nearest,verified,1,1,,,,,,,,,1,,,,,,,,,,,,,,,,,,,,V5,B,84.822,1789550767.4768999,1789550767.5133803,356769,Block 4_1_94a477f7,,,,,,,,,thought_probe
140501b5-3747-4555-82ca-e6af3c2c799e,probe_onset,1789550820.9160304,1480.496,370134,4,4,,2,G03,B,bbbd_subtraction,probe_onset,Block 4_2_94a477f7,,0.0,0.0,,,,,,,"{""client_event_id"":""140501b5-3747-4555-82ca-e6af3c2c799e"",""recorder_run_id"":""47fb270e-4388-428d-9363-08e33f166980"",""client_id"":""b362ba73-6683-4e82-884a-8ef54391d584"",""client_timestamp"":1789550820.9127,""client_monotonic_ms"":1578899.299999997,""event_timestamp"":1789550820.9160304,""clock_offset_sec"":0.0033304691314697266,""clock_round_trip_ms"":6.099939346313477,""subject_id"":""sub-003"",""session_id"":""ses-001"",""block_id"":""Block 4"",""counterbalance_group"":""G03"",""block_order"":""Block 4"",""condition"":""B"",""condition_type"":""bbbd_subtraction"",""topic_key"":""V5"",""topic_name"":""千古一帝秦始皇都做了什么"",""event_type"":""probe_onset"",""iso_time"":""2026-09-16T09:27:00.912Z"",""relative_ms"":147424,""video_time_sec"":138.208,""probe_id"":""Block 4_2_94a477f7"",""probe_index"":2,""probe_schedule_id"":""94a477f7-33d6-4c25-a1b8-d659227deafd"",""probe_planned_time_sec"":138.024,""video_id"":""V5"",""pause_reason"":""thought_probe"",""forced"":false}",47fb270e-4388-428d-9363-08e33f166980,sub-003,ses-001,140501b5-3747-4555-82ca-e6af3c2c799e,b362ba73-6683-4e82-884a-8ef54391d584,1789550820.9193802,1789550820.9127,1578899.299999997,b362ba73-6683-4e82-884a-8ef54391d584,browser_calibrated,0.0033304691314697266,6.099939346313477,370124,370124,0,3.349781036376953,host_receive_nearest,verified,1,1,,,,,,,,,1,,,,,,,,,,,,,,,,,,,,V5,B,138.208,1789550820.9127,1789550820.9193802,370124,Block 4_2_94a477f7,2,94a477f7-33d6-4c25-a1b8-d659227deafd,138.024,,,,,,thought_probe
24a3392f-8927-429f-ae3e-caaff83900a1,attention_response,1789550824.0950303,1483.692,370929,4,4,,2,G03,B,bbbd_subtraction,attention_response,2,,0.0,0.0,,,,,,,"{""client_event_id"":""24a3392f-8927-429f-ae3e-caaff83900a1"",""recorder_run_id"":""47fb270e-4388-428d-9363-08e33f166980"",""client_id"":""b362ba73-6683-4e82-884a-8ef54391d584"",""client_timestamp"":1789550824.0916998,""client_monotonic_ms"":1582078.299999997,""event_timestamp"":1789550824.0950303,""clock_offset_sec"":0.0033304691314697266,""clock_round_trip_ms"":6.099939346313477,""subject_id"":""sub-003"",""session_id"":""ses-001"",""block_id"":""Block 4"",""counterbalance_group"":""G03"",""block_order"":""Block 4"",""condition"":""B"",""condition_type"":""bbbd_subtraction"",""topic_key"":""V5"",""topic_name"":""千古一帝秦始皇都做了什么"",""event_type"":""attention_response"",""iso_time"":""2026-09-16T09:27:04.091Z"",""relative_ms"":150603,""video_time_sec"":138.208,""probe_id"":""Block 4_2_94a477f7"",""probe_index"":2,""probe_schedule_id"":""94a477f7-33d6-4c25-a1b8-d659227deafd"",""probe_planned_time_sec"":138.024,""video_id"":""V5"",""response"":2,""response_label"":""连续减7心算任务"",""probe_attention"":""OFF"",""response_time_ms"":3179}",47fb270e-4388-428d-9363-08e33f166980,sub-003,ses-001,24a3392f-8927-429f-ae3e-caaff83900a1,b362ba73-6683-4e82-884a-8ef54391d584,1789550824.1073802,1789550824.0916998,1582078.299999997,b362ba73-6683-4e82-884a-8ef54391d584,browser_calibrated,0.0033304691314697266,6.099939346313477,370923,370923,0,-3.650188446044922,host_receive_nearest,verified,1,1,,,,,,,,,1,,,,,,,,,,,,,,,,,,,,V5,B,138.208,1789550824.0916998,1789550824.1073802,370923,Block 4_2_94a477f7,2,94a477f7-33d6-4c25-a1b8-d659227deafd,138.024,2,连续减7心算任务,3179,,OFF,
3502c699-445e-4945-bdb1-f60151b0c8ab,confidence_response,1789550825.3806303,1484.976,371249,4,4,,2,G03,B,bbbd_subtraction,confidence_response,3,,0.0,0.0,,,,,,,"{""client_event_id"":""3502c699-445e-4945-bdb1-f60151b0c8ab"",""recorder_run_id"":""47fb270e-4388-428d-9363-08e33f166980"",""client_id"":""b362ba73-6683-4e82-884a-8ef54391d584"",""client_timestamp"":1789550825.3772998,""client_monotonic_ms"":1583363.899999991,""event_timestamp"":1789550825.3806303,""clock_offset_sec"":0.0033304691314697266,""clock_round_trip_ms"":6.099939346313477,""subject_id"":""sub-003"",""session_id"":""ses-001"",""block_id"":""Block 4"",""counterbalance_group"":""G03"",""block_order"":""Block 4"",""condition"":""B"",""condition_type"":""bbbd_subtraction"",""topic_key"":""V5"",""topic_name"":""千古一帝秦始皇都做了什么"",""event_type"":""confidence_response"",""iso_time"":""2026-09-16T09:27:05.377Z"",""relative_ms"":151889,""video_time_sec"":138.208,""probe_id"":""Block 4_2_94a477f7"",""probe_index"":2,""probe_schedule_id"":""94a477f7-33d6-4c25-a1b8-d659227deafd"",""probe_planned_time_sec"":138.024,""video_id"":""V5"",""response"":2,""confidence"":3,""response_time_ms"":1286}",47fb270e-4388-428d-9363-08e33f166980,sub-003,ses-001,3502c699-445e-4945-bdb1-f60151b0c8ab,b362ba73-6683-4e82-884a-8ef54391d584,1789550825.3883803,1789550825.3772998,1583363.899999991,b362ba73-6683-4e82-884a-8ef54391d584,browser_calibrated,0.0033304691314697266,6.099939346313477,371244,371244,0,7.750034332275391,host_receive_nearest,verified,1,1,,,,,,,,,1,,,,,,,,,,,,,,,,,,,,V5,B,138.208,1789550825.3772998,1789550825.4043803,371244,Block 4_2_94a477f7,2,94a477f7-33d6-4c25-a1b8-d659227deafd,138.024,,,1286,3,,
0fc6cc88-ec7c-4b3e-98db-bab5b10647b5,phase_change,1789550825.3932304,1484.992,371259,4,4,,2,G03,B,bbbd_subtraction,phase_change,video,,0.0,0.0,,,,,,,,47fb270e-4388-428d-9363-08e33f166980,sub-003,ses-001,0fc6cc88-ec7c-4b3e-98db-bab5b10647b5,b362ba73-6683-4e82-884a-8ef54391d584,1789550825.4193802,1789550825.3899,1583376.5,b362ba73-6683-4e82-884a-8ef54391d584,browser_calibrated,0.0033304691314697266,6.099939346313477,371248,371248,0,-4.850149154663086,host_receive_nearest,verified,1,1,,,,,,,,,1,,,,,,,,,,,,,,,,,,,,V5,B,138.263,1789550825.3899,1789550825.4353802,371248,,,,,,,,,,
0fc6cc88-ec7c-4b3e-98db-bab5b10647b5,video_resume,1789550825.3932304,1484.992,371259,4,4,,2,G03,B,bbbd_subtraction,video_resume,138.263,,0.0,0.0,,,,,,,"{""client_event_id"":""0fc6cc88-ec7c-4b3e-98db-bab5b10647b5"",""recorder_run_id"":""47fb270e-4388-428d-9363-08e33f166980"",""client_id"":""b362ba73-6683-4e82-884a-8ef54391d584"",""client_timestamp"":1789550825.3899,""client_monotonic_ms"":1583376.5,""event_timestamp"":1789550825.3932304,""clock_offset_sec"":0.0033304691314697266,""clock_round_trip_ms"":6.099939346313477,""subject_id"":""sub-003"",""session_id"":""ses-001"",""block_id"":""Block 4"",""counterbalance_group"":""G03"",""block_order"":""Block 4"",""condition"":""B"",""condition_type"":""bbbd_subtraction"",""topic_key"":""V5"",""topic_name"":""千古一帝秦始皇都做了什么"",""event_type"":""video_resume"",""iso_time"":""2026-09-16T09:27:05.389Z"",""relative_ms"":151901,""video_time_sec"":138.263,""probe_id"":""Block 4_2_94a477f7"",""probe_index"":2,""probe_schedule_id"":""94a477f7-33d6-4c25-a1b8-d659227deafd"",""probe_planned_time_sec"":138.024,""video_id"":""V5"",""pause_reason"":""thought_probe"",""resume_status"":""playing""}",47fb270e-4388-428d-9363-08e33f166980,sub-003,ses-001,0fc6cc88-ec7c-4b3e-98db-bab5b10647b5,b362ba73-6683-4e82-884a-8ef54391d584,1789550825.4193802,1789550825.3899,1583376.5,b362ba73-6683-4e82-884a-8ef54391d584,browser_calibrated,0.0033304691314697266,6.099939346313477,371248,371248,0,-4.850149154663086,host_receive_nearest,verified,1,1,,,,,,,,,1,,,,,,,,,,,,,,,,,,,,V5,B,138.263,1789550825.3899,1789550825.4353802,371248,Block 4_2_94a477f7,,,,,,,,,thought_probe
eba3d23a-808e-42b8-b2a0-203e772a645d,probe_onset,1789550942.60733,1602.172,400553,4,4,,2,G03,B,bbbd_subtraction,probe_onset,Block 4_3_94a477f7,,0.0,0.0,,,,,,,"{""client_event_id"":""eba3d23a-808e-42b8-b2a0-203e772a645d"",""recorder_run_id"":""47fb270e-4388-428d-9363-08e33f166980"",""client_id"":""b362ba73-6683-4e82-884a-8ef54391d584"",""client_timestamp"":1789550942.5965,""client_monotonic_ms"":1700583.099999994,""event_timestamp"":1789550942.60733,""clock_offset_sec"":0.010830163955688477,""clock_round_trip_ms"":6.300210952758789,""subject_id"":""sub-003"",""session_id"":""ses-001"",""block_id"":""Block 4"",""counterbalance_group"":""G03"",""block_order"":""Block 4"",""condition"":""B"",""condition_type"":""bbbd_subtraction"",""topic_key"":""V5"",""topic_name"":""千古一帝秦始皇都做了什么"",""event_type"":""probe_onset"",""iso_time"":""2026-09-16T09:29:02.596Z"",""relative_ms"":269108,""video_time_sec"":255.415,""probe_id"":""Block 4_3_94a477f7"",""probe_index"":3,""probe_schedule_id"":""94a477f7-33d6-4c25-a1b8-d659227deafd"",""probe_planned_time_sec"":255.3,""video_id"":""V5"",""pause_reason"":""thought_probe"",""forced"":false}",47fb270e-4388-428d-9363-08e33f166980,sub-003,ses-001,eba3d23a-808e-42b8-b2a0-203e772a645d,b362ba73-6683-4e82-884a-8ef54391d584,1789550942.6073802,1789550942.5965,1700583.099999994,b362ba73-6683-4e82-884a-8ef54391d584,browser_calibrated,0.010830163955688477,6.300210952758789,400543,400543,0,0.050067901611328125,host_receive_nearest,verified,1,1,,,,,,,,,1,,,,,,,,,,,,,,,,,,,,V5,B,255.415,1789550942.5965,1789550942.6073802,400543,Block 4_3_94a477f7,3,94a477f7-33d6-4c25-a1b8-d659227deafd,255.3,,,,,,thought_probe
c5e51a33-09d8-443d-8db6-52b1cb6f0ca6,attention_response,1789550947.1476302,1606.748,401688,4,4,,2,G03,B,bbbd_subtraction,attention_response,4,,0.0,0.0,,,,,,,"{""client_event_id"":""c5e51a33-09d8-443d-8db6-52b1cb6f0ca6"",""recorder_run_id"":""47fb270e-4388-428d-9363-08e33f166980"",""client_id"":""b362ba73-6683-4e82-884a-8ef54391d584"",""client_timestamp"":1789550947.1409,""client_monotonic_ms"":1705127.5,""event_timestamp"":1789550947.1476302,""clock_offset_sec"":0.006730318069458008,""clock_round_trip_ms"":6.2999725341796875,""subject_id"":""sub-003"",""session_id"":""ses-001"",""block_id"":""Block 4"",""counterbalance_group"":""G03"",""block_order"":""Block 4"",""condition"":""B"",""condition_type"":""bbbd_subtraction"",""topic_key"":""V5"",""topic_name"":""千古一帝秦始皇都做了什么"",""event_type"":""attention_response"",""iso_time"":""2026-09-16T09:29:07.140Z"",""relative_ms"":273652,""video_time_sec"":255.415,""probe_id"":""Block 4_3_94a477f7"",""probe_index"":3,""probe_schedule_id"":""94a477f7-33d6-4c25-a1b8-d659227deafd"",""probe_planned_time_sec"":255.3,""video_id"":""V5"",""response"":4,""response_label"":""放空/不确定刚才在想什么"",""probe_attention"":""AMBIGUOUS"",""response_time_ms"":4544}",47fb270e-4388-428d-9363-08e33f166980,sub-003,ses-001,c5e51a33-09d8-443d-8db6-52b1cb6f0ca6,b362ba73-6683-4e82-884a-8ef54391d584,1789550947.1543803,1789550947.1409,1705127.5,b362ba73-6683-4e82-884a-8ef54391d584,browser_calibrated,0.006730318069458008,6.2999725341796875,401687,401687,0,-9.24992561340332,host_receive_nearest,verified,1,1,,,,,,,,,1,,,,,,,,,,,,,,,,,,,,V5,B,255.415,1789550947.1409,1789550947.1543803,401687,Block 4_3_94a477f7,3,94a477f7-33d6-4c25-a1b8-d659227deafd,255.3,4,放空/不确定刚才在想什么,4544,,AMBIGUOUS,
a5b103fd-e203-415a-97b6-2ca2994e4093,confidence_response,1789550952.4627304,1612.048,403013,4,4,,2,G03,B,bbbd_subtraction,confidence_response,3,,0.0,0.0,,,,,,,"{""client_event_id"":""a5b103fd-e203-415a-97b6-2ca2994e4093"",""recorder_run_id"":""47fb270e-4388-428d-9363-08e33f166980"",""client_id"":""b362ba73-6683-4e82-884a-8ef54391d584"",""client_timestamp"":1789550952.456,""client_monotonic_ms"":1710442.599999994,""event_timestamp"":1789550952.4627304,""clock_offset_sec"":0.006730318069458008,""clock_round_trip_ms"":6.2999725341796875,""subject_id"":""sub-003"",""session_id"":""ses-001"",""block_id"":""Block 4"",""counterbalance_group"":""G03"",""block_order"":""Block 4"",""condition"":""B"",""condition_type"":""bbbd_subtraction"",""topic_key"":""V5"",""topic_name"":""千古一帝秦始皇都做了什么"",""event_type"":""confidence_response"",""iso_time"":""2026-09-16T09:29:12.455Z"",""relative_ms"":278967,""video_time_sec"":255.415,""probe_id"":""Block 4_3_94a477f7"",""probe_index"":3,""probe_schedule_id"":""94a477f7-33d6-4c25-a1b8-d659227deafd"",""probe_planned_time_sec"":255.3,""video_id"":""V5"",""response"":4,""confidence"":3,""response_time_ms"":5315}",47fb270e-4388-428d-9363-08e33f166980,sub-003,ses-001,a5b103fd-e203-415a-97b6-2ca2994e4093,b362ba73-6683-4e82-884a-8ef54391d584,1789550952.4663801,1789550952.456,1710442.599999994,b362ba73-6683-4e82-884a-8ef54391d584,browser_calibrated,0.006730318069458008,6.2999725341796875,403012,403012,0,-27.350187301635742,host_receive_nearest,verified,1,1,,,,,,,,,1,,,,,,,,,,,,,,,,,,,,V5,B,255.415,1789550952.456,1789550952.4823802,403012,Block 4_3_94a477f7,3,94a477f7-33d6-4c25-a1b8-d659227deafd,255.3,,,5315,3,,
0c883a3e-ac7f-4041-b9a7-140f3da4ada9,phase_change,1789550952.4732304,1612.048,403013,4,4,,2,G03,B,bbbd_subtraction,phase_change,video,,0.0,0.0,,,,,,,,47fb270e-4388-428d-9363-08e33f166980,sub-003,ses-001,0c883a3e-ac7f-4041-b9a7-140f3da4ada9,b362ba73-6683-4e82-884a-8ef54391d584,1789550952.4973803,1789550952.4665,1710453.099999994,b362ba73-6683-4e82-884a-8ef54391d584,browser_calibrated,0.006730318069458008,6.2999725341796875,403012,403012,0,-37.850141525268555,host_receive_nearest,verified,1,1,,,,,,,,,1,,,,,,,,,,,,,,,,,,,,V5,B,255.466,1789550952.4665,1789550952.4973803,403012,,,,,,,,,,
0c883a3e-ac7f-4041-b9a7-140f3da4ada9,video_resume,1789550952.4732304,1612.048,403013,4,4,,2,G03,B,bbbd_subtraction,video_resume,255.466,,0.0,0.0,,,,,,,"{""client_event_id"":""0c883a3e-ac7f-4041-b9a7-140f3da4ada9"",""recorder_run_id"":""47fb270e-4388-428d-9363-08e33f166980"",""client_id"":""b362ba73-6683-4e82-884a-8ef54391d584"",""client_timestamp"":1789550952.4665,""client_monotonic_ms"":1710453.099999994,""event_timestamp"":1789550952.4732304,""clock_offset_sec"":0.006730318069458008,""clock_round_trip_ms"":6.2999725341796875,""subject_id"":""sub-003"",""session_id"":""ses-001"",""block_id"":""Block 4"",""counterbalance_group"":""G03"",""block_order"":""Block 4"",""condition"":""B"",""condition_type"":""bbbd_subtraction"",""topic_key"":""V5"",""topic_name"":""千古一帝秦始皇都做了什么"",""event_type"":""video_resume"",""iso_time"":""2026-09-16T09:29:12.466Z"",""relative_ms"":278978,""video_time_sec"":255.466,""probe_id"":""Block 4_3_94a477f7"",""probe_index"":3,""probe_schedule_id"":""94a477f7-33d6-4c25-a1b8-d659227deafd"",""probe_planned_time_sec"":255.3,""video_id"":""V5"",""pause_reason"":""thought_probe"",""resume_status"":""playing""}",47fb270e-4388-428d-9363-08e33f166980,sub-003,ses-001,0c883a3e-ac7f-4041-b9a7-140f3da4ada9,b362ba73-6683-4e82-884a-8ef54391d584,1789550952.4973803,1789550952.4665,1710453.099999994,b362ba73-6683-4e82-884a-8ef54391d584,browser_calibrated,0.006730318069458008,6.2999725341796875,403012,403012,0,-37.850141525268555,host_receive_nearest,verified,1,1,,,,,,,,,1,,,,,,,,,,,,,,,,,,,,V5,B,255.466,1789550952.4665,1789550952.4973803,403012,Block 4_3_94a477f7,,,,,,,,,thought_probe
b8da056d-d2aa-41cf-9c34-178aece62701,probe_onset,1789551038.38223,1697.968,424493,4,4,,2,G03,B,bbbd_subtraction,probe_onset,Block 4_4_94a477f7,,0.0,0.0,,,,,,,"{""client_event_id"":""b8da056d-d2aa-41cf-9c34-178aece62701"",""recorder_run_id"":""47fb270e-4388-428d-9363-08e33f166980"",""client_id"":""b362ba73-6683-4e82-884a-8ef54391d584"",""client_timestamp"":1789551038.3797,""client_monotonic_ms"":1796366.399999991,""event_timestamp"":1789551038.38223,""clock_offset_sec"":0.0025300979614257812,""clock_round_trip_ms"":6.700038909912109,""subject_id"":""sub-003"",""session_id"":""ses-001"",""block_id"":""Block 4"",""counterbalance_group"":""G03"",""block_order"":""Block 4"",""condition"":""B"",""condition_type"":""bbbd_subtraction"",""topic_key"":""V5"",""topic_name"":""千古一帝秦始皇都做了什么"",""event_type"":""probe_onset"",""iso_time"":""2026-09-16T09:30:38.379Z"",""relative_ms"":364891,""video_time_sec"":341.311,""probe_id"":""Block 4_4_94a477f7"",""probe_index"":4,""probe_schedule_id"":""94a477f7-33d6-4c25-a1b8-d659227deafd"",""probe_planned_time_sec"":341.239,""video_id"":""V5"",""pause_reason"":""thought_probe"",""forced"":false}",47fb270e-4388-428d-9363-08e33f166980,sub-003,ses-001,b8da056d-d2aa-41cf-9c34-178aece62701,b362ba73-6683-4e82-884a-8ef54391d584,1789551038.3883803,1789551038.3797,1796366.399999991,b362ba73-6683-4e82-884a-8ef54391d584,browser_calibrated,0.0025300979614257812,6.700038909912109,424492,424492,0,-24.849891662597656,host_receive_nearest,verified,1,1,,,,,,,,,1,,,,,,,,,,,,,,,,,,,,V5,B,341.311,1789551038.3797,1789551038.3883803,424492,Block 4_4_94a477f7,4,94a477f7-33d6-4c25-a1b8-d659227deafd,341.239,,,,,,thought_probe
5f700fd2-1a35-4c0c-a491-17c89733a86b,attention_response,1789551040.16233,1699.748,424938,4,4,,2,G03,B,bbbd_subtraction,attention_response,2,,0.0,0.0,,,,,,,"{""client_event_id"":""5f700fd2-1a35-4c0c-a491-17c89733a86b"",""recorder_run_id"":""47fb270e-4388-428d-9363-08e33f166980"",""client_id"":""b362ba73-6683-4e82-884a-8ef54391d584"",""client_timestamp"":1789551040.1597998,""client_monotonic_ms"":1798146.399999991,""event_timestamp"":1789551040.16233,""clock_offset_sec"":0.0025300979614257812,""clock_round_trip_ms"":6.700038909912109,""subject_id"":""sub-003"",""session_id"":""ses-001"",""block_id"":""Block 4"",""counterbalance_group"":""G03"",""block_order"":""Block 4"",""condition"":""B"",""condition_type"":""bbbd_subtraction"",""topic_key"":""V5"",""topic_name"":""千古一帝秦始皇都做了什么"",""event_type"":""attention_response"",""iso_time"":""2026-09-16T09:30:40.159Z"",""relative_ms"":366671,""video_time_sec"":341.311,""probe_id"":""Block 4_4_94a477f7"",""probe_index"":4,""probe_schedule_id"":""94a477f7-33d6-4c25-a1b8-d659227deafd"",""probe_planned_time_sec"":341.239,""video_id"":""V5"",""response"":2,""response_label"":""连续减7心算任务"",""probe_attention"":""OFF"",""response_time_ms"":1780}",47fb270e-4388-428d-9363-08e33f166980,sub-003,ses-001,5f700fd2-1a35-4c0c-a491-17c89733a86b,b362ba73-6683-4e82-884a-8ef54391d584,1789551040.1693802,1789551040.1597998,1798146.399999991,b362ba73-6683-4e82-884a-8ef54391d584,browser_calibrated,0.0025300979614257812,6.700038909912109,424937,424937,0,-23.949623107910156,host_receive_nearest,verified,1,1,,,,,,,,,1,,,,,,,,,,,,,,,,,,,,V5,B,341.311,1789551040.1597998,1789551040.1853802,424937,Block 4_4_94a477f7,4,94a477f7-33d6-4c25-a1b8-d659227deafd,341.239,2,连续减7心算任务,1780,,OFF,
327284d6-a7bc-4b8c-9aba-9edd9b98fea1,confidence_response,1789551040.79433,1700.368,425093,4,4,,2,G03,B,bbbd_subtraction,confidence_response,3,,0.0,0.0,,,,,,,"{""client_event_id"":""327284d6-a7bc-4b8c-9aba-9edd9b98fea1"",""recorder_run_id"":""47fb270e-4388-428d-9363-08e33f166980"",""client_id"":""b362ba73-6683-4e82-884a-8ef54391d584"",""client_timestamp"":1789551040.7917998,""client_monotonic_ms"":1798778.399999991,""event_timestamp"":1789551040.79433,""clock_offset_sec"":0.0025300979614257812,""clock_round_trip_ms"":6.700038909912109,""subject_id"":""sub-003"",""session_id"":""ses-001"",""block_id"":""Block 4"",""counterbalance_group"":""G03"",""block_order"":""Block 4"",""condition"":""B"",""condition_type"":""bbbd_subtraction"",""topic_key"":""V5"",""topic_name"":""千古一帝秦始皇都做了什么"",""event_type"":""confidence_response"",""iso_time"":""2026-09-16T09:30:40.791Z"",""relative_ms"":367303,""video_time_sec"":341.311,""probe_id"":""Block 4_4_94a477f7"",""probe_index"":4,""probe_schedule_id"":""94a477f7-33d6-4c25-a1b8-d659227deafd"",""probe_planned_time_sec"":341.239,""video_id"":""V5"",""response"":2,""confidence"":3,""response_time_ms"":632}",47fb270e-4388-428d-9363-08e33f166980,sub-003,ses-001,327284d6-a7bc-4b8c-9aba-9edd9b98fea1,b362ba73-6683-4e82-884a-8ef54391d584,1789551040.8103802,1789551040.7917998,1798778.399999991,b362ba73-6683-4e82-884a-8ef54391d584,browser_calibrated,0.0025300979614257812,6.700038909912109,425092,425092,0,-30.94959259033203,host_receive_nearest,verified,1,1,,,,,,,,,1,,,,,,,,,,,,,,,,,,,,V5,B,341.311,1789551040.7917998,1789551040.8103802,425092,Block 4_4_94a477f7,4,94a477f7-33d6-4c25-a1b8-d659227deafd,341.239,,,632,3,,
53098923-8455-4aae-97f6-1a6576d9c68b,phase_change,1789551040.80733,1700.372,425108,4,4,,2,G03,B,bbbd_subtraction,phase_change,video,,0.0,0.0,,,,,,,,47fb270e-4388-428d-9363-08e33f166980,sub-003,ses-001,53098923-8455-4aae-97f6-1a6576d9c68b,b362ba73-6683-4e82-884a-8ef54391d584,1789551040.8413801,1789551040.8047998,1798791.399999991,b362ba73-6683-4e82-884a-8ef54391d584,browser_calibrated,0.0025300979614257812,6.700038909912109,425093,425093,0,18.050432205200195,host_receive_nearest,verified,1,1,,,,,,,,,1,,,,,,,,,,,,,,,,,,,,V5,B,341.397,1789551040.8047998,1789551040.8413801,425093,,,,,,,,,,
53098923-8455-4aae-97f6-1a6576d9c68b,video_resume,1789551040.80733,1700.372,425108,4,4,,2,G03,B,bbbd_subtraction,video_resume,341.397,,0.0,0.0,,,,,,,"{""client_event_id"":""53098923-8455-4aae-97f6-1a6576d9c68b"",""recorder_run_id"":""47fb270e-4388-428d-9363-08e33f166980"",""client_id"":""b362ba73-6683-4e82-884a-8ef54391d584"",""client_timestamp"":1789551040.8047998,""client_monotonic_ms"":1798791.399999991,""event_timestamp"":1789551040.80733,""clock_offset_sec"":0.0025300979614257812,""clock_round_trip_ms"":6.700038909912109,""subject_id"":""sub-003"",""session_id"":""ses-001"",""block_id"":""Block 4"",""counterbalance_group"":""G03"",""block_order"":""Block 4"",""condition"":""B"",""condition_type"":""bbbd_subtraction"",""topic_key"":""V5"",""topic_name"":""千古一帝秦始皇都做了什么"",""event_type"":""video_resume"",""iso_time"":""2026-09-16T09:30:40.804Z"",""relative_ms"":367316,""video_time_sec"":341.397,""probe_id"":""Block 4_4_94a477f7"",""probe_index"":4,""probe_schedule_id"":""94a477f7-33d6-4c25-a1b8-d659227deafd"",""probe_planned_time_sec"":341.239,""video_id"":""V5"",""pause_reason"":""thought_probe"",""resume_status"":""playing""}",47fb270e-4388-428d-9363-08e33f166980,sub-003,ses-001,53098923-8455-4aae-97f6-1a6576d9c68b,b362ba73-6683-4e82-884a-8ef54391d584,1789551040.8413801,1789551040.8047998,1798791.399999991,b362ba73-6683-4e82-884a-8ef54391d584,browser_calibrated,0.0025300979614257812,6.700038909912109,425093,425093,0,18.050432205200195,host_receive_nearest,verified,1,1,,,,,,,,,1,,,,,,,,,,,,,,,,,,,,V5,B,341.397,1789551040.8047998,1789551040.8413801,425093,Block 4_4_94a477f7,,,,,,,,,thought_probe
ccac4d01-3140-4540-9f87-bb6dcd01530a,video_end,1789551090.5215302,1750.104,437527,4,4,,2,G03,B,bbbd_subtraction,video_end,V5,,0.0,0.0,,,,,,,,47fb270e-4388-428d-9363-08e33f166980,sub-003,ses-001,ccac4d01-3140-4540-9f87-bb6dcd01530a,b362ba73-6683-4e82-884a-8ef54391d584,1789551090.5293803,1789551090.5187,1848505.399999991,b362ba73-6683-4e82-884a-8ef54391d584,browser_calibrated,0.0028302669525146484,6.2999725341796875,437526,437526,0,-8.149862289428711,host_receive_nearest,verified,1,1,,,,,,,,,1,,,,,,,,,,,,,,,,,,,,V5,B,391.048,1789551090.5187,1789551090.5293803,437526,,,,,,,,,,
ccac4d01-3140-4540-9f87-bb6dcd01530a,browser_video_ended,1789551090.5215302,1750.104,437527,4,4,,2,G03,B,bbbd_subtraction,browser_video_ended,,,0.0,0.0,,,,,,,"{""client_event_id"":""ccac4d01-3140-4540-9f87-bb6dcd01530a"",""recorder_run_id"":""47fb270e-4388-428d-9363-08e33f166980"",""client_id"":""b362ba73-6683-4e82-884a-8ef54391d584"",""client_timestamp"":1789551090.5187,""client_monotonic_ms"":1848505.399999991,""event_timestamp"":1789551090.5215302,""clock_offset_sec"":0.0028302669525146484,""clock_round_trip_ms"":6.2999725341796875,""subject_id"":""sub-003"",""session_id"":""ses-001"",""block_id"":""Block 4"",""counterbalance_group"":""G03"",""block_order"":""Block 4"",""condition"":""B"",""condition_type"":""bbbd_subtraction"",""topic_key"":""V5"",""topic_name"":""千古一帝秦始皇都做了什么"",""event_type"":""video_ended"",""iso_time"":""2026-09-16T09:31:30.518Z"",""relative_ms"":417030,""video_time_sec"":391.048}",47fb270e-4388-428d-9363-08e33f166980,sub-003,ses-001,ccac4d01-3140-4540-9f87-bb6dcd01530a,b362ba73-6683-4e82-884a-8ef54391d584,1789551090.5293803,1789551090.5187,1848505.399999991,b362ba73-6683-4e82-884a-8ef54391d584,browser_calibrated,0.0028302669525146484,6.2999725341796875,437526,437526,0,-8.149862289428711,host_receive_nearest,verified,1,1,,,,,,,,,1,,,,,,,,,,,,,,,,,,,,V5,B,391.048,1789551090.5187,1789551090.5293803,437526,,,,,,,,,,
98ce3b26-bf48-48e1-90cc-3388dd6a0ad2,browser_block_end,1789551090.5289302,1750.104,437547,4,4,,2,G03,B,bbbd_subtraction,browser_block_end,视频自然播放结束,,0.0,0.0,,,,,,,"{""client_event_id"":""98ce3b26-bf48-48e1-90cc-3388dd6a0ad2"",""recorder_run_id"":""47fb270e-4388-428d-9363-08e33f166980"",""client_id"":""b362ba73-6683-4e82-884a-8ef54391d584"",""client_timestamp"":1789551090.5261,""client_monotonic_ms"":1848512.899999991,""event_timestamp"":1789551090.5289302,""clock_offset_sec"":0.0028302669525146484,""clock_round_trip_ms"":6.2999725341796875,""subject_id"":""sub-003"",""session_id"":""ses-001"",""block_id"":""Block 4"",""counterbalance_group"":""G03"",""block_order"":""Block 4"",""condition"":""B"",""condition_type"":""bbbd_subtraction"",""topic_key"":""V5"",""topic_name"":""千古一帝秦始皇都做了什么"",""event_type"":""block_end"",""iso_time"":""2026-09-16T09:31:30.526Z"",""relative_ms"":417038,""video_time_sec"":391.048,""reason"":""视频自然播放结束""}",47fb270e-4388-428d-9363-08e33f166980,sub-003,ses-001,98ce3b26-bf48-48e1-90cc-3388dd6a0ad2,b362ba73-6683-4e82-884a-8ef54391d584,1789551090.5753803,1789551090.5261,1848512.899999991,b362ba73-6683-4e82-884a-8ef54391d584,browser_calibrated,0.0028302669525146484,6.2999725341796875,437526,437526,0,-15.549898147583008,host_receive_nearest,verified,1,1,,,,,,,,,1,,,,,,,,,,,,,,,,,,,,V5,B,391.048,1789551090.5261,1789551090.5753803,437526,,,,,,,,,,
a9c6946c-e28a-4de1-ad50-d49c996800b8,rating_start,1789551090.53673,1750.104,437552,4,4,,2,G03,B,bbbd_subtraction,rating_start,,,0.0,0.0,,,,,,,"{""client_event_id"":""a9c6946c-e28a-4de1-ad50-d49c996800b8"",""recorder_run_id"":""47fb270e-4388-428d-9363-08e33f166980"",""client_id"":""b362ba73-6683-4e82-884a-8ef54391d584"",""client_timestamp"":1789551090.5338998,""client_monotonic_ms"":1848520.599999994,""event_timestamp"":1789551090.53673,""clock_offset_sec"":0.0028302669525146484,""clock_round_trip_ms"":6.2999725341796875,""subject_id"":""sub-003"",""session_id"":""ses-001"",""block_id"":""Block 4"",""counterbalance_group"":""G03"",""block_order"":""Block 4"",""condition"":""B"",""condition_type"":""bbbd_subtraction"",""topic_key"":""V5"",""topic_name"":""千古一帝秦始皇都做了什么"",""event_type"":""rating_start"",""iso_time"":""2026-09-16T09:31:30.534Z"",""relative_ms"":417045,""video_time_sec"":391.048}",47fb270e-4388-428d-9363-08e33f166980,sub-003,ses-001,a9c6946c-e28a-4de1-ad50-d49c996800b8,b362ba73-6683-4e82-884a-8ef54391d584,1789551090.6073802,1789551090.5338998,1848520.599999994,b362ba73-6683-4e82-884a-8ef54391d584,browser_calibrated,0.0028302669525146484,6.2999725341796875,437526,437526,0,-23.349761962890625,host_receive_nearest,verified,1,1,,,,,,,,,1,,,,,,,,,,,,,,,,,,,,V5,B,391.048,1789551090.5338998,1789551090.6073802,437526,,,,,,,,,,
814ee69e-42ac-4394-9259-138e2d630a20,rating_item_response,1789551093.8279302,1753.424,438362,4,4,,2,G03,B,bbbd_subtraction,rating_item_response,2,,0.0,0.0,,,,,,,"{""client_event_id"":""814ee69e-42ac-4394-9259-138e2d630a20"",""recorder_run_id"":""47fb270e-4388-428d-9363-08e33f166980"",""client_id"":""b362ba73-6683-4e82-884a-8ef54391d584"",""client_timestamp"":1789551093.8251,""client_monotonic_ms"":1851811.700000003,""event_timestamp"":1789551093.8279302,""clock_offset_sec"":0.0028302669525146484,""clock_round_trip_ms"":6.2999725341796875,""subject_id"":""sub-003"",""session_id"":""ses-001"",""block_id"":""Block 4"",""counterbalance_group"":""G03"",""block_order"":""Block 4"",""condition"":""B"",""condition_type"":""bbbd_subtraction"",""topic_key"":""V5"",""topic_name"":""千古一帝秦始皇都做了什么"",""event_type"":""rating_item_response"",""iso_time"":""2026-09-16T09:31:33.825Z"",""relative_ms"":420336,""video_time_sec"":391.048,""rating_item"":""course_attention_rating"",""rating_value"":""2"",""response_time_ms"":3291}",47fb270e-4388-428d-9363-08e33f166980,sub-003,ses-001,814ee69e-42ac-4394-9259-138e2d630a20,b362ba73-6683-4e82-884a-8ef54391d584,1789551093.8413801,1789551093.8251,1851811.700000003,b362ba73-6683-4e82-884a-8ef54391d584,browser_calibrated,0.0028302669525146484,6.2999725341796875,438356,438356,0,-2.549886703491211,host_receive_nearest,verified,1,1,,,,,,,,,1,,,,,,,,,,,,,course_attention_rating,2,,,,,,V5,B,391.048,1789551093.8251,1789551093.8413801,438356,,,,,,,3291,,,
5c716196-6be8-4e0c-8c5e-de6686d20ebb,rating_item_response,1789551096.40173,1755.984,439007,4,4,,2,G03,B,bbbd_subtraction,rating_item_response,5,,0.0,0.0,,,,,,,"{""client_event_id"":""5c716196-6be8-4e0c-8c5e-de6686d20ebb"",""recorder_run_id"":""47fb270e-4388-428d-9363-08e33f166980"",""client_id"":""b362ba73-6683-4e82-884a-8ef54391d584"",""client_timestamp"":1789551096.3988998,""client_monotonic_ms"":1854385.5,""event_timestamp"":1789551096.40173,""clock_offset_sec"":0.0028302669525146484,""clock_round_trip_ms"":6.2999725341796875,""subject_id"":""sub-003"",""session_id"":""ses-001"",""block_id"":""Block 4"",""counterbalance_group"":""G03"",""block_order"":""Block 4"",""condition"":""B"",""condition_type"":""bbbd_subtraction"",""topic_key"":""V5"",""topic_name"":""千古一帝秦始皇都做了什么"",""event_type"":""rating_item_response"",""iso_time"":""2026-09-16T09:31:36.398Z"",""relative_ms"":422910,""video_time_sec"":391.048,""rating_item"":""mental_effort"",""rating_value"":""5"",""response_time_ms"":5865}",47fb270e-4388-428d-9363-08e33f166980,sub-003,ses-001,5c716196-6be8-4e0c-8c5e-de6686d20ebb,b362ba73-6683-4e82-884a-8ef54391d584,1789551096.4193802,1789551096.3988998,1854385.5,b362ba73-6683-4e82-884a-8ef54391d584,browser_calibrated,0.0028302669525146484,6.2999725341796875,438996,438996,0,-13.349771499633789,host_receive_nearest,verified,1,1,,,,,,,,,1,,,,,,,,,,,,,mental_effort,5,,,,,,V5,B,391.048,1789551096.3988998,1789551096.4193802,438996,,,,,,,5865,,,
ecc6abe9-80c0-41ae-bd72-0038c54f25af,rating_item_response,1789551097.7156804,1757.304,439327,4,4,,2,G03,B,bbbd_subtraction,rating_item_response,6,,0.0,0.0,,,,,,,"{""client_event_id"":""ecc6abe9-80c0-41ae-bd72-0038c54f25af"",""recorder_run_id"":""47fb270e-4388-428d-9363-08e33f166980"",""client_id"":""b362ba73-6683-4e82-884a-8ef54391d584"",""client_timestamp"":1789551097.7129,""client_monotonic_ms"":1855699.5,""event_timestamp"":1789551097.7156804,""clock_offset_sec"":0.002780437469482422,""clock_round_trip_ms"":6.000041961669922,""subject_id"":""sub-003"",""session_id"":""ses-001"",""block_id"":""Block 4"",""counterbalance_group"":""G03"",""block_order"":""Block 4"",""condition"":""B"",""condition_type"":""bbbd_subtraction"",""topic_key"":""V5"",""topic_name"":""千古一帝秦始皇都做了什么"",""event_type"":""rating_item_response"",""iso_time"":""2026-09-16T09:31:37.712Z"",""relative_ms"":424224,""video_time_sec"":391.048,""rating_item"":""mental_effort"",""rating_value"":""6"",""response_time_ms"":7179}",47fb270e-4388-428d-9363-08e33f166980,sub-003,ses-001,ecc6abe9-80c0-41ae-bd72-0038c54f25af,b362ba73-6683-4e82-884a-8ef54391d584,1789551097.7323802,1789551097.7129,1855699.5,b362ba73-6683-4e82-884a-8ef54391d584,browser_calibrated,0.002780437469482422,6.000041961669922,439326,439326,0,-15.30003547668457,host_receive_nearest,verified,1,1,,,,,,,,,1,,,,,,,,,,,,,mental_effort,6,,,,,,V5,B,391.048,1789551097.7129,1789551097.7323802,439326,,,,,,,7179,,,
a0e5f291-cd9f-4faa-8caa-13dbd591df11,rating_item_response,1789551100.5153804,1760.108,440032,4,4,,2,G03,B,bbbd_subtraction,rating_item_response,4,,0.0,0.0,,,,,,,"{""client_event_id"":""a0e5f291-cd9f-4faa-8caa-13dbd591df11"",""recorder_run_id"":""47fb270e-4388-428d-9363-08e33f166980"",""client_id"":""b362ba73-6683-4e82-884a-8ef54391d584"",""client_timestamp"":1789551100.5126,""client_monotonic_ms"":1858499.299999997,""event_timestamp"":1789551100.5153804,""clock_offset_sec"":0.002780437469482422,""clock_round_trip_ms"":6.000041961669922,""subject_id"":""sub-003"",""session_id"":""ses-001"",""block_id"":""Block 4"",""counterbalance_group"":""G03"",""block_order"":""Block 4"",""condition"":""B"",""condition_type"":""bbbd_subtraction"",""topic_key"":""V5"",""topic_name"":""千古一帝秦始皇都做了什么"",""event_type"":""rating_item_response"",""iso_time"":""2026-09-16T09:31:40.512Z"",""relative_ms"":427024,""video_time_sec"":391.048,""rating_item"":""video_interest"",""rating_value"":""4"",""response_time_ms"":9979}",47fb270e-4388-428d-9363-08e33f166980,sub-003,ses-001,a0e5f291-cd9f-4faa-8caa-13dbd591df11,b362ba73-6683-4e82-884a-8ef54391d584,1789551100.5293803,1789551100.5126,1858499.299999997,b362ba73-6683-4e82-884a-8ef54391d584,browser_calibrated,0.002780437469482422,6.000041961669922,440027,440027,0,13.99993896484375,host_receive_nearest,verified,1,1,,,,,,,,,1,,,,,,,,,,,,,video_interest,4,,,,,,V5,B,391.048,1789551100.5126,1789551100.5293803,440027,,,,,,,9979,,,
7ab2af4c-64f9-45ae-b2db-978decf78f55,rating_item_response,1789551102.0794804,1761.684,440422,4,4,,2,G03,B,bbbd_subtraction,rating_item_response,2,,0.0,0.0,,,,,,,"{""client_event_id"":""7ab2af4c-64f9-45ae-b2db-978decf78f55"",""recorder_run_id"":""47fb270e-4388-428d-9363-08e33f166980"",""client_id"":""b362ba73-6683-4e82-884a-8ef54391d584"",""client_timestamp"":1789551102.0767,""client_monotonic_ms"":1860063.299999997,""event_timestamp"":1789551102.0794804,""clock_offset_sec"":0.002780437469482422,""clock_round_trip_ms"":6.000041961669922,""subject_id"":""sub-003"",""session_id"":""ses-001"",""block_id"":""Block 4"",""counterbalance_group"":""G03"",""block_order"":""Block 4"",""condition"":""B"",""condition_type"":""bbbd_subtraction"",""topic_key"":""V5"",""topic_name"":""千古一帝秦始皇都做了什么"",""event_type"":""rating_item_response"",""iso_time"":""2026-09-16T09:31:42.076Z"",""relative_ms"":428588,""video_time_sec"":391.048,""rating_item"":""video_difficulty"",""rating_value"":""2"",""response_time_ms"":11543}",47fb270e-4388-428d-9363-08e33f166980,sub-003,ses-001,7ab2af4c-64f9-45ae-b2db-978decf78f55,b362ba73-6683-4e82-884a-8ef54391d584,1789551102.0913801,1789551102.0767,1860063.299999997,b362ba73-6683-4e82-884a-8ef54391d584,browser_calibrated,0.002780437469482422,6.000041961669922,440421,440421,0,-4.10008430480957,host_receive_nearest,verified,1,1,,,,,,,,,1,,,,,,,,,,,,,video_difficulty,2,,,,,,V5,B,391.048,1789551102.0767,1789551102.0913801,440421,,,,,,,11543,,,
141021eb-3374-465d-afc9-c1f57ce17b74,rating_item_response,1789551103.8671803,1763.464,440872,4,4,,2,G03,B,bbbd_subtraction,rating_item_response,70-80%,,0.0,0.0,,,,,,,"{""client_event_id"":""141021eb-3374-465d-afc9-c1f57ce17b74"",""recorder_run_id"":""47fb270e-4388-428d-9363-08e33f166980"",""client_id"":""b362ba73-6683-4e82-884a-8ef54391d584"",""client_timestamp"":1789551103.8644,""client_monotonic_ms"":1861851,""event_timestamp"":1789551103.8671803,""clock_offset_sec"":0.002780437469482422,""clock_round_trip_ms"":6.000041961669922,""subject_id"":""sub-003"",""session_id"":""ses-001"",""block_id"":""Block 4"",""counterbalance_group"":""G03"",""block_order"":""Block 4"",""condition"":""B"",""condition_type"":""bbbd_subtraction"",""topic_key"":""V5"",""topic_name"":""千古一帝秦始皇都做了什么"",""event_type"":""rating_item_response"",""iso_time"":""2026-09-16T09:31:43.864Z"",""relative_ms"":430376,""video_time_sec"":391.048,""rating_item"":""subtraction_compliance"",""rating_value"":""70-80%"",""response_time_ms"":13331}",47fb270e-4388-428d-9363-08e33f166980,sub-003,ses-001,141021eb-3374-465d-afc9-c1f57ce17b74,b362ba73-6683-4e82-884a-8ef54391d584,1789551103.8883803,1789551103.8644,1861851,b362ba73-6683-4e82-884a-8ef54391d584,browser_calibrated,0.002780437469482422,6.000041961669922,440866,440866,0,-9.800195693969727,host_receive_nearest,verified,1,1,,,,,,,,,1,,,,,,,,,,,,,subtraction_compliance,70-80%,,,,,,V5,B,391.048,1789551103.8644,1789551103.8883803,440866,,,,,,,13331,,,
f9450a64-b29d-49f9-8d23-ad40a7db6d34,rating_item_response,1789551105.9077804,1765.508,441382,4,4,,2,G03,B,bbbd_subtraction,rating_item_response,3,,0.0,0.0,,,,,,,"{""client_event_id"":""f9450a64-b29d-49f9-8d23-ad40a7db6d34"",""recorder_run_id"":""47fb270e-4388-428d-9363-08e33f166980"",""client_id"":""b362ba73-6683-4e82-884a-8ef54391d584"",""client_timestamp"":1789551105.905,""client_monotonic_ms"":1863891.599999994,""event_timestamp"":1789551105.9077804,""clock_offset_sec"":0.002780437469482422,""clock_round_trip_ms"":6.000041961669922,""subject_id"":""sub-003"",""session_id"":""ses-001"",""block_id"":""Block 4"",""counterbalance_group"":""G03"",""block_order"":""Block 4"",""condition"":""B"",""condition_type"":""bbbd_subtraction"",""topic_key"":""V5"",""topic_name"":""千古一帝秦始皇都做了什么"",""event_type"":""rating_item_response"",""iso_time"":""2026-09-16T09:31:45.905Z"",""relative_ms"":432416,""video_time_sec"":391.048,""rating_item"":""subtraction_difficulty"",""rating_value"":""3"",""response_time_ms"":15371}",47fb270e-4388-428d-9363-08e33f166980,sub-003,ses-001,f9450a64-b29d-49f9-8d23-ad40a7db6d34,b362ba73-6683-4e82-884a-8ef54391d584,1789551105.9353802,1789551105.905,1863891.599999994,b362ba73-6683-4e82-884a-8ef54391d584,browser_calibrated,0.002780437469482422,6.000041961669922,441377,441377,0,11.59977912902832,host_receive_nearest,verified,1,1,,,,,,,,,1,,,,,,,,,,,,,subtraction_difficulty,3,,,,,,V5,B,391.048,1789551105.905,1789551105.9353802,441377,,,,,,,15371,,,
7938836a-b6f0-4803-beb9-d860b7a6c1f0,rating_item_response,1789551109.0678804,1768.648,442172,4,4,,2,G03,B,bbbd_subtraction,rating_item_response,441,,0.0,0.0,,,,,,,"{""client_event_id"":""7938836a-b6f0-4803-beb9-d860b7a6c1f0"",""recorder_run_id"":""47fb270e-4388-428d-9363-08e33f166980"",""client_id"":""b362ba73-6683-4e82-884a-8ef54391d584"",""client_timestamp"":1789551109.0651,""client_monotonic_ms"":1867051.700000003,""event_timestamp"":1789551109.0678804,""clock_offset_sec"":0.002780437469482422,""clock_round_trip_ms"":6.000041961669922,""subject_id"":""sub-003"",""session_id"":""ses-001"",""block_id"":""Block 4"",""counterbalance_group"":""G03"",""block_order"":""Block 4"",""condition"":""B"",""condition_type"":""bbbd_subtraction"",""topic_key"":""V5"",""topic_name"":""千古一帝秦始皇都做了什么"",""event_type"":""rating_item_response"",""iso_time"":""2026-09-16T09:31:49.065Z"",""relative_ms"":435576,""video_time_sec"":391.048,""rating_item"":""reported_final_number"",""rating_value"":""441"",""response_time_ms"":18531}",47fb270e-4388-428d-9363-08e33f166980,sub-003,ses-001,7938836a-b6f0-4803-beb9-d860b7a6c1f0,b362ba73-6683-4e82-884a-8ef54391d584,1789551109.0753803,1789551109.0651,1867051.700000003,b362ba73-6683-4e82-884a-8ef54391d584,browser_calibrated,0.002780437469482422,6.000041961669922,442162,442162,0,7.499933242797852,host_receive_nearest,verified,1,1,,,,,,,,,1,,,,,,,,,,,,,reported_final_number,441,,,,,,V5,B,391.048,1789551109.0651,1789551109.0753803,442162,,,,,,,18531,,,
6c48a1f7-8b36-48b3-9628-8e00fb963658,rating_end,1789551109.1792805,1768.744,442187,4,4,,2,G03,B,bbbd_subtraction,rating_end,,18.643,0.0,0.0,,,,,,,"{""client_event_id"":""6c48a1f7-8b36-48b3-9628-8e00fb963658"",""recorder_run_id"":""47fb270e-4388-428d-9363-08e33f166980"",""client_id"":""b362ba73-6683-4e82-884a-8ef54391d584"",""client_timestamp"":1789551109.1765,""client_monotonic_ms"":1867163.099999994,""event_timestamp"":1789551109.1792805,""clock_offset_sec"":0.002780437469482422,""clock_round_trip_ms"":6.000041961669922,""subject_id"":""sub-003"",""session_id"":""ses-001"",""block_id"":""Block 4"",""counterbalance_group"":""G03"",""block_order"":""Block 4"",""condition"":""B"",""condition_type"":""bbbd_subtraction"",""topic_key"":""V5"",""topic_name"":""千古一帝秦始皇都做了什么"",""event_type"":""rating_end"",""iso_time"":""2026-09-16T09:31:49.176Z"",""relative_ms"":435688,""video_time_sec"":391.048,""video_id"":""V5"",""course_attention_rating"":2,""mental_effort"":6,""video_interest"":4,""video_difficulty"":2,""subtraction_compliance"":""70-80%"",""subtraction_difficulty"":3,""reported_final_number"":441,""duration_sec"":18.643,""submitted_iso"":""2026-09-16T09:31:49.176Z"",""submitted_relative_ms"":435688}",47fb270e-4388-428d-9363-08e33f166980,sub-003,ses-001,6c48a1f7-8b36-48b3-9628-8e00fb963658,b362ba73-6683-4e82-884a-8ef54391d584,1789551109.1853802,1789551109.1765,1867163.099999994,b362ba73-6683-4e82-884a-8ef54391d584,browser_calibrated,0.002780437469482422,6.000041961669922,442186,442186,0,-40.900230407714844,host_receive_nearest,verified,1,1,,,,,,,,,1,,,,2,6,4,2,70-80%,70,80,3,441,,,,,,,,V5,B,391.048,1789551109.1765,1789551109.1853802,442186,,,,,,,,,,
7ae75019-c307-42bc-8576-8714f854dc75,quiz_start,1789551109.1857805,1768.748,442207,4,4,,2,G03,B,bbbd_subtraction,quiz_start,,,0.0,0.0,,,,,,,"{""client_event_id"":""7ae75019-c307-42bc-8576-8714f854dc75"",""recorder_run_id"":""47fb270e-4388-428d-9363-08e33f166980"",""client_id"":""b362ba73-6683-4e82-884a-8ef54391d584"",""client_timestamp"":1789551109.183,""client_monotonic_ms"":1867169.599999994,""event_timestamp"":1789551109.1857805,""clock_offset_sec"":0.002780437469482422,""clock_round_trip_ms"":6.000041961669922,""subject_id"":""sub-003"",""session_id"":""ses-001"",""block_id"":""Block 4"",""counterbalance_group"":""G03"",""block_order"":""Block 4"",""condition"":""B"",""condition_type"":""bbbd_subtraction"",""topic_key"":""V5"",""topic_name"":""千古一帝秦始皇都做了什么"",""event_type"":""quiz_start"",""iso_time"":""2026-09-16T09:31:49.182Z"",""relative_ms"":435694,""video_time_sec"":391.048}",47fb270e-4388-428d-9363-08e33f166980,sub-003,ses-001,7ae75019-c307-42bc-8576-8714f854dc75,b362ba73-6683-4e82-884a-8ef54391d584,1789551109.2163801,1789551109.183,1867169.599999994,b362ba73-6683-4e82-884a-8ef54391d584,browser_calibrated,0.002780437469482422,6.000041961669922,442187,442187,0,14.599800109863281,host_receive_nearest,verified,1,1,,,,,,,,,1,,,,,,,,,,,,,,,,,,,,V5,B,391.048,1789551109.183,1789551109.2163801,442187,,,,,,,,,,
696f6350-7fb9-4cb9-894a-a8e409417fb1,quiz_item_response,1789551121.8531804,1781.428,445367,4,4,,2,G03,B,bbbd_subtraction,quiz_item_response,秦朝什么时候建立的？,,0.0,0.0,,V5Q1,B,B,True,2153,"{""client_event_id"":""696f6350-7fb9-4cb9-894a-a8e409417fb1"",""recorder_run_id"":""47fb270e-4388-428d-9363-08e33f166980"",""client_id"":""b362ba73-6683-4e82-884a-8ef54391d584"",""client_timestamp"":1789551121.8504,""client_monotonic_ms"":1879837,""event_timestamp"":1789551121.8531804,""clock_offset_sec"":0.002780437469482422,""clock_round_trip_ms"":6.000041961669922,""subject_id"":""sub-003"",""session_id"":""ses-001"",""block_id"":""Block 4"",""counterbalance_group"":""G03"",""block_order"":""Block 4"",""condition"":""B"",""condition_type"":""bbbd_subtraction"",""topic_key"":""V5"",""topic_name"":""千古一帝秦始皇都做了什么"",""event_type"":""quiz_item_response"",""iso_time"":""2026-09-16T09:32:01.850Z"",""relative_ms"":448362,""video_time_sec"":391.048,""video_id"":""V5"",""question_id"":""V5Q1"",""question_text"":""秦朝什么时候建立的？"",""response_index"":1,""response_letter"":""B"",""response_text"":""公元前221年"",""correct_index"":1,""correct_letter"":""B"",""correct_text"":""公元前221年"",""is_correct"":true,""reaction_time_ms"":2153,""submitted_iso"":""2026-09-16T09:32:01.850Z"",""submitted_relative_ms"":448362}",47fb270e-4388-428d-9363-08e33f166980,sub-003,ses-001,696f6350-7fb9-4cb9-894a-a8e409417fb1,b362ba73-6683-4e82-884a-8ef54391d584,1789551121.8573802,1789551121.8504,1879837,b362ba73-6683-4e82-884a-8ef54391d584,browser_calibrated,0.002780437469482422,6.000041961669922,445357,445357,0,4.199743270874023,host_receive_nearest,verified,1,1,,,,,,,,,1,,,,,,,,,,,,,,,,,秦朝什么时候建立的？,1,公元前221年,V5,B,391.048,1789551121.8504,1789551121.8573802,445357,,,,,,,,,,
22ab3a66-3f43-4a81-b673-79ace32ee8f1,quiz_item_response,1789551121.8601804,1781.464,445382,4,4,,2,G03,B,bbbd_subtraction,quiz_item_response,秦始皇统一六国后，在地方上推行了什么制度来取代分封制？,,0.0,0.0,,V5Q2,B,B,True,5473,"{""client_event_id"":""22ab3a66-3f43-4a81-b673-79ace32ee8f1"",""recorder_run_id"":""47fb270e-4388-428d-9363-08e33f166980"",""client_id"":""b362ba73-6683-4e82-884a-8ef54391d584"",""client_timestamp"":1789551121.8574,""client_monotonic_ms"":1879844,""event_timestamp"":1789551121.8601804,""clock_offset_sec"":0.002780437469482422,""clock_round_trip_ms"":6.000041961669922,""subject_id"":""sub-003"",""session_id"":""ses-001"",""block_id"":""Block 4"",""counterbalance_group"":""G03"",""block_order"":""Block 4"",""condition"":""B"",""condition_type"":""bbbd_subtraction"",""topic_key"":""V5"",""topic_name"":""千古一帝秦始皇都做了什么"",""event_type"":""quiz_item_response"",""iso_time"":""2026-09-16T09:32:01.857Z"",""relative_ms"":448369,""video_time_sec"":391.048,""video_id"":""V5"",""question_id"":""V5Q2"",""question_text"":""秦始皇统一六国后，在地方上推行了什么制度来取代分封制？"",""response_index"":1,""response_letter"":""B"",""response_text"":""郡县制"",""correct_index"":1,""correct_letter"":""B"",""correct_text"":""郡县制"",""is_correct"":true,""reaction_time_ms"":5473,""submitted_iso"":""2026-09-16T09:32:01.857Z"",""submitted_relative_ms"":448369}",47fb270e-4388-428d-9363-08e33f166980,sub-003,ses-001,22ab3a66-3f43-4a81-b673-79ace32ee8f1,b362ba73-6683-4e82-884a-8ef54391d584,1789551121.9353802,1789551121.8574,1879844,b362ba73-6683-4e82-884a-8ef54391d584,browser_calibrated,0.002780437469482422,6.000041961669922,445366,445366,0,-2.8002262115478516,host_receive_nearest,verified,1,1,,,,,,,,,1,,,,,,,,,,,,,,,,,秦始皇统一六国后，在地方上推行了什么制度来取代分封制？,1,郡县制,V5,B,391.048,1789551121.8574,1789551121.9353802,445366,,,,,,,,,,
f9500534-f02d-41b1-b05f-caab2fe53ea0,quiz_item_response,1789551121.8671803,1781.464,445387,4,4,,2,G03,B,bbbd_subtraction,quiz_item_response,秦始皇统一后，规定全国通行的标准文字是什么？,,0.0,0.0,,V5Q3,C,C,True,8577,"{""client_event_id"":""f9500534-f02d-41b1-b05f-caab2fe53ea0"",""recorder_run_id"":""47fb270e-4388-428d-9363-08e33f166980"",""client_id"":""b362ba73-6683-4e82-884a-8ef54391d584"",""client_timestamp"":1789551121.8644,""client_monotonic_ms"":1879851.099999994,""event_timestamp"":1789551121.8671803,""clock_offset_sec"":0.002780437469482422,""clock_round_trip_ms"":6.000041961669922,""subject_id"":""sub-003"",""session_id"":""ses-001"",""block_id"":""Block 4"",""counterbalance_group"":""G03"",""block_order"":""Block 4"",""condition"":""B"",""condition_type"":""bbbd_subtraction"",""topic_key"":""V5"",""topic_name"":""千古一帝秦始皇都做了什么"",""event_type"":""quiz_item_response"",""iso_time"":""2026-09-16T09:32:01.864Z"",""relative_ms"":448376,""video_time_sec"":391.048,""video_id"":""V5"",""question_id"":""V5Q3"",""question_text"":""秦始皇统一后，规定全国通行的标准文字是什么？"",""response_index"":2,""response_letter"":""C"",""response_text"":""小篆"",""correct_index"":2,""correct_letter"":""C"",""correct_text"":""小篆"",""is_correct"":true,""reaction_time_ms"":8577,""submitted_iso"":""2026-09-16T09:32:01.864Z"",""submitted_relative_ms"":448376}",47fb270e-4388-428d-9363-08e33f166980,sub-003,ses-001,f9500534-f02d-41b1-b05f-caab2fe53ea0,b362ba73-6683-4e82-884a-8ef54391d584,1789551121.9503803,1789551121.8644,1879851.099999994,b362ba73-6683-4e82-884a-8ef54391d584,browser_calibrated,0.002780437469482422,6.000041961669922,445366,445366,0,-9.800195693969727,host_receive_nearest,verified,1,1,,,,,,,,,1,,,,,,,,,,,,,,,,,秦始皇统一后，规定全国通行的标准文字是什么？,2,小篆,V5,B,391.048,1789551121.8644,1789551121.9503803,445366,,,,,,,,,,
c63cb158-f229-4877-9289-45a4c2e83c4b,quiz_item_response,1789551121.8740802,1781.468,445397,4,4,,2,G03,B,bbbd_subtraction,quiz_item_response,秦始皇为促进各地经济交流，统一了以下哪一项？,,0.0,0.0,,V5Q4,A,B,False,12185,"{""client_event_id"":""c63cb158-f229-4877-9289-45a4c2e83c4b"",""recorder_run_id"":""47fb270e-4388-428d-9363-08e33f166980"",""client_id"":""b362ba73-6683-4e82-884a-8ef54391d584"",""client_timestamp"":1789551121.8712997,""client_monotonic_ms"":1879858.099999994,""event_timestamp"":1789551121.8740802,""clock_offset_sec"":0.002780437469482422,""clock_round_trip_ms"":6.000041961669922,""subject_id"":""sub-003"",""session_id"":""ses-001"",""block_id"":""Block 4"",""counterbalance_group"":""G03"",""block_order"":""Block 4"",""condition"":""B"",""condition_type"":""bbbd_subtraction"",""topic_key"":""V5"",""topic_name"":""千古一帝秦始皇都做了什么"",""event_type"":""quiz_item_response"",""iso_time"":""2026-09-16T09:32:01.871Z"",""relative_ms"":448383,""video_time_sec"":391.048,""video_id"":""V5"",""question_id"":""V5Q4"",""question_text"":""秦始皇为促进各地经济交流，统一了以下哪一项？"",""response_index"":1,""response_letter"":""B"",""response_text"":""统一使用黄金"",""correct_index"":0,""correct_letter"":""A"",""correct_text"":""统一货币为半两钱"",""is_correct"":false,""reaction_time_ms"":12185,""submitted_iso"":""2026-09-16T09:32:01.871Z"",""submitted_relative_ms"":448383}",47fb270e-4388-428d-9363-08e33f166980,sub-003,ses-001,c63cb158-f229-4877-9289-45a4c2e83c4b,b362ba73-6683-4e82-884a-8ef54391d584,1789551121.9663801,1789551121.8712997,1879858.099999994,b362ba73-6683-4e82-884a-8ef54391d584,browser_calibrated,0.002780437469482422,6.000041961669922,445367,445367,0,14.300107955932617,host_receive_nearest,verified,1,1,,,,,,,,,1,,,,,,,,,,,,,,,,,秦始皇为促进各地经济交流，统一了以下哪一项？,1,统一使用黄金,V5,B,391.048,1789551121.8712997,1789551121.9663801,445367,,,,,,,,,,
95fb7846-8d1f-4ff2-9f0e-754814051e54,quiz_end,1789551121.8806803,1781.468,445397,4,4,,2,G03,B,bbbd_subtraction,quiz_end,3/4,12.695,0.0,0.0,,,,,,,"{""client_event_id"":""95fb7846-8d1f-4ff2-9f0e-754814051e54"",""recorder_run_id"":""47fb270e-4388-428d-9363-08e33f166980"",""client_id"":""b362ba73-6683-4e82-884a-8ef54391d584"",""client_timestamp"":1789551121.8779,""client_monotonic_ms"":1879864.5,""event_timestamp"":1789551121.8806803,""clock_offset_sec"":0.002780437469482422,""clock_round_trip_ms"":6.000041961669922,""subject_id"":""sub-003"",""session_id"":""ses-001"",""block_id"":""Block 4"",""counterbalance_group"":""G03"",""block_order"":""Block 4"",""condition"":""B"",""condition_type"":""bbbd_subtraction"",""topic_key"":""V5"",""topic_name"":""千古一帝秦始皇都做了什么"",""event_type"":""quiz_end"",""iso_time"":""2026-09-16T09:32:01.877Z"",""relative_ms"":448389,""video_time_sec"":391.048,""score"":3,""total"":4,""duration_sec"":12.695}",47fb270e-4388-428d-9363-08e33f166980,sub-003,ses-001,95fb7846-8d1f-4ff2-9f0e-754814051e54,b362ba73-6683-4e82-884a-8ef54391d584,1789551121.9823802,1789551121.8779,1879864.5,b362ba73-6683-4e82-884a-8ef54391d584,browser_calibrated,0.002780437469482422,6.000041961669922,445367,445367,0,7.6999664306640625,host_receive_nearest,verified,1,1,,,,,,,,,1,,,,,,,,,,,,,,,3,4,,,,V5,B,391.048,1789551121.8779,1789551121.9823802,445367,,,,,,,,,,
95fb7846-8d1f-4ff2-9f0e-754814051e54,block_end,1789551121.8806803,1781.468,445397,4,4,,2,G03,B,bbbd_subtraction,block_end,V5,,0.0,0.0,,,,,,,,47fb270e-4388-428d-9363-08e33f166980,sub-003,ses-001,95fb7846-8d1f-4ff2-9f0e-754814051e54,b362ba73-6683-4e82-884a-8ef54391d584,1789551121.9823802,1789551121.8779,1879864.5,b362ba73-6683-4e82-884a-8ef54391d584,browser_calibrated,0.002780437469482422,6.000041961669922,445367,445367,0,7.6999664306640625,host_receive_nearest,verified,1,1,,,,,,,,,1,,,,,,,,,,,,,,,,,,,,V5,B,391.048,1789551121.8779,1789551121.9823802,445367,,,,,,,,,,
c8c7600c-af7a-46d7-84e6-b0df92ea1b98,rest_start,1789551121.8919804,1781.484,445402,4,4,,2,G03,B,bbbd_subtraction,rest_start,after-block-4,,0.0,0.0,,,,,,,"{""client_event_id"":""c8c7600c-af7a-46d7-84e6-b0df92ea1b98"",""recorder_run_id"":""47fb270e-4388-428d-9363-08e33f166980"",""client_id"":""b362ba73-6683-4e82-884a-8ef54391d584"",""client_timestamp"":1789551121.8892,""client_monotonic_ms"":1879875.799999997,""event_timestamp"":1789551121.8919804,""clock_offset_sec"":0.002780437469482422,""clock_round_trip_ms"":6.000041961669922,""subject_id"":""sub-003"",""session_id"":""ses-001"",""block_id"":""Block 4"",""counterbalance_group"":""G03"",""block_order"":""Block 4"",""condition"":""B"",""condition_type"":""bbbd_subtraction"",""topic_key"":""V5"",""topic_name"":""千古一帝秦始皇都做了什么"",""event_type"":""rest_start"",""iso_time"":""2026-09-16T09:32:01.889Z"",""relative_ms"":448401,""video_time_sec"":391.048,""after_block_id"":4,""planned_duration"":30,""actual_duration"":"""",""is_formal_experiment"":0}",47fb270e-4388-428d-9363-08e33f166980,sub-003,ses-001,c8c7600c-af7a-46d7-84e6-b0df92ea1b98,b362ba73-6683-4e82-884a-8ef54391d584,1789551122.0133803,1789551121.8892,1879875.799999997,b362ba73-6683-4e82-884a-8ef54391d584,browser_calibrated,0.002780437469482422,6.000041961669922,445371,445371,0,-3.6001205444335938,host_receive_nearest,verified,0,1,,,,,4,,30,,0,,,,,,,,,,,,,,,,,,,,V5,B,391.048,1789551121.8892,1789551122.0133803,445371,,,,,,,,,,
45da8483-7c57-4f32-8308-f1814cf1f1c3,rest_end,1789551153.47778,1813.048,453272,4,4,,2,G03,B,bbbd_subtraction,rest_end,after-block-4,31.579,0.0,0.0,,,,,,,"{""client_event_id"":""45da8483-7c57-4f32-8308-f1814cf1f1c3"",""recorder_run_id"":""47fb270e-4388-428d-9363-08e33f166980"",""client_id"":""b362ba73-6683-4e82-884a-8ef54391d584"",""client_timestamp"":1789551153.4680998,""client_monotonic_ms"":1911454.700000003,""event_timestamp"":1789551153.47778,""clock_offset_sec"":0.00968027114868164,""clock_round_trip_ms"":5.99980354309082,""subject_id"":""sub-003"",""session_id"":""ses-001"",""block_id"":""Block 4"",""counterbalance_group"":""G03"",""block_order"":""Block 4"",""condition"":""B"",""condition_type"":""bbbd_subtraction"",""topic_key"":""V5"",""topic_name"":""千古一帝秦始皇都做了什么"",""event_type"":""rest_end"",""iso_time"":""2026-09-16T09:32:33.468Z"",""relative_ms"":479979,""video_time_sec"":391.048,""after_block_id"":4,""planned_duration"":30,""actual_duration"":31.579,""duration_sec"":31.579,""is_formal_experiment"":0,""debug_early"":false}",47fb270e-4388-428d-9363-08e33f166980,sub-003,ses-001,45da8483-7c57-4f32-8308-f1814cf1f1c3,b362ba73-6683-4e82-884a-8ef54391d584,1789551153.4823802,1789551153.4680998,1911454.700000003,b362ba73-6683-4e82-884a-8ef54391d584,browser_calibrated,0.00968027114868164,5.99980354309082,453262,453262,0,4.600048065185547,host_receive_nearest,verified,0,1,,,,,4,,30,31.579,0,,,,,,,,,,,,,,,,,,,,V5,B,391.048,1789551153.4680998,1789551153.4823802,453262,,,,,,,,,,
6494698a-d581-4dd1-b2f2-23d678de5653,block_start,1789551157.89448,1817.484,454372,5,5,,2,G03,A,focused,block_start,V6,,0.0,0.0,,,,,,,condition=A; condition_type=focused,47fb270e-4388-428d-9363-08e33f166980,sub-003,ses-001,6494698a-d581-4dd1-b2f2-23d678de5653,b362ba73-6683-4e82-884a-8ef54391d584,1789551157.9043803,1789551157.8847997,1915871.399999991,b362ba73-6683-4e82-884a-8ef54391d584,browser_calibrated,0.00968027114868164,5.99980354309082,454371,454371,0,-6.099700927734375,host_receive_nearest,verified,0,1,,,,,,,,,1,,,,,,,,,,,,,,,,,,,,V6,A,0,1789551157.8847997,1789551157.9043803,454371,,,,,,,,,,
6494698a-d581-4dd1-b2f2-23d678de5653,condition_prompt_start,1789551157.89448,1817.484,454372,5,5,,2,G03,A,focused,condition_prompt_start,A,,0.0,0.0,,,,,,,,47fb270e-4388-428d-9363-08e33f166980,sub-003,ses-001,6494698a-d581-4dd1-b2f2-23d678de5653,b362ba73-6683-4e82-884a-8ef54391d584,1789551157.9043803,1789551157.8847997,1915871.399999991,b362ba73-6683-4e82-884a-8ef54391d584,browser_calibrated,0.00968027114868164,5.99980354309082,454371,454371,0,-6.099700927734375,host_receive_nearest,verified,0,1,,,,,,,,,1,,,,,,,,,,,,,,,,,,,,V6,A,0,1789551157.8847997,1789551157.9043803,454371,,,,,,,,,,
6494698a-d581-4dd1-b2f2-23d678de5653,browser_block_config,1789551157.89448,1817.484,454372,5,5,,2,G03,A,focused,browser_block_config,V6,,0.0,0.0,,,,,,,"{""client_event_id"":""6494698a-d581-4dd1-b2f2-23d678de5653"",""recorder_run_id"":""47fb270e-4388-428d-9363-08e33f166980"",""client_id"":""b362ba73-6683-4e82-884a-8ef54391d584"",""client_timestamp"":1789551157.8847997,""client_monotonic_ms"":1915871.399999991,""event_timestamp"":1789551157.89448,""clock_offset_sec"":0.00968027114868164,""clock_round_trip_ms"":5.99980354309082,""subject_id"":""sub-003"",""session_id"":""ses-001"",""block_id"":""Block 5"",""counterbalance_group"":""G03"",""block_order"":""Block 5"",""condition"":""A"",""condition_type"":""focused"",""topic_key"":""V6"",""topic_name"":""孔子的救世秘籍 仁爱 礼治 德治 中庸"",""event_type"":""block_start"",""iso_time"":""2026-09-16T09:32:37.884Z"",""relative_ms"":0,""video_time_sec"":0,""block_start_iso"":""2026-09-16T09:32:37.884Z"",""config_json"":""{\""recorder_run_id\"":\""47fb270e-4388-428d-9363-08e33f166980\"",\""subject_id\"":\""sub-003\"",\""session_id\"":\""ses-001\"",\""block_id\"":\""Block 5\"",\""counterbalance_group\"":\""G03\"",\""condition\"":\""A\"",\""condition_type\"":\""focused\"",\""topic_key\"":\""V6\"",\""topic_name\"":\""孔子的救世秘籍 仁爱 礼治 德治 中庸\"",\""video_file\"":\""视频6-混知漫画｜孔子的救世秘籍！仁爱，礼治，德治，中庸~孔子（下）-480P 标清-AVC.mp4\"",\""start_number\"":\""\"",\""generated_timestamp\"":\""\""}""}",47fb270e-4388-428d-9363-08e33f166980,sub-003,ses-001,6494698a-d581-4dd1-b2f2-23d678de5653,b362ba73-6683-4e82-884a-8ef54391d584,1789551157.9043803,1789551157.8847997,1915871.399999991,b362ba73-6683-4e82-884a-8ef54391d584,browser_calibrated,0.00968027114868164,5.99980354309082,454371,454371,0,-6.099700927734375,host_receive_nearest,verified,0,1,,,,,,,,,1,,,,,,,,,,,,,,,,,,,,V6,A,0,1789551157.8847997,1789551157.9043803,454371,,,,,,,,,,
9169f1af-3ea2-4aa7-8964-ca4bf8b77da2,probe_schedule,1789551157.9526803,1817.544,454387,5,5,,2,G03,A,focused,probe_schedule,"47.546,94.246,166.988,288.818",,0.0,0.0,,,,,,,"{""client_event_id"":""9169f1af-3ea2-4aa7-8964-ca4bf8b77da2"",""recorder_run_id"":""47fb270e-4388-428d-9363-08e33f166980"",""client_id"":""b362ba73-6683-4e82-884a-8ef54391d584"",""client_timestamp"":1789551157.943,""client_monotonic_ms"":1915929.599999994,""event_timestamp"":1789551157.9526803,""clock_offset_sec"":0.00968027114868164,""clock_round_trip_ms"":5.99980354309082,""subject_id"":""sub-003"",""session_id"":""ses-001"",""block_id"":""Block 5"",""counterbalance_group"":""G03"",""block_order"":""Block 5"",""condition"":""A"",""condition_type"":""focused"",""topic_key"":""V6"",""topic_name"":""孔子的救世秘籍 仁爱 礼治 德治 中庸"",""event_type"":""probe_schedule"",""iso_time"":""2026-09-16T09:32:37.943Z"",""relative_ms"":58,""video_time_sec"":0,""probe_schedule_id"":""71e18ff9-487c-4d74-86ea-af53ccbf8524"",""probe_times"":[47.546,94.246,166.988,288.818],""probe_config"":{""probes_per_block"":4,""min_first_onset_sec"":45,""min_end_margin_sec"":30,""min_gap_sec"":45},""video_duration_sec"":325.753,""video_id"":""V6"",""debug_fast"":false}",47fb270e-4388-428d-9363-08e33f166980,sub-003,ses-001,9169f1af-3ea2-4aa7-8964-ca4bf8b77da2,b362ba73-6683-4e82-884a-8ef54391d584,1789551157.9503803,1789551157.943,1915929.599999994,b362ba73-6683-4e82-884a-8ef54391d584,browser_calibrated,0.00968027114868164,5.99980354309082,454386,454386,0,-2.3000240325927734,host_receive_nearest,verified,1,1,,,,,,,,,1,,,,,,,,,,,,,,,,,,,,V6,A,0,1789551157.943,1789551157.9503803,454386,,4,71e18ff9-487c-4d74-86ea-af53ccbf8524,,,,,,,
511ac015-f9af-4972-8dc0-168063afe103,condition_prompt_end,1789551162.9557,1822.564,455642,5,5,,2,G03,A,focused,condition_prompt_end,0.002,,0.0,0.0,,,,,,,"{""client_event_id"":""511ac015-f9af-4972-8dc0-168063afe103"",""recorder_run_id"":""47fb270e-4388-428d-9363-08e33f166980"",""client_id"":""b362ba73-6683-4e82-884a-8ef54391d584"",""client_timestamp"":1789551162.9557998,""client_monotonic_ms"":1920942.399999991,""event_timestamp"":1789551162.9557,""clock_offset_sec"":0.00968027114868164,""clock_round_trip_ms"":5.99980354309082,""subject_id"":""sub-003"",""session_id"":""ses-001"",""block_id"":""Block 5"",""counterbalance_group"":""G03"",""block_order"":""Block 5"",""condition"":""A"",""condition_type"":""focused"",""topic_key"":""V6"",""topic_name"":""孔子的救世秘籍 仁爱 礼治 德治 中庸"",""event_type"":""condition_prompt_end"",""iso_time"":""2026-09-16T09:32:42.955Z"",""relative_ms"":5071,""video_time_sec"":0.002}",47fb270e-4388-428d-9363-08e33f166980,sub-003,ses-001,511ac015-f9af-4972-8dc0-168063afe103,b362ba73-6683-4e82-884a-8ef54391d584,1789551162.9823802,1789551162.9557998,1920942.399999991,b362ba73-6683-4e82-884a-8ef54391d584,browser_calibrated,0.00968027114868164,5.99980354309082,455641,455641,0,-5.3195953369140625,host_receive_nearest,verified,1,0,,,,,,,,,1,,,,,,,,,,,,,,,,,,,,V6,A,0.002,1789551162.9557998,1789551162.9823802,455641,,,,,,,,,,
79b275df-51a9-4610-beae-fa80b735a0c1,video_start,1789551162.9557,1822.564,455642,5,5,,2,G03,A,focused,video_start,V6,,0.0,0.0,,,,,,,,47fb270e-4388-428d-9363-08e33f166980,sub-003,ses-001,79b275df-51a9-4610-beae-fa80b735a0c1,b362ba73-6683-4e82-884a-8ef54391d584,1789551163.0133803,1789551162.9650998,1920951.700000003,b362ba73-6683-4e82-884a-8ef54391d584,browser_calibrated,0.00968027114868164,5.99980354309082,455641,455641,0,-5.3195953369140625,host_receive_nearest,verified,1,1,,,,,,,,,1,,,,,,,,,,,,,,,,,,,,V6,A,0.002,1789551162.9650998,1789551163.0133803,455641,,,,,,,,,,
79b275df-51a9-4610-beae-fa80b735a0c1,video_play,1789551162.9557,1822.564,455642,5,5,,2,G03,A,focused,video_play,0.002,,0.0,0.0,,,,,,,"{""client_event_id"":""79b275df-51a9-4610-beae-fa80b735a0c1"",""recorder_run_id"":""47fb270e-4388-428d-9363-08e33f166980"",""client_id"":""b362ba73-6683-4e82-884a-8ef54391d584"",""client_timestamp"":1789551162.9650998,""client_monotonic_ms"":1920951.700000003,""event_timestamp"":1789551162.9557,""clock_offset_sec"":0.00968027114868164,""clock_round_trip_ms"":5.99980354309082,""subject_id"":""sub-003"",""session_id"":""ses-001"",""block_id"":""Block 5"",""counterbalance_group"":""G03"",""block_order"":""Block 5"",""condition"":""A"",""condition_type"":""focused"",""topic_key"":""V6"",""topic_name"":""孔子的救世秘籍 仁爱 礼治 德治 中庸"",""event_type"":""video_play"",""iso_time"":""2026-09-16T09:32:42.965Z"",""relative_ms"":5081,""video_time_sec"":0.002}",47fb270e-4388-428d-9363-08e33f166980,sub-003,ses-001,79b275df-51a9-4610-beae-fa80b735a0c1,b362ba73-6683-4e82-884a-8ef54391d584,1789551163.0133803,1789551162.9650998,1920951.700000003,b362ba73-6683-4e82-884a-8ef54391d584,browser_calibrated,0.00968027114868164,5.99980354309082,455641,455641,0,-5.3195953369140625,host_receive_nearest,verified,1,1,,,,,,,,,1,,,,,,,,,,,,,,,,,,,,V6,A,0.002,1789551162.9650998,1789551163.0133803,455641,,,,,,,,,,
9ad2b901-2d2d-4f27-88d4-892ee25878e4,probe_onset,1789551210.8135304,1870.404,467602,5,5,,2,G03,A,focused,probe_onset,Block 5_1_71e18ff9,,0.0,0.0,,,,,,,"{""client_event_id"":""9ad2b901-2d2d-4f27-88d4-892ee25878e4"",""recorder_run_id"":""47fb270e-4388-428d-9363-08e33f166980"",""client_id"":""b362ba73-6683-4e82-884a-8ef54391d584"",""client_timestamp"":1789551210.8027,""client_monotonic_ms"":1968789.299999997,""event_timestamp"":1789551210.8135304,""clock_offset_sec"":0.010830402374267578,""clock_round_trip_ms"":6.099700927734375,""subject_id"":""sub-003"",""session_id"":""ses-001"",""block_id"":""Block 5"",""counterbalance_group"":""G03"",""block_order"":""Block 5"",""condition"":""A"",""condition_type"":""focused"",""topic_key"":""V6"",""topic_name"":""孔子的救世秘籍 仁爱 礼治 德治 中庸"",""event_type"":""probe_onset"",""iso_time"":""2026-09-16T09:33:30.802Z"",""relative_ms"":52918,""video_time_sec"":47.801,""probe_id"":""Block 5_1_71e18ff9"",""probe_index"":1,""probe_schedule_id"":""71e18ff9-487c-4d74-86ea-af53ccbf8524"",""probe_planned_time_sec"":47.546,""video_id"":""V6"",""pause_reason"":""thought_probe"",""forced"":false}",47fb270e-4388-428d-9363-08e33f166980,sub-003,ses-001,9ad2b901-2d2d-4f27-88d4-892ee25878e4,b362ba73-6683-4e82-884a-8ef54391d584,1789551210.8253803,1789551210.8027,1968789.299999997,b362ba73-6683-4e82-884a-8ef54391d584,browser_calibrated,0.010830402374267578,6.099700927734375,467601,467601,0,-3.1502246856689453,host_receive_nearest,verified,1,1,,,,,,,,,1,,,,,,,,,,,,,,,,,,,,V6,A,47.801,1789551210.8027,1789551210.8253803,467601,Block 5_1_71e18ff9,1,71e18ff9-487c-4d74-86ea-af53ccbf8524,47.546,,,,,,thought_probe
da398972-1dd5-4a8b-85a6-25284ff4f83d,attention_response,1789551213.3867302,1872.948,468247,5,5,,2,G03,A,focused,attention_response,1,,0.0,0.0,,,,,,,"{""client_event_id"":""da398972-1dd5-4a8b-85a6-25284ff4f83d"",""recorder_run_id"":""47fb270e-4388-428d-9363-08e33f166980"",""client_id"":""b362ba73-6683-4e82-884a-8ef54391d584"",""client_timestamp"":1789551213.3758998,""client_monotonic_ms"":1971362.5,""event_timestamp"":1789551213.3867302,""clock_offset_sec"":0.010830402374267578,""clock_round_trip_ms"":6.099700927734375,""subject_id"":""sub-003"",""session_id"":""ses-001"",""block_id"":""Block 5"",""counterbalance_group"":""G03"",""block_order"":""Block 5"",""condition"":""A"",""condition_type"":""focused"",""topic_key"":""V6"",""topic_name"":""孔子的救世秘籍 仁爱 礼治 德治 中庸"",""event_type"":""attention_response"",""iso_time"":""2026-09-16T09:33:33.375Z"",""relative_ms"":55491,""video_time_sec"":47.801,""probe_id"":""Block 5_1_71e18ff9"",""probe_index"":1,""probe_schedule_id"":""71e18ff9-487c-4d74-86ea-af53ccbf8524"",""probe_planned_time_sec"":47.546,""video_id"":""V6"",""response"":1,""response_label"":""课程内容"",""probe_attention"":""ON"",""response_time_ms"":2573}",47fb270e-4388-428d-9363-08e33f166980,sub-003,ses-001,da398972-1dd5-4a8b-85a6-25284ff4f83d,b362ba73-6683-4e82-884a-8ef54391d584,1789551213.3883803,1789551213.3758998,1971362.5,b362ba73-6683-4e82-884a-8ef54391d584,browser_calibrated,0.010830402374267578,6.099700927734375,468237,468237,0,1.650094985961914,host_receive_nearest,verified,1,1,,,,,,,,,1,,,,,,,,,,,,,,,,,,,,V6,A,47.801,1789551213.3758998,1789551213.4043803,468237,Block 5_1_71e18ff9,1,71e18ff9-487c-4d74-86ea-af53ccbf8524,47.546,1,课程内容,2573,,ON,
5b821f19-77b3-475e-b3d8-6f7dafffd0d2,confidence_response,1789551214.9186301,1874.488,468632,5,5,,2,G03,A,focused,confidence_response,3,,0.0,0.0,,,,,,,"{""client_event_id"":""5b821f19-77b3-475e-b3d8-6f7dafffd0d2"",""recorder_run_id"":""47fb270e-4388-428d-9363-08e33f166980"",""client_id"":""b362ba73-6683-4e82-884a-8ef54391d584"",""client_timestamp"":1789551214.9077997,""client_monotonic_ms"":1972894.399999991,""event_timestamp"":1789551214.9186301,""clock_offset_sec"":0.010830402374267578,""clock_round_trip_ms"":6.099700927734375,""subject_id"":""sub-003"",""session_id"":""ses-001"",""block_id"":""Block 5"",""counterbalance_group"":""G03"",""block_order"":""Block 5"",""condition"":""A"",""condition_type"":""focused"",""topic_key"":""V6"",""topic_name"":""孔子的救世秘籍 仁爱 礼治 德治 中庸"",""event_type"":""confidence_response"",""iso_time"":""2026-09-16T09:33:34.907Z"",""relative_ms"":57023,""video_time_sec"":47.801,""probe_id"":""Block 5_1_71e18ff9"",""probe_index"":1,""probe_schedule_id"":""71e18ff9-487c-4d74-86ea-af53ccbf8524"",""probe_planned_time_sec"":47.546,""video_id"":""V6"",""response"":1,""confidence"":3,""response_time_ms"":1532}",47fb270e-4388-428d-9363-08e33f166980,sub-003,ses-001,5b821f19-77b3-475e-b3d8-6f7dafffd0d2,b362ba73-6683-4e82-884a-8ef54391d584,1789551214.9193802,1789551214.9077997,1972894.399999991,b362ba73-6683-4e82-884a-8ef54391d584,browser_calibrated,0.010830402374267578,6.099700927734375,468622,468622,0,0.7500648498535156,host_receive_nearest,verified,1,1,,,,,,,,,1,,,,,,,,,,,,,,,,,,,,V6,A,47.801,1789551214.9077997,1789551214.9353802,468622,Block 5_1_71e18ff9,1,71e18ff9-487c-4d74-86ea-af53ccbf8524,47.546,,,1532,3,,
b0e09d39-0469-431c-86bd-f52dc091f60f,phase_change,1789551214.9299302,1874.524,468637,5,5,,2,G03,A,focused,phase_change,video,,0.0,0.0,,,,,,,,47fb270e-4388-428d-9363-08e33f166980,sub-003,ses-001,b0e09d39-0469-431c-86bd-f52dc091f60f,b362ba73-6683-4e82-884a-8ef54391d584,1789551214.9503803,1789551214.9190998,1972905.700000003,b362ba73-6683-4e82-884a-8ef54391d584,browser_calibrated,0.010830402374267578,6.099700927734375,468631,468631,0,-10.55002212524414,host_receive_nearest,verified,1,1,,,,,,,,,1,,,,,,,,,,,,,,,,,,,,V6,A,47.868,1789551214.9190998,1789551214.9503803,468631,,,,,,,,,,
b0e09d39-0469-431c-86bd-f52dc091f60f,video_resume,1789551214.9299302,1874.524,468637,5,5,,2,G03,A,focused,video_resume,47.868,,0.0,0.0,,,,,,,"{""client_event_id"":""b0e09d39-0469-431c-86bd-f52dc091f60f"",""recorder_run_id"":""47fb270e-4388-428d-9363-08e33f166980"",""client_id"":""b362ba73-6683-4e82-884a-8ef54391d584"",""client_timestamp"":1789551214.9190998,""client_monotonic_ms"":1972905.700000003,""event_timestamp"":1789551214.9299302,""clock_offset_sec"":0.010830402374267578,""clock_round_trip_ms"":6.099700927734375,""subject_id"":""sub-003"",""session_id"":""ses-001"",""block_id"":""Block 5"",""counterbalance_group"":""G03"",""block_order"":""Block 5"",""condition"":""A"",""condition_type"":""focused"",""topic_key"":""V6"",""topic_name"":""孔子的救世秘籍 仁爱 礼治 德治 中庸"",""event_type"":""video_resume"",""iso_time"":""2026-09-16T09:33:34.919Z"",""relative_ms"":57035,""video_time_sec"":47.868,""probe_id"":""Block 5_1_71e18ff9"",""probe_index"":1,""probe_schedule_id"":""71e18ff9-487c-4d74-86ea-af53ccbf8524"",""probe_planned_time_sec"":47.546,""video_id"":""V6"",""pause_reason"":""thought_probe"",""resume_status"":""playing""}",47fb270e-4388-428d-9363-08e33f166980,sub-003,ses-001,b0e09d39-0469-431c-86bd-f52dc091f60f,b362ba73-6683-4e82-884a-8ef54391d584,1789551214.9503803,1789551214.9190998,1972905.700000003,b362ba73-6683-4e82-884a-8ef54391d584,browser_calibrated,0.010830402374267578,6.099700927734375,468631,468631,0,-10.55002212524414,host_receive_nearest,verified,1,1,,,,,,,,,1,,,,,,,,,,,,,,,,,,,,V6,A,47.868,1789551214.9190998,1789551214.9503803,468631,Block 5_1_71e18ff9,,,,,,,,,thought_probe
42b0ed4b-2fb2-4e9a-865a-7530c4f30dee,probe_onset,1789551261.4278305,1921.02,480256,5,5,,2,G03,A,focused,probe_onset,Block 5_2_71e18ff9,,0.0,0.0,,,,,,,"{""client_event_id"":""42b0ed4b-2fb2-4e9a-865a-7530c4f30dee"",""recorder_run_id"":""47fb270e-4388-428d-9363-08e33f166980"",""client_id"":""b362ba73-6683-4e82-884a-8ef54391d584"",""client_timestamp"":1789551261.4147,""client_monotonic_ms"":2019401.299999997,""event_timestamp"":1789551261.4278305,""clock_offset_sec"":0.013130426406860352,""clock_round_trip_ms"":6.099700927734375,""subject_id"":""sub-003"",""session_id"":""ses-001"",""block_id"":""Block 5"",""counterbalance_group"":""G03"",""block_order"":""Block 5"",""condition"":""A"",""condition_type"":""focused"",""topic_key"":""V6"",""topic_name"":""孔子的救世秘籍 仁爱 礼治 德治 中庸"",""event_type"":""probe_onset"",""iso_time"":""2026-09-16T09:34:21.414Z"",""relative_ms"":103530,""video_time_sec"":94.303,""probe_id"":""Block 5_2_71e18ff9"",""probe_index"":2,""probe_schedule_id"":""71e18ff9-487c-4d74-86ea-af53ccbf8524"",""probe_planned_time_sec"":94.246,""video_id"":""V6"",""pause_reason"":""thought_probe"",""forced"":false}",47fb270e-4388-428d-9363-08e33f166980,sub-003,ses-001,42b0ed4b-2fb2-4e9a-865a-7530c4f30dee,b362ba73-6683-4e82-884a-8ef54391d584,1789551261.4193802,1789551261.4147,2019401.299999997,b362ba73-6683-4e82-884a-8ef54391d584,browser_calibrated,0.013130426406860352,6.099700927734375,480255,480255,0,-8.45026969909668,host_receive_nearest,verified,1,1,,,,,,,,,1,,,,,,,,,,,,,,,,,,,,V6,A,94.303,1789551261.4147,1789551261.4193802,480255,Block 5_2_71e18ff9,2,71e18ff9-487c-4d74-86ea-af53ccbf8524,94.246,,,,,,thought_probe
011551fa-c0f5-4001-9e9b-1673434afb1e,attention_response,1789551263.6867805,1923.244,480821,5,5,,2,G03,A,focused,attention_response,1,,0.0,0.0,,,,,,,"{""client_event_id"":""011551fa-c0f5-4001-9e9b-1673434afb1e"",""recorder_run_id"":""47fb270e-4388-428d-9363-08e33f166980"",""client_id"":""b362ba73-6683-4e82-884a-8ef54391d584"",""client_timestamp"":1789551263.688,""client_monotonic_ms"":2021674.599999994,""event_timestamp"":1789551263.6867805,""clock_offset_sec"":-0.0012195110321044922,""clock_round_trip_ms"":6.000041961669922,""subject_id"":""sub-003"",""session_id"":""ses-001"",""block_id"":""Block 5"",""counterbalance_group"":""G03"",""block_order"":""Block 5"",""condition"":""A"",""condition_type"":""focused"",""topic_key"":""V6"",""topic_name"":""孔子的救世秘籍 仁爱 礼治 德治 中庸"",""event_type"":""attention_response"",""iso_time"":""2026-09-16T09:34:23.688Z"",""relative_ms"":105804,""video_time_sec"":94.303,""probe_id"":""Block 5_2_71e18ff9"",""probe_index"":2,""probe_schedule_id"":""71e18ff9-487c-4d74-86ea-af53ccbf8524"",""probe_planned_time_sec"":94.246,""video_id"":""V6"",""response"":1,""response_label"":""课程内容"",""probe_attention"":""ON"",""response_time_ms"":2274}",47fb270e-4388-428d-9363-08e33f166980,sub-003,ses-001,011551fa-c0f5-4001-9e9b-1673434afb1e,b362ba73-6683-4e82-884a-8ef54391d584,1789551263.7003803,1789551263.688,2021674.599999994,b362ba73-6683-4e82-884a-8ef54391d584,browser_calibrated,-0.0012195110321044922,6.000041961669922,480811,480811,0,13.599872589111328,host_receive_nearest,verified,1,1,,,,,,,,,1,,,,,,,,,,,,,,,,,,,,V6,A,94.303,1789551263.688,1789551263.7003803,480811,Block 5_2_71e18ff9,2,71e18ff9-487c-4d74-86ea-af53ccbf8524,94.246,1,课程内容,2274,,ON,
70692e25-0fd0-46d9-a541-8e82db1f8b47,confidence_response,1789551264.6473804,1924.244,481066,5,5,,2,G03,A,focused,confidence_response,3,,0.0,0.0,,,,,,,"{""client_event_id"":""70692e25-0fd0-46d9-a541-8e82db1f8b47"",""recorder_run_id"":""47fb270e-4388-428d-9363-08e33f166980"",""client_id"":""b362ba73-6683-4e82-884a-8ef54391d584"",""client_timestamp"":1789551264.6485999,""client_monotonic_ms"":2022635.200000003,""event_timestamp"":1789551264.6473804,""clock_offset_sec"":-0.0012195110321044922,""clock_round_trip_ms"":6.000041961669922,""subject_id"":""sub-003"",""session_id"":""ses-001"",""block_id"":""Block 5"",""counterbalance_group"":""G03"",""block_order"":""Block 5"",""condition"":""A"",""condition_type"":""focused"",""topic_key"":""V6"",""topic_name"":""孔子的救世秘籍 仁爱 礼治 德治 中庸"",""event_type"":""confidence_response"",""iso_time"":""2026-09-16T09:34:24.648Z"",""relative_ms"":106764,""video_time_sec"":94.303,""probe_id"":""Block 5_2_71e18ff9"",""probe_index"":2,""probe_schedule_id"":""71e18ff9-487c-4d74-86ea-af53ccbf8524"",""probe_planned_time_sec"":94.246,""video_id"":""V6"",""response"":1,""confidence"":3,""response_time_ms"":961}",47fb270e-4388-428d-9363-08e33f166980,sub-003,ses-001,70692e25-0fd0-46d9-a541-8e82db1f8b47,b362ba73-6683-4e82-884a-8ef54391d584,1789551264.6543803,1789551264.6485999,2022635.200000003,b362ba73-6683-4e82-884a-8ef54391d584,browser_calibrated,-0.0012195110321044922,6.000041961669922,481061,481061,0,6.999969482421875,host_receive_nearest,verified,1,1,,,,,,,,,1,,,,,,,,,,,,,,,,,,,,V6,A,94.303,1789551264.6485999,1789551264.6693802,481061,Block 5_2_71e18ff9,2,71e18ff9-487c-4d74-86ea-af53ccbf8524,94.246,,,961,3,,
4fa53e76-8dcc-4f90-b7b5-c280d0ed6615,phase_change,1789551264.6621804,1924.26,481076,5,5,,2,G03,A,focused,phase_change,video,,0.0,0.0,,,,,,,,47fb270e-4388-428d-9363-08e33f166980,sub-003,ses-001,4fa53e76-8dcc-4f90-b7b5-c280d0ed6615,b362ba73-6683-4e82-884a-8ef54391d584,1789551264.7003803,1789551264.6634,2022650,b362ba73-6683-4e82-884a-8ef54391d584,browser_calibrated,-0.0012195110321044922,6.000041961669922,481065,481065,0,-7.800102233886719,host_receive_nearest,verified,1,1,,,,,,,,,1,,,,,,,,,,,,,,,,,,,,V6,A,94.378,1789551264.6634,1789551264.7003803,481065,,,,,,,,,,
4fa53e76-8dcc-4f90-b7b5-c280d0ed6615,video_resume,1789551264.6621804,1924.26,481076,5,5,,2,G03,A,focused,video_resume,94.378,,0.0,0.0,,,,,,,"{""client_event_id"":""4fa53e76-8dcc-4f90-b7b5-c280d0ed6615"",""recorder_run_id"":""47fb270e-4388-428d-9363-08e33f166980"",""client_id"":""b362ba73-6683-4e82-884a-8ef54391d584"",""client_timestamp"":1789551264.6634,""client_monotonic_ms"":2022650,""event_timestamp"":1789551264.6621804,""clock_offset_sec"":-0.0012195110321044922,""clock_round_trip_ms"":6.000041961669922,""subject_id"":""sub-003"",""session_id"":""ses-001"",""block_id"":""Block 5"",""counterbalance_group"":""G03"",""block_order"":""Block 5"",""condition"":""A"",""condition_type"":""focused"",""topic_key"":""V6"",""topic_name"":""孔子的救世秘籍 仁爱 礼治 德治 中庸"",""event_type"":""video_resume"",""iso_time"":""2026-09-16T09:34:24.663Z"",""relative_ms"":106779,""video_time_sec"":94.378,""probe_id"":""Block 5_2_71e18ff9"",""probe_index"":2,""probe_schedule_id"":""71e18ff9-487c-4d74-86ea-af53ccbf8524"",""probe_planned_time_sec"":94.246,""video_id"":""V6"",""pause_reason"":""thought_probe"",""resume_status"":""playing""}",47fb270e-4388-428d-9363-08e33f166980,sub-003,ses-001,4fa53e76-8dcc-4f90-b7b5-c280d0ed6615,b362ba73-6683-4e82-884a-8ef54391d584,1789551264.7003803,1789551264.6634,2022650,b362ba73-6683-4e82-884a-8ef54391d584,browser_calibrated,-0.0012195110321044922,6.000041961669922,481065,481065,0,-7.800102233886719,host_receive_nearest,verified,1,1,,,,,,,,,1,,,,,,,,,,,,,,,,,,,,V6,A,94.378,1789551264.6634,1789551264.7003803,481065,Block 5_2_71e18ff9,,,,,,,,,thought_probe
d64acad1-685b-4910-9c7d-f1d1462b3f58,probe_onset,1789551337.5709803,1997.14,499286,5,5,,2,G03,A,focused,probe_onset,Block 5_3_71e18ff9,,0.0,0.0,,,,,,,"{""client_event_id"":""d64acad1-685b-4910-9c7d-f1d1462b3f58"",""recorder_run_id"":""47fb270e-4388-428d-9363-08e33f166980"",""client_id"":""b362ba73-6683-4e82-884a-8ef54391d584"",""client_timestamp"":1789551337.56,""client_monotonic_ms"":2095546.700000003,""event_timestamp"":1789551337.5709803,""clock_offset_sec"":0.010980367660522461,""clock_round_trip_ms"":5.3997039794921875,""subject_id"":""sub-003"",""session_id"":""ses-001"",""block_id"":""Block 5"",""counterbalance_group"":""G03"",""block_order"":""Block 5"",""condition"":""A"",""condition_type"":""focused"",""topic_key"":""V6"",""topic_name"":""孔子的救世秘籍 仁爱 礼治 德治 中庸"",""event_type"":""probe_onset"",""iso_time"":""2026-09-16T09:35:37.560Z"",""relative_ms"":179676,""video_time_sec"":167.218,""probe_id"":""Block 5_3_71e18ff9"",""probe_index"":3,""probe_schedule_id"":""71e18ff9-487c-4d74-86ea-af53ccbf8524"",""probe_planned_time_sec"":166.988,""video_id"":""V6"",""pause_reason"":""thought_probe"",""forced"":false}",47fb270e-4388-428d-9363-08e33f166980,sub-003,ses-001,d64acad1-685b-4910-9c7d-f1d1462b3f58,b362ba73-6683-4e82-884a-8ef54391d584,1789551337.5753803,1789551337.56,2095546.700000003,b362ba73-6683-4e82-884a-8ef54391d584,browser_calibrated,0.010980367660522461,5.3997039794921875,499285,499285,0,-41.59998893737793,host_receive_nearest,verified,1,1,,,,,,,,,1,,,,,,,,,,,,,,,,,,,,V6,A,167.218,1789551337.56,1789551337.5753803,499285,Block 5_3_71e18ff9,3,71e18ff9-487c-4d74-86ea-af53ccbf8524,166.988,,,,,,thought_probe
ab108628-fcba-4f32-b4fc-712e7da78998,attention_response,1789551340.2758803,1999.84,499961,5,5,,2,G03,A,focused,attention_response,1,,0.0,0.0,,,,,,,"{""client_event_id"":""ab108628-fcba-4f32-b4fc-712e7da78998"",""recorder_run_id"":""47fb270e-4388-428d-9363-08e33f166980"",""client_id"":""b362ba73-6683-4e82-884a-8ef54391d584"",""client_timestamp"":1789551340.2649,""client_monotonic_ms"":2098251.599999994,""event_timestamp"":1789551340.2758803,""clock_offset_sec"":0.010980367660522461,""clock_round_trip_ms"":5.3997039794921875,""subject_id"":""sub-003"",""session_id"":""ses-001"",""block_id"":""Block 5"",""counterbalance_group"":""G03"",""block_order"":""Block 5"",""condition"":""A"",""condition_type"":""focused"",""topic_key"":""V6"",""topic_name"":""孔子的救世秘籍 仁爱 礼治 德治 中庸"",""event_type"":""attention_response"",""iso_time"":""2026-09-16T09:35:40.264Z"",""relative_ms"":182380,""video_time_sec"":167.218,""probe_id"":""Block 5_3_71e18ff9"",""probe_index"":3,""probe_schedule_id"":""71e18ff9-487c-4d74-86ea-af53ccbf8524"",""probe_planned_time_sec"":166.988,""video_id"":""V6"",""response"":1,""response_label"":""课程内容"",""probe_attention"":""ON"",""response_time_ms"":2705}",47fb270e-4388-428d-9363-08e33f166980,sub-003,ses-001,ab108628-fcba-4f32-b4fc-712e7da78998,b362ba73-6683-4e82-884a-8ef54391d584,1789551340.2793803,1789551340.2649,2098251.599999994,b362ba73-6683-4e82-884a-8ef54391d584,browser_calibrated,0.010980367660522461,5.3997039794921875,499960,499960,0,-43.50018501281738,host_receive_nearest,verified,1,1,,,,,,,,,1,,,,,,,,,,,,,,,,,,,,V6,A,167.218,1789551340.2649,1789551340.2943802,499960,Block 5_3_71e18ff9,3,71e18ff9-487c-4d74-86ea-af53ccbf8524,166.988,1,课程内容,2705,,ON,
a6b32552-fd4b-4290-af24-e0ef521a74bf,confidence_response,1789551341.77958,2001.36,500341,5,5,,2,G03,A,focused,confidence_response,3,,0.0,0.0,,,,,,,"{""client_event_id"":""a6b32552-fd4b-4290-af24-e0ef521a74bf"",""recorder_run_id"":""47fb270e-4388-428d-9363-08e33f166980"",""client_id"":""b362ba73-6683-4e82-884a-8ef54391d584"",""client_timestamp"":1789551341.7685997,""client_monotonic_ms"":2099755.200000003,""event_timestamp"":1789551341.77958,""clock_offset_sec"":0.010980367660522461,""clock_round_trip_ms"":5.3997039794921875,""subject_id"":""sub-003"",""session_id"":""ses-001"",""block_id"":""Block 5"",""counterbalance_group"":""G03"",""block_order"":""Block 5"",""condition"":""A"",""condition_type"":""focused"",""topic_key"":""V6"",""topic_name"":""孔子的救世秘籍 仁爱 礼治 德治 中庸"",""event_type"":""confidence_response"",""iso_time"":""2026-09-16T09:35:41.768Z"",""relative_ms"":183884,""video_time_sec"":167.218,""probe_id"":""Block 5_3_71e18ff9"",""probe_index"":3,""probe_schedule_id"":""71e18ff9-487c-4d74-86ea-af53ccbf8524"",""probe_planned_time_sec"":166.988,""video_id"":""V6"",""response"":1,""confidence"":3,""response_time_ms"":1504}",47fb270e-4388-428d-9363-08e33f166980,sub-003,ses-001,a6b32552-fd4b-4290-af24-e0ef521a74bf,b362ba73-6683-4e82-884a-8ef54391d584,1789551341.7793803,1789551341.7685997,2099755.200000003,b362ba73-6683-4e82-884a-8ef54391d584,browser_calibrated,0.010980367660522461,5.3997039794921875,500340,500340,0,-16.199827194213867,host_receive_nearest,verified,1,1,,,,,,,,,1,,,,,,,,,,,,,,,,,,,,V6,A,167.218,1789551341.7685997,1789551341.7943802,500340,Block 5_3_71e18ff9,3,71e18ff9-487c-4d74-86ea-af53ccbf8524,166.988,,,1504,3,,
174b1df3-3259-4fc7-ab2c-b00530bb5003,phase_change,1789551341.7891803,2001.364,500351,5,5,,2,G03,A,focused,phase_change,video,,0.0,0.0,,,,,,,,47fb270e-4388-428d-9363-08e33f166980,sub-003,ses-001,174b1df3-3259-4fc7-ab2c-b00530bb5003,b362ba73-6683-4e82-884a-8ef54391d584,1789551341.8103802,1789551341.7782,2099764.899999991,b362ba73-6683-4e82-884a-8ef54391d584,browser_calibrated,0.010980367660522461,5.3997039794921875,500341,500341,0,5.199909210205078,host_receive_nearest,verified,1,1,,,,,,,,,1,,,,,,,,,,,,,,,,,,,,V6,A,167.288,1789551341.7782,1789551341.8103802,500341,,,,,,,,,,
174b1df3-3259-4fc7-ab2c-b00530bb5003,video_resume,1789551341.7891803,2001.364,500351,5,5,,2,G03,A,focused,video_resume,167.288,,0.0,0.0,,,,,,,"{""client_event_id"":""174b1df3-3259-4fc7-ab2c-b00530bb5003"",""recorder_run_id"":""47fb270e-4388-428d-9363-08e33f166980"",""client_id"":""b362ba73-6683-4e82-884a-8ef54391d584"",""client_timestamp"":1789551341.7782,""client_monotonic_ms"":2099764.899999991,""event_timestamp"":1789551341.7891803,""clock_offset_sec"":0.010980367660522461,""clock_round_trip_ms"":5.3997039794921875,""subject_id"":""sub-003"",""session_id"":""ses-001"",""block_id"":""Block 5"",""counterbalance_group"":""G03"",""block_order"":""Block 5"",""condition"":""A"",""condition_type"":""focused"",""topic_key"":""V6"",""topic_name"":""孔子的救世秘籍 仁爱 礼治 德治 中庸"",""event_type"":""video_resume"",""iso_time"":""2026-09-16T09:35:41.778Z"",""relative_ms"":183894,""video_time_sec"":167.288,""probe_id"":""Block 5_3_71e18ff9"",""probe_index"":3,""probe_schedule_id"":""71e18ff9-487c-4d74-86ea-af53ccbf8524"",""probe_planned_time_sec"":166.988,""video_id"":""V6"",""pause_reason"":""thought_probe"",""resume_status"":""playing""}",47fb270e-4388-428d-9363-08e33f166980,sub-003,ses-001,174b1df3-3259-4fc7-ab2c-b00530bb5003,b362ba73-6683-4e82-884a-8ef54391d584,1789551341.8103802,1789551341.7782,2099764.899999991,b362ba73-6683-4e82-884a-8ef54391d584,browser_calibrated,0.010980367660522461,5.3997039794921875,500341,500341,0,5.199909210205078,host_receive_nearest,verified,1,1,,,,,,,,,1,,,,,,,,,,,,,,,,,,,,V6,A,167.288,1789551341.7782,1789551341.8103802,500341,Block 5_3_71e18ff9,,,,,,,,,thought_probe
572676e3-87ac-4ef4-ab4b-ca83211e7a01,probe_onset,1789551463.5141304,2123.096,530775,5,5,,2,G03,A,focused,probe_onset,Block 5_4_71e18ff9,,0.0,0.0,,,,,,,"{""client_event_id"":""572676e3-87ac-4ef4-ab4b-ca83211e7a01"",""recorder_run_id"":""47fb270e-4388-428d-9363-08e33f166980"",""client_id"":""b362ba73-6683-4e82-884a-8ef54391d584"",""client_timestamp"":1789551463.5149,""client_monotonic_ms"":2221501.5,""event_timestamp"":1789551463.5141304,""clock_offset_sec"":-0.0007696151733398438,""clock_round_trip_ms"":5.700111389160156,""subject_id"":""sub-003"",""session_id"":""ses-001"",""block_id"":""Block 5"",""counterbalance_group"":""G03"",""block_order"":""Block 5"",""condition"":""A"",""condition_type"":""focused"",""topic_key"":""V6"",""topic_name"":""孔子的救世秘籍 仁爱 礼治 德治 中庸"",""event_type"":""probe_onset"",""iso_time"":""2026-09-16T09:37:43.514Z"",""relative_ms"":305630,""video_time_sec"":288.967,""probe_id"":""Block 5_4_71e18ff9"",""probe_index"":4,""probe_schedule_id"":""71e18ff9-487c-4d74-86ea-af53ccbf8524"",""probe_planned_time_sec"":288.818,""video_id"":""V6"",""pause_reason"":""thought_probe"",""forced"":false}",47fb270e-4388-428d-9363-08e33f166980,sub-003,ses-001,572676e3-87ac-4ef4-ab4b-ca83211e7a01,b362ba73-6683-4e82-884a-8ef54391d584,1789551463.5293803,1789551463.5149,2221501.5,b362ba73-6683-4e82-884a-8ef54391d584,browser_calibrated,-0.0007696151733398438,5.700111389160156,530774,530774,0,-16.750097274780273,host_receive_nearest,verified,1,1,,,,,,,,,1,,,,,,,,,,,,,,,,,,,,V6,A,288.967,1789551463.5149,1789551463.5293803,530774,Block 5_4_71e18ff9,4,71e18ff9-487c-4d74-86ea-af53ccbf8524,288.818,,,,,,thought_probe
fbc1c82e-0bf9-4097-9a20-0d66e898ecd7,attention_response,1789551466.0321805,2125.616,531405,5,5,,2,G03,A,focused,attention_response,1,,0.0,0.0,,,,,,,"{""client_event_id"":""fbc1c82e-0bf9-4097-9a20-0d66e898ecd7"",""recorder_run_id"":""47fb270e-4388-428d-9363-08e33f166980"",""client_id"":""b362ba73-6683-4e82-884a-8ef54391d584"",""client_timestamp"":1789551466.025,""client_monotonic_ms"":2224011.599999994,""event_timestamp"":1789551466.0321805,""clock_offset_sec"":0.007180452346801758,""clock_round_trip_ms"":6.199836730957031,""subject_id"":""sub-003"",""session_id"":""ses-001"",""block_id"":""Block 5"",""counterbalance_group"":""G03"",""block_order"":""Block 5"",""condition"":""A"",""condition_type"":""focused"",""topic_key"":""V6"",""topic_name"":""孔子的救世秘籍 仁爱 礼治 德治 中庸"",""event_type"":""attention_response"",""iso_time"":""2026-09-16T09:37:46.025Z"",""relative_ms"":308140,""video_time_sec"":288.967,""probe_id"":""Block 5_4_71e18ff9"",""probe_index"":4,""probe_schedule_id"":""71e18ff9-487c-4d74-86ea-af53ccbf8524"",""probe_planned_time_sec"":288.818,""video_id"":""V6"",""response"":1,""response_label"":""课程内容"",""probe_attention"":""ON"",""response_time_ms"":2510}",47fb270e-4388-428d-9363-08e33f166980,sub-003,ses-001,fbc1c82e-0bf9-4097-9a20-0d66e898ecd7,b362ba73-6683-4e82-884a-8ef54391d584,1789551466.0443802,1789551466.025,2224011.599999994,b362ba73-6683-4e82-884a-8ef54391d584,browser_calibrated,0.007180452346801758,6.199836730957031,531404,531404,0,-18.80025863647461,host_receive_nearest,verified,1,1,,,,,,,,,1,,,,,,,,,,,,,,,,,,,,V6,A,288.967,1789551466.025,1789551466.0443802,531404,Block 5_4_71e18ff9,4,71e18ff9-487c-4d74-86ea-af53ccbf8524,288.818,1,课程内容,2510,,ON,
c5ad3085-d593-4381-a49b-7bf0279c56a4,confidence_response,1789551467.3113804,2126.916,531730,5,5,,2,G03,A,focused,confidence_response,3,,0.0,0.0,,,,,,,"{""client_event_id"":""c5ad3085-d593-4381-a49b-7bf0279c56a4"",""recorder_run_id"":""47fb270e-4388-428d-9363-08e33f166980"",""client_id"":""b362ba73-6683-4e82-884a-8ef54391d584"",""client_timestamp"":1789551467.3042,""client_monotonic_ms"":2225290.799999997,""event_timestamp"":1789551467.3113804,""clock_offset_sec"":0.007180452346801758,""clock_round_trip_ms"":6.199836730957031,""subject_id"":""sub-003"",""session_id"":""ses-001"",""block_id"":""Block 5"",""counterbalance_group"":""G03"",""block_order"":""Block 5"",""condition"":""A"",""condition_type"":""focused"",""topic_key"":""V6"",""topic_name"":""孔子的救世秘籍 仁爱 礼治 德治 中庸"",""event_type"":""confidence_response"",""iso_time"":""2026-09-16T09:37:47.304Z"",""relative_ms"":309420,""video_time_sec"":288.967,""probe_id"":""Block 5_4_71e18ff9"",""probe_index"":4,""probe_schedule_id"":""71e18ff9-487c-4d74-86ea-af53ccbf8524"",""probe_planned_time_sec"":288.818,""video_id"":""V6"",""response"":1,""confidence"":3,""response_time_ms"":1279}",47fb270e-4388-428d-9363-08e33f166980,sub-003,ses-001,c5ad3085-d593-4381-a49b-7bf0279c56a4,b362ba73-6683-4e82-884a-8ef54391d584,1789551467.3103802,1789551467.3042,2225290.799999997,b362ba73-6683-4e82-884a-8ef54391d584,browser_calibrated,0.007180452346801758,6.199836730957031,531729,531729,0,-1.0001659393310547,host_receive_nearest,verified,1,1,,,,,,,,,1,,,,,,,,,,,,,,,,,,,,V6,A,288.967,1789551467.3042,1789551467.3253803,531729,Block 5_4_71e18ff9,4,71e18ff9-487c-4d74-86ea-af53ccbf8524,288.818,,,1279,3,,
b5c4aa24-debe-4eb8-9676-284fcec18185,phase_change,1789551467.3210804,2126.916,531735,5,5,,2,G03,A,focused,phase_change,video,,0.0,0.0,,,,,,,,47fb270e-4388-428d-9363-08e33f166980,sub-003,ses-001,b5c4aa24-debe-4eb8-9676-284fcec18185,b362ba73-6683-4e82-884a-8ef54391d584,1789551467.3573802,1789551467.3139,2225300.5,b362ba73-6683-4e82-884a-8ef54391d584,browser_calibrated,0.007180452346801758,6.199836730957031,531729,531729,0,-10.700225830078125,host_receive_nearest,verified,1,1,,,,,,,,,1,,,,,,,,,,,,,,,,,,,,V6,A,289.03,1789551467.3139,1789551467.3573802,531729,,,,,,,,,,
b5c4aa24-debe-4eb8-9676-284fcec18185,video_resume,1789551467.3210804,2126.916,531735,5,5,,2,G03,A,focused,video_resume,289.03,,0.0,0.0,,,,,,,"{""client_event_id"":""b5c4aa24-debe-4eb8-9676-284fcec18185"",""recorder_run_id"":""47fb270e-4388-428d-9363-08e33f166980"",""client_id"":""b362ba73-6683-4e82-884a-8ef54391d584"",""client_timestamp"":1789551467.3139,""client_monotonic_ms"":2225300.5,""event_timestamp"":1789551467.3210804,""clock_offset_sec"":0.007180452346801758,""clock_round_trip_ms"":6.199836730957031,""subject_id"":""sub-003"",""session_id"":""ses-001"",""block_id"":""Block 5"",""counterbalance_group"":""G03"",""block_order"":""Block 5"",""condition"":""A"",""condition_type"":""focused"",""topic_key"":""V6"",""topic_name"":""孔子的救世秘籍 仁爱 礼治 德治 中庸"",""event_type"":""video_resume"",""iso_time"":""2026-09-16T09:37:47.313Z"",""relative_ms"":309429,""video_time_sec"":289.03,""probe_id"":""Block 5_4_71e18ff9"",""probe_index"":4,""probe_schedule_id"":""71e18ff9-487c-4d74-86ea-af53ccbf8524"",""probe_planned_time_sec"":288.818,""video_id"":""V6"",""pause_reason"":""thought_probe"",""resume_status"":""playing""}",47fb270e-4388-428d-9363-08e33f166980,sub-003,ses-001,b5c4aa24-debe-4eb8-9676-284fcec18185,b362ba73-6683-4e82-884a-8ef54391d584,1789551467.3573802,1789551467.3139,2225300.5,b362ba73-6683-4e82-884a-8ef54391d584,browser_calibrated,0.007180452346801758,6.199836730957031,531729,531729,0,-10.700225830078125,host_receive_nearest,verified,1,1,,,,,,,,,1,,,,,,,,,,,,,,,,,,,,V6,A,289.03,1789551467.3139,1789551467.3573802,531729,Block 5_4_71e18ff9,,,,,,,,,thought_probe
7b7c47a1-e76e-4f5d-96d7-b11412c56e0c,video_end,1789551504.0935302,2163.696,540925,5,5,,2,G03,A,focused,video_end,V6,,0.0,0.0,,,,,,,,47fb270e-4388-428d-9363-08e33f166980,sub-003,ses-001,7b7c47a1-e76e-4f5d-96d7-b11412c56e0c,b362ba73-6683-4e82-884a-8ef54391d584,1789551504.1073802,1789551504.0951,2262081.700000003,b362ba73-6683-4e82-884a-8ef54391d584,browser_calibrated,-0.0015697479248046875,5.899906158447266,540924,540924,0,-2.1500587463378906,host_receive_nearest,verified,1,1,,,,,,,,,1,,,,,,,,,,,,,,,,,,,,V6,A,325.753,1789551504.0951,1789551504.1073802,540924,,,,,,,,,,
7b7c47a1-e76e-4f5d-96d7-b11412c56e0c,browser_video_ended,1789551504.0935302,2163.696,540925,5,5,,2,G03,A,focused,browser_video_ended,,,0.0,0.0,,,,,,,"{""client_event_id"":""7b7c47a1-e76e-4f5d-96d7-b11412c56e0c"",""recorder_run_id"":""47fb270e-4388-428d-9363-08e33f166980"",""client_id"":""b362ba73-6683-4e82-884a-8ef54391d584"",""client_timestamp"":1789551504.0951,""client_monotonic_ms"":2262081.700000003,""event_timestamp"":1789551504.0935302,""clock_offset_sec"":-0.0015697479248046875,""clock_round_trip_ms"":5.899906158447266,""subject_id"":""sub-003"",""session_id"":""ses-001"",""block_id"":""Block 5"",""counterbalance_group"":""G03"",""block_order"":""Block 5"",""condition"":""A"",""condition_type"":""focused"",""topic_key"":""V6"",""topic_name"":""孔子的救世秘籍 仁爱 礼治 德治 中庸"",""event_type"":""video_ended"",""iso_time"":""2026-09-16T09:38:24.095Z"",""relative_ms"":346211,""video_time_sec"":325.753}",47fb270e-4388-428d-9363-08e33f166980,sub-003,ses-001,7b7c47a1-e76e-4f5d-96d7-b11412c56e0c,b362ba73-6683-4e82-884a-8ef54391d584,1789551504.1073802,1789551504.0951,2262081.700000003,b362ba73-6683-4e82-884a-8ef54391d584,browser_calibrated,-0.0015697479248046875,5.899906158447266,540924,540924,0,-2.1500587463378906,host_receive_nearest,verified,1,1,,,,,,,,,1,,,,,,,,,,,,,,,,,,,,V6,A,325.753,1789551504.0951,1789551504.1073802,540924,,,,,,,,,,
64004864-054f-4947-a4a7-43de0618767b,browser_block_end,1789551504.1033301,2163.696,540940,5,5,,2,G03,A,focused,browser_block_end,视频自然播放结束,,0.0,0.0,,,,,,,"{""client_event_id"":""64004864-054f-4947-a4a7-43de0618767b"",""recorder_run_id"":""47fb270e-4388-428d-9363-08e33f166980"",""client_id"":""b362ba73-6683-4e82-884a-8ef54391d584"",""client_timestamp"":1789551504.1049,""client_monotonic_ms"":2262091.5,""event_timestamp"":1789551504.1033301,""clock_offset_sec"":-0.0015697479248046875,""clock_round_trip_ms"":5.899906158447266,""subject_id"":""sub-003"",""session_id"":""ses-001"",""block_id"":""Block 5"",""counterbalance_group"":""G03"",""block_order"":""Block 5"",""condition"":""A"",""condition_type"":""focused"",""topic_key"":""V6"",""topic_name"":""孔子的救世秘籍 仁爱 礼治 德治 中庸"",""event_type"":""block_end"",""iso_time"":""2026-09-16T09:38:24.104Z"",""relative_ms"":346220,""video_time_sec"":325.753,""reason"":""视频自然播放结束""}",47fb270e-4388-428d-9363-08e33f166980,sub-003,ses-001,64004864-054f-4947-a4a7-43de0618767b,b362ba73-6683-4e82-884a-8ef54391d584,1789551504.1543803,1789551504.1049,2262091.5,b362ba73-6683-4e82-884a-8ef54391d584,browser_calibrated,-0.0015697479248046875,5.899906158447266,540924,540924,0,-11.950016021728516,host_receive_nearest,verified,1,1,,,,,,,,,1,,,,,,,,,,,,,,,,,,,,V6,A,325.753,1789551504.1049,1789551504.1543803,540924,,,,,,,,,,
7afa4af7-0409-48fd-a97c-49360fe4f31c,rating_start,1789551504.1106303,2163.7,540945,5,5,,2,G03,A,focused,rating_start,,,0.0,0.0,,,,,,,"{""client_event_id"":""7afa4af7-0409-48fd-a97c-49360fe4f31c"",""recorder_run_id"":""47fb270e-4388-428d-9363-08e33f166980"",""client_id"":""b362ba73-6683-4e82-884a-8ef54391d584"",""client_timestamp"":1789551504.1122,""client_monotonic_ms"":2262098.799999997,""event_timestamp"":1789551504.1106303,""clock_offset_sec"":-0.0015697479248046875,""clock_round_trip_ms"":5.899906158447266,""subject_id"":""sub-003"",""session_id"":""ses-001"",""block_id"":""Block 5"",""counterbalance_group"":""G03"",""block_order"":""Block 5"",""condition"":""A"",""condition_type"":""focused"",""topic_key"":""V6"",""topic_name"":""孔子的救世秘籍 仁爱 礼治 德治 中庸"",""event_type"":""rating_start"",""iso_time"":""2026-09-16T09:38:24.112Z"",""relative_ms"":346228,""video_time_sec"":325.753}",47fb270e-4388-428d-9363-08e33f166980,sub-003,ses-001,7afa4af7-0409-48fd-a97c-49360fe4f31c,b362ba73-6683-4e82-884a-8ef54391d584,1789551504.1853802,1789551504.1122,2262098.799999997,b362ba73-6683-4e82-884a-8ef54391d584,browser_calibrated,-0.0015697479248046875,5.899906158447266,540925,540925,0,11.749982833862305,host_receive_nearest,verified,1,1,,,,,,,,,1,,,,,,,,,,,,,,,,,,,,V6,A,325.753,1789551504.1122,1789551504.1853802,540925,,,,,,,,,,
73c64a3b-6389-47e9-b87b-f2715ccd4f44,rating_item_response,1789551510.4511302,2170.056,542515,5,5,,2,G03,A,focused,rating_item_response,4,,0.0,0.0,,,,,,,"{""client_event_id"":""73c64a3b-6389-47e9-b87b-f2715ccd4f44"",""recorder_run_id"":""47fb270e-4388-428d-9363-08e33f166980"",""client_id"":""b362ba73-6683-4e82-884a-8ef54391d584"",""client_timestamp"":1789551510.4527,""client_monotonic_ms"":2268439.399999991,""event_timestamp"":1789551510.4511302,""clock_offset_sec"":-0.0015697479248046875,""clock_round_trip_ms"":5.899906158447266,""subject_id"":""sub-003"",""session_id"":""ses-001"",""block_id"":""Block 5"",""counterbalance_group"":""G03"",""block_order"":""Block 5"",""condition"":""A"",""condition_type"":""focused"",""topic_key"":""V6"",""topic_name"":""孔子的救世秘籍 仁爱 礼治 德治 中庸"",""event_type"":""rating_item_response"",""iso_time"":""2026-09-16T09:38:30.452Z"",""relative_ms"":352568,""video_time_sec"":325.753,""rating_item"":""course_attention_rating"",""rating_value"":""4"",""response_time_ms"":6341}",47fb270e-4388-428d-9363-08e33f166980,sub-003,ses-001,73c64a3b-6389-47e9-b87b-f2715ccd4f44,b362ba73-6683-4e82-884a-8ef54391d584,1789551510.4823802,1789551510.4527,2268439.399999991,b362ba73-6683-4e82-884a-8ef54391d584,browser_calibrated,-0.0015697479248046875,5.899906158447266,542514,542514,0,-0.7498264312744141,host_receive_nearest,verified,1,1,,,,,,,,,1,,,,,,,,,,,,,course_attention_rating,4,,,,,,V6,A,325.753,1789551510.4527,1789551510.4823802,542514,,,,,,,6341,,,
0f74980c-832d-4b91-b9da-52ca4ec50ed5,rating_item_response,1789551512.11103,2171.716,542930,5,5,,2,G03,A,focused,rating_item_response,3,,0.0,0.0,,,,,,,"{""client_event_id"":""0f74980c-832d-4b91-b9da-52ca4ec50ed5"",""recorder_run_id"":""47fb270e-4388-428d-9363-08e33f166980"",""client_id"":""b362ba73-6683-4e82-884a-8ef54391d584"",""client_timestamp"":1789551512.1125998,""client_monotonic_ms"":2270099.200000003,""event_timestamp"":1789551512.11103,""clock_offset_sec"":-0.0015697479248046875,""clock_round_trip_ms"":5.899906158447266,""subject_id"":""sub-003"",""session_id"":""ses-001"",""block_id"":""Block 5"",""counterbalance_group"":""G03"",""block_order"":""Block 5"",""condition"":""A"",""condition_type"":""focused"",""topic_key"":""V6"",""topic_name"":""孔子的救世秘籍 仁爱 礼治 德治 中庸"",""event_type"":""rating_item_response"",""iso_time"":""2026-09-16T09:38:32.112Z"",""relative_ms"":354228,""video_time_sec"":325.753,""rating_item"":""mental_effort"",""rating_value"":""3"",""response_time_ms"":8000}",47fb270e-4388-428d-9363-08e33f166980,sub-003,ses-001,0f74980c-832d-4b91-b9da-52ca4ec50ed5,b362ba73-6683-4e82-884a-8ef54391d584,1789551512.1383803,1789551512.1125998,2270099.200000003,b362ba73-6683-4e82-884a-8ef54391d584,browser_calibrated,-0.0015697479248046875,5.899906158447266,542929,542929,0,-3.6499500274658203,host_receive_nearest,verified,1,1,,,,,,,,,1,,,,,,,,,,,,,mental_effort,3,,,,,,V6,A,325.753,1789551512.1125998,1789551512.1383803,542929,,,,,,,8000,,,
f3936544-0e25-43a7-ba85-f1456c7b61eb,rating_item_response,1789551513.3711302,2172.956,543250,5,5,,2,G03,A,focused,rating_item_response,5,,0.0,0.0,,,,,,,"{""client_event_id"":""f3936544-0e25-43a7-ba85-f1456c7b61eb"",""recorder_run_id"":""47fb270e-4388-428d-9363-08e33f166980"",""client_id"":""b362ba73-6683-4e82-884a-8ef54391d584"",""client_timestamp"":1789551513.3727,""client_monotonic_ms"":2271359.399999991,""event_timestamp"":1789551513.3711302,""clock_offset_sec"":-0.0015697479248046875,""clock_round_trip_ms"":5.899906158447266,""subject_id"":""sub-003"",""session_id"":""ses-001"",""block_id"":""Block 5"",""counterbalance_group"":""G03"",""block_order"":""Block 5"",""condition"":""A"",""condition_type"":""focused"",""topic_key"":""V6"",""topic_name"":""孔子的救世秘籍 仁爱 礼治 德治 中庸"",""event_type"":""rating_item_response"",""iso_time"":""2026-09-16T09:38:33.372Z"",""relative_ms"":355488,""video_time_sec"":325.753,""rating_item"":""video_interest"",""rating_value"":""5"",""response_time_ms"":9261}",47fb270e-4388-428d-9363-08e33f166980,sub-003,ses-001,f3936544-0e25-43a7-ba85-f1456c7b61eb,b362ba73-6683-4e82-884a-8ef54391d584,1789551513.3883803,1789551513.3727,2271359.399999991,b362ba73-6683-4e82-884a-8ef54391d584,browser_calibrated,-0.0015697479248046875,5.899906158447266,543239,543239,0,-13.750076293945312,host_receive_nearest,verified,1,1,,,,,,,,,1,,,,,,,,,,,,,video_interest,5,,,,,,V6,A,325.753,1789551513.3727,1789551513.3883803,543239,,,,,,,9261,,,
bfe0c551-e2ee-4382-88ca-340bfa40334f,rating_item_response,1789551514.63523,2174.216,543565,5,5,,2,G03,A,focused,rating_item_response,4,,0.0,0.0,,,,,,,"{""client_event_id"":""bfe0c551-e2ee-4382-88ca-340bfa40334f"",""recorder_run_id"":""47fb270e-4388-428d-9363-08e33f166980"",""client_id"":""b362ba73-6683-4e82-884a-8ef54391d584"",""client_timestamp"":1789551514.6367998,""client_monotonic_ms"":2272623.399999991,""event_timestamp"":1789551514.63523,""clock_offset_sec"":-0.0015697479248046875,""clock_round_trip_ms"":5.899906158447266,""subject_id"":""sub-003"",""session_id"":""ses-001"",""block_id"":""Block 5"",""counterbalance_group"":""G03"",""block_order"":""Block 5"",""condition"":""A"",""condition_type"":""focused"",""topic_key"":""V6"",""topic_name"":""孔子的救世秘籍 仁爱 礼治 德治 中庸"",""event_type"":""rating_item_response"",""iso_time"":""2026-09-16T09:38:34.636Z"",""relative_ms"":356752,""video_time_sec"":325.753,""rating_item"":""video_interest"",""rating_value"":""4"",""response_time_ms"":10525}",47fb270e-4388-428d-9363-08e33f166980,sub-003,ses-001,bfe0c551-e2ee-4382-88ca-340bfa40334f,b362ba73-6683-4e82-884a-8ef54391d584,1789551514.6543803,1789551514.6367998,2272623.399999991,b362ba73-6683-4e82-884a-8ef54391d584,browser_calibrated,-0.0015697479248046875,5.899906158447266,543554,543554,0,-12.849807739257812,host_receive_nearest,verified,1,1,,,,,,,,,1,,,,,,,,,,,,,video_interest,4,,,,,,V6,A,325.753,1789551514.6367998,1789551514.6543803,543554,,,,,,,10525,,,
13dbd4bd-53c9-45f7-bd42-ec848a4ce30f,rating_item_response,1789551515.60313,2175.16,543805,5,5,,2,G03,A,focused,rating_item_response,2,,0.0,0.0,,,,,,,"{""client_event_id"":""13dbd4bd-53c9-45f7-bd42-ec848a4ce30f"",""recorder_run_id"":""47fb270e-4388-428d-9363-08e33f166980"",""client_id"":""b362ba73-6683-4e82-884a-8ef54391d584"",""client_timestamp"":1789551515.6046999,""client_monotonic_ms"":2273591.299999997,""event_timestamp"":1789551515.60313,""clock_offset_sec"":-0.0015697479248046875,""clock_round_trip_ms"":5.899906158447266,""subject_id"":""sub-003"",""session_id"":""ses-001"",""block_id"":""Block 5"",""counterbalance_group"":""G03"",""block_order"":""Block 5"",""condition"":""A"",""condition_type"":""focused"",""topic_key"":""V6"",""topic_name"":""孔子的救世秘籍 仁爱 礼治 德治 中庸"",""event_type"":""rating_item_response"",""iso_time"":""2026-09-16T09:38:35.604Z"",""relative_ms"":357720,""video_time_sec"":325.753,""rating_item"":""video_difficulty"",""rating_value"":""2"",""response_time_ms"":11492}",47fb270e-4388-428d-9363-08e33f166980,sub-003,ses-001,13dbd4bd-53c9-45f7-bd42-ec848a4ce30f,b362ba73-6683-4e82-884a-8ef54391d584,1789551515.6223803,1789551515.6046999,2273591.299999997,b362ba73-6683-4e82-884a-8ef54391d584,browser_calibrated,-0.0015697479248046875,5.899906158447266,543790,543790,0,4.250049591064453,host_receive_nearest,verified,1,1,,,,,,,,,1,,,,,,,,,,,,,video_difficulty,2,,,,,,V6,A,325.753,1789551515.6046999,1789551515.6223803,543790,,,,,,,11492,,,
82ad2dbb-d57a-4bb9-b8aa-05edd2c23ebd,rating_end,1789551515.9589303,2175.54,543890,5,5,,2,G03,A,focused,rating_end,,11.848,0.0,0.0,,,,,,,"{""client_event_id"":""82ad2dbb-d57a-4bb9-b8aa-05edd2c23ebd"",""recorder_run_id"":""47fb270e-4388-428d-9363-08e33f166980"",""client_id"":""b362ba73-6683-4e82-884a-8ef54391d584"",""client_timestamp"":1789551515.9605,""client_monotonic_ms"":2273947.099999994,""event_timestamp"":1789551515.9589303,""clock_offset_sec"":-0.0015697479248046875,""clock_round_trip_ms"":5.899906158447266,""subject_id"":""sub-003"",""session_id"":""ses-001"",""block_id"":""Block 5"",""counterbalance_group"":""G03"",""block_order"":""Block 5"",""condition"":""A"",""condition_type"":""focused"",""topic_key"":""V6"",""topic_name"":""孔子的救世秘籍 仁爱 礼治 德治 中庸"",""event_type"":""rating_end"",""iso_time"":""2026-09-16T09:38:35.960Z"",""relative_ms"":358076,""video_time_sec"":325.753,""video_id"":""V6"",""course_attention_rating"":4,""mental_effort"":3,""video_interest"":4,""video_difficulty"":2,""subtraction_compliance"":"""",""subtraction_difficulty"":"""",""reported_final_number"":"""",""duration_sec"":11.848,""submitted_iso"":""2026-09-16T09:38:35.960Z"",""submitted_relative_ms"":358076}",47fb270e-4388-428d-9363-08e33f166980,sub-003,ses-001,82ad2dbb-d57a-4bb9-b8aa-05edd2c23ebd,b362ba73-6683-4e82-884a-8ef54391d584,1789551515.9663801,1789551515.9605,2273947.099999994,b362ba73-6683-4e82-884a-8ef54391d584,browser_calibrated,-0.0015697479248046875,5.899906158447266,543885,543885,0,7.449865341186523,host_receive_nearest,verified,1,1,,,,,,,,,1,,,,4,3,4,2,,,,,,,,,,,,,V6,A,325.753,1789551515.9605,1789551515.9663801,543885,,,,,,,,,,
08c4411e-abfe-4858-bd8d-cf1e4e258954,quiz_start,1789551515.9655302,2175.54,543900,5,5,,2,G03,A,focused,quiz_start,,,0.0,0.0,,,,,,,"{""client_event_id"":""08c4411e-abfe-4858-bd8d-cf1e4e258954"",""recorder_run_id"":""47fb270e-4388-428d-9363-08e33f166980"",""client_id"":""b362ba73-6683-4e82-884a-8ef54391d584"",""client_timestamp"":1789551515.9671,""client_monotonic_ms"":2273953.700000003,""event_timestamp"":1789551515.9655302,""clock_offset_sec"":-0.0015697479248046875,""clock_round_trip_ms"":5.899906158447266,""subject_id"":""sub-003"",""session_id"":""ses-001"",""block_id"":""Block 5"",""counterbalance_group"":""G03"",""block_order"":""Block 5"",""condition"":""A"",""condition_type"":""focused"",""topic_key"":""V6"",""topic_name"":""孔子的救世秘籍 仁爱 礼治 德治 中庸"",""event_type"":""quiz_start"",""iso_time"":""2026-09-16T09:38:35.967Z"",""relative_ms"":358083,""video_time_sec"":325.753}",47fb270e-4388-428d-9363-08e33f166980,sub-003,ses-001,08c4411e-abfe-4858-bd8d-cf1e4e258954,b362ba73-6683-4e82-884a-8ef54391d584,1789551516.0133803,1789551515.9671,2273953.700000003,b362ba73-6683-4e82-884a-8ef54391d584,browser_calibrated,-0.0015697479248046875,5.899906158447266,543885,543885,0,0.8499622344970703,host_receive_nearest,verified,1,1,,,,,,,,,1,,,,,,,,,,,,,,,,,,,,V6,A,325.753,1789551515.9671,1789551516.0133803,543885,,,,,,,,,,
4371deef-17f6-4f4b-adcd-ca38aac86c0b,quiz_item_response,1789551542.5402803,2202.136,550535,5,5,,2,G03,A,focused,quiz_item_response,孔子思想的核心是“仁”，根据孔子的解释，“仁”的实质是什么？,,0.0,0.0,,V6Q1,B,B,True,6853,"{""client_event_id"":""4371deef-17f6-4f4b-adcd-ca38aac86c0b"",""recorder_run_id"":""47fb270e-4388-428d-9363-08e33f166980"",""client_id"":""b362ba73-6683-4e82-884a-8ef54391d584"",""client_timestamp"":1789551542.5325,""client_monotonic_ms"":2300519.099999994,""event_timestamp"":1789551542.5402803,""clock_offset_sec"":0.007780313491821289,""clock_round_trip_ms"":6.000041961669922,""subject_id"":""sub-003"",""session_id"":""ses-001"",""block_id"":""Block 5"",""counterbalance_group"":""G03"",""block_order"":""Block 5"",""condition"":""A"",""condition_type"":""focused"",""topic_key"":""V6"",""topic_name"":""孔子的救世秘籍 仁爱 礼治 德治 中庸"",""event_type"":""quiz_item_response"",""iso_time"":""2026-09-16T09:39:02.532Z"",""relative_ms"":384648,""video_time_sec"":325.753,""video_id"":""V6"",""question_id"":""V6Q1"",""question_text"":""孔子思想的核心是“仁”，根据孔子的解释，“仁”的实质是什么？"",""response_index"":1,""response_letter"":""B"",""response_text"":""关爱他人"",""correct_index"":1,""correct_letter"":""B"",""correct_text"":""关爱他人"",""is_correct"":true,""reaction_time_ms"":6853,""submitted_iso"":""2026-09-16T09:39:02.532Z"",""submitted_relative_ms"":384648}",47fb270e-4388-428d-9363-08e33f166980,sub-003,ses-001,4371deef-17f6-4f4b-adcd-ca38aac86c0b,b362ba73-6683-4e82-884a-8ef54391d584,1789551542.5443802,1789551542.5325,2300519.099999994,b362ba73-6683-4e82-884a-8ef54391d584,browser_calibrated,0.007780313491821289,6.000041961669922,550534,550534,0,-10.900020599365234,host_receive_nearest,verified,1,1,,,,,,,,,1,,,,,,,,,,,,,,,,,孔子思想的核心是“仁”，根据孔子的解释，“仁”的实质是什么？,1,关爱他人,V6,A,325.753,1789551542.5325,1789551542.5443802,550534,,,,,,,,,,
f7bf4c23-9f08-45fc-ab4d-be992fba028d,quiz_item_response,1789551542.5477803,2202.156,550545,5,5,,2,G03,A,focused,quiz_item_response,孔子主张“为政以德”，他认为治理国家应该以什么为主？,,0.0,0.0,,V6Q2,B,B,True,11753,"{""client_event_id"":""f7bf4c23-9f08-45fc-ab4d-be992fba028d"",""recorder_run_id"":""47fb270e-4388-428d-9363-08e33f166980"",""client_id"":""b362ba73-6683-4e82-884a-8ef54391d584"",""client_timestamp"":1789551542.54,""client_monotonic_ms"":2300526.599999994,""event_timestamp"":1789551542.5477803,""clock_offset_sec"":0.007780313491821289,""clock_round_trip_ms"":6.000041961669922,""subject_id"":""sub-003"",""session_id"":""ses-001"",""block_id"":""Block 5"",""counterbalance_group"":""G03"",""block_order"":""Block 5"",""condition"":""A"",""condition_type"":""focused"",""topic_key"":""V6"",""topic_name"":""孔子的救世秘籍 仁爱 礼治 德治 中庸"",""event_type"":""quiz_item_response"",""iso_time"":""2026-09-16T09:39:02.540Z"",""relative_ms"":384655,""video_time_sec"":325.753,""video_id"":""V6"",""question_id"":""V6Q2"",""question_text"":""孔子主张“为政以德”，他认为治理国家应该以什么为主？"",""response_index"":1,""response_letter"":""B"",""response_text"":""以道德教化为主要手段"",""correct_index"":1,""correct_letter"":""B"",""correct_text"":""以道德教化为主要手段"",""is_correct"":true,""reaction_time_ms"":11753,""submitted_iso"":""2026-09-16T09:39:02.540Z"",""submitted_relative_ms"":384655}",47fb270e-4388-428d-9363-08e33f166980,sub-003,ses-001,f7bf4c23-9f08-45fc-ab4d-be992fba028d,b362ba73-6683-4e82-884a-8ef54391d584,1789551542.6073802,1789551542.54,2300526.599999994,b362ba73-6683-4e82-884a-8ef54391d584,browser_calibrated,0.007780313491821289,6.000041961669922,550539,550539,0,-3.400087356567383,host_receive_nearest,verified,1,1,,,,,,,,,1,,,,,,,,,,,,,,,,,孔子主张“为政以德”，他认为治理国家应该以什么为主？,1,以道德教化为主要手段,V6,A,325.753,1789551542.54,1789551542.6073802,550539,,,,,,,,,,
aec58f3f-8477-4bcd-9979-c8880d0cd941,quiz_item_response,1789551542.55408,2202.156,550555,5,5,,2,G03,A,focused,quiz_item_response,针对当时“礼崩乐坏”的社会环境，孔子提出了什么治国方案？,,0.0,0.0,,V6Q3,B,B,True,21477,"{""client_event_id"":""aec58f3f-8477-4bcd-9979-c8880d0cd941"",""recorder_run_id"":""47fb270e-4388-428d-9363-08e33f166980"",""client_id"":""b362ba73-6683-4e82-884a-8ef54391d584"",""client_timestamp"":1789551542.5462997,""client_monotonic_ms"":2300532.899999991,""event_timestamp"":1789551542.55408,""clock_offset_sec"":0.007780313491821289,""clock_round_trip_ms"":6.000041961669922,""subject_id"":""sub-003"",""session_id"":""ses-001"",""block_id"":""Block 5"",""counterbalance_group"":""G03"",""block_order"":""Block 5"",""condition"":""A"",""condition_type"":""focused"",""topic_key"":""V6"",""topic_name"":""孔子的救世秘籍 仁爱 礼治 德治 中庸"",""event_type"":""quiz_item_response"",""iso_time"":""2026-09-16T09:39:02.546Z"",""relative_ms"":384662,""video_time_sec"":325.753,""video_id"":""V6"",""question_id"":""V6Q3"",""question_text"":""针对当时“礼崩乐坏”的社会环境，孔子提出了什么治国方案？"",""response_index"":1,""response_letter"":""B"",""response_text"":""礼治"",""correct_index"":1,""correct_letter"":""B"",""correct_text"":""礼治"",""is_correct"":true,""reaction_time_ms"":21477,""submitted_iso"":""2026-09-16T09:39:02.546Z"",""submitted_relative_ms"":384662}",47fb270e-4388-428d-9363-08e33f166980,sub-003,ses-001,aec58f3f-8477-4bcd-9979-c8880d0cd941,b362ba73-6683-4e82-884a-8ef54391d584,1789551542.6383803,1789551542.5462997,2300532.899999991,b362ba73-6683-4e82-884a-8ef54391d584,browser_calibrated,0.007780313491821289,6.000041961669922,550539,550539,0,-9.699821472167969,host_receive_nearest,verified,1,1,,,,,,,,,1,,,,,,,,,,,,,,,,,针对当时“礼崩乐坏”的社会环境，孔子提出了什么治国方案？,1,礼治,V6,A,325.753,1789551542.5462997,1789551542.6383803,550539,,,,,,,,,,
ab9f1753-3083-4591-85d1-25320711edcf,quiz_item_response,1789551542.5606802,2202.16,550560,5,5,,2,G03,A,focused,quiz_item_response,孔子提出的“中庸”思想，其核心含义是什么？,,0.0,0.0,,V6Q4,B,B,True,26153,"{""client_event_id"":""ab9f1753-3083-4591-85d1-25320711edcf"",""recorder_run_id"":""47fb270e-4388-428d-9363-08e33f166980"",""client_id"":""b362ba73-6683-4e82-884a-8ef54391d584"",""client_timestamp"":1789551542.5528998,""client_monotonic_ms"":2300539.5,""event_timestamp"":1789551542.5606802,""clock_offset_sec"":0.007780313491821289,""clock_round_trip_ms"":6.000041961669922,""subject_id"":""sub-003"",""session_id"":""ses-001"",""block_id"":""Block 5"",""counterbalance_group"":""G03"",""block_order"":""Block 5"",""condition"":""A"",""condition_type"":""focused"",""topic_key"":""V6"",""topic_name"":""孔子的救世秘籍 仁爱 礼治 德治 中庸"",""event_type"":""quiz_item_response"",""iso_time"":""2026-09-16T09:39:02.552Z"",""relative_ms"":384668,""video_time_sec"":325.753,""video_id"":""V6"",""question_id"":""V6Q4"",""question_text"":""孔子提出的“中庸”思想，其核心含义是什么？"",""response_index"":1,""response_letter"":""B"",""response_text"":""做事恰到好处，不走极端"",""correct_index"":1,""correct_letter"":""B"",""correct_text"":""做事恰到好处，不走极端"",""is_correct"":true,""reaction_time_ms"":26153,""submitted_iso"":""2026-09-16T09:39:02.552Z"",""submitted_relative_ms"":384668}",47fb270e-4388-428d-9363-08e33f166980,sub-003,ses-001,ab9f1753-3083-4591-85d1-25320711edcf,b362ba73-6683-4e82-884a-8ef54391d584,1789551542.6543803,1789551542.5528998,2300539.5,b362ba73-6683-4e82-884a-8ef54391d584,browser_calibrated,0.007780313491821289,6.000041961669922,550540,550540,0,14.700174331665039,host_receive_nearest,verified,1,1,,,,,,,,,1,,,,,,,,,,,,,,,,,孔子提出的“中庸”思想，其核心含义是什么？,1,做事恰到好处，不走极端,V6,A,325.753,1789551542.5528998,1789551542.6543803,550540,,,,,,,,,,
39b52b56-df2e-4a23-8282-dbb0ec2fb306,quiz_end,1789551542.5671802,2202.16,550565,5,5,,2,G03,A,focused,quiz_end,4/4,26.592,0.0,0.0,,,,,,,"{""client_event_id"":""39b52b56-df2e-4a23-8282-dbb0ec2fb306"",""recorder_run_id"":""47fb270e-4388-428d-9363-08e33f166980"",""client_id"":""b362ba73-6683-4e82-884a-8ef54391d584"",""client_timestamp"":1789551542.5593998,""client_monotonic_ms"":2300546,""event_timestamp"":1789551542.5671802,""clock_offset_sec"":0.007780313491821289,""clock_round_trip_ms"":6.000041961669922,""subject_id"":""sub-003"",""session_id"":""ses-001"",""block_id"":""Block 5"",""counterbalance_group"":""G03"",""block_order"":""Block 5"",""condition"":""A"",""condition_type"":""focused"",""topic_key"":""V6"",""topic_name"":""孔子的救世秘籍 仁爱 礼治 德治 中庸"",""event_type"":""quiz_end"",""iso_time"":""2026-09-16T09:39:02.559Z"",""relative_ms"":384675,""video_time_sec"":325.753,""score"":4,""total"":4,""duration_sec"":26.592}",47fb270e-4388-428d-9363-08e33f166980,sub-003,ses-001,39b52b56-df2e-4a23-8282-dbb0ec2fb306,b362ba73-6683-4e82-884a-8ef54391d584,1789551542.6693802,1789551542.5593998,2300546,b362ba73-6683-4e82-884a-8ef54391d584,browser_calibrated,0.007780313491821289,6.000041961669922,550540,550540,0,8.20016860961914,host_receive_nearest,verified,1,1,,,,,,,,,1,,,,,,,,,,,,,,,4,4,,,,V6,A,325.753,1789551542.5593998,1789551542.6693802,550540,,,,,,,,,,
39b52b56-df2e-4a23-8282-dbb0ec2fb306,block_end,1789551542.5671802,2202.16,550565,5,5,,2,G03,A,focused,block_end,V6,,0.0,0.0,,,,,,,,47fb270e-4388-428d-9363-08e33f166980,sub-003,ses-001,39b52b56-df2e-4a23-8282-dbb0ec2fb306,b362ba73-6683-4e82-884a-8ef54391d584,1789551542.6693802,1789551542.5593998,2300546,b362ba73-6683-4e82-884a-8ef54391d584,browser_calibrated,0.007780313491821289,6.000041961669922,550540,550540,0,8.20016860961914,host_receive_nearest,verified,1,1,,,,,,,,,1,,,,,,,,,,,,,,,,,,,,V6,A,325.753,1789551542.5593998,1789551542.6693802,550540,,,,,,,,,,
7c6e00e3-1f8c-466f-80be-e31105e3792c,rest_start,1789551542.5796802,2202.176,550570,5,5,,2,G03,A,focused,rest_start,after-block-5,,0.0,0.0,,,,,,,"{""client_event_id"":""7c6e00e3-1f8c-466f-80be-e31105e3792c"",""recorder_run_id"":""47fb270e-4388-428d-9363-08e33f166980"",""client_id"":""b362ba73-6683-4e82-884a-8ef54391d584"",""client_timestamp"":1789551542.5719,""client_monotonic_ms"":2300558.5,""event_timestamp"":1789551542.5796802,""clock_offset_sec"":0.007780313491821289,""clock_round_trip_ms"":6.000041961669922,""subject_id"":""sub-003"",""session_id"":""ses-001"",""block_id"":""Block 5"",""counterbalance_group"":""G03"",""block_order"":""Block 5"",""condition"":""A"",""condition_type"":""focused"",""topic_key"":""V6"",""topic_name"":""孔子的救世秘籍 仁爱 礼治 德治 中庸"",""event_type"":""rest_start"",""iso_time"":""2026-09-16T09:39:02.571Z"",""relative_ms"":384687,""video_time_sec"":325.753,""after_block_id"":5,""planned_duration"":30,""actual_duration"":"""",""is_formal_experiment"":0}",47fb270e-4388-428d-9363-08e33f166980,sub-003,ses-001,7c6e00e3-1f8c-466f-80be-e31105e3792c,b362ba73-6683-4e82-884a-8ef54391d584,1789551542.7003803,1789551542.5719,2300558.5,b362ba73-6683-4e82-884a-8ef54391d584,browser_calibrated,0.007780313491821289,6.000041961669922,550544,550544,0,-4.29987907409668,host_receive_nearest,verified,0,1,,,,,5,,30,,0,,,,,,,,,,,,,,,,,,,,V6,A,325.753,1789551542.5719,1789551542.7003803,550544,,,,,,,,,,
966e4b12-0f20-430e-8941-d52f34117dc1,rest_end,1789551574.2812302,2233.876,558470,5,5,,2,G03,A,focused,rest_end,after-block-5,31.698,0.0,0.0,,,,,,,"{""client_event_id"":""966e4b12-0f20-430e-8941-d52f34117dc1"",""recorder_run_id"":""47fb270e-4388-428d-9363-08e33f166980"",""client_id"":""b362ba73-6683-4e82-884a-8ef54391d584"",""client_timestamp"":1789551574.2698998,""client_monotonic_ms"":2332256.5,""event_timestamp"":1789551574.2812302,""clock_offset_sec"":0.011330366134643555,""clock_round_trip_ms"":6.099700927734375,""subject_id"":""sub-003"",""session_id"":""ses-001"",""block_id"":""Block 5"",""counterbalance_group"":""G03"",""block_order"":""Block 5"",""condition"":""A"",""condition_type"":""focused"",""topic_key"":""V6"",""topic_name"":""孔子的救世秘籍 仁爱 礼治 德治 中庸"",""event_type"":""rest_end"",""iso_time"":""2026-09-16T09:39:34.269Z"",""relative_ms"":416385,""video_time_sec"":325.753,""after_block_id"":5,""planned_duration"":30,""actual_duration"":31.698,""duration_sec"":31.698,""is_formal_experiment"":0,""debug_early"":false}",47fb270e-4388-428d-9363-08e33f166980,sub-003,ses-001,966e4b12-0f20-430e-8941-d52f34117dc1,b362ba73-6683-4e82-884a-8ef54391d584,1789551574.2793803,1789551574.2698998,2332256.5,b362ba73-6683-4e82-884a-8ef54391d584,browser_calibrated,0.011330366134643555,6.099700927734375,558469,558469,0,-17.84992218017578,host_receive_nearest,verified,0,1,,,,,5,,30,31.698,0,,,,,,,,,,,,,,,,,,,,V6,A,325.753,1789551574.2698998,1789551574.2793803,558469,,,,,,,,,,
c47b0427-7a2e-4c47-b0ec-59b990fcaeed,block_start,1789551576.5284302,2236.096,559025,6,6,,2,G03,B,bbbd_subtraction,block_start,V1,,0.0,0.0,,,,,,,condition=B; condition_type=bbbd_subtraction,47fb270e-4388-428d-9363-08e33f166980,sub-003,ses-001,c47b0427-7a2e-4c47-b0ec-59b990fcaeed,b362ba73-6683-4e82-884a-8ef54391d584,1789551576.5293803,1789551576.5170999,2334503.700000003,b362ba73-6683-4e82-884a-8ef54391d584,browser_calibrated,0.011330366134643555,6.099700927734375,559024,559024,0,-46.050071716308594,host_receive_nearest,verified,0,1,937,1789549308.8103802,,,,,,,1,,,,,,,,,,,,,,,,,,,,V1,B,0,1789551576.5170999,1789551576.5293803,559024,,,,,,,,,,
c47b0427-7a2e-4c47-b0ec-59b990fcaeed,condition_prompt_start,1789551576.5284302,2236.096,559025,6,6,,2,G03,B,bbbd_subtraction,condition_prompt_start,B,,0.0,0.0,,,,,,,,47fb270e-4388-428d-9363-08e33f166980,sub-003,ses-001,c47b0427-7a2e-4c47-b0ec-59b990fcaeed,b362ba73-6683-4e82-884a-8ef54391d584,1789551576.5293803,1789551576.5170999,2334503.700000003,b362ba73-6683-4e82-884a-8ef54391d584,browser_calibrated,0.011330366134643555,6.099700927734375,559024,559024,0,-46.050071716308594,host_receive_nearest,verified,0,1,,,,,,,,,1,,,,,,,,,,,,,,,,,,,,V1,B,0,1789551576.5170999,1789551576.5293803,559024,,,,,,,,,,
c47b0427-7a2e-4c47-b0ec-59b990fcaeed,browser_block_config,1789551576.5284302,2236.096,559025,6,6,,2,G03,B,bbbd_subtraction,browser_block_config,V1,,0.0,0.0,,,,,,,"{""client_event_id"":""c47b0427-7a2e-4c47-b0ec-59b990fcaeed"",""recorder_run_id"":""47fb270e-4388-428d-9363-08e33f166980"",""client_id"":""b362ba73-6683-4e82-884a-8ef54391d584"",""client_timestamp"":1789551576.5170999,""client_monotonic_ms"":2334503.700000003,""event_timestamp"":1789551576.5284302,""clock_offset_sec"":0.011330366134643555,""clock_round_trip_ms"":6.099700927734375,""subject_id"":""sub-003"",""session_id"":""ses-001"",""block_id"":""Block 6"",""counterbalance_group"":""G03"",""block_order"":""Block 6"",""condition"":""B"",""condition_type"":""bbbd_subtraction"",""topic_key"":""V1"",""topic_name"":""商鞅 一个改变秦国命运的男人"",""event_type"":""block_start"",""iso_time"":""2026-09-16T09:39:36.517Z"",""relative_ms"":0,""video_time_sec"":0,""block_start_iso"":""2026-09-16T09:39:36.516Z"",""config_json"":""{\""recorder_run_id\"":\""47fb270e-4388-428d-9363-08e33f166980\"",\""subject_id\"":\""sub-003\"",\""session_id\"":\""ses-001\"",\""block_id\"":\""Block 6\"",\""counterbalance_group\"":\""G03\"",\""condition\"":\""B\"",\""condition_type\"":\""bbbd_subtraction\"",\""topic_key\"":\""V1\"",\""topic_name\"":\""商鞅 一个改变秦国命运的男人\"",\""video_file\"":\""视频1-混知漫画｜商鞅！一个改变秦国命运的男人！-480P 标清-AVC.mp4\"",\""start_number\"":937,\""generated_timestamp\"":1789549308.8103802}""}",47fb270e-4388-428d-9363-08e33f166980,sub-003,ses-001,c47b0427-7a2e-4c47-b0ec-59b990fcaeed,b362ba73-6683-4e82-884a-8ef54391d584,1789551576.5293803,1789551576.5170999,2334503.700000003,b362ba73-6683-4e82-884a-8ef54391d584,browser_calibrated,0.011330366134643555,6.099700927734375,559024,559024,0,-46.050071716308594,host_receive_nearest,verified,0,1,,,,,,,,,1,,,,,,,,,,,,,,,,,,,,V1,B,0,1789551576.5170999,1789551576.5293803,559024,,,,,,,,,,
1a96facb-e884-40bc-9c9e-2e060d21a403,probe_schedule,1789551576.5917304,2236.176,559045,6,6,,2,G03,B,bbbd_subtraction,probe_schedule,"72.621,142.989,250.918,296.522",,0.0,0.0,,,,,,,"{""client_event_id"":""1a96facb-e884-40bc-9c9e-2e060d21a403"",""recorder_run_id"":""47fb270e-4388-428d-9363-08e33f166980"",""client_id"":""b362ba73-6683-4e82-884a-8ef54391d584"",""client_timestamp"":1789551576.5804,""client_monotonic_ms"":2334567.099999994,""event_timestamp"":1789551576.5917304,""clock_offset_sec"":0.011330366134643555,""clock_round_trip_ms"":6.099700927734375,""subject_id"":""sub-003"",""session_id"":""ses-001"",""block_id"":""Block 6"",""counterbalance_group"":""G03"",""block_order"":""Block 6"",""condition"":""B"",""condition_type"":""bbbd_subtraction"",""topic_key"":""V1"",""topic_name"":""商鞅 一个改变秦国命运的男人"",""event_type"":""probe_schedule"",""iso_time"":""2026-09-16T09:39:36.580Z"",""relative_ms"":64,""video_time_sec"":0,""probe_schedule_id"":""854f83e8-77ce-4214-a21c-af4036141846"",""probe_times"":[72.621,142.989,250.918,296.522],""probe_config"":{""probes_per_block"":4,""min_first_onset_sec"":45,""min_end_margin_sec"":30,""min_gap_sec"":45},""video_duration_sec"":346.795,""video_id"":""V1"",""debug_fast"":false}",47fb270e-4388-428d-9363-08e33f166980,sub-003,ses-001,1a96facb-e884-40bc-9c9e-2e060d21a403,b362ba73-6683-4e82-884a-8ef54391d584,1789551576.5913801,1789551576.5804,2334567.099999994,b362ba73-6683-4e82-884a-8ef54391d584,browser_calibrated,0.011330366134643555,6.099700927734375,559044,559044,0,-16.35003089904785,host_receive_nearest,verified,1,1,,,,,,,,,1,,,,,,,,,,,,,,,,,,,,V1,B,0,1789551576.5804,1789551576.5913801,559044,,4,854f83e8-77ce-4214-a21c-af4036141846,,,,,,,
fe2979c6-26f9-4ca8-afcf-0d8f250e0be1,subtraction_start_number_displayed,1789551576.6006303,2236.18,559060,6,6,,2,G03,B,bbbd_subtraction,subtraction_start_number_displayed,937,,0.0,0.0,,,,,,,"{""client_event_id"":""fe2979c6-26f9-4ca8-afcf-0d8f250e0be1"",""recorder_run_id"":""47fb270e-4388-428d-9363-08e33f166980"",""client_id"":""b362ba73-6683-4e82-884a-8ef54391d584"",""client_timestamp"":1789551576.5893,""client_monotonic_ms"":2334576,""event_timestamp"":1789551576.6006303,""clock_offset_sec"":0.011330366134643555,""clock_round_trip_ms"":6.099700927734375,""subject_id"":""sub-003"",""session_id"":""ses-001"",""block_id"":""Block 6"",""counterbalance_group"":""G03"",""block_order"":""Block 6"",""condition"":""B"",""condition_type"":""bbbd_subtraction"",""topic_key"":""V1"",""topic_name"":""商鞅 一个改变秦国命运的男人"",""event_type"":""subtraction_start_number_displayed"",""iso_time"":""2026-09-16T09:39:36.589Z"",""relative_ms"":73,""video_time_sec"":0,""start_number"":937,""generated_timestamp"":1789549308.8103802,""displayed_timestamp"":1789551576.5893}",47fb270e-4388-428d-9363-08e33f166980,sub-003,ses-001,fe2979c6-26f9-4ca8-afcf-0d8f250e0be1,b362ba73-6683-4e82-884a-8ef54391d584,1789551576.6383803,1789551576.5893,2334576,b362ba73-6683-4e82-884a-8ef54391d584,browser_calibrated,0.011330366134643555,6.099700927734375,559045,559045,0,6.749868392944336,host_receive_nearest,verified,1,0,937,1789549308.8103802,1789551576.5893,,,,,,1,,,,,,,,,,,,,,,,,,,,V1,B,0,1789551576.5893,1789551576.6383803,559045,,,,,,,,,,
c4e517a2-38bd-48c9-b7ba-321383fec4a7,condition_prompt_end,1789551581.6132,2241.216,560305,6,6,,2,G03,B,bbbd_subtraction,condition_prompt_end,0.001,,0.0,0.0,,,,,,,"{""client_event_id"":""c4e517a2-38bd-48c9-b7ba-321383fec4a7"",""recorder_run_id"":""47fb270e-4388-428d-9363-08e33f166980"",""client_id"":""b362ba73-6683-4e82-884a-8ef54391d584"",""client_timestamp"":1789551581.6132998,""client_monotonic_ms"":2339599.899999991,""event_timestamp"":1789551581.6132,""clock_offset_sec"":0.011330366134643555,""clock_round_trip_ms"":6.099700927734375,""subject_id"":""sub-003"",""session_id"":""ses-001"",""block_id"":""Block 6"",""counterbalance_group"":""G03"",""block_order"":""Block 6"",""condition"":""B"",""condition_type"":""bbbd_subtraction"",""topic_key"":""V1"",""topic_name"":""商鞅 一个改变秦国命运的男人"",""event_type"":""condition_prompt_end"",""iso_time"":""2026-09-16T09:39:41.613Z"",""relative_ms"":5096,""video_time_sec"":0.001}",47fb270e-4388-428d-9363-08e33f166980,sub-003,ses-001,c4e517a2-38bd-48c9-b7ba-321383fec4a7,b362ba73-6683-4e82-884a-8ef54391d584,1789551581.6383803,1789551581.6132998,2339599.899999991,b362ba73-6683-4e82-884a-8ef54391d584,browser_calibrated,0.011330366134643555,6.099700927734375,560304,560304,0,-5.819797515869141,host_receive_nearest,verified,1,0,,,,,,,,,1,,,,,,,,,,,,,,,,,,,,V1,B,0.001,1789551581.6132998,1789551581.6383803,560304,,,,,,,,,,
1ba5c68b-fd52-4862-b7b3-b7c3c3cfb45f,video_start,1789551581.6132,2241.216,560315,6,6,,2,G03,B,bbbd_subtraction,video_start,V1,,0.0,0.0,,,,,,,,47fb270e-4388-428d-9363-08e33f166980,sub-003,ses-001,1ba5c68b-fd52-4862-b7b3-b7c3c3cfb45f,b362ba73-6683-4e82-884a-8ef54391d584,1789551581.6693802,1789551581.6213999,2339608.099999994,b362ba73-6683-4e82-884a-8ef54391d584,browser_calibrated,0.011330366134643555,6.099700927734375,560304,560304,0,-5.819797515869141,host_receive_nearest,verified,1,1,,,,,,,,,1,,,,,,,,,,,,,,,,,,,,V1,B,0.001,1789551581.6213999,1789551581.6693802,560304,,,,,,,,,,
1ba5c68b-fd52-4862-b7b3-b7c3c3cfb45f,video_play,1789551581.6132,2241.216,560315,6,6,,2,G03,B,bbbd_subtraction,video_play,0.001,,0.0,0.0,,,,,,,"{""client_event_id"":""1ba5c68b-fd52-4862-b7b3-b7c3c3cfb45f"",""recorder_run_id"":""47fb270e-4388-428d-9363-08e33f166980"",""client_id"":""b362ba73-6683-4e82-884a-8ef54391d584"",""client_timestamp"":1789551581.6213999,""client_monotonic_ms"":2339608.099999994,""event_timestamp"":1789551581.6132,""clock_offset_sec"":0.011330366134643555,""clock_round_trip_ms"":6.099700927734375,""subject_id"":""sub-003"",""session_id"":""ses-001"",""block_id"":""Block 6"",""counterbalance_group"":""G03"",""block_order"":""Block 6"",""condition"":""B"",""condition_type"":""bbbd_subtraction"",""topic_key"":""V1"",""topic_name"":""商鞅 一个改变秦国命运的男人"",""event_type"":""video_play"",""iso_time"":""2026-09-16T09:39:41.621Z"",""relative_ms"":5105,""video_time_sec"":0.001}",47fb270e-4388-428d-9363-08e33f166980,sub-003,ses-001,1ba5c68b-fd52-4862-b7b3-b7c3c3cfb45f,b362ba73-6683-4e82-884a-8ef54391d584,1789551581.6693802,1789551581.6213999,2339608.099999994,b362ba73-6683-4e82-884a-8ef54391d584,browser_calibrated,0.011330366134643555,6.099700927734375,560304,560304,0,-5.819797515869141,host_receive_nearest,verified,1,1,,,,,,,,,1,,,,,,,,,,,,,,,,,,,,V1,B,0.001,1789551581.6213999,1789551581.6693802,560304,,,,,,,,,,
b5ee9517-abb8-4fe8-96be-d5ca72ede239,subtraction_start_number_hidden,1789551581.6132,2241.216,560320,6,6,,2,G03,B,bbbd_subtraction,subtraction_start_number_hidden,937,,0.0,0.0,,,,,,,"{""client_event_id"":""b5ee9517-abb8-4fe8-96be-d5ca72ede239"",""recorder_run_id"":""47fb270e-4388-428d-9363-08e33f166980"",""client_id"":""b362ba73-6683-4e82-884a-8ef54391d584"",""client_timestamp"":1789551581.6312997,""client_monotonic_ms"":2339618,""event_timestamp"":1789551581.6132,""clock_offset_sec"":0.011330366134643555,""clock_round_trip_ms"":6.099700927734375,""subject_id"":""sub-003"",""session_id"":""ses-001"",""block_id"":""Block 6"",""counterbalance_group"":""G03"",""block_order"":""Block 6"",""condition"":""B"",""condition_type"":""bbbd_subtraction"",""topic_key"":""V1"",""topic_name"":""商鞅 一个改变秦国命运的男人"",""event_type"":""subtraction_start_number_hidden"",""iso_time"":""2026-09-16T09:39:41.631Z"",""relative_ms"":5115,""video_time_sec"":0.001,""start_number"":937,""generated_timestamp"":1789549308.8103802,""displayed_timestamp"":1789551576.5893,""hidden_timestamp"":1789551581.6132}",47fb270e-4388-428d-9363-08e33f166980,sub-003,ses-001,b5ee9517-abb8-4fe8-96be-d5ca72ede239,b362ba73-6683-4e82-884a-8ef54391d584,1789551581.6853802,1789551581.6312997,2339618,b362ba73-6683-4e82-884a-8ef54391d584,browser_calibrated,0.011330366134643555,6.099700927734375,560304,560304,0,-5.819797515869141,host_receive_nearest,verified,1,0,937,1789549308.8103802,1789551576.5893,1789551581.6132,,,,,1,,,,,,,,,,,,,,,,,,,,V1,B,0.001,1789551581.6312997,1789551581.6853802,560304,,,,,,,,,,
ce21358c-2eb0-421d-9d50-24a3f8c1fd3e,probe_onset,1789551654.4466302,2314.032,578509,6,6,,2,G03,B,bbbd_subtraction,probe_onset,Block 6_1_854f83e8,,0.0,0.0,,,,,,,"{""client_event_id"":""ce21358c-2eb0-421d-9d50-24a3f8c1fd3e"",""recorder_run_id"":""47fb270e-4388-428d-9363-08e33f166980"",""client_id"":""b362ba73-6683-4e82-884a-8ef54391d584"",""client_timestamp"":1789551654.4376,""client_monotonic_ms"":2412424.299999997,""event_timestamp"":1789551654.4466302,""clock_offset_sec"":0.009030342102050781,""clock_round_trip_ms"":6.100177764892578,""subject_id"":""sub-003"",""session_id"":""ses-001"",""block_id"":""Block 6"",""counterbalance_group"":""G03"",""block_order"":""Block 6"",""condition"":""B"",""condition_type"":""bbbd_subtraction"",""topic_key"":""V1"",""topic_name"":""商鞅 一个改变秦国命运的男人"",""event_type"":""probe_onset"",""iso_time"":""2026-09-16T09:40:54.437Z"",""relative_ms"":77921,""video_time_sec"":72.767,""probe_id"":""Block 6_1_854f83e8"",""probe_index"":1,""probe_schedule_id"":""854f83e8-77ce-4214-a21c-af4036141846"",""probe_planned_time_sec"":72.621,""video_id"":""V1"",""pause_reason"":""thought_probe"",""forced"":false}",47fb270e-4388-428d-9363-08e33f166980,sub-003,ses-001,ce21358c-2eb0-421d-9d50-24a3f8c1fd3e,b362ba73-6683-4e82-884a-8ef54391d584,1789551654.4503803,1789551654.4376,2412424.299999997,b362ba73-6683-4e82-884a-8ef54391d584,browser_calibrated,0.009030342102050781,6.100177764892578,578508,578508,0,-11.250019073486328,host_receive_nearest,verified,1,1,,,,,,,,,1,,,,,,,,,,,,,,,,,,,,V1,B,72.767,1789551654.4376,1789551654.4503803,578508,Block 6_1_854f83e8,1,854f83e8-77ce-4214-a21c-af4036141846,72.621,,,,,,thought_probe
525b31ed-b8fa-4d26-a410-b77fe58fd48b,attention_response,1789551656.5209303,2316.092,579024,6,6,,2,G03,B,bbbd_subtraction,attention_response,2,,0.0,0.0,,,,,,,"{""client_event_id"":""525b31ed-b8fa-4d26-a410-b77fe58fd48b"",""recorder_run_id"":""47fb270e-4388-428d-9363-08e33f166980"",""client_id"":""b362ba73-6683-4e82-884a-8ef54391d584"",""client_timestamp"":1789551656.5119,""client_monotonic_ms"":2414498.5,""event_timestamp"":1789551656.5209303,""clock_offset_sec"":0.009030342102050781,""clock_round_trip_ms"":6.100177764892578,""subject_id"":""sub-003"",""session_id"":""ses-001"",""block_id"":""Block 6"",""counterbalance_group"":""G03"",""block_order"":""Block 6"",""condition"":""B"",""condition_type"":""bbbd_subtraction"",""topic_key"":""V1"",""topic_name"":""商鞅 一个改变秦国命运的男人"",""event_type"":""attention_response"",""iso_time"":""2026-09-16T09:40:56.511Z"",""relative_ms"":79995,""video_time_sec"":72.767,""probe_id"":""Block 6_1_854f83e8"",""probe_index"":1,""probe_schedule_id"":""854f83e8-77ce-4214-a21c-af4036141846"",""probe_planned_time_sec"":72.621,""video_id"":""V1"",""response"":2,""response_label"":""连续减7心算任务"",""probe_attention"":""OFF"",""response_time_ms"":2074}",47fb270e-4388-428d-9363-08e33f166980,sub-003,ses-001,525b31ed-b8fa-4d26-a410-b77fe58fd48b,b362ba73-6683-4e82-884a-8ef54391d584,1789551656.5293803,1789551656.5119,2414498.5,b362ba73-6683-4e82-884a-8ef54391d584,browser_calibrated,0.009030342102050781,6.100177764892578,579023,579023,0,-23.550033569335938,host_receive_nearest,verified,1,1,,,,,,,,,1,,,,,,,,,,,,,,,,,,,,V1,B,72.767,1789551656.5119,1789551656.5293803,579023,Block 6_1_854f83e8,1,854f83e8-77ce-4214-a21c-af4036141846,72.621,2,连续减7心算任务,2074,,OFF,
eeac13c4-5bd8-4e20-b5ff-e00e5e53278b,confidence_response,1789551662.2407303,2321.832,580459,6,6,,2,G03,B,bbbd_subtraction,confidence_response,3,,0.0,0.0,,,,,,,"{""client_event_id"":""eeac13c4-5bd8-4e20-b5ff-e00e5e53278b"",""recorder_run_id"":""47fb270e-4388-428d-9363-08e33f166980"",""client_id"":""b362ba73-6683-4e82-884a-8ef54391d584"",""client_timestamp"":1789551662.2317,""client_monotonic_ms"":2420218.399999991,""event_timestamp"":1789551662.2407303,""clock_offset_sec"":0.009030342102050781,""clock_round_trip_ms"":6.100177764892578,""subject_id"":""sub-003"",""session_id"":""ses-001"",""block_id"":""Block 6"",""counterbalance_group"":""G03"",""block_order"":""Block 6"",""condition"":""B"",""condition_type"":""bbbd_subtraction"",""topic_key"":""V1"",""topic_name"":""商鞅 一个改变秦国命运的男人"",""event_type"":""confidence_response"",""iso_time"":""2026-09-16T09:41:02.231Z"",""relative_ms"":85715,""video_time_sec"":72.767,""probe_id"":""Block 6_1_854f83e8"",""probe_index"":1,""probe_schedule_id"":""854f83e8-77ce-4214-a21c-af4036141846"",""probe_planned_time_sec"":72.621,""video_id"":""V1"",""response"":2,""confidence"":3,""response_time_ms"":5720}",47fb270e-4388-428d-9363-08e33f166980,sub-003,ses-001,eeac13c4-5bd8-4e20-b5ff-e00e5e53278b,b362ba73-6683-4e82-884a-8ef54391d584,1789551662.2473803,1789551662.2317,2420218.399999991,b362ba73-6683-4e82-884a-8ef54391d584,browser_calibrated,0.009030342102050781,6.100177764892578,580458,580458,0,-8.350133895874023,host_receive_nearest,verified,1,1,,,,,,,,,1,,,,,,,,,,,,,,,,,,,,V1,B,72.767,1789551662.2317,1789551662.2473803,580458,Block 6_1_854f83e8,1,854f83e8-77ce-4214-a21c-af4036141846,72.621,,,5720,3,,
1309e668-8ea5-4ab3-9ad5-fc94e3f61af2,phase_change,1789551662.25233,2321.852,580464,6,6,,2,G03,B,bbbd_subtraction,phase_change,video,,0.0,0.0,,,,,,,,47fb270e-4388-428d-9363-08e33f166980,sub-003,ses-001,1309e668-8ea5-4ab3-9ad5-fc94e3f61af2,b362ba73-6683-4e82-884a-8ef54391d584,1789551662.2793803,1789551662.2432997,2420229.899999991,b362ba73-6683-4e82-884a-8ef54391d584,browser_calibrated,0.009030342102050781,6.100177764892578,580463,580463,0,-4.949808120727539,host_receive_nearest,verified,1,1,,,,,,,,,1,,,,,,,,,,,,,,,,,,,,V1,B,72.84,1789551662.2432997,1789551662.2793803,580463,,,,,,,,,,
1309e668-8ea5-4ab3-9ad5-fc94e3f61af2,video_resume,1789551662.25233,2321.852,580464,6,6,,2,G03,B,bbbd_subtraction,video_resume,72.84,,0.0,0.0,,,,,,,"{""client_event_id"":""1309e668-8ea5-4ab3-9ad5-fc94e3f61af2"",""recorder_run_id"":""47fb270e-4388-428d-9363-08e33f166980"",""client_id"":""b362ba73-6683-4e82-884a-8ef54391d584"",""client_timestamp"":1789551662.2432997,""client_monotonic_ms"":2420229.899999991,""event_timestamp"":1789551662.25233,""clock_offset_sec"":0.009030342102050781,""clock_round_trip_ms"":6.100177764892578,""subject_id"":""sub-003"",""session_id"":""ses-001"",""block_id"":""Block 6"",""counterbalance_group"":""G03"",""block_order"":""Block 6"",""condition"":""B"",""condition_type"":""bbbd_subtraction"",""topic_key"":""V1"",""topic_name"":""商鞅 一个改变秦国命运的男人"",""event_type"":""video_resume"",""iso_time"":""2026-09-16T09:41:02.243Z"",""relative_ms"":85726,""video_time_sec"":72.84,""probe_id"":""Block 6_1_854f83e8"",""probe_index"":1,""probe_schedule_id"":""854f83e8-77ce-4214-a21c-af4036141846"",""probe_planned_time_sec"":72.621,""video_id"":""V1"",""pause_reason"":""thought_probe"",""resume_status"":""playing""}",47fb270e-4388-428d-9363-08e33f166980,sub-003,ses-001,1309e668-8ea5-4ab3-9ad5-fc94e3f61af2,b362ba73-6683-4e82-884a-8ef54391d584,1789551662.2793803,1789551662.2432997,2420229.899999991,b362ba73-6683-4e82-884a-8ef54391d584,browser_calibrated,0.009030342102050781,6.100177764892578,580463,580463,0,-4.949808120727539,host_receive_nearest,verified,1,1,,,,,,,,,1,,,,,,,,,,,,,,,,,,,,V1,B,72.84,1789551662.2432997,1789551662.2793803,580463,Block 6_1_854f83e8,,,,,,,,,thought_probe
0a180309-f076-47bd-a26b-e92ed5155a37,probe_onset,1789551732.69503,2392.256,598074,6,6,,2,G03,B,bbbd_subtraction,probe_onset,Block 6_2_854f83e8,,0.0,0.0,,,,,,,"{""client_event_id"":""0a180309-f076-47bd-a26b-e92ed5155a37"",""recorder_run_id"":""47fb270e-4388-428d-9363-08e33f166980"",""client_id"":""b362ba73-6683-4e82-884a-8ef54391d584"",""client_timestamp"":1789551732.6937997,""client_monotonic_ms"":2490680.5,""event_timestamp"":1789551732.69503,""clock_offset_sec"":0.0012302398681640625,""clock_round_trip_ms"":6.100177764892578,""subject_id"":""sub-003"",""session_id"":""ses-001"",""block_id"":""Block 6"",""counterbalance_group"":""G03"",""block_order"":""Block 6"",""condition"":""B"",""condition_type"":""bbbd_subtraction"",""topic_key"":""V1"",""topic_name"":""商鞅 一个改变秦国命运的男人"",""event_type"":""probe_onset"",""iso_time"":""2026-09-16T09:42:12.693Z"",""relative_ms"":156177,""video_time_sec"":143.223,""probe_id"":""Block 6_2_854f83e8"",""probe_index"":2,""probe_schedule_id"":""854f83e8-77ce-4214-a21c-af4036141846"",""probe_planned_time_sec"":142.989,""video_id"":""V1"",""pause_reason"":""thought_probe"",""forced"":false}",47fb270e-4388-428d-9363-08e33f166980,sub-003,ses-001,0a180309-f076-47bd-a26b-e92ed5155a37,b362ba73-6683-4e82-884a-8ef54391d584,1789551732.7003803,1789551732.6937997,2490680.5,b362ba73-6683-4e82-884a-8ef54391d584,browser_calibrated,0.0012302398681640625,6.100177764892578,598064,598064,0,5.350351333618164,host_receive_nearest,verified,1,1,,,,,,,,,1,,,,,,,,,,,,,,,,,,,,V1,B,143.223,1789551732.6937997,1789551732.7003803,598064,Block 6_2_854f83e8,2,854f83e8-77ce-4214-a21c-af4036141846,142.989,,,,,,thought_probe
24879c23-be3c-4247-ba5e-a3b7bf4d3a8f,attention_response,1789551735.8142302,2395.392,598854,6,6,,2,G03,B,bbbd_subtraction,attention_response,2,,0.0,0.0,,,,,,,"{""client_event_id"":""24879c23-be3c-4247-ba5e-a3b7bf4d3a8f"",""recorder_run_id"":""47fb270e-4388-428d-9363-08e33f166980"",""client_id"":""b362ba73-6683-4e82-884a-8ef54391d584"",""client_timestamp"":1789551735.813,""client_monotonic_ms"":2493799.599999994,""event_timestamp"":1789551735.8142302,""clock_offset_sec"":0.0012302398681640625,""clock_round_trip_ms"":6.100177764892578,""subject_id"":""sub-003"",""session_id"":""ses-001"",""block_id"":""Block 6"",""counterbalance_group"":""G03"",""block_order"":""Block 6"",""condition"":""B"",""condition_type"":""bbbd_subtraction"",""topic_key"":""V1"",""topic_name"":""商鞅 一个改变秦国命运的男人"",""event_type"":""attention_response"",""iso_time"":""2026-09-16T09:42:15.813Z"",""relative_ms"":159296,""video_time_sec"":143.223,""probe_id"":""Block 6_2_854f83e8"",""probe_index"":2,""probe_schedule_id"":""854f83e8-77ce-4214-a21c-af4036141846"",""probe_planned_time_sec"":142.989,""video_id"":""V1"",""response"":2,""response_label"":""连续减7心算任务"",""probe_attention"":""OFF"",""response_time_ms"":3120}",47fb270e-4388-428d-9363-08e33f166980,sub-003,ses-001,24879c23-be3c-4247-ba5e-a3b7bf4d3a8f,b362ba73-6683-4e82-884a-8ef54391d584,1789551735.8253803,1789551735.813,2493799.599999994,b362ba73-6683-4e82-884a-8ef54391d584,browser_calibrated,0.0012302398681640625,6.100177764892578,598848,598848,0,-3.8499832153320312,host_receive_nearest,verified,1,1,,,,,,,,,1,,,,,,,,,,,,,,,,,,,,V1,B,143.223,1789551735.813,1789551735.8253803,598848,Block 6_2_854f83e8,2,854f83e8-77ce-4214-a21c-af4036141846,142.989,2,连续减7心算任务,3120,,OFF,
323af668-a6c1-4c4a-8f49-a9a37dd63ff7,confidence_response,1789551737.2636302,2396.852,599214,6,6,,2,G03,B,bbbd_subtraction,confidence_response,3,,0.0,0.0,,,,,,,"{""client_event_id"":""323af668-a6c1-4c4a-8f49-a9a37dd63ff7"",""recorder_run_id"":""47fb270e-4388-428d-9363-08e33f166980"",""client_id"":""b362ba73-6683-4e82-884a-8ef54391d584"",""client_timestamp"":1789551737.2624,""client_monotonic_ms"":2495249,""event_timestamp"":1789551737.2636302,""clock_offset_sec"":0.0012302398681640625,""clock_round_trip_ms"":6.100177764892578,""subject_id"":""sub-003"",""session_id"":""ses-001"",""block_id"":""Block 6"",""counterbalance_group"":""G03"",""block_order"":""Block 6"",""condition"":""B"",""condition_type"":""bbbd_subtraction"",""topic_key"":""V1"",""topic_name"":""商鞅 一个改变秦国命运的男人"",""event_type"":""confidence_response"",""iso_time"":""2026-09-16T09:42:17.262Z"",""relative_ms"":160746,""video_time_sec"":143.223,""probe_id"":""Block 6_2_854f83e8"",""probe_index"":2,""probe_schedule_id"":""854f83e8-77ce-4214-a21c-af4036141846"",""probe_planned_time_sec"":142.989,""video_id"":""V1"",""response"":2,""confidence"":3,""response_time_ms"":1449}",47fb270e-4388-428d-9363-08e33f166980,sub-003,ses-001,323af668-a6c1-4c4a-8f49-a9a37dd63ff7,b362ba73-6683-4e82-884a-8ef54391d584,1789551737.2793803,1789551737.2624,2495249,b362ba73-6683-4e82-884a-8ef54391d584,browser_calibrated,0.0012302398681640625,6.100177764892578,599213,599213,0,-0.2498626708984375,host_receive_nearest,verified,1,1,,,,,,,,,1,,,,,,,,,,,,,,,,,,,,V1,B,143.223,1789551737.2624,1789551737.2793803,599213,Block 6_2_854f83e8,2,854f83e8-77ce-4214-a21c-af4036141846,142.989,,,1449,3,,
80b540d5-8475-420d-b982-838242e595db,phase_change,1789551737.2742302,2396.856,599229,6,6,,2,G03,B,bbbd_subtraction,phase_change,video,,0.0,0.0,,,,,,,,47fb270e-4388-428d-9363-08e33f166980,sub-003,ses-001,80b540d5-8475-420d-b982-838242e595db,b362ba73-6683-4e82-884a-8ef54391d584,1789551737.3253803,1789551737.273,2495259.599999994,b362ba73-6683-4e82-884a-8ef54391d584,browser_calibrated,0.0012302398681640625,6.100177764892578,599214,599214,0,5.150079727172852,host_receive_nearest,verified,1,1,,,,,,,,,1,,,,,,,,,,,,,,,,,,,,V1,B,143.301,1789551737.273,1789551737.3253803,599214,,,,,,,,,,
80b540d5-8475-420d-b982-838242e595db,video_resume,1789551737.2742302,2396.856,599229,6,6,,2,G03,B,bbbd_subtraction,video_resume,143.301,,0.0,0.0,,,,,,,"{""client_event_id"":""80b540d5-8475-420d-b982-838242e595db"",""recorder_run_id"":""47fb270e-4388-428d-9363-08e33f166980"",""client_id"":""b362ba73-6683-4e82-884a-8ef54391d584"",""client_timestamp"":1789551737.273,""client_monotonic_ms"":2495259.599999994,""event_timestamp"":1789551737.2742302,""clock_offset_sec"":0.0012302398681640625,""clock_round_trip_ms"":6.100177764892578,""subject_id"":""sub-003"",""session_id"":""ses-001"",""block_id"":""Block 6"",""counterbalance_group"":""G03"",""block_order"":""Block 6"",""condition"":""B"",""condition_type"":""bbbd_subtraction"",""topic_key"":""V1"",""topic_name"":""商鞅 一个改变秦国命运的男人"",""event_type"":""video_resume"",""iso_time"":""2026-09-16T09:42:17.272Z"",""relative_ms"":160756,""video_time_sec"":143.301,""probe_id"":""Block 6_2_854f83e8"",""probe_index"":2,""probe_schedule_id"":""854f83e8-77ce-4214-a21c-af4036141846"",""probe_planned_time_sec"":142.989,""video_id"":""V1"",""pause_reason"":""thought_probe"",""resume_status"":""playing""}",47fb270e-4388-428d-9363-08e33f166980,sub-003,ses-001,80b540d5-8475-420d-b982-838242e595db,b362ba73-6683-4e82-884a-8ef54391d584,1789551737.3253803,1789551737.273,2495259.599999994,b362ba73-6683-4e82-884a-8ef54391d584,browser_calibrated,0.0012302398681640625,6.100177764892578,599214,599214,0,5.150079727172852,host_receive_nearest,verified,1,1,,,,,,,,,1,,,,,,,,,,,,,,,,,,,,V1,B,143.301,1789551737.273,1789551737.3253803,599214,Block 6_2_854f83e8,,,,,,,,,thought_probe
8fe0dad3-75b3-4707-bf86-38a50f03b40d,probe_onset,1789551844.9720802,2504.548,626138,6,6,,2,G03,B,bbbd_subtraction,probe_onset,Block 6_3_854f83e8,,0.0,0.0,,,,,,,"{""client_event_id"":""8fe0dad3-75b3-4707-bf86-38a50f03b40d"",""recorder_run_id"":""47fb270e-4388-428d-9363-08e33f166980"",""client_id"":""b362ba73-6683-4e82-884a-8ef54391d584"",""client_timestamp"":1789551844.971,""client_monotonic_ms"":2602957.599999994,""event_timestamp"":1789551844.9720802,""clock_offset_sec"":0.0010802745819091797,""clock_round_trip_ms"":6.400108337402344,""subject_id"":""sub-003"",""session_id"":""ses-001"",""block_id"":""Block 6"",""counterbalance_group"":""G03"",""block_order"":""Block 6"",""condition"":""B"",""condition_type"":""bbbd_subtraction"",""topic_key"":""V1"",""topic_name"":""商鞅 一个改变秦国命运的男人"",""event_type"":""probe_onset"",""iso_time"":""2026-09-16T09:44:04.970Z"",""relative_ms"":268454,""video_time_sec"":250.941,""probe_id"":""Block 6_3_854f83e8"",""probe_index"":3,""probe_schedule_id"":""854f83e8-77ce-4214-a21c-af4036141846"",""probe_planned_time_sec"":250.918,""video_id"":""V1"",""pause_reason"":""thought_probe"",""forced"":false}",47fb270e-4388-428d-9363-08e33f166980,sub-003,ses-001,8fe0dad3-75b3-4707-bf86-38a50f03b40d,b362ba73-6683-4e82-884a-8ef54391d584,1789551844.9823802,1789551844.971,2602957.599999994,b362ba73-6683-4e82-884a-8ef54391d584,browser_calibrated,0.0010802745819091797,6.400108337402344,626137,626137,0,-5.700111389160156,host_receive_nearest,verified,1,1,,,,,,,,,1,,,,,,,,,,,,,,,,,,,,V1,B,250.941,1789551844.971,1789551844.9823802,626137,Block 6_3_854f83e8,3,854f83e8-77ce-4214-a21c-af4036141846,250.918,,,,,,thought_probe
c2c46bc1-4c24-444c-b669-68c4e1f5a292,attention_response,1789551847.2900803,2506.872,626723,6,6,,2,G03,B,bbbd_subtraction,attention_response,2,,0.0,0.0,,,,,,,"{""client_event_id"":""c2c46bc1-4c24-444c-b669-68c4e1f5a292"",""recorder_run_id"":""47fb270e-4388-428d-9363-08e33f166980"",""client_id"":""b362ba73-6683-4e82-884a-8ef54391d584"",""client_timestamp"":1789551847.289,""client_monotonic_ms"":2605275.700000003,""event_timestamp"":1789551847.2900803,""clock_offset_sec"":0.0010802745819091797,""clock_round_trip_ms"":6.400108337402344,""subject_id"":""sub-003"",""session_id"":""ses-001"",""block_id"":""Block 6"",""counterbalance_group"":""G03"",""block_order"":""Block 6"",""condition"":""B"",""condition_type"":""bbbd_subtraction"",""topic_key"":""V1"",""topic_name"":""商鞅 一个改变秦国命运的男人"",""event_type"":""attention_response"",""iso_time"":""2026-09-16T09:44:07.289Z"",""relative_ms"":270772,""video_time_sec"":250.941,""probe_id"":""Block 6_3_854f83e8"",""probe_index"":3,""probe_schedule_id"":""854f83e8-77ce-4214-a21c-af4036141846"",""probe_planned_time_sec"":250.918,""video_id"":""V1"",""response"":2,""response_label"":""连续减7心算任务"",""probe_attention"":""OFF"",""response_time_ms"":2318}",47fb270e-4388-428d-9363-08e33f166980,sub-003,ses-001,c2c46bc1-4c24-444c-b669-68c4e1f5a292,b362ba73-6683-4e82-884a-8ef54391d584,1789551847.3103802,1789551847.289,2605275.700000003,b362ba73-6683-4e82-884a-8ef54391d584,browser_calibrated,0.0010802745819091797,6.400108337402344,626718,626718,0,4.29987907409668,host_receive_nearest,verified,1,1,,,,,,,,,1,,,,,,,,,,,,,,,,,,,,V1,B,250.941,1789551847.289,1789551847.3253803,626718,Block 6_3_854f83e8,3,854f83e8-77ce-4214-a21c-af4036141846,250.918,2,连续减7心算任务,2318,,OFF,
01f0b99a-4dbd-468f-8222-d692642ca076,confidence_response,1789551848.4769802,2508.068,627018,6,6,,2,G03,B,bbbd_subtraction,confidence_response,4,,0.0,0.0,,,,,,,"{""client_event_id"":""01f0b99a-4dbd-468f-8222-d692642ca076"",""recorder_run_id"":""47fb270e-4388-428d-9363-08e33f166980"",""client_id"":""b362ba73-6683-4e82-884a-8ef54391d584"",""client_timestamp"":1789551848.4759,""client_monotonic_ms"":2606462.5,""event_timestamp"":1789551848.4769802,""clock_offset_sec"":0.0010802745819091797,""clock_round_trip_ms"":6.400108337402344,""subject_id"":""sub-003"",""session_id"":""ses-001"",""block_id"":""Block 6"",""counterbalance_group"":""G03"",""block_order"":""Block 6"",""condition"":""B"",""condition_type"":""bbbd_subtraction"",""topic_key"":""V1"",""topic_name"":""商鞅 一个改变秦国命运的男人"",""event_type"":""confidence_response"",""iso_time"":""2026-09-16T09:44:08.475Z"",""relative_ms"":271959,""video_time_sec"":250.941,""probe_id"":""Block 6_3_854f83e8"",""probe_index"":3,""probe_schedule_id"":""854f83e8-77ce-4214-a21c-af4036141846"",""probe_planned_time_sec"":250.918,""video_id"":""V1"",""response"":2,""confidence"":4,""response_time_ms"":1187}",47fb270e-4388-428d-9363-08e33f166980,sub-003,ses-001,01f0b99a-4dbd-468f-8222-d692642ca076,b362ba73-6683-4e82-884a-8ef54391d584,1789551848.4823802,1789551848.4759,2606462.5,b362ba73-6683-4e82-884a-8ef54391d584,browser_calibrated,0.0010802745819091797,6.400108337402344,627017,627017,0,-10.600090026855469,host_receive_nearest,verified,1,1,,,,,,,,,1,,,,,,,,,,,,,,,,,,,,V1,B,250.941,1789551848.4759,1789551848.4973803,627017,Block 6_3_854f83e8,3,854f83e8-77ce-4214-a21c-af4036141846,250.918,,,1187,4,,
7dca45af-f1b6-4bf8-9bf2-ac51efcefab9,phase_change,1789551848.4886801,2508.072,627023,6,6,,2,G03,B,bbbd_subtraction,phase_change,video,,0.0,0.0,,,,,,,,47fb270e-4388-428d-9363-08e33f166980,sub-003,ses-001,7dca45af-f1b6-4bf8-9bf2-ac51efcefab9,b362ba73-6683-4e82-884a-8ef54391d584,1789551848.5293803,1789551848.4875998,2606474.200000003,b362ba73-6683-4e82-884a-8ef54391d584,browser_calibrated,0.0010802745819091797,6.400108337402344,627018,627018,0,8.700132369995117,host_receive_nearest,verified,1,1,,,,,,,,,1,,,,,,,,,,,,,,,,,,,,V1,B,251,1789551848.4875998,1789551848.5293803,627018,,,,,,,,,,
7dca45af-f1b6-4bf8-9bf2-ac51efcefab9,video_resume,1789551848.4886801,2508.072,627023,6,6,,2,G03,B,bbbd_subtraction,video_resume,251,,0.0,0.0,,,,,,,"{""client_event_id"":""7dca45af-f1b6-4bf8-9bf2-ac51efcefab9"",""recorder_run_id"":""47fb270e-4388-428d-9363-08e33f166980"",""client_id"":""b362ba73-6683-4e82-884a-8ef54391d584"",""client_timestamp"":1789551848.4875998,""client_monotonic_ms"":2606474.200000003,""event_timestamp"":1789551848.4886801,""clock_offset_sec"":0.0010802745819091797,""clock_round_trip_ms"":6.400108337402344,""subject_id"":""sub-003"",""session_id"":""ses-001"",""block_id"":""Block 6"",""counterbalance_group"":""G03"",""block_order"":""Block 6"",""condition"":""B"",""condition_type"":""bbbd_subtraction"",""topic_key"":""V1"",""topic_name"":""商鞅 一个改变秦国命运的男人"",""event_type"":""video_resume"",""iso_time"":""2026-09-16T09:44:08.487Z"",""relative_ms"":271971,""video_time_sec"":251,""probe_id"":""Block 6_3_854f83e8"",""probe_index"":3,""probe_schedule_id"":""854f83e8-77ce-4214-a21c-af4036141846"",""probe_planned_time_sec"":250.918,""video_id"":""V1"",""pause_reason"":""thought_probe"",""resume_status"":""playing""}",47fb270e-4388-428d-9363-08e33f166980,sub-003,ses-001,7dca45af-f1b6-4bf8-9bf2-ac51efcefab9,b362ba73-6683-4e82-884a-8ef54391d584,1789551848.5293803,1789551848.4875998,2606474.200000003,b362ba73-6683-4e82-884a-8ef54391d584,browser_calibrated,0.0010802745819091797,6.400108337402344,627018,627018,0,8.700132369995117,host_receive_nearest,verified,1,1,,,,,,,,,1,,,,,,,,,,,,,,,,,,,,V1,B,251,1789551848.4875998,1789551848.5293803,627018,Block 6_3_854f83e8,,,,,,,,,thought_probe
d1f12218-ee74-46fe-bb44-615189c88f21,probe_onset,1789551894.2350802,2553.828,638458,6,6,,2,G03,B,bbbd_subtraction,probe_onset,Block 6_4_854f83e8,,0.0,0.0,,,,,,,"{""client_event_id"":""d1f12218-ee74-46fe-bb44-615189c88f21"",""recorder_run_id"":""47fb270e-4388-428d-9363-08e33f166980"",""client_id"":""b362ba73-6683-4e82-884a-8ef54391d584"",""client_timestamp"":1789551894.223,""client_monotonic_ms"":2652209.599999994,""event_timestamp"":1789551894.2350802,""clock_offset_sec"":0.012080192565917969,""clock_round_trip_ms"":6.200075149536133,""subject_id"":""sub-003"",""session_id"":""ses-001"",""block_id"":""Block 6"",""counterbalance_group"":""G03"",""block_order"":""Block 6"",""condition"":""B"",""condition_type"":""bbbd_subtraction"",""topic_key"":""V1"",""topic_name"":""商鞅 一个改变秦国命运的男人"",""event_type"":""probe_onset"",""iso_time"":""2026-09-16T09:44:54.223Z"",""relative_ms"":317706,""video_time_sec"":296.673,""probe_id"":""Block 6_4_854f83e8"",""probe_index"":4,""probe_schedule_id"":""854f83e8-77ce-4214-a21c-af4036141846"",""probe_planned_time_sec"":296.522,""video_id"":""V1"",""pause_reason"":""thought_probe"",""forced"":false}",47fb270e-4388-428d-9363-08e33f166980,sub-003,ses-001,d1f12218-ee74-46fe-bb44-615189c88f21,b362ba73-6683-4e82-884a-8ef54391d584,1789551894.2323802,1789551894.223,2652209.599999994,b362ba73-6683-4e82-884a-8ef54391d584,browser_calibrated,0.012080192565917969,6.200075149536133,638457,638457,0,-18.700122833251953,host_receive_nearest,verified,1,1,,,,,,,,,1,,,,,,,,,,,,,,,,,,,,V1,B,296.673,1789551894.223,1789551894.2323802,638457,Block 6_4_854f83e8,4,854f83e8-77ce-4214-a21c-af4036141846,296.522,,,,,,thought_probe
44590507-7dc2-429a-8191-9a5d668a27ca,attention_response,1789551898.9246802,2558.508,639628,6,6,,2,G03,B,bbbd_subtraction,attention_response,4,,0.0,0.0,,,,,,,"{""client_event_id"":""44590507-7dc2-429a-8191-9a5d668a27ca"",""recorder_run_id"":""47fb270e-4388-428d-9363-08e33f166980"",""client_id"":""b362ba73-6683-4e82-884a-8ef54391d584"",""client_timestamp"":1789551898.9117,""client_monotonic_ms"":2656898.399999991,""event_timestamp"":1789551898.9246802,""clock_offset_sec"":0.012980222702026367,""clock_round_trip_ms"":6.000041961669922,""subject_id"":""sub-003"",""session_id"":""ses-001"",""block_id"":""Block 6"",""counterbalance_group"":""G03"",""block_order"":""Block 6"",""condition"":""B"",""condition_type"":""bbbd_subtraction"",""topic_key"":""V1"",""topic_name"":""商鞅 一个改变秦国命运的男人"",""event_type"":""attention_response"",""iso_time"":""2026-09-16T09:44:58.911Z"",""relative_ms"":322395,""video_time_sec"":296.673,""probe_id"":""Block 6_4_854f83e8"",""probe_index"":4,""probe_schedule_id"":""854f83e8-77ce-4214-a21c-af4036141846"",""probe_planned_time_sec"":296.522,""video_id"":""V1"",""response"":4,""response_label"":""放空/不确定刚才在想什么"",""probe_attention"":""AMBIGUOUS"",""response_time_ms"":4689}",47fb270e-4388-428d-9363-08e33f166980,sub-003,ses-001,44590507-7dc2-429a-8191-9a5d668a27ca,b362ba73-6683-4e82-884a-8ef54391d584,1789551898.9193802,1789551898.9117,2656898.399999991,b362ba73-6683-4e82-884a-8ef54391d584,browser_calibrated,0.012980222702026367,6.000041961669922,639627,639627,0,-20.299911499023438,host_receive_nearest,verified,1,1,,,,,,,,,1,,,,,,,,,,,,,,,,,,,,V1,B,296.673,1789551898.9117,1789551898.9353802,639627,Block 6_4_854f83e8,4,854f83e8-77ce-4214-a21c-af4036141846,296.522,4,放空/不确定刚才在想什么,4689,,AMBIGUOUS,
7f56f870-6c56-4dfd-ad60-03835e773e70,confidence_response,1789551900.46968,2560.068,640018,6,6,,2,G03,B,bbbd_subtraction,confidence_response,3,,0.0,0.0,,,,,,,"{""client_event_id"":""7f56f870-6c56-4dfd-ad60-03835e773e70"",""recorder_run_id"":""47fb270e-4388-428d-9363-08e33f166980"",""client_id"":""b362ba73-6683-4e82-884a-8ef54391d584"",""client_timestamp"":1789551900.4566998,""client_monotonic_ms"":2658443.399999991,""event_timestamp"":1789551900.46968,""clock_offset_sec"":0.012980222702026367,""clock_round_trip_ms"":6.000041961669922,""subject_id"":""sub-003"",""session_id"":""ses-001"",""block_id"":""Block 6"",""counterbalance_group"":""G03"",""block_order"":""Block 6"",""condition"":""B"",""condition_type"":""bbbd_subtraction"",""topic_key"":""V1"",""topic_name"":""商鞅 一个改变秦国命运的男人"",""event_type"":""confidence_response"",""iso_time"":""2026-09-16T09:45:00.456Z"",""relative_ms"":323940,""video_time_sec"":296.673,""probe_id"":""Block 6_4_854f83e8"",""probe_index"":4,""probe_schedule_id"":""854f83e8-77ce-4214-a21c-af4036141846"",""probe_planned_time_sec"":296.522,""video_id"":""V1"",""response"":4,""confidence"":3,""response_time_ms"":1545}",47fb270e-4388-428d-9363-08e33f166980,sub-003,ses-001,7f56f870-6c56-4dfd-ad60-03835e773e70,b362ba73-6683-4e82-884a-8ef54391d584,1789551900.4663801,1789551900.4566998,2658443.399999991,b362ba73-6683-4e82-884a-8ef54391d584,browser_calibrated,0.012980222702026367,6.000041961669922,640017,640017,0,-3.2999515533447266,host_receive_nearest,verified,1,1,,,,,,,,,1,,,,,,,,,,,,,,,,,,,,V1,B,296.673,1789551900.4566998,1789551900.4823802,640017,Block 6_4_854f83e8,4,854f83e8-77ce-4214-a21c-af4036141846,296.522,,,1545,3,,
b466705b-666b-4b31-a550-4625faa613e6,phase_change,1789551900.4795802,2560.068,640023,6,6,,2,G03,B,bbbd_subtraction,phase_change,video,,0.0,0.0,,,,,,,,47fb270e-4388-428d-9363-08e33f166980,sub-003,ses-001,b466705b-666b-4b31-a550-4625faa613e6,b362ba73-6683-4e82-884a-8ef54391d584,1789551900.4973803,1789551900.4666,2658453.200000003,b362ba73-6683-4e82-884a-8ef54391d584,browser_calibrated,0.012980222702026367,6.000041961669922,640017,640017,0,-13.200044631958008,host_receive_nearest,verified,1,1,,,,,,,,,1,,,,,,,,,,,,,,,,,,,,V1,B,296.74,1789551900.4666,1789551900.4973803,640017,,,,,,,,,,
b466705b-666b-4b31-a550-4625faa613e6,video_resume,1789551900.4795802,2560.068,640023,6,6,,2,G03,B,bbbd_subtraction,video_resume,296.74,,0.0,0.0,,,,,,,"{""client_event_id"":""b466705b-666b-4b31-a550-4625faa613e6"",""recorder_run_id"":""47fb270e-4388-428d-9363-08e33f166980"",""client_id"":""b362ba73-6683-4e82-884a-8ef54391d584"",""client_timestamp"":1789551900.4666,""client_monotonic_ms"":2658453.200000003,""event_timestamp"":1789551900.4795802,""clock_offset_sec"":0.012980222702026367,""clock_round_trip_ms"":6.000041961669922,""subject_id"":""sub-003"",""session_id"":""ses-001"",""block_id"":""Block 6"",""counterbalance_group"":""G03"",""block_order"":""Block 6"",""condition"":""B"",""condition_type"":""bbbd_subtraction"",""topic_key"":""V1"",""topic_name"":""商鞅 一个改变秦国命运的男人"",""event_type"":""video_resume"",""iso_time"":""2026-09-16T09:45:00.466Z"",""relative_ms"":323950,""video_time_sec"":296.74,""probe_id"":""Block 6_4_854f83e8"",""probe_index"":4,""probe_schedule_id"":""854f83e8-77ce-4214-a21c-af4036141846"",""probe_planned_time_sec"":296.522,""video_id"":""V1"",""pause_reason"":""thought_probe"",""resume_status"":""playing""}",47fb270e-4388-428d-9363-08e33f166980,sub-003,ses-001,b466705b-666b-4b31-a550-4625faa613e6,b362ba73-6683-4e82-884a-8ef54391d584,1789551900.4973803,1789551900.4666,2658453.200000003,b362ba73-6683-4e82-884a-8ef54391d584,browser_calibrated,0.012980222702026367,6.000041961669922,640017,640017,0,-13.200044631958008,host_receive_nearest,verified,1,1,,,,,,,,,1,,,,,,,,,,,,,,,,,,,,V1,B,296.74,1789551900.4666,1789551900.4973803,640017,Block 6_4_854f83e8,,,,,,,,,thought_probe
12cb1f4b-aa7f-49bd-9008-6747de6897d7,video_end,1789551950.5958803,2610.184,652547,6,6,,2,G03,B,bbbd_subtraction,video_end,V1,,0.0,0.0,,,,,,,,47fb270e-4388-428d-9363-08e33f166980,sub-003,ses-001,12cb1f4b-aa7f-49bd-9008-6747de6897d7,b362ba73-6683-4e82-884a-8ef54391d584,1789551950.6073802,1789551950.593,2708579.599999994,b362ba73-6683-4e82-884a-8ef54391d584,browser_calibrated,0.0028803348541259766,6.199836730957031,652546,652546,0,-4.500150680541992,host_receive_nearest,verified,1,1,,,,,,,,,1,,,,,,,,,,,,,,,,,,,,V1,B,346.795,1789551950.593,1789551950.6073802,652546,,,,,,,,,,
12cb1f4b-aa7f-49bd-9008-6747de6897d7,browser_video_ended,1789551950.5958803,2610.184,652547,6,6,,2,G03,B,bbbd_subtraction,browser_video_ended,,,0.0,0.0,,,,,,,"{""client_event_id"":""12cb1f4b-aa7f-49bd-9008-6747de6897d7"",""recorder_run_id"":""47fb270e-4388-428d-9363-08e33f166980"",""client_id"":""b362ba73-6683-4e82-884a-8ef54391d584"",""client_timestamp"":1789551950.593,""client_monotonic_ms"":2708579.599999994,""event_timestamp"":1789551950.5958803,""clock_offset_sec"":0.0028803348541259766,""clock_round_trip_ms"":6.199836730957031,""subject_id"":""sub-003"",""session_id"":""ses-001"",""block_id"":""Block 6"",""counterbalance_group"":""G03"",""block_order"":""Block 6"",""condition"":""B"",""condition_type"":""bbbd_subtraction"",""topic_key"":""V1"",""topic_name"":""商鞅 一个改变秦国命运的男人"",""event_type"":""video_ended"",""iso_time"":""2026-09-16T09:45:50.593Z"",""relative_ms"":374076,""video_time_sec"":346.795}",47fb270e-4388-428d-9363-08e33f166980,sub-003,ses-001,12cb1f4b-aa7f-49bd-9008-6747de6897d7,b362ba73-6683-4e82-884a-8ef54391d584,1789551950.6073802,1789551950.593,2708579.599999994,b362ba73-6683-4e82-884a-8ef54391d584,browser_calibrated,0.0028803348541259766,6.199836730957031,652546,652546,0,-4.500150680541992,host_receive_nearest,verified,1,1,,,,,,,,,1,,,,,,,,,,,,,,,,,,,,V1,B,346.795,1789551950.593,1789551950.6073802,652546,,,,,,,,,,
1d16794e-06b6-4a3d-9ae3-1fb7f147b7af,browser_block_end,1789551950.6060803,2610.184,652562,6,6,,2,G03,B,bbbd_subtraction,browser_block_end,视频自然播放结束,,0.0,0.0,,,,,,,"{""client_event_id"":""1d16794e-06b6-4a3d-9ae3-1fb7f147b7af"",""recorder_run_id"":""47fb270e-4388-428d-9363-08e33f166980"",""client_id"":""b362ba73-6683-4e82-884a-8ef54391d584"",""client_timestamp"":1789551950.6032,""client_monotonic_ms"":2708589.799999997,""event_timestamp"":1789551950.6060803,""clock_offset_sec"":0.0028803348541259766,""clock_round_trip_ms"":6.199836730957031,""subject_id"":""sub-003"",""session_id"":""ses-001"",""block_id"":""Block 6"",""counterbalance_group"":""G03"",""block_order"":""Block 6"",""condition"":""B"",""condition_type"":""bbbd_subtraction"",""topic_key"":""V1"",""topic_name"":""商鞅 一个改变秦国命运的男人"",""event_type"":""block_end"",""iso_time"":""2026-09-16T09:45:50.603Z"",""relative_ms"":374086,""video_time_sec"":346.795,""reason"":""视频自然播放结束""}",47fb270e-4388-428d-9363-08e33f166980,sub-003,ses-001,1d16794e-06b6-4a3d-9ae3-1fb7f147b7af,b362ba73-6683-4e82-884a-8ef54391d584,1789551950.6543803,1789551950.6032,2708589.799999997,b362ba73-6683-4e82-884a-8ef54391d584,browser_calibrated,0.0028803348541259766,6.199836730957031,652546,652546,0,-14.700174331665039,host_receive_nearest,verified,1,1,,,,,,,,,1,,,,,,,,,,,,,,,,,,,,V1,B,346.795,1789551950.6032,1789551950.6543803,652546,,,,,,,,,,
7b4e3af4-9dd3-48c7-a243-0d2dc7afa759,rating_start,1789551950.6149802,2610.188,652572,6,6,,2,G03,B,bbbd_subtraction,rating_start,,,0.0,0.0,,,,,,,"{""client_event_id"":""7b4e3af4-9dd3-48c7-a243-0d2dc7afa759"",""recorder_run_id"":""47fb270e-4388-428d-9363-08e33f166980"",""client_id"":""b362ba73-6683-4e82-884a-8ef54391d584"",""client_timestamp"":1789551950.6121,""client_monotonic_ms"":2708598.700000003,""event_timestamp"":1789551950.6149802,""clock_offset_sec"":0.0028803348541259766,""clock_round_trip_ms"":6.199836730957031,""subject_id"":""sub-003"",""session_id"":""ses-001"",""block_id"":""Block 6"",""counterbalance_group"":""G03"",""block_order"":""Block 6"",""condition"":""B"",""condition_type"":""bbbd_subtraction"",""topic_key"":""V1"",""topic_name"":""商鞅 一个改变秦国命运的男人"",""event_type"":""rating_start"",""iso_time"":""2026-09-16T09:45:50.612Z"",""relative_ms"":374095,""video_time_sec"":346.795}",47fb270e-4388-428d-9363-08e33f166980,sub-003,ses-001,7b4e3af4-9dd3-48c7-a243-0d2dc7afa759,b362ba73-6683-4e82-884a-8ef54391d584,1789551950.6853802,1789551950.6121,2708598.700000003,b362ba73-6683-4e82-884a-8ef54391d584,browser_calibrated,0.0028803348541259766,6.199836730957031,652547,652547,0,7.400035858154297,host_receive_nearest,verified,1,1,,,,,,,,,1,,,,,,,,,,,,,,,,,,,,V1,B,346.795,1789551950.6121,1789551950.6853802,652547,,,,,,,,,,
365bfe93-8eae-43aa-8743-3c7be9e6707d,rating_item_response,1789551953.7359803,2613.304,653327,6,6,,2,G03,B,bbbd_subtraction,rating_item_response,2,,0.0,0.0,,,,,,,"{""client_event_id"":""365bfe93-8eae-43aa-8743-3c7be9e6707d"",""recorder_run_id"":""47fb270e-4388-428d-9363-08e33f166980"",""client_id"":""b362ba73-6683-4e82-884a-8ef54391d584"",""client_timestamp"":1789551953.7331,""client_monotonic_ms"":2711719.799999997,""event_timestamp"":1789551953.7359803,""clock_offset_sec"":0.0028803348541259766,""clock_round_trip_ms"":6.199836730957031,""subject_id"":""sub-003"",""session_id"":""ses-001"",""block_id"":""Block 6"",""counterbalance_group"":""G03"",""block_order"":""Block 6"",""condition"":""B"",""condition_type"":""bbbd_subtraction"",""topic_key"":""V1"",""topic_name"":""商鞅 一个改变秦国命运的男人"",""event_type"":""rating_item_response"",""iso_time"":""2026-09-16T09:45:53.733Z"",""relative_ms"":377216,""video_time_sec"":346.795,""rating_item"":""course_attention_rating"",""rating_value"":""2"",""response_time_ms"":3121}",47fb270e-4388-428d-9363-08e33f166980,sub-003,ses-001,365bfe93-8eae-43aa-8743-3c7be9e6707d,b362ba73-6683-4e82-884a-8ef54391d584,1789551953.7633803,1789551953.7331,2711719.799999997,b362ba73-6683-4e82-884a-8ef54391d584,browser_calibrated,0.0028803348541259766,6.199836730957031,653326,653326,0,-19.60015296936035,host_receive_nearest,verified,1,1,,,,,,,,,1,,,,,,,,,,,,,course_attention_rating,2,,,,,,V1,B,346.795,1789551953.7331,1789551953.7633803,653326,,,,,,,3121,,,
33702d80-633b-4488-9f75-9a5731dea02e,rating_item_response,1789551955.2955804,2614.904,653727,6,6,,2,G03,B,bbbd_subtraction,rating_item_response,1,,0.0,0.0,,,,,,,"{""client_event_id"":""33702d80-633b-4488-9f75-9a5731dea02e"",""recorder_run_id"":""47fb270e-4388-428d-9363-08e33f166980"",""client_id"":""b362ba73-6683-4e82-884a-8ef54391d584"",""client_timestamp"":1789551955.2927,""client_monotonic_ms"":2713279.299999997,""event_timestamp"":1789551955.2955804,""clock_offset_sec"":0.0028803348541259766,""clock_round_trip_ms"":6.199836730957031,""subject_id"":""sub-003"",""session_id"":""ses-001"",""block_id"":""Block 6"",""counterbalance_group"":""G03"",""block_order"":""Block 6"",""condition"":""B"",""condition_type"":""bbbd_subtraction"",""topic_key"":""V1"",""topic_name"":""商鞅 一个改变秦国命运的男人"",""event_type"":""rating_item_response"",""iso_time"":""2026-09-16T09:45:55.292Z"",""relative_ms"":378776,""video_time_sec"":346.795,""rating_item"":""course_attention_rating"",""rating_value"":""1"",""response_time_ms"":4681}",47fb270e-4388-428d-9363-08e33f166980,sub-003,ses-001,33702d80-633b-4488-9f75-9a5731dea02e,b362ba73-6683-4e82-884a-8ef54391d584,1789551955.3103802,1789551955.2927,2713279.299999997,b362ba73-6683-4e82-884a-8ef54391d584,browser_calibrated,0.0028803348541259766,6.199836730957031,653726,653726,0,-1.2001991271972656,host_receive_nearest,verified,1,1,,,,,,,,,1,,,,,,,,,,,,,course_attention_rating,1,,,,,,V1,B,346.795,1789551955.2927,1789551955.3103802,653726,,,,,,,4681,,,
f565af19-2b89-4aa7-8f9d-768446aa7bdc,rating_item_response,1789551957.2633803,2616.844,654212,6,6,,2,G03,B,bbbd_subtraction,rating_item_response,3,,0.0,0.0,,,,,,,"{""client_event_id"":""f565af19-2b89-4aa7-8f9d-768446aa7bdc"",""recorder_run_id"":""47fb270e-4388-428d-9363-08e33f166980"",""client_id"":""b362ba73-6683-4e82-884a-8ef54391d584"",""client_timestamp"":1789551957.2605,""client_monotonic_ms"":2715247.099999994,""event_timestamp"":1789551957.2633803,""clock_offset_sec"":0.0028803348541259766,""clock_round_trip_ms"":6.199836730957031,""subject_id"":""sub-003"",""session_id"":""ses-001"",""block_id"":""Block 6"",""counterbalance_group"":""G03"",""block_order"":""Block 6"",""condition"":""B"",""condition_type"":""bbbd_subtraction"",""topic_key"":""V1"",""topic_name"":""商鞅 一个改变秦国命运的男人"",""event_type"":""rating_item_response"",""iso_time"":""2026-09-16T09:45:57.260Z"",""relative_ms"":380744,""video_time_sec"":346.795,""rating_item"":""mental_effort"",""rating_value"":""3"",""response_time_ms"":6648}",47fb270e-4388-428d-9363-08e33f166980,sub-003,ses-001,f565af19-2b89-4aa7-8f9d-768446aa7bdc,b362ba73-6683-4e82-884a-8ef54391d584,1789551957.2793803,1789551957.2605,2715247.099999994,b362ba73-6683-4e82-884a-8ef54391d584,browser_calibrated,0.0028803348541259766,6.199836730957031,654211,654211,0,-16.000032424926758,host_receive_nearest,verified,1,1,,,,,,,,,1,,,,,,,,,,,,,mental_effort,3,,,,,,V1,B,346.795,1789551957.2605,1789551957.2793803,654211,,,,,,,6648,,,
143c2413-ce34-4889-bef4-3445f0e15c0e,rating_item_response,1789551959.78748,2619.368,654852,6,6,,2,G03,B,bbbd_subtraction,rating_item_response,4,,0.0,0.0,,,,,,,"{""client_event_id"":""143c2413-ce34-4889-bef4-3445f0e15c0e"",""recorder_run_id"":""47fb270e-4388-428d-9363-08e33f166980"",""client_id"":""b362ba73-6683-4e82-884a-8ef54391d584"",""client_timestamp"":1789551959.7845998,""client_monotonic_ms"":2717771.200000003,""event_timestamp"":1789551959.78748,""clock_offset_sec"":0.0028803348541259766,""clock_round_trip_ms"":6.199836730957031,""subject_id"":""sub-003"",""session_id"":""ses-001"",""block_id"":""Block 6"",""counterbalance_group"":""G03"",""block_order"":""Block 6"",""condition"":""B"",""condition_type"":""bbbd_subtraction"",""topic_key"":""V1"",""topic_name"":""商鞅 一个改变秦国命运的男人"",""event_type"":""rating_item_response"",""iso_time"":""2026-09-16T09:45:59.784Z"",""relative_ms"":383268,""video_time_sec"":346.795,""rating_item"":""video_interest"",""rating_value"":""4"",""response_time_ms"":9173}",47fb270e-4388-428d-9363-08e33f166980,sub-003,ses-001,143c2413-ce34-4889-bef4-3445f0e15c0e,b362ba73-6683-4e82-884a-8ef54391d584,1789551959.8103802,1789551959.7845998,2717771.200000003,b362ba73-6683-4e82-884a-8ef54391d584,browser_calibrated,0.0028803348541259766,6.199836730957031,654842,654842,0,6.90007209777832,host_receive_nearest,verified,1,1,,,,,,,,,1,,,,,,,,,,,,,video_interest,4,,,,,,V1,B,346.795,1789551959.7845998,1789551959.8103802,654842,,,,,,,9173,,,
79e1bb85-799f-4f0d-b976-be821c91764c,rating_item_response,1789551962.1640804,2621.748,655442,6,6,,2,G03,B,bbbd_subtraction,rating_item_response,2,,0.0,0.0,,,,,,,"{""client_event_id"":""79e1bb85-799f-4f0d-b976-be821c91764c"",""recorder_run_id"":""47fb270e-4388-428d-9363-08e33f166980"",""client_id"":""b362ba73-6683-4e82-884a-8ef54391d584"",""client_timestamp"":1789551962.1612,""client_monotonic_ms"":2720147.799999997,""event_timestamp"":1789551962.1640804,""clock_offset_sec"":0.0028803348541259766,""clock_round_trip_ms"":6.199836730957031,""subject_id"":""sub-003"",""session_id"":""ses-001"",""block_id"":""Block 6"",""counterbalance_group"":""G03"",""block_order"":""Block 6"",""condition"":""B"",""condition_type"":""bbbd_subtraction"",""topic_key"":""V1"",""topic_name"":""商鞅 一个改变秦国命运的男人"",""event_type"":""rating_item_response"",""iso_time"":""2026-09-16T09:46:02.161Z"",""relative_ms"":385644,""video_time_sec"":346.795,""rating_item"":""video_difficulty"",""rating_value"":""2"",""response_time_ms"":11549}",47fb270e-4388-428d-9363-08e33f166980,sub-003,ses-001,79e1bb85-799f-4f0d-b976-be821c91764c,b362ba73-6683-4e82-884a-8ef54391d584,1789551962.1853802,1789551962.1612,2720147.799999997,b362ba73-6683-4e82-884a-8ef54391d584,browser_calibrated,0.0028803348541259766,6.199836730957031,655437,655437,0,5.299806594848633,host_receive_nearest,verified,1,1,,,,,,,,,1,,,,,,,,,,,,,video_difficulty,2,,,,,,V1,B,346.795,1789551962.1612,1789551962.1853802,655437,,,,,,,11549,,,
d6021019-d015-4903-be4a-717a2f989994,rating_item_response,1789551964.9158804,2624.504,656132,6,6,,2,G03,B,bbbd_subtraction,rating_item_response,60-70%,,0.0,0.0,,,,,,,"{""client_event_id"":""d6021019-d015-4903-be4a-717a2f989994"",""recorder_run_id"":""47fb270e-4388-428d-9363-08e33f166980"",""client_id"":""b362ba73-6683-4e82-884a-8ef54391d584"",""client_timestamp"":1789551964.913,""client_monotonic_ms"":2722899.599999994,""event_timestamp"":1789551964.9158804,""clock_offset_sec"":0.0028803348541259766,""clock_round_trip_ms"":6.199836730957031,""subject_id"":""sub-003"",""session_id"":""ses-001"",""block_id"":""Block 6"",""counterbalance_group"":""G03"",""block_order"":""Block 6"",""condition"":""B"",""condition_type"":""bbbd_subtraction"",""topic_key"":""V1"",""topic_name"":""商鞅 一个改变秦国命运的男人"",""event_type"":""rating_item_response"",""iso_time"":""2026-09-16T09:46:04.913Z"",""relative_ms"":388396,""video_time_sec"":346.795,""rating_item"":""subtraction_compliance"",""rating_value"":""60-70%"",""response_time_ms"":14301}",47fb270e-4388-428d-9363-08e33f166980,sub-003,ses-001,d6021019-d015-4903-be4a-717a2f989994,b362ba73-6683-4e82-884a-8ef54391d584,1789551964.9353802,1789551964.913,2722899.599999994,b362ba73-6683-4e82-884a-8ef54391d584,browser_calibrated,0.0028803348541259766,6.199836730957031,656126,656126,0,-11.500120162963867,host_receive_nearest,verified,1,1,,,,,,,,,1,,,,,,,,,,,,,subtraction_compliance,60-70%,,,,,,V1,B,346.795,1789551964.913,1789551964.9353802,656126,,,,,,,14301,,,
dcbba50a-1289-474e-b341-7db5054a6dcc,rating_item_response,1789551967.6876802,2627.284,656822,6,6,,2,G03,B,bbbd_subtraction,rating_item_response,3,,0.0,0.0,,,,,,,"{""client_event_id"":""dcbba50a-1289-474e-b341-7db5054a6dcc"",""recorder_run_id"":""47fb270e-4388-428d-9363-08e33f166980"",""client_id"":""b362ba73-6683-4e82-884a-8ef54391d584"",""client_timestamp"":1789551967.6848,""client_monotonic_ms"":2725671.5,""event_timestamp"":1789551967.6876802,""clock_offset_sec"":0.0028803348541259766,""clock_round_trip_ms"":6.199836730957031,""subject_id"":""sub-003"",""session_id"":""ses-001"",""block_id"":""Block 6"",""counterbalance_group"":""G03"",""block_order"":""Block 6"",""condition"":""B"",""condition_type"":""bbbd_subtraction"",""topic_key"":""V1"",""topic_name"":""商鞅 一个改变秦国命运的男人"",""event_type"":""rating_item_response"",""iso_time"":""2026-09-16T09:46:07.684Z"",""relative_ms"":391168,""video_time_sec"":346.795,""rating_item"":""subtraction_difficulty"",""rating_value"":""3"",""response_time_ms"":17073}",47fb270e-4388-428d-9363-08e33f166980,sub-003,ses-001,dcbba50a-1289-474e-b341-7db5054a6dcc,b362ba73-6683-4e82-884a-8ef54391d584,1789551967.7003803,1789551967.6848,2725671.5,b362ba73-6683-4e82-884a-8ef54391d584,browser_calibrated,0.0028803348541259766,6.199836730957031,656821,656821,0,-2.3000240325927734,host_receive_nearest,verified,1,1,,,,,,,,,1,,,,,,,,,,,,,subtraction_difficulty,3,,,,,,V1,B,346.795,1789551967.6848,1789551967.7003803,656821,,,,,,,17073,,,
7bf89db2-30f0-47f5-afc9-f37d7381a480,rating_item_response,1789551973.2570803,2632.844,658212,6,6,,2,G03,B,bbbd_subtraction,rating_item_response,665,,0.0,0.0,,,,,,,"{""client_event_id"":""7bf89db2-30f0-47f5-afc9-f37d7381a480"",""recorder_run_id"":""47fb270e-4388-428d-9363-08e33f166980"",""client_id"":""b362ba73-6683-4e82-884a-8ef54391d584"",""client_timestamp"":1789551973.2542,""client_monotonic_ms"":2731240.899999991,""event_timestamp"":1789551973.2570803,""clock_offset_sec"":0.0028803348541259766,""clock_round_trip_ms"":6.199836730957031,""subject_id"":""sub-003"",""session_id"":""ses-001"",""block_id"":""Block 6"",""counterbalance_group"":""G03"",""block_order"":""Block 6"",""condition"":""B"",""condition_type"":""bbbd_subtraction"",""topic_key"":""V1"",""topic_name"":""商鞅 一个改变秦国命运的男人"",""event_type"":""rating_item_response"",""iso_time"":""2026-09-16T09:46:13.254Z"",""relative_ms"":396737,""video_time_sec"":346.795,""rating_item"":""reported_final_number"",""rating_value"":""665"",""response_time_ms"":22642}",47fb270e-4388-428d-9363-08e33f166980,sub-003,ses-001,7bf89db2-30f0-47f5-afc9-f37d7381a480,b362ba73-6683-4e82-884a-8ef54391d584,1789551973.2633803,1789551973.2542,2731240.899999991,b362ba73-6683-4e82-884a-8ef54391d584,browser_calibrated,0.0028803348541259766,6.199836730957031,658211,658211,0,-9.70005989074707,host_receive_nearest,verified,1,1,,,,,,,,,1,,,,,,,,,,,,,reported_final_number,665,,,,,,V1,B,346.795,1789551973.2542,1789551973.2633803,658211,,,,,,,22642,,,
48df4fa0-7744-40be-9d63-667d139d991e,rating_end,1789551973.3510802,2632.924,658232,6,6,,2,G03,B,bbbd_subtraction,rating_end,,22.736,0.0,0.0,,,,,,,"{""client_event_id"":""48df4fa0-7744-40be-9d63-667d139d991e"",""recorder_run_id"":""47fb270e-4388-428d-9363-08e33f166980"",""client_id"":""b362ba73-6683-4e82-884a-8ef54391d584"",""client_timestamp"":1789551973.3481998,""client_monotonic_ms"":2731334.799999997,""event_timestamp"":1789551973.3510802,""clock_offset_sec"":0.0028803348541259766,""clock_round_trip_ms"":6.199836730957031,""subject_id"":""sub-003"",""session_id"":""ses-001"",""block_id"":""Block 6"",""counterbalance_group"":""G03"",""block_order"":""Block 6"",""condition"":""B"",""condition_type"":""bbbd_subtraction"",""topic_key"":""V1"",""topic_name"":""商鞅 一个改变秦国命运的男人"",""event_type"":""rating_end"",""iso_time"":""2026-09-16T09:46:13.348Z"",""relative_ms"":396831,""video_time_sec"":346.795,""video_id"":""V1"",""course_attention_rating"":1,""mental_effort"":3,""video_interest"":4,""video_difficulty"":2,""subtraction_compliance"":""60-70%"",""subtraction_difficulty"":3,""reported_final_number"":665,""duration_sec"":22.736,""submitted_iso"":""2026-09-16T09:46:13.348Z"",""submitted_relative_ms"":396831}",47fb270e-4388-428d-9363-08e33f166980,sub-003,ses-001,48df4fa0-7744-40be-9d63-667d139d991e,b362ba73-6683-4e82-884a-8ef54391d584,1789551973.3573802,1789551973.3481998,2731334.799999997,b362ba73-6683-4e82-884a-8ef54391d584,browser_calibrated,0.0028803348541259766,6.199836730957031,658231,658231,0,-25.699853897094727,host_receive_nearest,verified,1,1,,,,,,,,,1,,,,1,3,4,2,60-70%,60,70,3,665,,,,,,,,V1,B,346.795,1789551973.3481998,1789551973.3573802,658231,,,,,,,,,,
38e77271-59eb-4d68-89a2-42f6f6aa2572,quiz_start,1789551973.35818,2632.964,658247,6,6,,2,G03,B,bbbd_subtraction,quiz_start,,,0.0,0.0,,,,,,,"{""client_event_id"":""38e77271-59eb-4d68-89a2-42f6f6aa2572"",""recorder_run_id"":""47fb270e-4388-428d-9363-08e33f166980"",""client_id"":""b362ba73-6683-4e82-884a-8ef54391d584"",""client_timestamp"":1789551973.3552997,""client_monotonic_ms"":2731342,""event_timestamp"":1789551973.35818,""clock_offset_sec"":0.0028803348541259766,""clock_round_trip_ms"":6.199836730957031,""subject_id"":""sub-003"",""session_id"":""ses-001"",""block_id"":""Block 6"",""counterbalance_group"":""G03"",""block_order"":""Block 6"",""condition"":""B"",""condition_type"":""bbbd_subtraction"",""topic_key"":""V1"",""topic_name"":""商鞅 一个改变秦国命运的男人"",""event_type"":""quiz_start"",""iso_time"":""2026-09-16T09:46:13.355Z"",""relative_ms"":396839,""video_time_sec"":346.795}",47fb270e-4388-428d-9363-08e33f166980,sub-003,ses-001,38e77271-59eb-4d68-89a2-42f6f6aa2572,b362ba73-6683-4e82-884a-8ef54391d584,1789551973.4043803,1789551973.3552997,2731342,b362ba73-6683-4e82-884a-8ef54391d584,browser_calibrated,0.0028803348541259766,6.199836730957031,658241,658241,0,-0.7998943328857422,host_receive_nearest,verified,1,1,,,,,,,,,1,,,,,,,,,,,,,,,,,,,,V1,B,346.795,1789551973.3552997,1789551973.4043803,658241,,,,,,,,,,
90665655-7d82-4137-8d02-184479ba2214,quiz_item_response,1789551990.3422804,2649.944,662487,6,6,,2,G03,B,bbbd_subtraction,quiz_item_response,商鞅变法发生在哪个国家？,,0.0,0.0,,V1Q1,C,C,True,2509,"{""client_event_id"":""90665655-7d82-4137-8d02-184479ba2214"",""recorder_run_id"":""47fb270e-4388-428d-9363-08e33f166980"",""client_id"":""b362ba73-6683-4e82-884a-8ef54391d584"",""client_timestamp"":1789551990.3405,""client_monotonic_ms"":2748327.099999994,""event_timestamp"":1789551990.3422804,""clock_offset_sec"":0.0017802715301513672,""clock_round_trip_ms"":5.800008773803711,""subject_id"":""sub-003"",""session_id"":""ses-001"",""block_id"":""Block 6"",""counterbalance_group"":""G03"",""block_order"":""Block 6"",""condition"":""B"",""condition_type"":""bbbd_subtraction"",""topic_key"":""V1"",""topic_name"":""商鞅 一个改变秦国命运的男人"",""event_type"":""quiz_item_response"",""iso_time"":""2026-09-16T09:46:30.340Z"",""relative_ms"":413824,""video_time_sec"":346.795,""video_id"":""V1"",""question_id"":""V1Q1"",""question_text"":""商鞅变法发生在哪个国家？"",""response_index"":2,""response_letter"":""C"",""response_text"":""秦国"",""correct_index"":2,""correct_letter"":""C"",""correct_text"":""秦国"",""is_correct"":true,""reaction_time_ms"":2509,""submitted_iso"":""2026-09-16T09:46:30.340Z"",""submitted_relative_ms"":413824}",47fb270e-4388-428d-9363-08e33f166980,sub-003,ses-001,90665655-7d82-4137-8d02-184479ba2214,b362ba73-6683-4e82-884a-8ef54391d584,1789551990.3573802,1789551990.3405,2748327.099999994,b362ba73-6683-4e82-884a-8ef54391d584,browser_calibrated,0.0017802715301513672,5.800008773803711,662486,662486,0,-0.9002685546875,host_receive_nearest,verified,1,1,,,,,,,,,1,,,,,,,,,,,,,,,,,商鞅变法发生在哪个国家？,2,秦国,V1,B,346.795,1789551990.3405,1789551990.3573802,662486,,,,,,,,,,
c5952767-bbb2-459d-b5b5-20d0bf39422b,quiz_item_response,1789551990.3502803,2649.944,662502,6,6,,2,G03,B,bbbd_subtraction,quiz_item_response,商鞅变法中，商鞅通过采取什么方法提升参军人数？,,0.0,0.0,,V1Q2,B,C,False,7729,"{""client_event_id"":""c5952767-bbb2-459d-b5b5-20d0bf39422b"",""recorder_run_id"":""47fb270e-4388-428d-9363-08e33f166980"",""client_id"":""b362ba73-6683-4e82-884a-8ef54391d584"",""client_timestamp"":1789551990.3485,""client_monotonic_ms"":2748335.200000003,""event_timestamp"":1789551990.3502803,""clock_offset_sec"":0.0017802715301513672,""clock_round_trip_ms"":5.800008773803711,""subject_id"":""sub-003"",""session_id"":""ses-001"",""block_id"":""Block 6"",""counterbalance_group"":""G03"",""block_order"":""Block 6"",""condition"":""B"",""condition_type"":""bbbd_subtraction"",""topic_key"":""V1"",""topic_name"":""商鞅 一个改变秦国命运的男人"",""event_type"":""quiz_item_response"",""iso_time"":""2026-09-16T09:46:30.348Z"",""relative_ms"":413832,""video_time_sec"":346.795,""video_id"":""V1"",""question_id"":""V1Q2"",""question_text"":""商鞅变法中，商鞅通过采取什么方法提升参军人数？"",""response_index"":2,""response_letter"":""C"",""response_text"":""废除井田制"",""correct_index"":1,""correct_letter"":""B"",""correct_text"":""采取户籍制"",""is_correct"":false,""reaction_time_ms"":7729,""submitted_iso"":""2026-09-16T09:46:30.348Z"",""submitted_relative_ms"":413832}",47fb270e-4388-428d-9363-08e33f166980,sub-003,ses-001,c5952767-bbb2-459d-b5b5-20d0bf39422b,b362ba73-6683-4e82-884a-8ef54391d584,1789551990.4353802,1789551990.3485,2748335.200000003,b362ba73-6683-4e82-884a-8ef54391d584,browser_calibrated,0.0017802715301513672,5.800008773803711,662486,662486,0,-8.900165557861328,host_receive_nearest,verified,1,1,,,,,,,,,1,,,,,,,,,,,,,,,,,商鞅变法中，商鞅通过采取什么方法提升参军人数？,2,废除井田制,V1,B,346.795,1789551990.3485,1789551990.4353802,662486,,,,,,,,,,
a9e759a8-6d1d-4e5b-86ea-b8c43281ede8,quiz_item_response,1789551990.3573802,2649.948,662517,6,6,,2,G03,B,bbbd_subtraction,quiz_item_response,商鞅变法使秦国发生了怎样的变化？,,0.0,0.0,,V1Q3,B,B,True,13373,"{""client_event_id"":""a9e759a8-6d1d-4e5b-86ea-b8c43281ede8"",""recorder_run_id"":""47fb270e-4388-428d-9363-08e33f166980"",""client_id"":""b362ba73-6683-4e82-884a-8ef54391d584"",""client_timestamp"":1789551990.3555999,""client_monotonic_ms"":2748342.200000003,""event_timestamp"":1789551990.3573802,""clock_offset_sec"":0.0017802715301513672,""clock_round_trip_ms"":5.800008773803711,""subject_id"":""sub-003"",""session_id"":""ses-001"",""block_id"":""Block 6"",""counterbalance_group"":""G03"",""block_order"":""Block 6"",""condition"":""B"",""condition_type"":""bbbd_subtraction"",""topic_key"":""V1"",""topic_name"":""商鞅 一个改变秦国命运的男人"",""event_type"":""quiz_item_response"",""iso_time"":""2026-09-16T09:46:30.355Z"",""relative_ms"":413839,""video_time_sec"":346.795,""video_id"":""V1"",""question_id"":""V1Q3"",""question_text"":""商鞅变法使秦国发生了怎样的变化？"",""response_index"":1,""response_letter"":""B"",""response_text"":""国力大增，为统一六国奠定基础"",""correct_index"":1,""correct_letter"":""B"",""correct_text"":""国力大增，为统一六国奠定基础"",""is_correct"":true,""reaction_time_ms"":13373,""submitted_iso"":""2026-09-16T09:46:30.355Z"",""submitted_relative_ms"":413839}",47fb270e-4388-428d-9363-08e33f166980,sub-003,ses-001,a9e759a8-6d1d-4e5b-86ea-b8c43281ede8,b362ba73-6683-4e82-884a-8ef54391d584,1789551990.4663801,1789551990.3555999,2748342.200000003,b362ba73-6683-4e82-884a-8ef54391d584,browser_calibrated,0.0017802715301513672,5.800008773803711,662487,662487,0,15.000104904174805,host_receive_nearest,verified,1,1,,,,,,,,,1,,,,,,,,,,,,,,,,,商鞅变法使秦国发生了怎样的变化？,1,国力大增，为统一六国奠定基础,V1,B,346.795,1789551990.3555999,1789551990.4663801,662487,,,,,,,,,,
f19f9281-dcdc-4141-ac6e-0119f6477e35,quiz_item_response,1789551990.3645802,2649.948,662517,6,6,,2,G03,B,bbbd_subtraction,quiz_item_response,商鞅变法能够成功推行，离不开哪位国君的支持？,,0.0,0.0,,V1Q4,B,B,True,16577,"{""client_event_id"":""f19f9281-dcdc-4141-ac6e-0119f6477e35"",""recorder_run_id"":""47fb270e-4388-428d-9363-08e33f166980"",""client_id"":""b362ba73-6683-4e82-884a-8ef54391d584"",""client_timestamp"":1789551990.3628,""client_monotonic_ms"":2748349.399999991,""event_timestamp"":1789551990.3645802,""clock_offset_sec"":0.0017802715301513672,""clock_round_trip_ms"":5.800008773803711,""subject_id"":""sub-003"",""session_id"":""ses-001"",""block_id"":""Block 6"",""counterbalance_group"":""G03"",""block_order"":""Block 6"",""condition"":""B"",""condition_type"":""bbbd_subtraction"",""topic_key"":""V1"",""topic_name"":""商鞅 一个改变秦国命运的男人"",""event_type"":""quiz_item_response"",""iso_time"":""2026-09-16T09:46:30.362Z"",""relative_ms"":413846,""video_time_sec"":346.795,""video_id"":""V1"",""question_id"":""V1Q4"",""question_text"":""商鞅变法能够成功推行，离不开哪位国君的支持？"",""response_index"":1,""response_letter"":""B"",""response_text"":""秦孝公"",""correct_index"":1,""correct_letter"":""B"",""correct_text"":""秦孝公"",""is_correct"":true,""reaction_time_ms"":16577,""submitted_iso"":""2026-09-16T09:46:30.362Z"",""submitted_relative_ms"":413846}",47fb270e-4388-428d-9363-08e33f166980,sub-003,ses-001,f19f9281-dcdc-4141-ac6e-0119f6477e35,b362ba73-6683-4e82-884a-8ef54391d584,1789551990.4823802,1789551990.3628,2748349.399999991,b362ba73-6683-4e82-884a-8ef54391d584,browser_calibrated,0.0017802715301513672,5.800008773803711,662487,662487,0,7.800102233886719,host_receive_nearest,verified,1,1,,,,,,,,,1,,,,,,,,,,,,,,,,,商鞅变法能够成功推行，离不开哪位国君的支持？,1,秦孝公,V1,B,346.795,1789551990.3628,1789551990.4823802,662487,,,,,,,,,,
e63db4de-8b27-4770-89b4-5341953e7dde,quiz_end,1789551990.3716803,2649.948,662522,6,6,,2,G03,B,bbbd_subtraction,quiz_end,3/4,17.014,0.0,0.0,,,,,,,"{""client_event_id"":""e63db4de-8b27-4770-89b4-5341953e7dde"",""recorder_run_id"":""47fb270e-4388-428d-9363-08e33f166980"",""client_id"":""b362ba73-6683-4e82-884a-8ef54391d584"",""client_timestamp"":1789551990.3699,""client_monotonic_ms"":2748356.5,""event_timestamp"":1789551990.3716803,""clock_offset_sec"":0.0017802715301513672,""clock_round_trip_ms"":5.800008773803711,""subject_id"":""sub-003"",""session_id"":""ses-001"",""block_id"":""Block 6"",""counterbalance_group"":""G03"",""block_order"":""Block 6"",""condition"":""B"",""condition_type"":""bbbd_subtraction"",""topic_key"":""V1"",""topic_name"":""商鞅 一个改变秦国命运的男人"",""event_type"":""quiz_end"",""iso_time"":""2026-09-16T09:46:30.369Z"",""relative_ms"":413853,""video_time_sec"":346.795,""score"":3,""total"":4,""duration_sec"":17.014}",47fb270e-4388-428d-9363-08e33f166980,sub-003,ses-001,e63db4de-8b27-4770-89b4-5341953e7dde,b362ba73-6683-4e82-884a-8ef54391d584,1789551990.4973803,1789551990.3699,2748356.5,b362ba73-6683-4e82-884a-8ef54391d584,browser_calibrated,0.0017802715301513672,5.800008773803711,662487,662487,0,0.6999969482421875,host_receive_nearest,verified,1,1,,,,,,,,,1,,,,,,,,,,,,,,,3,4,,,,V1,B,346.795,1789551990.3699,1789551990.4973803,662487,,,,,,,,,,
e63db4de-8b27-4770-89b4-5341953e7dde,block_end,1789551990.3716803,2649.948,662522,6,6,,2,G03,B,bbbd_subtraction,block_end,V1,,0.0,0.0,,,,,,,,47fb270e-4388-428d-9363-08e33f166980,sub-003,ses-001,e63db4de-8b27-4770-89b4-5341953e7dde,b362ba73-6683-4e82-884a-8ef54391d584,1789551990.4973803,1789551990.3699,2748356.5,b362ba73-6683-4e82-884a-8ef54391d584,browser_calibrated,0.0017802715301513672,5.800008773803711,662487,662487,0,0.6999969482421875,host_receive_nearest,verified,1,1,,,,,,,,,1,,,,,,,,,,,,,,,,,,,,V1,B,346.795,1789551990.3699,1789551990.4973803,662487,,,,,,,,,,
a931aa43-75f1-49eb-b0d9-86acaebf7aa4,session_integrity_precheck,1789551990.39208,2649.968,662532,6,6,,2,G03,B,bbbd_subtraction,session_integrity_precheck,FAIL,,0.0,0.0,,,,,,,"{""client_event_id"":""a931aa43-75f1-49eb-b0d9-86acaebf7aa4"",""recorder_run_id"":""47fb270e-4388-428d-9363-08e33f166980"",""client_id"":""b362ba73-6683-4e82-884a-8ef54391d584"",""client_timestamp"":1789551990.3902998,""client_monotonic_ms"":2748376.899999991,""event_timestamp"":1789551990.39208,""clock_offset_sec"":0.0017802715301513672,""clock_round_trip_ms"":5.800008773803711,""subject_id"":""sub-003"",""session_id"":""ses-001"",""block_id"":""Block 6"",""counterbalance_group"":""G03"",""block_order"":""Block 6"",""condition"":""B"",""condition_type"":""bbbd_subtraction"",""topic_key"":""V1"",""topic_name"":""商鞅 一个改变秦国命运的男人"",""event_type"":""session_integrity_precheck"",""iso_time"":""2026-09-16T09:46:30.390Z"",""relative_ms"":413874,""video_time_sec"":346.795,""event_value"":""FAIL"",""notes"":""probe 48/24;问卷 12/6;课堂题 48/24""}",47fb270e-4388-428d-9363-08e33f166980,sub-003,ses-001,a931aa43-75f1-49eb-b0d9-86acaebf7aa4,b362ba73-6683-4e82-884a-8ef54391d584,1789551990.5293803,1789551990.3902998,2748376.899999991,b362ba73-6683-4e82-884a-8ef54391d584,browser_calibrated,0.0017802715301513672,5.800008773803711,662492,662492,0,12.300252914428711,host_receive_nearest,verified,0,0,,,,,,,,,1,,,,,,,,,,,,,,,,,,,,V1,B,346.795,1789551990.3902998,1789551990.5293803,662492,,,,,,,,,,
da54e114-b4f7-4e7c-9426-d1bb48e26b51,browser_shutdown_ready,1789552009.54413,2669.108,667287,6,6,,2,G03,B,bbbd_subtraction,browser_shutdown_ready,346.795,,0.0,0.0,,,,,,,"{""client_event_id"":""da54e114-b4f7-4e7c-9426-d1bb48e26b51"",""recorder_run_id"":""47fb270e-4388-428d-9363-08e33f166980"",""client_id"":""b362ba73-6683-4e82-884a-8ef54391d584"",""client_timestamp"":1789552009.5417998,""client_monotonic_ms"":2767528.399999991,""event_timestamp"":1789552009.54413,""clock_offset_sec"":0.002330303192138672,""clock_round_trip_ms"":5.699872970581055,""subject_id"":""sub-003"",""session_id"":""ses-001"",""block_id"":""Block 6"",""counterbalance_group"":""G03"",""block_order"":""Block 6"",""condition"":""B"",""condition_type"":""bbbd_subtraction"",""topic_key"":""V1"",""topic_name"":""商鞅 一个改变秦国命运的男人"",""event_type"":""browser_shutdown_ready"",""iso_time"":""2026-09-16T09:46:49.541Z"",""relative_ms"":433025,""video_time_sec"":346.795,""shutdown_request_id"":""fc8c7ba9-0ff3-4141-af74-c732052cde06""}",47fb270e-4388-428d-9363-08e33f166980,sub-003,ses-001,da54e114-b4f7-4e7c-9426-d1bb48e26b51,b362ba73-6683-4e82-884a-8ef54391d584,1789552009.5603802,1789552009.5417998,2767528.399999991,b362ba73-6683-4e82-884a-8ef54391d584,browser_calibrated,0.002330303192138672,5.699872970581055,667277,667277,0,0.25010108947753906,host_receive_nearest,verified,0,0,,,,,,,,,1,,,,,,,,,,,,,,,,,,,,V1,B,346.795,1789552009.5417998,1789552009.5603802,667277,,,,,,,,,,
512e9346-3c63-4461-bad9-50f650cda6f7,session_end,1789552009.6693802,2669.264,667317,,,,,G03,,,session_end,,,0.0,0.0,,,,,,,,47fb270e-4388-428d-9363-08e33f166980,sub-003,ses-001,,,1789552009.6693802,,,recorder,server,,,667316,667316,0,0.0,host_receive_nearest,,,,,,,,,,,,0,,,,,,,,,,,,,,,,,,,,,,,,1789552009.6693802,667316,,,,,,,,,,
