event_id,event_name,event_timestamp,sample_time_sec,received_order,block_id,block_order,group_id,session_half,counterbalance_group,condition,condition_type,event_type,event_value,duration_sec,exclude_before_sec,exclude_after_sec,trial_id,question_id,correct_answer,participant_answer,is_correct,reaction_time_ms,notes,run_id,subject_id,session_id,client_event_id,client_id,received_timestamp,client_timestamp,client_monotonic_ms,source_client,timestamp_source,clock_offset_sec,clock_round_trip_ms,eeg_received_order,eeg_sample_number,eeg_stream_segment,alignment_error_ms,alignment_status,identity_status,context_matches_current,state_applied,start_number,generated_timestamp,displayed_timestamp,hidden_timestamp,after_block_id,affected_block_id,planned_duration,actual_duration,is_formal_experiment,operator_id,override_reason,sensitivity_exclude_before_sec,course_attention_rating,mental_effort,video_interest,video_difficulty,subtraction_compliance,subtraction_compliance_low_pct,subtraction_compliance_high_pct,subtraction_difficulty,reported_final_number,rating_item,rating_value,quiz_score,quiz_total,question_text,response_index,response_text,video_id,condition_label,video_time_sec,browser_timestamp,recorder_timestamp,device_sample_number,probe_id,probe_index,probe_schedule_id,probe_planned_time_sec,response,response_label,response_time_ms,confidence,probe_attention,pause_reason
1b7b5f3c-ea5a-4153-b21a-25804bb6347c,session_start,1790001064.6393929,,0,,,,,G08,,,session_start,online_learning_focused_vs_bbbd_subtraction,,0.0,0.0,,,,,,,,4f31ef37-4b28-414b-891c-fd15b33e84f7,sub-008,ses-001,,,1790001064.6393929,,,recorder,server,,,,,,,no_eeg,,,,,,,,,,,,0,,,,,,,,,,,,,,,,,,,,,,,,1790001064.6393929,,,,,,,,,,,
ba6be2d5-ef61-4822-831c-224476c4ec60,subtraction_practice_start,1790001066.284793,,0,,,,,G08,,,subtraction_practice_start,100,,0.0,0.0,,,,,,,"{""client_event_id"":""ba6be2d5-ef61-4822-831c-224476c4ec60"",""recorder_run_id"":""4f31ef37-4b28-414b-891c-fd15b33e84f7"",""client_id"":""cabcb684-47f5-4be9-90ff-5df78d11e560"",""client_timestamp"":1790001066.3004,""client_monotonic_ms"":16507.40000000596,""event_timestamp"":1790001066.284793,""clock_offset_sec"":-0.015607118606567383,""clock_round_trip_ms"":13.20028305053711,""subject_id"":""sub-008"",""session_id"":""ses-001"",""block_id"":"""",""counterbalance_group"":""G08"",""block_order"":""Block 1"",""condition"":"""",""condition_type"":"""",""topic_key"":"""",""topic_name"":"""",""event_type"":""subtraction_practice_start"",""iso_time"":""2026-09-21T14:31:06.300Z"",""relative_ms"":"""",""video_time_sec"":0,""practice_number"":100,""is_formal_experiment"":0}",4f31ef37-4b28-414b-891c-fd15b33e84f7,sub-008,ses-001,ba6be2d5-ef61-4822-831c-224476c4ec60,cabcb684-47f5-4be9-90ff-5df78d11e560,1790001066.2953928,1790001066.3004,16507.40000000596,cabcb684-47f5-4be9-90ff-5df78d11e560,browser_calibrated,-0.015607118606567383,13.20028305053711,,,,,no_eeg,verified,1,1,,,,,,,,,0,,,,,,,,,,,,,,,,,,,,,,0,1790001066.3004,1790001066.2953928,,,,,,,,,,,
3fedefb3-4f26-4a8f-be2a-7f5a83e351d4,eeg_dropout,1790001066.9353929,,0,,,,,G08,,,eeg_dropout,signal_lost,,0.0,0.0,,,,,,,absence_threshold_sec=2,4f31ef37-4b28-414b-891c-fd15b33e84f7,sub-008,ses-001,,,1790001066.9353929,,,recorder,server,,,,,,,no_eeg,,,,,,,,,,,,0,,,,,,,,,,,,,,,,,,,,,,,,1790001066.9353929,,,,,,,,,,,eeg_dropout
bbf4082a-dfc3-49f2-bfda-e8ea95295d5f,qc_status_change,1790001066.9353929,,0,,,,,G08,,,qc_status_change,bad,,0.0,0.0,,,,,,,已连续 2.3 秒没有EEG，请立即重新连接耳机。,4f31ef37-4b28-414b-891c-fd15b33e84f7,sub-008,ses-001,,,1790001066.9353929,,,recorder,server,,,,,,,no_eeg,,,,,,,,,,,,0,,,,,,,,,,,,,,,,,,,,,,,,1790001066.9353929,,,,,,,,,,,
b7604d21-ca56-4a20-a2fb-b45ebc89c236,device_connected,1790001070.3573928,,0,,,,,G08,,,device_connected,74:4D:BD:62:FD:8D,,0.0,0.0,,,,,,,,4f31ef37-4b28-414b-891c-fd15b33e84f7,sub-008,ses-001,,,1790001070.3573928,,,recorder,server,,,,,,,no_eeg,,,,,,,,,,,,0,,,,,,,,,,,,,,,,,,,,,,,,1790001070.3573928,,,,,,,,,,,
3e97ea7a-57c9-4a0f-b000-44af8ba586cd,eeg_recovery,1790001070.3573928,0.0,0,,,,,G08,,,eeg_recovery,signal_recovered,5.7179999351501465,0.0,0.0,,,,,,,等待实验员重新确认同步后恢复视频,4f31ef37-4b28-414b-891c-fd15b33e84f7,sub-008,ses-001,,,1790001070.3573928,,,recorder,server,,,0,0,0,0.0,host_receive_nearest,,,,,,,,,,,,0,,,,,,,,,,,,,,,,,,,,,,,,1790001070.3573928,0,,,,,,,,,,eeg_dropout
b5d73096-6bc9-4acb-be4a-ed84e49d68d6,qc_status_change,1790001070.951393,0.576,145,,,,,G08,,,qc_status_change,waiting,,0.0,0.0,,,,,,,等待至少2秒EEG数据。; 通道1出现饱和（100.000%）。; 通道2出现饱和（100.000%）。,4f31ef37-4b28-414b-891c-fd15b33e84f7,sub-008,ses-001,,,1790001070.951393,,,recorder,server,,,144,144,0,-16.000032424926758,host_receive_nearest,,,,,,,,,,,,0,,,,,,,,,,,,,,,,,,,,,,,,1790001070.951393,144,,,,,,,,,,
388f62eb-846d-4341-a6c0-28a6fe77b51f,qc_status_change,1790001072.951393,2.596,650,,,,,G08,,,qc_status_change,warning,,0.0,0.0,,,,,,,通道1信号恒定、RMS接近数值零或连续至少2秒无变化，请检查数据流和电极。; 通道1出现饱和（100.000%）。; 通道2信号恒定、RMS接近数值零或连续至少2秒无变化，请检查数据流和电极。; 通道2出现饱和（100.000%）。,4f31ef37-4b28-414b-891c-fd15b33e84f7,sub-008,ses-001,,,1790001072.951393,,,recorder,server,,,649,649,0,0.0,host_receive_nearest,,,,,,,,,,,,0,,,,,,,,,,,,,,,,,,,,,,,,1790001072.951393,649,,,,,,,,,,
b82b5d7f-c175-4a69-b6d6-c15937a7047c,qc_status_change,1790001092.9823928,22.616,5655,,,,,G08,,,qc_status_change,good,,0.0,0.0,,,,,,,当前QC指标正常。,4f31ef37-4b28-414b-891c-fd15b33e84f7,sub-008,ses-001,,,1790001092.9823928,,,recorder,server,,,5654,5654,0,-30.99989891052246,host_receive_nearest,,,,,,,,,,,,0,,,,,,,,,,,,,,,,,,,,,,,,1790001092.9823928,5654,,,,,,,,,,
b4dd222f-174e-4724-9fc5-878ed0dc0ae3,subtraction_practice_end,1790001113.3302429,42.972,10744,,,,,G08,,,subtraction_practice_end,100,,0.0,0.0,,,,,,,"{""client_event_id"":""b4dd222f-174e-4724-9fc5-878ed0dc0ae3"",""recorder_run_id"":""4f31ef37-4b28-414b-891c-fd15b33e84f7"",""client_id"":""cabcb684-47f5-4be9-90ff-5df78d11e560"",""client_timestamp"":1790001113.3337,""client_monotonic_ms"":63540.69999998808,""event_timestamp"":1790001113.3302429,""clock_offset_sec"":-0.0034570693969726562,""clock_round_trip_ms"":7.300138473510742,""subject_id"":""sub-008"",""session_id"":""ses-001"",""block_id"":"""",""counterbalance_group"":""G08"",""block_order"":""Block 1"",""condition"":"""",""condition_type"":"""",""topic_key"":"""",""topic_name"":"""",""event_type"":""subtraction_practice_end"",""iso_time"":""2026-09-21T14:31:53.333Z"",""relative_ms"":"""",""video_time_sec"":0,""practice_number"":100,""is_formal_experiment"":0}",4f31ef37-4b28-414b-891c-fd15b33e84f7,sub-008,ses-001,b4dd222f-174e-4724-9fc5-878ed0dc0ae3,cabcb684-47f5-4be9-90ff-5df78d11e560,1790001113.326393,1790001113.3337,63540.69999998808,cabcb684-47f5-4be9-90ff-5df78d11e560,browser_calibrated,-0.0034570693969726562,7.300138473510742,10743,10743,0,-3.8499832153320312,host_receive_nearest,verified,1,1,,,,,,,,,0,,,,,,,,,,,,,,,,,,,,,,0,1790001113.3337,1790001113.326393,10743,,,,,,,,,,
c3212296-fce9-45eb-8549-0cb951a5e990,practice_confirmed,1790001113.338543,42.972,10754,,,,,G08,,,practice_confirmed,100,,0.0,0.0,,,,,,,"{""client_event_id"":""c3212296-fce9-45eb-8549-0cb951a5e990"",""recorder_run_id"":""4f31ef37-4b28-414b-891c-fd15b33e84f7"",""client_id"":""cabcb684-47f5-4be9-90ff-5df78d11e560"",""client_timestamp"":1790001113.342,""client_monotonic_ms"":63549,""event_timestamp"":1790001113.338543,""clock_offset_sec"":-0.0034570693969726562,""clock_round_trip_ms"":7.300138473510742,""subject_id"":""sub-008"",""session_id"":""ses-001"",""block_id"":"""",""counterbalance_group"":""G08"",""block_order"":""Block 1"",""condition"":"""",""condition_type"":"""",""topic_key"":"""",""topic_name"":"""",""event_type"":""practice_confirmed"",""iso_time"":""2026-09-21T14:31:53.342Z"",""relative_ms"":"""",""video_time_sec"":0,""practice_number"":100,""is_formal_experiment"":0}",4f31ef37-4b28-414b-891c-fd15b33e84f7,sub-008,ses-001,c3212296-fce9-45eb-8549-0cb951a5e990,cabcb684-47f5-4be9-90ff-5df78d11e560,1790001113.3733928,1790001113.342,63549,cabcb684-47f5-4be9-90ff-5df78d11e560,browser_calibrated,-0.0034570693969726562,7.300138473510742,10743,10743,0,-12.150049209594727,host_receive_nearest,verified,1,1,,,,,,,,,0,,,,,,,,,,,,,,,,,,,,,,0,1790001113.342,1790001113.3733928,10743,,,,,,,,,,
627d4165-4f2a-4646-b5a6-60e511c9b1fb,baseline_start,1790001116.1393929,45.732,11434,,,,,G08,,,baseline_start,,30.0,0.0,0.0,,,,,,,,4f31ef37-4b28-414b-891c-fd15b33e84f7,sub-008,ses-001,,,1790001116.1393929,,,recorder,server,,,11433,11433,0,-46.99993133544922,host_receive_nearest,,,,,,,,,,,,0,,,,,,,,,,,,,,,,,,,,,,,,1790001116.1393929,11433,,,,,,,,,,
12a727cd-f8a6-4e07-be2d-08aecdaf73f5,qc_status_change,1790001116.9823928,46.612,11654,,,,,G08,,,qc_status_change,waiting,,0.0,0.0,,,,,,,等待至少2秒EEG数据。,4f31ef37-4b28-414b-891c-fd15b33e84f7,sub-008,ses-001,,,1790001116.9823928,,,recorder,server,,,11653,11653,0,-30.99989891052246,host_receive_nearest,,,,,,,,,,,,0,,,,,,,,,,,,,,,,,,,,,,,,1790001116.9823928,11653,,,,,,,,,,
eeee623c-e59a-4ad6-9a8c-a79e18f4625f,qc_status_change,1790001118.967393,48.612,12154,,,,,G08,,,qc_status_change,good,,0.0,0.0,,,,,,,当前QC指标正常。,4f31ef37-4b28-414b-891c-fd15b33e84f7,sub-008,ses-001,,,1790001118.967393,,,recorder,server,,,12153,12153,0,0.0,host_receive_nearest,,,,,,,,,,,,0,,,,,,,,,,,,,,,,,,,,,,,,1790001118.967393,12153,,,,,,,,,,
0c410b11-adff-4262-87d8-727633332a9f,baseline_end,1790001147.0603929,76.692,19174,,,,,G08,,,baseline_end,data_present,30.905999898910522,0.0,0.0,,,,,,,当前QC指标正常。,4f31ef37-4b28-414b-891c-fd15b33e84f7,sub-008,ses-001,,,1790001147.0603929,,,recorder,server,,,19173,19173,0,-15.000104904174805,host_receive_nearest,,,,,,,,,,,,0,,,,,,,,,,,,,,,,,,,,,,,,1790001147.0603929,19173,,,,,,,,,,
72346fc6-08c5-4a30-b0c0-99e1bda4ebd4,block_start,1790001179.3182929,108.952,27239,1,1,,1,G08,B,bbbd_subtraction,block_start,V4,,0.0,0.0,,,,,,,condition=B; condition_type=bbbd_subtraction,4f31ef37-4b28-414b-891c-fd15b33e84f7,sub-008,ses-001,72346fc6-08c5-4a30-b0c0-99e1bda4ebd4,cabcb684-47f5-4be9-90ff-5df78d11e560,1790001179.326393,1790001179.3191001,129526.09999999404,cabcb684-47f5-4be9-90ff-5df78d11e560,browser_calibrated,-0.0008072853088378906,6.799936294555664,27238,27238,0,-22.900104522705078,host_receive_nearest,verified,0,1,863,1790001064.6393929,,,,,,,1,,,,,,,,,,,,,,,,,,,,V4,B,0,1790001179.3191001,1790001179.326393,27238,,,,,,,,,,
72346fc6-08c5-4a30-b0c0-99e1bda4ebd4,condition_prompt_start,1790001179.3182929,108.952,27239,1,1,,1,G08,B,bbbd_subtraction,condition_prompt_start,B,,0.0,0.0,,,,,,,,4f31ef37-4b28-414b-891c-fd15b33e84f7,sub-008,ses-001,72346fc6-08c5-4a30-b0c0-99e1bda4ebd4,cabcb684-47f5-4be9-90ff-5df78d11e560,1790001179.326393,1790001179.3191001,129526.09999999404,cabcb684-47f5-4be9-90ff-5df78d11e560,browser_calibrated,-0.0008072853088378906,6.799936294555664,27238,27238,0,-22.900104522705078,host_receive_nearest,verified,0,1,,,,,,,,,1,,,,,,,,,,,,,,,,,,,,V4,B,0,1790001179.3191001,1790001179.326393,27238,,,,,,,,,,
72346fc6-08c5-4a30-b0c0-99e1bda4ebd4,browser_block_config,1790001179.3182929,108.952,27239,1,1,,1,G08,B,bbbd_subtraction,browser_block_config,V4,,0.0,0.0,,,,,,,"{""client_event_id"":""72346fc6-08c5-4a30-b0c0-99e1bda4ebd4"",""recorder_run_id"":""4f31ef37-4b28-414b-891c-fd15b33e84f7"",""client_id"":""cabcb684-47f5-4be9-90ff-5df78d11e560"",""client_timestamp"":1790001179.3191001,""client_monotonic_ms"":129526.09999999404,""event_timestamp"":1790001179.3182929,""clock_offset_sec"":-0.0008072853088378906,""clock_round_trip_ms"":6.799936294555664,""subject_id"":""sub-008"",""session_id"":""ses-001"",""block_id"":""Block 1"",""counterbalance_group"":""G08"",""block_order"":""Block 1"",""condition"":""B"",""condition_type"":""bbbd_subtraction"",""topic_key"":""V4"",""topic_name"":""中国古代最大的歼灭战 长平之战"",""event_type"":""block_start"",""iso_time"":""2026-09-21T14:32:59.319Z"",""relative_ms"":0,""video_time_sec"":0,""block_start_iso"":""2026-09-21T14:32:59.318Z"",""config_json"":""{\""recorder_run_id\"":\""4f31ef37-4b28-414b-891c-fd15b33e84f7\"",\""subject_id\"":\""sub-008\"",\""session_id\"":\""ses-001\"",\""block_id\"":\""Block 1\"",\""counterbalance_group\"":\""G08\"",\""condition\"":\""B\"",\""condition_type\"":\""bbbd_subtraction\"",\""topic_key\"":\""V4\"",\""topic_name\"":\""中国古代最大的歼灭战 长平之战\"",\""video_file\"":\""视频4-混知漫画｜中国古代最大的歼灭战——长平之战！-480P 标清-AVC.mp4\"",\""start_number\"":863,\""generated_timestamp\"":1790001064.6393929}""}",4f31ef37-4b28-414b-891c-fd15b33e84f7,sub-008,ses-001,72346fc6-08c5-4a30-b0c0-99e1bda4ebd4,cabcb684-47f5-4be9-90ff-5df78d11e560,1790001179.326393,1790001179.3191001,129526.09999999404,cabcb684-47f5-4be9-90ff-5df78d11e560,browser_calibrated,-0.0008072853088378906,6.799936294555664,27238,27238,0,-22.900104522705078,host_receive_nearest,verified,0,1,,,,,,,,,1,,,,,,,,,,,,,,,,,,,,V4,B,0,1790001179.3191001,1790001179.326393,27238,,,,,,,,,,
e45a94e3-fa5d-4a3b-90c8-5aac93e58c6e,probe_schedule,1790001179.3780925,109.012,27254,1,1,,1,G08,B,bbbd_subtraction,probe_schedule,"90.472,143.119,197.771,271.709",,0.0,0.0,,,,,,,"{""client_event_id"":""e45a94e3-fa5d-4a3b-90c8-5aac93e58c6e"",""recorder_run_id"":""4f31ef37-4b28-414b-891c-fd15b33e84f7"",""client_id"":""cabcb684-47f5-4be9-90ff-5df78d11e560"",""client_timestamp"":1790001179.3788998,""client_monotonic_ms"":129586.09999999404,""event_timestamp"":1790001179.3780925,""clock_offset_sec"":-0.0008072853088378906,""clock_round_trip_ms"":6.799936294555664,""subject_id"":""sub-008"",""session_id"":""ses-001"",""block_id"":""Block 1"",""counterbalance_group"":""G08"",""block_order"":""Block 1"",""condition"":""B"",""condition_type"":""bbbd_subtraction"",""topic_key"":""V4"",""topic_name"":""中国古代最大的歼灭战 长平之战"",""event_type"":""probe_schedule"",""iso_time"":""2026-09-21T14:32:59.379Z"",""relative_ms"":60,""video_time_sec"":0,""probe_schedule_id"":""a31e712b-2e24-45d9-a4f5-83cb8e923224"",""probe_times"":[90.472,143.119,197.771,271.709],""probe_config"":{""probes_per_block"":4,""min_first_onset_sec"":45,""min_end_margin_sec"":30,""min_gap_sec"":45},""video_duration_sec"":313.818,""video_id"":""V4"",""debug_fast"":false}",4f31ef37-4b28-414b-891c-fd15b33e84f7,sub-008,ses-001,e45a94e3-fa5d-4a3b-90c8-5aac93e58c6e,cabcb684-47f5-4be9-90ff-5df78d11e560,1790001179.3733928,1790001179.3788998,129586.09999999404,cabcb684-47f5-4be9-90ff-5df78d11e560,browser_calibrated,-0.0008072853088378906,6.799936294555664,27253,27253,0,-20.699739456176758,host_receive_nearest,verified,1,1,,,,,,,,,1,,,,,,,,,,,,,,,,,,,,V4,B,0,1790001179.3788998,1790001179.3733928,27253,,4,a31e712b-2e24-45d9-a4f5-83cb8e923224,,,,,,,
4fd5cd2b-181f-4047-8985-2171d5f94142,subtraction_start_number_displayed,1790001179.3851926,109.012,27269,1,1,,1,G08,B,bbbd_subtraction,subtraction_start_number_displayed,863,,0.0,0.0,,,,,,,"{""client_event_id"":""4fd5cd2b-181f-4047-8985-2171d5f94142"",""recorder_run_id"":""4f31ef37-4b28-414b-891c-fd15b33e84f7"",""client_id"":""cabcb684-47f5-4be9-90ff-5df78d11e560"",""client_timestamp"":1790001179.386,""client_monotonic_ms"":129593.09999999404,""event_timestamp"":1790001179.3851926,""clock_offset_sec"":-0.0008072853088378906,""clock_round_trip_ms"":6.799936294555664,""subject_id"":""sub-008"",""session_id"":""ses-001"",""block_id"":""Block 1"",""counterbalance_group"":""G08"",""block_order"":""Block 1"",""condition"":""B"",""condition_type"":""bbbd_subtraction"",""topic_key"":""V4"",""topic_name"":""中国古代最大的歼灭战 长平之战"",""event_type"":""subtraction_start_number_displayed"",""iso_time"":""2026-09-21T14:32:59.386Z"",""relative_ms"":67,""video_time_sec"":0,""start_number"":863,""generated_timestamp"":1790001064.6393929,""displayed_timestamp"":1790001179.3859}",4f31ef37-4b28-414b-891c-fd15b33e84f7,sub-008,ses-001,4fd5cd2b-181f-4047-8985-2171d5f94142,cabcb684-47f5-4be9-90ff-5df78d11e560,1790001179.4353929,1790001179.386,129593.09999999404,cabcb684-47f5-4be9-90ff-5df78d11e560,browser_calibrated,-0.0008072853088378906,6.799936294555664,27253,27253,0,-27.79984474182129,host_receive_nearest,verified,1,0,863,1790001064.6393929,1790001179.3859,,,,,,1,,,,,,,,,,,,,,,,,,,,V4,B,0,1790001179.386,1790001179.4353929,27253,,,,,,,,,,
eb5c0404-e341-4837-899e-9642b6e498a2,condition_prompt_end,1790001184.4311001,114.072,28519,1,1,,1,G08,B,bbbd_subtraction,condition_prompt_end,0,,0.0,0.0,,,,,,,"{""client_event_id"":""eb5c0404-e341-4837-899e-9642b6e498a2"",""recorder_run_id"":""4f31ef37-4b28-414b-891c-fd15b33e84f7"",""client_id"":""cabcb684-47f5-4be9-90ff-5df78d11e560"",""client_timestamp"":1790001184.4324,""client_monotonic_ms"":134639.5,""event_timestamp"":1790001184.4311001,""clock_offset_sec"":-0.0008072853088378906,""clock_round_trip_ms"":6.799936294555664,""subject_id"":""sub-008"",""session_id"":""ses-001"",""block_id"":""Block 1"",""counterbalance_group"":""G08"",""block_order"":""Block 1"",""condition"":""B"",""condition_type"":""bbbd_subtraction"",""topic_key"":""V4"",""topic_name"":""中国古代最大的歼灭战 长平之战"",""event_type"":""condition_prompt_end"",""iso_time"":""2026-09-21T14:33:04.432Z"",""relative_ms"":5114,""video_time_sec"":0}",4f31ef37-4b28-414b-891c-fd15b33e84f7,sub-008,ses-001,eb5c0404-e341-4837-899e-9642b6e498a2,cabcb684-47f5-4be9-90ff-5df78d11e560,1790001184.4823928,1790001184.4324,134639.5,cabcb684-47f5-4be9-90ff-5df78d11e560,browser_calibrated,-0.0008072853088378906,6.799936294555664,28518,28518,0,-10.707378387451172,host_receive_nearest,verified,1,0,,,,,,,,,1,,,,,,,,,,,,,,,,,,,,V4,B,0,1790001184.4324,1790001184.4823928,28518,,,,,,,,,,
655b6cc4-956a-445a-a057-c669d051ce9b,video_start,1790001184.4311001,114.072,28534,1,1,,1,G08,B,bbbd_subtraction,video_start,V4,,0.0,0.0,,,,,,,,4f31ef37-4b28-414b-891c-fd15b33e84f7,sub-008,ses-001,655b6cc4-956a-445a-a057-c669d051ce9b,cabcb684-47f5-4be9-90ff-5df78d11e560,1790001184.5143929,1790001184.4428,134649.79999998212,cabcb684-47f5-4be9-90ff-5df78d11e560,browser_calibrated,-0.0008072853088378906,6.799936294555664,28518,28518,0,-10.707378387451172,host_receive_nearest,verified,1,1,,,,,,,,,1,,,,,,,,,,,,,,,,,,,,V4,B,0,1790001184.4428,1790001184.5143929,28518,,,,,,,,,,
655b6cc4-956a-445a-a057-c669d051ce9b,video_play,1790001184.4311001,114.072,28534,1,1,,1,G08,B,bbbd_subtraction,video_play,0,,0.0,0.0,,,,,,,"{""client_event_id"":""655b6cc4-956a-445a-a057-c669d051ce9b"",""recorder_run_id"":""4f31ef37-4b28-414b-891c-fd15b33e84f7"",""client_id"":""cabcb684-47f5-4be9-90ff-5df78d11e560"",""client_timestamp"":1790001184.4428,""client_monotonic_ms"":134649.79999998212,""event_timestamp"":1790001184.4311001,""clock_offset_sec"":-0.0008072853088378906,""clock_round_trip_ms"":6.799936294555664,""subject_id"":""sub-008"",""session_id"":""ses-001"",""block_id"":""Block 1"",""counterbalance_group"":""G08"",""block_order"":""Block 1"",""condition"":""B"",""condition_type"":""bbbd_subtraction"",""topic_key"":""V4"",""topic_name"":""中国古代最大的歼灭战 长平之战"",""event_type"":""video_play"",""iso_time"":""2026-09-21T14:33:04.442Z"",""relative_ms"":5124,""video_time_sec"":0}",4f31ef37-4b28-414b-891c-fd15b33e84f7,sub-008,ses-001,655b6cc4-956a-445a-a057-c669d051ce9b,cabcb684-47f5-4be9-90ff-5df78d11e560,1790001184.5143929,1790001184.4428,134649.79999998212,cabcb684-47f5-4be9-90ff-5df78d11e560,browser_calibrated,-0.0008072853088378906,6.799936294555664,28518,28518,0,-10.707378387451172,host_receive_nearest,verified,1,1,,,,,,,,,1,,,,,,,,,,,,,,,,,,,,V4,B,0,1790001184.4428,1790001184.5143929,28518,,,,,,,,,,
f7b89bb0-6154-4c61-80e9-6e427daa054b,subtraction_start_number_hidden,1790001184.4311001,114.072,28544,1,1,,1,G08,B,bbbd_subtraction,subtraction_start_number_hidden,863,,0.0,0.0,,,,,,,"{""client_event_id"":""f7b89bb0-6154-4c61-80e9-6e427daa054b"",""recorder_run_id"":""4f31ef37-4b28-414b-891c-fd15b33e84f7"",""client_id"":""cabcb684-47f5-4be9-90ff-5df78d11e560"",""client_timestamp"":1790001184.461,""client_monotonic_ms"":134668,""event_timestamp"":1790001184.4311001,""clock_offset_sec"":-0.0008072853088378906,""clock_round_trip_ms"":6.799936294555664,""subject_id"":""sub-008"",""session_id"":""ses-001"",""block_id"":""Block 1"",""counterbalance_group"":""G08"",""block_order"":""Block 1"",""condition"":""B"",""condition_type"":""bbbd_subtraction"",""topic_key"":""V4"",""topic_name"":""中国古代最大的歼灭战 长平之战"",""event_type"":""subtraction_start_number_hidden"",""iso_time"":""2026-09-21T14:33:04.461Z"",""relative_ms"":5142,""video_time_sec"":0,""start_number"":863,""generated_timestamp"":1790001064.6393929,""displayed_timestamp"":1790001179.3859,""hidden_timestamp"":1790001184.4311001}",4f31ef37-4b28-414b-891c-fd15b33e84f7,sub-008,ses-001,f7b89bb0-6154-4c61-80e9-6e427daa054b,cabcb684-47f5-4be9-90ff-5df78d11e560,1790001184.529393,1790001184.461,134668,cabcb684-47f5-4be9-90ff-5df78d11e560,browser_calibrated,-0.0008072853088378906,6.799936294555664,28518,28518,0,-10.707378387451172,host_receive_nearest,verified,1,0,863,1790001064.6393929,1790001179.3859,1790001184.4311001,,,,,1,,,,,,,,,,,,,,,,,,,,V4,B,0,1790001184.461,1790001184.529393,28518,,,,,,,,,,
a71938d0-19a8-4997-ab05-34c2dfc1ce95,probe_onset,1790001275.122393,204.732,51193,1,1,,1,G08,B,bbbd_subtraction,probe_onset,Block 1_1_a31e712b,,0.0,0.0,,,,,,,"{""client_event_id"":""a71938d0-19a8-4997-ab05-34c2dfc1ce95"",""recorder_run_id"":""4f31ef37-4b28-414b-891c-fd15b33e84f7"",""client_id"":""cabcb684-47f5-4be9-90ff-5df78d11e560"",""client_timestamp"":1790001275.131,""client_monotonic_ms"":225338,""event_timestamp"":1790001275.122393,""clock_offset_sec"":-0.008607149124145508,""clock_round_trip_ms"":6.999969482421875,""subject_id"":""sub-008"",""session_id"":""ses-001"",""block_id"":""Block 1"",""counterbalance_group"":""G08"",""block_order"":""Block 1"",""condition"":""B"",""condition_type"":""bbbd_subtraction"",""topic_key"":""V4"",""topic_name"":""中国古代最大的歼灭战 长平之战"",""event_type"":""probe_onset"",""iso_time"":""2026-09-21T14:34:35.131Z"",""relative_ms"":95812,""video_time_sec"":90.641,""probe_id"":""Block 1_1_a31e712b"",""probe_index"":1,""probe_schedule_id"":""a31e712b-2e24-45d9-a4f5-83cb8e923224"",""probe_planned_time_sec"":90.472,""video_id"":""V4"",""pause_reason"":""thought_probe"",""forced"":false}",4f31ef37-4b28-414b-891c-fd15b33e84f7,sub-008,ses-001,a71938d0-19a8-4997-ab05-34c2dfc1ce95,cabcb684-47f5-4be9-90ff-5df78d11e560,1790001275.1233928,1790001275.131,225338,cabcb684-47f5-4be9-90ff-5df78d11e560,browser_calibrated,-0.008607149124145508,6.999969482421875,51183,51183,0,0.9999275207519531,host_receive_nearest,verified,1,1,,,,,,,,,1,,,,,,,,,,,,,,,,,,,,V4,B,90.641,1790001275.131,1790001275.1233928,51183,Block 1_1_a31e712b,1,a31e712b-2e24-45d9-a4f5-83cb8e923224,90.472,,,,,,thought_probe
660a1c62-5ac0-40fd-88f9-ea1d2f570170,attention_response,1790001280.0580928,209.688,52423,1,1,,1,G08,B,bbbd_subtraction,attention_response,3,,0.0,0.0,,,,,,,"{""client_event_id"":""660a1c62-5ac0-40fd-88f9-ea1d2f570170"",""recorder_run_id"":""4f31ef37-4b28-414b-891c-fd15b33e84f7"",""client_id"":""cabcb684-47f5-4be9-90ff-5df78d11e560"",""client_timestamp"":1790001280.0667,""client_monotonic_ms"":230273.69999998808,""event_timestamp"":1790001280.0580928,""clock_offset_sec"":-0.008607149124145508,""clock_round_trip_ms"":6.999969482421875,""subject_id"":""sub-008"",""session_id"":""ses-001"",""block_id"":""Block 1"",""counterbalance_group"":""G08"",""block_order"":""Block 1"",""condition"":""B"",""condition_type"":""bbbd_subtraction"",""topic_key"":""V4"",""topic_name"":""中国古代最大的歼灭战 长平之战"",""event_type"":""attention_response"",""iso_time"":""2026-09-21T14:34:40.066Z"",""relative_ms"":100748,""video_time_sec"":90.641,""probe_id"":""Block 1_1_a31e712b"",""probe_index"":1,""probe_schedule_id"":""a31e712b-2e24-45d9-a4f5-83cb8e923224"",""probe_planned_time_sec"":90.472,""video_id"":""V4"",""response"":3,""response_label"":""其他与课程无关的事情"",""probe_attention"":""OFF"",""response_time_ms"":4936}",4f31ef37-4b28-414b-891c-fd15b33e84f7,sub-008,ses-001,660a1c62-5ac0-40fd-88f9-ea1d2f570170,cabcb684-47f5-4be9-90ff-5df78d11e560,1790001280.0603929,1790001280.0667,230273.69999998808,cabcb684-47f5-4be9-90ff-5df78d11e560,browser_calibrated,-0.008607149124145508,6.999969482421875,52422,52422,0,-12.700080871582031,host_receive_nearest,verified,1,1,,,,,,,,,1,,,,,,,,,,,,,,,,,,,,V4,B,90.641,1790001280.0667,1790001280.076393,52422,Block 1_1_a31e712b,1,a31e712b-2e24-45d9-a4f5-83cb8e923224,90.472,3,其他与课程无关的事情,4936,,OFF,
1652e7a8-ff0b-4188-83dd-8ef21c998231,confidence_response,1790001286.1047928,215.712,53938,1,1,,1,G08,B,bbbd_subtraction,confidence_response,2,,0.0,0.0,,,,,,,"{""client_event_id"":""1652e7a8-ff0b-4188-83dd-8ef21c998231"",""recorder_run_id"":""4f31ef37-4b28-414b-891c-fd15b33e84f7"",""client_id"":""cabcb684-47f5-4be9-90ff-5df78d11e560"",""client_timestamp"":1790001286.1134,""client_monotonic_ms"":236320.5,""event_timestamp"":1790001286.1047928,""clock_offset_sec"":-0.008607149124145508,""clock_round_trip_ms"":6.999969482421875,""subject_id"":""sub-008"",""session_id"":""ses-001"",""block_id"":""Block 1"",""counterbalance_group"":""G08"",""block_order"":""Block 1"",""condition"":""B"",""condition_type"":""bbbd_subtraction"",""topic_key"":""V4"",""topic_name"":""中国古代最大的歼灭战 长平之战"",""event_type"":""confidence_response"",""iso_time"":""2026-09-21T14:34:46.113Z"",""relative_ms"":106795,""video_time_sec"":90.641,""probe_id"":""Block 1_1_a31e712b"",""probe_index"":1,""probe_schedule_id"":""a31e712b-2e24-45d9-a4f5-83cb8e923224"",""probe_planned_time_sec"":90.472,""video_id"":""V4"",""response"":3,""confidence"":2,""response_time_ms"":6047}",4f31ef37-4b28-414b-891c-fd15b33e84f7,sub-008,ses-001,1652e7a8-ff0b-4188-83dd-8ef21c998231,cabcb684-47f5-4be9-90ff-5df78d11e560,1790001286.1073928,1790001286.1134,236320.5,cabcb684-47f5-4be9-90ff-5df78d11e560,browser_calibrated,-0.008607149124145508,6.999969482421875,53928,53928,0,2.599954605102539,host_receive_nearest,verified,1,1,,,,,,,,,1,,,,,,,,,,,,,,,,,,,,V4,B,90.641,1790001286.1134,1790001286.1233928,53928,Block 1_1_a31e712b,1,a31e712b-2e24-45d9-a4f5-83cb8e923224,90.472,,,6047,2,,
157299ad-feee-4dde-a181-a1d7a6f4aafc,phase_change,1790001286.1187928,215.752,53943,1,1,,1,G08,B,bbbd_subtraction,phase_change,video,,0.0,0.0,,,,,,,,4f31ef37-4b28-414b-891c-fd15b33e84f7,sub-008,ses-001,157299ad-feee-4dde-a181-a1d7a6f4aafc,cabcb684-47f5-4be9-90ff-5df78d11e560,1790001286.154393,1790001286.1274,236334.5,cabcb684-47f5-4be9-90ff-5df78d11e560,browser_calibrated,-0.008607149124145508,6.999969482421875,53938,53938,0,4.600048065185547,host_receive_nearest,verified,1,1,,,,,,,,,1,,,,,,,,,,,,,,,,,,,,V4,B,90.714,1790001286.1274,1790001286.154393,53938,,,,,,,,,,
157299ad-feee-4dde-a181-a1d7a6f4aafc,video_resume,1790001286.1187928,215.752,53943,1,1,,1,G08,B,bbbd_subtraction,video_resume,90.714,,0.0,0.0,,,,,,,"{""client_event_id"":""157299ad-feee-4dde-a181-a1d7a6f4aafc"",""recorder_run_id"":""4f31ef37-4b28-414b-891c-fd15b33e84f7"",""client_id"":""cabcb684-47f5-4be9-90ff-5df78d11e560"",""client_timestamp"":1790001286.1274,""client_monotonic_ms"":236334.5,""event_timestamp"":1790001286.1187928,""clock_offset_sec"":-0.008607149124145508,""clock_round_trip_ms"":6.999969482421875,""subject_id"":""sub-008"",""session_id"":""ses-001"",""block_id"":""Block 1"",""counterbalance_group"":""G08"",""block_order"":""Block 1"",""condition"":""B"",""condition_type"":""bbbd_subtraction"",""topic_key"":""V4"",""topic_name"":""中国古代最大的歼灭战 长平之战"",""event_type"":""video_resume"",""iso_time"":""2026-09-21T14:34:46.127Z"",""relative_ms"":106809,""video_time_sec"":90.714,""probe_id"":""Block 1_1_a31e712b"",""probe_index"":1,""probe_schedule_id"":""a31e712b-2e24-45d9-a4f5-83cb8e923224"",""probe_planned_time_sec"":90.472,""video_id"":""V4"",""pause_reason"":""thought_probe"",""resume_status"":""playing""}",4f31ef37-4b28-414b-891c-fd15b33e84f7,sub-008,ses-001,157299ad-feee-4dde-a181-a1d7a6f4aafc,cabcb684-47f5-4be9-90ff-5df78d11e560,1790001286.154393,1790001286.1274,236334.5,cabcb684-47f5-4be9-90ff-5df78d11e560,browser_calibrated,-0.008607149124145508,6.999969482421875,53938,53938,0,4.600048065185547,host_receive_nearest,verified,1,1,,,,,,,,,1,,,,,,,,,,,,,,,,,,,,V4,B,90.714,1790001286.1274,1790001286.154393,53938,Block 1_1_a31e712b,,,,,,,,,thought_probe
873f7b7f-1198-4581-a4d0-e16fab29a1fc,probe_onset,1790001338.7861428,268.408,67103,1,1,,1,G08,B,bbbd_subtraction,probe_onset,Block 1_2_a31e712b,,0.0,0.0,,,,,,,"{""client_event_id"":""873f7b7f-1198-4581-a4d0-e16fab29a1fc"",""recorder_run_id"":""4f31ef37-4b28-414b-891c-fd15b33e84f7"",""client_id"":""cabcb684-47f5-4be9-90ff-5df78d11e560"",""client_timestamp"":1790001338.8007,""client_monotonic_ms"":289007.7999999821,""event_timestamp"":1790001338.7861428,""clock_offset_sec"":-0.014557123184204102,""clock_round_trip_ms"":6.699800491333008,""subject_id"":""sub-008"",""session_id"":""ses-001"",""block_id"":""Block 1"",""counterbalance_group"":""G08"",""block_order"":""Block 1"",""condition"":""B"",""condition_type"":""bbbd_subtraction"",""topic_key"":""V4"",""topic_name"":""中国古代最大的歼灭战 长平之战"",""event_type"":""probe_onset"",""iso_time"":""2026-09-21T14:35:38.800Z"",""relative_ms"":159482,""video_time_sec"":143.355,""probe_id"":""Block 1_2_a31e712b"",""probe_index"":2,""probe_schedule_id"":""a31e712b-2e24-45d9-a4f5-83cb8e923224"",""probe_planned_time_sec"":143.119,""video_id"":""V4"",""pause_reason"":""thought_probe"",""forced"":false}",4f31ef37-4b28-414b-891c-fd15b33e84f7,sub-008,ses-001,873f7b7f-1198-4581-a4d0-e16fab29a1fc,cabcb684-47f5-4be9-90ff-5df78d11e560,1790001338.7953928,1790001338.8007,289007.7999999821,cabcb684-47f5-4be9-90ff-5df78d11e560,browser_calibrated,-0.014557123184204102,6.699800491333008,67102,67102,0,-37.7500057220459,host_receive_nearest,verified,1,1,,,,,,,,,1,,,,,,,,,,,,,,,,,,,,V4,B,143.355,1790001338.8007,1790001338.7953928,67102,Block 1_2_a31e712b,2,a31e712b-2e24-45d9-a4f5-83cb8e923224,143.119,,,,,,thought_probe
45ac4f05-23b9-4cd2-8397-b37cc90de9b0,attention_response,1790001345.389643,275.028,68758,1,1,,1,G08,B,bbbd_subtraction,attention_response,4,,0.0,0.0,,,,,,,"{""client_event_id"":""45ac4f05-23b9-4cd2-8397-b37cc90de9b0"",""recorder_run_id"":""4f31ef37-4b28-414b-891c-fd15b33e84f7"",""client_id"":""cabcb684-47f5-4be9-90ff-5df78d11e560"",""client_timestamp"":1790001345.3971999,""client_monotonic_ms"":295604.2999999821,""event_timestamp"":1790001345.389643,""clock_offset_sec"":-0.007556915283203125,""clock_round_trip_ms"":6.90007209777832,""subject_id"":""sub-008"",""session_id"":""ses-001"",""block_id"":""Block 1"",""counterbalance_group"":""G08"",""block_order"":""Block 1"",""condition"":""B"",""condition_type"":""bbbd_subtraction"",""topic_key"":""V4"",""topic_name"":""中国古代最大的歼灭战 长平之战"",""event_type"":""attention_response"",""iso_time"":""2026-09-21T14:35:45.397Z"",""relative_ms"":166079,""video_time_sec"":143.355,""probe_id"":""Block 1_2_a31e712b"",""probe_index"":2,""probe_schedule_id"":""a31e712b-2e24-45d9-a4f5-83cb8e923224"",""probe_planned_time_sec"":143.119,""video_id"":""V4"",""response"":4,""response_label"":""放空/不确定刚才在想什么"",""probe_attention"":""AMBIGUOUS"",""response_time_ms"":6597}",4f31ef37-4b28-414b-891c-fd15b33e84f7,sub-008,ses-001,45ac4f05-23b9-4cd2-8397-b37cc90de9b0,cabcb684-47f5-4be9-90ff-5df78d11e560,1790001345.404393,1790001345.3971999,295604.2999999821,cabcb684-47f5-4be9-90ff-5df78d11e560,browser_calibrated,-0.007556915283203125,6.90007209777832,68757,68757,0,-16.250133514404297,host_receive_nearest,verified,1,1,,,,,,,,,1,,,,,,,,,,,,,,,,,,,,V4,B,143.355,1790001345.3971999,1790001345.404393,68757,Block 1_2_a31e712b,2,a31e712b-2e24-45d9-a4f5-83cb8e923224,143.119,4,放空/不确定刚才在想什么,6597,,AMBIGUOUS,
1a5b84f2-fa75-4eff-92f0-071d69d62ab9,confidence_response,1790001348.190943,277.828,69458,1,1,,1,G08,B,bbbd_subtraction,confidence_response,4,,0.0,0.0,,,,,,,"{""client_event_id"":""1a5b84f2-fa75-4eff-92f0-071d69d62ab9"",""recorder_run_id"":""4f31ef37-4b28-414b-891c-fd15b33e84f7"",""client_id"":""cabcb684-47f5-4be9-90ff-5df78d11e560"",""client_timestamp"":1790001348.1985,""client_monotonic_ms"":298405.5,""event_timestamp"":1790001348.190943,""clock_offset_sec"":-0.007556915283203125,""clock_round_trip_ms"":6.90007209777832,""subject_id"":""sub-008"",""session_id"":""ses-001"",""block_id"":""Block 1"",""counterbalance_group"":""G08"",""block_order"":""Block 1"",""condition"":""B"",""condition_type"":""bbbd_subtraction"",""topic_key"":""V4"",""topic_name"":""中国古代最大的歼灭战 长平之战"",""event_type"":""confidence_response"",""iso_time"":""2026-09-21T14:35:48.198Z"",""relative_ms"":168880,""video_time_sec"":143.355,""probe_id"":""Block 1_2_a31e712b"",""probe_index"":2,""probe_schedule_id"":""a31e712b-2e24-45d9-a4f5-83cb8e923224"",""probe_planned_time_sec"":143.119,""video_id"":""V4"",""response"":4,""confidence"":4,""response_time_ms"":2801}",4f31ef37-4b28-414b-891c-fd15b33e84f7,sub-008,ses-001,1a5b84f2-fa75-4eff-92f0-071d69d62ab9,cabcb684-47f5-4be9-90ff-5df78d11e560,1790001348.201393,1790001348.1985,298405.5,cabcb684-47f5-4be9-90ff-5df78d11e560,browser_calibrated,-0.007556915283203125,6.90007209777832,69457,69457,0,-20.550251007080078,host_receive_nearest,verified,1,1,,,,,,,,,1,,,,,,,,,,,,,,,,,,,,V4,B,143.355,1790001348.1985,1790001348.201393,69457,Block 1_2_a31e712b,2,a31e712b-2e24-45d9-a4f5-83cb8e923224,143.119,,,2801,4,,
7ded2237-08cf-4785-8880-7a93a08b9198,phase_change,1790001348.201343,277.832,69473,1,1,,1,G08,B,bbbd_subtraction,phase_change,video,,0.0,0.0,,,,,,,,4f31ef37-4b28-414b-891c-fd15b33e84f7,sub-008,ses-001,7ded2237-08cf-4785-8880-7a93a08b9198,cabcb684-47f5-4be9-90ff-5df78d11e560,1790001348.2323928,1790001348.2089,298416,cabcb684-47f5-4be9-90ff-5df78d11e560,browser_calibrated,-0.007556915283203125,6.90007209777832,69458,69458,0,16.049861907958984,host_receive_nearest,verified,1,1,,,,,,,,,1,,,,,,,,,,,,,,,,,,,,V4,B,143.421,1790001348.2089,1790001348.2323928,69458,,,,,,,,,,
7ded2237-08cf-4785-8880-7a93a08b9198,video_resume,1790001348.201343,277.832,69473,1,1,,1,G08,B,bbbd_subtraction,video_resume,143.421,,0.0,0.0,,,,,,,"{""client_event_id"":""7ded2237-08cf-4785-8880-7a93a08b9198"",""recorder_run_id"":""4f31ef37-4b28-414b-891c-fd15b33e84f7"",""client_id"":""cabcb684-47f5-4be9-90ff-5df78d11e560"",""client_timestamp"":1790001348.2089,""client_monotonic_ms"":298416,""event_timestamp"":1790001348.201343,""clock_offset_sec"":-0.007556915283203125,""clock_round_trip_ms"":6.90007209777832,""subject_id"":""sub-008"",""session_id"":""ses-001"",""block_id"":""Block 1"",""counterbalance_group"":""G08"",""block_order"":""Block 1"",""condition"":""B"",""condition_type"":""bbbd_subtraction"",""topic_key"":""V4"",""topic_name"":""中国古代最大的歼灭战 长平之战"",""event_type"":""video_resume"",""iso_time"":""2026-09-21T14:35:48.209Z"",""relative_ms"":168890,""video_time_sec"":143.421,""probe_id"":""Block 1_2_a31e712b"",""probe_index"":2,""probe_schedule_id"":""a31e712b-2e24-45d9-a4f5-83cb8e923224"",""probe_planned_time_sec"":143.119,""video_id"":""V4"",""pause_reason"":""thought_probe"",""resume_status"":""playing""}",4f31ef37-4b28-414b-891c-fd15b33e84f7,sub-008,ses-001,7ded2237-08cf-4785-8880-7a93a08b9198,cabcb684-47f5-4be9-90ff-5df78d11e560,1790001348.2323928,1790001348.2089,298416,cabcb684-47f5-4be9-90ff-5df78d11e560,browser_calibrated,-0.007556915283203125,6.90007209777832,69458,69458,0,16.049861907958984,host_receive_nearest,verified,1,1,,,,,,,,,1,,,,,,,,,,,,,,,,,,,,V4,B,143.421,1790001348.2089,1790001348.2323928,69458,Block 1_2_a31e712b,,,,,,,,,thought_probe
212decf7-fb4b-4f94-8903-2552136fc524,probe_onset,1790001402.7599926,332.388,83098,1,1,,1,G08,B,bbbd_subtraction,probe_onset,Block 1_3_a31e712b,,0.0,0.0,,,,,,,"{""client_event_id"":""212decf7-fb4b-4f94-8903-2552136fc524"",""recorder_run_id"":""4f31ef37-4b28-414b-891c-fd15b33e84f7"",""client_id"":""cabcb684-47f5-4be9-90ff-5df78d11e560"",""client_timestamp"":1790001402.7677,""client_monotonic_ms"":352974.6999999881,""event_timestamp"":1790001402.7599926,""clock_offset_sec"":-0.007707357406616211,""clock_round_trip_ms"":6.999969482421875,""subject_id"":""sub-008"",""session_id"":""ses-001"",""block_id"":""Block 1"",""counterbalance_group"":""G08"",""block_order"":""Block 1"",""condition"":""B"",""condition_type"":""bbbd_subtraction"",""topic_key"":""V4"",""topic_name"":""中国古代最大的歼灭战 长平之战"",""event_type"":""probe_onset"",""iso_time"":""2026-09-21T14:36:42.767Z"",""relative_ms"":223449,""video_time_sec"":197.931,""probe_id"":""Block 1_3_a31e712b"",""probe_index"":3,""probe_schedule_id"":""a31e712b-2e24-45d9-a4f5-83cb8e923224"",""probe_planned_time_sec"":197.771,""video_id"":""V4"",""pause_reason"":""thought_probe"",""forced"":false}",4f31ef37-4b28-414b-891c-fd15b33e84f7,sub-008,ses-001,212decf7-fb4b-4f94-8903-2552136fc524,cabcb684-47f5-4be9-90ff-5df78d11e560,1790001402.7643929,1790001402.7677,352974.6999999881,cabcb684-47f5-4be9-90ff-5df78d11e560,browser_calibrated,-0.007707357406616211,6.999969482421875,83097,83097,0,-11.59977912902832,host_receive_nearest,verified,1,1,,,,,,,,,1,,,,,,,,,,,,,,,,,,,,V4,B,197.931,1790001402.7677,1790001402.7643929,83097,Block 1_3_a31e712b,3,a31e712b-2e24-45d9-a4f5-83cb8e923224,197.771,,,,,,thought_probe
14086be3-fd26-4e62-9799-7a716a5f9646,attention_response,1790001406.0064926,335.632,83918,1,1,,1,G08,B,bbbd_subtraction,attention_response,3,,0.0,0.0,,,,,,,"{""client_event_id"":""14086be3-fd26-4e62-9799-7a716a5f9646"",""recorder_run_id"":""4f31ef37-4b28-414b-891c-fd15b33e84f7"",""client_id"":""cabcb684-47f5-4be9-90ff-5df78d11e560"",""client_timestamp"":1790001406.0142,""client_monotonic_ms"":356221.2999999821,""event_timestamp"":1790001406.0064926,""clock_offset_sec"":-0.007707357406616211,""clock_round_trip_ms"":6.999969482421875,""subject_id"":""sub-008"",""session_id"":""ses-001"",""block_id"":""Block 1"",""counterbalance_group"":""G08"",""block_order"":""Block 1"",""condition"":""B"",""condition_type"":""bbbd_subtraction"",""topic_key"":""V4"",""topic_name"":""中国古代最大的歼灭战 长平之战"",""event_type"":""attention_response"",""iso_time"":""2026-09-21T14:36:46.014Z"",""relative_ms"":226695,""video_time_sec"":197.931,""probe_id"":""Block 1_3_a31e712b"",""probe_index"":3,""probe_schedule_id"":""a31e712b-2e24-45d9-a4f5-83cb8e923224"",""probe_planned_time_sec"":197.771,""video_id"":""V4"",""response"":3,""response_label"":""其他与课程无关的事情"",""probe_attention"":""OFF"",""response_time_ms"":3247}",4f31ef37-4b28-414b-891c-fd15b33e84f7,sub-008,ses-001,14086be3-fd26-4e62-9799-7a716a5f9646,cabcb684-47f5-4be9-90ff-5df78d11e560,1790001406.0143929,1790001406.0142,356221.2999999821,cabcb684-47f5-4be9-90ff-5df78d11e560,browser_calibrated,-0.007707357406616211,6.999969482421875,83908,83908,0,7.900238037109375,host_receive_nearest,verified,1,1,,,,,,,,,1,,,,,,,,,,,,,,,,,,,,V4,B,197.931,1790001406.0142,1790001406.029393,83908,Block 1_3_a31e712b,3,a31e712b-2e24-45d9-a4f5-83cb8e923224,197.771,3,其他与课程无关的事情,3247,,OFF,
b337bc5e-f365-46e2-b3fd-e63cf5481a79,confidence_response,1790001407.5050926,337.132,84293,1,1,,1,G08,B,bbbd_subtraction,confidence_response,2,,0.0,0.0,,,,,,,"{""client_event_id"":""b337bc5e-f365-46e2-b3fd-e63cf5481a79"",""recorder_run_id"":""4f31ef37-4b28-414b-891c-fd15b33e84f7"",""client_id"":""cabcb684-47f5-4be9-90ff-5df78d11e560"",""client_timestamp"":1790001407.5128,""client_monotonic_ms"":357719.7999999821,""event_timestamp"":1790001407.5050926,""clock_offset_sec"":-0.007707357406616211,""clock_round_trip_ms"":6.999969482421875,""subject_id"":""sub-008"",""session_id"":""ses-001"",""block_id"":""Block 1"",""counterbalance_group"":""G08"",""block_order"":""Block 1"",""condition"":""B"",""condition_type"":""bbbd_subtraction"",""topic_key"":""V4"",""topic_name"":""中国古代最大的歼灭战 长平之战"",""event_type"":""confidence_response"",""iso_time"":""2026-09-21T14:36:47.512Z"",""relative_ms"":228194,""video_time_sec"":197.931,""probe_id"":""Block 1_3_a31e712b"",""probe_index"":3,""probe_schedule_id"":""a31e712b-2e24-45d9-a4f5-83cb8e923224"",""probe_planned_time_sec"":197.771,""video_id"":""V4"",""response"":3,""confidence"":2,""response_time_ms"":1499}",4f31ef37-4b28-414b-891c-fd15b33e84f7,sub-008,ses-001,b337bc5e-f365-46e2-b3fd-e63cf5481a79,cabcb684-47f5-4be9-90ff-5df78d11e560,1790001407.5143929,1790001407.5128,357719.7999999821,cabcb684-47f5-4be9-90ff-5df78d11e560,browser_calibrated,-0.007707357406616211,6.999969482421875,84283,84283,0,9.30023193359375,host_receive_nearest,verified,1,1,,,,,,,,,1,,,,,,,,,,,,,,,,,,,,V4,B,197.931,1790001407.5128,1790001407.529393,84283,Block 1_3_a31e712b,3,a31e712b-2e24-45d9-a4f5-83cb8e923224,197.771,,,1499,2,,
f873e48b-bcc4-4a96-b15b-9c14fd4e517e,phase_change,1790001407.5159926,337.168,84298,1,1,,1,G08,B,bbbd_subtraction,phase_change,video,,0.0,0.0,,,,,,,,4f31ef37-4b28-414b-891c-fd15b33e84f7,sub-008,ses-001,f873e48b-bcc4-4a96-b15b-9c14fd4e517e,cabcb684-47f5-4be9-90ff-5df78d11e560,1790001407.5603929,1790001407.5237,357730.6999999881,cabcb684-47f5-4be9-90ff-5df78d11e560,browser_calibrated,-0.007707357406616211,6.999969482421875,84292,84292,0,-1.5997886657714844,host_receive_nearest,verified,1,1,,,,,,,,,1,,,,,,,,,,,,,,,,,,,,V4,B,198.008,1790001407.5237,1790001407.5603929,84292,,,,,,,,,,
f873e48b-bcc4-4a96-b15b-9c14fd4e517e,video_resume,1790001407.5159926,337.168,84298,1,1,,1,G08,B,bbbd_subtraction,video_resume,198.008,,0.0,0.0,,,,,,,"{""client_event_id"":""f873e48b-bcc4-4a96-b15b-9c14fd4e517e"",""recorder_run_id"":""4f31ef37-4b28-414b-891c-fd15b33e84f7"",""client_id"":""cabcb684-47f5-4be9-90ff-5df78d11e560"",""client_timestamp"":1790001407.5237,""client_monotonic_ms"":357730.6999999881,""event_timestamp"":1790001407.5159926,""clock_offset_sec"":-0.007707357406616211,""clock_round_trip_ms"":6.999969482421875,""subject_id"":""sub-008"",""session_id"":""ses-001"",""block_id"":""Block 1"",""counterbalance_group"":""G08"",""block_order"":""Block 1"",""condition"":""B"",""condition_type"":""bbbd_subtraction"",""topic_key"":""V4"",""topic_name"":""中国古代最大的歼灭战 长平之战"",""event_type"":""video_resume"",""iso_time"":""2026-09-21T14:36:47.523Z"",""relative_ms"":228205,""video_time_sec"":198.008,""probe_id"":""Block 1_3_a31e712b"",""probe_index"":3,""probe_schedule_id"":""a31e712b-2e24-45d9-a4f5-83cb8e923224"",""probe_planned_time_sec"":197.771,""video_id"":""V4"",""pause_reason"":""thought_probe"",""resume_status"":""playing""}",4f31ef37-4b28-414b-891c-fd15b33e84f7,sub-008,ses-001,f873e48b-bcc4-4a96-b15b-9c14fd4e517e,cabcb684-47f5-4be9-90ff-5df78d11e560,1790001407.5603929,1790001407.5237,357730.6999999881,cabcb684-47f5-4be9-90ff-5df78d11e560,browser_calibrated,-0.007707357406616211,6.999969482421875,84292,84292,0,-1.5997886657714844,host_receive_nearest,verified,1,1,,,,,,,,,1,,,,,,,,,,,,,,,,,,,,V4,B,198.008,1790001407.5237,1790001407.5603929,84292,Block 1_3_a31e712b,,,,,,,,,thought_probe
e2fb1da6-3003-4089-a9ed-1d9541ddbf91,probe_onset,1790001481.4368927,411.084,102772,1,1,,1,G08,B,bbbd_subtraction,probe_onset,Block 1_4_a31e712b,,0.0,0.0,,,,,,,"{""client_event_id"":""e2fb1da6-3003-4089-a9ed-1d9541ddbf91"",""recorder_run_id"":""4f31ef37-4b28-414b-891c-fd15b33e84f7"",""client_id"":""cabcb684-47f5-4be9-90ff-5df78d11e560"",""client_timestamp"":1790001481.4459,""client_monotonic_ms"":431652.90000000596,""event_timestamp"":1790001481.4368927,""clock_offset_sec"":-0.00900721549987793,""clock_round_trip_ms"":6.599903106689453,""subject_id"":""sub-008"",""session_id"":""ses-001"",""block_id"":""Block 1"",""counterbalance_group"":""G08"",""block_order"":""Block 1"",""condition"":""B"",""condition_type"":""bbbd_subtraction"",""topic_key"":""V4"",""topic_name"":""中国古代最大的歼灭战 长平之战"",""event_type"":""probe_onset"",""iso_time"":""2026-09-21T14:38:01.446Z"",""relative_ms"":302127,""video_time_sec"":271.883,""probe_id"":""Block 1_4_a31e712b"",""probe_index"":4,""probe_schedule_id"":""a31e712b-2e24-45d9-a4f5-83cb8e923224"",""probe_planned_time_sec"":271.709,""video_id"":""V4"",""pause_reason"":""thought_probe"",""forced"":false}",4f31ef37-4b28-414b-891c-fd15b33e84f7,sub-008,ses-001,e2fb1da6-3003-4089-a9ed-1d9541ddbf91,cabcb684-47f5-4be9-90ff-5df78d11e560,1790001481.451393,1790001481.4459,431652.90000000596,cabcb684-47f5-4be9-90ff-5df78d11e560,browser_calibrated,-0.00900721549987793,6.599903106689453,102771,102771,0,-1.4998912811279297,host_receive_nearest,verified,1,1,,,,,,,,,1,,,,,,,,,,,,,,,,,,,,V4,B,271.883,1790001481.4459,1790001481.451393,102771,Block 1_4_a31e712b,4,a31e712b-2e24-45d9-a4f5-83cb8e923224,271.709,,,,,,thought_probe
4c6a65c3-28b7-4e6e-8c39-814a62d81309,attention_response,1790001483.4798927,413.124,103282,1,1,,1,G08,B,bbbd_subtraction,attention_response,1,,0.0,0.0,,,,,,,"{""client_event_id"":""4c6a65c3-28b7-4e6e-8c39-814a62d81309"",""recorder_run_id"":""4f31ef37-4b28-414b-891c-fd15b33e84f7"",""client_id"":""cabcb684-47f5-4be9-90ff-5df78d11e560"",""client_timestamp"":1790001483.4889,""client_monotonic_ms"":433695.90000000596,""event_timestamp"":1790001483.4798927,""clock_offset_sec"":-0.00900721549987793,""clock_round_trip_ms"":6.599903106689453,""subject_id"":""sub-008"",""session_id"":""ses-001"",""block_id"":""Block 1"",""counterbalance_group"":""G08"",""block_order"":""Block 1"",""condition"":""B"",""condition_type"":""bbbd_subtraction"",""topic_key"":""V4"",""topic_name"":""中国古代最大的歼灭战 长平之战"",""event_type"":""attention_response"",""iso_time"":""2026-09-21T14:38:03.488Z"",""relative_ms"":304170,""video_time_sec"":271.883,""probe_id"":""Block 1_4_a31e712b"",""probe_index"":4,""probe_schedule_id"":""a31e712b-2e24-45d9-a4f5-83cb8e923224"",""probe_planned_time_sec"":271.709,""video_id"":""V4"",""response"":1,""response_label"":""课程内容"",""probe_attention"":""ON"",""response_time_ms"":2043}",4f31ef37-4b28-414b-891c-fd15b33e84f7,sub-008,ses-001,4c6a65c3-28b7-4e6e-8c39-814a62d81309,cabcb684-47f5-4be9-90ff-5df78d11e560,1790001483.4823928,1790001483.4889,433695.90000000596,cabcb684-47f5-4be9-90ff-5df78d11e560,browser_calibrated,-0.00900721549987793,6.599903106689453,103281,103281,0,-12.499809265136719,host_receive_nearest,verified,1,1,,,,,,,,,1,,,,,,,,,,,,,,,,,,,,V4,B,271.883,1790001483.4889,1790001483.4983928,103281,Block 1_4_a31e712b,4,a31e712b-2e24-45d9-a4f5-83cb8e923224,271.709,1,课程内容,2043,,ON,
6a7ac515-e0c1-4c50-8539-c768eb7dc5ab,confidence_response,1790001484.9311926,414.564,103642,1,1,,1,G08,B,bbbd_subtraction,confidence_response,3,,0.0,0.0,,,,,,,"{""client_event_id"":""6a7ac515-e0c1-4c50-8539-c768eb7dc5ab"",""recorder_run_id"":""4f31ef37-4b28-414b-891c-fd15b33e84f7"",""client_id"":""cabcb684-47f5-4be9-90ff-5df78d11e560"",""client_timestamp"":1790001484.9401999,""client_monotonic_ms"":435147.2999999821,""event_timestamp"":1790001484.9311926,""clock_offset_sec"":-0.00900721549987793,""clock_round_trip_ms"":6.599903106689453,""subject_id"":""sub-008"",""session_id"":""ses-001"",""block_id"":""Block 1"",""counterbalance_group"":""G08"",""block_order"":""Block 1"",""condition"":""B"",""condition_type"":""bbbd_subtraction"",""topic_key"":""V4"",""topic_name"":""中国古代最大的歼灭战 长平之战"",""event_type"":""confidence_response"",""iso_time"":""2026-09-21T14:38:04.940Z"",""relative_ms"":305622,""video_time_sec"":271.883,""probe_id"":""Block 1_4_a31e712b"",""probe_index"":4,""probe_schedule_id"":""a31e712b-2e24-45d9-a4f5-83cb8e923224"",""probe_planned_time_sec"":271.709,""video_id"":""V4"",""response"":1,""confidence"":3,""response_time_ms"":1451}",4f31ef37-4b28-414b-891c-fd15b33e84f7,sub-008,ses-001,6a7ac515-e0c1-4c50-8539-c768eb7dc5ab,cabcb684-47f5-4be9-90ff-5df78d11e560,1790001484.9353929,1790001484.9401999,435147.2999999821,cabcb684-47f5-4be9-90ff-5df78d11e560,browser_calibrated,-0.00900721549987793,6.599903106689453,103641,103641,0,-10.799884796142578,host_receive_nearest,verified,1,1,,,,,,,,,1,,,,,,,,,,,,,,,,,,,,V4,B,271.883,1790001484.9401999,1790001484.951393,103641,Block 1_4_a31e712b,4,a31e712b-2e24-45d9-a4f5-83cb8e923224,271.709,,,1451,3,,
f4290a60-a1a6-4f56-9eec-aa10829bb394,phase_change,1790001484.9431927,414.568,103657,1,1,,1,G08,B,bbbd_subtraction,phase_change,video,,0.0,0.0,,,,,,,,4f31ef37-4b28-414b-891c-fd15b33e84f7,sub-008,ses-001,f4290a60-a1a6-4f56-9eec-aa10829bb394,cabcb684-47f5-4be9-90ff-5df78d11e560,1790001484.9823928,1790001484.9522,435159.2999999821,cabcb684-47f5-4be9-90ff-5df78d11e560,browser_calibrated,-0.00900721549987793,6.599903106689453,103642,103642,0,8.20016860961914,host_receive_nearest,verified,1,1,,,,,,,,,1,,,,,,,,,,,,,,,,,,,,V4,B,271.929,1790001484.9522,1790001484.9823928,103642,,,,,,,,,,
f4290a60-a1a6-4f56-9eec-aa10829bb394,video_resume,1790001484.9431927,414.568,103657,1,1,,1,G08,B,bbbd_subtraction,video_resume,271.929,,0.0,0.0,,,,,,,"{""client_event_id"":""f4290a60-a1a6-4f56-9eec-aa10829bb394"",""recorder_run_id"":""4f31ef37-4b28-414b-891c-fd15b33e84f7"",""client_id"":""cabcb684-47f5-4be9-90ff-5df78d11e560"",""client_timestamp"":1790001484.9522,""client_monotonic_ms"":435159.2999999821,""event_timestamp"":1790001484.9431927,""clock_offset_sec"":-0.00900721549987793,""clock_round_trip_ms"":6.599903106689453,""subject_id"":""sub-008"",""session_id"":""ses-001"",""block_id"":""Block 1"",""counterbalance_group"":""G08"",""block_order"":""Block 1"",""condition"":""B"",""condition_type"":""bbbd_subtraction"",""topic_key"":""V4"",""topic_name"":""中国古代最大的歼灭战 长平之战"",""event_type"":""video_resume"",""iso_time"":""2026-09-21T14:38:04.952Z"",""relative_ms"":305633,""video_time_sec"":271.929,""probe_id"":""Block 1_4_a31e712b"",""probe_index"":4,""probe_schedule_id"":""a31e712b-2e24-45d9-a4f5-83cb8e923224"",""probe_planned_time_sec"":271.709,""video_id"":""V4"",""pause_reason"":""thought_probe"",""resume_status"":""playing""}",4f31ef37-4b28-414b-891c-fd15b33e84f7,sub-008,ses-001,f4290a60-a1a6-4f56-9eec-aa10829bb394,cabcb684-47f5-4be9-90ff-5df78d11e560,1790001484.9823928,1790001484.9522,435159.2999999821,cabcb684-47f5-4be9-90ff-5df78d11e560,browser_calibrated,-0.00900721549987793,6.599903106689453,103642,103642,0,8.20016860961914,host_receive_nearest,verified,1,1,,,,,,,,,1,,,,,,,,,,,,,,,,,,,,V4,B,271.929,1790001484.9522,1790001484.9823928,103642,Block 1_4_a31e712b,,,,,,,,,thought_probe
a5853f04-988f-4070-a07e-ac8cadb7d3c7,video_end,1790001526.898543,456.524,114132,1,1,,1,G08,B,bbbd_subtraction,video_end,V4,,0.0,0.0,,,,,,,,4f31ef37-4b28-414b-891c-fd15b33e84f7,sub-008,ses-001,a5853f04-988f-4070-a07e-ac8cadb7d3c7,cabcb684-47f5-4be9-90ff-5df78d11e560,1790001526.9353929,1790001526.9066,477113.59999999404,cabcb684-47f5-4be9-90ff-5df78d11e560,browser_calibrated,-0.008057117462158203,7.100105285644531,114131,114131,0,-9.150028228759766,host_receive_nearest,verified,1,1,,,,,,,,,1,,,,,,,,,,,,,,,,,,,,V4,B,313.818,1790001526.9066,1790001526.9353929,114131,,,,,,,,,,
a5853f04-988f-4070-a07e-ac8cadb7d3c7,browser_video_ended,1790001526.898543,456.524,114132,1,1,,1,G08,B,bbbd_subtraction,browser_video_ended,,,0.0,0.0,,,,,,,"{""client_event_id"":""a5853f04-988f-4070-a07e-ac8cadb7d3c7"",""recorder_run_id"":""4f31ef37-4b28-414b-891c-fd15b33e84f7"",""client_id"":""cabcb684-47f5-4be9-90ff-5df78d11e560"",""client_timestamp"":1790001526.9066,""client_monotonic_ms"":477113.59999999404,""event_timestamp"":1790001526.898543,""clock_offset_sec"":-0.008057117462158203,""clock_round_trip_ms"":7.100105285644531,""subject_id"":""sub-008"",""session_id"":""ses-001"",""block_id"":""Block 1"",""counterbalance_group"":""G08"",""block_order"":""Block 1"",""condition"":""B"",""condition_type"":""bbbd_subtraction"",""topic_key"":""V4"",""topic_name"":""中国古代最大的歼灭战 长平之战"",""event_type"":""video_ended"",""iso_time"":""2026-09-21T14:38:46.906Z"",""relative_ms"":347588,""video_time_sec"":313.818}",4f31ef37-4b28-414b-891c-fd15b33e84f7,sub-008,ses-001,a5853f04-988f-4070-a07e-ac8cadb7d3c7,cabcb684-47f5-4be9-90ff-5df78d11e560,1790001526.9353929,1790001526.9066,477113.59999999404,cabcb684-47f5-4be9-90ff-5df78d11e560,browser_calibrated,-0.008057117462158203,7.100105285644531,114131,114131,0,-9.150028228759766,host_receive_nearest,verified,1,1,,,,,,,,,1,,,,,,,,,,,,,,,,,,,,V4,B,313.818,1790001526.9066,1790001526.9353929,114131,,,,,,,,,,
bf7da704-f3bc-4667-9dee-d791456aaaf9,browser_block_end,1790001526.914743,456.528,114157,1,1,,1,G08,B,bbbd_subtraction,browser_block_end,视频自然播放结束,,0.0,0.0,,,,,,,"{""client_event_id"":""bf7da704-f3bc-4667-9dee-d791456aaaf9"",""recorder_run_id"":""4f31ef37-4b28-414b-891c-fd15b33e84f7"",""client_id"":""cabcb684-47f5-4be9-90ff-5df78d11e560"",""client_timestamp"":1790001526.9228,""client_monotonic_ms"":477129.7999999821,""event_timestamp"":1790001526.914743,""clock_offset_sec"":-0.008057117462158203,""clock_round_trip_ms"":7.100105285644531,""subject_id"":""sub-008"",""session_id"":""ses-001"",""block_id"":""Block 1"",""counterbalance_group"":""G08"",""block_order"":""Block 1"",""condition"":""B"",""condition_type"":""bbbd_subtraction"",""topic_key"":""V4"",""topic_name"":""中国古代最大的歼灭战 长平之战"",""event_type"":""block_end"",""iso_time"":""2026-09-21T14:38:46.922Z"",""relative_ms"":347604,""video_time_sec"":313.818,""reason"":""视频自然播放结束""}",4f31ef37-4b28-414b-891c-fd15b33e84f7,sub-008,ses-001,bf7da704-f3bc-4667-9dee-d791456aaaf9,cabcb684-47f5-4be9-90ff-5df78d11e560,1790001526.9983928,1790001526.9228,477129.7999999821,cabcb684-47f5-4be9-90ff-5df78d11e560,browser_calibrated,-0.008057117462158203,7.100105285644531,114132,114132,0,20.64990997314453,host_receive_nearest,verified,1,1,,,,,,,,,1,,,,,,,,,,,,,,,,,,,,V4,B,313.818,1790001526.9228,1790001526.9983928,114132,,,,,,,,,,
0a733e13-4ffb-4f9b-bda6-57d6f81760b1,rating_start,1790001526.9234428,456.528,114162,1,1,,1,G08,B,bbbd_subtraction,rating_start,,,0.0,0.0,,,,,,,"{""client_event_id"":""0a733e13-4ffb-4f9b-bda6-57d6f81760b1"",""recorder_run_id"":""4f31ef37-4b28-414b-891c-fd15b33e84f7"",""client_id"":""cabcb684-47f5-4be9-90ff-5df78d11e560"",""client_timestamp"":1790001526.9315,""client_monotonic_ms"":477138.59999999404,""event_timestamp"":1790001526.9234428,""clock_offset_sec"":-0.008057117462158203,""clock_round_trip_ms"":7.100105285644531,""subject_id"":""sub-008"",""session_id"":""ses-001"",""block_id"":""Block 1"",""counterbalance_group"":""G08"",""block_order"":""Block 1"",""condition"":""B"",""condition_type"":""bbbd_subtraction"",""topic_key"":""V4"",""topic_name"":""中国古代最大的歼灭战 长平之战"",""event_type"":""rating_start"",""iso_time"":""2026-09-21T14:38:46.931Z"",""relative_ms"":347613,""video_time_sec"":313.818}",4f31ef37-4b28-414b-891c-fd15b33e84f7,sub-008,ses-001,0a733e13-4ffb-4f9b-bda6-57d6f81760b1,cabcb684-47f5-4be9-90ff-5df78d11e560,1790001527.029393,1790001526.9315,477138.59999999404,cabcb684-47f5-4be9-90ff-5df78d11e560,browser_calibrated,-0.008057117462158203,7.100105285644531,114132,114132,0,11.950016021728516,host_receive_nearest,verified,1,1,,,,,,,,,1,,,,,,,,,,,,,,,,,,,,V4,B,313.818,1790001526.9315,1790001527.029393,114132,,,,,,,,,,
6f8dfd33-2ed2-4fb3-97a9-560d8f479d68,rating_item_response,1790001532.7019928,462.344,115587,1,1,,1,G08,B,bbbd_subtraction,rating_item_response,3,,0.0,0.0,,,,,,,"{""client_event_id"":""6f8dfd33-2ed2-4fb3-97a9-560d8f479d68"",""recorder_run_id"":""4f31ef37-4b28-414b-891c-fd15b33e84f7"",""client_id"":""cabcb684-47f5-4be9-90ff-5df78d11e560"",""client_timestamp"":1790001532.7061,""client_monotonic_ms"":482913.1999999881,""event_timestamp"":1790001532.7019928,""clock_offset_sec"":-0.004107236862182617,""clock_round_trip_ms"":6.999969482421875,""subject_id"":""sub-008"",""session_id"":""ses-001"",""block_id"":""Block 1"",""counterbalance_group"":""G08"",""block_order"":""Block 1"",""condition"":""B"",""condition_type"":""bbbd_subtraction"",""topic_key"":""V4"",""topic_name"":""中国古代最大的歼灭战 长平之战"",""event_type"":""rating_item_response"",""iso_time"":""2026-09-21T14:38:52.706Z"",""relative_ms"":353387,""video_time_sec"":313.818,""rating_item"":""course_attention_rating"",""rating_value"":""3"",""response_time_ms"":5775}",4f31ef37-4b28-414b-891c-fd15b33e84f7,sub-008,ses-001,6f8dfd33-2ed2-4fb3-97a9-560d8f479d68,cabcb684-47f5-4be9-90ff-5df78d11e560,1790001532.717393,1790001532.7061,482913.1999999881,cabcb684-47f5-4be9-90ff-5df78d11e560,browser_calibrated,-0.004107236862182617,6.999969482421875,115586,115586,0,-0.5998611450195312,host_receive_nearest,verified,1,1,,,,,,,,,1,,,,,,,,,,,,,course_attention_rating,3,,,,,,V4,B,313.818,1790001532.7061,1790001532.717393,115586,,,,,,,5775,,,
d81c3ea4-9133-4c6e-a9bf-09555f2f6935,rating_item_response,1790001535.3061929,464.928,116242,1,1,,1,G08,B,bbbd_subtraction,rating_item_response,4,,0.0,0.0,,,,,,,"{""client_event_id"":""d81c3ea4-9133-4c6e-a9bf-09555f2f6935"",""recorder_run_id"":""4f31ef37-4b28-414b-891c-fd15b33e84f7"",""client_id"":""cabcb684-47f5-4be9-90ff-5df78d11e560"",""client_timestamp"":1790001535.3103,""client_monotonic_ms"":485517.2999999821,""event_timestamp"":1790001535.3061929,""clock_offset_sec"":-0.004107236862182617,""clock_round_trip_ms"":6.999969482421875,""subject_id"":""sub-008"",""session_id"":""ses-001"",""block_id"":""Block 1"",""counterbalance_group"":""G08"",""block_order"":""Block 1"",""condition"":""B"",""condition_type"":""bbbd_subtraction"",""topic_key"":""V4"",""topic_name"":""中国古代最大的歼灭战 长平之战"",""event_type"":""rating_item_response"",""iso_time"":""2026-09-21T14:38:55.310Z"",""relative_ms"":355992,""video_time_sec"":313.818,""rating_item"":""mental_effort"",""rating_value"":""4"",""response_time_ms"":8379}",4f31ef37-4b28-414b-891c-fd15b33e84f7,sub-008,ses-001,d81c3ea4-9133-4c6e-a9bf-09555f2f6935,cabcb684-47f5-4be9-90ff-5df78d11e560,1790001535.326393,1790001535.3103,485517.2999999821,cabcb684-47f5-4be9-90ff-5df78d11e560,browser_calibrated,-0.004107236862182617,6.999969482421875,116232,116232,0,4.199981689453125,host_receive_nearest,verified,1,1,,,,,,,,,1,,,,,,,,,,,,,mental_effort,4,,,,,,V4,B,313.818,1790001535.3103,1790001535.326393,116232,,,,,,,8379,,,
0394e3a2-f768-4be0-9608-c824e50e5092,rating_item_response,1790001537.1789927,466.824,116707,1,1,,1,G08,B,bbbd_subtraction,rating_item_response,5,,0.0,0.0,,,,,,,"{""client_event_id"":""0394e3a2-f768-4be0-9608-c824e50e5092"",""recorder_run_id"":""4f31ef37-4b28-414b-891c-fd15b33e84f7"",""client_id"":""cabcb684-47f5-4be9-90ff-5df78d11e560"",""client_timestamp"":1790001537.1831,""client_monotonic_ms"":487390.09999999404,""event_timestamp"":1790001537.1789927,""clock_offset_sec"":-0.004107236862182617,""clock_round_trip_ms"":6.999969482421875,""subject_id"":""sub-008"",""session_id"":""ses-001"",""block_id"":""Block 1"",""counterbalance_group"":""G08"",""block_order"":""Block 1"",""condition"":""B"",""condition_type"":""bbbd_subtraction"",""topic_key"":""V4"",""topic_name"":""中国古代最大的歼灭战 长平之战"",""event_type"":""rating_item_response"",""iso_time"":""2026-09-21T14:38:57.183Z"",""relative_ms"":357864,""video_time_sec"":313.818,""rating_item"":""mental_effort"",""rating_value"":""5"",""response_time_ms"":10252}",4f31ef37-4b28-414b-891c-fd15b33e84f7,sub-008,ses-001,0394e3a2-f768-4be0-9608-c824e50e5092,cabcb684-47f5-4be9-90ff-5df78d11e560,1790001537.201393,1790001537.1831,487390.09999999404,cabcb684-47f5-4be9-90ff-5df78d11e560,browser_calibrated,-0.004107236862182617,6.999969482421875,116706,116706,0,-8.599996566772461,host_receive_nearest,verified,1,1,,,,,,,,,1,,,,,,,,,,,,,mental_effort,5,,,,,,V4,B,313.818,1790001537.1831,1790001537.201393,116706,,,,,,,10252,,,
fdf817d9-111b-4360-9f38-811953fd84d7,rating_item_response,1790001539.042693,468.684,117172,1,1,,1,G08,B,bbbd_subtraction,rating_item_response,6,,0.0,0.0,,,,,,,"{""client_event_id"":""fdf817d9-111b-4360-9f38-811953fd84d7"",""recorder_run_id"":""4f31ef37-4b28-414b-891c-fd15b33e84f7"",""client_id"":""cabcb684-47f5-4be9-90ff-5df78d11e560"",""client_timestamp"":1790001539.0468001,""client_monotonic_ms"":489253.7999999821,""event_timestamp"":1790001539.042693,""clock_offset_sec"":-0.004107236862182617,""clock_round_trip_ms"":6.999969482421875,""subject_id"":""sub-008"",""session_id"":""ses-001"",""block_id"":""Block 1"",""counterbalance_group"":""G08"",""block_order"":""Block 1"",""condition"":""B"",""condition_type"":""bbbd_subtraction"",""topic_key"":""V4"",""topic_name"":""中国古代最大的歼灭战 长平之战"",""event_type"":""rating_item_response"",""iso_time"":""2026-09-21T14:38:59.046Z"",""relative_ms"":359728,""video_time_sec"":313.818,""rating_item"":""mental_effort"",""rating_value"":""6"",""response_time_ms"":12115}",4f31ef37-4b28-414b-891c-fd15b33e84f7,sub-008,ses-001,fdf817d9-111b-4360-9f38-811953fd84d7,cabcb684-47f5-4be9-90ff-5df78d11e560,1790001539.0603929,1790001539.0468001,489253.7999999821,cabcb684-47f5-4be9-90ff-5df78d11e560,browser_calibrated,-0.004107236862182617,6.999969482421875,117171,117171,0,-13.299942016601562,host_receive_nearest,verified,1,1,,,,,,,,,1,,,,,,,,,,,,,mental_effort,6,,,,,,V4,B,313.818,1790001539.0468001,1790001539.0603929,117171,,,,,,,12115,,,
e979cdf0-7f1c-4878-b381-c7c97d3d6e3e,rating_item_response,1790001541.054493,470.684,117672,1,1,,1,G08,B,bbbd_subtraction,rating_item_response,2,,0.0,0.0,,,,,,,"{""client_event_id"":""e979cdf0-7f1c-4878-b381-c7c97d3d6e3e"",""recorder_run_id"":""4f31ef37-4b28-414b-891c-fd15b33e84f7"",""client_id"":""cabcb684-47f5-4be9-90ff-5df78d11e560"",""client_timestamp"":1790001541.0586002,""client_monotonic_ms"":491265.59999999404,""event_timestamp"":1790001541.054493,""clock_offset_sec"":-0.004107236862182617,""clock_round_trip_ms"":6.999969482421875,""subject_id"":""sub-008"",""session_id"":""ses-001"",""block_id"":""Block 1"",""counterbalance_group"":""G08"",""block_order"":""Block 1"",""condition"":""B"",""condition_type"":""bbbd_subtraction"",""topic_key"":""V4"",""topic_name"":""中国古代最大的歼灭战 长平之战"",""event_type"":""rating_item_response"",""iso_time"":""2026-09-21T14:39:01.058Z"",""relative_ms"":361740,""video_time_sec"":313.818,""rating_item"":""video_interest"",""rating_value"":""2"",""response_time_ms"":14127}",4f31ef37-4b28-414b-891c-fd15b33e84f7,sub-008,ses-001,e979cdf0-7f1c-4878-b381-c7c97d3d6e3e,cabcb684-47f5-4be9-90ff-5df78d11e560,1790001541.076393,1790001541.0586002,491265.59999999404,cabcb684-47f5-4be9-90ff-5df78d11e560,browser_calibrated,-0.004107236862182617,6.999969482421875,117671,117671,0,-9.100198745727539,host_receive_nearest,verified,1,1,,,,,,,,,1,,,,,,,,,,,,,video_interest,2,,,,,,V4,B,313.818,1790001541.0586002,1790001541.076393,117671,,,,,,,14127,,,
cdf11119-3116-4c7b-8781-e77781b66a3f,rating_item_response,1790001544.6327927,474.268,118572,1,1,,1,G08,B,bbbd_subtraction,rating_item_response,1,,0.0,0.0,,,,,,,"{""client_event_id"":""cdf11119-3116-4c7b-8781-e77781b66a3f"",""recorder_run_id"":""4f31ef37-4b28-414b-891c-fd15b33e84f7"",""client_id"":""cabcb684-47f5-4be9-90ff-5df78d11e560"",""client_timestamp"":1790001544.6369,""client_monotonic_ms"":494843.90000000596,""event_timestamp"":1790001544.6327927,""clock_offset_sec"":-0.004107236862182617,""clock_round_trip_ms"":6.999969482421875,""subject_id"":""sub-008"",""session_id"":""ses-001"",""block_id"":""Block 1"",""counterbalance_group"":""G08"",""block_order"":""Block 1"",""condition"":""B"",""condition_type"":""bbbd_subtraction"",""topic_key"":""V4"",""topic_name"":""中国古代最大的歼灭战 长平之战"",""event_type"":""rating_item_response"",""iso_time"":""2026-09-21T14:39:04.636Z"",""relative_ms"":365318,""video_time_sec"":313.818,""rating_item"":""video_difficulty"",""rating_value"":""1"",""response_time_ms"":17705}",4f31ef37-4b28-414b-891c-fd15b33e84f7,sub-008,ses-001,cdf11119-3116-4c7b-8781-e77781b66a3f,cabcb684-47f5-4be9-90ff-5df78d11e560,1790001544.654393,1790001544.6369,494843.90000000596,cabcb684-47f5-4be9-90ff-5df78d11e560,browser_calibrated,-0.004107236862182617,6.999969482421875,118567,118567,0,6.600141525268555,host_receive_nearest,verified,1,1,,,,,,,,,1,,,,,,,,,,,,,video_difficulty,1,,,,,,V4,B,313.818,1790001544.6369,1790001544.654393,118567,,,,,,,17705,,,
5fba7d84-bd4f-4bf4-8f65-4b0d20b11136,rating_item_response,1790001548.0132926,477.644,119412,1,1,,1,G08,B,bbbd_subtraction,rating_item_response,30-40%,,0.0,0.0,,,,,,,"{""client_event_id"":""5fba7d84-bd4f-4bf4-8f65-4b0d20b11136"",""recorder_run_id"":""4f31ef37-4b28-414b-891c-fd15b33e84f7"",""client_id"":""cabcb684-47f5-4be9-90ff-5df78d11e560"",""client_timestamp"":1790001548.0173998,""client_monotonic_ms"":498224.5,""event_timestamp"":1790001548.0132926,""clock_offset_sec"":-0.004107236862182617,""clock_round_trip_ms"":6.999969482421875,""subject_id"":""sub-008"",""session_id"":""ses-001"",""block_id"":""Block 1"",""counterbalance_group"":""G08"",""block_order"":""Block 1"",""condition"":""B"",""condition_type"":""bbbd_subtraction"",""topic_key"":""V4"",""topic_name"":""中国古代最大的歼灭战 长平之战"",""event_type"":""rating_item_response"",""iso_time"":""2026-09-21T14:39:08.017Z"",""relative_ms"":368699,""video_time_sec"":313.818,""rating_item"":""subtraction_compliance"",""rating_value"":""30-40%"",""response_time_ms"":21086}",4f31ef37-4b28-414b-891c-fd15b33e84f7,sub-008,ses-001,5fba7d84-bd4f-4bf4-8f65-4b0d20b11136,cabcb684-47f5-4be9-90ff-5df78d11e560,1790001548.029393,1790001548.0173998,498224.5,cabcb684-47f5-4be9-90ff-5df78d11e560,browser_calibrated,-0.004107236862182617,6.999969482421875,119411,119411,0,-14.899730682373047,host_receive_nearest,verified,1,1,,,,,,,,,1,,,,,,,,,,,,,subtraction_compliance,30-40%,,,,,,V4,B,313.818,1790001548.0173998,1790001548.029393,119411,,,,,,,21086,,,
88e88da8-4b3f-4fd0-a083-cd1349a19903,rating_item_response,1790001550.5671928,480.168,120057,1,1,,1,G08,B,bbbd_subtraction,rating_item_response,1,,0.0,0.0,,,,,,,"{""client_event_id"":""88e88da8-4b3f-4fd0-a083-cd1349a19903"",""recorder_run_id"":""4f31ef37-4b28-414b-891c-fd15b33e84f7"",""client_id"":""cabcb684-47f5-4be9-90ff-5df78d11e560"",""client_timestamp"":1790001550.5713,""client_monotonic_ms"":500778.2999999821,""event_timestamp"":1790001550.5671928,""clock_offset_sec"":-0.004107236862182617,""clock_round_trip_ms"":6.999969482421875,""subject_id"":""sub-008"",""session_id"":""ses-001"",""block_id"":""Block 1"",""counterbalance_group"":""G08"",""block_order"":""Block 1"",""condition"":""B"",""condition_type"":""bbbd_subtraction"",""topic_key"":""V4"",""topic_name"":""中国古代最大的歼灭战 长平之战"",""event_type"":""rating_item_response"",""iso_time"":""2026-09-21T14:39:10.571Z"",""relative_ms"":371252,""video_time_sec"":313.818,""rating_item"":""subtraction_difficulty"",""rating_value"":""1"",""response_time_ms"":23640}",4f31ef37-4b28-414b-891c-fd15b33e84f7,sub-008,ses-001,88e88da8-4b3f-4fd0-a083-cd1349a19903,cabcb684-47f5-4be9-90ff-5df78d11e560,1790001550.592393,1790001550.5713,500778.2999999821,cabcb684-47f5-4be9-90ff-5df78d11e560,browser_calibrated,-0.004107236862182617,6.999969482421875,120042,120042,0,9.200096130371094,host_receive_nearest,verified,1,1,,,,,,,,,1,,,,,,,,,,,,,subtraction_difficulty,1,,,,,,V4,B,313.818,1790001550.5713,1790001550.592393,120042,,,,,,,23640,,,
286e87f6-3a6a-467b-8b26-af3c4424e6d3,rating_item_response,1790001558.6175928,488.244,122062,1,1,,1,G08,B,bbbd_subtraction,rating_item_response,51,,0.0,0.0,,,,,,,"{""client_event_id"":""286e87f6-3a6a-467b-8b26-af3c4424e6d3"",""recorder_run_id"":""4f31ef37-4b28-414b-891c-fd15b33e84f7"",""client_id"":""cabcb684-47f5-4be9-90ff-5df78d11e560"",""client_timestamp"":1790001558.6217,""client_monotonic_ms"":508828.6999999881,""event_timestamp"":1790001558.6175928,""clock_offset_sec"":-0.004107236862182617,""clock_round_trip_ms"":6.999969482421875,""subject_id"":""sub-008"",""session_id"":""ses-001"",""block_id"":""Block 1"",""counterbalance_group"":""G08"",""block_order"":""Block 1"",""condition"":""B"",""condition_type"":""bbbd_subtraction"",""topic_key"":""V4"",""topic_name"":""中国古代最大的歼灭战 长平之战"",""event_type"":""rating_item_response"",""iso_time"":""2026-09-21T14:39:18.621Z"",""relative_ms"":379303,""video_time_sec"":313.818,""rating_item"":""reported_final_number"",""rating_value"":""51"",""response_time_ms"":31690}",4f31ef37-4b28-414b-891c-fd15b33e84f7,sub-008,ses-001,286e87f6-3a6a-467b-8b26-af3c4424e6d3,cabcb684-47f5-4be9-90ff-5df78d11e560,1790001558.6233928,1790001558.6217,508828.6999999881,cabcb684-47f5-4be9-90ff-5df78d11e560,browser_calibrated,-0.004107236862182617,6.999969482421875,122061,122061,0,-25.19989013671875,host_receive_nearest,verified,1,1,,,,,,,,,1,,,,,,,,,,,,,reported_final_number,51,,,,,,V4,B,313.818,1790001558.6217,1790001558.6233928,122061,,,,,,,31690,,,
86ab0d06-81b3-4126-a839-9f58cd7b2724,rating_end,1790001558.7736928,488.388,122107,1,1,,1,G08,B,bbbd_subtraction,rating_end,,31.846,0.0,0.0,,,,,,,"{""client_event_id"":""86ab0d06-81b3-4126-a839-9f58cd7b2724"",""recorder_run_id"":""4f31ef37-4b28-414b-891c-fd15b33e84f7"",""client_id"":""cabcb684-47f5-4be9-90ff-5df78d11e560"",""client_timestamp"":1790001558.7778,""client_monotonic_ms"":508984.7999999821,""event_timestamp"":1790001558.7736928,""clock_offset_sec"":-0.004107236862182617,""clock_round_trip_ms"":6.999969482421875,""subject_id"":""sub-008"",""session_id"":""ses-001"",""block_id"":""Block 1"",""counterbalance_group"":""G08"",""block_order"":""Block 1"",""condition"":""B"",""condition_type"":""bbbd_subtraction"",""topic_key"":""V4"",""topic_name"":""中国古代最大的歼灭战 长平之战"",""event_type"":""rating_end"",""iso_time"":""2026-09-21T14:39:18.777Z"",""relative_ms"":379459,""video_time_sec"":313.818,""video_id"":""V4"",""course_attention_rating"":3,""mental_effort"":6,""video_interest"":2,""video_difficulty"":1,""subtraction_compliance"":""30-40%"",""subtraction_difficulty"":1,""reported_final_number"":51,""duration_sec"":31.846,""submitted_iso"":""2026-09-21T14:39:18.777Z"",""submitted_relative_ms"":379459}",4f31ef37-4b28-414b-891c-fd15b33e84f7,sub-008,ses-001,86ab0d06-81b3-4126-a839-9f58cd7b2724,cabcb684-47f5-4be9-90ff-5df78d11e560,1790001558.779393,1790001558.7778,508984.7999999821,cabcb684-47f5-4be9-90ff-5df78d11e560,browser_calibrated,-0.004107236862182617,6.999969482421875,122097,122097,0,5.700111389160156,host_receive_nearest,verified,1,1,,,,,,,,,1,,,,3,6,2,1,30-40%,30,40,1,51,,,,,,,,V4,B,313.818,1790001558.7778,1790001558.779393,122097,,,,,,,,,,
cb5e5f5e-02cb-4b6f-8e81-658efc895b90,quiz_start,1790001558.7836928,488.424,122112,1,1,,1,G08,B,bbbd_subtraction,quiz_start,,,0.0,0.0,,,,,,,"{""client_event_id"":""cb5e5f5e-02cb-4b6f-8e81-658efc895b90"",""recorder_run_id"":""4f31ef37-4b28-414b-891c-fd15b33e84f7"",""client_id"":""cabcb684-47f5-4be9-90ff-5df78d11e560"",""client_timestamp"":1790001558.7878,""client_monotonic_ms"":508994.7999999821,""event_timestamp"":1790001558.7836928,""clock_offset_sec"":-0.004107236862182617,""clock_round_trip_ms"":6.999969482421875,""subject_id"":""sub-008"",""session_id"":""ses-001"",""block_id"":""Block 1"",""counterbalance_group"":""G08"",""block_order"":""Block 1"",""condition"":""B"",""condition_type"":""bbbd_subtraction"",""topic_key"":""V4"",""topic_name"":""中国古代最大的歼灭战 长平之战"",""event_type"":""quiz_start"",""iso_time"":""2026-09-21T14:39:18.787Z"",""relative_ms"":379469,""video_time_sec"":313.818}",4f31ef37-4b28-414b-891c-fd15b33e84f7,sub-008,ses-001,cb5e5f5e-02cb-4b6f-8e81-658efc895b90,cabcb684-47f5-4be9-90ff-5df78d11e560,1790001558.8573928,1790001558.7878,508994.7999999821,cabcb684-47f5-4be9-90ff-5df78d11e560,browser_calibrated,-0.004107236862182617,6.999969482421875,122106,122106,0,-4.29987907409668,host_receive_nearest,verified,1,1,,,,,,,,,1,,,,,,,,,,,,,,,,,,,,V4,B,313.818,1790001558.7878,1790001558.8573928,122106,,,,,,,,,,
cc2b13f8-bc87-45f6-84ff-5ea0de6b2303,quiz_item_response,1790001648.6098428,578.22,144556,1,1,,1,G08,B,bbbd_subtraction,quiz_item_response,长平之战发生在哪两个国家之间？,,0.0,0.0,,V4Q1,B,B,True,43469,"{""client_event_id"":""cc2b13f8-bc87-45f6-84ff-5ea0de6b2303"",""recorder_run_id"":""4f31ef37-4b28-414b-891c-fd15b33e84f7"",""client_id"":""cabcb684-47f5-4be9-90ff-5df78d11e560"",""client_timestamp"":1790001648.6232,""client_monotonic_ms"":598830.1999999881,""event_timestamp"":1790001648.6098428,""clock_offset_sec"":-0.013357162475585938,""clock_round_trip_ms"":7.500171661376953,""subject_id"":""sub-008"",""session_id"":""ses-001"",""block_id"":""Block 1"",""counterbalance_group"":""G08"",""block_order"":""Block 1"",""condition"":""B"",""condition_type"":""bbbd_subtraction"",""topic_key"":""V4"",""topic_name"":""中国古代最大的歼灭战 长平之战"",""event_type"":""quiz_item_response"",""iso_time"":""2026-09-21T14:40:48.623Z"",""relative_ms"":469304,""video_time_sec"":313.818,""video_id"":""V4"",""question_id"":""V4Q1"",""question_text"":""长平之战发生在哪两个国家之间？"",""response_index"":1,""response_letter"":""B"",""response_text"":""秦与赵"",""correct_index"":1,""correct_letter"":""B"",""correct_text"":""秦与赵"",""is_correct"":true,""reaction_time_ms"":43469,""submitted_iso"":""2026-09-21T14:40:48.623Z"",""submitted_relative_ms"":469304}",4f31ef37-4b28-414b-891c-fd15b33e84f7,sub-008,ses-001,cc2b13f8-bc87-45f6-84ff-5ea0de6b2303,cabcb684-47f5-4be9-90ff-5df78d11e560,1790001648.6233928,1790001648.6232,598830.1999999881,cabcb684-47f5-4be9-90ff-5df78d11e560,browser_calibrated,-0.013357162475585938,7.500171661376953,144555,144555,0,-33.44988822937012,host_receive_nearest,verified,1,1,,,,,,,,,1,,,,,,,,,,,,,,,,,长平之战发生在哪两个国家之间？,1,秦与赵,V4,B,313.818,1790001648.6232,1790001648.6233928,144555,,,,,,,,,,
2b7a4d05-9684-49f5-b952-e7a8c29a2b02,quiz_item_response,1790001648.6211429,578.224,144591,1,1,,1,G08,B,bbbd_subtraction,quiz_item_response,长平之战中，赵国最初的将领是谁？,,0.0,0.0,,V4Q2,A,A,True,65234,"{""client_event_id"":""2b7a4d05-9684-49f5-b952-e7a8c29a2b02"",""recorder_run_id"":""4f31ef37-4b28-414b-891c-fd15b33e84f7"",""client_id"":""cabcb684-47f5-4be9-90ff-5df78d11e560"",""client_timestamp"":1790001648.6345,""client_monotonic_ms"":598841.599999994,""event_timestamp"":1790001648.6211429,""clock_offset_sec"":-0.013357162475585938,""clock_round_trip_ms"":7.500171661376953,""subject_id"":""sub-008"",""session_id"":""ses-001"",""block_id"":""Block 1"",""counterbalance_group"":""G08"",""block_order"":""Block 1"",""condition"":""B"",""condition_type"":""bbbd_subtraction"",""topic_key"":""V4"",""topic_name"":""中国古代最大的歼灭战 长平之战"",""event_type"":""quiz_item_response"",""iso_time"":""2026-09-21T14:40:48.634Z"",""relative_ms"":469316,""video_time_sec"":313.818,""video_id"":""V4"",""question_id"":""V4Q2"",""question_text"":""长平之战中，赵国最初的将领是谁？"",""response_index"":0,""response_letter"":""A"",""response_text"":""廉颇"",""correct_index"":0,""correct_letter"":""A"",""correct_text"":""廉颇"",""is_correct"":true,""reaction_time_ms"":65234,""submitted_iso"":""2026-09-21T14:40:48.634Z"",""submitted_relative_ms"":469316}",4f31ef37-4b28-414b-891c-fd15b33e84f7,sub-008,ses-001,2b7a4d05-9684-49f5-b952-e7a8c29a2b02,cabcb684-47f5-4be9-90ff-5df78d11e560,1790001648.7483928,1790001648.6345,598841.599999994,cabcb684-47f5-4be9-90ff-5df78d11e560,browser_calibrated,-0.013357162475585938,7.500171661376953,144556,144556,0,2.2499561309814453,host_receive_nearest,verified,1,1,,,,,,,,,1,,,,,,,,,,,,,,,,,长平之战中，赵国最初的将领是谁？,0,廉颇,V4,B,313.818,1790001648.6345,1790001648.7483928,144556,,,,,,,,,,
9fc51ac0-685b-4347-9cb6-0add416f2648,quiz_item_response,1790001648.6332428,578.28,144606,1,1,,1,G08,B,bbbd_subtraction,quiz_item_response,长平之战中，秦国的主将是谁？,,0.0,0.0,,V4Q3,B,A,False,76897,"{""client_event_id"":""9fc51ac0-685b-4347-9cb6-0add416f2648"",""recorder_run_id"":""4f31ef37-4b28-414b-891c-fd15b33e84f7"",""client_id"":""cabcb684-47f5-4be9-90ff-5df78d11e560"",""client_timestamp"":1790001648.6466,""client_monotonic_ms"":598853.599999994,""event_timestamp"":1790001648.6332428,""clock_offset_sec"":-0.013357162475585938,""clock_round_trip_ms"":7.500171661376953,""subject_id"":""sub-008"",""session_id"":""ses-001"",""block_id"":""Block 1"",""counterbalance_group"":""G08"",""block_order"":""Block 1"",""condition"":""B"",""condition_type"":""bbbd_subtraction"",""topic_key"":""V4"",""topic_name"":""中国古代最大的歼灭战 长平之战"",""event_type"":""quiz_item_response"",""iso_time"":""2026-09-21T14:40:48.646Z"",""relative_ms"":469328,""video_time_sec"":313.818,""video_id"":""V4"",""question_id"":""V4Q3"",""question_text"":""长平之战中，秦国的主将是谁？"",""response_index"":0,""response_letter"":""A"",""response_text"":""王翦"",""correct_index"":1,""correct_letter"":""B"",""correct_text"":""白起"",""is_correct"":false,""reaction_time_ms"":76897,""submitted_iso"":""2026-09-21T14:40:48.646Z"",""submitted_relative_ms"":469328}",4f31ef37-4b28-414b-891c-fd15b33e84f7,sub-008,ses-001,9fc51ac0-685b-4347-9cb6-0add416f2648,cabcb684-47f5-4be9-90ff-5df78d11e560,1790001648.7953928,1790001648.6466,598853.599999994,cabcb684-47f5-4be9-90ff-5df78d11e560,browser_calibrated,-0.013357162475585938,7.500171661376953,144570,144570,0,-9.850025177001953,host_receive_nearest,verified,1,1,,,,,,,,,1,,,,,,,,,,,,,,,,,长平之战中，秦国的主将是谁？,0,王翦,V4,B,313.818,1790001648.6466,1790001648.7953928,144570,,,,,,,,,,
c204018c-0e1c-48a1-8ac7-7794515ce040,quiz_item_response,1790001648.6439428,578.284,144616,1,1,,1,G08,B,bbbd_subtraction,quiz_item_response,长平之战对战国局势的影响是？,,0.0,0.0,,V4Q4,B,B,True,82222,"{""client_event_id"":""c204018c-0e1c-48a1-8ac7-7794515ce040"",""recorder_run_id"":""4f31ef37-4b28-414b-891c-fd15b33e84f7"",""client_id"":""cabcb684-47f5-4be9-90ff-5df78d11e560"",""client_timestamp"":1790001648.6573,""client_monotonic_ms"":598864.599999994,""event_timestamp"":1790001648.6439428,""clock_offset_sec"":-0.013357162475585938,""clock_round_trip_ms"":7.500171661376953,""subject_id"":""sub-008"",""session_id"":""ses-001"",""block_id"":""Block 1"",""counterbalance_group"":""G08"",""block_order"":""Block 1"",""condition"":""B"",""condition_type"":""bbbd_subtraction"",""topic_key"":""V4"",""topic_name"":""中国古代最大的歼灭战 长平之战"",""event_type"":""quiz_item_response"",""iso_time"":""2026-09-21T14:40:48.657Z"",""relative_ms"":469339,""video_time_sec"":313.818,""video_id"":""V4"",""question_id"":""V4Q4"",""question_text"":""长平之战对战国局势的影响是？"",""response_index"":1,""response_letter"":""B"",""response_text"":""赵国元气大伤，秦国统一趋势加强"",""correct_index"":1,""correct_letter"":""B"",""correct_text"":""赵国元气大伤，秦国统一趋势加强"",""is_correct"":true,""reaction_time_ms"":82222,""submitted_iso"":""2026-09-21T14:40:48.657Z"",""submitted_relative_ms"":469338}",4f31ef37-4b28-414b-891c-fd15b33e84f7,sub-008,ses-001,c204018c-0e1c-48a1-8ac7-7794515ce040,cabcb684-47f5-4be9-90ff-5df78d11e560,1790001648.8103929,1790001648.6573,598864.599999994,cabcb684-47f5-4be9-90ff-5df78d11e560,browser_calibrated,-0.013357162475585938,7.500171661376953,144571,144571,0,10.450124740600586,host_receive_nearest,verified,1,1,,,,,,,,,1,,,,,,,,,,,,,,,,,长平之战对战国局势的影响是？,1,赵国元气大伤，秦国统一趋势加强,V4,B,313.818,1790001648.6573,1790001648.8103929,144571,,,,,,,,,,
59905389-c36f-4d6c-903b-ad00af2e53af,quiz_end,1790001648.656143,578.3,144621,1,1,,1,G08,B,bbbd_subtraction,quiz_end,3/4,89.882,0.0,0.0,,,,,,,"{""client_event_id"":""59905389-c36f-4d6c-903b-ad00af2e53af"",""recorder_run_id"":""4f31ef37-4b28-414b-891c-fd15b33e84f7"",""client_id"":""cabcb684-47f5-4be9-90ff-5df78d11e560"",""client_timestamp"":1790001648.6695,""client_monotonic_ms"":598876.599999994,""event_timestamp"":1790001648.656143,""clock_offset_sec"":-0.013357162475585938,""clock_round_trip_ms"":7.500171661376953,""subject_id"":""sub-008"",""session_id"":""ses-001"",""block_id"":""Block 1"",""counterbalance_group"":""G08"",""block_order"":""Block 1"",""condition"":""B"",""condition_type"":""bbbd_subtraction"",""topic_key"":""V4"",""topic_name"":""中国古代最大的歼灭战 长平之战"",""event_type"":""quiz_end"",""iso_time"":""2026-09-21T14:40:48.669Z"",""relative_ms"":469351,""video_time_sec"":313.818,""score"":3,""total"":4,""duration_sec"":89.882}",4f31ef37-4b28-414b-891c-fd15b33e84f7,sub-008,ses-001,59905389-c36f-4d6c-903b-ad00af2e53af,cabcb684-47f5-4be9-90ff-5df78d11e560,1790001648.842393,1790001648.6695,598876.599999994,cabcb684-47f5-4be9-90ff-5df78d11e560,browser_calibrated,-0.013357162475585938,7.500171661376953,144575,144575,0,-1.7499923706054688,host_receive_nearest,verified,1,1,,,,,,,,,1,,,,,,,,,,,,,,,3,4,,,,V4,B,313.818,1790001648.6695,1790001648.842393,144575,,,,,,,,,,
59905389-c36f-4d6c-903b-ad00af2e53af,block_end,1790001648.656143,578.3,144621,1,1,,1,G08,B,bbbd_subtraction,block_end,V4,,0.0,0.0,,,,,,,,4f31ef37-4b28-414b-891c-fd15b33e84f7,sub-008,ses-001,59905389-c36f-4d6c-903b-ad00af2e53af,cabcb684-47f5-4be9-90ff-5df78d11e560,1790001648.842393,1790001648.6695,598876.599999994,cabcb684-47f5-4be9-90ff-5df78d11e560,browser_calibrated,-0.013357162475585938,7.500171661376953,144575,144575,0,-1.7499923706054688,host_receive_nearest,verified,1,1,,,,,,,,,1,,,,,,,,,,,,,,,,,,,,V4,B,313.818,1790001648.6695,1790001648.842393,144575,,,,,,,,,,
7f91f4eb-8fd7-4685-93b8-1dd260d3a5d5,rest_start,1790001648.677943,578.304,144621,1,1,,1,G08,B,bbbd_subtraction,rest_start,after-block-1,,0.0,0.0,,,,,,,"{""client_event_id"":""7f91f4eb-8fd7-4685-93b8-1dd260d3a5d5"",""recorder_run_id"":""4f31ef37-4b28-414b-891c-fd15b33e84f7"",""client_id"":""cabcb684-47f5-4be9-90ff-5df78d11e560"",""client_timestamp"":1790001648.6913002,""client_monotonic_ms"":598898.2999999821,""event_timestamp"":1790001648.677943,""clock_offset_sec"":-0.013357162475585938,""clock_round_trip_ms"":7.500171661376953,""subject_id"":""sub-008"",""session_id"":""ses-001"",""block_id"":""Block 1"",""counterbalance_group"":""G08"",""block_order"":""Block 1"",""condition"":""B"",""condition_type"":""bbbd_subtraction"",""topic_key"":""V4"",""topic_name"":""中国古代最大的歼灭战 长平之战"",""event_type"":""rest_start"",""iso_time"":""2026-09-21T14:40:48.691Z"",""relative_ms"":469372,""video_time_sec"":313.818,""after_block_id"":1,""planned_duration"":30,""actual_duration"":"""",""is_formal_experiment"":0}",4f31ef37-4b28-414b-891c-fd15b33e84f7,sub-008,ses-001,7f91f4eb-8fd7-4685-93b8-1dd260d3a5d5,cabcb684-47f5-4be9-90ff-5df78d11e560,1790001648.8573928,1790001648.6913002,598898.2999999821,cabcb684-47f5-4be9-90ff-5df78d11e560,browser_calibrated,-0.013357162475585938,7.500171661376953,144576,144576,0,7.449865341186523,host_receive_nearest,verified,0,1,,,,,1,,30,,0,,,,,,,,,,,,,,,,,,,,V4,B,313.818,1790001648.6913002,1790001648.8573928,144576,,,,,,,,,,
c9367e98-aff4-49ff-9e82-2c278df5d2da,rest_end,1790001731.8829427,661.52,165381,1,1,,1,G08,B,bbbd_subtraction,rest_end,after-block-1,83.206,0.0,0.0,,,,,,,"{""client_event_id"":""c9367e98-aff4-49ff-9e82-2c278df5d2da"",""recorder_run_id"":""4f31ef37-4b28-414b-891c-fd15b33e84f7"",""client_id"":""cabcb684-47f5-4be9-90ff-5df78d11e560"",""client_timestamp"":1790001731.8973,""client_monotonic_ms"":682104.2999999821,""event_timestamp"":1790001731.8829427,""clock_offset_sec"":-0.014357328414916992,""clock_round_trip_ms"":6.700277328491211,""subject_id"":""sub-008"",""session_id"":""ses-001"",""block_id"":""Block 1"",""counterbalance_group"":""G08"",""block_order"":""Block 1"",""condition"":""B"",""condition_type"":""bbbd_subtraction"",""topic_key"":""V4"",""topic_name"":""中国古代最大的歼灭战 长平之战"",""event_type"":""rest_end"",""iso_time"":""2026-09-21T14:42:11.897Z"",""relative_ms"":552578,""video_time_sec"":313.818,""after_block_id"":1,""planned_duration"":30,""actual_duration"":83.206,""duration_sec"":83.206,""is_formal_experiment"":0,""debug_early"":false}",4f31ef37-4b28-414b-891c-fd15b33e84f7,sub-008,ses-001,c9367e98-aff4-49ff-9e82-2c278df5d2da,cabcb684-47f5-4be9-90ff-5df78d11e560,1790001731.904393,1790001731.8973,682104.2999999821,cabcb684-47f5-4be9-90ff-5df78d11e560,browser_calibrated,-0.014357328414916992,6.700277328491211,165380,165380,0,-9.549856185913086,host_receive_nearest,verified,0,1,,,,,1,,30,83.206,0,,,,,,,,,,,,,,,,,,,,V4,B,313.818,1790001731.8973,1790001731.904393,165380,,,,,,,,,,
5c91254b-3575-4eb9-9b46-637332b07b33,block_start,1790001755.2167428,684.844,171216,2,2,,1,G08,A,focused,block_start,V5,,0.0,0.0,,,,,,,condition=A; condition_type=focused,4f31ef37-4b28-414b-891c-fd15b33e84f7,sub-008,ses-001,5c91254b-3575-4eb9-9b46-637332b07b33,cabcb684-47f5-4be9-90ff-5df78d11e560,1790001755.217393,1790001755.2177,705424.7999999821,cabcb684-47f5-4be9-90ff-5df78d11e560,browser_calibrated,-0.0009572505950927734,7.499933242797852,171211,171211,0,0.6501674652099609,host_receive_nearest,verified,0,1,,,,,,,,,1,,,,,,,,,,,,,,,,,,,,V5,A,0,1790001755.2177,1790001755.217393,171211,,,,,,,,,,
5c91254b-3575-4eb9-9b46-637332b07b33,condition_prompt_start,1790001755.2167428,684.844,171216,2,2,,1,G08,A,focused,condition_prompt_start,A,,0.0,0.0,,,,,,,,4f31ef37-4b28-414b-891c-fd15b33e84f7,sub-008,ses-001,5c91254b-3575-4eb9-9b46-637332b07b33,cabcb684-47f5-4be9-90ff-5df78d11e560,1790001755.217393,1790001755.2177,705424.7999999821,cabcb684-47f5-4be9-90ff-5df78d11e560,browser_calibrated,-0.0009572505950927734,7.499933242797852,171211,171211,0,0.6501674652099609,host_receive_nearest,verified,0,1,,,,,,,,,1,,,,,,,,,,,,,,,,,,,,V5,A,0,1790001755.2177,1790001755.217393,171211,,,,,,,,,,
5c91254b-3575-4eb9-9b46-637332b07b33,browser_block_config,1790001755.2167428,684.844,171216,2,2,,1,G08,A,focused,browser_block_config,V5,,0.0,0.0,,,,,,,"{""client_event_id"":""5c91254b-3575-4eb9-9b46-637332b07b33"",""recorder_run_id"":""4f31ef37-4b28-414b-891c-fd15b33e84f7"",""client_id"":""cabcb684-47f5-4be9-90ff-5df78d11e560"",""client_timestamp"":1790001755.2177,""client_monotonic_ms"":705424.7999999821,""event_timestamp"":1790001755.2167428,""clock_offset_sec"":-0.0009572505950927734,""clock_round_trip_ms"":7.499933242797852,""subject_id"":""sub-008"",""session_id"":""ses-001"",""block_id"":""Block 2"",""counterbalance_group"":""G08"",""block_order"":""Block 2"",""condition"":""A"",""condition_type"":""focused"",""topic_key"":""V5"",""topic_name"":""千古一帝秦始皇都做了什么"",""event_type"":""block_start"",""iso_time"":""2026-09-21T14:42:35.217Z"",""relative_ms"":0,""video_time_sec"":0,""block_start_iso"":""2026-09-21T14:42:35.217Z"",""config_json"":""{\""recorder_run_id\"":\""4f31ef37-4b28-414b-891c-fd15b33e84f7\"",\""subject_id\"":\""sub-008\"",\""session_id\"":\""ses-001\"",\""block_id\"":\""Block 2\"",\""counterbalance_group\"":\""G08\"",\""condition\"":\""A\"",\""condition_type\"":\""focused\"",\""topic_key\"":\""V5\"",\""topic_name\"":\""千古一帝秦始皇都做了什么\"",\""video_file\"":\""视频5-混知漫画｜千古一帝秦始皇都干了啥？-480P 标清-AVC.mp4\"",\""start_number\"":\""\"",\""generated_timestamp\"":\""\""}""}",4f31ef37-4b28-414b-891c-fd15b33e84f7,sub-008,ses-001,5c91254b-3575-4eb9-9b46-637332b07b33,cabcb684-47f5-4be9-90ff-5df78d11e560,1790001755.217393,1790001755.2177,705424.7999999821,cabcb684-47f5-4be9-90ff-5df78d11e560,browser_calibrated,-0.0009572505950927734,7.499933242797852,171211,171211,0,0.6501674652099609,host_receive_nearest,verified,0,1,,,,,,,,,1,,,,,,,,,,,,,,,,,,,,V5,A,0,1790001755.2177,1790001755.217393,171211,,,,,,,,,,
a4d52174-b8ea-4558-a131-d6fead302bc5,probe_schedule,1790001755.2880428,684.92,171231,2,2,,1,G08,A,focused,probe_schedule,"126.004,188.395,238.761,360.792",,0.0,0.0,,,,,,,"{""client_event_id"":""a4d52174-b8ea-4558-a131-d6fead302bc5"",""recorder_run_id"":""4f31ef37-4b28-414b-891c-fd15b33e84f7"",""client_id"":""cabcb684-47f5-4be9-90ff-5df78d11e560"",""client_timestamp"":1790001755.289,""client_monotonic_ms"":705496,""event_timestamp"":1790001755.2880428,""clock_offset_sec"":-0.0009572505950927734,""clock_round_trip_ms"":7.499933242797852,""subject_id"":""sub-008"",""session_id"":""ses-001"",""block_id"":""Block 2"",""counterbalance_group"":""G08"",""block_order"":""Block 2"",""condition"":""A"",""condition_type"":""focused"",""topic_key"":""V5"",""topic_name"":""千古一帝秦始皇都做了什么"",""event_type"":""probe_schedule"",""iso_time"":""2026-09-21T14:42:35.289Z"",""relative_ms"":71,""video_time_sec"":0,""probe_schedule_id"":""3918474b-ae0a-4606-8a3b-2ba085aae97b"",""probe_times"":[126.004,188.395,238.761,360.792],""probe_config"":{""probes_per_block"":4,""min_first_onset_sec"":45,""min_end_margin_sec"":30,""min_gap_sec"":45},""video_duration_sec"":391.048,""video_id"":""V5"",""debug_fast"":false}",4f31ef37-4b28-414b-891c-fd15b33e84f7,sub-008,ses-001,a4d52174-b8ea-4558-a131-d6fead302bc5,cabcb684-47f5-4be9-90ff-5df78d11e560,1790001755.2953928,1790001755.289,705496,cabcb684-47f5-4be9-90ff-5df78d11e560,browser_calibrated,-0.0009572505950927734,7.499933242797852,171230,171230,0,-8.649826049804688,host_receive_nearest,verified,1,1,,,,,,,,,1,,,,,,,,,,,,,,,,,,,,V5,A,0,1790001755.289,1790001755.2953928,171230,,4,3918474b-ae0a-4606-8a3b-2ba085aae97b,,,,,,,
d2bf5c91-7b1b-4747-a252-b6430b782346,condition_prompt_end,1790001760.5904,690.204,172571,2,2,,1,G08,A,focused,condition_prompt_end,0,,0.0,0.0,,,,,,,"{""client_event_id"":""d2bf5c91-7b1b-4747-a252-b6430b782346"",""recorder_run_id"":""4f31ef37-4b28-414b-891c-fd15b33e84f7"",""client_id"":""cabcb684-47f5-4be9-90ff-5df78d11e560"",""client_timestamp"":1790001760.5906,""client_monotonic_ms"":710797.599999994,""event_timestamp"":1790001760.5904,""clock_offset_sec"":-0.016607046127319336,""clock_round_trip_ms"":7.400035858154297,""subject_id"":""sub-008"",""session_id"":""ses-001"",""block_id"":""Block 2"",""counterbalance_group"":""G08"",""block_order"":""Block 2"",""condition"":""A"",""condition_type"":""focused"",""topic_key"":""V5"",""topic_name"":""千古一帝秦始皇都做了什么"",""event_type"":""condition_prompt_end"",""iso_time"":""2026-09-21T14:42:40.590Z"",""relative_ms"":5373,""video_time_sec"":0}",4f31ef37-4b28-414b-891c-fd15b33e84f7,sub-008,ses-001,d2bf5c91-7b1b-4747-a252-b6430b782346,cabcb684-47f5-4be9-90ff-5df78d11e560,1790001760.6853929,1790001760.5906,710797.599999994,cabcb684-47f5-4be9-90ff-5df78d11e560,browser_calibrated,-0.016607046127319336,7.400035858154297,172551,172551,0,1.992940902709961,host_receive_nearest,verified,1,0,,,,,,,,,1,,,,,,,,,,,,,,,,,,,,V5,A,0,1790001760.5906,1790001760.6853929,172551,,,,,,,,,,
a60e8ad7-c72d-444e-9c75-6201cb3b86c2,video_start,1790001760.5904,690.204,172591,2,2,,1,G08,A,focused,video_start,V5,,0.0,0.0,,,,,,,,4f31ef37-4b28-414b-891c-fd15b33e84f7,sub-008,ses-001,a60e8ad7-c72d-444e-9c75-6201cb3b86c2,cabcb684-47f5-4be9-90ff-5df78d11e560,1790001760.717393,1790001760.6083,710815.2999999821,cabcb684-47f5-4be9-90ff-5df78d11e560,browser_calibrated,-0.016607046127319336,7.400035858154297,172551,172551,0,1.992940902709961,host_receive_nearest,verified,1,1,,,,,,,,,1,,,,,,,,,,,,,,,,,,,,V5,A,0,1790001760.6083,1790001760.717393,172551,,,,,,,,,,
a60e8ad7-c72d-444e-9c75-6201cb3b86c2,video_play,1790001760.5904,690.204,172591,2,2,,1,G08,A,focused,video_play,0,,0.0,0.0,,,,,,,"{""client_event_id"":""a60e8ad7-c72d-444e-9c75-6201cb3b86c2"",""recorder_run_id"":""4f31ef37-4b28-414b-891c-fd15b33e84f7"",""client_id"":""cabcb684-47f5-4be9-90ff-5df78d11e560"",""client_timestamp"":1790001760.6083,""client_monotonic_ms"":710815.2999999821,""event_timestamp"":1790001760.5904,""clock_offset_sec"":-0.016607046127319336,""clock_round_trip_ms"":7.400035858154297,""subject_id"":""sub-008"",""session_id"":""ses-001"",""block_id"":""Block 2"",""counterbalance_group"":""G08"",""block_order"":""Block 2"",""condition"":""A"",""condition_type"":""focused"",""topic_key"":""V5"",""topic_name"":""千古一帝秦始皇都做了什么"",""event_type"":""video_play"",""iso_time"":""2026-09-21T14:42:40.608Z"",""relative_ms"":5391,""video_time_sec"":0}",4f31ef37-4b28-414b-891c-fd15b33e84f7,sub-008,ses-001,a60e8ad7-c72d-444e-9c75-6201cb3b86c2,cabcb684-47f5-4be9-90ff-5df78d11e560,1790001760.717393,1790001760.6083,710815.2999999821,cabcb684-47f5-4be9-90ff-5df78d11e560,browser_calibrated,-0.016607046127319336,7.400035858154297,172551,172551,0,1.992940902709961,host_receive_nearest,verified,1,1,,,,,,,,,1,,,,,,,,,,,,,,,,,,,,V5,A,0,1790001760.6083,1790001760.717393,172551,,,,,,,,,,
47035415-58a4-4752-95f3-210342e35751,probe_onset,1790001886.7274928,816.356,204090,2,2,,1,G08,A,focused,probe_onset,Block 2_1_3918474b,,0.0,0.0,,,,,,,"{""client_event_id"":""47035415-58a4-4752-95f3-210342e35751"",""recorder_run_id"":""4f31ef37-4b28-414b-891c-fd15b33e84f7"",""client_id"":""cabcb684-47f5-4be9-90ff-5df78d11e560"",""client_timestamp"":1790001886.7285,""client_monotonic_ms"":836935.5,""event_timestamp"":1790001886.7274928,""clock_offset_sec"":-0.001007080078125,""clock_round_trip_ms"":7.599830627441406,""subject_id"":""sub-008"",""session_id"":""ses-001"",""block_id"":""Block 2"",""counterbalance_group"":""G08"",""block_order"":""Block 2"",""condition"":""A"",""condition_type"":""focused"",""topic_key"":""V5"",""topic_name"":""千古一帝秦始皇都做了什么"",""event_type"":""probe_onset"",""iso_time"":""2026-09-21T14:44:46.728Z"",""relative_ms"":131511,""video_time_sec"":126.082,""probe_id"":""Block 2_1_3918474b"",""probe_index"":1,""probe_schedule_id"":""3918474b-ae0a-4606-8a3b-2ba085aae97b"",""probe_planned_time_sec"":126.004,""video_id"":""V5"",""pause_reason"":""thought_probe"",""forced"":false}",4f31ef37-4b28-414b-891c-fd15b33e84f7,sub-008,ses-001,47035415-58a4-4752-95f3-210342e35751,cabcb684-47f5-4be9-90ff-5df78d11e560,1790001886.7323928,1790001886.7285,836935.5,cabcb684-47f5-4be9-90ff-5df78d11e560,browser_calibrated,-0.001007080078125,7.599830627441406,204089,204089,0,-10.09988784790039,host_receive_nearest,verified,1,1,,,,,,,,,1,,,,,,,,,,,,,,,,,,,,V5,A,126.082,1790001886.7285,1790001886.7323928,204089,Block 2_1_3918474b,1,3918474b-ae0a-4606-8a3b-2ba085aae97b,126.004,,,,,,thought_probe
24a5fed7-1b04-4a7e-bf92-e57867f9d67f,attention_response,1790001890.607493,820.216,205055,2,2,,1,G08,A,focused,attention_response,1,,0.0,0.0,,,,,,,"{""client_event_id"":""24a5fed7-1b04-4a7e-bf92-e57867f9d67f"",""recorder_run_id"":""4f31ef37-4b28-414b-891c-fd15b33e84f7"",""client_id"":""cabcb684-47f5-4be9-90ff-5df78d11e560"",""client_timestamp"":1790001890.6085,""client_monotonic_ms"":840815.5,""event_timestamp"":1790001890.607493,""clock_offset_sec"":-0.001007080078125,""clock_round_trip_ms"":7.599830627441406,""subject_id"":""sub-008"",""session_id"":""ses-001"",""block_id"":""Block 2"",""counterbalance_group"":""G08"",""block_order"":""Block 2"",""condition"":""A"",""condition_type"":""focused"",""topic_key"":""V5"",""topic_name"":""千古一帝秦始皇都做了什么"",""event_type"":""attention_response"",""iso_time"":""2026-09-21T14:44:50.608Z"",""relative_ms"":135391,""video_time_sec"":126.082,""probe_id"":""Block 2_1_3918474b"",""probe_index"":1,""probe_schedule_id"":""3918474b-ae0a-4606-8a3b-2ba085aae97b"",""probe_planned_time_sec"":126.004,""video_id"":""V5"",""response"":1,""response_label"":""课程内容"",""probe_attention"":""ON"",""response_time_ms"":3880}",4f31ef37-4b28-414b-891c-fd15b33e84f7,sub-008,ses-001,24a5fed7-1b04-4a7e-bf92-e57867f9d67f,cabcb684-47f5-4be9-90ff-5df78d11e560,1790001890.6073928,1790001890.6085,840815.5,cabcb684-47f5-4be9-90ff-5df78d11e560,browser_calibrated,-0.001007080078125,7.599830627441406,205054,205054,0,-31.100034713745117,host_receive_nearest,verified,1,1,,,,,,,,,1,,,,,,,,,,,,,,,,,,,,V5,A,126.082,1790001890.6085,1790001890.6233928,205054,Block 2_1_3918474b,1,3918474b-ae0a-4606-8a3b-2ba085aae97b,126.004,1,课程内容,3880,,ON,
72a91c41-0ebf-47e7-a985-343d1b05c8b4,confidence_response,1790001893.2646928,822.896,205725,2,2,,1,G08,A,focused,confidence_response,3,,0.0,0.0,,,,,,,"{""client_event_id"":""72a91c41-0ebf-47e7-a985-343d1b05c8b4"",""recorder_run_id"":""4f31ef37-4b28-414b-891c-fd15b33e84f7"",""client_id"":""cabcb684-47f5-4be9-90ff-5df78d11e560"",""client_timestamp"":1790001893.2656999,""client_monotonic_ms"":843472.7999999821,""event_timestamp"":1790001893.2646928,""clock_offset_sec"":-0.001007080078125,""clock_round_trip_ms"":7.599830627441406,""subject_id"":""sub-008"",""session_id"":""ses-001"",""block_id"":""Block 2"",""counterbalance_group"":""G08"",""block_order"":""Block 2"",""condition"":""A"",""condition_type"":""focused"",""topic_key"":""V5"",""topic_name"":""千古一帝秦始皇都做了什么"",""event_type"":""confidence_response"",""iso_time"":""2026-09-21T14:44:53.265Z"",""relative_ms"":138048,""video_time_sec"":126.082,""probe_id"":""Block 2_1_3918474b"",""probe_index"":1,""probe_schedule_id"":""3918474b-ae0a-4606-8a3b-2ba085aae97b"",""probe_planned_time_sec"":126.004,""video_id"":""V5"",""response"":1,""confidence"":3,""response_time_ms"":2657}",4f31ef37-4b28-414b-891c-fd15b33e84f7,sub-008,ses-001,72a91c41-0ebf-47e7-a985-343d1b05c8b4,cabcb684-47f5-4be9-90ff-5df78d11e560,1790001893.2643929,1790001893.2656999,843472.7999999821,cabcb684-47f5-4be9-90ff-5df78d11e560,browser_calibrated,-0.001007080078125,7.599830627441406,205724,205724,0,-16.299962997436523,host_receive_nearest,verified,1,1,,,,,,,,,1,,,,,,,,,,,,,,,,,,,,V5,A,126.082,1790001893.2656999,1790001893.279393,205724,Block 2_1_3918474b,1,3918474b-ae0a-4606-8a3b-2ba085aae97b,126.004,,,2657,3,,
e3024313-5b79-4d4f-a02e-3743a0dde1bc,phase_change,1790001893.2806928,822.916,205740,2,2,,1,G08,A,focused,phase_change,video,,0.0,0.0,,,,,,,,4f31ef37-4b28-414b-891c-fd15b33e84f7,sub-008,ses-001,e3024313-5b79-4d4f-a02e-3743a0dde1bc,cabcb684-47f5-4be9-90ff-5df78d11e560,1790001893.3103929,1790001893.2817,843488.6999999881,cabcb684-47f5-4be9-90ff-5df78d11e560,browser_calibrated,-0.001007080078125,7.599830627441406,205729,205729,0,-1.2998580932617188,host_receive_nearest,verified,1,1,,,,,,,,,1,,,,,,,,,,,,,,,,,,,,V5,A,126.142,1790001893.2817,1790001893.3103929,205729,,,,,,,,,,
e3024313-5b79-4d4f-a02e-3743a0dde1bc,video_resume,1790001893.2806928,822.916,205740,2,2,,1,G08,A,focused,video_resume,126.142,,0.0,0.0,,,,,,,"{""client_event_id"":""e3024313-5b79-4d4f-a02e-3743a0dde1bc"",""recorder_run_id"":""4f31ef37-4b28-414b-891c-fd15b33e84f7"",""client_id"":""cabcb684-47f5-4be9-90ff-5df78d11e560"",""client_timestamp"":1790001893.2817,""client_monotonic_ms"":843488.6999999881,""event_timestamp"":1790001893.2806928,""clock_offset_sec"":-0.001007080078125,""clock_round_trip_ms"":7.599830627441406,""subject_id"":""sub-008"",""session_id"":""ses-001"",""block_id"":""Block 2"",""counterbalance_group"":""G08"",""block_order"":""Block 2"",""condition"":""A"",""condition_type"":""focused"",""topic_key"":""V5"",""topic_name"":""千古一帝秦始皇都做了什么"",""event_type"":""video_resume"",""iso_time"":""2026-09-21T14:44:53.281Z"",""relative_ms"":138064,""video_time_sec"":126.142,""probe_id"":""Block 2_1_3918474b"",""probe_index"":1,""probe_schedule_id"":""3918474b-ae0a-4606-8a3b-2ba085aae97b"",""probe_planned_time_sec"":126.004,""video_id"":""V5"",""pause_reason"":""thought_probe"",""resume_status"":""playing""}",4f31ef37-4b28-414b-891c-fd15b33e84f7,sub-008,ses-001,e3024313-5b79-4d4f-a02e-3743a0dde1bc,cabcb684-47f5-4be9-90ff-5df78d11e560,1790001893.3103929,1790001893.2817,843488.6999999881,cabcb684-47f5-4be9-90ff-5df78d11e560,browser_calibrated,-0.001007080078125,7.599830627441406,205729,205729,0,-1.2998580932617188,host_receive_nearest,verified,1,1,,,,,,,,,1,,,,,,,,,,,,,,,,,,,,V5,A,126.142,1790001893.2817,1790001893.3103929,205729,Block 2_1_3918474b,,,,,,,,,thought_probe
706e56ce-cf61-445b-912d-595d8c7fe95c,probe_onset,1790001955.7428927,885.36,221350,2,2,,1,G08,A,focused,probe_onset,Block 2_2_3918474b,,0.0,0.0,,,,,,,"{""client_event_id"":""706e56ce-cf61-445b-912d-595d8c7fe95c"",""recorder_run_id"":""4f31ef37-4b28-414b-891c-fd15b33e84f7"",""client_id"":""cabcb684-47f5-4be9-90ff-5df78d11e560"",""client_timestamp"":1790001955.7468998,""client_monotonic_ms"":905954,""event_timestamp"":1790001955.7428927,""clock_offset_sec"":-0.004007101058959961,""clock_round_trip_ms"":7.200002670288086,""subject_id"":""sub-008"",""session_id"":""ses-001"",""block_id"":""Block 2"",""counterbalance_group"":""G08"",""block_order"":""Block 2"",""condition"":""A"",""condition_type"":""focused"",""topic_key"":""V5"",""topic_name"":""千古一帝秦始皇都做了什么"",""event_type"":""probe_onset"",""iso_time"":""2026-09-21T14:45:55.747Z"",""relative_ms"":200530,""video_time_sec"":188.553,""probe_id"":""Block 2_2_3918474b"",""probe_index"":2,""probe_schedule_id"":""3918474b-ae0a-4606-8a3b-2ba085aae97b"",""probe_planned_time_sec"":188.395,""video_id"":""V5"",""pause_reason"":""thought_probe"",""forced"":false}",4f31ef37-4b28-414b-891c-fd15b33e84f7,sub-008,ses-001,706e56ce-cf61-445b-912d-595d8c7fe95c,cabcb684-47f5-4be9-90ff-5df78d11e560,1790001955.7483928,1790001955.7468998,905954,cabcb684-47f5-4be9-90ff-5df78d11e560,browser_calibrated,-0.004007101058959961,7.200002670288086,221340,221340,0,5.500078201293945,host_receive_nearest,verified,1,1,,,,,,,,,1,,,,,,,,,,,,,,,,,,,,V5,A,188.553,1790001955.7468998,1790001955.7483928,221340,Block 2_2_3918474b,2,3918474b-ae0a-4606-8a3b-2ba085aae97b,188.395,,,,,,thought_probe
c6f611f4-a2f2-48be-a417-27501afc51dc,attention_response,1790001960.2167428,889.84,222465,2,2,,1,G08,A,focused,attention_response,3,,0.0,0.0,,,,,,,"{""client_event_id"":""c6f611f4-a2f2-48be-a417-27501afc51dc"",""recorder_run_id"":""4f31ef37-4b28-414b-891c-fd15b33e84f7"",""client_id"":""cabcb684-47f5-4be9-90ff-5df78d11e560"",""client_timestamp"":1790001960.2252,""client_monotonic_ms"":910432.1999999881,""event_timestamp"":1790001960.2167428,""clock_offset_sec"":-0.008457183837890625,""clock_round_trip_ms"":7.6999664306640625,""subject_id"":""sub-008"",""session_id"":""ses-001"",""block_id"":""Block 2"",""counterbalance_group"":""G08"",""block_order"":""Block 2"",""condition"":""A"",""condition_type"":""focused"",""topic_key"":""V5"",""topic_name"":""千古一帝秦始皇都做了什么"",""event_type"":""attention_response"",""iso_time"":""2026-09-21T14:46:00.225Z"",""relative_ms"":205008,""video_time_sec"":188.553,""probe_id"":""Block 2_2_3918474b"",""probe_index"":2,""probe_schedule_id"":""3918474b-ae0a-4606-8a3b-2ba085aae97b"",""probe_planned_time_sec"":188.395,""video_id"":""V5"",""response"":3,""response_label"":""其他与课程无关的事情"",""probe_attention"":""OFF"",""response_time_ms"":4479}",4f31ef37-4b28-414b-891c-fd15b33e84f7,sub-008,ses-001,c6f611f4-a2f2-48be-a417-27501afc51dc,cabcb684-47f5-4be9-90ff-5df78d11e560,1790001960.2323928,1790001960.2252,910432.1999999881,cabcb684-47f5-4be9-90ff-5df78d11e560,browser_calibrated,-0.008457183837890625,7.6999664306640625,222460,222460,0,0.6501674652099609,host_receive_nearest,verified,1,1,,,,,,,,,1,,,,,,,,,,,,,,,,,,,,V5,A,188.553,1790001960.2252,1790001960.2323928,222460,Block 2_2_3918474b,2,3918474b-ae0a-4606-8a3b-2ba085aae97b,188.395,3,其他与课程无关的事情,4479,,OFF,
cdb00902-e998-4984-b5f6-f924d13bb0c7,confidence_response,1790001971.103843,900.72,225190,2,2,,1,G08,A,focused,confidence_response,4,,0.0,0.0,,,,,,,"{""client_event_id"":""cdb00902-e998-4984-b5f6-f924d13bb0c7"",""recorder_run_id"":""4f31ef37-4b28-414b-891c-fd15b33e84f7"",""client_id"":""cabcb684-47f5-4be9-90ff-5df78d11e560"",""client_timestamp"":1790001971.1123002,""client_monotonic_ms"":921319.2999999821,""event_timestamp"":1790001971.103843,""clock_offset_sec"":-0.008457183837890625,""clock_round_trip_ms"":7.6999664306640625,""subject_id"":""sub-008"",""session_id"":""ses-001"",""block_id"":""Block 2"",""counterbalance_group"":""G08"",""block_order"":""Block 2"",""condition"":""A"",""condition_type"":""focused"",""topic_key"":""V5"",""topic_name"":""千古一帝秦始皇都做了什么"",""event_type"":""confidence_response"",""iso_time"":""2026-09-21T14:46:11.112Z"",""relative_ms"":215895,""video_time_sec"":188.553,""probe_id"":""Block 2_2_3918474b"",""probe_index"":2,""probe_schedule_id"":""3918474b-ae0a-4606-8a3b-2ba085aae97b"",""probe_planned_time_sec"":188.395,""video_id"":""V5"",""response"":3,""confidence"":4,""response_time_ms"":10887}",4f31ef37-4b28-414b-891c-fd15b33e84f7,sub-008,ses-001,cdb00902-e998-4984-b5f6-f924d13bb0c7,cabcb684-47f5-4be9-90ff-5df78d11e560,1790001971.1073928,1790001971.1123002,921319.2999999821,cabcb684-47f5-4be9-90ff-5df78d11e560,browser_calibrated,-0.008457183837890625,7.6999664306640625,225180,225180,0,3.549814224243164,host_receive_nearest,verified,1,1,,,,,,,,,1,,,,,,,,,,,,,,,,,,,,V5,A,188.553,1790001971.1123002,1790001971.1233928,225180,Block 2_2_3918474b,2,3918474b-ae0a-4606-8a3b-2ba085aae97b,188.395,,,10887,4,,
5710f5ce-e870-4b50-b632-2ae28ee0e999,phase_change,1790001971.1209428,900.756,225195,2,2,,1,G08,A,focused,phase_change,video,,0.0,0.0,,,,,,,,4f31ef37-4b28-414b-891c-fd15b33e84f7,sub-008,ses-001,5710f5ce-e870-4b50-b632-2ae28ee0e999,cabcb684-47f5-4be9-90ff-5df78d11e560,1790001971.154393,1790001971.1294,921336.400000006,cabcb684-47f5-4be9-90ff-5df78d11e560,browser_calibrated,-0.008457183837890625,7.6999664306640625,225189,225189,0,-13.550043106079102,host_receive_nearest,verified,1,1,,,,,,,,,1,,,,,,,,,,,,,,,,,,,,V5,A,188.553,1790001971.1294,1790001971.154393,225189,,,,,,,,,,
5710f5ce-e870-4b50-b632-2ae28ee0e999,video_resume,1790001971.1209428,900.756,225195,2,2,,1,G08,A,focused,video_resume,188.553,,0.0,0.0,,,,,,,"{""client_event_id"":""5710f5ce-e870-4b50-b632-2ae28ee0e999"",""recorder_run_id"":""4f31ef37-4b28-414b-891c-fd15b33e84f7"",""client_id"":""cabcb684-47f5-4be9-90ff-5df78d11e560"",""client_timestamp"":1790001971.1294,""client_monotonic_ms"":921336.400000006,""event_timestamp"":1790001971.1209428,""clock_offset_sec"":-0.008457183837890625,""clock_round_trip_ms"":7.6999664306640625,""subject_id"":""sub-008"",""session_id"":""ses-001"",""block_id"":""Block 2"",""counterbalance_group"":""G08"",""block_order"":""Block 2"",""condition"":""A"",""condition_type"":""focused"",""topic_key"":""V5"",""topic_name"":""千古一帝秦始皇都做了什么"",""event_type"":""video_resume"",""iso_time"":""2026-09-21T14:46:11.129Z"",""relative_ms"":215912,""video_time_sec"":188.553,""probe_id"":""Block 2_2_3918474b"",""probe_index"":2,""probe_schedule_id"":""3918474b-ae0a-4606-8a3b-2ba085aae97b"",""probe_planned_time_sec"":188.395,""video_id"":""V5"",""pause_reason"":""thought_probe"",""resume_status"":""playing""}",4f31ef37-4b28-414b-891c-fd15b33e84f7,sub-008,ses-001,5710f5ce-e870-4b50-b632-2ae28ee0e999,cabcb684-47f5-4be9-90ff-5df78d11e560,1790001971.154393,1790001971.1294,921336.400000006,cabcb684-47f5-4be9-90ff-5df78d11e560,browser_calibrated,-0.008457183837890625,7.6999664306640625,225189,225189,0,-13.550043106079102,host_receive_nearest,verified,1,1,,,,,,,,,1,,,,,,,,,,,,,,,,,,,,V5,A,188.553,1790001971.1294,1790001971.154393,225189,Block 2_2_3918474b,,,,,,,,,thought_probe
9f430815-fc3f-4f4f-87b7-9e47a07e3ff4,probe_onset,1790002022.1326928,951.756,237944,2,2,,1,G08,A,focused,probe_onset,Block 2_3_3918474b,,0.0,0.0,,,,,,,"{""client_event_id"":""9f430815-fc3f-4f4f-87b7-9e47a07e3ff4"",""recorder_run_id"":""4f31ef37-4b28-414b-891c-fd15b33e84f7"",""client_id"":""cabcb684-47f5-4be9-90ff-5df78d11e560"",""client_timestamp"":1790002022.1469,""client_monotonic_ms"":972354,""event_timestamp"":1790002022.1326928,""clock_offset_sec"":-0.014207124710083008,""clock_round_trip_ms"":6.999969482421875,""subject_id"":""sub-008"",""session_id"":""ses-001"",""block_id"":""Block 2"",""counterbalance_group"":""G08"",""block_order"":""Block 2"",""condition"":""A"",""condition_type"":""focused"",""topic_key"":""V5"",""topic_name"":""千古一帝秦始皇都做了什么"",""event_type"":""probe_onset"",""iso_time"":""2026-09-21T14:47:02.147Z"",""relative_ms"":266930,""video_time_sec"":238.842,""probe_id"":""Block 2_3_3918474b"",""probe_index"":3,""probe_schedule_id"":""3918474b-ae0a-4606-8a3b-2ba085aae97b"",""probe_planned_time_sec"":238.761,""video_id"":""V5"",""pause_reason"":""thought_probe"",""forced"":false}",4f31ef37-4b28-414b-891c-fd15b33e84f7,sub-008,ses-001,9f430815-fc3f-4f4f-87b7-9e47a07e3ff4,cabcb684-47f5-4be9-90ff-5df78d11e560,1790002022.1393929,1790002022.1469,972354,cabcb684-47f5-4be9-90ff-5df78d11e560,browser_calibrated,-0.014207124710083008,6.999969482421875,237939,237939,0,6.700038909912109,host_receive_nearest,verified,1,1,,,,,,,,,1,,,,,,,,,,,,,,,,,,,,V5,A,238.842,1790002022.1469,1790002022.1393929,237939,Block 2_3_3918474b,3,3918474b-ae0a-4606-8a3b-2ba085aae97b,238.761,,,,,,thought_probe
1f973495-336a-4c7b-85f8-df58f763a810,attention_response,1790002024.0701928,953.692,238424,2,2,,1,G08,A,focused,attention_response,1,,0.0,0.0,,,,,,,"{""client_event_id"":""1f973495-336a-4c7b-85f8-df58f763a810"",""recorder_run_id"":""4f31ef37-4b28-414b-891c-fd15b33e84f7"",""client_id"":""cabcb684-47f5-4be9-90ff-5df78d11e560"",""client_timestamp"":1790002024.0844,""client_monotonic_ms"":974291.400000006,""event_timestamp"":1790002024.0701928,""clock_offset_sec"":-0.014207124710083008,""clock_round_trip_ms"":6.999969482421875,""subject_id"":""sub-008"",""session_id"":""ses-001"",""block_id"":""Block 2"",""counterbalance_group"":""G08"",""block_order"":""Block 2"",""condition"":""A"",""condition_type"":""focused"",""topic_key"":""V5"",""topic_name"":""千古一帝秦始皇都做了什么"",""event_type"":""attention_response"",""iso_time"":""2026-09-21T14:47:04.084Z"",""relative_ms"":268867,""video_time_sec"":238.842,""probe_id"":""Block 2_3_3918474b"",""probe_index"":3,""probe_schedule_id"":""3918474b-ae0a-4606-8a3b-2ba085aae97b"",""probe_planned_time_sec"":238.761,""video_id"":""V5"",""response"":1,""response_label"":""课程内容"",""probe_attention"":""ON"",""response_time_ms"":1938}",4f31ef37-4b28-414b-891c-fd15b33e84f7,sub-008,ses-001,1f973495-336a-4c7b-85f8-df58f763a810,cabcb684-47f5-4be9-90ff-5df78d11e560,1790002024.092393,1790002024.0844,974291.400000006,cabcb684-47f5-4be9-90ff-5df78d11e560,browser_calibrated,-0.014207124710083008,6.999969482421875,238423,238423,0,-24.80006217956543,host_receive_nearest,verified,1,1,,,,,,,,,1,,,,,,,,,,,,,,,,,,,,V5,A,238.842,1790002024.0844,1790002024.092393,238423,Block 2_3_3918474b,3,3918474b-ae0a-4606-8a3b-2ba085aae97b,238.761,1,课程内容,1938,,ON,
d52f58f3-2423-4492-8ede-61f14ac44faa,confidence_response,1790002025.638793,955.256,238824,2,2,,1,G08,A,focused,confidence_response,4,,0.0,0.0,,,,,,,"{""client_event_id"":""d52f58f3-2423-4492-8ede-61f14ac44faa"",""recorder_run_id"":""4f31ef37-4b28-414b-891c-fd15b33e84f7"",""client_id"":""cabcb684-47f5-4be9-90ff-5df78d11e560"",""client_timestamp"":1790002025.653,""client_monotonic_ms"":975860,""event_timestamp"":1790002025.638793,""clock_offset_sec"":-0.014207124710083008,""clock_round_trip_ms"":6.999969482421875,""subject_id"":""sub-008"",""session_id"":""ses-001"",""block_id"":""Block 2"",""counterbalance_group"":""G08"",""block_order"":""Block 2"",""condition"":""A"",""condition_type"":""focused"",""topic_key"":""V5"",""topic_name"":""千古一帝秦始皇都做了什么"",""event_type"":""confidence_response"",""iso_time"":""2026-09-21T14:47:05.653Z"",""relative_ms"":270435,""video_time_sec"":238.842,""probe_id"":""Block 2_3_3918474b"",""probe_index"":3,""probe_schedule_id"":""3918474b-ae0a-4606-8a3b-2ba085aae97b"",""probe_planned_time_sec"":238.761,""video_id"":""V5"",""response"":1,""confidence"":4,""response_time_ms"":1569}",4f31ef37-4b28-414b-891c-fd15b33e84f7,sub-008,ses-001,d52f58f3-2423-4492-8ede-61f14ac44faa,cabcb684-47f5-4be9-90ff-5df78d11e560,1790002025.654393,1790002025.653,975860,cabcb684-47f5-4be9-90ff-5df78d11e560,browser_calibrated,-0.014207124710083008,6.999969482421875,238814,238814,0,0.5998611450195312,host_receive_nearest,verified,1,1,,,,,,,,,1,,,,,,,,,,,,,,,,,,,,V5,A,238.842,1790002025.653,1790002025.654393,238814,Block 2_3_3918474b,3,3918474b-ae0a-4606-8a3b-2ba085aae97b,238.761,,,1569,4,,
aa587837-a6a8-4224-b56e-8f29377fdcc1,phase_change,1790002025.6547928,955.292,238829,2,2,,1,G08,A,focused,phase_change,video,,0.0,0.0,,,,,,,,4f31ef37-4b28-414b-891c-fd15b33e84f7,sub-008,ses-001,aa587837-a6a8-4224-b56e-8f29377fdcc1,cabcb684-47f5-4be9-90ff-5df78d11e560,1790002025.701393,1790002025.669,975876,cabcb684-47f5-4be9-90ff-5df78d11e560,browser_calibrated,-0.014207124710083008,6.999969482421875,238823,238823,0,-15.399932861328125,host_receive_nearest,verified,1,1,,,,,,,,,1,,,,,,,,,,,,,,,,,,,,V5,A,238.895,1790002025.669,1790002025.701393,238823,,,,,,,,,,
aa587837-a6a8-4224-b56e-8f29377fdcc1,video_resume,1790002025.6547928,955.292,238829,2,2,,1,G08,A,focused,video_resume,238.895,,0.0,0.0,,,,,,,"{""client_event_id"":""aa587837-a6a8-4224-b56e-8f29377fdcc1"",""recorder_run_id"":""4f31ef37-4b28-414b-891c-fd15b33e84f7"",""client_id"":""cabcb684-47f5-4be9-90ff-5df78d11e560"",""client_timestamp"":1790002025.669,""client_monotonic_ms"":975876,""event_timestamp"":1790002025.6547928,""clock_offset_sec"":-0.014207124710083008,""clock_round_trip_ms"":6.999969482421875,""subject_id"":""sub-008"",""session_id"":""ses-001"",""block_id"":""Block 2"",""counterbalance_group"":""G08"",""block_order"":""Block 2"",""condition"":""A"",""condition_type"":""focused"",""topic_key"":""V5"",""topic_name"":""千古一帝秦始皇都做了什么"",""event_type"":""video_resume"",""iso_time"":""2026-09-21T14:47:05.669Z"",""relative_ms"":270452,""video_time_sec"":238.895,""probe_id"":""Block 2_3_3918474b"",""probe_index"":3,""probe_schedule_id"":""3918474b-ae0a-4606-8a3b-2ba085aae97b"",""probe_planned_time_sec"":238.761,""video_id"":""V5"",""pause_reason"":""thought_probe"",""resume_status"":""playing""}",4f31ef37-4b28-414b-891c-fd15b33e84f7,sub-008,ses-001,aa587837-a6a8-4224-b56e-8f29377fdcc1,cabcb684-47f5-4be9-90ff-5df78d11e560,1790002025.701393,1790002025.669,975876,cabcb684-47f5-4be9-90ff-5df78d11e560,browser_calibrated,-0.014207124710083008,6.999969482421875,238823,238823,0,-15.399932861328125,host_receive_nearest,verified,1,1,,,,,,,,,1,,,,,,,,,,,,,,,,,,,,V5,A,238.895,1790002025.669,1790002025.701393,238823,Block 2_3_3918474b,,,,,,,,,thought_probe
a57e19e3-c346-4f80-bf27-37943a1e74c7,probe_onset,1790002147.7196429,1077.352,269339,2,2,,1,G08,A,focused,probe_onset,Block 2_4_3918474b,,0.0,0.0,,,,,,,"{""client_event_id"":""a57e19e3-c346-4f80-bf27-37943a1e74c7"",""recorder_run_id"":""4f31ef37-4b28-414b-891c-fd15b33e84f7"",""client_id"":""cabcb684-47f5-4be9-90ff-5df78d11e560"",""client_timestamp"":1790002147.723,""client_monotonic_ms"":1097930.099999994,""event_timestamp"":1790002147.7196429,""clock_offset_sec"":-0.0033571720123291016,""clock_round_trip_ms"":6.700038909912109,""subject_id"":""sub-008"",""session_id"":""ses-001"",""block_id"":""Block 2"",""counterbalance_group"":""G08"",""block_order"":""Block 2"",""condition"":""A"",""condition_type"":""focused"",""topic_key"":""V5"",""topic_name"":""千古一帝秦始皇都做了什么"",""event_type"":""probe_onset"",""iso_time"":""2026-09-21T14:49:07.723Z"",""relative_ms"":392506,""video_time_sec"":360.892,""probe_id"":""Block 2_4_3918474b"",""probe_index"":4,""probe_schedule_id"":""3918474b-ae0a-4606-8a3b-2ba085aae97b"",""probe_planned_time_sec"":360.792,""video_id"":""V5"",""pause_reason"":""thought_probe"",""forced"":false}",4f31ef37-4b28-414b-891c-fd15b33e84f7,sub-008,ses-001,a57e19e3-c346-4f80-bf27-37943a1e74c7,cabcb684-47f5-4be9-90ff-5df78d11e560,1790002147.717393,1790002147.723,1097930.099999994,cabcb684-47f5-4be9-90ff-5df78d11e560,browser_calibrated,-0.0033571720123291016,6.700038909912109,269338,269338,0,-2.2499561309814453,host_receive_nearest,verified,1,1,,,,,,,,,1,,,,,,,,,,,,,,,,,,,,V5,A,360.892,1790002147.723,1790002147.717393,269338,Block 2_4_3918474b,4,3918474b-ae0a-4606-8a3b-2ba085aae97b,360.792,,,,,,thought_probe
30f24ed9-5b87-44d2-8da3-d0359388ea63,attention_response,1790002150.0833428,1079.696,269934,2,2,,1,G08,A,focused,attention_response,1,,0.0,0.0,,,,,,,"{""client_event_id"":""30f24ed9-5b87-44d2-8da3-d0359388ea63"",""recorder_run_id"":""4f31ef37-4b28-414b-891c-fd15b33e84f7"",""client_id"":""cabcb684-47f5-4be9-90ff-5df78d11e560"",""client_timestamp"":1790002150.0867,""client_monotonic_ms"":1100294.099999994,""event_timestamp"":1790002150.0833428,""clock_offset_sec"":-0.0033571720123291016,""clock_round_trip_ms"":6.700038909912109,""subject_id"":""sub-008"",""session_id"":""ses-001"",""block_id"":""Block 2"",""counterbalance_group"":""G08"",""block_order"":""Block 2"",""condition"":""A"",""condition_type"":""focused"",""topic_key"":""V5"",""topic_name"":""千古一帝秦始皇都做了什么"",""event_type"":""attention_response"",""iso_time"":""2026-09-21T14:49:10.087Z"",""relative_ms"":394870,""video_time_sec"":360.892,""probe_id"":""Block 2_4_3918474b"",""probe_index"":4,""probe_schedule_id"":""3918474b-ae0a-4606-8a3b-2ba085aae97b"",""probe_planned_time_sec"":360.792,""video_id"":""V5"",""response"":1,""response_label"":""课程内容"",""probe_attention"":""ON"",""response_time_ms"":2364}",4f31ef37-4b28-414b-891c-fd15b33e84f7,sub-008,ses-001,30f24ed9-5b87-44d2-8da3-d0359388ea63,cabcb684-47f5-4be9-90ff-5df78d11e560,1790002150.092393,1790002150.0867,1100294.099999994,cabcb684-47f5-4be9-90ff-5df78d11e560,browser_calibrated,-0.0033571720123291016,6.700038909912109,269924,269924,0,9.050130844116211,host_receive_nearest,verified,1,1,,,,,,,,,1,,,,,,,,,,,,,,,,,,,,V5,A,360.892,1790002150.0867,1790002150.1073928,269924,Block 2_4_3918474b,4,3918474b-ae0a-4606-8a3b-2ba085aae97b,360.792,1,课程内容,2364,,ON,
5784ac32-e4f4-40c5-81d7-e6aab0498827,confidence_response,1790002151.154343,1080.772,270194,2,2,,1,G08,A,focused,confidence_response,3,,0.0,0.0,,,,,,,"{""client_event_id"":""5784ac32-e4f4-40c5-81d7-e6aab0498827"",""recorder_run_id"":""4f31ef37-4b28-414b-891c-fd15b33e84f7"",""client_id"":""cabcb684-47f5-4be9-90ff-5df78d11e560"",""client_timestamp"":1790002151.1577,""client_monotonic_ms"":1101364.699999988,""event_timestamp"":1790002151.154343,""clock_offset_sec"":-0.0033571720123291016,""clock_round_trip_ms"":6.700038909912109,""subject_id"":""sub-008"",""session_id"":""ses-001"",""block_id"":""Block 2"",""counterbalance_group"":""G08"",""block_order"":""Block 2"",""condition"":""A"",""condition_type"":""focused"",""topic_key"":""V5"",""topic_name"":""千古一帝秦始皇都做了什么"",""event_type"":""confidence_response"",""iso_time"":""2026-09-21T14:49:11.157Z"",""relative_ms"":395940,""video_time_sec"":360.892,""probe_id"":""Block 2_4_3918474b"",""probe_index"":4,""probe_schedule_id"":""3918474b-ae0a-4606-8a3b-2ba085aae97b"",""probe_planned_time_sec"":360.792,""video_id"":""V5"",""response"":1,""confidence"":3,""response_time_ms"":1071}",4f31ef37-4b28-414b-891c-fd15b33e84f7,sub-008,ses-001,5784ac32-e4f4-40c5-81d7-e6aab0498827,cabcb684-47f5-4be9-90ff-5df78d11e560,1790002151.154393,1790002151.1577,1101364.699999988,cabcb684-47f5-4be9-90ff-5df78d11e560,browser_calibrated,-0.0033571720123291016,6.700038909912109,270193,270193,0,-14.950037002563477,host_receive_nearest,verified,1,1,,,,,,,,,1,,,,,,,,,,,,,,,,,,,,V5,A,360.892,1790002151.1577,1790002151.1703928,270193,Block 2_4_3918474b,4,3918474b-ae0a-4606-8a3b-2ba085aae97b,360.792,,,1071,3,,
063d9c77-9f24-4abc-9545-b8e0e504e142,phase_change,1790002151.169643,1080.776,270209,2,2,,1,G08,A,focused,phase_change,video,,0.0,0.0,,,,,,,,4f31ef37-4b28-414b-891c-fd15b33e84f7,sub-008,ses-001,063d9c77-9f24-4abc-9545-b8e0e504e142,cabcb684-47f5-4be9-90ff-5df78d11e560,1790002151.201393,1790002151.173,1101380,cabcb684-47f5-4be9-90ff-5df78d11e560,browser_calibrated,-0.0033571720123291016,6.700038909912109,270194,270194,0,0.7498264312744141,host_receive_nearest,verified,1,1,,,,,,,,,1,,,,,,,,,,,,,,,,,,,,V5,A,360.966,1790002151.173,1790002151.201393,270194,,,,,,,,,,
063d9c77-9f24-4abc-9545-b8e0e504e142,video_resume,1790002151.169643,1080.776,270209,2,2,,1,G08,A,focused,video_resume,360.966,,0.0,0.0,,,,,,,"{""client_event_id"":""063d9c77-9f24-4abc-9545-b8e0e504e142"",""recorder_run_id"":""4f31ef37-4b28-414b-891c-fd15b33e84f7"",""client_id"":""cabcb684-47f5-4be9-90ff-5df78d11e560"",""client_timestamp"":1790002151.173,""client_monotonic_ms"":1101380,""event_timestamp"":1790002151.169643,""clock_offset_sec"":-0.0033571720123291016,""clock_round_trip_ms"":6.700038909912109,""subject_id"":""sub-008"",""session_id"":""ses-001"",""block_id"":""Block 2"",""counterbalance_group"":""G08"",""block_order"":""Block 2"",""condition"":""A"",""condition_type"":""focused"",""topic_key"":""V5"",""topic_name"":""千古一帝秦始皇都做了什么"",""event_type"":""video_resume"",""iso_time"":""2026-09-21T14:49:11.173Z"",""relative_ms"":395956,""video_time_sec"":360.966,""probe_id"":""Block 2_4_3918474b"",""probe_index"":4,""probe_schedule_id"":""3918474b-ae0a-4606-8a3b-2ba085aae97b"",""probe_planned_time_sec"":360.792,""video_id"":""V5"",""pause_reason"":""thought_probe"",""resume_status"":""playing""}",4f31ef37-4b28-414b-891c-fd15b33e84f7,sub-008,ses-001,063d9c77-9f24-4abc-9545-b8e0e504e142,cabcb684-47f5-4be9-90ff-5df78d11e560,1790002151.201393,1790002151.173,1101380,cabcb684-47f5-4be9-90ff-5df78d11e560,browser_calibrated,-0.0033571720123291016,6.700038909912109,270194,270194,0,0.7498264312744141,host_receive_nearest,verified,1,1,,,,,,,,,1,,,,,,,,,,,,,,,,,,,,V5,A,360.966,1790002151.173,1790002151.201393,270194,Block 2_4_3918474b,,,,,,,,,thought_probe
bd93225b-d0e2-4ed5-a007-f9cf780fc45e,video_end,1790002181.305743,1110.908,277728,2,2,,1,G08,A,focused,video_end,V5,,0.0,0.0,,,,,,,,4f31ef37-4b28-414b-891c-fd15b33e84f7,sub-008,ses-001,bd93225b-d0e2-4ed5-a007-f9cf780fc45e,cabcb684-47f5-4be9-90ff-5df78d11e560,1790002181.342393,1790002181.3091002,1131516.199999988,cabcb684-47f5-4be9-90ff-5df78d11e560,browser_calibrated,-0.0033571720123291016,6.700038909912109,277727,277727,0,-41.35012626647949,host_receive_nearest,verified,1,1,,,,,,,,,1,,,,,,,,,,,,,,,,,,,,V5,A,391.048,1790002181.3091002,1790002181.342393,277727,,,,,,,,,,
bd93225b-d0e2-4ed5-a007-f9cf780fc45e,browser_video_ended,1790002181.305743,1110.908,277728,2,2,,1,G08,A,focused,browser_video_ended,,,0.0,0.0,,,,,,,"{""client_event_id"":""bd93225b-d0e2-4ed5-a007-f9cf780fc45e"",""recorder_run_id"":""4f31ef37-4b28-414b-891c-fd15b33e84f7"",""client_id"":""cabcb684-47f5-4be9-90ff-5df78d11e560"",""client_timestamp"":1790002181.3091002,""client_monotonic_ms"":1131516.199999988,""event_timestamp"":1790002181.305743,""clock_offset_sec"":-0.0033571720123291016,""clock_round_trip_ms"":6.700038909912109,""subject_id"":""sub-008"",""session_id"":""ses-001"",""block_id"":""Block 2"",""counterbalance_group"":""G08"",""block_order"":""Block 2"",""condition"":""A"",""condition_type"":""focused"",""topic_key"":""V5"",""topic_name"":""千古一帝秦始皇都做了什么"",""event_type"":""video_ended"",""iso_time"":""2026-09-21T14:49:41.309Z"",""relative_ms"":426092,""video_time_sec"":391.048}",4f31ef37-4b28-414b-891c-fd15b33e84f7,sub-008,ses-001,bd93225b-d0e2-4ed5-a007-f9cf780fc45e,cabcb684-47f5-4be9-90ff-5df78d11e560,1790002181.342393,1790002181.3091002,1131516.199999988,cabcb684-47f5-4be9-90ff-5df78d11e560,browser_calibrated,-0.0033571720123291016,6.700038909912109,277727,277727,0,-41.35012626647949,host_receive_nearest,verified,1,1,,,,,,,,,1,,,,,,,,,,,,,,,,,,,,V5,A,391.048,1790002181.3091002,1790002181.342393,277727,,,,,,,,,,
aede8370-031b-47d1-8bb4-22b4a659123d,browser_block_end,1790002181.327643,1110.912,277753,2,2,,1,G08,A,focused,browser_block_end,视频自然播放结束,,0.0,0.0,,,,,,,"{""client_event_id"":""aede8370-031b-47d1-8bb4-22b4a659123d"",""recorder_run_id"":""4f31ef37-4b28-414b-891c-fd15b33e84f7"",""client_id"":""cabcb684-47f5-4be9-90ff-5df78d11e560"",""client_timestamp"":1790002181.331,""client_monotonic_ms"":1131538,""event_timestamp"":1790002181.327643,""clock_offset_sec"":-0.0033571720123291016,""clock_round_trip_ms"":6.700038909912109,""subject_id"":""sub-008"",""session_id"":""ses-001"",""block_id"":""Block 2"",""counterbalance_group"":""G08"",""block_order"":""Block 2"",""condition"":""A"",""condition_type"":""focused"",""topic_key"":""V5"",""topic_name"":""千古一帝秦始皇都做了什么"",""event_type"":""block_end"",""iso_time"":""2026-09-21T14:49:41.331Z"",""relative_ms"":426113,""video_time_sec"":391.048,""reason"":""视频自然播放结束""}",4f31ef37-4b28-414b-891c-fd15b33e84f7,sub-008,ses-001,aede8370-031b-47d1-8bb4-22b4a659123d,cabcb684-47f5-4be9-90ff-5df78d11e560,1790002181.404393,1790002181.331,1131538,cabcb684-47f5-4be9-90ff-5df78d11e560,browser_calibrated,-0.0033571720123291016,6.700038909912109,277728,277728,0,14.750003814697266,host_receive_nearest,verified,1,1,,,,,,,,,1,,,,,,,,,,,,,,,,,,,,V5,A,391.048,1790002181.331,1790002181.404393,277728,,,,,,,,,,
71e72a56-06f2-4ea8-bd55-33dd0a57a609,rating_start,1790002181.347143,1110.988,277768,2,2,,1,G08,A,focused,rating_start,,,0.0,0.0,,,,,,,"{""client_event_id"":""71e72a56-06f2-4ea8-bd55-33dd0a57a609"",""recorder_run_id"":""4f31ef37-4b28-414b-891c-fd15b33e84f7"",""client_id"":""cabcb684-47f5-4be9-90ff-5df78d11e560"",""client_timestamp"":1790002181.3505,""client_monotonic_ms"":1131557.599999994,""event_timestamp"":1790002181.347143,""clock_offset_sec"":-0.0033571720123291016,""clock_round_trip_ms"":6.700038909912109,""subject_id"":""sub-008"",""session_id"":""ses-001"",""block_id"":""Block 2"",""counterbalance_group"":""G08"",""block_order"":""Block 2"",""condition"":""A"",""condition_type"":""focused"",""topic_key"":""V5"",""topic_name"":""千古一帝秦始皇都做了什么"",""event_type"":""rating_start"",""iso_time"":""2026-09-21T14:49:41.350Z"",""relative_ms"":426133,""video_time_sec"":391.048}",4f31ef37-4b28-414b-891c-fd15b33e84f7,sub-008,ses-001,71e72a56-06f2-4ea8-bd55-33dd0a57a609,cabcb684-47f5-4be9-90ff-5df78d11e560,1790002181.4353929,1790002181.3505,1131557.599999994,cabcb684-47f5-4be9-90ff-5df78d11e560,browser_calibrated,-0.0033571720123291016,6.700038909912109,277747,277747,0,-4.75001335144043,host_receive_nearest,verified,1,1,,,,,,,,,1,,,,,,,,,,,,,,,,,,,,V5,A,391.048,1790002181.3505,1790002181.4353929,277747,,,,,,,,,,
eb9599fe-7cae-4f10-9de4-55b3352c6636,rating_item_response,1790002185.5743427,1115.192,278803,2,2,,1,G08,A,focused,rating_item_response,4,,0.0,0.0,,,,,,,"{""client_event_id"":""eb9599fe-7cae-4f10-9de4-55b3352c6636"",""recorder_run_id"":""4f31ef37-4b28-414b-891c-fd15b33e84f7"",""client_id"":""cabcb684-47f5-4be9-90ff-5df78d11e560"",""client_timestamp"":1790002185.5777,""client_monotonic_ms"":1135784.699999988,""event_timestamp"":1790002185.5743427,""clock_offset_sec"":-0.0033571720123291016,""clock_round_trip_ms"":7.299661636352539,""subject_id"":""sub-008"",""session_id"":""ses-001"",""block_id"":""Block 2"",""counterbalance_group"":""G08"",""block_order"":""Block 2"",""condition"":""A"",""condition_type"":""focused"",""topic_key"":""V5"",""topic_name"":""千古一帝秦始皇都做了什么"",""event_type"":""rating_item_response"",""iso_time"":""2026-09-21T14:49:45.577Z"",""relative_ms"":430360,""video_time_sec"":391.048,""rating_item"":""course_attention_rating"",""rating_value"":""4"",""response_time_ms"":4227}",4f31ef37-4b28-414b-891c-fd15b33e84f7,sub-008,ses-001,eb9599fe-7cae-4f10-9de4-55b3352c6636,cabcb684-47f5-4be9-90ff-5df78d11e560,1790002185.6073928,1790002185.5777,1135784.699999988,cabcb684-47f5-4be9-90ff-5df78d11e560,browser_calibrated,-0.0033571720123291016,7.299661636352539,278798,278798,0,2.050161361694336,host_receive_nearest,verified,1,1,,,,,,,,,1,,,,,,,,,,,,,course_attention_rating,4,,,,,,V5,A,391.048,1790002185.5777,1790002185.6073928,278798,,,,,,,4227,,,
07c182d7-f901-4544-bb8f-ddc4cf7657fc,rating_item_response,1790002187.5703428,1117.188,279308,2,2,,1,G08,A,focused,rating_item_response,2,,0.0,0.0,,,,,,,"{""client_event_id"":""07c182d7-f901-4544-bb8f-ddc4cf7657fc"",""recorder_run_id"":""4f31ef37-4b28-414b-891c-fd15b33e84f7"",""client_id"":""cabcb684-47f5-4be9-90ff-5df78d11e560"",""client_timestamp"":1790002187.5737,""client_monotonic_ms"":1137780.699999988,""event_timestamp"":1790002187.5703428,""clock_offset_sec"":-0.0033571720123291016,""clock_round_trip_ms"":7.299661636352539,""subject_id"":""sub-008"",""session_id"":""ses-001"",""block_id"":""Block 2"",""counterbalance_group"":""G08"",""block_order"":""Block 2"",""condition"":""A"",""condition_type"":""focused"",""topic_key"":""V5"",""topic_name"":""千古一帝秦始皇都做了什么"",""event_type"":""rating_item_response"",""iso_time"":""2026-09-21T14:49:47.573Z"",""relative_ms"":432356,""video_time_sec"":391.048,""rating_item"":""mental_effort"",""rating_value"":""2"",""response_time_ms"":6223}",4f31ef37-4b28-414b-891c-fd15b33e84f7,sub-008,ses-001,07c182d7-f901-4544-bb8f-ddc4cf7657fc,cabcb684-47f5-4be9-90ff-5df78d11e560,1790002187.592393,1790002187.5737,1137780.699999988,cabcb684-47f5-4be9-90ff-5df78d11e560,browser_calibrated,-0.0033571720123291016,7.299661636352539,279297,279297,0,-9.949922561645508,host_receive_nearest,verified,1,1,,,,,,,,,1,,,,,,,,,,,,,mental_effort,2,,,,,,V5,A,391.048,1790002187.5737,1790002187.592393,279297,,,,,,,6223,,,
60826343-a9f8-4863-b56d-feb8912bde1e,rating_item_response,1790002189.708443,1119.332,279838,2,2,,1,G08,A,focused,rating_item_response,3,,0.0,0.0,,,,,,,"{""client_event_id"":""60826343-a9f8-4863-b56d-feb8912bde1e"",""recorder_run_id"":""4f31ef37-4b28-414b-891c-fd15b33e84f7"",""client_id"":""cabcb684-47f5-4be9-90ff-5df78d11e560"",""client_timestamp"":1790002189.7248,""client_monotonic_ms"":1139931.7999999821,""event_timestamp"":1790002189.708443,""clock_offset_sec"":-0.0163571834564209,""clock_round_trip_ms"":7.500171661376953,""subject_id"":""sub-008"",""session_id"":""ses-001"",""block_id"":""Block 2"",""counterbalance_group"":""G08"",""block_order"":""Block 2"",""condition"":""A"",""condition_type"":""focused"",""topic_key"":""V5"",""topic_name"":""千古一帝秦始皇都做了什么"",""event_type"":""rating_item_response"",""iso_time"":""2026-09-21T14:49:49.724Z"",""relative_ms"":434507,""video_time_sec"":391.048,""rating_item"":""mental_effort"",""rating_value"":""3"",""response_time_ms"":8374}",4f31ef37-4b28-414b-891c-fd15b33e84f7,sub-008,ses-001,60826343-a9f8-4863-b56d-feb8912bde1e,cabcb684-47f5-4be9-90ff-5df78d11e560,1790002189.7323928,1790002189.7248,1139931.7999999821,cabcb684-47f5-4be9-90ff-5df78d11e560,browser_calibrated,-0.0163571834564209,7.500171661376953,279833,279833,0,8.949995040893555,host_receive_nearest,verified,1,1,,,,,,,,,1,,,,,,,,,,,,,mental_effort,3,,,,,,V5,A,391.048,1790002189.7248,1790002189.7323928,279833,,,,,,,8374,,,
cf692e72-83c2-459c-af5e-fe42f0be905a,rating_item_response,1790002191.7815428,1121.408,280358,2,2,,1,G08,A,focused,rating_item_response,2,,0.0,0.0,,,,,,,"{""client_event_id"":""cf692e72-83c2-459c-af5e-fe42f0be905a"",""recorder_run_id"":""4f31ef37-4b28-414b-891c-fd15b33e84f7"",""client_id"":""cabcb684-47f5-4be9-90ff-5df78d11e560"",""client_timestamp"":1790002191.7979,""client_monotonic_ms"":1142004.900000006,""event_timestamp"":1790002191.7815428,""clock_offset_sec"":-0.0163571834564209,""clock_round_trip_ms"":7.500171661376953,""subject_id"":""sub-008"",""session_id"":""ses-001"",""block_id"":""Block 2"",""counterbalance_group"":""G08"",""block_order"":""Block 2"",""condition"":""A"",""condition_type"":""focused"",""topic_key"":""V5"",""topic_name"":""千古一帝秦始皇都做了什么"",""event_type"":""rating_item_response"",""iso_time"":""2026-09-21T14:49:51.797Z"",""relative_ms"":436580,""video_time_sec"":391.048,""rating_item"":""video_interest"",""rating_value"":""2"",""response_time_ms"":10447}",4f31ef37-4b28-414b-891c-fd15b33e84f7,sub-008,ses-001,cf692e72-83c2-459c-af5e-fe42f0be905a,cabcb684-47f5-4be9-90ff-5df78d11e560,1790002191.8103929,1790002191.7979,1142004.900000006,cabcb684-47f5-4be9-90ff-5df78d11e560,browser_calibrated,-0.0163571834564209,7.500171661376953,280352,280352,0,-2.149820327758789,host_receive_nearest,verified,1,1,,,,,,,,,1,,,,,,,,,,,,,video_interest,2,,,,,,V5,A,391.048,1790002191.7979,1790002191.8103929,280352,,,,,,,10447,,,
9fbc0d89-cc29-41ee-ae84-d15bee9898f1,rating_item_response,1790002193.520443,1123.132,280793,2,2,,1,G08,A,focused,rating_item_response,2,,0.0,0.0,,,,,,,"{""client_event_id"":""9fbc0d89-cc29-41ee-ae84-d15bee9898f1"",""recorder_run_id"":""4f31ef37-4b28-414b-891c-fd15b33e84f7"",""client_id"":""cabcb684-47f5-4be9-90ff-5df78d11e560"",""client_timestamp"":1790002193.5368001,""client_monotonic_ms"":1143743.7999999821,""event_timestamp"":1790002193.520443,""clock_offset_sec"":-0.0163571834564209,""clock_round_trip_ms"":7.500171661376953,""subject_id"":""sub-008"",""session_id"":""ses-001"",""block_id"":""Block 2"",""counterbalance_group"":""G08"",""block_order"":""Block 2"",""condition"":""A"",""condition_type"":""focused"",""topic_key"":""V5"",""topic_name"":""千古一帝秦始皇都做了什么"",""event_type"":""rating_item_response"",""iso_time"":""2026-09-21T14:49:53.536Z"",""relative_ms"":438319,""video_time_sec"":391.048,""rating_item"":""video_difficulty"",""rating_value"":""2"",""response_time_ms"":12186}",4f31ef37-4b28-414b-891c-fd15b33e84f7,sub-008,ses-001,9fbc0d89-cc29-41ee-ae84-d15bee9898f1,cabcb684-47f5-4be9-90ff-5df78d11e560,1790002193.5453928,1790002193.5368001,1143743.7999999821,cabcb684-47f5-4be9-90ff-5df78d11e560,browser_calibrated,-0.0163571834564209,7.500171661376953,280783,280783,0,8.949995040893555,host_receive_nearest,verified,1,1,,,,,,,,,1,,,,,,,,,,,,,video_difficulty,2,,,,,,V5,A,391.048,1790002193.5368001,1790002193.5453928,280783,,,,,,,12186,,,
12f75c6e-0c57-4e2d-aafa-04f53ed849ed,rating_end,1790002197.0759428,1126.708,281678,2,2,,1,G08,A,focused,rating_end,,15.742,0.0,0.0,,,,,,,"{""client_event_id"":""12f75c6e-0c57-4e2d-aafa-04f53ed849ed"",""recorder_run_id"":""4f31ef37-4b28-414b-891c-fd15b33e84f7"",""client_id"":""cabcb684-47f5-4be9-90ff-5df78d11e560"",""client_timestamp"":1790002197.0923,""client_monotonic_ms"":1147299.2999999821,""event_timestamp"":1790002197.0759428,""clock_offset_sec"":-0.0163571834564209,""clock_round_trip_ms"":7.500171661376953,""subject_id"":""sub-008"",""session_id"":""ses-001"",""block_id"":""Block 2"",""counterbalance_group"":""G08"",""block_order"":""Block 2"",""condition"":""A"",""condition_type"":""focused"",""topic_key"":""V5"",""topic_name"":""千古一帝秦始皇都做了什么"",""event_type"":""rating_end"",""iso_time"":""2026-09-21T14:49:57.092Z"",""relative_ms"":441875,""video_time_sec"":391.048,""video_id"":""V5"",""course_attention_rating"":4,""mental_effort"":3,""video_interest"":2,""video_difficulty"":2,""subtraction_compliance"":"""",""subtraction_difficulty"":"""",""reported_final_number"":"""",""duration_sec"":15.742,""submitted_iso"":""2026-09-21T14:49:57.092Z"",""submitted_relative_ms"":441875}",4f31ef37-4b28-414b-891c-fd15b33e84f7,sub-008,ses-001,12f75c6e-0c57-4e2d-aafa-04f53ed849ed,cabcb684-47f5-4be9-90ff-5df78d11e560,1790002197.092393,1790002197.0923,1147299.2999999821,cabcb684-47f5-4be9-90ff-5df78d11e560,browser_calibrated,-0.0163571834564209,7.500171661376953,281677,281677,0,-15.549898147583008,host_receive_nearest,verified,1,1,,,,,,,,,1,,,,4,3,2,2,,,,,,,,,,,,,V5,A,391.048,1790002197.0923,1790002197.092393,281677,,,,,,,,,,
d2ebc954-84c8-4d04-a0d2-b5ef263915b9,quiz_start,1790002197.0879428,1126.708,281693,2,2,,1,G08,A,focused,quiz_start,,,0.0,0.0,,,,,,,"{""client_event_id"":""d2ebc954-84c8-4d04-a0d2-b5ef263915b9"",""recorder_run_id"":""4f31ef37-4b28-414b-891c-fd15b33e84f7"",""client_id"":""cabcb684-47f5-4be9-90ff-5df78d11e560"",""client_timestamp"":1790002197.1043,""client_monotonic_ms"":1147311.400000006,""event_timestamp"":1790002197.0879428,""clock_offset_sec"":-0.0163571834564209,""clock_round_trip_ms"":7.500171661376953,""subject_id"":""sub-008"",""session_id"":""ses-001"",""block_id"":""Block 2"",""counterbalance_group"":""G08"",""block_order"":""Block 2"",""condition"":""A"",""condition_type"":""focused"",""topic_key"":""V5"",""topic_name"":""千古一帝秦始皇都做了什么"",""event_type"":""quiz_start"",""iso_time"":""2026-09-21T14:49:57.104Z"",""relative_ms"":441887,""video_time_sec"":391.048}",4f31ef37-4b28-414b-891c-fd15b33e84f7,sub-008,ses-001,d2ebc954-84c8-4d04-a0d2-b5ef263915b9,cabcb684-47f5-4be9-90ff-5df78d11e560,1790002197.154393,1790002197.1043,1147311.400000006,cabcb684-47f5-4be9-90ff-5df78d11e560,browser_calibrated,-0.0163571834564209,7.500171661376953,281677,281677,0,-27.54998207092285,host_receive_nearest,verified,1,1,,,,,,,,,1,,,,,,,,,,,,,,,,,,,,V5,A,391.048,1790002197.1043,1790002197.154393,281677,,,,,,,,,,
e49719bd-9a4f-42e3-91b2-e8423d6f91df,quiz_item_response,1790002242.5787928,1172.228,293058,2,2,,1,G08,A,focused,quiz_item_response,秦朝什么时候建立的？,,0.0,0.0,,V5Q1,B,B,True,31116,"{""client_event_id"":""e49719bd-9a4f-42e3-91b2-e8423d6f91df"",""recorder_run_id"":""4f31ef37-4b28-414b-891c-fd15b33e84f7"",""client_id"":""cabcb684-47f5-4be9-90ff-5df78d11e560"",""client_timestamp"":1790002242.5942,""client_monotonic_ms"":1192801.199999988,""event_timestamp"":1790002242.5787928,""clock_offset_sec"":-0.015407085418701172,""clock_round_trip_ms"":6.399869918823242,""subject_id"":""sub-008"",""session_id"":""ses-001"",""block_id"":""Block 2"",""counterbalance_group"":""G08"",""block_order"":""Block 2"",""condition"":""A"",""condition_type"":""focused"",""topic_key"":""V5"",""topic_name"":""千古一帝秦始皇都做了什么"",""event_type"":""quiz_item_response"",""iso_time"":""2026-09-21T14:50:42.594Z"",""relative_ms"":487377,""video_time_sec"":391.048,""video_id"":""V5"",""question_id"":""V5Q1"",""question_text"":""秦朝什么时候建立的？"",""response_index"":1,""response_letter"":""B"",""response_text"":""公元前221年"",""correct_index"":1,""correct_letter"":""B"",""correct_text"":""公元前221年"",""is_correct"":true,""reaction_time_ms"":31116,""submitted_iso"":""2026-09-21T14:50:42.594Z"",""submitted_relative_ms"":487377}",4f31ef37-4b28-414b-891c-fd15b33e84f7,sub-008,ses-001,e49719bd-9a4f-42e3-91b2-e8423d6f91df,cabcb684-47f5-4be9-90ff-5df78d11e560,1790002242.592393,1790002242.5942,1192801.199999988,cabcb684-47f5-4be9-90ff-5df78d11e560,browser_calibrated,-0.015407085418701172,6.399869918823242,293057,293057,0,-2.399921417236328,host_receive_nearest,verified,1,1,,,,,,,,,1,,,,,,,,,,,,,,,,,秦朝什么时候建立的？,1,公元前221年,V5,A,391.048,1790002242.5942,1790002242.6073928,293057,,,,,,,,,,
dfc817bc-d90f-4b52-a03e-b342066684b4,quiz_item_response,1790002242.5904927,1172.228,293078,2,2,,1,G08,A,focused,quiz_item_response,秦始皇统一六国后，在地方上推行了什么制度来取代分封制？,,0.0,0.0,,V5Q2,B,B,True,9029,"{""client_event_id"":""dfc817bc-d90f-4b52-a03e-b342066684b4"",""recorder_run_id"":""4f31ef37-4b28-414b-891c-fd15b33e84f7"",""client_id"":""cabcb684-47f5-4be9-90ff-5df78d11e560"",""client_timestamp"":1790002242.6058998,""client_monotonic_ms"":1192813,""event_timestamp"":1790002242.5904927,""clock_offset_sec"":-0.015407085418701172,""clock_round_trip_ms"":6.399869918823242,""subject_id"":""sub-008"",""session_id"":""ses-001"",""block_id"":""Block 2"",""counterbalance_group"":""G08"",""block_order"":""Block 2"",""condition"":""A"",""condition_type"":""focused"",""topic_key"":""V5"",""topic_name"":""千古一帝秦始皇都做了什么"",""event_type"":""quiz_item_response"",""iso_time"":""2026-09-21T14:50:42.605Z"",""relative_ms"":487388,""video_time_sec"":391.048,""video_id"":""V5"",""question_id"":""V5Q2"",""question_text"":""秦始皇统一六国后，在地方上推行了什么制度来取代分封制？"",""response_index"":1,""response_letter"":""B"",""response_text"":""郡县制"",""correct_index"":1,""correct_letter"":""B"",""correct_text"":""郡县制"",""is_correct"":true,""reaction_time_ms"":9029,""submitted_iso"":""2026-09-21T14:50:42.605Z"",""submitted_relative_ms"":487388}",4f31ef37-4b28-414b-891c-fd15b33e84f7,sub-008,ses-001,dfc817bc-d90f-4b52-a03e-b342066684b4,cabcb684-47f5-4be9-90ff-5df78d11e560,1790002242.717393,1790002242.6058998,1192813,cabcb684-47f5-4be9-90ff-5df78d11e560,browser_calibrated,-0.015407085418701172,6.399869918823242,293057,293057,0,-14.099836349487305,host_receive_nearest,verified,1,1,,,,,,,,,1,,,,,,,,,,,,,,,,,秦始皇统一六国后，在地方上推行了什么制度来取代分封制？,1,郡县制,V5,A,391.048,1790002242.6058998,1790002242.717393,293057,,,,,,,,,,
128a95ee-3a33-4ec2-967d-83fc219ed6cc,quiz_item_response,1790002242.603093,1172.232,293103,2,2,,1,G08,A,focused,quiz_item_response,秦始皇统一后，规定全国通行的标准文字是什么？,,0.0,0.0,,V5Q3,C,C,True,43463,"{""client_event_id"":""128a95ee-3a33-4ec2-967d-83fc219ed6cc"",""recorder_run_id"":""4f31ef37-4b28-414b-891c-fd15b33e84f7"",""client_id"":""cabcb684-47f5-4be9-90ff-5df78d11e560"",""client_timestamp"":1790002242.6185,""client_monotonic_ms"":1192825.5,""event_timestamp"":1790002242.603093,""clock_offset_sec"":-0.015407085418701172,""clock_round_trip_ms"":6.399869918823242,""subject_id"":""sub-008"",""session_id"":""ses-001"",""block_id"":""Block 2"",""counterbalance_group"":""G08"",""block_order"":""Block 2"",""condition"":""A"",""condition_type"":""focused"",""topic_key"":""V5"",""topic_name"":""千古一帝秦始皇都做了什么"",""event_type"":""quiz_item_response"",""iso_time"":""2026-09-21T14:50:42.618Z"",""relative_ms"":487401,""video_time_sec"":391.048,""video_id"":""V5"",""question_id"":""V5Q3"",""question_text"":""秦始皇统一后，规定全国通行的标准文字是什么？"",""response_index"":2,""response_letter"":""C"",""response_text"":""小篆"",""correct_index"":2,""correct_letter"":""C"",""correct_text"":""小篆"",""is_correct"":true,""reaction_time_ms"":43463,""submitted_iso"":""2026-09-21T14:50:42.618Z"",""submitted_relative_ms"":487401}",4f31ef37-4b28-414b-891c-fd15b33e84f7,sub-008,ses-001,128a95ee-3a33-4ec2-967d-83fc219ed6cc,cabcb684-47f5-4be9-90ff-5df78d11e560,1790002242.7643929,1790002242.6185,1192825.5,cabcb684-47f5-4be9-90ff-5df78d11e560,browser_calibrated,-0.015407085418701172,6.399869918823242,293058,293058,0,4.29987907409668,host_receive_nearest,verified,1,1,,,,,,,,,1,,,,,,,,,,,,,,,,,秦始皇统一后，规定全国通行的标准文字是什么？,2,小篆,V5,A,391.048,1790002242.6185,1790002242.7643929,293058,,,,,,,,,,
37d4abe0-5a0e-4d40-b765-499e7926b3cb,quiz_item_response,1790002242.6135929,1172.248,293108,2,2,,1,G08,A,focused,quiz_item_response,秦始皇为促进各地经济交流，统一了以下哪一项？,,0.0,0.0,,V5Q4,A,C,False,44385,"{""client_event_id"":""37d4abe0-5a0e-4d40-b765-499e7926b3cb"",""recorder_run_id"":""4f31ef37-4b28-414b-891c-fd15b33e84f7"",""client_id"":""cabcb684-47f5-4be9-90ff-5df78d11e560"",""client_timestamp"":1790002242.629,""client_monotonic_ms"":1192836.099999994,""event_timestamp"":1790002242.6135929,""clock_offset_sec"":-0.015407085418701172,""clock_round_trip_ms"":6.399869918823242,""subject_id"":""sub-008"",""session_id"":""ses-001"",""block_id"":""Block 2"",""counterbalance_group"":""G08"",""block_order"":""Block 2"",""condition"":""A"",""condition_type"":""focused"",""topic_key"":""V5"",""topic_name"":""千古一帝秦始皇都做了什么"",""event_type"":""quiz_item_response"",""iso_time"":""2026-09-21T14:50:42.629Z"",""relative_ms"":487412,""video_time_sec"":391.048,""video_id"":""V5"",""question_id"":""V5Q4"",""question_text"":""秦始皇为促进各地经济交流，统一了以下哪一项？"",""response_index"":2,""response_letter"":""C"",""response_text"":""统一使用刀币"",""correct_index"":0,""correct_letter"":""A"",""correct_text"":""统一货币为半两钱"",""is_correct"":false,""reaction_time_ms"":44385,""submitted_iso"":""2026-09-21T14:50:42.628Z"",""submitted_relative_ms"":487411}",4f31ef37-4b28-414b-891c-fd15b33e84f7,sub-008,ses-001,37d4abe0-5a0e-4d40-b765-499e7926b3cb,cabcb684-47f5-4be9-90ff-5df78d11e560,1790002242.7953928,1790002242.629,1192836.099999994,cabcb684-47f5-4be9-90ff-5df78d11e560,browser_calibrated,-0.015407085418701172,6.399869918823242,293062,293062,0,-6.200075149536133,host_receive_nearest,verified,1,1,,,,,,,,,1,,,,,,,,,,,,,,,,,秦始皇为促进各地经济交流，统一了以下哪一项？,2,统一使用刀币,V5,A,391.048,1790002242.629,1790002242.7953928,293062,,,,,,,,,,
3451f934-4d83-4890-b1db-149c29876a45,quiz_end,1790002242.626093,1172.248,293108,2,2,,1,G08,A,focused,quiz_end,3/4,45.537,0.0,0.0,,,,,,,"{""client_event_id"":""3451f934-4d83-4890-b1db-149c29876a45"",""recorder_run_id"":""4f31ef37-4b28-414b-891c-fd15b33e84f7"",""client_id"":""cabcb684-47f5-4be9-90ff-5df78d11e560"",""client_timestamp"":1790002242.6415,""client_monotonic_ms"":1192848.5,""event_timestamp"":1790002242.626093,""clock_offset_sec"":-0.015407085418701172,""clock_round_trip_ms"":6.399869918823242,""subject_id"":""sub-008"",""session_id"":""ses-001"",""block_id"":""Block 2"",""counterbalance_group"":""G08"",""block_order"":""Block 2"",""condition"":""A"",""condition_type"":""focused"",""topic_key"":""V5"",""topic_name"":""千古一帝秦始皇都做了什么"",""event_type"":""quiz_end"",""iso_time"":""2026-09-21T14:50:42.641Z"",""relative_ms"":487424,""video_time_sec"":391.048,""score"":3,""total"":4,""duration_sec"":45.537}",4f31ef37-4b28-414b-891c-fd15b33e84f7,sub-008,ses-001,3451f934-4d83-4890-b1db-149c29876a45,cabcb684-47f5-4be9-90ff-5df78d11e560,1790002242.8103929,1790002242.6415,1192848.5,cabcb684-47f5-4be9-90ff-5df78d11e560,browser_calibrated,-0.015407085418701172,6.399869918823242,293062,293062,0,-18.700122833251953,host_receive_nearest,verified,1,1,,,,,,,,,1,,,,,,,,,,,,,,,3,4,,,,V5,A,391.048,1790002242.6415,1790002242.8103929,293062,,,,,,,,,,
3451f934-4d83-4890-b1db-149c29876a45,block_end,1790002242.626093,1172.248,293108,2,2,,1,G08,A,focused,block_end,V5,,0.0,0.0,,,,,,,,4f31ef37-4b28-414b-891c-fd15b33e84f7,sub-008,ses-001,3451f934-4d83-4890-b1db-149c29876a45,cabcb684-47f5-4be9-90ff-5df78d11e560,1790002242.8103929,1790002242.6415,1192848.5,cabcb684-47f5-4be9-90ff-5df78d11e560,browser_calibrated,-0.015407085418701172,6.399869918823242,293062,293062,0,-18.700122833251953,host_receive_nearest,verified,1,1,,,,,,,,,1,,,,,,,,,,,,,,,,,,,,V5,A,391.048,1790002242.6415,1790002242.8103929,293062,,,,,,,,,,
4c18a400-0919-447a-869c-5b3428654fe0,rest_start,1790002242.6430929,1172.252,293118,2,2,,1,G08,A,focused,rest_start,after-block-2,,0.0,0.0,,,,,,,"{""client_event_id"":""4c18a400-0919-447a-869c-5b3428654fe0"",""recorder_run_id"":""4f31ef37-4b28-414b-891c-fd15b33e84f7"",""client_id"":""cabcb684-47f5-4be9-90ff-5df78d11e560"",""client_timestamp"":1790002242.6585,""client_monotonic_ms"":1192865.5,""event_timestamp"":1790002242.6430929,""clock_offset_sec"":-0.015407085418701172,""clock_round_trip_ms"":6.399869918823242,""subject_id"":""sub-008"",""session_id"":""ses-001"",""block_id"":""Block 2"",""counterbalance_group"":""G08"",""block_order"":""Block 2"",""condition"":""A"",""condition_type"":""focused"",""topic_key"":""V5"",""topic_name"":""千古一帝秦始皇都做了什么"",""event_type"":""rest_start"",""iso_time"":""2026-09-21T14:50:42.658Z"",""relative_ms"":487441,""video_time_sec"":391.048,""after_block_id"":2,""planned_duration"":30,""actual_duration"":"""",""is_formal_experiment"":0}",4f31ef37-4b28-414b-891c-fd15b33e84f7,sub-008,ses-001,4c18a400-0919-447a-869c-5b3428654fe0,cabcb684-47f5-4be9-90ff-5df78d11e560,1790002242.842393,1790002242.6585,1192865.5,cabcb684-47f5-4be9-90ff-5df78d11e560,browser_calibrated,-0.015407085418701172,6.399869918823242,293063,293063,0,27.299880981445312,host_receive_nearest,verified,0,1,,,,,2,,30,,0,,,,,,,,,,,,,,,,,,,,V5,A,391.048,1790002242.6585,1790002242.842393,293063,,,,,,,,,,
989534cf-3a88-41d8-b952-76fe94da3ba9,rest_end,1790002274.561343,1204.208,301053,2,2,,1,G08,A,focused,rest_end,after-block-2,31.914,0.0,0.0,,,,,,,"{""client_event_id"":""989534cf-3a88-41d8-b952-76fe94da3ba9"",""recorder_run_id"":""4f31ef37-4b28-414b-891c-fd15b33e84f7"",""client_id"":""cabcb684-47f5-4be9-90ff-5df78d11e560"",""client_timestamp"":1790002274.5727,""client_monotonic_ms"":1224779.7999999821,""event_timestamp"":1790002274.561343,""clock_offset_sec"":-0.01135706901550293,""clock_round_trip_ms"":6.700038909912109,""subject_id"":""sub-008"",""session_id"":""ses-001"",""block_id"":""Block 2"",""counterbalance_group"":""G08"",""block_order"":""Block 2"",""condition"":""A"",""condition_type"":""focused"",""topic_key"":""V5"",""topic_name"":""千古一帝秦始皇都做了什么"",""event_type"":""rest_end"",""iso_time"":""2026-09-21T14:51:14.572Z"",""relative_ms"":519355,""video_time_sec"":391.048,""after_block_id"":2,""planned_duration"":30,""actual_duration"":31.914,""duration_sec"":31.914,""is_formal_experiment"":0,""debug_early"":false}",4f31ef37-4b28-414b-891c-fd15b33e84f7,sub-008,ses-001,989534cf-3a88-41d8-b952-76fe94da3ba9,cabcb684-47f5-4be9-90ff-5df78d11e560,1790002274.576393,1790002274.5727,1224779.7999999821,cabcb684-47f5-4be9-90ff-5df78d11e560,browser_calibrated,-0.01135706901550293,6.700038909912109,301052,301052,0,-0.9500980377197266,host_receive_nearest,verified,0,1,,,,,2,,30,31.914,0,,,,,,,,,,,,,,,,,,,,V5,A,391.048,1790002274.5727,1790002274.576393,301052,,,,,,,,,,
62797368-d9ed-4f63-8c9b-d5a18480c0d0,block_start,1790002277.5709429,1207.208,301803,3,3,,1,G08,B,bbbd_subtraction,block_start,V6,,0.0,0.0,,,,,,,condition=B; condition_type=bbbd_subtraction,4f31ef37-4b28-414b-891c-fd15b33e84f7,sub-008,ses-001,62797368-d9ed-4f63-8c9b-d5a18480c0d0,cabcb684-47f5-4be9-90ff-5df78d11e560,1790002277.576393,1790002277.5823,1227789.2999999821,cabcb684-47f5-4be9-90ff-5df78d11e560,browser_calibrated,-0.01135706901550293,6.700038909912109,301802,301802,0,-10.55002212524414,host_receive_nearest,verified,0,1,937,1790001064.6393929,,,,,,,1,,,,,,,,,,,,,,,,,,,,V6,B,0,1790002277.5823,1790002277.576393,301802,,,,,,,,,,
62797368-d9ed-4f63-8c9b-d5a18480c0d0,condition_prompt_start,1790002277.5709429,1207.208,301803,3,3,,1,G08,B,bbbd_subtraction,condition_prompt_start,B,,0.0,0.0,,,,,,,,4f31ef37-4b28-414b-891c-fd15b33e84f7,sub-008,ses-001,62797368-d9ed-4f63-8c9b-d5a18480c0d0,cabcb684-47f5-4be9-90ff-5df78d11e560,1790002277.576393,1790002277.5823,1227789.2999999821,cabcb684-47f5-4be9-90ff-5df78d11e560,browser_calibrated,-0.01135706901550293,6.700038909912109,301802,301802,0,-10.55002212524414,host_receive_nearest,verified,0,1,,,,,,,,,1,,,,,,,,,,,,,,,,,,,,V6,B,0,1790002277.5823,1790002277.576393,301802,,,,,,,,,,
62797368-d9ed-4f63-8c9b-d5a18480c0d0,browser_block_config,1790002277.5709429,1207.208,301803,3,3,,1,G08,B,bbbd_subtraction,browser_block_config,V6,,0.0,0.0,,,,,,,"{""client_event_id"":""62797368-d9ed-4f63-8c9b-d5a18480c0d0"",""recorder_run_id"":""4f31ef37-4b28-414b-891c-fd15b33e84f7"",""client_id"":""cabcb684-47f5-4be9-90ff-5df78d11e560"",""client_timestamp"":1790002277.5823,""client_monotonic_ms"":1227789.2999999821,""event_timestamp"":1790002277.5709429,""clock_offset_sec"":-0.01135706901550293,""clock_round_trip_ms"":6.700038909912109,""subject_id"":""sub-008"",""session_id"":""ses-001"",""block_id"":""Block 3"",""counterbalance_group"":""G08"",""block_order"":""Block 3"",""condition"":""B"",""condition_type"":""bbbd_subtraction"",""topic_key"":""V6"",""topic_name"":""孔子的救世秘籍 仁爱 礼治 德治 中庸"",""event_type"":""block_start"",""iso_time"":""2026-09-21T14:51:17.582Z"",""relative_ms"":0,""video_time_sec"":0,""block_start_iso"":""2026-09-21T14:51:17.582Z"",""config_json"":""{\""recorder_run_id\"":\""4f31ef37-4b28-414b-891c-fd15b33e84f7\"",\""subject_id\"":\""sub-008\"",\""session_id\"":\""ses-001\"",\""block_id\"":\""Block 3\"",\""counterbalance_group\"":\""G08\"",\""condition\"":\""B\"",\""condition_type\"":\""bbbd_subtraction\"",\""topic_key\"":\""V6\"",\""topic_name\"":\""孔子的救世秘籍 仁爱 礼治 德治 中庸\"",\""video_file\"":\""视频6-混知漫画｜孔子的救世秘籍！仁爱，礼治，德治，中庸~孔子（下）-480P 标清-AVC.mp4\"",\""start_number\"":937,\""generated_timestamp\"":1790001064.6393929}""}",4f31ef37-4b28-414b-891c-fd15b33e84f7,sub-008,ses-001,62797368-d9ed-4f63-8c9b-d5a18480c0d0,cabcb684-47f5-4be9-90ff-5df78d11e560,1790002277.576393,1790002277.5823,1227789.2999999821,cabcb684-47f5-4be9-90ff-5df78d11e560,browser_calibrated,-0.01135706901550293,6.700038909912109,301802,301802,0,-10.55002212524414,host_receive_nearest,verified,0,1,,,,,,,,,1,,,,,,,,,,,,,,,,,,,,V6,B,0,1790002277.5823,1790002277.576393,301802,,,,,,,,,,
b3c335af-bf5d-47e4-8114-3709e3254cff,probe_schedule,1790002277.637243,1207.272,301823,3,3,,1,G08,B,bbbd_subtraction,probe_schedule,"81.293,156.409,210.71,287.847",,0.0,0.0,,,,,,,"{""client_event_id"":""b3c335af-bf5d-47e4-8114-3709e3254cff"",""recorder_run_id"":""4f31ef37-4b28-414b-891c-fd15b33e84f7"",""client_id"":""cabcb684-47f5-4be9-90ff-5df78d11e560"",""client_timestamp"":1790002277.6486,""client_monotonic_ms"":1227855.599999994,""event_timestamp"":1790002277.637243,""clock_offset_sec"":-0.01135706901550293,""clock_round_trip_ms"":6.700038909912109,""subject_id"":""sub-008"",""session_id"":""ses-001"",""block_id"":""Block 3"",""counterbalance_group"":""G08"",""block_order"":""Block 3"",""condition"":""B"",""condition_type"":""bbbd_subtraction"",""topic_key"":""V6"",""topic_name"":""孔子的救世秘籍 仁爱 礼治 德治 中庸"",""event_type"":""probe_schedule"",""iso_time"":""2026-09-21T14:51:17.648Z"",""relative_ms"":66,""video_time_sec"":0,""probe_schedule_id"":""eb2beee8-79d9-4a63-bf04-8c82f195117a"",""probe_times"":[81.293,156.409,210.71,287.847],""probe_config"":{""probes_per_block"":4,""min_first_onset_sec"":45,""min_end_margin_sec"":30,""min_gap_sec"":45},""video_duration_sec"":325.753,""video_id"":""V6"",""debug_fast"":false}",4f31ef37-4b28-414b-891c-fd15b33e84f7,sub-008,ses-001,b3c335af-bf5d-47e4-8114-3709e3254cff,cabcb684-47f5-4be9-90ff-5df78d11e560,1790002277.654393,1790002277.6486,1227855.599999994,cabcb684-47f5-4be9-90ff-5df78d11e560,browser_calibrated,-0.01135706901550293,6.700038909912109,301818,301818,0,2.149820327758789,host_receive_nearest,verified,1,1,,,,,,,,,1,,,,,,,,,,,,,,,,,,,,V6,B,0,1790002277.6486,1790002277.654393,301818,,4,eb2beee8-79d9-4a63-bf04-8c82f195117a,,,,,,,
61e6d0f9-b32b-4902-a984-da6c7fd8f340,subtraction_start_number_displayed,1790002277.649143,1207.28,301833,3,3,,1,G08,B,bbbd_subtraction,subtraction_start_number_displayed,937,,0.0,0.0,,,,,,,"{""client_event_id"":""61e6d0f9-b32b-4902-a984-da6c7fd8f340"",""recorder_run_id"":""4f31ef37-4b28-414b-891c-fd15b33e84f7"",""client_id"":""cabcb684-47f5-4be9-90ff-5df78d11e560"",""client_timestamp"":1790002277.6605,""client_monotonic_ms"":1227867.599999994,""event_timestamp"":1790002277.649143,""clock_offset_sec"":-0.01135706901550293,""clock_round_trip_ms"":6.700038909912109,""subject_id"":""sub-008"",""session_id"":""ses-001"",""block_id"":""Block 3"",""counterbalance_group"":""G08"",""block_order"":""Block 3"",""condition"":""B"",""condition_type"":""bbbd_subtraction"",""topic_key"":""V6"",""topic_name"":""孔子的救世秘籍 仁爱 礼治 德治 中庸"",""event_type"":""subtraction_start_number_displayed"",""iso_time"":""2026-09-21T14:51:17.660Z"",""relative_ms"":79,""video_time_sec"":0,""start_number"":937,""generated_timestamp"":1790001064.6393929,""displayed_timestamp"":1790002277.6605}",4f31ef37-4b28-414b-891c-fd15b33e84f7,sub-008,ses-001,61e6d0f9-b32b-4902-a984-da6c7fd8f340,cabcb684-47f5-4be9-90ff-5df78d11e560,1790002277.701393,1790002277.6605,1227867.599999994,cabcb684-47f5-4be9-90ff-5df78d11e560,browser_calibrated,-0.01135706901550293,6.700038909912109,301820,301820,0,5.249977111816406,host_receive_nearest,verified,1,0,937,1790001064.6393929,1790002277.6605,,,,,,1,,,,,,,,,,,,,,,,,,,,V6,B,0,1790002277.6605,1790002277.701393,301820,,,,,,,,,,
bb4765fc-cbac-43ca-a6f6-6a78967dba52,condition_prompt_end,1790002282.7008998,1212.272,303098,3,3,,1,G08,B,bbbd_subtraction,condition_prompt_end,0,,0.0,0.0,,,,,,,"{""client_event_id"":""bb4765fc-cbac-43ca-a6f6-6a78967dba52"",""recorder_run_id"":""4f31ef37-4b28-414b-891c-fd15b33e84f7"",""client_id"":""cabcb684-47f5-4be9-90ff-5df78d11e560"",""client_timestamp"":1790002282.701,""client_monotonic_ms"":1232908,""event_timestamp"":1790002282.7008998,""clock_offset_sec"":-0.01135706901550293,""clock_round_trip_ms"":6.700038909912109,""subject_id"":""sub-008"",""session_id"":""ses-001"",""block_id"":""Block 3"",""counterbalance_group"":""G08"",""block_order"":""Block 3"",""condition"":""B"",""condition_type"":""bbbd_subtraction"",""topic_key"":""V6"",""topic_name"":""孔子的救世秘籍 仁爱 礼治 德治 中庸"",""event_type"":""condition_prompt_end"",""iso_time"":""2026-09-21T14:51:22.701Z"",""relative_ms"":5119,""video_time_sec"":0}",4f31ef37-4b28-414b-891c-fd15b33e84f7,sub-008,ses-001,bb4765fc-cbac-43ca-a6f6-6a78967dba52,cabcb684-47f5-4be9-90ff-5df78d11e560,1790002282.7643929,1790002282.701,1232908,cabcb684-47f5-4be9-90ff-5df78d11e560,browser_calibrated,-0.01135706901550293,6.700038909912109,303068,303068,0,47.49298095703125,host_receive_nearest,verified,1,0,,,,,,,,,1,,,,,,,,,,,,,,,,,,,,V6,B,0,1790002282.701,1790002282.7643929,303068,,,,,,,,,,
0b162d1e-2e9f-4688-8ac5-c44212c18877,video_start,1790002282.7008998,1212.272,303108,3,3,,1,G08,B,bbbd_subtraction,video_start,V6,,0.0,0.0,,,,,,,,4f31ef37-4b28-414b-891c-fd15b33e84f7,sub-008,ses-001,0b162d1e-2e9f-4688-8ac5-c44212c18877,cabcb684-47f5-4be9-90ff-5df78d11e560,1790002282.7953928,1790002282.7201002,1232927.199999988,cabcb684-47f5-4be9-90ff-5df78d11e560,browser_calibrated,-0.01135706901550293,6.700038909912109,303068,303068,0,47.49298095703125,host_receive_nearest,verified,1,1,,,,,,,,,1,,,,,,,,,,,,,,,,,,,,V6,B,0,1790002282.7201002,1790002282.7953928,303068,,,,,,,,,,
0b162d1e-2e9f-4688-8ac5-c44212c18877,video_play,1790002282.7008998,1212.272,303108,3,3,,1,G08,B,bbbd_subtraction,video_play,0,,0.0,0.0,,,,,,,"{""client_event_id"":""0b162d1e-2e9f-4688-8ac5-c44212c18877"",""recorder_run_id"":""4f31ef37-4b28-414b-891c-fd15b33e84f7"",""client_id"":""cabcb684-47f5-4be9-90ff-5df78d11e560"",""client_timestamp"":1790002282.7201002,""client_monotonic_ms"":1232927.199999988,""event_timestamp"":1790002282.7008998,""clock_offset_sec"":-0.01135706901550293,""clock_round_trip_ms"":6.700038909912109,""subject_id"":""sub-008"",""session_id"":""ses-001"",""block_id"":""Block 3"",""counterbalance_group"":""G08"",""block_order"":""Block 3"",""condition"":""B"",""condition_type"":""bbbd_subtraction"",""topic_key"":""V6"",""topic_name"":""孔子的救世秘籍 仁爱 礼治 德治 中庸"",""event_type"":""video_play"",""iso_time"":""2026-09-21T14:51:22.720Z"",""relative_ms"":5138,""video_time_sec"":0}",4f31ef37-4b28-414b-891c-fd15b33e84f7,sub-008,ses-001,0b162d1e-2e9f-4688-8ac5-c44212c18877,cabcb684-47f5-4be9-90ff-5df78d11e560,1790002282.7953928,1790002282.7201002,1232927.199999988,cabcb684-47f5-4be9-90ff-5df78d11e560,browser_calibrated,-0.01135706901550293,6.700038909912109,303068,303068,0,47.49298095703125,host_receive_nearest,verified,1,1,,,,,,,,,1,,,,,,,,,,,,,,,,,,,,V6,B,0,1790002282.7201002,1790002282.7953928,303068,,,,,,,,,,
87e35a3f-d211-4949-ac24-319b30d65186,subtraction_start_number_hidden,1790002282.7008998,1212.272,303113,3,3,,1,G08,B,bbbd_subtraction,subtraction_start_number_hidden,937,,0.0,0.0,,,,,,,"{""client_event_id"":""87e35a3f-d211-4949-ac24-319b30d65186"",""recorder_run_id"":""4f31ef37-4b28-414b-891c-fd15b33e84f7"",""client_id"":""cabcb684-47f5-4be9-90ff-5df78d11e560"",""client_timestamp"":1790002282.7411,""client_monotonic_ms"":1232948.2999999821,""event_timestamp"":1790002282.7008998,""clock_offset_sec"":-0.01135706901550293,""clock_round_trip_ms"":6.700038909912109,""subject_id"":""sub-008"",""session_id"":""ses-001"",""block_id"":""Block 3"",""counterbalance_group"":""G08"",""block_order"":""Block 3"",""condition"":""B"",""condition_type"":""bbbd_subtraction"",""topic_key"":""V6"",""topic_name"":""孔子的救世秘籍 仁爱 礼治 德治 中庸"",""event_type"":""subtraction_start_number_hidden"",""iso_time"":""2026-09-21T14:51:22.741Z"",""relative_ms"":5159,""video_time_sec"":0,""start_number"":937,""generated_timestamp"":1790001064.6393929,""displayed_timestamp"":1790002277.6605,""hidden_timestamp"":1790002282.7008998}",4f31ef37-4b28-414b-891c-fd15b33e84f7,sub-008,ses-001,87e35a3f-d211-4949-ac24-319b30d65186,cabcb684-47f5-4be9-90ff-5df78d11e560,1790002282.8103929,1790002282.7411,1232948.2999999821,cabcb684-47f5-4be9-90ff-5df78d11e560,browser_calibrated,-0.01135706901550293,6.700038909912109,303068,303068,0,47.49298095703125,host_receive_nearest,verified,1,0,937,1790001064.6393929,1790002277.6605,1790002282.7008998,,,,,1,,,,,,,,,,,,,,,,,,,,V6,B,0,1790002282.7411,1790002282.8103929,303068,,,,,,,,,,
37766028-d21f-4bd5-a940-777fa9112d6d,probe_onset,1790002364.239693,1293.864,323467,3,3,,1,G08,B,bbbd_subtraction,probe_onset,Block 3_1_eb2beee8,,0.0,0.0,,,,,,,"{""client_event_id"":""37766028-d21f-4bd5-a940-777fa9112d6d"",""recorder_run_id"":""4f31ef37-4b28-414b-891c-fd15b33e84f7"",""client_id"":""cabcb684-47f5-4be9-90ff-5df78d11e560"",""client_timestamp"":1790002364.253,""client_monotonic_ms"":1314460,""event_timestamp"":1790002364.239693,""clock_offset_sec"":-0.01330709457397461,""clock_round_trip_ms"":6.799936294555664,""subject_id"":""sub-008"",""session_id"":""ses-001"",""block_id"":""Block 3"",""counterbalance_group"":""G08"",""block_order"":""Block 3"",""condition"":""B"",""condition_type"":""bbbd_subtraction"",""topic_key"":""V6"",""topic_name"":""孔子的救世秘籍 仁爱 礼治 德治 中庸"",""event_type"":""probe_onset"",""iso_time"":""2026-09-21T14:52:44.253Z"",""relative_ms"":86671,""video_time_sec"":81.504,""probe_id"":""Block 3_1_eb2beee8"",""probe_index"":1,""probe_schedule_id"":""eb2beee8-79d9-4a63-bf04-8c82f195117a"",""probe_planned_time_sec"":81.293,""video_id"":""V6"",""pause_reason"":""thought_probe"",""forced"":false}",4f31ef37-4b28-414b-891c-fd15b33e84f7,sub-008,ses-001,37766028-d21f-4bd5-a940-777fa9112d6d,cabcb684-47f5-4be9-90ff-5df78d11e560,1790002364.2483928,1790002364.253,1314460,cabcb684-47f5-4be9-90ff-5df78d11e560,browser_calibrated,-0.01330709457397461,6.799936294555664,323466,323466,0,-7.300138473510742,host_receive_nearest,verified,1,1,,,,,,,,,1,,,,,,,,,,,,,,,,,,,,V6,B,81.504,1790002364.253,1790002364.2483928,323466,Block 3_1_eb2beee8,1,eb2beee8-79d9-4a63-bf04-8c82f195117a,81.293,,,,,,thought_probe
56374a54-5e70-47f0-a1f0-97e29538fa12,attention_response,1790002366.8628929,1296.448,324127,3,3,,1,G08,B,bbbd_subtraction,attention_response,1,,0.0,0.0,,,,,,,"{""client_event_id"":""56374a54-5e70-47f0-a1f0-97e29538fa12"",""recorder_run_id"":""4f31ef37-4b28-414b-891c-fd15b33e84f7"",""client_id"":""cabcb684-47f5-4be9-90ff-5df78d11e560"",""client_timestamp"":1790002366.8762,""client_monotonic_ms"":1317083.2999999821,""event_timestamp"":1790002366.8628929,""clock_offset_sec"":-0.01330709457397461,""clock_round_trip_ms"":6.799936294555664,""subject_id"":""sub-008"",""session_id"":""ses-001"",""block_id"":""Block 3"",""counterbalance_group"":""G08"",""block_order"":""Block 3"",""condition"":""B"",""condition_type"":""bbbd_subtraction"",""topic_key"":""V6"",""topic_name"":""孔子的救世秘籍 仁爱 礼治 德治 中庸"",""event_type"":""attention_response"",""iso_time"":""2026-09-21T14:52:46.876Z"",""relative_ms"":89294,""video_time_sec"":81.504,""probe_id"":""Block 3_1_eb2beee8"",""probe_index"":1,""probe_schedule_id"":""eb2beee8-79d9-4a63-bf04-8c82f195117a"",""probe_planned_time_sec"":81.293,""video_id"":""V6"",""response"":1,""response_label"":""课程内容"",""probe_attention"":""ON"",""response_time_ms"":2624}",4f31ef37-4b28-414b-891c-fd15b33e84f7,sub-008,ses-001,56374a54-5e70-47f0-a1f0-97e29538fa12,cabcb684-47f5-4be9-90ff-5df78d11e560,1790002366.8733928,1790002366.8762,1317083.2999999821,cabcb684-47f5-4be9-90ff-5df78d11e560,browser_calibrated,-0.01330709457397461,6.799936294555664,324112,324112,0,10.499954223632812,host_receive_nearest,verified,1,1,,,,,,,,,1,,,,,,,,,,,,,,,,,,,,V6,B,81.504,1790002366.8762,1790002366.8893929,324112,Block 3_1_eb2beee8,1,eb2beee8-79d9-4a63-bf04-8c82f195117a,81.293,1,课程内容,2624,,ON,
f8498242-9593-4e14-aeb7-e15571870f03,confidence_response,1790002367.664393,1297.284,324322,3,3,,1,G08,B,bbbd_subtraction,confidence_response,4,,0.0,0.0,,,,,,,"{""client_event_id"":""f8498242-9593-4e14-aeb7-e15571870f03"",""recorder_run_id"":""4f31ef37-4b28-414b-891c-fd15b33e84f7"",""client_id"":""cabcb684-47f5-4be9-90ff-5df78d11e560"",""client_timestamp"":1790002367.6777,""client_monotonic_ms"":1317884.699999988,""event_timestamp"":1790002367.664393,""clock_offset_sec"":-0.01330709457397461,""clock_round_trip_ms"":6.799936294555664,""subject_id"":""sub-008"",""session_id"":""ses-001"",""block_id"":""Block 3"",""counterbalance_group"":""G08"",""block_order"":""Block 3"",""condition"":""B"",""condition_type"":""bbbd_subtraction"",""topic_key"":""V6"",""topic_name"":""孔子的救世秘籍 仁爱 礼治 德治 中庸"",""event_type"":""confidence_response"",""iso_time"":""2026-09-21T14:52:47.677Z"",""relative_ms"":90096,""video_time_sec"":81.504,""probe_id"":""Block 3_1_eb2beee8"",""probe_index"":1,""probe_schedule_id"":""eb2beee8-79d9-4a63-bf04-8c82f195117a"",""probe_planned_time_sec"":81.293,""video_id"":""V6"",""response"":1,""confidence"":4,""response_time_ms"":802}",4f31ef37-4b28-414b-891c-fd15b33e84f7,sub-008,ses-001,f8498242-9593-4e14-aeb7-e15571870f03,cabcb684-47f5-4be9-90ff-5df78d11e560,1790002367.6853929,1790002367.6777,1317884.699999988,cabcb684-47f5-4be9-90ff-5df78d11e560,browser_calibrated,-0.01330709457397461,6.799936294555664,324321,324321,0,-9.999990463256836,host_receive_nearest,verified,1,1,,,,,,,,,1,,,,,,,,,,,,,,,,,,,,V6,B,81.504,1790002367.6777,1790002367.6853929,324321,Block 3_1_eb2beee8,1,eb2beee8-79d9-4a63-bf04-8c82f195117a,81.293,,,802,4,,
c166c515-1b0b-4d14-8b98-c6b174827b79,phase_change,1790002367.682293,1297.288,324337,3,3,,1,G08,B,bbbd_subtraction,phase_change,video,,0.0,0.0,,,,,,,,4f31ef37-4b28-414b-891c-fd15b33e84f7,sub-008,ses-001,c166c515-1b0b-4d14-8b98-c6b174827b79,cabcb684-47f5-4be9-90ff-5df78d11e560,1790002367.7323928,1790002367.6956,1317902.599999994,cabcb684-47f5-4be9-90ff-5df78d11e560,browser_calibrated,-0.01330709457397461,6.799936294555664,324322,324322,0,19.099950790405273,host_receive_nearest,verified,1,1,,,,,,,,,1,,,,,,,,,,,,,,,,,,,,V6,B,81.572,1790002367.6956,1790002367.7323928,324322,,,,,,,,,,
c166c515-1b0b-4d14-8b98-c6b174827b79,video_resume,1790002367.682293,1297.288,324337,3,3,,1,G08,B,bbbd_subtraction,video_resume,81.572,,0.0,0.0,,,,,,,"{""client_event_id"":""c166c515-1b0b-4d14-8b98-c6b174827b79"",""recorder_run_id"":""4f31ef37-4b28-414b-891c-fd15b33e84f7"",""client_id"":""cabcb684-47f5-4be9-90ff-5df78d11e560"",""client_timestamp"":1790002367.6956,""client_monotonic_ms"":1317902.599999994,""event_timestamp"":1790002367.682293,""clock_offset_sec"":-0.01330709457397461,""clock_round_trip_ms"":6.799936294555664,""subject_id"":""sub-008"",""session_id"":""ses-001"",""block_id"":""Block 3"",""counterbalance_group"":""G08"",""block_order"":""Block 3"",""condition"":""B"",""condition_type"":""bbbd_subtraction"",""topic_key"":""V6"",""topic_name"":""孔子的救世秘籍 仁爱 礼治 德治 中庸"",""event_type"":""video_resume"",""iso_time"":""2026-09-21T14:52:47.695Z"",""relative_ms"":90114,""video_time_sec"":81.572,""probe_id"":""Block 3_1_eb2beee8"",""probe_index"":1,""probe_schedule_id"":""eb2beee8-79d9-4a63-bf04-8c82f195117a"",""probe_planned_time_sec"":81.293,""video_id"":""V6"",""pause_reason"":""thought_probe"",""resume_status"":""playing""}",4f31ef37-4b28-414b-891c-fd15b33e84f7,sub-008,ses-001,c166c515-1b0b-4d14-8b98-c6b174827b79,cabcb684-47f5-4be9-90ff-5df78d11e560,1790002367.7323928,1790002367.6956,1317902.599999994,cabcb684-47f5-4be9-90ff-5df78d11e560,browser_calibrated,-0.01330709457397461,6.799936294555664,324322,324322,0,19.099950790405273,host_receive_nearest,verified,1,1,,,,,,,,,1,,,,,,,,,,,,,,,,,,,,V6,B,81.572,1790002367.6956,1790002367.7323928,324322,Block 3_1_eb2beee8,,,,,,,,,thought_probe
558cae74-f364-4f04-900d-e3e51dbacb39,probe_onset,1790002442.669893,1372.288,343082,3,3,,1,G08,B,bbbd_subtraction,probe_onset,Block 3_2_eb2beee8,,0.0,0.0,,,,,,,"{""client_event_id"":""558cae74-f364-4f04-900d-e3e51dbacb39"",""recorder_run_id"":""4f31ef37-4b28-414b-891c-fd15b33e84f7"",""client_id"":""cabcb684-47f5-4be9-90ff-5df78d11e560"",""client_timestamp"":1790002442.6853,""client_monotonic_ms"":1392892.2999999821,""event_timestamp"":1790002442.669893,""clock_offset_sec"":-0.015407085418701172,""clock_round_trip_ms"":7.199764251708984,""subject_id"":""sub-008"",""session_id"":""ses-001"",""block_id"":""Block 3"",""counterbalance_group"":""G08"",""block_order"":""Block 3"",""condition"":""B"",""condition_type"":""bbbd_subtraction"",""topic_key"":""V6"",""topic_name"":""孔子的救世秘籍 仁爱 礼治 德治 中庸"",""event_type"":""probe_onset"",""iso_time"":""2026-09-21T14:54:02.685Z"",""relative_ms"":165103,""video_time_sec"":156.509,""probe_id"":""Block 3_2_eb2beee8"",""probe_index"":2,""probe_schedule_id"":""eb2beee8-79d9-4a63-bf04-8c82f195117a"",""probe_planned_time_sec"":156.409,""video_id"":""V6"",""pause_reason"":""thought_probe"",""forced"":false}",4f31ef37-4b28-414b-891c-fd15b33e84f7,sub-008,ses-001,558cae74-f364-4f04-900d-e3e51dbacb39,cabcb684-47f5-4be9-90ff-5df78d11e560,1790002442.6853929,1790002442.6853,1392892.2999999821,cabcb684-47f5-4be9-90ff-5df78d11e560,browser_calibrated,-0.015407085418701172,7.199764251708984,343072,343072,0,15.49983024597168,host_receive_nearest,verified,1,1,,,,,,,,,1,,,,,,,,,,,,,,,,,,,,V6,B,156.509,1790002442.6853,1790002442.6853929,343072,Block 3_2_eb2beee8,2,eb2beee8-79d9-4a63-bf04-8c82f195117a,156.409,,,,,,thought_probe
d0dad509-5d91-424b-b941-63dbe161c512,attention_response,1790002445.0129929,1374.628,343667,3,3,,1,G08,B,bbbd_subtraction,attention_response,3,,0.0,0.0,,,,,,,"{""client_event_id"":""d0dad509-5d91-424b-b941-63dbe161c512"",""recorder_run_id"":""4f31ef37-4b28-414b-891c-fd15b33e84f7"",""client_id"":""cabcb684-47f5-4be9-90ff-5df78d11e560"",""client_timestamp"":1790002445.0284,""client_monotonic_ms"":1395235.5,""event_timestamp"":1790002445.0129929,""clock_offset_sec"":-0.015407085418701172,""clock_round_trip_ms"":7.199764251708984,""subject_id"":""sub-008"",""session_id"":""ses-001"",""block_id"":""Block 3"",""counterbalance_group"":""G08"",""block_order"":""Block 3"",""condition"":""B"",""condition_type"":""bbbd_subtraction"",""topic_key"":""V6"",""topic_name"":""孔子的救世秘籍 仁爱 礼治 德治 中庸"",""event_type"":""attention_response"",""iso_time"":""2026-09-21T14:54:05.028Z"",""relative_ms"":167446,""video_time_sec"":156.509,""probe_id"":""Block 3_2_eb2beee8"",""probe_index"":2,""probe_schedule_id"":""eb2beee8-79d9-4a63-bf04-8c82f195117a"",""probe_planned_time_sec"":156.409,""video_id"":""V6"",""response"":3,""response_label"":""其他与课程无关的事情"",""probe_attention"":""OFF"",""response_time_ms"":2343}",4f31ef37-4b28-414b-891c-fd15b33e84f7,sub-008,ses-001,d0dad509-5d91-424b-b941-63dbe161c512,cabcb684-47f5-4be9-90ff-5df78d11e560,1790002445.029393,1790002445.0284,1395235.5,cabcb684-47f5-4be9-90ff-5df78d11e560,browser_calibrated,-0.015407085418701172,7.199764251708984,343657,343657,0,1.399993896484375,host_receive_nearest,verified,1,1,,,,,,,,,1,,,,,,,,,,,,,,,,,,,,V6,B,156.509,1790002445.0284,1790002445.0453928,343657,Block 3_2_eb2beee8,2,eb2beee8-79d9-4a63-bf04-8c82f195117a,156.409,3,其他与课程无关的事情,2343,,OFF,
c1435154-2ffb-4738-9201-7648f767a82c,confidence_response,1790002446.177593,1375.804,343952,3,3,,1,G08,B,bbbd_subtraction,confidence_response,3,,0.0,0.0,,,,,,,"{""client_event_id"":""c1435154-2ffb-4738-9201-7648f767a82c"",""recorder_run_id"":""4f31ef37-4b28-414b-891c-fd15b33e84f7"",""client_id"":""cabcb684-47f5-4be9-90ff-5df78d11e560"",""client_timestamp"":1790002446.193,""client_monotonic_ms"":1396400,""event_timestamp"":1790002446.177593,""clock_offset_sec"":-0.015407085418701172,""clock_round_trip_ms"":7.199764251708984,""subject_id"":""sub-008"",""session_id"":""ses-001"",""block_id"":""Block 3"",""counterbalance_group"":""G08"",""block_order"":""Block 3"",""condition"":""B"",""condition_type"":""bbbd_subtraction"",""topic_key"":""V6"",""topic_name"":""孔子的救世秘籍 仁爱 礼治 德治 中庸"",""event_type"":""confidence_response"",""iso_time"":""2026-09-21T14:54:06.193Z"",""relative_ms"":168611,""video_time_sec"":156.509,""probe_id"":""Block 3_2_eb2beee8"",""probe_index"":2,""probe_schedule_id"":""eb2beee8-79d9-4a63-bf04-8c82f195117a"",""probe_planned_time_sec"":156.409,""video_id"":""V6"",""response"":3,""confidence"":3,""response_time_ms"":1165}",4f31ef37-4b28-414b-891c-fd15b33e84f7,sub-008,ses-001,c1435154-2ffb-4738-9201-7648f767a82c,cabcb684-47f5-4be9-90ff-5df78d11e560,1790002446.1853929,1790002446.193,1396400,cabcb684-47f5-4be9-90ff-5df78d11e560,browser_calibrated,-0.015407085418701172,7.199764251708984,343951,343951,0,-23.200035095214844,host_receive_nearest,verified,1,1,,,,,,,,,1,,,,,,,,,,,,,,,,,,,,V6,B,156.509,1790002446.193,1790002446.201393,343951,Block 3_2_eb2beee8,2,eb2beee8-79d9-4a63-bf04-8c82f195117a,156.409,,,1165,3,,
c174fa41-7c51-446c-b6c3-b8529a0badf8,phase_change,1790002446.1947927,1375.808,343967,3,3,,1,G08,B,bbbd_subtraction,phase_change,video,,0.0,0.0,,,,,,,,4f31ef37-4b28-414b-891c-fd15b33e84f7,sub-008,ses-001,c174fa41-7c51-446c-b6c3-b8529a0badf8,cabcb684-47f5-4be9-90ff-5df78d11e560,1790002446.2483928,1790002446.2101998,1396417.199999988,cabcb684-47f5-4be9-90ff-5df78d11e560,browser_calibrated,-0.015407085418701172,7.199764251708984,343952,343952,0,22.600173950195312,host_receive_nearest,verified,1,1,,,,,,,,,1,,,,,,,,,,,,,,,,,,,,V6,B,156.584,1790002446.2101998,1790002446.2483928,343952,,,,,,,,,,
c174fa41-7c51-446c-b6c3-b8529a0badf8,video_resume,1790002446.1947927,1375.808,343967,3,3,,1,G08,B,bbbd_subtraction,video_resume,156.584,,0.0,0.0,,,,,,,"{""client_event_id"":""c174fa41-7c51-446c-b6c3-b8529a0badf8"",""recorder_run_id"":""4f31ef37-4b28-414b-891c-fd15b33e84f7"",""client_id"":""cabcb684-47f5-4be9-90ff-5df78d11e560"",""client_timestamp"":1790002446.2101998,""client_monotonic_ms"":1396417.199999988,""event_timestamp"":1790002446.1947927,""clock_offset_sec"":-0.015407085418701172,""clock_round_trip_ms"":7.199764251708984,""subject_id"":""sub-008"",""session_id"":""ses-001"",""block_id"":""Block 3"",""counterbalance_group"":""G08"",""block_order"":""Block 3"",""condition"":""B"",""condition_type"":""bbbd_subtraction"",""topic_key"":""V6"",""topic_name"":""孔子的救世秘籍 仁爱 礼治 德治 中庸"",""event_type"":""video_resume"",""iso_time"":""2026-09-21T14:54:06.210Z"",""relative_ms"":168628,""video_time_sec"":156.584,""probe_id"":""Block 3_2_eb2beee8"",""probe_index"":2,""probe_schedule_id"":""eb2beee8-79d9-4a63-bf04-8c82f195117a"",""probe_planned_time_sec"":156.409,""video_id"":""V6"",""pause_reason"":""thought_probe"",""resume_status"":""playing""}",4f31ef37-4b28-414b-891c-fd15b33e84f7,sub-008,ses-001,c174fa41-7c51-446c-b6c3-b8529a0badf8,cabcb684-47f5-4be9-90ff-5df78d11e560,1790002446.2483928,1790002446.2101998,1396417.199999988,cabcb684-47f5-4be9-90ff-5df78d11e560,browser_calibrated,-0.015407085418701172,7.199764251708984,343952,343952,0,22.600173950195312,host_receive_nearest,verified,1,1,,,,,,,,,1,,,,,,,,,,,,,,,,,,,,V6,B,156.584,1790002446.2101998,1790002446.2483928,343952,Block 3_2_eb2beee8,,,,,,,,,thought_probe
3127451a-51d6-40a2-9267-80d027914ab3,probe_onset,1790002500.463693,1430.068,357527,3,3,,1,G08,B,bbbd_subtraction,probe_onset,Block 3_3_eb2beee8,,0.0,0.0,,,,,,,"{""client_event_id"":""3127451a-51d6-40a2-9267-80d027914ab3"",""recorder_run_id"":""4f31ef37-4b28-414b-891c-fd15b33e84f7"",""client_id"":""cabcb684-47f5-4be9-90ff-5df78d11e560"",""client_timestamp"":1790002500.4718,""client_monotonic_ms"":1450678.900000006,""event_timestamp"":1790002500.463693,""clock_offset_sec"":-0.008107185363769531,""clock_round_trip_ms"":7.200002670288086,""subject_id"":""sub-008"",""session_id"":""ses-001"",""block_id"":""Block 3"",""counterbalance_group"":""G08"",""block_order"":""Block 3"",""condition"":""B"",""condition_type"":""bbbd_subtraction"",""topic_key"":""V6"",""topic_name"":""孔子的救世秘籍 仁爱 礼治 德治 中庸"",""event_type"":""probe_onset"",""iso_time"":""2026-09-21T14:55:00.471Z"",""relative_ms"":222890,""video_time_sec"":210.779,""probe_id"":""Block 3_3_eb2beee8"",""probe_index"":3,""probe_schedule_id"":""eb2beee8-79d9-4a63-bf04-8c82f195117a"",""probe_planned_time_sec"":210.71,""video_id"":""V6"",""pause_reason"":""thought_probe"",""forced"":false}",4f31ef37-4b28-414b-891c-fd15b33e84f7,sub-008,ses-001,3127451a-51d6-40a2-9267-80d027914ab3,cabcb684-47f5-4be9-90ff-5df78d11e560,1790002500.467393,1790002500.4718,1450678.900000006,cabcb684-47f5-4be9-90ff-5df78d11e560,browser_calibrated,-0.008107185363769531,7.200002670288086,357517,357517,0,3.7000179290771484,host_receive_nearest,verified,1,1,,,,,,,,,1,,,,,,,,,,,,,,,,,,,,V6,B,210.779,1790002500.4718,1790002500.467393,357517,Block 3_3_eb2beee8,3,eb2beee8-79d9-4a63-bf04-8c82f195117a,210.71,,,,,,thought_probe
c089130d-746c-4891-9184-ae015223c942,attention_response,1790002502.7805927,1432.384,358097,3,3,,1,G08,B,bbbd_subtraction,attention_response,1,,0.0,0.0,,,,,,,"{""client_event_id"":""c089130d-746c-4891-9184-ae015223c942"",""recorder_run_id"":""4f31ef37-4b28-414b-891c-fd15b33e84f7"",""client_id"":""cabcb684-47f5-4be9-90ff-5df78d11e560"",""client_timestamp"":1790002502.7886999,""client_monotonic_ms"":1452995.699999988,""event_timestamp"":1790002502.7805927,""clock_offset_sec"":-0.008107185363769531,""clock_round_trip_ms"":7.200002670288086,""subject_id"":""sub-008"",""session_id"":""ses-001"",""block_id"":""Block 3"",""counterbalance_group"":""G08"",""block_order"":""Block 3"",""condition"":""B"",""condition_type"":""bbbd_subtraction"",""topic_key"":""V6"",""topic_name"":""孔子的救世秘籍 仁爱 礼治 德治 中庸"",""event_type"":""attention_response"",""iso_time"":""2026-09-21T14:55:02.788Z"",""relative_ms"":225207,""video_time_sec"":210.779,""probe_id"":""Block 3_3_eb2beee8"",""probe_index"":3,""probe_schedule_id"":""eb2beee8-79d9-4a63-bf04-8c82f195117a"",""probe_planned_time_sec"":210.71,""video_id"":""V6"",""response"":1,""response_label"":""课程内容"",""probe_attention"":""ON"",""response_time_ms"":2317}",4f31ef37-4b28-414b-891c-fd15b33e84f7,sub-008,ses-001,c089130d-746c-4891-9184-ae015223c942,cabcb684-47f5-4be9-90ff-5df78d11e560,1790002502.7953928,1790002502.7886999,1452995.699999988,cabcb684-47f5-4be9-90ff-5df78d11e560,browser_calibrated,-0.008107185363769531,7.200002670288086,358096,358096,0,-32.199859619140625,host_receive_nearest,verified,1,1,,,,,,,,,1,,,,,,,,,,,,,,,,,,,,V6,B,210.779,1790002502.7886999,1790002502.8103929,358096,Block 3_3_eb2beee8,3,eb2beee8-79d9-4a63-bf04-8c82f195117a,210.71,1,课程内容,2317,,ON,
e11b7f5b-5c34-4587-8fa4-d7b6568ea7fe,confidence_response,1790002503.876993,1433.488,358382,3,3,,1,G08,B,bbbd_subtraction,confidence_response,3,,0.0,0.0,,,,,,,"{""client_event_id"":""e11b7f5b-5c34-4587-8fa4-d7b6568ea7fe"",""recorder_run_id"":""4f31ef37-4b28-414b-891c-fd15b33e84f7"",""client_id"":""cabcb684-47f5-4be9-90ff-5df78d11e560"",""client_timestamp"":1790002503.8851001,""client_monotonic_ms"":1454092.099999994,""event_timestamp"":1790002503.876993,""clock_offset_sec"":-0.008107185363769531,""clock_round_trip_ms"":7.200002670288086,""subject_id"":""sub-008"",""session_id"":""ses-001"",""block_id"":""Block 3"",""counterbalance_group"":""G08"",""block_order"":""Block 3"",""condition"":""B"",""condition_type"":""bbbd_subtraction"",""topic_key"":""V6"",""topic_name"":""孔子的救世秘籍 仁爱 礼治 德治 中庸"",""event_type"":""confidence_response"",""iso_time"":""2026-09-21T14:55:03.885Z"",""relative_ms"":226303,""video_time_sec"":210.779,""probe_id"":""Block 3_3_eb2beee8"",""probe_index"":3,""probe_schedule_id"":""eb2beee8-79d9-4a63-bf04-8c82f195117a"",""probe_planned_time_sec"":210.71,""video_id"":""V6"",""response"":1,""confidence"":3,""response_time_ms"":1097}",4f31ef37-4b28-414b-891c-fd15b33e84f7,sub-008,ses-001,e11b7f5b-5c34-4587-8fa4-d7b6568ea7fe,cabcb684-47f5-4be9-90ff-5df78d11e560,1790002503.8893929,1790002503.8851001,1454092.099999994,cabcb684-47f5-4be9-90ff-5df78d11e560,browser_calibrated,-0.008107185363769531,7.200002670288086,358372,358372,0,12.399911880493164,host_receive_nearest,verified,1,1,,,,,,,,,1,,,,,,,,,,,,,,,,,,,,V6,B,210.779,1790002503.8851001,1790002503.904393,358372,Block 3_3_eb2beee8,3,eb2beee8-79d9-4a63-bf04-8c82f195117a,210.71,,,1097,3,,
fa0bf1a9-21e5-4485-b597-84bc49d5200b,phase_change,1790002503.8935928,1433.524,358387,3,3,,1,G08,B,bbbd_subtraction,phase_change,video,,0.0,0.0,,,,,,,,4f31ef37-4b28-414b-891c-fd15b33e84f7,sub-008,ses-001,fa0bf1a9-21e5-4485-b597-84bc49d5200b,cabcb684-47f5-4be9-90ff-5df78d11e560,1790002503.9353929,1790002503.9017,1454108.699999988,cabcb684-47f5-4be9-90ff-5df78d11e560,browser_calibrated,-0.008107185363769531,7.200002670288086,358381,358381,0,-4.199981689453125,host_receive_nearest,verified,1,1,,,,,,,,,1,,,,,,,,,,,,,,,,,,,,V6,B,210.849,1790002503.9017,1790002503.9353929,358381,,,,,,,,,,
fa0bf1a9-21e5-4485-b597-84bc49d5200b,video_resume,1790002503.8935928,1433.524,358387,3,3,,1,G08,B,bbbd_subtraction,video_resume,210.849,,0.0,0.0,,,,,,,"{""client_event_id"":""fa0bf1a9-21e5-4485-b597-84bc49d5200b"",""recorder_run_id"":""4f31ef37-4b28-414b-891c-fd15b33e84f7"",""client_id"":""cabcb684-47f5-4be9-90ff-5df78d11e560"",""client_timestamp"":1790002503.9017,""client_monotonic_ms"":1454108.699999988,""event_timestamp"":1790002503.8935928,""clock_offset_sec"":-0.008107185363769531,""clock_round_trip_ms"":7.200002670288086,""subject_id"":""sub-008"",""session_id"":""ses-001"",""block_id"":""Block 3"",""counterbalance_group"":""G08"",""block_order"":""Block 3"",""condition"":""B"",""condition_type"":""bbbd_subtraction"",""topic_key"":""V6"",""topic_name"":""孔子的救世秘籍 仁爱 礼治 德治 中庸"",""event_type"":""video_resume"",""iso_time"":""2026-09-21T14:55:03.901Z"",""relative_ms"":226320,""video_time_sec"":210.849,""probe_id"":""Block 3_3_eb2beee8"",""probe_index"":3,""probe_schedule_id"":""eb2beee8-79d9-4a63-bf04-8c82f195117a"",""probe_planned_time_sec"":210.71,""video_id"":""V6"",""pause_reason"":""thought_probe"",""resume_status"":""playing""}",4f31ef37-4b28-414b-891c-fd15b33e84f7,sub-008,ses-001,fa0bf1a9-21e5-4485-b597-84bc49d5200b,cabcb684-47f5-4be9-90ff-5df78d11e560,1790002503.9353929,1790002503.9017,1454108.699999988,cabcb684-47f5-4be9-90ff-5df78d11e560,browser_calibrated,-0.008107185363769531,7.200002670288086,358381,358381,0,-4.199981689453125,host_receive_nearest,verified,1,1,,,,,,,,,1,,,,,,,,,,,,,,,,,,,,V6,B,210.849,1790002503.9017,1790002503.9353929,358381,Block 3_3_eb2beee8,,,,,,,,,thought_probe
6b5aa890-7587-407a-84d1-5b3fcb178055,probe_onset,1790002581.025693,1510.66,377666,3,3,,1,G08,B,bbbd_subtraction,probe_onset,Block 3_4_eb2beee8,,0.0,0.0,,,,,,,"{""client_event_id"":""6b5aa890-7587-407a-84d1-5b3fcb178055"",""recorder_run_id"":""4f31ef37-4b28-414b-891c-fd15b33e84f7"",""client_id"":""cabcb684-47f5-4be9-90ff-5df78d11e560"",""client_timestamp"":1790002581.027,""client_monotonic_ms"":1531234,""event_timestamp"":1790002581.025693,""clock_offset_sec"":-0.0013070106506347656,""clock_round_trip_ms"":7.399797439575195,""subject_id"":""sub-008"",""session_id"":""ses-001"",""block_id"":""Block 3"",""counterbalance_group"":""G08"",""block_order"":""Block 3"",""condition"":""B"",""condition_type"":""bbbd_subtraction"",""topic_key"":""V6"",""topic_name"":""孔子的救世秘籍 仁爱 礼治 德治 中庸"",""event_type"":""probe_onset"",""iso_time"":""2026-09-21T14:56:21.027Z"",""relative_ms"":303445,""video_time_sec"":287.924,""probe_id"":""Block 3_4_eb2beee8"",""probe_index"":4,""probe_schedule_id"":""eb2beee8-79d9-4a63-bf04-8c82f195117a"",""probe_planned_time_sec"":287.847,""video_id"":""V6"",""pause_reason"":""thought_probe"",""forced"":false}",4f31ef37-4b28-414b-891c-fd15b33e84f7,sub-008,ses-001,6b5aa890-7587-407a-84d1-5b3fcb178055,cabcb684-47f5-4be9-90ff-5df78d11e560,1790002581.029393,1790002581.027,1531234,cabcb684-47f5-4be9-90ff-5df78d11e560,browser_calibrated,-0.0013070106506347656,7.399797439575195,377665,377665,0,-11.300086975097656,host_receive_nearest,verified,1,1,,,,,,,,,1,,,,,,,,,,,,,,,,,,,,V6,B,287.924,1790002581.027,1790002581.029393,377665,Block 3_4_eb2beee8,4,eb2beee8-79d9-4a63-bf04-8c82f195117a,287.847,,,,,,thought_probe
41110145-fad2-449a-a75a-120511eccac3,attention_response,1790002583.2352931,1512.88,378221,3,3,,1,G08,B,bbbd_subtraction,attention_response,1,,0.0,0.0,,,,,,,"{""client_event_id"":""41110145-fad2-449a-a75a-120511eccac3"",""recorder_run_id"":""4f31ef37-4b28-414b-891c-fd15b33e84f7"",""client_id"":""cabcb684-47f5-4be9-90ff-5df78d11e560"",""client_timestamp"":1790002583.2366002,""client_monotonic_ms"":1533443.599999994,""event_timestamp"":1790002583.2352931,""clock_offset_sec"":-0.0013070106506347656,""clock_round_trip_ms"":7.399797439575195,""subject_id"":""sub-008"",""session_id"":""ses-001"",""block_id"":""Block 3"",""counterbalance_group"":""G08"",""block_order"":""Block 3"",""condition"":""B"",""condition_type"":""bbbd_subtraction"",""topic_key"":""V6"",""topic_name"":""孔子的救世秘籍 仁爱 礼治 德治 中庸"",""event_type"":""attention_response"",""iso_time"":""2026-09-21T14:56:23.236Z"",""relative_ms"":305654,""video_time_sec"":287.924,""probe_id"":""Block 3_4_eb2beee8"",""probe_index"":4,""probe_schedule_id"":""eb2beee8-79d9-4a63-bf04-8c82f195117a"",""probe_planned_time_sec"":287.847,""video_id"":""V6"",""response"":1,""response_label"":""课程内容"",""probe_attention"":""ON"",""response_time_ms"":2210}",4f31ef37-4b28-414b-891c-fd15b33e84f7,sub-008,ses-001,41110145-fad2-449a-a75a-120511eccac3,cabcb684-47f5-4be9-90ff-5df78d11e560,1790002583.2323928,1790002583.2366002,1533443.599999994,cabcb684-47f5-4be9-90ff-5df78d11e560,browser_calibrated,-0.0013070106506347656,7.399797439575195,378220,378220,0,-2.900362014770508,host_receive_nearest,verified,1,1,,,,,,,,,1,,,,,,,,,,,,,,,,,,,,V6,B,287.924,1790002583.2366002,1790002583.2483928,378220,Block 3_4_eb2beee8,4,eb2beee8-79d9-4a63-bf04-8c82f195117a,287.847,1,课程内容,2210,,ON,
cefcc8a9-4664-40c3-ae09-88a3ebc01cb7,confidence_response,1790002584.231543,1513.824,378466,3,3,,1,G08,B,bbbd_subtraction,confidence_response,4,,0.0,0.0,,,,,,,"{""client_event_id"":""cefcc8a9-4664-40c3-ae09-88a3ebc01cb7"",""recorder_run_id"":""4f31ef37-4b28-414b-891c-fd15b33e84f7"",""client_id"":""cabcb684-47f5-4be9-90ff-5df78d11e560"",""client_timestamp"":1790002584.2401001,""client_monotonic_ms"":1534447.199999988,""event_timestamp"":1790002584.231543,""clock_offset_sec"":-0.00855708122253418,""clock_round_trip_ms"":6.899833679199219,""subject_id"":""sub-008"",""session_id"":""ses-001"",""block_id"":""Block 3"",""counterbalance_group"":""G08"",""block_order"":""Block 3"",""condition"":""B"",""condition_type"":""bbbd_subtraction"",""topic_key"":""V6"",""topic_name"":""孔子的救世秘籍 仁爱 礼治 德治 中庸"",""event_type"":""confidence_response"",""iso_time"":""2026-09-21T14:56:24.240Z"",""relative_ms"":306658,""video_time_sec"":287.924,""probe_id"":""Block 3_4_eb2beee8"",""probe_index"":4,""probe_schedule_id"":""eb2beee8-79d9-4a63-bf04-8c82f195117a"",""probe_planned_time_sec"":287.847,""video_id"":""V6"",""response"":1,""confidence"":4,""response_time_ms"":1004}",4f31ef37-4b28-414b-891c-fd15b33e84f7,sub-008,ses-001,cefcc8a9-4664-40c3-ae09-88a3ebc01cb7,cabcb684-47f5-4be9-90ff-5df78d11e560,1790002584.2323928,1790002584.2401001,1534447.199999988,cabcb684-47f5-4be9-90ff-5df78d11e560,browser_calibrated,-0.00855708122253418,6.899833679199219,378456,378456,0,0.8497238159179688,host_receive_nearest,verified,1,1,,,,,,,,,1,,,,,,,,,,,,,,,,,,,,V6,B,287.924,1790002584.2401001,1790002584.2483928,378456,Block 3_4_eb2beee8,4,eb2beee8-79d9-4a63-bf04-8c82f195117a,287.847,,,1004,4,,
767348db-9124-4a82-aede-ae830f4d527e,phase_change,1790002584.249543,1513.86,378481,3,3,,1,G08,B,bbbd_subtraction,phase_change,video,,0.0,0.0,,,,,,,,4f31ef37-4b28-414b-891c-fd15b33e84f7,sub-008,ses-001,767348db-9124-4a82-aede-ae830f4d527e,cabcb684-47f5-4be9-90ff-5df78d11e560,1790002584.2953928,1790002584.2581,1534465.099999994,cabcb684-47f5-4be9-90ff-5df78d11e560,browser_calibrated,-0.00855708122253418,6.899833679199219,378465,378465,0,-17.150163650512695,host_receive_nearest,verified,1,1,,,,,,,,,1,,,,,,,,,,,,,,,,,,,,V6,B,287.997,1790002584.2581,1790002584.2953928,378465,,,,,,,,,,
767348db-9124-4a82-aede-ae830f4d527e,video_resume,1790002584.249543,1513.86,378481,3,3,,1,G08,B,bbbd_subtraction,video_resume,287.997,,0.0,0.0,,,,,,,"{""client_event_id"":""767348db-9124-4a82-aede-ae830f4d527e"",""recorder_run_id"":""4f31ef37-4b28-414b-891c-fd15b33e84f7"",""client_id"":""cabcb684-47f5-4be9-90ff-5df78d11e560"",""client_timestamp"":1790002584.2581,""client_monotonic_ms"":1534465.099999994,""event_timestamp"":1790002584.249543,""clock_offset_sec"":-0.00855708122253418,""clock_round_trip_ms"":6.899833679199219,""subject_id"":""sub-008"",""session_id"":""ses-001"",""block_id"":""Block 3"",""counterbalance_group"":""G08"",""block_order"":""Block 3"",""condition"":""B"",""condition_type"":""bbbd_subtraction"",""topic_key"":""V6"",""topic_name"":""孔子的救世秘籍 仁爱 礼治 德治 中庸"",""event_type"":""video_resume"",""iso_time"":""2026-09-21T14:56:24.258Z"",""relative_ms"":306676,""video_time_sec"":287.997,""probe_id"":""Block 3_4_eb2beee8"",""probe_index"":4,""probe_schedule_id"":""eb2beee8-79d9-4a63-bf04-8c82f195117a"",""probe_planned_time_sec"":287.847,""video_id"":""V6"",""pause_reason"":""thought_probe"",""resume_status"":""playing""}",4f31ef37-4b28-414b-891c-fd15b33e84f7,sub-008,ses-001,767348db-9124-4a82-aede-ae830f4d527e,cabcb684-47f5-4be9-90ff-5df78d11e560,1790002584.2953928,1790002584.2581,1534465.099999994,cabcb684-47f5-4be9-90ff-5df78d11e560,browser_calibrated,-0.00855708122253418,6.899833679199219,378465,378465,0,-17.150163650512695,host_receive_nearest,verified,1,1,,,,,,,,,1,,,,,,,,,,,,,,,,,,,,V6,B,287.997,1790002584.2581,1790002584.2953928,378465,Block 3_4_eb2beee8,,,,,,,,,thought_probe
5d8ba6b5-657a-4095-a6a4-556d7f4badc6,video_end,1790002622.0868428,1551.7,387926,3,3,,1,G08,B,bbbd_subtraction,video_end,V6,,0.0,0.0,,,,,,,,4f31ef37-4b28-414b-891c-fd15b33e84f7,sub-008,ses-001,5d8ba6b5-657a-4095-a6a4-556d7f4badc6,cabcb684-47f5-4be9-90ff-5df78d11e560,1790002622.1073928,1790002622.0953999,1572302.400000006,cabcb684-47f5-4be9-90ff-5df78d11e560,browser_calibrated,-0.00855708122253418,6.899833679199219,387925,387925,0,-26.449918746948242,host_receive_nearest,verified,1,1,,,,,,,,,1,,,,,,,,,,,,,,,,,,,,V6,B,325.753,1790002622.0953999,1790002622.1073928,387925,,,,,,,,,,
5d8ba6b5-657a-4095-a6a4-556d7f4badc6,browser_video_ended,1790002622.0868428,1551.7,387926,3,3,,1,G08,B,bbbd_subtraction,browser_video_ended,,,0.0,0.0,,,,,,,"{""client_event_id"":""5d8ba6b5-657a-4095-a6a4-556d7f4badc6"",""recorder_run_id"":""4f31ef37-4b28-414b-891c-fd15b33e84f7"",""client_id"":""cabcb684-47f5-4be9-90ff-5df78d11e560"",""client_timestamp"":1790002622.0953999,""client_monotonic_ms"":1572302.400000006,""event_timestamp"":1790002622.0868428,""clock_offset_sec"":-0.00855708122253418,""clock_round_trip_ms"":6.899833679199219,""subject_id"":""sub-008"",""session_id"":""ses-001"",""block_id"":""Block 3"",""counterbalance_group"":""G08"",""block_order"":""Block 3"",""condition"":""B"",""condition_type"":""bbbd_subtraction"",""topic_key"":""V6"",""topic_name"":""孔子的救世秘籍 仁爱 礼治 德治 中庸"",""event_type"":""video_ended"",""iso_time"":""2026-09-21T14:57:02.095Z"",""relative_ms"":344513,""video_time_sec"":325.753}",4f31ef37-4b28-414b-891c-fd15b33e84f7,sub-008,ses-001,5d8ba6b5-657a-4095-a6a4-556d7f4badc6,cabcb684-47f5-4be9-90ff-5df78d11e560,1790002622.1073928,1790002622.0953999,1572302.400000006,cabcb684-47f5-4be9-90ff-5df78d11e560,browser_calibrated,-0.00855708122253418,6.899833679199219,387925,387925,0,-26.449918746948242,host_receive_nearest,verified,1,1,,,,,,,,,1,,,,,,,,,,,,,,,,,,,,V6,B,325.753,1790002622.0953999,1790002622.1073928,387925,,,,,,,,,,
4d8a3bd4-a71d-4623-9278-f7be9b18fa9a,browser_block_end,1790002622.1073427,1551.704,387956,3,3,,1,G08,B,bbbd_subtraction,browser_block_end,视频自然播放结束,,0.0,0.0,,,,,,,"{""client_event_id"":""4d8a3bd4-a71d-4623-9278-f7be9b18fa9a"",""recorder_run_id"":""4f31ef37-4b28-414b-891c-fd15b33e84f7"",""client_id"":""cabcb684-47f5-4be9-90ff-5df78d11e560"",""client_timestamp"":1790002622.1158998,""client_monotonic_ms"":1572323,""event_timestamp"":1790002622.1073427,""clock_offset_sec"":-0.00855708122253418,""clock_round_trip_ms"":6.899833679199219,""subject_id"":""sub-008"",""session_id"":""ses-001"",""block_id"":""Block 3"",""counterbalance_group"":""G08"",""block_order"":""Block 3"",""condition"":""B"",""condition_type"":""bbbd_subtraction"",""topic_key"":""V6"",""topic_name"":""孔子的救世秘籍 仁爱 礼治 德治 中庸"",""event_type"":""block_end"",""iso_time"":""2026-09-21T14:57:02.116Z"",""relative_ms"":344534,""video_time_sec"":325.753,""reason"":""视频自然播放结束""}",4f31ef37-4b28-414b-891c-fd15b33e84f7,sub-008,ses-001,4d8a3bd4-a71d-4623-9278-f7be9b18fa9a,cabcb684-47f5-4be9-90ff-5df78d11e560,1790002622.201393,1790002622.1158998,1572323,cabcb684-47f5-4be9-90ff-5df78d11e560,browser_calibrated,-0.00855708122253418,6.899833679199219,387926,387926,0,16.050100326538086,host_receive_nearest,verified,1,1,,,,,,,,,1,,,,,,,,,,,,,,,,,,,,V6,B,325.753,1790002622.1158998,1790002622.201393,387926,,,,,,,,,,
d43b19ae-d0dc-43e8-b2c0-f365760bd307,rating_start,1790002622.127343,1551.732,387961,3,3,,1,G08,B,bbbd_subtraction,rating_start,,,0.0,0.0,,,,,,,"{""client_event_id"":""d43b19ae-d0dc-43e8-b2c0-f365760bd307"",""recorder_run_id"":""4f31ef37-4b28-414b-891c-fd15b33e84f7"",""client_id"":""cabcb684-47f5-4be9-90ff-5df78d11e560"",""client_timestamp"":1790002622.1359,""client_monotonic_ms"":1572343,""event_timestamp"":1790002622.127343,""clock_offset_sec"":-0.00855708122253418,""clock_round_trip_ms"":6.899833679199219,""subject_id"":""sub-008"",""session_id"":""ses-001"",""block_id"":""Block 3"",""counterbalance_group"":""G08"",""block_order"":""Block 3"",""condition"":""B"",""condition_type"":""bbbd_subtraction"",""topic_key"":""V6"",""topic_name"":""孔子的救世秘籍 仁爱 礼治 德治 中庸"",""event_type"":""rating_start"",""iso_time"":""2026-09-21T14:57:02.136Z"",""relative_ms"":344554,""video_time_sec"":325.753}",4f31ef37-4b28-414b-891c-fd15b33e84f7,sub-008,ses-001,d43b19ae-d0dc-43e8-b2c0-f365760bd307,cabcb684-47f5-4be9-90ff-5df78d11e560,1790002622.2323928,1790002622.1359,1572343,cabcb684-47f5-4be9-90ff-5df78d11e560,browser_calibrated,-0.00855708122253418,6.899833679199219,387933,387933,0,-3.9501190185546875,host_receive_nearest,verified,1,1,,,,,,,,,1,,,,,,,,,,,,,,,,,,,,V6,B,325.753,1790002622.1359,1790002622.2323928,387933,,,,,,,,,,
ef1c4351-b482-4408-8484-fb60fd89f713,rating_item_response,1790002625.4191427,1555.024,388766,3,3,,1,G08,B,bbbd_subtraction,rating_item_response,5,,0.0,0.0,,,,,,,"{""client_event_id"":""ef1c4351-b482-4408-8484-fb60fd89f713"",""recorder_run_id"":""4f31ef37-4b28-414b-891c-fd15b33e84f7"",""client_id"":""cabcb684-47f5-4be9-90ff-5df78d11e560"",""client_timestamp"":1790002625.421,""client_monotonic_ms"":1575628,""event_timestamp"":1790002625.4191427,""clock_offset_sec"":-0.0018572807312011719,""clock_round_trip_ms"":7.299661636352539,""subject_id"":""sub-008"",""session_id"":""ses-001"",""block_id"":""Block 3"",""counterbalance_group"":""G08"",""block_order"":""Block 3"",""condition"":""B"",""condition_type"":""bbbd_subtraction"",""topic_key"":""V6"",""topic_name"":""孔子的救世秘籍 仁爱 礼治 德治 中庸"",""event_type"":""rating_item_response"",""iso_time"":""2026-09-21T14:57:05.421Z"",""relative_ms"":347839,""video_time_sec"":325.753,""rating_item"":""course_attention_rating"",""rating_value"":""5"",""response_time_ms"":3285}",4f31ef37-4b28-414b-891c-fd15b33e84f7,sub-008,ses-001,ef1c4351-b482-4408-8484-fb60fd89f713,cabcb684-47f5-4be9-90ff-5df78d11e560,1790002625.4353929,1790002625.421,1575628,cabcb684-47f5-4be9-90ff-5df78d11e560,browser_calibrated,-0.0018572807312011719,7.299661636352539,388756,388756,0,1.2500286102294922,host_receive_nearest,verified,1,1,,,,,,,,,1,,,,,,,,,,,,,course_attention_rating,5,,,,,,V6,B,325.753,1790002625.421,1790002625.4353929,388756,,,,,,,3285,,,
f968d3e8-0d48-44c6-83d0-b7b3b1b052b0,rating_item_response,1790002628.1443427,1557.78,389446,3,3,,1,G08,B,bbbd_subtraction,rating_item_response,5,,0.0,0.0,,,,,,,"{""client_event_id"":""f968d3e8-0d48-44c6-83d0-b7b3b1b052b0"",""recorder_run_id"":""4f31ef37-4b28-414b-891c-fd15b33e84f7"",""client_id"":""cabcb684-47f5-4be9-90ff-5df78d11e560"",""client_timestamp"":1790002628.1462,""client_monotonic_ms"":1578353.199999988,""event_timestamp"":1790002628.1443427,""clock_offset_sec"":-0.0018572807312011719,""clock_round_trip_ms"":7.299661636352539,""subject_id"":""sub-008"",""session_id"":""ses-001"",""block_id"":""Block 3"",""counterbalance_group"":""G08"",""block_order"":""Block 3"",""condition"":""B"",""condition_type"":""bbbd_subtraction"",""topic_key"":""V6"",""topic_name"":""孔子的救世秘籍 仁爱 礼治 德治 中庸"",""event_type"":""rating_item_response"",""iso_time"":""2026-09-21T14:57:08.146Z"",""relative_ms"":350564,""video_time_sec"":325.753,""rating_item"":""mental_effort"",""rating_value"":""5"",""response_time_ms"":6010}",4f31ef37-4b28-414b-891c-fd15b33e84f7,sub-008,ses-001,f968d3e8-0d48-44c6-83d0-b7b3b1b052b0,cabcb684-47f5-4be9-90ff-5df78d11e560,1790002628.1703928,1790002628.1462,1578353.199999988,cabcb684-47f5-4be9-90ff-5df78d11e560,browser_calibrated,-0.0018572807312011719,7.299661636352539,389445,389445,0,-4.949808120727539,host_receive_nearest,verified,1,1,,,,,,,,,1,,,,,,,,,,,,,mental_effort,5,,,,,,V6,B,325.753,1790002628.1462,1790002628.1703928,389445,,,,,,,6010,,,
6fc65639-bde1-49c0-af9a-6838b13683a8,rating_item_response,1790002630.5720427,1560.184,390056,3,3,,1,G08,B,bbbd_subtraction,rating_item_response,5,,0.0,0.0,,,,,,,"{""client_event_id"":""6fc65639-bde1-49c0-af9a-6838b13683a8"",""recorder_run_id"":""4f31ef37-4b28-414b-891c-fd15b33e84f7"",""client_id"":""cabcb684-47f5-4be9-90ff-5df78d11e560"",""client_timestamp"":1790002630.5739,""client_monotonic_ms"":1580780.900000006,""event_timestamp"":1790002630.5720427,""clock_offset_sec"":-0.0018572807312011719,""clock_round_trip_ms"":7.299661636352539,""subject_id"":""sub-008"",""session_id"":""ses-001"",""block_id"":""Block 3"",""counterbalance_group"":""G08"",""block_order"":""Block 3"",""condition"":""B"",""condition_type"":""bbbd_subtraction"",""topic_key"":""V6"",""topic_name"":""孔子的救世秘籍 仁爱 礼治 德治 中庸"",""event_type"":""rating_item_response"",""iso_time"":""2026-09-21T14:57:10.573Z"",""relative_ms"":352992,""video_time_sec"":325.753,""rating_item"":""video_interest"",""rating_value"":""5"",""response_time_ms"":8438}",4f31ef37-4b28-414b-891c-fd15b33e84f7,sub-008,ses-001,6fc65639-bde1-49c0-af9a-6838b13683a8,cabcb684-47f5-4be9-90ff-5df78d11e560,1790002630.592393,1790002630.5739,1580780.900000006,cabcb684-47f5-4be9-90ff-5df78d11e560,browser_calibrated,-0.0018572807312011719,7.299661636352539,390046,390046,0,4.350185394287109,host_receive_nearest,verified,1,1,,,,,,,,,1,,,,,,,,,,,,,video_interest,5,,,,,,V6,B,325.753,1790002630.5739,1790002630.592393,390046,,,,,,,8438,,,
48d17099-7925-4db2-8414-09c29d1c578f,rating_item_response,1790002633.7359428,1563.36,390851,3,3,,1,G08,B,bbbd_subtraction,rating_item_response,2,,0.0,0.0,,,,,,,"{""client_event_id"":""48d17099-7925-4db2-8414-09c29d1c578f"",""recorder_run_id"":""4f31ef37-4b28-414b-891c-fd15b33e84f7"",""client_id"":""cabcb684-47f5-4be9-90ff-5df78d11e560"",""client_timestamp"":1790002633.7378001,""client_monotonic_ms"":1583944.7999999821,""event_timestamp"":1790002633.7359428,""clock_offset_sec"":-0.0018572807312011719,""clock_round_trip_ms"":7.299661636352539,""subject_id"":""sub-008"",""session_id"":""ses-001"",""block_id"":""Block 3"",""counterbalance_group"":""G08"",""block_order"":""Block 3"",""condition"":""B"",""condition_type"":""bbbd_subtraction"",""topic_key"":""V6"",""topic_name"":""孔子的救世秘籍 仁爱 礼治 德治 中庸"",""event_type"":""rating_item_response"",""iso_time"":""2026-09-21T14:57:13.737Z"",""relative_ms"":356156,""video_time_sec"":325.753,""rating_item"":""video_difficulty"",""rating_value"":""2"",""response_time_ms"":11602}",4f31ef37-4b28-414b-891c-fd15b33e84f7,sub-008,ses-001,48d17099-7925-4db2-8414-09c29d1c578f,cabcb684-47f5-4be9-90ff-5df78d11e560,1790002633.7643929,1790002633.7378001,1583944.7999999821,cabcb684-47f5-4be9-90ff-5df78d11e560,browser_calibrated,-0.0018572807312011719,7.299661636352539,390840,390840,0,-3.5500526428222656,host_receive_nearest,verified,1,1,,,,,,,,,1,,,,,,,,,,,,,video_difficulty,2,,,,,,V6,B,325.753,1790002633.7378001,1790002633.7643929,390840,,,,,,,11602,,,
b6d8c4c5-e061-4303-afc2-f36fd0c63d22,rating_item_response,1790002636.5278428,1566.16,391541,3,3,,1,G08,B,bbbd_subtraction,rating_item_response,30-40%,,0.0,0.0,,,,,,,"{""client_event_id"":""b6d8c4c5-e061-4303-afc2-f36fd0c63d22"",""recorder_run_id"":""4f31ef37-4b28-414b-891c-fd15b33e84f7"",""client_id"":""cabcb684-47f5-4be9-90ff-5df78d11e560"",""client_timestamp"":1790002636.5297,""client_monotonic_ms"":1586736.7999999821,""event_timestamp"":1790002636.5278428,""clock_offset_sec"":-0.0018572807312011719,""clock_round_trip_ms"":7.299661636352539,""subject_id"":""sub-008"",""session_id"":""ses-001"",""block_id"":""Block 3"",""counterbalance_group"":""G08"",""block_order"":""Block 3"",""condition"":""B"",""condition_type"":""bbbd_subtraction"",""topic_key"":""V6"",""topic_name"":""孔子的救世秘籍 仁爱 礼治 德治 中庸"",""event_type"":""rating_item_response"",""iso_time"":""2026-09-21T14:57:16.529Z"",""relative_ms"":358948,""video_time_sec"":325.753,""rating_item"":""subtraction_compliance"",""rating_value"":""30-40%"",""response_time_ms"":14394}",4f31ef37-4b28-414b-891c-fd15b33e84f7,sub-008,ses-001,b6d8c4c5-e061-4303-afc2-f36fd0c63d22,cabcb684-47f5-4be9-90ff-5df78d11e560,1790002636.5453928,1790002636.5297,1586736.7999999821,cabcb684-47f5-4be9-90ff-5df78d11e560,browser_calibrated,-0.0018572807312011719,7.299661636352539,391540,391540,0,-13.449907302856445,host_receive_nearest,verified,1,1,,,,,,,,,1,,,,,,,,,,,,,subtraction_compliance,30-40%,,,,,,V6,B,325.753,1790002636.5297,1790002636.5453928,391540,,,,,,,14394,,,
e1365c11-db53-491d-9207-da9da448bf99,rating_item_response,1790002642.4515426,1572.06,393016,3,3,,1,G08,B,bbbd_subtraction,rating_item_response,72,,0.0,0.0,,,,,,,"{""client_event_id"":""e1365c11-db53-491d-9207-da9da448bf99"",""recorder_run_id"":""4f31ef37-4b28-414b-891c-fd15b33e84f7"",""client_id"":""cabcb684-47f5-4be9-90ff-5df78d11e560"",""client_timestamp"":1790002642.4534,""client_monotonic_ms"":1592660.5,""event_timestamp"":1790002642.4515426,""clock_offset_sec"":-0.0018572807312011719,""clock_round_trip_ms"":7.299661636352539,""subject_id"":""sub-008"",""session_id"":""ses-001"",""block_id"":""Block 3"",""counterbalance_group"":""G08"",""block_order"":""Block 3"",""condition"":""B"",""condition_type"":""bbbd_subtraction"",""topic_key"":""V6"",""topic_name"":""孔子的救世秘籍 仁爱 礼治 德治 中庸"",""event_type"":""rating_item_response"",""iso_time"":""2026-09-21T14:57:22.453Z"",""relative_ms"":364871,""video_time_sec"":325.753,""rating_item"":""reported_final_number"",""rating_value"":""72"",""response_time_ms"":20318}",4f31ef37-4b28-414b-891c-fd15b33e84f7,sub-008,ses-001,e1365c11-db53-491d-9207-da9da448bf99,cabcb684-47f5-4be9-90ff-5df78d11e560,1790002642.451393,1790002642.4534,1592660.5,cabcb684-47f5-4be9-90ff-5df78d11e560,browser_calibrated,-0.0018572807312011719,7.299661636352539,393015,393015,0,-31.149864196777344,host_receive_nearest,verified,1,1,,,,,,,,,1,,,,,,,,,,,,,reported_final_number,72,,,,,,V6,B,325.753,1790002642.4534,1790002642.451393,393015,,,,,,,20318,,,
b6733166-7bce-4ff3-a5a9-5dddd655b660,rating_item_response,1790002645.425643,1575.044,393766,3,3,,1,G08,B,bbbd_subtraction,rating_item_response,4,,0.0,0.0,,,,,,,"{""client_event_id"":""b6733166-7bce-4ff3-a5a9-5dddd655b660"",""recorder_run_id"":""4f31ef37-4b28-414b-891c-fd15b33e84f7"",""client_id"":""cabcb684-47f5-4be9-90ff-5df78d11e560"",""client_timestamp"":1790002645.4375,""client_monotonic_ms"":1595644.5,""event_timestamp"":1790002645.425643,""clock_offset_sec"":-0.011857032775878906,""clock_round_trip_ms"":6.90007209777832,""subject_id"":""sub-008"",""session_id"":""ses-001"",""block_id"":""Block 3"",""counterbalance_group"":""G08"",""block_order"":""Block 3"",""condition"":""B"",""condition_type"":""bbbd_subtraction"",""topic_key"":""V6"",""topic_name"":""孔子的救世秘籍 仁爱 礼治 德治 中庸"",""event_type"":""rating_item_response"",""iso_time"":""2026-09-21T14:57:25.437Z"",""relative_ms"":367855,""video_time_sec"":325.753,""rating_item"":""subtraction_difficulty"",""rating_value"":""4"",""response_time_ms"":23302}",4f31ef37-4b28-414b-891c-fd15b33e84f7,sub-008,ses-001,b6733166-7bce-4ff3-a5a9-5dddd655b660,cabcb684-47f5-4be9-90ff-5df78d11e560,1790002645.451393,1790002645.4375,1595644.5,cabcb684-47f5-4be9-90ff-5df78d11e560,browser_calibrated,-0.011857032775878906,6.90007209777832,393761,393761,0,9.749889373779297,host_receive_nearest,verified,1,1,,,,,,,,,1,,,,,,,,,,,,,subtraction_difficulty,4,,,,,,V6,B,325.753,1790002645.4375,1790002645.451393,393761,,,,,,,23302,,,
1a4697aa-0a18-48be-a378-3cb9c3cebedc,rating_end,1790002646.1848428,1575.82,393956,3,3,,1,G08,B,bbbd_subtraction,rating_end,,24.061,0.0,0.0,,,,,,,"{""client_event_id"":""1a4697aa-0a18-48be-a378-3cb9c3cebedc"",""recorder_run_id"":""4f31ef37-4b28-414b-891c-fd15b33e84f7"",""client_id"":""cabcb684-47f5-4be9-90ff-5df78d11e560"",""client_timestamp"":1790002646.1966999,""client_monotonic_ms"":1596403.7999999821,""event_timestamp"":1790002646.1848428,""clock_offset_sec"":-0.011857032775878906,""clock_round_trip_ms"":6.90007209777832,""subject_id"":""sub-008"",""session_id"":""ses-001"",""block_id"":""Block 3"",""counterbalance_group"":""G08"",""block_order"":""Block 3"",""condition"":""B"",""condition_type"":""bbbd_subtraction"",""topic_key"":""V6"",""topic_name"":""孔子的救世秘籍 仁爱 礼治 德治 中庸"",""event_type"":""rating_end"",""iso_time"":""2026-09-21T14:57:26.196Z"",""relative_ms"":368615,""video_time_sec"":325.753,""video_id"":""V6"",""course_attention_rating"":5,""mental_effort"":5,""video_interest"":5,""video_difficulty"":2,""subtraction_compliance"":""30-40%"",""subtraction_difficulty"":4,""reported_final_number"":72,""duration_sec"":24.061,""submitted_iso"":""2026-09-21T14:57:26.196Z"",""submitted_relative_ms"":368615}",4f31ef37-4b28-414b-891c-fd15b33e84f7,sub-008,ses-001,1a4697aa-0a18-48be-a378-3cb9c3cebedc,cabcb684-47f5-4be9-90ff-5df78d11e560,1790002646.201393,1790002646.1966999,1596403.7999999821,cabcb684-47f5-4be9-90ff-5df78d11e560,browser_calibrated,-0.011857032775878906,6.90007209777832,393955,393955,0,-14.4500732421875,host_receive_nearest,verified,1,1,,,,,,,,,1,,,,5,5,5,2,30-40%,30,40,4,72,,,,,,,,V6,B,325.753,1790002646.1966999,1790002646.201393,393955,,,,,,,,,,
4c41797c-3ce4-4659-a539-f7d7539594ce,quiz_start,1790002646.197943,1575.824,393976,3,3,,1,G08,B,bbbd_subtraction,quiz_start,,,0.0,0.0,,,,,,,"{""client_event_id"":""4c41797c-3ce4-4659-a539-f7d7539594ce"",""recorder_run_id"":""4f31ef37-4b28-414b-891c-fd15b33e84f7"",""client_id"":""cabcb684-47f5-4be9-90ff-5df78d11e560"",""client_timestamp"":1790002646.2098,""client_monotonic_ms"":1596416.900000006,""event_timestamp"":1790002646.197943,""clock_offset_sec"":-0.011857032775878906,""clock_round_trip_ms"":6.90007209777832,""subject_id"":""sub-008"",""session_id"":""ses-001"",""block_id"":""Block 3"",""counterbalance_group"":""G08"",""block_order"":""Block 3"",""condition"":""B"",""condition_type"":""bbbd_subtraction"",""topic_key"":""V6"",""topic_name"":""孔子的救世秘籍 仁爱 礼治 德治 中庸"",""event_type"":""quiz_start"",""iso_time"":""2026-09-21T14:57:26.209Z"",""relative_ms"":368628,""video_time_sec"":325.753}",4f31ef37-4b28-414b-891c-fd15b33e84f7,sub-008,ses-001,4c41797c-3ce4-4659-a539-f7d7539594ce,cabcb684-47f5-4be9-90ff-5df78d11e560,1790002646.2643929,1790002646.2098,1596416.900000006,cabcb684-47f5-4be9-90ff-5df78d11e560,browser_calibrated,-0.011857032775878906,6.90007209777832,393956,393956,0,3.4499168395996094,host_receive_nearest,verified,1,1,,,,,,,,,1,,,,,,,,,,,,,,,,,,,,V6,B,325.753,1790002646.2098,1790002646.2643929,393956,,,,,,,,,,
bfe5476b-cb89-4f44-a65d-c6d427ff916a,quiz_item_response,1790002664.045343,1593.664,398421,3,3,,1,G08,B,bbbd_subtraction,quiz_item_response,孔子思想的核心是“仁”，根据孔子的解释，“仁”的实质是什么？,,0.0,0.0,,V6Q1,B,B,True,5887,"{""client_event_id"":""bfe5476b-cb89-4f44-a65d-c6d427ff916a"",""recorder_run_id"":""4f31ef37-4b28-414b-891c-fd15b33e84f7"",""client_id"":""cabcb684-47f5-4be9-90ff-5df78d11e560"",""client_timestamp"":1790002664.0572,""client_monotonic_ms"":1614264.199999988,""event_timestamp"":1790002664.045343,""clock_offset_sec"":-0.011857032775878906,""clock_round_trip_ms"":6.90007209777832,""subject_id"":""sub-008"",""session_id"":""ses-001"",""block_id"":""Block 3"",""counterbalance_group"":""G08"",""block_order"":""Block 3"",""condition"":""B"",""condition_type"":""bbbd_subtraction"",""topic_key"":""V6"",""topic_name"":""孔子的救世秘籍 仁爱 礼治 德治 中庸"",""event_type"":""quiz_item_response"",""iso_time"":""2026-09-21T14:57:44.057Z"",""relative_ms"":386475,""video_time_sec"":325.753,""video_id"":""V6"",""question_id"":""V6Q1"",""question_text"":""孔子思想的核心是“仁”，根据孔子的解释，“仁”的实质是什么？"",""response_index"":1,""response_letter"":""B"",""response_text"":""关爱他人"",""correct_index"":1,""correct_letter"":""B"",""correct_text"":""关爱他人"",""is_correct"":true,""reaction_time_ms"":5887,""submitted_iso"":""2026-09-21T14:57:44.057Z"",""submitted_relative_ms"":386475}",4f31ef37-4b28-414b-891c-fd15b33e84f7,sub-008,ses-001,bfe5476b-cb89-4f44-a65d-c6d427ff916a,cabcb684-47f5-4be9-90ff-5df78d11e560,1790002664.0603929,1790002664.0572,1614264.199999988,cabcb684-47f5-4be9-90ff-5df78d11e560,browser_calibrated,-0.011857032775878906,6.90007209777832,398416,398416,0,15.049934387207031,host_receive_nearest,verified,1,1,,,,,,,,,1,,,,,,,,,,,,,,,,,孔子思想的核心是“仁”，根据孔子的解释，“仁”的实质是什么？,1,关爱他人,V6,B,325.753,1790002664.0572,1790002664.0603929,398416,,,,,,,,,,
40d4d4c2-4293-4e15-a49d-9370c0de13d9,quiz_item_response,1790002664.0570428,1593.664,398446,3,3,,1,G08,B,bbbd_subtraction,quiz_item_response,孔子主张“为政以德”，他认为治理国家应该以什么为主？,,0.0,0.0,,V6Q2,B,B,True,8105,"{""client_event_id"":""40d4d4c2-4293-4e15-a49d-9370c0de13d9"",""recorder_run_id"":""4f31ef37-4b28-414b-891c-fd15b33e84f7"",""client_id"":""cabcb684-47f5-4be9-90ff-5df78d11e560"",""client_timestamp"":1790002664.0688999,""client_monotonic_ms"":1614275.900000006,""event_timestamp"":1790002664.0570428,""clock_offset_sec"":-0.011857032775878906,""clock_round_trip_ms"":6.90007209777832,""subject_id"":""sub-008"",""session_id"":""ses-001"",""block_id"":""Block 3"",""counterbalance_group"":""G08"",""block_order"":""Block 3"",""condition"":""B"",""condition_type"":""bbbd_subtraction"",""topic_key"":""V6"",""topic_name"":""孔子的救世秘籍 仁爱 礼治 德治 中庸"",""event_type"":""quiz_item_response"",""iso_time"":""2026-09-21T14:57:44.068Z"",""relative_ms"":386487,""video_time_sec"":325.753,""video_id"":""V6"",""question_id"":""V6Q2"",""question_text"":""孔子主张“为政以德”，他认为治理国家应该以什么为主？"",""response_index"":1,""response_letter"":""B"",""response_text"":""以道德教化为主要手段"",""correct_index"":1,""correct_letter"":""B"",""correct_text"":""以道德教化为主要手段"",""is_correct"":true,""reaction_time_ms"":8105,""submitted_iso"":""2026-09-21T14:57:44.068Z"",""submitted_relative_ms"":386487}",4f31ef37-4b28-414b-891c-fd15b33e84f7,sub-008,ses-001,40d4d4c2-4293-4e15-a49d-9370c0de13d9,cabcb684-47f5-4be9-90ff-5df78d11e560,1790002664.1703928,1790002664.0688999,1614275.900000006,cabcb684-47f5-4be9-90ff-5df78d11e560,browser_calibrated,-0.011857032775878906,6.90007209777832,398416,398416,0,3.3500194549560547,host_receive_nearest,verified,1,1,,,,,,,,,1,,,,,,,,,,,,,,,,,孔子主张“为政以德”，他认为治理国家应该以什么为主？,1,以道德教化为主要手段,V6,B,325.753,1790002664.0688999,1790002664.1703928,398416,,,,,,,,,,
66dd0dbe-edc9-4297-844b-347b946becc0,quiz_item_response,1790002664.068743,1593.7,398461,3,3,,1,G08,B,bbbd_subtraction,quiz_item_response,针对当时“礼崩乐坏”的社会环境，孔子提出了什么治国方案？,,0.0,0.0,,V6Q3,B,B,True,12591,"{""client_event_id"":""66dd0dbe-edc9-4297-844b-347b946becc0"",""recorder_run_id"":""4f31ef37-4b28-414b-891c-fd15b33e84f7"",""client_id"":""cabcb684-47f5-4be9-90ff-5df78d11e560"",""client_timestamp"":1790002664.0806,""client_monotonic_ms"":1614287.699999988,""event_timestamp"":1790002664.068743,""clock_offset_sec"":-0.011857032775878906,""clock_round_trip_ms"":6.90007209777832,""subject_id"":""sub-008"",""session_id"":""ses-001"",""block_id"":""Block 3"",""counterbalance_group"":""G08"",""block_order"":""Block 3"",""condition"":""B"",""condition_type"":""bbbd_subtraction"",""topic_key"":""V6"",""topic_name"":""孔子的救世秘籍 仁爱 礼治 德治 中庸"",""event_type"":""quiz_item_response"",""iso_time"":""2026-09-21T14:57:44.080Z"",""relative_ms"":386499,""video_time_sec"":325.753,""video_id"":""V6"",""question_id"":""V6Q3"",""question_text"":""针对当时“礼崩乐坏”的社会环境，孔子提出了什么治国方案？"",""response_index"":1,""response_letter"":""B"",""response_text"":""礼治"",""correct_index"":1,""correct_letter"":""B"",""correct_text"":""礼治"",""is_correct"":true,""reaction_time_ms"":12591,""submitted_iso"":""2026-09-21T14:57:44.080Z"",""submitted_relative_ms"":386498}",4f31ef37-4b28-414b-891c-fd15b33e84f7,sub-008,ses-001,66dd0dbe-edc9-4297-844b-347b946becc0,cabcb684-47f5-4be9-90ff-5df78d11e560,1790002664.217393,1790002664.0806,1614287.699999988,cabcb684-47f5-4be9-90ff-5df78d11e560,browser_calibrated,-0.011857032775878906,6.90007209777832,398425,398425,0,-8.350133895874023,host_receive_nearest,verified,1,1,,,,,,,,,1,,,,,,,,,,,,,,,,,针对当时“礼崩乐坏”的社会环境，孔子提出了什么治国方案？,1,礼治,V6,B,325.753,1790002664.0806,1790002664.217393,398425,,,,,,,,,,
c05b0525-488d-4486-9107-41597b205c40,quiz_item_response,1790002664.081543,1593.704,398461,3,3,,1,G08,B,bbbd_subtraction,quiz_item_response,孔子提出的“中庸”思想，其核心含义是什么？,,0.0,0.0,,V6Q4,B,B,True,16844,"{""client_event_id"":""c05b0525-488d-4486-9107-41597b205c40"",""recorder_run_id"":""4f31ef37-4b28-414b-891c-fd15b33e84f7"",""client_id"":""cabcb684-47f5-4be9-90ff-5df78d11e560"",""client_timestamp"":1790002664.0934,""client_monotonic_ms"":1614300.5,""event_timestamp"":1790002664.081543,""clock_offset_sec"":-0.011857032775878906,""clock_round_trip_ms"":6.90007209777832,""subject_id"":""sub-008"",""session_id"":""ses-001"",""block_id"":""Block 3"",""counterbalance_group"":""G08"",""block_order"":""Block 3"",""condition"":""B"",""condition_type"":""bbbd_subtraction"",""topic_key"":""V6"",""topic_name"":""孔子的救世秘籍 仁爱 礼治 德治 中庸"",""event_type"":""quiz_item_response"",""iso_time"":""2026-09-21T14:57:44.093Z"",""relative_ms"":386511,""video_time_sec"":325.753,""video_id"":""V6"",""question_id"":""V6Q4"",""question_text"":""孔子提出的“中庸”思想，其核心含义是什么？"",""response_index"":1,""response_letter"":""B"",""response_text"":""做事恰到好处，不走极端"",""correct_index"":1,""correct_letter"":""B"",""correct_text"":""做事恰到好处，不走极端"",""is_correct"":true,""reaction_time_ms"":16844,""submitted_iso"":""2026-09-21T14:57:44.093Z"",""submitted_relative_ms"":386511}",4f31ef37-4b28-414b-891c-fd15b33e84f7,sub-008,ses-001,c05b0525-488d-4486-9107-41597b205c40,cabcb684-47f5-4be9-90ff-5df78d11e560,1790002664.2483928,1790002664.0934,1614300.5,cabcb684-47f5-4be9-90ff-5df78d11e560,browser_calibrated,-0.011857032775878906,6.90007209777832,398426,398426,0,10.849952697753906,host_receive_nearest,verified,1,1,,,,,,,,,1,,,,,,,,,,,,,,,,,孔子提出的“中庸”思想，其核心含义是什么？,1,做事恰到好处，不走极端,V6,B,325.753,1790002664.0934,1790002664.2483928,398426,,,,,,,,,,
ac7045dc-2a5a-4ec5-bdc4-74258c8b11bf,quiz_end,1790002664.092643,1593.72,398476,3,3,,1,G08,B,bbbd_subtraction,quiz_end,4/4,17.895,0.0,0.0,,,,,,,"{""client_event_id"":""ac7045dc-2a5a-4ec5-bdc4-74258c8b11bf"",""recorder_run_id"":""4f31ef37-4b28-414b-891c-fd15b33e84f7"",""client_id"":""cabcb684-47f5-4be9-90ff-5df78d11e560"",""client_timestamp"":1790002664.1045,""client_monotonic_ms"":1614311.599999994,""event_timestamp"":1790002664.092643,""clock_offset_sec"":-0.011857032775878906,""clock_round_trip_ms"":6.90007209777832,""subject_id"":""sub-008"",""session_id"":""ses-001"",""block_id"":""Block 3"",""counterbalance_group"":""G08"",""block_order"":""Block 3"",""condition"":""B"",""condition_type"":""bbbd_subtraction"",""topic_key"":""V6"",""topic_name"":""孔子的救世秘籍 仁爱 礼治 德治 中庸"",""event_type"":""quiz_end"",""iso_time"":""2026-09-21T14:57:44.104Z"",""relative_ms"":386522,""video_time_sec"":325.753,""score"":4,""total"":4,""duration_sec"":17.895}",4f31ef37-4b28-414b-891c-fd15b33e84f7,sub-008,ses-001,ac7045dc-2a5a-4ec5-bdc4-74258c8b11bf,cabcb684-47f5-4be9-90ff-5df78d11e560,1790002664.279393,1790002664.1045,1614311.599999994,cabcb684-47f5-4be9-90ff-5df78d11e560,browser_calibrated,-0.011857032775878906,6.90007209777832,398430,398430,0,-0.25010108947753906,host_receive_nearest,verified,1,1,,,,,,,,,1,,,,,,,,,,,,,,,4,4,,,,V6,B,325.753,1790002664.1045,1790002664.279393,398430,,,,,,,,,,
ac7045dc-2a5a-4ec5-bdc4-74258c8b11bf,block_end,1790002664.092643,1593.72,398476,3,3,,1,G08,B,bbbd_subtraction,block_end,V6,,0.0,0.0,,,,,,,,4f31ef37-4b28-414b-891c-fd15b33e84f7,sub-008,ses-001,ac7045dc-2a5a-4ec5-bdc4-74258c8b11bf,cabcb684-47f5-4be9-90ff-5df78d11e560,1790002664.279393,1790002664.1045,1614311.599999994,cabcb684-47f5-4be9-90ff-5df78d11e560,browser_calibrated,-0.011857032775878906,6.90007209777832,398430,398430,0,-0.25010108947753906,host_receive_nearest,verified,1,1,,,,,,,,,1,,,,,,,,,,,,,,,,,,,,V6,B,325.753,1790002664.1045,1790002664.279393,398430,,,,,,,,,,
2b857c00-d4e2-493e-b281-26c97e0fe9a6,rest_start,1790002664.1127431,1593.74,398476,3,3,,1,G08,B,bbbd_subtraction,rest_start,after-block-3,,0.0,0.0,,,,,,,"{""client_event_id"":""2b857c00-d4e2-493e-b281-26c97e0fe9a6"",""recorder_run_id"":""4f31ef37-4b28-414b-891c-fd15b33e84f7"",""client_id"":""cabcb684-47f5-4be9-90ff-5df78d11e560"",""client_timestamp"":1790002664.1246002,""client_monotonic_ms"":1614331.599999994,""event_timestamp"":1790002664.1127431,""clock_offset_sec"":-0.011857032775878906,""clock_round_trip_ms"":6.90007209777832,""subject_id"":""sub-008"",""session_id"":""ses-001"",""block_id"":""Block 3"",""counterbalance_group"":""G08"",""block_order"":""Block 3"",""condition"":""B"",""condition_type"":""bbbd_subtraction"",""topic_key"":""V6"",""topic_name"":""孔子的救世秘籍 仁爱 礼治 德治 中庸"",""event_type"":""rest_start"",""iso_time"":""2026-09-21T14:57:44.124Z"",""relative_ms"":386542,""video_time_sec"":325.753,""after_block_id"":3,""planned_duration"":30,""actual_duration"":"""",""is_formal_experiment"":0}",4f31ef37-4b28-414b-891c-fd15b33e84f7,sub-008,ses-001,2b857c00-d4e2-493e-b281-26c97e0fe9a6,cabcb684-47f5-4be9-90ff-5df78d11e560,1790002664.3103929,1790002664.1246002,1614331.599999994,cabcb684-47f5-4be9-90ff-5df78d11e560,browser_calibrated,-0.011857032775878906,6.90007209777832,398435,398435,0,-5.350351333618164,host_receive_nearest,verified,0,1,,,,,3,,30,,0,,,,,,,,,,,,,,,,,,,,V6,B,325.753,1790002664.1246002,1790002664.3103929,398435,,,,,,,,,,
09ec2cd4-5512-4c05-80bb-1606cdb95b1d,rest_end,1790002723.4047427,1653.036,413260,3,3,,1,G08,B,bbbd_subtraction,rest_end,after-block-3,59.284,0.0,0.0,,,,,,,"{""client_event_id"":""09ec2cd4-5512-4c05-80bb-1606cdb95b1d"",""recorder_run_id"":""4f31ef37-4b28-414b-891c-fd15b33e84f7"",""client_id"":""cabcb684-47f5-4be9-90ff-5df78d11e560"",""client_timestamp"":1790002723.4083998,""client_monotonic_ms"":1673615.400000006,""event_timestamp"":1790002723.4047427,""clock_offset_sec"":-0.003657102584838867,""clock_round_trip_ms"":6.500005722045898,""subject_id"":""sub-008"",""session_id"":""ses-001"",""block_id"":""Block 3"",""counterbalance_group"":""G08"",""block_order"":""Block 3"",""condition"":""B"",""condition_type"":""bbbd_subtraction"",""topic_key"":""V6"",""topic_name"":""孔子的救世秘籍 仁爱 礼治 德治 中庸"",""event_type"":""rest_end"",""iso_time"":""2026-09-21T14:58:43.408Z"",""relative_ms"":445826,""video_time_sec"":325.753,""after_block_id"":3,""planned_duration"":30,""actual_duration"":59.284,""duration_sec"":59.284,""is_formal_experiment"":0,""debug_early"":false}",4f31ef37-4b28-414b-891c-fd15b33e84f7,sub-008,ses-001,09ec2cd4-5512-4c05-80bb-1606cdb95b1d,cabcb684-47f5-4be9-90ff-5df78d11e560,1790002723.404393,1790002723.4083998,1673615.400000006,cabcb684-47f5-4be9-90ff-5df78d11e560,browser_calibrated,-0.003657102584838867,6.500005722045898,413259,413259,0,-0.3497600555419922,host_receive_nearest,verified,0,1,,,,,3,,30,59.284,0,,,,,,,,,,,,,,,,,,,,V6,B,325.753,1790002723.4083998,1790002723.404393,413259,,,,,,,,,,
bd07242b-ed88-4d5f-ae3e-51f3a4561325,block_start,1790002733.169443,1662.796,415700,4,4,,2,G08,A,focused,block_start,V1,,0.0,0.0,,,,,,,condition=A; condition_type=focused,4f31ef37-4b28-414b-891c-fd15b33e84f7,sub-008,ses-001,bd07242b-ed88-4d5f-ae3e-51f3a4561325,cabcb684-47f5-4be9-90ff-5df78d11e560,1790002733.1703928,1790002733.1731,1683380.099999994,cabcb684-47f5-4be9-90ff-5df78d11e560,browser_calibrated,-0.003657102584838867,6.500005722045898,415699,415699,0,-15.049934387207031,host_receive_nearest,verified,0,1,,,,,,,,,1,,,,,,,,,,,,,,,,,,,,V1,A,0,1790002733.1731,1790002733.1703928,415699,,,,,,,,,,
bd07242b-ed88-4d5f-ae3e-51f3a4561325,condition_prompt_start,1790002733.169443,1662.796,415700,4,4,,2,G08,A,focused,condition_prompt_start,A,,0.0,0.0,,,,,,,,4f31ef37-4b28-414b-891c-fd15b33e84f7,sub-008,ses-001,bd07242b-ed88-4d5f-ae3e-51f3a4561325,cabcb684-47f5-4be9-90ff-5df78d11e560,1790002733.1703928,1790002733.1731,1683380.099999994,cabcb684-47f5-4be9-90ff-5df78d11e560,browser_calibrated,-0.003657102584838867,6.500005722045898,415699,415699,0,-15.049934387207031,host_receive_nearest,verified,0,1,,,,,,,,,1,,,,,,,,,,,,,,,,,,,,V1,A,0,1790002733.1731,1790002733.1703928,415699,,,,,,,,,,
bd07242b-ed88-4d5f-ae3e-51f3a4561325,browser_block_config,1790002733.169443,1662.796,415700,4,4,,2,G08,A,focused,browser_block_config,V1,,0.0,0.0,,,,,,,"{""client_event_id"":""bd07242b-ed88-4d5f-ae3e-51f3a4561325"",""recorder_run_id"":""4f31ef37-4b28-414b-891c-fd15b33e84f7"",""client_id"":""cabcb684-47f5-4be9-90ff-5df78d11e560"",""client_timestamp"":1790002733.1731,""client_monotonic_ms"":1683380.099999994,""event_timestamp"":1790002733.169443,""clock_offset_sec"":-0.003657102584838867,""clock_round_trip_ms"":6.500005722045898,""subject_id"":""sub-008"",""session_id"":""ses-001"",""block_id"":""Block 4"",""counterbalance_group"":""G08"",""block_order"":""Block 4"",""condition"":""A"",""condition_type"":""focused"",""topic_key"":""V1"",""topic_name"":""商鞅 一个改变秦国命运的男人"",""event_type"":""block_start"",""iso_time"":""2026-09-21T14:58:53.173Z"",""relative_ms"":0,""video_time_sec"":0,""block_start_iso"":""2026-09-21T14:58:53.172Z"",""config_json"":""{\""recorder_run_id\"":\""4f31ef37-4b28-414b-891c-fd15b33e84f7\"",\""subject_id\"":\""sub-008\"",\""session_id\"":\""ses-001\"",\""block_id\"":\""Block 4\"",\""counterbalance_group\"":\""G08\"",\""condition\"":\""A\"",\""condition_type\"":\""focused\"",\""topic_key\"":\""V1\"",\""topic_name\"":\""商鞅 一个改变秦国命运的男人\"",\""video_file\"":\""视频1-混知漫画｜商鞅！一个改变秦国命运的男人！-480P 标清-AVC.mp4\"",\""start_number\"":\""\"",\""generated_timestamp\"":\""\""}""}",4f31ef37-4b28-414b-891c-fd15b33e84f7,sub-008,ses-001,bd07242b-ed88-4d5f-ae3e-51f3a4561325,cabcb684-47f5-4be9-90ff-5df78d11e560,1790002733.1703928,1790002733.1731,1683380.099999994,cabcb684-47f5-4be9-90ff-5df78d11e560,browser_calibrated,-0.003657102584838867,6.500005722045898,415699,415699,0,-15.049934387207031,host_receive_nearest,verified,0,1,,,,,,,,,1,,,,,,,,,,,,,,,,,,,,V1,A,0,1790002733.1731,1790002733.1703928,415699,,,,,,,,,,
18c2a825-b1c4-4776-a660-2d65c9568b0e,probe_schedule,1790002733.231443,1662.836,415710,4,4,,2,G08,A,focused,probe_schedule,"75.733,155.77,205.826,306.639",,0.0,0.0,,,,,,,"{""client_event_id"":""18c2a825-b1c4-4776-a660-2d65c9568b0e"",""recorder_run_id"":""4f31ef37-4b28-414b-891c-fd15b33e84f7"",""client_id"":""cabcb684-47f5-4be9-90ff-5df78d11e560"",""client_timestamp"":1790002733.2351,""client_monotonic_ms"":1683442.099999994,""event_timestamp"":1790002733.231443,""clock_offset_sec"":-0.003657102584838867,""clock_round_trip_ms"":6.500005722045898,""subject_id"":""sub-008"",""session_id"":""ses-001"",""block_id"":""Block 4"",""counterbalance_group"":""G08"",""block_order"":""Block 4"",""condition"":""A"",""condition_type"":""focused"",""topic_key"":""V1"",""topic_name"":""商鞅 一个改变秦国命运的男人"",""event_type"":""probe_schedule"",""iso_time"":""2026-09-21T14:58:53.235Z"",""relative_ms"":62,""video_time_sec"":0,""probe_schedule_id"":""f9861f9f-192a-4c6d-9a65-8979c89ba9b0"",""probe_times"":[75.733,155.77,205.826,306.639],""probe_config"":{""probes_per_block"":4,""min_first_onset_sec"":45,""min_end_margin_sec"":30,""min_gap_sec"":45},""video_duration_sec"":346.795,""video_id"":""V1"",""debug_fast"":false}",4f31ef37-4b28-414b-891c-fd15b33e84f7,sub-008,ses-001,18c2a825-b1c4-4776-a660-2d65c9568b0e,cabcb684-47f5-4be9-90ff-5df78d11e560,1790002733.2323928,1790002733.2351,1683442.099999994,cabcb684-47f5-4be9-90ff-5df78d11e560,browser_calibrated,-0.003657102584838867,6.500005722045898,415709,415709,0,-30.050039291381836,host_receive_nearest,verified,1,1,,,,,,,,,1,,,,,,,,,,,,,,,,,,,,V1,A,0,1790002733.2351,1790002733.2323928,415709,,4,f9861f9f-192a-4c6d-9a65-8979c89ba9b0,,,,,,,
3976fcf5-bc23-4613-a312-45ced17f2b90,condition_prompt_end,1790002738.2718,1667.876,416970,4,4,,2,G08,A,focused,condition_prompt_end,0,,0.0,0.0,,,,,,,"{""client_event_id"":""3976fcf5-bc23-4613-a312-45ced17f2b90"",""recorder_run_id"":""4f31ef37-4b28-414b-891c-fd15b33e84f7"",""client_id"":""cabcb684-47f5-4be9-90ff-5df78d11e560"",""client_timestamp"":1790002738.2721999,""client_monotonic_ms"":1688479.199999988,""event_timestamp"":1790002738.2718,""clock_offset_sec"":-0.003657102584838867,""clock_round_trip_ms"":6.500005722045898,""subject_id"":""sub-008"",""session_id"":""ses-001"",""block_id"":""Block 4"",""counterbalance_group"":""G08"",""block_order"":""Block 4"",""condition"":""A"",""condition_type"":""focused"",""topic_key"":""V1"",""topic_name"":""商鞅 一个改变秦国命运的男人"",""event_type"":""condition_prompt_end"",""iso_time"":""2026-09-21T14:58:58.272Z"",""relative_ms"":5099,""video_time_sec"":0}",4f31ef37-4b28-414b-891c-fd15b33e84f7,sub-008,ses-001,3976fcf5-bc23-4613-a312-45ced17f2b90,cabcb684-47f5-4be9-90ff-5df78d11e560,1790002738.3103929,1790002738.2721999,1688479.199999988,cabcb684-47f5-4be9-90ff-5df78d11e560,browser_calibrated,-0.003657102584838867,6.500005722045898,416969,416969,0,-23.4072208404541,host_receive_nearest,verified,1,0,,,,,,,,,1,,,,,,,,,,,,,,,,,,,,V1,A,0,1790002738.2721999,1790002738.3103929,416969,,,,,,,,,,
cbab769a-ca6f-4baf-9e15-80de43ffe9b2,video_start,1790002738.2718,1667.876,416995,4,4,,2,G08,A,focused,video_start,V1,,0.0,0.0,,,,,,,,4f31ef37-4b28-414b-891c-fd15b33e84f7,sub-008,ses-001,cbab769a-ca6f-4baf-9e15-80de43ffe9b2,cabcb684-47f5-4be9-90ff-5df78d11e560,1790002738.342393,1790002738.2995,1688506.5,cabcb684-47f5-4be9-90ff-5df78d11e560,browser_calibrated,-0.003657102584838867,6.500005722045898,416969,416969,0,-23.4072208404541,host_receive_nearest,verified,1,1,,,,,,,,,1,,,,,,,,,,,,,,,,,,,,V1,A,0,1790002738.2995,1790002738.342393,416969,,,,,,,,,,
cbab769a-ca6f-4baf-9e15-80de43ffe9b2,video_play,1790002738.2718,1667.876,416995,4,4,,2,G08,A,focused,video_play,0,,0.0,0.0,,,,,,,"{""client_event_id"":""cbab769a-ca6f-4baf-9e15-80de43ffe9b2"",""recorder_run_id"":""4f31ef37-4b28-414b-891c-fd15b33e84f7"",""client_id"":""cabcb684-47f5-4be9-90ff-5df78d11e560"",""client_timestamp"":1790002738.2995,""client_monotonic_ms"":1688506.5,""event_timestamp"":1790002738.2718,""clock_offset_sec"":-0.003657102584838867,""clock_round_trip_ms"":6.500005722045898,""subject_id"":""sub-008"",""session_id"":""ses-001"",""block_id"":""Block 4"",""counterbalance_group"":""G08"",""block_order"":""Block 4"",""condition"":""A"",""condition_type"":""focused"",""topic_key"":""V1"",""topic_name"":""商鞅 一个改变秦国命运的男人"",""event_type"":""video_play"",""iso_time"":""2026-09-21T14:58:58.299Z"",""relative_ms"":5127,""video_time_sec"":0}",4f31ef37-4b28-414b-891c-fd15b33e84f7,sub-008,ses-001,cbab769a-ca6f-4baf-9e15-80de43ffe9b2,cabcb684-47f5-4be9-90ff-5df78d11e560,1790002738.342393,1790002738.2995,1688506.5,cabcb684-47f5-4be9-90ff-5df78d11e560,browser_calibrated,-0.003657102584838867,6.500005722045898,416969,416969,0,-23.4072208404541,host_receive_nearest,verified,1,1,,,,,,,,,1,,,,,,,,,,,,,,,,,,,,V1,A,0,1790002738.2995,1790002738.342393,416969,,,,,,,,,,
9eb83565-44f8-4d0d-8257-40d8037c4fde,probe_onset,1790002814.322043,1743.936,435985,4,4,,2,G08,A,focused,probe_onset,Block 4_1_f9861f9f,,0.0,0.0,,,,,,,"{""client_event_id"":""9eb83565-44f8-4d0d-8257-40d8037c4fde"",""recorder_run_id"":""4f31ef37-4b28-414b-891c-fd15b33e84f7"",""client_id"":""cabcb684-47f5-4be9-90ff-5df78d11e560"",""client_timestamp"":1790002814.3261,""client_monotonic_ms"":1764533.099999994,""event_timestamp"":1790002814.322043,""clock_offset_sec"":-0.004057168960571289,""clock_round_trip_ms"":7.500171661376953,""subject_id"":""sub-008"",""session_id"":""ses-001"",""block_id"":""Block 4"",""counterbalance_group"":""G08"",""block_order"":""Block 4"",""condition"":""A"",""condition_type"":""focused"",""topic_key"":""V1"",""topic_name"":""商鞅 一个改变秦国命运的男人"",""event_type"":""probe_onset"",""iso_time"":""2026-09-21T15:00:14.326Z"",""relative_ms"":81153,""video_time_sec"":75.992,""probe_id"":""Block 4_1_f9861f9f"",""probe_index"":1,""probe_schedule_id"":""f9861f9f-192a-4c6d-9a65-8979c89ba9b0"",""probe_planned_time_sec"":75.733,""video_id"":""V1"",""pause_reason"":""thought_probe"",""forced"":false}",4f31ef37-4b28-414b-891c-fd15b33e84f7,sub-008,ses-001,9eb83565-44f8-4d0d-8257-40d8037c4fde,cabcb684-47f5-4be9-90ff-5df78d11e560,1790002814.326393,1790002814.3261,1764533.099999994,cabcb684-47f5-4be9-90ff-5df78d11e560,browser_calibrated,-0.004057168960571289,7.500171661376953,435984,435984,0,-26.650190353393555,host_receive_nearest,verified,1,1,,,,,,,,,1,,,,,,,,,,,,,,,,,,,,V1,A,75.992,1790002814.3261,1790002814.326393,435984,Block 4_1_f9861f9f,1,f9861f9f-192a-4c6d-9a65-8979c89ba9b0,75.733,,,,,,thought_probe
9831ba09-fba7-4eff-9d5c-a0993a975ecf,attention_response,1790002816.0093427,1745.62,436410,4,4,,2,G08,A,focused,attention_response,1,,0.0,0.0,,,,,,,"{""client_event_id"":""9831ba09-fba7-4eff-9d5c-a0993a975ecf"",""recorder_run_id"":""4f31ef37-4b28-414b-891c-fd15b33e84f7"",""client_id"":""cabcb684-47f5-4be9-90ff-5df78d11e560"",""client_timestamp"":1790002816.0133998,""client_monotonic_ms"":1766220.400000006,""event_timestamp"":1790002816.0093427,""clock_offset_sec"":-0.004057168960571289,""clock_round_trip_ms"":7.500171661376953,""subject_id"":""sub-008"",""session_id"":""ses-001"",""block_id"":""Block 4"",""counterbalance_group"":""G08"",""block_order"":""Block 4"",""condition"":""A"",""condition_type"":""focused"",""topic_key"":""V1"",""topic_name"":""商鞅 一个改变秦国命运的男人"",""event_type"":""attention_response"",""iso_time"":""2026-09-21T15:00:16.013Z"",""relative_ms"":82841,""video_time_sec"":75.992,""probe_id"":""Block 4_1_f9861f9f"",""probe_index"":1,""probe_schedule_id"":""f9861f9f-192a-4c6d-9a65-8979c89ba9b0"",""probe_planned_time_sec"":75.733,""video_id"":""V1"",""response"":1,""response_label"":""课程内容"",""probe_attention"":""ON"",""response_time_ms"":1688}",4f31ef37-4b28-414b-891c-fd15b33e84f7,sub-008,ses-001,9831ba09-fba7-4eff-9d5c-a0993a975ecf,cabcb684-47f5-4be9-90ff-5df78d11e560,1790002816.0143929,1790002816.0133998,1766220.400000006,cabcb684-47f5-4be9-90ff-5df78d11e560,browser_calibrated,-0.004057168960571289,7.500171661376953,436405,436405,0,5.050182342529297,host_receive_nearest,verified,1,1,,,,,,,,,1,,,,,,,,,,,,,,,,,,,,V1,A,75.992,1790002816.0133998,1790002816.0143929,436405,Block 4_1_f9861f9f,1,f9861f9f-192a-4c6d-9a65-8979c89ba9b0,75.733,1,课程内容,1688,,ON,
9677f9d9-e0fb-4d31-8d47-f1a29c944c67,confidence_response,1790002816.7842429,1746.396,436600,4,4,,2,G08,A,focused,confidence_response,3,,0.0,0.0,,,,,,,"{""client_event_id"":""9677f9d9-e0fb-4d31-8d47-f1a29c944c67"",""recorder_run_id"":""4f31ef37-4b28-414b-891c-fd15b33e84f7"",""client_id"":""cabcb684-47f5-4be9-90ff-5df78d11e560"",""client_timestamp"":1790002816.7883,""client_monotonic_ms"":1766995.400000006,""event_timestamp"":1790002816.7842429,""clock_offset_sec"":-0.004057168960571289,""clock_round_trip_ms"":7.500171661376953,""subject_id"":""sub-008"",""session_id"":""ses-001"",""block_id"":""Block 4"",""counterbalance_group"":""G08"",""block_order"":""Block 4"",""condition"":""A"",""condition_type"":""focused"",""topic_key"":""V1"",""topic_name"":""商鞅 一个改变秦国命运的男人"",""event_type"":""confidence_response"",""iso_time"":""2026-09-21T15:00:16.788Z"",""relative_ms"":83616,""video_time_sec"":75.992,""probe_id"":""Block 4_1_f9861f9f"",""probe_index"":1,""probe_schedule_id"":""f9861f9f-192a-4c6d-9a65-8979c89ba9b0"",""probe_planned_time_sec"":75.733,""video_id"":""V1"",""response"":1,""confidence"":3,""response_time_ms"":775}",4f31ef37-4b28-414b-891c-fd15b33e84f7,sub-008,ses-001,9677f9d9-e0fb-4d31-8d47-f1a29c944c67,cabcb684-47f5-4be9-90ff-5df78d11e560,1790002816.7953928,1790002816.7883,1766995.400000006,cabcb684-47f5-4be9-90ff-5df78d11e560,browser_calibrated,-0.004057168960571289,7.500171661376953,436599,436599,0,-19.85001564025879,host_receive_nearest,verified,1,1,,,,,,,,,1,,,,,,,,,,,,,,,,,,,,V1,A,75.992,1790002816.7883,1790002816.826393,436599,Block 4_1_f9861f9f,1,f9861f9f-192a-4c6d-9a65-8979c89ba9b0,75.733,,,775,3,,
d07afa7d-098a-45da-a0a1-f5a7df7660c9,phase_change,1790002816.8024428,1746.4,436625,4,4,,2,G08,A,focused,phase_change,video,,0.0,0.0,,,,,,,,4f31ef37-4b28-414b-891c-fd15b33e84f7,sub-008,ses-001,d07afa7d-098a-45da-a0a1-f5a7df7660c9,cabcb684-47f5-4be9-90ff-5df78d11e560,1790002816.8573928,1790002816.8065,1767013.5,cabcb684-47f5-4be9-90ff-5df78d11e560,browser_calibrated,-0.004057168960571289,7.500171661376953,436600,436600,0,23.95009994506836,host_receive_nearest,verified,1,1,,,,,,,,,1,,,,,,,,,,,,,,,,,,,,V1,A,76.06,1790002816.8065,1790002816.8573928,436600,,,,,,,,,,
d07afa7d-098a-45da-a0a1-f5a7df7660c9,video_resume,1790002816.8024428,1746.4,436625,4,4,,2,G08,A,focused,video_resume,76.06,,0.0,0.0,,,,,,,"{""client_event_id"":""d07afa7d-098a-45da-a0a1-f5a7df7660c9"",""recorder_run_id"":""4f31ef37-4b28-414b-891c-fd15b33e84f7"",""client_id"":""cabcb684-47f5-4be9-90ff-5df78d11e560"",""client_timestamp"":1790002816.8065,""client_monotonic_ms"":1767013.5,""event_timestamp"":1790002816.8024428,""clock_offset_sec"":-0.004057168960571289,""clock_round_trip_ms"":7.500171661376953,""subject_id"":""sub-008"",""session_id"":""ses-001"",""block_id"":""Block 4"",""counterbalance_group"":""G08"",""block_order"":""Block 4"",""condition"":""A"",""condition_type"":""focused"",""topic_key"":""V1"",""topic_name"":""商鞅 一个改变秦国命运的男人"",""event_type"":""video_resume"",""iso_time"":""2026-09-21T15:00:16.806Z"",""relative_ms"":83634,""video_time_sec"":76.06,""probe_id"":""Block 4_1_f9861f9f"",""probe_index"":1,""probe_schedule_id"":""f9861f9f-192a-4c6d-9a65-8979c89ba9b0"",""probe_planned_time_sec"":75.733,""video_id"":""V1"",""pause_reason"":""thought_probe"",""resume_status"":""playing""}",4f31ef37-4b28-414b-891c-fd15b33e84f7,sub-008,ses-001,d07afa7d-098a-45da-a0a1-f5a7df7660c9,cabcb684-47f5-4be9-90ff-5df78d11e560,1790002816.8573928,1790002816.8065,1767013.5,cabcb684-47f5-4be9-90ff-5df78d11e560,browser_calibrated,-0.004057168960571289,7.500171661376953,436600,436600,0,23.95009994506836,host_receive_nearest,verified,1,1,,,,,,,,,1,,,,,,,,,,,,,,,,,,,,V1,A,76.06,1790002816.8065,1790002816.8573928,436600,Block 4_1_f9861f9f,,,,,,,,,thought_probe
38ca1c98-2415-4469-a70c-50a9ce9a85a6,probe_onset,1790002896.621943,1826.236,456564,4,4,,2,G08,A,focused,probe_onset,Block 4_2_f9861f9f,,0.0,0.0,,,,,,,"{""client_event_id"":""38ca1c98-2415-4469-a70c-50a9ce9a85a6"",""recorder_run_id"":""4f31ef37-4b28-414b-891c-fd15b33e84f7"",""client_id"":""cabcb684-47f5-4be9-90ff-5df78d11e560"",""client_timestamp"":1790002896.6329,""client_monotonic_ms"":1846840,""event_timestamp"":1790002896.621943,""clock_offset_sec"":-0.010957002639770508,""clock_round_trip_ms"":7.09986686706543,""subject_id"":""sub-008"",""session_id"":""ses-001"",""block_id"":""Block 4"",""counterbalance_group"":""G08"",""block_order"":""Block 4"",""condition"":""A"",""condition_type"":""focused"",""topic_key"":""V1"",""topic_name"":""商鞅 一个改变秦国命运的男人"",""event_type"":""probe_onset"",""iso_time"":""2026-09-21T15:01:36.633Z"",""relative_ms"":163460,""video_time_sec"":155.818,""probe_id"":""Block 4_2_f9861f9f"",""probe_index"":2,""probe_schedule_id"":""f9861f9f-192a-4c6d-9a65-8979c89ba9b0"",""probe_planned_time_sec"":155.77,""video_id"":""V1"",""pause_reason"":""thought_probe"",""forced"":false}",4f31ef37-4b28-414b-891c-fd15b33e84f7,sub-008,ses-001,38ca1c98-2415-4469-a70c-50a9ce9a85a6,cabcb684-47f5-4be9-90ff-5df78d11e560,1790002896.6393929,1790002896.6329,1846840,cabcb684-47f5-4be9-90ff-5df78d11e560,browser_calibrated,-0.010957002639770508,7.09986686706543,456559,456559,0,1.4498233795166016,host_receive_nearest,verified,1,1,,,,,,,,,1,,,,,,,,,,,,,,,,,,,,V1,A,155.818,1790002896.6329,1790002896.6393929,456559,Block 4_2_f9861f9f,2,f9861f9f-192a-4c6d-9a65-8979c89ba9b0,155.77,,,,,,thought_probe
ea3b1a4f-cb5a-4adb-858b-3cec13e709a7,attention_response,1790002898.8301432,1828.452,457114,4,4,,2,G08,A,focused,attention_response,4,,0.0,0.0,,,,,,,"{""client_event_id"":""ea3b1a4f-cb5a-4adb-858b-3cec13e709a7"",""recorder_run_id"":""4f31ef37-4b28-414b-891c-fd15b33e84f7"",""client_id"":""cabcb684-47f5-4be9-90ff-5df78d11e560"",""client_timestamp"":1790002898.8411002,""client_monotonic_ms"":1849048.099999994,""event_timestamp"":1790002898.8301432,""clock_offset_sec"":-0.010957002639770508,""clock_round_trip_ms"":7.09986686706543,""subject_id"":""sub-008"",""session_id"":""ses-001"",""block_id"":""Block 4"",""counterbalance_group"":""G08"",""block_order"":""Block 4"",""condition"":""A"",""condition_type"":""focused"",""topic_key"":""V1"",""topic_name"":""商鞅 一个改变秦国命运的男人"",""event_type"":""attention_response"",""iso_time"":""2026-09-21T15:01:38.841Z"",""relative_ms"":165668,""video_time_sec"":155.818,""probe_id"":""Block 4_2_f9861f9f"",""probe_index"":2,""probe_schedule_id"":""f9861f9f-192a-4c6d-9a65-8979c89ba9b0"",""probe_planned_time_sec"":155.77,""video_id"":""V1"",""response"":4,""response_label"":""放空/不确定刚才在想什么"",""probe_attention"":""AMBIGUOUS"",""response_time_ms"":2208}",4f31ef37-4b28-414b-891c-fd15b33e84f7,sub-008,ses-001,ea3b1a4f-cb5a-4adb-858b-3cec13e709a7,cabcb684-47f5-4be9-90ff-5df78d11e560,1790002898.842393,1790002898.8411002,1849048.099999994,cabcb684-47f5-4be9-90ff-5df78d11e560,browser_calibrated,-0.010957002639770508,7.09986686706543,457113,457113,0,-19.750356674194336,host_receive_nearest,verified,1,1,,,,,,,,,1,,,,,,,,,,,,,,,,,,,,V1,A,155.818,1790002898.8411002,1790002898.842393,457113,Block 4_2_f9861f9f,2,f9861f9f-192a-4c6d-9a65-8979c89ba9b0,155.77,4,放空/不确定刚才在想什么,2208,,AMBIGUOUS,
9b772a43-6029-492b-a75e-b7f20062eaed,confidence_response,1790002899.577843,1829.192,457299,4,4,,2,G08,A,focused,confidence_response,3,,0.0,0.0,,,,,,,"{""client_event_id"":""9b772a43-6029-492b-a75e-b7f20062eaed"",""recorder_run_id"":""4f31ef37-4b28-414b-891c-fd15b33e84f7"",""client_id"":""cabcb684-47f5-4be9-90ff-5df78d11e560"",""client_timestamp"":1790002899.5888,""client_monotonic_ms"":1849795.900000006,""event_timestamp"":1790002899.577843,""clock_offset_sec"":-0.010957002639770508,""clock_round_trip_ms"":7.09986686706543,""subject_id"":""sub-008"",""session_id"":""ses-001"",""block_id"":""Block 4"",""counterbalance_group"":""G08"",""block_order"":""Block 4"",""condition"":""A"",""condition_type"":""focused"",""topic_key"":""V1"",""topic_name"":""商鞅 一个改变秦国命运的男人"",""event_type"":""confidence_response"",""iso_time"":""2026-09-21T15:01:39.588Z"",""relative_ms"":166416,""video_time_sec"":155.818,""probe_id"":""Block 4_2_f9861f9f"",""probe_index"":2,""probe_schedule_id"":""f9861f9f-192a-4c6d-9a65-8979c89ba9b0"",""probe_planned_time_sec"":155.77,""video_id"":""V1"",""response"":4,""confidence"":3,""response_time_ms"":748}",4f31ef37-4b28-414b-891c-fd15b33e84f7,sub-008,ses-001,9b772a43-6029-492b-a75e-b7f20062eaed,cabcb684-47f5-4be9-90ff-5df78d11e560,1790002899.592393,1790002899.5888,1849795.900000006,cabcb684-47f5-4be9-90ff-5df78d11e560,browser_calibrated,-0.010957002639770508,7.09986686706543,457298,457298,0,-17.45009422302246,host_receive_nearest,verified,1,1,,,,,,,,,1,,,,,,,,,,,,,,,,,,,,V1,A,155.818,1790002899.5888,1790002899.6233928,457298,Block 4_2_f9861f9f,2,f9861f9f-192a-4c6d-9a65-8979c89ba9b0,155.77,,,748,3,,
403b779c-e31b-416d-b64c-21be8b1d29ac,phase_change,1790002899.595843,1829.196,457319,4,4,,2,G08,A,focused,phase_change,video,,0.0,0.0,,,,,,,,4f31ef37-4b28-414b-891c-fd15b33e84f7,sub-008,ses-001,403b779c-e31b-416d-b64c-21be8b1d29ac,cabcb684-47f5-4be9-90ff-5df78d11e560,1790002899.654393,1790002899.6068,1849813.7999999821,cabcb684-47f5-4be9-90ff-5df78d11e560,browser_calibrated,-0.010957002639770508,7.09986686706543,457299,457299,0,27.54974365234375,host_receive_nearest,verified,1,1,,,,,,,,,1,,,,,,,,,,,,,,,,,,,,V1,A,155.88,1790002899.6068,1790002899.654393,457299,,,,,,,,,,
403b779c-e31b-416d-b64c-21be8b1d29ac,video_resume,1790002899.595843,1829.196,457319,4,4,,2,G08,A,focused,video_resume,155.88,,0.0,0.0,,,,,,,"{""client_event_id"":""403b779c-e31b-416d-b64c-21be8b1d29ac"",""recorder_run_id"":""4f31ef37-4b28-414b-891c-fd15b33e84f7"",""client_id"":""cabcb684-47f5-4be9-90ff-5df78d11e560"",""client_timestamp"":1790002899.6068,""client_monotonic_ms"":1849813.7999999821,""event_timestamp"":1790002899.595843,""clock_offset_sec"":-0.010957002639770508,""clock_round_trip_ms"":7.09986686706543,""subject_id"":""sub-008"",""session_id"":""ses-001"",""block_id"":""Block 4"",""counterbalance_group"":""G08"",""block_order"":""Block 4"",""condition"":""A"",""condition_type"":""focused"",""topic_key"":""V1"",""topic_name"":""商鞅 一个改变秦国命运的男人"",""event_type"":""video_resume"",""iso_time"":""2026-09-21T15:01:39.606Z"",""relative_ms"":166434,""video_time_sec"":155.88,""probe_id"":""Block 4_2_f9861f9f"",""probe_index"":2,""probe_schedule_id"":""f9861f9f-192a-4c6d-9a65-8979c89ba9b0"",""probe_planned_time_sec"":155.77,""video_id"":""V1"",""pause_reason"":""thought_probe"",""resume_status"":""playing""}",4f31ef37-4b28-414b-891c-fd15b33e84f7,sub-008,ses-001,403b779c-e31b-416d-b64c-21be8b1d29ac,cabcb684-47f5-4be9-90ff-5df78d11e560,1790002899.654393,1790002899.6068,1849813.7999999821,cabcb684-47f5-4be9-90ff-5df78d11e560,browser_calibrated,-0.010957002639770508,7.09986686706543,457299,457299,0,27.54974365234375,host_receive_nearest,verified,1,1,,,,,,,,,1,,,,,,,,,,,,,,,,,,,,V1,A,155.88,1790002899.6068,1790002899.654393,457299,Block 4_2_f9861f9f,,,,,,,,,thought_probe
40b2208e-f558-4313-9bc5-9a45e379ed61,probe_onset,1790002949.847393,1879.412,469854,4,4,,2,G08,A,focused,probe_onset,Block 4_3_f9861f9f,,0.0,0.0,,,,,,,"{""client_event_id"":""40b2208e-f558-4313-9bc5-9a45e379ed61"",""recorder_run_id"":""4f31ef37-4b28-414b-891c-fd15b33e84f7"",""client_id"":""cabcb684-47f5-4be9-90ff-5df78d11e560"",""client_timestamp"":1790002949.8528001,""client_monotonic_ms"":1900059.7999999821,""event_timestamp"":1790002949.847393,""clock_offset_sec"":-0.005407094955444336,""clock_round_trip_ms"":7.200002670288086,""subject_id"":""sub-008"",""session_id"":""ses-001"",""block_id"":""Block 4"",""counterbalance_group"":""G08"",""block_order"":""Block 4"",""condition"":""A"",""condition_type"":""focused"",""topic_key"":""V1"",""topic_name"":""商鞅 一个改变秦国命运的男人"",""event_type"":""probe_onset"",""iso_time"":""2026-09-21T15:02:29.852Z"",""relative_ms"":216680,""video_time_sec"":206.059,""probe_id"":""Block 4_3_f9861f9f"",""probe_index"":3,""probe_schedule_id"":""f9861f9f-192a-4c6d-9a65-8979c89ba9b0"",""probe_planned_time_sec"":205.826,""video_id"":""V1"",""pause_reason"":""thought_probe"",""forced"":false}",4f31ef37-4b28-414b-891c-fd15b33e84f7,sub-008,ses-001,40b2208e-f558-4313-9bc5-9a45e379ed61,cabcb684-47f5-4be9-90ff-5df78d11e560,1790002949.8573928,1790002949.8528001,1900059.7999999821,cabcb684-47f5-4be9-90ff-5df78d11e560,browser_calibrated,-0.005407094955444336,7.200002670288086,469853,469853,0,-68.00007820129395,host_receive_nearest,verified,1,1,,,,,,,,,1,,,,,,,,,,,,,,,,,,,,V1,A,206.059,1790002949.8528001,1790002949.8573928,469853,Block 4_3_f9861f9f,3,f9861f9f-192a-4c6d-9a65-8979c89ba9b0,205.826,,,,,,thought_probe
f203d9a2-d896-4bca-a862-392837308c5f,attention_response,1790002951.526593,1881.152,470289,4,4,,2,G08,A,focused,attention_response,1,,0.0,0.0,,,,,,,"{""client_event_id"":""f203d9a2-d896-4bca-a862-392837308c5f"",""recorder_run_id"":""4f31ef37-4b28-414b-891c-fd15b33e84f7"",""client_id"":""cabcb684-47f5-4be9-90ff-5df78d11e560"",""client_timestamp"":1790002951.532,""client_monotonic_ms"":1901739.099999994,""event_timestamp"":1790002951.526593,""clock_offset_sec"":-0.005407094955444336,""clock_round_trip_ms"":7.200002670288086,""subject_id"":""sub-008"",""session_id"":""ses-001"",""block_id"":""Block 4"",""counterbalance_group"":""G08"",""block_order"":""Block 4"",""condition"":""A"",""condition_type"":""focused"",""topic_key"":""V1"",""topic_name"":""商鞅 一个改变秦国命运的男人"",""event_type"":""attention_response"",""iso_time"":""2026-09-21T15:02:31.532Z"",""relative_ms"":218359,""video_time_sec"":206.059,""probe_id"":""Block 4_3_f9861f9f"",""probe_index"":3,""probe_schedule_id"":""f9861f9f-192a-4c6d-9a65-8979c89ba9b0"",""probe_planned_time_sec"":205.826,""video_id"":""V1"",""response"":1,""response_label"":""课程内容"",""probe_attention"":""ON"",""response_time_ms"":1679}",4f31ef37-4b28-414b-891c-fd15b33e84f7,sub-008,ses-001,f203d9a2-d896-4bca-a862-392837308c5f,cabcb684-47f5-4be9-90ff-5df78d11e560,1790002951.529393,1790002951.532,1901739.099999994,cabcb684-47f5-4be9-90ff-5df78d11e560,browser_calibrated,-0.005407094955444336,7.200002670288086,470288,470288,0,-12.200117111206055,host_receive_nearest,verified,1,1,,,,,,,,,1,,,,,,,,,,,,,,,,,,,,V1,A,206.059,1790002951.532,1790002951.5453928,470288,Block 4_3_f9861f9f,3,f9861f9f-192a-4c6d-9a65-8979c89ba9b0,205.826,1,课程内容,1679,,ON,
85d29cf7-10ee-4d42-ac13-97f0ca850f12,confidence_response,1790002953.827193,1883.432,470859,4,4,,2,G08,A,focused,confidence_response,4,,0.0,0.0,,,,,,,"{""client_event_id"":""85d29cf7-10ee-4d42-ac13-97f0ca850f12"",""recorder_run_id"":""4f31ef37-4b28-414b-891c-fd15b33e84f7"",""client_id"":""cabcb684-47f5-4be9-90ff-5df78d11e560"",""client_timestamp"":1790002953.8326,""client_monotonic_ms"":1904039.599999994,""event_timestamp"":1790002953.827193,""clock_offset_sec"":-0.005407094955444336,""clock_round_trip_ms"":7.200002670288086,""subject_id"":""sub-008"",""session_id"":""ses-001"",""block_id"":""Block 4"",""counterbalance_group"":""G08"",""block_order"":""Block 4"",""condition"":""A"",""condition_type"":""focused"",""topic_key"":""V1"",""topic_name"":""商鞅 一个改变秦国命运的男人"",""event_type"":""confidence_response"",""iso_time"":""2026-09-21T15:02:33.832Z"",""relative_ms"":220660,""video_time_sec"":206.059,""probe_id"":""Block 4_3_f9861f9f"",""probe_index"":3,""probe_schedule_id"":""f9861f9f-192a-4c6d-9a65-8979c89ba9b0"",""probe_planned_time_sec"":205.826,""video_id"":""V1"",""response"":1,""confidence"":4,""response_time_ms"":2301}",4f31ef37-4b28-414b-891c-fd15b33e84f7,sub-008,ses-001,85d29cf7-10ee-4d42-ac13-97f0ca850f12,cabcb684-47f5-4be9-90ff-5df78d11e560,1790002953.826393,1790002953.8326,1904039.599999994,cabcb684-47f5-4be9-90ff-5df78d11e560,browser_calibrated,-0.005407094955444336,7.200002670288086,470858,470858,0,-31.800270080566406,host_receive_nearest,verified,1,1,,,,,,,,,1,,,,,,,,,,,,,,,,,,,,V1,A,206.059,1790002953.8326,1790002953.842393,470858,Block 4_3_f9861f9f,3,f9861f9f-192a-4c6d-9a65-8979c89ba9b0,205.826,,,2301,4,,
9b2fba12-696d-4833-845f-55ad277cc730,phase_change,1790002953.846593,1883.436,470874,4,4,,2,G08,A,focused,phase_change,video,,0.0,0.0,,,,,,,,4f31ef37-4b28-414b-891c-fd15b33e84f7,sub-008,ses-001,9b2fba12-696d-4833-845f-55ad277cc730,cabcb684-47f5-4be9-90ff-5df78d11e560,1790002953.8893929,1790002953.852,1904059,cabcb684-47f5-4be9-90ff-5df78d11e560,browser_calibrated,-0.005407094955444336,7.200002670288086,470859,470859,0,10.799884796142578,host_receive_nearest,verified,1,1,,,,,,,,,1,,,,,,,,,,,,,,,,,,,,V1,A,206.12,1790002953.852,1790002953.8893929,470859,,,,,,,,,,
9b2fba12-696d-4833-845f-55ad277cc730,video_resume,1790002953.846593,1883.436,470874,4,4,,2,G08,A,focused,video_resume,206.12,,0.0,0.0,,,,,,,"{""client_event_id"":""9b2fba12-696d-4833-845f-55ad277cc730"",""recorder_run_id"":""4f31ef37-4b28-414b-891c-fd15b33e84f7"",""client_id"":""cabcb684-47f5-4be9-90ff-5df78d11e560"",""client_timestamp"":1790002953.852,""client_monotonic_ms"":1904059,""event_timestamp"":1790002953.846593,""clock_offset_sec"":-0.005407094955444336,""clock_round_trip_ms"":7.200002670288086,""subject_id"":""sub-008"",""session_id"":""ses-001"",""block_id"":""Block 4"",""counterbalance_group"":""G08"",""block_order"":""Block 4"",""condition"":""A"",""condition_type"":""focused"",""topic_key"":""V1"",""topic_name"":""商鞅 一个改变秦国命运的男人"",""event_type"":""video_resume"",""iso_time"":""2026-09-21T15:02:33.852Z"",""relative_ms"":220679,""video_time_sec"":206.12,""probe_id"":""Block 4_3_f9861f9f"",""probe_index"":3,""probe_schedule_id"":""f9861f9f-192a-4c6d-9a65-8979c89ba9b0"",""probe_planned_time_sec"":205.826,""video_id"":""V1"",""pause_reason"":""thought_probe"",""resume_status"":""playing""}",4f31ef37-4b28-414b-891c-fd15b33e84f7,sub-008,ses-001,9b2fba12-696d-4833-845f-55ad277cc730,cabcb684-47f5-4be9-90ff-5df78d11e560,1790002953.8893929,1790002953.852,1904059,cabcb684-47f5-4be9-90ff-5df78d11e560,browser_calibrated,-0.005407094955444336,7.200002670288086,470859,470859,0,10.799884796142578,host_receive_nearest,verified,1,1,,,,,,,,,1,,,,,,,,,,,,,,,,,,,,V1,A,206.12,1790002953.852,1790002953.8893929,470859,Block 4_3_f9861f9f,,,,,,,,,thought_probe
d832df24-813a-4db4-b9fb-3e0b94a3bc1d,probe_onset,1790003054.682443,1984.292,496079,4,4,,2,G08,A,focused,probe_onset,Block 4_4_f9861f9f,,0.0,0.0,,,,,,,"{""client_event_id"":""d832df24-813a-4db4-b9fb-3e0b94a3bc1d"",""recorder_run_id"":""4f31ef37-4b28-414b-891c-fd15b33e84f7"",""client_id"":""cabcb684-47f5-4be9-90ff-5df78d11e560"",""client_timestamp"":1790003054.6954,""client_monotonic_ms"":2004902.5,""event_timestamp"":1790003054.682443,""clock_offset_sec"":-0.012957096099853516,""clock_round_trip_ms"":7.299900054931641,""subject_id"":""sub-008"",""session_id"":""ses-001"",""block_id"":""Block 4"",""counterbalance_group"":""G08"",""block_order"":""Block 4"",""condition"":""A"",""condition_type"":""focused"",""topic_key"":""V1"",""topic_name"":""商鞅 一个改变秦国命运的男人"",""event_type"":""probe_onset"",""iso_time"":""2026-09-21T15:04:14.695Z"",""relative_ms"":321523,""video_time_sec"":306.901,""probe_id"":""Block 4_4_f9861f9f"",""probe_index"":4,""probe_schedule_id"":""f9861f9f-192a-4c6d-9a65-8979c89ba9b0"",""probe_planned_time_sec"":306.639,""video_id"":""V1"",""pause_reason"":""thought_probe"",""forced"":false}",4f31ef37-4b28-414b-891c-fd15b33e84f7,sub-008,ses-001,d832df24-813a-4db4-b9fb-3e0b94a3bc1d,cabcb684-47f5-4be9-90ff-5df78d11e560,1790003054.701393,1790003054.6954,2004902.5,cabcb684-47f5-4be9-90ff-5df78d11e560,browser_calibrated,-0.012957096099853516,7.299900054931641,496073,496073,0,2.949953079223633,host_receive_nearest,verified,1,1,,,,,,,,,1,,,,,,,,,,,,,,,,,,,,V1,A,306.901,1790003054.6954,1790003054.701393,496073,Block 4_4_f9861f9f,4,f9861f9f-192a-4c6d-9a65-8979c89ba9b0,306.639,,,,,,thought_probe
d32651ae-d7c8-47de-a85e-7bf58c468f18,attention_response,1790003057.7544427,1987.388,496848,4,4,,2,G08,A,focused,attention_response,1,,0.0,0.0,,,,,,,"{""client_event_id"":""d32651ae-d7c8-47de-a85e-7bf58c468f18"",""recorder_run_id"":""4f31ef37-4b28-414b-891c-fd15b33e84f7"",""client_id"":""cabcb684-47f5-4be9-90ff-5df78d11e560"",""client_timestamp"":1790003057.7673998,""client_monotonic_ms"":2007974.5,""event_timestamp"":1790003057.7544427,""clock_offset_sec"":-0.012957096099853516,""clock_round_trip_ms"":7.299900054931641,""subject_id"":""sub-008"",""session_id"":""ses-001"",""block_id"":""Block 4"",""counterbalance_group"":""G08"",""block_order"":""Block 4"",""condition"":""A"",""condition_type"":""focused"",""topic_key"":""V1"",""topic_name"":""商鞅 一个改变秦国命运的男人"",""event_type"":""attention_response"",""iso_time"":""2026-09-21T15:04:17.767Z"",""relative_ms"":324595,""video_time_sec"":306.901,""probe_id"":""Block 4_4_f9861f9f"",""probe_index"":4,""probe_schedule_id"":""f9861f9f-192a-4c6d-9a65-8979c89ba9b0"",""probe_planned_time_sec"":306.639,""video_id"":""V1"",""response"":1,""response_label"":""课程内容"",""probe_attention"":""ON"",""response_time_ms"":3073}",4f31ef37-4b28-414b-891c-fd15b33e84f7,sub-008,ses-001,d32651ae-d7c8-47de-a85e-7bf58c468f18,cabcb684-47f5-4be9-90ff-5df78d11e560,1790003057.7643929,1790003057.7673998,2007974.5,cabcb684-47f5-4be9-90ff-5df78d11e560,browser_calibrated,-0.012957096099853516,7.299900054931641,496847,496847,0,-6.049871444702148,host_receive_nearest,verified,1,1,,,,,,,,,1,,,,,,,,,,,,,,,,,,,,V1,A,306.901,1790003057.7673998,1790003057.779393,496847,Block 4_4_f9861f9f,4,f9861f9f-192a-4c6d-9a65-8979c89ba9b0,306.639,1,课程内容,3073,,ON,
b4665934-32cd-43f7-a5ae-ba80890322e0,confidence_response,1790003058.9552429,1988.588,497148,4,4,,2,G08,A,focused,confidence_response,4,,0.0,0.0,,,,,,,"{""client_event_id"":""b4665934-32cd-43f7-a5ae-ba80890322e0"",""recorder_run_id"":""4f31ef37-4b28-414b-891c-fd15b33e84f7"",""client_id"":""cabcb684-47f5-4be9-90ff-5df78d11e560"",""client_timestamp"":1790003058.9682,""client_monotonic_ms"":2009175.2999999821,""event_timestamp"":1790003058.9552429,""clock_offset_sec"":-0.012957096099853516,""clock_round_trip_ms"":7.299900054931641,""subject_id"":""sub-008"",""session_id"":""ses-001"",""block_id"":""Block 4"",""counterbalance_group"":""G08"",""block_order"":""Block 4"",""condition"":""A"",""condition_type"":""focused"",""topic_key"":""V1"",""topic_name"":""商鞅 一个改变秦国命运的男人"",""event_type"":""confidence_response"",""iso_time"":""2026-09-21T15:04:18.968Z"",""relative_ms"":325795,""video_time_sec"":306.901,""probe_id"":""Block 4_4_f9861f9f"",""probe_index"":4,""probe_schedule_id"":""f9861f9f-192a-4c6d-9a65-8979c89ba9b0"",""probe_planned_time_sec"":306.639,""video_id"":""V1"",""response"":1,""confidence"":4,""response_time_ms"":1201}",4f31ef37-4b28-414b-891c-fd15b33e84f7,sub-008,ses-001,b4665934-32cd-43f7-a5ae-ba80890322e0,cabcb684-47f5-4be9-90ff-5df78d11e560,1790003058.967393,1790003058.9682,2009175.2999999821,cabcb684-47f5-4be9-90ff-5df78d11e560,browser_calibrated,-0.012957096099853516,7.299900054931641,497147,497147,0,-3.8499832153320312,host_receive_nearest,verified,1,1,,,,,,,,,1,,,,,,,,,,,,,,,,,,,,V1,A,306.901,1790003058.9682,1790003058.9823928,497147,Block 4_4_f9861f9f,4,f9861f9f-192a-4c6d-9a65-8979c89ba9b0,306.639,,,1201,4,,
da0ef5b1-e418-4f5e-9e3e-5a18384b58a4,phase_change,1790003058.9714427,1988.588,497163,4,4,,2,G08,A,focused,phase_change,video,,0.0,0.0,,,,,,,,4f31ef37-4b28-414b-891c-fd15b33e84f7,sub-008,ses-001,da0ef5b1-e418-4f5e-9e3e-5a18384b58a4,cabcb684-47f5-4be9-90ff-5df78d11e560,1790003059.0143929,1790003058.9843998,2009191.5,cabcb684-47f5-4be9-90ff-5df78d11e560,browser_calibrated,-0.012957096099853516,7.299900054931641,497147,497147,0,-20.0498104095459,host_receive_nearest,verified,1,1,,,,,,,,,1,,,,,,,,,,,,,,,,,,,,V1,A,306.964,1790003058.9843998,1790003059.0143929,497147,,,,,,,,,,
da0ef5b1-e418-4f5e-9e3e-5a18384b58a4,video_resume,1790003058.9714427,1988.588,497163,4,4,,2,G08,A,focused,video_resume,306.964,,0.0,0.0,,,,,,,"{""client_event_id"":""da0ef5b1-e418-4f5e-9e3e-5a18384b58a4"",""recorder_run_id"":""4f31ef37-4b28-414b-891c-fd15b33e84f7"",""client_id"":""cabcb684-47f5-4be9-90ff-5df78d11e560"",""client_timestamp"":1790003058.9843998,""client_monotonic_ms"":2009191.5,""event_timestamp"":1790003058.9714427,""clock_offset_sec"":-0.012957096099853516,""clock_round_trip_ms"":7.299900054931641,""subject_id"":""sub-008"",""session_id"":""ses-001"",""block_id"":""Block 4"",""counterbalance_group"":""G08"",""block_order"":""Block 4"",""condition"":""A"",""condition_type"":""focused"",""topic_key"":""V1"",""topic_name"":""商鞅 一个改变秦国命运的男人"",""event_type"":""video_resume"",""iso_time"":""2026-09-21T15:04:18.984Z"",""relative_ms"":325812,""video_time_sec"":306.964,""probe_id"":""Block 4_4_f9861f9f"",""probe_index"":4,""probe_schedule_id"":""f9861f9f-192a-4c6d-9a65-8979c89ba9b0"",""probe_planned_time_sec"":306.639,""video_id"":""V1"",""pause_reason"":""thought_probe"",""resume_status"":""playing""}",4f31ef37-4b28-414b-891c-fd15b33e84f7,sub-008,ses-001,da0ef5b1-e418-4f5e-9e3e-5a18384b58a4,cabcb684-47f5-4be9-90ff-5df78d11e560,1790003059.0143929,1790003058.9843998,2009191.5,cabcb684-47f5-4be9-90ff-5df78d11e560,browser_calibrated,-0.012957096099853516,7.299900054931641,497147,497147,0,-20.0498104095459,host_receive_nearest,verified,1,1,,,,,,,,,1,,,,,,,,,,,,,,,,,,,,V1,A,306.964,1790003058.9843998,1790003059.0143929,497147,Block 4_4_f9861f9f,,,,,,,,,thought_probe
afec588f-51d5-48a4-a68e-4df746055490,video_end,1790003098.8689427,2028.488,507123,4,4,,2,G08,A,focused,video_end,V1,,0.0,0.0,,,,,,,,4f31ef37-4b28-414b-891c-fd15b33e84f7,sub-008,ses-001,afec588f-51d5-48a4-a68e-4df746055490,cabcb684-47f5-4be9-90ff-5df78d11e560,1790003098.904393,1790003098.8822,2049089.2999999821,cabcb684-47f5-4be9-90ff-5df78d11e560,browser_calibrated,-0.013257265090942383,7.09986686706543,507122,507122,0,-11.549949645996094,host_receive_nearest,verified,1,1,,,,,,,,,1,,,,,,,,,,,,,,,,,,,,V1,A,346.795,1790003098.8822,1790003098.904393,507122,,,,,,,,,,
afec588f-51d5-48a4-a68e-4df746055490,browser_video_ended,1790003098.8689427,2028.488,507123,4,4,,2,G08,A,focused,browser_video_ended,,,0.0,0.0,,,,,,,"{""client_event_id"":""afec588f-51d5-48a4-a68e-4df746055490"",""recorder_run_id"":""4f31ef37-4b28-414b-891c-fd15b33e84f7"",""client_id"":""cabcb684-47f5-4be9-90ff-5df78d11e560"",""client_timestamp"":1790003098.8822,""client_monotonic_ms"":2049089.2999999821,""event_timestamp"":1790003098.8689427,""clock_offset_sec"":-0.013257265090942383,""clock_round_trip_ms"":7.09986686706543,""subject_id"":""sub-008"",""session_id"":""ses-001"",""block_id"":""Block 4"",""counterbalance_group"":""G08"",""block_order"":""Block 4"",""condition"":""A"",""condition_type"":""focused"",""topic_key"":""V1"",""topic_name"":""商鞅 一个改变秦国命运的男人"",""event_type"":""video_ended"",""iso_time"":""2026-09-21T15:04:58.882Z"",""relative_ms"":365709,""video_time_sec"":346.795}",4f31ef37-4b28-414b-891c-fd15b33e84f7,sub-008,ses-001,afec588f-51d5-48a4-a68e-4df746055490,cabcb684-47f5-4be9-90ff-5df78d11e560,1790003098.904393,1790003098.8822,2049089.2999999821,cabcb684-47f5-4be9-90ff-5df78d11e560,browser_calibrated,-0.013257265090942383,7.09986686706543,507122,507122,0,-11.549949645996094,host_receive_nearest,verified,1,1,,,,,,,,,1,,,,,,,,,,,,,,,,,,,,V1,A,346.795,1790003098.8822,1790003098.904393,507122,,,,,,,,,,
f21d9d8c-8db9-4deb-b858-dd9de35b165b,browser_block_end,1790003098.8869426,2028.488,507138,4,4,,2,G08,A,focused,browser_block_end,视频自然播放结束,,0.0,0.0,,,,,,,"{""client_event_id"":""f21d9d8c-8db9-4deb-b858-dd9de35b165b"",""recorder_run_id"":""4f31ef37-4b28-414b-891c-fd15b33e84f7"",""client_id"":""cabcb684-47f5-4be9-90ff-5df78d11e560"",""client_timestamp"":1790003098.9002,""client_monotonic_ms"":2049107.199999988,""event_timestamp"":1790003098.8869426,""clock_offset_sec"":-0.013257265090942383,""clock_round_trip_ms"":7.09986686706543,""subject_id"":""sub-008"",""session_id"":""ses-001"",""block_id"":""Block 4"",""counterbalance_group"":""G08"",""block_order"":""Block 4"",""condition"":""A"",""condition_type"":""focused"",""topic_key"":""V1"",""topic_name"":""商鞅 一个改变秦国命运的男人"",""event_type"":""block_end"",""iso_time"":""2026-09-21T15:04:58.900Z"",""relative_ms"":365727,""video_time_sec"":346.795,""reason"":""视频自然播放结束""}",4f31ef37-4b28-414b-891c-fd15b33e84f7,sub-008,ses-001,f21d9d8c-8db9-4deb-b858-dd9de35b165b,cabcb684-47f5-4be9-90ff-5df78d11e560,1790003098.967393,1790003098.9002,2049107.199999988,cabcb684-47f5-4be9-90ff-5df78d11e560,browser_calibrated,-0.013257265090942383,7.09986686706543,507122,507122,0,-29.549837112426758,host_receive_nearest,verified,1,1,,,,,,,,,1,,,,,,,,,,,,,,,,,,,,V1,A,346.795,1790003098.9002,1790003098.967393,507122,,,,,,,,,,
3455f28f-a130-4c60-bb4c-26d77ba58a1c,rating_start,1790003098.905043,2028.492,507153,4,4,,2,G08,A,focused,rating_start,,,0.0,0.0,,,,,,,"{""client_event_id"":""3455f28f-a130-4c60-bb4c-26d77ba58a1c"",""recorder_run_id"":""4f31ef37-4b28-414b-891c-fd15b33e84f7"",""client_id"":""cabcb684-47f5-4be9-90ff-5df78d11e560"",""client_timestamp"":1790003098.9183002,""client_monotonic_ms"":2049125.400000006,""event_timestamp"":1790003098.905043,""clock_offset_sec"":-0.013257265090942383,""clock_round_trip_ms"":7.09986686706543,""subject_id"":""sub-008"",""session_id"":""ses-001"",""block_id"":""Block 4"",""counterbalance_group"":""G08"",""block_order"":""Block 4"",""condition"":""A"",""condition_type"":""focused"",""topic_key"":""V1"",""topic_name"":""商鞅 一个改变秦国命运的男人"",""event_type"":""rating_start"",""iso_time"":""2026-09-21T15:04:58.918Z"",""relative_ms"":365746,""video_time_sec"":346.795}",4f31ef37-4b28-414b-891c-fd15b33e84f7,sub-008,ses-001,3455f28f-a130-4c60-bb4c-26d77ba58a1c,cabcb684-47f5-4be9-90ff-5df78d11e560,1790003099.0143929,1790003098.9183002,2049125.400000006,cabcb684-47f5-4be9-90ff-5df78d11e560,browser_calibrated,-0.013257265090942383,7.09986686706543,507123,507123,0,15.349864959716797,host_receive_nearest,verified,1,1,,,,,,,,,1,,,,,,,,,,,,,,,,,,,,V1,A,346.795,1790003098.9183002,1790003099.0143929,507123,,,,,,,,,,
4e9b5962-cd70-46fd-b2f3-1310b9085ace,rating_item_response,1790003101.4758427,2031.088,507783,4,4,,2,G08,A,focused,rating_item_response,3,,0.0,0.0,,,,,,,"{""client_event_id"":""4e9b5962-cd70-46fd-b2f3-1310b9085ace"",""recorder_run_id"":""4f31ef37-4b28-414b-891c-fd15b33e84f7"",""client_id"":""cabcb684-47f5-4be9-90ff-5df78d11e560"",""client_timestamp"":1790003101.4891,""client_monotonic_ms"":2051696.199999988,""event_timestamp"":1790003101.4758427,""clock_offset_sec"":-0.013257265090942383,""clock_round_trip_ms"":7.09986686706543,""subject_id"":""sub-008"",""session_id"":""ses-001"",""block_id"":""Block 4"",""counterbalance_group"":""G08"",""block_order"":""Block 4"",""condition"":""A"",""condition_type"":""focused"",""topic_key"":""V1"",""topic_name"":""商鞅 一个改变秦国命运的男人"",""event_type"":""rating_item_response"",""iso_time"":""2026-09-21T15:05:01.489Z"",""relative_ms"":368316,""video_time_sec"":346.795,""rating_item"":""course_attention_rating"",""rating_value"":""3"",""response_time_ms"":2571}",4f31ef37-4b28-414b-891c-fd15b33e84f7,sub-008,ses-001,4e9b5962-cd70-46fd-b2f3-1310b9085ace,cabcb684-47f5-4be9-90ff-5df78d11e560,1790003101.5143929,1790003101.4891,2051696.199999988,cabcb684-47f5-4be9-90ff-5df78d11e560,browser_calibrated,-0.013257265090942383,7.09986686706543,507772,507772,0,-8.449792861938477,host_receive_nearest,verified,1,1,,,,,,,,,1,,,,,,,,,,,,,course_attention_rating,3,,,,,,V1,A,346.795,1790003101.4891,1790003101.5143929,507772,,,,,,,2571,,,
a0793cdb-57ed-477c-9d67-88237c9166bc,rating_item_response,1790003103.5442426,2033.168,508293,4,4,,2,G08,A,focused,rating_item_response,4,,0.0,0.0,,,,,,,"{""client_event_id"":""a0793cdb-57ed-477c-9d67-88237c9166bc"",""recorder_run_id"":""4f31ef37-4b28-414b-891c-fd15b33e84f7"",""client_id"":""cabcb684-47f5-4be9-90ff-5df78d11e560"",""client_timestamp"":1790003103.5575,""client_monotonic_ms"":2053764.5,""event_timestamp"":1790003103.5442426,""clock_offset_sec"":-0.013257265090942383,""clock_round_trip_ms"":7.09986686706543,""subject_id"":""sub-008"",""session_id"":""ses-001"",""block_id"":""Block 4"",""counterbalance_group"":""G08"",""block_order"":""Block 4"",""condition"":""A"",""condition_type"":""focused"",""topic_key"":""V1"",""topic_name"":""商鞅 一个改变秦国命运的男人"",""event_type"":""rating_item_response"",""iso_time"":""2026-09-21T15:05:03.557Z"",""relative_ms"":370385,""video_time_sec"":346.795,""rating_item"":""mental_effort"",""rating_value"":""4"",""response_time_ms"":4639}",4f31ef37-4b28-414b-891c-fd15b33e84f7,sub-008,ses-001,a0793cdb-57ed-477c-9d67-88237c9166bc,cabcb684-47f5-4be9-90ff-5df78d11e560,1790003103.576393,1790003103.5575,2053764.5,cabcb684-47f5-4be9-90ff-5df78d11e560,browser_calibrated,-0.013257265090942383,7.09986686706543,508292,508292,0,-14.849662780761719,host_receive_nearest,verified,1,1,,,,,,,,,1,,,,,,,,,,,,,mental_effort,4,,,,,,V1,A,346.795,1790003103.5575,1790003103.576393,508292,,,,,,,4639,,,
68a477ae-a659-401c-891e-ed5366871d7b,rating_item_response,1790003105.0640428,2034.688,508673,4,4,,2,G08,A,focused,rating_item_response,3,,0.0,0.0,,,,,,,"{""client_event_id"":""68a477ae-a659-401c-891e-ed5366871d7b"",""recorder_run_id"":""4f31ef37-4b28-414b-891c-fd15b33e84f7"",""client_id"":""cabcb684-47f5-4be9-90ff-5df78d11e560"",""client_timestamp"":1790003105.0773,""client_monotonic_ms"":2055284.2999999821,""event_timestamp"":1790003105.0640428,""clock_offset_sec"":-0.013257265090942383,""clock_round_trip_ms"":7.09986686706543,""subject_id"":""sub-008"",""session_id"":""ses-001"",""block_id"":""Block 4"",""counterbalance_group"":""G08"",""block_order"":""Block 4"",""condition"":""A"",""condition_type"":""focused"",""topic_key"":""V1"",""topic_name"":""商鞅 一个改变秦国命运的男人"",""event_type"":""rating_item_response"",""iso_time"":""2026-09-21T15:05:05.077Z"",""relative_ms"":371905,""video_time_sec"":346.795,""rating_item"":""video_interest"",""rating_value"":""3"",""response_time_ms"":6159}",4f31ef37-4b28-414b-891c-fd15b33e84f7,sub-008,ses-001,68a477ae-a659-401c-891e-ed5366871d7b,cabcb684-47f5-4be9-90ff-5df78d11e560,1790003105.092393,1790003105.0773,2055284.2999999821,cabcb684-47f5-4be9-90ff-5df78d11e560,browser_calibrated,-0.013257265090942383,7.09986686706543,508672,508672,0,-3.6499500274658203,host_receive_nearest,verified,1,1,,,,,,,,,1,,,,,,,,,,,,,video_interest,3,,,,,,V1,A,346.795,1790003105.0773,1790003105.092393,508672,,,,,,,6159,,,
8a756b72-567e-4e75-8c69-ef895bc7bc84,rating_item_response,1790003106.8241427,2036.432,509123,4,4,,2,G08,A,focused,rating_item_response,2,,0.0,0.0,,,,,,,"{""client_event_id"":""8a756b72-567e-4e75-8c69-ef895bc7bc84"",""recorder_run_id"":""4f31ef37-4b28-414b-891c-fd15b33e84f7"",""client_id"":""cabcb684-47f5-4be9-90ff-5df78d11e560"",""client_timestamp"":1790003106.8374,""client_monotonic_ms"":2057044.400000006,""event_timestamp"":1790003106.8241427,""clock_offset_sec"":-0.013257265090942383,""clock_round_trip_ms"":7.09986686706543,""subject_id"":""sub-008"",""session_id"":""ses-001"",""block_id"":""Block 4"",""counterbalance_group"":""G08"",""block_order"":""Block 4"",""condition"":""A"",""condition_type"":""focused"",""topic_key"":""V1"",""topic_name"":""商鞅 一个改变秦国命运的男人"",""event_type"":""rating_item_response"",""iso_time"":""2026-09-21T15:05:06.837Z"",""relative_ms"":373665,""video_time_sec"":346.795,""rating_item"":""video_difficulty"",""rating_value"":""2"",""response_time_ms"":7919}",4f31ef37-4b28-414b-891c-fd15b33e84f7,sub-008,ses-001,8a756b72-567e-4e75-8c69-ef895bc7bc84,cabcb684-47f5-4be9-90ff-5df78d11e560,1790003106.8733928,1790003106.8374,2057044.400000006,cabcb684-47f5-4be9-90ff-5df78d11e560,browser_calibrated,-0.013257265090942383,7.09986686706543,509108,509108,0,2.250194549560547,host_receive_nearest,verified,1,1,,,,,,,,,1,,,,,,,,,,,,,video_difficulty,2,,,,,,V1,A,346.795,1790003106.8374,1790003106.8733928,509108,,,,,,,7919,,,
910104ca-c6f1-4f1c-bfff-f8a45bea7970,rating_end,1790003107.3288429,2036.948,509238,4,4,,2,G08,A,focused,rating_end,,8.424,0.0,0.0,,,,,,,"{""client_event_id"":""910104ca-c6f1-4f1c-bfff-f8a45bea7970"",""recorder_run_id"":""4f31ef37-4b28-414b-891c-fd15b33e84f7"",""client_id"":""cabcb684-47f5-4be9-90ff-5df78d11e560"",""client_timestamp"":1790003107.3421001,""client_monotonic_ms"":2057549.2999999821,""event_timestamp"":1790003107.3288429,""clock_offset_sec"":-0.013257265090942383,""clock_round_trip_ms"":7.09986686706543,""subject_id"":""sub-008"",""session_id"":""ses-001"",""block_id"":""Block 4"",""counterbalance_group"":""G08"",""block_order"":""Block 4"",""condition"":""A"",""condition_type"":""focused"",""topic_key"":""V1"",""topic_name"":""商鞅 一个改变秦国命运的男人"",""event_type"":""rating_end"",""iso_time"":""2026-09-21T15:05:07.342Z"",""relative_ms"":374169,""video_time_sec"":346.795,""video_id"":""V1"",""course_attention_rating"":3,""mental_effort"":4,""video_interest"":3,""video_difficulty"":2,""subtraction_compliance"":"""",""subtraction_difficulty"":"""",""reported_final_number"":"""",""duration_sec"":8.424,""submitted_iso"":""2026-09-21T15:05:07.342Z"",""submitted_relative_ms"":374169}",4f31ef37-4b28-414b-891c-fd15b33e84f7,sub-008,ses-001,910104ca-c6f1-4f1c-bfff-f8a45bea7970,cabcb684-47f5-4be9-90ff-5df78d11e560,1790003107.342393,1790003107.3421001,2057549.2999999821,cabcb684-47f5-4be9-90ff-5df78d11e560,browser_calibrated,-0.013257265090942383,7.09986686706543,509237,509237,0,-18.450021743774414,host_receive_nearest,verified,1,1,,,,,,,,,1,,,,3,4,3,2,,,,,,,,,,,,,V1,A,346.795,1790003107.3421001,1790003107.342393,509237,,,,,,,,,,
a348d205-19c5-49d4-b861-b46f00e4b993,quiz_start,1790003107.3426425,2036.988,509258,4,4,,2,G08,A,focused,quiz_start,,,0.0,0.0,,,,,,,"{""client_event_id"":""a348d205-19c5-49d4-b861-b46f00e4b993"",""recorder_run_id"":""4f31ef37-4b28-414b-891c-fd15b33e84f7"",""client_id"":""cabcb684-47f5-4be9-90ff-5df78d11e560"",""client_timestamp"":1790003107.3558998,""client_monotonic_ms"":2057562.900000006,""event_timestamp"":1790003107.3426425,""clock_offset_sec"":-0.013257265090942383,""clock_round_trip_ms"":7.09986686706543,""subject_id"":""sub-008"",""session_id"":""ses-001"",""block_id"":""Block 4"",""counterbalance_group"":""G08"",""block_order"":""Block 4"",""condition"":""A"",""condition_type"":""focused"",""topic_key"":""V1"",""topic_name"":""商鞅 一个改变秦国命运的男人"",""event_type"":""quiz_start"",""iso_time"":""2026-09-21T15:05:07.356Z"",""relative_ms"":374183,""video_time_sec"":346.795}",4f31ef37-4b28-414b-891c-fd15b33e84f7,sub-008,ses-001,a348d205-19c5-49d4-b861-b46f00e4b993,cabcb684-47f5-4be9-90ff-5df78d11e560,1790003107.4203928,1790003107.3558998,2057562.900000006,cabcb684-47f5-4be9-90ff-5df78d11e560,browser_calibrated,-0.013257265090942383,7.09986686706543,509247,509247,0,-0.24962425231933594,host_receive_nearest,verified,1,1,,,,,,,,,1,,,,,,,,,,,,,,,,,,,,V1,A,346.795,1790003107.3558998,1790003107.4203928,509247,,,,,,,,,,
9d09e1a2-3e2c-4865-a9cc-b68c39723861,quiz_item_response,1790003139.0478928,2068.628,517158,4,4,,2,G08,A,focused,quiz_item_response,商鞅变法发生在哪个国家？,,0.0,0.0,,V1Q1,C,C,True,2533,"{""client_event_id"":""9d09e1a2-3e2c-4865-a9cc-b68c39723861"",""recorder_run_id"":""4f31ef37-4b28-414b-891c-fd15b33e84f7"",""client_id"":""cabcb684-47f5-4be9-90ff-5df78d11e560"",""client_timestamp"":1790003139.0493999,""client_monotonic_ms"":2089256.5,""event_timestamp"":1790003139.0478928,""clock_offset_sec"":-0.0015070438385009766,""clock_round_trip_ms"":6.599903106689453,""subject_id"":""sub-008"",""session_id"":""ses-001"",""block_id"":""Block 4"",""counterbalance_group"":""G08"",""block_order"":""Block 4"",""condition"":""A"",""condition_type"":""focused"",""topic_key"":""V1"",""topic_name"":""商鞅 一个改变秦国命运的男人"",""event_type"":""quiz_item_response"",""iso_time"":""2026-09-21T15:05:39.049Z"",""relative_ms"":405877,""video_time_sec"":346.795,""video_id"":""V1"",""question_id"":""V1Q1"",""question_text"":""商鞅变法发生在哪个国家？"",""response_index"":2,""response_letter"":""C"",""response_text"":""秦国"",""correct_index"":2,""correct_letter"":""C"",""correct_text"":""秦国"",""is_correct"":true,""reaction_time_ms"":2533,""submitted_iso"":""2026-09-21T15:05:39.049Z"",""submitted_relative_ms"":405877}",4f31ef37-4b28-414b-891c-fd15b33e84f7,sub-008,ses-001,9d09e1a2-3e2c-4865-a9cc-b68c39723861,cabcb684-47f5-4be9-90ff-5df78d11e560,1790003139.0453928,1790003139.0493999,2089256.5,cabcb684-47f5-4be9-90ff-5df78d11e560,browser_calibrated,-0.0015070438385009766,6.599903106689453,517157,517157,0,-49.4999885559082,host_receive_nearest,verified,1,1,,,,,,,,,1,,,,,,,,,,,,,,,,,商鞅变法发生在哪个国家？,2,秦国,V1,A,346.795,1790003139.0493999,1790003139.0453928,517157,,,,,,,,,,
52649c93-c191-4ef4-82db-a1ea5e9364c3,quiz_item_response,1790003139.061293,2068.688,517198,4,4,,2,G08,A,focused,quiz_item_response,商鞅变法中，商鞅通过采取什么方法提升参军人数？,,0.0,0.0,,V1Q2,B,B,True,6969,"{""client_event_id"":""52649c93-c191-4ef4-82db-a1ea5e9364c3"",""recorder_run_id"":""4f31ef37-4b28-414b-891c-fd15b33e84f7"",""client_id"":""cabcb684-47f5-4be9-90ff-5df78d11e560"",""client_timestamp"":1790003139.0628,""client_monotonic_ms"":2089269.900000006,""event_timestamp"":1790003139.061293,""clock_offset_sec"":-0.0015070438385009766,""clock_round_trip_ms"":6.599903106689453,""subject_id"":""sub-008"",""session_id"":""ses-001"",""block_id"":""Block 4"",""counterbalance_group"":""G08"",""block_order"":""Block 4"",""condition"":""A"",""condition_type"":""focused"",""topic_key"":""V1"",""topic_name"":""商鞅 一个改变秦国命运的男人"",""event_type"":""quiz_item_response"",""iso_time"":""2026-09-21T15:05:39.062Z"",""relative_ms"":405890,""video_time_sec"":346.795,""video_id"":""V1"",""question_id"":""V1Q2"",""question_text"":""商鞅变法中，商鞅通过采取什么方法提升参军人数？"",""response_index"":1,""response_letter"":""B"",""response_text"":""采取户籍制"",""correct_index"":1,""correct_letter"":""B"",""correct_text"":""采取户籍制"",""is_correct"":true,""reaction_time_ms"":6969,""submitted_iso"":""2026-09-21T15:05:39.062Z"",""submitted_relative_ms"":405890}",4f31ef37-4b28-414b-891c-fd15b33e84f7,sub-008,ses-001,52649c93-c191-4ef4-82db-a1ea5e9364c3,cabcb684-47f5-4be9-90ff-5df78d11e560,1790003139.1703928,1790003139.0628,2089269.900000006,cabcb684-47f5-4be9-90ff-5df78d11e560,browser_calibrated,-0.0015070438385009766,6.599903106689453,517172,517172,0,-0.9000301361083984,host_receive_nearest,verified,1,1,,,,,,,,,1,,,,,,,,,,,,,,,,,商鞅变法中，商鞅通过采取什么方法提升参军人数？,1,采取户籍制,V1,A,346.795,1790003139.0628,1790003139.1703928,517172,,,,,,,,,,
31711458-ac13-40ad-85ca-b6000b7ee0bd,quiz_item_response,1790003139.074793,2068.692,517213,4,4,,2,G08,A,focused,quiz_item_response,商鞅变法使秦国发生了怎样的变化？,,0.0,0.0,,V1Q3,B,B,True,9769,"{""client_event_id"":""31711458-ac13-40ad-85ca-b6000b7ee0bd"",""recorder_run_id"":""4f31ef37-4b28-414b-891c-fd15b33e84f7"",""client_id"":""cabcb684-47f5-4be9-90ff-5df78d11e560"",""client_timestamp"":1790003139.0763001,""client_monotonic_ms"":2089283.2999999821,""event_timestamp"":1790003139.074793,""clock_offset_sec"":-0.0015070438385009766,""clock_round_trip_ms"":6.599903106689453,""subject_id"":""sub-008"",""session_id"":""ses-001"",""block_id"":""Block 4"",""counterbalance_group"":""G08"",""block_order"":""Block 4"",""condition"":""A"",""condition_type"":""focused"",""topic_key"":""V1"",""topic_name"":""商鞅 一个改变秦国命运的男人"",""event_type"":""quiz_item_response"",""iso_time"":""2026-09-21T15:05:39.076Z"",""relative_ms"":405903,""video_time_sec"":346.795,""video_id"":""V1"",""question_id"":""V1Q3"",""question_text"":""商鞅变法使秦国发生了怎样的变化？"",""response_index"":1,""response_letter"":""B"",""response_text"":""国力大增，为统一六国奠定基础"",""correct_index"":1,""correct_letter"":""B"",""correct_text"":""国力大增，为统一六国奠定基础"",""is_correct"":true,""reaction_time_ms"":9769,""submitted_iso"":""2026-09-21T15:05:39.076Z"",""submitted_relative_ms"":405903}",4f31ef37-4b28-414b-891c-fd15b33e84f7,sub-008,ses-001,31711458-ac13-40ad-85ca-b6000b7ee0bd,cabcb684-47f5-4be9-90ff-5df78d11e560,1790003139.2323928,1790003139.0763001,2089283.2999999821,cabcb684-47f5-4be9-90ff-5df78d11e560,browser_calibrated,-0.0015070438385009766,6.599903106689453,517173,517173,0,1.5997886657714844,host_receive_nearest,verified,1,1,,,,,,,,,1,,,,,,,,,,,,,,,,,商鞅变法使秦国发生了怎样的变化？,1,国力大增，为统一六国奠定基础,V1,A,346.795,1790003139.0763001,1790003139.2323928,517173,,,,,,,,,,
a192e54a-aec9-4a1e-a409-f4f412231eac,quiz_item_response,1790003139.087493,2068.712,517218,4,4,,2,G08,A,focused,quiz_item_response,商鞅变法能够成功推行，离不开哪位国君的支持？,,0.0,0.0,,V1Q4,B,B,True,31029,"{""client_event_id"":""a192e54a-aec9-4a1e-a409-f4f412231eac"",""recorder_run_id"":""4f31ef37-4b28-414b-891c-fd15b33e84f7"",""client_id"":""cabcb684-47f5-4be9-90ff-5df78d11e560"",""client_timestamp"":1790003139.089,""client_monotonic_ms"":2089296.099999994,""event_timestamp"":1790003139.087493,""clock_offset_sec"":-0.0015070438385009766,""clock_round_trip_ms"":6.599903106689453,""subject_id"":""sub-008"",""session_id"":""ses-001"",""block_id"":""Block 4"",""counterbalance_group"":""G08"",""block_order"":""Block 4"",""condition"":""A"",""condition_type"":""focused"",""topic_key"":""V1"",""topic_name"":""商鞅 一个改变秦国命运的男人"",""event_type"":""quiz_item_response"",""iso_time"":""2026-09-21T15:05:39.089Z"",""relative_ms"":405916,""video_time_sec"":346.795,""video_id"":""V1"",""question_id"":""V1Q4"",""question_text"":""商鞅变法能够成功推行，离不开哪位国君的支持？"",""response_index"":1,""response_letter"":""B"",""response_text"":""秦孝公"",""correct_index"":1,""correct_letter"":""B"",""correct_text"":""秦孝公"",""is_correct"":true,""reaction_time_ms"":31029,""submitted_iso"":""2026-09-21T15:05:39.089Z"",""submitted_relative_ms"":405916}",4f31ef37-4b28-414b-891c-fd15b33e84f7,sub-008,ses-001,a192e54a-aec9-4a1e-a409-f4f412231eac,cabcb684-47f5-4be9-90ff-5df78d11e560,1790003139.2643929,1790003139.089,2089296.099999994,cabcb684-47f5-4be9-90ff-5df78d11e560,browser_calibrated,-0.0015070438385009766,6.599903106689453,517178,517178,0,4.8999786376953125,host_receive_nearest,verified,1,1,,,,,,,,,1,,,,,,,,,,,,,,,,,商鞅变法能够成功推行，离不开哪位国君的支持？,1,秦孝公,V1,A,346.795,1790003139.089,1790003139.2643929,517178,,,,,,,,,,
9964b890-917e-43e5-9d07-20b7b4ec5cb3,quiz_end,1790003139.099793,2068.728,517228,4,4,,2,G08,A,focused,quiz_end,4/4,31.745,0.0,0.0,,,,,,,"{""client_event_id"":""9964b890-917e-43e5-9d07-20b7b4ec5cb3"",""recorder_run_id"":""4f31ef37-4b28-414b-891c-fd15b33e84f7"",""client_id"":""cabcb684-47f5-4be9-90ff-5df78d11e560"",""client_timestamp"":1790003139.1013,""client_monotonic_ms"":2089308.400000006,""event_timestamp"":1790003139.099793,""clock_offset_sec"":-0.0015070438385009766,""clock_round_trip_ms"":6.599903106689453,""subject_id"":""sub-008"",""session_id"":""ses-001"",""block_id"":""Block 4"",""counterbalance_group"":""G08"",""block_order"":""Block 4"",""condition"":""A"",""condition_type"":""focused"",""topic_key"":""V1"",""topic_name"":""商鞅 一个改变秦国命运的男人"",""event_type"":""quiz_end"",""iso_time"":""2026-09-21T15:05:39.101Z"",""relative_ms"":405929,""video_time_sec"":346.795,""score"":4,""total"":4,""duration_sec"":31.745}",4f31ef37-4b28-414b-891c-fd15b33e84f7,sub-008,ses-001,9964b890-917e-43e5-9d07-20b7b4ec5cb3,cabcb684-47f5-4be9-90ff-5df78d11e560,1790003139.2953928,1790003139.1013,2089308.400000006,cabcb684-47f5-4be9-90ff-5df78d11e560,browser_calibrated,-0.0015070438385009766,6.599903106689453,517182,517182,0,-7.400035858154297,host_receive_nearest,verified,1,1,,,,,,,,,1,,,,,,,,,,,,,,,4,4,,,,V1,A,346.795,1790003139.1013,1790003139.2953928,517182,,,,,,,,,,
9964b890-917e-43e5-9d07-20b7b4ec5cb3,block_end,1790003139.099793,2068.728,517228,4,4,,2,G08,A,focused,block_end,V1,,0.0,0.0,,,,,,,,4f31ef37-4b28-414b-891c-fd15b33e84f7,sub-008,ses-001,9964b890-917e-43e5-9d07-20b7b4ec5cb3,cabcb684-47f5-4be9-90ff-5df78d11e560,1790003139.2953928,1790003139.1013,2089308.400000006,cabcb684-47f5-4be9-90ff-5df78d11e560,browser_calibrated,-0.0015070438385009766,6.599903106689453,517182,517182,0,-7.400035858154297,host_receive_nearest,verified,1,1,,,,,,,,,1,,,,,,,,,,,,,,,,,,,,V1,A,346.795,1790003139.1013,1790003139.2953928,517182,,,,,,,,,,
2679ddc3-8702-4add-8d6e-cacaf8616ff0,rest_start,1790003139.118893,2068.748,517233,4,4,,2,G08,A,focused,rest_start,after-block-4,,0.0,0.0,,,,,,,"{""client_event_id"":""2679ddc3-8702-4add-8d6e-cacaf8616ff0"",""recorder_run_id"":""4f31ef37-4b28-414b-891c-fd15b33e84f7"",""client_id"":""cabcb684-47f5-4be9-90ff-5df78d11e560"",""client_timestamp"":1790003139.1204,""client_monotonic_ms"":2089327.400000006,""event_timestamp"":1790003139.118893,""clock_offset_sec"":-0.0015070438385009766,""clock_round_trip_ms"":6.599903106689453,""subject_id"":""sub-008"",""session_id"":""ses-001"",""block_id"":""Block 4"",""counterbalance_group"":""G08"",""block_order"":""Block 4"",""condition"":""A"",""condition_type"":""focused"",""topic_key"":""V1"",""topic_name"":""商鞅 一个改变秦国命运的男人"",""event_type"":""rest_start"",""iso_time"":""2026-09-21T15:05:39.120Z"",""relative_ms"":405948,""video_time_sec"":346.795,""after_block_id"":4,""planned_duration"":30,""actual_duration"":"""",""is_formal_experiment"":0}",4f31ef37-4b28-414b-891c-fd15b33e84f7,sub-008,ses-001,2679ddc3-8702-4add-8d6e-cacaf8616ff0,cabcb684-47f5-4be9-90ff-5df78d11e560,1790003139.326393,1790003139.1204,2089327.400000006,cabcb684-47f5-4be9-90ff-5df78d11e560,browser_calibrated,-0.0015070438385009766,6.599903106689453,517187,517187,0,-11.500120162963867,host_receive_nearest,verified,0,1,,,,,4,,30,,0,,,,,,,,,,,,,,,,,,,,V1,A,346.795,1790003139.1204,1790003139.326393,517187,,,,,,,,,,
fe915b94-80cc-4816-bf5d-39209da55325,rest_end,1790003174.7000427,2104.312,526083,4,4,,2,G08,A,focused,rest_end,after-block-4,35.589,0.0,0.0,,,,,,,"{""client_event_id"":""fe915b94-80cc-4816-bf5d-39209da55325"",""recorder_run_id"":""4f31ef37-4b28-414b-891c-fd15b33e84f7"",""client_id"":""cabcb684-47f5-4be9-90ff-5df78d11e560"",""client_timestamp"":1790003174.7089,""client_monotonic_ms"":2124916,""event_timestamp"":1790003174.7000427,""clock_offset_sec"":-0.008857250213623047,""clock_round_trip_ms"":6.899833679199219,""subject_id"":""sub-008"",""session_id"":""ses-001"",""block_id"":""Block 4"",""counterbalance_group"":""G08"",""block_order"":""Block 4"",""condition"":""A"",""condition_type"":""focused"",""topic_key"":""V1"",""topic_name"":""商鞅 一个改变秦国命运的男人"",""event_type"":""rest_end"",""iso_time"":""2026-09-21T15:06:14.708Z"",""relative_ms"":441536,""video_time_sec"":346.795,""after_block_id"":4,""planned_duration"":30,""actual_duration"":35.589,""duration_sec"":35.589,""is_formal_experiment"":0,""debug_early"":false}",4f31ef37-4b28-414b-891c-fd15b33e84f7,sub-008,ses-001,fe915b94-80cc-4816-bf5d-39209da55325,cabcb684-47f5-4be9-90ff-5df78d11e560,1790003174.717393,1790003174.7089,2124916,cabcb684-47f5-4be9-90ff-5df78d11e560,browser_calibrated,-0.008857250213623047,6.899833679199219,526078,526078,0,1.3501644134521484,host_receive_nearest,verified,0,1,,,,,4,,30,35.589,0,,,,,,,,,,,,,,,,,,,,V1,A,346.795,1790003174.7089,1790003174.717393,526078,,,,,,,,,,
ba2deec8-cf79-44ec-aa67-3e8543940dc7,block_start,1790003176.164743,2105.772,526453,5,5,,2,G08,B,bbbd_subtraction,block_start,V2,,0.0,0.0,,,,,,,condition=B; condition_type=bbbd_subtraction,4f31ef37-4b28-414b-891c-fd15b33e84f7,sub-008,ses-001,ba2deec8-cf79-44ec-aa67-3e8543940dc7,cabcb684-47f5-4be9-90ff-5df78d11e560,1790003176.1703928,1790003176.1658,2126372.799999982,cabcb684-47f5-4be9-90ff-5df78d11e560,browser_calibrated,-0.0010571479797363281,6.2999725341796875,526443,526443,0,5.649805068969727,host_receive_nearest,verified,0,1,823,1790001064.6393929,,,,,,,1,,,,,,,,,,,,,,,,,,,,V2,B,0,1790003176.1658,1790003176.1703928,526443,,,,,,,,,,
ba2deec8-cf79-44ec-aa67-3e8543940dc7,condition_prompt_start,1790003176.164743,2105.772,526453,5,5,,2,G08,B,bbbd_subtraction,condition_prompt_start,B,,0.0,0.0,,,,,,,,4f31ef37-4b28-414b-891c-fd15b33e84f7,sub-008,ses-001,ba2deec8-cf79-44ec-aa67-3e8543940dc7,cabcb684-47f5-4be9-90ff-5df78d11e560,1790003176.1703928,1790003176.1658,2126372.799999982,cabcb684-47f5-4be9-90ff-5df78d11e560,browser_calibrated,-0.0010571479797363281,6.2999725341796875,526443,526443,0,5.649805068969727,host_receive_nearest,verified,0,1,,,,,,,,,1,,,,,,,,,,,,,,,,,,,,V2,B,0,1790003176.1658,1790003176.1703928,526443,,,,,,,,,,
ba2deec8-cf79-44ec-aa67-3e8543940dc7,browser_block_config,1790003176.164743,2105.772,526453,5,5,,2,G08,B,bbbd_subtraction,browser_block_config,V2,,0.0,0.0,,,,,,,"{""client_event_id"":""ba2deec8-cf79-44ec-aa67-3e8543940dc7"",""recorder_run_id"":""4f31ef37-4b28-414b-891c-fd15b33e84f7"",""client_id"":""cabcb684-47f5-4be9-90ff-5df78d11e560"",""client_timestamp"":1790003176.1658,""client_monotonic_ms"":2126372.799999982,""event_timestamp"":1790003176.164743,""clock_offset_sec"":-0.0010571479797363281,""clock_round_trip_ms"":6.2999725341796875,""subject_id"":""sub-008"",""session_id"":""ses-001"",""block_id"":""Block 5"",""counterbalance_group"":""G08"",""block_order"":""Block 5"",""condition"":""B"",""condition_type"":""bbbd_subtraction"",""topic_key"":""V2"",""topic_name"":""百家争鸣 到底是哪百家"",""event_type"":""block_start"",""iso_time"":""2026-09-21T15:06:16.165Z"",""relative_ms"":0,""video_time_sec"":0,""block_start_iso"":""2026-09-21T15:06:16.165Z"",""config_json"":""{\""recorder_run_id\"":\""4f31ef37-4b28-414b-891c-fd15b33e84f7\"",\""subject_id\"":\""sub-008\"",\""session_id\"":\""ses-001\"",\""block_id\"":\""Block 5\"",\""counterbalance_group\"":\""G08\"",\""condition\"":\""B\"",\""condition_type\"":\""bbbd_subtraction\"",\""topic_key\"":\""V2\"",\""topic_name\"":\""百家争鸣 到底是哪百家\"",\""video_file\"":\""视频2-混知漫画｜百家争鸣，到底是哪百家？-480P 标清-AVC.mp4\"",\""start_number\"":823,\""generated_timestamp\"":1790001064.6393929}""}",4f31ef37-4b28-414b-891c-fd15b33e84f7,sub-008,ses-001,ba2deec8-cf79-44ec-aa67-3e8543940dc7,cabcb684-47f5-4be9-90ff-5df78d11e560,1790003176.1703928,1790003176.1658,2126372.799999982,cabcb684-47f5-4be9-90ff-5df78d11e560,browser_calibrated,-0.0010571479797363281,6.2999725341796875,526443,526443,0,5.649805068969727,host_receive_nearest,verified,0,1,,,,,,,,,1,,,,,,,,,,,,,,,,,,,,V2,B,0,1790003176.1658,1790003176.1703928,526443,,,,,,,,,,
3923dd12-7eff-4ddb-a2e1-498da3888da4,probe_schedule,1790003176.2361429,2105.828,526458,5,5,,2,G08,B,bbbd_subtraction,probe_schedule,"60.329,119.06,179.501,260.045",,0.0,0.0,,,,,,,"{""client_event_id"":""3923dd12-7eff-4ddb-a2e1-498da3888da4"",""recorder_run_id"":""4f31ef37-4b28-414b-891c-fd15b33e84f7"",""client_id"":""cabcb684-47f5-4be9-90ff-5df78d11e560"",""client_timestamp"":1790003176.2372,""client_monotonic_ms"":2126444.199999988,""event_timestamp"":1790003176.2361429,""clock_offset_sec"":-0.0010571479797363281,""clock_round_trip_ms"":6.2999725341796875,""subject_id"":""sub-008"",""session_id"":""ses-001"",""block_id"":""Block 5"",""counterbalance_group"":""G08"",""block_order"":""Block 5"",""condition"":""B"",""condition_type"":""bbbd_subtraction"",""topic_key"":""V2"",""topic_name"":""百家争鸣 到底是哪百家"",""event_type"":""probe_schedule"",""iso_time"":""2026-09-21T15:06:16.237Z"",""relative_ms"":72,""video_time_sec"":0,""probe_schedule_id"":""35d42daf-00fe-4540-a57e-bb420082aca0"",""probe_times"":[60.329,119.06,179.501,260.045],""probe_config"":{""probes_per_block"":4,""min_first_onset_sec"":45,""min_end_margin_sec"":30,""min_gap_sec"":45},""video_duration_sec"":312.773,""video_id"":""V2"",""debug_fast"":false}",4f31ef37-4b28-414b-891c-fd15b33e84f7,sub-008,ses-001,3923dd12-7eff-4ddb-a2e1-498da3888da4,cabcb684-47f5-4be9-90ff-5df78d11e560,1790003176.2323928,1790003176.2372,2126444.199999988,cabcb684-47f5-4be9-90ff-5df78d11e560,browser_calibrated,-0.0010571479797363281,6.2999725341796875,526457,526457,0,-34.74998474121094,host_receive_nearest,verified,1,1,,,,,,,,,1,,,,,,,,,,,,,,,,,,,,V2,B,0,1790003176.2372,1790003176.2323928,526457,,4,35d42daf-00fe-4540-a57e-bb420082aca0,,,,,,,
55c9d804-9a78-4ca0-a3ab-b1df3937e4cf,subtraction_start_number_displayed,1790003176.2501428,2105.852,526473,5,5,,2,G08,B,bbbd_subtraction,subtraction_start_number_displayed,823,,0.0,0.0,,,,,,,"{""client_event_id"":""55c9d804-9a78-4ca0-a3ab-b1df3937e4cf"",""recorder_run_id"":""4f31ef37-4b28-414b-891c-fd15b33e84f7"",""client_id"":""cabcb684-47f5-4be9-90ff-5df78d11e560"",""client_timestamp"":1790003176.2512,""client_monotonic_ms"":2126458.199999988,""event_timestamp"":1790003176.2501428,""clock_offset_sec"":-0.0010571479797363281,""clock_round_trip_ms"":6.2999725341796875,""subject_id"":""sub-008"",""session_id"":""ses-001"",""block_id"":""Block 5"",""counterbalance_group"":""G08"",""block_order"":""Block 5"",""condition"":""B"",""condition_type"":""bbbd_subtraction"",""topic_key"":""V2"",""topic_name"":""百家争鸣 到底是哪百家"",""event_type"":""subtraction_start_number_displayed"",""iso_time"":""2026-09-21T15:06:16.251Z"",""relative_ms"":86,""video_time_sec"":0,""start_number"":823,""generated_timestamp"":1790001064.6393929,""displayed_timestamp"":1790003176.2511}",4f31ef37-4b28-414b-891c-fd15b33e84f7,sub-008,ses-001,55c9d804-9a78-4ca0-a3ab-b1df3937e4cf,cabcb684-47f5-4be9-90ff-5df78d11e560,1790003176.2953928,1790003176.2512,2126458.199999988,cabcb684-47f5-4be9-90ff-5df78d11e560,browser_calibrated,-0.0010571479797363281,6.2999725341796875,526463,526463,0,-1.7499923706054688,host_receive_nearest,verified,1,0,823,1790001064.6393929,1790003176.2511,,,,,,1,,,,,,,,,,,,,,,,,,,,V2,B,0,1790003176.2512,1790003176.2953928,526463,,,,,,,,,,
f1c9d186-052c-428d-8f6b-023bc9af1092,condition_prompt_end,1790003181.2882,2110.912,527733,5,5,,2,G08,B,bbbd_subtraction,condition_prompt_end,0,,0.0,0.0,,,,,,,"{""client_event_id"":""f1c9d186-052c-428d-8f6b-023bc9af1092"",""recorder_run_id"":""4f31ef37-4b28-414b-891c-fd15b33e84f7"",""client_id"":""cabcb684-47f5-4be9-90ff-5df78d11e560"",""client_timestamp"":1790003181.2892,""client_monotonic_ms"":2131497,""event_timestamp"":1790003181.2882,""clock_offset_sec"":-0.0010571479797363281,""clock_round_trip_ms"":6.2999725341796875,""subject_id"":""sub-008"",""session_id"":""ses-001"",""block_id"":""Block 5"",""counterbalance_group"":""G08"",""block_order"":""Block 5"",""condition"":""B"",""condition_type"":""bbbd_subtraction"",""topic_key"":""V2"",""topic_name"":""百家争鸣 到底是哪百家"",""event_type"":""condition_prompt_end"",""iso_time"":""2026-09-21T15:06:21.290Z"",""relative_ms"":5124,""video_time_sec"":0}",4f31ef37-4b28-414b-891c-fd15b33e84f7,sub-008,ses-001,f1c9d186-052c-428d-8f6b-023bc9af1092,cabcb684-47f5-4be9-90ff-5df78d11e560,1790003181.326393,1790003181.2892,2131497,cabcb684-47f5-4be9-90ff-5df78d11e560,browser_calibrated,-0.0010571479797363281,6.2999725341796875,527728,527728,0,7.192850112915039,host_receive_nearest,verified,1,0,,,,,,,,,1,,,,,,,,,,,,,,,,,,,,V2,B,0,1790003181.2892,1790003181.326393,527728,,,,,,,,,,
dd5fee45-172b-4077-992e-68ac03a2ecd6,video_start,1790003181.2882,2110.912,527758,5,5,,2,G08,B,bbbd_subtraction,video_start,V2,,0.0,0.0,,,,,,,,4f31ef37-4b28-414b-891c-fd15b33e84f7,sub-008,ses-001,dd5fee45-172b-4077-992e-68ac03a2ecd6,cabcb684-47f5-4be9-90ff-5df78d11e560,1790003181.3893929,1790003181.3197,2131526.799999982,cabcb684-47f5-4be9-90ff-5df78d11e560,browser_calibrated,-0.0010571479797363281,6.2999725341796875,527728,527728,0,7.192850112915039,host_receive_nearest,verified,1,1,,,,,,,,,1,,,,,,,,,,,,,,,,,,,,V2,B,0,1790003181.3197,1790003181.3893929,527728,,,,,,,,,,
dd5fee45-172b-4077-992e-68ac03a2ecd6,video_play,1790003181.2882,2110.912,527758,5,5,,2,G08,B,bbbd_subtraction,video_play,0,,0.0,0.0,,,,,,,"{""client_event_id"":""dd5fee45-172b-4077-992e-68ac03a2ecd6"",""recorder_run_id"":""4f31ef37-4b28-414b-891c-fd15b33e84f7"",""client_id"":""cabcb684-47f5-4be9-90ff-5df78d11e560"",""client_timestamp"":1790003181.3197,""client_monotonic_ms"":2131526.799999982,""event_timestamp"":1790003181.2882,""clock_offset_sec"":-0.0010571479797363281,""clock_round_trip_ms"":6.2999725341796875,""subject_id"":""sub-008"",""session_id"":""ses-001"",""block_id"":""Block 5"",""counterbalance_group"":""G08"",""block_order"":""Block 5"",""condition"":""B"",""condition_type"":""bbbd_subtraction"",""topic_key"":""V2"",""topic_name"":""百家争鸣 到底是哪百家"",""event_type"":""video_play"",""iso_time"":""2026-09-21T15:06:21.319Z"",""relative_ms"":5154,""video_time_sec"":0}",4f31ef37-4b28-414b-891c-fd15b33e84f7,sub-008,ses-001,dd5fee45-172b-4077-992e-68ac03a2ecd6,cabcb684-47f5-4be9-90ff-5df78d11e560,1790003181.3893929,1790003181.3197,2131526.799999982,cabcb684-47f5-4be9-90ff-5df78d11e560,browser_calibrated,-0.0010571479797363281,6.2999725341796875,527728,527728,0,7.192850112915039,host_receive_nearest,verified,1,1,,,,,,,,,1,,,,,,,,,,,,,,,,,,,,V2,B,0,1790003181.3197,1790003181.3893929,527728,,,,,,,,,,
e5ee161e-0fd8-4d20-9f84-2d8fafe83d52,subtraction_start_number_hidden,1790003181.2882,2110.912,527763,5,5,,2,G08,B,bbbd_subtraction,subtraction_start_number_hidden,823,,0.0,0.0,,,,,,,"{""client_event_id"":""e5ee161e-0fd8-4d20-9f84-2d8fafe83d52"",""recorder_run_id"":""4f31ef37-4b28-414b-891c-fd15b33e84f7"",""client_id"":""cabcb684-47f5-4be9-90ff-5df78d11e560"",""client_timestamp"":1790003181.342,""client_monotonic_ms"":2131549.099999994,""event_timestamp"":1790003181.2882,""clock_offset_sec"":-0.0010571479797363281,""clock_round_trip_ms"":6.2999725341796875,""subject_id"":""sub-008"",""session_id"":""ses-001"",""block_id"":""Block 5"",""counterbalance_group"":""G08"",""block_order"":""Block 5"",""condition"":""B"",""condition_type"":""bbbd_subtraction"",""topic_key"":""V2"",""topic_name"":""百家争鸣 到底是哪百家"",""event_type"":""subtraction_start_number_hidden"",""iso_time"":""2026-09-21T15:06:21.342Z"",""relative_ms"":5177,""video_time_sec"":0,""start_number"":823,""generated_timestamp"":1790001064.6393929,""displayed_timestamp"":1790003176.2511,""hidden_timestamp"":1790003181.2882}",4f31ef37-4b28-414b-891c-fd15b33e84f7,sub-008,ses-001,e5ee161e-0fd8-4d20-9f84-2d8fafe83d52,cabcb684-47f5-4be9-90ff-5df78d11e560,1790003181.4203928,1790003181.342,2131549.099999994,cabcb684-47f5-4be9-90ff-5df78d11e560,browser_calibrated,-0.0010571479797363281,6.2999725341796875,527728,527728,0,7.192850112915039,host_receive_nearest,verified,1,0,823,1790001064.6393929,1790003176.2511,1790003181.2882,,,,,1,,,,,,,,,,,,,,,,,,,,V2,B,0,1790003181.342,1790003181.4203928,527728,,,,,,,,,,
816321f4-83f2-4772-8126-150e0b328ccb,probe_onset,1790003241.8656929,2171.448,542867,5,5,,2,G08,B,bbbd_subtraction,probe_onset,Block 5_1_35d42daf,,0.0,0.0,,,,,,,"{""client_event_id"":""816321f4-83f2-4772-8126-150e0b328ccb"",""recorder_run_id"":""4f31ef37-4b28-414b-891c-fd15b33e84f7"",""client_id"":""cabcb684-47f5-4be9-90ff-5df78d11e560"",""client_timestamp"":1790003241.868,""client_monotonic_ms"":2192075.099999994,""event_timestamp"":1790003241.8656929,""clock_offset_sec"":-0.0023071765899658203,""clock_round_trip_ms"":7.200002670288086,""subject_id"":""sub-008"",""session_id"":""ses-001"",""block_id"":""Block 5"",""counterbalance_group"":""G08"",""block_order"":""Block 5"",""condition"":""B"",""condition_type"":""bbbd_subtraction"",""topic_key"":""V2"",""topic_name"":""百家争鸣 到底是哪百家"",""event_type"":""probe_onset"",""iso_time"":""2026-09-21T15:07:21.868Z"",""relative_ms"":65703,""video_time_sec"":60.524,""probe_id"":""Block 5_1_35d42daf"",""probe_index"":1,""probe_schedule_id"":""35d42daf-00fe-4540-a57e-bb420082aca0"",""probe_planned_time_sec"":60.329,""video_id"":""V2"",""pause_reason"":""thought_probe"",""forced"":false}",4f31ef37-4b28-414b-891c-fd15b33e84f7,sub-008,ses-001,816321f4-83f2-4772-8126-150e0b328ccb,cabcb684-47f5-4be9-90ff-5df78d11e560,1790003241.8733928,1790003241.868,2192075.099999994,cabcb684-47f5-4be9-90ff-5df78d11e560,browser_calibrated,-0.0023071765899658203,7.200002670288086,542862,542862,0,7.6999664306640625,host_receive_nearest,verified,1,1,,,,,,,,,1,,,,,,,,,,,,,,,,,,,,V2,B,60.524,1790003241.868,1790003241.8733928,542862,Block 5_1_35d42daf,1,35d42daf-00fe-4540-a57e-bb420082aca0,60.329,,,,,,thought_probe
05f98f87-cfef-4f63-b963-a49b2d568afe,attention_response,1790003243.7134929,2173.324,543332,5,5,,2,G08,B,bbbd_subtraction,attention_response,2,,0.0,0.0,,,,,,,"{""client_event_id"":""05f98f87-cfef-4f63-b963-a49b2d568afe"",""recorder_run_id"":""4f31ef37-4b28-414b-891c-fd15b33e84f7"",""client_id"":""cabcb684-47f5-4be9-90ff-5df78d11e560"",""client_timestamp"":1790003243.7158,""client_monotonic_ms"":2193922.900000006,""event_timestamp"":1790003243.7134929,""clock_offset_sec"":-0.0023071765899658203,""clock_round_trip_ms"":7.200002670288086,""subject_id"":""sub-008"",""session_id"":""ses-001"",""block_id"":""Block 5"",""counterbalance_group"":""G08"",""block_order"":""Block 5"",""condition"":""B"",""condition_type"":""bbbd_subtraction"",""topic_key"":""V2"",""topic_name"":""百家争鸣 到底是哪百家"",""event_type"":""attention_response"",""iso_time"":""2026-09-21T15:07:23.715Z"",""relative_ms"":67550,""video_time_sec"":60.524,""probe_id"":""Block 5_1_35d42daf"",""probe_index"":1,""probe_schedule_id"":""35d42daf-00fe-4540-a57e-bb420082aca0"",""probe_planned_time_sec"":60.329,""video_id"":""V2"",""response"":2,""response_label"":""连续减7心算任务"",""probe_attention"":""OFF"",""response_time_ms"":1848}",4f31ef37-4b28-414b-891c-fd15b33e84f7,sub-008,ses-001,05f98f87-cfef-4f63-b963-a49b2d568afe,cabcb684-47f5-4be9-90ff-5df78d11e560,1790003243.717393,1790003243.7158,2193922.900000006,cabcb684-47f5-4be9-90ff-5df78d11e560,browser_calibrated,-0.0023071765899658203,7.200002670288086,543331,543331,0,-12.099981307983398,host_receive_nearest,verified,1,1,,,,,,,,,1,,,,,,,,,,,,,,,,,,,,V2,B,60.524,1790003243.7158,1790003243.7323928,543331,Block 5_1_35d42daf,1,35d42daf-00fe-4540-a57e-bb420082aca0,60.329,2,连续减7心算任务,1848,,OFF,
2eac9772-d3ec-4c18-8588-dd197f69f843,confidence_response,1790003244.893293,2174.404,543667,5,5,,2,G08,B,bbbd_subtraction,confidence_response,3,,0.0,0.0,,,,,,,"{""client_event_id"":""2eac9772-d3ec-4c18-8588-dd197f69f843"",""recorder_run_id"":""4f31ef37-4b28-414b-891c-fd15b33e84f7"",""client_id"":""cabcb684-47f5-4be9-90ff-5df78d11e560"",""client_timestamp"":1790003244.8956,""client_monotonic_ms"":2195102.699999988,""event_timestamp"":1790003244.893293,""clock_offset_sec"":-0.0023071765899658203,""clock_round_trip_ms"":7.200002670288086,""subject_id"":""sub-008"",""session_id"":""ses-001"",""block_id"":""Block 5"",""counterbalance_group"":""G08"",""block_order"":""Block 5"",""condition"":""B"",""condition_type"":""bbbd_subtraction"",""topic_key"":""V2"",""topic_name"":""百家争鸣 到底是哪百家"",""event_type"":""confidence_response"",""iso_time"":""2026-09-21T15:07:24.895Z"",""relative_ms"":68730,""video_time_sec"":60.524,""probe_id"":""Block 5_1_35d42daf"",""probe_index"":1,""probe_schedule_id"":""35d42daf-00fe-4540-a57e-bb420082aca0"",""probe_planned_time_sec"":60.329,""video_id"":""V2"",""response"":2,""confidence"":3,""response_time_ms"":1180}",4f31ef37-4b28-414b-891c-fd15b33e84f7,sub-008,ses-001,2eac9772-d3ec-4c18-8588-dd197f69f843,cabcb684-47f5-4be9-90ff-5df78d11e560,1790003245.0453928,1790003244.8956,2195102.699999988,cabcb684-47f5-4be9-90ff-5df78d11e560,browser_calibrated,-0.0023071765899658203,7.200002670288086,543601,543601,0,-113.89994621276855,host_receive_nearest,verified,1,1,,,,,,,,,1,,,,,,,,,,,,,,,,,,,,V2,B,60.524,1790003244.8956,1790003245.0603929,543601,Block 5_1_35d42daf,1,35d42daf-00fe-4540-a57e-bb420082aca0,60.329,,,1180,3,,
be073650-d72d-468a-a572-e4408e2ce591,phase_change,1790003244.9109929,2174.408,543707,5,5,,2,G08,B,bbbd_subtraction,phase_change,video,,0.0,0.0,,,,,,,,4f31ef37-4b28-414b-891c-fd15b33e84f7,sub-008,ses-001,be073650-d72d-468a-a572-e4408e2ce591,cabcb684-47f5-4be9-90ff-5df78d11e560,1790003245.201393,1790003244.9133,2195120.299999982,cabcb684-47f5-4be9-90ff-5df78d11e560,browser_calibrated,-0.0023071765899658203,7.200002670288086,543602,543602,0,103.39999198913574,host_receive_nearest,verified,1,1,,,,,,,,,1,,,,,,,,,,,,,,,,,,,,V2,B,60.581,1790003244.9133,1790003245.201393,543602,,,,,,,,,,
be073650-d72d-468a-a572-e4408e2ce591,video_resume,1790003244.9109929,2174.408,543707,5,5,,2,G08,B,bbbd_subtraction,video_resume,60.581,,0.0,0.0,,,,,,,"{""client_event_id"":""be073650-d72d-468a-a572-e4408e2ce591"",""recorder_run_id"":""4f31ef37-4b28-414b-891c-fd15b33e84f7"",""client_id"":""cabcb684-47f5-4be9-90ff-5df78d11e560"",""client_timestamp"":1790003244.9133,""client_monotonic_ms"":2195120.299999982,""event_timestamp"":1790003244.9109929,""clock_offset_sec"":-0.0023071765899658203,""clock_round_trip_ms"":7.200002670288086,""subject_id"":""sub-008"",""session_id"":""ses-001"",""block_id"":""Block 5"",""counterbalance_group"":""G08"",""block_order"":""Block 5"",""condition"":""B"",""condition_type"":""bbbd_subtraction"",""topic_key"":""V2"",""topic_name"":""百家争鸣 到底是哪百家"",""event_type"":""video_resume"",""iso_time"":""2026-09-21T15:07:24.913Z"",""relative_ms"":68748,""video_time_sec"":60.581,""probe_id"":""Block 5_1_35d42daf"",""probe_index"":1,""probe_schedule_id"":""35d42daf-00fe-4540-a57e-bb420082aca0"",""probe_planned_time_sec"":60.329,""video_id"":""V2"",""pause_reason"":""thought_probe"",""resume_status"":""playing""}",4f31ef37-4b28-414b-891c-fd15b33e84f7,sub-008,ses-001,be073650-d72d-468a-a572-e4408e2ce591,cabcb684-47f5-4be9-90ff-5df78d11e560,1790003245.201393,1790003244.9133,2195120.299999982,cabcb684-47f5-4be9-90ff-5df78d11e560,browser_calibrated,-0.0023071765899658203,7.200002670288086,543602,543602,0,103.39999198913574,host_receive_nearest,verified,1,1,,,,,,,,,1,,,,,,,,,,,,,,,,,,,,V2,B,60.581,1790003244.9133,1790003245.201393,543602,Block 5_1_35d42daf,,,,,,,,,thought_probe
1cb06d8e-fc1c-4eb4-acf6-51c510a947f8,probe_onset,1790003303.6428928,2233.264,558317,5,5,,2,G08,B,bbbd_subtraction,probe_onset,Block 5_2_35d42daf,,0.0,0.0,,,,,,,"{""client_event_id"":""1cb06d8e-fc1c-4eb4-acf6-51c510a947f8"",""recorder_run_id"":""4f31ef37-4b28-414b-891c-fd15b33e84f7"",""client_id"":""cabcb684-47f5-4be9-90ff-5df78d11e560"",""client_timestamp"":1790003303.6563,""client_monotonic_ms"":2253863.299999982,""event_timestamp"":1790003303.6428928,""clock_offset_sec"":-0.013407230377197266,""clock_round_trip_ms"":6.999969482421875,""subject_id"":""sub-008"",""session_id"":""ses-001"",""block_id"":""Block 5"",""counterbalance_group"":""G08"",""block_order"":""Block 5"",""condition"":""B"",""condition_type"":""bbbd_subtraction"",""topic_key"":""V2"",""topic_name"":""百家争鸣 到底是哪百家"",""event_type"":""probe_onset"",""iso_time"":""2026-09-21T15:08:23.656Z"",""relative_ms"":127491,""video_time_sec"":119.27,""probe_id"":""Block 5_2_35d42daf"",""probe_index"":2,""probe_schedule_id"":""35d42daf-00fe-4540-a57e-bb420082aca0"",""probe_planned_time_sec"":119.06,""video_id"":""V2"",""pause_reason"":""thought_probe"",""forced"":false}",4f31ef37-4b28-414b-891c-fd15b33e84f7,sub-008,ses-001,1cb06d8e-fc1c-4eb4-acf6-51c510a947f8,cabcb684-47f5-4be9-90ff-5df78d11e560,1790003303.654393,1790003303.6563,2253863.299999982,cabcb684-47f5-4be9-90ff-5df78d11e560,browser_calibrated,-0.013407230377197266,6.999969482421875,558316,558316,0,-3.4999847412109375,host_receive_nearest,verified,1,1,,,,,,,,,1,,,,,,,,,,,,,,,,,,,,V2,B,119.27,1790003303.6563,1790003303.654393,558316,Block 5_2_35d42daf,2,35d42daf-00fe-4540-a57e-bb420082aca0,119.06,,,,,,thought_probe
11137e39-fb3b-4cec-b4b7-f7df280de235,attention_response,1790003305.8707926,2235.424,558857,5,5,,2,G08,B,bbbd_subtraction,attention_response,1,,0.0,0.0,,,,,,,"{""client_event_id"":""11137e39-fb3b-4cec-b4b7-f7df280de235"",""recorder_run_id"":""4f31ef37-4b28-414b-891c-fd15b33e84f7"",""client_id"":""cabcb684-47f5-4be9-90ff-5df78d11e560"",""client_timestamp"":1790003305.8841999,""client_monotonic_ms"":2256091.299999982,""event_timestamp"":1790003305.8707926,""clock_offset_sec"":-0.013407230377197266,""clock_round_trip_ms"":6.999969482421875,""subject_id"":""sub-008"",""session_id"":""ses-001"",""block_id"":""Block 5"",""counterbalance_group"":""G08"",""block_order"":""Block 5"",""condition"":""B"",""condition_type"":""bbbd_subtraction"",""topic_key"":""V2"",""topic_name"":""百家争鸣 到底是哪百家"",""event_type"":""attention_response"",""iso_time"":""2026-09-21T15:08:25.884Z"",""relative_ms"":129719,""video_time_sec"":119.27,""probe_id"":""Block 5_2_35d42daf"",""probe_index"":2,""probe_schedule_id"":""35d42daf-00fe-4540-a57e-bb420082aca0"",""probe_planned_time_sec"":119.06,""video_id"":""V2"",""response"":1,""response_label"":""课程内容"",""probe_attention"":""ON"",""response_time_ms"":2228}",4f31ef37-4b28-414b-891c-fd15b33e84f7,sub-008,ses-001,11137e39-fb3b-4cec-b4b7-f7df280de235,cabcb684-47f5-4be9-90ff-5df78d11e560,1790003305.8893929,1790003305.8841999,2256091.299999982,cabcb684-47f5-4be9-90ff-5df78d11e560,browser_calibrated,-0.013407230377197266,6.999969482421875,558856,558856,0,-75.39987564086914,host_receive_nearest,verified,1,1,,,,,,,,,1,,,,,,,,,,,,,,,,,,,,V2,B,119.27,1790003305.8841999,1790003305.8893929,558856,Block 5_2_35d42daf,2,35d42daf-00fe-4540-a57e-bb420082aca0,119.06,1,课程内容,2228,,ON,
e5df6e4b-651b-435f-9608-a6be1264fa48,confidence_response,1790003306.5199926,2236.144,559037,5,5,,2,G08,B,bbbd_subtraction,confidence_response,3,,0.0,0.0,,,,,,,"{""client_event_id"":""e5df6e4b-651b-435f-9608-a6be1264fa48"",""recorder_run_id"":""4f31ef37-4b28-414b-891c-fd15b33e84f7"",""client_id"":""cabcb684-47f5-4be9-90ff-5df78d11e560"",""client_timestamp"":1790003306.5333998,""client_monotonic_ms"":2256740.400000006,""event_timestamp"":1790003306.5199926,""clock_offset_sec"":-0.013407230377197266,""clock_round_trip_ms"":6.999969482421875,""subject_id"":""sub-008"",""session_id"":""ses-001"",""block_id"":""Block 5"",""counterbalance_group"":""G08"",""block_order"":""Block 5"",""condition"":""B"",""condition_type"":""bbbd_subtraction"",""topic_key"":""V2"",""topic_name"":""百家争鸣 到底是哪百家"",""event_type"":""confidence_response"",""iso_time"":""2026-09-21T15:08:26.533Z"",""relative_ms"":130368,""video_time_sec"":119.27,""probe_id"":""Block 5_2_35d42daf"",""probe_index"":2,""probe_schedule_id"":""35d42daf-00fe-4540-a57e-bb420082aca0"",""probe_planned_time_sec"":119.06,""video_id"":""V2"",""response"":1,""confidence"":3,""response_time_ms"":649}",4f31ef37-4b28-414b-891c-fd15b33e84f7,sub-008,ses-001,e5df6e4b-651b-435f-9608-a6be1264fa48,cabcb684-47f5-4be9-90ff-5df78d11e560,1790003306.5453928,1790003306.5333998,2256740.400000006,cabcb684-47f5-4be9-90ff-5df78d11e560,browser_calibrated,-0.013407230377197266,6.999969482421875,559036,559036,0,-5.599737167358398,host_receive_nearest,verified,1,1,,,,,,,,,1,,,,,,,,,,,,,,,,,,,,V2,B,119.27,1790003306.5333998,1790003306.5453928,559036,Block 5_2_35d42daf,2,35d42daf-00fe-4540-a57e-bb420082aca0,119.06,,,649,3,,
e65db37a-de33-452c-88f4-2fb3cfc15fea,phase_change,1790003306.5431929,2236.148,559052,5,5,,2,G08,B,bbbd_subtraction,phase_change,video,,0.0,0.0,,,,,,,,4f31ef37-4b28-414b-891c-fd15b33e84f7,sub-008,ses-001,e65db37a-de33-452c-88f4-2fb3cfc15fea,cabcb684-47f5-4be9-90ff-5df78d11e560,1790003306.6073928,1790003306.5566,2256763.599999994,cabcb684-47f5-4be9-90ff-5df78d11e560,browser_calibrated,-0.013407230377197266,6.999969482421875,559037,559037,0,17.199993133544922,host_receive_nearest,verified,1,1,,,,,,,,,1,,,,,,,,,,,,,,,,,,,,V2,B,119.352,1790003306.5566,1790003306.6073928,559037,,,,,,,,,,
e65db37a-de33-452c-88f4-2fb3cfc15fea,video_resume,1790003306.5431929,2236.148,559052,5,5,,2,G08,B,bbbd_subtraction,video_resume,119.352,,0.0,0.0,,,,,,,"{""client_event_id"":""e65db37a-de33-452c-88f4-2fb3cfc15fea"",""recorder_run_id"":""4f31ef37-4b28-414b-891c-fd15b33e84f7"",""client_id"":""cabcb684-47f5-4be9-90ff-5df78d11e560"",""client_timestamp"":1790003306.5566,""client_monotonic_ms"":2256763.599999994,""event_timestamp"":1790003306.5431929,""clock_offset_sec"":-0.013407230377197266,""clock_round_trip_ms"":6.999969482421875,""subject_id"":""sub-008"",""session_id"":""ses-001"",""block_id"":""Block 5"",""counterbalance_group"":""G08"",""block_order"":""Block 5"",""condition"":""B"",""condition_type"":""bbbd_subtraction"",""topic_key"":""V2"",""topic_name"":""百家争鸣 到底是哪百家"",""event_type"":""video_resume"",""iso_time"":""2026-09-21T15:08:26.556Z"",""relative_ms"":130391,""video_time_sec"":119.352,""probe_id"":""Block 5_2_35d42daf"",""probe_index"":2,""probe_schedule_id"":""35d42daf-00fe-4540-a57e-bb420082aca0"",""probe_planned_time_sec"":119.06,""video_id"":""V2"",""pause_reason"":""thought_probe"",""resume_status"":""playing""}",4f31ef37-4b28-414b-891c-fd15b33e84f7,sub-008,ses-001,e65db37a-de33-452c-88f4-2fb3cfc15fea,cabcb684-47f5-4be9-90ff-5df78d11e560,1790003306.6073928,1790003306.5566,2256763.599999994,cabcb684-47f5-4be9-90ff-5df78d11e560,browser_calibrated,-0.013407230377197266,6.999969482421875,559037,559037,0,17.199993133544922,host_receive_nearest,verified,1,1,,,,,,,,,1,,,,,,,,,,,,,,,,,,,,V2,B,119.352,1790003306.5566,1790003306.6073928,559037,Block 5_2_35d42daf,,,,,,,,,thought_probe
b242a183-7bdb-4793-b96a-713341bd805b,probe_onset,1790003366.8756928,2296.464,574117,5,5,,2,G08,B,bbbd_subtraction,probe_onset,Block 5_3_35d42daf,,0.0,0.0,,,,,,,"{""client_event_id"":""b242a183-7bdb-4793-b96a-713341bd805b"",""recorder_run_id"":""4f31ef37-4b28-414b-891c-fd15b33e84f7"",""client_id"":""cabcb684-47f5-4be9-90ff-5df78d11e560"",""client_timestamp"":1790003366.8776999,""client_monotonic_ms"":2317084.799999982,""event_timestamp"":1790003366.8756928,""clock_offset_sec"":-0.002007007598876953,""clock_round_trip_ms"":7.200002670288086,""subject_id"":""sub-008"",""session_id"":""ses-001"",""block_id"":""Block 5"",""counterbalance_group"":""G08"",""block_order"":""Block 5"",""condition"":""B"",""condition_type"":""bbbd_subtraction"",""topic_key"":""V2"",""topic_name"":""百家争鸣 到底是哪百家"",""event_type"":""probe_onset"",""iso_time"":""2026-09-21T15:09:26.877Z"",""relative_ms"":190712,""video_time_sec"":179.62,""probe_id"":""Block 5_3_35d42daf"",""probe_index"":3,""probe_schedule_id"":""35d42daf-00fe-4540-a57e-bb420082aca0"",""probe_planned_time_sec"":179.501,""video_id"":""V2"",""pause_reason"":""thought_probe"",""forced"":false}",4f31ef37-4b28-414b-891c-fd15b33e84f7,sub-008,ses-001,b242a183-7bdb-4793-b96a-713341bd805b,cabcb684-47f5-4be9-90ff-5df78d11e560,1790003366.8733928,1790003366.8776999,2317084.799999982,cabcb684-47f5-4be9-90ff-5df78d11e560,browser_calibrated,-0.002007007598876953,7.200002670288086,574116,574116,0,-49.29995536804199,host_receive_nearest,verified,1,1,,,,,,,,,1,,,,,,,,,,,,,,,,,,,,V2,B,179.62,1790003366.8776999,1790003366.8733928,574116,Block 5_3_35d42daf,3,35d42daf-00fe-4540-a57e-bb420082aca0,179.501,,,,,,thought_probe
5d3d29ef-469d-4540-a711-78c45cc22414,attention_response,1790003369.378093,2299.004,574752,5,5,,2,G08,B,bbbd_subtraction,attention_response,3,,0.0,0.0,,,,,,,"{""client_event_id"":""5d3d29ef-469d-4540-a711-78c45cc22414"",""recorder_run_id"":""4f31ef37-4b28-414b-891c-fd15b33e84f7"",""client_id"":""cabcb684-47f5-4be9-90ff-5df78d11e560"",""client_timestamp"":1790003369.3801,""client_monotonic_ms"":2319587.099999994,""event_timestamp"":1790003369.378093,""clock_offset_sec"":-0.002007007598876953,""clock_round_trip_ms"":7.200002670288086,""subject_id"":""sub-008"",""session_id"":""ses-001"",""block_id"":""Block 5"",""counterbalance_group"":""G08"",""block_order"":""Block 5"",""condition"":""B"",""condition_type"":""bbbd_subtraction"",""topic_key"":""V2"",""topic_name"":""百家争鸣 到底是哪百家"",""event_type"":""attention_response"",""iso_time"":""2026-09-21T15:09:29.380Z"",""relative_ms"":193215,""video_time_sec"":179.62,""probe_id"":""Block 5_3_35d42daf"",""probe_index"":3,""probe_schedule_id"":""35d42daf-00fe-4540-a57e-bb420082aca0"",""probe_planned_time_sec"":179.501,""video_id"":""V2"",""response"":3,""response_label"":""其他与课程无关的事情"",""probe_attention"":""OFF"",""response_time_ms"":2503}",4f31ef37-4b28-414b-891c-fd15b33e84f7,sub-008,ses-001,5d3d29ef-469d-4540-a711-78c45cc22414,cabcb684-47f5-4be9-90ff-5df78d11e560,1790003369.3893929,1790003369.3801,2319587.099999994,cabcb684-47f5-4be9-90ff-5df78d11e560,browser_calibrated,-0.002007007598876953,7.200002670288086,574751,574751,0,-4.700183868408203,host_receive_nearest,verified,1,1,,,,,,,,,1,,,,,,,,,,,,,,,,,,,,V2,B,179.62,1790003369.3801,1790003369.404393,574751,Block 5_3_35d42daf,3,35d42daf-00fe-4540-a57e-bb420082aca0,179.501,3,其他与课程无关的事情,2503,,OFF,
d02b8122-3d77-4295-9a67-ded1724d8fc4,confidence_response,1790003370.155993,2299.784,574947,5,5,,2,G08,B,bbbd_subtraction,confidence_response,3,,0.0,0.0,,,,,,,"{""client_event_id"":""d02b8122-3d77-4295-9a67-ded1724d8fc4"",""recorder_run_id"":""4f31ef37-4b28-414b-891c-fd15b33e84f7"",""client_id"":""cabcb684-47f5-4be9-90ff-5df78d11e560"",""client_timestamp"":1790003370.158,""client_monotonic_ms"":2320365,""event_timestamp"":1790003370.155993,""clock_offset_sec"":-0.002007007598876953,""clock_round_trip_ms"":7.200002670288086,""subject_id"":""sub-008"",""session_id"":""ses-001"",""block_id"":""Block 5"",""counterbalance_group"":""G08"",""block_order"":""Block 5"",""condition"":""B"",""condition_type"":""bbbd_subtraction"",""topic_key"":""V2"",""topic_name"":""百家争鸣 到底是哪百家"",""event_type"":""confidence_response"",""iso_time"":""2026-09-21T15:09:30.158Z"",""relative_ms"":193993,""video_time_sec"":179.62,""probe_id"":""Block 5_3_35d42daf"",""probe_index"":3,""probe_schedule_id"":""35d42daf-00fe-4540-a57e-bb420082aca0"",""probe_planned_time_sec"":179.501,""video_id"":""V2"",""response"":3,""confidence"":3,""response_time_ms"":778}",4f31ef37-4b28-414b-891c-fd15b33e84f7,sub-008,ses-001,d02b8122-3d77-4295-9a67-ded1724d8fc4,cabcb684-47f5-4be9-90ff-5df78d11e560,1790003370.154393,1790003370.158,2320365,cabcb684-47f5-4be9-90ff-5df78d11e560,browser_calibrated,-0.002007007598876953,7.200002670288086,574946,574946,0,-1.600027084350586,host_receive_nearest,verified,1,1,,,,,,,,,1,,,,,,,,,,,,,,,,,,,,V2,B,179.62,1790003370.158,1790003370.1703928,574946,Block 5_3_35d42daf,3,35d42daf-00fe-4540-a57e-bb420082aca0,179.501,,,778,3,,
c5a407c6-9cdb-4afc-9976-ccdb1afde058,phase_change,1790003370.1763928,2299.784,574962,5,5,,2,G08,B,bbbd_subtraction,phase_change,video,,0.0,0.0,,,,,,,,4f31ef37-4b28-414b-891c-fd15b33e84f7,sub-008,ses-001,c5a407c6-9cdb-4afc-9976-ccdb1afde058,cabcb684-47f5-4be9-90ff-5df78d11e560,1790003370.2323928,1790003370.1783998,2320385.400000006,cabcb684-47f5-4be9-90ff-5df78d11e560,browser_calibrated,-0.002007007598876953,7.200002670288086,574946,574946,0,-21.999835968017578,host_receive_nearest,verified,1,1,,,,,,,,,1,,,,,,,,,,,,,,,,,,,,V2,B,179.702,1790003370.1783998,1790003370.2323928,574946,,,,,,,,,,
c5a407c6-9cdb-4afc-9976-ccdb1afde058,video_resume,1790003370.1763928,2299.784,574962,5,5,,2,G08,B,bbbd_subtraction,video_resume,179.702,,0.0,0.0,,,,,,,"{""client_event_id"":""c5a407c6-9cdb-4afc-9976-ccdb1afde058"",""recorder_run_id"":""4f31ef37-4b28-414b-891c-fd15b33e84f7"",""client_id"":""cabcb684-47f5-4be9-90ff-5df78d11e560"",""client_timestamp"":1790003370.1783998,""client_monotonic_ms"":2320385.400000006,""event_timestamp"":1790003370.1763928,""clock_offset_sec"":-0.002007007598876953,""clock_round_trip_ms"":7.200002670288086,""subject_id"":""sub-008"",""session_id"":""ses-001"",""block_id"":""Block 5"",""counterbalance_group"":""G08"",""block_order"":""Block 5"",""condition"":""B"",""condition_type"":""bbbd_subtraction"",""topic_key"":""V2"",""topic_name"":""百家争鸣 到底是哪百家"",""event_type"":""video_resume"",""iso_time"":""2026-09-21T15:09:30.178Z"",""relative_ms"":194013,""video_time_sec"":179.702,""probe_id"":""Block 5_3_35d42daf"",""probe_index"":3,""probe_schedule_id"":""35d42daf-00fe-4540-a57e-bb420082aca0"",""probe_planned_time_sec"":179.501,""video_id"":""V2"",""pause_reason"":""thought_probe"",""resume_status"":""playing""}",4f31ef37-4b28-414b-891c-fd15b33e84f7,sub-008,ses-001,c5a407c6-9cdb-4afc-9976-ccdb1afde058,cabcb684-47f5-4be9-90ff-5df78d11e560,1790003370.2323928,1790003370.1783998,2320385.400000006,cabcb684-47f5-4be9-90ff-5df78d11e560,browser_calibrated,-0.002007007598876953,7.200002670288086,574946,574946,0,-21.999835968017578,host_receive_nearest,verified,1,1,,,,,,,,,1,,,,,,,,,,,,,,,,,,,,V2,B,179.702,1790003370.1783998,1790003370.2323928,574946,Block 5_3_35d42daf,,,,,,,,,thought_probe
8bef34f9-754f-4f0d-971d-0635f688b9f9,probe_onset,1790003450.7207928,2380.344,595091,5,5,,2,G08,B,bbbd_subtraction,probe_onset,Block 5_4_35d42daf,,0.0,0.0,,,,,,,"{""client_event_id"":""8bef34f9-754f-4f0d-971d-0635f688b9f9"",""recorder_run_id"":""4f31ef37-4b28-414b-891c-fd15b33e84f7"",""client_id"":""cabcb684-47f5-4be9-90ff-5df78d11e560"",""client_timestamp"":1790003450.7326999,""client_monotonic_ms"":2400939.699999988,""event_timestamp"":1790003450.7207928,""clock_offset_sec"":-0.011907100677490234,""clock_round_trip_ms"":7.199764251708984,""subject_id"":""sub-008"",""session_id"":""ses-001"",""block_id"":""Block 5"",""counterbalance_group"":""G08"",""block_order"":""Block 5"",""condition"":""B"",""condition_type"":""bbbd_subtraction"",""topic_key"":""V2"",""topic_name"":""百家争鸣 到底是哪百家"",""event_type"":""probe_onset"",""iso_time"":""2026-09-21T15:10:50.732Z"",""relative_ms"":274567,""video_time_sec"":260.208,""probe_id"":""Block 5_4_35d42daf"",""probe_index"":4,""probe_schedule_id"":""35d42daf-00fe-4540-a57e-bb420082aca0"",""probe_planned_time_sec"":260.045,""video_id"":""V2"",""pause_reason"":""thought_probe"",""forced"":false}",4f31ef37-4b28-414b-891c-fd15b33e84f7,sub-008,ses-001,8bef34f9-754f-4f0d-971d-0635f688b9f9,cabcb684-47f5-4be9-90ff-5df78d11e560,1790003450.7323928,1790003450.7326999,2400939.699999988,cabcb684-47f5-4be9-90ff-5df78d11e560,browser_calibrated,-0.011907100677490234,7.199764251708984,595086,595086,0,11.600017547607422,host_receive_nearest,verified,1,1,,,,,,,,,1,,,,,,,,,,,,,,,,,,,,V2,B,260.208,1790003450.7326999,1790003450.7323928,595086,Block 5_4_35d42daf,4,35d42daf-00fe-4540-a57e-bb420082aca0,260.045,,,,,,thought_probe
98ecd8eb-1500-4e75-aef8-475268e95f52,attention_response,1790003452.8569927,2382.464,595626,5,5,,2,G08,B,bbbd_subtraction,attention_response,2,,0.0,0.0,,,,,,,"{""client_event_id"":""98ecd8eb-1500-4e75-aef8-475268e95f52"",""recorder_run_id"":""4f31ef37-4b28-414b-891c-fd15b33e84f7"",""client_id"":""cabcb684-47f5-4be9-90ff-5df78d11e560"",""client_timestamp"":1790003452.8688998,""client_monotonic_ms"":2403075.900000006,""event_timestamp"":1790003452.8569927,""clock_offset_sec"":-0.011907100677490234,""clock_round_trip_ms"":7.199764251708984,""subject_id"":""sub-008"",""session_id"":""ses-001"",""block_id"":""Block 5"",""counterbalance_group"":""G08"",""block_order"":""Block 5"",""condition"":""B"",""condition_type"":""bbbd_subtraction"",""topic_key"":""V2"",""topic_name"":""百家争鸣 到底是哪百家"",""event_type"":""attention_response"",""iso_time"":""2026-09-21T15:10:52.868Z"",""relative_ms"":276703,""video_time_sec"":260.208,""probe_id"":""Block 5_4_35d42daf"",""probe_index"":4,""probe_schedule_id"":""35d42daf-00fe-4540-a57e-bb420082aca0"",""probe_planned_time_sec"":260.045,""video_id"":""V2"",""response"":2,""response_label"":""连续减7心算任务"",""probe_attention"":""OFF"",""response_time_ms"":2136}",4f31ef37-4b28-414b-891c-fd15b33e84f7,sub-008,ses-001,98ecd8eb-1500-4e75-aef8-475268e95f52,cabcb684-47f5-4be9-90ff-5df78d11e560,1790003452.8733928,1790003452.8688998,2403075.900000006,cabcb684-47f5-4be9-90ff-5df78d11e560,browser_calibrated,-0.011907100677490234,7.199764251708984,595616,595616,0,0.4000663757324219,host_receive_nearest,verified,1,1,,,,,,,,,1,,,,,,,,,,,,,,,,,,,,V2,B,260.208,1790003452.8688998,1790003452.8733928,595616,Block 5_4_35d42daf,4,35d42daf-00fe-4540-a57e-bb420082aca0,260.045,2,连续减7心算任务,2136,,OFF,
6653edc4-a4b5-4f10-958a-964471e543cb,confidence_response,1790003453.8887928,2383.48,595871,5,5,,2,G08,B,bbbd_subtraction,confidence_response,4,,0.0,0.0,,,,,,,"{""client_event_id"":""6653edc4-a4b5-4f10-958a-964471e543cb"",""recorder_run_id"":""4f31ef37-4b28-414b-891c-fd15b33e84f7"",""client_id"":""cabcb684-47f5-4be9-90ff-5df78d11e560"",""client_timestamp"":1790003453.9006999,""client_monotonic_ms"":2404107.699999988,""event_timestamp"":1790003453.8887928,""clock_offset_sec"":-0.011907100677490234,""clock_round_trip_ms"":7.199764251708984,""subject_id"":""sub-008"",""session_id"":""ses-001"",""block_id"":""Block 5"",""counterbalance_group"":""G08"",""block_order"":""Block 5"",""condition"":""B"",""condition_type"":""bbbd_subtraction"",""topic_key"":""V2"",""topic_name"":""百家争鸣 到底是哪百家"",""event_type"":""confidence_response"",""iso_time"":""2026-09-21T15:10:53.900Z"",""relative_ms"":277735,""video_time_sec"":260.208,""probe_id"":""Block 5_4_35d42daf"",""probe_index"":4,""probe_schedule_id"":""35d42daf-00fe-4540-a57e-bb420082aca0"",""probe_planned_time_sec"":260.045,""video_id"":""V2"",""response"":2,""confidence"":4,""response_time_ms"":1032}",4f31ef37-4b28-414b-891c-fd15b33e84f7,sub-008,ses-001,6653edc4-a4b5-4f10-958a-964471e543cb,cabcb684-47f5-4be9-90ff-5df78d11e560,1790003453.904393,1790003453.9006999,2404107.699999988,cabcb684-47f5-4be9-90ff-5df78d11e560,browser_calibrated,-0.011907100677490234,7.199764251708984,595870,595870,0,-31.399965286254883,host_receive_nearest,verified,1,1,,,,,,,,,1,,,,,,,,,,,,,,,,,,,,V2,B,260.208,1790003453.9006999,1790003453.9203928,595870,Block 5_4_35d42daf,4,35d42daf-00fe-4540-a57e-bb420082aca0,260.045,,,1032,4,,
feab6954-fafe-4b2f-a5ba-05756ae55ce2,phase_change,1790003453.912193,2383.484,595896,5,5,,2,G08,B,bbbd_subtraction,phase_change,video,,0.0,0.0,,,,,,,,4f31ef37-4b28-414b-891c-fd15b33e84f7,sub-008,ses-001,feab6954-fafe-4b2f-a5ba-05756ae55ce2,cabcb684-47f5-4be9-90ff-5df78d11e560,1790003453.967393,1790003453.9241002,2404131.299999982,cabcb684-47f5-4be9-90ff-5df78d11e560,browser_calibrated,-0.011907100677490234,7.199764251708984,595871,595871,0,8.199691772460938,host_receive_nearest,verified,1,1,,,,,,,,,1,,,,,,,,,,,,,,,,,,,,V2,B,260.27,1790003453.9241002,1790003453.967393,595871,,,,,,,,,,
feab6954-fafe-4b2f-a5ba-05756ae55ce2,video_resume,1790003453.912193,2383.484,595896,5,5,,2,G08,B,bbbd_subtraction,video_resume,260.27,,0.0,0.0,,,,,,,"{""client_event_id"":""feab6954-fafe-4b2f-a5ba-05756ae55ce2"",""recorder_run_id"":""4f31ef37-4b28-414b-891c-fd15b33e84f7"",""client_id"":""cabcb684-47f5-4be9-90ff-5df78d11e560"",""client_timestamp"":1790003453.9241002,""client_monotonic_ms"":2404131.299999982,""event_timestamp"":1790003453.912193,""clock_offset_sec"":-0.011907100677490234,""clock_round_trip_ms"":7.199764251708984,""subject_id"":""sub-008"",""session_id"":""ses-001"",""block_id"":""Block 5"",""counterbalance_group"":""G08"",""block_order"":""Block 5"",""condition"":""B"",""condition_type"":""bbbd_subtraction"",""topic_key"":""V2"",""topic_name"":""百家争鸣 到底是哪百家"",""event_type"":""video_resume"",""iso_time"":""2026-09-21T15:10:53.924Z"",""relative_ms"":277759,""video_time_sec"":260.27,""probe_id"":""Block 5_4_35d42daf"",""probe_index"":4,""probe_schedule_id"":""35d42daf-00fe-4540-a57e-bb420082aca0"",""probe_planned_time_sec"":260.045,""video_id"":""V2"",""pause_reason"":""thought_probe"",""resume_status"":""playing""}",4f31ef37-4b28-414b-891c-fd15b33e84f7,sub-008,ses-001,feab6954-fafe-4b2f-a5ba-05756ae55ce2,cabcb684-47f5-4be9-90ff-5df78d11e560,1790003453.967393,1790003453.9241002,2404131.299999982,cabcb684-47f5-4be9-90ff-5df78d11e560,browser_calibrated,-0.011907100677490234,7.199764251708984,595871,595871,0,8.199691772460938,host_receive_nearest,verified,1,1,,,,,,,,,1,,,,,,,,,,,,,,,,,,,,V2,B,260.27,1790003453.9241002,1790003453.967393,595871,Block 5_4_35d42daf,,,,,,,,,thought_probe
f9cf71f1-e487-435e-bb10-ac9f254c1b8c,video_end,1790003506.4749427,2436.08,609021,5,5,,2,G08,B,bbbd_subtraction,video_end,V2,,0.0,0.0,,,,,,,,4f31ef37-4b28-414b-891c-fd15b33e84f7,sub-008,ses-001,f9cf71f1-e487-435e-bb10-ac9f254c1b8c,cabcb684-47f5-4be9-90ff-5df78d11e560,1790003506.4823928,1790003506.4758,2456682.799999982,cabcb684-47f5-4be9-90ff-5df78d11e560,browser_calibrated,-0.0008573532104492188,7.100105285644531,609020,609020,0,-39.549827575683594,host_receive_nearest,verified,1,1,,,,,,,,,1,,,,,,,,,,,,,,,,,,,,V2,B,312.773,1790003506.4758,1790003506.4983928,609020,,,,,,,,,,
f9cf71f1-e487-435e-bb10-ac9f254c1b8c,browser_video_ended,1790003506.4749427,2436.08,609021,5,5,,2,G08,B,bbbd_subtraction,browser_video_ended,,,0.0,0.0,,,,,,,"{""client_event_id"":""f9cf71f1-e487-435e-bb10-ac9f254c1b8c"",""recorder_run_id"":""4f31ef37-4b28-414b-891c-fd15b33e84f7"",""client_id"":""cabcb684-47f5-4be9-90ff-5df78d11e560"",""client_timestamp"":1790003506.4758,""client_monotonic_ms"":2456682.799999982,""event_timestamp"":1790003506.4749427,""clock_offset_sec"":-0.0008573532104492188,""clock_round_trip_ms"":7.100105285644531,""subject_id"":""sub-008"",""session_id"":""ses-001"",""block_id"":""Block 5"",""counterbalance_group"":""G08"",""block_order"":""Block 5"",""condition"":""B"",""condition_type"":""bbbd_subtraction"",""topic_key"":""V2"",""topic_name"":""百家争鸣 到底是哪百家"",""event_type"":""video_ended"",""iso_time"":""2026-09-21T15:11:46.475Z"",""relative_ms"":330310,""video_time_sec"":312.773}",4f31ef37-4b28-414b-891c-fd15b33e84f7,sub-008,ses-001,f9cf71f1-e487-435e-bb10-ac9f254c1b8c,cabcb684-47f5-4be9-90ff-5df78d11e560,1790003506.4823928,1790003506.4758,2456682.799999982,cabcb684-47f5-4be9-90ff-5df78d11e560,browser_calibrated,-0.0008573532104492188,7.100105285644531,609020,609020,0,-39.549827575683594,host_receive_nearest,verified,1,1,,,,,,,,,1,,,,,,,,,,,,,,,,,,,,V2,B,312.773,1790003506.4758,1790003506.4983928,609020,,,,,,,,,,
7cb3e6aa-8890-42fa-b678-ffccad0abb38,browser_block_end,1790003506.4959426,2436.084,609051,5,5,,2,G08,B,bbbd_subtraction,browser_block_end,视频自然播放结束,,0.0,0.0,,,,,,,"{""client_event_id"":""7cb3e6aa-8890-42fa-b678-ffccad0abb38"",""recorder_run_id"":""4f31ef37-4b28-414b-891c-fd15b33e84f7"",""client_id"":""cabcb684-47f5-4be9-90ff-5df78d11e560"",""client_timestamp"":1790003506.4968,""client_monotonic_ms"":2456703.900000006,""event_timestamp"":1790003506.4959426,""clock_offset_sec"":-0.0008573532104492188,""clock_round_trip_ms"":7.100105285644531,""subject_id"":""sub-008"",""session_id"":""ses-001"",""block_id"":""Block 5"",""counterbalance_group"":""G08"",""block_order"":""Block 5"",""condition"":""B"",""condition_type"":""bbbd_subtraction"",""topic_key"":""V2"",""topic_name"":""百家争鸣 到底是哪百家"",""event_type"":""block_end"",""iso_time"":""2026-09-21T15:11:46.496Z"",""relative_ms"":330331,""video_time_sec"":312.773,""reason"":""视频自然播放结束""}",4f31ef37-4b28-414b-891c-fd15b33e84f7,sub-008,ses-001,7cb3e6aa-8890-42fa-b678-ffccad0abb38,cabcb684-47f5-4be9-90ff-5df78d11e560,1790003506.576393,1790003506.4968,2456703.900000006,cabcb684-47f5-4be9-90ff-5df78d11e560,browser_calibrated,-0.0008573532104492188,7.100105285644531,609021,609021,0,2.450227737426758,host_receive_nearest,verified,1,1,,,,,,,,,1,,,,,,,,,,,,,,,,,,,,V2,B,312.773,1790003506.4968,1790003506.576393,609021,,,,,,,,,,
feb650ca-9c3e-45e4-9feb-c7bc60de59e3,rating_start,1790003506.5171425,2436.14,609066,5,5,,2,G08,B,bbbd_subtraction,rating_start,,,0.0,0.0,,,,,,,"{""client_event_id"":""feb650ca-9c3e-45e4-9feb-c7bc60de59e3"",""recorder_run_id"":""4f31ef37-4b28-414b-891c-fd15b33e84f7"",""client_id"":""cabcb684-47f5-4be9-90ff-5df78d11e560"",""client_timestamp"":1790003506.518,""client_monotonic_ms"":2456725.099999994,""event_timestamp"":1790003506.5171425,""clock_offset_sec"":-0.0008573532104492188,""clock_round_trip_ms"":7.100105285644531,""subject_id"":""sub-008"",""session_id"":""ses-001"",""block_id"":""Block 5"",""counterbalance_group"":""G08"",""block_order"":""Block 5"",""condition"":""B"",""condition_type"":""bbbd_subtraction"",""topic_key"":""V2"",""topic_name"":""百家争鸣 到底是哪百家"",""event_type"":""rating_start"",""iso_time"":""2026-09-21T15:11:46.518Z"",""relative_ms"":330353,""video_time_sec"":312.773}",4f31ef37-4b28-414b-891c-fd15b33e84f7,sub-008,ses-001,feb650ca-9c3e-45e4-9feb-c7bc60de59e3,cabcb684-47f5-4be9-90ff-5df78d11e560,1790003506.6393929,1790003506.518,2456725.099999994,cabcb684-47f5-4be9-90ff-5df78d11e560,browser_calibrated,-0.0008573532104492188,7.100105285644531,609035,609035,0,-2.7496814727783203,host_receive_nearest,verified,1,1,,,,,,,,,1,,,,,,,,,,,,,,,,,,,,V2,B,312.773,1790003506.518,1790003506.6393929,609035,,,,,,,,,,
f039636f-9056-45a6-8db5-1650611a55b7,rating_item_response,1790003509.7282426,2439.34,609846,5,5,,2,G08,B,bbbd_subtraction,rating_item_response,2,,0.0,0.0,,,,,,,"{""client_event_id"":""f039636f-9056-45a6-8db5-1650611a55b7"",""recorder_run_id"":""4f31ef37-4b28-414b-891c-fd15b33e84f7"",""client_id"":""cabcb684-47f5-4be9-90ff-5df78d11e560"",""client_timestamp"":1790003509.7291,""client_monotonic_ms"":2459936.099999994,""event_timestamp"":1790003509.7282426,""clock_offset_sec"":-0.0008573532104492188,""clock_round_trip_ms"":7.100105285644531,""subject_id"":""sub-008"",""session_id"":""ses-001"",""block_id"":""Block 5"",""counterbalance_group"":""G08"",""block_order"":""Block 5"",""condition"":""B"",""condition_type"":""bbbd_subtraction"",""topic_key"":""V2"",""topic_name"":""百家争鸣 到底是哪百家"",""event_type"":""rating_item_response"",""iso_time"":""2026-09-21T15:11:49.729Z"",""relative_ms"":333564,""video_time_sec"":312.773,""rating_item"":""course_attention_rating"",""rating_value"":""2"",""response_time_ms"":3211}",4f31ef37-4b28-414b-891c-fd15b33e84f7,sub-008,ses-001,f039636f-9056-45a6-8db5-1650611a55b7,cabcb684-47f5-4be9-90ff-5df78d11e560,1790003509.7483928,1790003509.7291,2459936.099999994,cabcb684-47f5-4be9-90ff-5df78d11e560,browser_calibrated,-0.0008573532104492188,7.100105285644531,609835,609835,0,-10.849714279174805,host_receive_nearest,verified,1,1,,,,,,,,,1,,,,,,,,,,,,,course_attention_rating,2,,,,,,V2,B,312.773,1790003509.7291,1790003509.7483928,609835,,,,,,,3211,,,
485050ef-1a83-481a-98f0-f6e3830bb76d,rating_item_response,1790003511.2762427,2440.9,610226,5,5,,2,G08,B,bbbd_subtraction,rating_item_response,4,,0.0,0.0,,,,,,,"{""client_event_id"":""485050ef-1a83-481a-98f0-f6e3830bb76d"",""recorder_run_id"":""4f31ef37-4b28-414b-891c-fd15b33e84f7"",""client_id"":""cabcb684-47f5-4be9-90ff-5df78d11e560"",""client_timestamp"":1790003511.2771,""client_monotonic_ms"":2461484.099999994,""event_timestamp"":1790003511.2762427,""clock_offset_sec"":-0.0008573532104492188,""clock_round_trip_ms"":7.100105285644531,""subject_id"":""sub-008"",""session_id"":""ses-001"",""block_id"":""Block 5"",""counterbalance_group"":""G08"",""block_order"":""Block 5"",""condition"":""B"",""condition_type"":""bbbd_subtraction"",""topic_key"":""V2"",""topic_name"":""百家争鸣 到底是哪百家"",""event_type"":""rating_item_response"",""iso_time"":""2026-09-21T15:11:51.277Z"",""relative_ms"":335112,""video_time_sec"":312.773,""rating_item"":""mental_effort"",""rating_value"":""4"",""response_time_ms"":4759}",4f31ef37-4b28-414b-891c-fd15b33e84f7,sub-008,ses-001,485050ef-1a83-481a-98f0-f6e3830bb76d,cabcb684-47f5-4be9-90ff-5df78d11e560,1790003511.2953928,1790003511.2771,2461484.099999994,cabcb684-47f5-4be9-90ff-5df78d11e560,browser_calibrated,-0.0008573532104492188,7.100105285644531,610225,610225,0,-11.84988021850586,host_receive_nearest,verified,1,1,,,,,,,,,1,,,,,,,,,,,,,mental_effort,4,,,,,,V2,B,312.773,1790003511.2771,1790003511.2953928,610225,,,,,,,4759,,,
f600015f-eef8-4eb4-8988-a33d028d98e2,rating_item_response,1790003513.2491426,2442.88,610721,5,5,,2,G08,B,bbbd_subtraction,rating_item_response,2,,0.0,0.0,,,,,,,"{""client_event_id"":""f600015f-eef8-4eb4-8988-a33d028d98e2"",""recorder_run_id"":""4f31ef37-4b28-414b-891c-fd15b33e84f7"",""client_id"":""cabcb684-47f5-4be9-90ff-5df78d11e560"",""client_timestamp"":1790003513.25,""client_monotonic_ms"":2463457.099999994,""event_timestamp"":1790003513.2491426,""clock_offset_sec"":-0.0008573532104492188,""clock_round_trip_ms"":7.100105285644531,""subject_id"":""sub-008"",""session_id"":""ses-001"",""block_id"":""Block 5"",""counterbalance_group"":""G08"",""block_order"":""Block 5"",""condition"":""B"",""condition_type"":""bbbd_subtraction"",""topic_key"":""V2"",""topic_name"":""百家争鸣 到底是哪百家"",""event_type"":""rating_item_response"",""iso_time"":""2026-09-21T15:11:53.250Z"",""relative_ms"":337085,""video_time_sec"":312.773,""rating_item"":""video_interest"",""rating_value"":""2"",""response_time_ms"":6732}",4f31ef37-4b28-414b-891c-fd15b33e84f7,sub-008,ses-001,f600015f-eef8-4eb4-8988-a33d028d98e2,cabcb684-47f5-4be9-90ff-5df78d11e560,1790003513.2643929,1790003513.25,2463457.099999994,cabcb684-47f5-4be9-90ff-5df78d11e560,browser_calibrated,-0.0008573532104492188,7.100105285644531,610720,610720,0,-0.7498264312744141,host_receive_nearest,verified,1,1,,,,,,,,,1,,,,,,,,,,,,,video_interest,2,,,,,,V2,B,312.773,1790003513.25,1790003513.2643929,610720,,,,,,,6732,,,
fbc36a0d-3e42-489a-9469-45be362927ff,rating_item_response,1790003514.9424427,2444.56,611141,5,5,,2,G08,B,bbbd_subtraction,rating_item_response,3,,0.0,0.0,,,,,,,"{""client_event_id"":""fbc36a0d-3e42-489a-9469-45be362927ff"",""recorder_run_id"":""4f31ef37-4b28-414b-891c-fd15b33e84f7"",""client_id"":""cabcb684-47f5-4be9-90ff-5df78d11e560"",""client_timestamp"":1790003514.9433,""client_monotonic_ms"":2465150.299999982,""event_timestamp"":1790003514.9424427,""clock_offset_sec"":-0.0008573532104492188,""clock_round_trip_ms"":7.100105285644531,""subject_id"":""sub-008"",""session_id"":""ses-001"",""block_id"":""Block 5"",""counterbalance_group"":""G08"",""block_order"":""Block 5"",""condition"":""B"",""condition_type"":""bbbd_subtraction"",""topic_key"":""V2"",""topic_name"":""百家争鸣 到底是哪百家"",""event_type"":""rating_item_response"",""iso_time"":""2026-09-21T15:11:54.943Z"",""relative_ms"":338778,""video_time_sec"":312.773,""rating_item"":""video_difficulty"",""rating_value"":""3"",""response_time_ms"":8425}",4f31ef37-4b28-414b-891c-fd15b33e84f7,sub-008,ses-001,fbc36a0d-3e42-489a-9469-45be362927ff,cabcb684-47f5-4be9-90ff-5df78d11e560,1790003514.951393,1790003514.9433,2465150.299999982,cabcb684-47f5-4be9-90ff-5df78d11e560,browser_calibrated,-0.0008573532104492188,7.100105285644531,611140,611140,0,-7.049798965454102,host_receive_nearest,verified,1,1,,,,,,,,,1,,,,,,,,,,,,,video_difficulty,3,,,,,,V2,B,312.773,1790003514.9433,1790003514.951393,611140,,,,,,,8425,,,
9d3b02fe-824e-49da-bbe7-bc013ae3470c,rating_item_response,1790003517.4250426,2447.06,611766,5,5,,2,G08,B,bbbd_subtraction,rating_item_response,70-80%,,0.0,0.0,,,,,,,"{""client_event_id"":""9d3b02fe-824e-49da-bbe7-bc013ae3470c"",""recorder_run_id"":""4f31ef37-4b28-414b-891c-fd15b33e84f7"",""client_id"":""cabcb684-47f5-4be9-90ff-5df78d11e560"",""client_timestamp"":1790003517.4259,""client_monotonic_ms"":2467633,""event_timestamp"":1790003517.4250426,""clock_offset_sec"":-0.0008573532104492188,""clock_round_trip_ms"":7.100105285644531,""subject_id"":""sub-008"",""session_id"":""ses-001"",""block_id"":""Block 5"",""counterbalance_group"":""G08"",""block_order"":""Block 5"",""condition"":""B"",""condition_type"":""bbbd_subtraction"",""topic_key"":""V2"",""topic_name"":""百家争鸣 到底是哪百家"",""event_type"":""rating_item_response"",""iso_time"":""2026-09-21T15:11:57.425Z"",""relative_ms"":341260,""video_time_sec"":312.773,""rating_item"":""subtraction_compliance"",""rating_value"":""70-80%"",""response_time_ms"":10908}",4f31ef37-4b28-414b-891c-fd15b33e84f7,sub-008,ses-001,9d3b02fe-824e-49da-bbe7-bc013ae3470c,cabcb684-47f5-4be9-90ff-5df78d11e560,1790003517.4353929,1790003517.4259,2467633,cabcb684-47f5-4be9-90ff-5df78d11e560,browser_calibrated,-0.0008573532104492188,7.100105285644531,611765,611765,0,-4.649877548217773,host_receive_nearest,verified,1,1,,,,,,,,,1,,,,,,,,,,,,,subtraction_compliance,70-80%,,,,,,V2,B,312.773,1790003517.4259,1790003517.4353929,611765,,,,,,,10908,,,
8b6daaed-f1ff-4027-bcbd-aa842335d213,rating_item_response,1790003519.7486427,2449.36,612341,5,5,,2,G08,B,bbbd_subtraction,rating_item_response,3,,0.0,0.0,,,,,,,"{""client_event_id"":""8b6daaed-f1ff-4027-bcbd-aa842335d213"",""recorder_run_id"":""4f31ef37-4b28-414b-891c-fd15b33e84f7"",""client_id"":""cabcb684-47f5-4be9-90ff-5df78d11e560"",""client_timestamp"":1790003519.7495,""client_monotonic_ms"":2469956.599999994,""event_timestamp"":1790003519.7486427,""clock_offset_sec"":-0.0008573532104492188,""clock_round_trip_ms"":7.100105285644531,""subject_id"":""sub-008"",""session_id"":""ses-001"",""block_id"":""Block 5"",""counterbalance_group"":""G08"",""block_order"":""Block 5"",""condition"":""B"",""condition_type"":""bbbd_subtraction"",""topic_key"":""V2"",""topic_name"":""百家争鸣 到底是哪百家"",""event_type"":""rating_item_response"",""iso_time"":""2026-09-21T15:11:59.749Z"",""relative_ms"":343584,""video_time_sec"":312.773,""rating_item"":""subtraction_difficulty"",""rating_value"":""3"",""response_time_ms"":13232}",4f31ef37-4b28-414b-891c-fd15b33e84f7,sub-008,ses-001,8b6daaed-f1ff-4027-bcbd-aa842335d213,cabcb684-47f5-4be9-90ff-5df78d11e560,1790003519.7643929,1790003519.7495,2469956.599999994,cabcb684-47f5-4be9-90ff-5df78d11e560,browser_calibrated,-0.0008573532104492188,7.100105285644531,612340,612340,0,-16.249895095825195,host_receive_nearest,verified,1,1,,,,,,,,,1,,,,,,,,,,,,,subtraction_difficulty,3,,,,,,V2,B,312.773,1790003519.7495,1790003519.7643929,612340,,,,,,,13232,,,
0a90dee9-520e-484a-89fd-9ad4e78c98c0,rating_item_response,1790003525.1095426,2454.704,613681,5,5,,2,G08,B,bbbd_subtraction,rating_item_response,323,,0.0,0.0,,,,,,,"{""client_event_id"":""0a90dee9-520e-484a-89fd-9ad4e78c98c0"",""recorder_run_id"":""4f31ef37-4b28-414b-891c-fd15b33e84f7"",""client_id"":""cabcb684-47f5-4be9-90ff-5df78d11e560"",""client_timestamp"":1790003525.1104,""client_monotonic_ms"":2475317.599999994,""event_timestamp"":1790003525.1095426,""clock_offset_sec"":-0.0008573532104492188,""clock_round_trip_ms"":7.100105285644531,""subject_id"":""sub-008"",""session_id"":""ses-001"",""block_id"":""Block 5"",""counterbalance_group"":""G08"",""block_order"":""Block 5"",""condition"":""B"",""condition_type"":""bbbd_subtraction"",""topic_key"":""V2"",""topic_name"":""百家争鸣 到底是哪百家"",""event_type"":""rating_item_response"",""iso_time"":""2026-09-21T15:12:05.110Z"",""relative_ms"":348945,""video_time_sec"":312.773,""rating_item"":""reported_final_number"",""rating_value"":""323"",""response_time_ms"":18592}",4f31ef37-4b28-414b-891c-fd15b33e84f7,sub-008,ses-001,0a90dee9-520e-484a-89fd-9ad4e78c98c0,cabcb684-47f5-4be9-90ff-5df78d11e560,1790003525.1233928,1790003525.1104,2475317.599999994,cabcb684-47f5-4be9-90ff-5df78d11e560,browser_calibrated,-0.0008573532104492188,7.100105285644531,613676,613676,0,13.850212097167969,host_receive_nearest,verified,1,1,,,,,,,,,1,,,,,,,,,,,,,reported_final_number,323,,,,,,V2,B,312.773,1790003525.1104,1790003525.1233928,613676,,,,,,,18592,,,
bfe0ce06-f8ff-4cd8-9bd0-cdd6c370ba51,rating_end,1790003525.2237427,2454.84,613711,5,5,,2,G08,B,bbbd_subtraction,rating_end,,18.707,0.0,0.0,,,,,,,"{""client_event_id"":""bfe0ce06-f8ff-4cd8-9bd0-cdd6c370ba51"",""recorder_run_id"":""4f31ef37-4b28-414b-891c-fd15b33e84f7"",""client_id"":""cabcb684-47f5-4be9-90ff-5df78d11e560"",""client_timestamp"":1790003525.2246,""client_monotonic_ms"":2475431.599999994,""event_timestamp"":1790003525.2237427,""clock_offset_sec"":-0.0008573532104492188,""clock_round_trip_ms"":7.100105285644531,""subject_id"":""sub-008"",""session_id"":""ses-001"",""block_id"":""Block 5"",""counterbalance_group"":""G08"",""block_order"":""Block 5"",""condition"":""B"",""condition_type"":""bbbd_subtraction"",""topic_key"":""V2"",""topic_name"":""百家争鸣 到底是哪百家"",""event_type"":""rating_end"",""iso_time"":""2026-09-21T15:12:05.224Z"",""relative_ms"":349059,""video_time_sec"":312.773,""video_id"":""V2"",""course_attention_rating"":2,""mental_effort"":4,""video_interest"":2,""video_difficulty"":3,""subtraction_compliance"":""70-80%"",""subtraction_difficulty"":3,""reported_final_number"":323,""duration_sec"":18.707,""submitted_iso"":""2026-09-21T15:12:05.224Z"",""submitted_relative_ms"":349059}",4f31ef37-4b28-414b-891c-fd15b33e84f7,sub-008,ses-001,bfe0ce06-f8ff-4cd8-9bd0-cdd6c370ba51,cabcb684-47f5-4be9-90ff-5df78d11e560,1790003525.217393,1790003525.2246,2475431.599999994,cabcb684-47f5-4be9-90ff-5df78d11e560,browser_calibrated,-0.0008573532104492188,7.100105285644531,613710,613710,0,-6.349802017211914,host_receive_nearest,verified,1,1,,,,,,,,,1,,,,2,4,2,3,70-80%,70,80,3,323,,,,,,,,V2,B,312.773,1790003525.2246,1790003525.217393,613710,,,,,,,,,,
df91a16a-a752-4c92-8431-616a8a4513af,quiz_start,1790003525.2357428,2454.86,613731,5,5,,2,G08,B,bbbd_subtraction,quiz_start,,,0.0,0.0,,,,,,,"{""client_event_id"":""df91a16a-a752-4c92-8431-616a8a4513af"",""recorder_run_id"":""4f31ef37-4b28-414b-891c-fd15b33e84f7"",""client_id"":""cabcb684-47f5-4be9-90ff-5df78d11e560"",""client_timestamp"":1790003525.2366002,""client_monotonic_ms"":2475443.699999988,""event_timestamp"":1790003525.2357428,""clock_offset_sec"":-0.0008573532104492188,""clock_round_trip_ms"":7.100105285644531,""subject_id"":""sub-008"",""session_id"":""ses-001"",""block_id"":""Block 5"",""counterbalance_group"":""G08"",""block_order"":""Block 5"",""condition"":""B"",""condition_type"":""bbbd_subtraction"",""topic_key"":""V2"",""topic_name"":""百家争鸣 到底是哪百家"",""event_type"":""quiz_start"",""iso_time"":""2026-09-21T15:12:05.236Z"",""relative_ms"":349071,""video_time_sec"":312.773}",4f31ef37-4b28-414b-891c-fd15b33e84f7,sub-008,ses-001,df91a16a-a752-4c92-8431-616a8a4513af,cabcb684-47f5-4be9-90ff-5df78d11e560,1790003525.2953928,1790003525.2366002,2475443.699999988,cabcb684-47f5-4be9-90ff-5df78d11e560,browser_calibrated,-0.0008573532104492188,7.100105285644531,613715,613715,0,-3.3500194549560547,host_receive_nearest,verified,1,1,,,,,,,,,1,,,,,,,,,,,,,,,,,,,,V2,B,312.773,1790003525.2366002,1790003525.2953928,613715,,,,,,,,,,
2221420d-17e9-48aa-9ec8-e224ebf99e19,quiz_item_response,1790003544.292043,2473.9,618486,5,5,,2,G08,B,bbbd_subtraction,quiz_item_response,“百家争鸣”局面出现在哪个历史时期？,,0.0,0.0,,V2Q1,C,C,True,4012,"{""client_event_id"":""2221420d-17e9-48aa-9ec8-e224ebf99e19"",""recorder_run_id"":""4f31ef37-4b28-414b-891c-fd15b33e84f7"",""client_id"":""cabcb684-47f5-4be9-90ff-5df78d11e560"",""client_timestamp"":1790003544.3051002,""client_monotonic_ms"":2494512.099999994,""event_timestamp"":1790003544.292043,""clock_offset_sec"":-0.013057231903076172,""clock_round_trip_ms"":7.100105285644531,""subject_id"":""sub-008"",""session_id"":""ses-001"",""block_id"":""Block 5"",""counterbalance_group"":""G08"",""block_order"":""Block 5"",""condition"":""B"",""condition_type"":""bbbd_subtraction"",""topic_key"":""V2"",""topic_name"":""百家争鸣 到底是哪百家"",""event_type"":""quiz_item_response"",""iso_time"":""2026-09-21T15:12:24.305Z"",""relative_ms"":368140,""video_time_sec"":312.773,""video_id"":""V2"",""question_id"":""V2Q1"",""question_text"":""“百家争鸣”局面出现在哪个历史时期？"",""response_index"":2,""response_letter"":""C"",""response_text"":""春秋战国时期"",""correct_index"":2,""correct_letter"":""C"",""correct_text"":""春秋战国时期"",""is_correct"":true,""reaction_time_ms"":4012,""submitted_iso"":""2026-09-21T15:12:24.305Z"",""submitted_relative_ms"":368140}",4f31ef37-4b28-414b-891c-fd15b33e84f7,sub-008,ses-001,2221420d-17e9-48aa-9ec8-e224ebf99e19,cabcb684-47f5-4be9-90ff-5df78d11e560,1790003544.3103929,1790003544.3051002,2494512.099999994,cabcb684-47f5-4be9-90ff-5df78d11e560,browser_calibrated,-0.013057231903076172,7.100105285644531,618475,618475,0,-12.650012969970703,host_receive_nearest,verified,1,1,,,,,,,,,1,,,,,,,,,,,,,,,,,“百家争鸣”局面出现在哪个历史时期？,2,春秋战国时期,V2,B,312.773,1790003544.3051002,1790003544.3103929,618475,,,,,,,,,,
3d722e92-d704-4f04-97d7-80cc6959ff75,quiz_item_response,1790003544.304443,2473.904,618516,5,5,,2,G08,B,bbbd_subtraction,quiz_item_response,儒家学派的代表人物是？,,0.0,0.0,,V2Q2,B,B,True,5794,"{""client_event_id"":""3d722e92-d704-4f04-97d7-80cc6959ff75"",""recorder_run_id"":""4f31ef37-4b28-414b-891c-fd15b33e84f7"",""client_id"":""cabcb684-47f5-4be9-90ff-5df78d11e560"",""client_timestamp"":1790003544.3175,""client_monotonic_ms"":2494524.5,""event_timestamp"":1790003544.304443,""clock_offset_sec"":-0.013057231903076172,""clock_round_trip_ms"":7.100105285644531,""subject_id"":""sub-008"",""session_id"":""ses-001"",""block_id"":""Block 5"",""counterbalance_group"":""G08"",""block_order"":""Block 5"",""condition"":""B"",""condition_type"":""bbbd_subtraction"",""topic_key"":""V2"",""topic_name"":""百家争鸣 到底是哪百家"",""event_type"":""quiz_item_response"",""iso_time"":""2026-09-21T15:12:24.317Z"",""relative_ms"":368152,""video_time_sec"":312.773,""video_id"":""V2"",""question_id"":""V2Q2"",""question_text"":""儒家学派的代表人物是？"",""response_index"":1,""response_letter"":""B"",""response_text"":""孔子"",""correct_index"":1,""correct_letter"":""B"",""correct_text"":""孔子"",""is_correct"":true,""reaction_time_ms"":5794,""submitted_iso"":""2026-09-21T15:12:24.317Z"",""submitted_relative_ms"":368152}",4f31ef37-4b28-414b-891c-fd15b33e84f7,sub-008,ses-001,3d722e92-d704-4f04-97d7-80cc6959ff75,cabcb684-47f5-4be9-90ff-5df78d11e560,1790003544.4353929,1790003544.3175,2494524.5,cabcb684-47f5-4be9-90ff-5df78d11e560,browser_calibrated,-0.013057231903076172,7.100105285644531,618476,618476,0,5.949974060058594,host_receive_nearest,verified,1,1,,,,,,,,,1,,,,,,,,,,,,,,,,,儒家学派的代表人物是？,1,孔子,V2,B,312.773,1790003544.3175,1790003544.4353929,618476,,,,,,,,,,
c3ecec2a-f0eb-4654-9b2c-3ab26e2a70a8,quiz_item_response,1790003544.3172429,2473.94,618531,5,5,,2,G08,B,bbbd_subtraction,quiz_item_response,法家的集大成者韩非子，其思想核心是？,,0.0,0.0,,V2Q3,C,D,False,8785,"{""client_event_id"":""c3ecec2a-f0eb-4654-9b2c-3ab26e2a70a8"",""recorder_run_id"":""4f31ef37-4b28-414b-891c-fd15b33e84f7"",""client_id"":""cabcb684-47f5-4be9-90ff-5df78d11e560"",""client_timestamp"":1790003544.3303,""client_monotonic_ms"":2494537.299999982,""event_timestamp"":1790003544.3172429,""clock_offset_sec"":-0.013057231903076172,""clock_round_trip_ms"":7.100105285644531,""subject_id"":""sub-008"",""session_id"":""ses-001"",""block_id"":""Block 5"",""counterbalance_group"":""G08"",""block_order"":""Block 5"",""condition"":""B"",""condition_type"":""bbbd_subtraction"",""topic_key"":""V2"",""topic_name"":""百家争鸣 到底是哪百家"",""event_type"":""quiz_item_response"",""iso_time"":""2026-09-21T15:12:24.330Z"",""relative_ms"":368165,""video_time_sec"":312.773,""video_id"":""V2"",""question_id"":""V2Q3"",""question_text"":""法家的集大成者韩非子，其思想核心是？"",""response_index"":3,""response_letter"":""D"",""response_text"":""兼爱非攻"",""correct_index"":2,""correct_letter"":""C"",""correct_text"":""以法治国"",""is_correct"":false,""reaction_time_ms"":8785,""submitted_iso"":""2026-09-21T15:12:24.330Z"",""submitted_relative_ms"":368165}",4f31ef37-4b28-414b-891c-fd15b33e84f7,sub-008,ses-001,c3ecec2a-f0eb-4654-9b2c-3ab26e2a70a8,cabcb684-47f5-4be9-90ff-5df78d11e560,1790003544.5143929,1790003544.3303,2494537.299999982,cabcb684-47f5-4be9-90ff-5df78d11e560,browser_calibrated,-0.013057231903076172,7.100105285644531,618485,618485,0,-6.850004196166992,host_receive_nearest,verified,1,1,,,,,,,,,1,,,,,,,,,,,,,,,,,法家的集大成者韩非子，其思想核心是？,3,兼爱非攻,V2,B,312.773,1790003544.3303,1790003544.5143929,618485,,,,,,,,,,
7cbbe3ba-5c76-4ce6-8a11-3abea4dc7dc0,quiz_item_response,1790003544.3317428,2473.944,618531,5,5,,2,G08,B,bbbd_subtraction,quiz_item_response,纵横家学派的代表人物是？,,0.0,0.0,,V2Q4,C,D,False,18070,"{""client_event_id"":""7cbbe3ba-5c76-4ce6-8a11-3abea4dc7dc0"",""recorder_run_id"":""4f31ef37-4b28-414b-891c-fd15b33e84f7"",""client_id"":""cabcb684-47f5-4be9-90ff-5df78d11e560"",""client_timestamp"":1790003544.3448,""client_monotonic_ms"":2494551.799999982,""event_timestamp"":1790003544.3317428,""clock_offset_sec"":-0.013057231903076172,""clock_round_trip_ms"":7.100105285644531,""subject_id"":""sub-008"",""session_id"":""ses-001"",""block_id"":""Block 5"",""counterbalance_group"":""G08"",""block_order"":""Block 5"",""condition"":""B"",""condition_type"":""bbbd_subtraction"",""topic_key"":""V2"",""topic_name"":""百家争鸣 到底是哪百家"",""event_type"":""quiz_item_response"",""iso_time"":""2026-09-21T15:12:24.344Z"",""relative_ms"":368179,""video_time_sec"":312.773,""video_id"":""V2"",""question_id"":""V2Q4"",""question_text"":""纵横家学派的代表人物是？"",""response_index"":3,""response_letter"":""D"",""response_text"":""苏武"",""correct_index"":2,""correct_letter"":""C"",""correct_text"":""张仪"",""is_correct"":false,""reaction_time_ms"":18070,""submitted_iso"":""2026-09-21T15:12:24.344Z"",""submitted_relative_ms"":368179}",4f31ef37-4b28-414b-891c-fd15b33e84f7,sub-008,ses-001,7cbbe3ba-5c76-4ce6-8a11-3abea4dc7dc0,cabcb684-47f5-4be9-90ff-5df78d11e560,1790003544.5453928,1790003544.3448,2494551.799999982,cabcb684-47f5-4be9-90ff-5df78d11e560,browser_calibrated,-0.013057231903076172,7.100105285644531,618486,618486,0,10.650157928466797,host_receive_nearest,verified,1,1,,,,,,,,,1,,,,,,,,,,,,,,,,,纵横家学派的代表人物是？,3,苏武,V2,B,312.773,1790003544.3448,1790003544.5453928,618486,,,,,,,,,,
dffcb470-282d-4c4c-ae75-505ca105d1ce,quiz_end,1790003544.3449428,2473.96,618546,5,5,,2,G08,B,bbbd_subtraction,quiz_end,2/4,19.121,0.0,0.0,,,,,,,"{""client_event_id"":""dffcb470-282d-4c4c-ae75-505ca105d1ce"",""recorder_run_id"":""4f31ef37-4b28-414b-891c-fd15b33e84f7"",""client_id"":""cabcb684-47f5-4be9-90ff-5df78d11e560"",""client_timestamp"":1790003544.358,""client_monotonic_ms"":2494565,""event_timestamp"":1790003544.3449428,""clock_offset_sec"":-0.013057231903076172,""clock_round_trip_ms"":7.100105285644531,""subject_id"":""sub-008"",""session_id"":""ses-001"",""block_id"":""Block 5"",""counterbalance_group"":""G08"",""block_order"":""Block 5"",""condition"":""B"",""condition_type"":""bbbd_subtraction"",""topic_key"":""V2"",""topic_name"":""百家争鸣 到底是哪百家"",""event_type"":""quiz_end"",""iso_time"":""2026-09-21T15:12:24.358Z"",""relative_ms"":368193,""video_time_sec"":312.773,""score"":2,""total"":4,""duration_sec"":19.121}",4f31ef37-4b28-414b-891c-fd15b33e84f7,sub-008,ses-001,dffcb470-282d-4c4c-ae75-505ca105d1ce,cabcb684-47f5-4be9-90ff-5df78d11e560,1790003544.576393,1790003544.358,2494565,cabcb684-47f5-4be9-90ff-5df78d11e560,browser_calibrated,-0.013057231903076172,7.100105285644531,618490,618490,0,-2.549886703491211,host_receive_nearest,verified,1,1,,,,,,,,,1,,,,,,,,,,,,,,,2,4,,,,V2,B,312.773,1790003544.358,1790003544.576393,618490,,,,,,,,,,
dffcb470-282d-4c4c-ae75-505ca105d1ce,block_end,1790003544.3449428,2473.96,618546,5,5,,2,G08,B,bbbd_subtraction,block_end,V2,,0.0,0.0,,,,,,,,4f31ef37-4b28-414b-891c-fd15b33e84f7,sub-008,ses-001,dffcb470-282d-4c4c-ae75-505ca105d1ce,cabcb684-47f5-4be9-90ff-5df78d11e560,1790003544.576393,1790003544.358,2494565,cabcb684-47f5-4be9-90ff-5df78d11e560,browser_calibrated,-0.013057231903076172,7.100105285644531,618490,618490,0,-2.549886703491211,host_receive_nearest,verified,1,1,,,,,,,,,1,,,,,,,,,,,,,,,,,,,,V2,B,312.773,1790003544.358,1790003544.576393,618490,,,,,,,,,,
013ad25e-dad4-4936-99db-281ed81550fd,rest_start,1790003544.3665428,2473.964,618561,5,5,,2,G08,B,bbbd_subtraction,rest_start,after-block-5,,0.0,0.0,,,,,,,"{""client_event_id"":""013ad25e-dad4-4936-99db-281ed81550fd"",""recorder_run_id"":""4f31ef37-4b28-414b-891c-fd15b33e84f7"",""client_id"":""cabcb684-47f5-4be9-90ff-5df78d11e560"",""client_timestamp"":1790003544.3796,""client_monotonic_ms"":2494586.599999994,""event_timestamp"":1790003544.3665428,""clock_offset_sec"":-0.013057231903076172,""clock_round_trip_ms"":7.100105285644531,""subject_id"":""sub-008"",""session_id"":""ses-001"",""block_id"":""Block 5"",""counterbalance_group"":""G08"",""block_order"":""Block 5"",""condition"":""B"",""condition_type"":""bbbd_subtraction"",""topic_key"":""V2"",""topic_name"":""百家争鸣 到底是哪百家"",""event_type"":""rest_start"",""iso_time"":""2026-09-21T15:12:24.379Z"",""relative_ms"":368214,""video_time_sec"":312.773,""after_block_id"":5,""planned_duration"":30,""actual_duration"":"""",""is_formal_experiment"":0}",4f31ef37-4b28-414b-891c-fd15b33e84f7,sub-008,ses-001,013ad25e-dad4-4936-99db-281ed81550fd,cabcb684-47f5-4be9-90ff-5df78d11e560,1790003544.6073928,1790003544.3796,2494586.599999994,cabcb684-47f5-4be9-90ff-5df78d11e560,browser_calibrated,-0.013057231903076172,7.100105285644531,618491,618491,0,6.850004196166992,host_receive_nearest,verified,0,1,,,,,5,,30,,0,,,,,,,,,,,,,,,,,,,,V2,B,312.773,1790003544.3796,1790003544.6073928,618491,,,,,,,,,,
169742ac-7e94-4f7a-8f62-ac96e32af816,rest_end,1790003574.9785428,2504.596,626150,5,5,,2,G08,B,bbbd_subtraction,rest_end,after-block-5,30.601,0.0,0.0,,,,,,,"{""client_event_id"":""169742ac-7e94-4f7a-8f62-ac96e32af816"",""recorder_run_id"":""4f31ef37-4b28-414b-891c-fd15b33e84f7"",""client_id"":""cabcb684-47f5-4be9-90ff-5df78d11e560"",""client_timestamp"":1790003574.9805,""client_monotonic_ms"":2525187.5,""event_timestamp"":1790003574.9785428,""clock_offset_sec"":-0.0019571781158447266,""clock_round_trip_ms"":7.300138473510742,""subject_id"":""sub-008"",""session_id"":""ses-001"",""block_id"":""Block 5"",""counterbalance_group"":""G08"",""block_order"":""Block 5"",""condition"":""B"",""condition_type"":""bbbd_subtraction"",""topic_key"":""V2"",""topic_name"":""百家争鸣 到底是哪百家"",""event_type"":""rest_end"",""iso_time"":""2026-09-21T15:12:54.980Z"",""relative_ms"":398815,""video_time_sec"":312.773,""after_block_id"":5,""planned_duration"":30,""actual_duration"":30.601,""duration_sec"":30.601,""is_formal_experiment"":0,""debug_early"":false}",4f31ef37-4b28-414b-891c-fd15b33e84f7,sub-008,ses-001,169742ac-7e94-4f7a-8f62-ac96e32af816,cabcb684-47f5-4be9-90ff-5df78d11e560,1790003574.9823928,1790003574.9805,2525187.5,cabcb684-47f5-4be9-90ff-5df78d11e560,browser_calibrated,-0.0019571781158447266,7.300138473510742,626149,626149,0,-11.149883270263672,host_receive_nearest,verified,0,1,,,,,5,,30,30.601,0,,,,,,,,,,,,,,,,,,,,V2,B,312.773,1790003574.9805,1790003574.9823928,626149,,,,,,,,,,
5b963627-1bb9-4609-9e5e-a4ddd2646278,block_start,1790003578.0393429,2507.656,626915,6,6,,2,G08,A,focused,block_start,V3,,0.0,0.0,,,,,,,condition=A; condition_type=focused,4f31ef37-4b28-414b-891c-fd15b33e84f7,sub-008,ses-001,5b963627-1bb9-4609-9e5e-a4ddd2646278,cabcb684-47f5-4be9-90ff-5df78d11e560,1790003578.0453928,1790003578.0413,2528248.299999982,cabcb684-47f5-4be9-90ff-5df78d11e560,browser_calibrated,-0.0019571781158447266,7.300138473510742,626914,626914,0,-9.949922561645508,host_receive_nearest,verified,0,1,,,,,,,,,1,,,,,,,,,,,,,,,,,,,,V3,A,0,1790003578.0413,1790003578.0453928,626914,,,,,,,,,,
5b963627-1bb9-4609-9e5e-a4ddd2646278,condition_prompt_start,1790003578.0393429,2507.656,626915,6,6,,2,G08,A,focused,condition_prompt_start,A,,0.0,0.0,,,,,,,,4f31ef37-4b28-414b-891c-fd15b33e84f7,sub-008,ses-001,5b963627-1bb9-4609-9e5e-a4ddd2646278,cabcb684-47f5-4be9-90ff-5df78d11e560,1790003578.0453928,1790003578.0413,2528248.299999982,cabcb684-47f5-4be9-90ff-5df78d11e560,browser_calibrated,-0.0019571781158447266,7.300138473510742,626914,626914,0,-9.949922561645508,host_receive_nearest,verified,0,1,,,,,,,,,1,,,,,,,,,,,,,,,,,,,,V3,A,0,1790003578.0413,1790003578.0453928,626914,,,,,,,,,,
5b963627-1bb9-4609-9e5e-a4ddd2646278,browser_block_config,1790003578.0393429,2507.656,626915,6,6,,2,G08,A,focused,browser_block_config,V3,,0.0,0.0,,,,,,,"{""client_event_id"":""5b963627-1bb9-4609-9e5e-a4ddd2646278"",""recorder_run_id"":""4f31ef37-4b28-414b-891c-fd15b33e84f7"",""client_id"":""cabcb684-47f5-4be9-90ff-5df78d11e560"",""client_timestamp"":1790003578.0413,""client_monotonic_ms"":2528248.299999982,""event_timestamp"":1790003578.0393429,""clock_offset_sec"":-0.0019571781158447266,""clock_round_trip_ms"":7.300138473510742,""subject_id"":""sub-008"",""session_id"":""ses-001"",""block_id"":""Block 6"",""counterbalance_group"":""G08"",""block_order"":""Block 6"",""condition"":""A"",""condition_type"":""focused"",""topic_key"":""V3"",""topic_name"":""道德经主要讲的是什么"",""event_type"":""block_start"",""iso_time"":""2026-09-21T15:12:58.041Z"",""relative_ms"":0,""video_time_sec"":0,""block_start_iso"":""2026-09-21T15:12:58.041Z"",""config_json"":""{\""recorder_run_id\"":\""4f31ef37-4b28-414b-891c-fd15b33e84f7\"",\""subject_id\"":\""sub-008\"",\""session_id\"":\""ses-001\"",\""block_id\"":\""Block 6\"",\""counterbalance_group\"":\""G08\"",\""condition\"":\""A\"",\""condition_type\"":\""focused\"",\""topic_key\"":\""V3\"",\""topic_name\"":\""道德经主要讲的是什么\"",\""video_file\"":\""视频3-混知漫画｜《道德经》主要讲的啥呢？老子（下）-480P 标清-AVC.mp4\"",\""start_number\"":\""\"",\""generated_timestamp\"":\""\""}""}",4f31ef37-4b28-414b-891c-fd15b33e84f7,sub-008,ses-001,5b963627-1bb9-4609-9e5e-a4ddd2646278,cabcb684-47f5-4be9-90ff-5df78d11e560,1790003578.0453928,1790003578.0413,2528248.299999982,cabcb684-47f5-4be9-90ff-5df78d11e560,browser_calibrated,-0.0019571781158447266,7.300138473510742,626914,626914,0,-9.949922561645508,host_receive_nearest,verified,0,1,,,,,,,,,1,,,,,,,,,,,,,,,,,,,,V3,A,0,1790003578.0413,1790003578.0453928,626914,,,,,,,,,,
83b9a422-69b9-4612-9129-99c46158e896,probe_schedule,1790003578.1133428,2507.736,626935,6,6,,2,G08,A,focused,probe_schedule,"67.499,124.682,177.66,246.279",,0.0,0.0,,,,,,,"{""client_event_id"":""83b9a422-69b9-4612-9129-99c46158e896"",""recorder_run_id"":""4f31ef37-4b28-414b-891c-fd15b33e84f7"",""client_id"":""cabcb684-47f5-4be9-90ff-5df78d11e560"",""client_timestamp"":1790003578.1153,""client_monotonic_ms"":2528322.299999982,""event_timestamp"":1790003578.1133428,""clock_offset_sec"":-0.0019571781158447266,""clock_round_trip_ms"":7.300138473510742,""subject_id"":""sub-008"",""session_id"":""ses-001"",""block_id"":""Block 6"",""counterbalance_group"":""G08"",""block_order"":""Block 6"",""condition"":""A"",""condition_type"":""focused"",""topic_key"":""V3"",""topic_name"":""道德经主要讲的是什么"",""event_type"":""probe_schedule"",""iso_time"":""2026-09-21T15:12:58.115Z"",""relative_ms"":74,""video_time_sec"":0,""probe_schedule_id"":""9db77b60-9139-449d-85d9-53b2b8c3aecb"",""probe_times"":[67.499,124.682,177.66,246.279],""probe_config"":{""probes_per_block"":4,""min_first_onset_sec"":45,""min_end_margin_sec"":30,""min_gap_sec"":45},""video_duration_sec"":326.241,""video_id"":""V3"",""debug_fast"":false}",4f31ef37-4b28-414b-891c-fd15b33e84f7,sub-008,ses-001,83b9a422-69b9-4612-9129-99c46158e896,cabcb684-47f5-4be9-90ff-5df78d11e560,1790003578.1233928,1790003578.1153,2528322.299999982,cabcb684-47f5-4be9-90ff-5df78d11e560,browser_calibrated,-0.0019571781158447266,7.300138473510742,626934,626934,0,-5.949974060058594,host_receive_nearest,verified,1,1,,,,,,,,,1,,,,,,,,,,,,,,,,,,,,V3,A,0,1790003578.1153,1790003578.1233928,626934,,4,9db77b60-9139-449d-85d9-53b2b8c3aecb,,,,,,,
5ca5afdf-fce4-4285-935a-f1090f4eda05,condition_prompt_end,1790003583.1493,2512.76,628195,6,6,,2,G08,A,focused,condition_prompt_end,0,,0.0,0.0,,,,,,,"{""client_event_id"":""5ca5afdf-fce4-4285-935a-f1090f4eda05"",""recorder_run_id"":""4f31ef37-4b28-414b-891c-fd15b33e84f7"",""client_id"":""cabcb684-47f5-4be9-90ff-5df78d11e560"",""client_timestamp"":1790003583.1494,""client_monotonic_ms"":2533356.400000006,""event_timestamp"":1790003583.1493,""clock_offset_sec"":-0.0019571781158447266,""clock_round_trip_ms"":7.300138473510742,""subject_id"":""sub-008"",""session_id"":""ses-001"",""block_id"":""Block 6"",""counterbalance_group"":""G08"",""block_order"":""Block 6"",""condition"":""A"",""condition_type"":""focused"",""topic_key"":""V3"",""topic_name"":""道德经主要讲的是什么"",""event_type"":""condition_prompt_end"",""iso_time"":""2026-09-21T15:13:03.149Z"",""relative_ms"":5108,""video_time_sec"":0}",4f31ef37-4b28-414b-891c-fd15b33e84f7,sub-008,ses-001,5ca5afdf-fce4-4285-935a-f1090f4eda05,cabcb684-47f5-4be9-90ff-5df78d11e560,1790003583.1853929,1790003583.1494,2533356.400000006,cabcb684-47f5-4be9-90ff-5df78d11e560,browser_calibrated,-0.0019571781158447266,7.300138473510742,628190,628190,0,5.092859268188477,host_receive_nearest,verified,1,0,,,,,,,,,1,,,,,,,,,,,,,,,,,,,,V3,A,0,1790003583.1494,1790003583.1853929,628190,,,,,,,,,,
a114b759-8936-49dc-ac90-8fa44c21492b,video_start,1790003583.1493,2512.76,628210,6,6,,2,G08,A,focused,video_start,V3,,0.0,0.0,,,,,,,,4f31ef37-4b28-414b-891c-fd15b33e84f7,sub-008,ses-001,a114b759-8936-49dc-ac90-8fa44c21492b,cabcb684-47f5-4be9-90ff-5df78d11e560,1790003583.2323928,1790003583.1703,2533377.400000006,cabcb684-47f5-4be9-90ff-5df78d11e560,browser_calibrated,-0.0019571781158447266,7.300138473510742,628190,628190,0,5.092859268188477,host_receive_nearest,verified,1,1,,,,,,,,,1,,,,,,,,,,,,,,,,,,,,V3,A,0,1790003583.1703,1790003583.2323928,628190,,,,,,,,,,
a114b759-8936-49dc-ac90-8fa44c21492b,video_play,1790003583.1493,2512.76,628210,6,6,,2,G08,A,focused,video_play,0,,0.0,0.0,,,,,,,"{""client_event_id"":""a114b759-8936-49dc-ac90-8fa44c21492b"",""recorder_run_id"":""4f31ef37-4b28-414b-891c-fd15b33e84f7"",""client_id"":""cabcb684-47f5-4be9-90ff-5df78d11e560"",""client_timestamp"":1790003583.1703,""client_monotonic_ms"":2533377.400000006,""event_timestamp"":1790003583.1493,""clock_offset_sec"":-0.0019571781158447266,""clock_round_trip_ms"":7.300138473510742,""subject_id"":""sub-008"",""session_id"":""ses-001"",""block_id"":""Block 6"",""counterbalance_group"":""G08"",""block_order"":""Block 6"",""condition"":""A"",""condition_type"":""focused"",""topic_key"":""V3"",""topic_name"":""道德经主要讲的是什么"",""event_type"":""video_play"",""iso_time"":""2026-09-21T15:13:03.170Z"",""relative_ms"":5129,""video_time_sec"":0}",4f31ef37-4b28-414b-891c-fd15b33e84f7,sub-008,ses-001,a114b759-8936-49dc-ac90-8fa44c21492b,cabcb684-47f5-4be9-90ff-5df78d11e560,1790003583.2323928,1790003583.1703,2533377.400000006,cabcb684-47f5-4be9-90ff-5df78d11e560,browser_calibrated,-0.0019571781158447266,7.300138473510742,628190,628190,0,5.092859268188477,host_receive_nearest,verified,1,1,,,,,,,,,1,,,,,,,,,,,,,,,,,,,,V3,A,0,1790003583.1703,1790003583.2323928,628190,,,,,,,,,,
c1d3e1ff-383c-4511-99bf-be4f133482f8,probe_onset,1790003650.941243,2580.556,645140,6,6,,2,G08,A,focused,probe_onset,Block 6_1_9db77b60,,0.0,0.0,,,,,,,"{""client_event_id"":""c1d3e1ff-383c-4511-99bf-be4f133482f8"",""recorder_run_id"":""4f31ef37-4b28-414b-891c-fd15b33e84f7"",""client_id"":""cabcb684-47f5-4be9-90ff-5df78d11e560"",""client_timestamp"":1790003650.9528,""client_monotonic_ms"":2601159.799999982,""event_timestamp"":1790003650.941243,""clock_offset_sec"":-0.01155710220336914,""clock_round_trip_ms"":7.100105285644531,""subject_id"":""sub-008"",""session_id"":""ses-001"",""block_id"":""Block 6"",""counterbalance_group"":""G08"",""block_order"":""Block 6"",""condition"":""A"",""condition_type"":""focused"",""topic_key"":""V3"",""topic_name"":""道德经主要讲的是什么"",""event_type"":""probe_onset"",""iso_time"":""2026-09-21T15:14:10.952Z"",""relative_ms"":72912,""video_time_sec"":67.752,""probe_id"":""Block 6_1_9db77b60"",""probe_index"":1,""probe_schedule_id"":""9db77b60-9139-449d-85d9-53b2b8c3aecb"",""probe_planned_time_sec"":67.499,""video_id"":""V3"",""pause_reason"":""thought_probe"",""forced"":false}",4f31ef37-4b28-414b-891c-fd15b33e84f7,sub-008,ses-001,c1d3e1ff-383c-4511-99bf-be4f133482f8,cabcb684-47f5-4be9-90ff-5df78d11e560,1790003650.951393,1790003650.9528,2601159.799999982,cabcb684-47f5-4be9-90ff-5df78d11e560,browser_calibrated,-0.01155710220336914,7.100105285644531,645139,645139,0,-20.850181579589844,host_receive_nearest,verified,1,1,,,,,,,,,1,,,,,,,,,,,,,,,,,,,,V3,A,67.752,1790003650.9528,1790003650.951393,645139,Block 6_1_9db77b60,1,9db77b60-9139-449d-85d9-53b2b8c3aecb,67.499,,,,,,thought_probe
b4e2c553-d585-48a6-a4a3-033343fcf172,attention_response,1790003653.266243,2582.876,645725,6,6,,2,G08,A,focused,attention_response,1,,0.0,0.0,,,,,,,"{""client_event_id"":""b4e2c553-d585-48a6-a4a3-033343fcf172"",""recorder_run_id"":""4f31ef37-4b28-414b-891c-fd15b33e84f7"",""client_id"":""cabcb684-47f5-4be9-90ff-5df78d11e560"",""client_timestamp"":1790003653.2778,""client_monotonic_ms"":2603485,""event_timestamp"":1790003653.266243,""clock_offset_sec"":-0.01155710220336914,""clock_round_trip_ms"":7.100105285644531,""subject_id"":""sub-008"",""session_id"":""ses-001"",""block_id"":""Block 6"",""counterbalance_group"":""G08"",""block_order"":""Block 6"",""condition"":""A"",""condition_type"":""focused"",""topic_key"":""V3"",""topic_name"":""道德经主要讲的是什么"",""event_type"":""attention_response"",""iso_time"":""2026-09-21T15:14:13.277Z"",""relative_ms"":75237,""video_time_sec"":67.752,""probe_id"":""Block 6_1_9db77b60"",""probe_index"":1,""probe_schedule_id"":""9db77b60-9139-449d-85d9-53b2b8c3aecb"",""probe_planned_time_sec"":67.499,""video_id"":""V3"",""response"":1,""response_label"":""课程内容"",""probe_attention"":""ON"",""response_time_ms"":2325}",4f31ef37-4b28-414b-891c-fd15b33e84f7,sub-008,ses-001,b4e2c553-d585-48a6-a4a3-033343fcf172,cabcb684-47f5-4be9-90ff-5df78d11e560,1790003653.279393,1790003653.2778,2603485,cabcb684-47f5-4be9-90ff-5df78d11e560,browser_calibrated,-0.01155710220336914,7.100105285644531,645719,645719,0,-1.850128173828125,host_receive_nearest,verified,1,1,,,,,,,,,1,,,,,,,,,,,,,,,,,,,,V3,A,67.752,1790003653.2778,1790003653.3103929,645719,Block 6_1_9db77b60,1,9db77b60-9139-449d-85d9-53b2b8c3aecb,67.499,1,课程内容,2325,,ON,
5075605c-8fa0-4157-ab32-c56849ee7536,confidence_response,1790003654.536443,2584.156,646040,6,6,,2,G08,A,focused,confidence_response,3,,0.0,0.0,,,,,,,"{""client_event_id"":""5075605c-8fa0-4157-ab32-c56849ee7536"",""recorder_run_id"":""4f31ef37-4b28-414b-891c-fd15b33e84f7"",""client_id"":""cabcb684-47f5-4be9-90ff-5df78d11e560"",""client_timestamp"":1790003654.548,""client_monotonic_ms"":2604755,""event_timestamp"":1790003654.536443,""clock_offset_sec"":-0.01155710220336914,""clock_round_trip_ms"":7.100105285644531,""subject_id"":""sub-008"",""session_id"":""ses-001"",""block_id"":""Block 6"",""counterbalance_group"":""G08"",""block_order"":""Block 6"",""condition"":""A"",""condition_type"":""focused"",""topic_key"":""V3"",""topic_name"":""道德经主要讲的是什么"",""event_type"":""confidence_response"",""iso_time"":""2026-09-21T15:14:14.548Z"",""relative_ms"":76507,""video_time_sec"":67.752,""probe_id"":""Block 6_1_9db77b60"",""probe_index"":1,""probe_schedule_id"":""9db77b60-9139-449d-85d9-53b2b8c3aecb"",""probe_planned_time_sec"":67.499,""video_id"":""V3"",""response"":1,""confidence"":3,""response_time_ms"":1270}",4f31ef37-4b28-414b-891c-fd15b33e84f7,sub-008,ses-001,5075605c-8fa0-4157-ab32-c56849ee7536,cabcb684-47f5-4be9-90ff-5df78d11e560,1790003654.5453928,1790003654.548,2604755,cabcb684-47f5-4be9-90ff-5df78d11e560,browser_calibrated,-0.01155710220336914,7.100105285644531,646039,646039,0,-7.050037384033203,host_receive_nearest,verified,1,1,,,,,,,,,1,,,,,,,,,,,,,,,,,,,,V3,A,67.752,1790003654.548,1790003654.5603929,646039,Block 6_1_9db77b60,1,9db77b60-9139-449d-85d9-53b2b8c3aecb,67.499,,,1270,3,,
7dc8bc3b-16cf-48b3-9e1a-0a0faa598da8,phase_change,1790003654.5593429,2584.16,646055,6,6,,2,G08,A,focused,phase_change,video,,0.0,0.0,,,,,,,,4f31ef37-4b28-414b-891c-fd15b33e84f7,sub-008,ses-001,7dc8bc3b-16cf-48b3-9e1a-0a0faa598da8,cabcb684-47f5-4be9-90ff-5df78d11e560,1790003654.6073928,1790003654.5709,2604777.900000006,cabcb684-47f5-4be9-90ff-5df78d11e560,browser_calibrated,-0.01155710220336914,7.100105285644531,646040,646040,0,1.0499954223632812,host_receive_nearest,verified,1,1,,,,,,,,,1,,,,,,,,,,,,,,,,,,,,V3,A,67.802,1790003654.5709,1790003654.6073928,646040,,,,,,,,,,
7dc8bc3b-16cf-48b3-9e1a-0a0faa598da8,video_resume,1790003654.5593429,2584.16,646055,6,6,,2,G08,A,focused,video_resume,67.802,,0.0,0.0,,,,,,,"{""client_event_id"":""7dc8bc3b-16cf-48b3-9e1a-0a0faa598da8"",""recorder_run_id"":""4f31ef37-4b28-414b-891c-fd15b33e84f7"",""client_id"":""cabcb684-47f5-4be9-90ff-5df78d11e560"",""client_timestamp"":1790003654.5709,""client_monotonic_ms"":2604777.900000006,""event_timestamp"":1790003654.5593429,""clock_offset_sec"":-0.01155710220336914,""clock_round_trip_ms"":7.100105285644531,""subject_id"":""sub-008"",""session_id"":""ses-001"",""block_id"":""Block 6"",""counterbalance_group"":""G08"",""block_order"":""Block 6"",""condition"":""A"",""condition_type"":""focused"",""topic_key"":""V3"",""topic_name"":""道德经主要讲的是什么"",""event_type"":""video_resume"",""iso_time"":""2026-09-21T15:14:14.570Z"",""relative_ms"":76530,""video_time_sec"":67.802,""probe_id"":""Block 6_1_9db77b60"",""probe_index"":1,""probe_schedule_id"":""9db77b60-9139-449d-85d9-53b2b8c3aecb"",""probe_planned_time_sec"":67.499,""video_id"":""V3"",""pause_reason"":""thought_probe"",""resume_status"":""playing""}",4f31ef37-4b28-414b-891c-fd15b33e84f7,sub-008,ses-001,7dc8bc3b-16cf-48b3-9e1a-0a0faa598da8,cabcb684-47f5-4be9-90ff-5df78d11e560,1790003654.6073928,1790003654.5709,2604777.900000006,cabcb684-47f5-4be9-90ff-5df78d11e560,browser_calibrated,-0.01155710220336914,7.100105285644531,646040,646040,0,1.0499954223632812,host_receive_nearest,verified,1,1,,,,,,,,,1,,,,,,,,,,,,,,,,,,,,V3,A,67.802,1790003654.5709,1790003654.6073928,646040,Block 6_1_9db77b60,,,,,,,,,thought_probe
f1de7df3-0379-4a1e-85d2-f6b692e8ae10,probe_onset,1790003711.741793,2641.296,660325,6,6,,2,G08,A,focused,probe_onset,Block 6_2_9db77b60,,0.0,0.0,,,,,,,"{""client_event_id"":""f1de7df3-0379-4a1e-85d2-f6b692e8ae10"",""recorder_run_id"":""4f31ef37-4b28-414b-891c-fd15b33e84f7"",""client_id"":""cabcb684-47f5-4be9-90ff-5df78d11e560"",""client_timestamp"":1790003711.7546,""client_monotonic_ms"":2661961.599999994,""event_timestamp"":1790003711.741793,""clock_offset_sec"":-0.012807130813598633,""clock_round_trip_ms"":6.999969482421875,""subject_id"":""sub-008"",""session_id"":""ses-001"",""block_id"":""Block 6"",""counterbalance_group"":""G08"",""block_order"":""Block 6"",""condition"":""A"",""condition_type"":""focused"",""topic_key"":""V3"",""topic_name"":""道德经主要讲的是什么"",""event_type"":""probe_onset"",""iso_time"":""2026-09-21T15:15:11.754Z"",""relative_ms"":133714,""video_time_sec"":124.936,""probe_id"":""Block 6_2_9db77b60"",""probe_index"":2,""probe_schedule_id"":""9db77b60-9139-449d-85d9-53b2b8c3aecb"",""probe_planned_time_sec"":124.682,""video_id"":""V3"",""pause_reason"":""thought_probe"",""forced"":false}",4f31ef37-4b28-414b-891c-fd15b33e84f7,sub-008,ses-001,f1de7df3-0379-4a1e-85d2-f6b692e8ae10,cabcb684-47f5-4be9-90ff-5df78d11e560,1790003711.7483928,1790003711.7546,2661961.599999994,cabcb684-47f5-4be9-90ff-5df78d11e560,browser_calibrated,-0.012807130813598633,6.999969482421875,660324,660324,0,-40.400028228759766,host_receive_nearest,verified,1,1,,,,,,,,,1,,,,,,,,,,,,,,,,,,,,V3,A,124.936,1790003711.7546,1790003711.7483928,660324,Block 6_2_9db77b60,2,9db77b60-9139-449d-85d9-53b2b8c3aecb,124.682,,,,,,thought_probe
cdcf9a5e-4cca-44ec-80f9-fb5f1800184e,attention_response,1790003715.270793,2644.88,661230,6,6,,2,G08,A,focused,attention_response,4,,0.0,0.0,,,,,,,"{""client_event_id"":""cdcf9a5e-4cca-44ec-80f9-fb5f1800184e"",""recorder_run_id"":""4f31ef37-4b28-414b-891c-fd15b33e84f7"",""client_id"":""cabcb684-47f5-4be9-90ff-5df78d11e560"",""client_timestamp"":1790003715.2836,""client_monotonic_ms"":2665490.699999988,""event_timestamp"":1790003715.270793,""clock_offset_sec"":-0.012807130813598633,""clock_round_trip_ms"":6.999969482421875,""subject_id"":""sub-008"",""session_id"":""ses-001"",""block_id"":""Block 6"",""counterbalance_group"":""G08"",""block_order"":""Block 6"",""condition"":""A"",""condition_type"":""focused"",""topic_key"":""V3"",""topic_name"":""道德经主要讲的是什么"",""event_type"":""attention_response"",""iso_time"":""2026-09-21T15:15:15.283Z"",""relative_ms"":137243,""video_time_sec"":124.936,""probe_id"":""Block 6_2_9db77b60"",""probe_index"":2,""probe_schedule_id"":""9db77b60-9139-449d-85d9-53b2b8c3aecb"",""probe_planned_time_sec"":124.682,""video_id"":""V3"",""response"":4,""response_label"":""放空/不确定刚才在想什么"",""probe_attention"":""AMBIGUOUS"",""response_time_ms"":3530}",4f31ef37-4b28-414b-891c-fd15b33e84f7,sub-008,ses-001,cdcf9a5e-4cca-44ec-80f9-fb5f1800184e,cabcb684-47f5-4be9-90ff-5df78d11e560,1790003715.279393,1790003715.2836,2665490.699999988,cabcb684-47f5-4be9-90ff-5df78d11e560,browser_calibrated,-0.012807130813598633,6.999969482421875,661220,661220,0,8.599996566772461,host_receive_nearest,verified,1,1,,,,,,,,,1,,,,,,,,,,,,,,,,,,,,V3,A,124.936,1790003715.2836,1790003715.2953928,661220,Block 6_2_9db77b60,2,9db77b60-9139-449d-85d9-53b2b8c3aecb,124.682,4,放空/不确定刚才在想什么,3530,,AMBIGUOUS,
8f6ed569-dc4a-46bf-9ca0-a13d09b05c82,confidence_response,1790003716.1626928,2645.776,661445,6,6,,2,G08,A,focused,confidence_response,3,,0.0,0.0,,,,,,,"{""client_event_id"":""8f6ed569-dc4a-46bf-9ca0-a13d09b05c82"",""recorder_run_id"":""4f31ef37-4b28-414b-891c-fd15b33e84f7"",""client_id"":""cabcb684-47f5-4be9-90ff-5df78d11e560"",""client_timestamp"":1790003716.1755,""client_monotonic_ms"":2666382.5,""event_timestamp"":1790003716.1626928,""clock_offset_sec"":-0.012807130813598633,""clock_round_trip_ms"":6.999969482421875,""subject_id"":""sub-008"",""session_id"":""ses-001"",""block_id"":""Block 6"",""counterbalance_group"":""G08"",""block_order"":""Block 6"",""condition"":""A"",""condition_type"":""focused"",""topic_key"":""V3"",""topic_name"":""道德经主要讲的是什么"",""event_type"":""confidence_response"",""iso_time"":""2026-09-21T15:15:16.175Z"",""relative_ms"":138134,""video_time_sec"":124.936,""probe_id"":""Block 6_2_9db77b60"",""probe_index"":2,""probe_schedule_id"":""9db77b60-9139-449d-85d9-53b2b8c3aecb"",""probe_planned_time_sec"":124.682,""video_id"":""V3"",""response"":4,""confidence"":3,""response_time_ms"":892}",4f31ef37-4b28-414b-891c-fd15b33e84f7,sub-008,ses-001,8f6ed569-dc4a-46bf-9ca0-a13d09b05c82,cabcb684-47f5-4be9-90ff-5df78d11e560,1790003716.1703928,1790003716.1755,2666382.5,cabcb684-47f5-4be9-90ff-5df78d11e560,browser_calibrated,-0.012807130813598633,6.999969482421875,661444,661444,0,-8.299827575683594,host_receive_nearest,verified,1,1,,,,,,,,,1,,,,,,,,,,,,,,,,,,,,V3,A,124.936,1790003716.1755,1790003716.1853929,661444,Block 6_2_9db77b60,2,9db77b60-9139-449d-85d9-53b2b8c3aecb,124.682,,,892,3,,
dd358ca4-d691-4f06-b068-b78f08f23ac2,phase_change,1790003716.1820927,2645.78,661460,6,6,,2,G08,A,focused,phase_change,video,,0.0,0.0,,,,,,,,4f31ef37-4b28-414b-891c-fd15b33e84f7,sub-008,ses-001,dd358ca4-d691-4f06-b068-b78f08f23ac2,cabcb684-47f5-4be9-90ff-5df78d11e560,1790003716.2323928,1790003716.1948998,2666402,cabcb684-47f5-4be9-90ff-5df78d11e560,browser_calibrated,-0.012807130813598633,6.999969482421875,661445,661445,0,3.300189971923828,host_receive_nearest,verified,1,1,,,,,,,,,1,,,,,,,,,,,,,,,,,,,,V3,A,125.007,1790003716.1948998,1790003716.2323928,661445,,,,,,,,,,
dd358ca4-d691-4f06-b068-b78f08f23ac2,video_resume,1790003716.1820927,2645.78,661460,6,6,,2,G08,A,focused,video_resume,125.007,,0.0,0.0,,,,,,,"{""client_event_id"":""dd358ca4-d691-4f06-b068-b78f08f23ac2"",""recorder_run_id"":""4f31ef37-4b28-414b-891c-fd15b33e84f7"",""client_id"":""cabcb684-47f5-4be9-90ff-5df78d11e560"",""client_timestamp"":1790003716.1948998,""client_monotonic_ms"":2666402,""event_timestamp"":1790003716.1820927,""clock_offset_sec"":-0.012807130813598633,""clock_round_trip_ms"":6.999969482421875,""subject_id"":""sub-008"",""session_id"":""ses-001"",""block_id"":""Block 6"",""counterbalance_group"":""G08"",""block_order"":""Block 6"",""condition"":""A"",""condition_type"":""focused"",""topic_key"":""V3"",""topic_name"":""道德经主要讲的是什么"",""event_type"":""video_resume"",""iso_time"":""2026-09-21T15:15:16.195Z"",""relative_ms"":138154,""video_time_sec"":125.007,""probe_id"":""Block 6_2_9db77b60"",""probe_index"":2,""probe_schedule_id"":""9db77b60-9139-449d-85d9-53b2b8c3aecb"",""probe_planned_time_sec"":124.682,""video_id"":""V3"",""pause_reason"":""thought_probe"",""resume_status"":""playing""}",4f31ef37-4b28-414b-891c-fd15b33e84f7,sub-008,ses-001,dd358ca4-d691-4f06-b068-b78f08f23ac2,cabcb684-47f5-4be9-90ff-5df78d11e560,1790003716.2323928,1790003716.1948998,2666402,cabcb684-47f5-4be9-90ff-5df78d11e560,browser_calibrated,-0.012807130813598633,6.999969482421875,661445,661445,0,3.300189971923828,host_receive_nearest,verified,1,1,,,,,,,,,1,,,,,,,,,,,,,,,,,,,,V3,A,125.007,1790003716.1948998,1790003716.2323928,661445,Block 6_2_9db77b60,,,,,,,,,thought_probe
242f8688-62dd-4aef-9feb-73731c61b988,probe_onset,1790003769.129643,2698.732,674684,6,6,,2,G08,A,focused,probe_onset,Block 6_3_9db77b60,,0.0,0.0,,,,,,,"{""client_event_id"":""242f8688-62dd-4aef-9feb-73731c61b988"",""recorder_run_id"":""4f31ef37-4b28-414b-891c-fd15b33e84f7"",""client_id"":""cabcb684-47f5-4be9-90ff-5df78d11e560"",""client_timestamp"":1790003769.1445,""client_monotonic_ms"":2719351.5,""event_timestamp"":1790003769.129643,""clock_offset_sec"":-0.014857053756713867,""clock_round_trip_ms"":7.100105285644531,""subject_id"":""sub-008"",""session_id"":""ses-001"",""block_id"":""Block 6"",""counterbalance_group"":""G08"",""block_order"":""Block 6"",""condition"":""A"",""condition_type"":""focused"",""topic_key"":""V3"",""topic_name"":""道德经主要讲的是什么"",""event_type"":""probe_onset"",""iso_time"":""2026-09-21T15:16:09.144Z"",""relative_ms"":191103,""video_time_sec"":177.898,""probe_id"":""Block 6_3_9db77b60"",""probe_index"":3,""probe_schedule_id"":""9db77b60-9139-449d-85d9-53b2b8c3aecb"",""probe_planned_time_sec"":177.66,""video_id"":""V3"",""pause_reason"":""thought_probe"",""forced"":false}",4f31ef37-4b28-414b-891c-fd15b33e84f7,sub-008,ses-001,242f8688-62dd-4aef-9feb-73731c61b988,cabcb684-47f5-4be9-90ff-5df78d11e560,1790003769.1393929,1790003769.1445,2719351.5,cabcb684-47f5-4be9-90ff-5df78d11e560,browser_calibrated,-0.014857053756713867,7.100105285644531,674683,674683,0,-37.25004196166992,host_receive_nearest,verified,1,1,,,,,,,,,1,,,,,,,,,,,,,,,,,,,,V3,A,177.898,1790003769.1445,1790003769.1393929,674683,Block 6_3_9db77b60,3,9db77b60-9139-449d-85d9-53b2b8c3aecb,177.66,,,,,,thought_probe
7bdbecc4-409d-419e-8720-e53908bb914c,attention_response,1790003770.8297431,2700.412,675104,6,6,,2,G08,A,focused,attention_response,1,,0.0,0.0,,,,,,,"{""client_event_id"":""7bdbecc4-409d-419e-8720-e53908bb914c"",""recorder_run_id"":""4f31ef37-4b28-414b-891c-fd15b33e84f7"",""client_id"":""cabcb684-47f5-4be9-90ff-5df78d11e560"",""client_timestamp"":1790003770.8446002,""client_monotonic_ms"":2721051.599999994,""event_timestamp"":1790003770.8297431,""clock_offset_sec"":-0.014857053756713867,""clock_round_trip_ms"":7.100105285644531,""subject_id"":""sub-008"",""session_id"":""ses-001"",""block_id"":""Block 6"",""counterbalance_group"":""G08"",""block_order"":""Block 6"",""condition"":""A"",""condition_type"":""focused"",""topic_key"":""V3"",""topic_name"":""道德经主要讲的是什么"",""event_type"":""attention_response"",""iso_time"":""2026-09-21T15:16:10.844Z"",""relative_ms"":192803,""video_time_sec"":177.898,""probe_id"":""Block 6_3_9db77b60"",""probe_index"":3,""probe_schedule_id"":""9db77b60-9139-449d-85d9-53b2b8c3aecb"",""probe_planned_time_sec"":177.66,""video_id"":""V3"",""response"":1,""response_label"":""课程内容"",""probe_attention"":""ON"",""response_time_ms"":1701}",4f31ef37-4b28-414b-891c-fd15b33e84f7,sub-008,ses-001,7bdbecc4-409d-419e-8720-e53908bb914c,cabcb684-47f5-4be9-90ff-5df78d11e560,1790003770.842393,1790003770.8446002,2721051.599999994,cabcb684-47f5-4be9-90ff-5df78d11e560,browser_calibrated,-0.014857053756713867,7.100105285644531,675103,675103,0,-50.350189208984375,host_receive_nearest,verified,1,1,,,,,,,,,1,,,,,,,,,,,,,,,,,,,,V3,A,177.898,1790003770.8446002,1790003770.8573928,675103,Block 6_3_9db77b60,3,9db77b60-9139-449d-85d9-53b2b8c3aecb,177.66,1,课程内容,1701,,ON,
005033eb-140b-43a8-80dd-11582299b09f,confidence_response,1790003772.0810428,2701.692,675424,6,6,,2,G08,A,focused,confidence_response,4,,0.0,0.0,,,,,,,"{""client_event_id"":""005033eb-140b-43a8-80dd-11582299b09f"",""recorder_run_id"":""4f31ef37-4b28-414b-891c-fd15b33e84f7"",""client_id"":""cabcb684-47f5-4be9-90ff-5df78d11e560"",""client_timestamp"":1790003772.0958998,""client_monotonic_ms"":2722303,""event_timestamp"":1790003772.0810428,""clock_offset_sec"":-0.014857053756713867,""clock_round_trip_ms"":7.100105285644531,""subject_id"":""sub-008"",""session_id"":""ses-001"",""block_id"":""Block 6"",""counterbalance_group"":""G08"",""block_order"":""Block 6"",""condition"":""A"",""condition_type"":""focused"",""topic_key"":""V3"",""topic_name"":""道德经主要讲的是什么"",""event_type"":""confidence_response"",""iso_time"":""2026-09-21T15:16:12.096Z"",""relative_ms"":194055,""video_time_sec"":177.898,""probe_id"":""Block 6_3_9db77b60"",""probe_index"":3,""probe_schedule_id"":""9db77b60-9139-449d-85d9-53b2b8c3aecb"",""probe_planned_time_sec"":177.66,""video_id"":""V3"",""response"":1,""confidence"":4,""response_time_ms"":1251}",4f31ef37-4b28-414b-891c-fd15b33e84f7,sub-008,ses-001,005033eb-140b-43a8-80dd-11582299b09f,cabcb684-47f5-4be9-90ff-5df78d11e560,1790003772.092393,1790003772.0958998,2722303,cabcb684-47f5-4be9-90ff-5df78d11e560,browser_calibrated,-0.014857053756713867,7.100105285644531,675423,675423,0,-20.64990997314453,host_receive_nearest,verified,1,1,,,,,,,,,1,,,,,,,,,,,,,,,,,,,,V3,A,177.898,1790003772.0958998,1790003772.1073928,675423,Block 6_3_9db77b60,3,9db77b60-9139-449d-85d9-53b2b8c3aecb,177.66,,,1251,4,,
cbb439a5-0268-411f-b8b4-59884f298bd5,phase_change,1790003772.1053429,2701.696,675449,6,6,,2,G08,A,focused,phase_change,video,,0.0,0.0,,,,,,,,4f31ef37-4b28-414b-891c-fd15b33e84f7,sub-008,ses-001,cbb439a5-0268-411f-b8b4-59884f298bd5,cabcb684-47f5-4be9-90ff-5df78d11e560,1790003772.1703928,1790003772.1202,2722327.199999988,cabcb684-47f5-4be9-90ff-5df78d11e560,browser_calibrated,-0.014857053756713867,7.100105285644531,675424,675424,0,2.0499229431152344,host_receive_nearest,verified,1,1,,,,,,,,,1,,,,,,,,,,,,,,,,,,,,V3,A,177.977,1790003772.1202,1790003772.1703928,675424,,,,,,,,,,
cbb439a5-0268-411f-b8b4-59884f298bd5,video_resume,1790003772.1053429,2701.696,675449,6,6,,2,G08,A,focused,video_resume,177.977,,0.0,0.0,,,,,,,"{""client_event_id"":""cbb439a5-0268-411f-b8b4-59884f298bd5"",""recorder_run_id"":""4f31ef37-4b28-414b-891c-fd15b33e84f7"",""client_id"":""cabcb684-47f5-4be9-90ff-5df78d11e560"",""client_timestamp"":1790003772.1202,""client_monotonic_ms"":2722327.199999988,""event_timestamp"":1790003772.1053429,""clock_offset_sec"":-0.014857053756713867,""clock_round_trip_ms"":7.100105285644531,""subject_id"":""sub-008"",""session_id"":""ses-001"",""block_id"":""Block 6"",""counterbalance_group"":""G08"",""block_order"":""Block 6"",""condition"":""A"",""condition_type"":""focused"",""topic_key"":""V3"",""topic_name"":""道德经主要讲的是什么"",""event_type"":""video_resume"",""iso_time"":""2026-09-21T15:16:12.120Z"",""relative_ms"":194079,""video_time_sec"":177.977,""probe_id"":""Block 6_3_9db77b60"",""probe_index"":3,""probe_schedule_id"":""9db77b60-9139-449d-85d9-53b2b8c3aecb"",""probe_planned_time_sec"":177.66,""video_id"":""V3"",""pause_reason"":""thought_probe"",""resume_status"":""playing""}",4f31ef37-4b28-414b-891c-fd15b33e84f7,sub-008,ses-001,cbb439a5-0268-411f-b8b4-59884f298bd5,cabcb684-47f5-4be9-90ff-5df78d11e560,1790003772.1703928,1790003772.1202,2722327.199999988,cabcb684-47f5-4be9-90ff-5df78d11e560,browser_calibrated,-0.014857053756713867,7.100105285644531,675424,675424,0,2.0499229431152344,host_receive_nearest,verified,1,1,,,,,,,,,1,,,,,,,,,,,,,,,,,,,,V3,A,177.977,1790003772.1202,1790003772.1703928,675424,Block 6_3_9db77b60,,,,,,,,,thought_probe
11d92d63-da1a-4f7b-9aba-6b92e47e5162,probe_onset,1790003840.530093,2770.152,692539,6,6,,2,G08,A,focused,probe_onset,Block 6_4_9db77b60,,0.0,0.0,,,,,,,"{""client_event_id"":""11d92d63-da1a-4f7b-9aba-6b92e47e5162"",""recorder_run_id"":""4f31ef37-4b28-414b-891c-fd15b33e84f7"",""client_id"":""cabcb684-47f5-4be9-90ff-5df78d11e560"",""client_timestamp"":1790003840.5441,""client_monotonic_ms"":2790751.099999994,""event_timestamp"":1790003840.530093,""clock_offset_sec"":-0.014007091522216797,""clock_round_trip_ms"":7.599830627441406,""subject_id"":""sub-008"",""session_id"":""ses-001"",""block_id"":""Block 6"",""counterbalance_group"":""G08"",""block_order"":""Block 6"",""condition"":""A"",""condition_type"":""focused"",""topic_key"":""V3"",""topic_name"":""道德经主要讲的是什么"",""event_type"":""probe_onset"",""iso_time"":""2026-09-21T15:17:20.544Z"",""relative_ms"":262503,""video_time_sec"":246.351,""probe_id"":""Block 6_4_9db77b60"",""probe_index"":4,""probe_schedule_id"":""9db77b60-9139-449d-85d9-53b2b8c3aecb"",""probe_planned_time_sec"":246.279,""video_id"":""V3"",""pause_reason"":""thought_probe"",""forced"":false}",4f31ef37-4b28-414b-891c-fd15b33e84f7,sub-008,ses-001,11d92d63-da1a-4f7b-9aba-6b92e47e5162,cabcb684-47f5-4be9-90ff-5df78d11e560,1790003840.5453928,1790003840.5441,2790751.099999994,cabcb684-47f5-4be9-90ff-5df78d11e560,browser_calibrated,-0.014007091522216797,7.599830627441406,692538,692538,0,-0.6999969482421875,host_receive_nearest,verified,1,1,,,,,,,,,1,,,,,,,,,,,,,,,,,,,,V3,A,246.351,1790003840.5441,1790003840.5453928,692538,Block 6_4_9db77b60,4,9db77b60-9139-449d-85d9-53b2b8c3aecb,246.279,,,,,,thought_probe
b6624957-97fa-4f93-be97-ea69433766c3,attention_response,1790003842.877593,2772.492,693124,6,6,,2,G08,A,focused,attention_response,1,,0.0,0.0,,,,,,,"{""client_event_id"":""b6624957-97fa-4f93-be97-ea69433766c3"",""recorder_run_id"":""4f31ef37-4b28-414b-891c-fd15b33e84f7"",""client_id"":""cabcb684-47f5-4be9-90ff-5df78d11e560"",""client_timestamp"":1790003842.8916001,""client_monotonic_ms"":2793098.699999988,""event_timestamp"":1790003842.877593,""clock_offset_sec"":-0.014007091522216797,""clock_round_trip_ms"":7.599830627441406,""subject_id"":""sub-008"",""session_id"":""ses-001"",""block_id"":""Block 6"",""counterbalance_group"":""G08"",""block_order"":""Block 6"",""condition"":""A"",""condition_type"":""focused"",""topic_key"":""V3"",""topic_name"":""道德经主要讲的是什么"",""event_type"":""attention_response"",""iso_time"":""2026-09-21T15:17:22.891Z"",""relative_ms"":264851,""video_time_sec"":246.351,""probe_id"":""Block 6_4_9db77b60"",""probe_index"":4,""probe_schedule_id"":""9db77b60-9139-449d-85d9-53b2b8c3aecb"",""probe_planned_time_sec"":246.279,""video_id"":""V3"",""response"":1,""response_label"":""课程内容"",""probe_attention"":""ON"",""response_time_ms"":2348}",4f31ef37-4b28-414b-891c-fd15b33e84f7,sub-008,ses-001,b6624957-97fa-4f93-be97-ea69433766c3,cabcb684-47f5-4be9-90ff-5df78d11e560,1790003842.8893929,1790003842.8916001,2793098.699999988,cabcb684-47f5-4be9-90ff-5df78d11e560,browser_calibrated,-0.014007091522216797,7.599830627441406,693123,693123,0,-4.200220108032227,host_receive_nearest,verified,1,1,,,,,,,,,1,,,,,,,,,,,,,,,,,,,,V3,A,246.351,1790003842.8916001,1790003842.904393,693123,Block 6_4_9db77b60,4,9db77b60-9139-449d-85d9-53b2b8c3aecb,246.279,1,课程内容,2348,,ON,
b4f96b6a-f9bc-42a9-af78-6906ee53470a,confidence_response,1790003845.842193,2775.436,693869,6,6,,2,G08,A,focused,confidence_response,4,,0.0,0.0,,,,,,,"{""client_event_id"":""b4f96b6a-f9bc-42a9-af78-6906ee53470a"",""recorder_run_id"":""4f31ef37-4b28-414b-891c-fd15b33e84f7"",""client_id"":""cabcb684-47f5-4be9-90ff-5df78d11e560"",""client_timestamp"":1790003845.8562,""client_monotonic_ms"":2796063.199999988,""event_timestamp"":1790003845.842193,""clock_offset_sec"":-0.014007091522216797,""clock_round_trip_ms"":7.599830627441406,""subject_id"":""sub-008"",""session_id"":""ses-001"",""block_id"":""Block 6"",""counterbalance_group"":""G08"",""block_order"":""Block 6"",""condition"":""A"",""condition_type"":""focused"",""topic_key"":""V3"",""topic_name"":""道德经主要讲的是什么"",""event_type"":""confidence_response"",""iso_time"":""2026-09-21T15:17:25.856Z"",""relative_ms"":267815,""video_time_sec"":246.351,""probe_id"":""Block 6_4_9db77b60"",""probe_index"":4,""probe_schedule_id"":""9db77b60-9139-449d-85d9-53b2b8c3aecb"",""probe_planned_time_sec"":246.279,""video_id"":""V3"",""response"":1,""confidence"":4,""response_time_ms"":2965}",4f31ef37-4b28-414b-891c-fd15b33e84f7,sub-008,ses-001,b4f96b6a-f9bc-42a9-af78-6906ee53470a,cabcb684-47f5-4be9-90ff-5df78d11e560,1790003845.8573928,1790003845.8562,2796063.199999988,cabcb684-47f5-4be9-90ff-5df78d11e560,browser_calibrated,-0.014007091522216797,7.599830627441406,693859,693859,0,0.20003318786621094,host_receive_nearest,verified,1,1,,,,,,,,,1,,,,,,,,,,,,,,,,,,,,V3,A,246.351,1790003845.8562,1790003845.8573928,693859,Block 6_4_9db77b60,4,9db77b60-9139-449d-85d9-53b2b8c3aecb,246.279,,,2965,4,,
5feba848-9fca-4b48-b4c2-cc2053507e61,phase_change,1790003845.8624928,2775.476,693884,6,6,,2,G08,A,focused,phase_change,video,,0.0,0.0,,,,,,,,4f31ef37-4b28-414b-891c-fd15b33e84f7,sub-008,ses-001,5feba848-9fca-4b48-b4c2-cc2053507e61,cabcb684-47f5-4be9-90ff-5df78d11e560,1790003845.9203928,1790003845.8765,2796083.5,cabcb684-47f5-4be9-90ff-5df78d11e560,browser_calibrated,-0.014007091522216797,7.599830627441406,693869,693869,0,10.900020599365234,host_receive_nearest,verified,1,1,,,,,,,,,1,,,,,,,,,,,,,,,,,,,,V3,A,246.414,1790003845.8765,1790003845.9203928,693869,,,,,,,,,,
5feba848-9fca-4b48-b4c2-cc2053507e61,video_resume,1790003845.8624928,2775.476,693884,6,6,,2,G08,A,focused,video_resume,246.414,,0.0,0.0,,,,,,,"{""client_event_id"":""5feba848-9fca-4b48-b4c2-cc2053507e61"",""recorder_run_id"":""4f31ef37-4b28-414b-891c-fd15b33e84f7"",""client_id"":""cabcb684-47f5-4be9-90ff-5df78d11e560"",""client_timestamp"":1790003845.8765,""client_monotonic_ms"":2796083.5,""event_timestamp"":1790003845.8624928,""clock_offset_sec"":-0.014007091522216797,""clock_round_trip_ms"":7.599830627441406,""subject_id"":""sub-008"",""session_id"":""ses-001"",""block_id"":""Block 6"",""counterbalance_group"":""G08"",""block_order"":""Block 6"",""condition"":""A"",""condition_type"":""focused"",""topic_key"":""V3"",""topic_name"":""道德经主要讲的是什么"",""event_type"":""video_resume"",""iso_time"":""2026-09-21T15:17:25.876Z"",""relative_ms"":267835,""video_time_sec"":246.414,""probe_id"":""Block 6_4_9db77b60"",""probe_index"":4,""probe_schedule_id"":""9db77b60-9139-449d-85d9-53b2b8c3aecb"",""probe_planned_time_sec"":246.279,""video_id"":""V3"",""pause_reason"":""thought_probe"",""resume_status"":""playing""}",4f31ef37-4b28-414b-891c-fd15b33e84f7,sub-008,ses-001,5feba848-9fca-4b48-b4c2-cc2053507e61,cabcb684-47f5-4be9-90ff-5df78d11e560,1790003845.9203928,1790003845.8765,2796083.5,cabcb684-47f5-4be9-90ff-5df78d11e560,browser_calibrated,-0.014007091522216797,7.599830627441406,693869,693869,0,10.900020599365234,host_receive_nearest,verified,1,1,,,,,,,,,1,,,,,,,,,,,,,,,,,,,,V3,A,246.414,1790003845.8765,1790003845.9203928,693869,Block 6_4_9db77b60,,,,,,,,,thought_probe
b826db1c-ffbb-4fe0-8020-0d3466c3691d,video_end,1790003925.7400925,2855.348,713838,6,6,,2,G08,A,focused,video_end,V3,,0.0,0.0,,,,,,,,4f31ef37-4b28-414b-891c-fd15b33e84f7,sub-008,ses-001,b826db1c-ffbb-4fe0-8020-0d3466c3691d,cabcb684-47f5-4be9-90ff-5df78d11e560,1790003925.7643929,1790003925.7559,2875963,cabcb684-47f5-4be9-90ff-5df78d11e560,browser_calibrated,-0.015807390213012695,7.200002670288086,713837,713837,0,-7.699728012084961,host_receive_nearest,verified,1,1,,,,,,,,,1,,,,,,,,,,,,,,,,,,,,V3,A,326.241,1790003925.7559,1790003925.7643929,713837,,,,,,,,,,
b826db1c-ffbb-4fe0-8020-0d3466c3691d,browser_video_ended,1790003925.7400925,2855.348,713838,6,6,,2,G08,A,focused,browser_video_ended,,,0.0,0.0,,,,,,,"{""client_event_id"":""b826db1c-ffbb-4fe0-8020-0d3466c3691d"",""recorder_run_id"":""4f31ef37-4b28-414b-891c-fd15b33e84f7"",""client_id"":""cabcb684-47f5-4be9-90ff-5df78d11e560"",""client_timestamp"":1790003925.7559,""client_monotonic_ms"":2875963,""event_timestamp"":1790003925.7400925,""clock_offset_sec"":-0.015807390213012695,""clock_round_trip_ms"":7.200002670288086,""subject_id"":""sub-008"",""session_id"":""ses-001"",""block_id"":""Block 6"",""counterbalance_group"":""G08"",""block_order"":""Block 6"",""condition"":""A"",""condition_type"":""focused"",""topic_key"":""V3"",""topic_name"":""道德经主要讲的是什么"",""event_type"":""video_ended"",""iso_time"":""2026-09-21T15:18:45.756Z"",""relative_ms"":347715,""video_time_sec"":326.241}",4f31ef37-4b28-414b-891c-fd15b33e84f7,sub-008,ses-001,b826db1c-ffbb-4fe0-8020-0d3466c3691d,cabcb684-47f5-4be9-90ff-5df78d11e560,1790003925.7643929,1790003925.7559,2875963,cabcb684-47f5-4be9-90ff-5df78d11e560,browser_calibrated,-0.015807390213012695,7.200002670288086,713837,713837,0,-7.699728012084961,host_receive_nearest,verified,1,1,,,,,,,,,1,,,,,,,,,,,,,,,,,,,,V3,A,326.241,1790003925.7559,1790003925.7643929,713837,,,,,,,,,,
5c5d1e84-cc11-4850-afb3-975e2d9867bb,browser_block_end,1790003925.7629926,2855.352,713868,6,6,,2,G08,A,focused,browser_block_end,视频自然播放结束,,0.0,0.0,,,,,,,"{""client_event_id"":""5c5d1e84-cc11-4850-afb3-975e2d9867bb"",""recorder_run_id"":""4f31ef37-4b28-414b-891c-fd15b33e84f7"",""client_id"":""cabcb684-47f5-4be9-90ff-5df78d11e560"",""client_timestamp"":1790003925.7788,""client_monotonic_ms"":2875985.900000006,""event_timestamp"":1790003925.7629926,""clock_offset_sec"":-0.015807390213012695,""clock_round_trip_ms"":7.200002670288086,""subject_id"":""sub-008"",""session_id"":""ses-001"",""block_id"":""Block 6"",""counterbalance_group"":""G08"",""block_order"":""Block 6"",""condition"":""A"",""condition_type"":""focused"",""topic_key"":""V3"",""topic_name"":""道德经主要讲的是什么"",""event_type"":""block_end"",""iso_time"":""2026-09-21T15:18:45.778Z"",""relative_ms"":347738,""video_time_sec"":326.241,""reason"":""视频自然播放结束""}",4f31ef37-4b28-414b-891c-fd15b33e84f7,sub-008,ses-001,5c5d1e84-cc11-4850-afb3-975e2d9867bb,cabcb684-47f5-4be9-90ff-5df78d11e560,1790003925.8733928,1790003925.7788,2875985.900000006,cabcb684-47f5-4be9-90ff-5df78d11e560,browser_calibrated,-0.015807390213012695,7.200002670288086,713838,713838,0,16.40033721923828,host_receive_nearest,verified,1,1,,,,,,,,,1,,,,,,,,,,,,,,,,,,,,V3,A,326.241,1790003925.7788,1790003925.8733928,713838,,,,,,,,,,
6106a9f2-8ca0-43d6-9f5e-6e35b8264f98,rating_start,1790003925.7849927,2855.388,713878,6,6,,2,G08,A,focused,rating_start,,,0.0,0.0,,,,,,,"{""client_event_id"":""6106a9f2-8ca0-43d6-9f5e-6e35b8264f98"",""recorder_run_id"":""4f31ef37-4b28-414b-891c-fd15b33e84f7"",""client_id"":""cabcb684-47f5-4be9-90ff-5df78d11e560"",""client_timestamp"":1790003925.8008,""client_monotonic_ms"":2876007.799999982,""event_timestamp"":1790003925.7849927,""clock_offset_sec"":-0.015807390213012695,""clock_round_trip_ms"":7.200002670288086,""subject_id"":""sub-008"",""session_id"":""ses-001"",""block_id"":""Block 6"",""counterbalance_group"":""G08"",""block_order"":""Block 6"",""condition"":""A"",""condition_type"":""focused"",""topic_key"":""V3"",""topic_name"":""道德经主要讲的是什么"",""event_type"":""rating_start"",""iso_time"":""2026-09-21T15:18:45.800Z"",""relative_ms"":347760,""video_time_sec"":326.241}",4f31ef37-4b28-414b-891c-fd15b33e84f7,sub-008,ses-001,6106a9f2-8ca0-43d6-9f5e-6e35b8264f98,cabcb684-47f5-4be9-90ff-5df78d11e560,1790003925.904393,1790003925.8008,2876007.799999982,cabcb684-47f5-4be9-90ff-5df78d11e560,browser_calibrated,-0.015807390213012695,7.200002670288086,713847,713847,0,-5.599737167358398,host_receive_nearest,verified,1,1,,,,,,,,,1,,,,,,,,,,,,,,,,,,,,V3,A,326.241,1790003925.8008,1790003925.904393,713847,,,,,,,,,,
36f987f7-ceba-4833-b179-5c0074766501,rating_item_response,1790003928.8429925,2858.468,714628,6,6,,2,G08,A,focused,rating_item_response,3,,0.0,0.0,,,,,,,"{""client_event_id"":""36f987f7-ceba-4833-b179-5c0074766501"",""recorder_run_id"":""4f31ef37-4b28-414b-891c-fd15b33e84f7"",""client_id"":""cabcb684-47f5-4be9-90ff-5df78d11e560"",""client_timestamp"":1790003928.8588,""client_monotonic_ms"":2879065.799999982,""event_timestamp"":1790003928.8429925,""clock_offset_sec"":-0.015807390213012695,""clock_round_trip_ms"":7.200002670288086,""subject_id"":""sub-008"",""session_id"":""ses-001"",""block_id"":""Block 6"",""counterbalance_group"":""G08"",""block_order"":""Block 6"",""condition"":""A"",""condition_type"":""focused"",""topic_key"":""V3"",""topic_name"":""道德经主要讲的是什么"",""event_type"":""rating_item_response"",""iso_time"":""2026-09-21T15:18:48.858Z"",""relative_ms"":350818,""video_time_sec"":326.241,""rating_item"":""course_attention_rating"",""rating_value"":""3"",""response_time_ms"":3058}",4f31ef37-4b28-414b-891c-fd15b33e84f7,sub-008,ses-001,36f987f7-ceba-4833-b179-5c0074766501,cabcb684-47f5-4be9-90ff-5df78d11e560,1790003928.8893929,1790003928.8588,2879065.799999982,cabcb684-47f5-4be9-90ff-5df78d11e560,browser_calibrated,-0.015807390213012695,7.200002670288086,714617,714617,0,-0.5996227264404297,host_receive_nearest,verified,1,1,,,,,,,,,1,,,,,,,,,,,,,course_attention_rating,3,,,,,,V3,A,326.241,1790003928.8588,1790003928.8893929,714617,,,,,,,3058,,,
12c9bd3c-42ba-4c86-ac07-f0aab7d062ad,rating_item_response,1790003931.5179927,2861.112,715293,6,6,,2,G08,A,focused,rating_item_response,6,,0.0,0.0,,,,,,,"{""client_event_id"":""12c9bd3c-42ba-4c86-ac07-f0aab7d062ad"",""recorder_run_id"":""4f31ef37-4b28-414b-891c-fd15b33e84f7"",""client_id"":""cabcb684-47f5-4be9-90ff-5df78d11e560"",""client_timestamp"":1790003931.5338001,""client_monotonic_ms"":2881740.900000006,""event_timestamp"":1790003931.5179927,""clock_offset_sec"":-0.015807390213012695,""clock_round_trip_ms"":7.200002670288086,""subject_id"":""sub-008"",""session_id"":""ses-001"",""block_id"":""Block 6"",""counterbalance_group"":""G08"",""block_order"":""Block 6"",""condition"":""A"",""condition_type"":""focused"",""topic_key"":""V3"",""topic_name"":""道德经主要讲的是什么"",""event_type"":""rating_item_response"",""iso_time"":""2026-09-21T15:18:51.533Z"",""relative_ms"":353493,""video_time_sec"":326.241,""rating_item"":""mental_effort"",""rating_value"":""6"",""response_time_ms"":5733}",4f31ef37-4b28-414b-891c-fd15b33e84f7,sub-008,ses-001,12c9bd3c-42ba-4c86-ac07-f0aab7d062ad,cabcb684-47f5-4be9-90ff-5df78d11e560,1790003931.5603929,1790003931.5338001,2881740.900000006,cabcb684-47f5-4be9-90ff-5df78d11e560,browser_calibrated,-0.015807390213012695,7.200002670288086,715278,715278,0,11.400222778320312,host_receive_nearest,verified,1,1,,,,,,,,,1,,,,,,,,,,,,,mental_effort,6,,,,,,V3,A,326.241,1790003931.5338001,1790003931.5603929,715278,,,,,,,5733,,,
e8e93e93-c358-4112-a586-fa5817325ee9,rating_item_response,1790003933.8016927,2863.428,715863,6,6,,2,G08,A,focused,rating_item_response,4,,0.0,0.0,,,,,,,"{""client_event_id"":""e8e93e93-c358-4112-a586-fa5817325ee9"",""recorder_run_id"":""4f31ef37-4b28-414b-891c-fd15b33e84f7"",""client_id"":""cabcb684-47f5-4be9-90ff-5df78d11e560"",""client_timestamp"":1790003933.8175,""client_monotonic_ms"":2884024.599999994,""event_timestamp"":1790003933.8016927,""clock_offset_sec"":-0.015807390213012695,""clock_round_trip_ms"":7.200002670288086,""subject_id"":""sub-008"",""session_id"":""ses-001"",""block_id"":""Block 6"",""counterbalance_group"":""G08"",""block_order"":""Block 6"",""condition"":""A"",""condition_type"":""focused"",""topic_key"":""V3"",""topic_name"":""道德经主要讲的是什么"",""event_type"":""rating_item_response"",""iso_time"":""2026-09-21T15:18:53.817Z"",""relative_ms"":355776,""video_time_sec"":326.241,""rating_item"":""video_interest"",""rating_value"":""4"",""response_time_ms"":8017}",4f31ef37-4b28-414b-891c-fd15b33e84f7,sub-008,ses-001,e8e93e93-c358-4112-a586-fa5817325ee9,cabcb684-47f5-4be9-90ff-5df78d11e560,1790003933.842393,1790003933.8175,2884024.599999994,cabcb684-47f5-4be9-90ff-5df78d11e560,browser_calibrated,-0.015807390213012695,7.200002670288086,715857,715857,0,-6.2999725341796875,host_receive_nearest,verified,1,1,,,,,,,,,1,,,,,,,,,,,,,video_interest,4,,,,,,V3,A,326.241,1790003933.8175,1790003933.842393,715857,,,,,,,8017,,,
cdeba537-9216-4879-8aff-b3e919480f45,rating_item_response,1790003937.8132927,2867.412,716863,6,6,,2,G08,A,focused,rating_item_response,3,,0.0,0.0,,,,,,,"{""client_event_id"":""cdeba537-9216-4879-8aff-b3e919480f45"",""recorder_run_id"":""4f31ef37-4b28-414b-891c-fd15b33e84f7"",""client_id"":""cabcb684-47f5-4be9-90ff-5df78d11e560"",""client_timestamp"":1790003937.8291001,""client_monotonic_ms"":2888036.099999994,""event_timestamp"":1790003937.8132927,""clock_offset_sec"":-0.015807390213012695,""clock_round_trip_ms"":7.200002670288086,""subject_id"":""sub-008"",""session_id"":""ses-001"",""block_id"":""Block 6"",""counterbalance_group"":""G08"",""block_order"":""Block 6"",""condition"":""A"",""condition_type"":""focused"",""topic_key"":""V3"",""topic_name"":""道德经主要讲的是什么"",""event_type"":""rating_item_response"",""iso_time"":""2026-09-21T15:18:57.829Z"",""relative_ms"":359788,""video_time_sec"":326.241,""rating_item"":""video_difficulty"",""rating_value"":""3"",""response_time_ms"":12028}",4f31ef37-4b28-414b-891c-fd15b33e84f7,sub-008,ses-001,cdeba537-9216-4879-8aff-b3e919480f45,cabcb684-47f5-4be9-90ff-5df78d11e560,1790003937.842393,1790003937.8291001,2888036.099999994,cabcb684-47f5-4be9-90ff-5df78d11e560,browser_calibrated,-0.015807390213012695,7.200002670288086,716853,716853,0,-2.8998851776123047,host_receive_nearest,verified,1,1,,,,,,,,,1,,,,,,,,,,,,,video_difficulty,3,,,,,,V3,A,326.241,1790003937.8291001,1790003937.842393,716853,,,,,,,12028,,,
672106c6-1344-4c2b-a039-d99cb3094b12,rating_item_response,1790003940.1969926,2869.808,717463,6,6,,2,G08,A,focused,rating_item_response,1,,0.0,0.0,,,,,,,"{""client_event_id"":""672106c6-1344-4c2b-a039-d99cb3094b12"",""recorder_run_id"":""4f31ef37-4b28-414b-891c-fd15b33e84f7"",""client_id"":""cabcb684-47f5-4be9-90ff-5df78d11e560"",""client_timestamp"":1790003940.2128,""client_monotonic_ms"":2890419.799999982,""event_timestamp"":1790003940.1969926,""clock_offset_sec"":-0.015807390213012695,""clock_round_trip_ms"":7.200002670288086,""subject_id"":""sub-008"",""session_id"":""ses-001"",""block_id"":""Block 6"",""counterbalance_group"":""G08"",""block_order"":""Block 6"",""condition"":""A"",""condition_type"":""focused"",""topic_key"":""V3"",""topic_name"":""道德经主要讲的是什么"",""event_type"":""rating_item_response"",""iso_time"":""2026-09-21T15:19:00.212Z"",""relative_ms"":362172,""video_time_sec"":326.241,""rating_item"":""video_interest"",""rating_value"":""1"",""response_time_ms"":14412}",4f31ef37-4b28-414b-891c-fd15b33e84f7,sub-008,ses-001,672106c6-1344-4c2b-a039-d99cb3094b12,cabcb684-47f5-4be9-90ff-5df78d11e560,1790003940.2323928,1790003940.2128,2890419.799999982,cabcb684-47f5-4be9-90ff-5df78d11e560,browser_calibrated,-0.015807390213012695,7.200002670288086,717452,717452,0,-11.59977912902832,host_receive_nearest,verified,1,1,,,,,,,,,1,,,,,,,,,,,,,video_interest,1,,,,,,V3,A,326.241,1790003940.2128,1790003940.2323928,717452,,,,,,,14412,,,
48aea616-e76f-42a2-ac75-3cf5d89c6c00,rating_end,1790003944.9359431,2874.568,718643,6,6,,2,G08,A,focused,rating_end,,19.143,0.0,0.0,,,,,,,"{""client_event_id"":""48aea616-e76f-42a2-ac75-3cf5d89c6c00"",""recorder_run_id"":""4f31ef37-4b28-414b-891c-fd15b33e84f7"",""client_id"":""cabcb684-47f5-4be9-90ff-5df78d11e560"",""client_timestamp"":1790003944.9442,""client_monotonic_ms"":2895151.199999988,""event_timestamp"":1790003944.9359431,""clock_offset_sec"":-0.008256912231445312,""clock_round_trip_ms"":7.499933242797852,""subject_id"":""sub-008"",""session_id"":""ses-001"",""block_id"":""Block 6"",""counterbalance_group"":""G08"",""block_order"":""Block 6"",""condition"":""A"",""condition_type"":""focused"",""topic_key"":""V3"",""topic_name"":""道德经主要讲的是什么"",""event_type"":""rating_end"",""iso_time"":""2026-09-21T15:19:04.944Z"",""relative_ms"":366903,""video_time_sec"":326.241,""video_id"":""V3"",""course_attention_rating"":3,""mental_effort"":6,""video_interest"":1,""video_difficulty"":3,""subtraction_compliance"":"""",""subtraction_difficulty"":"""",""reported_final_number"":"""",""duration_sec"":19.143,""submitted_iso"":""2026-09-21T15:19:04.944Z"",""submitted_relative_ms"":366903}",4f31ef37-4b28-414b-891c-fd15b33e84f7,sub-008,ses-001,48aea616-e76f-42a2-ac75-3cf5d89c6c00,cabcb684-47f5-4be9-90ff-5df78d11e560,1790003944.9353929,1790003944.9442,2895151.199999988,cabcb684-47f5-4be9-90ff-5df78d11e560,browser_calibrated,-0.008256912231445312,7.499933242797852,718642,718642,0,-0.5502700805664062,host_receive_nearest,verified,1,1,,,,,,,,,1,,,,3,6,1,3,,,,,,,,,,,,,V3,A,326.241,1790003944.9442,1790003944.9353929,718642,,,,,,,,,,
52269b57-638f-4eb0-aa19-f3cd95f92cfc,quiz_start,1790003944.950843,2874.568,718663,6,6,,2,G08,A,focused,quiz_start,,,0.0,0.0,,,,,,,"{""client_event_id"":""52269b57-638f-4eb0-aa19-f3cd95f92cfc"",""recorder_run_id"":""4f31ef37-4b28-414b-891c-fd15b33e84f7"",""client_id"":""cabcb684-47f5-4be9-90ff-5df78d11e560"",""client_timestamp"":1790003944.9591,""client_monotonic_ms"":2895166.199999988,""event_timestamp"":1790003944.950843,""clock_offset_sec"":-0.008256912231445312,""clock_round_trip_ms"":7.499933242797852,""subject_id"":""sub-008"",""session_id"":""ses-001"",""block_id"":""Block 6"",""counterbalance_group"":""G08"",""block_order"":""Block 6"",""condition"":""A"",""condition_type"":""focused"",""topic_key"":""V3"",""topic_name"":""道德经主要讲的是什么"",""event_type"":""quiz_start"",""iso_time"":""2026-09-21T15:19:04.959Z"",""relative_ms"":366918,""video_time_sec"":326.241}",4f31ef37-4b28-414b-891c-fd15b33e84f7,sub-008,ses-001,52269b57-638f-4eb0-aa19-f3cd95f92cfc,cabcb684-47f5-4be9-90ff-5df78d11e560,1790003945.029393,1790003944.9591,2895166.199999988,cabcb684-47f5-4be9-90ff-5df78d11e560,browser_calibrated,-0.008256912231445312,7.499933242797852,718642,718642,0,-15.450239181518555,host_receive_nearest,verified,1,1,,,,,,,,,1,,,,,,,,,,,,,,,,,,,,V3,A,326.241,1790003944.9591,1790003945.029393,718642,,,,,,,,,,
18ed8321-dc94-446d-9a4f-cee3b35fb896,quiz_item_response,1790003958.6853929,2888.288,722073,6,6,,2,G08,A,focused,quiz_item_response,《道德经》的作者是？,,0.0,0.0,,V3Q1,C,C,True,2848,"{""client_event_id"":""18ed8321-dc94-446d-9a4f-cee3b35fb896"",""recorder_run_id"":""4f31ef37-4b28-414b-891c-fd15b33e84f7"",""client_id"":""cabcb684-47f5-4be9-90ff-5df78d11e560"",""client_timestamp"":1790003958.6956,""client_monotonic_ms"":2908902.699999988,""event_timestamp"":1790003958.6853929,""clock_offset_sec"":-0.010207176208496094,""clock_round_trip_ms"":6.800174713134766,""subject_id"":""sub-008"",""session_id"":""ses-001"",""block_id"":""Block 6"",""counterbalance_group"":""G08"",""block_order"":""Block 6"",""condition"":""A"",""condition_type"":""focused"",""topic_key"":""V3"",""topic_name"":""道德经主要讲的是什么"",""event_type"":""quiz_item_response"",""iso_time"":""2026-09-21T15:19:18.695Z"",""relative_ms"":380655,""video_time_sec"":326.241,""video_id"":""V3"",""question_id"":""V3Q1"",""question_text"":""《道德经》的作者是？"",""response_index"":2,""response_letter"":""C"",""response_text"":""老子"",""correct_index"":2,""correct_letter"":""C"",""correct_text"":""老子"",""is_correct"":true,""reaction_time_ms"":2848,""submitted_iso"":""2026-09-21T15:19:18.695Z"",""submitted_relative_ms"":380654}",4f31ef37-4b28-414b-891c-fd15b33e84f7,sub-008,ses-001,18ed8321-dc94-446d-9a4f-cee3b35fb896,cabcb684-47f5-4be9-90ff-5df78d11e560,1790003958.701393,1790003958.6956,2908902.699999988,cabcb684-47f5-4be9-90ff-5df78d11e560,browser_calibrated,-0.010207176208496094,6.800174713134766,722072,722072,0,-15.000104904174805,host_receive_nearest,verified,1,1,,,,,,,,,1,,,,,,,,,,,,,,,,,《道德经》的作者是？,2,老子,V3,A,326.241,1790003958.6956,1790003958.701393,722072,,,,,,,,,,
d75f7637-7506-430e-9787-ce33da60cfce,quiz_item_response,1790003958.6994927,2888.288,722113,6,6,,2,G08,A,focused,quiz_item_response,《道德经》的核心思想是？,,0.0,0.0,,V3Q2,C,C,True,6441,"{""client_event_id"":""d75f7637-7506-430e-9787-ce33da60cfce"",""recorder_run_id"":""4f31ef37-4b28-414b-891c-fd15b33e84f7"",""client_id"":""cabcb684-47f5-4be9-90ff-5df78d11e560"",""client_timestamp"":1790003958.7096999,""client_monotonic_ms"":2908916.699999988,""event_timestamp"":1790003958.6994927,""clock_offset_sec"":-0.010207176208496094,""clock_round_trip_ms"":6.800174713134766,""subject_id"":""sub-008"",""session_id"":""ses-001"",""block_id"":""Block 6"",""counterbalance_group"":""G08"",""block_order"":""Block 6"",""condition"":""A"",""condition_type"":""focused"",""topic_key"":""V3"",""topic_name"":""道德经主要讲的是什么"",""event_type"":""quiz_item_response"",""iso_time"":""2026-09-21T15:19:18.709Z"",""relative_ms"":380669,""video_time_sec"":326.241,""video_id"":""V3"",""question_id"":""V3Q2"",""question_text"":""《道德经》的核心思想是？"",""response_index"":2,""response_letter"":""C"",""response_text"":""道法自然"",""correct_index"":2,""correct_letter"":""C"",""correct_text"":""道法自然"",""is_correct"":true,""reaction_time_ms"":6441,""submitted_iso"":""2026-09-21T15:19:18.709Z"",""submitted_relative_ms"":380669}",4f31ef37-4b28-414b-891c-fd15b33e84f7,sub-008,ses-001,d75f7637-7506-430e-9787-ce33da60cfce,cabcb684-47f5-4be9-90ff-5df78d11e560,1790003958.826393,1790003958.7096999,2908916.699999988,cabcb684-47f5-4be9-90ff-5df78d11e560,browser_calibrated,-0.010207176208496094,6.800174713134766,722072,722072,0,-29.09994125366211,host_receive_nearest,verified,1,1,,,,,,,,,1,,,,,,,,,,,,,,,,,《道德经》的核心思想是？,2,道法自然,V3,A,326.241,1790003958.7096999,1790003958.826393,722072,,,,,,,,,,
66a5f333-778f-413a-8150-a04b3fe82391,quiz_item_response,1790003958.713393,2888.292,722128,6,6,,2,G08,A,focused,quiz_item_response,“无为而治”是哪个学派的政治主张？,,0.0,0.0,,V3Q3,B,B,True,9078,"{""client_event_id"":""66a5f333-778f-413a-8150-a04b3fe82391"",""recorder_run_id"":""4f31ef37-4b28-414b-891c-fd15b33e84f7"",""client_id"":""cabcb684-47f5-4be9-90ff-5df78d11e560"",""client_timestamp"":1790003958.7236001,""client_monotonic_ms"":2908930.699999988,""event_timestamp"":1790003958.713393,""clock_offset_sec"":-0.010207176208496094,""clock_round_trip_ms"":6.800174713134766,""subject_id"":""sub-008"",""session_id"":""ses-001"",""block_id"":""Block 6"",""counterbalance_group"":""G08"",""block_order"":""Block 6"",""condition"":""A"",""condition_type"":""focused"",""topic_key"":""V3"",""topic_name"":""道德经主要讲的是什么"",""event_type"":""quiz_item_response"",""iso_time"":""2026-09-21T15:19:18.723Z"",""relative_ms"":380683,""video_time_sec"":326.241,""video_id"":""V3"",""question_id"":""V3Q3"",""question_text"":""“无为而治”是哪个学派的政治主张？"",""response_index"":1,""response_letter"":""B"",""response_text"":""道家"",""correct_index"":1,""correct_letter"":""B"",""correct_text"":""道家"",""is_correct"":true,""reaction_time_ms"":9078,""submitted_iso"":""2026-09-21T15:19:18.723Z"",""submitted_relative_ms"":380682}",4f31ef37-4b28-414b-891c-fd15b33e84f7,sub-008,ses-001,66a5f333-778f-413a-8150-a04b3fe82391,cabcb684-47f5-4be9-90ff-5df78d11e560,1790003958.904393,1790003958.7236001,2908930.699999988,cabcb684-47f5-4be9-90ff-5df78d11e560,browser_calibrated,-0.010207176208496094,6.800174713134766,722073,722073,0,18.999814987182617,host_receive_nearest,verified,1,1,,,,,,,,,1,,,,,,,,,,,,,,,,,“无为而治”是哪个学派的政治主张？,1,道家,V3,A,326.241,1790003958.7236001,1790003958.904393,722073,,,,,,,,,,
3843a0fb-56fa-498e-bb13-bb29481d0080,quiz_item_response,1790003958.726893,2888.292,722133,6,6,,2,G08,A,focused,quiz_item_response,老子认为，世间万物运行的根本规律是什么？,,0.0,0.0,,V3Q4,C,C,True,11246,"{""client_event_id"":""3843a0fb-56fa-498e-bb13-bb29481d0080"",""recorder_run_id"":""4f31ef37-4b28-414b-891c-fd15b33e84f7"",""client_id"":""cabcb684-47f5-4be9-90ff-5df78d11e560"",""client_timestamp"":1790003958.7371001,""client_monotonic_ms"":2908944.199999988,""event_timestamp"":1790003958.726893,""clock_offset_sec"":-0.010207176208496094,""clock_round_trip_ms"":6.800174713134766,""subject_id"":""sub-008"",""session_id"":""ses-001"",""block_id"":""Block 6"",""counterbalance_group"":""G08"",""block_order"":""Block 6"",""condition"":""A"",""condition_type"":""focused"",""topic_key"":""V3"",""topic_name"":""道德经主要讲的是什么"",""event_type"":""quiz_item_response"",""iso_time"":""2026-09-21T15:19:18.737Z"",""relative_ms"":380696,""video_time_sec"":326.241,""video_id"":""V3"",""question_id"":""V3Q4"",""question_text"":""老子认为，世间万物运行的根本规律是什么？"",""response_index"":2,""response_letter"":""C"",""response_text"":""道"",""correct_index"":2,""correct_letter"":""C"",""correct_text"":""道"",""is_correct"":true,""reaction_time_ms"":11246,""submitted_iso"":""2026-09-21T15:19:18.737Z"",""submitted_relative_ms"":380696}",4f31ef37-4b28-414b-891c-fd15b33e84f7,sub-008,ses-001,3843a0fb-56fa-498e-bb13-bb29481d0080,cabcb684-47f5-4be9-90ff-5df78d11e560,1790003958.9353929,1790003958.7371001,2908944.199999988,cabcb684-47f5-4be9-90ff-5df78d11e560,browser_calibrated,-0.010207176208496094,6.800174713134766,722073,722073,0,5.499839782714844,host_receive_nearest,verified,1,1,,,,,,,,,1,,,,,,,,,,,,,,,,,老子认为，世间万物运行的根本规律是什么？,2,道,V3,A,326.241,1790003958.7371001,1790003958.9353929,722073,,,,,,,,,,
cb5e63e9-3ad4-4ef9-9b43-06a498a0ca42,quiz_end,1790003958.7427928,2888.352,722148,6,6,,2,G08,A,focused,quiz_end,4/4,13.794,0.0,0.0,,,,,,,"{""client_event_id"":""cb5e63e9-3ad4-4ef9-9b43-06a498a0ca42"",""recorder_run_id"":""4f31ef37-4b28-414b-891c-fd15b33e84f7"",""client_id"":""cabcb684-47f5-4be9-90ff-5df78d11e560"",""client_timestamp"":1790003958.753,""client_monotonic_ms"":2908960.199999988,""event_timestamp"":1790003958.7427928,""clock_offset_sec"":-0.010207176208496094,""clock_round_trip_ms"":6.800174713134766,""subject_id"":""sub-008"",""session_id"":""ses-001"",""block_id"":""Block 6"",""counterbalance_group"":""G08"",""block_order"":""Block 6"",""condition"":""A"",""condition_type"":""focused"",""topic_key"":""V3"",""topic_name"":""道德经主要讲的是什么"",""event_type"":""quiz_end"",""iso_time"":""2026-09-21T15:19:18.753Z"",""relative_ms"":380712,""video_time_sec"":326.241,""score"":4,""total"":4,""duration_sec"":13.794}",4f31ef37-4b28-414b-891c-fd15b33e84f7,sub-008,ses-001,cb5e63e9-3ad4-4ef9-9b43-06a498a0ca42,cabcb684-47f5-4be9-90ff-5df78d11e560,1790003958.967393,1790003958.753,2908960.199999988,cabcb684-47f5-4be9-90ff-5df78d11e560,browser_calibrated,-0.010207176208496094,6.800174713134766,722088,722088,0,5.5999755859375,host_receive_nearest,verified,1,1,,,,,,,,,1,,,,,,,,,,,,,,,4,4,,,,V3,A,326.241,1790003958.753,1790003958.967393,722088,,,,,,,,,,
cb5e63e9-3ad4-4ef9-9b43-06a498a0ca42,block_end,1790003958.7427928,2888.352,722148,6,6,,2,G08,A,focused,block_end,V3,,0.0,0.0,,,,,,,,4f31ef37-4b28-414b-891c-fd15b33e84f7,sub-008,ses-001,cb5e63e9-3ad4-4ef9-9b43-06a498a0ca42,cabcb684-47f5-4be9-90ff-5df78d11e560,1790003958.967393,1790003958.753,2908960.199999988,cabcb684-47f5-4be9-90ff-5df78d11e560,browser_calibrated,-0.010207176208496094,6.800174713134766,722088,722088,0,5.5999755859375,host_receive_nearest,verified,1,1,,,,,,,,,1,,,,,,,,,,,,,,,,,,,,V3,A,326.241,1790003958.753,1790003958.967393,722088,,,,,,,,,,
e763548b-706f-483b-8348-04bef5b97b92,session_integrity_precheck,1790003958.7709928,2888.368,722158,6,6,,2,G08,A,focused,session_integrity_precheck,FAIL,,0.0,0.0,,,,,,,"{""client_event_id"":""e763548b-706f-483b-8348-04bef5b97b92"",""recorder_run_id"":""4f31ef37-4b28-414b-891c-fd15b33e84f7"",""client_id"":""cabcb684-47f5-4be9-90ff-5df78d11e560"",""client_timestamp"":1790003958.7812,""client_monotonic_ms"":2908988.299999982,""event_timestamp"":1790003958.7709928,""clock_offset_sec"":-0.010207176208496094,""clock_round_trip_ms"":6.800174713134766,""subject_id"":""sub-008"",""session_id"":""ses-001"",""block_id"":""Block 6"",""counterbalance_group"":""G08"",""block_order"":""Block 6"",""condition"":""A"",""condition_type"":""focused"",""topic_key"":""V3"",""topic_name"":""道德经主要讲的是什么"",""event_type"":""session_integrity_precheck"",""iso_time"":""2026-09-21T15:19:18.781Z"",""relative_ms"":380740,""video_time_sec"":326.241,""event_value"":""FAIL"",""notes"":""probe 72/24;问卷 18/6;课堂题 72/24""}",4f31ef37-4b28-414b-891c-fd15b33e84f7,sub-008,ses-001,e763548b-706f-483b-8348-04bef5b97b92,cabcb684-47f5-4be9-90ff-5df78d11e560,1790003959.0143929,1790003958.7812,2908988.299999982,cabcb684-47f5-4be9-90ff-5df78d11e560,browser_calibrated,-0.010207176208496094,6.800174713134766,722092,722092,0,-22.59993553161621,host_receive_nearest,verified,0,0,,,,,,,,,1,,,,,,,,,,,,,,,,,,,,V3,A,326.241,1790003958.7812,1790003959.0143929,722092,,,,,,,,,,
d3bfd367-273f-4735-aff2-149516c00b2f,browser_shutdown_ready,1790003979.8397927,2909.448,727363,6,6,,2,G08,A,focused,browser_shutdown_ready,326.241,,0.0,0.0,,,,,,,"{""client_event_id"":""d3bfd367-273f-4735-aff2-149516c00b2f"",""recorder_run_id"":""4f31ef37-4b28-414b-891c-fd15b33e84f7"",""client_id"":""cabcb684-47f5-4be9-90ff-5df78d11e560"",""client_timestamp"":1790003979.85,""client_monotonic_ms"":2930057,""event_timestamp"":1790003979.8397927,""clock_offset_sec"":-0.010207176208496094,""clock_round_trip_ms"":6.800174713134766,""subject_id"":""sub-008"",""session_id"":""ses-001"",""block_id"":""Block 6"",""counterbalance_group"":""G08"",""block_order"":""Block 6"",""condition"":""A"",""condition_type"":""focused"",""topic_key"":""V3"",""topic_name"":""道德经主要讲的是什么"",""event_type"":""browser_shutdown_ready"",""iso_time"":""2026-09-21T15:19:39.850Z"",""relative_ms"":401809,""video_time_sec"":326.241,""shutdown_request_id"":""cc447ed7-4448-45c5-9368-1a4042c9c94c""}",4f31ef37-4b28-414b-891c-fd15b33e84f7,sub-008,ses-001,d3bfd367-273f-4735-aff2-149516c00b2f,cabcb684-47f5-4be9-90ff-5df78d11e560,1790003979.842393,1790003979.85,2930057,cabcb684-47f5-4be9-90ff-5df78d11e560,browser_calibrated,-0.010207176208496094,6.800174713134766,727362,727362,0,-13.399839401245117,host_receive_nearest,verified,0,0,,,,,,,,,1,,,,,,,,,,,,,,,,,,,,V3,A,326.241,1790003979.85,1790003979.842393,727362,,,,,,,,,,
e1d25619-f8cc-4d30-8617-484d93221d1d,session_end,1790003979.967393,2909.588,727398,,,,,G08,,,session_end,,,0.0,0.0,,,,,,,,4f31ef37-4b28-414b-891c-fd15b33e84f7,sub-008,ses-001,,,1790003979.967393,,,recorder,server,,,727397,727397,0,0.0,host_receive_nearest,,,,,,,,,,,,0,,,,,,,,,,,,,,,,,,,,,,,,1790003979.967393,727397,,,,,,,,,,
